stratum,market_id,target_date,snapshot_id,local_time,minute_of_day,high_so_far,prev_running_max,drop_degrees,wu_history_rows,wu_history_max_c,wu_current_max_since_7am_c,current_temp,rows_changed,rows_dropped,latest_datetime_changed,cutoff_hour_changed,previous_cutoff_hour,cutoff_hour,cutoff_delta,capture_minute,previous_capture_minute,rows_lost_within_window,source_kind,mechanism,settled_high
B,atlanta,2026-06-07,20260607T003139-0400,00:31:39.134150,31,74,75,1,0,,86,74,0,0,false,false,9,9,0,31,21,0,wu,M2_empty_history,84
B,atlanta,2026-06-08,20260608T002126-0400,00:21:26.295851,21,71,72,1,0,,83,71,0,0,false,false,9,9,0,21,11,0,wu,M2_empty_history,81
B,atlanta,2026-06-12,20260612T003214-0400,00:32:13.749665,32,80,81,1,0,,93,80,0,0,false,false,7,7,0,32,21,0,wu,M2_empty_history,91
B,atlanta,2026-06-13,20260613T001439-0400,00:14:39.090032,14,80,81,1,0,,92,80,0,0,false,false,7,7,0,14,4,0,wu,M2_empty_history,93
B,atlanta,2026-06-13,20260613T113204-0400,11:32:03.518392,692,81,84,3,10,84,88,81,0,1,true,true,10,9,-1,692,681,1,wu,M5_cutoff_change,93
B,atlanta,2026-06-14,20260614T124102-0400,12:41:02.480497,761,81,85,4,12,85,88,81,0,1,true,true,11,10,-1,761,760,1,wu,M5_cutoff_change,90
B,atlanta,2026-06-17,20260617T003036-0400,00:30:36.625130,30,70,71,1,0,,71,70,0,0,false,false,7,7,0,30,24,0,wu,M2_empty_history,85
B,atlanta,2026-06-17,20260617T004428-0400,00:44:28.204219,44,70,71,1,0,,71,70,0,0,false,false,7,7,0,44,32,0,wu,M2_empty_history,85
B,atlanta,2026-06-17,20260617T005328-0400,00:53:28.399344,53,70,71,1,0,,71,70,0,0,false,false,7,7,0,53,52,0,wu,M2_empty_history,85
B,atlanta,2026-06-17,20260617T090233-0400,09:02:32.769557,542,72,73,1,11,72,72,72,0,2,true,true,9,8,-1,542,541,2,wu,M5_cutoff_change,85
B,atlanta,2026-06-17,20260617T110742-0400,11:07:42.087119,667,75,77,2,14,75,76,75,0,1,true,true,11,10,-1,667,665,1,wu,M5_cutoff_change,85
B,atlanta,2026-06-17,20260617T111535-0400,11:15:34.741282,675,75,77,2,14,75,76,75,0,1,true,true,11,10,-1,675,673,1,wu,M5_cutoff_change,85
B,atlanta,2026-06-17,20260617T142835-0400,14:28:34.576529,868,82,84,2,17,82,85,82,0,1,true,true,14,13,-1,868,867,1,wu,M5_cutoff_change,85
B,atlanta,2026-06-19,20260619T040329-0400,04:03:29.126549,243,72,73,1,3,72,86,72,0,1,true,false,7,7,0,243,242,1,wu,M3_rows_dropped,88
B,atlanta,2026-06-19,20260619T041141-0400,04:11:41.293138,251,72,73,1,3,72,87,72,0,1,true,false,7,7,0,251,250,1,wu,M3_rows_dropped,88
B,atlanta,2026-06-19,20260619T041829-0400,04:18:28.668675,258,72,73,1,3,72,87,72,0,1,true,false,7,7,0,258,257,1,wu,M3_rows_dropped,88
B,atlanta,2026-06-19,20260619T042629-0400,04:26:28.843027,266,72,73,1,3,72,86,72,0,1,true,false,7,7,0,266,265,1,wu,M3_rows_dropped,88
B,atlanta,2026-06-19,20260619T043029-0400,04:30:29.523668,270,72,73,1,3,72,86,72,0,1,true,false,7,7,0,270,268,1,wu,M3_rows_dropped,88
B,atlanta,2026-06-19,20260619T043329-0400,04:33:28.737946,273,72,73,1,3,72,86,72,0,1,true,false,7,7,0,273,272,1,wu,M3_rows_dropped,88
B,atlanta,2026-06-19,20260619T080609-0400,08:06:09.336740,486,73,74,1,8,73,73,73,0,1,true,true,8,7,-1,486,484,1,wu,M5_cutoff_change,88
B,atlanta,2026-06-19,20260619T081300-0400,08:12:59.619193,492,73,74,1,8,73,73,73,0,1,true,true,8,7,-1,492,492,1,wu,M5_cutoff_change,88
B,atlanta,2026-06-19,20260619T081912-0400,08:19:11.948399,499,73,74,1,8,73,73,73,0,1,true,true,8,7,-1,499,494,1,wu,M5_cutoff_change,88
B,atlanta,2026-06-19,20260619T090443-0400,09:04:42.968977,544,74,76,2,9,74,75,74,0,2,true,true,9,8,-1,544,543,2,wu,M5_cutoff_change,88
B,atlanta,2026-06-19,20260619T090943-0400,09:09:35.191028,549,74,76,2,9,74,75,74,0,2,true,true,9,8,-1,549,547,2,wu,M5_cutoff_change,88
B,atlanta,2026-06-19,20260619T100733-0400,10:07:32.840193,607,76,78,2,11,76,77,76,0,3,true,true,10,9,-1,607,604,3,wu,M5_cutoff_change,88
B,atlanta,2026-06-19,20260619T120747-0400,12:07:42.942387,727,79,81,2,16,80,81,79,0,1,true,true,12,11,-1,727,726,2,wu,M5_cutoff_change,88
B,atlanta,2026-06-19,20260619T120939-0400,12:09:38.501060,729,79,81,2,16,80,81,79,0,1,true,true,12,11,-1,729,728,2,wu,M5_cutoff_change,88
B,atlanta,2026-06-19,20260619T121258-0400,12:12:51.266418,732,79,81,2,16,80,81,79,0,1,true,true,12,11,-1,732,730,2,wu,M5_cutoff_change,88
B,atlanta,2026-06-19,20260619T121452-0400,12:14:51.860705,734,79,81,2,16,80,81,79,0,1,true,true,12,11,-1,734,733,2,wu,M5_cutoff_change,88
B,atlanta,2026-06-19,20260619T122049-0400,12:20:48.594709,740,79,81,2,16,80,81,79,0,1,true,true,12,11,-1,740,738,2,wu,M5_cutoff_change,88
B,atlanta,2026-06-19,20260619T122252-0400,12:22:51.387117,742,79,81,2,16,80,81,79,0,1,true,true,12,11,-1,742,741,2,wu,M5_cutoff_change,88
B,atlanta,2026-06-19,20260619T123045-0400,12:30:44.988061,750,79,81,2,16,80,81,79,0,1,true,true,12,11,-1,750,749,2,wu,M5_cutoff_change,88
B,atlanta,2026-06-19,20260619T123347-0400,12:33:47.567799,753,79,81,2,16,80,81,79,0,1,true,true,12,11,-1,753,753,2,wu,M5_cutoff_change,88
B,atlanta,2026-06-19,20260619T124038-0400,12:40:38.170547,760,79,81,2,16,80,81,79,0,1,true,true,12,11,-1,760,759,2,wu,M5_cutoff_change,88
B,atlanta,2026-06-19,20260619T124240-0400,12:42:39.642252,762,79,81,2,16,80,81,79,0,1,true,true,12,11,-1,762,761,2,wu,M5_cutoff_change,88
B,atlanta,2026-06-19,20260619T124436-0400,12:44:34.216996,764,79,81,2,16,80,81,79,0,1,true,true,12,11,-1,764,763,2,wu,M5_cutoff_change,88
B,atlanta,2026-06-19,20260619T130905-0400,13:09:04.556683,789,81,83,2,17,81,82,81,0,1,true,true,13,12,-1,789,788,1,wu,M5_cutoff_change,88
B,atlanta,2026-06-19,20260619T131105-0400,13:11:05.256474,791,81,83,2,17,81,82,81,0,1,true,true,13,12,-1,791,790,1,wu,M5_cutoff_change,88
B,atlanta,2026-06-19,20260619T131418-0400,13:14:17.966561,794,81,83,2,17,81,82,81,0,1,true,true,13,12,-1,794,793,1,wu,M5_cutoff_change,88
B,atlanta,2026-06-19,20260619T141345-0400,14:13:44.128924,853,83,85,2,18,83,84,83,0,1,true,true,14,13,-1,853,852,1,wu,M5_cutoff_change,88
B,atlanta,2026-06-19,20260619T141739-0400,14:17:38.817544,857,83,85,2,18,83,84,83,0,1,true,true,14,13,-1,857,856,1,wu,M5_cutoff_change,88
B,atlanta,2026-06-19,20260619T150343-0400,15:03:42.999439,903,85,87,2,19,85,86,85,0,1,true,true,15,14,-1,903,902,1,wu,M5_cutoff_change,88
B,atlanta,2026-06-19,20260619T152031-0400,15:20:31.164065,920,85,87,2,19,85,87,85,0,1,true,true,15,14,-1,920,919,1,wu,M5_cutoff_change,88
B,atlanta,2026-06-19,20260619T153521-0400,15:35:14.025551,935,85,87,2,19,85,87,85,0,1,true,true,15,14,-1,935,928,1,wu,M5_cutoff_change,88
B,atlanta,2026-06-19,20260619T161236-0400,16:12:36.224249,972,87,88,1,20,87,88,87,0,1,true,true,16,15,-1,972,971,1,wu,M5_cutoff_change,88
B,atlanta,2026-06-19,20260619T162854-0400,16:28:54.198450,988,87,88,1,20,87,88,87,0,1,true,true,16,15,-1,988,987,1,wu,M5_cutoff_change,88
B,atlanta,2026-06-20,20260620T002238-0400,00:22:38.426143,22,77,78,1,0,,88,77,0,0,false,false,7,7,0,22,5,0,wu,M2_empty_history,86
B,atlanta,2026-06-20,20260620T020138-0400,02:01:38.215464,121,77,78,1,1,77,88,77,0,1,true,false,7,7,0,121,120,1,wu,M3_rows_dropped,86
B,atlanta,2026-06-20,20260620T021340-0400,02:13:40.699720,133,77,78,1,1,77,88,77,0,1,true,false,7,7,0,133,132,1,wu,M3_rows_dropped,86
B,atlanta,2026-06-20,20260620T021538-0400,02:15:38.257140,135,77,78,1,1,77,88,77,0,1,true,false,7,7,0,135,134,1,wu,M3_rows_dropped,86
B,atlanta,2026-06-20,20260620T021939-0400,02:19:38.988993,139,77,78,1,1,77,88,77,0,1,true,false,7,7,0,139,138,1,wu,M3_rows_dropped,86
B,atlanta,2026-06-20,20260620T022438-0400,02:24:38.217096,144,77,78,1,1,77,88,77,0,1,true,false,7,7,0,144,143,1,wu,M3_rows_dropped,86
B,atlanta,2026-06-20,20260620T023038-0400,02:30:38.435810,150,77,78,1,1,77,88,77,0,1,true,false,7,7,0,150,149,1,wu,M3_rows_dropped,86
B,atlanta,2026-06-20,20260620T024440-0400,02:44:40.486617,164,77,78,1,1,77,88,77,0,1,true,false,7,7,0,164,163,1,wu,M3_rows_dropped,86
B,atlanta,2026-06-20,20260620T024739-0400,02:47:39.298482,167,77,78,1,1,77,88,77,0,1,true,false,7,7,0,167,166,1,wu,M3_rows_dropped,86
B,atlanta,2026-06-20,20260620T090139-0400,09:01:39.250162,541,78,79,1,8,78,78,76,0,1,true,true,9,8,-1,541,540,1,wu,M5_cutoff_change,86
B,atlanta,2026-06-20,20260620T090339-0400,09:03:39.610873,543,78,79,1,8,78,78,76,0,1,true,true,9,8,-1,543,542,1,wu,M5_cutoff_change,86
B,atlanta,2026-06-20,20260620T090539-0400,09:05:39.246931,545,78,79,1,8,78,78,76,0,1,true,true,9,8,-1,545,544,1,wu,M5_cutoff_change,86
B,atlanta,2026-06-20,20260620T130429-0400,13:04:28.539062,784,80,81,1,12,80,81,80,0,1,true,true,13,12,-1,784,783,1,wu,M5_cutoff_change,86
B,atlanta,2026-06-20,20260620T131423-0400,13:14:23.242854,794,80,81,1,12,80,81,80,0,1,true,true,13,12,-1,794,793,1,wu,M5_cutoff_change,86
B,atlanta,2026-06-20,20260620T131810-0400,13:18:10.213378,798,80,81,1,12,80,81,80,0,1,true,true,13,12,-1,798,797,1,wu,M5_cutoff_change,86
B,atlanta,2026-06-20,20260620T132014-0400,13:20:14.341760,800,80,81,1,12,80,81,80,0,1,true,true,13,12,-1,800,799,1,wu,M5_cutoff_change,86
B,atlanta,2026-06-20,20260620T142221-0400,14:22:21.427132,862,81,83,2,13,81,84,81,0,1,true,true,14,13,-1,862,860,1,wu,M5_cutoff_change,86
B,atlanta,2026-06-20,20260620T142920-0400,14:29:19.701440,869,81,83,2,13,81,84,81,0,1,true,true,14,13,-1,869,868,1,wu,M5_cutoff_change,86
B,atlanta,2026-06-20,20260620T143122-0400,14:31:21.884111,871,81,83,2,13,81,84,81,0,1,true,true,14,13,-1,871,870,1,wu,M5_cutoff_change,86
B,atlanta,2026-06-20,20260620T143517-0400,14:35:16.588736,875,81,83,2,13,81,84,81,0,1,true,true,14,13,-1,875,874,1,wu,M5_cutoff_change,86
B,atlanta,2026-06-20,20260620T161434-0400,16:14:34.227120,974,85,86,1,15,85,86,85,0,1,true,true,16,15,-1,974,973,1,wu,M5_cutoff_change,86
B,atlanta,2026-06-21,20260621T005603-0400,00:56:03.148670,56,73,74,1,1,73,86,73,0,0,true,false,7,7,0,56,55,0,wu,M6_unexplained,86
B,atlanta,2026-06-21,20260621T110321-0400,11:03:20.415352,663,73,75,2,18,75,76,73,0,1,true,true,11,10,-1,663,662,2,wu,M5_cutoff_change,86
B,atlanta,2026-06-21,20260621T110620-0400,11:06:19.113175,666,73,75,2,18,75,76,73,0,1,true,true,11,10,-1,666,665,2,wu,M5_cutoff_change,86
B,atlanta,2026-06-21,20260621T115244-0400,11:52:42.953588,712,73,75,2,18,75,77,73,0,1,true,true,11,10,-1,712,703,2,wu,M5_cutoff_change,86
B,atlanta,2026-06-21,20260621T131721-0400,13:17:21.057767,797,78,81,3,21,78,82,78,0,1,true,true,13,12,-1,797,796,1,wu,M5_cutoff_change,86
B,atlanta,2026-06-21,20260621T131921-0400,13:19:20.999235,799,78,81,3,21,78,82,78,0,1,true,true,13,12,-1,799,798,1,wu,M5_cutoff_change,86
B,atlanta,2026-06-21,20260621T132424-0400,13:24:23.532123,804,78,81,3,21,78,82,78,0,1,true,true,13,12,-1,804,803,1,wu,M5_cutoff_change,86
B,atlanta,2026-06-21,20260621T150324-0400,15:03:24.118013,903,82,84,2,24,82,84,82,0,1,true,true,15,14,-1,903,902,1,wu,M5_cutoff_change,86
B,atlanta,2026-06-21,20260621T151534-0400,15:15:33.810843,915,82,84,2,24,82,84,82,0,1,true,true,15,14,-1,915,913,1,wu,M5_cutoff_change,86
B,atlanta,2026-06-21,20260621T153034-0400,15:30:34.604151,930,82,84,2,24,82,85,82,0,1,true,true,15,14,-1,930,930,1,wu,M5_cutoff_change,86
B,atlanta,2026-06-21,20260621T160227-0400,16:02:26.346229,962,84,85,1,25,84,86,84,0,1,true,true,16,15,-1,962,961,1,wu,M5_cutoff_change,86
B,atlanta,2026-06-21,20260621T161530-0400,16:15:29.909869,975,84,85,1,25,84,86,84,0,1,true,true,16,15,-1,975,971,1,wu,M5_cutoff_change,86
B,atlanta,2026-06-21,20260621T161926-0400,16:19:26.168812,979,84,85,1,25,84,86,84,0,1,true,true,16,15,-1,979,978,1,wu,M5_cutoff_change,86
B,atlanta,2026-06-21,20260621T170132-0400,17:01:31.918716,1021,85,86,1,26,85,87,85,0,1,true,true,17,16,-1,1021,1020,1,wu,M5_cutoff_change,86
B,atlanta,2026-06-21,20260621T171327-0400,17:13:26.842488,1033,85,86,1,26,85,87,85,0,1,true,true,17,16,-1,1033,1032,1,wu,M5_cutoff_change,86
B,atlanta,2026-06-22,20260622T004527-0400,00:45:23.671954,45,76,77,1,0,,87,76,0,0,false,false,7,7,0,45,44,0,wu,M2_empty_history,89
B,atlanta,2026-06-22,20260622T005827-0400,00:58:27.057091,58,75,77,2,1,75,87,75,0,0,true,false,7,7,0,58,45,0,wu,M6_unexplained,89
B,atlanta,2026-06-22,20260622T020723-0400,02:07:23.081047,127,75,77,2,1,75,87,75,0,1,true,false,7,7,0,127,126,1,wu,M3_rows_dropped,89
B,atlanta,2026-06-22,20260622T021421-0400,02:14:20.889986,134,75,77,2,1,75,87,75,0,1,true,false,7,7,0,134,133,1,wu,M3_rows_dropped,89
B,atlanta,2026-06-22,20260622T022736-0400,02:27:30.682535,147,75,77,2,1,75,87,75,0,1,true,false,7,7,0,147,144,1,wu,M3_rows_dropped,89
B,atlanta,2026-06-22,20260622T023928-0400,02:39:25.873348,159,75,77,2,1,75,87,75,0,1,true,false,7,7,0,159,158,1,wu,M3_rows_dropped,89
B,atlanta,2026-06-22,20260622T024444-0400,02:44:34.103268,164,75,77,2,1,75,87,75,0,1,true,false,7,7,0,164,162,1,wu,M3_rows_dropped,89
B,atlanta,2026-06-22,20260622T111119-0400,11:11:19.082815,671,78,81,3,13,80,81,78,0,1,true,true,11,10,-1,671,670,2,wu,M5_cutoff_change,89
B,atlanta,2026-06-22,20260622T111923-0400,11:19:22.779146,679,78,81,3,13,80,82,78,0,1,true,true,11,10,-1,679,678,2,wu,M5_cutoff_change,89
B,atlanta,2026-06-22,20260622T113030-0400,11:30:26.479351,690,78,81,3,13,80,82,78,0,1,true,true,11,10,-1,690,687,2,wu,M5_cutoff_change,89
B,atlanta,2026-06-22,20260622T113924-0400,11:39:20.318179,699,78,81,3,13,80,83,78,0,1,true,true,11,10,-1,699,693,2,wu,M5_cutoff_change,89
B,atlanta,2026-06-22,20260622T114222-0400,11:42:21.834403,702,78,81,3,13,80,83,78,0,1,true,true,11,10,-1,702,701,2,wu,M5_cutoff_change,89
B,atlanta,2026-06-22,20260622T114950-0400,11:49:37.277875,709,78,81,3,13,80,83,78,0,1,true,true,11,10,-1,709,706,2,wu,M5_cutoff_change,89
B,atlanta,2026-06-22,20260622T122222-0400,12:22:21.736393,742,81,83,2,14,81,84,81,0,1,true,true,12,11,-1,742,738,1,wu,M5_cutoff_change,89
B,atlanta,2026-06-22,20260622T122621-0400,12:26:20.945362,746,81,83,2,14,81,84,81,0,1,true,true,12,11,-1,746,745,1,wu,M5_cutoff_change,89
B,atlanta,2026-06-22,20260622T123226-0400,12:32:26.199674,752,81,83,2,14,81,84,81,0,1,true,true,12,11,-1,752,751,1,wu,M5_cutoff_change,89
B,atlanta,2026-06-22,20260622T123419-0400,12:34:18.693613,754,81,83,2,14,81,84,81,0,1,true,true,12,11,-1,754,753,1,wu,M5_cutoff_change,89
B,atlanta,2026-06-22,20260622T123826-0400,12:38:24.564157,758,81,83,2,14,81,84,81,0,1,true,true,12,11,-1,758,756,1,wu,M5_cutoff_change,89
B,atlanta,2026-06-22,20260622T130819-0400,13:08:19.058797,788,83,84,1,15,83,84,83,0,1,true,true,13,12,-1,788,787,1,wu,M5_cutoff_change,89
B,atlanta,2026-06-22,20260622T131219-0400,13:12:18.346086,792,83,84,1,15,83,85,83,0,1,true,true,13,12,-1,792,791,1,wu,M5_cutoff_change,89
B,atlanta,2026-06-22,20260622T131421-0400,13:14:21.246470,794,83,84,1,15,83,85,83,0,1,true,true,13,12,-1,794,793,1,wu,M5_cutoff_change,89
B,atlanta,2026-06-26,20260626T004920-0400,00:49:20.357355,49,75,76,1,0,,83,75,0,0,false,false,7,7,0,49,10,0,wu,M2_empty_history,89
B,atlanta,2026-06-26,20260626T114949-0400,11:49:48.818850,709,79,81,2,10,79,84,79,0,1,true,true,11,10,-1,709,708,1,wu,M5_cutoff_change,89
B,austin,2026-06-07,20260607T015331-0400,00:53:31.079547,53,79,80,1,0,,91,79,0,0,false,false,9,9,0,53,43,0,wu,M2_empty_history,90
B,austin,2026-06-08,20260608T020401-0400,01:04:01.078944,64,79,80,1,1,79,90,79,0,0,true,false,9,9,0,64,53,0,wu,M6_unexplained,88
B,austin,2026-06-13,20260613T013642-0400,00:36:42.587584,36,79,80,1,0,,95,79,0,0,false,false,7,7,0,36,26,0,wu,M2_empty_history,93
B,austin,2026-06-14,20260614T012202-0400,00:22:02.000920,22,78,79,1,0,,93,78,0,0,false,false,7,7,0,22,20,0,wu,M2_empty_history,92
B,austin,2026-06-16,20260616T013013-0400,00:30:12.875372,30,75,76,1,0,,84,75,0,0,false,false,7,7,0,30,25,0,wu,M2_empty_history,90
B,austin,2026-06-16,20260616T140819-0400,13:08:18.277124,788,85,87,2,15,85,87,85,0,1,true,true,13,12,-1,788,787,1,wu,M5_cutoff_change,90
B,austin,2026-06-16,20260616T142714-0400,13:27:13.574779,807,85,87,2,15,85,88,85,0,1,true,true,13,12,-1,807,806,1,wu,M5_cutoff_change,90
B,austin,2026-06-16,20260616T153209-0400,14:32:09.181196,872,87,88,1,16,87,89,87,0,1,true,true,14,13,-1,872,871,1,wu,M5_cutoff_change,90
B,austin,2026-06-17,20260617T100331-0400,09:03:30.763784,543,77,80,3,12,77,79,76,0,3,true,true,9,8,-1,543,542,3,wu,M5_cutoff_change,89
B,austin,2026-06-17,20260617T100533-0400,09:05:33.116497,545,77,80,3,12,77,79,76,0,3,true,true,9,8,-1,545,544,3,wu,M5_cutoff_change,89
B,austin,2026-06-17,20260617T101229-0400,09:12:28.878224,552,77,80,3,12,77,79,76,0,3,true,true,9,8,-1,552,551,3,wu,M5_cutoff_change,89
B,austin,2026-06-17,20260617T125333-0400,11:53:33.112521,713,81,82,1,16,81,85,81,0,2,true,true,11,10,-1,713,712,1,wu,M5_cutoff_change,89
B,austin,2026-06-17,20260617T142836-0400,13:28:36.401071,808,84,86,2,19,84,87,83,0,1,true,true,13,12,-1,808,807,1,wu,M5_cutoff_change,89
B,austin,2026-06-17,20260617T143734-0400,13:37:33.486195,817,84,86,2,19,84,88,83,0,1,true,true,13,12,-1,817,816,1,wu,M5_cutoff_change,89
B,austin,2026-06-17,20260617T144047-0400,13:40:46.711795,820,84,86,2,19,84,88,83,0,1,true,true,13,12,-1,820,819,1,wu,M5_cutoff_change,89
B,austin,2026-06-17,20260617T144431-0400,13:44:30.824009,824,84,86,2,19,84,88,83,0,1,true,true,13,12,-1,824,822,1,wu,M5_cutoff_change,89
B,austin,2026-06-17,20260617T151734-0400,14:17:34.061853,857,86,87,1,20,86,88,86,0,1,true,true,14,13,-1,857,856,1,wu,M5_cutoff_change,89
B,austin,2026-06-17,20260617T152935-0400,14:29:35.078817,869,86,87,1,20,86,88,86,0,1,true,true,14,13,-1,869,868,1,wu,M5_cutoff_change,89
B,austin,2026-06-19,20260619T130906-0400,12:09:06.360527,729,84,85,1,11,84,85,84,0,1,true,true,12,11,-1,729,728,1,wu,M5_cutoff_change,88
B,austin,2026-06-19,20260619T131107-0400,12:11:07.178807,731,84,85,1,11,84,85,84,0,1,true,true,12,11,-1,731,730,1,wu,M5_cutoff_change,88
B,austin,2026-06-19,20260619T131422-0400,12:14:22.073118,734,84,85,1,11,84,85,84,0,1,true,true,12,11,-1,734,733,1,wu,M5_cutoff_change,88
B,austin,2026-06-19,20260619T134606-0400,12:46:06.106972,766,84,85,1,11,84,85,84,0,1,true,true,12,11,-1,766,763,1,wu,M5_cutoff_change,88
B,austin,2026-06-19,20260619T141257-0400,13:12:57.327420,792,85,86,1,12,85,86,85,0,1,true,true,13,12,-1,792,792,1,wu,M5_cutoff_change,88
B,austin,2026-06-19,20260619T141741-0400,13:17:40.548749,797,85,86,1,12,85,86,85,0,1,true,true,13,12,-1,797,796,1,wu,M5_cutoff_change,88
B,austin,2026-06-19,20260619T144641-0400,13:46:40.704017,826,85,86,1,12,85,86,85,0,1,true,true,13,12,-1,826,825,1,wu,M5_cutoff_change,88
B,austin,2026-06-19,20260619T182829-0400,17:28:29.093757,1048,86,88,2,15,86,88,85,0,2,true,true,17,15,-2,1048,1047,2,wu,M5_cutoff_change,88
B,austin,2026-06-20,20260620T132624-0400,12:26:23.459708,746,80,85,5,15,80,85,80,0,1,true,true,12,11,-1,746,740,1,wu,M5_cutoff_change,89
B,austin,2026-06-20,20260620T142024-0400,13:20:23.721204,800,85,87,2,16,85,87,85,0,1,true,true,13,12,-1,800,799,1,wu,M5_cutoff_change,89
B,austin,2026-06-20,20260620T142838-0400,13:28:37.788973,808,85,87,2,16,85,86,85,0,1,true,true,13,12,-1,808,802,1,wu,M5_cutoff_change,89
B,austin,2026-06-20,20260620T143028-0400,13:30:27.812257,810,85,87,2,16,85,86,85,0,1,true,true,13,12,-1,810,809,1,wu,M5_cutoff_change,89
B,austin,2026-06-20,20260620T161537-0400,15:15:35.860686,915,87,89,2,19,87,88,86,0,1,true,true,15,14,-1,915,914,1,wu,M5_cutoff_change,89
B,austin,2026-06-21,20260621T014404-0400,00:44:02.960253,44,74,75,1,0,,89,74,0,0,false,false,7,7,0,44,40,0,wu,M2_empty_history,93
B,austin,2026-06-21,20260621T060121-0400,05:01:21.183709,301,74,75,1,5,74,89,74,0,1,true,false,7,7,0,301,300,1,wu,M3_rows_dropped,93
B,austin,2026-06-21,20260621T060429-0400,05:04:29.731276,304,74,75,1,5,74,89,74,0,1,true,false,7,7,0,304,303,1,wu,M3_rows_dropped,93
B,austin,2026-06-21,20260621T060821-0400,05:08:21.427323,308,74,75,1,5,74,89,74,0,1,true,false,7,7,0,308,307,1,wu,M3_rows_dropped,93
B,austin,2026-06-21,20260621T061221-0400,05:12:21.011727,312,74,75,1,5,74,89,74,0,1,true,false,7,7,0,312,311,1,wu,M3_rows_dropped,93
B,austin,2026-06-21,20260621T061823-0400,05:18:22.904459,318,74,75,1,5,74,89,74,0,1,true,false,7,7,0,318,317,1,wu,M3_rows_dropped,93
B,austin,2026-06-21,20260621T062024-0400,05:20:23.794297,320,74,75,1,5,74,89,74,0,1,true,false,7,7,0,320,319,1,wu,M3_rows_dropped,93
B,austin,2026-06-21,20260621T062418-0400,05:24:18.390986,324,74,75,1,5,74,89,74,0,1,true,false,7,7,0,324,323,1,wu,M3_rows_dropped,93
B,austin,2026-06-21,20260621T063118-0400,05:31:18.658453,331,74,75,1,5,74,89,74,0,1,true,false,7,7,0,331,330,1,wu,M3_rows_dropped,93
B,austin,2026-06-21,20260621T080751-0400,07:07:51.175343,427,75,76,1,7,75,76,75,0,1,true,false,7,7,0,427,426,1,wu,M3_rows_dropped,93
B,austin,2026-06-21,20260621T082259-0400,07:22:59.074443,442,75,76,1,7,75,76,75,0,1,true,false,7,7,0,442,441,1,wu,M3_rows_dropped,93
B,austin,2026-06-21,20260621T092353-0400,08:23:52.792917,503,76,77,1,8,76,77,76,0,1,true,true,8,7,-1,503,500,1,wu,M5_cutoff_change,93
B,austin,2026-06-21,20260621T093254-0400,08:32:53.421102,512,76,77,1,8,76,78,76,0,1,true,true,8,7,-1,512,510,1,wu,M5_cutoff_change,93
B,austin,2026-06-21,20260621T093554-0400,08:35:54.241776,515,76,77,1,8,76,78,76,0,1,true,true,8,7,-1,515,513,1,wu,M5_cutoff_change,93
B,austin,2026-06-21,20260621T094851-0400,08:48:50.778206,528,76,77,1,8,76,78,76,0,1,true,true,8,7,-1,528,520,1,wu,M5_cutoff_change,93
B,austin,2026-06-21,20260621T095750-0400,08:57:50.139142,537,76,77,1,8,76,78,76,0,1,true,true,8,7,-1,537,535,1,wu,M5_cutoff_change,93
B,austin,2026-06-21,20260621T100058-0400,09:00:58.148660,540,77,78,1,9,77,79,77,0,1,true,true,9,8,-1,540,540,1,wu,M5_cutoff_change,93
B,austin,2026-06-21,20260621T100804-0400,09:08:01.105537,548,77,78,1,9,77,78,77,0,1,true,true,9,8,-1,548,547,1,wu,M5_cutoff_change,93
B,austin,2026-06-21,20260621T110326-0400,10:03:25.961970,603,78,79,1,10,78,80,78,0,1,true,true,10,9,-1,603,602,1,wu,M5_cutoff_change,93
B,austin,2026-06-21,20260621T110625-0400,10:06:24.626238,606,78,79,1,10,78,80,78,0,1,true,true,10,9,-1,606,605,1,wu,M5_cutoff_change,93
B,austin,2026-06-21,20260621T131725-0400,12:17:24.984207,737,82,85,3,13,84,85,82,0,1,true,true,12,11,-1,737,736,2,wu,M5_cutoff_change,93
B,austin,2026-06-21,20260621T131925-0400,12:19:25.165383,739,82,85,3,13,84,85,82,0,1,true,true,12,11,-1,739,738,2,wu,M5_cutoff_change,93
B,austin,2026-06-21,20260621T132428-0400,12:24:27.609828,744,82,85,3,13,84,85,82,0,1,true,true,12,11,-1,744,743,2,wu,M5_cutoff_change,93
B,austin,2026-06-21,20260621T134921-0400,12:49:19.051660,769,82,85,3,13,84,86,82,0,1,true,true,12,11,-1,769,763,2,wu,M5_cutoff_change,93
B,austin,2026-06-21,20260621T144027-0400,13:40:27.180445,820,85,88,3,14,85,89,85,0,1,true,true,13,12,-1,820,809,1,wu,M5_cutoff_change,93
B,austin,2026-06-21,20260621T151538-0400,14:15:38.158169,855,88,91,3,15,88,91,88,0,1,true,true,14,13,-1,855,854,1,wu,M5_cutoff_change,93
B,austin,2026-06-21,20260621T160231-0400,15:02:30.815362,902,91,92,1,16,91,91,91,0,1,true,true,15,14,-1,902,901,1,wu,M5_cutoff_change,93
B,austin,2026-06-21,20260621T161533-0400,15:15:32.956785,915,91,92,1,16,91,92,91,0,1,true,true,15,14,-1,915,911,1,wu,M5_cutoff_change,93
B,austin,2026-06-21,20260621T161931-0400,15:19:30.043255,919,91,92,1,16,91,91,91,0,1,true,true,15,14,-1,919,918,1,wu,M5_cutoff_change,93
B,austin,2026-06-21,20260621T163037-0400,15:30:37.258064,930,91,92,1,16,91,92,91,0,1,true,true,15,14,-1,930,929,1,wu,M5_cutoff_change,93
B,austin,2026-06-21,20260621T163321-0400,15:33:20.891713,933,91,92,1,16,91,92,91,0,1,true,true,15,14,-1,933,932,1,wu,M5_cutoff_change,93
B,austin,2026-06-21,20260621T171330-0400,16:13:29.973404,973,92,93,1,17,92,92,92,0,1,true,true,16,15,-1,973,972,1,wu,M5_cutoff_change,93
B,austin,2026-06-21,20260621T172022-0400,16:20:22.585219,980,92,93,1,17,92,92,92,0,1,true,true,16,15,-1,980,979,1,wu,M5_cutoff_change,93
B,austin,2026-06-21,20260621T172730-0400,16:27:29.857555,987,92,93,1,17,92,92,92,0,1,true,true,16,15,-1,987,986,1,wu,M5_cutoff_change,93
B,austin,2026-06-22,20260622T100522-0400,09:05:22.285764,545,81,82,1,8,81,82,80,0,1,true,true,9,8,-1,545,542,1,wu,M5_cutoff_change,94
B,austin,2026-06-22,20260622T100722-0400,09:07:22.227469,547,81,82,1,8,81,82,80,0,1,true,true,9,8,-1,547,546,1,wu,M5_cutoff_change,94
B,austin,2026-06-22,20260622T110056-0400,10:00:54.452681,600,82,85,3,9,82,85,82,0,1,true,true,10,9,-1,600,600,1,wu,M5_cutoff_change,94
B,austin,2026-06-22,20260622T122225-0400,11:22:24.796222,682,85,88,3,10,85,88,85,0,1,true,true,11,10,-1,682,677,1,wu,M5_cutoff_change,94
B,austin,2026-06-22,20260622T122624-0400,11:26:23.858329,686,85,88,3,10,85,88,85,0,1,true,true,11,10,-1,686,685,1,wu,M5_cutoff_change,94
B,austin,2026-06-22,20260622T123229-0400,11:32:28.631290,692,85,88,3,10,85,89,85,0,1,true,true,11,10,-1,692,691,1,wu,M5_cutoff_change,94
B,austin,2026-06-22,20260622T123422-0400,11:34:22.311896,694,85,88,3,10,85,89,85,0,1,true,true,11,10,-1,694,693,1,wu,M5_cutoff_change,94
B,austin,2026-06-22,20260622T123830-0400,11:38:29.925416,698,85,88,3,10,85,89,85,0,1,true,true,11,10,-1,698,696,1,wu,M5_cutoff_change,94
B,austin,2026-06-22,20260622T130822-0400,12:08:21.976848,728,88,91,3,11,88,91,88,0,1,true,true,12,11,-1,728,727,1,wu,M5_cutoff_change,94
B,austin,2026-06-22,20260622T131425-0400,12:14:24.737434,734,88,91,3,11,88,91,88,0,1,true,true,12,11,-1,734,733,1,wu,M5_cutoff_change,94
B,austin,2026-06-26,20260626T014925-0400,00:49:25.270656,49,77,78,1,0,,92,77,0,0,false,false,7,7,0,49,29,0,wu,M2_empty_history,94
B,austin,2026-06-26,20260626T114752-0400,10:47:51.976694,647,81,83,2,11,81,85,81,0,1,true,true,10,9,-1,647,646,1,wu,M5_cutoff_change,94
B,austin,2026-06-26,20260626T152401-0400,14:24:01.346441,864,89,91,2,15,89,92,89,0,1,true,true,14,13,-1,864,862,1,wu,M5_cutoff_change,94
B,austin,2026-06-26,20260626T152624-0400,14:26:24.389263,866,89,91,2,15,89,92,89,0,1,true,true,14,13,-1,866,865,1,wu,M5_cutoff_change,94
B,chicago,2026-06-12,20260612T013413-0400,00:34:13.360969,34,67,68,1,0,,83,67,0,0,false,false,7,7,0,34,23,0,wu,M2_empty_history,81
B,chicago,2026-06-12,20260612T015440-0400,00:54:40.227347,54,66,68,2,1,66,83,66,0,0,true,false,7,7,0,54,44,0,wu,M6_unexplained,81
B,chicago,2026-06-13,20260613T013644-0400,00:36:43.855518,36,69,70,1,0,,82,69,0,0,false,false,7,7,0,36,26,0,wu,M2_empty_history,83
B,chicago,2026-06-13,20260613T015714-0400,00:57:13.863092,57,68,70,2,1,68,82,68,0,0,true,false,7,7,0,57,47,0,wu,M6_unexplained,83
B,chicago,2026-06-14,20260614T011808-0400,00:18:07.797818,18,68,70,2,0,,83,68,0,0,false,false,7,7,0,18,10,0,wu,M2_empty_history,69
B,chicago,2026-06-15,20260615T012123-0400,00:21:23.257793,21,57,58,1,0,,69,57,0,0,false,false,7,7,0,21,5,0,wu,M2_empty_history,76
B,chicago,2026-06-15,20260615T015127-0400,00:51:26.972806,51,56,58,2,0,,69,56,0,0,false,false,7,7,0,51,45,0,wu,M2_empty_history,76
B,chicago,2026-06-15,20260615T100829-0400,09:08:28.827157,548,58,61,3,8,61,65,58,0,1,true,true,8,7,-1,548,545,1,wu,M5_cutoff_change,76
B,chicago,2026-06-15,20260615T110359-0400,10:03:58.984325,603,61,64,3,9,64,68,61,0,1,true,true,9,8,-1,603,602,1,wu,M5_cutoff_change,76
B,chicago,2026-06-15,20260615T134459-0400,12:44:58.112235,764,67,70,3,11,70,73,67,0,1,true,true,11,10,-1,764,762,1,wu,M5_cutoff_change,76
B,chicago,2026-06-16,20260616T014411-0400,00:44:10.368774,44,66,67,1,0,,76,66,0,0,false,false,7,7,0,44,25,0,wu,M2_empty_history,76
B,chicago,2026-06-16,20260616T015512-0400,00:55:12.116258,55,65,67,2,1,65,76,65,0,0,true,false,7,7,0,55,54,0,wu,M6_unexplained,76
B,chicago,2026-06-16,20260616T113512-0400,10:35:11.894032,635,67,69,2,9,67,70,67,0,1,true,true,10,9,-1,635,634,1,wu,M5_cutoff_change,76
B,chicago,2026-06-16,20260616T113615-0400,10:36:13.520278,636,67,69,2,9,67,70,67,0,1,true,true,10,9,-1,636,635,1,wu,M5_cutoff_change,76
B,chicago,2026-06-19,20260619T012434-0400,00:24:33.780271,24,63,64,1,0,,74,63,0,0,false,false,7,7,0,24,22,0,wu,M2_empty_history,76
B,chicago,2026-06-19,20260619T090354-0400,08:03:50.207242,483,63,66,3,7,63,65,61,0,1,true,true,8,7,-1,483,481,1,wu,M5_cutoff_change,76
B,chicago,2026-06-19,20260619T090957-0400,08:09:56.415300,489,63,66,3,7,63,65,61,0,1,true,true,8,7,-1,489,487,1,wu,M5_cutoff_change,76
B,chicago,2026-06-19,20260619T091613-0400,08:16:11.045602,496,63,66,3,7,63,66,61,0,1,true,true,8,7,-1,496,493,1,wu,M5_cutoff_change,76
B,chicago,2026-06-19,20260619T100632-0400,09:06:32.237298,546,66,68,2,8,66,68,66,0,1,true,true,9,8,-1,546,544,1,wu,M5_cutoff_change,76
B,chicago,2026-06-19,20260619T101135-0400,09:11:34.859501,551,66,68,2,8,66,68,66,0,1,true,true,9,8,-1,551,549,1,wu,M5_cutoff_change,76
B,chicago,2026-06-19,20260619T101311-0400,09:13:10.624465,553,66,68,2,8,66,68,66,0,1,true,true,9,8,-1,553,552,1,wu,M5_cutoff_change,76
B,chicago,2026-06-19,20260619T152035-0400,14:20:34.318050,860,73,74,1,13,73,76,73,0,1,true,true,14,13,-1,860,859,1,wu,M5_cutoff_change,76
B,chicago,2026-06-19,20260619T153523-0400,14:35:12.899285,875,73,74,1,13,73,76,73,0,1,true,true,14,13,-1,875,868,1,wu,M5_cutoff_change,76
B,chicago,2026-06-19,20260619T162245-0400,15:22:44.699974,922,74,75,1,14,74,77,74,0,1,true,true,15,14,-1,922,903,1,wu,M5_cutoff_change,76
B,chicago,2026-06-19,20260619T162647-0400,15:26:47.249813,926,74,75,1,14,74,76,74,0,1,true,true,15,14,-1,926,925,1,wu,M5_cutoff_change,76
B,chicago,2026-06-19,20260619T162902-0400,15:29:01.819164,929,74,75,1,14,74,76,74,0,1,true,true,15,14,-1,929,927,1,wu,M5_cutoff_change,76
B,chicago,2026-06-19,20260619T163534-0400,15:35:33.099054,935,74,75,1,14,74,76,74,0,1,true,true,15,14,-1,935,933,1,wu,M5_cutoff_change,76
B,chicago,2026-06-19,20260619T182831-0400,17:28:31.262079,1048,75,76,1,16,75,77,75,0,1,true,true,17,16,-1,1048,1047,1,wu,M5_cutoff_change,76
B,chicago,2026-06-20,20260620T012641-0400,00:26:41.551463,26,65,66,1,0,,77,65,0,0,false,false,7,7,0,26,25,0,wu,M2_empty_history,76
B,chicago,2026-06-20,20260620T013240-0400,00:32:40.089632,32,65,66,1,0,,77,65,0,0,false,false,7,7,0,32,31,0,wu,M2_empty_history,76
B,chicago,2026-06-20,20260620T123333-0400,11:33:33.095061,693,69,72,3,10,69,72,69,0,1,true,true,11,10,-1,693,692,1,wu,M5_cutoff_change,76
B,chicago,2026-06-20,20260620T123523-0400,11:35:23.170929,695,69,72,3,10,69,72,69,0,1,true,true,11,10,-1,695,694,1,wu,M5_cutoff_change,76
B,chicago,2026-06-20,20260620T124920-0400,11:49:20.210022,709,69,72,3,10,69,73,69,0,1,true,true,11,10,-1,709,708,1,wu,M5_cutoff_change,76
B,chicago,2026-06-20,20260620T130434-0400,12:04:33.456032,724,72,73,1,11,72,73,72,0,1,true,true,12,11,-1,724,723,1,wu,M5_cutoff_change,76
B,chicago,2026-06-20,20260620T131428-0400,12:14:27.693113,734,72,73,1,11,72,74,72,0,1,true,true,12,11,-1,734,733,1,wu,M5_cutoff_change,76
B,chicago,2026-06-20,20260620T131816-0400,12:18:15.846284,738,72,73,1,11,72,74,72,0,1,true,true,12,11,-1,738,737,1,wu,M5_cutoff_change,76
B,chicago,2026-06-20,20260620T132018-0400,12:20:18.149157,740,72,73,1,11,72,74,72,0,1,true,true,12,11,-1,740,739,1,wu,M5_cutoff_change,76
B,chicago,2026-06-20,20260620T134021-0400,12:40:21.047819,760,72,73,1,11,72,74,72,0,1,true,true,12,11,-1,760,746,1,wu,M5_cutoff_change,76
B,chicago,2026-06-20,20260620T134526-0400,12:45:26.335910,765,72,73,1,11,72,74,72,0,1,true,true,12,11,-1,765,764,1,wu,M5_cutoff_change,76
B,chicago,2026-06-20,20260620T140930-0400,13:09:29.837474,789,73,74,1,12,73,75,73,0,1,true,true,13,12,-1,789,788,1,wu,M5_cutoff_change,76
B,chicago,2026-06-20,20260620T142225-0400,13:22:25.303386,802,73,74,1,12,73,75,73,0,1,true,true,13,12,-1,802,800,1,wu,M5_cutoff_change,76
B,chicago,2026-06-20,20260620T143127-0400,13:31:26.577822,811,73,74,1,12,73,75,73,0,1,true,true,13,12,-1,811,810,1,wu,M5_cutoff_change,76
B,chicago,2026-06-20,20260620T144028-0400,13:40:27.888270,820,73,74,1,12,73,76,73,0,1,true,true,13,12,-1,820,819,1,wu,M5_cutoff_change,76
B,chicago,2026-06-20,20260620T161448-0400,15:14:47.432898,914,74,75,1,14,74,76,74,0,1,true,true,15,14,-1,914,913,1,wu,M5_cutoff_change,76
B,chicago,2026-06-20,20260620T170233-0400,16:02:32.047909,962,75,76,1,15,75,76,75,0,1,true,true,16,15,-1,962,961,1,wu,M5_cutoff_change,76
B,chicago,2026-06-20,20260620T170531-0400,16:05:31.114204,965,75,76,1,15,75,76,75,0,1,true,true,16,15,-1,965,964,1,wu,M5_cutoff_change,76
B,chicago,2026-06-20,20260620T170833-0400,16:08:32.081570,968,75,76,1,15,75,76,75,0,1,true,true,16,15,-1,968,967,1,wu,M5_cutoff_change,76
B,chicago,2026-06-20,20260620T171205-0400,16:12:00.868355,972,75,76,1,15,75,76,75,0,1,true,true,16,15,-1,972,970,1,wu,M5_cutoff_change,76
B,chicago,2026-06-20,20260620T171935-0400,16:19:33.893145,979,75,76,1,15,75,76,75,0,1,true,true,16,15,-1,979,977,1,wu,M5_cutoff_change,76
B,chicago,2026-06-20,20260620T172121-0400,16:21:20.621744,981,75,76,1,15,75,76,75,0,1,true,true,16,15,-1,981,981,1,wu,M5_cutoff_change,76
B,chicago,2026-06-21,20260621T015032-0400,00:50:03.864166,50,64,65,1,0,,77,64,0,0,false,false,7,7,0,50,40,0,wu,M2_empty_history,71
B,chicago,2026-06-21,20260621T090552-0400,08:05:52.040228,485,64,66,2,7,64,65,63,0,1,true,true,8,7,-1,485,482,1,wu,M5_cutoff_change,71
B,chicago,2026-06-21,20260621T100102-0400,09:01:01.721814,541,66,68,2,8,66,68,66,0,1,true,true,9,8,-1,541,540,1,wu,M5_cutoff_change,71
B,chicago,2026-06-21,20260621T100303-0400,09:03:02.591630,543,66,68,2,8,66,68,66,0,1,true,true,9,8,-1,543,541,1,wu,M5_cutoff_change,71
B,chicago,2026-06-21,20260621T100817-0400,09:08:10.325835,548,66,68,2,8,66,68,66,0,1,true,true,9,8,-1,548,547,1,wu,M5_cutoff_change,71
B,chicago,2026-06-22,20260622T083429-0400,07:34:29.251967,454,59,60,1,13,59,61,59,0,1,true,false,7,7,0,454,453,1,wu,M3_rows_dropped,72
B,chicago,2026-06-22,20260622T083726-0400,07:37:25.981879,457,59,60,1,13,59,61,59,0,1,true,false,7,7,0,457,456,1,wu,M3_rows_dropped,72
B,chicago,2026-06-22,20260622T091732-0400,08:17:31.591827,497,60,63,3,14,60,63,60,0,1,true,true,8,7,-1,497,490,1,wu,M5_cutoff_change,72
B,chicago,2026-06-22,20260622T091929-0400,08:19:28.906169,499,60,63,3,14,60,63,60,0,1,true,true,8,7,-1,499,498,1,wu,M5_cutoff_change,72
B,chicago,2026-06-22,20260622T100825-0400,09:08:24.915755,548,63,65,2,15,63,65,63,0,1,true,true,9,8,-1,548,547,1,wu,M5_cutoff_change,72
B,chicago,2026-06-22,20260622T102722-0400,09:27:22.296023,567,63,65,2,15,63,65,63,0,1,true,true,9,8,-1,567,566,1,wu,M5_cutoff_change,72
B,chicago,2026-06-22,20260622T103222-0400,09:32:22.296309,572,63,65,2,15,63,65,63,0,1,true,true,9,8,-1,572,570,1,wu,M5_cutoff_change,72
B,chicago,2026-06-22,20260622T104130-0400,09:41:30.320499,581,63,65,2,15,63,66,63,0,1,true,true,9,8,-1,581,580,1,wu,M5_cutoff_change,72
B,chicago,2026-06-22,20260622T113039-0400,10:30:36.966577,630,65,68,3,16,65,69,65,0,1,true,true,10,9,-1,630,627,1,wu,M5_cutoff_change,72
B,chicago,2026-06-22,20260622T114230-0400,10:42:29.173133,642,65,68,3,16,65,69,65,0,1,true,true,10,9,-1,642,641,1,wu,M5_cutoff_change,72
B,chicago,2026-06-22,20260622T123231-0400,11:32:31.201801,692,68,70,2,17,68,70,68,0,1,true,true,11,10,-1,692,691,1,wu,M5_cutoff_change,72
B,chicago,2026-06-22,20260622T123428-0400,11:34:27.741294,694,68,70,2,17,68,70,68,0,1,true,true,11,10,-1,694,693,1,wu,M5_cutoff_change,72
B,chicago,2026-06-22,20260622T123835-0400,11:38:33.799172,698,68,70,2,17,68,70,68,0,1,true,true,11,10,-1,698,696,1,wu,M5_cutoff_change,72
B,chicago,2026-06-26,20260626T014527-0400,00:45:26.930482,45,61,62,1,0,,79,61,0,0,false,false,7,7,0,45,29,0,wu,M2_empty_history,66
B,dallas,2026-06-12,20260612T013414-0400,00:34:14.383835,34,85,86,1,0,,93,85,0,0,false,false,7,7,0,34,24,0,wu,M2_empty_history,89
B,dallas,2026-06-13,20260613T014702-0400,00:47:02.651687,47,80,81,1,0,,91,80,0,0,false,false,7,7,0,47,36,0,wu,M2_empty_history,91
B,dallas,2026-06-13,20260613T015714-0400,00:57:14.792292,57,79,81,2,1,79,91,79,0,0,true,false,7,7,0,57,47,0,wu,M6_unexplained,91
B,dallas,2026-06-14,20260614T012203-0400,00:22:03.706765,22,83,84,1,0,,93,83,0,0,false,false,7,7,0,22,20,0,wu,M2_empty_history,84
B,dallas,2026-06-15,20260615T125200-0400,11:51:59.258421,711,77,80,3,18,80,84,77,0,1,true,true,10,9,-1,711,711,2,wu,M5_cutoff_change,86
B,dallas,2026-06-15,20260615T134402-0400,12:44:01.344299,764,80,82,2,19,82,84,80,0,1,true,true,11,10,-1,764,763,1,wu,M5_cutoff_change,86
B,dallas,2026-06-16,20260616T015709-0400,00:57:09.386482,57,76,77,1,1,76,85,76,0,0,true,false,7,7,0,57,56,0,wu,M6_unexplained,89
B,dallas,2026-06-16,20260616T134914-0400,12:49:14.067278,769,83,84,1,21,83,85,83,0,1,true,true,12,11,-1,769,767,2,wu,M5_cutoff_change,89
B,dallas,2026-06-17,20260617T131730-0400,12:17:30.195982,737,83,85,2,13,83,85,83,0,1,true,true,12,11,-1,737,736,1,wu,M5_cutoff_change,91
B,dallas,2026-06-17,20260617T142839-0400,13:28:38.721338,808,85,88,3,15,86,89,85,0,1,true,true,13,12,-1,808,807,2,wu,M5_cutoff_change,91
B,dallas,2026-06-17,20260617T143736-0400,13:37:35.547853,817,85,88,3,15,86,89,85,0,1,true,true,13,12,-1,817,816,2,wu,M5_cutoff_change,91
B,dallas,2026-06-17,20260617T144050-0400,13:40:49.437955,820,85,88,3,15,86,89,85,0,1,true,true,13,12,-1,820,819,2,wu,M5_cutoff_change,91
B,dallas,2026-06-17,20260617T144434-0400,13:44:33.818004,824,85,88,3,15,86,89,85,0,1,true,true,13,12,-1,824,822,2,wu,M5_cutoff_change,91
B,dallas,2026-06-17,20260617T152937-0400,14:29:36.775929,869,88,89,1,16,88,90,88,0,1,true,true,14,13,-1,869,868,1,wu,M5_cutoff_change,91
B,dallas,2026-06-19,20260619T012535-0400,00:25:35.167251,25,84,85,1,0,,95,84,0,0,false,false,7,7,0,25,22,0,wu,M2_empty_history,84
B,dallas,2026-06-19,20260619T014534-0400,00:45:33.924644,45,83,85,2,0,,95,83,0,0,false,false,7,7,0,45,42,0,wu,M2_empty_history,84
B,dallas,2026-06-19,20260619T014935-0400,00:49:34.982278,49,83,85,2,0,,95,83,0,0,false,false,7,7,0,49,48,0,wu,M2_empty_history,84
B,dallas,2026-06-19,20260619T015137-0400,00:51:37.315951,51,83,85,2,0,,95,83,0,0,false,false,7,7,0,51,50,0,wu,M2_empty_history,84
B,dallas,2026-06-19,20260619T015630-0400,00:56:29.320595,56,82,85,3,0,,95,82,0,0,false,false,7,7,0,56,52,0,wu,M2_empty_history,84
B,dallas,2026-06-20,20260620T013045-0400,00:30:45.080815,30,76,77,1,0,,81,76,0,0,false,false,7,7,0,30,25,0,wu,M2_empty_history,92
B,dallas,2026-06-20,20260620T013241-0400,00:32:41.218915,32,76,77,1,0,,81,76,0,0,false,false,7,7,0,32,31,0,wu,M2_empty_history,92
B,dallas,2026-06-20,20260620T110329-0400,10:03:28.532375,603,78,81,3,13,78,81,78,0,2,true,true,10,9,-1,603,600,2,wu,M5_cutoff_change,92
B,dallas,2026-06-20,20260620T123533-0400,11:35:33.308791,695,81,83,2,15,81,84,80,0,1,true,true,11,10,-1,695,692,1,wu,M5_cutoff_change,92
B,dallas,2026-06-20,20260620T124922-0400,11:49:21.799850,709,81,83,2,15,81,84,80,0,1,true,true,11,10,-1,709,708,1,wu,M5_cutoff_change,92
B,dallas,2026-06-20,20260620T130437-0400,12:04:37.277944,724,83,84,1,16,83,84,83,0,1,true,true,12,11,-1,724,723,1,wu,M5_cutoff_change,92
B,dallas,2026-06-20,20260620T130621-0400,12:06:20.513134,726,83,84,1,16,83,84,83,0,1,true,true,12,11,-1,726,725,1,wu,M5_cutoff_change,92
B,dallas,2026-06-20,20260620T131430-0400,12:14:29.717135,734,83,84,1,16,83,85,83,0,1,true,true,12,11,-1,734,733,1,wu,M5_cutoff_change,92
B,dallas,2026-06-20,20260620T131819-0400,12:18:19.037088,738,83,84,1,16,83,85,83,0,1,true,true,12,11,-1,738,737,1,wu,M5_cutoff_change,92
B,dallas,2026-06-20,20260620T132023-0400,12:20:22.633162,740,83,84,1,16,83,85,83,0,1,true,true,12,11,-1,740,739,1,wu,M5_cutoff_change,92
B,dallas,2026-06-20,20260620T134022-0400,12:40:22.552588,760,83,84,1,16,83,85,83,0,1,true,true,12,11,-1,760,746,1,wu,M5_cutoff_change,92
B,dallas,2026-06-20,20260620T140931-0400,13:09:31.426192,789,84,85,1,17,84,85,84,0,1,true,true,13,12,-1,789,788,1,wu,M5_cutoff_change,92
B,dallas,2026-06-20,20260620T141128-0400,13:11:28.238943,791,84,85,1,17,84,85,84,0,1,true,true,13,12,-1,791,790,1,wu,M5_cutoff_change,92
B,dallas,2026-06-20,20260620T142236-0400,13:22:35.688351,802,84,85,1,17,84,86,84,0,1,true,true,13,12,-1,802,800,1,wu,M5_cutoff_change,92
B,dallas,2026-06-20,20260620T143129-0400,13:31:28.570280,811,84,85,1,17,84,86,84,0,1,true,true,13,12,-1,811,810,1,wu,M5_cutoff_change,92
B,dallas,2026-06-20,20260620T161450-0400,15:14:49.768949,914,88,89,1,19,88,90,88,0,1,true,true,15,14,-1,914,913,1,wu,M5_cutoff_change,92
B,dallas,2026-06-20,20260620T161941-0400,15:19:40.523233,919,88,89,1,19,88,90,88,0,1,true,true,15,14,-1,919,915,1,wu,M5_cutoff_change,92
B,dallas,2026-06-20,20260620T170235-0400,16:02:35.088557,962,89,90,1,20,89,91,89,0,1,true,true,16,15,-1,962,961,1,wu,M5_cutoff_change,92
B,dallas,2026-06-20,20260620T170533-0400,16:05:33.297086,965,89,90,1,20,89,91,89,0,1,true,true,16,15,-1,965,964,1,wu,M5_cutoff_change,92
B,dallas,2026-06-20,20260620T170835-0400,16:08:34.661515,968,89,90,1,20,89,91,89,0,1,true,true,16,15,-1,968,967,1,wu,M5_cutoff_change,92
B,dallas,2026-06-20,20260620T171214-0400,16:12:10.588144,972,89,90,1,20,89,91,89,0,1,true,true,16,15,-1,972,970,1,wu,M5_cutoff_change,92
B,dallas,2026-06-20,20260620T171938-0400,16:19:38.036655,979,89,90,1,20,89,91,89,0,1,true,true,16,15,-1,979,977,1,wu,M5_cutoff_change,92
B,dallas,2026-06-20,20260620T190311-0400,18:03:10.790268,1083,90,92,2,22,90,91,90,0,1,true,true,18,17,-1,1083,1082,1,wu,M5_cutoff_change,92
B,dallas,2026-06-20,20260620T190806-0400,18:08:06.226661,1088,90,92,2,22,90,91,90,0,1,true,true,18,17,-1,1088,1087,1,wu,M5_cutoff_change,92
B,dallas,2026-06-21,20260621T012408-0400,00:24:05.976659,24,80,81,1,0,,91,80,0,0,false,false,7,7,0,24,20,0,wu,M2_empty_history,92
B,dallas,2026-06-21,20260621T012802-0400,00:28:02.191663,28,80,81,1,0,,91,80,0,0,false,false,7,7,0,28,27,0,wu,M2_empty_history,92
B,dallas,2026-06-21,20260621T110634-0400,10:06:33.931655,606,80,82,2,9,80,83,80,0,1,true,true,10,9,-1,606,605,1,wu,M5_cutoff_change,92
B,dallas,2026-06-21,20260621T110930-0400,10:09:29.807177,609,80,82,2,9,80,83,80,0,1,true,true,10,9,-1,609,608,1,wu,M5_cutoff_change,92
B,dallas,2026-06-21,20260621T143622-0400,13:36:21.257604,816,85,86,1,12,85,87,84,0,2,true,true,13,12,-1,816,809,2,wu,M5_cutoff_change,92
B,dallas,2026-06-21,20260621T144421-0400,13:44:21.069614,824,85,86,1,12,85,87,84,0,2,true,true,13,12,-1,824,823,2,wu,M5_cutoff_change,92
B,dallas,2026-06-21,20260621T151544-0400,14:15:43.641656,855,86,87,1,14,86,87,86,0,1,true,true,14,13,-1,855,853,1,wu,M5_cutoff_change,92
B,dallas,2026-06-21,20260621T153733-0400,14:37:32.708833,877,86,87,1,14,86,88,86,0,1,true,true,14,13,-1,877,876,1,wu,M5_cutoff_change,92
B,dallas,2026-06-21,20260621T171334-0400,16:13:33.895806,973,87,89,2,16,87,89,86,0,1,true,true,16,15,-1,973,972,1,wu,M5_cutoff_change,92
B,dallas,2026-06-21,20260621T172026-0400,16:20:26.176268,980,87,89,2,16,87,89,86,0,1,true,true,16,15,-1,980,979,1,wu,M5_cutoff_change,92
B,dallas,2026-06-21,20260621T172734-0400,16:27:33.968202,987,87,89,2,16,87,90,86,0,1,true,true,16,15,-1,987,986,1,wu,M5_cutoff_change,92
B,dallas,2026-06-21,20260621T180928-0400,17:09:28.362398,1029,89,91,2,17,89,91,89,0,1,true,true,17,16,-1,1029,1028,1,wu,M5_cutoff_change,92
B,dallas,2026-06-21,20260621T181147-0400,17:11:46.645764,1031,89,91,2,17,89,91,89,0,1,true,true,17,16,-1,1031,1030,1,wu,M5_cutoff_change,92
B,dallas,2026-06-21,20260621T181733-0400,17:17:32.686193,1037,89,91,2,17,89,91,89,0,1,true,true,17,16,-1,1037,1035,1,wu,M5_cutoff_change,92
B,dallas,2026-06-21,20260621T191835-0400,18:18:34.620148,1098,91,92,1,18,91,91,91,0,1,true,true,18,17,-1,1098,1096,1,wu,M5_cutoff_change,92
B,dallas,2026-06-21,20260621T192123-0400,18:21:22.919832,1101,91,92,1,18,91,92,91,0,1,true,true,18,17,-1,1101,1100,1,wu,M5_cutoff_change,92
B,dallas,2026-06-21,20260621T192533-0400,18:25:33.226273,1105,91,92,1,18,91,92,91,0,1,true,true,18,17,-1,1105,1104,1,wu,M5_cutoff_change,92
B,dallas,2026-06-21,20260621T193031-0400,18:30:30.131692,1110,91,92,1,18,91,92,91,0,1,true,true,18,17,-1,1110,1106,1,wu,M5_cutoff_change,92
B,dallas,2026-06-21,20260621T193422-0400,18:34:22.116046,1114,91,92,1,18,91,92,91,0,1,true,true,18,17,-1,1114,1111,1,wu,M5_cutoff_change,92
B,dallas,2026-06-21,20260621T194329-0400,18:43:29.420047,1123,91,92,1,18,91,92,91,0,1,true,true,18,17,-1,1123,1120,1,wu,M5_cutoff_change,92
B,dallas,2026-06-21,20260621T194923-0400,18:49:23.261520,1129,91,92,1,18,91,92,91,0,1,true,true,18,17,-1,1129,1125,1,wu,M5_cutoff_change,92
B,dallas,2026-06-21,20260621T195830-0400,18:58:29.575393,1138,91,92,1,18,91,92,91,0,1,true,true,18,17,-1,1138,1130,1,wu,M5_cutoff_change,92
B,dallas,2026-06-21,20260621T200051-0400,19:00:50.808460,1140,91,92,1,18,91,92,91,0,1,true,true,18,17,-1,1140,1139,1,wu,M5_cutoff_change,92
B,dallas,2026-06-22,20260622T013724-0400,00:37:22.165546,37,83,84,1,0,,92,83,0,0,false,false,7,7,0,37,30,0,wu,M2_empty_history,94
B,dallas,2026-06-22,20260622T122232-0400,11:22:31.250413,682,83,85,2,20,83,86,81,0,1,true,true,11,10,-1,682,677,1,wu,M5_cutoff_change,94
B,dallas,2026-06-22,20260622T122628-0400,11:26:27.850091,686,83,85,2,20,83,86,81,0,1,true,true,11,10,-1,686,685,1,wu,M5_cutoff_change,94
B,dallas,2026-06-22,20260622T123234-0400,11:32:33.811957,692,83,85,2,20,83,86,81,0,1,true,true,11,10,-1,692,691,1,wu,M5_cutoff_change,94
B,dallas,2026-06-22,20260622T123433-0400,11:34:32.303095,694,83,85,2,20,83,86,81,0,1,true,true,11,10,-1,694,693,1,wu,M5_cutoff_change,94
B,dallas,2026-06-22,20260622T123842-0400,11:38:41.925317,698,83,85,2,20,83,86,81,0,1,true,true,11,10,-1,698,696,1,wu,M5_cutoff_change,94
B,dallas,2026-06-22,20260622T130825-0400,12:08:25.357838,728,85,88,3,21,85,88,85,0,1,true,true,12,11,-1,728,727,1,wu,M5_cutoff_change,94
B,dallas,2026-06-22,20260622T131520-0400,12:15:19.856606,735,85,88,3,21,85,88,85,0,1,true,true,12,11,-1,735,733,1,wu,M5_cutoff_change,94
B,dallas,2026-06-26,20260626T011241-0400,00:12:40.542141,12,83,84,1,0,,92,83,0,0,false,false,7,7,0,12,9,0,wu,M2_empty_history,94
B,dallas,2026-06-26,20260626T125457-0400,11:54:57.534668,714,84,86,2,10,84,89,84,0,1,true,true,11,10,-1,714,714,1,wu,M5_cutoff_change,94
B,denver,2026-06-08,20260608T022441-0400,00:24:40.894880,24,70,71,1,0,,91,70,0,0,false,false,9,9,0,24,14,0,wu,M2_empty_history,82
B,denver,2026-06-08,20260608T023455-0400,00:34:54.821956,34,69,71,2,0,,91,69,0,0,false,false,9,9,0,34,24,0,wu,M2_empty_history,82
B,denver,2026-06-08,20260608T024511-0400,00:45:11.454967,45,68,71,3,0,,91,68,0,0,false,false,9,9,0,45,34,0,wu,M2_empty_history,82
B,denver,2026-06-08,20260608T032618-0400,01:26:17.920983,86,67,71,4,0,,91,67,0,0,false,false,9,9,0,86,76,0,wu,M2_empty_history,82
B,denver,2026-06-08,20260608T040712-0400,02:07:11.709619,127,66,71,5,0,,91,66,0,0,false,false,9,9,0,127,116,0,wu,M2_empty_history,82
B,denver,2026-06-08,20260608T042749-0400,02:27:49.430893,147,65,71,6,0,,91,65,0,0,false,false,9,9,0,147,137,0,wu,M2_empty_history,82
B,denver,2026-06-12,20260612T024545-0400,00:45:45.637177,45,57,58,1,0,,77,57,0,0,false,false,7,7,0,45,35,0,wu,M2_empty_history,92
B,denver,2026-06-13,20260613T022754-0400,00:27:54.305764,27,67,68,1,0,,90,67,0,0,false,false,7,7,0,27,17,0,wu,M2_empty_history,79
B,denver,2026-06-13,20260613T024830-0400,00:48:30.124732,48,67,68,1,0,,90,67,0,0,false,false,7,7,0,48,38,0,wu,M2_empty_history,79
B,denver,2026-06-13,20260613T034952-0400,01:49:52.555253,109,66,68,2,0,,90,66,0,0,false,false,7,7,0,109,99,0,wu,M2_empty_history,79
B,denver,2026-06-13,20260613T040011-0400,02:00:11.165137,120,65,68,3,0,,90,65,0,0,false,false,7,7,0,120,109,0,wu,M2_empty_history,79
B,denver,2026-06-13,20260613T042041-0400,02:20:41.277542,140,64,68,4,0,,90,64,0,0,false,false,7,7,0,140,130,0,wu,M2_empty_history,79
B,denver,2026-06-13,20260613T044112-0400,02:41:12.445511,161,63,68,5,0,,90,63,0,0,false,false,7,7,0,161,150,0,wu,M2_empty_history,79
B,denver,2026-06-14,20260614T022703-0400,00:27:03.371871,27,53,54,1,0,,78,53,0,0,false,false,7,7,0,27,22,0,wu,M2_empty_history,72
B,denver,2026-06-14,20260614T032115-0400,01:21:15.821384,81,50,54,4,1,50,78,50,0,0,true,false,7,7,0,81,77,0,wu,M6_unexplained,72
B,denver,2026-06-14,20260614T131903-0400,11:19:02.984335,679,55,61,6,10,61,64,55,0,1,true,true,10,9,-1,679,678,1,wu,M5_cutoff_change,72
B,denver,2026-06-14,20260614T160132-0400,14:01:32.821274,841,65,67,2,12,67,69,65,0,1,true,true,12,11,-1,841,839,1,wu,M5_cutoff_change,72
B,denver,2026-06-15,20260615T022031-0400,00:20:30.745346,20,56,57,1,0,,71,56,0,0,false,false,7,7,0,20,15,0,wu,M2_empty_history,81
B,denver,2026-06-15,20260615T025023-0400,00:50:22.956753,50,55,57,2,0,,71,55,0,0,false,false,7,7,0,50,41,0,wu,M2_empty_history,81
B,denver,2026-06-15,20260615T032022-0400,01:20:22.202987,80,54,57,3,0,,71,54,0,0,false,false,7,7,0,80,65,0,wu,M2_empty_history,81
B,denver,2026-06-15,20260615T035022-0400,01:50:22.072259,110,53,57,4,0,,71,53,0,0,false,false,7,7,0,110,95,0,wu,M2_empty_history,81
B,denver,2026-06-15,20260615T130459-0400,11:04:59.008006,664,59,62,3,9,62,68,59,0,1,true,true,9,8,-1,664,664,1,wu,M5_cutoff_change,81
B,denver,2026-06-16,20260616T022418-0400,00:24:17.646830,24,59,60,1,0,,80,59,0,0,false,false,7,7,0,24,5,0,wu,M2_empty_history,94
B,denver,2026-06-16,20260616T023409-0400,00:34:08.654701,34,58,60,2,0,,80,58,0,0,false,false,7,7,0,34,25,0,wu,M2_empty_history,94
B,denver,2026-06-16,20260616T024529-0400,00:44:44.569047,44,57,60,3,0,,80,57,0,0,false,false,7,7,0,44,35,0,wu,M2_empty_history,94
B,denver,2026-06-16,20260616T030429-0400,01:04:28.458287,64,56,60,4,0,,80,56,0,0,false,false,7,7,0,64,47,0,wu,M2_empty_history,94
B,denver,2026-06-16,20260616T032522-0400,01:25:21.321234,85,56,60,4,0,,80,56,0,0,false,false,7,7,0,85,74,0,wu,M2_empty_history,94
B,denver,2026-06-16,20260616T033424-0400,01:34:21.395430,94,55,60,5,0,,80,55,0,0,false,false,7,7,0,94,85,0,wu,M2_empty_history,94
B,denver,2026-06-16,20260616T035521-0400,01:55:20.533179,115,54,60,6,0,,80,54,0,0,false,false,7,7,0,115,106,0,wu,M2_empty_history,94
B,denver,2026-06-16,20260616T140828-0400,12:08:26.784936,728,74,79,5,10,74,84,74,0,1,true,true,11,10,-1,728,727,1,wu,M5_cutoff_change,94
B,denver,2026-06-16,20260616T142719-0400,12:27:18.560598,747,79,82,3,11,79,84,79,0,1,true,true,12,11,-1,747,746,1,wu,M5_cutoff_change,94
B,denver,2026-06-16,20260616T174520-0400,15:45:19.655771,945,89,90,1,14,89,91,89,0,1,true,true,15,14,-1,945,942,1,wu,M5_cutoff_change,94
B,denver,2026-06-16,20260616T190342-0400,17:03:41.551254,1023,90,91,1,15,90,92,90,0,1,true,true,16,15,-1,1023,1022,1,wu,M5_cutoff_change,94
B,denver,2026-06-17,20260617T022730-0400,00:27:29.295592,27,74,75,1,0,,93,74,0,0,false,false,7,7,0,27,22,0,wu,M2_empty_history,93
B,denver,2026-06-17,20260617T023729-0400,00:37:28.930878,37,73,75,2,0,,93,73,0,0,false,false,7,7,0,37,27,0,wu,M2_empty_history,93
B,denver,2026-06-17,20260617T030040-0400,01:00:39.793033,60,73,75,2,0,,93,73,0,0,false,false,7,7,0,60,57,0,wu,M2_empty_history,93
B,denver,2026-06-17,20260617T093230-0400,07:32:30.091954,452,79,80,1,6,79,82,73,0,1,true,false,7,7,0,452,451,1,wu,M3_rows_dropped,93
B,denver,2026-06-17,20260617T094129-0400,07:41:29.300129,461,79,80,1,6,79,83,73,0,1,true,false,7,7,0,461,460,1,wu,M3_rows_dropped,93
B,denver,2026-06-17,20260617T094648-0400,07:46:47.720046,466,79,80,1,6,79,83,73,0,1,true,false,7,7,0,466,465,1,wu,M3_rows_dropped,93
B,denver,2026-06-17,20260617T165734-0400,14:57:34.323312,897,87,91,4,13,87,90,86,0,1,true,true,14,13,-1,897,896,1,wu,M5_cutoff_change,93
B,denver,2026-06-17,20260617T170532-0400,15:05:32.224764,905,87,91,4,13,87,90,86,0,1,true,true,14,13,-1,905,904,1,wu,M5_cutoff_change,93
B,denver,2026-06-17,20260617T185333-0400,16:53:32.201127,1013,91,92,1,15,91,92,91,0,1,true,true,16,15,-1,1013,1012,1,wu,M5_cutoff_change,93
B,denver,2026-06-19,20260619T022409-0400,00:23:35.614214,23,69,70,1,0,,88,69,0,0,false,false,7,7,0,23,13,0,wu,M2_empty_history,83
B,denver,2026-06-19,20260619T022945-0400,00:29:42.963838,29,69,70,1,0,,88,69,0,0,false,false,7,7,0,29,26,0,wu,M2_empty_history,83
B,denver,2026-06-19,20260619T025433-0400,00:53:55.755461,53,68,70,2,0,,88,68,0,0,false,false,7,7,0,53,36,0,wu,M2_empty_history,83
B,denver,2026-06-19,20260619T152038-0400,13:20:37.641610,800,75,76,1,12,75,75,75,0,1,true,true,13,12,-1,800,799,1,wu,M5_cutoff_change,83
B,denver,2026-06-19,20260619T153537-0400,13:35:33.592413,815,75,76,1,12,75,75,75,0,1,true,true,13,12,-1,815,808,1,wu,M5_cutoff_change,83
B,denver,2026-06-19,20260619T162650-0400,14:26:49.410610,866,76,78,2,13,76,78,76,0,1,true,true,14,13,-1,866,865,1,wu,M5_cutoff_change,83
B,denver,2026-06-19,20260619T162913-0400,14:29:13.381528,869,76,78,2,13,76,78,76,0,1,true,true,14,13,-1,869,867,1,wu,M5_cutoff_change,83
B,denver,2026-06-19,20260619T163543-0400,14:35:42.548929,875,76,78,2,13,76,78,76,0,1,true,true,14,13,-1,875,873,1,wu,M5_cutoff_change,83
B,denver,2026-06-19,20260619T165340-0400,14:53:40.162365,893,76,78,2,13,76,78,76,0,1,true,true,14,13,-1,893,891,1,wu,M5_cutoff_change,83
B,denver,2026-06-19,20260619T165934-0400,14:59:34.162307,899,76,78,2,13,76,79,76,0,1,true,true,14,13,-1,899,897,1,wu,M5_cutoff_change,83
B,denver,2026-06-19,20260619T172854-0400,15:28:53.550525,928,78,82,4,14,78,80,78,0,1,true,true,15,14,-1,928,927,1,wu,M5_cutoff_change,83
B,denver,2026-06-19,20260619T174243-0400,15:42:42.926524,942,78,82,4,14,78,80,78,0,1,true,true,15,14,-1,942,939,1,wu,M5_cutoff_change,83
B,denver,2026-06-19,20260619T175345-0400,15:53:44.684581,953,78,82,4,14,78,80,78,0,1,true,true,15,14,-1,953,952,1,wu,M5_cutoff_change,83
B,denver,2026-06-19,20260619T203105-0400,18:30:43.360864,1110,82,83,1,17,82,82,82,0,1,true,true,18,17,-1,1110,1108,1,wu,M5_cutoff_change,83
B,denver,2026-06-20,20260620T022839-0400,00:28:38.851283,28,61,62,1,0,,82,61,0,0,false,false,7,7,0,28,25,0,wu,M2_empty_history,88
B,denver,2026-06-20,20260620T025840-0400,00:58:40.403822,58,60,62,2,0,,82,60,0,0,false,false,7,7,0,58,45,0,wu,M2_empty_history,88
B,denver,2026-06-20,20260620T032840-0400,01:28:40.727593,88,59,62,3,0,,82,59,0,0,false,false,7,7,0,88,85,0,wu,M2_empty_history,88
B,denver,2026-06-20,20260620T033242-0400,01:32:42.514576,92,59,62,3,0,,82,59,0,0,false,false,7,7,0,92,91,0,wu,M2_empty_history,88
B,denver,2026-06-20,20260620T033440-0400,01:34:39.940313,94,59,62,3,0,,82,59,0,0,false,false,7,7,0,94,93,0,wu,M2_empty_history,88
B,denver,2026-06-20,20260620T035839-0400,01:58:38.873911,118,58,62,4,0,,82,58,0,0,false,false,7,7,0,118,115,0,wu,M2_empty_history,88
B,denver,2026-06-20,20260620T043041-0400,02:30:40.816740,150,57,62,5,0,,82,57,0,0,false,false,7,7,0,150,135,0,wu,M2_empty_history,88
B,denver,2026-06-20,20260620T043541-0400,02:35:41.190057,155,57,62,5,0,,82,57,0,0,false,false,7,7,0,155,154,0,wu,M2_empty_history,88
B,denver,2026-06-20,20260620T045841-0400,02:58:41.303411,178,56,62,6,0,,82,56,0,0,false,false,7,7,0,178,175,0,wu,M2_empty_history,88
B,denver,2026-06-20,20260620T090343-0400,07:03:43.594222,423,59,62,3,6,59,82,51,0,1,true,false,7,7,0,423,422,1,wu,M3_rows_dropped,88
B,denver,2026-06-20,20260620T090551-0400,07:05:50.866056,425,59,62,3,6,59,82,51,0,1,true,false,7,7,0,425,424,1,wu,M3_rows_dropped,88
B,denver,2026-06-20,20260620T091948-0400,07:19:48.235646,439,59,62,3,6,59,62,51,0,1,true,false,7,7,0,439,438,1,wu,M3_rows_dropped,88
B,denver,2026-06-20,20260620T104332-0400,08:43:31.021402,523,61,62,1,7,61,66,61,0,1,true,true,8,7,-1,523,520,1,wu,M5_cutoff_change,88
B,denver,2026-06-20,20260620T104624-0400,08:46:23.886511,526,61,62,1,7,61,66,61,0,1,true,true,8,7,-1,526,524,1,wu,M5_cutoff_change,88
B,denver,2026-06-20,20260620T105331-0400,08:53:30.326910,533,61,62,1,7,61,66,61,0,1,true,true,8,7,-1,533,530,1,wu,M5_cutoff_change,88
B,denver,2026-06-20,20260620T111134-0400,09:11:33.938085,551,62,64,2,8,62,67,62,0,1,true,true,9,8,-1,551,550,1,wu,M5_cutoff_change,88
B,denver,2026-06-20,20260620T111620-0400,09:16:19.620383,556,62,64,2,8,62,67,62,0,1,true,true,9,8,-1,556,555,1,wu,M5_cutoff_change,88
B,denver,2026-06-20,20260620T112933-0400,09:29:32.893741,569,62,64,2,8,62,68,62,0,1,true,true,9,8,-1,569,567,1,wu,M5_cutoff_change,88
B,denver,2026-06-20,20260620T123230-0400,10:32:29.103267,632,64,71,7,9,64,73,64,0,1,true,true,10,9,-1,632,626,1,wu,M5_cutoff_change,88
B,denver,2026-06-20,20260620T124825-0400,10:48:24.697882,648,64,71,7,9,64,73,64,0,1,true,true,10,9,-1,648,640,1,wu,M5_cutoff_change,88
B,denver,2026-06-20,20260620T125220-0400,10:52:20.024978,652,64,71,7,9,64,74,64,0,1,true,true,10,9,-1,652,650,1,wu,M5_cutoff_change,88
B,denver,2026-06-20,20260620T130440-0400,11:04:39.519209,664,71,76,5,10,71,75,71,0,1,true,true,11,10,-1,664,663,1,wu,M5_cutoff_change,88
B,denver,2026-06-20,20260620T130623-0400,11:06:22.817139,666,71,76,5,10,71,75,71,0,1,true,true,11,10,-1,666,665,1,wu,M5_cutoff_change,88
B,denver,2026-06-20,20260620T131730-0400,11:17:29.320909,677,71,76,5,10,71,76,71,0,1,true,true,11,10,-1,677,676,1,wu,M5_cutoff_change,88
B,denver,2026-06-20,20260620T140933-0400,12:09:33.177060,729,76,82,6,11,76,80,76,0,1,true,true,12,11,-1,729,728,1,wu,M5_cutoff_change,88
B,denver,2026-06-20,20260620T141130-0400,12:11:30.139040,731,76,82,6,11,76,81,76,0,1,true,true,12,11,-1,731,730,1,wu,M5_cutoff_change,88
B,denver,2026-06-20,20260620T170136-0400,15:01:35.167795,901,82,88,6,13,82,86,82,0,1,true,true,14,13,-1,901,900,1,wu,M5_cutoff_change,88
B,denver,2026-06-21,20260621T025411-0400,00:53:04.719750,53,62,63,1,0,,87,62,0,0,false,false,7,7,0,53,41,0,wu,M2_empty_history,87
B,denver,2026-06-21,20260621T031315-0400,01:13:14.828134,73,62,63,1,0,,87,62,0,0,false,false,7,7,0,73,64,0,wu,M2_empty_history,87
B,denver,2026-06-21,20260621T031515-0400,01:15:14.886222,75,62,63,1,0,,87,62,0,0,false,false,7,7,0,75,74,0,wu,M2_empty_history,87
B,denver,2026-06-21,20260621T103112-0400,08:31:05.147604,511,63,67,4,7,63,70,61,0,1,true,true,8,7,-1,511,508,1,wu,M5_cutoff_change,87
B,denver,2026-06-21,20260621T103956-0400,08:39:53.418343,519,63,67,4,7,63,70,61,0,1,true,true,8,7,-1,519,519,1,wu,M5_cutoff_change,87
B,denver,2026-06-21,20260621T112931-0400,09:29:25.808748,569,67,72,5,8,67,74,67,0,1,true,true,9,8,-1,569,568,1,wu,M5_cutoff_change,87
B,denver,2026-06-21,20260621T124236-0400,10:42:34.939533,642,72,78,6,9,72,81,72,0,1,true,true,10,9,-1,642,640,1,wu,M5_cutoff_change,87
B,denver,2026-06-21,20260621T125236-0400,10:52:35.673466,652,72,78,6,9,72,82,72,0,1,true,true,10,9,-1,652,644,1,wu,M5_cutoff_change,87
B,denver,2026-06-21,20260621T132524-0400,11:25:23.372038,685,72,78,6,9,72,84,72,0,1,true,true,10,9,-1,685,683,1,wu,M5_cutoff_change,87
B,denver,2026-06-22,20260622T025729-0400,00:57:28.068436,57,60,61,1,0,,88,60,0,0,false,false,7,7,0,57,41,0,wu,M2_empty_history,89
B,denver,2026-06-22,20260622T030544-0400,01:05:44.689730,65,60,61,1,0,,88,60,0,0,false,false,7,7,0,65,64,0,wu,M2_empty_history,89
B,denver,2026-06-22,20260622T031822-0400,01:18:22.482490,78,59,61,2,0,,88,59,0,0,false,false,7,7,0,78,65,0,wu,M2_empty_history,89
B,denver,2026-06-22,20260622T034825-0400,01:48:25.012610,108,58,61,3,0,,88,58,0,0,false,false,7,7,0,108,100,0,wu,M2_empty_history,89
B,denver,2026-06-22,20260622T103828-0400,08:38:27.694880,518,59,66,7,6,59,67,56,0,1,true,true,8,7,-1,518,517,1,wu,M5_cutoff_change,89
B,denver,2026-06-22,20260622T104438-0400,08:44:37.815016,524,59,66,7,6,59,67,56,0,1,true,true,8,7,-1,524,521,1,wu,M5_cutoff_change,89
B,denver,2026-06-22,20260622T104936-0400,08:49:36.033686,529,59,66,7,6,59,68,56,0,1,true,true,8,7,-1,529,525,1,wu,M5_cutoff_change,89
B,denver,2026-06-22,20260622T105811-0400,08:58:10.647427,538,59,66,7,6,59,68,56,0,1,true,true,8,7,-1,538,531,1,wu,M5_cutoff_change,89
B,denver,2026-06-22,20260622T112741-0400,09:27:40.876742,567,66,69,3,7,66,70,66,0,1,true,true,9,8,-1,567,566,1,wu,M5_cutoff_change,89
B,denver,2026-06-22,20260622T113339-0400,09:33:37.444193,573,66,69,3,7,66,70,66,0,1,true,true,9,8,-1,573,570,1,wu,M5_cutoff_change,89
B,denver,2026-06-22,20260622T114656-0400,09:46:51.533744,586,66,69,3,7,66,71,66,0,1,true,true,9,8,-1,586,582,1,wu,M5_cutoff_change,89
B,denver,2026-06-22,20260622T115710-0400,09:57:06.288556,597,66,69,3,7,66,72,66,0,1,true,true,9,8,-1,597,590,1,wu,M5_cutoff_change,89
B,denver,2026-06-22,20260622T130829-0400,11:08:28.460524,668,69,76,7,8,69,77,69,0,1,true,true,10,9,-1,668,667,1,wu,M5_cutoff_change,89
B,denver,2026-06-26,20260626T041835-0400,02:18:35.153154,138,55,56,1,0,,78,55,0,0,false,false,7,7,0,138,129,0,wu,M2_empty_history,89
B,denver,2026-06-26,20260626T051933-0400,03:19:33.520146,199,56,59,3,1,56,78,56,0,2,true,false,7,7,0,199,198,2,wu,M3_rows_dropped,89
B,denver,2026-06-26,20260627T012845-0400,23:28:44.553170,1408,70,89,19,0,,89,70,0,25,true,false,20,20,0,1408,1398,24,wu,M2_empty_history,89
B,denver,2026-06-26,20260627T015709-0400,23:57:08.415752,1437,69,89,20,0,,89,69,0,0,false,false,20,20,0,1437,1419,0,wu,M2_empty_history,89
B,denver,2026-06-27,20260627T031650-0400,01:16:49.626160,76,68,69,1,0,,89,68,0,0,false,false,7,7,0,76,57,0,wu,M2_empty_history,97
B,denver,2026-06-27,20260627T040651-0400,02:06:51.190664,126,67,69,2,0,,89,67,0,0,false,false,7,7,0,126,106,0,wu,M2_empty_history,97
B,denver,2026-06-27,20260627T050843-0400,03:08:42.747179,188,66,69,3,0,,89,66,0,0,false,false,7,7,0,188,178,0,wu,M2_empty_history,97
B,denver,2026-06-27,20260627T055837-0400,03:58:36.787411,238,65,69,4,0,,89,65,0,0,false,false,7,7,0,238,218,0,wu,M2_empty_history,97
B,denver,2026-06-27,20260627T090749-0400,07:07:47.693898,427,69,70,1,0,,89,69,0,0,false,false,7,7,0,427,410,0,wu,M2_empty_history,97
B,houston,2026-06-07,20260607T020350-0400,01:03:50.778150,63,80,81,1,1,80,88,80,0,0,true,false,9,9,0,63,53,0,wu,M6_unexplained,85
B,houston,2026-06-12,20260612T020454-0400,01:04:54.831300,64,81,82,1,1,81,91,81,0,0,true,false,7,7,0,64,54,0,wu,M6_unexplained,91
B,houston,2026-06-13,20260613T014705-0400,00:47:05.419637,47,80,81,1,0,,91,80,0,0,false,false,7,7,0,47,36,0,wu,M2_empty_history,92
B,houston,2026-06-13,20260613T114238-0400,10:42:38.021100,642,82,85,3,9,85,88,82,0,1,true,true,9,8,-1,642,632,1,wu,M5_cutoff_change,92
B,houston,2026-06-17,20260617T132150-0400,12:21:49.762619,741,80,83,3,25,80,84,80,0,1,true,true,12,11,-1,741,740,1,wu,M5_cutoff_change,88
B,houston,2026-06-17,20260617T143638-0400,13:36:37.550394,816,83,86,3,26,83,86,83,0,1,true,true,13,12,-1,816,808,1,wu,M5_cutoff_change,88
B,houston,2026-06-17,20260617T143939-0400,13:39:38.879490,819,83,86,3,26,83,86,83,0,1,true,true,13,12,-1,819,817,1,wu,M5_cutoff_change,88
B,houston,2026-06-17,20260617T144239-0400,13:42:39.400910,822,83,86,3,26,83,86,83,0,1,true,true,13,12,-1,822,820,1,wu,M5_cutoff_change,88
B,houston,2026-06-19,20260619T100648-0400,09:06:47.868103,546,83,86,3,11,83,86,83,0,2,true,true,9,8,-1,546,543,2,wu,M5_cutoff_change,92
B,houston,2026-06-19,20260619T130910-0400,12:09:09.986590,729,89,90,1,16,89,90,89,0,1,true,true,12,11,-1,729,728,1,wu,M5_cutoff_change,92
B,houston,2026-06-19,20260619T131111-0400,12:11:10.832374,731,89,90,1,16,89,90,89,0,1,true,true,12,11,-1,731,730,1,wu,M5_cutoff_change,92
B,houston,2026-06-19,20260619T131435-0400,12:14:35.142545,734,89,90,1,16,89,91,89,0,1,true,true,12,11,-1,734,733,1,wu,M5_cutoff_change,92
B,houston,2026-06-19,20260619T134614-0400,12:46:14.408261,766,89,90,1,16,89,91,89,0,1,true,true,12,11,-1,766,763,1,wu,M5_cutoff_change,92
B,houston,2026-06-19,20260619T135125-0400,12:51:24.635435,771,89,90,1,16,89,91,89,0,1,true,true,12,11,-1,771,770,1,wu,M5_cutoff_change,92
B,houston,2026-06-19,20260619T141307-0400,13:13:07.027195,793,90,91,1,17,90,92,90,0,1,true,true,13,12,-1,793,792,1,wu,M5_cutoff_change,92
B,houston,2026-06-19,20260619T141746-0400,13:17:45.939373,797,90,91,1,17,90,92,90,0,1,true,true,13,12,-1,797,796,1,wu,M5_cutoff_change,92
B,houston,2026-06-19,20260619T152040-0400,14:20:40.305338,860,91,92,1,18,91,92,91,0,1,true,true,14,13,-1,860,859,1,wu,M5_cutoff_change,92
B,houston,2026-06-19,20260619T152613-0400,14:26:12.401882,866,91,92,1,18,91,92,91,0,1,true,true,14,13,-1,866,864,1,wu,M5_cutoff_change,92
B,houston,2026-06-19,20260619T153542-0400,14:35:40.093700,875,91,92,1,18,91,92,91,0,1,true,true,14,13,-1,875,875,1,wu,M5_cutoff_change,92
B,houston,2026-06-20,20260620T015642-0400,00:56:42.093425,56,83,84,1,1,83,93,83,0,0,true,false,7,7,0,56,45,0,wu,M6_unexplained,85
B,houston,2026-06-21,20260621T060125-0400,05:01:25.115742,301,77,78,1,5,77,87,77,0,1,true,false,7,7,0,301,300,1,wu,M3_rows_dropped,88
B,houston,2026-06-21,20260621T060442-0400,05:04:42.247056,304,77,78,1,5,77,87,77,0,1,true,false,7,7,0,304,303,1,wu,M3_rows_dropped,88
B,houston,2026-06-21,20260621T060827-0400,05:08:27.416481,308,77,78,1,5,77,87,77,0,1,true,false,7,7,0,308,306,1,wu,M3_rows_dropped,88
B,houston,2026-06-21,20260621T061229-0400,05:12:29.319353,312,77,78,1,5,77,87,77,0,1,true,false,7,7,0,312,311,1,wu,M3_rows_dropped,88
B,houston,2026-06-21,20260621T062034-0400,05:20:33.973343,320,77,78,1,5,77,87,77,0,1,true,false,7,7,0,320,319,1,wu,M3_rows_dropped,88
B,houston,2026-06-21,20260621T062422-0400,05:24:22.339363,324,77,78,1,5,77,87,77,0,1,true,false,7,7,0,324,323,1,wu,M3_rows_dropped,88
B,houston,2026-06-21,20260621T063123-0400,05:31:23.030238,331,77,78,1,5,77,87,77,0,1,true,false,7,7,0,331,330,1,wu,M3_rows_dropped,88
B,houston,2026-06-21,20260621T131737-0400,12:17:36.740039,737,78,81,3,13,78,81,78,0,1,true,true,12,11,-1,737,736,1,wu,M5_cutoff_change,88
B,houston,2026-06-21,20260621T131937-0400,12:19:37.438366,739,78,81,3,13,78,81,78,0,1,true,true,12,11,-1,739,738,1,wu,M5_cutoff_change,88
B,houston,2026-06-21,20260621T132435-0400,12:24:35.074379,744,78,81,3,13,78,81,78,0,1,true,true,12,11,-1,744,743,1,wu,M5_cutoff_change,88
B,houston,2026-06-21,20260621T151551-0400,14:15:51.362534,855,87,88,1,15,87,89,87,0,1,true,true,14,13,-1,855,853,1,wu,M5_cutoff_change,88
B,houston,2026-06-21,20260621T153739-0400,14:37:38.569556,877,87,88,1,15,87,89,87,0,1,true,true,14,13,-1,877,875,1,wu,M5_cutoff_change,88
B,houston,2026-06-22,20260622T050527-0400,04:05:27.048597,245,81,82,1,4,81,89,81,0,1,true,false,7,7,0,245,243,1,wu,M3_rows_dropped,92
B,houston,2026-06-22,20260622T051023-0400,04:10:23.644999,250,81,82,1,4,81,89,81,0,1,true,false,7,7,0,250,249,1,wu,M3_rows_dropped,92
B,houston,2026-06-22,20260622T052122-0400,04:21:22.653895,261,81,82,1,4,81,89,81,0,1,true,false,7,7,0,261,260,1,wu,M3_rows_dropped,92
B,houston,2026-06-22,20260622T053132-0400,04:31:32.059407,271,81,82,1,4,81,89,81,0,1,true,false,7,7,0,271,270,1,wu,M3_rows_dropped,92
B,houston,2026-06-22,20260622T053334-0400,04:33:34.410241,273,81,82,1,4,81,89,81,0,1,true,false,7,7,0,273,272,1,wu,M3_rows_dropped,92
B,houston,2026-06-22,20260622T053922-0400,04:39:22.441633,279,81,82,1,4,81,89,81,0,1,true,false,7,7,0,279,278,1,wu,M3_rows_dropped,92
B,houston,2026-06-22,20260622T090432-0400,08:04:31.776993,484,82,83,1,10,82,83,81,0,2,true,true,8,7,-1,484,483,2,wu,M5_cutoff_change,92
B,houston,2026-06-22,20260622T100538-0400,09:05:38.191490,545,83,86,3,12,83,86,83,0,1,true,true,9,8,-1,545,543,1,wu,M5_cutoff_change,92
B,houston,2026-06-22,20260622T100731-0400,09:07:31.319993,547,83,86,3,12,83,86,83,0,1,true,true,9,8,-1,547,546,1,wu,M5_cutoff_change,92
B,houston,2026-06-22,20260622T102236-0400,09:22:36.233380,562,83,86,3,12,83,87,83,0,1,true,true,9,8,-1,562,560,1,wu,M5_cutoff_change,92
B,houston,2026-06-22,20260622T102827-0400,09:28:26.968535,568,83,86,3,12,83,87,83,0,1,true,true,9,8,-1,568,566,1,wu,M5_cutoff_change,92
B,houston,2026-06-22,20260622T122239-0400,11:22:38.235787,682,87,89,2,14,87,90,87,0,1,true,true,11,10,-1,682,677,1,wu,M5_cutoff_change,92
B,houston,2026-06-22,20260622T122631-0400,11:26:31.309679,686,87,89,2,14,87,90,87,0,1,true,true,11,10,-1,686,685,1,wu,M5_cutoff_change,92
B,houston,2026-06-22,20260622T123241-0400,11:32:40.673824,692,87,89,2,14,87,90,87,0,1,true,true,11,10,-1,692,691,1,wu,M5_cutoff_change,92
B,houston,2026-06-22,20260622T123437-0400,11:34:36.855011,694,87,89,2,14,87,90,87,0,1,true,true,11,10,-1,694,693,1,wu,M5_cutoff_change,92
B,houston,2026-06-22,20260622T123852-0400,11:38:50.828925,698,87,89,2,14,87,90,87,0,1,true,true,11,10,-1,698,696,1,wu,M5_cutoff_change,92
B,houston,2026-06-22,20260622T125121-0400,11:51:20.841703,711,87,89,2,14,87,90,87,0,1,true,true,11,10,-1,711,709,1,wu,M5_cutoff_change,92
B,houston,2026-06-22,20260622T130831-0400,12:08:31.545235,728,89,91,2,15,89,91,89,0,1,true,true,12,11,-1,728,727,1,wu,M5_cutoff_change,92
B,houston,2026-06-22,20260622T131526-0400,12:15:26.150755,735,89,91,2,15,89,91,89,0,1,true,true,12,11,-1,735,733,1,wu,M5_cutoff_change,92
B,houston,2026-06-26,20260626T134547-0400,12:45:47.430363,765,88,91,3,14,88,92,88,0,1,true,true,12,11,-1,765,764,1,wu,M5_cutoff_change,92
B,los-angeles,2026-06-09,20260609T143649-0400,11:36:49.695892,696,70,71,1,13,70,70,70,1,1,true,false,11,11,0,696,686,2,wu,M3_rows_dropped,72
B,los-angeles,2026-06-13,20260613T113214-0400,08:32:13.876399,512,64,66,2,8,66,66,64,0,1,true,true,8,7,-1,512,501,1,wu,M5_cutoff_change,72
B,los-angeles,2026-06-13,20260613T115310-0400,08:53:09.541921,533,64,66,2,8,66,67,64,0,1,true,true,8,7,-1,533,522,1,wu,M5_cutoff_change,72
B,los-angeles,2026-06-14,20260614T101008-0400,07:10:08.845926,430,62,64,2,7,62,63,62,0,1,true,false,7,7,0,430,429,1,wu,M3_rows_dropped,71
B,los-angeles,2026-06-14,20260614T101306-0400,07:13:06.590168,433,62,64,2,7,62,63,62,0,1,true,false,7,7,0,433,431,1,wu,M3_rows_dropped,71
B,los-angeles,2026-06-19,20260619T140344-0400,11:03:43.686749,663,63,67,4,9,63,66,63,0,3,true,true,11,7,-4,663,661,3,wu,M5_cutoff_change,70
B,los-angeles,2026-06-19,20260619T152043-0400,12:20:42.706911,740,67,70,3,12,67,68,67,0,1,true,true,12,11,-1,740,739,1,wu,M5_cutoff_change,70
B,los-angeles,2026-06-19,20260619T153546-0400,12:35:44.340618,755,67,70,3,12,67,68,67,0,1,true,true,12,11,-1,755,748,1,wu,M5_cutoff_change,70
B,los-angeles,2026-06-19,20260619T155153-0400,12:51:53.549025,771,67,70,3,12,67,69,67,0,1,true,true,12,11,-1,771,770,1,wu,M5_cutoff_change,70
B,los-angeles,2026-06-20,20260620T111138-0400,08:11:37.855068,491,61,63,2,8,61,63,61,0,2,true,true,8,7,-1,491,490,2,wu,M5_cutoff_change,70
B,los-angeles,2026-06-20,20260620T111628-0400,08:16:28.161556,496,61,63,2,8,61,63,61,0,2,true,true,8,7,-1,496,496,2,wu,M5_cutoff_change,70
B,los-angeles,2026-06-20,20260620T130445-0400,10:04:44.630557,604,65,66,1,13,65,66,65,0,1,true,true,10,9,-1,604,603,2,wu,M5_cutoff_change,70
B,los-angeles,2026-06-20,20260620T130626-0400,10:06:25.732886,606,65,66,1,13,65,66,65,0,1,true,true,10,9,-1,606,605,2,wu,M5_cutoff_change,70
B,los-angeles,2026-06-20,20260620T161503-0400,13:15:02.401004,795,68,69,1,16,68,68,68,0,1,true,true,13,12,-1,795,793,1,wu,M5_cutoff_change,70
B,los-angeles,2026-06-20,20260620T161945-0400,13:19:45.138157,799,68,69,1,16,68,68,68,0,1,true,true,13,12,-1,799,795,1,wu,M5_cutoff_change,70
B,los-angeles,2026-06-20,20260620T163537-0400,13:35:36.572869,815,68,69,1,16,68,68,68,0,1,true,true,13,12,-1,815,814,1,wu,M5_cutoff_change,70
B,los-angeles,2026-06-20,20260620T163938-0400,13:39:37.828980,819,68,69,1,16,68,68,68,0,1,true,true,13,12,-1,819,818,1,wu,M5_cutoff_change,70
B,los-angeles,2026-06-20,20260620T164331-0400,13:43:31.003494,823,68,69,1,16,68,68,68,0,1,true,true,13,12,-1,823,822,1,wu,M5_cutoff_change,70
B,los-angeles,2026-06-20,20260620T164539-0400,13:45:38.396886,825,68,69,1,16,68,69,68,0,1,true,true,13,12,-1,825,824,1,wu,M5_cutoff_change,70
B,los-angeles,2026-06-20,20260620T170242-0400,14:02:42.141736,842,69,70,1,17,69,69,69,0,1,true,true,14,13,-1,842,841,1,wu,M5_cutoff_change,70
B,los-angeles,2026-06-20,20260620T170539-0400,14:05:39.185129,845,69,70,1,17,69,69,69,0,1,true,true,14,13,-1,845,844,1,wu,M5_cutoff_change,70
B,los-angeles,2026-06-20,20260620T170841-0400,14:08:40.461746,848,69,70,1,17,69,69,69,0,1,true,true,14,13,-1,848,847,1,wu,M5_cutoff_change,70
B,los-angeles,2026-06-20,20260620T171231-0400,14:12:30.697972,852,69,70,1,17,69,69,69,0,1,true,true,14,13,-1,852,850,1,wu,M5_cutoff_change,70
B,los-angeles,2026-06-20,20260620T171945-0400,14:19:45.225003,859,69,70,1,17,69,69,69,0,1,true,true,14,13,-1,859,857,1,wu,M5_cutoff_change,70
B,los-angeles,2026-06-20,20260620T173308-0400,14:33:07.584130,873,69,70,1,17,69,69,69,0,1,true,true,14,13,-1,873,872,1,wu,M5_cutoff_change,70
B,los-angeles,2026-06-20,20260620T173710-0400,14:37:10.151837,877,69,70,1,17,69,69,69,0,1,true,true,14,13,-1,877,876,1,wu,M5_cutoff_change,70
B,los-angeles,2026-06-20,20260620T173920-0400,14:39:20.447027,879,69,70,1,17,69,69,69,0,1,true,true,14,13,-1,879,878,1,wu,M5_cutoff_change,70
B,los-angeles,2026-06-21,20260621T110426-0400,08:04:25.465756,484,62,64,2,8,62,63,62,0,3,true,true,8,7,-1,484,482,3,wu,M5_cutoff_change,70
B,los-angeles,2026-06-21,20260621T110640-0400,08:06:39.509123,486,62,64,2,8,62,63,62,0,3,true,true,8,7,-1,486,485,3,wu,M5_cutoff_change,70
B,los-angeles,2026-06-21,20260621T111432-0400,08:14:32.048194,494,62,64,2,8,62,64,62,0,3,true,true,8,7,-1,494,493,3,wu,M5_cutoff_change,70
B,los-angeles,2026-06-21,20260621T144429-0400,11:44:28.847499,704,66,67,1,13,66,67,66,0,1,true,true,11,10,-1,704,703,1,wu,M5_cutoff_change,70
B,los-angeles,2026-06-21,20260621T151555-0400,12:15:55.040627,735,67,69,2,14,67,68,67,0,1,true,true,12,11,-1,735,733,1,wu,M5_cutoff_change,70
B,los-angeles,2026-06-21,20260621T153742-0400,12:37:42.288115,757,67,69,2,14,67,68,67,0,1,true,true,12,11,-1,757,755,1,wu,M5_cutoff_change,70
B,los-angeles,2026-06-21,20260621T154531-0400,12:45:31.363220,765,67,69,2,14,67,69,67,0,1,true,true,12,11,-1,765,760,1,wu,M5_cutoff_change,70
B,los-angeles,2026-06-21,20260621T160241-0400,13:02:41.528032,782,69,70,1,16,69,69,69,0,1,true,true,13,12,-1,782,781,2,wu,M5_cutoff_change,70
B,los-angeles,2026-06-21,20260621T161545-0400,13:15:45.562988,795,69,70,1,16,69,69,69,0,1,true,true,13,12,-1,795,792,2,wu,M5_cutoff_change,70
B,los-angeles,2026-06-21,20260621T161938-0400,13:19:38.658904,799,69,70,1,16,69,69,69,0,1,true,true,13,12,-1,799,798,2,wu,M5_cutoff_change,70
B,los-angeles,2026-06-21,20260621T162924-0400,13:29:23.630361,809,69,70,1,16,69,69,69,0,1,true,true,13,12,-1,809,808,2,wu,M5_cutoff_change,70
B,los-angeles,2026-06-21,20260621T163832-0400,13:38:31.746047,818,69,70,1,16,69,69,69,0,1,true,true,13,12,-1,818,816,2,wu,M5_cutoff_change,70
B,los-angeles,2026-06-21,20260621T164335-0400,13:43:35.136844,823,69,70,1,16,69,69,69,0,1,true,true,13,12,-1,823,822,2,wu,M5_cutoff_change,70
B,los-angeles,2026-06-22,20260622T033023-0400,00:30:22.545556,30,61,62,1,0,,69,61,0,0,false,false,7,7,0,30,20,0,wu,M2_empty_history,71
B,los-angeles,2026-06-22,20260622T072045-0400,04:20:45.267041,260,62,63,1,3,62,69,62,0,2,true,false,7,7,0,260,257,2,wu,M3_rows_dropped,71
B,los-angeles,2026-06-22,20260622T111132-0400,08:11:31.490062,491,63,64,1,9,63,63,63,0,1,true,true,8,7,-1,491,490,1,wu,M5_cutoff_change,71
B,los-angeles,2026-06-22,20260622T121046-0400,09:10:44.772649,550,64,65,1,11,64,65,64,0,1,true,true,9,8,-1,550,542,2,wu,M5_cutoff_change,71
B,los-angeles,2026-06-22,20260622T122242-0400,09:22:41.632684,562,64,65,1,11,64,65,64,0,1,true,true,9,8,-1,562,557,2,wu,M5_cutoff_change,71
B,los-angeles,2026-06-22,20260622T122636-0400,09:26:35.840373,566,64,65,1,11,64,65,64,0,1,true,true,9,8,-1,566,565,2,wu,M5_cutoff_change,71
B,los-angeles,2026-06-22,20260622T123440-0400,09:34:40.046729,574,64,65,1,11,64,65,64,0,1,true,true,9,8,-1,574,573,2,wu,M5_cutoff_change,71
B,los-angeles,2026-06-22,20260622T131140-0400,10:11:39.645172,611,65,69,4,12,65,68,65,0,1,true,true,10,9,-1,611,604,1,wu,M5_cutoff_change,71
B,los-angeles,2026-06-22,20260622T131529-0400,10:15:28.972507,615,65,69,4,12,65,68,65,0,1,true,true,10,9,-1,615,613,1,wu,M5_cutoff_change,71
B,los-angeles,2026-06-22,20260622T151925-0400,12:19:20.742479,739,69,70,1,15,69,70,69,0,1,true,true,12,11,-1,739,735,1,wu,M5_cutoff_change,71
B,los-angeles,2026-06-26,20260626T054832-0400,02:48:32.318821,168,62,63,1,2,62,71,62,0,2,true,false,7,7,0,168,167,2,wu,M3_rows_dropped,70
B,los-angeles,2026-06-26,20260626T111557-0400,08:15:57.425412,495,63,65,2,9,63,64,63,0,2,true,true,8,7,-1,495,494,2,wu,M5_cutoff_change,70
B,los-angeles,2026-06-26,20260626T121003-0400,09:10:02.540850,550,65,66,1,11,65,65,65,0,1,true,true,9,8,-1,550,548,1,wu,M5_cutoff_change,70
B,los-angeles,2026-06-26,20260627T012856-0400,22:28:55.719588,1348,63,70,7,0,,70,63,0,29,true,false,20,20,0,1348,1338,26,wu,M2_empty_history,70
B,los-angeles,2026-06-26,20260627T021924-0400,23:19:24.675967,1399,62,70,8,0,,70,62,0,0,false,false,20,20,0,1399,1377,0,wu,M2_empty_history,70
B,miami,2026-06-07,20260607T002133-0400,00:21:33.368987,21,80,81,1,0,,86,80,0,0,false,false,9,9,0,21,11,0,wu,M2_empty_history,88
B,miami,2026-06-07,20260607T010231-0400,01:02:31.296011,62,79,81,2,1,79,86,79,0,0,true,false,9,9,0,62,52,0,wu,M6_unexplained,88
B,miami,2026-06-08,20260608T002139-0400,00:21:38.778809,21,80,81,1,0,,87,80,0,0,false,false,9,9,0,21,11,0,wu,M2_empty_history,90
B,miami,2026-06-13,20260613T001447-0400,00:14:47.848472,14,79,80,1,0,,90,79,0,0,false,false,7,7,0,14,4,0,wu,M2_empty_history,90
B,miami,2026-06-16,20260616T004124-0400,00:41:22.561904,41,81,82,1,0,,93,81,0,0,false,false,7,7,0,41,36,0,wu,M2_empty_history,94
B,miami,2026-06-16,20260616T142725-0400,14:27:25.602478,867,92,94,2,16,92,93,92,0,1,true,true,14,13,-1,867,866,1,wu,M5_cutoff_change,94
B,miami,2026-06-16,20260616T143511-0400,14:35:11.101696,875,92,94,2,16,92,93,92,0,1,true,true,14,13,-1,875,874,1,wu,M5_cutoff_change,94
B,miami,2026-06-17,20260617T090249-0400,09:02:48.648688,542,82,86,4,8,82,85,82,0,1,true,true,9,8,-1,542,541,1,wu,M5_cutoff_change,93
B,miami,2026-06-17,20260617T090945-0400,09:09:44.715239,549,82,86,4,8,82,85,82,0,1,true,true,9,8,-1,549,548,1,wu,M5_cutoff_change,93
B,miami,2026-06-17,20260617T100336-0400,10:03:36.584758,603,86,88,2,9,86,86,86,0,3,true,true,10,9,-1,603,602,3,wu,M5_cutoff_change,93
B,miami,2026-06-17,20260617T100539-0400,10:05:38.808010,605,86,88,2,9,86,86,86,0,3,true,true,10,9,-1,605,604,3,wu,M5_cutoff_change,93
B,miami,2026-06-17,20260617T131737-0400,13:17:37.541031,797,91,92,1,16,91,93,91,0,1,true,true,13,12,-1,797,796,1,wu,M5_cutoff_change,93
B,miami,2026-06-17,20260617T142846-0400,14:28:46.084897,868,92,93,1,17,92,93,92,0,1,true,true,14,13,-1,868,867,1,wu,M5_cutoff_change,93
B,miami,2026-06-17,20260617T143751-0400,14:37:51.415609,877,92,93,1,17,92,93,92,0,1,true,true,14,13,-1,877,876,1,wu,M5_cutoff_change,93
B,miami,2026-06-17,20260617T144057-0400,14:40:56.778120,880,92,93,1,17,92,93,92,0,1,true,true,14,13,-1,880,879,1,wu,M5_cutoff_change,93
B,miami,2026-06-19,20260619T005324-0400,00:53:23.779402,53,83,84,1,0,,92,83,0,0,false,false,7,7,0,53,43,0,wu,M2_empty_history,92
B,miami,2026-06-19,20260619T090345-0400,09:03:44.873032,543,84,86,2,8,84,85,84,0,1,true,true,9,8,-1,543,542,1,wu,M5_cutoff_change,92
B,miami,2026-06-19,20260619T091007-0400,09:10:06.533700,550,84,86,2,8,84,85,84,0,1,true,true,9,8,-1,550,546,1,wu,M5_cutoff_change,92
B,miami,2026-06-19,20260619T100651-0400,10:06:50.506661,606,86,88,2,9,86,87,86,0,1,true,true,10,9,-1,606,603,1,wu,M5_cutoff_change,92
B,miami,2026-06-19,20260619T121323-0400,12:13:23.415408,733,90,91,1,11,90,91,90,0,1,true,true,12,11,-1,733,727,1,wu,M5_cutoff_change,92
B,miami,2026-06-19,20260619T122105-0400,12:21:05.190930,741,90,91,1,11,90,91,90,0,1,true,true,12,11,-1,741,739,1,wu,M5_cutoff_change,92
B,miami,2026-06-19,20260619T124050-0400,12:40:49.816403,760,90,91,1,11,90,92,90,0,1,true,true,12,11,-1,760,759,1,wu,M5_cutoff_change,92
B,miami,2026-06-19,20260619T124249-0400,12:42:48.579882,762,90,91,1,11,90,92,90,0,1,true,true,12,11,-1,762,761,1,wu,M5_cutoff_change,92
B,miami,2026-06-19,20260619T124515-0400,12:45:01.898927,765,90,91,1,11,90,92,90,0,1,true,true,12,11,-1,765,763,1,wu,M5_cutoff_change,92
B,miami,2026-06-19,20260619T125031-0400,12:50:31.320416,770,90,91,1,11,90,92,90,0,1,true,true,12,11,-1,770,768,1,wu,M5_cutoff_change,92
B,miami,2026-06-20,20260620T004842-0400,00:48:42.334754,48,79,80,1,0,,92,79,0,0,false,false,7,7,0,48,47,0,wu,M2_empty_history,93
B,miami,2026-06-20,20260620T071642-0400,07:16:42.136524,436,80,82,2,6,80,80,79,0,1,true,false,7,7,0,436,435,1,wu,M3_rows_dropped,93
B,miami,2026-06-20,20260620T071854-0400,07:18:53.976676,438,80,82,2,6,80,79,79,0,1,true,false,7,7,0,438,437,1,wu,M3_rows_dropped,93
B,miami,2026-06-20,20260620T080247-0400,08:02:47.311317,482,82,84,2,7,82,83,82,0,1,true,true,8,7,-1,482,480,1,wu,M5_cutoff_change,93
B,miami,2026-06-20,20260620T080547-0400,08:05:47.485573,485,82,84,2,7,82,83,82,0,1,true,true,8,7,-1,485,483,1,wu,M5_cutoff_change,93
B,miami,2026-06-20,20260620T090346-0400,09:03:45.772716,543,84,86,2,8,84,85,84,0,1,true,true,9,8,-1,543,542,1,wu,M5_cutoff_change,93
B,miami,2026-06-20,20260620T090554-0400,09:05:54.044683,545,84,86,2,8,84,85,84,0,1,true,true,9,8,-1,545,545,1,wu,M5_cutoff_change,93
B,miami,2026-06-20,20260620T123540-0400,12:35:40.566628,755,89,93,4,11,89,93,89,0,1,true,true,12,11,-1,755,754,1,wu,M5_cutoff_change,93
B,miami,2026-06-21,20260621T091301-0400,09:13:01.228455,553,81,84,3,8,81,82,81,0,1,true,true,9,8,-1,553,549,1,wu,M5_cutoff_change,94
B,miami,2026-06-21,20260621T092002-0400,09:20:02.292013,560,81,84,3,8,81,82,81,0,1,true,true,9,8,-1,560,557,1,wu,M5_cutoff_change,94
B,miami,2026-06-21,20260621T092359-0400,09:23:59.203262,563,81,84,3,8,81,82,81,0,1,true,true,9,8,-1,563,562,1,wu,M5_cutoff_change,94
B,miami,2026-06-21,20260621T093302-0400,09:33:01.855021,573,81,84,3,8,81,83,81,0,1,true,true,9,8,-1,573,570,1,wu,M5_cutoff_change,94
B,miami,2026-06-21,20260621T093606-0400,09:36:06.182693,576,81,84,3,8,81,83,81,0,1,true,true,9,8,-1,576,573,1,wu,M5_cutoff_change,94
B,miami,2026-06-21,20260621T094910-0400,09:49:08.623472,589,81,84,3,8,81,83,81,0,1,true,true,9,8,-1,589,582,1,wu,M5_cutoff_change,94
B,miami,2026-06-21,20260621T095657-0400,09:56:57.234490,596,81,84,3,8,81,84,81,0,1,true,true,9,8,-1,596,596,1,wu,M5_cutoff_change,94
B,miami,2026-06-21,20260621T100106-0400,10:01:06.455782,601,84,87,3,9,84,85,84,0,1,true,true,10,9,-1,601,600,1,wu,M5_cutoff_change,94
B,miami,2026-06-21,20260621T124247-0400,12:42:44.685922,762,89,91,2,11,89,92,89,0,1,true,true,12,11,-1,762,760,1,wu,M5_cutoff_change,94
B,miami,2026-06-21,20260621T131743-0400,13:17:43.101294,797,91,93,2,12,91,93,91,0,1,true,true,13,12,-1,797,796,1,wu,M5_cutoff_change,94
B,miami,2026-06-21,20260621T131942-0400,13:19:41.695081,799,91,93,2,12,91,93,91,0,1,true,true,13,12,-1,799,798,1,wu,M5_cutoff_change,94
B,miami,2026-06-21,20260621T132439-0400,13:24:39.382898,804,91,93,2,12,91,93,91,0,1,true,true,13,12,-1,804,803,1,wu,M5_cutoff_change,94
B,miami,2026-06-21,20260621T151559-0400,15:15:58.791652,915,93,94,1,14,93,93,93,0,1,true,true,15,14,-1,915,914,1,wu,M5_cutoff_change,94
B,miami,2026-06-22,20260622T002528-0400,00:25:27.592738,25,82,83,1,0,,93,82,0,0,false,false,7,7,0,25,13,0,wu,M2_empty_history,93
B,miami,2026-06-22,20260622T003044-0400,00:30:43.747158,30,82,83,1,0,,93,82,0,0,false,false,7,7,0,30,29,0,wu,M2_empty_history,93
B,miami,2026-06-22,20260622T030548-0400,03:05:48.546662,185,83,84,1,2,83,93,83,0,1,true,false,7,7,0,185,184,1,wu,M3_rows_dropped,93
B,miami,2026-06-22,20260622T031826-0400,03:18:26.338053,198,83,84,1,2,83,93,83,0,1,true,false,7,7,0,198,197,1,wu,M3_rows_dropped,93
B,miami,2026-06-22,20260622T032025-0400,03:20:25.070358,200,83,84,1,2,83,93,83,0,1,true,false,7,7,0,200,199,1,wu,M3_rows_dropped,93
B,miami,2026-06-22,20260622T032322-0400,03:23:22.481352,203,83,84,1,2,83,93,83,0,1,true,false,7,7,0,203,201,1,wu,M3_rows_dropped,93
B,miami,2026-06-22,20260622T032638-0400,03:26:37.907829,206,83,84,1,2,83,93,83,0,1,true,false,7,7,0,206,205,1,wu,M3_rows_dropped,93
B,miami,2026-06-22,20260622T033625-0400,03:36:24.958529,216,83,84,1,2,83,93,83,0,1,true,false,7,7,0,216,215,1,wu,M3_rows_dropped,93
B,miami,2026-06-22,20260622T034532-0400,03:45:32.555705,225,83,84,1,2,83,93,83,0,1,true,false,7,7,0,225,224,1,wu,M3_rows_dropped,93
B,miami,2026-06-22,20260622T091743-0400,09:17:42.823053,557,85,86,1,8,85,87,85,0,1,true,true,9,8,-1,557,552,1,wu,M5_cutoff_change,93
B,miami,2026-06-22,20260622T091933-0400,09:19:33.476582,559,85,86,1,8,85,87,85,0,1,true,true,9,8,-1,559,558,1,wu,M5_cutoff_change,93
B,miami,2026-06-22,20260622T092631-0400,09:26:30.599130,566,85,86,1,8,85,87,85,0,1,true,true,9,8,-1,566,561,1,wu,M5_cutoff_change,93
B,miami,2026-06-22,20260622T093127-0400,09:31:27.508040,571,85,86,1,8,85,87,85,0,1,true,true,9,8,-1,571,570,1,wu,M5_cutoff_change,93
B,miami,2026-06-22,20260622T093328-0400,09:33:28.130689,573,85,86,1,8,85,87,85,0,1,true,true,9,8,-1,573,572,1,wu,M5_cutoff_change,93
B,miami,2026-06-22,20260622T093530-0400,09:35:29.982846,575,85,86,1,8,85,87,85,0,1,true,true,9,8,-1,575,574,1,wu,M5_cutoff_change,93
B,miami,2026-06-22,20260622T094126-0400,09:41:25.828501,581,85,86,1,8,85,87,85,0,1,true,true,9,8,-1,581,578,1,wu,M5_cutoff_change,93
B,miami,2026-06-22,20260622T094428-0400,09:44:27.903638,584,85,86,1,8,85,88,85,0,1,true,true,9,8,-1,584,582,1,wu,M5_cutoff_change,93
B,miami,2026-06-22,20260622T094723-0400,09:47:22.618511,587,85,86,1,8,85,88,85,0,1,true,true,9,8,-1,587,585,1,wu,M5_cutoff_change,93
B,miami,2026-06-22,20260622T094923-0400,09:49:23.283402,589,85,86,1,8,85,88,85,0,1,true,true,9,8,-1,589,588,1,wu,M5_cutoff_change,93
B,miami,2026-06-22,20260622T095230-0400,09:52:30.109557,592,85,86,1,8,85,88,85,0,1,true,true,9,8,-1,592,590,1,wu,M5_cutoff_change,93
B,miami,2026-06-22,20260622T095836-0400,09:58:35.603660,598,85,86,1,8,85,88,85,0,1,true,true,9,8,-1,598,596,1,wu,M5_cutoff_change,93
B,miami,2026-06-22,20260622T111136-0400,11:11:35.839104,671,89,90,1,10,89,90,89,0,1,true,true,11,10,-1,671,670,1,wu,M5_cutoff_change,93
B,miami,2026-06-22,20260622T113110-0400,11:31:06.325703,691,89,90,1,10,89,90,89,0,1,true,true,11,10,-1,691,687,1,wu,M5_cutoff_change,93
B,miami,2026-06-22,20260622T114243-0400,11:42:43.517837,702,89,90,1,10,89,91,89,0,1,true,true,11,10,-1,702,702,1,wu,M5_cutoff_change,93
B,miami,2026-06-22,20260622T114918-0400,11:49:09.494008,709,89,90,1,10,89,91,89,0,1,true,true,11,10,-1,709,707,1,wu,M5_cutoff_change,93
B,miami,2026-06-22,20260622T121049-0400,12:10:48.237474,730,90,91,1,11,90,91,90,0,1,true,true,12,11,-1,730,722,1,wu,M5_cutoff_change,93
B,miami,2026-06-22,20260622T122246-0400,12:22:45.095565,742,90,91,1,11,90,92,90,0,1,true,true,12,11,-1,742,737,1,wu,M5_cutoff_change,93
B,miami,2026-06-22,20260622T122639-0400,12:26:39.365006,746,90,91,1,11,90,92,90,0,1,true,true,12,11,-1,746,745,1,wu,M5_cutoff_change,93
B,miami,2026-06-22,20260622T123252-0400,12:32:50.917123,752,90,91,1,11,90,92,90,0,1,true,true,12,11,-1,752,751,1,wu,M5_cutoff_change,93
B,miami,2026-06-22,20260622T123443-0400,12:34:43.502636,754,90,91,1,11,90,92,90,0,1,true,true,12,11,-1,754,753,1,wu,M5_cutoff_change,93
B,miami,2026-06-22,20260622T123900-0400,12:38:57.751637,758,90,91,1,11,90,92,90,0,1,true,true,12,11,-1,758,756,1,wu,M5_cutoff_change,93
B,miami,2026-06-22,20260622T131532-0400,13:15:31.944695,795,91,92,1,12,91,92,91,0,1,true,true,13,12,-1,795,793,1,wu,M5_cutoff_change,93
B,miami,2026-06-26,20260626T005738-0400,00:57:38.297746,57,80,81,1,1,80,92,80,0,0,true,false,7,7,0,57,48,0,wu,M6_unexplained,91
B,miami,2026-06-26,20260626T071950-0400,07:19:50.383850,439,82,83,1,6,82,83,82,0,1,true,false,7,7,0,439,439,1,wu,M3_rows_dropped,91
B,nyc,2026-06-08,20260608T003145-0400,00:31:45.041625,31,68,69,1,0,,81,68,0,0,false,false,9,9,0,31,21,0,wu,M2_empty_history,74
B,nyc,2026-06-12,20260612T002157-0400,00:21:57.617431,21,75,76,1,0,,94,75,0,0,false,false,7,7,0,21,11,0,wu,M2_empty_history,94
B,nyc,2026-06-12,20260612T162945-0400,16:29:45.225785,989,89,93,4,18,93,94,89,0,1,true,true,15,14,-1,989,979,1,wu,M5_cutoff_change,94
B,nyc,2026-06-14,20260614T002901-0400,00:29:01.079297,29,77,78,1,0,,87,77,0,0,false,false,7,7,0,29,18,0,wu,M2_empty_history,90
B,nyc,2026-06-14,20260614T152037-0400,15:20:37.712857,920,88,90,2,15,90,88,88,0,1,true,true,14,13,-1,920,920,2,wu,M5_cutoff_change,90
B,nyc,2026-06-16,20260616T003522-0400,00:35:14.174086,35,64,65,1,0,,75,64,0,0,false,false,7,7,0,35,25,0,wu,M2_empty_history,78
B,nyc,2026-06-16,20260616T090539-0400,09:05:39.103910,545,65,66,1,8,65,66,62,0,1,true,true,9,8,-1,545,544,1,wu,M5_cutoff_change,78
B,nyc,2026-06-16,20260616T093339-0400,09:33:38.849529,573,65,66,1,8,65,67,62,0,1,true,true,9,8,-1,573,565,1,wu,M5_cutoff_change,78
B,nyc,2026-06-16,20260616T143505-0400,14:35:05.160286,875,73,74,1,13,73,75,73,0,1,true,true,14,13,-1,875,874,1,wu,M5_cutoff_change,78
B,nyc,2026-06-17,20260617T081338-0400,08:13:37.791776,493,67,68,1,7,67,69,66,0,1,true,true,8,7,-1,493,492,1,wu,M5_cutoff_change,77
B,nyc,2026-06-17,20260617T090231-0400,09:02:30.868345,542,68,71,3,8,68,71,68,0,1,true,true,9,8,-1,542,541,1,wu,M5_cutoff_change,77
B,nyc,2026-06-17,20260617T100329-0400,10:03:29.022060,603,71,74,3,9,71,74,71,0,1,true,true,10,9,-1,603,602,1,wu,M5_cutoff_change,77
B,nyc,2026-06-17,20260617T110740-0400,11:07:40.245915,667,74,75,1,10,74,75,74,0,1,true,true,11,10,-1,667,665,1,wu,M5_cutoff_change,77
B,nyc,2026-06-17,20260617T111533-0400,11:15:32.565852,675,74,75,1,10,74,75,74,0,1,true,true,11,10,-1,675,673,1,wu,M5_cutoff_change,77
B,nyc,2026-06-19,20260619T003030-0400,00:30:29.038604,30,79,80,1,0,,89,79,0,0,false,false,7,7,0,30,22,0,wu,M2_empty_history,82
B,nyc,2026-06-19,20260619T150340-0400,15:03:37.969654,903,80,82,2,14,80,82,80,0,1,true,true,15,14,-1,903,902,1,wu,M5_cutoff_change,82
B,nyc,2026-06-19,20260619T152029-0400,15:20:29.311579,920,80,82,2,14,80,82,80,0,1,true,true,15,14,-1,920,919,1,wu,M5_cutoff_change,82
B,nyc,2026-06-19,20260619T153510-0400,15:34:01.640807,934,80,82,2,14,80,82,80,0,1,true,true,15,14,-1,934,928,1,wu,M5_cutoff_change,82
B,nyc,2026-06-20,20260620T112819-0400,11:28:18.684588,688,72,75,3,10,72,76,72,0,1,true,true,11,10,-1,688,687,1,wu,M5_cutoff_change,83
B,nyc,2026-06-20,20260620T113721-0400,11:37:21.172203,697,72,75,3,10,72,77,72,0,1,true,true,11,10,-1,697,696,1,wu,M5_cutoff_change,83
B,nyc,2026-06-20,20260620T113919-0400,11:39:19.053479,699,72,75,3,10,72,77,72,0,1,true,true,11,10,-1,699,698,1,wu,M5_cutoff_change,83
B,nyc,2026-06-20,20260620T122819-0400,12:28:18.871132,748,75,77,2,11,75,78,75,0,1,true,true,12,11,-1,748,747,1,wu,M5_cutoff_change,83
B,nyc,2026-06-20,20260620T123325-0400,12:33:25.465526,753,75,77,2,11,75,78,75,0,1,true,true,12,11,-1,753,752,1,wu,M5_cutoff_change,83
B,nyc,2026-06-20,20260620T123518-0400,12:35:17.659663,755,75,77,2,11,75,78,75,0,1,true,true,12,11,-1,755,754,1,wu,M5_cutoff_change,83
B,nyc,2026-06-20,20260620T130427-0400,13:04:26.505407,784,77,79,2,12,77,79,77,0,1,true,true,13,12,-1,784,783,1,wu,M5_cutoff_change,83
B,nyc,2026-06-20,20260620T130717-0400,13:07:16.802524,787,77,79,2,12,77,80,77,0,1,true,true,13,12,-1,787,786,1,wu,M5_cutoff_change,83
B,nyc,2026-06-20,20260620T131421-0400,13:14:20.412748,794,77,79,2,12,77,80,77,0,1,true,true,13,12,-1,794,793,1,wu,M5_cutoff_change,83
B,nyc,2026-06-20,20260620T131808-0400,13:18:08.115776,798,77,79,2,12,77,80,77,0,1,true,true,13,12,-1,798,797,1,wu,M5_cutoff_change,83
B,nyc,2026-06-20,20260620T132013-0400,13:20:12.524305,800,77,79,2,12,77,80,77,0,1,true,true,13,12,-1,800,799,1,wu,M5_cutoff_change,83
B,nyc,2026-06-20,20260620T140817-0400,14:08:17.023166,848,79,81,2,13,79,81,79,0,1,true,true,14,13,-1,848,847,1,wu,M5_cutoff_change,83
B,nyc,2026-06-20,20260620T141219-0400,14:12:18.707817,852,79,81,2,13,79,81,79,0,1,true,true,14,13,-1,852,851,1,wu,M5_cutoff_change,83
B,nyc,2026-06-20,20260620T142219-0400,14:22:18.539420,862,79,81,2,13,79,81,79,0,1,true,true,14,13,-1,862,860,1,wu,M5_cutoff_change,83
B,nyc,2026-06-20,20260620T142918-0400,14:29:18.305284,869,79,81,2,13,79,81,79,0,1,true,true,14,13,-1,869,868,1,wu,M5_cutoff_change,83
B,nyc,2026-06-20,20260620T143120-0400,14:31:19.835759,871,79,81,2,13,79,81,79,0,1,true,true,14,13,-1,871,870,1,wu,M5_cutoff_change,83
B,nyc,2026-06-20,20260620T161432-0400,16:14:30.919934,974,81,83,2,15,81,82,81,0,1,true,true,16,15,-1,974,973,1,wu,M5_cutoff_change,83
B,nyc,2026-06-20,20260620T161932-0400,16:19:31.367970,979,81,83,2,15,81,82,81,0,1,true,true,16,15,-1,979,978,1,wu,M5_cutoff_change,83
B,nyc,2026-06-21,20260621T005704-0400,00:57:03.351533,57,71,72,1,1,71,82,71,0,0,true,false,7,7,0,57,56,0,wu,M6_unexplained,84
B,nyc,2026-06-21,20260621T020309-0400,02:03:08.391775,123,71,72,1,1,71,82,71,0,1,true,false,7,7,0,123,120,1,wu,M3_rows_dropped,84
B,nyc,2026-06-21,20260621T020803-0400,02:08:03.174201,128,71,72,1,1,71,83,71,0,1,true,false,7,7,0,128,127,1,wu,M3_rows_dropped,84
B,nyc,2026-06-21,20260621T022858-0400,02:28:48.792876,148,71,72,1,1,71,82,71,0,1,true,false,7,7,0,148,130,1,wu,M3_rows_dropped,84
B,nyc,2026-06-21,20260621T024031-0400,02:40:30.964423,160,71,72,1,1,71,82,71,0,1,true,false,7,7,0,160,151,1,wu,M3_rows_dropped,84
B,nyc,2026-06-21,20260621T024219-0400,02:42:19.050929,162,71,72,1,1,71,82,71,0,1,true,false,7,7,0,162,161,1,wu,M3_rows_dropped,84
B,nyc,2026-06-21,20260621T024936-0400,02:49:28.152780,169,71,72,1,1,71,82,71,0,1,true,false,7,7,0,169,164,1,wu,M3_rows_dropped,84
B,nyc,2026-06-21,20260621T100254-0400,10:02:53.752526,602,72,76,4,8,72,75,70,0,2,true,true,10,8,-2,602,600,2,wu,M5_cutoff_change,84
B,nyc,2026-06-21,20260621T110314-0400,11:03:14.015733,663,76,77,1,10,76,77,76,0,1,true,true,11,10,-1,663,662,1,wu,M5_cutoff_change,84
B,nyc,2026-06-21,20260621T110615-0400,11:06:14.170513,666,76,77,1,10,76,77,76,0,1,true,true,11,10,-1,666,665,1,wu,M5_cutoff_change,84
B,nyc,2026-06-21,20260621T111319-0400,11:13:18.663354,673,76,77,1,10,76,77,76,0,1,true,true,11,10,-1,673,672,1,wu,M5_cutoff_change,84
B,nyc,2026-06-21,20260621T112351-0400,11:23:50.806013,683,76,77,1,10,76,77,76,0,1,true,true,11,10,-1,683,683,1,wu,M5_cutoff_change,84
B,nyc,2026-06-21,20260621T112857-0400,11:28:52.169871,688,76,77,1,10,76,77,76,0,1,true,true,11,10,-1,688,687,1,wu,M5_cutoff_change,84
B,nyc,2026-06-21,20260621T113236-0400,11:32:34.121645,692,76,77,1,10,76,77,76,0,1,true,true,11,10,-1,692,691,1,wu,M5_cutoff_change,84
B,nyc,2026-06-21,20260621T114220-0400,11:42:19.665496,702,76,77,1,10,76,78,76,0,1,true,true,11,10,-1,702,696,1,wu,M5_cutoff_change,84
B,nyc,2026-06-21,20260621T115238-0400,11:52:31.144010,712,76,77,1,10,76,78,76,0,1,true,true,11,10,-1,712,703,1,wu,M5_cutoff_change,84
B,nyc,2026-06-21,20260621T124619-0400,12:46:18.301839,766,77,79,2,11,77,79,77,0,1,true,true,12,11,-1,766,764,1,wu,M5_cutoff_change,84
B,nyc,2026-06-21,20260621T142920-0400,14:29:19.532958,869,79,80,1,13,79,79,78,0,1,true,true,14,13,-1,869,868,1,wu,M5_cutoff_change,84
B,nyc,2026-06-21,20260621T150320-0400,15:03:19.686108,903,80,82,2,14,80,81,80,0,1,true,true,15,14,-1,903,902,1,wu,M5_cutoff_change,84
B,nyc,2026-06-21,20260621T151529-0400,15:15:29.061496,915,80,82,2,14,80,81,80,0,1,true,true,15,14,-1,915,913,1,wu,M5_cutoff_change,84
B,nyc,2026-06-21,20260621T160222-0400,16:02:22.009372,962,82,83,1,15,82,82,82,0,1,true,true,16,15,-1,962,961,1,wu,M5_cutoff_change,84
B,nyc,2026-06-21,20260621T161524-0400,16:15:23.738585,975,82,83,1,15,82,82,82,0,1,true,true,16,15,-1,975,971,1,wu,M5_cutoff_change,84
B,nyc,2026-06-21,20260621T161923-0400,16:19:22.855088,979,82,83,1,15,82,82,82,0,1,true,true,16,15,-1,979,978,1,wu,M5_cutoff_change,84
B,nyc,2026-06-21,20260621T180422-0400,18:04:21.939292,1084,83,84,1,17,83,83,83,0,1,true,true,18,17,-1,1084,1083,1,wu,M5_cutoff_change,84
B,nyc,2026-06-21,20260621T180921-0400,18:09:20.517094,1089,83,84,1,17,83,83,83,0,1,true,true,18,17,-1,1089,1088,1,wu,M5_cutoff_change,84
B,nyc,2026-06-21,20260621T181132-0400,18:11:31.463395,1091,83,84,1,17,83,83,83,0,1,true,true,18,17,-1,1091,1090,1,wu,M5_cutoff_change,84
B,nyc,2026-06-22,20260622T002020-0400,00:20:19.319009,20,73,74,1,0,,83,73,0,0,false,false,7,7,0,20,12,0,wu,M2_empty_history,73
B,nyc,2026-06-22,20260622T005722-0400,00:57:19.719730,57,72,74,2,1,72,83,72,0,0,true,false,7,7,0,57,44,0,wu,M6_unexplained,73
B,nyc,2026-06-26,20260626T004915-0400,00:49:15.060816,49,71,72,1,0,,83,71,0,0,false,false,7,7,0,49,10,0,wu,M2_empty_history,83
B,nyc,2026-06-26,20260626T124447-0400,12:44:47.101822,764,74,75,1,14,74,75,74,0,1,true,true,12,11,-1,764,763,1,wu,M5_cutoff_change,83
B,nyc,2026-06-26,20260626T143142-0400,14:31:42.121042,871,75,77,2,16,75,77,75,0,2,true,true,14,13,-1,871,870,2,wu,M5_cutoff_change,83
B,nyc,2026-06-26,20260626T152657-0400,15:26:57.275554,926,77,80,3,18,77,80,77,0,1,true,true,15,14,-1,926,926,1,wu,M5_cutoff_change,83
B,san-francisco,2026-06-07,20260607T033542-0400,00:35:42.746806,35,52,53,1,0,,62,52,0,0,false,false,9,9,0,35,25,0,wu,M2_empty_history,67
B,san-francisco,2026-06-07,20260607T040618-0400,01:06:18.536109,66,52,53,1,1,52,62,52,0,0,true,false,9,9,0,66,56,0,wu,M6_unexplained,67
B,san-francisco,2026-06-09,20260609T141618-0400,11:16:18.692624,676,66,67,1,16,66,67,66,1,0,true,false,11,11,0,676,666,1,wu,M6_unexplained,67
B,san-francisco,2026-06-09,20260609T171152-0400,14:11:51.609054,851,67,68,1,18,67,67,67,1,0,false,true,13,14,1,851,841,1,wu,M1_restatement,67
B,san-francisco,2026-06-12,20260612T032642-0400,00:26:42.000925,26,59,60,1,0,,92,59,0,0,false,false,7,7,0,26,16,0,wu,M2_empty_history,71
B,san-francisco,2026-06-13,20260613T032931-0400,00:29:31.548331,29,56,57,1,0,,76,56,0,0,false,false,7,7,0,29,19,0,wu,M2_empty_history,71
B,san-francisco,2026-06-14,20260614T034912-0400,00:49:12.441884,49,59,60,1,0,,74,59,0,0,false,false,7,7,0,49,44,0,wu,M2_empty_history,75
B,san-francisco,2026-06-14,20260614T151103-0400,12:11:03.707969,731,65,66,1,15,66,70,65,0,1,true,true,11,10,-1,731,730,2,wu,M5_cutoff_change,75
B,san-francisco,2026-06-16,20260616T124554-0400,09:45:51.988420,585,60,61,1,10,60,63,60,0,3,true,true,9,8,-1,585,585,1,wu,M5_cutoff_change,70
B,san-francisco,2026-06-16,20260616T140836-0400,11:08:35.587192,668,64,67,3,14,64,68,64,0,1,true,true,11,10,-1,668,667,1,wu,M5_cutoff_change,70
B,san-francisco,2026-06-16,20260616T142728-0400,11:27:28.160869,687,64,67,3,14,64,68,64,0,1,true,true,11,10,-1,687,686,1,wu,M5_cutoff_change,70
B,san-francisco,2026-06-16,20260616T143615-0400,11:36:14.765829,696,64,67,3,14,64,68,64,0,1,true,true,11,10,-1,696,695,1,wu,M5_cutoff_change,70
B,san-francisco,2026-06-19,20260619T121336-0400,09:13:36.411331,553,62,63,1,9,62,63,62,0,1,true,true,9,8,-1,553,553,1,wu,M5_cutoff_change,70
B,san-francisco,2026-06-19,20260619T123943-0400,09:39:42.338769,579,62,63,1,9,62,63,62,0,1,true,true,9,8,-1,579,573,1,wu,M5_cutoff_change,70
B,san-francisco,2026-06-19,20260619T124149-0400,09:41:48.809200,581,62,63,1,9,62,63,62,0,1,true,true,9,8,-1,581,580,1,wu,M5_cutoff_change,70
B,san-francisco,2026-06-19,20260619T124358-0400,09:43:57.333629,583,62,63,1,9,62,63,62,0,1,true,true,9,8,-1,583,582,1,wu,M5_cutoff_change,70
B,san-francisco,2026-06-19,20260619T124836-0400,09:48:35.542886,588,62,63,1,9,62,63,62,0,1,true,true,9,8,-1,588,585,1,wu,M5_cutoff_change,70
B,san-francisco,2026-06-19,20260619T165125-0400,13:51:24.673773,831,66,68,2,13,66,69,66,0,1,true,true,13,12,-1,831,828,1,wu,M5_cutoff_change,70
B,san-francisco,2026-06-20,20260620T054246-0400,02:42:46.583208,162,62,63,1,2,62,70,62,0,1,true,false,7,7,0,162,159,1,wu,M3_rows_dropped,71
B,san-francisco,2026-06-20,20260620T124932-0400,09:49:31.723465,589,63,64,1,10,63,65,63,0,1,true,true,9,8,-1,589,588,1,wu,M5_cutoff_change,71
B,san-francisco,2026-06-20,20260620T125342-0400,09:53:41.991327,593,63,64,1,10,63,65,63,0,1,true,true,9,8,-1,593,592,1,wu,M5_cutoff_change,71
B,san-francisco,2026-06-20,20260620T134727-0400,10:47:27.309204,647,64,66,2,11,64,67,64,0,1,true,true,10,9,-1,647,646,1,wu,M5_cutoff_change,71
B,san-francisco,2026-06-20,20260620T161357-0400,13:13:56.459524,793,70,71,1,14,70,71,70,0,1,true,true,13,12,-1,793,790,1,wu,M5_cutoff_change,71
B,san-francisco,2026-06-20,20260620T161954-0400,13:19:53.345653,799,70,71,1,14,70,70,70,0,1,true,true,13,12,-1,799,796,1,wu,M5_cutoff_change,71
B,san-francisco,2026-06-20,20260620T163334-0400,13:33:32.946488,813,70,71,1,14,70,70,70,0,1,true,true,13,12,-1,813,812,1,wu,M5_cutoff_change,71
B,san-francisco,2026-06-20,20260620T164450-0400,13:44:49.255998,824,70,71,1,14,70,71,70,0,1,true,true,13,12,-1,824,821,1,wu,M5_cutoff_change,71
B,san-francisco,2026-06-21,20260621T145322-0400,11:53:22.123978,713,60,63,3,11,60,65,60,0,1,true,true,11,10,-1,713,703,1,wu,M5_cutoff_change,69
B,san-francisco,2026-06-21,20260621T154537-0400,12:45:37.024357,765,63,65,2,13,64,67,63,0,1,true,true,12,11,-1,765,760,2,wu,M5_cutoff_change,69
B,san-francisco,2026-06-22,20260622T032641-0400,00:26:41.082692,26,56,57,1,0,,70,56,0,0,false,false,7,7,0,26,25,0,wu,M2_empty_history,66
B,san-francisco,2026-06-22,20260622T033630-0400,00:36:30.609885,36,56,57,1,0,,70,56,0,0,false,false,7,7,0,36,35,0,wu,M2_empty_history,66
B,san-francisco,2026-06-22,20260622T034426-0400,00:44:26.377693,44,56,57,1,0,,70,56,0,0,false,false,7,7,0,44,43,0,wu,M2_empty_history,66
B,san-francisco,2026-06-22,20260622T035535-0400,00:55:35.557205,55,56,57,1,0,,70,56,0,0,false,false,7,7,0,55,54,0,wu,M2_empty_history,66
B,san-francisco,2026-06-22,20260622T131540-0400,10:15:39.579904,615,57,61,4,12,57,61,57,0,2,true,true,10,9,-1,615,613,2,wu,M5_cutoff_change,66
B,san-francisco,2026-06-22,20260622T132658-0400,10:26:57.963731,626,57,61,4,12,57,61,57,0,2,true,true,10,9,-1,626,616,2,wu,M5_cutoff_change,66
B,san-francisco,2026-06-22,20260622T141856-0400,11:18:55.495758,678,61,63,2,15,61,63,61,0,1,true,true,11,10,-1,678,665,2,wu,M5_cutoff_change,66
B,san-francisco,2026-06-26,20260626T121359-0400,09:13:59.349906,553,59,62,3,8,59,61,59,0,1,true,true,9,8,-1,553,552,1,wu,M5_cutoff_change,68
B,san-francisco,2026-06-26,20260627T012909-0400,22:29:08.447667,1349,60,68,8,0,,68,60,0,26,true,false,20,20,0,1349,1339,24,wu,M2_empty_history,68
B,san-francisco,2026-06-26,20260627T025838-0400,23:58:37.655359,1438,59,68,9,0,,68,59,0,0,false,false,20,20,0,1438,1419,0,wu,M2_empty_history,68
B,seattle,2026-06-07,20260607T032531-0400,00:25:31.097057,25,47,48,1,0,,60,47,0,0,false,false,9,9,0,25,15,0,wu,M2_empty_history,65
B,seattle,2026-06-08,20260608T033637-0400,00:36:36.834744,36,54,55,1,0,,64,54,0,0,false,false,9,9,0,36,26,0,wu,M2_empty_history,61
B,seattle,2026-06-09,20260609T181337-0400,15:13:37.400485,913,62,63,1,25,62,62,62,1,0,false,true,14,15,1,913,903,1,wu,M1_restatement,63
B,seattle,2026-06-13,20260613T032932-0400,00:29:32.430873,29,61,62,1,0,,74,61,0,0,false,false,7,7,0,29,19,0,wu,M2_empty_history,82
B,seattle,2026-06-14,20260614T031520-0400,00:15:20.653808,15,69,70,1,0,,82,69,0,0,false,false,7,7,0,15,13,0,wu,M2_empty_history,88
B,seattle,2026-06-14,20260614T034427-0400,00:44:27.964464,44,68,70,2,0,,82,68,0,0,false,false,7,7,0,44,34,0,wu,M2_empty_history,88
B,seattle,2026-06-14,20260614T130119-0400,10:01:19.490287,601,69,74,5,9,74,77,69,0,1,true,true,9,8,-1,601,600,1,wu,M5_cutoff_change,88
B,seattle,2026-06-14,20260614T130308-0400,10:03:08.531382,603,69,74,5,9,74,77,69,0,1,true,true,9,8,-1,603,602,1,wu,M5_cutoff_change,88
B,seattle,2026-06-14,20260614T163704-0400,13:37:04.267796,817,79,81,2,12,81,86,79,0,1,true,true,12,11,-1,817,816,1,wu,M5_cutoff_change,88
B,seattle,2026-06-16,20260616T031032-0400,00:10:32.086527,10,65,66,1,0,,90,65,0,0,false,false,7,7,0,10,6,0,wu,M2_empty_history,77
B,seattle,2026-06-16,20260616T181437-0400,15:14:36.687753,914,73,75,2,14,73,75,73,0,1,true,true,15,14,-1,914,913,1,wu,M5_cutoff_change,77
B,seattle,2026-06-16,20260616T181743-0400,15:17:43.340101,917,73,75,2,14,73,75,73,0,1,true,true,15,14,-1,917,916,1,wu,M5_cutoff_change,77
B,seattle,2026-06-16,20260616T182037-0400,15:20:37.127796,920,73,75,2,14,73,75,73,0,1,true,true,15,14,-1,920,919,1,wu,M5_cutoff_change,77
B,seattle,2026-06-16,20260616T182439-0400,15:24:38.652942,924,73,75,2,14,73,75,73,0,1,true,true,15,14,-1,924,923,1,wu,M5_cutoff_change,77
B,seattle,2026-06-16,20260616T183036-0400,15:30:36.350262,930,73,75,2,14,73,75,73,0,1,true,true,15,14,-1,930,929,1,wu,M5_cutoff_change,77
B,seattle,2026-06-16,20260616T183246-0400,15:32:46.147919,932,73,75,2,14,73,75,73,0,1,true,true,15,14,-1,932,931,1,wu,M5_cutoff_change,77
B,seattle,2026-06-16,20260616T183436-0400,15:34:36.509977,934,73,75,2,14,73,75,73,0,1,true,true,15,14,-1,934,933,1,wu,M5_cutoff_change,77
B,seattle,2026-06-17,20260617T032332-0400,00:23:32.212753,23,59,60,1,0,,76,59,0,0,false,false,7,7,0,23,12,0,wu,M2_empty_history,72
B,seattle,2026-06-17,20260617T142855-0400,11:28:54.788069,688,59,61,2,12,59,62,57,0,2,true,true,11,10,-1,688,687,3,wu,M5_cutoff_change,72
B,seattle,2026-06-17,20260617T143754-0400,11:37:54.189399,697,59,61,2,12,59,62,57,0,2,true,true,11,10,-1,697,696,3,wu,M5_cutoff_change,72
B,seattle,2026-06-17,20260617T144102-0400,11:40:59.891872,700,59,61,2,12,59,62,57,0,2,true,true,11,10,-1,700,699,3,wu,M5_cutoff_change,72
B,seattle,2026-06-17,20260617T144446-0400,11:44:46.102128,704,59,61,2,12,59,62,57,0,2,true,true,11,10,-1,704,702,3,wu,M5_cutoff_change,72
B,seattle,2026-06-17,20260617T144855-0400,11:48:55.292835,708,59,61,2,12,59,62,57,0,2,true,true,11,10,-1,708,706,3,wu,M5_cutoff_change,72
B,seattle,2026-06-17,20260617T145302-0400,11:53:01.190330,713,59,61,2,12,59,62,57,0,2,true,true,11,10,-1,713,711,3,wu,M5_cutoff_change,72
B,seattle,2026-06-17,20260617T152341-0400,12:23:40.975474,743,61,64,3,14,61,65,61,0,1,true,true,12,11,-1,743,741,1,wu,M5_cutoff_change,72
B,seattle,2026-06-17,20260617T152949-0400,12:29:48.447511,749,61,64,3,14,61,65,61,0,1,true,true,12,11,-1,749,748,1,wu,M5_cutoff_change,72
B,seattle,2026-06-17,20260617T154743-0400,12:47:43.169451,767,61,64,3,14,61,66,61,0,1,true,true,12,11,-1,767,766,1,wu,M5_cutoff_change,72
B,seattle,2026-06-17,20260617T172350-0400,14:23:49.940518,863,65,67,2,16,65,68,65,0,2,true,true,14,13,-1,863,862,2,wu,M5_cutoff_change,72
B,seattle,2026-06-19,20260619T034840-0400,00:48:40.605921,48,65,66,1,0,,78,65,0,0,false,false,7,7,0,48,44,0,wu,M2_empty_history,81
B,seattle,2026-06-19,20260619T035242-0400,00:52:42.110172,52,65,66,1,0,,78,65,0,0,false,false,7,7,0,52,51,0,wu,M2_empty_history,81
B,seattle,2026-06-19,20260619T035734-0400,00:57:33.922970,57,63,66,3,1,63,78,63,0,0,true,false,7,7,0,57,56,0,wu,M6_unexplained,81
B,seattle,2026-06-19,20260619T050152-0400,02:01:51.857508,121,63,66,3,1,63,78,63,0,1,true,false,7,7,0,121,120,1,wu,M3_rows_dropped,81
B,seattle,2026-06-19,20260619T050741-0400,02:07:40.906153,127,63,66,3,1,63,78,63,0,1,true,false,7,7,0,127,126,1,wu,M3_rows_dropped,81
B,seattle,2026-06-19,20260619T051038-0400,02:10:38.174160,130,63,66,3,1,63,78,63,0,1,true,false,7,7,0,130,129,1,wu,M3_rows_dropped,81
B,seattle,2026-06-19,20260619T052938-0400,02:29:38.609361,149,63,66,3,1,63,77,63,0,1,true,false,7,7,0,149,148,1,wu,M3_rows_dropped,81
B,seattle,2026-06-19,20260619T121423-0400,09:14:19.652924,554,67,70,3,8,67,70,67,0,1,true,true,9,8,-1,554,553,1,wu,M5_cutoff_change,81
B,seattle,2026-06-19,20260619T130334-0400,10:03:33.062412,603,70,71,1,9,70,71,70,0,1,true,true,10,9,-1,603,602,1,wu,M5_cutoff_change,81
B,seattle,2026-06-19,20260619T130913-0400,10:09:13.240832,609,70,71,1,9,70,71,70,0,1,true,true,10,9,-1,609,608,1,wu,M5_cutoff_change,81
B,seattle,2026-06-19,20260619T152045-0400,12:20:45.238712,740,71,74,3,11,71,75,69,0,1,true,true,12,11,-1,740,739,1,wu,M5_cutoff_change,81
B,seattle,2026-06-19,20260619T153555-0400,12:35:54.525443,755,71,74,3,11,71,75,69,0,1,true,true,12,11,-1,755,751,1,wu,M5_cutoff_change,81
B,seattle,2026-06-19,20260619T162258-0400,13:22:57.540434,802,74,75,1,12,74,75,74,0,1,true,true,13,12,-1,802,784,1,wu,M5_cutoff_change,81
B,seattle,2026-06-19,20260619T162657-0400,13:26:56.814389,806,74,75,1,12,74,75,74,0,1,true,true,13,12,-1,806,805,1,wu,M5_cutoff_change,81
B,seattle,2026-06-19,20260619T163723-0400,13:37:22.185060,817,74,75,1,12,74,76,74,0,1,true,true,13,12,-1,817,813,1,wu,M5_cutoff_change,81
B,seattle,2026-06-19,20260619T185039-0400,15:50:39.150998,950,75,79,4,14,75,80,74,0,1,true,true,15,14,-1,950,948,1,wu,M5_cutoff_change,81
B,seattle,2026-06-19,20260619T211540-0400,18:15:40.282159,1095,80,81,1,17,80,80,80,0,1,true,true,18,17,-1,1095,1094,1,wu,M5_cutoff_change,81
B,seattle,2026-06-20,20260620T031141-0400,00:11:41.188867,11,58,59,1,0,,81,58,0,0,false,false,7,7,0,11,6,0,wu,M2_empty_history,71
B,seattle,2026-06-20,20260620T033246-0400,00:32:46.027916,32,57,59,2,0,,81,57,0,0,false,false,7,7,0,32,25,0,wu,M2_empty_history,71
B,seattle,2026-06-20,20260620T033444-0400,00:34:44.637576,34,57,59,2,0,,81,57,0,0,false,false,7,7,0,34,33,0,wu,M2_empty_history,71
B,seattle,2026-06-20,20260620T130449-0400,10:04:48.698294,604,58,59,1,12,58,59,58,0,1,true,true,10,9,-1,604,603,1,wu,M5_cutoff_change,71
B,seattle,2026-06-20,20260620T130629-0400,10:06:28.949602,606,58,59,1,12,58,59,58,0,1,true,true,10,9,-1,606,605,1,wu,M5_cutoff_change,71
B,seattle,2026-06-20,20260620T132029-0400,10:20:28.445744,620,58,59,1,12,58,59,58,0,1,true,true,10,9,-1,620,618,1,wu,M5_cutoff_change,71
B,seattle,2026-06-20,20260620T140941-0400,11:09:41.175642,669,59,61,2,13,59,61,59,0,2,true,true,11,10,-1,669,668,2,wu,M5_cutoff_change,71
B,seattle,2026-06-20,20260620T141138-0400,11:11:38.282907,671,59,61,2,13,59,61,59,0,2,true,true,11,10,-1,671,670,2,wu,M5_cutoff_change,71
B,seattle,2026-06-20,20260620T170545-0400,14:05:45.186201,845,65,68,3,17,65,68,65,0,1,true,true,14,13,-1,845,844,1,wu,M5_cutoff_change,71
B,seattle,2026-06-20,20260620T170844-0400,14:08:43.522046,848,65,68,3,17,65,68,65,0,1,true,true,14,13,-1,848,847,1,wu,M5_cutoff_change,71
B,seattle,2026-06-20,20260620T171238-0400,14:12:37.967547,852,65,68,3,17,65,68,65,0,1,true,true,14,13,-1,852,850,1,wu,M5_cutoff_change,71
B,seattle,2026-06-20,20260620T171957-0400,14:19:56.517006,859,65,68,3,17,65,69,65,0,1,true,true,14,13,-1,859,858,1,wu,M5_cutoff_change,71
B,seattle,2026-06-20,20260620T173314-0400,14:33:13.925940,873,65,68,3,17,65,69,65,0,1,true,true,14,13,-1,873,872,1,wu,M5_cutoff_change,71
B,seattle,2026-06-20,20260620T173714-0400,14:37:13.270139,877,65,68,3,17,65,69,65,0,1,true,true,14,13,-1,877,875,1,wu,M5_cutoff_change,71
B,seattle,2026-06-20,20260620T173924-0400,14:39:23.552873,879,65,68,3,17,65,69,65,0,1,true,true,14,13,-1,879,878,1,wu,M5_cutoff_change,71
B,seattle,2026-06-20,20260620T174313-0400,14:43:12.281914,883,65,68,3,17,65,69,65,0,1,true,true,14,13,-1,883,882,1,wu,M5_cutoff_change,71
B,seattle,2026-06-20,20260620T174915-0400,14:49:14.816084,889,65,68,3,17,65,70,65,0,1,true,true,14,13,-1,889,887,1,wu,M5_cutoff_change,71
B,seattle,2026-06-20,20260620T175216-0400,14:52:15.740601,892,65,68,3,17,65,70,65,0,1,true,true,14,13,-1,892,891,1,wu,M5_cutoff_change,71
B,seattle,2026-06-20,20260620T180412-0400,15:04:11.698399,904,68,69,1,18,68,70,68,0,1,true,true,15,14,-1,904,903,1,wu,M5_cutoff_change,71
B,seattle,2026-06-20,20260620T182314-0400,15:23:13.561955,923,68,69,1,18,68,70,68,0,1,true,true,15,14,-1,923,922,1,wu,M5_cutoff_change,71
B,seattle,2026-06-20,20260620T182813-0400,15:28:12.527440,928,68,69,1,18,68,70,68,0,1,true,true,15,14,-1,928,926,1,wu,M5_cutoff_change,71
B,seattle,2026-06-20,20260620T183507-0400,15:35:06.279305,935,68,69,1,18,68,70,68,0,1,true,true,15,14,-1,935,934,1,wu,M5_cutoff_change,71
B,seattle,2026-06-20,20260620T183808-0400,15:38:07.917246,938,68,69,1,18,68,70,68,0,1,true,true,15,14,-1,938,937,1,wu,M5_cutoff_change,71
B,seattle,2026-06-20,20260620T191315-0400,16:13:14.603895,973,69,71,2,19,69,71,69,0,1,true,true,16,15,-1,973,972,1,wu,M5_cutoff_change,71
B,seattle,2026-06-20,20260620T192100-0400,16:20:59.695797,980,69,71,2,19,69,71,69,0,1,true,true,16,15,-1,980,980,1,wu,M5_cutoff_change,71
B,seattle,2026-06-20,20260620T192723-0400,16:27:22.546530,987,69,71,2,19,69,71,69,0,1,true,true,16,15,-1,987,986,1,wu,M5_cutoff_change,71
B,seattle,2026-06-20,20260620T193216-0400,16:32:16.044584,992,69,71,2,19,69,71,69,0,1,true,true,16,15,-1,992,991,1,wu,M5_cutoff_change,71
B,seattle,2026-06-20,20260620T194118-0400,16:41:18.000873,1001,69,71,2,19,69,71,69,0,1,true,true,16,15,-1,1001,1000,1,wu,M5_cutoff_change,71
B,seattle,2026-06-21,20260621T035535-0400,00:55:34.553960,55,54,55,1,0,,71,54,0,0,false,false,7,7,0,55,46,0,wu,M2_empty_history,77
B,seattle,2026-06-21,20260621T111401-0400,08:14:00.818626,494,55,56,1,7,55,57,54,0,1,true,true,8,7,-1,494,492,1,wu,M5_cutoff_change,77
B,seattle,2026-06-21,20260621T161552-0400,13:15:52.114076,795,64,68,4,12,64,68,64,0,1,true,true,13,12,-1,795,792,1,wu,M5_cutoff_change,77
B,seattle,2026-06-21,20260621T161952-0400,13:19:52.206330,799,64,68,4,12,64,69,64,0,1,true,true,13,12,-1,799,798,1,wu,M5_cutoff_change,77
B,seattle,2026-06-21,20260621T162927-0400,13:29:27.514026,809,64,68,4,12,64,69,64,0,1,true,true,13,12,-1,809,808,1,wu,M5_cutoff_change,77
B,seattle,2026-06-21,20260621T163838-0400,13:38:38.046260,818,64,68,4,12,64,69,64,0,1,true,true,13,12,-1,818,816,1,wu,M5_cutoff_change,77
B,seattle,2026-06-21,20260621T164054-0400,13:40:54.228889,820,64,68,4,12,64,69,64,0,1,true,true,13,12,-1,820,820,1,wu,M5_cutoff_change,77
B,seattle,2026-06-21,20260621T171340-0400,14:13:40.078348,853,68,70,2,13,68,70,68,0,1,true,true,14,13,-1,853,852,1,wu,M5_cutoff_change,77
B,seattle,2026-06-21,20260621T172039-0400,14:20:38.640683,860,68,70,2,13,68,71,68,0,1,true,true,14,13,-1,860,859,1,wu,M5_cutoff_change,77
B,seattle,2026-06-21,20260621T172752-0400,14:27:52.260508,867,68,70,2,13,68,71,68,0,1,true,true,14,13,-1,867,866,1,wu,M5_cutoff_change,77
B,seattle,2026-06-21,20260621T180435-0400,15:04:35.579417,904,70,75,5,14,70,74,70,0,1,true,true,15,14,-1,904,903,1,wu,M5_cutoff_change,77
B,seattle,2026-06-21,20260621T180943-0400,15:09:43.554450,909,70,75,5,14,70,75,70,0,1,true,true,15,14,-1,909,908,1,wu,M5_cutoff_change,77
B,seattle,2026-06-21,20260621T181203-0400,15:12:02.944522,912,70,75,5,14,70,75,70,0,1,true,true,15,14,-1,912,910,1,wu,M5_cutoff_change,77
B,seattle,2026-06-21,20260621T181742-0400,15:17:42.302426,917,70,75,5,14,70,75,70,0,1,true,true,15,14,-1,917,915,1,wu,M5_cutoff_change,77
B,seattle,2026-06-21,20260621T182433-0400,15:24:32.587498,924,70,75,5,14,70,75,70,0,1,true,true,15,14,-1,924,923,1,wu,M5_cutoff_change,77
B,seattle,2026-06-21,20260621T193053-0400,16:30:52.931022,990,75,77,2,15,75,77,75,0,1,true,true,16,15,-1,990,986,1,wu,M5_cutoff_change,77
B,seattle,2026-06-21,20260621T194336-0400,16:43:36.334884,1003,75,77,2,15,75,77,75,0,1,true,true,16,15,-1,1003,1001,1,wu,M5_cutoff_change,77
B,seattle,2026-06-21,20260621T194929-0400,16:49:28.914916,1009,75,77,2,15,75,77,75,0,1,true,true,16,15,-1,1009,1004,1,wu,M5_cutoff_change,77
B,seattle,2026-06-21,20260621T195845-0400,16:58:44.926057,1018,75,77,2,15,75,77,75,0,1,true,true,16,15,-1,1018,1016,1,wu,M5_cutoff_change,77
B,seattle,2026-06-21,20260621T200125-0400,17:01:25.248853,1021,75,77,2,15,75,77,75,0,1,true,true,16,15,-1,1021,1020,1,wu,M5_cutoff_change,77
B,seattle,2026-06-22,20260622T032325-0400,00:23:25.631682,23,64,65,1,0,,76,64,0,0,false,false,7,7,0,23,21,0,wu,M2_empty_history,85
B,seattle,2026-06-22,20260622T032646-0400,00:26:45.797415,26,64,65,1,0,,76,64,0,0,false,false,7,7,0,26,25,0,wu,M2_empty_history,85
B,seattle,2026-06-22,20260622T034927-0400,00:49:27.671230,49,63,65,2,0,,76,63,0,0,false,false,7,7,0,49,40,0,wu,M2_empty_history,85
B,seattle,2026-06-22,20260622T121100-0400,09:10:59.287277,550,65,70,5,8,65,70,65,0,1,true,true,9,8,-1,550,542,1,wu,M5_cutoff_change,85
B,seattle,2026-06-26,20260626T035744-0400,00:57:44.183972,57,55,56,1,1,55,65,55,0,0,true,false,7,7,0,57,56,0,wu,M6_unexplained,64
B,seattle,2026-06-26,20260627T012916-0400,22:29:16.156026,1349,57,64,7,0,,65,57,0,27,true,false,20,20,0,1349,1339,26,wu,M2_empty_history,64
B,seattle,2026-06-26,20260627T015802-0400,22:58:01.839042,1378,56,64,8,0,,65,56,0,0,false,false,20,20,0,1378,1359,0,wu,M2_empty_history,64
B,seattle,2026-06-26,20260627T025851-0400,23:58:51.422625,1438,55,64,9,0,,65,55,0,0,false,false,20,20,0,1438,1419,0,wu,M2_empty_history,64
B,toronto,2026-06-08,20260608T092611-0400,09:26:10.930174,566,19,21,2,9,19,21,19,0,1,false,false,9,9,0,566,555,1,wu,M3_rows_dropped,23
B,toronto,2026-06-08,20260608T101754-0400,10:17:54.502073,617,20,21,1,10,20,22,20,0,1,false,true,10,9,-1,617,607,1,wu,M5_cutoff_change,23
B,toronto,2026-06-13,20260613T113158-0400,11:31:57.285660,691,25,27,2,11,25,28,25,0,1,true,true,11,10,-1,691,681,1,wu,M5_cutoff_change,29
B,toronto,2026-06-13,20260613T115253-0400,11:52:51.667667,712,25,27,2,11,25,28,25,0,1,true,true,11,10,-1,712,702,1,wu,M5_cutoff_change,29
B,toronto,2026-06-15,20260615T000821-0400,00:08:21.018013,8,13,17,4,1,13,,13,0,0,true,false,7,7,0,8,5,0,wu,M4_source_switch,20
B,toronto,2026-06-15,20260615T105538-0400,10:55:37.897546,655,13,24,11,10,13,15,13,10,24,true,true,10,9,-1,655,643,11,wu,M5_cutoff_change,20
B,toronto,2026-06-15,20260615T110159-0400,11:01:58.841329,661,13,24,11,10,13,16,13,0,1,true,true,10,9,-1,661,660,1,wu,M5_cutoff_change,20
B,toronto,2026-06-16,20260616T124711-0400,12:47:10.671275,767,21,22,1,12,21,23,21,0,1,true,true,12,11,-1,767,766,1,wu,M5_cutoff_change,24
B,toronto,2026-06-16,20260616T134710-0400,13:47:09.834181,827,22,24,2,13,22,24,22,0,1,true,true,13,12,-1,827,825,1,wu,M5_cutoff_change,24
B,toronto,2026-06-17,20260617T000830-0400,00:08:29.580194,8,15,17,2,1,15,24,15,0,0,true,false,7,7,0,8,2,0,wu,M4_source_switch,22
B,toronto,2026-06-17,20260617T104739-0400,10:47:38.260284,647,16,17,1,14,16,18,16,0,1,true,true,10,9,-1,647,646,1,wu,M5_cutoff_change,22
B,toronto,2026-06-17,20260617T104930-0400,10:49:29.297328,649,16,17,1,14,16,18,16,0,1,true,true,10,9,-1,649,648,1,wu,M5_cutoff_change,22
B,toronto,2026-06-17,20260617T111530-0400,11:15:29.491072,675,17,20,3,15,17,21,17,0,1,true,true,11,10,-1,675,674,1,wu,M5_cutoff_change,22
B,toronto,2026-06-17,20260617T151730-0400,15:17:29.666238,917,21,22,1,19,21,23,21,0,1,true,true,15,14,-1,917,916,1,wu,M5_cutoff_change,22
B,toronto,2026-06-17,20260617T152930-0400,15:29:30.422366,929,21,22,1,19,21,23,21,0,1,true,true,15,14,-1,929,928,1,wu,M5_cutoff_change,22
B,toronto,2026-06-19,20260619T000838-0400,00:08:38.062571,8,16,17,1,1,16,,16,0,0,true,false,7,7,0,8,2,0,wu,M4_source_switch,22
B,toronto,2026-06-19,20260619T081257-0400,08:12:56.483315,492,16,17,1,8,16,17,16,0,1,true,true,8,7,-1,492,492,1,wu,M5_cutoff_change,22
B,toronto,2026-06-19,20260619T081907-0400,08:19:05.744825,499,16,17,1,8,16,17,16,0,1,true,true,8,7,-1,499,496,1,wu,M5_cutoff_change,22
B,toronto,2026-06-19,20260619T082257-0400,08:22:56.883138,502,16,17,1,8,16,18,16,0,1,true,true,8,7,-1,502,501,1,wu,M5_cutoff_change,22
B,toronto,2026-06-19,20260619T091451-0400,09:14:45.131676,554,17,19,2,9,17,19,17,0,1,true,true,9,8,-1,554,553,1,wu,M5_cutoff_change,22
B,toronto,2026-06-19,20260619T101532-0400,10:15:31.641454,615,19,20,1,10,19,21,19,0,1,true,true,10,9,-1,615,614,1,wu,M5_cutoff_change,22
B,toronto,2026-06-19,20260619T112338-0400,11:23:36.630444,683,20,21,1,11,20,22,20,0,1,true,true,11,10,-1,683,682,1,wu,M5_cutoff_change,22
B,toronto,2026-06-19,20260619T112938-0400,11:29:36.774376,689,20,21,1,11,20,22,20,0,1,true,true,11,10,-1,689,688,1,wu,M5_cutoff_change,22
B,toronto,2026-06-19,20260619T113344-0400,11:33:37.799596,693,20,21,1,11,20,22,20,0,1,true,true,11,10,-1,693,692,1,wu,M5_cutoff_change,22
B,toronto,2026-06-19,20260619T113941-0400,11:39:37.259343,699,20,21,1,11,20,22,20,0,1,true,true,11,10,-1,699,698,1,wu,M5_cutoff_change,22
B,toronto,2026-06-19,20260619T114736-0400,11:47:35.976207,707,20,21,1,11,20,22,20,0,1,true,true,11,10,-1,707,705,1,wu,M5_cutoff_change,22
B,toronto,2026-06-19,20260619T114927-0400,11:49:27.288693,709,20,21,1,11,20,22,20,0,1,true,true,11,10,-1,709,708,1,wu,M5_cutoff_change,22
B,toronto,2026-06-19,20260619T120229-0400,12:02:27.886347,722,20,21,1,11,20,22,20,0,1,true,true,11,10,-1,722,717,1,wu,M5_cutoff_change,22
B,toronto,2026-06-19,20260619T121439-0400,12:14:35.743821,734,21,22,1,12,21,22,21,0,1,true,true,12,11,-1,734,733,1,wu,M5_cutoff_change,22
B,toronto,2026-06-19,20260619T122244-0400,12:22:43.828308,742,21,22,1,12,21,22,21,0,1,true,true,12,11,-1,742,741,1,wu,M5_cutoff_change,22
B,toronto,2026-06-19,20260619T123345-0400,12:33:44.030698,753,21,22,1,12,21,22,21,0,1,true,true,12,11,-1,753,752,1,wu,M5_cutoff_change,22
B,toronto,2026-06-19,20260619T124027-0400,12:40:25.995547,760,21,22,1,12,21,22,21,0,1,true,true,12,11,-1,760,759,1,wu,M5_cutoff_change,22
B,toronto,2026-06-19,20260619T124228-0400,12:42:25.910604,762,21,22,1,12,21,22,21,0,1,true,true,12,11,-1,762,761,1,wu,M5_cutoff_change,22
B,toronto,2026-06-19,20260619T124428-0400,12:44:26.562796,764,21,22,1,12,21,22,21,0,1,true,true,12,11,-1,764,763,1,wu,M5_cutoff_change,22
B,toronto,2026-06-19,20260619T125126-0400,12:51:26.193383,771,21,22,1,12,21,22,21,0,1,true,true,12,11,-1,771,768,1,wu,M5_cutoff_change,22
B,toronto,2026-06-19,20260619T125508-0400,12:54:16.329058,774,21,22,1,12,21,22,21,0,1,true,true,12,11,-1,774,772,1,wu,M5_cutoff_change,22
B,toronto,2026-06-20,20260620T000839-0400,00:08:38.720363,8,16,17,1,1,16,23,16,0,0,true,false,7,7,0,8,5,0,wu,M4_source_switch,23
B,toronto,2026-06-20,20260620T101207-0400,10:12:00.107938,612,18,20,2,10,18,19,18,0,1,true,true,10,9,-1,612,610,1,wu,M5_cutoff_change,23
B,toronto,2026-06-20,20260620T102820-0400,10:28:19.285118,628,18,20,2,10,18,21,18,0,1,true,true,10,9,-1,628,626,1,wu,M5_cutoff_change,23
B,toronto,2026-06-20,20260620T103120-0400,10:31:19.880168,631,18,20,2,10,18,21,18,0,1,true,true,10,9,-1,631,630,1,wu,M5_cutoff_change,23
B,toronto,2026-06-20,20260620T104419-0400,10:44:18.817169,644,18,20,2,10,18,21,18,0,1,true,true,10,9,-1,644,643,1,wu,M5_cutoff_change,23
B,toronto,2026-06-20,20260620T104718-0400,10:47:18.113009,647,18,20,2,10,18,21,18,0,1,true,true,10,9,-1,647,646,1,wu,M5_cutoff_change,23
B,toronto,2026-06-20,20260620T105518-0400,10:55:18.112984,655,18,20,2,10,18,22,18,0,1,true,true,10,9,-1,655,653,1,wu,M5_cutoff_change,23
B,toronto,2026-06-20,20260620T111216-0400,11:12:16.021714,672,20,21,1,11,20,22,20,0,1,true,true,11,10,-1,672,671,1,wu,M5_cutoff_change,23
B,toronto,2026-06-20,20260620T112816-0400,11:28:16.094588,688,20,21,1,11,20,22,20,0,1,true,true,11,10,-1,688,687,1,wu,M5_cutoff_change,23
B,toronto,2026-06-20,20260620T113717-0400,11:37:16.662048,697,20,21,1,11,20,22,20,0,1,true,true,11,10,-1,697,696,1,wu,M5_cutoff_change,23
B,toronto,2026-06-20,20260620T113916-0400,11:39:16.303695,699,20,21,1,11,20,22,20,0,1,true,true,11,10,-1,699,698,1,wu,M5_cutoff_change,23
B,toronto,2026-06-20,20260620T131409-0400,13:14:08.859399,794,21,22,1,13,21,23,21,0,1,true,true,13,12,-1,794,793,1,wu,M5_cutoff_change,23
B,toronto,2026-06-20,20260620T131806-0400,13:18:05.501644,798,21,22,1,13,21,23,21,0,1,true,true,13,12,-1,798,797,1,wu,M5_cutoff_change,23
B,toronto,2026-06-20,20260620T132009-0400,13:20:09.287661,800,21,22,1,13,21,23,21,0,1,true,true,13,12,-1,800,799,1,wu,M5_cutoff_change,23
B,toronto,2026-06-20,20260620T134516-0400,13:45:16.005813,825,21,22,1,13,21,23,21,0,1,true,true,13,12,-1,825,824,1,wu,M5_cutoff_change,23
B,toronto,2026-06-20,20260620T141216-0400,14:12:16.166807,852,22,23,1,14,22,23,22,0,1,true,true,14,13,-1,852,851,1,wu,M5_cutoff_change,23
B,toronto,2026-06-20,20260620T142216-0400,14:22:16.163500,862,22,23,1,14,22,23,22,0,1,true,true,14,13,-1,862,860,1,wu,M5_cutoff_change,23
B,toronto,2026-06-20,20260620T142916-0400,14:29:16.184000,869,22,23,1,14,22,23,22,0,1,true,true,14,13,-1,869,868,1,wu,M5_cutoff_change,23
B,toronto,2026-06-20,20260620T143117-0400,14:31:17.096026,871,22,23,1,14,22,23,22,0,1,true,true,14,13,-1,871,870,1,wu,M5_cutoff_change,23
B,toronto,2026-06-21,20260621T091448-0400,09:14:48.160232,554,17,19,2,9,17,19,17,0,1,true,true,9,8,-1,554,553,1,wu,M5_cutoff_change,24
B,toronto,2026-06-21,20260621T091648-0400,09:16:48.284937,556,17,19,2,9,17,19,17,0,1,true,true,9,8,-1,556,555,1,wu,M5_cutoff_change,24
B,toronto,2026-06-21,20260621T111314-0400,11:13:11.984246,673,21,22,1,11,21,23,21,0,1,true,true,11,10,-1,673,672,1,wu,M5_cutoff_change,24
B,toronto,2026-06-21,20260621T112345-0400,11:23:41.091518,683,21,22,1,11,21,23,21,0,1,true,true,11,10,-1,683,682,1,wu,M5_cutoff_change,24
B,toronto,2026-06-21,20260621T112847-0400,11:28:41.114939,688,21,22,1,11,21,23,21,0,1,true,true,11,10,-1,688,687,1,wu,M5_cutoff_change,24
B,toronto,2026-06-21,20260621T113229-0400,11:32:09.463960,692,21,22,1,11,21,23,21,0,1,true,true,11,10,-1,692,691,1,wu,M5_cutoff_change,24
B,toronto,2026-06-21,20260621T114216-0400,11:42:14.181819,702,21,22,1,11,21,23,21,0,1,true,true,11,10,-1,702,696,1,wu,M5_cutoff_change,24
B,toronto,2026-06-21,20260621T115227-0400,11:52:23.269309,712,21,22,1,11,21,23,21,0,1,true,true,11,10,-1,712,703,1,wu,M5_cutoff_change,24
B,toronto,2026-06-21,20260621T131716-0400,13:17:15.832013,797,22,23,1,13,22,24,22,0,1,true,true,13,12,-1,797,796,1,wu,M5_cutoff_change,24
B,toronto,2026-06-21,20260621T131916-0400,13:19:16.377273,799,22,23,1,13,22,24,22,0,1,true,true,13,12,-1,799,798,1,wu,M5_cutoff_change,24
B,toronto,2026-06-21,20260621T132416-0400,13:24:15.801049,804,22,23,1,13,22,24,22,0,1,true,true,13,12,-1,804,803,1,wu,M5_cutoff_change,24
B,toronto,2026-06-21,20260621T181719-0400,18:17:18.516630,1097,23,24,1,18,23,25,23,0,1,true,true,18,17,-1,1097,1095,1,wu,M5_cutoff_change,24
B,toronto,2026-06-26,20260626T081425-0400,08:14:24.768015,494,17,18,1,14,17,18,17,0,1,true,true,8,7,-1,494,493,1,wu,M5_cutoff_change,24
B,toronto,2026-06-26,20260626T081730-0400,08:17:29.988081,497,17,18,1,14,17,18,17,0,1,true,true,8,7,-1,497,496,1,wu,M5_cutoff_change,24
C,atlanta,2026-07-03,20260703T015857-0400,01:58:56.659154,118,82.94,84.02,1.08,0,,,82.94,0,0,false,false,7,7,0,118,110,0,station,M2_empty_history,93
C,atlanta,2026-07-03,20260703T025511-0400,02:55:10.954797,175,82.04,84.02,1.97999999999999,0,,,82.04,0,0,false,false,7,7,0,175,171,0,station,M2_empty_history,93
C,atlanta,2026-07-03,20260703T035511-0400,03:55:11.496058,235,80.96,84.02,3.06,0,,,80.96,0,0,false,false,7,7,0,235,226,0,station,M2_empty_history,93
C,atlanta,2026-07-03,20260703T045511-0400,04:55:11.471277,295,80.06,84.02,3.95999999999999,0,,,80.06,0,0,false,false,7,7,0,295,289,0,station,M2_empty_history,93
C,atlanta,2026-07-05,20260705T015444054535-0400,01:54:43.791535,114,78.98,82.04,3.06,0,,,78.98,0,0,false,false,7,7,0,114,110,0,station,M2_empty_history,93
C,atlanta,2026-07-05,20260705T025543489191-0400,02:55:43.317193,175,75.92,82.04,6.12,0,,,75.92,0,0,false,false,7,7,0,175,173,0,station,M2_empty_history,93
C,atlanta,2026-07-05,20260705T045543271299-0400,04:55:43.061601,295,75.02,82.04,7.02000000000001,0,,,75.02,0,0,false,false,7,7,0,295,291,0,station,M2_empty_history,93
C,atlanta,2026-07-05,20260705T140029921655-0400,14:00:29.669005,840,89.96,93.02,3.05999999999999,0,,,89.96,0,0,false,true,13,14,1,840,838,0,station,M2_empty_history,93
C,atlanta,2026-07-07,20260707T015450326147-0400,01:54:49.255178,114,75.02,77,1.98,0,,,75.02,0,0,false,false,7,7,0,114,112,0,station,M2_empty_history,92
C,atlanta,2026-07-07,20260707T030959170157-0400,03:09:58.997954,189,73.94,77,3.06,0,,,73.94,0,0,false,false,7,7,0,189,188,0,station,M2_empty_history,92
C,atlanta,2026-07-07,20260707T035557198123-0400,03:55:56.997925,235,73.04,77,3.95999999999999,0,,,73.04,0,0,false,false,7,7,0,235,234,0,station,M2_empty_history,92
C,atlanta,2026-07-07,20260707T055431604131-0400,05:54:31.422431,354,71.96,77,5.04000000000001,0,,,71.96,0,0,false,false,7,7,0,354,352,0,station,M2_empty_history,92
C,atlanta,2026-07-08,20260708T005549841108-0400,00:55:49.648174,55,77,78.98,1.98,0,,,77,0,0,false,false,7,7,0,55,47,0,station,M2_empty_history,93
C,atlanta,2026-07-08,20260708T025449056403-0400,02:54:48.877189,174,75.92,78.98,3.06,0,,,75.92,0,0,false,false,7,7,0,174,174,0,station,M2_empty_history,93
C,atlanta,2026-07-08,20260708T035449219103-0400,03:54:49.012675,234,75.02,78.98,3.96000000000001,0,,,75.02,0,0,false,false,7,7,0,234,228,0,station,M2_empty_history,93
C,atlanta,2026-07-08,20260708T045450843821-0400,04:54:50.656833,294,73.94,78.98,5.04000000000001,0,,,73.94,0,0,false,false,7,7,0,294,292,0,station,M2_empty_history,93
C,atlanta,2026-07-08,20260708T065451777417-0400,06:54:51.517969,414,73.04,78.98,5.94,0,,,73.04,0,0,false,false,7,7,0,414,410,0,station,M2_empty_history,93
C,atlanta,2026-07-09,20260709T005437180914-0400,00:54:36.804252,54,80.06,80.96,0.899999999999991,0,,,80.06,0,0,false,false,7,7,0,54,45,0,station,M2_empty_history,95
C,atlanta,2026-07-09,20260709T025645640888-0400,02:56:45.400784,176,78.98,80.96,1.97999999999999,0,,,78.98,0,0,false,false,7,7,0,176,172,0,station,M2_empty_history,95
C,atlanta,2026-07-09,20260709T035438200202-0400,03:54:38.018034,234,78.08,80.96,2.88,0,,,78.08,0,0,false,false,7,7,0,234,227,0,station,M2_empty_history,95
C,atlanta,2026-07-09,20260709T060317907903-0400,06:03:17.694789,363,75.92,80.96,5.03999999999999,0,,,75.92,0,0,false,false,7,7,0,363,354,0,station,M2_empty_history,95
C,atlanta,2026-07-09,20260709T105748085057-0400,10:57:43.987780,657,84.92,87.98,3.06000000000002,0,,,84.92,0,0,false,false,10,10,0,657,655,0,station,M2_empty_history,95
C,atlanta,2026-07-10,20260710T015520808476-0400,01:55:19.088528,115,77,78.08,1.08,0,,,77,0,0,false,false,7,7,0,115,106,0,station,M2_empty_history,92
C,atlanta,2026-07-10,20260710T025651737313-0400,02:56:48.127442,176,75.92,78.08,2.16,0,,,75.92,0,0,false,false,7,7,0,176,155,0,station,M2_empty_history,92
C,atlanta,2026-07-10,20260710T035918988631-0400,03:59:16.555394,239,75.02,78.08,3.06,0,,,75.02,0,0,false,false,7,7,0,239,232,0,station,M2_empty_history,92
C,atlanta,2026-07-10,20260710T045509586462-0400,04:55:09.330316,295,73.94,78.08,4.14,0,,,73.94,0,0,false,false,7,7,0,295,290,0,station,M2_empty_history,92
C,atlanta,2026-07-10,20260710T065447244856-0400,06:54:47.025159,414,73.94,78.08,4.14,0,,,73.94,0,0,false,false,7,7,0,414,412,0,station,M2_empty_history,92
C,atlanta,2026-07-10,20260710T120537916558-0400,12:05:37.703637,725,87.08,89.96,2.88,0,,,87.08,0,0,false,false,12,12,0,725,720,0,station,M2_empty_history,92
C,atlanta,2026-07-11,20260711T015530305586-0400,01:55:30.125996,115,78.08,78.98,0.900000000000006,0,,,78.08,0,0,false,false,7,7,0,115,106,0,station,M2_empty_history,94
C,atlanta,2026-07-11,20260711T035554825995-0400,03:55:54.274832,235,77,78.98,1.98,0,,,77,0,0,false,false,7,7,0,235,226,0,station,M2_empty_history,94
C,atlanta,2026-07-11,20260711T050007634319-0400,04:59:57.285855,299,75.92,78.98,3.06,0,,,75.92,0,0,false,false,7,7,0,299,280,0,station,M2_empty_history,94
C,atlanta,2026-07-11,20260711T055507880655-0400,05:55:07.703003,355,75.02,78.98,3.96000000000001,0,,,75.02,0,0,false,false,7,7,0,355,346,0,station,M2_empty_history,94
C,atlanta,2026-07-14,20260714T011726801803-0400,01:17:26.477145,77,73.94,75.02,1.08,0,,,73.94,0,0,false,false,7,7,0,77,67,0,station,M2_empty_history,84
C,atlanta,2026-07-14,20260714T025119437907-0400,02:51:19.174723,171,73.4,75.02,1.61999999999999,0,,,73.4,0,0,false,false,7,7,0,171,162,0,station,M2_empty_history,84
C,atlanta,2026-07-14,20260714T030111538878-0400,03:01:10.315073,181,73.04,75.02,1.97999999999999,0,,,73.04,0,0,false,false,7,7,0,181,172,0,station,M2_empty_history,84
C,atlanta,2026-07-14,20260714T043222506918-0400,04:32:21.389782,272,73.04,75.02,1.97999999999999,0,,,73.04,0,0,false,false,7,7,0,272,271,0,station,M2_empty_history,84
C,atlanta,2026-07-14,20260714T065523888276-0400,06:55:23.614150,415,71.96,75.02,3.06,0,,,71.96,0,0,false,false,7,7,0,415,408,0,station,M2_empty_history,84
C,atlanta,2026-07-15,20260715T110047759992-0400,11:00:47.532537,660,75.02,80.96,5.94,0,,,75.02,0,0,false,true,10,11,1,660,657,0,station,M2_empty_history,89
C,atlanta,2026-07-15,20260715T115838759824-0400,11:58:38.521809,718,80.96,82.04,1.08000000000001,0,,,80.96,0,0,false,false,11,11,0,718,714,0,station,M2_empty_history,89
C,atlanta,2026-07-15,20260715T120140651379-0400,12:01:40.452495,721,80.96,82.04,1.08000000000001,0,,,80.96,0,0,false,false,12,12,0,721,721,0,station,M2_empty_history,89
C,atlanta,2026-07-16,20260716T014039716544-0400,01:40:39.416169,100,78.98,80.06,1.08,0,,,78.98,0,0,false,false,7,7,0,100,93,0,station,M2_empty_history,92
C,atlanta,2026-07-16,20260716T025441073495-0400,02:54:40.893040,174,77,80.06,3.06,0,,,77,0,0,false,false,7,7,0,174,166,0,station,M2_empty_history,92
C,atlanta,2026-07-16,20260716T045539582105-0400,04:55:39.352691,295,75.92,80.06,4.14,0,,,75.92,0,0,false,false,7,7,0,295,294,0,station,M2_empty_history,92
C,atlanta,2026-07-16,20260716T055445964983-0400,05:54:45.790430,354,75.02,80.06,5.04000000000001,0,,,75.02,0,0,false,false,7,7,0,354,349,0,station,M2_empty_history,92
C,atlanta,2026-07-16,20260716T125810555681-0400,12:58:09.327555,778,86,87.08,1.08000000000001,0,,,86,0,0,false,false,12,12,0,778,775,0,station,M2_empty_history,92
C,atlanta,2026-07-17,20260717T005545361698-0400,00:55:45.072631,55,77,78.08,1.08,0,,,77,0,0,false,false,7,7,0,55,46,0,station,M2_empty_history,89
C,atlanta,2026-07-17,20260717T025443076815-0400,02:54:42.645052,174,75.92,78.08,2.16,0,,,75.92,0,0,false,false,7,7,0,174,166,0,station,M2_empty_history,89
C,atlanta,2026-07-18,20260718T025532068713-0400,02:55:31.739531,175,75.92,77,1.08,0,,,75.92,0,0,false,false,7,7,0,175,174,0,station,M2_empty_history,93
C,atlanta,2026-07-18,20260718T035431105857-0400,03:54:30.847086,234,75.02,77,1.98,0,,,75.02,0,0,false,false,7,7,0,234,229,0,station,M2_empty_history,93
C,atlanta,2026-07-18,20260718T055538040681-0400,05:55:37.842835,355,73.94,77,3.06,0,,,73.94,0,0,false,false,7,7,0,355,347,0,station,M2_empty_history,93
C,atlanta,2026-07-18,20260718T065233318121-0400,06:52:33.167938,412,73.94,77,3.06,0,,,73.94,0,0,false,false,7,7,0,412,411,0,station,M2_empty_history,93
C,atlanta,2026-07-18,20260718T091349652716-0400,09:13:49.393808,553,75.92,78.08,2.16,0,,,75.92,0,0,false,false,9,9,0,553,547,0,station,M2_empty_history,93
C,atlanta,2026-07-18,20260718T135939233943-0400,13:59:38.045805,839,89.96,91.04,1.07999999999998,0,,,89.96,0,0,false,false,13,13,0,839,839,0,station,M2_empty_history,93
C,atlanta,2026-07-19,20260719T015532074008-0400,01:55:31.678172,115,77,78.98,1.98,0,,,77,0,0,false,false,7,7,0,115,110,0,station,M2_empty_history,91
C,atlanta,2026-07-19,20260719T025446207633-0400,02:54:45.226415,174,75.92,78.98,3.06,0,,,75.92,0,0,false,false,7,7,0,174,165,0,station,M2_empty_history,91
C,atlanta,2026-07-19,20260719T035537550691-0400,03:55:37.338905,235,75.02,78.98,3.96000000000001,0,,,75.02,0,0,false,false,7,7,0,235,229,0,station,M2_empty_history,91
C,atlanta,2026-07-20,20260720T025544963814-0400,02:55:44.584421,175,75.02,75.92,0.900000000000006,0,,,75.02,0,0,false,false,7,7,0,175,171,0,station,M2_empty_history,93
C,atlanta,2026-07-20,20260720T035533096421-0400,03:55:32.051176,235,73.94,75.92,1.98,0,,,73.94,0,0,false,false,7,7,0,235,226,0,station,M2_empty_history,93
C,atlanta,2026-07-21,20260721T005548640049-0400,00:55:48.445124,55,78.08,78.98,0.900000000000006,0,,,78.08,0,0,false,false,7,7,0,55,46,0,station,M2_empty_history,90
C,atlanta,2026-07-21,20260721T015722211434-0400,01:57:20.884677,117,77,78.98,1.98,0,,,77,0,0,false,false,7,7,0,117,107,0,station,M2_empty_history,90
C,atlanta,2026-07-21,20260721T030138791255-0400,03:01:37.492285,181,75.92,78.98,3.06,0,,,75.92,0,0,false,false,7,7,0,181,172,0,station,M2_empty_history,90
C,atlanta,2026-07-21,20260721T035620563767-0400,03:56:19.571647,236,75.02,78.98,3.96000000000001,0,,,75.02,0,0,false,false,7,7,0,236,227,0,station,M2_empty_history,90
C,atlanta,2026-07-21,20260721T065825657487-0400,06:58:24.623735,418,73.04,78.98,5.94,0,,,73.04,0,0,false,false,7,7,0,418,409,0,station,M2_empty_history,90
C,atlanta,2026-07-22,20260722T005428015006-0400,00:54:27.839011,54,78.98,80.06,1.08,0,,,78.98,0,0,false,false,7,7,0,54,46,0,station,M2_empty_history,88
C,atlanta,2026-07-22,20260722T015904363098-0400,01:59:03.434094,119,77,80.06,3.06,0,,,77,0,0,false,false,7,7,0,119,109,0,station,M2_empty_history,88
C,atlanta,2026-07-22,20260722T035733735876-0400,03:57:32.739455,237,75.92,80.06,4.14,0,,,75.92,0,0,false,false,7,7,0,237,228,0,station,M2_empty_history,88
C,atlanta,2026-07-22,20260722T105934029765-0400,10:59:33.766710,659,80.06,82.04,1.98,0,,,80.06,0,0,false,false,10,10,0,659,654,0,station,M2_empty_history,88
C,atlanta,2026-07-23,20260723T005437430598-0400,00:54:37.101885,54,77,78.08,1.08,0,,,77,0,0,false,false,7,7,0,54,47,0,station,M2_empty_history,89
C,atlanta,2026-07-23,20260723T015523350459-0400,01:55:23.102729,115,75.92,78.08,2.16,0,,,75.92,0,0,false,false,7,7,0,115,111,0,station,M2_empty_history,89
C,atlanta,2026-07-23,20260723T050338189075-0400,05:03:37.306974,303,75.02,78.08,3.06,0,,,75.02,0,0,false,false,7,7,0,303,294,0,station,M2_empty_history,89
C,atlanta,2026-07-23,20260723T110540371049-0400,11:05:40.181516,665,80.96,82.04,1.08000000000001,0,,,80.96,0,0,false,true,10,11,1,665,658,0,station,M2_empty_history,89
C,atlanta,2026-07-24,20260724T030131670853-0400,03:01:31.539447,181,80.06,80.96,0.899999999999991,0,,,80.06,0,0,false,false,7,7,0,181,177,0,station,M2_empty_history,88
C,atlanta,2026-07-24,20260724T035522442840-0400,03:55:22.313502,235,80.06,80.96,0.899999999999991,0,,,80.06,0,0,false,false,7,7,0,235,227,0,station,M2_empty_history,88
C,atlanta,2026-07-24,20260724T045539649967-0400,04:55:39.419431,295,78.98,80.96,1.97999999999999,0,,,78.98,0,0,false,false,7,7,0,295,286,0,station,M2_empty_history,88
C,atlanta,2026-07-24,20260724T045915246737-0400,04:59:15.053317,299,78.98,80.96,1.97999999999999,0,,,78.98,0,0,false,false,7,7,0,299,298,0,station,M2_empty_history,88
C,atlanta,2026-07-24,20260724T052516213204-0400,05:25:15.123379,325,78.08,80.96,2.88,0,,,78.08,0,0,false,false,7,7,0,325,318,0,station,M2_empty_history,88
C,atlanta,2026-07-24,20260724T053412980196-0400,05:34:12.847112,334,78.08,80.96,2.88,0,,,78.08,0,0,false,false,7,7,0,334,333,0,station,M2_empty_history,88
C,atlanta,2026-07-24,20260724T114733535705-0400,11:47:32.563035,707,82.94,84.02,1.08,0,,,82.94,0,0,false,false,11,11,0,707,698,0,station,M2_empty_history,88
C,atlanta,2026-07-25,20260725T005517276012-0400,00:55:16.346020,55,75.02,75.92,0.900000000000006,0,,,75.02,0,0,false,false,7,7,0,55,46,0,station,M2_empty_history,88
C,atlanta,2026-07-25,20260725T035522941263-0400,03:55:22.777445,235,75.02,75.92,0.900000000000006,0,,,75.02,0,0,false,false,7,7,0,235,229,0,station,M2_empty_history,88
C,atlanta,2026-07-26,20260726T035532967755-0400,03:55:32.656245,235,73.04,73.94,0.899999999999991,0,,,73.04,0,0,false,false,7,7,0,235,233,0,station,M2_empty_history,91
C,atlanta,2026-07-26,20260726T063521436832-0400,06:35:21.259918,395,73.04,73.94,0.899999999999991,0,,,73.04,0,0,false,false,7,7,0,395,389,0,station,M2_empty_history,91
C,atlanta,2026-07-26,20260726T065532467210-0400,06:55:32.291232,415,73.04,73.94,0.899999999999991,0,,,73.04,0,0,false,false,7,7,0,415,407,0,station,M2_empty_history,91
C,atlanta,2026-07-26,20260726T113541426364-0400,11:35:41.239350,695,73.94,78.98,5.04000000000001,0,,,73.94,0,0,false,false,11,11,0,695,690,0,station,M2_empty_history,91
C,atlanta,2026-07-26,20260726T145937622296-0400,14:59:36.513615,899,87.08,89.96,2.88,0,,,87.08,0,0,false,false,14,14,0,899,895,0,station,M2_empty_history,91
C,atlanta,2026-07-27,20260727T005606443296-0400,00:56:05.437207,56,80.06,80.96,0.899999999999991,0,,,80.06,0,0,false,false,7,7,0,56,55,0,station,M2_empty_history,91
C,atlanta,2026-07-27,20260727T015951311503-0400,01:59:50.186538,119,78.98,80.96,1.97999999999999,0,,,78.98,0,0,false,false,7,7,0,119,110,0,station,M2_empty_history,91
C,atlanta,2026-07-27,20260727T035818480312-0400,03:58:17.436451,238,78.08,80.96,2.88,0,,,78.08,0,0,false,false,7,7,0,238,229,0,station,M2_empty_history,91
C,atlanta,2026-07-28,20260728T010444061757-0400,01:04:42.779347,64,80.06,80.96,0.899999999999991,0,,,80.06,0,0,false,false,7,7,0,64,55,0,station,M2_empty_history,94
C,atlanta,2026-07-28,20260728T015953948802-0400,01:59:52.918852,119,78.98,80.96,1.97999999999999,0,,,78.98,0,0,false,false,7,7,0,119,110,0,station,M2_empty_history,94
C,atlanta,2026-07-28,20260728T035942774623-0400,03:59:41.604167,239,78.08,80.96,2.88,0,,,78.08,0,0,false,false,7,7,0,239,230,0,station,M2_empty_history,94
C,atlanta,2026-07-28,20260728T090327904284-0400,09:03:27.731240,543,78.08,80.96,2.88,0,,,78.08,0,0,false,false,9,9,0,543,541,0,station,M2_empty_history,94
C,atlanta,2026-07-28,20260728T105936236160-0400,10:59:36.074199,659,82.94,86,3.06,0,,,82.94,0,0,false,false,10,10,0,659,654,0,station,M2_empty_history,94
C,atlanta,2026-07-28,20260728T110329517042-0400,11:03:29.377457,663,78.08,86,7.92,0,,,78.08,0,0,false,false,11,11,0,663,660,0,station,M2_empty_history,94
C,atlanta,2026-07-29,20260729T005444016534-0400,00:54:43.834840,54,80.06,84.92,4.85999999999999,0,,,80.06,0,0,false,false,7,7,0,54,45,0,station,M2_empty_history,89
C,atlanta,2026-07-29,20260729T010522012376-0400,01:05:21.730601,65,75.92,84.92,9,0,,,75.92,0,0,false,false,7,7,0,65,64,0,station,M2_empty_history,89
C,atlanta,2026-07-29,20260729T012220451968-0400,01:22:19.371797,82,73.94,84.92,10.98,0,,,73.94,0,0,false,false,7,7,0,82,73,0,station,M2_empty_history,89
C,atlanta,2026-07-29,20260729T030241114457-0400,03:02:39.985845,182,73.94,84.92,10.98,0,,,73.94,0,0,false,false,7,7,0,182,173,0,station,M2_empty_history,89
C,atlanta,2026-07-29,20260729T063630624859-0400,06:36:30.446105,396,73.94,84.92,10.98,0,,,73.94,0,0,false,false,7,7,0,396,395,0,station,M2_empty_history,89
C,atlanta,2026-07-29,20260729T090018864160-0400,09:00:18.729110,540,77,84.92,7.91999999999999,0,,,77,0,0,false,true,8,9,1,540,531,0,station,M2_empty_history,89
C,atlanta,2026-07-29,20260729T093829096273-0400,09:38:28.952456,578,75.92,84.92,9,0,,,75.92,0,0,false,false,9,9,0,578,577,0,station,M2_empty_history,89
C,atlanta,2026-07-29,20260729T155838822419-0400,15:58:38.624395,958,84.92,87.08,2.16000000000003,0,,,84.92,0,0,false,false,15,15,0,958,955,0,station,M2_empty_history,89
C,atlanta,2026-07-30,20260730T015446921010-0400,01:54:45.994494,114,78.08,80.06,1.98,0,,,78.08,0,0,false,false,7,7,0,114,105,0,station,M2_empty_history,89
C,atlanta,2026-07-30,20260730T025917111137-0400,02:59:16.064681,179,75.92,80.06,4.14,0,,,75.92,0,0,false,false,7,7,0,179,170,0,station,M2_empty_history,89
C,atlanta,2026-07-30,20260730T045442109168-0400,04:54:41.803187,294,73.94,80.06,6.12,0,,,73.94,0,0,false,false,7,7,0,294,288,0,station,M2_empty_history,89
C,atlanta,2026-07-30,20260730T085236059228-0400,08:52:35.914762,532,75.92,80.06,4.14,0,,,75.92,0,0,false,false,8,8,0,532,525,0,station,M2_empty_history,89
C,atlanta,2026-07-30,20260730T090031794282-0400,09:00:31.665669,540,73.94,80.06,6.12,0,,,73.94,0,0,false,true,8,9,1,540,535,0,station,M2_empty_history,89
C,austin,2026-07-03,20260703T021131-0400,01:11:31.773144,71,78.98,80.06,1.08,0,,,78.98,0,0,false,false,7,7,0,71,54,0,station,M2_empty_history,97
C,austin,2026-07-03,20260703T030254-0400,02:02:54.156711,122,78.08,80.06,1.98,0,,,78.08,0,0,false,false,7,7,0,122,116,0,station,M2_empty_history,97
C,austin,2026-07-03,20260703T035617-0400,02:56:17.853594,176,77,80.06,3.06,0,,,77,0,0,false,false,7,7,0,176,168,0,station,M2_empty_history,97
C,austin,2026-07-03,20260703T040216-0400,03:02:16.004565,182,77,80.06,3.06,0,,,77,0,0,false,false,7,7,0,182,181,0,station,M2_empty_history,97
C,austin,2026-07-03,20260703T045611-0400,03:56:11.542910,236,75.02,80.06,5.04000000000001,0,,,75.02,0,0,false,false,7,7,0,236,231,0,station,M2_empty_history,97
C,austin,2026-07-03,20260703T052515-0400,04:25:15.016578,265,73.94,80.06,6.12,0,,,73.94,0,0,false,false,7,7,0,265,258,0,station,M2_empty_history,97
C,austin,2026-07-03,20260703T070930-0400,06:09:30.577344,369,73.04,80.06,7.02,0,,,73.04,0,0,false,false,7,7,0,369,367,0,station,M2_empty_history,97
C,austin,2026-07-03,20260703T080224-0400,07:02:24.035819,422,75.02,80.06,5.04000000000001,0,,,75.02,0,0,false,false,7,7,0,422,413,0,station,M2_empty_history,97
C,austin,2026-07-03,20260703T093322-0400,08:33:22.304481,513,78.08,80.06,1.98,0,,,78.08,0,0,false,false,8,8,0,513,509,0,station,M2_empty_history,97
C,austin,2026-07-04,20260704T020317876626-0400,01:03:17.692626,63,80.96,82.04,1.08000000000001,0,,,80.96,0,0,false,false,7,7,0,63,55,0,station,M2_empty_history,96
C,austin,2026-07-04,20260704T025615132687-0400,01:56:14.961936,116,80.06,82.04,1.98,0,,,80.06,0,0,false,false,7,7,0,116,110,0,station,M2_empty_history,96
C,austin,2026-07-04,20260704T035616464871-0400,02:56:16.266362,176,78.98,82.04,3.06,0,,,78.98,0,0,false,false,7,7,0,176,173,0,station,M2_empty_history,96
C,austin,2026-07-04,20260704T045611654784-0400,03:56:11.490353,236,78.08,82.04,3.96000000000001,0,,,78.08,0,0,false,false,7,7,0,236,228,0,station,M2_empty_history,96
C,austin,2026-07-04,20260704T065623507630-0400,05:56:23.342079,356,77,82.04,5.04000000000001,0,,,77,0,0,false,false,7,7,0,356,355,0,station,M2_empty_history,96
C,austin,2026-07-04,20260704T075616691487-0400,06:56:16.481360,416,75.92,82.04,6.12,0,,,75.92,0,0,false,false,7,7,0,416,409,0,station,M2_empty_history,96
C,austin,2026-07-04,20260704T094719718997-0400,08:47:19.478999,527,77,82.04,5.04000000000001,0,,,77,0,0,false,false,8,8,0,527,518,0,station,M2_empty_history,96
C,austin,2026-07-05,20260705T015608540781-0400,00:56:07.918836,56,80.06,82.94,2.88,0,,,80.06,0,0,false,false,7,7,0,56,55,0,station,M2_empty_history,95
C,austin,2026-07-05,20260705T025547288444-0400,01:55:47.138444,115,78.08,82.94,4.86,0,,,78.08,0,0,false,false,7,7,0,115,110,0,station,M2_empty_history,95
C,austin,2026-07-05,20260705T045546515097-0400,03:55:46.331912,235,78.08,82.94,4.86,0,,,78.08,0,0,false,false,7,7,0,235,231,0,station,M2_empty_history,95
C,austin,2026-07-05,20260705T055651765275-0400,04:56:51.624810,296,77,82.94,5.94,0,,,77,0,0,false,false,7,7,0,296,292,0,station,M2_empty_history,95
C,austin,2026-07-05,20260705T070439518553-0400,06:04:39.255100,364,75.02,82.94,7.92,0,,,75.02,0,0,false,false,7,7,0,364,355,0,station,M2_empty_history,95
C,austin,2026-07-05,20260705T125728429102-0400,11:57:28.227123,717,87.98,91.04,3.05999999999999,0,,,87.98,0,0,false,false,11,11,0,717,716,0,station,M2_empty_history,95
C,austin,2026-07-05,20260705T150938648131-0400,14:09:38.454111,849,87.98,93.92,5.93999999999998,0,,,87.98,0,0,false,false,14,14,0,849,842,0,station,M2_empty_history,95
C,austin,2026-07-07,20260707T030859111795-0400,02:08:58.899678,128,78.98,80.96,1.97999999999999,0,,,78.98,0,0,false,false,7,7,0,128,128,0,station,M2_empty_history,97
C,austin,2026-07-07,20260707T035601698462-0400,02:56:01.551159,176,75.92,80.96,5.03999999999999,0,,,75.92,0,0,false,false,7,7,0,176,173,0,station,M2_empty_history,97
C,austin,2026-07-07,20260707T045528953930-0400,03:55:28.770187,235,75.02,80.96,5.94,0,,,75.02,0,0,false,false,7,7,0,235,227,0,station,M2_empty_history,97
C,austin,2026-07-07,20260707T065629489995-0400,05:56:29.358368,356,73.94,80.96,7.02,0,,,73.94,0,0,false,false,7,7,0,356,354,0,station,M2_empty_history,97
C,austin,2026-07-08,20260708T025901458890-0400,01:59:01.274309,119,78.08,80.06,1.98,0,,,78.08,0,0,false,false,7,7,0,119,115,0,station,M2_empty_history,98
C,austin,2026-07-08,20260708T035555139796-0400,02:55:54.951348,175,77,80.06,3.06,0,,,77,0,0,false,false,7,7,0,175,173,0,station,M2_empty_history,98
C,austin,2026-07-08,20260708T065559573739-0400,05:55:59.325398,355,75.02,80.06,5.04000000000001,0,,,75.02,0,0,false,false,7,7,0,355,354,0,station,M2_empty_history,98
C,austin,2026-07-09,20260709T015641113054-0400,00:56:40.942639,56,80.96,82.94,1.98,0,,,80.96,0,0,false,false,7,7,0,56,48,0,station,M2_empty_history,97
C,austin,2026-07-09,20260709T025650074906-0400,01:56:49.859960,116,78.98,82.94,3.95999999999999,0,,,78.98,0,0,false,false,7,7,0,116,111,0,station,M2_empty_history,97
C,austin,2026-07-09,20260709T035639590837-0400,02:56:39.385371,176,78.08,82.94,4.86,0,,,78.08,0,0,false,false,7,7,0,176,175,0,station,M2_empty_history,97
C,austin,2026-07-09,20260709T045542051203-0400,03:55:41.844139,235,77,82.94,5.94,0,,,77,0,0,false,false,7,7,0,235,230,0,station,M2_empty_history,97
C,austin,2026-07-09,20260709T055637364012-0400,04:56:37.105190,296,75.92,82.94,7.02,0,,,75.92,0,0,false,false,7,7,0,296,293,0,station,M2_empty_history,97
C,austin,2026-07-09,20260709T065638174902-0400,05:56:37.946421,356,73.94,82.94,9,0,,,73.94,0,0,false,false,7,7,0,356,348,0,station,M2_empty_history,97
C,austin,2026-07-09,20260709T075545081822-0400,06:55:44.944197,415,73.04,82.94,9.89999999999999,0,,,73.04,0,0,false,false,7,7,0,415,411,0,station,M2_empty_history,97
C,austin,2026-07-10,20260710T015623064938-0400,00:56:22.701782,56,75.92,78.08,2.16,0,,,75.92,0,0,false,false,7,7,0,56,53,0,station,M2_empty_history,94
C,austin,2026-07-10,20260710T035918754835-0400,02:59:16.405187,179,75.92,78.08,2.16,0,,,75.92,0,0,false,false,7,7,0,179,162,0,station,M2_empty_history,94
C,austin,2026-07-10,20260710T045610646193-0400,03:56:10.489168,236,75.02,78.08,3.06,0,,,75.02,0,0,false,false,7,7,0,236,232,0,station,M2_empty_history,94
C,austin,2026-07-10,20260710T055648997961-0400,04:56:48.530204,296,71.96,78.08,6.12,0,,,71.96,0,0,false,false,7,7,0,296,289,0,station,M2_empty_history,94
C,austin,2026-07-10,20260710T065549326842-0400,05:55:49.139841,355,71.06,78.08,7.02,0,,,71.06,0,0,false,false,7,7,0,355,352,0,station,M2_empty_history,94
C,austin,2026-07-10,20260710T125805199336-0400,11:58:02.824694,718,87.98,91.04,3.05999999999999,0,,,87.98,0,0,false,false,11,11,0,718,715,0,station,M2_empty_history,94
C,austin,2026-07-11,20260711T015633673963-0400,00:56:33.467317,56,75.92,77,1.08,0,,,75.92,0,0,false,false,7,7,0,56,54,0,station,M2_empty_history,90
C,austin,2026-07-11,20260711T045505362672-0400,03:54:56.844639,234,75.2,77,1.8,0,,,75.2,0,0,false,false,7,7,0,234,220,0,station,M2_empty_history,90
C,austin,2026-07-11,20260711T050037183814-0400,04:00:29.723395,240,75.92,77,1.08,0,,,75.92,0,0,false,false,7,7,0,240,236,0,station,M2_empty_history,90
C,austin,2026-07-11,20260711T055607178575-0400,04:56:07.047575,296,75.02,77,1.98,0,,,75.02,0,0,false,false,7,7,0,296,290,0,station,M2_empty_history,90
C,austin,2026-07-11,20260711T121337550417-0400,11:13:36.276390,673,82.94,87.08,4.14000000000001,0,,,82.94,0,0,false,false,11,11,0,673,664,0,station,M2_empty_history,90
C,austin,2026-07-14,20260714T012356245489-0400,00:23:55.165245,23,75.92,77,1.08,0,,,75.92,0,0,false,false,7,7,0,23,14,0,station,M2_empty_history,79
C,austin,2026-07-14,20260714T074920489581-0400,06:49:20.296249,409,71.96,77,5.04000000000001,0,,,71.96,0,0,false,false,7,7,0,409,408,0,station,M2_empty_history,79
C,austin,2026-07-14,20260714T132659237857-0400,12:26:58.251725,746,77,78.08,1.08,0,,,77,0,0,false,false,12,12,0,746,737,0,station,M2_empty_history,79
C,austin,2026-07-15,20260715T015036008233-0400,00:50:35.652940,50,75.2,75.92,0.719999999999999,0,,,75.2,0,0,false,false,7,7,0,50,45,0,station,M2_empty_history,80
C,austin,2026-07-15,20260715T020327380035-0400,01:03:26.145053,63,75.02,75.92,0.900000000000006,0,,,75.02,0,0,false,false,7,7,0,63,54,0,station,M2_empty_history,80
C,austin,2026-07-15,20260715T040406550762-0400,03:04:05.449121,184,75.02,75.92,0.900000000000006,0,,,75.02,0,0,false,false,7,7,0,184,174,0,station,M2_empty_history,80
C,austin,2026-07-17,20260717T035547441932-0400,02:55:47.227796,175,78.98,80.06,1.08,0,,,78.98,0,0,false,false,7,7,0,175,166,0,station,M2_empty_history,94
C,austin,2026-07-17,20260717T065549734212-0400,05:55:49.520055,355,78.08,80.06,1.98,0,,,78.08,0,0,false,false,7,7,0,355,348,0,station,M2_empty_history,94
C,austin,2026-07-17,20260717T093406208153-0400,08:34:05.248725,514,78.08,80.06,1.98,0,,,78.08,0,0,false,false,8,8,0,514,509,0,station,M2_empty_history,94
C,austin,2026-07-18,20260718T015634522667-0400,00:56:34.270393,56,78.08,78.98,0.900000000000006,0,,,78.08,0,0,false,false,7,7,0,56,55,0,station,M2_empty_history,94
C,austin,2026-07-18,20260718T065545898095-0400,05:55:45.740701,355,78.08,78.98,0.900000000000006,0,,,78.08,0,0,false,false,7,7,0,355,346,0,station,M2_empty_history,94
C,austin,2026-07-18,20260718T071413773062-0400,06:14:12.870845,374,77,78.98,1.98,0,,,77,0,0,false,false,7,7,0,374,372,0,station,M2_empty_history,94
C,austin,2026-07-19,20260719T015539355230-0400,00:55:39.069958,55,78.98,80.06,1.08,0,,,78.98,0,0,false,false,7,7,0,55,55,0,station,M2_empty_history,95
C,austin,2026-07-19,20260719T025900130128-0400,01:58:59.173717,118,77,80.06,3.06,0,,,77,0,0,false,false,7,7,0,118,116,0,station,M2_empty_history,95
C,austin,2026-07-19,20260719T055632538051-0400,04:56:32.392523,296,77,80.06,3.06,0,,,77,0,0,false,false,7,7,0,296,292,0,station,M2_empty_history,95
C,austin,2026-07-19,20260719T064432951737-0400,05:44:32.809293,344,75.02,80.06,5.04000000000001,0,,,75.02,0,0,false,false,7,7,0,344,337,0,station,M2_empty_history,95
C,austin,2026-07-19,20260719T075635299485-0400,06:56:35.115637,416,75.02,80.06,5.04000000000001,0,,,75.02,0,0,false,false,7,7,0,416,410,0,station,M2_empty_history,95
C,austin,2026-07-20,20260720T015635635484-0400,00:56:35.065731,56,75.92,78.08,2.16,0,,,75.92,0,0,false,false,7,7,0,56,55,0,station,M2_empty_history,97
C,austin,2026-07-20,20260720T025549813542-0400,01:55:49.603629,115,77,78.08,1.08,0,,,77,0,0,false,false,7,7,0,115,110,0,station,M2_empty_history,97
C,austin,2026-07-20,20260720T045641537671-0400,03:56:41.365630,236,75.92,78.08,2.16,0,,,75.92,0,0,false,false,7,7,0,236,228,0,station,M2_empty_history,97
C,austin,2026-07-20,20260720T055643875678-0400,04:56:43.693726,296,75.02,78.08,3.06,0,,,75.02,0,0,false,false,7,7,0,296,292,0,station,M2_empty_history,97
C,austin,2026-07-21,20260721T025927077243-0400,01:59:26.004873,119,77,78.98,1.98,0,,,77,0,0,false,false,7,7,0,119,110,0,station,M2_empty_history,100
C,austin,2026-07-21,20260721T040316672804-0400,03:03:15.726413,183,75.02,78.98,3.96000000000001,0,,,75.02,0,0,false,false,7,7,0,183,174,0,station,M2_empty_history,100
C,austin,2026-07-21,20260721T045752706415-0400,03:57:51.727303,237,73.94,78.98,5.04000000000001,0,,,73.94,0,0,false,false,7,7,0,237,228,0,station,M2_empty_history,100
C,austin,2026-07-21,20260721T070528547428-0400,06:05:27.469840,365,71.96,78.98,7.02000000000001,0,,,71.96,0,0,false,false,7,7,0,365,356,0,station,M2_empty_history,100
C,austin,2026-07-22,20260722T045752347243-0400,03:57:51.144961,237,80.06,80.96,0.899999999999991,0,,,80.06,0,0,false,false,7,7,0,237,228,0,station,M2_empty_history,103
C,austin,2026-07-22,20260722T055737175999-0400,04:57:36.849939,297,78.98,80.96,1.97999999999999,0,,,78.98,0,0,false,false,7,7,0,297,292,0,station,M2_empty_history,103
C,austin,2026-07-22,20260722T065614233194-0400,05:56:13.196444,356,75.92,80.96,5.03999999999999,0,,,75.92,0,0,false,false,7,7,0,356,347,0,station,M2_empty_history,103
C,austin,2026-07-22,20260722T160138876623-0400,15:01:38.650777,901,100.94,102.92,1.97999999999999,0,,,100.94,0,0,false,true,14,15,1,901,895,0,station,M2_empty_history,103
C,austin,2026-07-23,20260723T015635796489-0400,00:56:35.519999,56,82.94,84.92,1.97999999999999,0,,,82.94,0,0,false,false,7,7,0,56,55,0,station,M2_empty_history,98
C,austin,2026-07-23,20260723T050026625771-0400,04:00:25.689753,240,86,87.08,1.08000000000001,0,,,86,0,0,false,false,7,7,0,240,231,0,station,M2_empty_history,98
C,austin,2026-07-23,20260723T055621386346-0400,04:56:21.141875,296,84.02,87.08,3.06000000000002,0,,,84.02,0,0,false,false,7,7,0,296,295,0,station,M2_empty_history,98
C,austin,2026-07-23,20260723T065622633115-0400,05:56:22.507093,356,82.94,87.08,4.14000000000001,0,,,82.94,0,0,false,false,7,7,0,356,349,0,station,M2_empty_history,98
C,austin,2026-07-23,20260723T075548309583-0400,06:55:48.121410,415,82.04,87.08,5.04000000000001,0,,,82.04,0,0,false,false,7,7,0,415,413,0,station,M2_empty_history,98
C,austin,2026-07-24,20260724T015621682144-0400,00:56:21.420531,56,80.06,82.04,1.98,0,,,80.06,0,0,false,false,7,7,0,56,55,0,station,M2_empty_history,95
C,austin,2026-07-24,20260724T045548430345-0400,03:55:48.183673,235,78.98,82.04,3.06,0,,,78.98,0,0,false,false,7,7,0,235,228,0,station,M2_empty_history,95
C,austin,2026-07-24,20260724T055612909302-0400,04:56:12.778731,296,78.08,82.04,3.96000000000001,0,,,78.08,0,0,false,false,7,7,0,296,293,0,station,M2_empty_history,95
C,austin,2026-07-24,20260724T075629949006-0400,06:56:29.822840,416,77,82.04,5.04000000000001,0,,,77,0,0,false,false,7,7,0,416,411,0,station,M2_empty_history,95
C,austin,2026-07-24,20260724T095727446745-0400,08:57:27.276997,537,78.08,82.04,3.96000000000001,0,,,78.08,0,0,false,false,8,8,0,537,536,0,station,M2_empty_history,95
C,austin,2026-07-25,20260725T015633467468-0400,00:56:33.180227,56,78.98,80.96,1.97999999999999,0,,,78.98,0,0,false,false,7,7,0,56,55,0,station,M2_empty_history,96
C,austin,2026-07-25,20260725T025636091838-0400,01:56:35.902647,116,78.08,80.96,2.88,0,,,78.08,0,0,false,false,7,7,0,116,109,0,station,M2_empty_history,96
C,austin,2026-07-25,20260725T035623946023-0400,02:56:23.796194,176,77,80.96,3.95999999999999,0,,,77,0,0,false,false,7,7,0,176,173,0,station,M2_empty_history,96
C,austin,2026-07-25,20260725T055629427032-0400,04:56:29.169443,296,75.92,80.96,5.03999999999999,0,,,75.92,0,0,false,false,7,7,0,296,292,0,station,M2_empty_history,96
C,austin,2026-07-25,20260725T065624123441-0400,05:56:23.989639,356,75.02,80.96,5.94,0,,,75.02,0,0,false,false,7,7,0,356,355,0,station,M2_empty_history,96
C,austin,2026-07-25,20260725T075734816697-0400,06:57:34.668089,417,73.94,80.96,7.02,0,,,73.94,0,0,false,false,7,7,0,417,410,0,station,M2_empty_history,96
C,austin,2026-07-25,20260725T095732107221-0400,08:57:31.976907,537,75.92,80.96,5.03999999999999,0,,,75.92,0,0,false,false,8,8,0,537,536,0,station,M2_empty_history,96
C,austin,2026-07-25,20260725T103539326809-0400,09:35:39.184054,575,80.06,82.04,1.98,0,,,80.06,0,0,false,false,9,9,0,575,574,0,station,M2_empty_history,96
C,austin,2026-07-25,20260725T105042316487-0400,09:50:42.166975,590,80.06,82.04,1.98,0,,,80.06,0,0,false,false,9,9,0,590,583,0,station,M2_empty_history,96
C,austin,2026-07-25,20260725T110331300827-0400,10:03:31.160416,603,80.06,82.94,2.88,0,,,80.06,0,0,false,false,10,10,0,603,601,0,station,M2_empty_history,96
C,austin,2026-07-25,20260725T120132202579-0400,11:01:32.023196,661,82.94,86,3.06,0,,,82.94,0,0,false,true,10,11,1,661,656,0,station,M2_empty_history,96
C,austin,2026-07-26,20260726T015826375727-0400,00:58:26.075649,58,78.08,80.06,1.98,0,,,78.08,0,0,false,false,7,7,0,58,55,0,station,M2_empty_history,96
C,austin,2026-07-26,20260726T025631464016-0400,01:56:31.335858,116,77,80.06,3.06,0,,,77,0,0,false,false,7,7,0,116,109,0,station,M2_empty_history,96
C,austin,2026-07-26,20260726T035722864854-0400,02:57:22.738352,177,75.92,80.06,4.14,0,,,75.92,0,0,false,false,7,7,0,177,176,0,station,M2_empty_history,96
C,austin,2026-07-26,20260726T045945056985-0400,03:59:43.837039,239,73.04,80.06,7.02,0,,,73.04,0,0,false,false,7,7,0,239,230,0,station,M2_empty_history,96
C,austin,2026-07-26,20260726T075530820877-0400,06:55:30.673238,415,73.04,80.06,7.02,0,,,73.04,0,0,false,false,7,7,0,415,406,0,station,M2_empty_history,96
C,austin,2026-07-26,20260726T110034277143-0400,10:00:34.107596,600,80.6,84.02,3.42,0,,,80.06,0,0,false,true,9,10,1,600,597,0,station,M5_cutoff_change,96
C,austin,2026-07-26,20260726T121951186276-0400,11:19:50.228985,679,84.02,86,1.98,0,,,84.02,0,0,false,false,11,11,0,679,670,0,station,M2_empty_history,96
C,austin,2026-07-27,20260727T020422657688-0400,01:04:21.580605,64,80.06,82.94,2.88,0,,,80.06,0,0,false,false,7,7,0,64,55,0,station,M2_empty_history,98
C,austin,2026-07-27,20260727T025920678523-0400,01:59:19.731077,119,78.08,82.94,4.86,0,,,78.08,0,0,false,false,7,7,0,119,110,0,station,M2_empty_history,98
C,austin,2026-07-27,20260727T041222901423-0400,03:12:21.887205,192,77,82.94,5.94,0,,,77,0,0,false,false,7,7,0,192,183,0,station,M2_empty_history,98
C,austin,2026-07-27,20260727T045951039909-0400,03:59:49.962216,239,75.92,82.94,7.02,0,,,75.92,0,0,false,false,7,7,0,239,230,0,station,M2_empty_history,98
C,austin,2026-07-27,20260727T060351162655-0400,05:03:50.091987,303,75.02,82.94,7.92,0,,,75.02,0,0,false,false,7,7,0,303,294,0,station,M2_empty_history,98
C,austin,2026-07-27,20260727T065826152780-0400,05:58:25.080705,358,73.94,82.94,9,0,,,73.94,0,0,false,false,7,7,0,358,349,0,station,M2_empty_history,98
C,austin,2026-07-28,20260728T020430124281-0400,01:04:28.967212,64,78.98,80.96,1.97999999999999,0,,,78.98,0,0,false,false,7,7,0,64,55,0,station,M2_empty_history,97
C,austin,2026-07-28,20260728T023212142486-0400,01:32:10.963633,92,78.08,80.96,2.88,0,,,78.08,0,0,false,false,7,7,0,92,82,0,station,M2_empty_history,97
C,austin,2026-07-28,20260728T052126378502-0400,04:21:26.084370,261,77,80.96,3.95999999999999,0,,,77,0,0,false,false,7,7,0,261,258,0,station,M2_empty_history,97
C,austin,2026-07-28,20260728T053826679177-0400,04:38:26.541826,278,77,80.96,3.95999999999999,0,,,77,0,0,false,false,7,7,0,278,277,0,station,M2_empty_history,97
C,austin,2026-07-28,20260728T055626378241-0400,04:56:26.258097,296,75.92,80.96,5.03999999999999,0,,,75.92,0,0,false,false,7,7,0,296,294,0,station,M2_empty_history,97
C,austin,2026-07-28,20260728T085833888133-0400,07:58:33.766018,478,77,80.96,3.95999999999999,0,,,77,0,0,false,false,7,7,0,478,477,0,station,M2_empty_history,97
C,austin,2026-07-28,20260728T161038881380-0400,15:10:38.745671,910,93.92,96.08,2.16000000000003,0,,,93.92,0,0,false,false,15,15,0,910,905,0,station,M2_empty_history,97
C,austin,2026-07-29,20260729T020424638528-0400,01:04:23.661887,64,78.98,80.96,1.97999999999999,0,,,78.98,0,0,false,false,7,7,0,64,55,0,station,M2_empty_history,98
C,austin,2026-07-29,20260729T025903187853-0400,01:59:02.150451,119,78.08,80.96,2.88,0,,,78.08,0,0,false,false,7,7,0,119,109,0,station,M2_empty_history,98
C,austin,2026-07-29,20260729T040253678150-0400,03:02:52.692886,182,77,80.96,3.95999999999999,0,,,77,0,0,false,false,7,7,0,182,173,0,station,M2_empty_history,98
C,austin,2026-07-29,20260729T045945062643-0400,03:59:44.770511,239,75.92,80.96,5.03999999999999,0,,,75.92,0,0,false,false,7,7,0,239,231,0,station,M2_empty_history,98
C,austin,2026-07-29,20260729T075620772823-0400,06:56:20.613870,416,75.92,80.96,5.03999999999999,0,,,75.92,0,0,false,false,7,7,0,416,407,0,station,M2_empty_history,98
C,austin,2026-07-29,20260729T110132092608-0400,10:01:31.942418,601,82.04,86,3.95999999999999,0,,,82.04,0,0,false,true,9,10,1,601,598,0,station,M2_empty_history,98
C,austin,2026-07-30,20260730T020417381792-0400,01:04:16.447608,64,80.96,82.94,1.98,0,,,80.96,0,0,false,false,7,7,0,64,55,0,station,M2_empty_history,100
C,austin,2026-07-30,20260730T024100538665-0400,01:40:59.373800,100,80.06,82.94,2.88,0,,,80.06,0,0,false,false,7,7,0,100,91,0,station,M2_empty_history,100
C,austin,2026-07-30,20260730T045647931457-0400,03:56:47.685998,236,78.98,82.94,3.95999999999999,0,,,78.98,0,0,false,false,7,7,0,236,230,0,station,M2_empty_history,100
C,austin,2026-07-30,20260730T055635044949-0400,04:56:34.927276,296,78.08,82.94,4.86,0,,,78.08,0,0,false,false,7,7,0,296,294,0,station,M2_empty_history,100
C,austin,2026-07-30,20260730T065627648300-0400,05:56:27.480815,356,77,82.94,5.94,0,,,77,0,0,false,false,7,7,0,356,349,0,station,M2_empty_history,100
C,austin,2026-07-30,20260730T075538477620-0400,06:55:38.295032,415,75.92,82.94,7.02,0,,,75.92,0,0,false,false,7,7,0,415,412,0,station,M2_empty_history,100
C,austin,2026-07-30,20260730T110230528293-0400,10:02:30.389388,602,80.96,84.02,3.06,0,,,80.96,0,0,false,true,9,10,1,602,596,0,station,M2_empty_history,100
C,chicago,2026-07-03,20260703T013221-0400,00:32:20.887339,32,71.06,71.96,0.899999999999991,0,,,71.06,0,0,false,false,7,7,0,32,21,0,station,M2_empty_history,86
C,chicago,2026-07-03,20260703T045421-0400,03:54:21.109580,234,71.06,71.96,0.899999999999991,0,,,71.06,0,0,false,false,7,7,0,234,232,0,station,M2_empty_history,86
C,chicago,2026-07-04,20260704T020323370755-0400,01:03:22.413536,63,69.98,71.06,1.08,0,,,69.98,0,0,false,false,7,7,0,63,55,0,station,M2_empty_history,83
C,chicago,2026-07-04,20260704T035322626035-0400,02:53:22.377407,173,69.08,71.06,1.98,0,,,69.08,0,0,false,false,7,7,0,173,164,0,station,M2_empty_history,83
C,chicago,2026-07-04,20260704T065413517483-0400,05:54:13.266714,354,69.08,71.06,1.98,0,,,69.08,0,0,false,false,7,7,0,354,346,0,station,M2_empty_history,83
C,chicago,2026-07-05,20260705T025346885022-0400,01:53:45.742556,113,66.92,68,1.08,0,,,66.92,0,0,false,false,7,7,0,113,110,0,station,M2_empty_history,76
C,chicago,2026-07-05,20260705T045344306389-0400,03:53:44.079055,233,66.92,68,1.08,0,,,66.92,0,0,false,false,7,7,0,233,228,0,station,M2_empty_history,76
C,chicago,2026-07-05,20260705T055348600085-0400,04:53:48.358678,293,66.02,68,1.98,0,,,66.02,0,0,false,false,7,7,0,293,292,0,station,M2_empty_history,76
C,chicago,2026-07-07,20260707T025827426868-0400,01:58:26.149616,118,66.02,68,1.98,0,,,66.02,0,0,false,false,7,7,0,118,94,0,station,M2_empty_history,85
C,chicago,2026-07-07,20260707T035335742537-0400,02:53:35.494002,173,64.94,68,3.06,0,,,64.94,0,0,false,false,7,7,0,173,164,0,station,M2_empty_history,85
C,chicago,2026-07-07,20260707T105851666346-0400,09:58:47.553870,598,78.08,80.96,2.88,0,,,78.08,0,0,false,false,9,9,0,598,595,0,station,M2_empty_history,85
C,chicago,2026-07-07,20260707T135836460561-0400,12:58:30.394382,778,82.94,84.02,1.08,0,,,82.94,0,0,false,false,12,12,0,778,775,0,station,M2_empty_history,85
C,chicago,2026-07-08,20260708T015351332126-0400,00:53:50.805126,53,71.96,75.02,3.06,0,,,71.96,0,0,false,false,7,7,0,53,46,0,station,M2_empty_history,88
C,chicago,2026-07-08,20260708T025454386393-0400,01:54:54.181950,114,69.98,75.02,5.03999999999999,0,,,69.98,0,0,false,false,7,7,0,114,109,0,station,M2_empty_history,88
C,chicago,2026-07-08,20260708T035339442028-0400,02:53:39.249346,173,69.08,75.02,5.94,0,,,69.08,0,0,false,false,7,7,0,173,164,0,station,M2_empty_history,88
C,chicago,2026-07-09,20260709T015339226979-0400,00:53:38.929979,53,77,78.08,1.08,0,,,77,0,0,false,false,7,7,0,53,48,0,station,M2_empty_history,86
C,chicago,2026-07-09,20260709T025439037534-0400,01:54:38.642506,114,75.92,78.08,2.16,0,,,75.92,0,0,false,false,7,7,0,114,111,0,station,M2_empty_history,86
C,chicago,2026-07-09,20260709T035340438056-0400,02:53:40.151538,173,75.02,78.08,3.06,0,,,75.02,0,0,false,false,7,7,0,173,166,0,station,M2_empty_history,86
C,chicago,2026-07-09,20260709T065341799884-0400,05:53:41.526791,353,73.94,78.08,4.14,0,,,73.94,0,0,false,false,7,7,0,353,348,0,station,M2_empty_history,86
C,chicago,2026-07-09,20260709T180133111455-0400,17:01:32.411294,1021,84.02,86,1.98,0,,,84.02,0,0,false,true,16,17,1,1021,1016,0,station,M2_empty_history,86
C,chicago,2026-07-10,20260710T015443308488-0400,00:54:32.181939,54,71.96,73.04,1.08000000000001,0,,,71.96,0,0,false,false,7,7,0,54,43,0,station,M2_empty_history,81
C,chicago,2026-07-10,20260710T025724764786-0400,01:57:20.994549,117,71.06,73.04,1.98,0,,,71.06,0,0,false,false,7,7,0,117,105,0,station,M2_empty_history,81
C,chicago,2026-07-10,20260710T035934058840-0400,02:59:32.172350,179,69.98,73.04,3.06,0,,,69.98,0,0,false,false,7,7,0,179,170,0,station,M2_empty_history,81
C,chicago,2026-07-10,20260710T111928622982-0400,10:19:23.119257,619,69.98,77,7.02,0,,,69.98,0,0,false,false,10,10,0,619,616,0,station,M2_empty_history,81
C,chicago,2026-07-10,20260710T112737979969-0400,10:27:37.029533,627,75.02,77,1.98,0,,,75.02,0,0,false,false,10,10,0,627,619,0,station,M2_empty_history,81
C,chicago,2026-07-10,20260710T115931162959-0400,10:59:30.817059,659,77,78.98,1.98,0,,,77,0,0,false,false,10,10,0,659,657,0,station,M2_empty_history,81
C,chicago,2026-07-11,20260711T015442511065-0400,00:54:42.178065,54,68,69.98,1.98,0,,,68,0,0,false,false,7,7,0,54,45,0,station,M2_empty_history,82
C,chicago,2026-07-11,20260711T031906768433-0400,02:19:03.203906,139,66.92,69.98,3.06,0,,,66.92,0,0,false,false,7,7,0,139,91,0,station,M2_empty_history,82
C,chicago,2026-07-11,20260711T045555613761-0400,03:55:33.105017,235,66.02,69.98,3.96000000000001,0,,,66.02,0,0,false,false,7,7,0,235,220,0,station,M2_empty_history,82
C,chicago,2026-07-14,20260714T015419923350-0400,00:54:19.575543,54,78.98,80.96,1.97999999999999,0,,,78.98,0,0,false,false,7,7,0,54,53,0,station,M2_empty_history,96
C,chicago,2026-07-14,20260714T025420059572-0400,01:54:19.810593,114,78.08,80.96,2.88,0,,,78.08,0,0,false,false,7,7,0,114,112,0,station,M2_empty_history,96
C,chicago,2026-07-14,20260714T035642124609-0400,02:56:40.953935,176,77,80.96,3.95999999999999,0,,,77,0,0,false,false,7,7,0,176,167,0,station,M2_empty_history,96
C,chicago,2026-07-14,20260714T050020898448-0400,04:00:19.737774,240,75.92,80.96,5.03999999999999,0,,,75.92,0,0,false,false,7,7,0,240,234,0,station,M2_empty_history,96
C,chicago,2026-07-14,20260714T055330164683-0400,04:53:29.892080,293,75.02,80.96,5.94,0,,,75.02,0,0,false,false,7,7,0,293,285,0,station,M2_empty_history,96
C,chicago,2026-07-14,20260714T140129939714-0400,13:01:28.905752,781,87.98,89.96,1.98,0,,,87.98,0,0,false,true,12,13,1,781,772,0,station,M2_empty_history,96
C,chicago,2026-07-15,20260715T015340771636-0400,00:53:40.208346,53,82.04,82.94,0.899999999999991,0,,,82.04,0,0,false,false,7,7,0,53,45,0,station,M2_empty_history,94
C,chicago,2026-07-15,20260715T025438250777-0400,01:54:37.822120,114,80.06,82.94,2.88,0,,,80.06,0,0,false,false,7,7,0,114,110,0,station,M2_empty_history,94
C,chicago,2026-07-15,20260715T035437258228-0400,02:54:36.919525,174,78.98,82.94,3.95999999999999,0,,,78.98,0,0,false,false,7,7,0,174,165,0,station,M2_empty_history,94
C,chicago,2026-07-15,20260715T045330841348-0400,03:53:30.597387,233,78.08,82.94,4.86,0,,,78.08,0,0,false,false,7,7,0,233,229,0,station,M2_empty_history,94
C,chicago,2026-07-15,20260715T055439335153-0400,04:54:39.030761,294,77,82.94,5.94,0,,,77,0,0,false,false,7,7,0,294,293,0,station,M2_empty_history,94
C,chicago,2026-07-15,20260715T065335614996-0400,05:53:35.307953,353,75.92,82.94,7.02,0,,,75.92,0,0,false,false,7,7,0,353,347,0,station,M2_empty_history,94
C,chicago,2026-07-15,20260715T080044056389-0400,07:00:42.953286,420,77,82.94,5.94,0,,,77,0,0,false,false,7,7,0,420,420,0,station,M2_empty_history,94
C,chicago,2026-07-15,20260715T090040086428-0400,08:00:39.883553,480,77,82.94,5.94,0,,,77,0,0,false,true,7,8,1,480,475,0,station,M2_empty_history,94
C,chicago,2026-07-15,20260715T134556415611-0400,12:45:56.071039,765,80.06,89.96,9.90000000000001,0,,,80.06,0,0,false,false,12,12,0,765,758,0,station,M2_empty_history,94
C,chicago,2026-07-15,20260715T155244784698-0400,14:52:44.472823,892,84.02,91.94,7.92,0,,,84.02,0,0,false,false,14,14,0,892,885,0,station,M2_empty_history,94
C,chicago,2026-07-16,20260716T015442347337-0400,00:54:41.970894,54,78.98,80.06,1.08,0,,,78.98,0,0,false,false,7,7,0,54,45,0,station,M2_empty_history,90
C,chicago,2026-07-16,20260716T035443986612-0400,02:54:43.710921,174,77,80.06,3.06,0,,,77,0,0,false,false,7,7,0,174,173,0,station,M2_empty_history,90
C,chicago,2026-07-16,20260716T055341177401-0400,04:53:40.920856,293,75.92,80.06,4.14,0,,,75.92,0,0,false,false,7,7,0,293,291,0,station,M2_empty_history,90
C,chicago,2026-07-16,20260716T063243457722-0400,05:32:43.125280,332,75.02,80.06,5.04000000000001,0,,,75.02,0,0,false,false,7,7,0,332,328,0,station,M2_empty_history,90
C,chicago,2026-07-17,20260717T015448633965-0400,00:54:48.159296,54,77,78.08,1.08,0,,,77,0,0,false,false,7,7,0,54,47,0,station,M2_empty_history,92
C,chicago,2026-07-17,20260717T035342793120-0400,02:53:42.444813,173,75.92,78.08,2.16,0,,,75.92,0,0,false,false,7,7,0,173,166,0,station,M2_empty_history,92
C,chicago,2026-07-17,20260717T055347432872-0400,04:53:47.132465,293,75.02,78.08,3.06,0,,,75.02,0,0,false,false,7,7,0,293,285,0,station,M2_empty_history,92
C,chicago,2026-07-18,20260718T015441279237-0400,00:54:40.979018,54,80.96,82.04,1.08000000000001,0,,,80.96,0,0,false,false,7,7,0,54,46,0,station,M2_empty_history,91
C,chicago,2026-07-18,20260718T035331763487-0400,02:53:31.489679,173,80.06,82.04,1.98,0,,,80.06,0,0,false,false,7,7,0,173,164,0,station,M2_empty_history,91
C,chicago,2026-07-18,20260718T045333863738-0400,03:53:33.612116,233,78.98,82.04,3.06,0,,,78.98,0,0,false,false,7,7,0,233,228,0,station,M2_empty_history,91
C,chicago,2026-07-18,20260718T065332672769-0400,05:53:32.429300,353,78.98,82.04,3.06,0,,,78.98,0,0,false,false,7,7,0,353,347,0,station,M2_empty_history,91
C,chicago,2026-07-18,20260718T080238088141-0400,07:02:37.877457,422,78.98,82.04,3.06,0,,,78.98,0,0,false,false,7,7,0,422,421,0,station,M2_empty_history,91
C,chicago,2026-07-18,20260718T150037683905-0400,14:00:36.466407,840,86,87.08,1.08000000000001,0,,,82.94,0,0,false,true,13,14,1,840,834,0,station,M5_cutoff_change,91
C,chicago,2026-07-19,20260719T015333892159-0400,00:53:33.291939,53,69.98,71.06,1.08,0,,,69.98,0,0,false,false,7,7,0,53,46,0,station,M2_empty_history,79
C,chicago,2026-07-19,20260719T024935867245-0400,01:49:35.586928,109,69.08,71.06,1.98,0,,,69.08,0,0,false,false,7,7,0,109,100,0,station,M2_empty_history,79
C,chicago,2026-07-19,20260719T053634832179-0400,04:36:34.600099,276,69.08,71.06,1.98,0,,,69.08,0,0,false,false,7,7,0,276,274,0,station,M2_empty_history,79
C,chicago,2026-07-19,20260719T115651155229-0400,10:56:50.898745,656,75.02,75.92,0.900000000000006,0,,,75.02,0,0,false,false,10,10,0,656,653,0,station,M2_empty_history,79
C,chicago,2026-07-20,20260720T015338496158-0400,00:53:37.878138,53,68,69.08,1.08,0,,,68,0,0,false,false,7,7,0,53,46,0,station,M2_empty_history,82
C,chicago,2026-07-20,20260720T025438363359-0400,01:54:38.151837,114,66.92,69.08,2.16,0,,,66.92,0,0,false,false,7,7,0,114,110,0,station,M2_empty_history,82
C,chicago,2026-07-20,20260720T035342301799-0400,02:53:42.066640,173,66.02,69.08,3.06,0,,,66.02,0,0,false,false,7,7,0,173,165,0,station,M2_empty_history,82
C,chicago,2026-07-20,20260720T045337499037-0400,03:53:37.279334,233,64.94,69.08,4.14,0,,,64.94,0,0,false,false,7,7,0,233,229,0,station,M2_empty_history,82
C,chicago,2026-07-20,20260720T062942812031-0400,05:29:42.529943,329,64.94,69.08,4.14,0,,,64.94,0,0,false,false,7,7,0,329,329,0,station,M2_empty_history,82
C,chicago,2026-07-20,20260720T105150093236-0400,09:51:49.838029,591,66.02,73.94,7.92,0,,,66.02,0,0,false,false,9,9,0,591,584,0,station,M2_empty_history,82
C,chicago,2026-07-20,20260720T165237767690-0400,15:52:37.465062,952,75.92,78.98,3.06,0,,,75.92,0,0,false,false,15,15,0,952,949,0,station,M2_empty_history,82
C,chicago,2026-07-21,20260721T045800830154-0400,03:57:59.819580,237,75.92,77,1.08,0,,,75.92,0,0,false,false,7,7,0,237,228,0,station,M2_empty_history,86
C,chicago,2026-07-21,20260721T055239418349-0400,04:52:38.379961,292,75.02,77,1.98,0,,,75.02,0,0,false,false,7,7,0,292,283,0,station,M2_empty_history,86
C,chicago,2026-07-21,20260721T065625855304-0400,05:56:24.808402,356,73.94,77,3.06,0,,,73.94,0,0,false,false,7,7,0,356,347,0,station,M2_empty_history,86
C,chicago,2026-07-21,20260721T120043508343-0400,11:00:43.195962,660,78.08,82.04,3.96000000000001,0,,,78.08,0,0,false,true,10,11,1,660,656,0,station,M2_empty_history,86
C,chicago,2026-07-22,20260722T015525984282-0400,00:55:25.020624,55,66.02,68,1.98,0,,,66.02,0,0,false,false,7,7,0,55,46,0,station,M2_empty_history,74
C,chicago,2026-07-22,20260722T050003451264-0400,04:00:02.235411,240,64.04,68,3.95999999999999,0,,,64.04,0,0,false,false,7,7,0,240,230,0,station,M2_empty_history,74
C,chicago,2026-07-22,20260722T055425706605-0400,04:54:25.310952,294,60.98,68,7.02,0,,,60.98,0,0,false,false,7,7,0,294,285,0,station,M2_empty_history,74
C,chicago,2026-07-22,20260722T065826320299-0400,05:58:25.294315,358,60.08,68,7.92,0,,,60.08,0,0,false,false,7,7,0,358,356,0,station,M2_empty_history,74
C,chicago,2026-07-22,20260722T080220045078-0400,07:02:19.065844,422,60.98,68,7.02,0,,,60.98,0,0,false,false,7,7,0,422,420,0,station,M2_empty_history,74
C,chicago,2026-07-22,20260722T085707379041-0400,07:57:06.235184,477,60.98,68,7.02,0,,,60.98,0,0,false,false,7,7,0,477,474,0,station,M2_empty_history,74
C,chicago,2026-07-22,20260722T170049248419-0400,16:00:48.091089,960,71.96,73.94,1.98,0,,,71.96,0,0,false,true,15,16,1,960,954,0,station,M2_empty_history,74
C,chicago,2026-07-23,20260723T015505019935-0400,00:55:03.904758,55,62.06,62.96,0.899999999999999,0,,,62.06,0,0,false,false,7,7,0,55,45,0,station,M2_empty_history,77
C,chicago,2026-07-23,20260723T025859599308-0400,01:58:58.634882,118,60.98,62.96,1.97999999999999,0,,,60.98,0,0,false,false,7,7,0,118,115,0,station,M2_empty_history,77
C,chicago,2026-07-23,20260723T035323342099-0400,02:53:23.144825,173,60.08,62.96,2.88,0,,,60.08,0,0,false,false,7,7,0,173,164,0,station,M2_empty_history,77
C,chicago,2026-07-23,20260723T045342991928-0400,03:53:42.789161,233,59,62.96,3.95999999999999,0,,,59,0,0,false,false,7,7,0,233,228,0,station,M2_empty_history,77
C,chicago,2026-07-23,20260723T060134151828-0400,05:01:33.292761,301,59,62.96,3.95999999999999,0,,,59,0,0,false,false,7,7,0,301,301,0,station,M2_empty_history,77
C,chicago,2026-07-23,20260723T095826266089-0400,08:58:25.245442,538,66.92,69.98,3.06,0,,,66.92,0,0,false,false,8,8,0,538,536,0,station,M2_empty_history,77
C,chicago,2026-07-23,20260723T105546779751-0400,09:55:46.540589,595,69.98,71.96,1.97999999999999,0,,,69.98,0,0,false,false,9,9,0,595,594,0,station,M2_empty_history,77
C,chicago,2026-07-24,20260724T015422242416-0400,00:54:21.950356,54,66.92,68,1.08,0,,,66.92,0,0,false,false,7,7,0,54,46,0,station,M2_empty_history,78
C,chicago,2026-07-24,20260724T025526240672-0400,01:55:26.033024,115,66.02,68,1.98,0,,,66.02,0,0,false,false,7,7,0,115,110,0,station,M2_empty_history,78
C,chicago,2026-07-24,20260724T065413689198-0400,05:54:13.417037,354,64.04,68,3.95999999999999,0,,,64.04,0,0,false,false,7,7,0,354,348,0,station,M2_empty_history,78
C,chicago,2026-07-24,20260724T075922862389-0400,06:59:22.665734,419,64.04,68,3.95999999999999,0,,,64.04,0,0,false,false,7,7,0,419,414,0,station,M2_empty_history,78
C,chicago,2026-07-24,20260724T093234299649-0400,08:32:33.373829,512,66.02,68,1.98,0,,,66.02,0,0,false,false,8,8,0,512,503,0,station,M2_empty_history,78
C,chicago,2026-07-24,20260724T100521646167-0400,09:05:21.421708,545,66.02,69.98,3.96000000000001,0,,,66.02,0,0,false,true,8,9,1,545,539,0,station,M2_empty_history,78
C,chicago,2026-07-24,20260724T150025246539-0400,14:00:24.199907,840,69.98,78.08,8.09999999999999,0,,,69.98,0,0,false,true,13,14,1,840,833,0,station,M2_empty_history,78
C,chicago,2026-07-25,20260725T025426458769-0400,01:54:26.076812,114,66.92,68,1.08,0,,,66.92,0,0,false,false,7,7,0,114,110,0,station,M2_empty_history,80
C,chicago,2026-07-25,20260725T035355836672-0400,02:53:54.650485,173,64.94,68,3.06,0,,,64.94,0,0,false,false,7,7,0,173,164,0,station,M2_empty_history,80
C,chicago,2026-07-25,20260725T050001994362-0400,04:00:01.016046,240,62.96,68,5.04000000000001,0,,,62.96,0,0,false,false,7,7,0,240,230,0,station,M2_empty_history,80
C,chicago,2026-07-25,20260725T065426143857-0400,05:54:25.976597,354,62.96,68,5.04000000000001,0,,,62.96,0,0,false,false,7,7,0,354,349,0,station,M2_empty_history,80
C,chicago,2026-07-25,20260725T100027590918-0400,09:00:26.631233,540,64.04,71.06,7.02,0,,,64.04,0,0,false,true,8,9,1,540,533,0,station,M2_empty_history,80
C,chicago,2026-07-25,20260725T210135715769-0400,20:01:35.463935,1201,78.08,80.06,1.98,0,,,78.08,0,0,false,true,19,20,1,1201,1196,0,station,M2_empty_history,80
C,chicago,2026-07-26,20260726T105831089305-0400,09:58:30.853164,598,78.98,80.96,1.97999999999999,0,,,78.98,0,0,false,false,9,9,0,598,593,0,station,M2_empty_history,91
C,chicago,2026-07-27,20260727T015506970882-0400,00:55:06.008639,55,80.06,80.96,0.899999999999991,0,,,80.06,0,0,false,false,7,7,0,55,46,0,station,M2_empty_history,85
C,chicago,2026-07-27,20260727T025911726213-0400,01:59:10.752818,119,78.98,80.96,1.97999999999999,0,,,78.98,0,0,false,false,7,7,0,119,109,0,station,M2_empty_history,85
C,chicago,2026-07-27,20260727T065617519446-0400,05:56:16.352263,356,78.98,80.96,1.97999999999999,0,,,78.98,0,0,false,false,7,7,0,356,347,0,station,M2_empty_history,85
C,chicago,2026-07-28,20260728T015513688635-0400,00:55:12.548910,55,73.94,75.02,1.08,0,,,73.94,0,0,false,false,7,7,0,55,46,0,station,M2_empty_history,79
C,chicago,2026-07-28,20260728T035410915503-0400,02:54:09.870381,174,73.04,75.02,1.97999999999999,0,,,73.04,0,0,false,false,7,7,0,174,165,0,station,M2_empty_history,79
C,chicago,2026-07-28,20260728T045506367876-0400,03:55:06.077294,235,71.06,75.02,3.95999999999999,0,,,71.06,0,0,false,false,7,7,0,235,229,0,station,M2_empty_history,79
C,chicago,2026-07-28,20260728T051329434583-0400,04:13:29.237398,253,69.98,75.02,5.03999999999999,0,,,69.98,0,0,false,false,7,7,0,253,247,0,station,M2_empty_history,79
C,chicago,2026-07-28,20260728T055430886606-0400,04:54:30.679570,294,69.08,75.02,5.94,0,,,69.08,0,0,false,false,7,7,0,294,293,0,station,M2_empty_history,79
C,chicago,2026-07-28,20260728T055926700225-0400,04:59:26.493964,299,69.08,75.02,5.94,0,,,69.08,0,0,false,false,7,7,0,299,298,0,station,M2_empty_history,79
C,chicago,2026-07-28,20260728T070129180471-0400,06:01:29.024937,361,69.08,75.02,5.94,0,,,69.08,0,0,false,false,7,7,0,361,360,0,station,M2_empty_history,79
C,chicago,2026-07-28,20260728T080100924804-0400,07:00:59.849878,420,69.08,75.02,5.94,0,,,69.08,0,0,false,false,7,7,0,420,420,0,station,M2_empty_history,79
C,chicago,2026-07-28,20260728T090448441479-0400,08:04:47.402662,484,69.08,75.02,5.94,0,,,69.08,0,0,false,false,8,8,0,484,481,0,station,M2_empty_history,79
C,chicago,2026-07-28,20260728T105731788449-0400,09:57:31.613780,597,69.08,75.02,5.94,0,,,69.08,0,0,false,false,9,9,0,597,596,0,station,M2_empty_history,79
C,chicago,2026-07-28,20260728T105950397238-0400,09:59:50.195999,599,69.08,75.02,5.94,0,,,69.08,0,0,false,false,9,9,0,599,598,0,station,M2_empty_history,79
C,chicago,2026-07-28,20260728T111628759912-0400,10:16:28.530761,616,71.06,75.02,3.95999999999999,0,,,71.06,0,0,false,false,10,10,0,616,612,0,station,M2_empty_history,79
C,chicago,2026-07-28,20260728T113932549217-0400,10:39:32.306962,639,69.08,75.02,5.94,0,,,69.08,0,0,false,false,10,10,0,639,630,0,station,M2_empty_history,79
C,chicago,2026-07-28,20260728T114037005963-0400,10:40:36.758167,640,71.06,75.02,3.95999999999999,0,,,71.06,0,0,false,false,10,10,0,640,639,0,station,M2_empty_history,79
C,chicago,2026-07-28,20260728T120030527049-0400,11:00:30.337368,660,69.08,75.02,5.94,0,,,69.08,0,0,false,true,10,11,1,660,657,0,station,M2_empty_history,79
C,chicago,2026-07-28,20260728T150011422048-0400,14:00:10.358822,840,75.02,78.98,3.96000000000001,0,,,75.02,0,0,false,true,13,14,1,840,834,0,station,M2_empty_history,79
C,chicago,2026-07-28,20260728T150530755549-0400,14:05:30.542888,845,75.02,78.98,3.96000000000001,0,,,75.02,0,0,false,false,14,14,0,845,841,0,station,M2_empty_history,79
C,chicago,2026-07-29,20260729T020415206372-0400,01:04:14.065423,64,64.94,68,3.06,0,,,64.94,0,0,false,false,7,7,0,64,55,0,station,M2_empty_history,80
C,chicago,2026-07-29,20260729T040244372159-0400,03:02:43.259227,182,64.04,68,3.95999999999999,0,,,64.04,0,0,false,false,7,7,0,182,173,0,station,M2_empty_history,80
C,chicago,2026-07-29,20260729T045443761941-0400,03:54:42.858295,234,62.96,68,5.04000000000001,0,,,62.96,0,0,false,false,7,7,0,234,228,0,station,M2_empty_history,80
C,chicago,2026-07-29,20260729T062117913955-0400,05:21:17.705205,321,62.96,68,5.04000000000001,0,,,62.96,0,0,false,false,7,7,0,321,320,0,station,M2_empty_history,80
C,chicago,2026-07-29,20260729T090132170974-0400,08:01:31.963598,481,62.96,68,5.04000000000001,0,,,62.96,0,0,false,true,7,8,1,481,474,0,station,M2_empty_history,80
C,chicago,2026-07-29,20260729T130007014513-0400,12:00:06.130072,720,75.02,75.92,0.900000000000006,0,,,75.02,0,0,false,true,11,12,1,720,714,0,station,M2_empty_history,80
C,chicago,2026-07-29,20260729T180631077504-0400,17:06:30.849257,1026,78.98,80.06,1.08,0,,,78.98,0,0,false,false,17,17,0,1026,1021,0,station,M2_empty_history,80
C,chicago,2026-07-30,20260730T015534944090-0400,00:55:33.849953,55,66.02,69.08,3.06,0,,,66.02,0,0,false,false,7,7,0,55,46,0,station,M2_empty_history,86
C,chicago,2026-07-30,20260730T025945308405-0400,01:59:44.059903,119,64.94,69.08,4.14,0,,,64.94,0,0,false,false,7,7,0,119,110,0,station,M2_empty_history,86
C,chicago,2026-07-30,20260730T035428473479-0400,02:54:27.365519,174,64.04,69.08,5.03999999999999,0,,,64.04,0,0,false,false,7,7,0,174,165,0,station,M2_empty_history,86
C,chicago,2026-07-30,20260730T055329548484-0400,04:53:29.262644,293,62.96,69.08,6.12,0,,,62.96,0,0,false,false,7,7,0,293,286,0,station,M2_empty_history,86
C,chicago,2026-07-30,20260730T060827173368-0400,05:08:26.968430,308,62.96,69.08,6.12,0,,,62.96,0,0,false,false,7,7,0,308,307,0,station,M2_empty_history,86
C,dallas,2026-07-03,20260703T021418-0400,01:14:18.621309,74,82.94,86,3.06,0,,,82.94,0,0,false,false,7,7,0,74,57,0,station,M2_empty_history,97
C,dallas,2026-07-03,20260703T035623-0400,02:56:23.080216,176,82.04,86,3.95999999999999,0,,,82.04,0,0,false,false,7,7,0,176,168,0,station,M2_empty_history,97
C,dallas,2026-07-03,20260703T050128-0400,04:01:28.183238,241,80.96,86,5.04000000000001,0,,,80.96,0,0,false,false,7,7,0,241,236,0,station,M2_empty_history,97
C,dallas,2026-07-03,20260703T065620-0400,05:56:20.733306,356,80.06,86,5.94,0,,,80.06,0,0,false,false,7,7,0,356,350,0,station,M2_empty_history,97
C,dallas,2026-07-04,20260704T020330978464-0400,01:03:30.758898,63,87.98,89.06,1.08,0,,,87.98,0,0,false,false,7,7,0,63,55,0,station,M2_empty_history,98
C,dallas,2026-07-04,20260704T025620225992-0400,01:56:20.048997,116,86,89.06,3.06,0,,,86,0,0,false,false,7,7,0,116,110,0,station,M2_empty_history,98
C,dallas,2026-07-04,20260704T035621692911-0400,02:56:21.501408,176,84.92,89.06,4.14000000000001,0,,,84.92,0,0,false,false,7,7,0,176,174,0,station,M2_empty_history,98
C,dallas,2026-07-04,20260704T055615582710-0400,04:56:15.362499,296,82.94,89.06,6.12,0,,,82.94,0,0,false,false,7,7,0,296,292,0,station,M2_empty_history,98
C,dallas,2026-07-05,20260705T025553655779-0400,01:55:53.445782,115,87.98,89.96,1.98,0,,,87.98,0,0,false,false,7,7,0,115,111,0,station,M2_empty_history,97
C,dallas,2026-07-05,20260705T035545475936-0400,02:55:45.327936,175,80.96,89.96,9,0,,,80.96,0,0,false,false,7,7,0,175,174,0,station,M2_empty_history,97
C,dallas,2026-07-05,20260705T045551698759-0400,03:55:51.558758,235,78.98,89.96,10.98,0,,,78.98,0,0,false,false,7,7,0,235,229,0,station,M2_empty_history,97
C,dallas,2026-07-05,20260705T055548064941-0400,04:55:47.911456,295,78.08,89.96,11.88,0,,,78.08,0,0,false,false,7,7,0,295,292,0,station,M2_empty_history,97
C,dallas,2026-07-07,20260707T015559520352-0400,00:55:59.185259,55,89.96,91.04,1.07999999999998,0,,,89.96,0,0,false,false,7,7,0,55,49,0,station,M2_empty_history,101
C,dallas,2026-07-07,20260707T031006188262-0400,02:10:05.994414,130,87.98,91.04,3.05999999999999,0,,,87.98,0,0,false,false,7,7,0,130,128,0,station,M2_empty_history,101
C,dallas,2026-07-07,20260707T035609612251-0400,02:56:09.405029,176,86,91.04,5.03999999999999,0,,,86,0,0,false,false,7,7,0,176,173,0,station,M2_empty_history,101
C,dallas,2026-07-07,20260707T045630213040-0400,03:56:29.902982,236,84.92,91.04,6.12,0,,,84.92,0,0,false,false,7,7,0,236,228,0,station,M2_empty_history,101
C,dallas,2026-07-07,20260707T055733775993-0400,04:57:33.526528,297,82.94,91.04,8.09999999999999,0,,,82.94,0,0,false,false,7,7,0,297,291,0,station,M2_empty_history,101
C,dallas,2026-07-07,20260707T065538205585-0400,05:55:37.961363,355,82.04,91.04,9,0,,,82.04,0,0,false,false,7,7,0,355,355,0,station,M2_empty_history,101
C,dallas,2026-07-07,20260707T095148175683-0400,08:51:45.619765,531,82.04,91.04,9,0,,,82.04,0,0,false,false,8,8,0,531,527,0,station,M2_empty_history,101
C,dallas,2026-07-08,20260708T015554175323-0400,00:55:54.032323,55,82.94,84.02,1.08,0,,,82.94,0,0,false,false,7,7,0,55,55,0,station,M2_empty_history,101
C,dallas,2026-07-08,20260708T025653184224-0400,01:56:52.999812,116,82.04,84.02,1.97999999999999,0,,,82.04,0,0,false,false,7,7,0,116,110,0,station,M2_empty_history,101
C,dallas,2026-07-08,20260708T045551336386-0400,03:55:51.132053,235,82.04,84.02,1.97999999999999,0,,,82.04,0,0,false,false,7,7,0,235,228,0,station,M2_empty_history,101
C,dallas,2026-07-08,20260708T065614875640-0400,05:56:14.685719,356,82.04,84.02,1.97999999999999,0,,,82.04,0,0,false,false,7,7,0,356,355,0,station,M2_empty_history,101
C,dallas,2026-07-08,20260708T075606971359-0400,06:56:06.687774,416,80.96,84.02,3.06,0,,,80.96,0,0,false,false,7,7,0,416,409,0,station,M2_empty_history,101
C,dallas,2026-07-09,20260709T015646367388-0400,00:56:46.160340,56,89.06,89.96,0.900000000000006,0,,,89.06,0,0,false,false,7,7,0,56,48,0,station,M2_empty_history,101
C,dallas,2026-07-09,20260709T025540118603-0400,01:55:39.296533,115,87.08,89.96,2.88,0,,,87.08,0,0,false,false,7,7,0,115,112,0,station,M2_empty_history,101
C,dallas,2026-07-09,20260709T035547963677-0400,02:55:47.789719,175,86,89.96,3.96000000000001,0,,,86,0,0,false,false,7,7,0,175,167,0,station,M2_empty_history,101
C,dallas,2026-07-09,20260709T055642265082-0400,04:56:42.070667,296,84.92,89.96,5.04000000000002,0,,,84.92,0,0,false,false,7,7,0,296,293,0,station,M2_empty_history,101
C,dallas,2026-07-09,20260709T075549581702-0400,06:55:49.386433,415,84.02,89.96,5.94000000000001,0,,,84.02,0,0,false,false,7,7,0,415,412,0,station,M2_empty_history,101
C,dallas,2026-07-10,20260710T015540558860-0400,00:55:38.996294,55,89.06,91.04,1.97999999999999,0,,,89.06,0,0,false,false,7,7,0,55,45,0,station,M2_empty_history,98
C,dallas,2026-07-10,20260710T025737917501-0400,01:57:36.055964,117,87.08,91.04,3.95999999999998,0,,,87.08,0,0,false,false,7,7,0,117,110,0,station,M2_empty_history,98
C,dallas,2026-07-10,20260710T035941435236-0400,02:59:39.572439,179,84.92,91.04,6.12,0,,,84.92,0,0,false,false,7,7,0,179,171,0,station,M2_empty_history,98
C,dallas,2026-07-10,20260710T055653338061-0400,04:56:52.777844,296,84.02,91.04,7.02,0,,,84.02,0,0,false,false,7,7,0,296,288,0,station,M2_empty_history,98
C,dallas,2026-07-10,20260710T075649500001-0400,06:56:49.295331,416,82.04,91.04,9,0,,,82.04,0,0,false,false,7,7,0,416,415,0,station,M2_empty_history,98
C,dallas,2026-07-10,20260710T113218353884-0400,10:32:17.795457,632,84.92,91.04,6.12,0,,,84.92,0,0,false,false,10,10,0,632,623,0,station,M2_empty_history,98
C,dallas,2026-07-10,20260710T130019679916-0400,12:00:14.965515,720,91.04,93.02,1.98,0,,,91.04,0,0,false,false,12,12,0,720,720,0,station,M2_empty_history,98
C,dallas,2026-07-11,20260711T015640652674-0400,00:56:40.421677,56,86,87.98,1.98,0,,,86,0,0,false,false,7,7,0,56,55,0,station,M2_empty_history,98
C,dallas,2026-07-11,20260711T031917898521-0400,02:19:15.997810,139,84.92,87.98,3.06000000000002,0,,,84.92,0,0,false,false,7,7,0,139,91,0,station,M2_empty_history,98
C,dallas,2026-07-11,20260711T035550838344-0400,02:55:50.682949,175,84.02,87.98,3.96000000000001,0,,,84.02,0,0,false,false,7,7,0,175,166,0,station,M2_empty_history,98
C,dallas,2026-07-11,20260711T045618779049-0400,03:56:15.979196,236,82.94,87.98,5.04000000000001,0,,,82.94,0,0,false,false,7,7,0,236,220,0,station,M2_empty_history,98
C,dallas,2026-07-11,20260711T055612598490-0400,04:56:12.408490,296,82.04,87.98,5.94,0,,,82.04,0,0,false,false,7,7,0,296,295,0,station,M2_empty_history,98
C,dallas,2026-07-11,20260711T065615650796-0400,05:56:15.483505,356,80.96,87.98,7.02000000000001,0,,,80.96,0,0,false,false,7,7,0,356,349,0,station,M2_empty_history,98
C,dallas,2026-07-14,20260714T015625649584-0400,00:56:25.288414,56,80.06,80.96,0.899999999999991,0,,,80.06,0,0,false,false,7,7,0,56,48,0,station,M2_empty_history,91
C,dallas,2026-07-14,20260714T025628726704-0400,01:56:28.539748,116,78.98,80.96,1.97999999999999,0,,,78.98,0,0,false,false,7,7,0,116,113,0,station,M2_empty_history,91
C,dallas,2026-07-14,20260714T055639435535-0400,04:56:39.165225,296,78.08,80.96,2.88,0,,,78.08,0,0,false,false,7,7,0,296,295,0,station,M2_empty_history,91
C,dallas,2026-07-14,20260714T075729748034-0400,06:57:29.555651,417,77,80.96,3.95999999999999,0,,,77,0,0,false,false,7,7,0,417,413,0,station,M2_empty_history,91
C,dallas,2026-07-15,20260715T021635365091-0400,01:16:34.106535,76,78.8,78.98,0.180000000000007,0,,,78.8,0,0,false,false,7,7,0,76,67,0,station,M2_empty_history,91
C,dallas,2026-07-15,20260715T035332854631-0400,02:53:32.529408,173,77,78.98,1.98,0,,,77,0,0,false,false,7,7,0,173,168,0,station,M2_empty_history,91
C,dallas,2026-07-15,20260715T140350765797-0400,13:03:50.575147,783,87.08,89.96,2.88,0,,,87.08,0,0,false,true,12,13,1,783,779,0,station,M2_empty_history,91
C,dallas,2026-07-16,20260716T025542287294-0400,01:55:42.022810,115,78.08,78.98,0.900000000000006,0,,,78.08,0,0,false,false,7,7,0,115,110,0,station,M2_empty_history,89
C,dallas,2026-07-16,20260716T055649821139-0400,04:56:49.667316,296,77,78.98,1.98,0,,,77,0,0,false,false,7,7,0,296,292,0,station,M2_empty_history,89
C,dallas,2026-07-17,20260717T055555172276-0400,04:55:54.775033,295,78.08,78.98,0.900000000000006,0,,,78.08,0,0,false,false,7,7,0,295,294,0,station,M2_empty_history,94
C,dallas,2026-07-17,20260717T150240914560-0400,14:02:40.775881,842,89.06,91.94,2.88,0,,,89.06,0,0,false,true,13,14,1,842,838,0,station,M2_empty_history,94
C,dallas,2026-07-18,20260718T015638958096-0400,00:56:38.689489,56,84.92,86,1.08000000000001,0,,,84.92,0,0,false,false,7,7,0,56,55,0,station,M2_empty_history,97
C,dallas,2026-07-18,20260718T035633075050-0400,02:56:32.886154,176,82.94,86,3.06,0,,,82.94,0,0,false,false,7,7,0,176,173,0,station,M2_empty_history,97
C,dallas,2026-07-18,20260718T045635433280-0400,03:56:35.284628,236,82.04,86,3.95999999999999,0,,,82.04,0,0,false,false,7,7,0,236,228,0,station,M2_empty_history,97
C,dallas,2026-07-18,20260718T055548437909-0400,04:55:48.279900,295,80.96,86,5.04000000000001,0,,,80.96,0,0,false,false,7,7,0,295,292,0,station,M2_empty_history,97
C,dallas,2026-07-18,20260718T065549771296-0400,05:55:49.586039,355,80.06,86,5.94,0,,,80.06,0,0,false,false,7,7,0,355,346,0,station,M2_empty_history,97
C,dallas,2026-07-19,20260719T015535952577-0400,00:55:34.986310,55,86,87.08,1.08000000000001,0,,,86,0,0,false,false,7,7,0,55,46,0,station,M2_empty_history,98
C,dallas,2026-07-19,20260719T035543407851-0400,02:55:43.227957,175,84.92,87.08,2.16000000000003,0,,,84.92,0,0,false,false,7,7,0,175,173,0,station,M2_empty_history,98
C,dallas,2026-07-19,20260719T045536970592-0400,03:55:36.812764,235,84.02,87.08,3.06000000000002,0,,,84.02,0,0,false,false,7,7,0,235,228,0,station,M2_empty_history,98
C,dallas,2026-07-19,20260719T055538899918-0400,04:55:38.708503,295,82.94,87.08,4.14000000000001,0,,,82.94,0,0,false,false,7,7,0,295,292,0,station,M2_empty_history,98
C,dallas,2026-07-19,20260719T065600999912-0400,05:56:00.121521,356,82.04,87.08,5.04000000000001,0,,,82.04,0,0,false,false,7,7,0,356,346,0,station,M2_empty_history,98
C,dallas,2026-07-20,20260720T015641462658-0400,00:56:41.178517,56,89.06,91.04,1.97999999999999,0,,,89.06,0,0,false,false,7,7,0,56,55,0,station,M2_empty_history,102
C,dallas,2026-07-20,20260720T025554275495-0400,01:55:54.105874,115,87.98,91.04,3.05999999999999,0,,,87.98,0,0,false,false,7,7,0,115,110,0,station,M2_empty_history,102
C,dallas,2026-07-20,20260720T035541275564-0400,02:55:41.061895,175,87.08,91.04,3.95999999999998,0,,,87.08,0,0,false,false,7,7,0,175,174,0,station,M2_empty_history,102
C,dallas,2026-07-20,20260720T045540581465-0400,03:55:40.439715,235,86,91.04,5.03999999999999,0,,,86,0,0,false,false,7,7,0,235,229,0,station,M2_empty_history,102
C,dallas,2026-07-20,20260720T055648480686-0400,04:56:48.305416,296,84.92,91.04,6.12,0,,,84.92,0,0,false,false,7,7,0,296,292,0,station,M2_empty_history,102
C,dallas,2026-07-20,20260720T065639651133-0400,05:56:38.452049,356,84.02,91.04,7.02,0,,,84.02,0,0,false,false,7,7,0,356,350,0,station,M2_empty_history,102
C,dallas,2026-07-20,20260720T075655017802-0400,06:56:54.845061,416,82.94,91.04,8.09999999999999,0,,,82.94,0,0,false,false,7,7,0,416,411,0,station,M2_empty_history,102
C,dallas,2026-07-20,20260720T095801969620-0400,08:58:01.684379,538,82.94,91.04,8.09999999999999,0,,,82.94,0,0,false,false,8,8,0,538,537,0,station,M2_empty_history,102
C,dallas,2026-07-21,20260721T015545584136-0400,00:55:44.244941,55,89.06,91.04,1.97999999999999,0,,,89.06,0,0,false,false,7,7,0,55,46,0,station,M2_empty_history,107
C,dallas,2026-07-21,20260721T040341395103-0400,03:03:40.366455,183,87.98,91.04,3.05999999999999,0,,,87.98,0,0,false,false,7,7,0,183,174,0,station,M2_empty_history,107
C,dallas,2026-07-21,20260721T045815090633-0400,03:58:14.027396,238,86,91.04,5.03999999999999,0,,,86,0,0,false,false,7,7,0,238,229,0,station,M2_empty_history,107
C,dallas,2026-07-21,20260721T060200485234-0400,05:01:59.426732,301,84.92,91.04,6.12,0,,,84.92,0,0,false,false,7,7,0,301,292,0,station,M2_empty_history,107
C,dallas,2026-07-21,20260721T065637086248-0400,05:56:36.012356,356,84.02,91.04,7.02,0,,,84.02,0,0,false,false,7,7,0,356,347,0,station,M2_empty_history,107
C,dallas,2026-07-22,20260722T025903717261-0400,01:59:02.725257,119,93.02,95,1.98,0,,,93.02,0,0,false,false,7,7,0,119,109,0,station,M2_empty_history,108
C,dallas,2026-07-22,20260722T040256306348-0400,03:02:55.357283,182,91.94,95,3.06,0,,,91.94,0,0,false,false,7,7,0,182,173,0,station,M2_empty_history,108
C,dallas,2026-07-22,20260722T050017180451-0400,04:00:16.161697,240,91.04,95,3.96000000000001,0,,,91.04,0,0,false,false,7,7,0,240,231,0,station,M2_empty_history,108
C,dallas,2026-07-22,20260722T055741929014-0400,04:57:41.691666,297,89.96,95,5.03999999999999,0,,,89.96,0,0,false,false,7,7,0,297,294,0,station,M2_empty_history,108
C,dallas,2026-07-22,20260722T065640756659-0400,05:56:40.629777,356,89.06,95,5.94,0,,,89.06,0,0,false,false,7,7,0,356,349,0,station,M2_empty_history,108
C,dallas,2026-07-23,20260723T015643842133-0400,00:56:43.552234,56,91.94,93.02,1.08,0,,,91.94,0,0,false,false,7,7,0,56,55,0,station,M2_empty_history,97
C,dallas,2026-07-23,20260723T025722316001-0400,01:57:22.114575,117,89.96,93.02,3.05999999999999,0,,,89.96,0,0,false,false,7,7,0,117,110,0,station,M2_empty_history,97
C,dallas,2026-07-23,20260723T035625947852-0400,02:56:25.807207,176,89.06,93.02,3.95999999999999,0,,,89.06,0,0,false,false,7,7,0,176,174,0,station,M2_empty_history,97
C,dallas,2026-07-23,20260723T040030191923-0400,03:00:30.010116,180,89.06,93.02,3.95999999999999,0,,,89.06,0,0,false,false,7,7,0,180,179,0,station,M2_empty_history,97
C,dallas,2026-07-23,20260723T050039703252-0400,04:00:38.771129,240,87.08,93.02,5.93999999999998,0,,,87.08,0,0,false,false,7,7,0,240,231,0,station,M2_empty_history,97
C,dallas,2026-07-23,20260723T055625827789-0400,04:56:25.426747,296,84.92,93.02,8.10000000000001,0,,,84.92,0,0,false,false,7,7,0,296,295,0,station,M2_empty_history,97
C,dallas,2026-07-23,20260723T075552700330-0400,06:55:52.523306,415,84.02,93.02,9,0,,,84.02,0,0,false,false,7,7,0,415,413,0,station,M2_empty_history,97
C,dallas,2026-07-24,20260724T015625880786-0400,00:56:25.636371,56,86,87.08,1.08000000000001,0,,,86,0,0,false,false,7,7,0,56,55,0,station,M2_empty_history,94
C,dallas,2026-07-24,20260724T025635384808-0400,01:56:35.213357,116,84.92,87.08,2.16000000000003,0,,,84.92,0,0,false,false,7,7,0,116,110,0,station,M2_empty_history,94
C,dallas,2026-07-24,20260724T035722822730-0400,02:57:22.690043,177,84.02,87.08,3.06000000000002,0,,,84.02,0,0,false,false,7,7,0,177,174,0,station,M2_empty_history,94
C,dallas,2026-07-24,20260724T042931723397-0400,03:29:31.581635,209,82.94,87.08,4.14000000000001,0,,,82.94,0,0,false,false,7,7,0,209,201,0,station,M2_empty_history,94
C,dallas,2026-07-24,20260724T065617312251-0400,05:56:17.048570,356,82.04,87.08,5.04000000000001,0,,,82.04,0,0,false,false,7,7,0,356,347,0,station,M2_empty_history,94
C,dallas,2026-07-24,20260724T071818051264-0400,06:18:17.879300,378,80.06,87.08,7.02000000000001,0,,,80.06,0,0,false,false,7,7,0,378,374,0,station,M2_empty_history,94
C,dallas,2026-07-24,20260724T085933310334-0400,07:59:33.136914,479,80.96,87.08,6.12000000000002,0,,,80.96,0,0,false,false,7,7,0,479,476,0,station,M2_empty_history,94
C,dallas,2026-07-24,20260724T121926549282-0400,11:19:26.408126,679,84.92,87.08,2.16000000000003,0,,,84.92,0,0,false,false,11,11,0,679,676,0,station,M2_empty_history,94
C,dallas,2026-07-25,20260725T015639353715-0400,00:56:39.064434,56,87.08,87.98,0.899999999999991,0,,,87.08,0,0,false,false,7,7,0,56,55,0,station,M2_empty_history,98
C,dallas,2026-07-25,20260725T025640063833-0400,01:56:39.889407,116,86,87.98,1.98,0,,,86,0,0,false,false,7,7,0,116,109,0,station,M2_empty_history,98
C,dallas,2026-07-25,20260725T035628260289-0400,02:56:28.131645,176,84.92,87.98,3.06000000000002,0,,,84.92,0,0,false,false,7,7,0,176,173,0,station,M2_empty_history,98
C,dallas,2026-07-25,20260725T050013994617-0400,04:00:12.884343,240,84.02,87.98,3.96000000000001,0,,,84.02,0,0,false,false,7,7,0,240,231,0,station,M2_empty_history,98
C,dallas,2026-07-25,20260725T055633333249-0400,04:56:33.075079,296,82.94,87.98,5.04000000000001,0,,,82.94,0,0,false,false,7,7,0,296,294,0,station,M2_empty_history,98
C,dallas,2026-07-25,20260725T065629255461-0400,05:56:29.085556,356,82.04,87.98,5.94,0,,,82.04,0,0,false,false,7,7,0,356,349,0,station,M2_empty_history,98
C,dallas,2026-07-26,20260726T015830685817-0400,00:58:30.426874,58,87.08,89.06,1.97999999999999,0,,,87.08,0,0,false,false,7,7,0,58,55,0,station,M2_empty_history,98
C,dallas,2026-07-26,20260726T025642850245-0400,01:56:42.659227,116,86,89.06,3.06,0,,,86,0,0,false,false,7,7,0,116,109,0,station,M2_empty_history,98
C,dallas,2026-07-26,20260726T035729233563-0400,02:57:29.063302,177,84.92,89.06,4.14000000000001,0,,,84.92,0,0,false,false,7,7,0,177,173,0,station,M2_empty_history,98
C,dallas,2026-07-26,20260726T050004367188-0400,04:00:03.409861,240,84.02,89.06,5.04000000000001,0,,,84.02,0,0,false,false,7,7,0,240,230,0,station,M2_empty_history,98
C,dallas,2026-07-26,20260726T065546313564-0400,05:55:46.051047,355,82.04,89.06,7.02,0,,,82.04,0,0,false,false,7,7,0,355,352,0,station,M2_empty_history,98
C,dallas,2026-07-26,20260726T155645269133-0400,14:56:45.093426,896,96.08,96.98,0.899999999999991,0,,,96.08,0,0,false,false,14,14,0,896,895,0,station,M2_empty_history,98
C,dallas,2026-07-27,20260727T020431432699-0400,01:04:30.444623,64,87.08,87.98,0.899999999999991,0,,,87.08,0,0,false,false,7,7,0,64,55,0,station,M2_empty_history,99
C,dallas,2026-07-27,20260727T025929238332-0400,01:59:28.155950,119,86,87.98,1.98,0,,,86,0,0,false,false,7,7,0,119,110,0,station,M2_empty_history,99
C,dallas,2026-07-27,20260727T050212090731-0400,04:02:10.938779,242,84.92,87.98,3.06000000000002,0,,,84.92,0,0,false,false,7,7,0,242,232,0,station,M2_empty_history,99
C,dallas,2026-07-27,20260727T060552723539-0400,05:05:51.646596,305,82.94,87.98,5.04000000000001,0,,,82.94,0,0,false,false,7,7,0,305,296,0,station,M2_empty_history,99
C,dallas,2026-07-27,20260727T080414962011-0400,07:04:13.914028,424,82.04,87.98,5.94,0,,,82.04,0,0,false,false,7,7,0,424,415,0,station,M2_empty_history,99
C,dallas,2026-07-28,20260728T020443244764-0400,01:04:42.212429,64,87.98,89.06,1.08,0,,,87.98,0,0,false,false,7,7,0,64,55,0,station,M2_empty_history,99
C,dallas,2026-07-28,20260728T025940177036-0400,01:59:39.126935,119,86,89.06,3.06,0,,,86,0,0,false,false,7,7,0,119,110,0,station,M2_empty_history,99
C,dallas,2026-07-28,20260728T040328511486-0400,03:03:27.538450,183,84.92,89.06,4.14000000000001,0,,,84.92,0,0,false,false,7,7,0,183,174,0,station,M2_empty_history,99
C,dallas,2026-07-28,20260728T045645832376-0400,03:56:45.539903,236,84.02,89.06,5.04000000000001,0,,,84.02,0,0,false,false,7,7,0,236,230,0,station,M2_empty_history,99
C,dallas,2026-07-28,20260728T055635933175-0400,04:56:35.761885,296,82.04,89.06,7.02,0,,,82.04,0,0,false,false,7,7,0,296,294,0,station,M2_empty_history,99
C,dallas,2026-07-28,20260728T065640736049-0400,05:56:40.596075,356,80.96,89.06,8.10000000000001,0,,,80.96,0,0,false,false,7,7,0,356,349,0,station,M2_empty_history,99
C,dallas,2026-07-28,20260728T120134058352-0400,11:01:33.896577,661,86,89.06,3.06,0,,,86,0,0,false,true,10,11,1,661,658,0,station,M2_empty_history,99
C,dallas,2026-07-28,20260728T135847926436-0400,12:58:47.754990,778,91.94,95,3.06,0,,,91.94,0,0,false,false,12,12,0,778,777,0,station,M2_empty_history,99
C,dallas,2026-07-29,20260729T020436785453-0400,01:04:35.805124,64,87.98,89.06,1.08,0,,,87.98,0,0,false,false,7,7,0,64,55,0,station,M2_empty_history,98
C,dallas,2026-07-29,20260729T025912033265-0400,01:59:10.957029,119,87.08,89.06,1.97999999999999,0,,,87.08,0,0,false,false,7,7,0,119,110,0,station,M2_empty_history,98
C,dallas,2026-07-29,20260729T040302334765-0400,03:03:01.277895,183,86,89.06,3.06,0,,,86,0,0,false,false,7,7,0,183,173,0,station,M2_empty_history,98
C,dallas,2026-07-29,20260729T045851709553-0400,03:58:51.441051,238,84.92,89.06,4.14000000000001,0,,,84.92,0,0,false,false,7,7,0,238,230,0,station,M2_empty_history,98
C,dallas,2026-07-29,20260729T055617703398-0400,04:56:17.528356,296,84.02,89.06,5.04000000000001,0,,,84.02,0,0,false,false,7,7,0,296,294,0,station,M2_empty_history,98
C,dallas,2026-07-29,20260729T075625097168-0400,06:56:24.959029,416,82.94,89.06,6.12,0,,,82.94,0,0,false,false,7,7,0,416,413,0,station,M2_empty_history,98
C,dallas,2026-07-30,20260730T020431578279-0400,01:04:30.529834,64,87.98,89.96,1.98,0,,,87.98,0,0,false,false,7,7,0,64,55,0,station,M2_empty_history,99
C,dallas,2026-07-30,20260730T025935730189-0400,01:59:34.711128,119,87.08,89.96,2.88,0,,,87.08,0,0,false,false,7,7,0,119,110,0,station,M2_empty_history,99
C,dallas,2026-07-30,20260730T040322465220-0400,03:03:21.455010,183,86,89.96,3.96000000000001,0,,,86,0,0,false,false,7,7,0,183,174,0,station,M2_empty_history,99
C,dallas,2026-07-30,20260730T045654306332-0400,03:56:54.024505,236,84.92,89.96,5.04000000000002,0,,,84.92,0,0,false,false,7,7,0,236,231,0,station,M2_empty_history,99
C,dallas,2026-07-30,20260730T055647355148-0400,04:56:47.186717,296,84.02,89.96,5.94000000000001,0,,,84.02,0,0,false,false,7,7,0,296,294,0,station,M2_empty_history,99
C,dallas,2026-07-30,20260730T065738283100-0400,05:57:38.119762,357,82.94,89.96,7.02000000000001,0,,,82.94,0,0,false,false,7,7,0,357,350,0,station,M2_empty_history,99
C,dallas,2026-07-30,20260730T070028470082-0400,06:00:28.341590,360,82.94,89.96,7.02000000000001,0,,,82.94,0,0,false,false,7,7,0,360,359,0,station,M2_empty_history,99
C,dallas,2026-07-30,20260730T075542641954-0400,06:55:42.474595,415,82.04,89.96,7.92,0,,,82.04,0,0,false,false,7,7,0,415,414,0,station,M2_empty_history,99
C,dallas,2026-07-30,20260730T110030501990-0400,10:00:30.360880,600,84.02,89.96,5.94000000000001,0,,,84.02,0,0,false,true,9,10,1,600,596,0,station,M2_empty_history,99
C,denver,2026-07-03,20260703T031301-0400,01:13:01.086535,73,68.36,69.8,1.44,0,,,68.36,0,0,false,false,7,7,0,73,63,0,station,M2_empty_history,92
C,denver,2026-07-03,20260703T060322-0400,04:03:22.435547,243,62.06,69.8,7.74,0,,,62.06,0,0,false,false,7,7,0,243,236,0,station,M2_empty_history,92
C,denver,2026-07-03,20260703T061534-0400,04:15:34.445786,255,61.16,69.8,8.64,0,,,61.16,0,0,false,false,7,7,0,255,254,0,station,M2_empty_history,92
C,denver,2026-07-03,20260703T080427-0400,06:04:26.748378,364,58.64,69.8,11.16,0,,,58.64,0,0,false,false,7,7,0,364,363,0,station,M2_empty_history,92
C,denver,2026-07-03,20260703T084625-0400,06:46:24.898337,406,58.64,69.8,11.16,0,,,58.64,0,0,false,false,7,7,0,406,405,0,station,M2_empty_history,92
C,denver,2026-07-04,20260704T050215244456-0400,03:02:14.939366,182,60.8,67.46,6.66,0,,,60.8,0,0,false,false,7,7,0,182,173,0,station,M2_empty_history,89
C,denver,2026-07-04,20260704T072915832928-0400,05:29:15.472032,329,59.9,67.46,7.56,0,,,59.9,0,0,false,false,7,7,0,329,327,0,station,M2_empty_history,89
C,denver,2026-07-04,20260704T080216530713-0400,06:02:16.234263,362,59.36,67.46,8.09999999999999,0,,,59.36,0,0,false,false,7,7,0,362,354,0,station,M2_empty_history,89
C,denver,2026-07-05,20260705T030151485902-0400,01:01:50.803807,61,70.34,70.7,0.359999999999999,0,,,70.34,0,0,false,false,7,7,0,61,54,0,station,M2_empty_history,94
C,denver,2026-07-05,20260705T060446684240-0400,04:04:46.427846,244,64.22,70.7,6.48,0,,,64.22,0,0,false,false,7,7,0,244,236,0,station,M2_empty_history,94
C,denver,2026-07-05,20260705T081152968137-0400,06:11:52.699447,371,62.42,70.7,8.28,0,,,62.42,0,0,false,false,7,7,0,371,363,0,station,M2_empty_history,94
C,denver,2026-07-05,20260705T143348075511-0400,12:33:47.764962,753,87.44,91.22,3.78,0,,,87.44,0,0,false,false,12,12,0,753,745,0,station,M2_empty_history,94
C,denver,2026-07-07,20260707T071331977740-0400,05:13:31.744907,313,71.6,71.96,0.359999999999999,0,,,71.6,0,0,false,false,7,7,0,313,304,0,station,M2_empty_history,97
C,denver,2026-07-07,20260707T081537575100-0400,06:15:37.172790,375,68.9,71.96,3.05999999999999,0,,,68.9,0,0,false,false,7,7,0,375,368,0,station,M2_empty_history,97
C,denver,2026-07-07,20260707T102535978456-0400,08:25:31.708079,505,68.54,71.96,3.41999999999999,0,,,68.54,0,0,false,true,7,8,1,505,479,0,station,M2_empty_history,97
C,denver,2026-07-08,20260708T032253521516-0400,01:22:53.028179,82,71.06,73.04,1.98,0,,,71.06,0,0,false,false,7,7,0,82,81,0,station,M2_empty_history,93
C,denver,2026-07-08,20260708T052355764494-0400,03:23:55.419778,203,70.34,73.04,2.7,0,,,70.34,0,0,false,false,7,7,0,203,199,0,station,M2_empty_history,93
C,denver,2026-07-08,20260708T062955606043-0400,04:29:55.234512,269,66.02,73.04,7.02000000000001,0,,,66.02,0,0,false,false,7,7,0,269,263,0,station,M2_empty_history,93
C,denver,2026-07-08,20260708T074054424689-0400,05:40:54.127576,340,65.12,73.04,7.92,0,,,65.12,0,0,false,false,7,7,0,340,335,0,station,M2_empty_history,93
C,denver,2026-07-08,20260708T084259376094-0400,06:42:59.061397,402,62.78,73.04,10.26,0,,,62.78,0,0,false,false,7,7,0,402,399,0,station,M2_empty_history,93
C,denver,2026-07-09,20260709T044239149110-0400,02:42:38.803680,162,64.4,65.48,1.08,0,,,64.4,0,0,false,false,7,7,0,162,154,0,station,M2_empty_history,91
C,denver,2026-07-09,20260709T060751710146-0400,04:07:51.411146,247,62.24,66.2,3.96,0,,,62.24,0,0,false,false,7,7,0,247,245,0,station,M2_empty_history,91
C,denver,2026-07-09,20260709T070445316263-0400,05:04:45.058143,304,58.82,66.2,7.38,0,,,58.82,0,0,false,false,7,7,0,304,300,0,station,M2_empty_history,91
C,denver,2026-07-10,20260710T030923037772-0400,01:09:19.924608,69,62.96,63.68,0.720000000000006,0,,,62.96,0,0,false,false,7,7,0,69,66,0,station,M2_empty_history,90
C,denver,2026-07-10,20260710T050513976633-0400,03:05:13.659213,185,58.46,63.68,5.22000000000001,0,,,58.46,0,0,false,false,7,7,0,185,181,0,station,M2_empty_history,90
C,denver,2026-07-10,20260710T062532858486-0400,04:25:32.529386,265,57.74,63.68,5.94,0,,,57.74,0,0,false,false,7,7,0,265,256,0,station,M2_empty_history,90
C,denver,2026-07-10,20260710T074256468395-0400,05:42:55.867458,342,56.84,63.68,6.84,0,,,56.84,0,0,false,false,7,7,0,342,338,0,station,M2_empty_history,90
C,denver,2026-07-10,20260710T130020331548-0400,11:00:18.775119,660,71.42,76.1,4.67999999999999,0,,,71.42,0,0,false,true,10,11,1,660,651,0,station,M2_empty_history,90
C,denver,2026-07-11,20260711T060911065367-0400,04:09:10.609106,249,62.6,67.46,4.85999999999999,0,,,62.6,0,0,false,false,7,7,0,249,244,0,station,M2_empty_history,96
C,denver,2026-07-11,20260711T063207600803-0400,04:32:07.336451,272,62.6,67.46,4.85999999999999,0,,,62.6,0,0,false,false,7,7,0,272,271,0,station,M2_empty_history,96
C,denver,2026-07-11,20260711T080511040510-0400,06:05:10.723476,365,62.06,67.46,5.4,0,,,62.06,0,0,false,false,7,7,0,365,363,0,station,M2_empty_history,96
C,denver,2026-07-11,20260711T110524908793-0400,09:01:41.615176,541,70.52,74.3,3.78,0,,,70.52,0,0,false,false,9,9,0,541,545,0,station,M2_empty_history,96
C,denver,2026-07-11,20260711T163833368169-0400,14:38:32.459500,878,90.32,93.38,3.06000000000002,0,,,90.32,0,0,false,false,14,14,0,878,873,0,station,M2_empty_history,96
C,denver,2026-07-14,20260714T040333470676-0400,02:03:33.181069,123,72.68,74.66,1.97999999999999,0,,,72.68,0,0,false,false,7,7,0,123,119,0,station,M2_empty_history,95
C,denver,2026-07-14,20260714T042121063224-0400,02:21:20.841162,141,71.06,74.66,3.59999999999999,0,,,71.06,0,0,false,false,7,7,0,141,138,0,station,M2_empty_history,95
C,denver,2026-07-14,20260714T071427089721-0400,05:14:26.850731,314,69.62,74.66,5.03999999999999,0,,,69.62,0,0,false,false,7,7,0,314,310,0,station,M2_empty_history,95
C,denver,2026-07-14,20260714T071630284419-0400,05:16:29.954047,316,67.64,74.66,7.02,0,,,67.64,0,0,false,false,7,7,0,316,314,0,station,M2_empty_history,95
C,denver,2026-07-14,20260714T082525840073-0400,06:25:25.507426,385,65.66,74.66,9,0,,,65.66,0,0,false,false,7,7,0,385,383,0,station,M2_empty_history,95
C,denver,2026-07-14,20260714T083628387474-0400,06:36:28.060034,396,65.66,74.66,9,0,,,65.66,0,0,false,false,7,7,0,396,395,0,station,M2_empty_history,95
C,denver,2026-07-14,20260714T084345007999-0400,06:43:44.686082,403,65.66,74.66,9,0,,,65.66,0,0,false,false,7,7,0,403,402,0,station,M2_empty_history,95
C,denver,2026-07-15,20260715T030737445389-0400,01:07:36.859569,67,72.32,73.76,1.44,0,,,72.32,0,0,false,false,7,7,0,67,59,0,station,M2_empty_history,94
C,denver,2026-07-15,20260715T050736079252-0400,03:07:34.809083,187,68.54,73.76,5.21999999999998,0,,,68.54,0,0,false,false,7,7,0,187,186,0,station,M2_empty_history,94
C,denver,2026-07-15,20260715T061540807898-0400,04:15:40.505304,255,67.64,73.76,6.11999999999999,0,,,67.64,0,0,false,false,7,7,0,255,251,0,station,M2_empty_history,94
C,denver,2026-07-15,20260715T071044114902-0400,05:10:43.807690,310,67.46,73.76,6.3,0,,,67.46,0,0,false,false,7,7,0,310,305,0,station,M2_empty_history,94
C,denver,2026-07-15,20260715T080943034547-0400,06:09:41.850463,369,67.1,73.76,6.66,0,,,67.1,0,0,false,false,7,7,0,369,360,0,station,M2_empty_history,94
C,denver,2026-07-15,20260715T141246761342-0400,12:12:46.490153,732,78.44,87.08,8.64000000000001,0,,,78.44,0,0,false,false,12,12,0,732,726,0,station,M2_empty_history,94
C,denver,2026-07-15,20260715T170737858039-0400,15:07:36.521852,907,91.22,94.46,3.24000000000001,0,,,91.22,0,0,false,false,15,15,0,907,906,0,station,M2_empty_history,94
C,denver,2026-07-16,20260716T030746214564-0400,01:07:45.850256,67,74.12,75.02,0.899999999999991,0,,,74.12,0,0,false,false,7,7,0,67,65,0,station,M2_empty_history,93
C,denver,2026-07-16,20260716T040749175636-0400,02:07:48.891259,127,72.86,75.02,2.16,0,,,72.86,0,0,false,false,7,7,0,127,119,0,station,M2_empty_history,93
C,denver,2026-07-16,20260716T051543125830-0400,03:15:42.909480,195,70.88,75.02,4.14,0,,,70.88,0,0,false,false,7,7,0,195,192,0,station,M2_empty_history,93
C,denver,2026-07-16,20260716T070647298481-0400,05:06:47.032835,306,69.62,75.02,5.39999999999999,0,,,69.62,0,0,false,false,7,7,0,306,301,0,station,M2_empty_history,93
C,denver,2026-07-16,20260716T080745598041-0400,06:07:45.286324,367,68.72,75.02,6.3,0,,,68.72,0,0,false,false,7,7,0,367,365,0,station,M2_empty_history,93
C,denver,2026-07-16,20260716T140200741185-0400,12:02:00.406774,722,78.62,81.86,3.23999999999999,0,,,78.62,0,0,false,true,11,12,1,722,715,0,station,M2_empty_history,93
C,denver,2026-07-16,20260716T141106928130-0400,12:11:06.677162,731,81.86,86,4.14,0,,,81.86,0,0,false,false,12,12,0,731,728,0,station,M2_empty_history,93
C,denver,2026-07-16,20260716T152057195060-0400,13:20:56.885002,800,86,89.24,3.23999999999999,0,,,86,0,0,false,false,13,13,0,800,800,0,station,M2_empty_history,93
C,denver,2026-07-17,20260717T030746983659-0400,01:07:46.407003,67,72.86,73.94,1.08,0,,,72.86,0,0,false,false,7,7,0,67,64,0,station,M2_empty_history,93
C,denver,2026-07-17,20260717T042648854396-0400,02:26:48.335671,146,71.42,73.94,2.52,0,,,71.42,0,0,false,false,7,7,0,146,137,0,station,M2_empty_history,93
C,denver,2026-07-17,20260717T043554524557-0400,02:35:53.299694,155,71.42,73.94,2.52,0,,,71.42,0,0,false,false,7,7,0,155,146,0,station,M2_empty_history,93
C,denver,2026-07-17,20260717T051216363539-0400,03:12:15.225662,192,70.52,73.94,3.42,0,,,70.52,0,0,false,false,7,7,0,192,183,0,station,M2_empty_history,93
C,denver,2026-07-17,20260717T070350952143-0400,05:03:50.671772,303,69.8,73.94,4.14,0,,,69.8,0,0,false,false,7,7,0,303,301,0,station,M2_empty_history,93
C,denver,2026-07-17,20260717T071051582643-0400,05:10:50.523813,310,69.62,73.94,4.31999999999999,0,,,69.62,0,0,false,false,7,7,0,310,303,0,station,M2_empty_history,93
C,denver,2026-07-17,20260717T080610497599-0400,06:06:10.230059,366,67.28,73.94,6.66,0,,,67.28,0,0,false,false,7,7,0,366,365,0,station,M2_empty_history,93
C,denver,2026-07-18,20260718T045932139533-0400,02:59:31.933640,179,71.78,74.84,3.06,0,,,71.78,0,0,false,false,7,7,0,179,177,0,station,M2_empty_history,94
C,denver,2026-07-18,20260718T050840261187-0400,03:08:40.044834,188,70.52,74.84,4.32000000000001,0,,,70.52,0,0,false,false,7,7,0,188,186,0,station,M2_empty_history,94
C,denver,2026-07-18,20260718T070144419851-0400,05:01:44.171063,301,66.02,74.84,8.82000000000001,0,,,66.02,0,0,false,false,7,7,0,301,295,0,station,M2_empty_history,94
C,denver,2026-07-18,20260718T073207152722-0400,05:32:06.236117,332,65.48,74.84,9.36,0,,,65.48,0,0,false,false,7,7,0,332,327,0,station,M2_empty_history,94
C,denver,2026-07-18,20260718T081740189173-0400,06:17:39.293636,377,64.76,74.84,10.08,0,,,64.76,0,0,false,false,7,7,0,377,368,0,station,M2_empty_history,94
C,denver,2026-07-18,20260718T140053840015-0400,12:00:53.552971,720,78.98,82.4,3.42,0,,,78.98,0,0,false,true,11,12,1,720,717,0,station,M2_empty_history,94
C,denver,2026-07-19,20260719T030935846032-0400,01:09:35.433727,69,75.2,77.72,2.52,0,,,75.2,0,0,false,false,7,7,0,69,64,0,station,M2_empty_history,98
C,denver,2026-07-19,20260719T040049031304-0400,02:00:48.733479,120,74.3,77.72,3.42,0,,,74.3,0,0,false,false,7,7,0,120,119,0,station,M2_empty_history,98
C,denver,2026-07-19,20260719T050833224812-0400,03:08:32.962376,188,73.04,77.72,4.67999999999999,0,,,73.04,0,0,false,false,7,7,0,188,183,0,station,M2_empty_history,98
C,denver,2026-07-19,20260719T062240144192-0400,04:22:39.853814,262,71.78,77.72,5.94,0,,,71.78,0,0,false,false,7,7,0,262,255,0,station,M2_empty_history,98
C,denver,2026-07-19,20260719T072835559507-0400,05:28:35.339194,328,69.08,77.72,8.64,0,,,69.08,0,0,false,false,7,7,0,328,319,0,station,M2_empty_history,98
C,denver,2026-07-19,20260719T081243322234-0400,06:12:43.072870,372,67.46,77.72,10.26,0,,,67.46,0,0,false,false,7,7,0,372,365,0,station,M2_empty_history,98
C,denver,2026-07-19,20260719T093349441573-0400,07:33:48.853228,453,67.46,77.72,10.26,0,,,67.46,0,0,false,false,7,7,0,453,451,0,station,M2_empty_history,98
C,denver,2026-07-19,20260719T111246668154-0400,09:12:46.196607,552,74.3,78.98,4.68000000000001,0,,,74.3,0,0,false,false,9,9,0,552,552,0,station,M2_empty_history,98
C,denver,2026-07-20,20260720T080243579349-0400,06:02:43.289229,362,72.68,75.38,2.69999999999999,0,,,72.68,0,0,false,false,7,7,0,362,359,0,station,M2_empty_history,100
C,denver,2026-07-20,20260720T080941478195-0400,06:09:41.242249,369,70.88,75.38,4.5,0,,,70.88,0,0,false,false,7,7,0,369,368,0,station,M2_empty_history,100
C,denver,2026-07-20,20260720T102401093691-0400,08:24:00.752799,504,73.76,79.88,6.12,0,,,73.76,0,0,false,false,8,8,0,504,498,0,station,M2_empty_history,100
C,denver,2026-07-21,20260721T072337066745-0400,05:23:35.883189,323,76.82,82.22,5.40000000000001,0,,,76.82,0,0,false,false,7,7,0,323,314,0,station,M2_empty_history,97
C,denver,2026-07-21,20260721T073243528534-0400,05:32:42.501821,332,71.24,82.22,10.98,0,,,71.24,0,0,false,false,7,7,0,332,323,0,station,M2_empty_history,97
C,denver,2026-07-21,20260721T083634901646-0400,06:36:33.651031,396,67.1,82.22,15.12,0,,,67.1,0,0,false,false,7,7,0,396,387,0,station,M2_empty_history,97
C,denver,2026-07-21,20260721T130748015313-0400,11:07:47.779804,667,68.9,82.22,13.32,0,,,68.9,0,0,false,false,11,11,0,667,664,0,station,M2_empty_history,97
C,denver,2026-07-21,20260721T150406865783-0400,13:04:06.249366,784,79.88,82.4,2.52000000000001,0,,,79.88,0,0,false,true,12,13,1,784,775,0,station,M2_empty_history,97
C,denver,2026-07-22,20260722T062627238810-0400,04:26:26.890865,266,67.46,67.64,0.180000000000007,0,,,67.46,0,0,false,false,7,7,0,266,257,0,station,M2_empty_history,94
C,denver,2026-07-22,20260722T101338700996-0400,08:13:38.365192,493,67.46,74.48,7.02000000000001,0,,,67.46,0,0,false,false,8,8,0,493,492,0,station,M2_empty_history,94
C,denver,2026-07-22,20260722T160035975787-0400,14:00:35.634081,840,86.54,90.68,4.14000000000001,0,,,86.54,0,0,false,true,13,14,1,840,832,0,station,M2_empty_history,94
C,denver,2026-07-23,20260723T040824778863-0400,02:08:23.821627,128,68.9,69.62,0.719999999999999,0,,,68.9,0,0,false,false,7,7,0,128,119,0,station,M2_empty_history,85
C,denver,2026-07-23,20260723T050842507690-0400,03:08:42.176442,188,67.46,69.62,2.16000000000001,0,,,67.46,0,0,false,false,7,7,0,188,184,0,station,M2_empty_history,85
C,denver,2026-07-23,20260723T062603505548-0400,04:26:02.598257,266,67.28,69.62,2.34,0,,,67.28,0,0,false,false,7,7,0,266,257,0,station,M2_empty_history,85
C,denver,2026-07-23,20260723T071430727722-0400,05:14:30.538511,314,66.2,69.62,3.42,0,,,66.2,0,0,false,false,7,7,0,314,311,0,station,M2_empty_history,85
C,denver,2026-07-23,20260723T072944214647-0400,05:29:43.313293,329,66.2,69.62,3.42,0,,,66.2,0,0,false,false,7,7,0,329,329,0,station,M2_empty_history,85
C,denver,2026-07-23,20260723T080931622625-0400,06:09:31.396573,369,65.12,69.62,4.5,0,,,65.12,0,0,false,false,7,7,0,369,366,0,station,M2_empty_history,85
C,denver,2026-07-23,20260723T082124749776-0400,06:21:24.457515,381,65.12,69.62,4.5,0,,,65.12,0,0,false,false,7,7,0,381,380,0,station,M2_empty_history,85
C,denver,2026-07-24,20260724T030823319428-0400,01:08:23.056890,68,69.08,69.8,0.719999999999999,0,,,69.08,0,0,false,false,7,7,0,68,65,0,station,M2_empty_history,96
C,denver,2026-07-24,20260724T055303629070-0400,03:53:02.565573,233,68.72,69.8,1.08,0,,,68.72,0,0,false,false,7,7,0,233,223,0,station,M2_empty_history,96
C,denver,2026-07-24,20260724T063622492870-0400,04:36:22.240316,276,68,69.8,1.8,0,,,68,0,0,false,false,7,7,0,276,269,0,station,M2_empty_history,96
C,denver,2026-07-24,20260724T081854699086-0400,06:18:53.707087,378,67.82,69.8,1.98,0,,,67.82,0,0,false,false,7,7,0,378,369,0,station,M2_empty_history,96
C,denver,2026-07-24,20260724T083824137774-0400,06:38:23.966369,398,66.92,69.8,2.88,0,,,66.92,0,0,false,false,7,7,0,398,397,0,station,M2_empty_history,96
C,denver,2026-07-24,20260724T102626998584-0400,08:26:26.764320,506,69.98,75.2,5.22,0,,,69.98,0,0,false,false,8,8,0,506,497,0,station,M2_empty_history,96
C,denver,2026-07-24,20260724T182433110514-0400,16:24:32.879776,984,94.28,95.72,1.44,0,,,94.28,0,0,false,false,16,16,0,984,981,0,station,M2_empty_history,96
C,denver,2026-07-25,20260725T033731631322-0400,01:37:31.426015,97,74.3,74.84,0.540000000000006,0,,,74.3,0,0,false,false,7,7,0,97,92,0,station,M2_empty_history,101
C,denver,2026-07-25,20260725T080036411002-0400,06:00:36.176833,360,73.04,75.74,2.7,0,,,73.04,0,0,false,false,7,7,0,360,357,0,station,M2_empty_history,101
C,denver,2026-07-25,20260725T080733870874-0400,06:07:33.680470,367,70.52,75.74,5.22000000000001,0,,,70.52,0,0,false,false,7,7,0,367,366,0,station,M2_empty_history,101
C,denver,2026-07-25,20260725T090728496079-0400,07:07:28.284145,427,69.98,75.74,5.76000000000001,0,,,69.98,0,0,false,false,7,7,0,427,412,0,station,M2_empty_history,101
C,denver,2026-07-25,20260725T111441489561-0400,09:14:41.270429,554,78.98,82.58,3.59999999999999,0,,,78.98,0,0,false,false,9,9,0,554,551,0,station,M2_empty_history,101
C,denver,2026-07-25,20260725T130026384694-0400,11:00:26.155897,660,78.98,86.54,7.55999999999999,0,,,78.98,0,0,false,true,10,11,1,660,657,0,station,M2_empty_history,101
C,denver,2026-07-25,20260725T133632851675-0400,11:36:32.623893,696,86.54,91.58,5.04000000000002,0,,,86.54,0,0,false,false,11,11,0,696,694,0,station,M2_empty_history,101
C,denver,2026-07-25,20260725T141052470827-0400,12:10:51.489917,730,91.58,95,3.41999999999999,0,,,91.58,0,0,false,false,12,12,0,730,730,0,station,M2_empty_history,101
C,denver,2026-07-25,20260725T150824702108-0400,13:08:24.533714,788,86.54,95,8.46000000000001,0,,,86.54,0,0,false,true,12,13,1,788,776,0,station,M2_empty_history,101
C,denver,2026-07-26,20260726T040837443178-0400,02:08:37.217483,128,76.46,79.7,3.24000000000001,0,,,76.46,0,0,false,false,7,7,0,128,121,0,station,M2_empty_history,101
C,denver,2026-07-26,20260726T050942250009-0400,03:09:41.903323,189,75.2,79.7,4.5,0,,,75.2,0,0,false,false,7,7,0,189,188,0,station,M2_empty_history,101
C,denver,2026-07-26,20260726T063027308871-0400,04:30:27.134323,270,72.68,79.7,7.02,0,,,72.68,0,0,false,false,7,7,0,270,262,0,station,M2_empty_history,101
C,denver,2026-07-26,20260726T072621732770-0400,05:26:20.643067,326,71.96,79.7,7.74000000000001,0,,,71.96,0,0,false,false,7,7,0,326,317,0,station,M2_empty_history,101
C,denver,2026-07-26,20260726T083915659832-0400,06:39:14.395077,399,71.96,79.7,7.74000000000001,0,,,71.96,0,0,false,false,7,7,0,399,390,0,station,M2_empty_history,101
C,denver,2026-07-26,20260726T170037547842-0400,15:00:37.286846,900,99.86,100.76,0.900000000000006,0,,,99.86,0,0,false,true,14,15,1,900,891,0,station,M2_empty_history,101
C,denver,2026-07-27,20260727T041655231132-0400,02:16:54.276279,136,81.5,82.22,0.719999999999999,0,,,81.5,0,0,false,false,7,7,0,136,127,0,station,M2_empty_history,92
C,denver,2026-07-27,20260727T071105551642-0400,05:11:04.473141,311,79.16,82.22,3.06,0,,,79.16,0,0,false,false,7,7,0,311,301,0,station,M2_empty_history,92
C,denver,2026-07-27,20260727T072011589552-0400,05:20:10.458892,320,77.36,82.22,4.86,0,,,77.36,0,0,false,false,7,7,0,320,311,0,station,M2_empty_history,92
C,denver,2026-07-27,20260727T081452139120-0400,06:14:51.047841,374,74.84,82.22,7.38,0,,,74.84,0,0,false,false,7,7,0,374,365,0,station,M2_empty_history,92
C,denver,2026-07-28,20260728T065931899004-0400,04:59:31.568305,299,69.62,71.6,1.97999999999999,0,,,69.62,0,0,false,false,7,7,0,299,295,0,station,M2_empty_history,92
C,denver,2026-07-28,20260728T081003151941-0400,06:10:02.942602,370,68,71.6,3.59999999999999,0,,,68,0,0,false,false,7,7,0,370,368,0,station,M2_empty_history,92
C,denver,2026-07-28,20260728T132937646891-0400,11:29:37.410370,689,82.94,86.54,3.59999999999999,0,,,82.94,0,0,false,false,11,11,0,689,687,0,station,M2_empty_history,92
C,denver,2026-07-29,20260729T041908192416-0400,02:19:06.970939,139,67.82,70.7,2.88000000000001,0,,,67.82,0,0,false,false,7,7,0,139,129,0,station,M2_empty_history,90
C,denver,2026-07-29,20260729T063631331514-0400,04:36:30.146565,276,67.82,70.7,2.88000000000001,0,,,67.82,0,0,false,false,7,7,0,276,267,0,station,M2_empty_history,90
C,denver,2026-07-29,20260729T121325466604-0400,10:13:24.433429,613,80.24,84.92,4.67999999999998,0,,,80.24,0,0,false,false,10,10,0,613,609,0,station,M2_empty_history,90
C,denver,2026-07-30,20260730T050836474022-0400,03:08:36.105343,188,66.2,68.54,2.34,0,,,66.2,0,0,false,false,7,7,0,188,184,0,station,M2_empty_history,94
C,denver,2026-07-30,20260730T062611893557-0400,04:26:10.820474,266,66.02,68.54,2.52000000000001,0,,,66.02,0,0,false,false,7,7,0,266,257,0,station,M2_empty_history,94
C,denver,2026-07-30,20260730T080939908246-0400,06:09:39.644231,369,65.66,68.54,2.88000000000001,0,,,65.66,0,0,false,false,7,7,0,369,366,0,station,M2_empty_history,94
C,houston,2026-07-03,20260703T015840-0400,00:58:40.370756,58,80.06,80.96,0.899999999999991,0,,,80.06,0,0,false,false,7,7,0,58,41,0,station,M2_empty_history,96
C,houston,2026-07-03,20260703T025619-0400,01:56:19.189074,116,78.98,80.96,1.97999999999999,0,,,78.98,0,0,false,false,7,7,0,116,114,0,station,M2_empty_history,96
C,houston,2026-07-03,20260703T060919-0400,05:09:18.924818,309,78.08,80.96,2.88,0,,,78.08,0,0,false,false,7,7,0,309,305,0,station,M2_empty_history,96
C,houston,2026-07-03,20260703T065626-0400,05:56:26.531240,356,77,80.96,3.95999999999999,0,,,77,0,0,false,false,7,7,0,356,350,0,station,M2_empty_history,96
C,houston,2026-07-04,20260704T020336929381-0400,01:03:36.794100,63,80.06,80.96,0.899999999999991,0,,,80.06,0,0,false,false,7,7,0,63,56,0,station,M2_empty_history,98
C,houston,2026-07-04,20260704T025626946370-0400,01:56:26.826369,116,78.98,80.96,1.97999999999999,0,,,78.98,0,0,false,false,7,7,0,116,110,0,station,M2_empty_history,98
C,houston,2026-07-04,20260704T065636673243-0400,05:56:36.508575,356,78.08,80.96,2.88,0,,,78.08,0,0,false,false,7,7,0,356,355,0,station,M2_empty_history,98
C,houston,2026-07-05,20260705T015554266306-0400,00:55:54.038090,55,80.06,80.96,0.899999999999991,0,,,80.06,0,0,false,false,7,7,0,55,47,0,station,M2_empty_history,98
C,houston,2026-07-05,20260705T045555676341-0400,03:55:55.512514,235,78.98,80.96,1.97999999999999,0,,,78.98,0,0,false,false,7,7,0,235,229,0,station,M2_empty_history,98
C,houston,2026-07-05,20260705T055553457081-0400,04:55:53.293580,295,78.08,80.96,2.88,0,,,78.08,0,0,false,false,7,7,0,295,292,0,station,M2_empty_history,98
C,houston,2026-07-07,20260707T015605377768-0400,00:56:05.179966,56,80.96,82.04,1.08000000000001,0,,,80.96,0,0,false,false,7,7,0,56,49,0,station,M2_empty_history,93
C,houston,2026-07-07,20260707T035614668644-0400,02:56:14.506361,176,80.06,82.04,1.98,0,,,80.06,0,0,false,false,7,7,0,176,173,0,station,M2_empty_history,93
C,houston,2026-07-07,20260707T065635232319-0400,05:56:35.002183,356,78.98,82.04,3.06,0,,,78.98,0,0,false,false,7,7,0,356,355,0,station,M2_empty_history,93
C,houston,2026-07-08,20260708T025658772085-0400,01:56:58.491116,116,75.92,78.08,2.16,0,,,75.92,0,0,false,false,7,7,0,116,110,0,station,M2_empty_history,92
C,houston,2026-07-08,20260708T055602753608-0400,04:56:02.611391,296,78.08,78.98,0.900000000000006,0,,,78.08,0,0,false,false,7,7,0,296,291,0,station,M2_empty_history,92
C,houston,2026-07-09,20260709T015654777148-0400,00:56:54.596457,56,80.06,80.96,0.899999999999991,0,,,80.06,0,0,false,false,7,7,0,56,48,0,station,M2_empty_history,93
C,houston,2026-07-09,20260709T025656547055-0400,01:56:56.397056,116,78.98,80.96,1.97999999999999,0,,,78.98,0,0,false,false,7,7,0,116,112,0,station,M2_empty_history,93
C,houston,2026-07-09,20260709T045547744901-0400,03:55:47.606539,235,78.08,80.96,2.88,0,,,78.08,0,0,false,false,7,7,0,235,230,0,station,M2_empty_history,93
C,houston,2026-07-10,20260710T025749462348-0400,01:57:47.756482,117,80.96,82.04,1.08000000000001,0,,,80.96,0,0,false,false,7,7,0,117,110,0,station,M2_empty_history,92
C,houston,2026-07-10,20260710T035951652817-0400,02:59:50.884826,179,80.06,82.04,1.98,0,,,80.06,0,0,false,false,7,7,0,179,171,0,station,M2_empty_history,92
C,houston,2026-07-11,20260711T015645590331-0400,00:56:45.343340,56,80.06,80.96,0.899999999999991,0,,,80.06,0,0,false,false,7,7,0,56,55,0,station,M2_empty_history,89
C,houston,2026-07-11,20260711T045749110583-0400,03:56:59.668601,236,78.98,80.96,1.97999999999999,0,,,78.98,0,0,false,false,7,7,0,236,220,0,station,M2_empty_history,89
C,houston,2026-07-11,20260711T075632809954-0400,06:56:32.696266,416,78.98,80.96,1.97999999999999,0,,,78.98,0,0,false,false,7,7,0,416,413,0,station,M2_empty_history,89
C,houston,2026-07-14,20260714T015640016747-0400,00:56:39.761046,56,78.98,80.06,1.08,0,,,78.98,0,0,false,false,7,7,0,56,49,0,station,M2_empty_history,81
C,houston,2026-07-14,20260714T025633987552-0400,01:56:33.844718,116,78.08,80.06,1.98,0,,,78.08,0,0,false,false,7,7,0,116,113,0,station,M2_empty_history,81
C,houston,2026-07-14,20260714T045633812721-0400,03:56:33.666045,236,78.08,80.06,1.98,0,,,78.08,0,0,false,false,7,7,0,236,232,0,station,M2_empty_history,81
C,houston,2026-07-14,20260714T055650333565-0400,04:56:50.115105,296,75.92,80.06,4.14,0,,,75.92,0,0,false,false,7,7,0,296,295,0,station,M2_empty_history,81
C,houston,2026-07-14,20260714T075753144926-0400,06:57:52.994366,417,73.94,80.06,6.12,0,,,73.94,0,0,false,false,7,7,0,417,414,0,station,M2_empty_history,81
C,houston,2026-07-15,20260715T065637456871-0400,05:56:37.262792,356,78.08,78.98,0.900000000000006,0,,,78.08,0,0,false,false,7,7,0,356,350,0,station,M2_empty_history,87
C,houston,2026-07-16,20260716T025548443924-0400,01:55:48.184928,115,78.98,80.06,1.08,0,,,78.98,0,0,false,false,7,7,0,115,109,0,station,M2_empty_history,91
C,houston,2026-07-16,20260716T035649777661-0400,02:56:49.642976,176,78.08,80.06,1.98,0,,,78.08,0,0,false,false,7,7,0,176,173,0,station,M2_empty_history,91
C,houston,2026-07-16,20260716T055658050518-0400,04:56:57.878500,296,78.08,80.06,1.98,0,,,78.08,0,0,false,false,7,7,0,296,291,0,station,M2_empty_history,91
C,houston,2026-07-17,20260717T015648603587-0400,00:56:48.207909,56,80.96,82.04,1.08000000000001,0,,,80.96,0,0,false,false,7,7,0,56,48,0,station,M2_empty_history,92
C,houston,2026-07-17,20260717T025642158204-0400,01:56:42.001801,116,80.06,82.04,1.98,0,,,80.06,0,0,false,false,7,7,0,116,112,0,station,M2_empty_history,92
C,houston,2026-07-18,20260718T045549180144-0400,03:55:48.959938,235,80.06,80.96,0.899999999999991,0,,,80.06,0,0,false,false,7,7,0,235,228,0,station,M2_empty_history,93
C,houston,2026-07-18,20260718T065553930950-0400,05:55:53.821091,355,78.98,80.96,1.97999999999999,0,,,78.98,0,0,false,false,7,7,0,355,347,0,station,M2_empty_history,93
C,houston,2026-07-18,20260718T155808990203-0400,14:58:08.758461,898,91.94,93.02,1.08,0,,,91.94,0,0,false,false,14,14,0,898,896,0,station,M2_empty_history,93
C,houston,2026-07-19,20260719T015545536583-0400,00:55:44.637627,55,80.96,82.04,1.08000000000001,0,,,80.96,0,0,false,false,7,7,0,55,46,0,station,M2_empty_history,95
C,houston,2026-07-19,20260719T025931753935-0400,01:59:30.777446,119,80.06,82.04,1.98,0,,,80.06,0,0,false,false,7,7,0,119,116,0,station,M2_empty_history,95
C,houston,2026-07-19,20260719T035548606812-0400,02:55:48.474716,175,78.98,82.04,3.06,0,,,78.98,0,0,false,false,7,7,0,175,174,0,station,M2_empty_history,95
C,houston,2026-07-19,20260719T045542631240-0400,03:55:42.464988,235,78.08,82.04,3.96000000000001,0,,,78.08,0,0,false,false,7,7,0,235,228,0,station,M2_empty_history,95
C,houston,2026-07-20,20260720T025600457445-0400,01:56:00.077114,116,78.98,80.06,1.08,0,,,78.98,0,0,false,false,7,7,0,116,110,0,station,M2_empty_history,95
C,houston,2026-07-20,20260720T045646728085-0400,03:56:46.603830,236,78.08,80.06,1.98,0,,,78.08,0,0,false,false,7,7,0,236,229,0,station,M2_empty_history,95
C,houston,2026-07-20,20260720T055653016410-0400,04:56:52.826322,296,77,80.06,3.06,0,,,77,0,0,false,false,7,7,0,296,293,0,station,M2_empty_history,95
C,houston,2026-07-20,20260720T075557430218-0400,06:55:57.252907,415,75.92,80.06,4.14,0,,,75.92,0,0,false,false,7,7,0,415,412,0,station,M2_empty_history,95
C,houston,2026-07-20,20260720T105415901155-0400,09:54:15.573409,594,82.4,82.94,0.539999999999992,0,,,82.04,0,0,false,false,9,9,0,594,586,0,station,M6_unexplained,95
C,houston,2026-07-20,20260720T105804331489-0400,09:58:04.189938,598,82.94,84.92,1.97999999999999,0,,,82.94,0,0,false,false,9,9,0,598,595,0,station,M2_empty_history,95
C,houston,2026-07-20,20260720T140020130957-0400,13:00:19.952641,780,89.06,89.96,0.900000000000006,0,,,89.06,0,0,false,true,12,13,1,780,776,0,station,M2_empty_history,95
C,houston,2026-07-20,20260720T155948934105-0400,14:59:45.338133,899,91.94,93.92,1.97999999999999,0,,,91.94,0,0,false,false,14,14,0,899,896,0,station,M2_empty_history,95
C,houston,2026-07-21,20260721T015559930900-0400,00:55:58.585678,55,80.06,80.96,0.899999999999991,0,,,80.06,0,0,false,false,7,7,0,55,46,0,station,M2_empty_history,97
C,houston,2026-07-21,20260721T025956172558-0400,01:59:55.133355,119,78.98,80.96,1.97999999999999,0,,,78.98,0,0,false,false,7,7,0,119,110,0,station,M2_empty_history,97
C,houston,2026-07-21,20260721T040352158884-0400,03:03:51.160076,183,78.08,80.96,2.88,0,,,78.08,0,0,false,false,7,7,0,183,174,0,station,M2_empty_history,97
C,houston,2026-07-21,20260721T060209141200-0400,05:02:08.163378,302,77,80.96,3.95999999999999,0,,,77,0,0,false,false,7,7,0,302,293,0,station,M2_empty_history,97
C,houston,2026-07-22,20260722T020442633275-0400,01:04:41.666729,64,82.94,84.02,1.08,0,,,82.94,0,0,false,false,7,7,0,64,55,0,station,M2_empty_history,102
C,houston,2026-07-22,20260722T025925162935-0400,01:59:24.166664,119,82.04,84.02,1.97999999999999,0,,,82.04,0,0,false,false,7,7,0,119,110,0,station,M2_empty_history,102
C,houston,2026-07-22,20260722T050032478053-0400,04:00:31.324223,240,80.96,84.02,3.06,0,,,80.96,0,0,false,false,7,7,0,240,231,0,station,M2_empty_history,102
C,houston,2026-07-22,20260722T065645833966-0400,05:56:45.615936,356,80.06,84.02,3.95999999999999,0,,,80.06,0,0,false,false,7,7,0,356,349,0,station,M2_empty_history,102
C,houston,2026-07-23,20260723T025909017402-0400,01:59:08.131256,119,89.06,89.96,0.900000000000006,0,,,89.06,0,0,false,false,7,7,0,119,116,0,station,M2_empty_history,90
C,houston,2026-07-23,20260723T035638377199-0400,02:56:38.196710,176,87.98,89.96,1.98,0,,,87.98,0,0,false,false,7,7,0,176,173,0,station,M2_empty_history,90
C,houston,2026-07-23,20260723T045631168912-0400,03:56:31.044108,236,86,89.96,3.96000000000001,0,,,86,0,0,false,false,7,7,0,236,230,0,station,M2_empty_history,90
C,houston,2026-07-23,20260723T055630196374-0400,04:56:29.941308,296,84.92,89.96,5.04000000000002,0,,,84.92,0,0,false,false,7,7,0,296,294,0,station,M2_empty_history,90
C,houston,2026-07-23,20260723T065627288909-0400,05:56:27.116956,356,84.02,89.96,5.94000000000001,0,,,84.02,0,0,false,false,7,7,0,356,349,0,station,M2_empty_history,90
C,houston,2026-07-24,20260724T015630264989-0400,00:56:30.028322,56,78.08,78.98,0.900000000000006,0,,,78.08,0,0,false,false,7,7,0,56,55,0,station,M2_empty_history,93
C,houston,2026-07-24,20260724T055626435005-0400,04:56:26.312936,296,78.08,78.98,0.900000000000006,0,,,78.08,0,0,false,false,7,7,0,296,287,0,station,M2_empty_history,93
C,houston,2026-07-24,20260724T090529692710-0400,08:05:29.540755,485,78.98,80.96,1.97999999999999,0,,,78.98,0,0,false,true,7,8,1,485,479,0,station,M2_empty_history,93
C,houston,2026-07-24,20260724T091828300190-0400,08:18:28.172483,498,78.98,80.96,1.97999999999999,0,,,78.98,0,0,false,false,8,8,0,498,497,0,station,M2_empty_history,93
C,houston,2026-07-24,20260724T093924215033-0400,08:39:24.072388,519,78.98,80.96,1.97999999999999,0,,,78.98,0,0,false,false,8,8,0,519,515,0,station,M2_empty_history,93
C,houston,2026-07-24,20260724T135741470031-0400,12:57:41.320597,777,91.04,91.94,0.900000000000006,0,,,91.04,0,0,false,false,12,12,0,777,776,0,station,M2_empty_history,93
C,houston,2026-07-25,20260725T015643496747-0400,00:56:43.248770,56,80.96,82.04,1.08000000000001,0,,,80.96,0,0,false,false,7,7,0,56,55,0,station,M2_empty_history,92
C,houston,2026-07-25,20260725T025644293431-0400,01:56:44.180184,116,80.06,82.04,1.98,0,,,80.06,0,0,false,false,7,7,0,116,110,0,station,M2_empty_history,92
C,houston,2026-07-25,20260725T055623746227-0400,04:56:22.794385,296,78.98,82.04,3.06,0,,,78.98,0,0,false,false,7,7,0,296,287,0,station,M2_empty_history,92
C,houston,2026-07-25,20260725T065634702938-0400,05:56:34.590828,356,78.08,82.04,3.96000000000001,0,,,78.08,0,0,false,false,7,7,0,356,351,0,station,M2_empty_history,92
C,houston,2026-07-25,20260725T140425779008-0400,13:04:25.603698,784,89.06,89.96,0.900000000000006,0,,,89.06,0,0,false,false,13,13,0,784,783,0,station,M2_empty_history,92
C,houston,2026-07-26,20260726T035628090781-0400,02:56:27.818764,176,78.98,80.06,1.08,0,,,78.98,0,0,false,false,7,7,0,176,174,0,station,M2_empty_history,94
C,houston,2026-07-26,20260726T050042860099-0400,04:00:41.712972,240,78.08,80.06,1.98,0,,,78.08,0,0,false,false,7,7,0,240,231,0,station,M2_empty_history,94
C,houston,2026-07-26,20260726T065550994065-0400,05:55:50.757310,355,77,80.06,3.06,0,,,77,0,0,false,false,7,7,0,355,352,0,station,M2_empty_history,94
C,houston,2026-07-26,20260726T101030869847-0400,09:10:30.685117,550,80.96,84.02,3.06,0,,,80.96,0,0,false,false,9,9,0,550,543,0,station,M2_empty_history,94
C,houston,2026-07-27,20260727T020445275888-0400,01:04:44.309650,64,80.06,80.96,0.899999999999991,0,,,80.06,0,0,false,false,7,7,0,64,55,0,station,M2_empty_history,94
C,houston,2026-07-27,20260727T041240562314-0400,03:12:39.529079,192,78.98,80.96,1.97999999999999,0,,,78.98,0,0,false,false,7,7,0,192,174,0,station,M2_empty_history,94
C,houston,2026-07-27,20260727T065852673552-0400,05:58:51.695181,358,78.08,80.96,2.88,0,,,78.08,0,0,false,false,7,7,0,358,349,0,station,M2_empty_history,94
C,houston,2026-07-28,20260728T030001027304-0400,02:00:00.082550,120,78.98,80.06,1.08,0,,,78.98,0,0,false,false,7,7,0,120,110,0,station,M2_empty_history,95
C,houston,2026-07-28,20260728T045652963838-0400,03:56:52.703978,236,78.08,80.06,1.98,0,,,78.08,0,0,false,false,7,7,0,236,230,0,station,M2_empty_history,95
C,houston,2026-07-28,20260728T075546733267-0400,06:55:46.614988,415,77,80.06,3.06,0,,,77,0,0,false,false,7,7,0,415,413,0,station,M2_empty_history,95
C,houston,2026-07-28,20260728T104037409314-0400,09:40:37.266824,580,80.06,84.02,3.95999999999999,0,,,80.06,0,0,false,false,9,9,0,580,577,0,station,M2_empty_history,95
C,houston,2026-07-28,20260728T112138336529-0400,10:21:38.214060,621,80.06,86,5.94,0,,,80.06,0,0,false,false,10,10,0,621,613,0,station,M2_empty_history,95
C,houston,2026-07-29,20260729T025923016259-0400,01:59:22.052738,119,78.98,80.06,1.08,0,,,78.98,0,0,false,false,7,7,0,119,110,0,station,M2_empty_history,95
C,houston,2026-07-29,20260729T055622601858-0400,04:56:22.351857,296,78.08,80.06,1.98,0,,,78.08,0,0,false,false,7,7,0,296,294,0,station,M2_empty_history,95
C,houston,2026-07-29,20260729T093234964372-0400,08:32:34.840530,512,78.08,80.06,1.98,0,,,78.08,0,0,false,false,8,8,0,512,504,0,station,M2_empty_history,95
C,houston,2026-07-29,20260729T110031835539-0400,10:00:31.688103,600,84.02,87.08,3.06000000000002,0,,,84.02,0,0,false,true,9,10,1,600,596,0,station,M2_empty_history,95
C,houston,2026-07-29,20260729T151545479838-0400,14:15:45.316594,855,91.04,95,3.96000000000001,0,,,91.04,0,0,false,false,14,14,0,855,850,0,station,M2_empty_history,95
C,houston,2026-07-30,20260730T020452708002-0400,01:04:51.626873,64,80.96,82.04,1.08000000000001,0,,,80.96,0,0,false,false,7,7,0,64,55,0,station,M2_empty_history,96
C,houston,2026-07-30,20260730T040344492697-0400,03:03:43.565184,183,80.06,82.04,1.98,0,,,80.06,0,0,false,false,7,7,0,183,174,0,station,M2_empty_history,96
C,houston,2026-07-30,20260730T055651046663-0400,04:56:50.780539,296,78.98,82.04,3.06,0,,,78.98,0,0,false,false,7,7,0,296,295,0,station,M2_empty_history,96
C,houston,2026-07-30,20260730T111431043557-0400,10:14:30.185195,614,84.02,86,1.98,0,,,84.02,0,0,false,false,10,10,0,614,605,0,station,M2_empty_history,96
C,los-angeles,2026-07-03,20260703T035629-0400,00:56:29.293976,56,62.96,64.04,1.08000000000001,0,,,62.96,0,0,false,false,7,7,0,56,55,0,station,M2_empty_history,72
C,los-angeles,2026-07-03,20260703T060923-0400,03:09:23.084238,189,62.96,64.04,1.08000000000001,0,,,62.96,0,0,false,false,7,7,0,189,182,0,station,M2_empty_history,72
C,los-angeles,2026-07-03,20260703T085652-0400,05:56:52.022107,356,62.06,64.04,1.98000000000001,0,,,62.06,0,0,false,false,7,7,0,356,354,0,station,M2_empty_history,72
C,los-angeles,2026-07-03,20260703T091250-0400,06:12:50.079107,372,62.06,64.04,1.98000000000001,0,,,62.06,0,0,false,false,7,7,0,372,372,0,station,M2_empty_history,72
C,los-angeles,2026-07-03,20260703T091935-0400,06:19:35.093575,379,62.06,64.04,1.98000000000001,0,,,62.06,0,0,false,false,7,7,0,379,374,0,station,M2_empty_history,72
C,los-angeles,2026-07-04,20260704T035627489527-0400,00:56:26.968666,56,62.96,64.04,1.08000000000001,0,,,62.96,0,0,false,false,7,7,0,56,47,0,station,M2_empty_history,75
C,los-angeles,2026-07-04,20260704T075623627382-0400,04:56:23.422667,296,62.06,64.04,1.98000000000001,0,,,62.06,0,0,false,false,7,7,0,296,292,0,station,M2_empty_history,75
C,los-angeles,2026-07-04,20260704T160332770469-0400,13:03:29.890703,783,71.06,71.96,0.899999999999991,0,,,71.06,0,0,false,true,12,13,1,783,775,0,station,M2_empty_history,75
C,los-angeles,2026-07-05,20260705T125931928510-0400,09:59:31.806498,599,69.98,71.96,1.97999999999999,0,,,69.98,0,0,false,false,9,9,0,599,596,0,station,M2_empty_history,75
C,los-angeles,2026-07-07,20260707T035801957864-0400,00:58:01.022673,58,64.04,64.94,0.899999999999991,0,,,64.04,0,0,false,false,7,7,0,58,51,0,station,M2_empty_history,74
C,los-angeles,2026-07-07,20260707T065747930658-0400,03:57:47.795495,237,62.96,64.94,1.98,0,,,62.96,0,0,false,false,7,7,0,237,232,0,station,M2_empty_history,74
C,los-angeles,2026-07-08,20260708T035653309411-0400,00:56:53.174411,56,64.94,66.02,1.08,0,,,64.94,0,0,false,false,7,7,0,56,47,0,station,M2_empty_history,74
C,los-angeles,2026-07-08,20260708T085618167990-0400,05:56:17.960218,356,64.04,66.02,1.97999999999999,0,,,64.04,0,0,false,false,7,7,0,356,347,0,station,M2_empty_history,74
C,los-angeles,2026-07-09,20260709T035555455635-0400,00:55:55.185838,55,66.02,66.92,0.900000000000006,0,,,66.02,0,0,false,false,7,7,0,55,55,0,station,M2_empty_history,74
C,los-angeles,2026-07-09,20260709T055647795594-0400,02:56:47.667594,176,64.94,66.92,1.98,0,,,64.94,0,0,false,false,7,7,0,176,173,0,station,M2_empty_history,74
C,los-angeles,2026-07-09,20260709T074550863279-0400,04:45:50.658276,285,64.04,66.92,2.88,0,,,64.04,0,0,false,false,7,7,0,285,282,0,station,M2_empty_history,74
C,los-angeles,2026-07-09,20260709T085559599161-0400,05:55:59.390647,355,64.04,66.92,2.88,0,,,64.04,0,0,false,false,7,7,0,355,351,0,station,M2_empty_history,74
C,los-angeles,2026-07-09,20260709T094653040843-0400,06:46:52.254618,406,64.04,66.92,2.88,0,,,64.04,0,0,false,false,7,7,0,406,406,0,station,M2_empty_history,74
C,los-angeles,2026-07-10,20260710T075653932583-0400,04:56:53.794445,296,64.94,66.02,1.08,0,,,64.94,0,0,false,false,7,7,0,296,287,0,station,M2_empty_history,74
C,los-angeles,2026-07-14,20260714T063927075083-0400,03:39:26.564809,219,66.92,68,1.08,0,,,66.92,0,0,false,false,7,7,0,219,211,0,station,M2_empty_history,77
C,los-angeles,2026-07-14,20260714T072225302891-0400,04:22:25.107568,262,66.92,68,1.08,0,,,66.92,0,0,false,false,7,7,0,262,256,0,station,M2_empty_history,77
C,los-angeles,2026-07-15,20260715T045536072235-0400,01:55:35.922101,115,69.08,69.98,0.900000000000006,0,,,69.08,0,0,false,false,7,7,0,115,109,0,station,M2_empty_history,80
C,los-angeles,2026-07-15,20260715T060235752305-0400,03:02:34.834266,182,68,69.98,1.98,0,,,68,0,0,false,false,7,7,0,182,176,0,station,M2_empty_history,80
C,los-angeles,2026-07-15,20260715T103204345390-0400,07:32:04.149251,452,68,69.98,1.98,0,,,68,0,0,false,false,7,7,0,452,446,0,station,M2_empty_history,80
C,los-angeles,2026-07-15,20260715T155703053927-0400,12:57:02.851946,777,78.98,80.06,1.08,0,,,78.98,0,0,false,false,12,12,0,777,776,0,station,M2_empty_history,80
C,los-angeles,2026-07-16,20260716T035544529176-0400,00:55:44.355266,55,71.06,71.96,0.899999999999991,0,,,71.06,0,0,false,false,7,7,0,55,48,0,station,M2_empty_history,82
C,los-angeles,2026-07-16,20260716T055702472822-0400,02:57:02.310579,177,69.98,71.96,1.97999999999999,0,,,69.98,0,0,false,false,7,7,0,177,175,0,station,M2_empty_history,82
C,los-angeles,2026-07-16,20260716T085702766085-0400,05:57:02.598332,357,69.08,71.96,2.88,0,,,69.08,0,0,false,false,7,7,0,357,349,0,station,M2_empty_history,82
C,los-angeles,2026-07-17,20260717T055600553820-0400,02:56:00.336434,176,69.08,69.98,0.900000000000006,0,,,69.08,0,0,false,false,7,7,0,176,173,0,station,M2_empty_history,86
C,los-angeles,2026-07-18,20260718T055556849199-0400,02:55:56.011716,175,69.98,71.06,1.08,0,,,69.98,0,0,false,false,7,7,0,175,166,0,station,M2_empty_history,78
C,los-angeles,2026-07-18,20260718T075539094036-0400,04:55:38.965618,295,69.08,71.06,1.98,0,,,69.08,0,0,false,false,7,7,0,295,294,0,station,M2_empty_history,78
C,los-angeles,2026-07-19,20260719T045638876657-0400,01:56:38.624315,116,68,69.08,1.08,0,,,68,0,0,false,false,7,7,0,116,113,0,station,M2_empty_history,77
C,los-angeles,2026-07-20,20260720T035546558325-0400,00:55:46.442156,55,69.08,69.8,0.719999999999999,0,,,69.08,0,0,false,false,7,7,0,55,54,0,station,M2_empty_history,81
C,los-angeles,2026-07-20,20260720T055658501172-0400,02:56:58.336569,176,68,69.8,1.8,0,,,68,0,0,false,false,7,7,0,176,173,0,station,M2_empty_history,81
C,los-angeles,2026-07-20,20260720T091258528755-0400,06:12:58.344998,372,68,69.8,1.8,0,,,68,0,0,false,false,7,7,0,372,364,0,station,M2_empty_history,81
C,los-angeles,2026-07-21,20260721T045918551838-0400,01:59:17.589914,119,71.06,71.96,0.899999999999991,0,,,71.06,0,0,false,false,7,7,0,119,110,0,station,M2_empty_history,81
C,los-angeles,2026-07-21,20260721T060301583823-0400,03:03:00.473252,183,71.06,71.96,0.899999999999991,0,,,71.06,0,0,false,false,7,7,0,183,173,0,station,M2_empty_history,81
C,los-angeles,2026-07-21,20260721T065738814407-0400,03:57:37.842289,237,69.98,71.96,1.97999999999999,0,,,69.98,0,0,false,false,7,7,0,237,228,0,station,M2_empty_history,81
C,los-angeles,2026-07-21,20260721T085613230138-0400,05:56:12.144359,356,69.98,71.96,1.97999999999999,0,,,69.98,0,0,false,false,7,7,0,356,347,0,station,M2_empty_history,81
C,los-angeles,2026-07-21,20260721T115950733376-0400,08:59:50.460215,539,73.04,75.92,2.88,0,,,73.04,0,0,false,false,8,8,0,539,536,0,station,M2_empty_history,81
C,los-angeles,2026-07-22,20260722T035703953973-0400,00:57:02.971057,57,71.06,71.96,0.899999999999991,0,,,71.06,0,0,false,false,7,7,0,57,47,0,station,M2_empty_history,77
C,los-angeles,2026-07-22,20260722T045212858937-0400,01:52:11.674222,112,69.98,71.96,1.97999999999999,0,,,69.98,0,0,false,false,7,7,0,112,102,0,station,M2_empty_history,77
C,los-angeles,2026-07-22,20260722T085658979196-0400,05:56:58.702359,356,69.08,71.96,2.88,0,,,69.08,0,0,false,false,7,7,0,356,349,0,station,M2_empty_history,77
C,los-angeles,2026-07-22,20260722T130037810860-0400,10:00:37.656317,600,69.98,71.96,1.97999999999999,0,,,69.98,0,0,false,true,9,10,1,600,596,0,station,M2_empty_history,77
C,los-angeles,2026-07-22,20260722T132938487535-0400,10:29:38.124776,629,69.98,71.96,1.97999999999999,0,,,69.98,0,0,false,false,10,10,0,629,622,0,station,M2_empty_history,77
C,los-angeles,2026-07-23,20260723T045644587620-0400,01:56:44.334497,116,69.08,69.98,0.900000000000006,0,,,69.08,0,0,false,false,7,7,0,116,115,0,station,M2_empty_history,80
C,los-angeles,2026-07-24,20260724T045701215512-0400,01:57:01.010908,117,69.98,71.06,1.08,0,,,69.98,0,0,false,false,7,7,0,117,112,0,station,M2_empty_history,78
C,los-angeles,2026-07-24,20260724T055629938794-0400,02:56:29.785046,176,69.08,71.06,1.98,0,,,69.08,0,0,false,false,7,7,0,176,167,0,station,M2_empty_history,78
C,los-angeles,2026-07-24,20260724T074828287449-0400,04:48:28.125520,288,68,71.06,3.06,0,,,68,0,0,false,false,7,7,0,288,286,0,station,M2_empty_history,78
C,los-angeles,2026-07-25,20260725T055642908699-0400,02:56:42.660487,176,71.06,71.96,0.899999999999991,0,,,71.06,0,0,false,false,7,7,0,176,175,0,station,M2_empty_history,78
C,los-angeles,2026-07-25,20260725T075626428105-0400,04:56:26.278073,296,69.98,71.96,1.97999999999999,0,,,69.98,0,0,false,false,7,7,0,296,293,0,station,M2_empty_history,78
C,los-angeles,2026-07-26,20260726T055626946249-0400,02:56:26.709551,176,69.98,71.06,1.08,0,,,69.98,0,0,false,false,7,7,0,176,168,0,station,M2_empty_history,79
C,los-angeles,2026-07-27,20260727T050226007364-0400,02:02:25.065469,122,69.98,71.06,1.08,0,,,69.98,0,0,false,false,7,7,0,122,112,0,station,M2_empty_history,79
C,los-angeles,2026-07-27,20260727T080425430252-0400,05:04:24.379346,304,69.08,71.06,1.98,0,,,69.08,0,0,false,false,7,7,0,304,295,0,station,M2_empty_history,79
C,los-angeles,2026-07-28,20260728T045700732204-0400,01:57:00.436496,117,69.98,71.96,1.97999999999999,0,,,69.98,0,0,false,false,7,7,0,117,111,0,station,M2_empty_history,78
C,los-angeles,2026-07-28,20260728T091742454437-0400,06:17:42.307133,377,69.08,71.96,2.88,0,,,69.08,0,0,false,false,7,7,0,377,375,0,station,M2_empty_history,78
C,los-angeles,2026-07-28,20260728T130802503381-0400,10:08:02.354240,608,73.94,75.92,1.98,0,,,73.94,0,0,false,false,10,10,0,608,603,0,station,M2_empty_history,78
C,los-angeles,2026-07-28,20260728T210556569415-0400,18:05:56.445170,1085,71.06,78.08,7.02,0,,,71.06,0,0,false,true,17,18,1,1085,1077,0,station,M2_empty_history,78
C,los-angeles,2026-07-29,20260729T045511297364-0400,01:55:10.274724,115,69.8,69.98,0.180000000000007,0,,,69.8,0,0,false,false,7,7,0,115,105,0,station,M2_empty_history,79
C,los-angeles,2026-07-29,20260729T045906212791-0400,01:59:05.971007,119,69.08,69.98,0.900000000000006,0,,,69.08,0,0,false,false,7,7,0,119,115,0,station,M2_empty_history,79
C,los-angeles,2026-07-29,20260729T093246484484-0400,06:32:46.366114,392,69.98,71.06,1.08,0,,,69.98,0,0,false,false,7,7,0,392,388,0,station,M2_empty_history,79
C,los-angeles,2026-07-30,20260730T075547131667-0400,04:55:47.026788,295,69.98,71.06,1.08,0,,,69.98,0,0,false,false,7,7,0,295,294,0,station,M2_empty_history,77
C,miami,2026-07-03,20260703T020844-0400,02:08:44.101130,128,80.96,82.94,1.98,0,,,80.96,0,0,false,false,7,7,0,128,111,0,station,M2_empty_history,91
C,miami,2026-07-03,20260703T045625-0400,04:56:24.525724,296,80.06,82.94,2.88,0,,,80.06,0,0,false,false,7,7,0,296,290,0,station,M2_empty_history,91
C,miami,2026-07-03,20260703T065631-0400,06:56:30.955559,416,78.98,82.94,3.95999999999999,0,,,78.98,0,0,false,false,7,7,0,416,408,0,station,M2_empty_history,91
C,miami,2026-07-04,20260704T020344829582-0400,02:03:44.651581,123,82.04,82.94,0.899999999999991,0,,,82.04,0,0,false,false,7,7,0,123,118,0,station,M2_empty_history,91
C,miami,2026-07-04,20260704T035632226647-0400,03:56:32.069698,236,80.96,82.94,1.98,0,,,80.96,0,0,false,false,7,7,0,236,228,0,station,M2_empty_history,91
C,miami,2026-07-04,20260704T055623027638-0400,05:56:22.895922,356,80.06,82.94,2.88,0,,,80.06,0,0,false,false,7,7,0,356,355,0,station,M2_empty_history,91
C,miami,2026-07-05,20260705T015607231279-0400,01:56:07.076284,116,82.04,82.94,0.899999999999991,0,,,82.04,0,0,false,false,7,7,0,116,110,0,station,M2_empty_history,94
C,miami,2026-07-05,20260705T035552610759-0400,03:55:52.499759,235,82.04,82.94,0.899999999999991,0,,,82.04,0,0,false,false,7,7,0,235,228,0,station,M2_empty_history,94
C,miami,2026-07-05,20260705T055558813040-0400,05:55:58.654105,355,80.96,82.94,1.98,0,,,80.96,0,0,false,false,7,7,0,355,355,0,station,M2_empty_history,94
C,miami,2026-07-05,20260705T141630009981-0400,14:16:29.844577,856,87.08,93.92,6.83999999999997,0,,,87.08,0,0,false,false,14,14,0,856,847,0,station,M2_empty_history,94
C,miami,2026-07-07,20260707T055739603441-0400,05:57:39.488441,357,80.06,80.96,0.899999999999991,0,,,80.06,0,0,false,false,7,7,0,357,350,0,station,M2_empty_history,92
C,miami,2026-07-08,20260708T035614820121-0400,03:56:14.484678,236,84.02,84.92,0.899999999999991,0,,,84.02,0,0,false,false,7,7,0,236,228,0,station,M2_empty_history,92
C,miami,2026-07-08,20260708T055610205877-0400,05:56:09.947161,356,84.02,84.92,0.899999999999991,0,,,84.02,0,0,false,false,7,7,0,356,355,0,station,M2_empty_history,92
C,miami,2026-07-09,20260709T005644450879-0400,00:56:44.001615,56,84.92,86,1.08000000000001,0,,,84.92,0,0,false,false,7,7,0,56,54,0,station,M2_empty_history,91
C,miami,2026-07-09,20260709T025701356212-0400,02:57:01.152839,177,84.02,86,1.98,0,,,84.02,0,0,false,false,7,7,0,177,172,0,station,M2_empty_history,91
C,miami,2026-07-09,20260709T045643810383-0400,04:56:43.656734,296,82.94,86,3.06,0,,,82.94,0,0,false,false,7,7,0,296,290,0,station,M2_empty_history,91
C,miami,2026-07-10,20260710T025616301261-0400,02:56:09.090040,176,84.92,86,1.08000000000001,0,,,84.92,0,0,false,false,7,7,0,176,152,0,station,M2_empty_history,92
C,miami,2026-07-10,20260710T055557525158-0400,05:55:57.069584,355,84.02,86,1.98,0,,,84.02,0,0,false,false,7,7,0,355,348,0,station,M2_empty_history,92
C,miami,2026-07-11,20260711T000704703288-0400,00:07:04.504318,7,75.02,77,1.98,0,,,75.02,0,0,false,false,7,7,0,7,1,0,station,M2_empty_history,90
C,miami,2026-07-11,20260711T001835739501-0400,00:18:35.546996,18,73.94,77,3.06,0,,,73.94,0,0,false,false,7,7,0,18,11,0,station,M2_empty_history,90
C,miami,2026-07-11,20260711T002108436174-0400,00:21:08.265175,21,73.04,77,3.95999999999999,0,,,73.04,0,0,false,false,7,7,0,21,18,0,station,M2_empty_history,90
C,miami,2026-07-11,20260711T092627900004-0400,09:26:27.744587,566,78.98,82.94,3.95999999999999,0,,,78.98,0,0,false,false,9,9,0,566,564,0,station,M2_empty_history,90
C,miami,2026-07-14,20260714T065642458105-0400,06:56:42.284609,416,80.96,82.04,1.08000000000001,0,,,80.96,0,0,false,false,7,7,0,416,409,0,station,M2_empty_history,94
C,miami,2026-07-15,20260715T005618574123-0400,00:56:18.423129,56,84.02,84.92,0.899999999999991,0,,,84.02,0,0,false,false,7,7,0,56,49,0,station,M2_empty_history,93
C,miami,2026-07-15,20260715T025638583371-0400,02:56:38.143509,176,82.04,84.92,2.87999999999998,0,,,82.04,0,0,false,false,7,7,0,176,171,0,station,M2_empty_history,93
C,miami,2026-07-15,20260715T031633487274-0400,03:16:33.365326,196,82.04,84.92,2.87999999999998,0,,,82.04,0,0,false,false,7,7,0,196,195,0,station,M2_empty_history,93
C,miami,2026-07-15,20260715T065650977659-0400,06:56:50.816655,416,80.96,84.92,3.95999999999999,0,,,80.96,0,0,false,false,7,7,0,416,408,0,station,M2_empty_history,93
C,miami,2026-07-15,20260715T165044598795-0400,16:50:44.057648,1010,91.94,93.2,1.26000000000001,0,,,91.94,0,0,false,false,16,16,0,1010,1010,0,station,M2_empty_history,93
C,miami,2026-07-16,20260716T013958959124-0400,01:39:58.628676,99,80.96,84.92,3.95999999999999,0,,,80.96,0,0,false,false,7,7,0,99,92,0,station,M2_empty_history,97
C,miami,2026-07-16,20260716T085900072226-0400,08:58:59.061047,538,84.02,84.92,0.899999999999991,0,,,84.02,0,0,false,false,8,8,0,538,537,0,station,M2_empty_history,97
C,miami,2026-07-16,20260716T153129660131-0400,15:31:28.412156,931,93.02,95,1.98,0,,,93.02,0,0,false,false,15,15,0,931,922,0,station,M2_empty_history,97
C,miami,2026-07-17,20260717T025647040172-0400,02:56:46.855145,176,82.94,84.02,1.08,0,,,82.94,0,0,false,false,7,7,0,176,175,0,station,M2_empty_history,92
C,miami,2026-07-17,20260717T045551066538-0400,04:55:50.926410,295,82.04,84.02,1.97999999999999,0,,,82.04,0,0,false,false,7,7,0,295,293,0,station,M2_empty_history,92
C,miami,2026-07-17,20260717T065559647772-0400,06:55:59.494454,415,82.04,84.02,1.97999999999999,0,,,82.04,0,0,false,false,7,7,0,415,411,0,station,M2_empty_history,92
C,miami,2026-07-18,20260718T005754107785-0400,00:57:53.981625,57,82.94,84.02,1.08,0,,,82.94,0,0,false,false,7,7,0,57,56,0,station,M2_empty_history,91
C,miami,2026-07-18,20260718T035640046183-0400,03:56:39.819079,236,80.96,84.02,3.06,0,,,80.96,0,0,false,false,7,7,0,236,229,0,station,M2_empty_history,91
C,miami,2026-07-18,20260718T055602059094-0400,05:56:01.904759,356,80.96,84.02,3.06,0,,,80.96,0,0,false,false,7,7,0,356,347,0,station,M2_empty_history,91
C,miami,2026-07-19,20260719T025643465077-0400,02:56:43.244245,176,82.94,84.02,1.08,0,,,82.94,0,0,false,false,7,7,0,176,174,0,station,M2_empty_history,91
C,miami,2026-07-20,20260720T015539658762-0400,01:55:39.222182,115,82.94,84.02,1.08,0,,,82.94,0,0,false,false,7,7,0,115,107,0,station,M2_empty_history,93
C,miami,2026-07-20,20260720T035542302464-0400,03:55:41.071562,235,82.94,84.02,1.08,0,,,82.94,0,0,false,false,7,7,0,235,226,0,station,M2_empty_history,93
C,miami,2026-07-21,20260721T005554616294-0400,00:55:54.300962,55,82.94,84.02,1.08,0,,,82.94,0,0,false,false,7,7,0,55,46,0,station,M2_empty_history,91
C,miami,2026-07-21,20260721T015727601601-0400,01:57:26.404582,117,82.04,84.02,1.97999999999999,0,,,82.04,0,0,false,false,7,7,0,117,108,0,station,M2_empty_history,91
C,miami,2026-07-21,20260721T060402568701-0400,06:04:01.510777,364,82.94,84.02,1.08,0,,,82.94,0,0,false,false,7,7,0,364,354,0,station,M2_empty_history,91
C,miami,2026-07-22,20260722T005647626455-0400,00:56:47.353908,56,84.02,84.92,0.899999999999991,0,,,84.02,0,0,false,false,7,7,0,56,55,0,station,M2_empty_history,92
C,miami,2026-07-22,20260722T015854882410-0400,01:58:54.015956,118,82.94,84.92,1.97999999999999,0,,,82.94,0,0,false,false,7,7,0,118,109,0,station,M2_empty_history,92
C,miami,2026-07-22,20260722T135850716000-0400,13:58:50.525166,838,89.96,91.04,1.07999999999998,0,,,89.96,0,0,false,false,13,13,0,838,835,0,station,M2_empty_history,92
C,miami,2026-07-23,20260723T015706433446-0400,01:57:06.176000,117,82.94,84.92,1.97999999999999,0,,,82.94,0,0,false,false,7,7,0,117,111,0,station,M2_empty_history,92
C,miami,2026-07-23,20260723T045615162505-0400,04:56:14.244542,296,82.94,84.92,1.97999999999999,0,,,82.94,0,0,false,false,7,7,0,296,285,0,station,M2_empty_history,92
C,miami,2026-07-23,20260723T160654314128-0400,16:06:54.191352,966,89.06,91.94,2.88,0,,,87.08,0,0,false,false,16,16,0,966,962,0,station,M6_unexplained,92
C,miami,2026-07-24,20260724T010433743614-0400,01:04:32.909774,64,84.92,86,1.08000000000001,0,,,84.92,0,0,false,false,7,7,0,64,56,0,station,M2_empty_history,92
C,miami,2026-07-24,20260724T015633981878-0400,01:56:33.785579,116,82.94,86,3.06,0,,,82.94,0,0,false,false,7,7,0,116,110,0,station,M2_empty_history,92
C,miami,2026-07-24,20260724T055633695613-0400,05:56:33.475253,356,82.04,86,3.95999999999999,0,,,82.04,0,0,false,false,7,7,0,356,353,0,station,M2_empty_history,92
C,miami,2026-07-25,20260725T015823260556-0400,01:58:22.984454,118,84.02,84.92,0.899999999999991,0,,,84.02,0,0,false,false,7,7,0,118,110,0,station,M2_empty_history,92
C,miami,2026-07-25,20260725T035806948867-0400,03:58:05.917358,238,82.94,84.92,1.97999999999999,0,,,82.94,0,0,false,false,7,7,0,238,237,0,station,M2_empty_history,92
C,miami,2026-07-25,20260725T065647986406-0400,06:56:47.755474,416,82.94,84.92,1.97999999999999,0,,,82.94,0,0,false,false,7,7,0,416,411,0,station,M2_empty_history,92
C,miami,2026-07-25,20260725T133645686552-0400,13:36:45.566278,816,89.96,91.94,1.97999999999999,0,,,89.96,0,0,false,false,13,13,0,816,812,0,station,M2_empty_history,92
C,miami,2026-07-26,20260726T025648127459-0400,02:56:47.894167,176,82.94,84.02,1.08,0,,,82.94,0,0,false,false,7,7,0,176,169,0,station,M2_empty_history,94
C,miami,2026-07-26,20260726T040219076847-0400,04:02:18.067227,242,82.04,84.02,1.97999999999999,0,,,82.04,0,0,false,false,7,7,0,242,236,0,station,M2_empty_history,94
C,miami,2026-07-26,20260726T065557159736-0400,06:55:56.866733,415,80.96,84.02,3.06,0,,,80.96,0,0,false,false,7,7,0,415,411,0,station,M2_empty_history,94
C,miami,2026-07-27,20260727T005644228704-0400,00:56:44.080772,56,78.08,78.98,0.900000000000006,0,,,78.08,0,0,false,false,7,7,0,56,56,0,station,M2_empty_history,90
C,miami,2026-07-28,20260728T010410848930-0400,01:04:09.851899,64,78.98,80.06,1.08,0,,,78.98,0,0,false,false,7,7,0,64,55,0,station,M2_empty_history,89
C,miami,2026-07-28,20260728T045706425330-0400,04:57:06.156364,297,78.08,80.06,1.98,0,,,78.08,0,0,false,false,7,7,0,297,292,0,station,M2_empty_history,89
C,miami,2026-07-29,20260729T030249567236-0400,03:02:48.575194,182,80.06,80.96,0.899999999999991,0,,,80.06,0,0,false,false,7,7,0,182,173,0,station,M2_empty_history,94
C,miami,2026-07-29,20260729T110236251939-0400,11:02:36.127594,662,87.98,89.96,1.98,0,,,87.98,0,0,false,false,11,11,0,662,660,0,station,M2_empty_history,94
C,miami,2026-07-30,20260730T005642874375-0400,00:56:42.599227,56,82.94,84.02,1.08,0,,,82.94,0,0,false,false,7,7,0,56,49,0,station,M2_empty_history,96
C,miami,2026-07-30,20260730T020209430876-0400,02:02:08.368700,122,82.04,84.02,1.97999999999999,0,,,82.04,0,0,false,false,7,7,0,122,113,0,station,M2_empty_history,96
C,miami,2026-07-30,20260730T025648404233-0400,02:56:47.346807,176,80.96,84.02,3.06,0,,,80.96,0,0,false,false,7,7,0,176,167,0,station,M2_empty_history,96
C,nyc,2026-07-03,20260703T010229-0400,01:02:29.781478,62,91.04,93.92,2.88,0,,,91.04,0,0,false,false,7,7,0,62,46,0,station,M2_empty_history,100
C,nyc,2026-07-03,20260703T015733-0400,01:57:33.087323,117,87.98,93.92,5.93999999999998,0,,,87.98,0,0,false,false,7,7,0,117,113,0,station,M2_empty_history,100
C,nyc,2026-07-03,20260703T035612-0400,03:56:12.142512,236,87.08,93.92,6.83999999999997,0,,,87.08,0,0,false,false,7,7,0,236,228,0,station,M2_empty_history,100
C,nyc,2026-07-03,20260703T045709-0400,04:57:09.773701,297,86,93.92,7.91999999999999,0,,,86,0,0,false,false,7,7,0,297,291,0,station,M2_empty_history,100
C,nyc,2026-07-03,20260703T060911-0400,06:09:11.685255,369,84.02,93.92,9.89999999999999,0,,,84.02,0,0,false,false,7,7,0,369,364,0,station,M2_empty_history,100
C,nyc,2026-07-03,20260703T065614-0400,06:56:14.183029,416,82.94,93.92,10.98,0,,,82.94,0,0,false,false,7,7,0,416,409,0,station,M2_empty_history,100
C,nyc,2026-07-05,20260705T015931211243-0400,01:59:30.926545,119,75.02,75.92,0.900000000000006,0,,,75.02,0,0,false,false,7,7,0,119,115,0,station,M2_empty_history,78
C,nyc,2026-07-05,20260705T055542804883-0400,05:55:42.615894,355,73.94,75.92,1.98,0,,,73.94,0,0,false,false,7,7,0,355,355,0,station,M2_empty_history,78
C,nyc,2026-07-07,20260707T005604720438-0400,00:54:44.715675,54,64.94,66.92,1.98,0,,,64.94,0,0,false,false,7,7,0,54,37,0,station,M2_empty_history,72
C,nyc,2026-07-07,20260707T035252824028-0400,03:52:52.496602,232,64.04,66.92,2.88,0,,,64.04,0,0,false,false,7,7,0,232,223,0,station,M2_empty_history,72
C,nyc,2026-07-07,20260707T045621585577-0400,04:56:21.340783,296,64.04,66.92,2.88,0,,,64.04,0,0,false,false,7,7,0,296,287,0,station,M2_empty_history,72
C,nyc,2026-07-07,20260707T055427905035-0400,05:54:27.657937,354,62.96,66.92,3.96000000000001,0,,,62.96,0,0,false,false,7,7,0,354,350,0,station,M2_empty_history,72
C,nyc,2026-07-07,20260707T115653745234-0400,11:56:53.530920,716,66.02,69.08,3.06,0,,,66.02,0,0,false,false,11,11,0,716,716,0,station,M2_empty_history,72
C,nyc,2026-07-08,20260708T005639793520-0400,00:56:39.541523,56,68,69.08,1.08,0,,,68,0,0,false,false,7,7,0,56,52,0,station,M2_empty_history,87
C,nyc,2026-07-08,20260708T013350269449-0400,01:33:49.865267,93,66.92,69.08,2.16,0,,,66.92,0,0,false,false,7,7,0,93,92,0,station,M2_empty_history,87
C,nyc,2026-07-08,20260708T025249846276-0400,02:52:49.159429,172,66.02,69.08,3.06,0,,,66.02,0,0,false,false,7,7,0,172,165,0,station,M2_empty_history,87
C,nyc,2026-07-09,20260709T005439404702-0400,00:54:37.930299,54,75.02,75.92,0.900000000000006,0,,,75.02,0,0,false,false,7,7,0,54,45,0,station,M2_empty_history,87
C,nyc,2026-07-09,20260709T015538018096-0400,01:55:37.741791,115,73.94,75.92,1.98,0,,,73.94,0,0,false,false,7,7,0,115,109,0,station,M2_empty_history,87
C,nyc,2026-07-10,20260710T005613958862-0400,00:56:13.647648,56,75.92,77,1.08,0,,,75.92,0,0,false,false,7,7,0,56,55,0,station,M2_empty_history,88
C,nyc,2026-07-10,20260710T010213945358-0400,01:02:13.577052,62,75.92,77,1.08,0,,,75.92,0,0,false,false,7,7,0,62,61,0,station,M2_empty_history,88
C,nyc,2026-07-10,20260710T090851000888-0400,09:08:50.830562,548,78.08,80.96,2.88,0,,,78.08,0,0,false,true,8,9,1,548,539,0,station,M2_empty_history,88
C,nyc,2026-07-11,20260711T005356975375-0400,00:53:56.627375,53,80.06,82.04,1.98,0,,,80.06,0,0,false,false,7,7,0,53,46,0,station,M2_empty_history,82
C,nyc,2026-07-11,20260711T015434562174-0400,01:54:34.312567,114,78.08,82.04,3.96000000000001,0,,,78.08,0,0,false,false,7,7,0,114,106,0,station,M2_empty_history,82
C,nyc,2026-07-11,20260711T035548692811-0400,03:55:40.676551,235,75.92,82.04,6.12,0,,,75.92,0,0,false,false,7,7,0,235,227,0,station,M2_empty_history,82
C,nyc,2026-07-11,20260711T045421869281-0400,04:54:08.771026,294,73.94,82.04,8.10000000000001,0,,,73.94,0,0,false,false,7,7,0,294,280,0,station,M2_empty_history,82
C,nyc,2026-07-11,20260711T055503469078-0400,05:55:03.165334,355,73.04,82.04,9,0,,,73.04,0,0,false,false,7,7,0,355,346,0,station,M2_empty_history,82
C,nyc,2026-07-11,20260711T162412991518-0400,16:24:12.752502,984,73.04,82.04,9,0,,,73.04,0,0,false,false,16,16,0,984,975,0,station,M2_empty_history,82
C,nyc,2026-07-14,20260714T005729171092-0400,00:57:27.691939,57,75.92,77,1.08,0,,,75.92,0,0,false,false,7,7,0,57,48,0,station,M2_empty_history,92
C,nyc,2026-07-14,20260714T015519052491-0400,01:55:18.737373,115,75.02,77,1.98,0,,,75.02,0,0,false,false,7,7,0,115,107,0,station,M2_empty_history,92
C,nyc,2026-07-14,20260714T025519307018-0400,02:55:19.058041,175,73.94,77,3.06,0,,,73.94,0,0,false,false,7,7,0,175,166,0,station,M2_empty_history,92
C,nyc,2026-07-14,20260714T045627422974-0400,04:56:27.247067,296,73.94,77,3.06,0,,,73.94,0,0,false,false,7,7,0,296,294,0,station,M2_empty_history,92
C,nyc,2026-07-15,20260715T005510137033-0400,00:55:09.790684,55,86,87.08,1.08000000000001,0,,,86,0,0,false,false,7,7,0,55,52,0,station,M2_empty_history,98
C,nyc,2026-07-15,20260715T015541473526-0400,01:55:40.998724,115,84.02,87.08,3.06000000000002,0,,,84.02,0,0,false,false,7,7,0,115,109,0,station,M2_empty_history,98
C,nyc,2026-07-15,20260715T025432178355-0400,02:54:31.436399,174,82.94,87.08,4.14000000000001,0,,,82.94,0,0,false,false,7,7,0,174,170,0,station,M2_empty_history,98
C,nyc,2026-07-15,20260715T035429048092-0400,03:54:28.824516,234,82.04,87.08,5.04000000000001,0,,,82.04,0,0,false,false,7,7,0,234,225,0,station,M2_empty_history,98
C,nyc,2026-07-15,20260715T055528448546-0400,05:55:28.171422,355,80.96,87.08,6.12000000000002,0,,,80.96,0,0,false,false,7,7,0,355,352,0,station,M2_empty_history,98
C,nyc,2026-07-15,20260715T085839602037-0400,08:58:39.259244,538,84.02,87.08,3.06000000000002,0,,,84.02,0,0,false,false,8,8,0,538,535,0,station,M2_empty_history,98
C,nyc,2026-07-15,20260715T091439353811-0400,09:14:39.131042,554,84.02,87.08,3.06000000000002,0,,,84.02,0,0,false,false,9,9,0,554,553,0,station,M2_empty_history,98
C,nyc,2026-07-16,20260716T015538980512-0400,01:55:38.660048,115,80.06,80.96,0.899999999999991,0,,,80.06,0,0,false,false,7,7,0,115,110,0,station,M2_empty_history,88
C,nyc,2026-07-16,20260716T035640303231-0400,03:56:40.115152,236,78.98,80.96,1.97999999999999,0,,,78.98,0,0,false,false,7,7,0,236,229,0,station,M2_empty_history,88
C,nyc,2026-07-16,20260716T055441825187-0400,05:54:41.657651,354,78.08,80.96,2.88,0,,,78.08,0,0,false,false,7,7,0,354,347,0,station,M2_empty_history,88
C,nyc,2026-07-16,20260716T141154210399-0400,14:11:53.905302,851,84.02,84.92,0.899999999999991,0,,,82.94,0,0,false,false,14,14,0,851,850,0,station,M6_unexplained,88
C,nyc,2026-07-16,20260716T155503849117-0400,15:55:03.480135,955,86,87.08,1.08000000000001,0,,,86,0,0,false,false,15,15,0,955,951,0,station,M2_empty_history,88
C,nyc,2026-07-17,20260717T005540392621-0400,00:55:40.123736,55,78.98,80.96,1.97999999999999,0,,,78.98,0,0,false,false,7,7,0,55,46,0,station,M2_empty_history,87
C,nyc,2026-07-17,20260717T015443337063-0400,01:54:43.030006,114,78.08,80.96,2.88,0,,,78.08,0,0,false,false,7,7,0,114,110,0,station,M2_empty_history,87
C,nyc,2026-07-17,20260717T025524103916-0400,02:55:23.074312,175,77,80.96,3.95999999999999,0,,,77,0,0,false,false,7,7,0,175,166,0,station,M2_empty_history,87
C,nyc,2026-07-17,20260717T035542645372-0400,03:55:42.365248,235,75.92,80.96,5.03999999999999,0,,,75.92,0,0,false,false,7,7,0,235,230,0,station,M2_empty_history,87
C,nyc,2026-07-17,20260717T045541848495-0400,04:55:41.606769,295,75.02,80.96,5.94,0,,,75.02,0,0,false,false,7,7,0,295,293,0,station,M2_empty_history,87
C,nyc,2026-07-17,20260717T055549568641-0400,05:55:49.341717,355,73.94,80.96,7.02,0,,,73.94,0,0,false,false,7,7,0,355,348,0,station,M2_empty_history,87
C,nyc,2026-07-18,20260718T015630056454-0400,01:56:29.756633,116,75.02,75.92,0.900000000000006,0,,,75.02,0,0,false,false,7,7,0,116,110,0,station,M2_empty_history,80
C,nyc,2026-07-19,20260719T035532645255-0400,03:55:32.198412,235,77,78.08,1.08,0,,,77,0,0,false,false,7,7,0,235,229,0,station,M2_empty_history,81
C,nyc,2026-07-19,20260719T045531728826-0400,04:55:31.517408,295,75.92,78.08,2.16,0,,,75.92,0,0,false,false,7,7,0,295,293,0,station,M2_empty_history,81
C,nyc,2026-07-19,20260719T055532579157-0400,05:55:32.259228,355,75.02,78.08,3.06,0,,,75.02,0,0,false,false,7,7,0,355,348,0,station,M2_empty_history,81
C,nyc,2026-07-19,20260719T065639452598-0400,06:56:39.195806,416,73.94,78.08,4.14,0,,,73.94,0,0,false,false,7,7,0,416,412,0,station,M2_empty_history,81
C,nyc,2026-07-19,20260719T101436310278-0400,10:14:36.053747,614,73.94,78.08,4.14,0,,,73.94,0,0,false,false,10,10,0,614,613,0,station,M2_empty_history,81
C,nyc,2026-07-20,20260720T005617530760-0400,00:56:17.290206,56,71.96,73.94,1.98,0,,,71.96,0,0,false,false,7,7,0,56,51,0,station,M2_empty_history,82
C,nyc,2026-07-20,20260720T015735735319-0400,01:57:35.147865,117,71.06,73.94,2.88,0,,,71.06,0,0,false,false,7,7,0,117,116,0,station,M2_empty_history,82
C,nyc,2026-07-20,20260720T025538701757-0400,02:55:38.327369,175,69.08,73.94,4.86,0,,,69.08,0,0,false,false,7,7,0,175,171,0,station,M2_empty_history,82
C,nyc,2026-07-20,20260720T045637093989-0400,04:56:36.853500,296,68,73.94,5.94,0,,,68,0,0,false,false,7,7,0,296,290,0,station,M2_empty_history,82
C,nyc,2026-07-20,20260720T055639571375-0400,05:56:39.334363,356,66.92,73.94,7.02,0,,,66.92,0,0,false,false,7,7,0,356,354,0,station,M2_empty_history,82
C,nyc,2026-07-20,20260720T125859204383-0400,12:58:58.890608,778,75.92,78.08,2.16,0,,,75.92,0,0,false,false,12,12,0,778,772,0,station,M2_empty_history,82
C,nyc,2026-07-21,20260721T050030698443-0400,05:00:29.653270,300,73.94,75.02,1.08,0,,,73.94,0,0,false,false,7,7,0,300,291,0,station,M2_empty_history,82
C,nyc,2026-07-21,20260721T140058515718-0400,14:00:58.301707,840,80.96,82.04,1.08000000000001,0,,,80.96,0,0,false,true,13,14,1,840,838,0,station,M2_empty_history,82
C,nyc,2026-07-21,20260721T160154865694-0400,16:01:53.211621,961,73.94,82.04,8.10000000000001,0,,,73.94,0,0,false,true,15,16,1,961,952,0,station,M2_empty_history,82
C,nyc,2026-07-22,20260722T015019200264-0400,01:50:18.280764,110,75.02,75.92,0.900000000000006,0,,,75.02,0,0,false,false,7,7,0,110,101,0,station,M2_empty_history,88
C,nyc,2026-07-22,20260722T070148058248-0400,07:01:47.037167,421,75.02,75.92,0.900000000000006,0,,,75.02,0,0,false,false,7,7,0,421,412,0,station,M2_empty_history,88
C,nyc,2026-07-23,20260723T005340753243-0400,00:53:40.483591,53,73.04,75.02,1.97999999999999,0,,,73.04,0,0,false,false,7,7,0,53,47,0,station,M2_empty_history,81
C,nyc,2026-07-23,20260723T015423853462-0400,01:54:23.569322,114,71.96,75.02,3.06,0,,,71.96,0,0,false,false,7,7,0,114,111,0,station,M2_empty_history,81
C,nyc,2026-07-23,20260723T025537048936-0400,02:55:35.988998,175,71.06,75.02,3.95999999999999,0,,,71.06,0,0,false,false,7,7,0,175,166,0,station,M2_empty_history,81
C,nyc,2026-07-23,20260723T035422087135-0400,03:54:21.832526,234,69.08,75.02,5.94,0,,,69.08,0,0,false,false,7,7,0,234,230,0,station,M2_empty_history,81
C,nyc,2026-07-23,20260723T045432437926-0400,04:54:32.244610,294,68,75.02,7.02,0,,,68,0,0,false,false,7,7,0,294,285,0,station,M2_empty_history,81
C,nyc,2026-07-23,20260723T055523349954-0400,05:55:22.979611,355,66.92,75.02,8.09999999999999,0,,,66.92,0,0,false,false,7,7,0,355,350,0,station,M2_empty_history,81
C,nyc,2026-07-23,20260723T085631701469-0400,08:56:31.502508,536,68,75.02,7.02,0,,,68,0,0,false,false,8,8,0,536,534,0,station,M2_empty_history,81
C,nyc,2026-07-24,20260724T035223556913-0400,03:52:23.272220,232,71.06,71.96,0.899999999999991,0,,,71.06,0,0,false,false,7,7,0,232,228,0,station,M2_empty_history,82
C,nyc,2026-07-24,20260724T045443826852-0400,04:54:43.526396,294,69.98,71.96,1.97999999999999,0,,,69.98,0,0,false,false,7,7,0,294,286,0,station,M2_empty_history,82
C,nyc,2026-07-24,20260724T055255535127-0400,05:52:54.506112,352,69.08,71.96,2.88,0,,,69.08,0,0,false,false,7,7,0,352,343,0,station,M2_empty_history,82
C,nyc,2026-07-24,20260724T060118241731-0400,06:01:18.049613,361,69.08,71.96,2.88,0,,,69.08,0,0,false,false,7,7,0,361,360,0,station,M2_empty_history,82
C,nyc,2026-07-24,20260724T100313523418-0400,10:03:13.301054,603,73.04,75.02,1.97999999999999,0,,,73.04,0,0,false,true,9,10,1,603,598,0,station,M2_empty_history,82
C,nyc,2026-07-24,20260724T120025629966-0400,12:00:25.422089,720,78.08,78.98,0.900000000000006,0,,,78.08,0,0,false,true,11,12,1,720,717,0,station,M2_empty_history,82
C,nyc,2026-07-25,20260725T015423443007-0400,01:54:23.103080,114,71.06,71.96,0.899999999999991,0,,,71.06,0,0,false,false,7,7,0,114,110,0,station,M2_empty_history,79
C,nyc,2026-07-25,20260725T025434987879-0400,02:54:34.038168,174,69.98,71.96,1.97999999999999,0,,,69.98,0,0,false,false,7,7,0,174,174,0,station,M2_empty_history,79
C,nyc,2026-07-25,20260725T035423767894-0400,03:54:23.613912,234,69.08,71.96,2.88,0,,,69.08,0,0,false,false,7,7,0,234,229,0,station,M2_empty_history,79
C,nyc,2026-07-25,20260725T045444401842-0400,04:54:40.540121,294,68,71.96,3.95999999999999,0,,,68,0,0,false,false,7,7,0,294,286,0,station,M2_empty_history,79
C,nyc,2026-07-25,20260725T055322670508-0400,05:53:22.367082,353,66.92,71.96,5.03999999999999,0,,,66.92,0,0,false,false,7,7,0,353,350,0,station,M2_empty_history,79
C,nyc,2026-07-25,20260725T160036606276-0400,16:00:36.388057,960,78.08,78.98,0.900000000000006,0,,,78.08,0,0,false,true,15,16,1,960,953,0,station,M2_empty_history,79
C,nyc,2026-07-25,20260725T161433102550-0400,16:14:32.890757,974,75.92,78.98,3.06,0,,,75.92,0,0,false,false,16,16,0,974,969,0,station,M2_empty_history,79
C,nyc,2026-07-26,20260726T005923136141-0400,00:59:22.160298,59,69.98,71.06,1.08,0,,,69.98,0,0,false,false,7,7,0,59,50,0,station,M2_empty_history,82
C,nyc,2026-07-26,20260726T025522840024-0400,02:55:22.507845,175,69.08,71.06,1.98,0,,,69.08,0,0,false,false,7,7,0,175,168,0,station,M2_empty_history,82
C,nyc,2026-07-26,20260726T045929805725-0400,04:59:28.523685,299,68,71.06,3.06,0,,,68,0,0,false,false,7,7,0,299,290,0,station,M2_empty_history,82
C,nyc,2026-07-26,20260726T085731507156-0400,08:57:31.303752,537,71.06,71.96,0.899999999999991,0,,,71.06,0,0,false,false,8,8,0,537,534,0,station,M2_empty_history,82
C,nyc,2026-07-27,20260727T020024828329-0400,02:00:23.779597,120,73.94,75.02,1.08,0,,,73.94,0,0,false,false,7,7,0,120,111,0,station,M2_empty_history,84
C,nyc,2026-07-27,20260727T025506852392-0400,02:55:05.892609,175,73.04,75.02,1.97999999999999,0,,,73.04,0,0,false,false,7,7,0,175,166,0,station,M2_empty_history,84
C,nyc,2026-07-28,20260728T005521648565-0400,00:55:20.434405,55,75.02,75.92,0.900000000000006,0,,,75.02,0,0,false,false,7,7,0,55,46,0,station,M2_empty_history,80
C,nyc,2026-07-28,20260728T030040164926-0400,03:00:39.189616,180,73.94,75.92,1.98,0,,,73.94,0,0,false,false,7,7,0,180,171,0,station,M2_empty_history,80
C,nyc,2026-07-28,20260728T045441453084-0400,04:54:40.558197,294,73.04,75.92,2.88,0,,,73.04,0,0,false,false,7,7,0,294,291,0,station,M2_empty_history,80
C,nyc,2026-07-28,20260728T055426693742-0400,05:54:26.493153,354,71.96,75.92,3.96000000000001,0,,,71.96,0,0,false,false,7,7,0,354,346,0,station,M2_empty_history,80
C,nyc,2026-07-28,20260728T065635864343-0400,06:56:35.653585,416,71.96,75.92,3.96000000000001,0,,,71.96,0,0,false,false,7,7,0,416,414,0,station,M2_empty_history,80
C,nyc,2026-07-28,20260728T065839759369-0400,06:58:39.551046,418,71.96,75.92,3.96000000000001,0,,,71.96,0,0,false,false,7,7,0,418,417,0,station,M2_empty_history,80
C,nyc,2026-07-28,20260728T105627006307-0400,10:56:26.824885,656,78.8,80.06,1.26000000000001,0,,,78.8,0,0,false,false,10,10,0,656,654,0,station,M2_empty_history,80
C,nyc,2026-07-29,20260729T001544242628-0400,00:15:43.941036,15,73.94,75.02,1.08,0,,,73.94,0,0,false,false,7,7,0,15,9,0,station,M2_empty_history,81
C,nyc,2026-07-29,20260729T015002456847-0400,01:50:01.374253,110,71.6,75.02,3.42,0,,,71.6,0,0,false,false,7,7,0,110,100,0,station,M2_empty_history,81
C,nyc,2026-07-29,20260729T015907956749-0400,01:59:06.886064,119,71.06,75.02,3.95999999999999,0,,,71.06,0,0,false,false,7,7,0,119,110,0,station,M2_empty_history,81
C,nyc,2026-07-29,20260729T021727283868-0400,02:17:26.223557,137,69.98,75.02,5.03999999999999,0,,,69.98,0,0,false,false,7,7,0,137,128,0,station,M2_empty_history,81
C,nyc,2026-07-29,20260729T035757024392-0400,03:57:56.013432,237,69.98,75.02,5.03999999999999,0,,,69.98,0,0,false,false,7,7,0,237,228,0,station,M2_empty_history,81
C,nyc,2026-07-29,20260729T135534601557-0400,13:55:34.390628,835,78.08,78.98,0.900000000000006,0,,,78.08,0,0,false,false,13,13,0,835,833,0,station,M2_empty_history,81
C,nyc,2026-07-30,20260730T025637902854-0400,02:56:36.858790,176,71.06,71.96,0.899999999999991,0,,,71.06,0,0,false,false,7,7,0,176,167,0,station,M2_empty_history,76
C,nyc,2026-07-30,20260730T045435073086-0400,04:54:34.204905,294,69.98,71.96,1.97999999999999,0,,,69.98,0,0,false,false,7,7,0,294,286,0,station,M2_empty_history,76
C,nyc,2026-07-30,20260730T054526115288-0400,05:45:25.961792,345,69.08,71.96,2.88,0,,,69.08,0,0,false,false,7,7,0,345,340,0,station,M2_empty_history,76
C,nyc,2026-07-30,20260730T055226030751-0400,05:52:25.872347,352,69.08,71.96,2.88,0,,,69.08,0,0,false,false,7,7,0,352,351,0,station,M2_empty_history,76
C,san-francisco,2026-07-03,20260703T035918-0400,00:59:18.589237,59,55.94,57.02,1.08000000000001,0,,,55.94,0,0,false,false,7,7,0,59,55,0,station,M2_empty_history,69
C,san-francisco,2026-07-03,20260703T075920-0400,04:59:20.319552,299,55.94,57.02,1.08000000000001,0,,,55.94,0,0,false,false,7,7,0,299,291,0,station,M2_empty_history,69
C,san-francisco,2026-07-04,20260704T152741720694-0400,12:27:41.451111,747,55.04,66.02,10.98,0,,,55.04,0,0,false,false,12,12,0,747,742,0,station,M2_empty_history,68
C,san-francisco,2026-07-05,20260705T075858092793-0400,04:58:57.830201,298,55.94,57.02,1.08000000000001,0,,,55.94,0,0,false,false,7,7,0,298,290,0,station,M2_empty_history,68
C,san-francisco,2026-07-05,20260705T113327065752-0400,08:33:26.802530,513,57.02,57.92,0.899999999999999,0,,,57.02,0,0,false,false,8,8,0,513,504,0,station,M2_empty_history,68
C,san-francisco,2026-07-05,20260705T131247354274-0400,10:12:47.090363,612,60.08,62.96,2.88,0,,,60.08,0,0,false,false,10,10,0,612,604,0,station,M2_empty_history,68
C,san-francisco,2026-07-05,20260705T142625655377-0400,11:26:25.407492,686,62.96,64.94,1.98,0,,,62.96,0,0,false,false,11,11,0,686,686,0,station,M2_empty_history,68
C,san-francisco,2026-07-08,20260708T065955778697-0400,03:59:55.442846,239,55.04,55.94,0.899999999999999,0,,,55.04,0,0,false,false,7,7,0,239,238,0,station,M2_empty_history,64
C,san-francisco,2026-07-09,20260709T055943660610-0400,02:59:42.957887,179,55.04,55.94,0.899999999999999,0,,,55.04,0,0,false,false,7,7,0,179,173,0,station,M2_empty_history,67
C,san-francisco,2026-07-09,20260709T090413158520-0400,06:04:12.833050,364,55.04,55.94,0.899999999999999,0,,,55.04,0,0,false,false,7,7,0,364,358,0,station,M2_empty_history,67
C,san-francisco,2026-07-09,20260709T115639342341-0400,08:56:39.038079,536,55.04,55.94,0.899999999999999,0,,,55.04,0,0,false,false,8,8,0,536,527,0,station,M2_empty_history,67
C,san-francisco,2026-07-09,20260709T121735047322-0400,09:17:33.433642,557,55.94,57.02,1.08000000000001,0,,,55.94,0,0,false,false,9,9,0,557,546,0,station,M2_empty_history,67
C,san-francisco,2026-07-09,20260709T150020114535-0400,12:00:19.820510,720,62.06,62.96,0.899999999999999,0,,,62.06,0,0,false,true,11,12,1,720,719,0,station,M2_empty_history,67
C,san-francisco,2026-07-10,20260710T035932851953-0400,00:59:31.306741,59,55.94,57.02,1.08000000000001,0,,,55.94,0,0,false,false,7,7,0,59,44,0,station,M2_empty_history,65
C,san-francisco,2026-07-10,20260710T085900070611-0400,05:58:59.520378,358,55.04,57.02,1.98,0,,,55.04,0,0,false,false,7,7,0,358,351,0,station,M2_empty_history,65
C,san-francisco,2026-07-10,20260710T130423711566-0400,10:04:23.340565,604,57.92,60.08,2.16,0,,,57.92,0,0,false,false,10,10,0,604,601,0,station,M2_empty_history,65
C,san-francisco,2026-07-11,20260711T050056180518-0400,02:00:55.439624,120,53.96,55.04,1.08,0,,,53.96,0,0,false,false,7,7,0,120,101,0,station,M2_empty_history,67
C,san-francisco,2026-07-11,20260711T055914659725-0400,02:59:14.355500,179,53.06,55.04,1.98,0,,,53.06,0,0,false,false,7,7,0,179,176,0,station,M2_empty_history,67
C,san-francisco,2026-07-11,20260711T121703140852-0400,09:17:01.767237,557,57.02,60.08,3.06,0,,,57.02,0,0,false,false,9,9,0,557,555,0,station,M2_empty_history,67
C,san-francisco,2026-07-14,20260714T035924104835-0400,00:59:23.804078,59,60.98,62.96,1.97999999999999,0,,,60.98,0,0,false,false,7,7,0,59,55,0,station,M2_empty_history,81
C,san-francisco,2026-07-14,20260714T060039108513-0400,03:00:38.872929,180,60.98,62.96,1.97999999999999,0,,,60.98,0,0,false,false,7,7,0,180,174,0,station,M2_empty_history,81
C,san-francisco,2026-07-14,20260714T065931734161-0400,03:59:31.331904,239,60.08,62.96,2.88,0,,,60.08,0,0,false,false,7,7,0,239,237,0,station,M2_empty_history,81
C,san-francisco,2026-07-15,20260715T035845472403-0400,00:58:45.155809,58,62.96,64.04,1.08000000000001,0,,,62.96,0,0,false,false,7,7,0,58,55,0,station,M2_empty_history,73
C,san-francisco,2026-07-15,20260715T045904697458-0400,01:59:03.706213,119,60.98,64.04,3.06,0,,,60.98,0,0,false,false,7,7,0,119,109,0,station,M2_empty_history,73
C,san-francisco,2026-07-15,20260715T065939107199-0400,03:59:38.911481,239,59,64.04,5.04000000000001,0,,,59,0,0,false,false,7,7,0,239,237,0,station,M2_empty_history,73
C,san-francisco,2026-07-15,20260715T140046482891-0400,11:00:46.217778,660,66.92,69.08,2.16,0,,,66.92,0,0,false,true,10,11,1,660,659,0,station,M2_empty_history,73
C,san-francisco,2026-07-16,20260716T051051559937-0400,02:10:50.601566,130,57.92,59,1.08,0,,,57.92,0,0,false,false,7,7,0,130,121,0,station,M2_empty_history,69
C,san-francisco,2026-07-17,20260717T040045508985-0400,01:00:45.018417,60,57.02,57.92,0.899999999999999,0,,,57.02,0,0,false,false,7,7,0,60,55,0,station,M2_empty_history,67
C,san-francisco,2026-07-17,20260717T064951982557-0400,03:49:51.565750,229,55.94,57.92,1.98,0,,,55.94,0,0,false,false,7,7,0,229,228,0,station,M2_empty_history,67
C,san-francisco,2026-07-17,20260717T075954529924-0400,04:59:54.257060,299,55.94,57.92,1.98,0,,,55.94,0,0,false,false,7,7,0,299,292,0,station,M2_empty_history,67
C,san-francisco,2026-07-17,20260717T093707639979-0400,06:37:07.154472,397,55.94,57.92,1.98,0,,,55.94,0,0,false,false,7,7,0,397,389,0,station,M2_empty_history,67
C,san-francisco,2026-07-18,20260718T085953391563-0400,05:59:53.233761,359,57.92,59,1.08,0,,,57.92,0,0,false,false,7,7,0,359,358,0,station,M2_empty_history,71
C,san-francisco,2026-07-19,20260719T090038968687-0400,06:00:38.757068,360,55.04,55.94,0.899999999999999,0,,,55.04,0,0,false,false,7,7,0,360,358,0,station,M2_empty_history,65
C,san-francisco,2026-07-20,20260720T045945030132-0400,01:59:44.873912,119,59,60.08,1.08,0,,,59,0,0,false,false,7,7,0,119,118,0,station,M2_empty_history,70
C,san-francisco,2026-07-20,20260720T050156175655-0400,02:01:55.970286,121,59,60.08,1.08,0,,,59,0,0,false,false,7,7,0,121,120,0,station,M2_empty_history,70
C,san-francisco,2026-07-20,20260720T065848546910-0400,03:58:48.312315,238,59,60.08,1.08,0,,,59,0,0,false,false,7,7,0,238,237,0,station,M2_empty_history,70
C,san-francisco,2026-07-20,20260720T113410341314-0400,08:34:09.761020,514,60.08,60.98,0.900000000000006,0,,,60.08,0,0,false,false,8,8,0,514,507,0,station,M2_empty_history,70
C,san-francisco,2026-07-20,20260720T131811286257-0400,10:18:11.066433,618,62.96,64.04,1.08000000000001,0,,,62.96,0,0,false,false,10,10,0,618,616,0,station,M2_empty_history,70
C,san-francisco,2026-07-22,20260722T055938224624-0400,02:59:37.927385,179,68,69.98,1.98,0,,,68,0,0,false,false,7,7,0,179,175,0,station,M2_empty_history,73
C,san-francisco,2026-07-22,20260722T065938892911-0400,03:59:38.628758,239,66.92,69.98,3.06,0,,,66.92,0,0,false,false,7,7,0,239,230,0,station,M2_empty_history,73
C,san-francisco,2026-07-22,20260722T075846935029-0400,04:58:46.780934,298,66.02,69.98,3.96000000000001,0,,,66.02,0,0,false,false,7,7,0,298,294,0,station,M2_empty_history,73
C,san-francisco,2026-07-22,20260722T080557690214-0400,05:05:57.364321,305,66.02,69.98,3.96000000000001,0,,,66.02,0,0,false,false,7,7,0,305,304,0,station,M2_empty_history,73
C,san-francisco,2026-07-22,20260722T085902530774-0400,05:59:02.350907,359,64.94,69.98,5.04000000000001,0,,,64.94,0,0,false,false,7,7,0,359,358,0,station,M2_empty_history,73
C,san-francisco,2026-07-22,20260722T130042279388-0400,10:00:42.040539,600,68,69.98,1.98,0,,,68,0,0,false,true,9,10,1,600,598,0,station,M2_empty_history,73
C,san-francisco,2026-07-22,20260722T134756079302-0400,10:47:55.802844,647,68,69.98,1.98,0,,,68,0,0,false,false,10,10,0,647,640,0,station,M2_empty_history,73
C,san-francisco,2026-07-22,20260722T135900376886-0400,10:58:59.328620,658,69.08,71.06,1.98,0,,,69.08,0,0,false,false,10,10,0,658,658,0,station,M2_empty_history,73
C,san-francisco,2026-07-22,20260722T140050424904-0400,11:00:50.168108,660,68,71.06,3.06,0,,,68,0,0,false,true,10,11,1,660,658,0,station,M2_empty_history,73
C,san-francisco,2026-07-23,20260723T044348886628-0400,01:43:48.584949,103,60.98,62.06,1.07999999999999,0,,,60.98,0,0,false,false,7,7,0,103,101,0,station,M2_empty_history,69
C,san-francisco,2026-07-23,20260723T055932622772-0400,02:59:32.328989,179,60.08,62.06,1.98,0,,,60.08,0,0,false,false,7,7,0,179,175,0,station,M2_empty_history,69
C,san-francisco,2026-07-23,20260723T075841871428-0400,04:58:41.667111,298,59,62.06,3.06,0,,,59,0,0,false,false,7,7,0,298,294,0,station,M2_empty_history,69
C,san-francisco,2026-07-23,20260723T140132417662-0400,11:01:32.232509,661,62.06,62.96,0.899999999999999,0,,,62.06,0,0,false,true,10,11,1,661,659,0,station,M2_empty_history,69
C,san-francisco,2026-07-23,20260723T140428597941-0400,11:04:28.383026,664,62.06,62.96,0.899999999999999,0,,,62.06,0,0,false,false,11,11,0,664,662,0,station,M2_empty_history,69
C,san-francisco,2026-07-23,20260723T163300854606-0400,13:33:00.645879,813,64.94,68,3.06,0,,,64.94,0,0,false,false,13,13,0,813,804,0,station,M2_empty_history,69
C,san-francisco,2026-07-24,20260724T045104198589-0400,01:51:00.301757,111,60.08,60.98,0.900000000000006,0,,,60.08,0,0,false,false,7,7,0,111,106,0,station,M2_empty_history,70
C,san-francisco,2026-07-25,20260725T065933243021-0400,03:59:32.937824,239,60.08,60.98,0.900000000000006,0,,,60.08,0,0,false,false,7,7,0,239,230,0,station,M2_empty_history,70
C,san-francisco,2026-07-26,20260726T035923936278-0400,00:59:23.790399,59,60.98,62.06,1.07999999999999,0,,,60.98,0,0,false,false,7,7,0,59,55,0,station,M2_empty_history,68
C,san-francisco,2026-07-26,20260726T050002779040-0400,01:59:58.411448,119,60.08,62.06,1.98,0,,,60.08,0,0,false,false,7,7,0,119,111,0,station,M2_empty_history,68
C,san-francisco,2026-07-26,20260726T123334272822-0400,09:33:34.126429,573,60.08,62.06,1.98,0,,,60.08,0,0,false,false,9,9,0,573,571,0,station,M2_empty_history,68
C,san-francisco,2026-07-27,20260727T041336298620-0400,01:13:35.199950,73,59,60.08,1.08,0,,,59,0,0,false,false,7,7,0,73,64,0,station,M2_empty_history,69
C,san-francisco,2026-07-27,20260727T091736336360-0400,06:17:35.151703,377,57.92,60.08,2.16,0,,,57.92,0,0,false,false,7,7,0,377,368,0,station,M2_empty_history,69
C,san-francisco,2026-07-28,20260728T065938991529-0400,03:59:38.584995,239,59,60.08,1.08,0,,,59,0,0,false,false,7,7,0,239,239,0,station,M2_empty_history,70
C,san-francisco,2026-07-28,20260728T100234508008-0400,07:02:34.357831,422,59,60.08,1.08,0,,,59,0,0,false,false,7,7,0,422,421,0,station,M2_empty_history,70
C,san-francisco,2026-07-28,20260728T125238510993-0400,09:52:38.343164,592,60.08,62.06,1.98,0,,,60.08,0,0,false,false,9,9,0,592,590,0,station,M2_empty_history,70
C,san-francisco,2026-07-28,20260728T135039687969-0400,10:50:39.496453,650,60.08,62.06,1.98,0,,,60.08,0,0,false,false,10,10,0,650,649,0,station,M2_empty_history,70
C,san-francisco,2026-07-29,20260729T032048338226-0400,00:20:47.245646,20,60.08,60.98,0.900000000000006,0,,,60.08,0,0,false,false,7,7,0,20,11,0,station,M2_empty_history,69
C,san-francisco,2026-07-29,20260729T050007498972-0400,02:00:07.178829,120,59,60.98,1.98,0,,,59,0,0,false,false,7,7,0,120,114,0,station,M2_empty_history,69
C,san-francisco,2026-07-29,20260729T073919404351-0400,04:39:19.191135,279,57.92,60.98,3.06,0,,,57.92,0,0,false,false,7,7,0,279,278,0,station,M2_empty_history,69
C,san-francisco,2026-07-29,20260729T132950682365-0400,10:29:50.524296,629,62.06,64.04,1.98000000000001,0,,,62.06,0,0,false,false,10,10,0,629,624,0,station,M2_empty_history,69
C,san-francisco,2026-07-30,20260730T040515009049-0400,01:05:13.893737,65,59,60.08,1.08,0,,,59,0,0,false,false,7,7,0,65,56,0,station,M2_empty_history,73
C,san-francisco,2026-07-30,20260730T045910234918-0400,01:59:09.926629,119,57.92,60.08,2.16,0,,,57.92,0,0,false,false,7,7,0,119,111,0,station,M2_empty_history,73
C,seattle,2026-07-03,20260703T065637-0400,03:56:36.874399,236,59,60.08,1.08,0,,,59,0,0,false,false,7,7,0,236,227,0,station,M2_empty_history,72
C,seattle,2026-07-03,20260703T082531-0400,05:25:31.163224,325,57.92,60.08,2.16,0,,,57.92,0,0,false,false,7,7,0,325,318,0,station,M2_empty_history,72
C,seattle,2026-07-03,20260703T153731-0400,12:37:30.949280,757,64.04,66.02,1.97999999999999,0,,,64.04,0,0,false,false,12,12,0,757,748,0,station,M2_empty_history,72
C,seattle,2026-07-05,20260705T035558282216-0400,00:55:57.484989,55,59,60.08,1.08,0,,,59,0,0,false,false,7,7,0,55,54,0,station,M2_empty_history,76
C,seattle,2026-07-05,20260705T055604043668-0400,02:56:03.880120,176,57.92,60.08,2.16,0,,,57.92,0,0,false,false,7,7,0,176,172,0,station,M2_empty_history,76
C,seattle,2026-07-05,20260705T065602442608-0400,03:56:02.175224,236,55.94,60.08,4.14,0,,,55.94,0,0,false,false,7,7,0,236,226,0,station,M2_empty_history,76
C,seattle,2026-07-05,20260705T075611413472-0400,04:56:11.162441,296,55.04,60.08,5.04,0,,,55.04,0,0,false,false,7,7,0,296,290,0,station,M2_empty_history,76
C,seattle,2026-07-05,20260705T142043876349-0400,11:20:43.550349,680,60.98,64.94,3.95999999999999,0,,,60.98,0,0,false,false,11,11,0,680,671,0,station,M2_empty_history,76
C,seattle,2026-07-07,20260707T035622144087-0400,00:56:21.112780,56,60.08,62.06,1.98,0,,,60.08,0,0,false,false,7,7,0,56,51,0,station,M2_empty_history,74
C,seattle,2026-07-07,20260707T045640520188-0400,01:56:40.259273,116,59,62.06,3.06,0,,,59,0,0,false,false,7,7,0,116,114,0,station,M2_empty_history,74
C,seattle,2026-07-07,20260707T055543952045-0400,02:55:43.750572,175,57.02,62.06,5.03999999999999,0,,,57.02,0,0,false,false,7,7,0,175,169,0,station,M2_empty_history,74
C,seattle,2026-07-07,20260707T065547933509-0400,03:55:47.730935,235,55.04,62.06,7.02,0,,,55.04,0,0,false,false,7,7,0,235,232,0,station,M2_empty_history,74
C,seattle,2026-07-07,20260707T075600175282-0400,04:55:59.865265,295,53.96,62.06,8.09999999999999,0,,,53.96,0,0,false,false,7,7,0,295,287,0,station,M2_empty_history,74
C,seattle,2026-07-07,20260707T083355818206-0400,05:33:55.507688,333,53.06,62.06,9,0,,,53.06,0,0,false,false,7,7,0,333,332,0,station,M2_empty_history,74
C,seattle,2026-07-07,20260707T085445384153-0400,05:54:45.183833,354,53.06,62.06,9,0,,,53.06,0,0,false,false,7,7,0,354,354,0,station,M2_empty_history,74
C,seattle,2026-07-08,20260708T035620696388-0400,00:56:20.437321,56,62.06,62.96,0.899999999999999,0,,,62.06,0,0,false,false,7,7,0,56,48,0,station,M2_empty_history,69
C,seattle,2026-07-08,20260708T045605594865-0400,01:56:05.059355,116,60.08,62.96,2.88,0,,,60.08,0,0,false,false,7,7,0,116,111,0,station,M2_empty_history,69
C,seattle,2026-07-08,20260708T055615016425-0400,02:56:14.543393,176,59,62.96,3.95999999999999,0,,,59,0,0,false,false,7,7,0,176,174,0,station,M2_empty_history,69
C,seattle,2026-07-08,20260708T065628481417-0400,03:56:28.189684,236,57.92,62.96,5.03999999999999,0,,,57.92,0,0,false,false,7,7,0,236,229,0,station,M2_empty_history,69
C,seattle,2026-07-08,20260708T094626381326-0400,06:46:23.869795,406,57.02,62.96,5.93999999999999,0,,,57.02,0,0,false,false,7,7,0,406,384,0,station,M2_empty_history,69
C,seattle,2026-07-09,20260709T035602969597-0400,00:56:02.743444,56,57.92,60.98,3.06,0,,,57.92,0,0,false,false,7,7,0,56,55,0,station,M2_empty_history,78
C,seattle,2026-07-09,20260709T045553249285-0400,01:55:52.982297,115,55.04,60.98,5.94,0,,,55.04,0,0,false,false,7,7,0,115,110,0,station,M2_empty_history,78
C,seattle,2026-07-09,20260709T055652884215-0400,02:56:52.674194,176,53.96,60.98,7.02,0,,,53.96,0,0,false,false,7,7,0,176,173,0,station,M2_empty_history,78
C,seattle,2026-07-09,20260709T083308180362-0400,05:33:07.540582,333,53.96,60.98,7.02,0,,,53.96,0,0,false,false,7,7,0,333,315,0,station,M2_empty_history,78
C,seattle,2026-07-09,20260709T145933311670-0400,11:59:33.090669,719,62.96,66.02,3.06,0,,,62.96,0,0,false,false,11,11,0,719,717,0,station,M2_empty_history,78
C,seattle,2026-07-09,20260709T174604521338-0400,14:45:43.665503,885,69.08,71.96,2.88,0,,,69.08,0,0,false,false,14,14,0,885,844,0,station,M2_empty_history,78
C,seattle,2026-07-10,20260710T035841030208-0400,00:58:33.555970,58,59,62.06,3.06,0,,,59,0,0,false,false,7,7,0,58,49,0,station,M2_empty_history,76
C,seattle,2026-07-10,20260710T055602914763-0400,02:56:02.427930,176,59,64.04,5.04000000000001,0,,,59,0,0,false,false,7,7,0,176,169,0,station,M2_empty_history,76
C,seattle,2026-07-10,20260710T065559278204-0400,03:55:59.061192,235,57.02,64.04,7.02,0,,,57.02,0,0,false,false,7,7,0,235,233,0,station,M2_empty_history,76
C,seattle,2026-07-10,20260710T075556731119-0400,04:55:56.474185,295,55.94,64.04,8.10000000000001,0,,,55.94,0,0,false,false,7,7,0,295,288,0,station,M2_empty_history,76
C,seattle,2026-07-10,20260710T150239701498-0400,12:02:29.708240,722,66.92,69.08,2.16,0,,,66.92,0,0,false,true,11,12,1,722,718,0,station,M2_empty_history,76
C,seattle,2026-07-14,20260714T035642950826-0400,00:56:42.690049,56,60.08,62.96,2.88,0,,,60.08,0,0,false,false,7,7,0,56,46,0,station,M2_empty_history,85
C,seattle,2026-07-14,20260714T065650680120-0400,03:56:50.419922,236,57.02,62.96,5.93999999999999,0,,,57.02,0,0,false,false,7,7,0,236,228,0,station,M2_empty_history,85
C,seattle,2026-07-14,20260714T090832546859-0400,06:08:30.889297,368,57.02,62.96,5.93999999999999,0,,,57.02,0,0,false,false,7,7,0,368,347,0,station,M2_empty_history,85
C,seattle,2026-07-14,20260714T191323382549-0400,16:13:23.103979,973,82.04,82.94,0.899999999999991,0,,,82.04,0,0,false,false,16,16,0,973,971,0,station,M2_empty_history,85
C,seattle,2026-07-15,20260715T044244441686-0400,01:42:43.983849,102,60.98,66.92,5.94,0,,,60.98,0,0,false,false,7,7,0,102,93,0,station,M2_empty_history,83
C,seattle,2026-07-15,20260715T045641777240-0400,01:56:41.570414,116,60.08,66.92,6.84,0,,,60.08,0,0,false,false,7,7,0,116,112,0,station,M2_empty_history,83
C,seattle,2026-07-15,20260715T075737615223-0400,04:57:37.269125,297,57.92,66.92,9,0,,,57.92,0,0,false,false,7,7,0,297,293,0,station,M2_empty_history,83
C,seattle,2026-07-15,20260715T085650712961-0400,05:56:50.324085,356,57.02,66.92,9.9,0,,,57.02,0,0,false,false,7,7,0,356,348,0,station,M2_empty_history,83
C,seattle,2026-07-16,20260716T035846384662-0400,00:58:46.148815,58,62.96,68,5.04000000000001,0,,,62.96,0,0,false,false,7,7,0,58,57,0,station,M2_empty_history,64
C,seattle,2026-07-16,20260716T045651042591-0400,01:56:50.826509,116,60.08,68,7.92,0,,,60.08,0,0,false,false,7,7,0,116,112,0,station,M2_empty_history,64
C,seattle,2026-07-16,20260716T055548080405-0400,02:55:47.891424,175,59,68,9,0,,,59,0,0,false,false,7,7,0,175,166,0,station,M2_empty_history,64
C,seattle,2026-07-16,20260716T065558455294-0400,03:55:58.201991,235,57.92,68,10.08,0,,,57.92,0,0,false,false,7,7,0,235,230,0,station,M2_empty_history,64
C,seattle,2026-07-16,20260716T075653298752-0400,04:56:53.079327,296,57.02,68,10.98,0,,,57.02,0,0,false,false,7,7,0,296,294,0,station,M2_empty_history,64
C,seattle,2026-07-16,20260716T095624276925-0400,06:56:23.945207,416,55.94,68,12.06,0,,,55.94,0,0,false,false,7,7,0,416,413,0,station,M2_empty_history,64
C,seattle,2026-07-17,20260717T170052777038-0400,14:00:52.367420,840,66.02,66.92,0.900000000000006,0,,,66.02,0,0,false,true,13,14,1,840,836,0,station,M2_empty_history,71
C,seattle,2026-07-18,20260718T035645091051-0400,00:56:44.879593,56,60.98,62.06,1.07999999999999,0,,,60.98,0,0,false,false,7,7,0,56,48,0,station,M2_empty_history,74
C,seattle,2026-07-18,20260718T045559626812-0400,01:55:59.408198,115,60.08,62.06,1.98,0,,,60.08,0,0,false,false,7,7,0,115,111,0,station,M2_empty_history,74
C,seattle,2026-07-18,20260718T065602385032-0400,03:56:02.116074,236,59,62.06,3.06,0,,,59,0,0,false,false,7,7,0,236,230,0,station,M2_empty_history,74
C,seattle,2026-07-18,20260718T075653767681-0400,04:56:53.555851,296,57.02,62.06,5.03999999999999,0,,,57.02,0,0,false,false,7,7,0,296,294,0,station,M2_empty_history,74
C,seattle,2026-07-18,20260718T083056357757-0400,05:30:56.177471,330,55.94,62.06,6.12,0,,,55.94,0,0,false,false,7,7,0,330,330,0,station,M2_empty_history,74
C,seattle,2026-07-18,20260718T120013693228-0400,09:00:12.731783,540,57.92,62.06,4.13999999999999,0,,,57.92,0,0,false,true,8,9,1,540,537,0,station,M2_empty_history,74
C,seattle,2026-07-18,20260718T155830173365-0400,12:58:29.808114,778,66.02,69.08,3.06,0,,,66.02,0,0,false,false,12,12,0,778,777,0,station,M2_empty_history,74
C,seattle,2026-07-19,20260719T035553595465-0400,00:55:53.376473,55,62.06,64.04,1.98000000000001,0,,,62.06,0,0,false,false,7,7,0,55,49,0,station,M2_empty_history,78
C,seattle,2026-07-19,20260719T045548326120-0400,01:55:48.057323,115,60.08,64.04,3.96000000000001,0,,,60.08,0,0,false,false,7,7,0,115,113,0,station,M2_empty_history,78
C,seattle,2026-07-19,20260719T055545418995-0400,02:55:45.139091,175,59,64.04,5.04000000000001,0,,,59,0,0,false,false,7,7,0,175,167,0,station,M2_empty_history,78
C,seattle,2026-07-19,20260719T065706766259-0400,03:57:06.539407,237,57.92,64.04,6.12,0,,,57.92,0,0,false,false,7,7,0,237,231,0,station,M2_empty_history,78
C,seattle,2026-07-19,20260719T075652314658-0400,04:56:52.029093,296,57.02,64.04,7.02,0,,,57.02,0,0,false,false,7,7,0,296,295,0,station,M2_empty_history,78
C,seattle,2026-07-19,20260719T104344670344-0400,07:43:43.645060,463,57.02,64.04,7.02,0,,,57.02,0,0,false,false,7,7,0,463,454,0,station,M2_empty_history,78
C,seattle,2026-07-19,20260719T195830726006-0400,16:58:30.343119,1018,75.92,78.08,2.16,0,,,75.92,0,0,false,false,16,16,0,1018,1016,0,station,M2_empty_history,78
C,seattle,2026-07-20,20260720T035556531976-0400,00:55:56.232136,55,66.02,66.92,0.900000000000006,0,,,66.02,0,0,false,false,7,7,0,55,55,0,station,M2_empty_history,82
C,seattle,2026-07-20,20260720T045546186285-0400,01:55:45.852620,115,64.04,66.92,2.88,0,,,64.04,0,0,false,false,7,7,0,115,109,0,station,M2_empty_history,82
C,seattle,2026-07-20,20260720T065605930267-0400,03:56:05.636681,236,62.06,66.92,4.86000000000001,0,,,62.06,0,0,false,false,7,7,0,236,228,0,station,M2_empty_history,82
C,seattle,2026-07-20,20260720T075704757208-0400,04:57:04.309857,297,60.08,66.92,6.84,0,,,60.08,0,0,false,false,7,7,0,297,291,0,station,M2_empty_history,82
C,seattle,2026-07-21,20260721T040502309537-0400,01:05:01.147536,65,69.08,71.06,1.98,0,,,69.08,0,0,false,false,7,7,0,65,55,0,station,M2_empty_history,92
C,seattle,2026-07-21,20260721T045942434252-0400,01:59:41.391662,119,66.92,71.06,4.14,0,,,66.92,0,0,false,false,7,7,0,119,110,0,station,M2_empty_history,92
C,seattle,2026-07-21,20260721T065805645833-0400,03:58:04.635497,238,68,71.06,3.06,0,,,68,0,0,false,false,7,7,0,238,228,0,station,M2_empty_history,92
C,seattle,2026-07-21,20260721T080205890500-0400,05:02:04.864720,302,66.02,71.06,5.04000000000001,0,,,66.02,0,0,false,false,7,7,0,302,292,0,station,M2_empty_history,92
C,seattle,2026-07-21,20260721T085646436810-0400,05:56:45.378799,356,64.94,71.06,6.12,0,,,64.94,0,0,false,false,7,7,0,356,347,0,station,M2_empty_history,92
C,seattle,2026-07-21,20260721T100947338617-0400,07:09:46.184386,429,64.04,71.06,7.02,0,,,64.04,0,0,false,false,7,7,0,429,411,0,station,M2_empty_history,92
C,seattle,2026-07-22,20260722T050640834030-0400,02:06:39.787175,126,73.94,75.92,1.98,0,,,73.94,0,0,false,false,7,7,0,126,121,0,station,M2_empty_history,94
C,seattle,2026-07-22,20260722T061637928021-0400,03:16:37.683136,196,73.04,75.92,2.88,0,,,73.04,0,0,false,false,7,7,0,196,194,0,station,M2_empty_history,94
C,seattle,2026-07-22,20260722T072838659319-0400,04:28:38.416279,268,69.08,75.92,6.84,0,,,69.08,0,0,false,false,7,7,0,268,267,0,station,M2_empty_history,94
C,seattle,2026-07-22,20260722T100230967395-0400,07:02:29.925072,422,66.92,75.92,9,0,,,66.92,0,0,false,false,7,7,0,422,421,0,station,M2_empty_history,94
C,seattle,2026-07-22,20260722T120445381897-0400,09:04:45.111875,544,73.94,78.98,5.04000000000001,0,,,73.94,0,0,false,false,9,9,0,544,541,0,station,M2_empty_history,94
C,seattle,2026-07-23,20260723T043344594665-0400,01:33:44.235546,93,64.94,66.92,1.98,0,,,64.94,0,0,false,false,7,7,0,93,92,0,station,M2_empty_history,75
C,seattle,2026-07-23,20260723T053823664411-0400,02:38:23.292687,158,62.96,66.92,3.96000000000001,0,,,62.96,0,0,false,false,7,7,0,158,157,0,station,M2_empty_history,75
C,seattle,2026-07-23,20260723T054432821227-0400,02:44:32.616596,164,62.96,66.92,3.96000000000001,0,,,62.96,0,0,false,false,7,7,0,164,163,0,station,M2_empty_history,75
C,seattle,2026-07-23,20260723T060138456293-0400,03:01:38.261097,181,62.06,66.92,4.86000000000001,0,,,62.06,0,0,false,false,7,7,0,181,176,0,station,M2_empty_history,75
C,seattle,2026-07-23,20260723T070201648990-0400,04:02:01.431411,242,60.98,66.92,5.94,0,,,60.98,0,0,false,false,7,7,0,242,239,0,station,M2_empty_history,75
C,seattle,2026-07-24,20260724T035736844097-0400,00:57:36.614444,57,62.06,62.96,0.899999999999999,0,,,62.06,0,0,false,false,7,7,0,57,55,0,station,M2_empty_history,82
C,seattle,2026-07-24,20260724T045706587482-0400,01:57:06.302593,117,60.98,62.96,1.97999999999999,0,,,60.98,0,0,false,false,7,7,0,117,115,0,station,M2_empty_history,82
C,seattle,2026-07-24,20260724T055642928241-0400,02:56:42.733330,176,60.08,62.96,2.88,0,,,60.08,0,0,false,false,7,7,0,176,170,0,station,M2_empty_history,82
C,seattle,2026-07-24,20260724T065630875188-0400,03:56:30.684677,236,59,62.96,3.95999999999999,0,,,59,0,0,false,false,7,7,0,236,233,0,station,M2_empty_history,82
C,seattle,2026-07-24,20260724T075641590305-0400,04:56:41.392282,296,57.02,62.96,5.93999999999999,0,,,57.02,0,0,false,false,7,7,0,296,288,0,station,M2_empty_history,82
C,seattle,2026-07-24,20260724T104534389508-0400,07:45:34.212223,465,59,62.96,3.95999999999999,0,,,59,0,0,false,false,7,7,0,465,464,0,station,M2_empty_history,82
C,seattle,2026-07-24,20260724T105035340670-0400,07:50:34.457592,470,57.92,62.96,5.03999999999999,0,,,57.92,0,0,false,false,7,7,0,470,465,0,station,M2_empty_history,82
C,seattle,2026-07-24,20260724T105535255260-0400,07:55:35.095335,475,57.92,62.96,5.03999999999999,0,,,57.92,0,0,false,false,7,7,0,475,472,0,station,M2_empty_history,82
C,seattle,2026-07-24,20260724T112123747989-0400,08:21:23.546879,501,59,62.96,3.95999999999999,0,,,57.92,0,0,false,false,8,8,0,501,500,0,station,M6_unexplained,82
C,seattle,2026-07-24,20260724T125730275471-0400,09:57:30.067727,597,60.98,62.96,1.97999999999999,0,,,60.98,0,0,false,false,9,9,0,597,596,0,station,M2_empty_history,82
C,seattle,2026-07-24,20260724T130725821592-0400,10:07:24.841227,607,60.98,62.96,1.97999999999999,0,,,60.98,0,0,false,true,9,10,1,607,598,0,station,M2_empty_history,82
C,seattle,2026-07-24,20260724T203233420372-0400,17:32:33.211845,1052,78.98,80.96,1.97999999999999,0,,,78.98,0,0,false,false,17,17,0,1052,1047,0,station,M2_empty_history,82
C,seattle,2026-07-25,20260725T035648079283-0400,00:56:47.873060,56,60.98,62.96,1.97999999999999,0,,,60.98,0,0,false,false,7,7,0,56,55,0,station,M2_empty_history,72
C,seattle,2026-07-25,20260725T035835870659-0400,00:58:35.669513,58,60.98,62.96,1.97999999999999,0,,,60.98,0,0,false,false,7,7,0,58,57,0,station,M2_empty_history,72
C,seattle,2026-07-25,20260725T050141398336-0400,02:01:39.966856,121,60.08,62.96,2.88,0,,,60.08,0,0,false,false,7,7,0,121,111,0,station,M2_empty_history,72
C,seattle,2026-07-25,20260725T055649177538-0400,02:56:48.879491,176,59,62.96,3.95999999999999,0,,,59,0,0,false,false,7,7,0,176,176,0,station,M2_empty_history,72
C,seattle,2026-07-25,20260725T065651960761-0400,03:56:51.753988,236,57.92,62.96,5.03999999999999,0,,,57.92,0,0,false,false,7,7,0,236,230,0,station,M2_empty_history,72
C,seattle,2026-07-25,20260725T075438596519-0400,04:54:37.541615,294,57.2,62.96,5.75999999999999,0,,,57.2,0,0,false,false,7,7,0,294,285,0,station,M2_empty_history,72
C,seattle,2026-07-25,20260725T090241534752-0400,06:02:41.338426,362,57.92,62.96,5.03999999999999,0,,,57.92,0,0,false,false,7,7,0,362,360,0,station,M2_empty_history,72
C,seattle,2026-07-25,20260725T145736697171-0400,11:57:36.525197,717,64.94,68,3.06,0,,,64.94,0,0,false,false,11,11,0,717,716,0,station,M2_empty_history,72
C,seattle,2026-07-26,20260726T050128591348-0400,02:01:27.497028,121,62.06,62.96,0.899999999999999,0,,,62.06,0,0,false,false,7,7,0,121,111,0,station,M2_empty_history,72
C,seattle,2026-07-26,20260726T075609951795-0400,04:56:09.641163,296,60.98,62.96,1.97999999999999,0,,,60.98,0,0,false,false,7,7,0,296,288,0,station,M2_empty_history,72
C,seattle,2026-07-26,20260726T084332779335-0400,05:43:31.723423,343,60.08,62.96,2.88,0,,,60.08,0,0,false,false,7,7,0,343,334,0,station,M2_empty_history,72
C,seattle,2026-07-26,20260726T090237793520-0400,06:02:37.629648,362,60.08,62.96,2.88,0,,,60.08,0,0,false,false,7,7,0,362,361,0,station,M2_empty_history,72
C,seattle,2026-07-26,20260726T125830800643-0400,09:58:29.796254,598,62.06,64.94,2.88,0,,,62.06,0,0,false,false,9,9,0,598,596,0,station,M2_empty_history,72
C,seattle,2026-07-26,20260726T143045247016-0400,11:30:45.040406,690,66.02,68,1.98,0,,,66.02,0,0,false,false,11,11,0,690,689,0,station,M2_empty_history,72
C,seattle,2026-07-27,20260727T041345014344-0400,01:13:43.730166,73,59,60.08,1.08,0,,,59,0,0,false,false,7,7,0,73,64,0,station,M2_empty_history,78
C,seattle,2026-07-27,20260727T070147529743-0400,04:01:46.436797,241,60.08,60.8,0.719999999999999,0,,,60.08,0,0,false,false,7,7,0,241,232,0,station,M2_empty_history,78
C,seattle,2026-07-27,20260727T074721008495-0400,04:47:19.922794,287,59,60.8,1.8,0,,,59,0,0,false,false,7,7,0,287,278,0,station,M2_empty_history,78
C,seattle,2026-07-28,20260728T040424564424-0400,01:04:23.550337,64,62.96,66.02,3.06,0,,,62.96,0,0,false,false,7,7,0,64,55,0,station,M2_empty_history,72
C,seattle,2026-07-28,20260728T045712556860-0400,01:57:12.211223,117,62.06,66.02,3.96,0,,,62.06,0,0,false,false,7,7,0,117,111,0,station,M2_empty_history,72
C,seattle,2026-07-28,20260728T055646409622-0400,02:56:46.212321,176,60.98,66.02,5.03999999999999,0,,,60.98,0,0,false,false,7,7,0,176,175,0,station,M2_empty_history,72
C,seattle,2026-07-28,20260728T085738724842-0400,05:57:37.588214,357,60.98,66.02,5.03999999999999,0,,,60.98,0,0,false,false,7,7,0,357,348,0,station,M2_empty_history,72
C,seattle,2026-07-28,20260728T110019114532-0400,08:00:18.913717,480,62.06,66.02,3.96,0,,,62.06,0,0,false,true,7,8,1,480,477,0,station,M2_empty_history,72
C,seattle,2026-07-28,20260728T190013493914-0400,16:00:13.278674,960,69.08,71.96,2.88,0,,,69.08,0,0,false,true,15,16,1,960,959,0,station,M2_empty_history,72
C,seattle,2026-07-29,20260729T075724593832-0400,04:57:23.547150,297,60.08,60.98,0.900000000000006,0,,,60.08,0,0,false,false,7,7,0,297,288,0,station,M2_empty_history,75
C,seattle,2026-07-29,20260729T090649723070-0400,06:06:49.531511,366,59,60.98,1.98,0,,,59,0,0,false,false,7,7,0,366,361,0,station,M2_empty_history,75
C,seattle,2026-07-30,20260730T035616254574-0400,00:56:15.172784,56,55.94,60.08,4.14,0,,,55.94,0,0,false,false,7,7,0,56,47,0,station,M2_empty_history,78
C,seattle,2026-07-30,20260730T055551110752-0400,02:55:50.107344,175,55.04,60.08,5.04,0,,,55.04,0,0,false,false,7,7,0,175,166,0,station,M2_empty_history,78
C,seattle,2026-07-30,20260730T060143805680-0400,03:01:43.627969,181,55.04,60.08,5.04,0,,,55.04,0,0,false,false,7,7,0,181,180,0,station,M2_empty_history,78
C,seattle,2026-07-30,20260730T085641824690-0400,05:56:41.622934,356,53.96,60.08,6.12,0,,,53.96,0,0,false,false,7,7,0,356,349,0,station,M2_empty_history,78
C,seattle,2026-07-30,20260730T190220092038-0400,16:02:19.928715,962,60.08,75.02,14.94,0,,,60.08,0,0,false,false,16,16,0,962,960,0,station,M2_empty_history,78
C,toronto,2026-07-03,20260703T010931-0400,01:09:31.641521,69,26,26.8,0.800000000000001,0,,,26,0,0,false,false,7,7,0,69,48,0,eccc,M2_empty_history,35
C,toronto,2026-07-03,20260703T021706-0400,02:17:05.960179,137,25.5,26.8,1.3,0,,,25.5,0,0,false,false,7,7,0,137,119,0,eccc,M2_empty_history,35
C,toronto,2026-07-03,20260703T030308-0400,03:03:07.346043,183,25.2,26.8,1.6,0,,,25.2,0,0,false,false,7,7,0,183,174,0,eccc,M2_empty_history,35
C,toronto,2026-07-03,20260703T040112-0400,04:01:12.115507,241,23.8,26.8,3,0,,,23.8,0,0,false,false,7,7,0,241,238,0,eccc,M2_empty_history,35
C,toronto,2026-07-03,20260703T060110-0400,06:01:10.701864,361,24.4,26.8,2.4,0,,,24.4,0,0,false,false,7,7,0,361,356,0,eccc,M2_empty_history,35
C,toronto,2026-07-04,20260704T010106981646-0400,01:01:06.111399,61,25.8,26.7,0.899999999999999,0,,,25.8,0,0,false,false,7,7,0,61,55,0,eccc,M2_empty_history,27
C,toronto,2026-07-04,20260704T015607761484-0400,01:56:07.552389,116,25.1,26.7,1.6,0,,,25.1,0,0,false,false,7,7,0,116,109,0,eccc,M2_empty_history,27
C,toronto,2026-07-04,20260704T022305358821-0400,02:23:05.183539,143,23.3,26.7,3.4,0,,,23.3,0,0,false,false,7,7,0,143,137,0,eccc,M2_empty_history,27
C,toronto,2026-07-04,20260704T024423694235-0400,02:44:23.579124,164,23.1,26.7,3.6,0,,,23.1,0,0,false,false,7,7,0,164,155,0,eccc,M2_empty_history,27
C,toronto,2026-07-04,20260704T050205602257-0400,05:02:05.408922,302,23.1,26.7,3.6,0,,,23.1,0,0,false,false,7,7,0,302,300,0,eccc,M2_empty_history,27
C,toronto,2026-07-05,20260705T010513147419-0400,01:05:12.966718,65,22.8,23.1,0.300000000000001,0,,,22.8,0,0,false,false,7,7,0,65,56,0,eccc,M2_empty_history,26
C,toronto,2026-07-05,20260705T020844771357-0400,02:08:44.535441,128,22.5,23.1,0.600000000000001,0,,,22.5,0,0,false,false,7,7,0,128,119,0,eccc,M2_empty_history,26
C,toronto,2026-07-05,20260705T030140071087-0400,03:01:38.941852,181,22.1,23.1,1,0,,,22.1,0,0,false,false,7,7,0,181,174,0,eccc,M2_empty_history,26
C,toronto,2026-07-05,20260705T040640704763-0400,04:06:40.592802,246,21.5,23.1,1.6,0,,,21.5,0,0,false,false,7,7,0,246,237,0,eccc,M2_empty_history,26
C,toronto,2026-07-05,20260705T050141151852-0400,05:01:41.019716,301,21.2,23.1,1.9,0,,,21.2,0,0,false,false,7,7,0,301,301,0,eccc,M2_empty_history,26
C,toronto,2026-07-05,20260705T060425702027-0400,06:04:25.576937,364,21,23.1,2.1,0,,,21,0,0,false,false,7,7,0,364,355,0,eccc,M2_empty_history,26
C,toronto,2026-07-07,20260707T010544934317-0400,01:05:44.640630,65,21.7,22,0.300000000000001,0,,,21.7,0,0,false,false,7,7,0,65,56,0,eccc,M2_empty_history,27
C,toronto,2026-07-07,20260707T020148691410-0400,02:01:47.750299,121,21.4,22,0.600000000000001,0,,,21.4,0,0,false,false,7,7,0,121,115,0,eccc,M2_empty_history,27
C,toronto,2026-07-07,20260707T030730785901-0400,03:07:30.610720,187,21.1,22,0.899999999999999,0,,,21.1,0,0,false,false,7,7,0,187,178,0,eccc,M2_empty_history,27
C,toronto,2026-07-07,20260707T050538402519-0400,05:05:38.240233,305,20.6,22,1.4,0,,,20.6,0,0,false,false,7,7,0,305,296,0,eccc,M2_empty_history,27
C,toronto,2026-07-07,20260707T051439442634-0400,05:14:39.186382,314,20.5,22,1.5,0,,,20.5,0,0,false,false,7,7,0,314,305,0,eccc,M2_empty_history,27
C,toronto,2026-07-08,20260708T020933276976-0400,02:09:33.060297,129,21.6,21.7,0.0999999999999979,0,,,21.6,0,0,false,false,7,7,0,129,120,0,eccc,M2_empty_history,29
C,toronto,2026-07-08,20260708T030145873725-0400,03:01:44.547188,181,21.4,21.7,0.300000000000001,0,,,21.4,0,0,false,false,7,7,0,181,174,0,eccc,M2_empty_history,29
C,toronto,2026-07-08,20260708T040728748634-0400,04:07:28.516717,247,20.9,21.7,0.800000000000001,0,,,20.9,0,0,false,false,7,7,0,247,238,0,eccc,M2_empty_history,29
C,toronto,2026-07-08,20260708T050153005264-0400,05:01:52.635209,301,20.5,21.7,1.2,0,,,20.5,0,0,false,false,7,7,0,301,292,0,eccc,M2_empty_history,29
C,toronto,2026-07-08,20260708T060146592118-0400,06:01:46.315379,361,20.2,21.7,1.5,0,,,20.2,0,0,false,false,7,7,0,361,356,0,eccc,M2_empty_history,29
C,toronto,2026-07-09,20260709T012834592371-0400,01:28:32.906216,88,23,23.7,0.699999999999999,0,,,23,0,0,false,false,7,7,0,88,82,0,eccc,M2_empty_history,29
C,toronto,2026-07-09,20260709T020738471212-0400,02:07:38.290250,127,22.7,23.7,1,0,,,22.7,0,0,false,false,7,7,0,127,118,0,eccc,M2_empty_history,29
C,toronto,2026-07-09,20260709T032133176150-0400,03:21:33.037199,201,22.1,23.7,1.6,0,,,22.1,0,0,false,false,7,7,0,201,200,0,eccc,M2_empty_history,29
C,toronto,2026-07-09,20260709T050921259511-0400,05:09:21.099145,309,22.1,23.7,1.6,0,,,22.1,0,0,false,false,7,7,0,309,300,0,eccc,M2_empty_history,29
C,toronto,2026-07-09,20260709T060340421627-0400,06:03:40.195132,363,21.9,23.7,1.8,0,,,21.9,0,0,false,false,7,7,0,363,354,0,eccc,M2_empty_history,29
C,toronto,2026-07-10,20260710T010646668822-0400,01:06:46.237313,66,20.9,21,0.100000000000001,0,,,20.9,0,0,false,false,7,7,0,66,57,0,eccc,M2_empty_history,26
C,toronto,2026-07-10,20260710T020508021249-0400,02:04:27.621063,124,20.4,21,0.600000000000001,0,,,20.4,0,0,false,false,7,7,0,124,117,0,eccc,M2_empty_history,26
C,toronto,2026-07-10,20260710T040518692614-0400,04:05:14.814395,245,20.1,21,0.899999999999999,0,,,20.1,0,0,false,false,7,7,0,245,233,0,eccc,M2_empty_history,26
C,toronto,2026-07-10,20260710T060715916060-0400,06:07:15.713888,367,19.5,21,1.5,0,,,19.5,0,0,false,false,7,7,0,367,358,0,eccc,M2_empty_history,26
C,toronto,2026-07-11,20260711T010054394141-0400,01:00:52.606335,60,22.4,23.5,1.1,0,,,22.4,0,0,false,false,7,7,0,60,55,0,eccc,M2_empty_history,26
C,toronto,2026-07-11,20260711T020338015955-0400,02:03:37.764569,123,21.5,23.5,2,0,,,21.5,0,0,false,false,7,7,0,123,114,0,eccc,M2_empty_history,26
C,toronto,2026-07-11,20260711T031850222104-0400,03:18:37.417977,198,20.6,23.5,2.9,0,,,20.6,0,0,false,false,7,7,0,198,151,0,eccc,M2_empty_history,26
C,toronto,2026-07-11,20260711T040145926982-0400,04:01:44.773394,241,19.9,23.5,3.6,0,,,19.9,0,0,false,false,7,7,0,241,235,0,eccc,M2_empty_history,26
C,toronto,2026-07-11,20260711T051037441399-0400,05:10:37.176655,310,19.6,23.5,3.9,0,,,19.6,0,0,false,false,7,7,0,310,301,0,eccc,M2_empty_history,26
C,toronto,2026-07-14,20260714T010735630846-0400,01:07:34.179439,67,24.1,24.6,0.5,0,,,24.1,0,0,false,false,7,7,0,67,58,0,eccc,M2_empty_history,36
C,toronto,2026-07-14,20260714T040329219031-0400,04:03:27.988147,243,23.8,24.6,0.800000000000001,0,,,23.8,0,0,false,false,7,7,0,243,234,0,eccc,M2_empty_history,36
C,toronto,2026-07-14,20260714T060215635633-0400,06:02:15.417736,362,23.2,24.6,1.4,0,,,23.2,0,0,false,false,7,7,0,362,361,0,eccc,M2_empty_history,36
C,toronto,2026-07-15,20260715T010807371412-0400,01:08:06.247586,68,27.1,27.6,0.5,0,,,27.1,0,0,false,false,7,7,0,68,59,0,eccc,M2_empty_history,28
C,toronto,2026-07-15,20260715T020432727477-0400,02:04:29.567654,124,26.5,27.6,1.1,0,,,26.5,0,0,false,false,7,7,0,124,114,0,eccc,M2_empty_history,28
C,toronto,2026-07-15,20260715T040125153103-0400,04:01:24.935080,241,27.4,28,0.600000000000001,0,,,27.4,0,0,false,false,7,7,0,241,234,0,eccc,M2_empty_history,28
C,toronto,2026-07-15,20260715T050225490840-0400,05:02:25.234359,302,26.3,28,1.7,0,,,26.3,0,0,false,false,7,7,0,302,298,0,eccc,M2_empty_history,28
C,toronto,2026-07-15,20260715T060155868708-0400,06:01:54.569965,361,25.7,28,2.3,0,,,25.7,0,0,false,false,7,7,0,361,352,0,eccc,M2_empty_history,28
C,toronto,2026-07-15,20260715T070547513356-0400,07:05:46.202952,425,25.5,28,2.5,0,,,25.5,0,0,false,false,7,7,0,425,416,0,eccc,M2_empty_history,28
C,toronto,2026-07-16,20260716T010437251259-0400,01:04:36.056088,64,22.7,23.2,0.5,0,,,22.7,0,0,false,false,7,7,0,64,55,0,eccc,M2_empty_history,30
C,toronto,2026-07-16,20260716T020239706879-0400,02:02:39.151996,122,21.8,23.2,1.4,0,,,21.8,0,0,false,false,7,7,0,122,119,0,eccc,M2_empty_history,30
C,toronto,2026-07-16,20260716T030245200378-0400,03:02:45.076438,182,19.7,23.2,3.5,0,,,19.7,0,0,false,false,7,7,0,182,173,0,eccc,M2_empty_history,30
C,toronto,2026-07-16,20260716T060513809432-0400,06:05:12.716502,365,19.7,23.2,3.5,0,,,19.7,0,0,false,false,7,7,0,365,356,0,eccc,M2_empty_history,30
C,toronto,2026-07-17,20260717T010338860065-0400,01:03:36.480376,63,20.4,21.5,1.1,0,,,20.4,0,0,false,false,7,7,0,63,55,0,eccc,M2_empty_history,26
C,toronto,2026-07-17,20260717T030237510277-0400,03:02:37.324522,182,20.2,21.5,1.3,0,,,20.2,0,0,false,false,7,7,0,182,174,0,eccc,M2_empty_history,26
C,toronto,2026-07-17,20260717T040724535268-0400,04:07:22.831163,247,19.6,21.5,1.9,0,,,19.6,0,0,false,false,7,7,0,247,238,0,eccc,M2_empty_history,26
C,toronto,2026-07-17,20260717T050338964197-0400,05:03:38.759176,303,19.2,21.5,2.3,0,,,19.2,0,0,false,false,7,7,0,303,301,0,eccc,M2_empty_history,26
C,toronto,2026-07-17,20260717T060502450347-0400,06:05:01.000663,365,18.9,21.5,2.6,0,,,18.9,0,0,false,false,7,7,0,365,355,0,eccc,M2_empty_history,26
C,toronto,2026-07-18,20260718T002743882642-0400,00:27:42.623082,27,23.6,23.9,0.299999999999997,0,,,23.6,0,0,false,false,7,7,0,27,18,0,eccc,M2_empty_history,28
C,toronto,2026-07-18,20260718T010230995061-0400,01:02:26.092620,62,22.8,23.9,1.1,0,,,22.8,0,0,false,false,7,7,0,62,55,0,eccc,M2_empty_history,28
C,toronto,2026-07-18,20260718T020831078949-0400,02:08:29.848420,128,22.5,23.9,1.4,0,,,22.5,0,0,false,false,7,7,0,128,119,0,eccc,M2_empty_history,28
C,toronto,2026-07-18,20260718T030227612691-0400,03:02:27.432207,182,22,23.9,1.9,0,,,22,0,0,false,false,7,7,0,182,173,0,eccc,M2_empty_history,28
C,toronto,2026-07-18,20260718T040632760123-0400,04:06:31.651796,246,21.5,23.9,2.4,0,,,21.5,0,0,false,false,7,7,0,246,237,0,eccc,M2_empty_history,28
C,toronto,2026-07-18,20260718T050327879820-0400,05:03:27.733104,303,21.1,23.9,2.8,0,,,21.1,0,0,false,false,7,7,0,303,301,0,eccc,M2_empty_history,28
C,toronto,2026-07-19,20260719T010451753407-0400,01:04:50.464402,64,18.5,19.3,0.800000000000001,0,,,18.5,0,0,false,false,7,7,0,64,55,0,eccc,M2_empty_history,25
C,toronto,2026-07-19,20260719T020230896270-0400,02:02:30.396811,122,17.5,19.3,1.8,0,,,17.5,0,0,false,false,7,7,0,122,119,0,eccc,M2_empty_history,25
C,toronto,2026-07-19,20260719T030129984996-0400,03:01:29.744557,181,16.9,19.3,2.4,0,,,16.9,0,0,false,false,7,7,0,181,175,0,eccc,M2_empty_history,25
C,toronto,2026-07-19,20260719T050253215413-0400,05:02:52.182083,302,16.5,19.3,2.8,0,,,16.5,0,0,false,false,7,7,0,302,293,0,eccc,M2_empty_history,25
C,toronto,2026-07-19,20260719T060129396486-0400,06:01:29.191085,361,16.2,19.3,3.1,0,,,16.2,0,0,false,false,7,7,0,361,357,0,eccc,M2_empty_history,25
C,toronto,2026-07-20,20260720T010236950646-0400,01:02:31.537554,62,17,17.8,0.800000000000001,0,,,17,0,0,false,false,7,7,0,62,61,0,eccc,M2_empty_history,27
C,toronto,2026-07-20,20260720T020541896358-0400,02:05:40.354556,125,16.7,17.8,1.1,0,,,16.7,0,0,false,false,7,7,0,125,116,0,eccc,M2_empty_history,27
C,toronto,2026-07-20,20260720T030132132163-0400,03:01:31.905207,181,15.1,17.8,2.7,0,,,15.1,0,0,false,false,7,7,0,181,178,0,eccc,M2_empty_history,27
C,toronto,2026-07-20,20260720T041026814289-0400,04:10:25.731113,250,15,17.8,2.8,0,,,15,0,0,false,false,7,7,0,250,241,0,eccc,M2_empty_history,27
C,toronto,2026-07-20,20260720T050133964041-0400,05:01:33.748396,301,13.9,17.8,3.9,0,,,13.9,0,0,false,false,7,7,0,301,295,0,eccc,M2_empty_history,27
C,toronto,2026-07-20,20260720T060803649911-0400,06:08:02.576018,368,13.5,17.8,4.3,0,,,13.5,0,0,false,false,7,7,0,368,358,0,eccc,M2_empty_history,27
C,toronto,2026-07-21,20260721T010132978833-0400,01:01:27.471349,61,21.1,21.9,0.799999999999997,0,,,21.1,0,0,false,false,7,7,0,61,46,0,eccc,M2_empty_history,24
C,toronto,2026-07-21,20260721T020702283456-0400,02:07:00.575623,127,20.6,21.9,1.3,0,,,20.6,0,0,false,false,7,7,0,127,117,0,eccc,M2_empty_history,24
C,toronto,2026-07-21,20260721T030201692279-0400,03:02:00.433348,182,20.3,21.9,1.6,0,,,20.3,0,0,false,false,7,7,0,182,172,0,eccc,M2_empty_history,24
C,toronto,2026-07-21,20260721T060420758250-0400,06:04:19.399698,364,20.5,21.9,1.4,0,,,20.5,0,0,false,false,7,7,0,364,355,0,eccc,M2_empty_history,24
C,toronto,2026-07-21,20260721T062234548699-0400,06:22:33.471264,382,19.8,21.9,2.1,0,,,19.8,0,0,false,false,7,7,0,382,373,0,eccc,M2_empty_history,24
C,toronto,2026-07-21,20260721T064052511477-0400,06:40:51.426363,400,19.7,21.9,2.2,0,,,19.7,0,0,false,false,7,7,0,400,391,0,eccc,M2_empty_history,24
C,toronto,2026-07-22,20260722T010127545962-0400,01:01:22.944845,61,15.7,17.8,2.1,0,,,15.7,0,0,false,false,7,7,0,61,55,0,eccc,M2_empty_history,22
C,toronto,2026-07-22,20260722T030259521441-0400,03:02:58.480112,182,15.2,17.8,2.6,0,,,15.2,0,0,false,false,7,7,0,182,173,0,eccc,M2_empty_history,22
C,toronto,2026-07-22,20260722T040645787449-0400,04:06:44.771663,246,15.1,17.8,2.7,0,,,15.1,0,0,false,false,7,7,0,246,237,0,eccc,M2_empty_history,22
C,toronto,2026-07-22,20260722T050230287879-0400,05:02:26.665905,302,14.5,17.8,3.3,0,,,14.5,0,0,false,false,7,7,0,302,293,0,eccc,M2_empty_history,22
C,toronto,2026-07-22,20260722T061222240151-0400,06:12:21.660784,372,14.3,17.8,3.5,0,,,14.3,0,0,false,false,7,7,0,372,366,0,eccc,M2_empty_history,22
C,toronto,2026-07-23,20260723T010220428001-0400,01:02:19.223451,62,12.4,13.7,1.3,0,,,12.4,0,0,false,false,7,7,0,62,57,0,eccc,M2_empty_history,26
C,toronto,2026-07-23,20260723T040118748097-0400,04:01:18.632660,241,13.3,14.5,1.2,0,,,13.3,0,0,false,false,7,7,0,241,239,0,eccc,M2_empty_history,26
C,toronto,2026-07-23,20260723T060119905355-0400,06:01:19.788977,361,13,14.5,1.5,0,,,13,0,0,false,false,7,7,0,361,359,0,eccc,M2_empty_history,26
C,toronto,2026-07-24,20260724T010119202158-0400,01:01:17.911362,61,16.9,18,1.1,0,,,16.9,0,0,false,false,7,7,0,61,55,0,eccc,M2_empty_history,25
C,toronto,2026-07-24,20260724T030218830106-0400,03:02:18.692612,182,16.1,18,1.9,0,,,16.1,0,0,false,false,7,7,0,182,173,0,eccc,M2_empty_history,25
C,toronto,2026-07-24,20260724T040218678286-0400,04:02:18.562868,242,13.9,18,4.1,0,,,13.9,0,0,false,false,7,7,0,242,237,0,eccc,M2_empty_history,25
C,toronto,2026-07-24,20260724T060153314216-0400,06:01:52.302674,361,12.8,18,5.2,0,,,12.8,0,0,false,false,7,7,0,361,352,0,eccc,M2_empty_history,25
C,toronto,2026-07-25,20260725T020121195817-0400,02:01:20.649798,121,18.9,19.8,0.900000000000002,0,,,18.9,0,0,false,false,7,7,0,121,119,0,eccc,M2_empty_history,26
C,toronto,2026-07-25,20260725T030220277736-0400,03:02:20.161586,182,17.6,19.8,2.2,0,,,17.6,0,0,false,false,7,7,0,182,173,0,eccc,M2_empty_history,26
C,toronto,2026-07-25,20260725T040221349325-0400,04:02:21.205231,242,17.2,19.8,2.6,0,,,17.2,0,0,false,false,7,7,0,242,237,0,eccc,M2_empty_history,26
C,toronto,2026-07-26,20260726T020119682853-0400,02:01:19.132190,121,19.9,20.5,0.600000000000001,0,,,19.9,0,0,false,false,7,7,0,121,114,0,eccc,M2_empty_history,27
C,toronto,2026-07-26,20260726T030222359662-0400,03:02:22.212714,182,18,20.5,2.5,0,,,18,0,0,false,false,7,7,0,182,178,0,eccc,M2_empty_history,27
C,toronto,2026-07-26,20260726T040202160432-0400,04:02:01.021432,242,17.9,20.5,2.6,0,,,17.9,0,0,false,false,7,7,0,242,232,0,eccc,M2_empty_history,27
C,toronto,2026-07-26,20260726T050900506082-0400,05:08:58.954415,308,17.6,20.5,2.9,0,,,17.6,0,0,false,false,7,7,0,308,299,0,eccc,M2_empty_history,27
C,toronto,2026-07-27,20260727T010530991901-0400,01:05:29.568508,65,21.1,21.3,0.199999999999999,0,,,21.1,0,0,false,false,7,7,0,65,56,0,eccc,M2_empty_history,29
C,toronto,2026-07-27,20260727T020917232763-0400,02:09:16.066660,129,19.9,21.3,1.4,0,,,19.9,0,0,false,false,7,7,0,129,120,0,eccc,M2_empty_history,29
C,toronto,2026-07-27,20260727T030354023387-0400,03:03:52.903824,183,19.7,21.3,1.6,0,,,19.7,0,0,false,false,7,7,0,183,174,0,eccc,M2_empty_history,29
C,toronto,2026-07-27,20260727T050239836624-0400,05:02:38.663068,302,18.2,21.3,3.1,0,,,18.2,0,0,false,false,7,7,0,302,293,0,eccc,M2_empty_history,29
C,toronto,2026-07-27,20260727T060635033495-0400,06:06:33.690715,366,17.9,21.3,3.4,0,,,17.9,0,0,false,false,7,7,0,366,357,0,eccc,M2_empty_history,29
C,toronto,2026-07-28,20260728T020901330409-0400,02:08:59.965109,128,22.2,23.2,1,0,,,22.2,0,0,false,false,7,7,0,128,119,0,eccc,M2_empty_history,27
C,toronto,2026-07-28,20260728T023657711643-0400,02:36:56.267278,156,21.7,23.2,1.5,0,,,21.7,0,0,false,false,7,7,0,156,147,0,eccc,M2_empty_history,27
C,toronto,2026-07-28,20260728T025516418321-0400,02:55:14.880257,175,20.8,23.2,2.4,0,,,20.8,0,0,false,false,7,7,0,175,166,0,eccc,M2_empty_history,27
C,toronto,2026-07-28,20260728T030435386722-0400,03:04:34.097398,184,20.7,23.2,2.5,0,,,20.7,0,0,false,false,7,7,0,184,175,0,eccc,M2_empty_history,27
C,toronto,2026-07-28,20260728T031345921591-0400,03:13:44.637854,193,20.6,23.2,2.6,0,,,20.6,0,0,false,false,7,7,0,193,184,0,eccc,M2_empty_history,27
C,toronto,2026-07-28,20260728T033209675939-0400,03:32:08.515677,212,20.7,23.2,2.5,0,,,20.7,0,0,false,false,7,7,0,212,203,0,eccc,M2_empty_history,27
C,toronto,2026-07-28,20260728T035014683609-0400,03:50:13.532783,230,20.5,23.2,2.7,0,,,20.5,0,0,false,false,7,7,0,230,221,0,eccc,M2_empty_history,27
C,toronto,2026-07-28,20260728T040822482369-0400,04:08:21.055523,248,20.4,23.2,2.8,0,,,20.4,0,0,false,false,7,7,0,248,239,0,eccc,M2_empty_history,27
C,toronto,2026-07-28,20260728T052959241535-0400,05:29:58.105431,329,20.2,23.2,3,0,,,20.2,0,0,false,false,7,7,0,329,320,0,eccc,M2_empty_history,27
C,toronto,2026-07-28,20260728T054805300594-0400,05:48:04.116352,348,20.1,23.2,3.1,0,,,20.1,0,0,false,false,7,7,0,348,339,0,eccc,M2_empty_history,27
C,toronto,2026-07-28,20260728T070124132170-0400,07:01:24.020286,421,20.2,23.2,3,0,,,20.2,0,0,false,false,7,7,0,421,420,0,eccc,M2_empty_history,27
C,toronto,2026-07-29,20260729T020758767986-0400,02:07:57.555160,127,20.1,20.5,0.399999999999999,0,,,20.1,0,0,false,false,7,7,0,127,118,0,eccc,M2_empty_history,27
C,toronto,2026-07-29,20260729T030246847055-0400,03:02:45.696823,182,19.1,20.5,1.4,0,,,19.1,0,0,false,false,7,7,0,182,173,0,eccc,M2_empty_history,27
C,toronto,2026-07-29,20260729T040646844016-0400,04:06:45.527337,246,18.8,20.5,1.7,0,,,18.8,0,0,false,false,7,7,0,246,237,0,eccc,M2_empty_history,27
C,toronto,2026-07-29,20260729T060215759084-0400,06:02:15.644155,362,19.4,20.5,1.1,0,,,19.4,0,0,false,false,7,7,0,362,357,0,eccc,M2_empty_history,27
C,toronto,2026-07-30,20260730T010230434473-0400,01:02:28.985340,62,18.9,19.6,0.700000000000003,0,,,18.9,0,0,false,false,7,7,0,62,58,0,eccc,M2_empty_history,28
C,toronto,2026-07-30,20260730T020137350062-0400,02:01:36.001756,121,18.4,19.6,1.2,0,,,18.4,0,0,false,false,7,7,0,121,112,0,eccc,M2_empty_history,28
C,toronto,2026-07-30,20260730T030454582893-0400,03:04:53.454441,184,17.7,19.6,1.9,0,,,17.7,0,0,false,false,7,7,0,184,175,0,eccc,M2_empty_history,28
C,toronto,2026-07-30,20260730T040810806479-0400,04:08:09.651180,248,17.6,19.6,2,0,,,17.6,0,0,false,false,7,7,0,248,239,0,eccc,M2_empty_history,28
