stratum,market_id,target_date,snapshot_id,floor_bucket,floor_source_field,realized_band_kind,realized_band_value,realized_band_value_hi,repair_probability,control_probability
B,atlanta,2026-06-07,20260607T000105-0400,,,eq,84,85,0.212388851,0.212388851
B,atlanta,2026-06-07,20260607T010213-0400,,,eq,84,85,0.277274771,0.277274771
B,atlanta,2026-06-07,20260607T020343-0400,,,eq,84,85,0.305641563,0.305641563
B,atlanta,2026-06-07,20260607T030453-0400,,,eq,84,85,0.289487356,0.289487356
B,atlanta,2026-06-07,20260607T040612-0400,,,eq,84,85,0.342643201,0.342643201
B,atlanta,2026-06-07,20260607T050729-0400,,,eq,84,85,0.385055194,0.385055194
B,atlanta,2026-06-07,20260607T060832-0400,,,eq,84,85,0.294672498,0.294672498
B,atlanta,2026-06-07,20260607T071004-0400,,,eq,84,85,0.304413451,0.304413451
B,atlanta,2026-06-07,20260607T080104-0400,,,eq,84,85,0.374478037,0.374478037
B,atlanta,2026-06-07,20260607T090231-0400,,,eq,84,85,0.357847508,0.357847508
B,atlanta,2026-06-07,20260607T100353-0400,,,eq,84,85,0.411606545,0.411606545
B,atlanta,2026-06-07,20260607T110455-0400,,,eq,84,85,0.40269634,0.40269634
B,atlanta,2026-06-07,20260607T120659-0400,,,eq,84,85,0.454307279,0.454307279
B,atlanta,2026-06-07,20260607T130914-0400,,,eq,84,85,0.470411712,0.470411712
B,atlanta,2026-06-07,20260607T140124-0400,,,eq,84,85,0.52356222,0.52356222
B,atlanta,2026-06-07,20260607T150313-0400,,,eq,84,85,0.399572673,0.399572673
B,atlanta,2026-06-07,20260607T160456-0400,,,eq,84,85,0.715593166,0.715593166
B,atlanta,2026-06-07,20260607T170736-0400,,,eq,84,85,0.999238263,0.999238263
B,atlanta,2026-06-07,20260607T181013-0400,,,eq,84,85,0.999894415,0.999894415
B,atlanta,2026-06-07,20260607T190208-0400,,,eq,84,85,0.999885968,0.999885968
B,atlanta,2026-06-07,20260607T200346-0400,,,eq,84,85,0.999970461,0.999970461
B,atlanta,2026-06-07,20260607T210530-0400,,,eq,84,85,0.999979357,0.999979357
B,atlanta,2026-06-07,20260607T220711-0400,,,eq,84,85,0.999979357,0.999979357
B,atlanta,2026-06-07,20260607T230918-0400,,,eq,84,85,0.999979357,0.999979357
B,atlanta,2026-06-08,20260608T000048-0400,,,eq,80,81,0.524644333,0.524644333
B,atlanta,2026-06-08,20260608T010230-0400,,,eq,80,81,0.509192626,0.509192626
B,atlanta,2026-06-08,20260608T020400-0400,,,eq,80,81,0.446825108,0.446825108
B,atlanta,2026-06-08,20260608T030547-0400,,,eq,80,81,0.461627661,0.461627661
B,atlanta,2026-06-08,20260608T040707-0400,,,eq,80,81,0.463065039,0.463065039
B,atlanta,2026-06-08,20260608T050848-0400,,,eq,80,81,0.345872348,0.345872348
B,atlanta,2026-06-08,20260608T060031-0400,,,eq,80,81,0.156487557,0.156487557
B,atlanta,2026-06-08,20260608T070217-0400,,,eq,80,81,0.561829672,0.561829672
B,atlanta,2026-06-08,20260608T080351-0400,,,eq,80,81,0.487580209,0.487580209
B,atlanta,2026-06-08,20260608T090544-0400,,,eq,80,81,0.420799189,0.420799189
B,atlanta,2026-06-08,20260608T100734-0400,,,eq,80,81,0.551679631,0.551679631
B,atlanta,2026-06-08,20260608T110924-0400,,,eq,80,81,0.345518563,0.345518563
B,atlanta,2026-06-08,20260608T120105-0400,,,eq,80,81,0.208899881,0.208899881
B,atlanta,2026-06-08,20260608T130300-0400,,,eq,80,81,0.100571211,0.100571211
B,atlanta,2026-06-08,20260608T140508-0400,,,eq,80,81,0.0296868229,0.0296868229
B,atlanta,2026-06-08,20260608T150710-0400,,,eq,80,81,0.987273092,0.987273092
B,atlanta,2026-06-08,20260608T160955-0400,,,eq,80,81,0.545456387,0.545456387
B,atlanta,2026-06-08,20260608T170217-0400,,,eq,80,81,0.966225998,0.966225998
B,atlanta,2026-06-08,20260608T180442-0400,,,eq,80,81,0.994842243,0.994842243
B,atlanta,2026-06-08,20260608T191524-0400,,,eq,80,81,0.967621722,0.967621722
B,atlanta,2026-06-08,20260608T200643-0400,,,eq,80,81,0.992878008,0.992878008
B,atlanta,2026-06-08,20260608T210809-0400,,,eq,80,81,0.980346007,0.980346007
B,atlanta,2026-06-08,20260608T220943-0400,,,eq,80,81,0.980346007,0.980346007
B,atlanta,2026-06-08,20260608T230129-0400,,,eq,80,81,0.980345966,0.980345966
B,atlanta,2026-06-11,20260611T050110-0400,,,eq,92,93,0.019021141,0.019021141
B,atlanta,2026-06-11,20260611T061006-0400,,,eq,92,93,0.289156208,0.289156208
B,atlanta,2026-06-11,20260611T070044-0400,,,eq,92,93,0.222017594,0.222017594
B,atlanta,2026-06-11,20260611T080359-0400,,,eq,92,93,0.151196199,0.151196199
B,atlanta,2026-06-11,20260611T090601-0400,,,eq,92,93,0.139929211,0.139929211
B,atlanta,2026-06-11,20260611T100747-0400,,,eq,92,93,0.219229569,0.219229569
B,atlanta,2026-06-11,20260611T110315-0400,,,eq,92,93,0.177748838,0.177748838
B,atlanta,2026-06-11,20260611T120523-0400,,,eq,92,93,0.214985356,0.214985356
B,atlanta,2026-06-11,20260611T130708-0400,,,eq,92,93,0.3348974,0.3348974
B,atlanta,2026-06-11,20260611T140946-0400,,,eq,92,93,0.402154974,0.402154974
B,atlanta,2026-06-11,20260611T150135-0400,,,eq,92,93,0.220950929,0.220950929
B,atlanta,2026-06-11,20260611T160410-0400,,,eq,92,93,0.290602723,0.290602723
B,atlanta,2026-06-11,20260611T170617-0400,,,eq,92,93,0.816305255,0.816305255
B,atlanta,2026-06-11,20260611T180817-0400,,,eq,92,93,0.858368899,0.858368899
B,atlanta,2026-06-11,20260611T190957-0400,,,eq,92,93,0.99977236,0.99977236
B,atlanta,2026-06-11,20260611T200212-0400,,,eq,92,93,0.999606492,0.999606492
B,atlanta,2026-06-11,20260611T210543-0400,,,eq,92,93,0.999010318,0.999010318
B,atlanta,2026-06-11,20260611T220726-0400,,,eq,92,93,0.993609876,0.993609876
B,atlanta,2026-06-11,20260611T231000-0400,,,eq,92,93,0.991223906,0.991223906
B,atlanta,2026-06-12,20260612T000128-0400,,,eq,90,91,0,0
B,atlanta,2026-06-12,20260612T010259-0400,,,eq,90,91,0.189529362,0.189529362
B,atlanta,2026-06-12,20260612T020449-0400,,,eq,90,91,0.202392924,0.202392924
B,atlanta,2026-06-12,20260612T030610-0400,,,eq,90,91,0.157991297,0.157991297
B,atlanta,2026-06-12,20260612T040733-0400,,,eq,90,91,0.107228349,0.107228349
B,atlanta,2026-06-12,20260612T050851-0400,,,eq,90,91,0.220559401,0.220559401
B,atlanta,2026-06-12,20260612T060032-0400,,,eq,90,91,0.243915073,0.243915073
B,atlanta,2026-06-12,20260612T070208-0400,,,eq,90,91,0.447834658,0.447834658
B,atlanta,2026-06-12,20260612T080348-0400,,,eq,90,91,0.481025281,0.481025281
B,atlanta,2026-06-12,20260612T090617-0400,,,eq,90,91,0.270941624,0.270941624
B,atlanta,2026-06-12,20260612T100818-0400,,,eq,90,91,0.367912131,0.367912131
B,atlanta,2026-06-12,20260612T111007-0400,,,eq,90,91,0.562500498,0.562500498
B,atlanta,2026-06-12,20260612T120140-0400,,,eq,90,91,0.727900853,0.727900853
B,atlanta,2026-06-12,20260612T130330-0400,,,eq,90,91,0.673450252,0.673450252
B,atlanta,2026-06-12,20260612T140510-0400,,,eq,90,91,0.998134949,0.998134949
B,atlanta,2026-06-12,20260612T150658-0400,,,eq,90,91,0.589000488,0.589000488
B,atlanta,2026-06-12,20260612T160858-0400,,,eq,90,91,0.239167329,0.239167329
B,atlanta,2026-06-12,20260612T170048-0400,,,eq,90,91,0.857720191,0.857720191
B,atlanta,2026-06-12,20260612T180248-0400,,,eq,90,91,0.966743617,0.966743617
B,atlanta,2026-06-12,20260612T190411-0400,,,eq,90,91,0.997749983,0.997749983
B,atlanta,2026-06-12,20260612T200647-0400,,,eq,90,91,0.999410988,0.999410988
B,atlanta,2026-06-12,20260612T210910-0400,,,eq,90,91,0.99916856,0.99916856
B,atlanta,2026-06-12,20260612T220049-0400,,,eq,90,91,0.999227842,0.999227842
B,atlanta,2026-06-12,20260612T230251-0400,,,eq,90,91,0.999223754,0.999223754
B,atlanta,2026-06-13,20260613T000421-0400,,,eq,92,93,0.641856783,0.641856783
B,atlanta,2026-06-13,20260613T010552-0400,,,eq,92,93,0.135602794,0.135602794
B,atlanta,2026-06-13,20260613T020723-0400,,,eq,92,93,0.168957441,0.168957441
B,atlanta,2026-06-13,20260613T030849-0400,,,eq,92,93,0.180316783,0.180316783
B,atlanta,2026-06-13,20260613T040003-0400,,,eq,92,93,0.198370193,0.198370193
B,atlanta,2026-06-13,20260613T050149-0400,,,eq,92,93,0.17603931,0.17603931
B,atlanta,2026-06-13,20260613T060300-0400,,,eq,92,93,0.185183242,0.185183242
B,atlanta,2026-06-13,20260613T070420-0400,,,eq,92,93,0.199995881,0.199995881
B,atlanta,2026-06-13,20260613T080607-0400,,,eq,92,93,0.167868106,0.167868106
B,atlanta,2026-06-13,20260613T090735-0400,,,eq,92,93,0.173388459,0.173388459
B,atlanta,2026-06-13,20260613T100902-0400,,,eq,92,93,0.250847049,0.250847049
B,atlanta,2026-06-13,20260613T110056-0400,,,eq,92,93,0.27019986,0.27019986
B,atlanta,2026-06-13,20260613T120719-0400,,,eq,92,93,0.250461847,0.250461847
B,atlanta,2026-06-13,20260613T130945-0400,,,eq,92,93,0.424580899,0.424580899
B,atlanta,2026-06-13,20260613T140114-0400,,,eq,92,93,0.797228108,0.797228108
B,atlanta,2026-06-13,20260613T150248-0400,,,eq,92,93,0.588080393,0.588080393
B,atlanta,2026-06-13,20260613T160418-0400,,,eq,92,93,0.767074202,0.767074202
B,atlanta,2026-06-13,20260613T170615-0400,,,eq,92,93,0.904593216,0.904593216
B,atlanta,2026-06-13,20260613T180834-0400,,,eq,92,93,0.973441659,0.973441659
B,atlanta,2026-06-13,20260613T190047-0400,,,eq,92,93,0.997915356,0.997915356
B,atlanta,2026-06-13,20260613T200330-0400,,,eq,92,93,0.985701806,0.985701806
B,atlanta,2026-06-13,20260613T210527-0400,,,eq,92,93,0.973189674,0.973189674
B,atlanta,2026-06-13,20260613T220048-0400,,,eq,92,93,0.914288763,0.914288763
B,atlanta,2026-06-13,20260613T230232-0400,,,eq,92,93,0.648635693,0.648635693
B,atlanta,2026-06-14,20260614T000849-0400,,,eq,90,91,0,0
B,atlanta,2026-06-14,20260614T010958-0400,,,eq,90,91,0.109753654,0.109753654
B,atlanta,2026-06-14,20260614T020131-0400,,,eq,90,91,0.0987279725,0.0987279725
B,atlanta,2026-06-14,20260614T030315-0400,,,eq,90,91,0.100007089,0.100007089
B,atlanta,2026-06-14,20260614T040444-0400,,,eq,90,91,0.0528921912,0.0528921912
B,atlanta,2026-06-14,20260614T050550-0400,,,eq,90,91,0.0663606601,0.0663606601
B,atlanta,2026-06-14,20260614T060712-0400,,,eq,90,91,0.0660022471,0.0660022471
B,atlanta,2026-06-14,20260614T070804-0400,,,eq,90,91,0.15348797,0.15348797
B,atlanta,2026-06-14,20260614T080801-0400,,,eq,90,91,0.0532181287,0.0532181287
B,atlanta,2026-06-14,20260614T090106-0400,,,eq,90,91,0.0479317974,0.0479317974
B,atlanta,2026-06-14,20260614T100242-0400,,,eq,90,91,0.0672878071,0.0672878071
B,atlanta,2026-06-14,20260614T110407-0400,,,eq,90,91,0.108724193,0.108724193
B,atlanta,2026-06-14,20260614T120010-0400,,,eq,90,91,0.135132481,0.135132481
B,atlanta,2026-06-14,20260614T130710-0400,,,eq,90,91,0.0502673693,0.0502673693
B,atlanta,2026-06-14,20260614T140802-0400,,,eq,90,91,0.334028363,0.334028363
B,atlanta,2026-06-14,20260614T150904-0400,,,eq,90,91,0.14321371,0.14321371
B,atlanta,2026-06-14,20260614T160129-0400,,,eq,90,91,0.0211319764,0.0211319764
B,atlanta,2026-06-14,20260614T170219-0400,,,eq,90,91,0.171103381,0.171103381
B,atlanta,2026-06-14,20260614T180355-0400,,,eq,90,91,0.989660204,0.989660204
B,atlanta,2026-06-14,20260614T190607-0400,,,eq,90,91,0.999981646,0.999981646
B,atlanta,2026-06-14,20260614T200742-0400,,,eq,90,91,0.999982203,0.999982203
B,atlanta,2026-06-14,20260614T210045-0400,,,eq,90,91,0.999967573,0.999967573
B,atlanta,2026-06-14,20260614T220325-0400,,,eq,90,91,0.999967428,0.999967428
B,atlanta,2026-06-14,20260614T230532-0400,,,eq,90,91,0.999967428,0.999967428
B,atlanta,2026-06-15,20260615T000532-0400,,,eq,80,81,0.106371612,0.106371612
B,atlanta,2026-06-15,20260615T010535-0400,,,eq,80,81,0.0851058732,0.0851058732
B,atlanta,2026-06-15,20260615T021531-0400,,,eq,80,81,0.129817543,0.129817543
B,atlanta,2026-06-15,20260615T030531-0400,,,eq,80,81,0.0929706032,0.0929706032
B,atlanta,2026-06-15,20260615T040723-0400,,,eq,80,81,0.0854767376,0.0854767376
B,atlanta,2026-06-15,20260615T050021-0400,,,eq,80,81,0.112764062,0.112764062
B,atlanta,2026-06-15,20260615T061531-0400,,,eq,80,81,0.0995330297,0.0995330297
B,atlanta,2026-06-15,20260615T071022-0400,,,eq,80,81,0.101383101,0.101383101
B,atlanta,2026-06-15,20260615T080536-0400,,,eq,80,81,0.0494159949,0.0494159949
B,atlanta,2026-06-15,20260615T090022-0400,,,eq,80,81,0.0828061816,0.0828061816
B,atlanta,2026-06-15,20260615T100022-0400,,,eq,80,81,0.190585257,0.190585257
B,atlanta,2026-06-15,20260615T110059-0400,,,eq,80,81,0.0635509186,0.0635509186
B,atlanta,2026-06-15,20260615T120058-0400,,,eq,80,81,0.0674269387,0.0674269387
B,atlanta,2026-06-15,20260615T130058-0400,,,eq,80,81,0.10040895,0.10040895
B,atlanta,2026-06-15,20260615T140533-0400,,,eq,80,81,0.0825860964,0.0825860964
B,atlanta,2026-06-15,20260615T150103-0400,,,eq,80,81,0.116234073,0.116234073
B,atlanta,2026-06-15,20260615T161506-0400,,,eq,80,81,0.0821832941,0.0821832941
B,atlanta,2026-06-15,20260615T170515-0400,,,eq,80,81,0.676243937,0.676243937
B,atlanta,2026-06-15,20260615T180706-0400,,,eq,80,81,0.958316644,0.958316644
B,atlanta,2026-06-15,20260615T190529-0400,,,eq,80,81,0.985803598,0.985803598
B,atlanta,2026-06-15,20260615T202510-0400,,,eq,80,81,0.992272338,0.992272338
B,atlanta,2026-06-15,20260615T211602-0400,,,eq,80,81,0.995122316,0.995122316
B,atlanta,2026-06-15,20260615T221607-0400,,,eq,80,81,0.995124522,0.995124522
B,atlanta,2026-06-15,20260615T231027-0400,,,eq,80,81,0.995124522,0.995124522
B,atlanta,2026-06-16,20260616T000515-0400,,,eq,72,73,0,0
B,atlanta,2026-06-16,20260616T010508-0400,,,eq,72,73,0.0333054534,0.0333054534
B,atlanta,2026-06-16,20260616T020503-0400,,,eq,72,73,0.090179479,0.090179479
B,atlanta,2026-06-16,20260616T030608-0400,,,eq,72,73,0.040988289,0.040988289
B,atlanta,2026-06-16,20260616T040207-0400,,,eq,72,73,0.0868388628,0.0868388628
B,atlanta,2026-06-16,20260616T050508-0400,,,eq,72,73,0.111288868,0.111288868
B,atlanta,2026-06-16,20260616T061308-0400,,,eq,72,73,0.0855380781,0.0855380781
B,atlanta,2026-06-16,20260616T070309-0400,,,eq,72,73,0.055435584,0.055435584
B,atlanta,2026-06-16,20260616T081506-0400,,,eq,72,73,0.0130346989,0.0130346989
B,atlanta,2026-06-16,20260616T090238-0400,,,eq,72,73,0.0173619019,0.0173619019
B,atlanta,2026-06-16,20260616T100231-0400,,,eq,72,73,0.0405693285,0.0405693285
B,atlanta,2026-06-16,20260616T111518-0400,,,eq,72,73,0.0407408207,0.0407408207
B,atlanta,2026-06-16,20260616T121510-0400,,,eq,72,73,0.0227807842,0.0227807842
B,atlanta,2026-06-16,20260616T130511-0400,,,eq,72,73,0.0484746206,0.0484746206
B,atlanta,2026-06-16,20260616T140512-0400,,,eq,72,73,0.981520042,0.981520042
B,atlanta,2026-06-16,20260616T151509-0400,,,eq,72,73,0.971231338,0.971231338
B,atlanta,2026-06-16,20260616T161509-0400,,,eq,72,73,0.713944997,0.713944997
B,atlanta,2026-06-16,20260616T170507-0400,,,eq,72,73,0.966596187,0.966596187
B,atlanta,2026-06-16,20260616T180243-0400,,,eq,72,73,0.977629632,0.977629632
B,atlanta,2026-06-16,20260616T190237-0400,,,eq,72,73,0.929938783,0.929938783
B,atlanta,2026-06-16,20260616T200356-0400,,,eq,72,73,0.973197298,0.973197298
B,atlanta,2026-06-16,20260616T210123-0400,,,eq,72,73,0.984984346,0.984984346
B,atlanta,2026-06-16,20260616T221232-0400,,,eq,72,73,0.984984346,0.984984346
B,atlanta,2026-06-16,20260616T231234-0400,,,eq,72,73,0.984984346,0.984984346
B,atlanta,2026-06-17,20260617T000232-0400,,,eq,84,85,0.331549669,0.331549669
B,atlanta,2026-06-17,20260617T011231-0400,,,eq,84,85,0.36329047,0.36329047
B,atlanta,2026-06-17,20260617T020234-0400,,,eq,84,85,0.255366384,0.255366384
B,atlanta,2026-06-17,20260617T030429-0400,,,eq,84,85,0.205198858,0.205198858
B,atlanta,2026-06-17,20260617T040237-0400,,,eq,84,85,0.215920932,0.215920932
B,atlanta,2026-06-17,20260617T050233-0400,,,eq,84,85,0.18142162,0.18142162
B,atlanta,2026-06-17,20260617T060231-0400,,,eq,84,85,0.297968132,0.297968132
B,atlanta,2026-06-17,20260617T070232-0400,,,eq,84,85,0.297430717,0.297430717
B,atlanta,2026-06-17,20260617T081232-0400,,,eq,84,85,0.585014871,0.585014871
B,atlanta,2026-06-17,20260617T090131-0400,,,eq,84,85,0.418129419,0.418129419
B,atlanta,2026-06-17,20260617T100030-0400,,,eq,84,85,0.327026719,0.327026719
B,atlanta,2026-06-17,20260617T110235-0400,,,eq,84,85,0.251138282,0.251138282
B,atlanta,2026-06-17,20260617T124232-0400,,,eq,84,85,0.300471419,0.300471419
B,atlanta,2026-06-17,20260617T131231-0400,,,eq,84,85,0.301524975,0.301524975
B,atlanta,2026-06-17,20260617T142631-0400,,,eq,84,85,0.2085272,0.2085272
B,atlanta,2026-06-17,20260617T150631-0400,,,eq,84,85,0.290979536,0.290979536
B,atlanta,2026-06-17,20260617T160243-0400,,,eq,84,85,0.156180384,0.156180384
B,atlanta,2026-06-17,20260617T171232-0400,,,eq,84,85,0.253036963,0.253036963
B,atlanta,2026-06-17,20260617T181235-0400,,,eq,84,85,0.991030657,0.991030657
B,atlanta,2026-06-17,20260617T191244-0400,,,eq,84,85,0.997460438,0.997460438
B,atlanta,2026-06-17,20260617T201238-0400,,,eq,84,85,0.997645845,0.997645845
B,atlanta,2026-06-17,20260617T211233-0400,,,eq,84,85,0.997227165,0.997227165
B,atlanta,2026-06-17,20260617T221237-0400,,,eq,84,85,0.997225496,0.997225496
B,atlanta,2026-06-17,20260617T230231-0400,,,eq,84,85,0.997224764,0.997224764
B,atlanta,2026-06-19,20260619T000319-0400,,,eq,88,89,0.0358796257,0.0358796257
B,atlanta,2026-06-19,20260619T011133-0400,,,eq,88,89,0.222938117,0.222938117
B,atlanta,2026-06-19,20260619T020128-0400,,,eq,88,89,0.182519177,0.182519177
B,atlanta,2026-06-19,20260619T030732-0400,,,eq,88,89,0.189673258,0.189673258
B,atlanta,2026-06-19,20260619T040027-0400,,,eq,88,89,0.192931135,0.192931135
B,atlanta,2026-06-19,20260619T051314-0400,,,eq,88,89,0.300821146,0.300821146
B,atlanta,2026-06-19,20260619T060030-0400,,,eq,88,89,0.220465028,0.220465028
B,atlanta,2026-06-19,20260619T070238-0400,,,eq,88,89,0.218158032,0.218158032
B,atlanta,2026-06-19,20260619T080404-0400,,,eq,88,89,0.165544935,0.165544935
B,atlanta,2026-06-19,20260619T090143-0400,,,eq,88,89,0.122348529,0.122348529
B,atlanta,2026-06-19,20260619T100434-0400,,,eq,88,89,0.491792903,0.491792903
B,atlanta,2026-06-19,20260619T110236-0400,,,eq,88,89,0.280311632,0.280311632
B,atlanta,2026-06-19,20260619T120233-0400,,,eq,88,89,0.355530624,0.355530624
B,atlanta,2026-06-19,20260619T130045-0400,,,eq,88,89,0.23611838,0.23611838
B,atlanta,2026-06-19,20260619T140257-0400,,,eq,88,89,0.241296444,0.241296444
B,atlanta,2026-06-19,20260619T150235-0400,,,eq,88,89,0.825987751,0.825987751
B,atlanta,2026-06-19,20260619T160325-0400,,,eq,88,89,0.726557761,0.726557761
B,atlanta,2026-06-19,20260619T170231-0400,,,eq,88,89,0.911507067,0.911507067
B,atlanta,2026-06-19,20260619T180132-0400,,,eq,88,89,0.99806327,0.99806327
B,atlanta,2026-06-19,20260619T190008-0400,,,eq,88,89,0.999914384,0.999914384
B,atlanta,2026-06-19,20260619T201450-0400,,,eq,88,89,0.999958981,0.999958981
B,atlanta,2026-06-19,20260619T210139-0400,,,eq,88,89,0.99999293,0.99999293
B,atlanta,2026-06-19,20260619T220655-0400,,,eq,88,89,0.999992889,0.999992889
B,atlanta,2026-06-19,20260619T230655-0400,,,eq,88,89,0.99999289,0.99999289
B,atlanta,2026-06-20,20260620T000543-0400,,,eq,86,87,0,0
B,atlanta,2026-06-20,20260620T010238-0400,,,eq,86,87,0.212749319,0.212749319
B,atlanta,2026-06-20,20260620T020038-0400,,,eq,86,87,0.221480478,0.221480478
B,atlanta,2026-06-20,20260620T030537-0400,,,eq,86,87,0.27168296,0.27168296
B,atlanta,2026-06-20,20260620T040238-0400,,,eq,86,87,0.298607701,0.298607701
B,atlanta,2026-06-20,20260620T050038-0400,,,eq,86,87,0.421388065,0.421388065
B,atlanta,2026-06-20,20260620T060544-0400,,,eq,86,87,0.398489713,0.398489713
B,atlanta,2026-06-20,20260620T070244-0400,,,eq,86,87,0.398489713,0.398489713
B,atlanta,2026-06-20,20260620T080538-0400,,,eq,86,87,0.384775451,0.384775451
B,atlanta,2026-06-20,20260620T090040-0400,,,eq,86,87,0.465237389,0.465237389
B,atlanta,2026-06-20,20260620T100649-0400,,,eq,86,87,0.131577481,0.131577481
B,atlanta,2026-06-20,20260620T110029-0400,,,eq,86,87,0.16432892,0.16432892
B,atlanta,2026-06-20,20260620T121020-0400,,,eq,86,87,0.176308961,0.176308961
B,atlanta,2026-06-20,20260620T130321-0400,,,eq,86,87,0.399569426,0.399569426
B,atlanta,2026-06-20,20260620T140020-0400,,,eq,86,87,0.503192901,0.503192901
B,atlanta,2026-06-20,20260620T150027-0400,,,eq,86,87,0.425150368,0.425150368
B,atlanta,2026-06-20,20260620T160449-0400,,,eq,86,87,0.784343139,0.784343139
B,atlanta,2026-06-20,20260620T170042-0400,,,eq,86,87,0.891418651,0.891418651
B,atlanta,2026-06-20,20260620T180036-0400,,,eq,86,87,0.999634903,0.999634903
B,atlanta,2026-06-20,20260620T190006-0400,,,eq,86,87,0.999853873,0.999853873
B,atlanta,2026-06-20,20260620T201031-0400,,,eq,86,87,0.99983376,0.99983376
B,atlanta,2026-06-20,20260620T210032-0400,,,eq,86,87,0.999929364,0.999929364
B,atlanta,2026-06-20,20260620T221037-0400,,,eq,86,87,0.999929299,0.999929299
B,atlanta,2026-06-20,20260620T230035-0400,,,eq,86,87,0.999929299,0.999929299
B,atlanta,2026-06-21,20260621T000038-0400,,,eq,86,87,0.221391549,0.221391549
B,atlanta,2026-06-21,20260621T010502-0400,,,eq,86,87,0.422732977,0.422732977
B,atlanta,2026-06-21,20260621T021035-0400,,,eq,86,87,0.446813101,0.446813101
B,atlanta,2026-06-21,20260621T030433-0400,,,eq,86,87,0.393754965,0.393754965
B,atlanta,2026-06-21,20260621T041220-0400,,,eq,86,87,0.441724137,0.441724137
B,atlanta,2026-06-21,20260621T050020-0400,,,eq,86,87,0.388001744,0.388001744
B,atlanta,2026-06-21,20260621T060021-0400,,,eq,86,87,0.374594616,0.374594616
B,atlanta,2026-06-21,20260621T070030-0400,,,eq,86,87,0.374594616,0.374594616
B,atlanta,2026-06-21,20260621T080023-0400,,,eq,86,87,0.203470099,0.203470099
B,atlanta,2026-06-21,20260621T090024-0400,,,eq,86,87,0.266533315,0.266533315
B,atlanta,2026-06-21,20260621T100551-0400,,,eq,86,87,0.19690703,0.19690703
B,atlanta,2026-06-21,20260621T110211-0400,,,eq,86,87,0.165871124,0.165871124
B,atlanta,2026-06-21,20260621T120623-0400,,,eq,86,87,0.138767814,0.138767814
B,atlanta,2026-06-21,20260621T130228-0400,,,eq,86,87,0.610825245,0.610825245
B,atlanta,2026-06-21,20260621T140823-0400,,,eq,86,87,0.536674654,0.536674654
B,atlanta,2026-06-21,20260621T150024-0400,,,eq,86,87,0.454784685,0.454784685
B,atlanta,2026-06-21,20260621T160030-0400,,,eq,86,87,0.593115313,0.593115313
B,atlanta,2026-06-21,20260621T170022-0400,,,eq,86,87,0.829433375,0.829433375
B,atlanta,2026-06-21,20260621T180031-0400,,,eq,86,87,0.994867376,0.994867376
B,atlanta,2026-06-21,20260621T190034-0400,,,eq,86,87,0.999989268,0.999989268
B,atlanta,2026-06-21,20260621T200029-0400,,,eq,86,87,0.999988514,0.999988514
B,atlanta,2026-06-21,20260621T210042-0400,,,eq,86,87,0.999990776,0.999990776
B,atlanta,2026-06-21,20260621T224936-0400,,,eq,86,87,0.999990745,0.999990745
B,atlanta,2026-06-21,20260621T230656-0400,,,eq,86,87,0.999990819,0.999990819
B,atlanta,2026-06-22,20260622T000109-0400,,,eq,88,89,0.292542718,0.292542718
B,atlanta,2026-06-22,20260622T010237-0400,,,eq,88,89,0.392363838,0.392363838
B,atlanta,2026-06-22,20260622T020628-0400,,,eq,88,89,0.418823058,0.418823058
B,atlanta,2026-06-22,20260622T030027-0400,,,eq,88,89,0.379279726,0.379279726
B,atlanta,2026-06-22,20260622T040024-0400,,,eq,88,89,0.468185813,0.468185813
B,atlanta,2026-06-22,20260622T051021-0400,,,eq,88,89,0.498013564,0.498013564
B,atlanta,2026-06-22,20260622T061028-0400,,,eq,88,89,0.423153262,0.423153262
B,atlanta,2026-06-22,20260622T070027-0400,,,eq,88,89,0.398740728,0.398740728
B,atlanta,2026-06-22,20260622T080837-0400,,,eq,88,89,0.34301731,0.34301731
B,atlanta,2026-06-22,20260622T090027-0400,,,eq,88,89,0.247551555,0.247551555
B,atlanta,2026-06-22,20260622T100031-0400,,,eq,88,89,0.461946537,0.461946537
B,atlanta,2026-06-22,20260622T110047-0400,,,eq,88,89,0.421214444,0.421214444
B,atlanta,2026-06-22,20260622T120843-0400,,,eq,88,89,0.653520478,0.653520478
B,atlanta,2026-06-22,20260622T130018-0400,,,eq,88,89,0.614950251,0.614950251
B,atlanta,2026-06-22,20260622T140435-0400,,,eq,88,89,0.796577712,0.796577712
B,atlanta,2026-06-22,20260622T151500-0400,,,eq,88,89,0.509758279,0.509758279
B,atlanta,2026-06-22,20260622T160428-0400,,,eq,88,89,0.632722521,0.632722521
B,atlanta,2026-06-22,20260622T171516-0400,,,eq,88,89,0.949723948,0.949723948
B,atlanta,2026-06-22,20260622T180029-0400,,,eq,88,89,0.99431317,0.99431317
B,atlanta,2026-06-22,20260622T190022-0400,,,eq,88,89,0.998479898,0.998479898
B,atlanta,2026-06-22,20260622T200502-0400,,,eq,88,89,0.998552041,0.998552041
B,atlanta,2026-06-22,20260622T211437-0400,,,eq,88,89,0.998659104,0.998659104
B,atlanta,2026-06-22,20260622T220840-0400,,,eq,88,89,0.998655047,0.998655047
B,atlanta,2026-06-22,20260622T230700-0400,,,eq,88,89,0.998655047,0.998655047
B,atlanta,2026-06-26,20260626T001030-0400,,,eq,88,89,0.369850559,0.369850559
B,atlanta,2026-06-26,20260626T010916-0400,,,eq,88,89,0.515431619,0.515431619
B,atlanta,2026-06-26,20260626T020921-0400,,,eq,88,89,0.515431619,0.515431619
B,atlanta,2026-06-26,20260626T030919-0400,,,eq,88,89,0.491020274,0.491020274
B,atlanta,2026-06-26,20260626T040918-0400,,,eq,88,89,0.462403629,0.462403629
B,atlanta,2026-06-26,20260626T050916-0400,,,eq,88,89,0.532089566,0.532089566
B,atlanta,2026-06-26,20260626T060918-0400,,,eq,88,89,0.568848435,0.568848435
B,atlanta,2026-06-26,20260626T070919-0400,,,eq,88,89,0.661692755,0.661692755
B,atlanta,2026-06-26,20260626T080928-0400,,,eq,88,89,0.391011549,0.391011549
B,atlanta,2026-06-26,20260626T090832-0400,,,eq,88,89,0.316096993,0.316096993
B,atlanta,2026-06-26,20260626T100146-0400,,,eq,88,89,0.270269161,0.270269161
B,atlanta,2026-06-26,20260626T110408-0400,,,eq,88,89,0.489460919,0.489460919
B,atlanta,2026-06-26,20260626T120948-0400,,,eq,88,89,0.786359582,0.786359582
B,atlanta,2026-06-26,20260626T130412-0400,,,eq,88,89,0.367830915,0.367830915
B,atlanta,2026-06-26,20260626T141622-0400,,,eq,88,89,0.809257107,0.809257107
B,atlanta,2026-06-26,20260626T150624-0400,,,eq,88,89,0.74907889,0.74907889
B,atlanta,2026-06-26,20260626T160631-0400,,,eq,88,89,0.259914891,0.259914891
B,atlanta,2026-06-26,20260626T170634-0400,,,eq,88,89,0.642801852,0.642801852
B,atlanta,2026-06-26,20260626T180620-0400,,,eq,88,89,0.495039805,0.495039805
B,atlanta,2026-06-26,20260626T190621-0400,,,eq,88,89,0.999146528,0.999146528
B,atlanta,2026-06-26,20260626T200630-0400,,,eq,88,89,0.998757008,0.998757008
B,atlanta,2026-06-26,20260626T211628-0400,,,eq,88,89,0.999121354,0.999121354
B,atlanta,2026-06-26,20260626T220637-0400,,,eq,88,89,0.999123296,0.999123296
B,atlanta,2026-06-26,20260626T231632-0400,,,eq,88,89,0.999127388,0.999127388
B,atlanta,2026-06-28,20260628T000232-0400,,,eq,92,93,0.190826536,0.190826536
B,atlanta,2026-06-28,20260628T010226-0400,,,eq,92,93,0.188683349,0.188683349
B,atlanta,2026-06-28,20260628T020236-0400,,,eq,92,93,0.133844182,0.133844182
B,atlanta,2026-06-28,20260628T030229-0400,,,eq,92,93,0.133844182,0.133844182
B,atlanta,2026-06-28,20260628T040239-0400,,,eq,92,93,0.111598706,0.111598706
B,atlanta,2026-06-28,20260628T050224-0400,,,eq,92,93,0.108997271,0.108997271
B,atlanta,2026-06-28,20260628T060228-0400,,,eq,92,93,0.109320311,0.109320311
B,atlanta,2026-06-28,20260628T070222-0400,,,eq,92,93,0.111324863,0.111324863
B,atlanta,2026-06-28,20260628T080224-0400,,,eq,92,93,0.128995012,0.128995012
B,atlanta,2026-06-28,20260628T090224-0400,,,eq,92,93,0.141131,0.141131
B,atlanta,2026-06-28,20260628T101228-0400,,,eq,92,93,0.1084652,0.1084652
B,atlanta,2026-06-28,20260628T110310-0400,,,eq,92,93,0.111842574,0.111842574
B,atlanta,2026-06-28,20260628T120234-0400,,,eq,92,93,0.165513512,0.165513512
B,atlanta,2026-06-28,20260628T130033-0400,,,eq,92,93,0.150178814,0.150178814
B,atlanta,2026-06-28,20260628T140223-0400,,,eq,92,93,0.430742819,0.430742819
B,atlanta,2026-06-28,20260628T150230-0400,,,eq,92,93,0.502855301,0.502855301
B,atlanta,2026-06-28,20260628T160233-0400,,,eq,92,93,0.413085589,0.413085589
B,atlanta,2026-06-28,20260628T170225-0400,,,eq,92,93,0.0924079397,0.0924079397
B,atlanta,2026-06-28,20260628T180414-0400,,,eq,92,93,0.277935719,0.277935719
B,atlanta,2026-06-28,20260628T190431-0400,,,eq,92,93,0.0621794892,0.0621794892
B,atlanta,2026-06-28,20260628T200349-0400,,,eq,92,93,0.0524975755,0.0524975755
B,atlanta,2026-06-28,20260628T210502-0400,,,eq,92,93,0.0476198627,0.0476198627
B,atlanta,2026-06-29,20260629T104052-0400,,,eq,94,95,0.514675808,0.514675808
B,atlanta,2026-06-29,20260629T110057-0400,,,eq,94,95,0.243007267,0.243007267
B,atlanta,2026-06-29,20260629T121100-0400,,,eq,94,95,0.418548133,0.418548133
B,atlanta,2026-06-29,20260629T131404-0400,,,eq,94,95,0.396691292,0.396691292
B,atlanta,2026-06-29,20260629T140513-0400,,,eq,94,95,0.480438272,0.480438272
B,atlanta,2026-06-29,20260629T150412-0400,,,eq,94,95,0.725441684,0.725441684
B,atlanta,2026-06-29,20260629T160754-0400,,,eq,94,95,0.734667655,0.734667655
B,atlanta,2026-06-29,20260629T170220-0400,,,eq,94,95,0.764238908,0.764238908
B,atlanta,2026-06-29,20260629T180655-0400,,,eq,94,95,0.763268036,0.763268036
B,atlanta,2026-06-29,20260629T190535-0400,,,eq,94,95,0.946272723,0.946272723
B,atlanta,2026-06-29,20260629T200450-0400,,,eq,94,95,0.593930778,0.593930778
B,atlanta,2026-06-29,20260629T210303-0400,,,eq,94,95,0.0647894373,0.0647894373
B,atlanta,2026-06-29,20260629T220240-0400,,,eq,94,95,0.092636033,0.092636033
B,atlanta,2026-06-29,20260629T230836-0400,,,eq,94,95,0.116979725,0.116979725
B,atlanta,2026-06-30,20260630T000220-0400,,,eq,94,95,0.427007998,0.427007998
B,atlanta,2026-06-30,20260630T010546-0400,,,eq,94,95,0.427007998,0.427007998
B,atlanta,2026-06-30,20260630T020021-0400,,,eq,94,95,0.410979932,0.410979932
B,atlanta,2026-06-30,20260630T030419-0400,,,eq,94,95,0.327773409,0.327773409
B,atlanta,2026-06-30,20260630T040751-0400,,,eq,94,95,0.327773409,0.327773409
B,atlanta,2026-06-30,20260630T050211-0400,,,eq,94,95,0.330487426,0.330487426
B,atlanta,2026-06-30,20260630T060534-0400,,,eq,94,95,0.324135593,0.324135593
B,atlanta,2026-06-30,20260630T070902-0400,,,eq,94,95,0.348354046,0.348354046
B,atlanta,2026-06-30,20260630T080613-0400,,,eq,94,95,0.218688036,0.218688036
B,atlanta,2026-06-30,20260630T090047-0400,,,eq,94,95,0.370630855,0.370630855
B,atlanta,2026-06-30,20260630T100339-0400,,,eq,94,95,0.507630097,0.507630097
B,atlanta,2026-06-30,20260630T110012-0400,,,eq,94,95,0.245815521,0.245815521
B,atlanta,2026-06-30,20260630T121134-0400,,,eq,94,95,0.423044259,0.423044259
B,atlanta,2026-06-30,20260630T131247-0400,,,eq,94,95,0.570745573,0.570745573
B,atlanta,2026-06-30,20260630T141021-0400,,,eq,94,95,0.489943107,0.489943107
B,atlanta,2026-06-30,20260630T150508-0400,,,eq,94,95,0.729729418,0.729729418
B,atlanta,2026-06-30,20260630T160901-0400,,,eq,94,95,0.897632314,0.897632314
B,atlanta,2026-06-30,20260630T170335-0400,,,eq,94,95,0.766059731,0.766059731
B,atlanta,2026-06-30,20260630T180702-0400,,,eq,94,95,0.629593213,0.629593213
B,atlanta,2026-06-30,20260630T190129-0400,,,eq,94,95,0.595657676,0.595657676
B,atlanta,2026-06-30,20260630T200005-0400,,,eq,94,95,0.127575969,0.127575969
B,atlanta,2026-06-30,20260630T210340-0400,,,eq,94,95,0.0432697073,0.0432697073
B,atlanta,2026-06-30,20260630T220715-0400,,,eq,94,95,0.0302375241,0.0302375241
B,atlanta,2026-06-30,20260630T230159-0400,,,eq,94,95,0.0666723204,0.0666723204
B,austin,2026-06-07,20260607T010214-0400,,,eq,90,91,0.331447202,0.331447202
B,austin,2026-06-07,20260607T020344-0400,,,eq,90,91,0.669724935,0.669724935
B,austin,2026-06-07,20260607T030454-0400,,,eq,90,91,0.745392056,0.745392056
B,austin,2026-06-07,20260607T040613-0400,,,eq,90,91,0.724698559,0.724698559
B,austin,2026-06-07,20260607T050730-0400,,,eq,90,91,0.611664673,0.611664673
B,austin,2026-06-07,20260607T060833-0400,,,eq,90,91,0.266800066,0.266800066
B,austin,2026-06-07,20260607T071007-0400,,,eq,90,91,0.260434888,0.260434888
B,austin,2026-06-07,20260607T080105-0400,,,eq,90,91,0.50780058,0.50780058
B,austin,2026-06-07,20260607T090232-0400,,,eq,90,91,0.238140218,0.238140218
B,austin,2026-06-07,20260607T100354-0400,,,eq,90,91,0.619834143,0.619834143
B,austin,2026-06-07,20260607T110456-0400,,,eq,90,91,0.762072309,0.762072309
B,austin,2026-06-07,20260607T120700-0400,,,eq,90,91,0.401171868,0.401171868
B,austin,2026-06-07,20260607T130915-0400,,,eq,90,91,0.325617744,0.325617744
B,austin,2026-06-07,20260607T140126-0400,,,eq,90,91,0.475353077,0.475353077
B,austin,2026-06-07,20260607T150314-0400,,,eq,90,91,0.638350062,0.638350062
B,austin,2026-06-07,20260607T160457-0400,,,eq,90,91,0.701078104,0.701078104
B,austin,2026-06-07,20260607T170737-0400,,,eq,90,91,0.414332187,0.414332187
B,austin,2026-06-07,20260607T181015-0400,,,eq,90,91,0.0903149954,0.0903149954
B,austin,2026-06-07,20260607T190209-0400,,,eq,90,91,0.994233548,0.994233548
B,austin,2026-06-07,20260607T200347-0400,,,eq,90,91,0.999933633,0.999933633
B,austin,2026-06-07,20260607T210532-0400,,,eq,90,91,0.999940467,0.999940467
B,austin,2026-06-07,20260607T220712-0400,,,eq,90,91,0.999945561,0.999945561
B,austin,2026-06-07,20260607T230919-0400,,,eq,90,91,0.999945561,0.999945561
B,austin,2026-06-07,20260608T000050-0400,,,eq,90,91,0.999945561,0.999945561
B,austin,2026-06-08,20260608T010232-0400,,,eq,88,89,0.432995506,0.432995506
B,austin,2026-06-08,20260608T020401-0400,,,eq,88,89,0.206754857,0.206754857
B,austin,2026-06-08,20260608T030548-0400,,,eq,88,89,0.33763553,0.33763553
B,austin,2026-06-08,20260608T040708-0400,,,eq,88,89,0.437930371,0.437930371
B,austin,2026-06-08,20260608T050849-0400,,,eq,88,89,0.240317959,0.240317959
B,austin,2026-06-08,20260608T060033-0400,,,eq,88,89,0.41459168,0.41459168
B,austin,2026-06-08,20260608T070218-0400,,,eq,88,89,0.350112469,0.350112469
B,austin,2026-06-08,20260608T080352-0400,,,eq,88,89,0.563259266,0.563259266
B,austin,2026-06-08,20260608T090545-0400,,,eq,88,89,0.348634414,0.348634414
B,austin,2026-06-08,20260608T100735-0400,,,eq,88,89,0.766895062,0.766895062
B,austin,2026-06-08,20260608T110925-0400,,,eq,88,89,0.34437336,0.34437336
B,austin,2026-06-08,20260608T120106-0400,,,eq,88,89,0.499085689,0.499085689
B,austin,2026-06-08,20260608T130301-0400,,,eq,88,89,0.230620737,0.230620737
B,austin,2026-06-08,20260608T140510-0400,,,eq,88,89,0.701617432,0.701617432
B,austin,2026-06-08,20260608T150712-0400,,,eq,88,89,0.460268658,0.460268658
B,austin,2026-06-08,20260608T160956-0400,,,eq,88,89,0.9495513,0.9495513
B,austin,2026-06-08,20260608T170219-0400,,,eq,88,89,0.985469125,0.985469125
B,austin,2026-06-08,20260608T180443-0400,,,eq,88,89,0.99993547,0.99993547
B,austin,2026-06-08,20260608T191525-0400,,,eq,88,89,0.997443555,0.997443555
B,austin,2026-06-08,20260608T200644-0400,,,eq,88,89,0.999668554,0.999668554
B,austin,2026-06-08,20260608T210810-0400,,,eq,88,89,0.999584344,0.999584344
B,austin,2026-06-08,20260608T220944-0400,,,eq,88,89,0.998732855,0.998732855
B,austin,2026-06-08,20260608T230130-0400,,,eq,88,89,0.998732855,0.998732855
B,austin,2026-06-08,20260609T000253-0400,,,eq,88,89,0.998732855,0.998732855
B,austin,2026-06-11,20260611T050119-0400,,,eq,92,93,0.763007967,0.763007967
B,austin,2026-06-11,20260611T061017-0400,,,eq,92,93,0.708596714,0.708596714
B,austin,2026-06-11,20260611T070046-0400,,,eq,92,93,0.743603603,0.743603603
B,austin,2026-06-11,20260611T080401-0400,,,eq,92,93,0.743603603,0.743603603
B,austin,2026-06-11,20260611T090609-0400,,,eq,92,93,0.71379737,0.71379737
B,austin,2026-06-11,20260611T100748-0400,,,eq,92,93,0.610263045,0.610263045
B,austin,2026-06-11,20260611T110326-0400,,,eq,92,93,0.784014054,0.784014054
B,austin,2026-06-11,20260611T120524-0400,,,eq,92,93,0.938667907,0.938667907
B,austin,2026-06-11,20260611T130710-0400,,,eq,92,93,0.890338659,0.890338659
B,austin,2026-06-11,20260611T140947-0400,,,eq,92,93,0.713081248,0.713081248
B,austin,2026-06-11,20260611T150151-0400,,,eq,92,93,0.79048397,0.79048397
B,austin,2026-06-11,20260611T160415-0400,,,eq,92,93,0.812109676,0.812109676
B,austin,2026-06-11,20260611T170618-0400,,,eq,92,93,0.953990626,0.953990626
B,austin,2026-06-11,20260611T180825-0400,,,eq,92,93,0.608272638,0.608272638
B,austin,2026-06-11,20260611T190958-0400,,,eq,92,93,0.989057166,0.989057166
B,austin,2026-06-11,20260611T200213-0400,,,eq,92,93,0.998106711,0.998106711
B,austin,2026-06-11,20260611T210544-0400,,,eq,92,93,0.998200966,0.998200966
B,austin,2026-06-11,20260611T220727-0400,,,eq,92,93,0.998186728,0.998186728
B,austin,2026-06-11,20260611T231002-0400,,,eq,92,93,0.998186728,0.998186728
B,austin,2026-06-11,20260612T000129-0400,,,eq,92,93,0.998186728,0.998186728
B,austin,2026-06-12,20260612T010301-0400,,,eq,94,95,0.115912171,0.115912171
B,austin,2026-06-12,20260612T020450-0400,,,eq,94,95,0.00656242189,0.00656242189
B,austin,2026-06-12,20260612T030611-0400,,,eq,94,95,0.00869554164,0.00869554164
B,austin,2026-06-12,20260612T040734-0400,,,eq,94,95,0.00824898686,0.00824898686
B,austin,2026-06-12,20260612T050852-0400,,,eq,94,95,0.00640000473,0.00640000473
B,austin,2026-06-12,20260612T060033-0400,,,eq,94,95,0.0345225802,0.0345225802
B,austin,2026-06-12,20260612T070209-0400,,,eq,94,95,0.0262167202,0.0262167202
B,austin,2026-06-12,20260612T080352-0400,,,eq,94,95,0.399392803,0.399392803
B,austin,2026-06-12,20260612T090629-0400,,,eq,94,95,0.0371427727,0.0371427727
B,austin,2026-06-12,20260612T100819-0400,,,eq,94,95,0.0482642887,0.0482642887
B,austin,2026-06-12,20260612T111009-0400,,,eq,94,95,0.461971107,0.461971107
B,austin,2026-06-12,20260612T120141-0400,,,eq,94,95,0.00937836646,0.00937836646
B,austin,2026-06-12,20260612T130330-0400,,,eq,94,95,0.0642750026,0.0642750026
B,austin,2026-06-12,20260612T140511-0400,,,eq,94,95,0.0167689216,0.0167689216
B,austin,2026-06-12,20260612T150659-0400,,,eq,94,95,0.0368214588,0.0368214588
B,austin,2026-06-12,20260612T160903-0400,,,eq,94,95,0.611201425,0.611201425
B,austin,2026-06-12,20260612T170050-0400,,,eq,94,95,0.78087379,0.78087379
B,austin,2026-06-12,20260612T180249-0400,,,eq,94,95,0.988300565,0.988300565
B,austin,2026-06-12,20260612T190413-0400,,,eq,94,95,0.999592335,0.999592335
B,austin,2026-06-12,20260612T200648-0400,,,eq,94,95,0.999931286,0.999931286
B,austin,2026-06-12,20260612T210911-0400,,,eq,94,95,0.999948649,0.999948649
B,austin,2026-06-12,20260612T220050-0400,,,eq,94,95,0.999948681,0.999948681
B,austin,2026-06-12,20260612T230251-0400,,,eq,94,95,0.999948681,0.999948681
B,austin,2026-06-12,20260613T000422-0400,,,eq,94,95,0.999948681,0.999948681
B,austin,2026-06-13,20260613T010553-0400,,,eq,92,93,0.2197708,0.2197708
B,austin,2026-06-13,20260613T020724-0400,,,eq,92,93,0.597239642,0.597239642
B,austin,2026-06-13,20260613T030850-0400,,,eq,92,93,0.685055252,0.685055252
B,austin,2026-06-13,20260613T040005-0400,,,eq,92,93,0.587933941,0.587933941
B,austin,2026-06-13,20260613T050150-0400,,,eq,92,93,0.611221846,0.611221846
B,austin,2026-06-13,20260613T060301-0400,,,eq,92,93,0.492083865,0.492083865
B,austin,2026-06-13,20260613T070421-0400,,,eq,92,93,0.419247889,0.419247889
B,austin,2026-06-13,20260613T080609-0400,,,eq,92,93,0.61481953,0.61481953
B,austin,2026-06-13,20260613T090736-0400,,,eq,92,93,0.767024547,0.767024547
B,austin,2026-06-13,20260613T100903-0400,,,eq,92,93,0.778263698,0.778263698
B,austin,2026-06-13,20260613T110057-0400,,,eq,92,93,0.422246155,0.422246155
B,austin,2026-06-13,20260613T120723-0400,,,eq,92,93,0.191959045,0.191959045
B,austin,2026-06-13,20260613T130947-0400,,,eq,92,93,0.565283248,0.565283248
B,austin,2026-06-13,20260613T140115-0400,,,eq,92,93,0.210184318,0.210184318
B,austin,2026-06-13,20260613T150249-0400,,,eq,92,93,0.438230294,0.438230294
B,austin,2026-06-13,20260613T160419-0400,,,eq,92,93,0.678184047,0.678184047
B,austin,2026-06-13,20260613T170617-0400,,,eq,92,93,0.857114361,0.857114361
B,austin,2026-06-13,20260613T180837-0400,,,eq,92,93,0.98284761,0.98284761
B,austin,2026-06-13,20260613T190048-0400,,,eq,92,93,0.994593392,0.994593392
B,austin,2026-06-13,20260613T200331-0400,,,eq,92,93,0.998184806,0.998184806
B,austin,2026-06-13,20260613T210528-0400,,,eq,92,93,0.998187378,0.998187378
B,austin,2026-06-13,20260613T220049-0400,,,eq,92,93,0.998573897,0.998573897
B,austin,2026-06-13,20260613T230233-0400,,,eq,92,93,0.998573897,0.998573897
B,austin,2026-06-13,20260614T000207-0400,,,eq,92,93,0.998573897,0.998573897
B,austin,2026-06-14,20260614T010959-0400,,,eq,92,93,0.182315154,0.182315154
B,austin,2026-06-14,20260614T020133-0400,,,eq,92,93,0.60534741,0.60534741
B,austin,2026-06-14,20260614T030316-0400,,,eq,92,93,0.596057223,0.596057223
B,austin,2026-06-14,20260614T040445-0400,,,eq,92,93,0.593465897,0.593465897
B,austin,2026-06-14,20260614T050306-0400,,,eq,92,93,0.656325825,0.656325825
B,austin,2026-06-14,20260614T060713-0400,,,eq,92,93,0.65005208,0.65005208
B,austin,2026-06-14,20260614T070829-0400,,,eq,92,93,0.643223575,0.643223575
B,austin,2026-06-14,20260614T080301-0400,,,eq,92,93,0.697561385,0.697561385
B,austin,2026-06-14,20260614T090107-0400,,,eq,92,93,0.588678411,0.588678411
B,austin,2026-06-14,20260614T100242-0400,,,eq,92,93,0.603133929,0.603133929
B,austin,2026-06-14,20260614T110201-0400,,,eq,92,93,0.637388646,0.637388646
B,austin,2026-06-14,20260614T120012-0400,,,eq,92,93,0.526425765,0.526425765
B,austin,2026-06-14,20260614T130710-0400,,,eq,92,93,0.0996093925,0.0996093925
B,austin,2026-06-14,20260614T140403-0400,,,eq,92,93,0.111825793,0.111825793
B,austin,2026-06-14,20260614T150402-0400,,,eq,92,93,0.755254499,0.755254499
B,austin,2026-06-14,20260614T160130-0400,,,eq,92,93,0.999935355,0.999935355
B,austin,2026-06-14,20260614T170525-0400,,,eq,92,93,0.991314019,0.991314019
B,austin,2026-06-14,20260614T180356-0400,,,eq,92,93,0.999956623,0.999956623
B,austin,2026-06-14,20260614T190532-0400,,,eq,92,93,0.999957722,0.999957722
B,austin,2026-06-14,20260614T200033-0400,,,eq,92,93,0.999788821,0.999788821
B,austin,2026-06-14,20260614T210046-0400,,,eq,92,93,0.999772479,0.999772479
B,austin,2026-06-14,20260614T220326-0400,,,eq,92,93,0.999772634,0.999772634
B,austin,2026-06-14,20260614T230533-0400,,,eq,92,93,0.999772634,0.999772634
B,austin,2026-06-14,20260615T000533-0400,,,eq,92,93,0.999772634,0.999772634
B,austin,2026-06-15,20260615T010536-0400,,,eq,82,83,0.188886278,0.188886278
B,austin,2026-06-15,20260615T020621-0400,,,eq,82,83,0.171136951,0.171136951
B,austin,2026-06-15,20260615T030532-0400,,,eq,82,83,0.0567906095,0.0567906095
B,austin,2026-06-15,20260615T040534-0400,,,eq,82,83,0.04519559,0.04519559
B,austin,2026-06-15,20260615T050533-0400,,,eq,82,83,0.0323347259,0.0323347259
B,austin,2026-06-15,20260615T060727-0400,,,eq,82,83,0.0219536524,0.0219536524
B,austin,2026-06-15,20260615T071538-0400,,,eq,82,83,0.0357492425,0.0357492425
B,austin,2026-06-15,20260615T080537-0400,,,eq,82,83,0.0695147006,0.0695147006
B,austin,2026-06-15,20260615T090023-0400,,,eq,82,83,0.0517093341,0.0517093341
B,austin,2026-06-15,20260615T100541-0400,,,eq,82,83,0.0420176588,0.0420176588
B,austin,2026-06-15,20260615T111542-0400,,,eq,82,83,0.10988539,0.10988539
B,austin,2026-06-15,20260615T121532-0400,,,eq,82,83,0.213978993,0.213978993
B,austin,2026-06-15,20260615T130543-0400,,,eq,82,83,0.160379268,0.160379268
B,austin,2026-06-15,20260615T140534-0400,,,eq,82,83,0.136721262,0.136721262
B,austin,2026-06-15,20260615T150543-0400,,,eq,82,83,0.135008091,0.135008091
B,austin,2026-06-15,20260615T160511-0400,,,eq,82,83,0.136232646,0.136232646
B,austin,2026-06-15,20260615T170517-0400,,,eq,82,83,0.119548317,0.119548317
B,austin,2026-06-15,20260615T180713-0400,,,eq,82,83,0.387807835,0.387807835
B,austin,2026-06-15,20260615T190532-0400,,,eq,82,83,0.928795495,0.928795495
B,austin,2026-06-15,20260615T202513-0400,,,eq,82,83,0.497411376,0.497411376
B,austin,2026-06-15,20260615T211607-0400,,,eq,82,83,0.583340503,0.583340503
B,austin,2026-06-15,20260615T220028-0400,,,eq,82,83,0.542191667,0.542191667
B,austin,2026-06-15,20260615T231050-0400,,,eq,82,83,0.542191667,0.542191667
B,austin,2026-06-15,20260616T001034-0400,,,eq,82,83,0.542191667,0.542191667
B,austin,2026-06-16,20260616T010510-0400,,,eq,90,91,0.0293188056,0.0293188056
B,austin,2026-06-16,20260616T020506-0400,,,eq,90,91,0.239007744,0.239007744
B,austin,2026-06-16,20260616T030130-0400,,,eq,90,91,0.239007744,0.239007744
B,austin,2026-06-16,20260616T040107-0400,,,eq,90,91,0.162368832,0.162368832
B,austin,2026-06-16,20260616T050518-0400,,,eq,90,91,0.0771951808,0.0771951808
B,austin,2026-06-16,20260616T060109-0400,,,eq,90,91,0.284005502,0.284005502
B,austin,2026-06-16,20260616T070211-0400,,,eq,90,91,0.297770449,0.297770449
B,austin,2026-06-16,20260616T080209-0400,,,eq,90,91,0.372673756,0.372673756
B,austin,2026-06-16,20260616T090446-0400,,,eq,90,91,0.474164988,0.474164988
B,austin,2026-06-16,20260616T100233-0400,,,eq,90,91,0.412327116,0.412327116
B,austin,2026-06-16,20260616T111220-0400,,,eq,90,91,0.319712318,0.319712318
B,austin,2026-06-16,20260616T120217-0400,,,eq,90,91,0.320148583,0.320148583
B,austin,2026-06-16,20260616T130317-0400,,,eq,90,91,0.419529686,0.419529686
B,austin,2026-06-16,20260616T140514-0400,,,eq,90,91,0.536885537,0.536885537
B,austin,2026-06-16,20260616T151512-0400,,,eq,90,91,0.375575231,0.375575231
B,austin,2026-06-16,20260616T160307-0400,,,eq,90,91,0.272412171,0.272412171
B,austin,2026-06-16,20260616T170312-0400,,,eq,90,91,0.938190809,0.938190809
B,austin,2026-06-16,20260616T180035-0400,,,eq,90,91,0.999664958,0.999664958
B,austin,2026-06-16,20260616T190239-0400,,,eq,90,91,0.99933109,0.99933109
B,austin,2026-06-16,20260616T200251-0400,,,eq,90,91,0.999906872,0.999906872
B,austin,2026-06-16,20260616T210125-0400,,,eq,90,91,0.999920363,0.999920363
B,austin,2026-06-16,20260616T220233-0400,,,eq,90,91,0.999942803,0.999942803
B,austin,2026-06-16,20260616T230233-0400,,,eq,90,91,0.999942803,0.999942803
B,austin,2026-06-16,20260617T000233-0400,,,eq,90,91,0.999942803,0.999942803
B,austin,2026-06-17,20260617T010234-0400,,,eq,88,89,0.442053492,0.442053492
B,austin,2026-06-17,20260617T020236-0400,,,eq,88,89,0.25279615,0.25279615
B,austin,2026-06-17,20260617T030533-0400,,,eq,88,89,0.03165483,0.03165483
B,austin,2026-06-17,20260617T040244-0400,,,eq,88,89,0.0230975547,0.0230975547
B,austin,2026-06-17,20260617T050234-0400,,,eq,88,89,0.0377028342,0.0377028342
B,austin,2026-06-17,20260617T060232-0400,,,eq,88,89,0.0264901956,0.0264901956
B,austin,2026-06-17,20260617T070233-0400,,,eq,88,89,0.027261968,0.027261968
B,austin,2026-06-17,20260617T080633-0400,,,eq,88,89,0.0228757922,0.0228757922
B,austin,2026-06-17,20260617T091232-0400,,,eq,88,89,0.0241639204,0.0241639204
B,austin,2026-06-17,20260617T100237-0400,,,eq,88,89,0.0327783643,0.0327783643
B,austin,2026-06-17,20260617T110236-0400,,,eq,88,89,0.036043084,0.036043084
B,austin,2026-06-17,20260617T124234-0400,,,eq,88,89,0.0218232425,0.0218232425
B,austin,2026-06-17,20260617T131232-0400,,,eq,88,89,0.0614042142,0.0614042142
B,austin,2026-06-17,20260617T142734-0400,,,eq,88,89,0.0619244284,0.0619244284
B,austin,2026-06-17,20260617T150739-0400,,,eq,88,89,0.0630231628,0.0630231628
B,austin,2026-06-17,20260617T160248-0400,,,eq,88,89,0.212318502,0.212318502
B,austin,2026-06-17,20260617T171233-0400,,,eq,88,89,0.212027807,0.212027807
B,austin,2026-06-17,20260617T181237-0400,,,eq,88,89,0.567474807,0.567474807
B,austin,2026-06-17,20260617T190840-0400,,,eq,88,89,0.651061042,0.651061042
B,austin,2026-06-17,20260617T201240-0400,,,eq,88,89,0.993342335,0.993342335
B,austin,2026-06-17,20260617T211234-0400,,,eq,88,89,0.980672259,0.980672259
B,austin,2026-06-17,20260617T221239-0400,,,eq,88,89,0.982125767,0.982125767
B,austin,2026-06-17,20260617T230232-0400,,,eq,88,89,0.982125767,0.982125767
B,austin,2026-06-17,20260618T000240-0400,,,eq,88,89,0.982125767,0.982125767
B,austin,2026-06-19,20260619T010233-0400,,,eq,88,89,0.0541303955,0.0541303955
B,austin,2026-06-19,20260619T020231-0400,,,eq,88,89,0.031529471,0.031529471
B,austin,2026-06-19,20260619T030738-0400,,,eq,88,89,0.0267785454,0.0267785454
B,austin,2026-06-19,20260619T041232-0400,,,eq,88,89,0.0304813924,0.0304813924
B,austin,2026-06-19,20260619T050434-0400,,,eq,88,89,0.0260594242,0.0260594242
B,austin,2026-06-19,20260619T060528-0400,,,eq,88,89,0.02957691,0.02957691
B,austin,2026-06-19,20260619T070239-0400,,,eq,88,89,0.0319678002,0.0319678002
B,austin,2026-06-19,20260619T080612-0400,,,eq,88,89,0.0319678002,0.0319678002
B,austin,2026-06-19,20260619T090345-0400,,,eq,88,89,0.0316443519,0.0316443519
B,austin,2026-06-19,20260619T100630-0400,,,eq,88,89,0.032643534,0.032643534
B,austin,2026-06-19,20260619T110238-0400,,,eq,88,89,0.0390124682,0.0390124682
B,austin,2026-06-19,20260619T120235-0400,,,eq,88,89,0.0928670365,0.0928670365
B,austin,2026-06-19,20260619T130312-0400,,,eq,88,89,0.0519598122,0.0519598122
B,austin,2026-06-19,20260619T140643-0400,,,eq,88,89,0.0432640134,0.0432640134
B,austin,2026-06-19,20260619T150238-0400,,,eq,88,89,0.0689914045,0.0689914045
B,austin,2026-06-19,20260619T160333-0400,,,eq,88,89,0.561769622,0.561769622
B,austin,2026-06-19,20260619T170233-0400,,,eq,88,89,0.424842794,0.424842794
B,austin,2026-06-19,20260619T180735-0400,,,eq,88,89,0.448584654,0.448584654
B,austin,2026-06-19,20260619T190011-0400,,,eq,88,89,0.98296633,0.98296633
B,austin,2026-06-19,20260619T201453-0400,,,eq,88,89,0.999628498,0.999628498
B,austin,2026-06-19,20260619T210303-0400,,,eq,88,89,0.998962511,0.998962511
B,austin,2026-06-19,20260619T220659-0400,,,eq,88,89,0.999106065,0.999106065
B,austin,2026-06-19,20260619T230140-0400,,,eq,88,89,0.999106065,0.999106065
B,austin,2026-06-19,20260620T000544-0400,,,eq,88,89,0.999106065,0.999106065
B,austin,2026-06-20,20260620T010541-0400,,,eq,88,89,0.391856601,0.391856601
B,austin,2026-06-20,20260620T020538-0400,,,eq,88,89,0.386480822,0.386480822
B,austin,2026-06-20,20260620T030139-0400,,,eq,88,89,0.351557012,0.351557012
B,austin,2026-06-20,20260620T041541-0400,,,eq,88,89,0.373576342,0.373576342
B,austin,2026-06-20,20260620T050040-0400,,,eq,88,89,0.280916445,0.280916445
B,austin,2026-06-20,20260620T060138-0400,,,eq,88,89,0.231775815,0.231775815
B,austin,2026-06-20,20260620T071540-0400,,,eq,88,89,0.343302906,0.343302906
B,austin,2026-06-20,20260620T080239-0400,,,eq,88,89,0.269530318,0.269530318
B,austin,2026-06-20,20260620T090546-0400,,,eq,88,89,0.466037163,0.466037163
B,austin,2026-06-20,20260620T100854-0400,,,eq,88,89,0.638490784,0.638490784
B,austin,2026-06-20,20260620T110031-0400,,,eq,88,89,0.478037089,0.478037089
B,austin,2026-06-20,20260620T120120-0400,,,eq,88,89,0.243840265,0.243840265
B,austin,2026-06-20,20260620T130119-0400,,,eq,88,89,0.669777543,0.669777543
B,austin,2026-06-20,20260620T140024-0400,,,eq,88,89,0.358873434,0.358873434
B,austin,2026-06-20,20260620T150029-0400,,,eq,88,89,0.241204854,0.241204854
B,austin,2026-06-20,20260620T160138-0400,,,eq,88,89,0.362251399,0.362251399
B,austin,2026-06-20,20260620T170046-0400,,,eq,88,89,0.296246423,0.296246423
B,austin,2026-06-20,20260620T180038-0400,,,eq,88,89,0.955250505,0.955250505
B,austin,2026-06-20,20260620T190207-0400,,,eq,88,89,0.9768746,0.9768746
B,austin,2026-06-20,20260620T201034-0400,,,eq,88,89,0.996768565,0.996768565
B,austin,2026-06-20,20260620T210034-0400,,,eq,88,89,0.995148153,0.995148153
B,austin,2026-06-20,20260620T220109-0400,,,eq,88,89,0.99413882,0.99413882
B,austin,2026-06-20,20260620T230309-0400,,,eq,88,89,0.99413882,0.99413882
B,austin,2026-06-20,20260621T000039-0400,,,eq,88,89,0.99413882,0.99413882
B,austin,2026-06-21,20260621T010037-0400,,,eq,92,93,0.0639387279,0.0639387279
B,austin,2026-06-21,20260621T021037-0400,,,eq,92,93,0.104531345,0.104531345
B,austin,2026-06-21,20260621T030437-0400,,,eq,92,93,0.0658563661,0.0658563661
B,austin,2026-06-21,20260621T041221-0400,,,eq,92,93,0.11916728,0.11916728
B,austin,2026-06-21,20260621T050023-0400,,,eq,92,93,0.135032871,0.135032871
B,austin,2026-06-21,20260621T060022-0400,,,eq,92,93,0.122675415,0.122675415
B,austin,2026-06-21,20260621T070041-0400,,,eq,92,93,0.122675415,0.122675415
B,austin,2026-06-21,20260621T080027-0400,,,eq,92,93,0.358188159,0.358188159
B,austin,2026-06-21,20260621T090028-0400,,,eq,92,93,0.155397736,0.155397736
B,austin,2026-06-21,20260621T100028-0400,,,eq,92,93,0.348210152,0.348210152
B,austin,2026-06-21,20260621T110221-0400,,,eq,92,93,0.333874004,0.333874004
B,austin,2026-06-21,20260621T120122-0400,,,eq,92,93,0.341874555,0.341874555
B,austin,2026-06-21,20260621T130231-0400,,,eq,92,93,0.0666398842,0.0666398842
B,austin,2026-06-21,20260621T141227-0400,,,eq,92,93,0.32174362,0.32174362
B,austin,2026-06-21,20260621T150027-0400,,,eq,92,93,0.329225166,0.329225166
B,austin,2026-06-21,20260621T160034-0400,,,eq,92,93,0.677903335,0.677903335
B,austin,2026-06-21,20260621T170025-0400,,,eq,92,93,0.975500836,0.975500836
B,austin,2026-06-21,20260621T180035-0400,,,eq,92,93,0.804660846,0.804660846
B,austin,2026-06-21,20260621T190038-0400,,,eq,92,93,0.992118254,0.992118254
B,austin,2026-06-21,20260621T200041-0400,,,eq,92,93,0.998617359,0.998617359
B,austin,2026-06-21,20260621T210052-0400,,,eq,92,93,0.998621557,0.998621557
B,austin,2026-06-21,20260621T225337-0400,,,eq,92,93,0.998228916,0.998228916
B,austin,2026-06-21,20260621T230009-0400,,,eq,92,93,0.998228916,0.998228916
B,austin,2026-06-21,20260622T000000-0400,,,eq,92,93,0.998228916,0.998228916
B,austin,2026-06-22,20260622T010241-0400,,,eq,94,95,0.111831853,0.111831853
B,austin,2026-06-22,20260622T021031-0400,,,eq,94,95,0.0629306668,0.0629306668
B,austin,2026-06-22,20260622T030030-0400,,,eq,94,95,0.161926229,0.161926229
B,austin,2026-06-22,20260622T040023-0400,,,eq,94,95,0.152979533,0.152979533
B,austin,2026-06-22,20260622T050120-0400,,,eq,94,95,0.22845949,0.22845949
B,austin,2026-06-22,20260622T061030-0400,,,eq,94,95,0.170415911,0.170415911
B,austin,2026-06-22,20260622T070025-0400,,,eq,94,95,0.14701242,0.14701242
B,austin,2026-06-22,20260622T081032-0400,,,eq,94,95,0.175735702,0.175735702
B,austin,2026-06-22,20260622T090032-0400,,,eq,94,95,0.175735702,0.175735702
B,austin,2026-06-22,20260622T100023-0400,,,eq,94,95,0.350087849,0.350087849
B,austin,2026-06-22,20260622T110027-0400,,,eq,94,95,0.478970584,0.478970584
B,austin,2026-06-22,20260622T120037-0400,,,eq,94,95,0.126142574,0.126142574
B,austin,2026-06-22,20260622T130022-0400,,,eq,94,95,0.216352783,0.216352783
B,austin,2026-06-22,20260622T140119-0400,,,eq,94,95,0.714969485,0.714969485
B,austin,2026-06-22,20260622T150129-0400,,,eq,94,95,0.876220999,0.876220999
B,austin,2026-06-22,20260622T160124-0400,,,eq,94,95,0.912206948,0.912206948
B,austin,2026-06-22,20260622T171529-0400,,,eq,94,95,0.864662098,0.864662098
B,austin,2026-06-22,20260622T180043-0400,,,eq,94,95,0.985212066,0.985212066
B,austin,2026-06-22,20260622T190848-0400,,,eq,94,95,0.997410352,0.997410352
B,austin,2026-06-22,20260622T200531-0400,,,eq,94,95,0.999827783,0.999827783
B,austin,2026-06-22,20260622T211445-0400,,,eq,94,95,0.999832094,0.999832094
B,austin,2026-06-22,20260622T220235-0400,,,eq,94,95,0.99983211,0.99983211
B,austin,2026-06-22,20260622T231042-0400,,,eq,94,95,0.99983211,0.99983211
B,austin,2026-06-22,20260623T000233-0400,,,eq,94,95,0.99983211,0.99983211
B,austin,2026-06-26,20260626T010923-0400,,,eq,94,95,0.720609287,0.720609287
B,austin,2026-06-26,20260626T020925-0400,,,eq,94,95,0.582701454,0.582701454
B,austin,2026-06-26,20260626T030925-0400,,,eq,94,95,0.652109961,0.652109961
B,austin,2026-06-26,20260626T040923-0400,,,eq,94,95,0.653901095,0.653901095
B,austin,2026-06-26,20260626T051920-0400,,,eq,94,95,0.645532623,0.645532623
B,austin,2026-06-26,20260626T060028-0400,,,eq,94,95,0.702465768,0.702465768
B,austin,2026-06-26,20260626T070923-0400,,,eq,94,95,0.643128446,0.643128446
B,austin,2026-06-26,20260626T081031-0400,,,eq,94,95,0.791361206,0.791361206
B,austin,2026-06-26,20260626T090110-0400,,,eq,94,95,0.773231637,0.773231637
B,austin,2026-06-26,20260626T101049-0400,,,eq,94,95,0.348897374,0.348897374
B,austin,2026-06-26,20260626T110412-0400,,,eq,94,95,0.158859452,0.158859452
B,austin,2026-06-26,20260626T121048-0400,,,eq,94,95,0.400410309,0.400410309
B,austin,2026-06-26,20260626T130050-0400,,,eq,94,95,0.461930709,0.461930709
B,austin,2026-06-26,20260626T140151-0400,,,eq,94,95,0.373815975,0.373815975
B,austin,2026-06-26,20260626T150628-0400,,,eq,94,95,0.355767415,0.355767415
B,austin,2026-06-26,20260626T160203-0400,,,eq,94,95,0.662673225,0.662673225
B,austin,2026-06-26,20260626T170638-0400,,,eq,94,95,0.810021191,0.810021191
B,austin,2026-06-26,20260626T180209-0400,,,eq,94,95,0.983481268,0.983481268
B,austin,2026-06-26,20260626T190626-0400,,,eq,94,95,0.995875204,0.995875204
B,austin,2026-06-26,20260626T201623-0400,,,eq,94,95,0.999565646,0.999565646
B,austin,2026-06-26,20260626T210234-0400,,,eq,94,95,0.999670145,0.999670145
B,austin,2026-06-26,20260626T220234-0400,,,eq,94,95,0.999665552,0.999665552
B,austin,2026-06-26,20260626T230633-0400,,,eq,94,95,0.999665552,0.999665552
B,austin,2026-06-26,20260627T000637-0400,,,eq,94,95,0.999665547,0.999665547
B,austin,2026-06-28,20260628T010232-0400,,,eq,94,95,0.104646939,0.104646939
B,austin,2026-06-28,20260628T020240-0400,,,eq,94,95,0.104646939,0.104646939
B,austin,2026-06-28,20260628T030236-0400,,,eq,94,95,0.0638402435,0.0638402435
B,austin,2026-06-28,20260628T040243-0400,,,eq,94,95,0.0698491383,0.0698491383
B,austin,2026-06-28,20260628T050228-0400,,,eq,94,95,0.0638402435,0.0638402435
B,austin,2026-06-28,20260628T060232-0400,,,eq,94,95,0.0638605636,0.0638605636
B,austin,2026-06-28,20260628T070226-0400,,,eq,94,95,0.0638605636,0.0638605636
B,austin,2026-06-28,20260628T080228-0400,,,eq,94,95,0.066704316,0.066704316
B,austin,2026-06-28,20260628T090234-0400,,,eq,94,95,0.101044583,0.101044583
B,austin,2026-06-28,20260628T101232-0400,,,eq,94,95,0.0721866007,0.0721866007
B,austin,2026-06-28,20260628T110314-0400,,,eq,94,95,0.120996273,0.120996273
B,austin,2026-06-28,20260628T120238-0400,,,eq,94,95,0.687197666,0.687197666
B,austin,2026-06-28,20260628T130233-0400,,,eq,94,95,0.512200021,0.512200021
B,austin,2026-06-28,20260628T140230-0400,,,eq,94,95,0.331065225,0.331065225
B,austin,2026-06-28,20260628T150235-0400,,,eq,94,95,0.709862801,0.709862801
B,austin,2026-06-28,20260628T160239-0400,,,eq,94,95,0.639167197,0.639167197
B,austin,2026-06-28,20260628T170229-0400,,,eq,94,95,0.454741725,0.454741725
B,austin,2026-06-28,20260628T180419-0400,,,eq,94,95,0.645972692,0.645972692
B,austin,2026-06-28,20260628T190437-0400,,,eq,94,95,0.825323385,0.825323385
B,austin,2026-06-28,20260628T200354-0400,,,eq,94,95,0.164117439,0.164117439
B,austin,2026-06-28,20260628T210508-0400,,,eq,94,95,0.157043042,0.157043042
B,austin,2026-06-29,20260629T104059-0400,,,eq,96,97,0.51470558,0.51470558
B,austin,2026-06-29,20260629T110103-0400,,,eq,96,97,0.204350118,0.204350118
B,austin,2026-06-29,20260629T121104-0400,,,eq,96,97,0.265612917,0.265612917
B,austin,2026-06-29,20260629T131408-0400,,,eq,96,97,0.176177531,0.176177531
B,austin,2026-06-29,20260629T140517-0400,,,eq,96,97,0.224997446,0.224997446
B,austin,2026-06-29,20260629T150416-0400,,,eq,96,97,0.330237459,0.330237459
B,austin,2026-06-29,20260629T160800-0400,,,eq,96,97,0.733173011,0.733173011
B,austin,2026-06-29,20260629T170228-0400,,,eq,96,97,0.567458023,0.567458023
B,austin,2026-06-29,20260629T180658-0400,,,eq,96,97,0.951754946,0.951754946
B,austin,2026-06-29,20260629T190751-0400,,,eq,96,97,0.135478979,0.135478979
B,austin,2026-06-29,20260629T200453-0400,,,eq,96,97,0.0921166099,0.0921166099
B,austin,2026-06-29,20260629T210310-0400,,,eq,96,97,0.143667963,0.143667963
B,austin,2026-06-29,20260629T220249-0400,,,eq,96,97,0.109462749,0.109462749
B,austin,2026-06-29,20260629T230846-0400,,,eq,96,97,0.102651194,0.102651194
B,austin,2026-06-29,20260630T000406-0400,,,eq,96,97,0.0997630789,0.0997630789
B,austin,2026-06-30,20260630T010024-0400,,,eq,94,95,0.586110179,0.586110179
B,austin,2026-06-30,20260630T020351-0400,,,eq,94,95,0.625104278,0.625104278
B,austin,2026-06-30,20260630T030720-0400,,,eq,94,95,0.662414385,0.662414385
B,austin,2026-06-30,20260630T040145-0400,,,eq,94,95,0.620920417,0.620920417
B,austin,2026-06-30,20260630T050507-0400,,,eq,94,95,0.620920417,0.620920417
B,austin,2026-06-30,20260630T060833-0400,,,eq,94,95,0.660761164,0.660761164
B,austin,2026-06-30,20260630T070259-0400,,,eq,94,95,0.660761164,0.660761164
B,austin,2026-06-30,20260630T080706-0400,,,eq,94,95,0.724991606,0.724991606
B,austin,2026-06-30,20260630T090146-0400,,,eq,94,95,0.757020289,0.757020289
B,austin,2026-06-30,20260630T100039-0400,,,eq,94,95,0.517819895,0.517819895
B,austin,2026-06-30,20260630T110830-0400,,,eq,94,95,0.517913065,0.517913065
B,austin,2026-06-30,20260630T120940-0400,,,eq,94,95,0.676691767,0.676691767
B,austin,2026-06-30,20260630T131531-0400,,,eq,94,95,0.585378615,0.585378615
B,austin,2026-06-30,20260630T141430-0400,,,eq,94,95,0.697523291,0.697523291
B,austin,2026-06-30,20260630T150542-0400,,,eq,94,95,0.770184591,0.770184591
B,austin,2026-06-30,20260630T160032-0400,,,eq,94,95,0.636583354,0.636583354
B,austin,2026-06-30,20260630T170405-0400,,,eq,94,95,0.444584154,0.444584154
B,austin,2026-06-30,20260630T180759-0400,,,eq,94,95,0.672067387,0.672067387
B,austin,2026-06-30,20260630T190228-0400,,,eq,94,95,0.709410106,0.709410106
B,austin,2026-06-30,20260630T200217-0400,,,eq,94,95,0.113667112,0.113667112
B,austin,2026-06-30,20260630T210556-0400,,,eq,94,95,0.129603515,0.129603515
B,austin,2026-06-30,20260630T220030-0400,,,eq,94,95,0.183382516,0.183382516
B,austin,2026-06-30,20260630T230430-0400,,,eq,94,95,0.145697205,0.145697205
B,austin,2026-06-30,20260701T000822-0400,,,eq,94,95,0.126982708,0.126982708
B,chicago,2026-06-07,20260607T010223-0400,,,eq,82,83,0.664157061,0.664157061
B,chicago,2026-06-07,20260607T020346-0400,,,eq,82,83,0.409715683,0.409715683
B,chicago,2026-06-07,20260607T030455-0400,,,eq,82,83,0.373088244,0.373088244
B,chicago,2026-06-07,20260607T040614-0400,,,eq,82,83,0.7694854,0.7694854
B,chicago,2026-06-07,20260607T050731-0400,,,eq,82,83,0.785958206,0.785958206
B,chicago,2026-06-07,20260607T060834-0400,,,eq,82,83,0.874690688,0.874690688
B,chicago,2026-06-07,20260607T071011-0400,,,eq,82,83,0.857631365,0.857631365
B,chicago,2026-06-07,20260607T080105-0400,,,eq,82,83,0.609008672,0.609008672
B,chicago,2026-06-07,20260607T090233-0400,,,eq,82,83,0.349823209,0.349823209
B,chicago,2026-06-07,20260607T100354-0400,,,eq,82,83,0.660081599,0.660081599
B,chicago,2026-06-07,20260607T110457-0400,,,eq,82,83,0.183121778,0.183121778
B,chicago,2026-06-07,20260607T120701-0400,,,eq,82,83,0.158018884,0.158018884
B,chicago,2026-06-07,20260607T130916-0400,,,eq,82,83,0.254593246,0.254593246
B,chicago,2026-06-07,20260607T140056-0400,,,eq,82,83,0.304201572,0.304201572
B,chicago,2026-06-07,20260607T150315-0400,,,eq,82,83,0.490067681,0.490067681
B,chicago,2026-06-07,20260607T160459-0400,,,eq,82,83,0.978601669,0.978601669
B,chicago,2026-06-07,20260607T170738-0400,,,eq,82,83,0.916446006,0.916446006
B,chicago,2026-06-07,20260607T181017-0400,,,eq,82,83,0.983200516,0.983200516
B,chicago,2026-06-07,20260607T190212-0400,,,eq,82,83,0.992113536,0.992113536
B,chicago,2026-06-07,20260607T200348-0400,,,eq,82,83,0.998474403,0.998474403
B,chicago,2026-06-07,20260607T210533-0400,,,eq,82,83,0.998474403,0.998474403
B,chicago,2026-06-07,20260607T220713-0400,,,eq,82,83,0.998543733,0.998543733
B,chicago,2026-06-07,20260607T230920-0400,,,eq,82,83,0.998543733,0.998543733
B,chicago,2026-06-07,20260608T000052-0400,,,eq,82,83,0.998543733,0.998543733
B,chicago,2026-06-08,20260608T010234-0400,,,eq,84,85,0.387872607,0.387872607
B,chicago,2026-06-08,20260608T020402-0400,,,eq,84,85,0.488816387,0.488816387
B,chicago,2026-06-08,20260608T030549-0400,,,eq,84,85,0.331187484,0.331187484
B,chicago,2026-06-08,20260608T040709-0400,,,eq,84,85,0.380319195,0.380319195
B,chicago,2026-06-08,20260608T050850-0400,,,eq,84,85,0.0999748612,0.0999748612
B,chicago,2026-06-08,20260608T060035-0400,,,eq,84,85,0.149036308,0.149036308
B,chicago,2026-06-08,20260608T070219-0400,,,eq,84,85,0.0861553709,0.0861553709
B,chicago,2026-06-08,20260608T080353-0400,,,eq,84,85,0.100645817,0.100645817
B,chicago,2026-06-08,20260608T090546-0400,,,eq,84,85,0.107529314,0.107529314
B,chicago,2026-06-08,20260608T100736-0400,,,eq,84,85,0.0591479899,0.0591479899
B,chicago,2026-06-08,20260608T110927-0400,,,eq,84,85,0.773210665,0.773210665
B,chicago,2026-06-08,20260608T120107-0400,,,eq,84,85,0.0339385212,0.0339385212
B,chicago,2026-06-08,20260608T130303-0400,,,eq,84,85,0.0284427276,0.0284427276
B,chicago,2026-06-08,20260608T140511-0400,,,eq,84,85,0.458591097,0.458591097
B,chicago,2026-06-08,20260608T150713-0400,,,eq,84,85,0.997049074,0.997049074
B,chicago,2026-06-08,20260608T160957-0400,,,eq,84,85,0.999653367,0.999653367
B,chicago,2026-06-08,20260608T170222-0400,,,eq,84,85,0.904577199,0.904577199
B,chicago,2026-06-08,20260608T180444-0400,,,eq,84,85,0.999384122,0.999384122
B,chicago,2026-06-08,20260608T191527-0400,,,eq,84,85,0.999828135,0.999828135
B,chicago,2026-06-08,20260608T200645-0400,,,eq,84,85,0.999783504,0.999783504
B,chicago,2026-06-08,20260608T210811-0400,,,eq,84,85,0.999695952,0.999695952
B,chicago,2026-06-08,20260608T220945-0400,,,eq,84,85,0.999696955,0.999696955
B,chicago,2026-06-08,20260608T230132-0400,,,eq,84,85,0.999696955,0.999696955
B,chicago,2026-06-08,20260609T000254-0400,,,eq,84,85,0.999696955,0.999696955
B,chicago,2026-06-11,20260611T050130-0400,,,eq,82,83,0.756287132,0.756287132
B,chicago,2026-06-11,20260611T061036-0400,,,eq,82,83,0.75700477,0.75700477
B,chicago,2026-06-11,20260611T070047-0400,,,eq,82,83,0.37085115,0.37085115
B,chicago,2026-06-11,20260611T080402-0400,,,eq,82,83,0.2984675,0.2984675
B,chicago,2026-06-11,20260611T090610-0400,,,eq,82,83,0.743342082,0.743342082
B,chicago,2026-06-11,20260611T100749-0400,,,eq,82,83,0.246643499,0.246643499
B,chicago,2026-06-11,20260611T110328-0400,,,eq,82,83,0.393717377,0.393717377
B,chicago,2026-06-11,20260611T120533-0400,,,eq,82,83,0.665136347,0.665136347
B,chicago,2026-06-11,20260611T130711-0400,,,eq,82,83,0.0948705439,0.0948705439
B,chicago,2026-06-11,20260611T140948-0400,,,eq,82,83,0.316815622,0.316815622
B,chicago,2026-06-11,20260611T150152-0400,,,eq,82,83,0.99839168,0.99839168
B,chicago,2026-06-11,20260611T160416-0400,,,eq,82,83,0.997020161,0.997020161
B,chicago,2026-06-11,20260611T170619-0400,,,eq,82,83,0.98829461,0.98829461
B,chicago,2026-06-11,20260611T180826-0400,,,eq,82,83,0.999756001,0.999756001
B,chicago,2026-06-11,20260611T190959-0400,,,eq,82,83,0.999864565,0.999864565
B,chicago,2026-06-11,20260611T200215-0400,,,eq,82,83,0.999871002,0.999871002
B,chicago,2026-06-11,20260611T210546-0400,,,eq,82,83,0.999918627,0.999918627
B,chicago,2026-06-11,20260611T220731-0400,,,eq,82,83,0.999938887,0.999938887
B,chicago,2026-06-11,20260611T231004-0400,,,eq,82,83,0.999938887,0.999938887
B,chicago,2026-06-11,20260612T000130-0400,,,eq,82,83,0.999938887,0.999938887
B,chicago,2026-06-12,20260612T010302-0400,,,eq,80,81,0,0
B,chicago,2026-06-12,20260612T020451-0400,,,eq,80,81,0.644573759,0.644573759
B,chicago,2026-06-12,20260612T030612-0400,,,eq,80,81,0.817081927,0.817081927
B,chicago,2026-06-12,20260612T040735-0400,,,eq,80,81,0.816873908,0.816873908
B,chicago,2026-06-12,20260612T050853-0400,,,eq,80,81,0.78967605,0.78967605
B,chicago,2026-06-12,20260612T060034-0400,,,eq,80,81,0.679786851,0.679786851
B,chicago,2026-06-12,20260612T070210-0400,,,eq,80,81,0.879267772,0.879267772
B,chicago,2026-06-12,20260612T080353-0400,,,eq,80,81,0.857818057,0.857818057
B,chicago,2026-06-12,20260612T090632-0400,,,eq,80,81,0.865141415,0.865141415
B,chicago,2026-06-12,20260612T100820-0400,,,eq,80,81,0.822418518,0.822418518
B,chicago,2026-06-12,20260612T111010-0400,,,eq,80,81,0.613417343,0.613417343
B,chicago,2026-06-12,20260612T120142-0400,,,eq,80,81,0.639867941,0.639867941
B,chicago,2026-06-12,20260612T130332-0400,,,eq,80,81,0.716460732,0.716460732
B,chicago,2026-06-12,20260612T140512-0400,,,eq,80,81,0.629791356,0.629791356
B,chicago,2026-06-12,20260612T150700-0400,,,eq,80,81,0.701673515,0.701673515
B,chicago,2026-06-12,20260612T160905-0400,,,eq,80,81,0.811649034,0.811649034
B,chicago,2026-06-12,20260612T170051-0400,,,eq,80,81,0.829028965,0.829028965
B,chicago,2026-06-12,20260612T180250-0400,,,eq,80,81,0.597678873,0.597678873
B,chicago,2026-06-12,20260612T190415-0400,,,eq,80,81,0.904091918,0.904091918
B,chicago,2026-06-12,20260612T200649-0400,,,eq,80,81,0.951181704,0.951181704
B,chicago,2026-06-12,20260612T210912-0400,,,eq,80,81,0.967360446,0.967360446
B,chicago,2026-06-12,20260612T220051-0400,,,eq,80,81,0.950557179,0.950557179
B,chicago,2026-06-12,20260612T230252-0400,,,eq,80,81,0.950557179,0.950557179
B,chicago,2026-06-12,20260613T000423-0400,,,eq,80,81,0.950557179,0.950557179
B,chicago,2026-06-13,20260613T010559-0400,,,eq,82,83,0.174221659,0.174221659
B,chicago,2026-06-13,20260613T020725-0400,,,eq,82,83,0.489942882,0.489942882
B,chicago,2026-06-13,20260613T030851-0400,,,eq,82,83,0.187922051,0.187922051
B,chicago,2026-06-13,20260613T040008-0400,,,eq,82,83,0.179170836,0.179170836
B,chicago,2026-06-13,20260613T050151-0400,,,eq,82,83,0.203355008,0.203355008
B,chicago,2026-06-13,20260613T060302-0400,,,eq,82,83,0.282690195,0.282690195
B,chicago,2026-06-13,20260613T070423-0400,,,eq,82,83,0.309648822,0.309648822
B,chicago,2026-06-13,20260613T080610-0400,,,eq,82,83,0.0890348253,0.0890348253
B,chicago,2026-06-13,20260613T090737-0400,,,eq,82,83,0.0710943804,0.0710943804
B,chicago,2026-06-13,20260613T100904-0400,,,eq,82,83,0.0466739076,0.0466739076
B,chicago,2026-06-13,20260613T110059-0400,,,eq,82,83,0.0590005879,0.0590005879
B,chicago,2026-06-13,20260613T120724-0400,,,eq,82,83,0.0960093678,0.0960093678
B,chicago,2026-06-13,20260613T130948-0400,,,eq,82,83,0.115774836,0.115774836
B,chicago,2026-06-13,20260613T140115-0400,,,eq,82,83,0.128414741,0.128414741
B,chicago,2026-06-13,20260613T150250-0400,,,eq,82,83,0.0866168673,0.0866168673
B,chicago,2026-06-13,20260613T160420-0400,,,eq,82,83,0.202710907,0.202710907
B,chicago,2026-06-13,20260613T170619-0400,,,eq,82,83,0.810714582,0.810714582
B,chicago,2026-06-13,20260613T180839-0400,,,eq,82,83,0.936193266,0.936193266
B,chicago,2026-06-13,20260613T190049-0400,,,eq,82,83,0.965872036,0.965872036
B,chicago,2026-06-13,20260613T200333-0400,,,eq,82,83,0.992406041,0.992406041
B,chicago,2026-06-13,20260613T210529-0400,,,eq,82,83,0.995114442,0.995114442
B,chicago,2026-06-13,20260613T220050-0400,,,eq,82,83,0.993523819,0.993523819
B,chicago,2026-06-13,20260613T230234-0400,,,eq,82,83,0.993523819,0.993523819
B,chicago,2026-06-13,20260614T000101-0400,,,eq,82,83,0.993523819,0.993523819
B,chicago,2026-06-14,20260614T011002-0400,,,eq,68,69,0,0
B,chicago,2026-06-14,20260614T020135-0400,,,eq,68,69,0.286240764,0.286240764
B,chicago,2026-06-14,20260614T030317-0400,,,eq,68,69,0.244546834,0.244546834
B,chicago,2026-06-14,20260614T040445-0400,,,eq,68,69,0.247784927,0.247784927
B,chicago,2026-06-14,20260614T050551-0400,,,eq,68,69,0.0937735677,0.0937735677
B,chicago,2026-06-14,20260614T060714-0400,,,eq,68,69,0.0937735677,0.0937735677
B,chicago,2026-06-14,20260614T070831-0400,,,eq,68,69,0.110074392,0.110074392
B,chicago,2026-06-14,20260614T080013-0400,,,eq,68,69,0.13490655,0.13490655
B,chicago,2026-06-14,20260614T090107-0400,,,eq,68,69,0.224930154,0.224930154
B,chicago,2026-06-14,20260614T100243-0400,,,eq,68,69,0.149278396,0.149278396
B,chicago,2026-06-14,20260614T110411-0400,,,eq,68,69,0.226589222,0.226589222
B,chicago,2026-06-14,20260614T120013-0400,,,eq,68,69,0.186158875,0.186158875
B,chicago,2026-06-14,20260614T130014-0400,,,eq,68,69,0.133504309,0.133504309
B,chicago,2026-06-14,20260614T140851-0400,,,eq,68,69,0.556866876,0.556866876
B,chicago,2026-06-14,20260614T150013-0400,,,eq,68,69,0.580127501,0.580127501
B,chicago,2026-06-14,20260614T160131-0400,,,eq,68,69,0.593168494,0.593168494
B,chicago,2026-06-14,20260614T171021-0400,,,eq,68,69,0.744945791,0.744945791
B,chicago,2026-06-14,20260614T180358-0400,,,eq,68,69,0.912180344,0.912180344
B,chicago,2026-06-14,20260614T190610-0400,,,eq,68,69,0.945272328,0.945272328
B,chicago,2026-06-14,20260614T200040-0400,,,eq,68,69,0.66623496,0.66623496
B,chicago,2026-06-14,20260614T210024-0400,,,eq,68,69,0.627248437,0.627248437
B,chicago,2026-06-14,20260614T220328-0400,,,eq,68,69,0.781595881,0.781595881
B,chicago,2026-06-14,20260614T230534-0400,,,eq,68,69,0.781595881,0.781595881
B,chicago,2026-06-14,20260615T000022-0400,,,eq,68,69,0.781595881,0.781595881
B,chicago,2026-06-15,20260615T010538-0400,,,eq,76,77,0.0205387274,0.0205387274
B,chicago,2026-06-15,20260615T020121-0400,,,eq,76,77,0.0599466224,0.0599466224
B,chicago,2026-06-15,20260615T030130-0400,,,eq,76,77,0.0600013904,0.0600013904
B,chicago,2026-06-15,20260615T040536-0400,,,eq,76,77,0.0421289705,0.0421289705
B,chicago,2026-06-15,20260615T050534-0400,,,eq,76,77,0.0421289705,0.0421289705
B,chicago,2026-06-15,20260615T061537-0400,,,eq,76,77,0.0533183649,0.0533183649
B,chicago,2026-06-15,20260615T071539-0400,,,eq,76,77,0.0516787835,0.0516787835
B,chicago,2026-06-15,20260615T080225-0400,,,eq,76,77,0.27486672,0.27486672
B,chicago,2026-06-15,20260615T090025-0400,,,eq,76,77,0.176959042,0.176959042
B,chicago,2026-06-15,20260615T100542-0400,,,eq,76,77,0.134064719,0.134064719
B,chicago,2026-06-15,20260615T110201-0400,,,eq,76,77,0.149597883,0.149597883
B,chicago,2026-06-15,20260615T121207-0400,,,eq,76,77,0.159935363,0.159935363
B,chicago,2026-06-15,20260615T130544-0400,,,eq,76,77,0.203680716,0.203680716
B,chicago,2026-06-15,20260615T140304-0400,,,eq,76,77,0.266808265,0.266808265
B,chicago,2026-06-15,20260615T150545-0400,,,eq,76,77,0.176346829,0.176346829
B,chicago,2026-06-15,20260615T160514-0400,,,eq,76,77,0.294671008,0.294671008
B,chicago,2026-06-15,20260615T170522-0400,,,eq,76,77,0.452153899,0.452153899
B,chicago,2026-06-15,20260615T180722-0400,,,eq,76,77,0.0332773554,0.0332773554
B,chicago,2026-06-15,20260615T190536-0400,,,eq,76,77,0.0253610304,0.0253610304
B,chicago,2026-06-15,20260615T202517-0400,,,eq,76,77,0.997560041,0.997560041
B,chicago,2026-06-15,20260615T211610-0400,,,eq,76,77,0.999454275,0.999454275
B,chicago,2026-06-15,20260615T221614-0400,,,eq,76,77,0.999843826,0.999843826
B,chicago,2026-06-15,20260615T231142-0400,,,eq,76,77,0.999843826,0.999843826
B,chicago,2026-06-15,20260616T000336-0400,,,eq,76,77,0.999843826,0.999843826
B,chicago,2026-06-16,20260616T010512-0400,,,eq,76,77,0.850126946,0.850126946
B,chicago,2026-06-16,20260616T020411-0400,,,eq,76,77,0.0139618424,0.0139618424
B,chicago,2026-06-16,20260616T030612-0400,,,eq,76,77,0.0327055691,0.0327055691
B,chicago,2026-06-16,20260616T041517-0400,,,eq,76,77,0.0206183912,0.0206183912
B,chicago,2026-06-16,20260616T050520-0400,,,eq,76,77,0.0256105486,0.0256105486
B,chicago,2026-06-16,20260616T061508-0400,,,eq,76,77,0.0250552482,0.0250552482
B,chicago,2026-06-16,20260616T070509-0400,,,eq,76,77,0.022998473,0.022998473
B,chicago,2026-06-16,20260616T080512-0400,,,eq,76,77,0.0229983047,0.0229983047
B,chicago,2026-06-16,20260616T090546-0400,,,eq,76,77,0.0198410971,0.0198410971
B,chicago,2026-06-16,20260616T100235-0400,,,eq,76,77,0.0322609395,0.0322609395
B,chicago,2026-06-16,20260616T111513-0400,,,eq,76,77,0.0408784775,0.0408784775
B,chicago,2026-06-16,20260616T121524-0400,,,eq,76,77,0.108627654,0.108627654
B,chicago,2026-06-16,20260616T131512-0400,,,eq,76,77,0.0613175926,0.0613175926
B,chicago,2026-06-16,20260616T140516-0400,,,eq,76,77,0.172145105,0.172145105
B,chicago,2026-06-16,20260616T151516-0400,,,eq,76,77,0.871681459,0.871681459
B,chicago,2026-06-16,20260616T161514-0400,,,eq,76,77,0.996916444,0.996916444
B,chicago,2026-06-16,20260616T170609-0400,,,eq,76,77,0.926593613,0.926593613
B,chicago,2026-06-16,20260616T180249-0400,,,eq,76,77,0.99852688,0.99852688
B,chicago,2026-06-16,20260616T190241-0400,,,eq,76,77,0.999575082,0.999575082
B,chicago,2026-06-16,20260616T200255-0400,,,eq,76,77,0.999473514,0.999473514
B,chicago,2026-06-16,20260616T210127-0400,,,eq,76,77,0.998828749,0.998828749
B,chicago,2026-06-16,20260616T220235-0400,,,eq,76,77,0.999451895,0.999451895
B,chicago,2026-06-16,20260616T230234-0400,,,eq,76,77,0.999451895,0.999451895
B,chicago,2026-06-16,20260617T000235-0400,,,eq,76,77,0.999451895,0.999451895
B,chicago,2026-06-19,20260619T010235-0400,,,eq,76,77,0.579037531,0.579037531
B,chicago,2026-06-19,20260619T021321-0400,,,eq,76,77,0.902399776,0.902399776
B,chicago,2026-06-19,20260619T030740-0400,,,eq,76,77,0.79557391,0.79557391
B,chicago,2026-06-19,20260619T041237-0400,,,eq,76,77,0.628853816,0.628853816
B,chicago,2026-06-19,20260619T051319-0400,,,eq,76,77,0.648112812,0.648112812
B,chicago,2026-06-19,20260619T061235-0400,,,eq,76,77,0.72554313,0.72554313
B,chicago,2026-06-19,20260619T070242-0400,,,eq,76,77,0.284955452,0.284955452
B,chicago,2026-06-19,20260619T080408-0400,,,eq,76,77,0.226215911,0.226215911
B,chicago,2026-06-19,20260619T090154-0400,,,eq,76,77,0.734467822,0.734467822
B,chicago,2026-06-19,20260619T100439-0400,,,eq,76,77,0.671255324,0.671255324
B,chicago,2026-06-19,20260619T110240-0400,,,eq,76,77,0.40225838,0.40225838
B,chicago,2026-06-19,20260619T120236-0400,,,eq,76,77,0.404564477,0.404564477
B,chicago,2026-06-19,20260619T130211-0400,,,eq,76,77,0.717597713,0.717597713
B,chicago,2026-06-19,20260619T141300-0400,,,eq,76,77,0.480071769,0.480071769
B,chicago,2026-06-19,20260619T150241-0400,,,eq,76,77,0.170743443,0.170743443
B,chicago,2026-06-19,20260619T160336-0400,,,eq,76,77,0.791290846,0.791290846
B,chicago,2026-06-19,20260619T170236-0400,,,eq,76,77,0.760839524,0.760839524
B,chicago,2026-06-19,20260619T180535-0400,,,eq,76,77,0.282883405,0.282883405
B,chicago,2026-06-19,20260619T190014-0400,,,eq,76,77,0.900144903,0.900144903
B,chicago,2026-06-19,20260619T201455-0400,,,eq,76,77,0.997745772,0.997745772
B,chicago,2026-06-19,20260619T210309-0400,,,eq,76,77,0.997008621,0.997008621
B,chicago,2026-06-19,20260619T220703-0400,,,eq,76,77,0.996947657,0.996947657
B,chicago,2026-06-19,20260619T230700-0400,,,eq,76,77,0.996947657,0.996947657
B,chicago,2026-06-19,20260620T000546-0400,,,eq,76,77,0.996947657,0.996947657
B,chicago,2026-06-20,20260620T010544-0400,,,eq,76,77,0.679606157,0.679606157
B,chicago,2026-06-20,20260620T020543-0400,,,eq,76,77,0.126166107,0.126166107
B,chicago,2026-06-20,20260620T030540-0400,,,eq,76,77,0.126171872,0.126171872
B,chicago,2026-06-20,20260620T041543-0400,,,eq,76,77,0.193042993,0.193042993
B,chicago,2026-06-20,20260620T051542-0400,,,eq,76,77,0.859215117,0.859215117
B,chicago,2026-06-20,20260620T060040-0400,,,eq,76,77,0.227277235,0.227277235
B,chicago,2026-06-20,20260620T071543-0400,,,eq,76,77,0.398103634,0.398103634
B,chicago,2026-06-20,20260620T080540-0400,,,eq,76,77,0.339288019,0.339288019
B,chicago,2026-06-20,20260620T090548-0400,,,eq,76,77,0.426544928,0.426544928
B,chicago,2026-06-20,20260620T100901-0400,,,eq,76,77,0.490600456,0.490600456
B,chicago,2026-06-20,20260620T110034-0400,,,eq,76,77,0.493810783,0.493810783
B,chicago,2026-06-20,20260620T121024-0400,,,eq,76,77,0.4675515,0.4675515
B,chicago,2026-06-20,20260620T130325-0400,,,eq,76,77,0.298375809,0.298375809
B,chicago,2026-06-20,20260620T140026-0400,,,eq,76,77,0.238323153,0.238323153
B,chicago,2026-06-20,20260620T150033-0400,,,eq,76,77,0.365887795,0.365887795
B,chicago,2026-06-20,20260620T161037-0400,,,eq,76,77,0.807867298,0.807867298
B,chicago,2026-06-20,20260620T170042-0400,,,eq,76,77,0.776679146,0.776679146
B,chicago,2026-06-20,20260620T181056-0400,,,eq,76,77,0.812820051,0.812820051
B,chicago,2026-06-20,20260620T191033-0400,,,eq,76,77,0.972113558,0.972113558
B,chicago,2026-06-20,20260620T201036-0400,,,eq,76,77,0.987033435,0.987033435
B,chicago,2026-06-20,20260620T210037-0400,,,eq,76,77,0.992905783,0.992905783
B,chicago,2026-06-20,20260620T221013-0400,,,eq,76,77,0.998786502,0.998786502
B,chicago,2026-06-20,20260620T230906-0400,,,eq,76,77,0.998786502,0.998786502
B,chicago,2026-06-20,20260621T000044-0400,,,eq,76,77,0.998786502,0.998786502
B,chicago,2026-06-21,20260621T010042-0400,,,eq,70,71,0.405446323,0.405446323
B,chicago,2026-06-21,20260621T021040-0400,,,eq,70,71,0.496785306,0.496785306
B,chicago,2026-06-21,20260621T030440-0400,,,eq,70,71,0.360748579,0.360748579
B,chicago,2026-06-21,20260621T041223-0400,,,eq,70,71,0.365069029,0.365069029
B,chicago,2026-06-21,20260621T050024-0400,,,eq,70,71,0.352664351,0.352664351
B,chicago,2026-06-21,20260621T061019-0400,,,eq,70,71,0.552193383,0.552193383
B,chicago,2026-06-21,20260621T070044-0400,,,eq,70,71,0.492102542,0.492102542
B,chicago,2026-06-21,20260621T080030-0400,,,eq,70,71,0.288899223,0.288899223
B,chicago,2026-06-21,20260621T090032-0400,,,eq,70,71,0.620075635,0.620075635
B,chicago,2026-06-21,20260621T100005-0400,,,eq,70,71,0.25570098,0.25570098
B,chicago,2026-06-21,20260621T110103-0400,,,eq,70,71,0.404503881,0.404503881
B,chicago,2026-06-21,20260621T121035-0400,,,eq,70,71,0.554008443,0.554008443
B,chicago,2026-06-21,20260621T130236-0400,,,eq,70,71,0.120531656,0.120531656
B,chicago,2026-06-21,20260621T141231-0400,,,eq,70,71,0.992797764,0.992797764
B,chicago,2026-06-21,20260621T150031-0400,,,eq,70,71,0.994246987,0.994246987
B,chicago,2026-06-21,20260621T160039-0400,,,eq,70,71,0.964839697,0.964839697
B,chicago,2026-06-21,20260621T170028-0400,,,eq,70,71,0.502756336,0.502756336
B,chicago,2026-06-21,20260621T180039-0400,,,eq,70,71,0.964029787,0.964029787
B,chicago,2026-06-21,20260621T190041-0400,,,eq,70,71,0.995200858,0.995200858
B,chicago,2026-06-21,20260621T200047-0400,,,eq,70,71,0.992766044,0.992766044
B,chicago,2026-06-21,20260621T210106-0400,,,eq,70,71,0.995379106,0.995379106
B,chicago,2026-06-21,20260621T225351-0400,,,eq,70,71,0.996109059,0.996109059
B,chicago,2026-06-21,20260621T230722-0400,,,eq,70,71,0.996109059,0.996109059
B,chicago,2026-06-21,20260622T000135-0400,,,eq,70,71,0.996109059,0.996109059
B,chicago,2026-06-22,20260622T010245-0400,,,eq,72,73,0.844889137,0.844889137
B,chicago,2026-06-22,20260622T020031-0400,,,eq,72,73,0.575375328,0.575375328
B,chicago,2026-06-22,20260622T030033-0400,,,eq,72,73,0.575375328,0.575375328
B,chicago,2026-06-22,20260622T040031-0400,,,eq,72,73,0.605111895,0.605111895
B,chicago,2026-06-22,20260622T051029-0400,,,eq,72,73,0.561504897,0.561504897
B,chicago,2026-06-22,20260622T061033-0400,,,eq,72,73,0.480268698,0.480268698
B,chicago,2026-06-22,20260622T070037-0400,,,eq,72,73,0.526940163,0.526940163
B,chicago,2026-06-22,20260622T080323-0400,,,eq,72,73,0.481308748,0.481308748
B,chicago,2026-06-22,20260622T090030-0400,,,eq,72,73,0.862507542,0.862507542
B,chicago,2026-06-22,20260622T100038-0400,,,eq,72,73,0.38000738,0.38000738
B,chicago,2026-06-22,20260622T110103-0400,,,eq,72,73,0.71436949,0.71436949
B,chicago,2026-06-22,20260622T120926-0400,,,eq,72,73,0.814762482,0.814762482
B,chicago,2026-06-22,20260622T130428-0400,,,eq,72,73,0.350806577,0.350806577
B,chicago,2026-06-22,20260622T140444-0400,,,eq,72,73,0.68363614,0.68363614
B,chicago,2026-06-22,20260622T151511-0400,,,eq,72,73,0.554786685,0.554786685
B,chicago,2026-06-22,20260622T160436-0400,,,eq,72,73,0.754945129,0.754945129
B,chicago,2026-06-22,20260622T171542-0400,,,eq,72,73,0.868054698,0.868054698
B,chicago,2026-06-22,20260622T180053-0400,,,eq,72,73,0.977346127,0.977346127
B,chicago,2026-06-22,20260622T190526-0400,,,eq,72,73,0.991545329,0.991545329
B,chicago,2026-06-22,20260622T200548-0400,,,eq,72,73,0.994414891,0.994414891
B,chicago,2026-06-22,20260622T211455-0400,,,eq,72,73,0.995012647,0.995012647
B,chicago,2026-06-22,20260622T221037-0400,,,eq,72,73,0.996019175,0.996019175
B,chicago,2026-06-22,20260622T231048-0400,,,eq,72,73,0.996019175,0.996019175
B,chicago,2026-06-22,20260623T000447-0400,,,eq,72,73,0.996019175,0.996019175
B,chicago,2026-06-26,20260626T010929-0400,,,eq,66,67,0,0
B,chicago,2026-06-26,20260626T020928-0400,,,eq,66,67,0.00607658941,0.00607658941
B,chicago,2026-06-26,20260626T030930-0400,,,eq,66,67,0.00569356922,0.00569356922
B,chicago,2026-06-26,20260626T040640-0400,,,eq,66,67,0.00472099378,0.00472099378
B,chicago,2026-06-26,20260626T051925-0400,,,eq,66,67,0.0071591593,0.0071591593
B,chicago,2026-06-26,20260626T060925-0400,,,eq,66,67,0.00514054342,0.00514054342
B,chicago,2026-06-26,20260626T070926-0400,,,eq,66,67,0.00716044133,0.00716044133
B,chicago,2026-06-26,20260626T080629-0400,,,eq,66,67,0.00588852002,0.00588852002
B,chicago,2026-06-26,20260626T090842-0400,,,eq,66,67,0.0103415366,0.0103415366
B,chicago,2026-06-26,20260626T101156-0400,,,eq,66,67,0.0222867981,0.0222867981
B,chicago,2026-06-26,20260626T110415-0400,,,eq,66,67,0.0222867981,0.0222867981
B,chicago,2026-06-26,20260626T121413-0400,,,eq,66,67,0.0404564003,0.0404564003
B,chicago,2026-06-26,20260626T130420-0400,,,eq,66,67,0.0686113995,0.0686113995
B,chicago,2026-06-26,20260626T141630-0400,,,eq,66,67,0.0535562956,0.0535562956
B,chicago,2026-06-26,20260626T150633-0400,,,eq,66,67,0.164853984,0.164853984
B,chicago,2026-06-26,20260626T160648-0400,,,eq,66,67,0.165503487,0.165503487
B,chicago,2026-06-26,20260626T170642-0400,,,eq,66,67,0.390896184,0.390896184
B,chicago,2026-06-26,20260626T180628-0400,,,eq,66,67,0.807832131,0.807832131
B,chicago,2026-06-26,20260626T190631-0400,,,eq,66,67,0.996648022,0.996648022
B,chicago,2026-06-26,20260626T201627-0400,,,eq,66,67,0.974263595,0.974263595
B,chicago,2026-06-26,20260626T210830-0400,,,eq,66,67,0.943612035,0.943612035
B,chicago,2026-06-26,20260626T220657-0400,,,eq,66,67,0.914255916,0.914255916
B,chicago,2026-06-26,20260626T231646-0400,,,eq,66,67,0.914255916,0.914255916
B,chicago,2026-06-26,20260627T000646-0400,,,eq,66,67,0.914255916,0.914255916
B,chicago,2026-06-28,20260628T010239-0400,,,eq,80,81,0.043861203,0.043861203
B,chicago,2026-06-28,20260628T020244-0400,,,eq,80,81,0.043861203,0.043861203
B,chicago,2026-06-28,20260628T030242-0400,,,eq,80,81,0.0417877418,0.0417877418
B,chicago,2026-06-28,20260628T040248-0400,,,eq,80,81,0.0574976287,0.0574976287
B,chicago,2026-06-28,20260628T050231-0400,,,eq,80,81,0.0532576347,0.0532576347
B,chicago,2026-06-28,20260628T060237-0400,,,eq,80,81,0.0521945534,0.0521945534
B,chicago,2026-06-28,20260628T070229-0400,,,eq,80,81,0.0532576347,0.0532576347
B,chicago,2026-06-28,20260628T080235-0400,,,eq,80,81,0.0216115325,0.0216115325
B,chicago,2026-06-28,20260628T090239-0400,,,eq,80,81,0.0428547318,0.0428547318
B,chicago,2026-06-28,20260628T101236-0400,,,eq,80,81,0.0372472326,0.0372472326
B,chicago,2026-06-28,20260628T110318-0400,,,eq,80,81,0.102856159,0.102856159
B,chicago,2026-06-28,20260628T120244-0400,,,eq,80,81,0.0726474359,0.0726474359
B,chicago,2026-06-28,20260628T130251-0400,,,eq,80,81,0.0620046225,0.0620046225
B,chicago,2026-06-28,20260628T140234-0400,,,eq,80,81,0.0711173915,0.0711173915
B,chicago,2026-06-28,20260628T150247-0400,,,eq,80,81,0.0476589762,0.0476589762
B,chicago,2026-06-28,20260628T160244-0400,,,eq,80,81,0.421145147,0.421145147
B,chicago,2026-06-28,20260628T170232-0400,,,eq,80,81,0.163885891,0.163885891
B,chicago,2026-06-28,20260628T180517-0400,,,eq,80,81,0.0893803774,0.0893803774
B,chicago,2026-06-28,20260628T190503-0400,,,eq,80,81,0.105525259,0.105525259
B,chicago,2026-06-28,20260628T200434-0400,,,eq,80,81,0.581340202,0.581340202
B,chicago,2026-06-28,20260628T211509-0400,,,eq,80,81,0.624212152,0.624212152
B,chicago,2026-06-29,20260629T104105-0400,,,eq,92,93,0.0584075228,0.0584075228
B,chicago,2026-06-29,20260629T110108-0400,,,eq,92,93,0.117089721,0.117089721
B,chicago,2026-06-29,20260629T121108-0400,,,eq,92,93,0.122467705,0.122467705
B,chicago,2026-06-29,20260629T131412-0400,,,eq,92,93,0.120085336,0.120085336
B,chicago,2026-06-29,20260629T140623-0400,,,eq,92,93,0.169874468,0.169874468
B,chicago,2026-06-29,20260629T150425-0400,,,eq,92,93,0.20945236,0.20945236
B,chicago,2026-06-29,20260629T160808-0400,,,eq,92,93,0.31885208,0.31885208
B,chicago,2026-06-29,20260629T170239-0400,,,eq,92,93,0.9248002,0.9248002
B,chicago,2026-06-29,20260629T180844-0400,,,eq,92,93,0.876052539,0.876052539
B,chicago,2026-06-29,20260629T190914-0400,,,eq,92,93,0.500188503,0.500188503
B,chicago,2026-06-29,20260629T200550-0400,,,eq,92,93,0.150324291,0.150324291
B,chicago,2026-06-29,20260629T210319-0400,,,eq,92,93,0.10624051,0.10624051
B,chicago,2026-06-29,20260629T220303-0400,,,eq,92,93,0.0719313292,0.0719313292
B,chicago,2026-06-29,20260629T230048-0400,,,eq,92,93,0.072604636,0.072604636
B,chicago,2026-06-29,20260630T000439-0400,,,eq,92,93,0.0592789619,0.0592789619
B,chicago,2026-06-30,20260630T010031-0400,,,eq,94,95,0.0536804334,0.0536804334
B,chicago,2026-06-30,20260630T020358-0400,,,eq,94,95,0.0534591015,0.0534591015
B,chicago,2026-06-30,20260630T030728-0400,,,eq,94,95,0.0534591015,0.0534591015
B,chicago,2026-06-30,20260630T040157-0400,,,eq,94,95,0.0504706937,0.0504706937
B,chicago,2026-06-30,20260630T050521-0400,,,eq,94,95,0.0496103345,0.0496103345
B,chicago,2026-06-30,20260630T060847-0400,,,eq,94,95,0.0496103345,0.0496103345
B,chicago,2026-06-30,20260630T070309-0400,,,eq,94,95,0.0496103345,0.0496103345
B,chicago,2026-06-30,20260630T080810-0400,,,eq,94,95,0.0496103344,0.0496103344
B,chicago,2026-06-30,20260630T090245-0400,,,eq,94,95,0.0251832418,0.0251832418
B,chicago,2026-06-30,20260630T102231-0400,,,eq,94,95,0.029995332,0.029995332
B,chicago,2026-06-30,20260630T110835-0400,,,eq,94,95,0.0770831533,0.0770831533
B,chicago,2026-06-30,20260630T121003-0400,,,eq,94,95,0.125127432,0.125127432
B,chicago,2026-06-30,20260630T131702-0400,,,eq,94,95,0.0875539017,0.0875539017
B,chicago,2026-06-30,20260630T140029-0400,,,eq,94,95,0.0813026894,0.0813026894
B,chicago,2026-06-30,20260630T150555-0400,,,eq,94,95,0.296759504,0.296759504
B,chicago,2026-06-30,20260630T160043-0400,,,eq,94,95,0.59977098,0.59977098
B,chicago,2026-06-30,20260630T170417-0400,,,eq,94,95,0.757061641,0.757061641
B,chicago,2026-06-30,20260630T180807-0400,,,eq,94,95,0.444278613,0.444278613
B,chicago,2026-06-30,20260630T190236-0400,,,eq,94,95,0.455832709,0.455832709
B,chicago,2026-06-30,20260630T200220-0400,,,eq,94,95,0.146302275,0.146302275
B,chicago,2026-06-30,20260630T210605-0400,,,eq,94,95,0.036977321,0.036977321
B,chicago,2026-06-30,20260630T220042-0400,,,eq,94,95,0.0503731618,0.0503731618
B,chicago,2026-06-30,20260630T230444-0400,,,eq,94,95,0.0249114369,0.0249114369
B,chicago,2026-06-30,20260701T000839-0400,,,eq,94,95,0.0278905167,0.0278905167
B,dallas,2026-06-07,20260607T010227-0400,,,eq,92,93,0.000400971721,0.000400971721
B,dallas,2026-06-07,20260607T020347-0400,,,eq,92,93,0.000886843955,0.000886843955
B,dallas,2026-06-07,20260607T030455-0400,,,eq,92,93,0.0015170577,0.0015170577
B,dallas,2026-06-07,20260607T040614-0400,,,eq,92,93,0.00502831375,0.00502831375
B,dallas,2026-06-07,20260607T050732-0400,,,eq,92,93,0.0168059654,0.0168059654
B,dallas,2026-06-07,20260607T060834-0400,,,eq,92,93,0.042382124,0.042382124
B,dallas,2026-06-07,20260607T071013-0400,,,eq,92,93,0.0438080671,0.0438080671
B,dallas,2026-06-07,20260607T080106-0400,,,eq,92,93,0.0585857803,0.0585857803
B,dallas,2026-06-07,20260607T090234-0400,,,eq,92,93,0.0573941758,0.0573941758
B,dallas,2026-06-07,20260607T100355-0400,,,eq,92,93,0.0370613036,0.0370613036
B,dallas,2026-06-07,20260607T110458-0400,,,eq,92,93,0.0524629652,0.0524629652
B,dallas,2026-06-07,20260607T120703-0400,,,eq,92,93,0.0813147248,0.0813147248
B,dallas,2026-06-07,20260607T130917-0400,,,eq,92,93,0.0822015015,0.0822015015
B,dallas,2026-06-07,20260607T140129-0400,,,eq,92,93,0.0400534383,0.0400534383
B,dallas,2026-06-07,20260607T150317-0400,,,eq,92,93,0.0120900223,0.0120900223
B,dallas,2026-06-07,20260607T160503-0400,,,eq,92,93,0.00324171192,0.00324171192
B,dallas,2026-06-07,20260607T170740-0400,,,eq,92,93,0.0970305009,0.0970305009
B,dallas,2026-06-07,20260607T181020-0400,,,eq,92,93,0.485640722,0.485640722
B,dallas,2026-06-07,20260607T190214-0400,,,eq,92,93,0.996592172,0.996592172
B,dallas,2026-06-07,20260607T200349-0400,,,eq,92,93,0.999927369,0.999927369
B,dallas,2026-06-07,20260607T210534-0400,,,eq,92,93,0.999985192,0.999985192
B,dallas,2026-06-07,20260607T220714-0400,,,eq,92,93,0.999984258,0.999984258
B,dallas,2026-06-07,20260607T230921-0400,,,eq,92,93,0.999984201,0.999984201
B,dallas,2026-06-07,20260608T000054-0400,,,eq,92,93,0.999984152,0.999984152
B,dallas,2026-06-08,20260608T010235-0400,,,eq,94,95,0.0302892838,0.0302892838
B,dallas,2026-06-08,20260608T020403-0400,,,eq,94,95,0.000550307423,0.000550307423
B,dallas,2026-06-08,20260608T030551-0400,,,eq,94,95,0.0103560239,0.0103560239
B,dallas,2026-06-08,20260608T040710-0400,,,eq,94,95,0.0306939716,0.0306939716
B,dallas,2026-06-08,20260608T050851-0400,,,eq,94,95,0.172246399,0.172246399
B,dallas,2026-06-08,20260608T060037-0400,,,eq,94,95,0.17557244,0.17557244
B,dallas,2026-06-08,20260608T070220-0400,,,eq,94,95,0.211282788,0.211282788
B,dallas,2026-06-08,20260608T080354-0400,,,eq,94,95,0.192063026,0.192063026
B,dallas,2026-06-08,20260608T090547-0400,,,eq,94,95,0.223306184,0.223306184
B,dallas,2026-06-08,20260608T100737-0400,,,eq,94,95,0.297475366,0.297475366
B,dallas,2026-06-08,20260608T110928-0400,,,eq,94,95,0.227070657,0.227070657
B,dallas,2026-06-08,20260608T120109-0400,,,eq,94,95,0.040546105,0.040546105
B,dallas,2026-06-08,20260608T130312-0400,,,eq,94,95,0.0568129787,0.0568129787
B,dallas,2026-06-08,20260608T140512-0400,,,eq,94,95,0.0749551425,0.0749551425
B,dallas,2026-06-08,20260608T150715-0400,,,eq,94,95,0.576107686,0.576107686
B,dallas,2026-06-08,20260608T160958-0400,,,eq,94,95,0.0237401374,0.0237401374
B,dallas,2026-06-08,20260608T170225-0400,,,eq,94,95,0.483040041,0.483040041
B,dallas,2026-06-08,20260608T180446-0400,,,eq,94,95,0.966653021,0.966653021
B,dallas,2026-06-08,20260608T191529-0400,,,eq,94,95,0.997168121,0.997168121
B,dallas,2026-06-08,20260608T200646-0400,,,eq,94,95,0.999970083,0.999970083
B,dallas,2026-06-08,20260608T210812-0400,,,eq,94,95,0.999980706,0.999980706
B,dallas,2026-06-08,20260608T220947-0400,,,eq,94,95,0.999976925,0.999976925
B,dallas,2026-06-08,20260608T230133-0400,,,eq,94,95,0.999976914,0.999976914
B,dallas,2026-06-08,20260609T000255-0400,,,eq,94,95,0.999976862,0.999976862
B,dallas,2026-06-11,20260611T050133-0400,,,eq,92,93,0.15617711,0.15617711
B,dallas,2026-06-11,20260611T061048-0400,,,eq,92,93,0.346025456,0.346025456
B,dallas,2026-06-11,20260611T070048-0400,,,eq,92,93,0.285847411,0.285847411
B,dallas,2026-06-11,20260611T080403-0400,,,eq,92,93,0.285847411,0.285847411
B,dallas,2026-06-11,20260611T090611-0400,,,eq,92,93,0.257262177,0.257262177
B,dallas,2026-06-11,20260611T100749-0400,,,eq,92,93,0.283582521,0.283582521
B,dallas,2026-06-11,20260611T110332-0400,,,eq,92,93,0.298188466,0.298188466
B,dallas,2026-06-11,20260611T120534-0400,,,eq,92,93,0.24551514,0.24551514
B,dallas,2026-06-11,20260611T130713-0400,,,eq,92,93,0.334022004,0.334022004
B,dallas,2026-06-11,20260611T140952-0400,,,eq,92,93,0.328544699,0.328544699
B,dallas,2026-06-11,20260611T150153-0400,,,eq,92,93,0.157589503,0.157589503
B,dallas,2026-06-11,20260611T160421-0400,,,eq,92,93,0.836025182,0.836025182
B,dallas,2026-06-11,20260611T170620-0400,,,eq,92,93,0.705024924,0.705024924
B,dallas,2026-06-11,20260611T180827-0400,,,eq,92,93,0.535750643,0.535750643
B,dallas,2026-06-11,20260611T191000-0400,,,eq,92,93,0.935087064,0.935087064
B,dallas,2026-06-11,20260611T200217-0400,,,eq,92,93,0.999218739,0.999218739
B,dallas,2026-06-11,20260611T210551-0400,,,eq,92,93,0.997517379,0.997517379
B,dallas,2026-06-11,20260611T220732-0400,,,eq,92,93,0.997789384,0.997789384
B,dallas,2026-06-11,20260611T231005-0400,,,eq,92,93,0.997788806,0.997788806
B,dallas,2026-06-11,20260612T000131-0400,,,eq,92,93,0.997788812,0.997788812
B,dallas,2026-06-12,20260612T010304-0400,,,eq,88,89,0.582716333,0.582716333
B,dallas,2026-06-12,20260612T020452-0400,,,eq,88,89,0.395302198,0.395302198
B,dallas,2026-06-12,20260612T030613-0400,,,eq,88,89,0.396362782,0.396362782
B,dallas,2026-06-12,20260612T040736-0400,,,eq,88,89,0.452021944,0.452021944
B,dallas,2026-06-12,20260612T050854-0400,,,eq,88,89,0.450688093,0.450688093
B,dallas,2026-06-12,20260612T060035-0400,,,eq,88,89,0.513981293,0.513981293
B,dallas,2026-06-12,20260612T070211-0400,,,eq,88,89,0.450719989,0.450719989
B,dallas,2026-06-12,20260612T080354-0400,,,eq,88,89,0.437893194,0.437893194
B,dallas,2026-06-12,20260612T090634-0400,,,eq,88,89,0.447677413,0.447677413
B,dallas,2026-06-12,20260612T100829-0400,,,eq,88,89,0.374958532,0.374958532
B,dallas,2026-06-12,20260612T111013-0400,,,eq,88,89,0.091698514,0.091698514
B,dallas,2026-06-12,20260612T120143-0400,,,eq,88,89,0.100496229,0.100496229
B,dallas,2026-06-12,20260612T130332-0400,,,eq,88,89,0.0600222071,0.0600222071
B,dallas,2026-06-12,20260612T140513-0400,,,eq,88,89,0.0187622478,0.0187622478
B,dallas,2026-06-12,20260612T150702-0400,,,eq,88,89,0.0826468879,0.0826468879
B,dallas,2026-06-12,20260612T160909-0400,,,eq,88,89,0.0483246417,0.0483246417
B,dallas,2026-06-12,20260612T170052-0400,,,eq,88,89,0.137775647,0.137775647
B,dallas,2026-06-12,20260612T180251-0400,,,eq,88,89,0.797543764,0.797543764
B,dallas,2026-06-12,20260612T190417-0400,,,eq,88,89,0.940694933,0.940694933
B,dallas,2026-06-12,20260612T200651-0400,,,eq,88,89,0.998153384,0.998153384
B,dallas,2026-06-12,20260612T210914-0400,,,eq,88,89,0.998231782,0.998231782
B,dallas,2026-06-12,20260612T220052-0400,,,eq,88,89,0.998078764,0.998078764
B,dallas,2026-06-12,20260612T230253-0400,,,eq,88,89,0.998513655,0.998513655
B,dallas,2026-06-12,20260613T000424-0400,,,eq,88,89,0.998513655,0.998513655
B,dallas,2026-06-13,20260613T010600-0400,,,eq,90,91,0.22704205,0.22704205
B,dallas,2026-06-13,20260613T020726-0400,,,eq,90,91,0.206877657,0.206877657
B,dallas,2026-06-13,20260613T030852-0400,,,eq,90,91,0.20692701,0.20692701
B,dallas,2026-06-13,20260613T040010-0400,,,eq,90,91,0.19477063,0.19477063
B,dallas,2026-06-13,20260613T050152-0400,,,eq,90,91,0.162444081,0.162444081
B,dallas,2026-06-13,20260613T060303-0400,,,eq,90,91,0.165704181,0.165704181
B,dallas,2026-06-13,20260613T070424-0400,,,eq,90,91,0.153475253,0.153475253
B,dallas,2026-06-13,20260613T080612-0400,,,eq,90,91,0.122181962,0.122181962
B,dallas,2026-06-13,20260613T090737-0400,,,eq,90,91,0.223150289,0.223150289
B,dallas,2026-06-13,20260613T100905-0400,,,eq,90,91,0.245288744,0.245288744
B,dallas,2026-06-13,20260613T110101-0400,,,eq,90,91,0.123110475,0.123110475
B,dallas,2026-06-13,20260613T120726-0400,,,eq,90,91,0.219596339,0.219596339
B,dallas,2026-06-13,20260613T130949-0400,,,eq,90,91,0.131757807,0.131757807
B,dallas,2026-06-13,20260613T140116-0400,,,eq,90,91,0.095562147,0.095562147
B,dallas,2026-06-13,20260613T150251-0400,,,eq,90,91,0.1096388,0.1096388
B,dallas,2026-06-13,20260613T160421-0400,,,eq,90,91,0.0181767531,0.0181767531
B,dallas,2026-06-13,20260613T170621-0400,,,eq,90,91,0.344888226,0.344888226
B,dallas,2026-06-13,20260613T180841-0400,,,eq,90,91,0.879144136,0.879144136
B,dallas,2026-06-13,20260613T190051-0400,,,eq,90,91,0.983067217,0.983067217
B,dallas,2026-06-13,20260613T200335-0400,,,eq,90,91,0.994802984,0.994802984
B,dallas,2026-06-13,20260613T210530-0400,,,eq,90,91,0.99333149,0.99333149
B,dallas,2026-06-13,20260613T220051-0400,,,eq,90,91,0.992874097,0.992874097
B,dallas,2026-06-13,20260613T230235-0400,,,eq,90,91,0.995854685,0.995854685
B,dallas,2026-06-13,20260614T000851-0400,,,eq,90,91,0.995831059,0.995831059
B,dallas,2026-06-14,20260614T011005-0400,,,eq,84,85,0,0
B,dallas,2026-06-14,20260614T020136-0400,,,eq,84,85,0.0435515183,0.0435515183
B,dallas,2026-06-14,20260614T030318-0400,,,eq,84,85,0.130154836,0.130154836
B,dallas,2026-06-14,20260614T040201-0400,,,eq,84,85,0.136269734,0.136269734
B,dallas,2026-06-14,20260614T050552-0400,,,eq,84,85,0.160066734,0.160066734
B,dallas,2026-06-14,20260614T060714-0400,,,eq,84,85,0.16408751,0.16408751
B,dallas,2026-06-14,20260614T070836-0400,,,eq,84,85,0.167825756,0.167825756
B,dallas,2026-06-14,20260614T080215-0400,,,eq,84,85,0.189259389,0.189259389
B,dallas,2026-06-14,20260614T090108-0400,,,eq,84,85,0.111868821,0.111868821
B,dallas,2026-06-14,20260614T100244-0400,,,eq,84,85,0.16981021,0.16981021
B,dallas,2026-06-14,20260614T110304-0400,,,eq,84,85,0.344477021,0.344477021
B,dallas,2026-06-14,20260614T120112-0400,,,eq,84,85,0.723558294,0.723558294
B,dallas,2026-06-14,20260614T130306-0400,,,eq,84,85,0.358479341,0.358479341
B,dallas,2026-06-14,20260614T140325-0400,,,eq,84,85,0.372966359,0.372966359
B,dallas,2026-06-14,20260614T150306-0400,,,eq,84,85,0.0959901646,0.0959901646
B,dallas,2026-06-14,20260614T160132-0400,,,eq,84,85,0.115312483,0.115312483
B,dallas,2026-06-14,20260614T171332-0400,,,eq,84,85,0.522361331,0.522361331
B,dallas,2026-06-14,20260614T180358-0400,,,eq,84,85,0.768961381,0.768961381
B,dallas,2026-06-14,20260614T190324-0400,,,eq,84,85,0.81470912,0.81470912
B,dallas,2026-06-14,20260614T200745-0400,,,eq,84,85,0.999173963,0.999173963
B,dallas,2026-06-14,20260614T210049-0400,,,eq,84,85,0.999179436,0.999179436
B,dallas,2026-06-14,20260614T220329-0400,,,eq,84,85,0.991045848,0.991045848
B,dallas,2026-06-14,20260614T230535-0400,,,eq,84,85,0.991045848,0.991045848
B,dallas,2026-06-14,20260615T000542-0400,,,eq,84,85,0.991045848,0.991045848
B,dallas,2026-06-15,20260615T010539-0400,,,eq,86,87,0.525895094,0.525895094
B,dallas,2026-06-15,20260615T021534-0400,,,eq,86,87,0.147869209,0.147869209
B,dallas,2026-06-15,20260615T030422-0400,,,eq,86,87,0.00659564674,0.00659564674
B,dallas,2026-06-15,20260615T040537-0400,,,eq,86,87,0.00507502807,0.00507502807
B,dallas,2026-06-15,20260615T050535-0400,,,eq,86,87,0.138941104,0.138941104
B,dallas,2026-06-15,20260615T060524-0400,,,eq,86,87,0.0950922617,0.0950922617
B,dallas,2026-06-15,20260615T071541-0400,,,eq,86,87,0.128673026,0.128673026
B,dallas,2026-06-15,20260615T080533-0400,,,eq,86,87,0.129824932,0.129824932
B,dallas,2026-06-15,20260615T090535-0400,,,eq,86,87,0.106310361,0.106310361
B,dallas,2026-06-15,20260615T100527-0400,,,eq,86,87,0.078796899,0.078796899
B,dallas,2026-06-15,20260615T110400-0400,,,eq,86,87,0.501837101,0.501837101
B,dallas,2026-06-15,20260615T120601-0400,,,eq,86,87,0.393442546,0.393442546
B,dallas,2026-06-15,20260615T130545-0400,,,eq,86,87,0.18335829,0.18335829
B,dallas,2026-06-15,20260615T140536-0400,,,eq,86,87,0.389387125,0.389387125
B,dallas,2026-06-15,20260615T151538-0400,,,eq,86,87,0.572433765,0.572433765
B,dallas,2026-06-15,20260615T160516-0400,,,eq,86,87,0.18561114,0.18561114
B,dallas,2026-06-15,20260615T170524-0400,,,eq,86,87,0.367776477,0.367776477
B,dallas,2026-06-15,20260615T180739-0400,,,eq,86,87,0.518611165,0.518611165
B,dallas,2026-06-15,20260615T190540-0400,,,eq,86,87,0.909451583,0.909451583
B,dallas,2026-06-15,20260615T200745-0400,,,eq,86,87,0.999861042,0.999861042
B,dallas,2026-06-15,20260615T211614-0400,,,eq,86,87,0.999941005,0.999941005
B,dallas,2026-06-15,20260615T221618-0400,,,eq,86,87,0.999824348,0.999824348
B,dallas,2026-06-15,20260615T231237-0400,,,eq,86,87,0.999824348,0.999824348
B,dallas,2026-06-15,20260616T001510-0400,,,eq,86,87,0.999957984,0.999957984
B,dallas,2026-06-16,20260616T010514-0400,,,eq,88,89,0.150310701,0.150310701
B,dallas,2026-06-16,20260616T020509-0400,,,eq,88,89,0.178754005,0.178754005
B,dallas,2026-06-16,20260616T030613-0400,,,eq,88,89,0.187234635,0.187234635
B,dallas,2026-06-16,20260616T041519-0400,,,eq,88,89,0.258926786,0.258926786
B,dallas,2026-06-16,20260616T050530-0400,,,eq,88,89,0.319318807,0.319318807
B,dallas,2026-06-16,20260616T061509-0400,,,eq,88,89,0.267182374,0.267182374
B,dallas,2026-06-16,20260616T070510-0400,,,eq,88,89,0.266018486,0.266018486
B,dallas,2026-06-16,20260616T080812-0400,,,eq,88,89,0.274044546,0.274044546
B,dallas,2026-06-16,20260616T090550-0400,,,eq,88,89,0.255568931,0.255568931
B,dallas,2026-06-16,20260616T100236-0400,,,eq,88,89,0.211113124,0.211113124
B,dallas,2026-06-16,20260616T111537-0400,,,eq,88,89,0.152606075,0.152606075
B,dallas,2026-06-16,20260616T120019-0400,,,eq,88,89,0.267937012,0.267937012
B,dallas,2026-06-16,20260616T131514-0400,,,eq,88,89,0.258096536,0.258096536
B,dallas,2026-06-16,20260616T140027-0400,,,eq,88,89,0.188642632,0.188642632
B,dallas,2026-06-16,20260616T151519-0400,,,eq,88,89,0.278106884,0.278106884
B,dallas,2026-06-16,20260616T160914-0400,,,eq,88,89,0.736443016,0.736443016
B,dallas,2026-06-16,20260616T171926-0400,,,eq,88,89,0.790914953,0.790914953
B,dallas,2026-06-16,20260616T180252-0400,,,eq,88,89,0.898105484,0.898105484
B,dallas,2026-06-16,20260616T190243-0400,,,eq,88,89,0.621642006,0.621642006
B,dallas,2026-06-16,20260616T200300-0400,,,eq,88,89,0.971757166,0.971757166
B,dallas,2026-06-16,20260616T210130-0400,,,eq,88,89,0.985191338,0.985191338
B,dallas,2026-06-16,20260616T220236-0400,,,eq,88,89,0.99126708,0.99126708
B,dallas,2026-06-16,20260616T230230-0400,,,eq,88,89,0.993686712,0.993686712
B,dallas,2026-06-16,20260617T000236-0400,,,eq,88,89,0.993686712,0.993686712
B,dallas,2026-06-17,20260617T010238-0400,,,eq,90,91,0.156098197,0.156098197
B,dallas,2026-06-17,20260617T020238-0400,,,eq,90,91,0.233581488,0.233581488
B,dallas,2026-06-17,20260617T031234-0400,,,eq,90,91,0.175315295,0.175315295
B,dallas,2026-06-17,20260617T040029-0400,,,eq,90,91,0.112844391,0.112844391
B,dallas,2026-06-17,20260617T050031-0400,,,eq,90,91,0.0713580149,0.0713580149
B,dallas,2026-06-17,20260617T060235-0400,,,eq,90,91,0.0665721374,0.0665721374
B,dallas,2026-06-17,20260617T070032-0400,,,eq,90,91,0.0675460523,0.0675460523
B,dallas,2026-06-17,20260617T080049-0400,,,eq,90,91,0.0725798507,0.0725798507
B,dallas,2026-06-17,20260617T090034-0400,,,eq,90,91,0.0794874255,0.0794874255
B,dallas,2026-06-17,20260617T100246-0400,,,eq,90,91,0.126625215,0.126625215
B,dallas,2026-06-17,20260617T110244-0400,,,eq,90,91,0.064822056,0.064822056
B,dallas,2026-06-17,20260617T124238-0400,,,eq,90,91,0.164381025,0.164381025
B,dallas,2026-06-17,20260617T130236-0400,,,eq,90,91,0.111842313,0.111842313
B,dallas,2026-06-17,20260617T142742-0400,,,eq,90,91,0.134312323,0.134312323
B,dallas,2026-06-17,20260617T151131-0400,,,eq,90,91,0.134258553,0.134258553
B,dallas,2026-06-17,20260617T160252-0400,,,eq,90,91,0.311574194,0.311574194
B,dallas,2026-06-17,20260617T171136-0400,,,eq,90,91,0.154782746,0.154782746
B,dallas,2026-06-17,20260617T181240-0400,,,eq,90,91,0.327532445,0.327532445
B,dallas,2026-06-17,20260617T190142-0400,,,eq,90,91,0.93695403,0.93695403
B,dallas,2026-06-17,20260617T200231-0400,,,eq,90,91,0.994054639,0.994054639
B,dallas,2026-06-17,20260617T211239-0400,,,eq,90,91,0.994900404,0.994900404
B,dallas,2026-06-17,20260617T220234-0400,,,eq,90,91,0.994900138,0.994900138
B,dallas,2026-06-17,20260617T230235-0400,,,eq,90,91,0.994893878,0.994893878
B,dallas,2026-06-17,20260618T000238-0400,,,eq,90,91,0.994893878,0.994893878
B,dallas,2026-06-19,20260619T010236-0400,,,eq,84,85,0,0
B,dallas,2026-06-19,20260619T020908-0400,,,eq,84,85,0.296247344,0.296247344
B,dallas,2026-06-19,20260619T030742-0400,,,eq,84,85,0.245209596,0.245209596
B,dallas,2026-06-19,20260619T040134-0400,,,eq,84,85,0.304370574,0.304370574
B,dallas,2026-06-19,20260619T050532-0400,,,eq,84,85,0.199966116,0.199966116
B,dallas,2026-06-19,20260619T060531-0400,,,eq,84,85,0.206127365,0.206127365
B,dallas,2026-06-19,20260619T070243-0400,,,eq,84,85,0.163003244,0.163003244
B,dallas,2026-06-19,20260619T080616-0400,,,eq,84,85,0.209274293,0.209274293
B,dallas,2026-06-19,20260619T090400-0400,,,eq,84,85,0.029177416,0.029177416
B,dallas,2026-06-19,20260619T101321-0400,,,eq,84,85,0.144017768,0.144017768
B,dallas,2026-06-19,20260619T110241-0400,,,eq,84,85,0.468876317,0.468876317
B,dallas,2026-06-19,20260619T120238-0400,,,eq,84,85,0.0630733918,0.0630733918
B,dallas,2026-06-19,20260619T130318-0400,,,eq,84,85,0.032212405,0.032212405
B,dallas,2026-06-19,20260619T140845-0400,,,eq,84,85,0.37145362,0.37145362
B,dallas,2026-06-19,20260619T150245-0400,,,eq,84,85,0.834462994,0.834462994
B,dallas,2026-06-19,20260619T160339-0400,,,eq,84,85,0.999829298,0.999829298
B,dallas,2026-06-19,20260619T170239-0400,,,eq,84,85,0.978570245,0.978570245
B,dallas,2026-06-19,20260619T180931-0400,,,eq,84,85,0.999660505,0.999660505
B,dallas,2026-06-19,20260619T190015-0400,,,eq,84,85,0.999908987,0.999908987
B,dallas,2026-06-19,20260619T201458-0400,,,eq,84,85,0.999885079,0.999885079
B,dallas,2026-06-19,20260619T210317-0400,,,eq,84,85,0.999927514,0.999927514
B,dallas,2026-06-19,20260619T220707-0400,,,eq,84,85,0.999716718,0.999716718
B,dallas,2026-06-19,20260619T230704-0400,,,eq,84,85,0.999716708,0.999716708
B,dallas,2026-06-19,20260620T000547-0400,,,eq,84,85,0.999716708,0.999716708
B,dallas,2026-06-20,20260620T010046-0400,,,eq,92,93,0.0424077769,0.0424077769
B,dallas,2026-06-20,20260620T020140-0400,,,eq,92,93,0.0190574395,0.0190574395
B,dallas,2026-06-20,20260620T030542-0400,,,eq,92,93,0.0209661211,0.0209661211
B,dallas,2026-06-20,20260620T040540-0400,,,eq,92,93,0.166848334,0.166848334
B,dallas,2026-06-20,20260620T051544-0400,,,eq,92,93,0.251235087,0.251235087
B,dallas,2026-06-20,20260620T060143-0400,,,eq,92,93,0.140158932,0.140158932
B,dallas,2026-06-20,20260620T070140-0400,,,eq,92,93,0.156405761,0.156405761
B,dallas,2026-06-20,20260620T080243-0400,,,eq,92,93,0.155961116,0.155961116
B,dallas,2026-06-20,20260620T090150-0400,,,eq,92,93,0.330505459,0.330505459
B,dallas,2026-06-20,20260620T100755-0400,,,eq,92,93,0.493576123,0.493576123
B,dallas,2026-06-20,20260620T110025-0400,,,eq,92,93,0.491217315,0.491217315
B,dallas,2026-06-20,20260620T120220-0400,,,eq,92,93,0.529694063,0.529694063
B,dallas,2026-06-20,20260620T130328-0400,,,eq,92,93,0.179552968,0.179552968
B,dallas,2026-06-20,20260620T140027-0400,,,eq,92,93,0.18145286,0.18145286
B,dallas,2026-06-20,20260620T150036-0400,,,eq,92,93,0.450378539,0.450378539
B,dallas,2026-06-20,20260620T161035-0400,,,eq,92,93,0.113201131,0.113201131
B,dallas,2026-06-20,20260620T170052-0400,,,eq,92,93,0.567042376,0.567042376
B,dallas,2026-06-20,20260620T180405-0400,,,eq,92,93,0.281145745,0.281145745
B,dallas,2026-06-20,20260620T190210-0400,,,eq,92,93,0.999165828,0.999165828
B,dallas,2026-06-20,20260620T200305-0400,,,eq,92,93,0.99970832,0.99970832
B,dallas,2026-06-20,20260620T210039-0400,,,eq,92,93,0.999989707,0.999989707
B,dallas,2026-06-20,20260620T220402-0400,,,eq,92,93,0.999977325,0.999977325
B,dallas,2026-06-20,20260620T231045-0400,,,eq,92,93,0.999977306,0.999977306
B,dallas,2026-06-20,20260621T000046-0400,,,eq,92,93,0.999977185,0.999977185
B,dallas,2026-06-21,20260621T010045-0400,,,eq,92,93,0.438169318,0.438169318
B,dallas,2026-06-21,20260621T021041-0400,,,eq,92,93,0.351353779,0.351353779
B,dallas,2026-06-21,20260621T030442-0400,,,eq,92,93,0.396526519,0.396526519
B,dallas,2026-06-21,20260621T041225-0400,,,eq,92,93,0.439895535,0.439895535
B,dallas,2026-06-21,20260621T050029-0400,,,eq,92,93,0.471699004,0.471699004
B,dallas,2026-06-21,20260621T061027-0400,,,eq,92,93,0.430205955,0.430205955
B,dallas,2026-06-21,20260621T070047-0400,,,eq,92,93,0.407418637,0.407418637
B,dallas,2026-06-21,20260621T080033-0400,,,eq,92,93,0.426422456,0.426422456
B,dallas,2026-06-21,20260621T090036-0400,,,eq,92,93,0.320607736,0.320607736
B,dallas,2026-06-21,20260621T100036-0400,,,eq,92,93,0.388141591,0.388141591
B,dallas,2026-06-21,20260621T110544-0400,,,eq,92,93,0.410360852,0.410360852
B,dallas,2026-06-21,20260621T120027-0400,,,eq,92,93,0.440134829,0.440134829
B,dallas,2026-06-21,20260621T130239-0400,,,eq,92,93,0.293811423,0.293811423
B,dallas,2026-06-21,20260621T141236-0400,,,eq,92,93,0.28198824,0.28198824
B,dallas,2026-06-21,20260621T150034-0400,,,eq,92,93,0.529611123,0.529611123
B,dallas,2026-06-21,20260621T160044-0400,,,eq,92,93,0.0409664848,0.0409664848
B,dallas,2026-06-21,20260621T170031-0400,,,eq,92,93,0.277006781,0.277006781
B,dallas,2026-06-21,20260621T180042-0400,,,eq,92,93,0.136675066,0.136675066
B,dallas,2026-06-21,20260621T190046-0400,,,eq,92,93,0.422704234,0.422704234
B,dallas,2026-06-21,20260621T200051-0400,,,eq,92,93,0.0235369668,0.0235369668
B,dallas,2026-06-21,20260621T210114-0400,,,eq,92,93,0.999970067,0.999970067
B,dallas,2026-06-21,20260621T225406-0400,,,eq,92,93,0.999977578,0.999977578
B,dallas,2026-06-21,20260621T230733-0400,,,eq,92,93,0.999977502,0.999977502
B,dallas,2026-06-21,20260622T000142-0400,,,eq,92,93,0.999977487,0.999977487
B,dallas,2026-06-22,20260622T010257-0400,,,eq,94,95,0.0663495747,0.0663495747
B,dallas,2026-06-22,20260622T020034-0400,,,eq,94,95,0.0872421611,0.0872421611
B,dallas,2026-06-22,20260622T030036-0400,,,eq,94,95,0.0849759971,0.0849759971
B,dallas,2026-06-22,20260622T040027-0400,,,eq,94,95,0.0815825947,0.0815825947
B,dallas,2026-06-22,20260622T050029-0400,,,eq,94,95,0.228123224,0.228123224
B,dallas,2026-06-22,20260622T060426-0400,,,eq,94,95,0.222246892,0.222246892
B,dallas,2026-06-22,20260622T070041-0400,,,eq,94,95,0.228045478,0.228045478
B,dallas,2026-06-22,20260622T080843-0400,,,eq,94,95,0.298364013,0.298364013
B,dallas,2026-06-22,20260622T090040-0400,,,eq,94,95,0.149294381,0.149294381
B,dallas,2026-06-22,20260622T100041-0400,,,eq,94,95,0.159429198,0.159429198
B,dallas,2026-06-22,20260622T110107-0400,,,eq,94,95,0.279156152,0.279156152
B,dallas,2026-06-22,20260622T120946-0400,,,eq,94,95,0.173984836,0.173984836
B,dallas,2026-06-22,20260622T130432-0400,,,eq,94,95,0.339550805,0.339550805
B,dallas,2026-06-22,20260622T140451-0400,,,eq,94,95,0.213080398,0.213080398
B,dallas,2026-06-22,20260622T151516-0400,,,eq,94,95,0.355686692,0.355686692
B,dallas,2026-06-22,20260622T160440-0400,,,eq,94,95,0.506868894,0.506868894
B,dallas,2026-06-22,20260622T170119-0400,,,eq,94,95,0.582380021,0.582380021
B,dallas,2026-06-22,20260622T180034-0400,,,eq,94,95,0.273462505,0.273462505
B,dallas,2026-06-22,20260622T190030-0400,,,eq,94,95,0.497757408,0.497757408
B,dallas,2026-06-22,20260622T200600-0400,,,eq,94,95,0.992488623,0.992488623
B,dallas,2026-06-22,20260622T211503-0400,,,eq,94,95,0.999767633,0.999767633
B,dallas,2026-06-22,20260622T221042-0400,,,eq,94,95,0.99980877,0.99980877
B,dallas,2026-06-22,20260622T231053-0400,,,eq,94,95,0.999777524,0.999777524
B,dallas,2026-06-22,20260623T000135-0400,,,eq,94,95,0.999777427,0.999777427
B,dallas,2026-06-26,20260626T010936-0400,,,eq,94,95,0.414640946,0.414640946
B,dallas,2026-06-26,20260626T020932-0400,,,eq,94,95,0.345425046,0.345425046
B,dallas,2026-06-26,20260626T030140-0400,,,eq,94,95,0.406943203,0.406943203
B,dallas,2026-06-26,20260626T040230-0400,,,eq,94,95,0.461623492,0.461623492
B,dallas,2026-06-26,20260626T050731-0400,,,eq,94,95,0.480465626,0.480465626
B,dallas,2026-06-26,20260626T060928-0400,,,eq,94,95,0.454574091,0.454574091
B,dallas,2026-06-26,20260626T070930-0400,,,eq,94,95,0.455153404,0.455153404
B,dallas,2026-06-26,20260626T080332-0400,,,eq,94,95,0.444661932,0.444661932
B,dallas,2026-06-26,20260626T090445-0400,,,eq,94,95,0.563762339,0.563762339
B,dallas,2026-06-26,20260626T100348-0400,,,eq,94,95,0.538683923,0.538683923
B,dallas,2026-06-26,20260626T110349-0400,,,eq,94,95,0.393839963,0.393839963
B,dallas,2026-06-26,20260626T121417-0400,,,eq,94,95,0.58200466,0.58200466
B,dallas,2026-06-26,20260626T130424-0400,,,eq,94,95,0.487654453,0.487654453
B,dallas,2026-06-26,20260626T140446-0400,,,eq,94,95,0.339127233,0.339127233
B,dallas,2026-06-26,20260626T150404-0400,,,eq,94,95,0.507853697,0.507853697
B,dallas,2026-06-26,20260626T160410-0400,,,eq,94,95,0.773656091,0.773656091
B,dallas,2026-06-26,20260626T170501-0400,,,eq,94,95,0.83144714,0.83144714
B,dallas,2026-06-26,20260626T180632-0400,,,eq,94,95,0.969667298,0.969667298
B,dallas,2026-06-26,20260626T190637-0400,,,eq,94,95,0.987546427,0.987546427
B,dallas,2026-06-26,20260626T201632-0400,,,eq,94,95,0.998489433,0.998489433
B,dallas,2026-06-26,20260626T210139-0400,,,eq,94,95,0.999802848,0.999802848
B,dallas,2026-06-26,20260626T220705-0400,,,eq,94,95,0.999801226,0.999801226
B,dallas,2026-06-26,20260626T230534-0400,,,eq,94,95,0.999788597,0.999788597
B,dallas,2026-06-26,20260627T000654-0400,,,eq,94,95,0.999775554,0.999775554
B,dallas,2026-06-28,20260628T010245-0400,,,eq,96,97,0.460612667,0.460612667
B,dallas,2026-06-28,20260628T020247-0400,,,eq,96,97,0.408656208,0.408656208
B,dallas,2026-06-28,20260628T030248-0400,,,eq,96,97,0.371297328,0.371297328
B,dallas,2026-06-28,20260628T040253-0400,,,eq,96,97,0.332797401,0.332797401
B,dallas,2026-06-28,20260628T050235-0400,,,eq,96,97,0.332797401,0.332797401
B,dallas,2026-06-28,20260628T060241-0400,,,eq,96,97,0.33743176,0.33743176
B,dallas,2026-06-28,20260628T070233-0400,,,eq,96,97,0.332797401,0.332797401
B,dallas,2026-06-28,20260628T080240-0400,,,eq,96,97,0.331836444,0.331836444
B,dallas,2026-06-28,20260628T090244-0400,,,eq,96,97,0.333799439,0.333799439
B,dallas,2026-06-28,20260628T101240-0400,,,eq,96,97,0.409314971,0.409314971
B,dallas,2026-06-28,20260628T110321-0400,,,eq,96,97,0.176173443,0.176173443
B,dallas,2026-06-28,20260628T120247-0400,,,eq,96,97,0.509219832,0.509219832
B,dallas,2026-06-28,20260628T130256-0400,,,eq,96,97,0.31334131,0.31334131
B,dallas,2026-06-28,20260628T140238-0400,,,eq,96,97,0.42273964,0.42273964
B,dallas,2026-06-28,20260628T150251-0400,,,eq,96,97,0.58649427,0.58649427
B,dallas,2026-06-28,20260628T160250-0400,,,eq,96,97,0.469024783,0.469024783
B,dallas,2026-06-28,20260628T170236-0400,,,eq,96,97,0.789030306,0.789030306
B,dallas,2026-06-28,20260628T180521-0400,,,eq,96,97,0.102473868,0.102473868
B,dallas,2026-06-28,20260628T190509-0400,,,eq,96,97,0.0575880622,0.0575880622
B,dallas,2026-06-28,20260628T200440-0400,,,eq,96,97,0.0617156539,0.0617156539
B,dallas,2026-06-28,20260628T211514-0400,,,eq,96,97,0.0141325448,0.0141325448
B,dallas,2026-06-29,20260629T104112-0400,,,eq,96,97,0.432256803,0.432256803
B,dallas,2026-06-29,20260629T110117-0400,,,eq,96,97,0.225409911,0.225409911
B,dallas,2026-06-29,20260629T121112-0400,,,eq,96,97,0.511486912,0.511486912
B,dallas,2026-06-29,20260629T131415-0400,,,eq,96,97,0.231979842,0.231979842
B,dallas,2026-06-29,20260629T140627-0400,,,eq,96,97,0.587961202,0.587961202
B,dallas,2026-06-29,20260629T150428-0400,,,eq,96,97,0.462000757,0.462000757
B,dallas,2026-06-29,20260629T160818-0400,,,eq,96,97,0.583088587,0.583088587
B,dallas,2026-06-29,20260629T170247-0400,,,eq,96,97,0.681152274,0.681152274
B,dallas,2026-06-29,20260629T180848-0400,,,eq,96,97,0.761302111,0.761302111
B,dallas,2026-06-29,20260629T190920-0400,,,eq,96,97,0.755076035,0.755076035
B,dallas,2026-06-29,20260629T200601-0400,,,eq,96,97,0.0619509091,0.0619509091
B,dallas,2026-06-29,20260629T210326-0400,,,eq,96,97,0.0245537574,0.0245537574
B,dallas,2026-06-29,20260629T220312-0400,,,eq,96,97,0.0291612719,0.0291612719
B,dallas,2026-06-29,20260629T230059-0400,,,eq,96,97,0.0745107915,0.0745107915
B,dallas,2026-06-29,20260630T000449-0400,,,eq,96,97,0.0560145312,0.0560145312
B,dallas,2026-06-30,20260630T010041-0400,,,eq,94,95,0.173838603,0.173838603
B,dallas,2026-06-30,20260630T020404-0400,,,eq,94,95,0.168021934,0.168021934
B,dallas,2026-06-30,20260630T030736-0400,,,eq,94,95,0.188936854,0.188936854
B,dallas,2026-06-30,20260630T040204-0400,,,eq,94,95,0.188850914,0.188850914
B,dallas,2026-06-30,20260630T050527-0400,,,eq,94,95,0.192916294,0.192916294
B,dallas,2026-06-30,20260630T060854-0400,,,eq,94,95,0.192342858,0.192342858
B,dallas,2026-06-30,20260630T070316-0400,,,eq,94,95,0.192342858,0.192342858
B,dallas,2026-06-30,20260630T080814-0400,,,eq,94,95,0.215374074,0.215374074
B,dallas,2026-06-30,20260630T090253-0400,,,eq,94,95,0.317843586,0.317843586
B,dallas,2026-06-30,20260630T102235-0400,,,eq,94,95,0.335171346,0.335171346
B,dallas,2026-06-30,20260630T110841-0400,,,eq,94,95,0.350698035,0.350698035
B,dallas,2026-06-30,20260630T121016-0400,,,eq,94,95,0.163751053,0.163751053
B,dallas,2026-06-30,20260630T131708-0400,,,eq,94,95,0.373995075,0.373995075
B,dallas,2026-06-30,20260630T140038-0400,,,eq,94,95,0.244143258,0.244143258
B,dallas,2026-06-30,20260630T150600-0400,,,eq,94,95,0.403615747,0.403615747
B,dallas,2026-06-30,20260630T160054-0400,,,eq,94,95,0.740598514,0.740598514
B,dallas,2026-06-30,20260630T170424-0400,,,eq,94,95,0.645478994,0.645478994
B,dallas,2026-06-30,20260630T180817-0400,,,eq,94,95,0.794384857,0.794384857
B,dallas,2026-06-30,20260630T190244-0400,,,eq,94,95,0.939710326,0.939710326
B,dallas,2026-06-30,20260630T200224-0400,,,eq,94,95,0.124311722,0.124311722
B,dallas,2026-06-30,20260630T210615-0400,,,eq,94,95,0.0452721601,0.0452721601
B,dallas,2026-06-30,20260630T220052-0400,,,eq,94,95,0.0393831091,0.0393831091
B,dallas,2026-06-30,20260630T230457-0400,,,eq,94,95,0.0015381271,0.0015381271
B,dallas,2026-06-30,20260701T000855-0400,,,eq,94,95,0.0316863977,0.0316863977
B,denver,2026-06-07,20260607T020349-0400,,,eq,92,93,0.299920031,0.299920031
B,denver,2026-06-07,20260607T030456-0400,,,eq,92,93,0.283968389,0.283968389
B,denver,2026-06-07,20260607T040615-0400,,,eq,92,93,0.508412609,0.508412609
B,denver,2026-06-07,20260607T050732-0400,,,eq,92,93,0.494672905,0.494672905
B,denver,2026-06-07,20260607T060835-0400,,,eq,92,93,0.494672905,0.494672905
B,denver,2026-06-07,20260607T071015-0400,,,eq,92,93,0.494129093,0.494129093
B,denver,2026-06-07,20260607T080108-0400,,,eq,92,93,0.470909007,0.470909007
B,denver,2026-06-07,20260607T090236-0400,,,eq,92,93,0.494874799,0.494874799
B,denver,2026-06-07,20260607T100356-0400,,,eq,92,93,0.440028237,0.440028237
B,denver,2026-06-07,20260607T110459-0400,,,eq,92,93,0.211641906,0.211641906
B,denver,2026-06-07,20260607T120704-0400,,,eq,92,93,0.395870914,0.395870914
B,denver,2026-06-07,20260607T130918-0400,,,eq,92,93,0.458194992,0.458194992
B,denver,2026-06-07,20260607T140131-0400,,,eq,92,93,0.529854366,0.529854366
B,denver,2026-06-07,20260607T150320-0400,,,eq,92,93,0.62634007,0.62634007
B,denver,2026-06-07,20260607T160504-0400,,,eq,92,93,0.581565574,0.581565574
B,denver,2026-06-07,20260607T170741-0400,,,eq,92,93,0.763600891,0.763600891
B,denver,2026-06-07,20260607T181022-0400,,,eq,92,93,0.451719709,0.451719709
B,denver,2026-06-07,20260607T190215-0400,,,eq,92,93,0.118526033,0.118526033
B,denver,2026-06-07,20260607T200350-0400,,,eq,92,93,0.973421627,0.973421627
B,denver,2026-06-07,20260607T210536-0400,,,eq,92,93,0.947973959,0.947973959
B,denver,2026-06-07,20260607T220715-0400,,,eq,92,93,0.966266132,0.966266132
B,denver,2026-06-07,20260607T230922-0400,,,eq,92,93,0.973329751,0.973329751
B,denver,2026-06-07,20260608T000057-0400,,,eq,92,93,0.907586218,0.907586218
B,denver,2026-06-07,20260608T010236-0400,,,eq,92,93,0.907586218,0.907586218
B,denver,2026-06-08,20260608T020404-0400,,,eq,82,83,0.252772185,0.252772185
B,denver,2026-06-08,20260608T030552-0400,,,eq,82,83,0,0
B,denver,2026-06-08,20260608T040712-0400,,,eq,82,83,0,0
B,denver,2026-06-08,20260608T050852-0400,,,eq,82,83,0.165560763,0.165560763
B,denver,2026-06-08,20260608T060039-0400,,,eq,82,83,0.181104283,0.181104283
B,denver,2026-06-08,20260608T070221-0400,,,eq,82,83,0.182047647,0.182047647
B,denver,2026-06-08,20260608T080356-0400,,,eq,82,83,0.173458469,0.173458469
B,denver,2026-06-08,20260608T090547-0400,,,eq,82,83,0.148605144,0.148605144
B,denver,2026-06-08,20260608T100745-0400,,,eq,82,83,0.189179792,0.189179792
B,denver,2026-06-08,20260608T110929-0400,,,eq,82,83,0.195401763,0.195401763
B,denver,2026-06-08,20260608T120110-0400,,,eq,82,83,0.0313687307,0.0313687307
B,denver,2026-06-08,20260608T130313-0400,,,eq,82,83,0.121135515,0.121135515
B,denver,2026-06-08,20260608T140513-0400,,,eq,82,83,0.0219404553,0.0219404553
B,denver,2026-06-08,20260608T150717-0400,,,eq,82,83,0.063352748,0.063352748
B,denver,2026-06-08,20260608T160959-0400,,,eq,82,83,0.226482411,0.226482411
B,denver,2026-06-08,20260608T170227-0400,,,eq,82,83,0.894367166,0.894367166
B,denver,2026-06-08,20260608T180447-0400,,,eq,82,83,0.980194555,0.980194555
B,denver,2026-06-08,20260608T191531-0400,,,eq,82,83,0.999875152,0.999875152
B,denver,2026-06-08,20260608T200647-0400,,,eq,82,83,0.99968279,0.99968279
B,denver,2026-06-08,20260608T210813-0400,,,eq,82,83,0.999928641,0.999928641
B,denver,2026-06-08,20260608T220948-0400,,,eq,82,83,0.999938382,0.999938382
B,denver,2026-06-08,20260608T230134-0400,,,eq,82,83,0.999938487,0.999938487
B,denver,2026-06-08,20260609T000256-0400,,,eq,82,83,0.999938484,0.999938484
B,denver,2026-06-08,20260609T010433-0400,,,eq,82,83,0.999938462,0.999938462
B,denver,2026-06-11,20260611T050141-0400,,,eq,78,79,0.0968332253,0.0968332253
B,denver,2026-06-11,20260611T061107-0400,,,eq,78,79,0.120523518,0.120523518
B,denver,2026-06-11,20260611T070049-0400,,,eq,78,79,0.0885008236,0.0885008236
B,denver,2026-06-11,20260611T080405-0400,,,eq,78,79,0.15756796,0.15756796
B,denver,2026-06-11,20260611T090611-0400,,,eq,78,79,0.265268668,0.265268668
B,denver,2026-06-11,20260611T100750-0400,,,eq,78,79,0.0760551115,0.0760551115
B,denver,2026-06-11,20260611T110335-0400,,,eq,78,79,0.242035434,0.242035434
B,denver,2026-06-11,20260611T120544-0400,,,eq,78,79,0.545847667,0.545847667
B,denver,2026-06-11,20260611T130714-0400,,,eq,78,79,0.418362691,0.418362691
B,denver,2026-06-11,20260611T140953-0400,,,eq,78,79,0.486684519,0.486684519
B,denver,2026-06-11,20260611T150154-0400,,,eq,78,79,0.246548474,0.246548474
B,denver,2026-06-11,20260611T160423-0400,,,eq,78,79,0.107981451,0.107981451
B,denver,2026-06-11,20260611T170622-0400,,,eq,78,79,0.0129740571,0.0129740571
B,denver,2026-06-11,20260611T180829-0400,,,eq,78,79,0.21801879,0.21801879
B,denver,2026-06-11,20260611T191003-0400,,,eq,78,79,0.801136641,0.801136641
B,denver,2026-06-11,20260611T200225-0400,,,eq,78,79,0.93908136,0.93908136
B,denver,2026-06-11,20260611T210552-0400,,,eq,78,79,0.998136931,0.998136931
B,denver,2026-06-11,20260611T220733-0400,,,eq,78,79,0.996302368,0.996302368
B,denver,2026-06-11,20260611T231009-0400,,,eq,78,79,0.990103188,0.990103188
B,denver,2026-06-11,20260612T000132-0400,,,eq,78,79,0.990110003,0.990110003
B,denver,2026-06-11,20260612T010305-0400,,,eq,78,79,0.99340397,0.99340397
B,denver,2026-06-12,20260612T020454-0400,,,eq,92,93,0.000516260137,0.000516260137
B,denver,2026-06-12,20260612T030614-0400,,,eq,92,93,0.00582556412,0.00582556412
B,denver,2026-06-12,20260612T040737-0400,,,eq,92,93,0.0104305779,0.0104305779
B,denver,2026-06-12,20260612T050855-0400,,,eq,92,93,0.0310292033,0.0310292033
B,denver,2026-06-12,20260612T060036-0400,,,eq,92,93,0.0191401787,0.0191401787
B,denver,2026-06-12,20260612T070212-0400,,,eq,92,93,0.0191401787,0.0191401787
B,denver,2026-06-12,20260612T080357-0400,,,eq,92,93,0.0218315236,0.0218315236
B,denver,2026-06-12,20260612T090638-0400,,,eq,92,93,0.0628618076,0.0628618076
B,denver,2026-06-12,20260612T100831-0400,,,eq,92,93,0.0488503941,0.0488503941
B,denver,2026-06-12,20260612T111015-0400,,,eq,92,93,0.146779562,0.146779562
B,denver,2026-06-12,20260612T120145-0400,,,eq,92,93,0.0607477763,0.0607477763
B,denver,2026-06-12,20260612T130333-0400,,,eq,92,93,0.0804016159,0.0804016159
B,denver,2026-06-12,20260612T140515-0400,,,eq,92,93,0.0355140465,0.0355140465
B,denver,2026-06-12,20260612T150703-0400,,,eq,92,93,0.589978145,0.589978145
B,denver,2026-06-12,20260612T160910-0400,,,eq,92,93,0.584461036,0.584461036
B,denver,2026-06-12,20260612T170054-0400,,,eq,92,93,0.249466188,0.249466188
B,denver,2026-06-12,20260612T180252-0400,,,eq,92,93,0.0504703584,0.0504703584
B,denver,2026-06-12,20260612T190426-0400,,,eq,92,93,0.0489024799,0.0489024799
B,denver,2026-06-12,20260612T200652-0400,,,eq,92,93,0.934310555,0.934310555
B,denver,2026-06-12,20260612T210916-0400,,,eq,92,93,0.997875151,0.997875151
B,denver,2026-06-12,20260612T220100-0400,,,eq,92,93,0.999202944,0.999202944
B,denver,2026-06-12,20260612T230254-0400,,,eq,92,93,0.986625327,0.986625327
B,denver,2026-06-12,20260613T000425-0400,,,eq,92,93,0.985560149,0.985560149
B,denver,2026-06-12,20260613T010601-0400,,,eq,92,93,0.985571155,0.985571155
B,denver,2026-06-13,20260613T020727-0400,,,eq,78,79,0,0
B,denver,2026-06-13,20260613T030853-0400,,,eq,78,79,0,0
B,denver,2026-06-13,20260613T040011-0400,,,eq,78,79,0,0
B,denver,2026-06-13,20260613T050153-0400,,,eq,78,79,0.0798642446,0.0798642446
B,denver,2026-06-13,20260613T060304-0400,,,eq,78,79,0.0818605505,0.0818605505
B,denver,2026-06-13,20260613T070424-0400,,,eq,78,79,0.440793231,0.440793231
B,denver,2026-06-13,20260613T080613-0400,,,eq,78,79,0.504049719,0.504049719
B,denver,2026-06-13,20260613T090738-0400,,,eq,78,79,0.406518298,0.406518298
B,denver,2026-06-13,20260613T100906-0400,,,eq,78,79,0.27222407,0.27222407
B,denver,2026-06-13,20260613T110102-0400,,,eq,78,79,0.248988654,0.248988654
B,denver,2026-06-13,20260613T120729-0400,,,eq,78,79,0.359639066,0.359639066
B,denver,2026-06-13,20260613T130950-0400,,,eq,78,79,0.597847449,0.597847449
B,denver,2026-06-13,20260613T140123-0400,,,eq,78,79,0.69635439,0.69635439
B,denver,2026-06-13,20260613T150252-0400,,,eq,78,79,0.729464981,0.729464981
B,denver,2026-06-13,20260613T160431-0400,,,eq,78,79,0.889031708,0.889031708
B,denver,2026-06-13,20260613T170629-0400,,,eq,78,79,0.8907973,0.8907973
B,denver,2026-06-13,20260613T180842-0400,,,eq,78,79,0.892116246,0.892116246
B,denver,2026-06-13,20260613T190053-0400,,,eq,78,79,0.959576536,0.959576536
B,denver,2026-06-13,20260613T200336-0400,,,eq,78,79,0.972806163,0.972806163
B,denver,2026-06-13,20260613T210532-0400,,,eq,78,79,0.999469421,0.999469421
B,denver,2026-06-13,20260613T220052-0400,,,eq,78,79,0.999766564,0.999766564
B,denver,2026-06-13,20260613T230236-0400,,,eq,78,79,0.999533577,0.999533577
B,denver,2026-06-13,20260614T000502-0400,,,eq,78,79,0.999519812,0.999519812
B,denver,2026-06-13,20260614T010707-0400,,,eq,78,79,0.999479206,0.999479206
B,denver,2026-06-14,20260614T020137-0400,,,eq,72,73,0.311529293,0.311529293
B,denver,2026-06-14,20260614T030323-0400,,,eq,72,73,0,0
B,denver,2026-06-14,20260614T040447-0400,,,eq,72,73,0.216482908,0.216482908
B,denver,2026-06-14,20260614T050103-0400,,,eq,72,73,0.275588862,0.275588862
B,denver,2026-06-14,20260614T060715-0400,,,eq,72,73,0.224145847,0.224145847
B,denver,2026-06-14,20260614T070103-0400,,,eq,72,73,0.228560201,0.228560201
B,denver,2026-06-14,20260614T080802-0400,,,eq,72,73,0.21648858,0.21648858
B,denver,2026-06-14,20260614T090109-0400,,,eq,72,73,0.222598626,0.222598626
B,denver,2026-06-14,20260614T100203-0400,,,eq,72,73,0.252294992,0.252294992
B,denver,2026-06-14,20260614T110107-0400,,,eq,72,73,0.192339954,0.192339954
B,denver,2026-06-14,20260614T120527-0400,,,eq,72,73,0.190703891,0.190703891
B,denver,2026-06-14,20260614T130713-0400,,,eq,72,73,0.245578324,0.245578324
B,denver,2026-06-14,20260614T140852-0400,,,eq,72,73,0.278539875,0.278539875
B,denver,2026-06-14,20260614T150003-0400,,,eq,72,73,0.699481363,0.699481363
B,denver,2026-06-14,20260614T160132-0400,,,eq,72,73,0.272378614,0.272378614
B,denver,2026-06-14,20260614T171550-0400,,,eq,72,73,0.31169551,0.31169551
B,denver,2026-06-14,20260614T180359-0400,,,eq,72,73,0.370812579,0.370812579
B,denver,2026-06-14,20260614T190612-0400,,,eq,72,73,0.836777081,0.836777081
B,denver,2026-06-14,20260614T200041-0400,,,eq,72,73,0.998606085,0.998606085
B,denver,2026-06-14,20260614T210054-0400,,,eq,72,73,0.999124449,0.999124449
B,denver,2026-06-14,20260614T220023-0400,,,eq,72,73,0.997895629,0.997895629
B,denver,2026-06-14,20260614T230536-0400,,,eq,72,73,0.999603793,0.999603793
B,denver,2026-06-14,20260615T000543-0400,,,eq,72,73,0.999775503,0.999775503
B,denver,2026-06-14,20260615T010023-0400,,,eq,72,73,0.999775552,0.999775552
B,denver,2026-06-15,20260615T020535-0400,,,eq,80,81,0.173498892,0.173498892
B,denver,2026-06-15,20260615T030536-0400,,,eq,80,81,0.102730237,0.102730237
B,denver,2026-06-15,20260615T040127-0400,,,eq,80,81,0.0610304636,0.0610304636
B,denver,2026-06-15,20260615T050537-0400,,,eq,80,81,0.0498807634,0.0498807634
B,denver,2026-06-15,20260615T060137-0400,,,eq,80,81,0.0632890129,0.0632890129
B,denver,2026-06-15,20260615T070023-0400,,,eq,80,81,0.0632890129,0.0632890129
B,denver,2026-06-15,20260615T080540-0400,,,eq,80,81,0.0932750903,0.0932750903
B,denver,2026-06-15,20260615T090231-0400,,,eq,80,81,0.0854236898,0.0854236898
B,denver,2026-06-15,20260615T100231-0400,,,eq,80,81,0.113940139,0.113940139
B,denver,2026-06-15,20260615T110958-0400,,,eq,80,81,0.0812521518,0.0812521518
B,denver,2026-06-15,20260615T121217-0400,,,eq,80,81,0.0989578489,0.0989578489
B,denver,2026-06-15,20260615T130204-0400,,,eq,80,81,0.0910665599,0.0910665599
B,denver,2026-06-15,20260615T140058-0400,,,eq,80,81,0.139954277,0.139954277
B,denver,2026-06-15,20260615T150547-0400,,,eq,80,81,0.088387401,0.088387401
B,denver,2026-06-15,20260615T160519-0400,,,eq,80,81,0.155180578,0.155180578
B,denver,2026-06-15,20260615T172629-0400,,,eq,80,81,0.424772086,0.424772086
B,denver,2026-06-15,20260615T180743-0400,,,eq,80,81,0.781497091,0.781497091
B,denver,2026-06-15,20260615T190545-0400,,,eq,80,81,0.898469247,0.898469247
B,denver,2026-06-15,20260615T200639-0400,,,eq,80,81,0.663551729,0.663551729
B,denver,2026-06-15,20260615T210333-0400,,,eq,80,81,0.750112908,0.750112908
B,denver,2026-06-15,20260615T220041-0400,,,eq,80,81,0.847689805,0.847689805
B,denver,2026-06-15,20260615T231244-0400,,,eq,80,81,0.895721534,0.895721534
B,denver,2026-06-15,20260616T001337-0400,,,eq,80,81,0.759516985,0.759516985
B,denver,2026-06-15,20260616T012413-0400,,,eq,80,81,0.760022571,0.760022571
B,denver,2026-06-16,20260616T020511-0400,,,eq,94,95,0.00924565113,0.00924565113
B,denver,2026-06-16,20260616T030429-0400,,,eq,94,95,0.0123730557,0.0123730557
B,denver,2026-06-16,20260616T040120-0400,,,eq,94,95,0.00460144178,0.00460144178
B,denver,2026-06-16,20260616T050533-0400,,,eq,94,95,0.00460145306,0.00460145306
B,denver,2026-06-16,20260616T060512-0400,,,eq,94,95,0.00458940526,0.00458940526
B,denver,2026-06-16,20260616T070214-0400,,,eq,94,95,0.00458940526,0.00458940526
B,denver,2026-06-16,20260616T081011-0400,,,eq,94,95,0.00341835661,0.00341835661
B,denver,2026-06-16,20260616T090547-0400,,,eq,94,95,0.00707550543,0.00707550543
B,denver,2026-06-16,20260616T100238-0400,,,eq,94,95,0.00664273092,0.00664273092
B,denver,2026-06-16,20260616T111519-0400,,,eq,94,95,0.00806811955,0.00806811955
B,denver,2026-06-16,20260616T121529-0400,,,eq,94,95,0.0149459942,0.0149459942
B,denver,2026-06-16,20260616T130615-0400,,,eq,94,95,0.0184106453,0.0184106453
B,denver,2026-06-16,20260616T140418-0400,,,eq,94,95,0.00271942917,0.00271942917
B,denver,2026-06-16,20260616T151524-0400,,,eq,94,95,0.00380117029,0.00380117029
B,denver,2026-06-16,20260616T161019-0400,,,eq,94,95,0.00732353103,0.00732353103
B,denver,2026-06-16,20260616T171118-0400,,,eq,94,95,0.00774134709,0.00774134709
B,denver,2026-06-16,20260616T180255-0400,,,eq,94,95,0.00227903097,0.00227903097
B,denver,2026-06-16,20260616T190244-0400,,,eq,94,95,0.0119496041,0.0119496041
B,denver,2026-06-16,20260616T200305-0400,,,eq,94,95,0.929325504,0.929325504
B,denver,2026-06-16,20260616T210027-0400,,,eq,94,95,0.942832601,0.942832601
B,denver,2026-06-16,20260616T220238-0400,,,eq,94,95,0.999782432,0.999782432
B,denver,2026-06-16,20260616T230134-0400,,,eq,94,95,0.999911372,0.999911372
B,denver,2026-06-16,20260617T001235-0400,,,eq,94,95,0.999790534,0.999790534
B,denver,2026-06-16,20260617T010029-0400,,,eq,94,95,0.999790534,0.999790534
B,denver,2026-06-17,20260617T020240-0400,,,eq,92,93,0.340543747,0.340543747
B,denver,2026-06-17,20260617T030040-0400,,,eq,92,93,0.191534717,0.191534717
B,denver,2026-06-17,20260617T040251-0400,,,eq,92,93,0.357081325,0.357081325
B,denver,2026-06-17,20260617T050032-0400,,,eq,92,93,0.51313588,0.51313588
B,denver,2026-06-17,20260617T060241-0400,,,eq,92,93,0.14647645,0.14647645
B,denver,2026-06-17,20260617T070831-0400,,,eq,92,93,0.379253943,0.379253943
B,denver,2026-06-17,20260617T080236-0400,,,eq,92,93,0.538261363,0.538261363
B,denver,2026-06-17,20260617T090241-0400,,,eq,92,93,0.529392431,0.529392431
B,denver,2026-06-17,20260617T100248-0400,,,eq,92,93,0.668427083,0.668427083
B,denver,2026-06-17,20260617T110247-0400,,,eq,92,93,0.171640011,0.171640011
B,denver,2026-06-17,20260617T121833-0400,,,eq,92,93,0.260275892,0.260275892
B,denver,2026-06-17,20260617T130238-0400,,,eq,92,93,0.285967737,0.285967737
B,denver,2026-06-17,20260617T142841-0400,,,eq,92,93,0.16179613,0.16179613
B,denver,2026-06-17,20260617T151241-0400,,,eq,92,93,0.162420008,0.162420008
B,denver,2026-06-17,20260617T160254-0400,,,eq,92,93,0.466832732,0.466832732
B,denver,2026-06-17,20260617T170234-0400,,,eq,92,93,0.302626211,0.302626211
B,denver,2026-06-17,20260617T181242-0400,,,eq,92,93,0.355244495,0.355244495
B,denver,2026-06-17,20260617T190937-0400,,,eq,92,93,0.649728516,0.649728516
B,denver,2026-06-17,20260617T200042-0400,,,eq,92,93,0.879500345,0.879500345
B,denver,2026-06-17,20260617T211241-0400,,,eq,92,93,0.921290161,0.921290161
B,denver,2026-06-17,20260617T220939-0400,,,eq,92,93,0.986526561,0.986526561
B,denver,2026-06-17,20260617T230236-0400,,,eq,92,93,0.897727707,0.897727707
B,denver,2026-06-17,20260618T000245-0400,,,eq,92,93,0.678899367,0.678899367
B,denver,2026-06-17,20260618T010030-0400,,,eq,92,93,0.678942131,0.678942131
B,denver,2026-06-19,20260619T020240-0400,,,eq,82,83,0.098457812,0.098457812
B,denver,2026-06-19,20260619T030956-0400,,,eq,82,83,0,0
B,denver,2026-06-19,20260619T041038-0400,,,eq,82,83,0.0676966823,0.0676966823
B,denver,2026-06-19,20260619T050033-0400,,,eq,82,83,0.10555807,0.10555807
B,denver,2026-06-19,20260619T060430-0400,,,eq,82,83,0.164931885,0.164931885
B,denver,2026-06-19,20260619T070244-0400,,,eq,82,83,0.169154958,0.169154958
B,denver,2026-06-19,20260619T080618-0400,,,eq,82,83,0.190954485,0.190954485
B,denver,2026-06-19,20260619T090406-0400,,,eq,82,83,0.100645632,0.100645632
B,denver,2026-06-19,20260619T100449-0400,,,eq,82,83,0.180713095,0.180713095
B,denver,2026-06-19,20260619T110244-0400,,,eq,82,83,0.1427285,0.1427285
B,denver,2026-06-19,20260619T120243-0400,,,eq,82,83,0.10465155,0.10465155
B,denver,2026-06-19,20260619T130322-0400,,,eq,82,83,0.0985979634,0.0985979634
B,denver,2026-06-19,20260619T140543-0400,,,eq,82,83,0.268554112,0.268554112
B,denver,2026-06-19,20260619T150247-0400,,,eq,82,83,0.164006461,0.164006461
B,denver,2026-06-19,20260619T160343-0400,,,eq,82,83,0.227438891,0.227438891
B,denver,2026-06-19,20260619T170040-0400,,,eq,82,83,0.190818046,0.190818046
B,denver,2026-06-19,20260619T180631-0400,,,eq,82,83,0.974389185,0.974389185
B,denver,2026-06-19,20260619T190017-0400,,,eq,82,83,0.996927339,0.996927339
B,denver,2026-06-19,20260619T201131-0400,,,eq,82,83,0.995644674,0.995644674
B,denver,2026-06-19,20260619T210321-0400,,,eq,82,83,0.68959738,0.68959738
B,denver,2026-06-19,20260619T220711-0400,,,eq,82,83,0.837254466,0.837254466
B,denver,2026-06-19,20260619T230035-0400,,,eq,82,83,0.955761954,0.955761954
B,denver,2026-06-19,20260620T000042-0400,,,eq,82,83,0.978788865,0.978788865
B,denver,2026-06-19,20260620T010546-0400,,,eq,82,83,0.978764044,0.978764044
B,denver,2026-06-20,20260620T020547-0400,,,eq,88,89,0.0981401592,0.0981401592
B,denver,2026-06-20,20260620T030543-0400,,,eq,88,89,0.0735590293,0.0735590293
B,denver,2026-06-20,20260620T041546-0400,,,eq,88,89,0.0764884623,0.0764884623
B,denver,2026-06-20,20260620T050044-0400,,,eq,88,89,0.051094032,0.051094032
B,denver,2026-06-20,20260620T060548-0400,,,eq,88,89,0.0489829377,0.0489829377
B,denver,2026-06-20,20260620T071046-0400,,,eq,88,89,0.0492424572,0.0492424572
B,denver,2026-06-20,20260620T080142-0400,,,eq,88,89,0.0472090567,0.0472090567
B,denver,2026-06-20,20260620T090045-0400,,,eq,88,89,0.0495470508,0.0495470508
B,denver,2026-06-20,20260620T101100-0400,,,eq,88,89,0.0910264346,0.0910264346
B,denver,2026-06-20,20260620T110027-0400,,,eq,88,89,0.132033879,0.132033879
B,denver,2026-06-20,20260620T121235-0400,,,eq,88,89,0.080709379,0.080709379
B,denver,2026-06-20,20260620T130131-0400,,,eq,88,89,0.373712658,0.373712658
B,denver,2026-06-20,20260620T140029-0400,,,eq,88,89,0.479023092,0.479023092
B,denver,2026-06-20,20260620T150040-0400,,,eq,88,89,0.478159698,0.478159698
B,denver,2026-06-20,20260620T161040-0400,,,eq,88,89,0.614907439,0.614907439
B,denver,2026-06-20,20260620T170051-0400,,,eq,88,89,0.581583804,0.581583804
B,denver,2026-06-20,20260620T180106-0400,,,eq,88,89,0.932520912,0.932520912
B,denver,2026-06-20,20260620T191038-0400,,,eq,88,89,0.997430477,0.997430477
B,denver,2026-06-20,20260620T201041-0400,,,eq,88,89,0.999123032,0.999123032
B,denver,2026-06-20,20260620T211050-0400,,,eq,88,89,0.999403945,0.999403945
B,denver,2026-06-20,20260620T221052-0400,,,eq,88,89,0.999604798,0.999604798
B,denver,2026-06-20,20260620T230314-0400,,,eq,88,89,0.999628564,0.999628564
B,denver,2026-06-20,20260621T000051-0400,,,eq,88,89,0.99928762,0.99928762
B,denver,2026-06-20,20260621T010008-0400,,,eq,88,89,0.999002752,0.999002752
B,denver,2026-06-21,20260621T020043-0400,,,eq,86,87,0.15721542,0.15721542
B,denver,2026-06-21,20260621T030444-0400,,,eq,86,87,0.357506744,0.357506744
B,denver,2026-06-21,20260621T041226-0400,,,eq,86,87,0.0606172503,0.0606172503
B,denver,2026-06-21,20260621T050028-0400,,,eq,86,87,0.0603614065,0.0603614065
B,denver,2026-06-21,20260621T060439-0400,,,eq,86,87,0.0824967438,0.0824967438
B,denver,2026-06-21,20260621T070030-0400,,,eq,86,87,0.0804322406,0.0804322406
B,denver,2026-06-21,20260621T080038-0400,,,eq,86,87,0.116698641,0.116698641
B,denver,2026-06-21,20260621T090040-0400,,,eq,86,87,0.179718181,0.179718181
B,denver,2026-06-21,20260621T100039-0400,,,eq,86,87,0.0666209128,0.0666209128
B,denver,2026-06-21,20260621T110116-0400,,,eq,86,87,0.0817945256,0.0817945256
B,denver,2026-06-21,20260621T121046-0400,,,eq,86,87,0.185884399,0.185884399
B,denver,2026-06-21,20260621T130244-0400,,,eq,86,87,0.171886386,0.171886386
B,denver,2026-06-21,20260621T141240-0400,,,eq,86,87,0.115568671,0.115568671
B,denver,2026-06-21,20260621T150038-0400,,,eq,86,87,0.11189033,0.11189033
B,denver,2026-06-21,20260621T160037-0400,,,eq,86,87,0.0589847507,0.0589847507
B,denver,2026-06-21,20260621T170035-0400,,,eq,86,87,0.218355995,0.218355995
B,denver,2026-06-21,20260621T180045-0400,,,eq,86,87,0.732092295,0.732092295
B,denver,2026-06-21,20260621T190049-0400,,,eq,86,87,0.85384488,0.85384488
B,denver,2026-06-21,20260621T200056-0400,,,eq,86,87,0.926283996,0.926283996
B,denver,2026-06-21,20260621T210119-0400,,,eq,86,87,0.998258168,0.998258168
B,denver,2026-06-21,20260621T225421-0400,,,eq,86,87,0.998337344,0.998337344
B,denver,2026-06-21,20260621T230220-0400,,,eq,86,87,0.998337344,0.998337344
B,denver,2026-06-21,20260622T000012-0400,,,eq,86,87,0.998693501,0.998693501
B,denver,2026-06-21,20260622T010306-0400,,,eq,86,87,0.998693191,0.998693191
B,denver,2026-06-22,20260622T020041-0400,,,eq,88,89,0.133202689,0.133202689
B,denver,2026-06-22,20260622T030041-0400,,,eq,88,89,0.511470141,0.511470141
B,denver,2026-06-22,20260622T040040-0400,,,eq,88,89,0.494910716,0.494910716
B,denver,2026-06-22,20260622T050031-0400,,,eq,88,89,0.155764625,0.155764625
B,denver,2026-06-22,20260622T060830-0400,,,eq,88,89,0.170432863,0.170432863
B,denver,2026-06-22,20260622T070044-0400,,,eq,88,89,0.158408804,0.158408804
B,denver,2026-06-22,20260622T081046-0400,,,eq,88,89,0.157723062,0.157723062
B,denver,2026-06-22,20260622T090041-0400,,,eq,88,89,0.157370042,0.157370042
B,denver,2026-06-22,20260622T100049-0400,,,eq,88,89,0.48535952,0.48535952
B,denver,2026-06-22,20260622T110115-0400,,,eq,88,89,0.322209594,0.322209594
B,denver,2026-06-22,20260622T122236-0400,,,eq,88,89,0.550547593,0.550547593
B,denver,2026-06-22,20260622T130435-0400,,,eq,88,89,0.564466028,0.564466028
B,denver,2026-06-22,20260622T140028-0400,,,eq,88,89,0.793736956,0.793736956
B,denver,2026-06-22,20260622T150032-0400,,,eq,88,89,0.567874679,0.567874679
B,denver,2026-06-22,20260622T160025-0400,,,eq,88,89,0.0970542188,0.0970542188
B,denver,2026-06-22,20260622T170246-0400,,,eq,88,89,0.534143688,0.534143688
B,denver,2026-06-22,20260622T180100-0400,,,eq,88,89,0.403563569,0.403563569
B,denver,2026-06-22,20260622T190035-0400,,,eq,88,89,0.827358528,0.827358528
B,denver,2026-06-22,20260622T200613-0400,,,eq,88,89,0.930840865,0.930840865
B,denver,2026-06-22,20260622T211509-0400,,,eq,88,89,0.998263863,0.998263863
B,denver,2026-06-22,20260622T220134-0400,,,eq,88,89,0.998047419,0.998047419
B,denver,2026-06-22,20260622T231059-0400,,,eq,88,89,0.979709865,0.979709865
B,denver,2026-06-22,20260623T000500-0400,,,eq,88,89,0.97970842,0.97970842
B,denver,2026-06-22,20260623T010456-0400,,,eq,88,89,0.980901481,0.980901481
B,denver,2026-06-26,20260626T020939-0400,,,eq,88,89,0.0875089813,0.0875089813
B,denver,2026-06-26,20260626T030940-0400,,,eq,88,89,0.0861270189,0.0861270189
B,denver,2026-06-26,20260626T040938-0400,,,eq,88,89,0.0705127088,0.0705127088
B,denver,2026-06-26,20260626T050927-0400,,,eq,88,89,0.076356687,0.076356687
B,denver,2026-06-26,20260626T060931-0400,,,eq,88,89,0.0667786598,0.0667786598
B,denver,2026-06-26,20260626T070933-0400,,,eq,88,89,0.0277507261,0.0277507261
B,denver,2026-06-26,20260626T081037-0400,,,eq,88,89,0.0267092987,0.0267092987
B,denver,2026-06-26,20260626T090852-0400,,,eq,88,89,0.16812655,0.16812655
B,denver,2026-06-26,20260626T100200-0400,,,eq,88,89,0.167560075,0.167560075
B,denver,2026-06-26,20260626T110953-0400,,,eq,88,89,0.0937806055,0.0937806055
B,denver,2026-06-26,20260626T120958-0400,,,eq,88,89,0.146907284,0.146907284
B,denver,2026-06-26,20260626T130430-0400,,,eq,88,89,0.764432762,0.764432762
B,denver,2026-06-26,20260626T140944-0400,,,eq,88,89,0.769547142,0.769547142
B,denver,2026-06-26,20260626T150001-0400,,,eq,88,89,0.405110083,0.405110083
B,denver,2026-06-26,20260626T160701-0400,,,eq,88,89,0.34526904,0.34526904
B,denver,2026-06-26,20260626T170651-0400,,,eq,88,89,0.986964536,0.986964536
B,denver,2026-06-26,20260626T180001-0400,,,eq,88,89,0.644409301,0.644409301
B,denver,2026-06-26,20260626T190109-0400,,,eq,88,89,0.970508535,0.970508535
B,denver,2026-06-26,20260626T201055-0400,,,eq,88,89,0.970060456,0.970060456
B,denver,2026-06-26,20260626T211039-0400,,,eq,88,89,0.997192001,0.997192001
B,denver,2026-06-26,20260626T220714-0400,,,eq,88,89,0.980129194,0.980129194
B,denver,2026-06-26,20260626T230137-0400,,,eq,88,89,0.985331891,0.985331891
B,denver,2026-06-26,20260627T000701-0400,,,eq,88,89,0.985331184,0.985331184
B,denver,2026-06-26,20260627T011842-0400,,,eq,88,89,0.991200952,0.991200952
B,denver,2026-06-27,20260627T021856-0400,,,eq,96,97,0.00646469159,0.00646469159
B,denver,2026-06-27,20260627T031650-0400,,,eq,96,97,0.00622592147,0.00622592147
B,denver,2026-06-27,20260627T040651-0400,,,eq,96,97,0.00485418863,0.00485418863
B,denver,2026-06-27,20260627T050843-0400,,,eq,96,97,0.00484211673,0.00484211673
B,denver,2026-06-27,20260627T060843-0400,,,eq,96,97,0.0034433205,0.0034433205
B,denver,2026-06-27,20260627T070845-0400,,,eq,96,97,0.00752129093,0.00752129093
B,denver,2026-06-27,20260627T080848-0400,,,eq,96,97,0.00647602914,0.00647602914
B,denver,2026-06-27,20260627T090749-0400,,,eq,96,97,0.0073373888,0.0073373888
B,denver,2026-06-27,20260627T104005-0400,,,eq,96,97,0.00211180729,0.00211180729
B,denver,2026-06-27,20260627T110842-0400,,,eq,96,97,0.00461252578,0.00461252578
B,denver,2026-06-27,20260627T121030-0400,,,eq,96,97,0.0091342175,0.0091342175
B,denver,2026-06-27,20260627T130523-0400,,,eq,96,97,0.0194783303,0.0194783303
B,denver,2026-06-27,20260627T140043-0400,,,eq,96,97,0.0278315681,0.0278315681
B,denver,2026-06-27,20260627T150011-0400,,,eq,96,97,0.0136361176,0.0136361176
B,denver,2026-06-27,20260627T160131-0400,,,eq,96,97,0.0953682023,0.0953682023
B,denver,2026-06-27,20260627T170823-0400,,,eq,96,97,0.0304788113,0.0304788113
B,denver,2026-06-27,20260627T181831-0400,,,eq,96,97,0.0383976907,0.0383976907
B,denver,2026-06-27,20260627T190335-0400,,,eq,96,97,0.252291446,0.252291446
B,denver,2026-06-27,20260627T200240-0400,,,eq,96,97,0.64053245,0.64053245
B,denver,2026-06-27,20260627T210239-0400,,,eq,96,97,0.599008213,0.599008213
B,denver,2026-06-27,20260627T220248-0400,,,eq,96,97,0.0340005211,0.0340005211
B,denver,2026-06-27,20260627T230255-0400,,,eq,96,97,0.00592684554,0.00592684554
B,denver,2026-06-27,20260628T000300-0400,,,eq,96,97,0.00470287839,0.00470287839
B,denver,2026-06-27,20260628T010253-0400,,,eq,96,97,0.00685804291,0.00685804291
B,denver,2026-06-28,20260628T020251-0400,,,eq,94,95,0.281747454,0.281747454
B,denver,2026-06-28,20260628T030252-0400,,,eq,94,95,0.281747454,0.281747454
B,denver,2026-06-28,20260628T040259-0400,,,eq,94,95,0.281747454,0.281747454
B,denver,2026-06-28,20260628T050239-0400,,,eq,94,95,0.205361761,0.205361761
B,denver,2026-06-28,20260628T060244-0400,,,eq,94,95,0.205361761,0.205361761
B,denver,2026-06-28,20260628T070237-0400,,,eq,94,95,0.137138156,0.137138156
B,denver,2026-06-28,20260628T080244-0400,,,eq,94,95,0.123647418,0.123647418
B,denver,2026-06-28,20260628T090250-0400,,,eq,94,95,0.134049236,0.134049236
B,denver,2026-06-28,20260628T101247-0400,,,eq,94,95,0.0858488688,0.0858488688
B,denver,2026-06-28,20260628T110332-0400,,,eq,94,95,0.121609742,0.121609742
B,denver,2026-06-28,20260628T120251-0400,,,eq,94,95,0.419699816,0.419699816
B,denver,2026-06-28,20260628T130300-0400,,,eq,94,95,0.0895254304,0.0895254304
B,denver,2026-06-28,20260628T140242-0400,,,eq,94,95,0.0833577943,0.0833577943
B,denver,2026-06-28,20260628T150256-0400,,,eq,94,95,0.0417393085,0.0417393085
B,denver,2026-06-28,20260628T160255-0400,,,eq,94,95,0.0561458841,0.0561458841
B,denver,2026-06-28,20260628T170240-0400,,,eq,94,95,0.0268639098,0.0268639098
B,denver,2026-06-28,20260628T180525-0400,,,eq,94,95,0.0546855456,0.0546855456
B,denver,2026-06-28,20260628T190034-0400,,,eq,94,95,0.885270755,0.885270755
B,denver,2026-06-28,20260628T200446-0400,,,eq,94,95,0.896210596,0.896210596
B,denver,2026-06-28,20260628T211208-0400,,,eq,94,95,0.071013719,0.071013719
B,denver,2026-06-29,20260629T104119-0400,,,eq,88,89,0.626428168,0.626428168
B,denver,2026-06-29,20260629T110121-0400,,,eq,88,89,0.49192712,0.49192712
B,denver,2026-06-29,20260629T121117-0400,,,eq,88,89,0.33350794,0.33350794
B,denver,2026-06-29,20260629T131419-0400,,,eq,88,89,0.238458962,0.238458962
B,denver,2026-06-29,20260629T140630-0400,,,eq,88,89,0.152688655,0.152688655
B,denver,2026-06-29,20260629T150434-0400,,,eq,88,89,0.668162788,0.668162788
B,denver,2026-06-29,20260629T160825-0400,,,eq,88,89,0.636554041,0.636554041
B,denver,2026-06-29,20260629T170253-0400,,,eq,88,89,0.343587313,0.343587313
B,denver,2026-06-29,20260629T180852-0400,,,eq,88,89,0.973863862,0.973863862
B,denver,2026-06-29,20260629T190927-0400,,,eq,88,89,0.5446129,0.5446129
B,denver,2026-06-29,20260629T200756-0400,,,eq,88,89,0.792060618,0.792060618
B,denver,2026-06-29,20260629T210006-0400,,,eq,88,89,0.103218472,0.103218472
B,denver,2026-06-29,20260629T220321-0400,,,eq,88,89,0.050781914,0.050781914
B,denver,2026-06-29,20260629T230108-0400,,,eq,88,89,0.0533310157,0.0533310157
B,denver,2026-06-29,20260630T000458-0400,,,eq,88,89,0.0650332066,0.0650332066
B,denver,2026-06-29,20260630T010849-0400,,,eq,88,89,0.045944573,0.045944573
B,denver,2026-06-30,20260630T020018-0400,,,eq,90,91,0.278766233,0.278766233
B,denver,2026-06-30,20260630T030413-0400,,,eq,90,91,0.278766233,0.278766233
B,denver,2026-06-30,20260630T040001-0400,,,eq,90,91,0.386218589,0.386218589
B,denver,2026-06-30,20260630T050202-0400,,,eq,90,91,0.386218589,0.386218589
B,denver,2026-06-30,20260630T060528-0400,,,eq,90,91,0.386218589,0.386218589
B,denver,2026-06-30,20260630T070001-0400,,,eq,90,91,0.386219391,0.386219391
B,denver,2026-06-30,20260630T080608-0400,,,eq,90,91,0.367810862,0.367810862
B,denver,2026-06-30,20260630T090037-0400,,,eq,90,91,0.529951585,0.529951585
B,denver,2026-06-30,20260630T100146-0400,,,eq,90,91,0.314396952,0.314396952
B,denver,2026-06-30,20260630T110006-0400,,,eq,90,91,0.23144954,0.23144954
B,denver,2026-06-30,20260630T121124-0400,,,eq,90,91,0.221579125,0.221579125
B,denver,2026-06-30,20260630T131243-0400,,,eq,90,91,0.29014095,0.29014095
B,denver,2026-06-30,20260630T141010-0400,,,eq,90,91,0.236415368,0.236415368
B,denver,2026-06-30,20260630T150503-0400,,,eq,90,91,0.186207325,0.186207325
B,denver,2026-06-30,20260630T160847-0400,,,eq,90,91,0.862440737,0.862440737
B,denver,2026-06-30,20260630T170325-0400,,,eq,90,91,0.968168913,0.968168913
B,denver,2026-06-30,20260630T180654-0400,,,eq,90,91,0.992957639,0.992957639
B,denver,2026-06-30,20260630T190119-0400,,,eq,90,91,0.117357729,0.117357729
B,denver,2026-06-30,20260630T200859-0400,,,eq,90,91,0.110972384,0.110972384
B,denver,2026-06-30,20260630T210326-0400,,,eq,90,91,0.115999597,0.115999597
B,denver,2026-06-30,20260630T220703-0400,,,eq,90,91,0.0641672838,0.0641672838
B,denver,2026-06-30,20260630T230108-0400,,,eq,90,91,0.0447065115,0.0447065115
B,denver,2026-06-30,20260701T000536-0400,,,eq,90,91,0.0447065115,0.0447065115
B,denver,2026-06-30,20260701T010045-0400,,,eq,90,91,0.0449738126,0.0449738126
B,houston,2026-06-07,20260607T010229-0400,,,eq,84,85,0.0393705451,0.0393705451
B,houston,2026-06-07,20260607T020350-0400,,,eq,84,85,0.124935494,0.124935494
B,houston,2026-06-07,20260607T030457-0400,,,eq,84,85,0.0894115809,0.0894115809
B,houston,2026-06-07,20260607T040616-0400,,,eq,84,85,0.170547134,0.170547134
B,houston,2026-06-07,20260607T050735-0400,,,eq,84,85,0.1521142,0.1521142
B,houston,2026-06-07,20260607T060836-0400,,,eq,84,85,0.231473662,0.231473662
B,houston,2026-06-07,20260607T071017-0400,,,eq,84,85,0.252454665,0.252454665
B,houston,2026-06-07,20260607T080116-0400,,,eq,84,85,0.133024946,0.133024946
B,houston,2026-06-07,20260607T090237-0400,,,eq,84,85,0.122791228,0.122791228
B,houston,2026-06-07,20260607T100357-0400,,,eq,84,85,0.0310670214,0.0310670214
B,houston,2026-06-07,20260607T110501-0400,,,eq,84,85,0.151333289,0.151333289
B,houston,2026-06-07,20260607T120706-0400,,,eq,84,85,0.251755846,0.251755846
B,houston,2026-06-07,20260607T130919-0400,,,eq,84,85,0.17367865,0.17367865
B,houston,2026-06-07,20260607T140133-0400,,,eq,84,85,0.0671213823,0.0671213823
B,houston,2026-06-07,20260607T150321-0400,,,eq,84,85,0.0261622844,0.0261622844
B,houston,2026-06-07,20260607T160505-0400,,,eq,84,85,0.318129184,0.318129184
B,houston,2026-06-07,20260607T170746-0400,,,eq,84,85,0.463006635,0.463006635
B,houston,2026-06-07,20260607T181023-0400,,,eq,84,85,0.925235775,0.925235775
B,houston,2026-06-07,20260607T190217-0400,,,eq,84,85,0.942206356,0.942206356
B,houston,2026-06-07,20260607T200351-0400,,,eq,84,85,0.443660483,0.443660483
B,houston,2026-06-07,20260607T210537-0400,,,eq,84,85,0.391244897,0.391244897
B,houston,2026-06-07,20260607T220716-0400,,,eq,84,85,0.377877843,0.377877843
B,houston,2026-06-07,20260607T230926-0400,,,eq,84,85,0.377877843,0.377877843
B,houston,2026-06-07,20260608T000100-0400,,,eq,84,85,0.377877843,0.377877843
B,houston,2026-06-08,20260608T010238-0400,,,eq,90,91,0.20296887,0.20296887
B,houston,2026-06-08,20260608T020407-0400,,,eq,90,91,0.357725638,0.357725638
B,houston,2026-06-08,20260608T030553-0400,,,eq,90,91,0.0179642215,0.0179642215
B,houston,2026-06-08,20260608T040713-0400,,,eq,90,91,0.0194562737,0.0194562737
B,houston,2026-06-08,20260608T050853-0400,,,eq,90,91,0.11064728,0.11064728
B,houston,2026-06-08,20260608T060041-0400,,,eq,90,91,0.356198181,0.356198181
B,houston,2026-06-08,20260608T070222-0400,,,eq,90,91,0.0855424933,0.0855424933
B,houston,2026-06-08,20260608T080357-0400,,,eq,90,91,0.0351682304,0.0351682304
B,houston,2026-06-08,20260608T090548-0400,,,eq,90,91,0.0576815965,0.0576815965
B,houston,2026-06-08,20260608T100746-0400,,,eq,90,91,0.0488928278,0.0488928278
B,houston,2026-06-08,20260608T110930-0400,,,eq,90,91,0.242527354,0.242527354
B,houston,2026-06-08,20260608T120112-0400,,,eq,90,91,0.266270144,0.266270144
B,houston,2026-06-08,20260608T130314-0400,,,eq,90,91,0.382738532,0.382738532
B,houston,2026-06-08,20260608T140514-0400,,,eq,90,91,0.606542765,0.606542765
B,houston,2026-06-08,20260608T150719-0400,,,eq,90,91,0.192229451,0.192229451
B,houston,2026-06-08,20260608T161005-0400,,,eq,90,91,0.999804967,0.999804967
B,houston,2026-06-08,20260608T170229-0400,,,eq,90,91,0.963934896,0.963934896
B,houston,2026-06-08,20260608T180448-0400,,,eq,90,91,0.998686402,0.998686402
B,houston,2026-06-08,20260608T191532-0400,,,eq,90,91,0.999893004,0.999893004
B,houston,2026-06-08,20260608T200648-0400,,,eq,90,91,0.999952391,0.999952391
B,houston,2026-06-08,20260608T210814-0400,,,eq,90,91,0.999953204,0.999953204
B,houston,2026-06-08,20260608T220949-0400,,,eq,90,91,0.999953181,0.999953181
B,houston,2026-06-08,20260608T230135-0400,,,eq,90,91,0.999953181,0.999953181
B,houston,2026-06-08,20260609T000257-0400,,,eq,90,91,0.999953181,0.999953181
B,houston,2026-06-11,20260611T050144-0400,,,eq,92,93,0.0283397566,0.0283397566
B,houston,2026-06-11,20260611T061126-0400,,,eq,92,93,0.213402172,0.213402172
B,houston,2026-06-11,20260611T070050-0400,,,eq,92,93,0.213861374,0.213861374
B,houston,2026-06-11,20260611T080406-0400,,,eq,92,93,0.221246786,0.221246786
B,houston,2026-06-11,20260611T090612-0400,,,eq,92,93,0.310971676,0.310971676
B,houston,2026-06-11,20260611T100751-0400,,,eq,92,93,0.214607284,0.214607284
B,houston,2026-06-11,20260611T110339-0400,,,eq,92,93,0.187495094,0.187495094
B,houston,2026-06-11,20260611T120544-0400,,,eq,92,93,0.468414774,0.468414774
B,houston,2026-06-11,20260611T130715-0400,,,eq,92,93,0.31453955,0.31453955
B,houston,2026-06-11,20260611T140954-0400,,,eq,92,93,0.495170859,0.495170859
B,houston,2026-06-11,20260611T150155-0400,,,eq,92,93,0.602389462,0.602389462
B,houston,2026-06-11,20260611T160423-0400,,,eq,92,93,0.983470832,0.983470832
B,houston,2026-06-11,20260611T170623-0400,,,eq,92,93,0.979313512,0.979313512
B,houston,2026-06-11,20260611T180830-0400,,,eq,92,93,0.999399475,0.999399475
B,houston,2026-06-11,20260611T191005-0400,,,eq,92,93,0.999859235,0.999859235
B,houston,2026-06-11,20260611T200226-0400,,,eq,92,93,0.99997566,0.99997566
B,houston,2026-06-11,20260611T210554-0400,,,eq,92,93,0.999975607,0.999975607
B,houston,2026-06-11,20260611T220734-0400,,,eq,92,93,0.999975607,0.999975607
B,houston,2026-06-11,20260611T231011-0400,,,eq,92,93,0.999975607,0.999975607
B,houston,2026-06-11,20260612T000133-0400,,,eq,92,93,0.999975607,0.999975607
B,houston,2026-06-12,20260612T010306-0400,,,eq,90,91,0.416143603,0.416143603
B,houston,2026-06-12,20260612T020454-0400,,,eq,90,91,0.761400719,0.761400719
B,houston,2026-06-12,20260612T030615-0400,,,eq,90,91,0.767313698,0.767313698
B,houston,2026-06-12,20260612T040738-0400,,,eq,90,91,0.64909322,0.64909322
B,houston,2026-06-12,20260612T050856-0400,,,eq,90,91,0.693604889,0.693604889
B,houston,2026-06-12,20260612T060037-0400,,,eq,90,91,0.644032348,0.644032348
B,houston,2026-06-12,20260612T070217-0400,,,eq,90,91,0.767684367,0.767684367
B,houston,2026-06-12,20260612T080357-0400,,,eq,90,91,0.454111351,0.454111351
B,houston,2026-06-12,20260612T090640-0400,,,eq,90,91,0.719463821,0.719463821
B,houston,2026-06-12,20260612T100832-0400,,,eq,90,91,0.553156708,0.553156708
B,houston,2026-06-12,20260612T111016-0400,,,eq,90,91,0.532641394,0.532641394
B,houston,2026-06-12,20260612T120146-0400,,,eq,90,91,0.812726085,0.812726085
B,houston,2026-06-12,20260612T130334-0400,,,eq,90,91,0.653533545,0.653533545
B,houston,2026-06-12,20260612T140516-0400,,,eq,90,91,0.938281542,0.938281542
B,houston,2026-06-12,20260612T150704-0400,,,eq,90,91,0.266284541,0.266284541
B,houston,2026-06-12,20260612T160911-0400,,,eq,90,91,0.994363127,0.994363127
B,houston,2026-06-12,20260612T170055-0400,,,eq,90,91,0.541823512,0.541823512
B,houston,2026-06-12,20260612T180253-0400,,,eq,90,91,0.902570245,0.902570245
B,houston,2026-06-12,20260612T190427-0400,,,eq,90,91,0.997365923,0.997365923
B,houston,2026-06-12,20260612T200654-0400,,,eq,90,91,0.997865095,0.997865095
B,houston,2026-06-12,20260612T210917-0400,,,eq,90,91,0.997857169,0.997857169
B,houston,2026-06-12,20260612T220101-0400,,,eq,90,91,0.997857169,0.997857169
B,houston,2026-06-12,20260612T230257-0400,,,eq,90,91,0.997857169,0.997857169
B,houston,2026-06-12,20260613T000426-0400,,,eq,90,91,0.997857169,0.997857169
B,houston,2026-06-13,20260613T010602-0400,,,eq,92,93,0.343801721,0.343801721
B,houston,2026-06-13,20260613T020728-0400,,,eq,92,93,0.0912354719,0.0912354719
B,houston,2026-06-13,20260613T030853-0400,,,eq,92,93,0.249465377,0.249465377
B,houston,2026-06-13,20260613T040015-0400,,,eq,92,93,0.258076234,0.258076234
B,houston,2026-06-13,20260613T050154-0400,,,eq,92,93,0.104996578,0.104996578
B,houston,2026-06-13,20260613T060305-0400,,,eq,92,93,0.064633234,0.064633234
B,houston,2026-06-13,20260613T070425-0400,,,eq,92,93,0.0701225745,0.0701225745
B,houston,2026-06-13,20260613T080614-0400,,,eq,92,93,0.305103695,0.305103695
B,houston,2026-06-13,20260613T090739-0400,,,eq,92,93,0.144785384,0.144785384
B,houston,2026-06-13,20260613T100907-0400,,,eq,92,93,0.0824329518,0.0824329518
B,houston,2026-06-13,20260613T110104-0400,,,eq,92,93,0.80672483,0.80672483
B,houston,2026-06-13,20260613T120734-0400,,,eq,92,93,0.826195274,0.826195274
B,houston,2026-06-13,20260613T130951-0400,,,eq,92,93,0.51767322,0.51767322
B,houston,2026-06-13,20260613T140132-0400,,,eq,92,93,0.0894020765,0.0894020765
B,houston,2026-06-13,20260613T150252-0400,,,eq,92,93,0.958195521,0.958195521
B,houston,2026-06-13,20260613T160432-0400,,,eq,92,93,0.979784896,0.979784896
B,houston,2026-06-13,20260613T170631-0400,,,eq,92,93,0.930794388,0.930794388
B,houston,2026-06-13,20260613T180844-0400,,,eq,92,93,0.99985997,0.99985997
B,houston,2026-06-13,20260613T190055-0400,,,eq,92,93,0.99991776,0.99991776
B,houston,2026-06-13,20260613T200338-0400,,,eq,92,93,0.999972474,0.999972474
B,houston,2026-06-13,20260613T210533-0400,,,eq,92,93,0.99997253,0.99997253
B,houston,2026-06-13,20260613T220052-0400,,,eq,92,93,0.999814241,0.999814241
B,houston,2026-06-13,20260613T230237-0400,,,eq,92,93,0.999814241,0.999814241
B,houston,2026-06-13,20260614T000852-0400,,,eq,92,93,0.999814241,0.999814241
B,houston,2026-06-14,20260614T011008-0400,,,eq,90,91,0.393344466,0.393344466
B,houston,2026-06-14,20260614T020138-0400,,,eq,90,91,0.69040935,0.69040935
B,houston,2026-06-14,20260614T030324-0400,,,eq,90,91,0.74543255,0.74543255
B,houston,2026-06-14,20260614T040448-0400,,,eq,90,91,0.730782764,0.730782764
B,houston,2026-06-14,20260614T050554-0400,,,eq,90,91,0.727756002,0.727756002
B,houston,2026-06-14,20260614T060716-0400,,,eq,90,91,0.468082547,0.468082547
B,houston,2026-06-14,20260614T070838-0400,,,eq,90,91,0.60445915,0.60445915
B,houston,2026-06-14,20260614T080225-0400,,,eq,90,91,0.680806934,0.680806934
B,houston,2026-06-14,20260614T090110-0400,,,eq,90,91,0.46375796,0.46375796
B,houston,2026-06-14,20260614T100245-0400,,,eq,90,91,0.390395507,0.390395507
B,houston,2026-06-14,20260614T110413-0400,,,eq,90,91,0.212262219,0.212262219
B,houston,2026-06-14,20260614T120014-0400,,,eq,90,91,0.307816231,0.307816231
B,houston,2026-06-14,20260614T130021-0400,,,eq,90,91,0.741065907,0.741065907
B,houston,2026-06-14,20260614T140015-0400,,,eq,90,91,0.573628285,0.573628285
B,houston,2026-06-14,20260614T150006-0400,,,eq,90,91,0.463917111,0.463917111
B,houston,2026-06-14,20260614T160025-0400,,,eq,90,91,0.386153367,0.386153367
B,houston,2026-06-14,20260614T171553-0400,,,eq,90,91,0.67297159,0.67297159
B,houston,2026-06-14,20260614T180400-0400,,,eq,90,91,0.788478024,0.788478024
B,houston,2026-06-14,20260614T190027-0400,,,eq,90,91,0.998189724,0.998189724
B,houston,2026-06-14,20260614T200746-0400,,,eq,90,91,0.999432333,0.999432333
B,houston,2026-06-14,20260614T210055-0400,,,eq,90,91,0.999432333,0.999432333
B,houston,2026-06-14,20260614T220332-0400,,,eq,90,91,0.99940888,0.99940888
B,houston,2026-06-14,20260614T230537-0400,,,eq,90,91,0.99940888,0.99940888
B,houston,2026-06-14,20260615T000544-0400,,,eq,90,91,0.99940888,0.99940888
B,houston,2026-06-17,20260617T010241-0400,,,eq,88,89,0.303736614,0.303736614
B,houston,2026-06-17,20260617T020243-0400,,,eq,88,89,0.237518629,0.237518629
B,houston,2026-06-17,20260617T031236-0400,,,eq,88,89,0.263749889,0.263749889
B,houston,2026-06-17,20260617T040252-0400,,,eq,88,89,0.297221622,0.297221622
B,houston,2026-06-17,20260617T051237-0400,,,eq,88,89,0.295222491,0.295222491
B,houston,2026-06-17,20260617T060242-0400,,,eq,88,89,0.376515726,0.376515726
B,houston,2026-06-17,20260617T071041-0400,,,eq,88,89,0.335905253,0.335905253
B,houston,2026-06-17,20260617T080237-0400,,,eq,88,89,0.293581539,0.293581539
B,houston,2026-06-17,20260617T090133-0400,,,eq,88,89,0.415044889,0.415044889
B,houston,2026-06-17,20260617T100249-0400,,,eq,88,89,0.401918787,0.401918787
B,houston,2026-06-17,20260617T110251-0400,,,eq,88,89,0.490212007,0.490212007
B,houston,2026-06-17,20260617T122834-0400,,,eq,88,89,0.421476798,0.421476798
B,houston,2026-06-17,20260617T130242-0400,,,eq,88,89,0.568154595,0.568154595
B,houston,2026-06-17,20260617T142746-0400,,,eq,88,89,0.400840864,0.400840864
B,houston,2026-06-17,20260617T150635-0400,,,eq,88,89,0.829554989,0.829554989
B,houston,2026-06-17,20260617T160257-0400,,,eq,88,89,0.732642308,0.732642308
B,houston,2026-06-17,20260617T171244-0400,,,eq,88,89,0.696501036,0.696501036
B,houston,2026-06-17,20260617T181244-0400,,,eq,88,89,0.974494837,0.974494837
B,houston,2026-06-17,20260617T191309-0400,,,eq,88,89,0.997177719,0.997177719
B,houston,2026-06-17,20260617T200240-0400,,,eq,88,89,0.999449099,0.999449099
B,houston,2026-06-17,20260617T211243-0400,,,eq,88,89,0.999592379,0.999592379
B,houston,2026-06-17,20260617T221245-0400,,,eq,88,89,0.999588145,0.999588145
B,houston,2026-06-17,20260617T230238-0400,,,eq,88,89,0.999588145,0.999588145
B,houston,2026-06-17,20260618T000246-0400,,,eq,88,89,0.999588145,0.999588145
B,houston,2026-06-19,20260619T010239-0400,,,eq,92,93,0.701195649,0.701195649
B,houston,2026-06-19,20260619T020241-0400,,,eq,92,93,0.368031151,0.368031151
B,houston,2026-06-19,20260619T031657-0400,,,eq,92,93,0.240145255,0.240145255
B,houston,2026-06-19,20260619T040034-0400,,,eq,92,93,0.233669196,0.233669196
B,houston,2026-06-19,20260619T050036-0400,,,eq,92,93,0.305019591,0.305019591
B,houston,2026-06-19,20260619T060134-0400,,,eq,92,93,0.304067903,0.304067903
B,houston,2026-06-19,20260619T070246-0400,,,eq,92,93,0.341242959,0.341242959
B,houston,2026-06-19,20260619T080116-0400,,,eq,92,93,0.341493027,0.341493027
B,houston,2026-06-19,20260619T090253-0400,,,eq,92,93,0.497192822,0.497192822
B,houston,2026-06-19,20260619T100346-0400,,,eq,92,93,0.585884623,0.585884623
B,houston,2026-06-19,20260619T110252-0400,,,eq,92,93,0.421166977,0.421166977
B,houston,2026-06-19,20260619T120244-0400,,,eq,92,93,0.359935585,0.359935585
B,houston,2026-06-19,20260619T130325-0400,,,eq,92,93,0.635821846,0.635821846
B,houston,2026-06-19,20260619T140245-0400,,,eq,92,93,0.557614885,0.557614885
B,houston,2026-06-19,20260619T150250-0400,,,eq,92,93,0.724280807,0.724280807
B,houston,2026-06-19,20260619T160352-0400,,,eq,92,93,0.872125877,0.872125877
B,houston,2026-06-19,20260619T170242-0400,,,eq,92,93,0.837880163,0.837880163
B,houston,2026-06-19,20260619T180235-0400,,,eq,92,93,0.973139346,0.973139346
B,houston,2026-06-19,20260619T190019-0400,,,eq,92,93,0.998820213,0.998820213
B,houston,2026-06-19,20260619T201134-0400,,,eq,92,93,0.999799766,0.999799766
B,houston,2026-06-19,20260619T210324-0400,,,eq,92,93,0.999798094,0.999798094
B,houston,2026-06-19,20260619T220715-0400,,,eq,92,93,0.999798561,0.999798561
B,houston,2026-06-19,20260619T230332-0400,,,eq,92,93,0.999798561,0.999798561
B,houston,2026-06-19,20260620T000550-0400,,,eq,92,93,0.999798561,0.999798561
B,houston,2026-06-20,20260620T010549-0400,,,eq,84,85,0,0
B,houston,2026-06-20,20260620T020440-0400,,,eq,84,85,0.0497119323,0.0497119323
B,houston,2026-06-20,20260620T030545-0400,,,eq,84,85,0.0509939017,0.0509939017
B,houston,2026-06-20,20260620T041548-0400,,,eq,84,85,0.0479938128,0.0479938128
B,houston,2026-06-20,20260620T050445-0400,,,eq,84,85,0.0708263109,0.0708263109
B,houston,2026-06-20,20260620T060447-0400,,,eq,84,85,0.10431859,0.10431859
B,houston,2026-06-20,20260620T070446-0400,,,eq,84,85,0.0959180114,0.0959180114
B,houston,2026-06-20,20260620T080542-0400,,,eq,84,85,0.0796092661,0.0796092661
B,houston,2026-06-20,20260620T090552-0400,,,eq,84,85,0.0806345498,0.0806345498
B,houston,2026-06-20,20260620T101443-0400,,,eq,84,85,0.014729961,0.014729961
B,houston,2026-06-20,20260620T110044-0400,,,eq,84,85,0.0105979317,0.0105979317
B,houston,2026-06-20,20260620T121625-0400,,,eq,84,85,0.00178949945,0.00178949945
B,houston,2026-06-20,20260620T130333-0400,,,eq,84,85,0.0168998607,0.0168998607
B,houston,2026-06-20,20260620T140035-0400,,,eq,84,85,0.015468271,0.015468271
B,houston,2026-06-20,20260620T150043-0400,,,eq,84,85,0.012054378,0.012054378
B,houston,2026-06-20,20260620T160648-0400,,,eq,84,85,0.0820700782,0.0820700782
B,houston,2026-06-20,20260620T170056-0400,,,eq,84,85,0.403213633,0.403213633
B,houston,2026-06-20,20260620T181103-0400,,,eq,84,85,0.969663952,0.969663952
B,houston,2026-06-20,20260620T190711-0400,,,eq,84,85,0.672712256,0.672712256
B,houston,2026-06-20,20260620T200813-0400,,,eq,84,85,0.395481087,0.395481087
B,houston,2026-06-20,20260620T211054-0400,,,eq,84,85,0.60510203,0.60510203
B,houston,2026-06-20,20260620T221055-0400,,,eq,84,85,0.705777551,0.705777551
B,houston,2026-06-20,20260620T230317-0400,,,eq,84,85,0.705777551,0.705777551
B,houston,2026-06-20,20260621T000055-0400,,,eq,84,85,0.705777551,0.705777551
B,houston,2026-06-21,20260621T010053-0400,,,eq,88,89,0.729726393,0.729726393
B,houston,2026-06-21,20260621T021046-0400,,,eq,88,89,0.619698049,0.619698049
B,houston,2026-06-21,20260621T030825-0400,,,eq,88,89,0.577290386,0.577290386
B,houston,2026-06-21,20260621T041228-0400,,,eq,88,89,0.620351632,0.620351632
B,houston,2026-06-21,20260621T050034-0400,,,eq,88,89,0.62253571,0.62253571
B,houston,2026-06-21,20260621T060028-0400,,,eq,88,89,0.223374848,0.223374848
B,houston,2026-06-21,20260621T070053-0400,,,eq,88,89,0.223374848,0.223374848
B,houston,2026-06-21,20260621T080042-0400,,,eq,88,89,0.381946331,0.381946331
B,houston,2026-06-21,20260621T090044-0400,,,eq,88,89,0.627164954,0.627164954
B,houston,2026-06-21,20260621T100043-0400,,,eq,88,89,0.149907525,0.149907525
B,houston,2026-06-21,20260621T110254-0400,,,eq,88,89,0.284106464,0.284106464
B,houston,2026-06-21,20260621T121050-0400,,,eq,88,89,0.407399783,0.407399783
B,houston,2026-06-21,20260621T130248-0400,,,eq,88,89,0.425159241,0.425159241
B,houston,2026-06-21,20260621T141244-0400,,,eq,88,89,0.635192741,0.635192741
B,houston,2026-06-21,20260621T150042-0400,,,eq,88,89,0.552375796,0.552375796
B,houston,2026-06-21,20260621T160052-0400,,,eq,88,89,0.218401723,0.218401723
B,houston,2026-06-21,20260621T170038-0400,,,eq,88,89,0.489815659,0.489815659
B,houston,2026-06-21,20260621T180049-0400,,,eq,88,89,0.960823073,0.960823073
B,houston,2026-06-21,20260621T190052-0400,,,eq,88,89,0.996975184,0.996975184
B,houston,2026-06-21,20260621T200100-0400,,,eq,88,89,0.998087987,0.998087987
B,houston,2026-06-21,20260621T210037-0400,,,eq,88,89,0.99725889,0.99725889
B,houston,2026-06-21,20260621T225434-0400,,,eq,88,89,0.998598358,0.998598358
B,houston,2026-06-21,20260621T230806-0400,,,eq,88,89,0.998598358,0.998598358
B,houston,2026-06-21,20260622T000157-0400,,,eq,88,89,0.998598358,0.998598358
B,houston,2026-06-22,20260622T010310-0400,,,eq,92,93,0.179748801,0.179748801
B,houston,2026-06-22,20260622T021045-0400,,,eq,92,93,0.144641244,0.144641244
B,houston,2026-06-22,20260622T030047-0400,,,eq,92,93,0.139540312,0.139540312
B,houston,2026-06-22,20260622T040043-0400,,,eq,92,93,0.137156958,0.137156958
B,houston,2026-06-22,20260622T050023-0400,,,eq,92,93,0.159838482,0.159838482
B,houston,2026-06-22,20260622T060023-0400,,,eq,92,93,0.165612747,0.165612747
B,houston,2026-06-22,20260622T070047-0400,,,eq,92,93,0.147474644,0.147474644
B,houston,2026-06-22,20260622T080035-0400,,,eq,92,93,0.406202696,0.406202696
B,houston,2026-06-22,20260622T090047-0400,,,eq,92,93,0.134529184,0.134529184
B,houston,2026-06-22,20260622T100052-0400,,,eq,92,93,0.164808311,0.164808311
B,houston,2026-06-22,20260622T110034-0400,,,eq,92,93,0.354138738,0.354138738
B,houston,2026-06-22,20260622T120130-0400,,,eq,92,93,0.717427756,0.717427756
B,houston,2026-06-22,20260622T130129-0400,,,eq,92,93,0.404373679,0.404373679
B,houston,2026-06-22,20260622T140457-0400,,,eq,92,93,0.393283661,0.393283661
B,houston,2026-06-22,20260622T151526-0400,,,eq,92,93,0.941653602,0.941653602
B,houston,2026-06-22,20260622T160849-0400,,,eq,92,93,0.896866439,0.896866439
B,houston,2026-06-22,20260622T171607-0400,,,eq,92,93,0.806107173,0.806107173
B,houston,2026-06-22,20260622T180105-0400,,,eq,92,93,0.988036471,0.988036471
B,houston,2026-06-22,20260622T190222-0400,,,eq,92,93,0.999286191,0.999286191
B,houston,2026-06-22,20260622T200622-0400,,,eq,92,93,0.999556335,0.999556335
B,houston,2026-06-22,20260622T211517-0400,,,eq,92,93,0.999553067,0.999553067
B,houston,2026-06-22,20260622T221124-0400,,,eq,92,93,0.999553067,0.999553067
B,houston,2026-06-22,20260622T231106-0400,,,eq,92,93,0.999553067,0.999553067
B,houston,2026-06-22,20260623T000507-0400,,,eq,92,93,0.999553067,0.999553067
B,houston,2026-06-26,20260626T010950-0400,,,eq,92,93,0.373371417,0.373371417
B,houston,2026-06-26,20260626T020942-0400,,,eq,92,93,0.614854171,0.614854171
B,houston,2026-06-26,20260626T030944-0400,,,eq,92,93,0.633089128,0.633089128
B,houston,2026-06-26,20260626T040942-0400,,,eq,92,93,0.597621337,0.597621337
B,houston,2026-06-26,20260626T050930-0400,,,eq,92,93,0.666907915,0.666907915
B,houston,2026-06-26,20260626T060935-0400,,,eq,92,93,0.622107747,0.622107747
B,houston,2026-06-26,20260626T070535-0400,,,eq,92,93,0.66017013,0.66017013
B,houston,2026-06-26,20260626T080536-0400,,,eq,92,93,0.655946703,0.655946703
B,houston,2026-06-26,20260626T090531-0400,,,eq,92,93,0.673221504,0.673221504
B,houston,2026-06-26,20260626T100559-0400,,,eq,92,93,0.54225704,0.54225704
B,houston,2026-06-26,20260626T110002-0400,,,eq,92,93,0.726834083,0.726834083
B,houston,2026-06-26,20260626T121425-0400,,,eq,92,93,0.434124082,0.434124082
B,houston,2026-06-26,20260626T130433-0400,,,eq,92,93,0.630999621,0.630999621
B,houston,2026-06-26,20260626T141642-0400,,,eq,92,93,0.411675126,0.411675126
B,houston,2026-06-26,20260626T150647-0400,,,eq,92,93,0.695546632,0.695546632
B,houston,2026-06-26,20260626T160706-0400,,,eq,92,93,0.871767346,0.871767346
B,houston,2026-06-26,20260626T170655-0400,,,eq,92,93,0.809697721,0.809697721
B,houston,2026-06-26,20260626T180641-0400,,,eq,92,93,0.990214841,0.990214841
B,houston,2026-06-26,20260626T190648-0400,,,eq,92,93,0.999437407,0.999437407
B,houston,2026-06-26,20260626T200645-0400,,,eq,92,93,0.999531871,0.999531871
B,houston,2026-06-26,20260626T210652-0400,,,eq,92,93,0.999583114,0.999583114
B,houston,2026-06-26,20260626T220047-0400,,,eq,92,93,0.99959336,0.99959336
B,houston,2026-06-26,20260626T230703-0400,,,eq,92,93,0.99959336,0.99959336
B,houston,2026-06-26,20260627T000711-0400,,,eq,92,93,0.99959336,0.99959336
B,houston,2026-06-28,20260628T010300-0400,,,eq,94,95,0.501010872,0.501010872
B,houston,2026-06-28,20260628T020254-0400,,,eq,94,95,0.522021705,0.522021705
B,houston,2026-06-28,20260628T030256-0400,,,eq,94,95,0.0661797081,0.0661797081
B,houston,2026-06-28,20260628T040303-0400,,,eq,94,95,0.0661797081,0.0661797081
B,houston,2026-06-28,20260628T050243-0400,,,eq,94,95,0.388175658,0.388175658
B,houston,2026-06-28,20260628T060248-0400,,,eq,94,95,0.312664333,0.312664333
B,houston,2026-06-28,20260628T070241-0400,,,eq,94,95,0.336688201,0.336688201
B,houston,2026-06-28,20260628T080248-0400,,,eq,94,95,0.312664311,0.312664311
B,houston,2026-06-28,20260628T090254-0400,,,eq,94,95,0.292440339,0.292440339
B,houston,2026-06-28,20260628T101251-0400,,,eq,94,95,0.371504159,0.371504159
B,houston,2026-06-28,20260628T110147-0400,,,eq,94,95,0.282862033,0.282862033
B,houston,2026-06-28,20260628T120257-0400,,,eq,94,95,0.332780072,0.332780072
B,houston,2026-06-28,20260628T130336-0400,,,eq,94,95,0.842390389,0.842390389
B,houston,2026-06-28,20260628T140246-0400,,,eq,94,95,0.71792668,0.71792668
B,houston,2026-06-28,20260628T150308-0400,,,eq,94,95,0.809078969,0.809078969
B,houston,2026-06-28,20260628T160300-0400,,,eq,94,95,0.890379282,0.890379282
B,houston,2026-06-28,20260628T170243-0400,,,eq,94,95,0.174956924,0.174956924
B,houston,2026-06-28,20260628T180618-0400,,,eq,94,95,0.160191133,0.160191133
B,houston,2026-06-28,20260628T190629-0400,,,eq,94,95,0.129687255,0.129687255
B,houston,2026-06-28,20260628T200644-0400,,,eq,94,95,0.102290662,0.102290662
B,houston,2026-06-28,20260628T211525-0400,,,eq,94,95,0.14986296,0.14986296
B,houston,2026-06-29,20260629T104125-0400,,,eq,94,95,0.60749928,0.60749928
B,houston,2026-06-29,20260629T110125-0400,,,eq,94,95,0.543190742,0.543190742
B,houston,2026-06-29,20260629T121120-0400,,,eq,94,95,0.627069392,0.627069392
B,houston,2026-06-29,20260629T131422-0400,,,eq,94,95,0.847257438,0.847257438
B,houston,2026-06-29,20260629T140752-0400,,,eq,94,95,0.732848882,0.732848882
B,houston,2026-06-29,20260629T150438-0400,,,eq,94,95,0.877885826,0.877885826
B,houston,2026-06-29,20260629T160832-0400,,,eq,94,95,0.890694597,0.890694597
B,houston,2026-06-29,20260629T170302-0400,,,eq,94,95,0.482813712,0.482813712
B,houston,2026-06-29,20260629T181103-0400,,,eq,94,95,0.221824908,0.221824908
B,houston,2026-06-29,20260629T191140-0400,,,eq,94,95,0.139053111,0.139053111
B,houston,2026-06-29,20260629T200806-0400,,,eq,94,95,0.164343323,0.164343323
B,houston,2026-06-29,20260629T210708-0400,,,eq,94,95,0.192967933,0.192967933
B,houston,2026-06-29,20260629T220401-0400,,,eq,94,95,0.179194038,0.179194038
B,houston,2026-06-29,20260629T230118-0400,,,eq,94,95,0.148481305,0.148481305
B,houston,2026-06-29,20260630T000508-0400,,,eq,94,95,0.147687555,0.147687555
B,houston,2026-06-30,20260630T010048-0400,,,eq,94,95,0.492732004,0.492732004
B,houston,2026-06-30,20260630T020412-0400,,,eq,94,95,0.519308345,0.519308345
B,houston,2026-06-30,20260630T030743-0400,,,eq,94,95,0.481905165,0.481905165
B,houston,2026-06-30,20260630T040210-0400,,,eq,94,95,0.275470056,0.275470056
B,houston,2026-06-30,20260630T050532-0400,,,eq,94,95,0.275470056,0.275470056
B,houston,2026-06-30,20260630T060901-0400,,,eq,94,95,0.305907685,0.305907685
B,houston,2026-06-30,20260630T070324-0400,,,eq,94,95,0.370857359,0.370857359
B,houston,2026-06-30,20260630T080836-0400,,,eq,94,95,0.370857359,0.370857359
B,houston,2026-06-30,20260630T090302-0400,,,eq,94,95,0.389805083,0.389805083
B,houston,2026-06-30,20260630T102239-0400,,,eq,94,95,0.59428254,0.59428254
B,houston,2026-06-30,20260630T110847-0400,,,eq,94,95,0.468717444,0.468717444
B,houston,2026-06-30,20260630T121031-0400,,,eq,94,95,0.458153099,0.458153099
B,houston,2026-06-30,20260630T130627-0400,,,eq,94,95,0.750241185,0.750241185
B,houston,2026-06-30,20260630T140401-0400,,,eq,94,95,0.678105371,0.678105371
B,houston,2026-06-30,20260630T150253-0400,,,eq,94,95,0.839947803,0.839947803
B,houston,2026-06-30,20260630T160334-0400,,,eq,94,95,0.95956102,0.95956102
B,houston,2026-06-30,20260630T170702-0400,,,eq,94,95,0.956379467,0.956379467
B,houston,2026-06-30,20260630T180126-0400,,,eq,94,95,0.17111142,0.17111142
B,houston,2026-06-30,20260630T190455-0400,,,eq,94,95,0.129151079,0.129151079
B,houston,2026-06-30,20260630T200233-0400,,,eq,94,95,0.157945441,0.157945441
B,houston,2026-06-30,20260630T210625-0400,,,eq,94,95,0.154587019,0.154587019
B,houston,2026-06-30,20260630T220105-0400,,,eq,94,95,0.191006742,0.191006742
B,houston,2026-06-30,20260630T230508-0400,,,eq,94,95,0.179273041,0.179273041
B,houston,2026-06-30,20260701T000000-0400,,,eq,94,95,0.153724502,0.153724502
B,los-angeles,2026-06-07,20260607T030458-0400,,,eq,70,71,0.0363437416,0.0363437416
B,los-angeles,2026-06-07,20260607T040617-0400,,,eq,70,71,0.193784799,0.193784799
B,los-angeles,2026-06-07,20260607T050736-0400,,,eq,70,71,0.257447101,0.257447101
B,los-angeles,2026-06-07,20260607T060837-0400,,,eq,70,71,0.385214197,0.385214197
B,los-angeles,2026-06-07,20260607T071018-0400,,,eq,70,71,0.41447953,0.41447953
B,los-angeles,2026-06-07,20260607T080125-0400,,,eq,70,71,0.499296921,0.499296921
B,los-angeles,2026-06-07,20260607T090238-0400,,,eq,70,71,0.84354834,0.84354834
B,los-angeles,2026-06-07,20260607T100358-0400,,,eq,70,71,0.835829323,0.835829323
B,los-angeles,2026-06-07,20260607T110502-0400,,,eq,70,71,0.506501449,0.506501449
B,los-angeles,2026-06-07,20260607T120708-0400,,,eq,70,71,0.379274316,0.379274316
B,los-angeles,2026-06-07,20260607T130921-0400,,,eq,70,71,0.353846059,0.353846059
B,los-angeles,2026-06-07,20260607T140134-0400,,,eq,70,71,0.372212288,0.372212288
B,los-angeles,2026-06-07,20260607T150322-0400,,,eq,70,71,0.729730009,0.729730009
B,los-angeles,2026-06-07,20260607T160506-0400,,,eq,70,71,0.990167955,0.990167955
B,los-angeles,2026-06-07,20260607T170748-0400,,,eq,70,71,0.989178712,0.989178712
B,los-angeles,2026-06-07,20260607T181024-0400,,,eq,70,71,0.967428275,0.967428275
B,los-angeles,2026-06-07,20260607T190218-0400,,,eq,70,71,0.910524406,0.910524406
B,los-angeles,2026-06-07,20260607T200352-0400,,,eq,70,71,0.993450633,0.993450633
B,los-angeles,2026-06-07,20260607T210538-0400,,,eq,70,71,0.991432869,0.991432869
B,los-angeles,2026-06-07,20260607T220717-0400,,,eq,70,71,0.998248353,0.998248353
B,los-angeles,2026-06-07,20260607T230927-0400,,,eq,70,71,0.998248353,0.998248353
B,los-angeles,2026-06-07,20260608T000102-0400,,,eq,70,71,0.998133611,0.998133611
B,los-angeles,2026-06-07,20260608T010239-0400,,,eq,70,71,0.998133611,0.998133611
B,los-angeles,2026-06-07,20260608T020408-0400,,,eq,70,71,0.998133611,0.998133611
B,los-angeles,2026-06-08,20260608T030554-0400,,,eq,72,73,0.000973651045,0.000973651045
B,los-angeles,2026-06-08,20260608T040714-0400,,,eq,72,73,0.00498171931,0.00498171931
B,los-angeles,2026-06-08,20260608T050854-0400,,,eq,72,73,0.374563529,0.374563529
B,los-angeles,2026-06-08,20260608T060043-0400,,,eq,72,73,0.390410944,0.390410944
B,los-angeles,2026-06-08,20260608T070223-0400,,,eq,72,73,0.285977617,0.285977617
B,los-angeles,2026-06-08,20260608T080358-0400,,,eq,72,73,0.193140864,0.193140864
B,los-angeles,2026-06-08,20260608T090549-0400,,,eq,72,73,0.0551646018,0.0551646018
B,los-angeles,2026-06-08,20260608T100747-0400,,,eq,72,73,0.302452832,0.302452832
B,los-angeles,2026-06-08,20260608T110931-0400,,,eq,72,73,0.205579697,0.205579697
B,los-angeles,2026-06-08,20260608T120113-0400,,,eq,72,73,0.0713541062,0.0713541062
B,los-angeles,2026-06-08,20260608T130315-0400,,,eq,72,73,0.0687601241,0.0687601241
B,los-angeles,2026-06-08,20260608T140516-0400,,,eq,72,73,0.243583241,0.243583241
B,los-angeles,2026-06-08,20260608T150723-0400,,,eq,72,73,0.410423651,0.410423651
B,los-angeles,2026-06-08,20260608T161010-0400,,,eq,72,73,0.803497142,0.803497142
B,los-angeles,2026-06-08,20260608T170231-0400,,,eq,72,73,0.999795025,0.999795025
B,los-angeles,2026-06-08,20260608T180449-0400,,,eq,72,73,0.999968049,0.999968049
B,los-angeles,2026-06-08,20260608T191533-0400,,,eq,72,73,0.996565592,0.996565592
B,los-angeles,2026-06-08,20260608T200649-0400,,,eq,72,73,0.999859437,0.999859437
B,los-angeles,2026-06-08,20260608T210815-0400,,,eq,72,73,0.999979049,0.999979049
B,los-angeles,2026-06-08,20260608T220950-0400,,,eq,72,73,0.999980612,0.999980612
B,los-angeles,2026-06-08,20260608T230136-0400,,,eq,72,73,0.999980578,0.999980578
B,los-angeles,2026-06-08,20260609T000258-0400,,,eq,72,73,0.999980526,0.999980526
B,los-angeles,2026-06-08,20260609T010435-0400,,,eq,72,73,0.999980526,0.999980526
B,los-angeles,2026-06-08,20260609T020604-0400,,,eq,72,73,0.999980526,0.999980526
B,los-angeles,2026-06-09,20260609T083451-0400,,,eq,72,73,0.761114133,0.761114133
B,los-angeles,2026-06-09,20260609T090607-0400,,,eq,72,73,0.759242688,0.759242688
B,los-angeles,2026-06-09,20260609T100747-0400,,,eq,72,73,0.71332468,0.71332468
B,los-angeles,2026-06-09,20260609T111125-0400,,,eq,72,73,0.772970416,0.772970416
B,los-angeles,2026-06-09,20260609T120724-0400,,,eq,72,73,0.781306645,0.781306645
B,los-angeles,2026-06-09,20260609T130413-0400,,,eq,72,73,0.550702221,0.550702221
B,los-angeles,2026-06-09,20260609T140602-0400,,,eq,72,73,0.247836121,0.247836121
B,los-angeles,2026-06-09,20260609T150751-0400,,,eq,72,73,0.404805622,0.404805622
B,los-angeles,2026-06-09,20260609T160933-0400,,,eq,72,73,0.00488089261,0.00488089261
B,los-angeles,2026-06-09,20260609T170135-0400,,,eq,72,73,0.238230881,0.238230881
B,los-angeles,2026-06-09,20260609T180318-0400,,,eq,72,73,0.018076823,0.018076823
B,los-angeles,2026-06-09,20260609T190445-0400,,,eq,72,73,0.995389819,0.995389819
B,los-angeles,2026-06-09,20260609T200629-0400,,,eq,72,73,0.999671778,0.999671778
B,los-angeles,2026-06-09,20260609T210754-0400,,,eq,72,73,0.999919221,0.999919221
B,los-angeles,2026-06-09,20260609T220917-0400,,,eq,72,73,0.99996397,0.99996397
B,los-angeles,2026-06-09,20260609T230052-0400,,,eq,72,73,0.999946436,0.999946436
B,los-angeles,2026-06-09,20260610T000203-0400,,,eq,72,73,0.999953103,0.999953103
B,los-angeles,2026-06-09,20260610T010314-0400,,,eq,72,73,0.999953232,0.999953232
B,los-angeles,2026-06-09,20260610T020440-0400,,,eq,72,73,0.999953232,0.999953232
B,los-angeles,2026-06-10,20260610T093741-0400,,,lte,75,75,0.997863015,0.997863015
B,los-angeles,2026-06-10,20260610T100829-0400,,,lte,75,75,0.997897366,0.997897366
B,los-angeles,2026-06-10,20260610T111000-0400,,,lte,75,75,0.992506526,0.992506526
B,los-angeles,2026-06-10,20260610T120405-0400,,,lte,75,75,0.996038924,0.996038924
B,los-angeles,2026-06-10,20260610T130608-0400,,,lte,75,75,0.986847905,0.986847905
B,los-angeles,2026-06-10,20260610T143339-0400,,,lte,75,75,0.986667783,0.986667783
B,los-angeles,2026-06-10,20260610T150506-0400,,,lte,75,75,0.988452364,0.988452364
B,los-angeles,2026-06-10,20260610T160745-0400,,,lte,75,75,0.999958796,0.999958796
B,los-angeles,2026-06-10,20260610T170957-0400,,,lte,75,75,0.999996487,0.999996487
B,los-angeles,2026-06-10,20260610T180154-0400,,,lte,75,75,0.99997392,0.99997392
B,los-angeles,2026-06-10,20260610T190346-0400,,,lte,75,75,0.990716682,0.990716682
B,los-angeles,2026-06-10,20260610T200520-0400,,,lte,75,75,0.999880606,0.999880606
B,los-angeles,2026-06-11,20260611T050152-0400,,,eq,74,75,0.219391201,0.219391201
B,los-angeles,2026-06-11,20260611T061137-0400,,,eq,74,75,0.384880399,0.384880399
B,los-angeles,2026-06-11,20260611T070051-0400,,,eq,74,75,0.384880399,0.384880399
B,los-angeles,2026-06-11,20260611T080407-0400,,,eq,74,75,0.30432481,0.30432481
B,los-angeles,2026-06-11,20260611T090613-0400,,,eq,74,75,0.647028475,0.647028475
B,los-angeles,2026-06-11,20260611T100752-0400,,,eq,74,75,0.50343329,0.50343329
B,los-angeles,2026-06-11,20260611T110341-0400,,,eq,74,75,0.507972623,0.507972623
B,los-angeles,2026-06-11,20260611T120545-0400,,,eq,74,75,0.725818003,0.725818003
B,los-angeles,2026-06-11,20260611T130716-0400,,,eq,74,75,0.760953338,0.760953338
B,los-angeles,2026-06-11,20260611T140955-0400,,,eq,74,75,0.706886144,0.706886144
B,los-angeles,2026-06-11,20260611T150156-0400,,,eq,74,75,0.802290062,0.802290062
B,los-angeles,2026-06-11,20260611T160425-0400,,,eq,74,75,0.958189038,0.958189038
B,los-angeles,2026-06-11,20260611T170624-0400,,,eq,74,75,0.881572858,0.881572858
B,los-angeles,2026-06-11,20260611T180831-0400,,,eq,74,75,0.847088433,0.847088433
B,los-angeles,2026-06-11,20260611T191006-0400,,,eq,74,75,0.994179213,0.994179213
B,los-angeles,2026-06-11,20260611T200233-0400,,,eq,74,75,0.999474662,0.999474662
B,los-angeles,2026-06-11,20260611T210555-0400,,,eq,74,75,0.999887132,0.999887132
B,los-angeles,2026-06-11,20260611T220736-0400,,,eq,74,75,0.99991529,0.99991529
B,los-angeles,2026-06-11,20260611T231013-0400,,,eq,74,75,0.999885512,0.999885512
B,los-angeles,2026-06-11,20260612T000135-0400,,,eq,74,75,0.999920078,0.999920078
B,los-angeles,2026-06-11,20260612T010308-0400,,,eq,74,75,0.999920078,0.999920078
B,los-angeles,2026-06-11,20260612T020455-0400,,,eq,74,75,0.999920078,0.999920078
B,los-angeles,2026-06-12,20260612T030616-0400,,,eq,72,73,0,0
B,los-angeles,2026-06-12,20260612T040739-0400,,,eq,72,73,0.529666568,0.529666568
B,los-angeles,2026-06-12,20260612T050857-0400,,,eq,72,73,0.651783366,0.651783366
B,los-angeles,2026-06-12,20260612T060038-0400,,,eq,72,73,0.582816826,0.582816826
B,los-angeles,2026-06-12,20260612T070217-0400,,,eq,72,73,0.588299567,0.588299567
B,los-angeles,2026-06-12,20260612T080359-0400,,,eq,72,73,0.486152581,0.486152581
B,los-angeles,2026-06-12,20260612T090642-0400,,,eq,72,73,0.187220194,0.187220194
B,los-angeles,2026-06-12,20260612T100833-0400,,,eq,72,73,0.15905267,0.15905267
B,los-angeles,2026-06-12,20260612T111017-0400,,,eq,72,73,0.164811258,0.164811258
B,los-angeles,2026-06-12,20260612T120147-0400,,,eq,72,73,0.527581525,0.527581525
B,los-angeles,2026-06-12,20260612T130335-0400,,,eq,72,73,0.393880172,0.393880172
B,los-angeles,2026-06-12,20260612T140517-0400,,,eq,72,73,0.299585142,0.299585142
B,los-angeles,2026-06-12,20260612T150705-0400,,,eq,72,73,0.360336378,0.360336378
B,los-angeles,2026-06-12,20260612T160912-0400,,,eq,72,73,0.55466174,0.55466174
B,los-angeles,2026-06-12,20260612T170056-0400,,,eq,72,73,0.54872475,0.54872475
B,los-angeles,2026-06-12,20260612T180254-0400,,,eq,72,73,0.990640359,0.990640359
B,los-angeles,2026-06-12,20260612T190428-0400,,,eq,72,73,0.911859706,0.911859706
B,los-angeles,2026-06-12,20260612T200655-0400,,,eq,72,73,0.993008675,0.993008675
B,los-angeles,2026-06-12,20260612T210918-0400,,,eq,72,73,0.99074711,0.99074711
B,los-angeles,2026-06-12,20260612T220102-0400,,,eq,72,73,0.998938372,0.998938372
B,los-angeles,2026-06-12,20260612T230258-0400,,,eq,72,73,0.998345427,0.998345427
B,los-angeles,2026-06-12,20260613T000427-0400,,,eq,72,73,0.996089985,0.996089985
B,los-angeles,2026-06-12,20260613T010603-0400,,,eq,72,73,0.996089985,0.996089985
B,los-angeles,2026-06-12,20260613T020729-0400,,,eq,72,73,0.996089985,0.996089985
B,los-angeles,2026-06-13,20260613T030855-0400,,,eq,72,73,0.947808135,0.947808135
B,los-angeles,2026-06-13,20260613T040017-0400,,,eq,72,73,0.525995842,0.525995842
B,los-angeles,2026-06-13,20260613T050155-0400,,,eq,72,73,0.510363911,0.510363911
B,los-angeles,2026-06-13,20260613T060306-0400,,,eq,72,73,0.477658573,0.477658573
B,los-angeles,2026-06-13,20260613T070426-0400,,,eq,72,73,0.410241239,0.410241239
B,los-angeles,2026-06-13,20260613T080615-0400,,,eq,72,73,0.215728218,0.215728218
B,los-angeles,2026-06-13,20260613T090740-0400,,,eq,72,73,0.0706220682,0.0706220682
B,los-angeles,2026-06-13,20260613T100908-0400,,,eq,72,73,0.0720353359,0.0720353359
B,los-angeles,2026-06-13,20260613T110105-0400,,,eq,72,73,0.0413529185,0.0413529185
B,los-angeles,2026-06-13,20260613T120735-0400,,,eq,72,73,0.505861075,0.505861075
B,los-angeles,2026-06-13,20260613T130952-0400,,,eq,72,73,0.627920655,0.627920655
B,los-angeles,2026-06-13,20260613T140135-0400,,,eq,72,73,0.608125953,0.608125953
B,los-angeles,2026-06-13,20260613T150253-0400,,,eq,72,73,0.346794446,0.346794446
B,los-angeles,2026-06-13,20260613T160433-0400,,,eq,72,73,0.214029061,0.214029061
B,los-angeles,2026-06-13,20260613T170633-0400,,,eq,72,73,0.223183582,0.223183582
B,los-angeles,2026-06-13,20260613T180845-0400,,,eq,72,73,0.999951019,0.999951019
B,los-angeles,2026-06-13,20260613T190057-0400,,,eq,72,73,0.998540077,0.998540077
B,los-angeles,2026-06-13,20260613T200340-0400,,,eq,72,73,0.999977791,0.999977791
B,los-angeles,2026-06-13,20260613T210534-0400,,,eq,72,73,0.999935191,0.999935191
B,los-angeles,2026-06-13,20260613T220053-0400,,,eq,72,73,0.999864844,0.999864844
B,los-angeles,2026-06-13,20260613T230238-0400,,,eq,72,73,0.99995268,0.99995268
B,los-angeles,2026-06-13,20260614T000853-0400,,,eq,72,73,0.999792172,0.999792172
B,los-angeles,2026-06-13,20260614T011009-0400,,,eq,72,73,0.999792172,0.999792172
B,los-angeles,2026-06-13,20260614T020141-0400,,,eq,72,73,0.999850755,0.999850755
B,los-angeles,2026-06-14,20260614T030325-0400,,,eq,70,71,0.196128974,0.196128974
B,los-angeles,2026-06-14,20260614T040448-0400,,,eq,70,71,0.256613261,0.256613261
B,los-angeles,2026-06-14,20260614T050555-0400,,,eq,70,71,0.28699656,0.28699656
B,los-angeles,2026-06-14,20260614T060725-0400,,,eq,70,71,0.262398015,0.262398015
B,los-angeles,2026-06-14,20260614T070839-0400,,,eq,70,71,0.369004402,0.369004402
B,los-angeles,2026-06-14,20260614T080957-0400,,,eq,70,71,0.235391037,0.235391037
B,los-angeles,2026-06-14,20260614T090110-0400,,,eq,70,71,0.324422455,0.324422455
B,los-angeles,2026-06-14,20260614T100246-0400,,,eq,70,71,0.410593795,0.410593795
B,los-angeles,2026-06-14,20260614T110415-0400,,,eq,70,71,0.381099992,0.381099992
B,los-angeles,2026-06-14,20260614T120016-0400,,,eq,70,71,0.240138395,0.240138395
B,los-angeles,2026-06-14,20260614T130723-0400,,,eq,70,71,0.251142977,0.251142977
B,los-angeles,2026-06-14,20260614T140854-0400,,,eq,70,71,0.451966453,0.451966453
B,los-angeles,2026-06-14,20260614T150008-0400,,,eq,70,71,0.732729239,0.732729239
B,los-angeles,2026-06-14,20260614T160134-0400,,,eq,70,71,0.573268152,0.573268152
B,los-angeles,2026-06-14,20260614T171555-0400,,,eq,70,71,0.697603888,0.697603888
B,los-angeles,2026-06-14,20260614T180403-0400,,,eq,70,71,0.839189655,0.839189655
B,los-angeles,2026-06-14,20260614T190616-0400,,,eq,70,71,0.878075222,0.878075222
B,los-angeles,2026-06-14,20260614T200747-0400,,,eq,70,71,0.986309378,0.986309378
B,los-angeles,2026-06-14,20260614T210056-0400,,,eq,70,71,0.989863687,0.989863687
B,los-angeles,2026-06-14,20260614T220333-0400,,,eq,70,71,0.99632239,0.99632239
B,los-angeles,2026-06-14,20260614T230541-0400,,,eq,70,71,0.996852669,0.996852669
B,los-angeles,2026-06-14,20260615T000545-0400,,,eq,70,71,0.996340412,0.996340412
B,los-angeles,2026-06-14,20260615T010542-0400,,,eq,70,71,0.996340412,0.996340412
B,los-angeles,2026-06-14,20260615T021537-0400,,,eq,70,71,0.996340412,0.996340412
B,los-angeles,2026-06-19,20260619T030756-0400,,,eq,70,71,0.194918761,0.194918761
B,los-angeles,2026-06-19,20260619T040236-0400,,,eq,70,71,0.344965018,0.344965018
B,los-angeles,2026-06-19,20260619T051331-0400,,,eq,70,71,0.163273154,0.163273154
B,los-angeles,2026-06-19,20260619T061240-0400,,,eq,70,71,0.226230731,0.226230731
B,los-angeles,2026-06-19,20260619T070247-0400,,,eq,70,71,0.113456264,0.113456264
B,los-angeles,2026-06-19,20260619T080912-0400,,,eq,70,71,0.103821574,0.103821574
B,los-angeles,2026-06-19,20260619T090415-0400,,,eq,70,71,0.307177682,0.307177682
B,los-angeles,2026-06-19,20260619T101325-0400,,,eq,70,71,0.220163854,0.220163854
B,los-angeles,2026-06-19,20260619T110254-0400,,,eq,70,71,0.205912607,0.205912607
B,los-angeles,2026-06-19,20260619T120246-0400,,,eq,70,71,0.0905622288,0.0905622288
B,los-angeles,2026-06-19,20260619T130328-0400,,,eq,70,71,0.203212109,0.203212109
B,los-angeles,2026-06-19,20260619T140152-0400,,,eq,70,71,0.108411311,0.108411311
B,los-angeles,2026-06-19,20260619T150252-0400,,,eq,70,71,0.519149848,0.519149848
B,los-angeles,2026-06-19,20260619T160357-0400,,,eq,70,71,0.999849018,0.999849018
B,los-angeles,2026-06-19,20260619T170244-0400,,,eq,70,71,0.999849018,0.999849018
B,los-angeles,2026-06-19,20260619T180244-0400,,,eq,70,71,0.999929256,0.999929256
B,los-angeles,2026-06-19,20260619T190021-0400,,,eq,70,71,0.993521846,0.993521846
B,los-angeles,2026-06-19,20260619T201504-0400,,,eq,70,71,0.999869955,0.999869955
B,los-angeles,2026-06-19,20260619T210332-0400,,,eq,70,71,0.999789796,0.999789796
B,los-angeles,2026-06-19,20260619T220720-0400,,,eq,70,71,0.999924008,0.999924008
B,los-angeles,2026-06-19,20260619T230712-0400,,,eq,70,71,0.999930023,0.999930023
B,los-angeles,2026-06-19,20260620T000552-0400,,,eq,70,71,0.999928913,0.999928913
B,los-angeles,2026-06-19,20260620T010550-0400,,,eq,70,71,0.999928913,0.999928913
B,los-angeles,2026-06-19,20260620T020240-0400,,,eq,70,71,0.999928913,0.999928913
B,los-angeles,2026-06-20,20260620T030548-0400,,,eq,70,71,0.181672923,0.181672923
B,los-angeles,2026-06-20,20260620T040346-0400,,,eq,70,71,0.15840756,0.15840756
B,los-angeles,2026-06-20,20260620T051551-0400,,,eq,70,71,0.15840756,0.15840756
B,los-angeles,2026-06-20,20260620T060551-0400,,,eq,70,71,0.159088315,0.159088315
B,los-angeles,2026-06-20,20260620T070347-0400,,,eq,70,71,0.153850972,0.153850972
B,los-angeles,2026-06-20,20260620T080546-0400,,,eq,70,71,0.171973468,0.171973468
B,los-angeles,2026-06-20,20260620T090557-0400,,,eq,70,71,0.154023219,0.154023219
B,los-angeles,2026-06-20,20260620T100414-0400,,,eq,70,71,0.221798268,0.221798268
B,los-angeles,2026-06-20,20260620T110046-0400,,,eq,70,71,0.203313669,0.203313669
B,los-angeles,2026-06-20,20260620T121627-0400,,,eq,70,71,0.493091303,0.493091303
B,los-angeles,2026-06-20,20260620T130335-0400,,,eq,70,71,0.209838348,0.209838348
B,los-angeles,2026-06-20,20260620T140035-0400,,,eq,70,71,0.2120838,0.2120838
B,los-angeles,2026-06-20,20260620T150045-0400,,,eq,70,71,0.293435241,0.293435241
B,los-angeles,2026-06-20,20260620T160510-0400,,,eq,70,71,0.224354515,0.224354515
B,los-angeles,2026-06-20,20260620T170101-0400,,,eq,70,71,0.502709836,0.502709836
B,los-angeles,2026-06-20,20260620T181106-0400,,,eq,70,71,0.99989063,0.99989063
B,los-angeles,2026-06-20,20260620T190507-0400,,,eq,70,71,0.991478469,0.991478469
B,los-angeles,2026-06-20,20260620T201046-0400,,,eq,70,71,0.998081906,0.998081906
B,los-angeles,2026-06-20,20260620T211057-0400,,,eq,70,71,0.999561245,0.999561245
B,los-angeles,2026-06-20,20260620T220123-0400,,,eq,70,71,0.999820751,0.999820751
B,los-angeles,2026-06-20,20260620T231055-0400,,,eq,70,71,0.999828962,0.999828962
B,los-angeles,2026-06-20,20260621T000057-0400,,,eq,70,71,0.999828962,0.999828962
B,los-angeles,2026-06-20,20260621T010055-0400,,,eq,70,71,0.999828962,0.999828962
B,los-angeles,2026-06-20,20260621T021048-0400,,,eq,70,71,0.999828962,0.999828962
B,los-angeles,2026-06-21,20260621T030452-0400,,,eq,70,71,0.240795547,0.240795547
B,los-angeles,2026-06-21,20260621T041230-0400,,,eq,70,71,0.333604466,0.333604466
B,los-angeles,2026-06-21,20260621T050036-0400,,,eq,70,71,0.333604466,0.333604466
B,los-angeles,2026-06-21,20260621T061037-0400,,,eq,70,71,0.439924511,0.439924511
B,los-angeles,2026-06-21,20260621T070055-0400,,,eq,70,71,0.300667838,0.300667838
B,los-angeles,2026-06-21,20260621T080049-0400,,,eq,70,71,0.321813979,0.321813979
B,los-angeles,2026-06-21,20260621T090048-0400,,,eq,70,71,0.418246281,0.418246281
B,los-angeles,2026-06-21,20260621T100046-0400,,,eq,70,71,0.351775825,0.351775825
B,los-angeles,2026-06-21,20260621T110300-0400,,,eq,70,71,0.498764854,0.498764854
B,los-angeles,2026-06-21,20260621T121033-0400,,,eq,70,71,0.498638852,0.498638852
B,los-angeles,2026-06-21,20260621T130251-0400,,,eq,70,71,0.722703722,0.722703722
B,los-angeles,2026-06-21,20260621T141249-0400,,,eq,70,71,0.254946335,0.254946335
B,los-angeles,2026-06-21,20260621T150047-0400,,,eq,70,71,0.576165248,0.576165248
B,los-angeles,2026-06-21,20260621T160041-0400,,,eq,70,71,0.569930981,0.569930981
B,los-angeles,2026-06-21,20260621T170041-0400,,,eq,70,71,0.768627803,0.768627803
B,los-angeles,2026-06-21,20260621T180053-0400,,,eq,70,71,0.94638576,0.94638576
B,los-angeles,2026-06-21,20260621T190032-0400,,,eq,70,71,0.953719015,0.953719015
B,los-angeles,2026-06-21,20260621T200107-0400,,,eq,70,71,0.99720435,0.99720435
B,los-angeles,2026-06-21,20260621T210137-0400,,,eq,70,71,0.998389212,0.998389212
B,los-angeles,2026-06-21,20260621T225458-0400,,,eq,70,71,0.999949663,0.999949663
B,los-angeles,2026-06-21,20260621T230821-0400,,,eq,70,71,0.999958672,0.999958672
B,los-angeles,2026-06-21,20260622T000205-0400,,,eq,70,71,0.999958672,0.999958672
B,los-angeles,2026-06-21,20260622T010318-0400,,,eq,70,71,0.999958672,0.999958672
B,los-angeles,2026-06-21,20260622T020640-0400,,,eq,70,71,0.999958672,0.999958672
B,los-angeles,2026-06-22,20260622T030054-0400,,,eq,70,71,0.190529599,0.190529599
B,los-angeles,2026-06-22,20260622T040046-0400,,,eq,70,71,0.245476594,0.245476594
B,los-angeles,2026-06-22,20260622T050036-0400,,,eq,70,71,0.293291446,0.293291446
B,los-angeles,2026-06-22,20260622T061044-0400,,,eq,70,71,0.293291446,0.293291446
B,los-angeles,2026-06-22,20260622T070050-0400,,,eq,70,71,0.311528998,0.311528998
B,los-angeles,2026-06-22,20260622T080039-0400,,,eq,70,71,0.426246502,0.426246502
B,los-angeles,2026-06-22,20260622T090045-0400,,,eq,70,71,0.667521892,0.667521892
B,los-angeles,2026-06-22,20260622T100055-0400,,,eq,70,71,0.537662648,0.537662648
B,los-angeles,2026-06-22,20260622T110122-0400,,,eq,70,71,0.739520725,0.739520725
B,los-angeles,2026-06-22,20260622T120137-0400,,,eq,70,71,0.46616947,0.46616947
B,los-angeles,2026-06-22,20260622T130137-0400,,,eq,70,71,0.795199242,0.795199242
B,los-angeles,2026-06-22,20260622T140501-0400,,,eq,70,71,0.214711986,0.214711986
B,los-angeles,2026-06-22,20260622T151532-0400,,,eq,70,71,0.846124492,0.846124492
B,los-angeles,2026-06-22,20260622T160852-0400,,,eq,70,71,0.805668944,0.805668944
B,los-angeles,2026-06-22,20260622T171636-0400,,,eq,70,71,0.851442405,0.851442405
B,los-angeles,2026-06-22,20260622T180109-0400,,,eq,70,71,0.734764581,0.734764581
B,los-angeles,2026-06-22,20260622T190917-0400,,,eq,70,71,0.905256034,0.905256034
B,los-angeles,2026-06-22,20260622T200631-0400,,,eq,70,71,0.98829963,0.98829963
B,los-angeles,2026-06-22,20260622T211531-0400,,,eq,70,71,0.988854763,0.988854763
B,los-angeles,2026-06-22,20260622T220245-0400,,,eq,70,71,0.997454485,0.997454485
B,los-angeles,2026-06-22,20260622T230114-0400,,,eq,70,71,0.9973848,0.9973848
B,los-angeles,2026-06-22,20260623T000515-0400,,,eq,70,71,0.997453017,0.997453017
B,los-angeles,2026-06-22,20260623T010506-0400,,,eq,70,71,0.997453017,0.997453017
B,los-angeles,2026-06-22,20260623T020521-0400,,,eq,70,71,0.997453017,0.997453017
B,los-angeles,2026-06-26,20260626T030950-0400,,,eq,70,71,0.230735834,0.230735834
B,los-angeles,2026-06-26,20260626T040946-0400,,,eq,70,71,0.137282609,0.137282609
B,los-angeles,2026-06-26,20260626T050737-0400,,,eq,70,71,0.205186799,0.205186799
B,los-angeles,2026-06-26,20260626T060940-0400,,,eq,70,71,0.35937862,0.35937862
B,los-angeles,2026-06-26,20260626T070432-0400,,,eq,70,71,0.228692755,0.228692755
B,los-angeles,2026-06-26,20260626T080447-0400,,,eq,70,71,0.33891919,0.33891919
B,los-angeles,2026-06-26,20260626T090902-0400,,,eq,70,71,0.526837051,0.526837051
B,los-angeles,2026-06-26,20260626T100454-0400,,,eq,70,71,0.641877054,0.641877054
B,los-angeles,2026-06-26,20260626T110205-0400,,,eq,70,71,0.58854402,0.58854402
B,los-angeles,2026-06-26,20260626T120851-0400,,,eq,70,71,0.610281242,0.610281242
B,los-angeles,2026-06-26,20260626T130059-0400,,,eq,70,71,0.888928937,0.888928937
B,los-angeles,2026-06-26,20260626T141558-0400,,,eq,70,71,0.872387869,0.872387869
B,los-angeles,2026-06-26,20260626T150604-0400,,,eq,70,71,0.763113384,0.763113384
B,los-angeles,2026-06-26,20260626T160712-0400,,,eq,70,71,0.999877739,0.999877739
B,los-angeles,2026-06-26,20260626T170659-0400,,,eq,70,71,0.999450545,0.999450545
B,los-angeles,2026-06-26,20260626T180645-0400,,,eq,70,71,0.999677412,0.999677412
B,los-angeles,2026-06-26,20260626T190654-0400,,,eq,70,71,0.959518569,0.959518569
B,los-angeles,2026-06-26,20260626T201644-0400,,,eq,70,71,0.997631559,0.997631559
B,los-angeles,2026-06-26,20260626T210636-0400,,,eq,70,71,0.999435224,0.999435224
B,los-angeles,2026-06-26,20260626T220731-0400,,,eq,70,71,0.999806164,0.999806164
B,los-angeles,2026-06-26,20260626T230651-0400,,,eq,70,71,0.999806164,0.999806164
B,los-angeles,2026-06-26,20260627T000718-0400,,,eq,70,71,0.999814799,0.999814799
B,los-angeles,2026-06-26,20260627T011854-0400,,,eq,70,71,0.999814799,0.999814799
B,los-angeles,2026-06-26,20260627T021924-0400,,,eq,70,71,0.97677655,0.97677655
B,los-angeles,2026-06-28,20260628T030303-0400,,,eq,70,71,0.300204156,0.300204156
B,los-angeles,2026-06-28,20260628T040307-0400,,,eq,70,71,0.0966246466,0.0966246466
B,los-angeles,2026-06-28,20260628T050246-0400,,,eq,70,71,0.0962010523,0.0962010523
B,los-angeles,2026-06-28,20260628T060252-0400,,,eq,70,71,0.0899297719,0.0899297719
B,los-angeles,2026-06-28,20260628T070245-0400,,,eq,70,71,0.324905273,0.324905273
B,los-angeles,2026-06-28,20260628T080252-0400,,,eq,70,71,0.2701515,0.2701515
B,los-angeles,2026-06-28,20260628T090258-0400,,,eq,70,71,0.2701515,0.2701515
B,los-angeles,2026-06-28,20260628T101255-0400,,,eq,70,71,0.324905273,0.324905273
B,los-angeles,2026-06-28,20260628T110344-0400,,,eq,70,71,0.601214122,0.601214122
B,los-angeles,2026-06-28,20260628T120302-0400,,,eq,70,71,0.255887244,0.255887244
B,los-angeles,2026-06-28,20260628T130434-0400,,,eq,70,71,0.270550388,0.270550388
B,los-angeles,2026-06-28,20260628T140250-0400,,,eq,70,71,0.661819154,0.661819154
B,los-angeles,2026-06-28,20260628T150313-0400,,,eq,70,71,0.488266294,0.488266294
B,los-angeles,2026-06-28,20260628T160304-0400,,,eq,70,71,0.751349925,0.751349925
B,los-angeles,2026-06-28,20260628T170247-0400,,,eq,70,71,0.683616497,0.683616497
B,los-angeles,2026-06-28,20260628T180707-0400,,,eq,70,71,0.933633921,0.933633921
B,los-angeles,2026-06-28,20260628T190727-0400,,,eq,70,71,0.161081114,0.161081114
B,los-angeles,2026-06-28,20260628T200825-0400,,,eq,70,71,0.127150338,0.127150338
B,los-angeles,2026-06-28,20260628T211533-0400,,,eq,70,71,0.177988151,0.177988151
B,los-angeles,2026-06-29,20260629T104131-0400,,,eq,72,73,0.52277748,0.52277748
B,los-angeles,2026-06-29,20260629T110129-0400,,,eq,72,73,0.0828785895,0.0828785895
B,los-angeles,2026-06-29,20260629T120047-0400,,,eq,72,73,0.255569583,0.255569583
B,los-angeles,2026-06-29,20260629T131426-0400,,,eq,72,73,0.575053352,0.575053352
B,los-angeles,2026-06-29,20260629T140843-0400,,,eq,72,73,0.0789215381,0.0789215381
B,los-angeles,2026-06-29,20260629T150442-0400,,,eq,72,73,0.124694829,0.124694829
B,los-angeles,2026-06-29,20260629T160839-0400,,,eq,72,73,0.112244644,0.112244644
B,los-angeles,2026-06-29,20260629T170308-0400,,,eq,72,73,0.0556875452,0.0556875452
B,los-angeles,2026-06-29,20260629T181250-0400,,,eq,72,73,0.859169235,0.859169235
B,los-angeles,2026-06-29,20260629T191340-0400,,,eq,72,73,0.0870875447,0.0870875447
B,los-angeles,2026-06-29,20260629T200852-0400,,,eq,72,73,0.0991930424,0.0991930424
B,los-angeles,2026-06-29,20260629T210901-0400,,,eq,72,73,0.0277108128,0.0277108128
B,los-angeles,2026-06-29,20260629T220423-0400,,,eq,72,73,0.0458695991,0.0458695991
B,los-angeles,2026-06-29,20260629T230157-0400,,,eq,72,73,0.049270923,0.049270923
B,los-angeles,2026-06-29,20260630T000544-0400,,,eq,72,73,0.049270923,0.049270923
B,los-angeles,2026-06-29,20260630T010055-0400,,,eq,72,73,0.049270923,0.049270923
B,los-angeles,2026-06-29,20260630T020446-0400,,,eq,72,73,0.049270923,0.049270923
B,los-angeles,2026-06-30,20260630T030355-0400,,,eq,70,71,0.32188472,0.32188472
B,los-angeles,2026-06-30,20260630T040722-0400,,,eq,70,71,0.32188472,0.32188472
B,los-angeles,2026-06-30,20260630T050143-0400,,,eq,70,71,0.374915181,0.374915181
B,los-angeles,2026-06-30,20260630T060508-0400,,,eq,70,71,0.382184023,0.382184023
B,los-angeles,2026-06-30,20260630T070834-0400,,,eq,70,71,0.382184023,0.382184023
B,los-angeles,2026-06-30,20260630T080418-0400,,,eq,70,71,0.382184023,0.382184023
B,los-angeles,2026-06-30,20260630T090750-0400,,,eq,70,71,0.357101224,0.357101224
B,los-angeles,2026-06-30,20260630T102243-0400,,,eq,70,71,0.357101224,0.357101224
B,los-angeles,2026-06-30,20260630T110852-0400,,,eq,70,71,0.697509413,0.697509413
B,los-angeles,2026-06-30,20260630T121047-0400,,,eq,70,71,0.488778422,0.488778422
B,los-angeles,2026-06-30,20260630T130841-0400,,,eq,70,71,0.162725024,0.162725024
B,los-angeles,2026-06-30,20260630T140615-0400,,,eq,70,71,0.572120899,0.572120899
B,los-angeles,2026-06-30,20260630T150103-0400,,,eq,70,71,0.538981032,0.538981032
B,los-angeles,2026-06-30,20260630T160441-0400,,,eq,70,71,0.714174944,0.714174944
B,los-angeles,2026-06-30,20260630T170813-0400,,,eq,70,71,0.312684256,0.312684256
B,los-angeles,2026-06-30,20260630T180243-0400,,,eq,70,71,0.252697391,0.252697391
B,los-angeles,2026-06-30,20260630T190618-0400,,,eq,70,71,0.250492354,0.250492354
B,los-angeles,2026-06-30,20260630T200400-0400,,,eq,70,71,0.190113411,0.190113411
B,los-angeles,2026-06-30,20260630T210729-0400,,,eq,70,71,0.235419242,0.235419242
B,los-angeles,2026-06-30,20260630T220205-0400,,,eq,70,71,0.148408707,0.148408707
B,los-angeles,2026-06-30,20260630T230557-0400,,,eq,70,71,0.0523995486,0.0523995486
B,los-angeles,2026-06-30,20260701T000110-0400,,,eq,70,71,0.0529895225,0.0529895225
B,los-angeles,2026-06-30,20260701T010501-0400,,,eq,70,71,0.0529895225,0.0529895225
B,los-angeles,2026-06-30,20260701T020850-0400,,,eq,70,71,0.104287389,0.104287389
B,miami,2026-06-07,20260607T000111-0400,,,eq,88,89,0.913479567,0.913479567
B,miami,2026-06-07,20260607T010231-0400,,,eq,88,89,0.652887908,0.652887908
B,miami,2026-06-07,20260607T020353-0400,,,eq,88,89,0.576358558,0.576358558
B,miami,2026-06-07,20260607T030458-0400,,,eq,88,89,0.579057187,0.579057187
B,miami,2026-06-07,20260607T040617-0400,,,eq,88,89,0.544718756,0.544718756
B,miami,2026-06-07,20260607T050737-0400,,,eq,88,89,0.381703923,0.381703923
B,miami,2026-06-07,20260607T060837-0400,,,eq,88,89,0.290973704,0.290973704
B,miami,2026-06-07,20260607T071019-0400,,,eq,88,89,0.675647079,0.675647079
B,miami,2026-06-07,20260607T080126-0400,,,eq,88,89,0.679767002,0.679767002
B,miami,2026-06-07,20260607T090239-0400,,,eq,88,89,0.786416616,0.786416616
B,miami,2026-06-07,20260607T100359-0400,,,eq,88,89,0.6385439,0.6385439
B,miami,2026-06-07,20260607T110503-0400,,,eq,88,89,0.895898556,0.895898556
B,miami,2026-06-07,20260607T120710-0400,,,eq,88,89,0.697303677,0.697303677
B,miami,2026-06-07,20260607T130922-0400,,,eq,88,89,0.816706037,0.816706037
B,miami,2026-06-07,20260607T140135-0400,,,eq,88,89,0.999980821,0.999980821
B,miami,2026-06-07,20260607T150323-0400,,,eq,88,89,0.999991622,0.999991622
B,miami,2026-06-07,20260607T160507-0400,,,eq,88,89,0.991728142,0.991728142
B,miami,2026-06-07,20260607T170751-0400,,,eq,88,89,0.999681538,0.999681538
B,miami,2026-06-07,20260607T181028-0400,,,eq,88,89,0.999991201,0.999991201
B,miami,2026-06-07,20260607T190221-0400,,,eq,88,89,0.99999123,0.99999123
B,miami,2026-06-07,20260607T200353-0400,,,eq,88,89,0.999991221,0.999991221
B,miami,2026-06-07,20260607T210540-0400,,,eq,88,89,0.999991222,0.999991222
B,miami,2026-06-07,20260607T220718-0400,,,eq,88,89,0.999947681,0.999947681
B,miami,2026-06-07,20260607T230928-0400,,,eq,88,89,0.999947681,0.999947681
B,miami,2026-06-08,20260608T000103-0400,,,eq,90,91,0.015994653,0.015994653
B,miami,2026-06-08,20260608T010240-0400,,,eq,90,91,0.0126532531,0.0126532531
B,miami,2026-06-08,20260608T020409-0400,,,eq,90,91,0.0101656487,0.0101656487
B,miami,2026-06-08,20260608T030555-0400,,,eq,90,91,0.022954444,0.022954444
B,miami,2026-06-08,20260608T040715-0400,,,eq,90,91,0.159913269,0.159913269
B,miami,2026-06-08,20260608T050855-0400,,,eq,90,91,0.0828778448,0.0828778448
B,miami,2026-06-08,20260608T060044-0400,,,eq,90,91,0.0275062475,0.0275062475
B,miami,2026-06-08,20260608T070224-0400,,,eq,90,91,0.190527058,0.190527058
B,miami,2026-06-08,20260608T080359-0400,,,eq,90,91,0.230320482,0.230320482
B,miami,2026-06-08,20260608T090550-0400,,,eq,90,91,0.48677275,0.48677275
B,miami,2026-06-08,20260608T100748-0400,,,eq,90,91,0.470810836,0.470810836
B,miami,2026-06-08,20260608T110932-0400,,,eq,90,91,0.528062906,0.528062906
B,miami,2026-06-08,20260608T120123-0400,,,eq,90,91,0.221905752,0.221905752
B,miami,2026-06-08,20260608T130316-0400,,,eq,90,91,0.00788880016,0.00788880016
B,miami,2026-06-08,20260608T140517-0400,,,eq,90,91,0.0905366457,0.0905366457
B,miami,2026-06-08,20260608T150724-0400,,,eq,90,91,0.00572241356,0.00572241356
B,miami,2026-06-08,20260608T161013-0400,,,eq,90,91,0.984547977,0.984547977
B,miami,2026-06-08,20260608T170234-0400,,,eq,90,91,0.999736801,0.999736801
B,miami,2026-06-08,20260608T180450-0400,,,eq,90,91,0.999894316,0.999894316
B,miami,2026-06-08,20260608T191534-0400,,,eq,90,91,0.999982322,0.999982322
B,miami,2026-06-08,20260608T200650-0400,,,eq,90,91,0.999982362,0.999982362
B,miami,2026-06-08,20260608T210820-0400,,,eq,90,91,0.999982381,0.999982381
B,miami,2026-06-08,20260608T220951-0400,,,eq,90,91,0.999982381,0.999982381
B,miami,2026-06-08,20260608T230137-0400,,,eq,90,91,0.999982381,0.999982381
B,miami,2026-06-11,20260611T050155-0400,,,eq,88,89,0.832694552,0.832694552
B,miami,2026-06-11,20260611T061149-0400,,,eq,88,89,0.846303008,0.846303008
B,miami,2026-06-11,20260611T070052-0400,,,eq,88,89,0.797535642,0.797535642
B,miami,2026-06-11,20260611T080408-0400,,,eq,88,89,0.841148443,0.841148443
B,miami,2026-06-11,20260611T090614-0400,,,eq,88,89,0.81340805,0.81340805
B,miami,2026-06-11,20260611T100753-0400,,,eq,88,89,0.738262301,0.738262301
B,miami,2026-06-11,20260611T110343-0400,,,eq,88,89,0.832271284,0.832271284
B,miami,2026-06-11,20260611T120546-0400,,,eq,88,89,0.874692207,0.874692207
B,miami,2026-06-11,20260611T130717-0400,,,eq,88,89,0.922174757,0.922174757
B,miami,2026-06-11,20260611T140956-0400,,,eq,88,89,0.91026161,0.91026161
B,miami,2026-06-11,20260611T150157-0400,,,eq,88,89,0.999738854,0.999738854
B,miami,2026-06-11,20260611T160426-0400,,,eq,88,89,0.955794045,0.955794045
B,miami,2026-06-11,20260611T170624-0400,,,eq,88,89,0.998856281,0.998856281
B,miami,2026-06-11,20260611T180832-0400,,,eq,88,89,0.999170101,0.999170101
B,miami,2026-06-11,20260611T191007-0400,,,eq,88,89,0.999762725,0.999762725
B,miami,2026-06-11,20260611T200236-0400,,,eq,88,89,0.999762645,0.999762645
B,miami,2026-06-11,20260611T210556-0400,,,eq,88,89,0.999762563,0.999762563
B,miami,2026-06-11,20260611T220736-0400,,,eq,88,89,0.999762563,0.999762563
B,miami,2026-06-11,20260611T231014-0400,,,eq,88,89,0.99976252,0.99976252
B,miami,2026-06-12,20260612T000136-0400,,,eq,90,91,0.228446471,0.228446471
B,miami,2026-06-12,20260612T010309-0400,,,eq,90,91,0.501063594,0.501063594
B,miami,2026-06-12,20260612T020456-0400,,,eq,90,91,0.399486345,0.399486345
B,miami,2026-06-12,20260612T030617-0400,,,eq,90,91,0.469446004,0.469446004
B,miami,2026-06-12,20260612T040740-0400,,,eq,90,91,0.379690354,0.379690354
B,miami,2026-06-12,20260612T050858-0400,,,eq,90,91,0.164223749,0.164223749
B,miami,2026-06-12,20260612T060039-0400,,,eq,90,91,0.0994048169,0.0994048169
B,miami,2026-06-12,20260612T070218-0400,,,eq,90,91,0.312749695,0.312749695
B,miami,2026-06-12,20260612T080359-0400,,,eq,90,91,0.326115108,0.326115108
B,miami,2026-06-12,20260612T090644-0400,,,eq,90,91,0.377810801,0.377810801
B,miami,2026-06-12,20260612T100834-0400,,,eq,90,91,0.155089904,0.155089904
B,miami,2026-06-12,20260612T111019-0400,,,eq,90,91,0.136947256,0.136947256
B,miami,2026-06-12,20260612T120148-0400,,,eq,90,91,0.244399588,0.244399588
B,miami,2026-06-12,20260612T130336-0400,,,eq,90,91,0.0485597857,0.0485597857
B,miami,2026-06-12,20260612T140518-0400,,,eq,90,91,0.0105858975,0.0105858975
B,miami,2026-06-12,20260612T150706-0400,,,eq,90,91,0.00395372061,0.00395372061
B,miami,2026-06-12,20260612T160913-0400,,,eq,90,91,0.993895722,0.993895722
B,miami,2026-06-12,20260612T170057-0400,,,eq,90,91,0.999846632,0.999846632
B,miami,2026-06-12,20260612T180256-0400,,,eq,90,91,0.999857045,0.999857045
B,miami,2026-06-12,20260612T190429-0400,,,eq,90,91,0.999966507,0.999966507
B,miami,2026-06-12,20260612T200656-0400,,,eq,90,91,0.999966503,0.999966503
B,miami,2026-06-12,20260612T210919-0400,,,eq,90,91,0.999966557,0.999966557
B,miami,2026-06-12,20260612T220103-0400,,,eq,90,91,0.999966557,0.999966557
B,miami,2026-06-12,20260612T230259-0400,,,eq,90,91,0.999966549,0.999966549
B,miami,2026-06-13,20260613T000428-0400,,,eq,90,91,0.949700946,0.949700946
B,miami,2026-06-13,20260613T010604-0400,,,eq,90,91,0.265793359,0.265793359
B,miami,2026-06-13,20260613T020730-0400,,,eq,90,91,0.426296375,0.426296375
B,miami,2026-06-13,20260613T030855-0400,,,eq,90,91,0.283107049,0.283107049
B,miami,2026-06-13,20260613T040018-0400,,,eq,90,91,0.31016263,0.31016263
B,miami,2026-06-13,20260613T050156-0400,,,eq,90,91,0.183038934,0.183038934
B,miami,2026-06-13,20260613T060307-0400,,,eq,90,91,0.160811468,0.160811468
B,miami,2026-06-13,20260613T070427-0400,,,eq,90,91,0.293435574,0.293435574
B,miami,2026-06-13,20260613T080616-0400,,,eq,90,91,0.157413623,0.157413623
B,miami,2026-06-13,20260613T090741-0400,,,eq,90,91,0.278583148,0.278583148
B,miami,2026-06-13,20260613T100909-0400,,,eq,90,91,0.195917703,0.195917703
B,miami,2026-06-13,20260613T110107-0400,,,eq,90,91,0.149857825,0.149857825
B,miami,2026-06-13,20260613T120737-0400,,,eq,90,91,0.2759287,0.2759287
B,miami,2026-06-13,20260613T130953-0400,,,eq,90,91,0.3503683,0.3503683
B,miami,2026-06-13,20260613T140138-0400,,,eq,90,91,0.0053464596,0.0053464596
B,miami,2026-06-13,20260613T150254-0400,,,eq,90,91,0.00267562385,0.00267562385
B,miami,2026-06-13,20260613T160434-0400,,,eq,90,91,0.989089985,0.989089985
B,miami,2026-06-13,20260613T170634-0400,,,eq,90,91,0.999028802,0.999028802
B,miami,2026-06-13,20260613T180847-0400,,,eq,90,91,0.999912818,0.999912818
B,miami,2026-06-13,20260613T190101-0400,,,eq,90,91,0.999980596,0.999980596
B,miami,2026-06-13,20260613T200341-0400,,,eq,90,91,0.999980591,0.999980591
B,miami,2026-06-13,20260613T210535-0400,,,eq,90,91,0.99998064,0.99998064
B,miami,2026-06-13,20260613T220054-0400,,,eq,90,91,0.99998063,0.99998063
B,miami,2026-06-13,20260613T230239-0400,,,eq,90,91,0.999979945,0.999979945
B,miami,2026-06-14,20260614T000854-0400,,,eq,92,93,0.0246526413,0.0246526413
B,miami,2026-06-14,20260614T011010-0400,,,eq,92,93,0.00972108938,0.00972108938
B,miami,2026-06-14,20260614T020143-0400,,,eq,92,93,0.009732568,0.009732568
B,miami,2026-06-14,20260614T030326-0400,,,eq,92,93,0.0128639329,0.0128639329
B,miami,2026-06-14,20260614T040449-0400,,,eq,92,93,0.0212933848,0.0212933848
B,miami,2026-06-14,20260614T050505-0400,,,eq,92,93,0.0244069535,0.0244069535
B,miami,2026-06-14,20260614T060726-0400,,,eq,92,93,0.0185031313,0.0185031313
B,miami,2026-06-14,20260614T070602-0400,,,eq,92,93,0.0121730172,0.0121730172
B,miami,2026-06-14,20260614T080603-0400,,,eq,92,93,0.0104142378,0.0104142378
B,miami,2026-06-14,20260614T090111-0400,,,eq,92,93,0.0809942537,0.0809942537
B,miami,2026-06-14,20260614T100012-0400,,,eq,92,93,0.170603381,0.170603381
B,miami,2026-06-14,20260614T110416-0400,,,eq,92,93,0.335096606,0.335096606
B,miami,2026-06-14,20260614T120017-0400,,,eq,92,93,0.494518771,0.494518771
B,miami,2026-06-14,20260614T130703-0400,,,eq,92,93,0.727617562,0.727617562
B,miami,2026-06-14,20260614T140620-0400,,,eq,92,93,0.575527318,0.575527318
B,miami,2026-06-14,20260614T150010-0400,,,eq,92,93,0.989651485,0.989651485
B,miami,2026-06-14,20260614T160135-0400,,,eq,92,93,0.718138757,0.718138757
B,miami,2026-06-14,20260614T171600-0400,,,eq,92,93,0.968152477,0.968152477
B,miami,2026-06-14,20260614T180404-0400,,,eq,92,93,0.94983306,0.94983306
B,miami,2026-06-14,20260614T190617-0400,,,eq,92,93,0.97144069,0.97144069
B,miami,2026-06-14,20260614T200748-0400,,,eq,92,93,0.976538908,0.976538908
B,miami,2026-06-14,20260614T210057-0400,,,eq,92,93,0.910059639,0.910059639
B,miami,2026-06-14,20260614T220334-0400,,,eq,92,93,0.910059639,0.910059639
B,miami,2026-06-14,20260614T230542-0400,,,eq,92,93,0.910059639,0.910059639
B,miami,2026-06-16,20260616T000605-0400,,,eq,94,95,0.0442809093,0.0442809093
B,miami,2026-06-16,20260616T012526-0400,,,eq,94,95,0.000406662322,0.000406662322
B,miami,2026-06-16,20260616T020518-0400,,,eq,94,95,0.00144275976,0.00144275976
B,miami,2026-06-16,20260616T030220-0400,,,eq,94,95,0.00989912222,0.00989912222
B,miami,2026-06-16,20260616T040510-0400,,,eq,94,95,0.00272468973,0.00272468973
B,miami,2026-06-16,20260616T050539-0400,,,eq,94,95,0.017724599,0.017724599
B,miami,2026-06-16,20260616T061222-0400,,,eq,94,95,0.00424490042,0.00424490042
B,miami,2026-06-16,20260616T070217-0400,,,eq,94,95,0.00729786743,0.00729786743
B,miami,2026-06-16,20260616T080317-0400,,,eq,94,95,0.0026728743,0.0026728743
B,miami,2026-06-16,20260616T090556-0400,,,eq,94,95,0.0024092913,0.0024092913
B,miami,2026-06-16,20260616T100244-0400,,,eq,94,95,0.00649905357,0.00649905357
B,miami,2026-06-16,20260616T111320-0400,,,eq,94,95,0.0595346962,0.0595346962
B,miami,2026-06-16,20260616T121547-0400,,,eq,94,95,0.118830542,0.118830542
B,miami,2026-06-16,20260616T130338-0400,,,eq,94,95,0.108145073,0.108145073
B,miami,2026-06-16,20260616T140534-0400,,,eq,94,95,0.685041398,0.685041398
B,miami,2026-06-16,20260616T151545-0400,,,eq,94,95,0.999997918,0.999997918
B,miami,2026-06-16,20260616T161523-0400,,,eq,94,95,0.999912064,0.999912064
B,miami,2026-06-16,20260616T170412-0400,,,eq,94,95,0.999999163,0.999999163
B,miami,2026-06-16,20260616T180304-0400,,,eq,94,95,0.999995134,0.999995134
B,miami,2026-06-16,20260616T190251-0400,,,eq,94,95,0.999991118,0.999991118
B,miami,2026-06-16,20260616T200317-0400,,,eq,94,95,0.999993027,0.999993027
B,miami,2026-06-16,20260616T210137-0400,,,eq,94,95,0.99999531,0.99999531
B,miami,2026-06-16,20260616T220243-0400,,,eq,94,95,0.999994185,0.999994185
B,miami,2026-06-16,20260616T230038-0400,,,eq,94,95,0.999994185,0.999994185
B,miami,2026-06-17,20260617T000242-0400,,,eq,92,93,0.673495187,0.673495187
B,miami,2026-06-17,20260617T011239-0400,,,eq,92,93,0.793579479,0.793579479
B,miami,2026-06-17,20260617T020246-0400,,,eq,92,93,0.835162535,0.835162535
B,miami,2026-06-17,20260617T030042-0400,,,eq,92,93,0.78141251,0.78141251
B,miami,2026-06-17,20260617T040255-0400,,,eq,92,93,0.78141251,0.78141251
B,miami,2026-06-17,20260617T050036-0400,,,eq,92,93,0.351449745,0.351449745
B,miami,2026-06-17,20260617T060245-0400,,,eq,92,93,0.21959592,0.21959592
B,miami,2026-06-17,20260617T070245-0400,,,eq,92,93,0.18327184,0.18327184
B,miami,2026-06-17,20260617T080240-0400,,,eq,92,93,0.0768901581,0.0768901581
B,miami,2026-06-17,20260617T090136-0400,,,eq,92,93,0.329067925,0.329067925
B,miami,2026-06-17,20260617T100245-0400,,,eq,92,93,0.219559633,0.219559633
B,miami,2026-06-17,20260617T110255-0400,,,eq,92,93,0.554347665,0.554347665
B,miami,2026-06-17,20260617T124248-0400,,,eq,92,93,0.894590302,0.894590302
B,miami,2026-06-17,20260617T130246-0400,,,eq,92,93,0.892920993,0.892920993
B,miami,2026-06-17,20260617T142749-0400,,,eq,92,93,0.89584848,0.89584848
B,miami,2026-06-17,20260617T151246-0400,,,eq,92,93,0.88081897,0.88081897
B,miami,2026-06-17,20260617T160301-0400,,,eq,92,93,0.719058458,0.719058458
B,miami,2026-06-17,20260617T171248-0400,,,eq,92,93,0.99144655,0.99144655
B,miami,2026-06-17,20260617T181248-0400,,,eq,92,93,0.986068899,0.986068899
B,miami,2026-06-17,20260617T191316-0400,,,eq,92,93,0.992703979,0.992703979
B,miami,2026-06-17,20260617T200244-0400,,,eq,92,93,0.985948358,0.985948358
B,miami,2026-06-17,20260617T210834-0400,,,eq,92,93,0.977187068,0.977187068
B,miami,2026-06-17,20260617T221249-0400,,,eq,92,93,0.9832897,0.9832897
B,miami,2026-06-17,20260617T230241-0400,,,eq,92,93,0.9832897,0.9832897
B,miami,2026-06-19,20260619T000335-0400,,,eq,92,93,0.824227575,0.824227575
B,miami,2026-06-19,20260619T010135-0400,,,eq,92,93,0.31629697,0.31629697
B,miami,2026-06-19,20260619T020244-0400,,,eq,92,93,0.369087107,0.369087107
B,miami,2026-06-19,20260619T031659-0400,,,eq,92,93,0.464161267,0.464161267
B,miami,2026-06-19,20260619T040337-0400,,,eq,92,93,0.805806356,0.805806356
B,miami,2026-06-19,20260619T050038-0400,,,eq,92,93,0.225837634,0.225837634
B,miami,2026-06-19,20260619T060432-0400,,,eq,92,93,0.244326157,0.244326157
B,miami,2026-06-19,20260619T070249-0400,,,eq,92,93,0.818071032,0.818071032
B,miami,2026-06-19,20260619T081248-0400,,,eq,92,93,0.694156932,0.694156932
B,miami,2026-06-19,20260619T090211-0400,,,eq,92,93,0.423405341,0.423405341
B,miami,2026-06-19,20260619T100348-0400,,,eq,92,93,0.187099753,0.187099753
B,miami,2026-06-19,20260619T110256-0400,,,eq,92,93,0.224853839,0.224853839
B,miami,2026-06-19,20260619T120248-0400,,,eq,92,93,0.432988981,0.432988981
B,miami,2026-06-19,20260619T130331-0400,,,eq,92,93,0.980426033,0.980426033
B,miami,2026-06-19,20260619T141252-0400,,,eq,92,93,0.8584697,0.8584697
B,miami,2026-06-19,20260619T150254-0400,,,eq,92,93,0.959402875,0.959402875
B,miami,2026-06-19,20260619T160401-0400,,,eq,92,93,0.989385571,0.989385571
B,miami,2026-06-19,20260619T170248-0400,,,eq,92,93,0.999827974,0.999827974
B,miami,2026-06-19,20260619T180246-0400,,,eq,92,93,0.999976179,0.999976179
B,miami,2026-06-19,20260619T190023-0400,,,eq,92,93,0.999986656,0.999986656
B,miami,2026-06-19,20260619T201507-0400,,,eq,92,93,0.999991224,0.999991224
B,miami,2026-06-19,20260619T210341-0400,,,eq,92,93,0.999992458,0.999992458
B,miami,2026-06-19,20260619T220722-0400,,,eq,92,93,0.999992395,0.999992395
B,miami,2026-06-19,20260619T230038-0400,,,eq,92,93,0.999992396,0.999992396
B,miami,2026-06-20,20260620T000555-0400,,,eq,92,93,0.0234238537,0.0234238537
B,miami,2026-06-20,20260620T010552-0400,,,eq,92,93,0.0889782204,0.0889782204
B,miami,2026-06-20,20260620T020043-0400,,,eq,92,93,0.0984341554,0.0984341554
B,miami,2026-06-20,20260620T030550-0400,,,eq,92,93,0.0647055275,0.0647055275
B,miami,2026-06-20,20260620T041552-0400,,,eq,92,93,0.055455799,0.055455799
B,miami,2026-06-20,20260620T051552-0400,,,eq,92,93,0.0545345195,0.0545345195
B,miami,2026-06-20,20260620T060552-0400,,,eq,92,93,0.0781678032,0.0781678032
B,miami,2026-06-20,20260620T070551-0400,,,eq,92,93,0.117719845,0.117719845
B,miami,2026-06-20,20260620T080047-0400,,,eq,92,93,0.11407151,0.11407151
B,miami,2026-06-20,20260620T090157-0400,,,eq,92,93,0.0943175441,0.0943175441
B,miami,2026-06-20,20260620T100827-0400,,,eq,92,93,0.202812544,0.202812544
B,miami,2026-06-20,20260620T110048-0400,,,eq,92,93,0.379768126,0.379768126
B,miami,2026-06-20,20260620T121629-0400,,,eq,92,93,0.957190067,0.957190067
B,miami,2026-06-20,20260620T131642-0400,,,eq,92,93,0.888013776,0.888013776
B,miami,2026-06-20,20260620T140039-0400,,,eq,92,93,0.981328125,0.981328125
B,miami,2026-06-20,20260620T150047-0400,,,eq,92,93,0.976889108,0.976889108
B,miami,2026-06-20,20260620T161051-0400,,,eq,92,93,0.812476939,0.812476939
B,miami,2026-06-20,20260620T170059-0400,,,eq,92,93,0.981634871,0.981634871
B,miami,2026-06-20,20260620T180008-0400,,,eq,92,93,0.941191148,0.941191148
B,miami,2026-06-20,20260620T190012-0400,,,eq,92,93,0.987680164,0.987680164
B,miami,2026-06-20,20260620T200016-0400,,,eq,92,93,0.996977882,0.996977882
B,miami,2026-06-20,20260620T210019-0400,,,eq,92,93,0.997725663,0.997725663
B,miami,2026-06-20,20260620T221102-0400,,,eq,92,93,0.997724363,0.997724363
B,miami,2026-06-20,20260620T230111-0400,,,eq,92,93,0.997724363,0.997724363
B,miami,2026-06-21,20260621T000102-0400,,,eq,94,95,0.181851427,0.181851427
B,miami,2026-06-21,20260621T010058-0400,,,eq,94,95,0.00321398142,0.00321398142
B,miami,2026-06-21,20260621T021051-0400,,,eq,94,95,0.074147847,0.074147847
B,miami,2026-06-21,20260621T030829-0400,,,eq,94,95,0.074147847,0.074147847
B,miami,2026-06-21,20260621T040145-0400,,,eq,94,95,0.0624612891,0.0624612891
B,miami,2026-06-21,20260621T050039-0400,,,eq,94,95,0.0521571955,0.0521571955
B,miami,2026-06-21,20260621T060031-0400,,,eq,94,95,0.0152451972,0.0152451972
B,miami,2026-06-21,20260621T070058-0400,,,eq,94,95,0.0523945781,0.0523945781
B,miami,2026-06-21,20260621T080052-0400,,,eq,94,95,0.0686519626,0.0686519626
B,miami,2026-06-21,20260621T090051-0400,,,eq,94,95,0.0294945606,0.0294945606
B,miami,2026-06-21,20260621T100050-0400,,,eq,94,95,0.0024593148,0.0024593148
B,miami,2026-06-21,20260621T110305-0400,,,eq,94,95,0.0185791771,0.0185791771
B,miami,2026-06-21,20260621T121059-0400,,,eq,94,95,0.0115807406,0.0115807406
B,miami,2026-06-21,20260621T130257-0400,,,eq,94,95,0.513127792,0.513127792
B,miami,2026-06-21,20260621T141253-0400,,,eq,94,95,0.504625831,0.504625831
B,miami,2026-06-21,20260621T150050-0400,,,eq,94,95,0.19863165,0.19863165
B,miami,2026-06-21,20260621T160100-0400,,,eq,94,95,0.999421718,0.999421718
B,miami,2026-06-21,20260621T170049-0400,,,eq,94,95,0.999940268,0.999940268
B,miami,2026-06-21,20260621T180056-0400,,,eq,94,95,0.999993588,0.999993588
B,miami,2026-06-21,20260621T190059-0400,,,eq,94,95,0.999989945,0.999989945
B,miami,2026-06-21,20260621T200111-0400,,,eq,94,95,0.999989945,0.999989945
B,miami,2026-06-21,20260621T210147-0400,,,eq,94,95,0.999997382,0.999997382
B,miami,2026-06-21,20260621T225516-0400,,,eq,94,95,0.999993365,0.999993365
B,miami,2026-06-21,20260621T230835-0400,,,eq,94,95,0.999993365,0.999993365
B,miami,2026-06-22,20260622T000023-0400,,,eq,92,93,0.348219862,0.348219862
B,miami,2026-06-22,20260622T010323-0400,,,eq,92,93,0.322930853,0.322930853
B,miami,2026-06-22,20260622T021057-0400,,,eq,92,93,0.368330144,0.368330144
B,miami,2026-06-22,20260622T030100-0400,,,eq,92,93,0.778045943,0.778045943
B,miami,2026-06-22,20260622T040032-0400,,,eq,92,93,0.728442784,0.728442784
B,miami,2026-06-22,20260622T050038-0400,,,eq,92,93,0.836772998,0.836772998
B,miami,2026-06-22,20260622T060735-0400,,,eq,92,93,0.699039564,0.699039564
B,miami,2026-06-22,20260622T070053-0400,,,eq,92,93,0.788714394,0.788714394
B,miami,2026-06-22,20260622T080724-0400,,,eq,92,93,0.513660243,0.513660243
B,miami,2026-06-22,20260622T090050-0400,,,eq,92,93,0.109987463,0.109987463
B,miami,2026-06-22,20260622T100058-0400,,,eq,92,93,0.585922623,0.585922623
B,miami,2026-06-22,20260622T110125-0400,,,eq,92,93,0.771718437,0.771718437
B,miami,2026-06-22,20260622T120252-0400,,,eq,92,93,0.775107081,0.775107081
B,miami,2026-06-22,20260622T130445-0400,,,eq,92,93,0.915665198,0.915665198
B,miami,2026-06-22,20260622T140505-0400,,,eq,92,93,0.928670097,0.928670097
B,miami,2026-06-22,20260622T151544-0400,,,eq,92,93,0.901478938,0.901478938
B,miami,2026-06-22,20260622T160856-0400,,,eq,92,93,0.826403155,0.826403155
B,miami,2026-06-22,20260622T171727-0400,,,eq,92,93,0.990326818,0.990326818
B,miami,2026-06-22,20260622T180117-0400,,,eq,92,93,0.945014591,0.945014591
B,miami,2026-06-22,20260622T190923-0400,,,eq,92,93,0.672840276,0.672840276
B,miami,2026-06-22,20260622T200638-0400,,,eq,92,93,0.940079843,0.940079843
B,miami,2026-06-22,20260622T211541-0400,,,eq,92,93,0.98306131,0.98306131
B,miami,2026-06-22,20260622T220840-0400,,,eq,92,93,0.98306131,0.98306131
B,miami,2026-06-22,20260622T230132-0400,,,eq,92,93,0.98306131,0.98306131
B,miami,2026-06-26,20260626T001122-0400,,,eq,90,91,0,0
B,miami,2026-06-26,20260626T010959-0400,,,eq,90,91,0.338565271,0.338565271
B,miami,2026-06-26,20260626T020131-0400,,,eq,90,91,0.338565271,0.338565271
B,miami,2026-06-26,20260626T030953-0400,,,eq,90,91,0.299555479,0.299555479
B,miami,2026-06-26,20260626T040950-0400,,,eq,90,91,0.294553221,0.294553221
B,miami,2026-06-26,20260626T050936-0400,,,eq,90,91,0.285673985,0.285673985
B,miami,2026-06-26,20260626T060943-0400,,,eq,90,91,0.276501914,0.276501914
B,miami,2026-06-26,20260626T070242-0400,,,eq,90,91,0.266190142,0.266190142
B,miami,2026-06-26,20260626T081534-0400,,,eq,90,91,0.514865807,0.514865807
B,miami,2026-06-26,20260626T090538-0400,,,eq,90,91,0.879189079,0.879189079
B,miami,2026-06-26,20260626T100304-0400,,,eq,90,91,0.663352414,0.663352414
B,miami,2026-06-26,20260626T111301-0400,,,eq,90,91,0.651644249,0.651644249
B,miami,2026-06-26,20260626T120321-0400,,,eq,90,91,0.563344077,0.563344077
B,miami,2026-06-26,20260626T130314-0400,,,eq,90,91,0.314384416,0.314384416
B,miami,2026-06-26,20260626T141254-0400,,,eq,90,91,0.933003146,0.933003146
B,miami,2026-06-26,20260626T150303-0400,,,eq,90,91,0.980415494,0.980415494
B,miami,2026-06-26,20260626T160310-0400,,,eq,90,91,0.935701255,0.935701255
B,miami,2026-06-26,20260626T170706-0400,,,eq,90,91,0.993680164,0.993680164
B,miami,2026-06-26,20260626T180403-0400,,,eq,90,91,0.993401461,0.993401461
B,miami,2026-06-26,20260626T190700-0400,,,eq,90,91,0.999229779,0.999229779
B,miami,2026-06-26,20260626T200405-0400,,,eq,90,91,0.998733452,0.998733452
B,miami,2026-06-26,20260626T210704-0400,,,eq,90,91,0.998733755,0.998733755
B,miami,2026-06-26,20260626T220740-0400,,,eq,90,91,0.998733755,0.998733755
B,miami,2026-06-26,20260626T230716-0400,,,eq,90,91,0.998733755,0.998733755
B,miami,2026-06-28,20260628T000328-0400,,,eq,92,93,0.601325456,0.601325456
B,miami,2026-06-28,20260628T010310-0400,,,eq,92,93,0.601325456,0.601325456
B,miami,2026-06-28,20260628T020305-0400,,,eq,92,93,0.0472277328,0.0472277328
B,miami,2026-06-28,20260628T030307-0400,,,eq,92,93,0.0429901898,0.0429901898
B,miami,2026-06-28,20260628T040311-0400,,,eq,92,93,0.624874643,0.624874643
B,miami,2026-06-28,20260628T050250-0400,,,eq,92,93,0.0464290039,0.0464290039
B,miami,2026-06-28,20260628T060256-0400,,,eq,92,93,0.0467202359,0.0467202359
B,miami,2026-06-28,20260628T070248-0400,,,eq,92,93,0.601325456,0.601325456
B,miami,2026-06-28,20260628T080257-0400,,,eq,92,93,0.079319234,0.079319234
B,miami,2026-06-28,20260628T090302-0400,,,eq,92,93,0.0234305243,0.0234305243
B,miami,2026-06-28,20260628T101300-0400,,,eq,92,93,0.0231007642,0.0231007642
B,miami,2026-06-28,20260628T110323-0400,,,eq,92,93,0.0272939937,0.0272939937
B,miami,2026-06-28,20260628T120312-0400,,,eq,92,93,0.212067099,0.212067099
B,miami,2026-06-28,20260628T130556-0400,,,eq,92,93,0.118434736,0.118434736
B,miami,2026-06-28,20260628T140254-0400,,,eq,92,93,0.0522661814,0.0522661814
B,miami,2026-06-28,20260628T150324-0400,,,eq,92,93,0.0320553662,0.0320553662
B,miami,2026-06-28,20260628T160309-0400,,,eq,92,93,0.993157387,0.993157387
B,miami,2026-06-28,20260628T170251-0400,,,eq,92,93,0.0363083426,0.0363083426
B,miami,2026-06-28,20260628T180812-0400,,,eq,92,93,0.050706743,0.050706743
B,miami,2026-06-28,20260628T190758-0400,,,eq,92,93,0.0235150518,0.0235150518
B,miami,2026-06-28,20260628T201040-0400,,,eq,92,93,0.0294729093,0.0294729093
B,miami,2026-06-28,20260628T210042-0400,,,eq,92,93,0.031470762,0.031470762
B,miami,2026-06-29,20260629T104137-0400,,,eq,92,93,0.504941272,0.504941272
B,miami,2026-06-29,20260629T110132-0400,,,eq,92,93,0.527578546,0.527578546
B,miami,2026-06-29,20260629T120050-0400,,,eq,92,93,0.295537222,0.295537222
B,miami,2026-06-29,20260629T131430-0400,,,eq,92,93,0.163187531,0.163187531
B,miami,2026-06-29,20260629T140910-0400,,,eq,92,93,0.125878116,0.125878116
B,miami,2026-06-29,20260629T150446-0400,,,eq,92,93,0.987367944,0.987367944
B,miami,2026-06-29,20260629T160845-0400,,,eq,92,93,0.924632915,0.924632915
B,miami,2026-06-29,20260629T170440-0400,,,eq,92,93,0.0823180655,0.0823180655
B,miami,2026-06-29,20260629T181439-0400,,,eq,92,93,0.0862087906,0.0862087906
B,miami,2026-06-29,20260629T190056-0400,,,eq,92,93,0.0412544354,0.0412544354
B,miami,2026-06-29,20260629T200140-0400,,,eq,92,93,0.0431088559,0.0431088559
B,miami,2026-06-29,20260629T210006-0400,,,eq,92,93,0.0475961211,0.0475961211
B,miami,2026-06-29,20260629T220720-0400,,,eq,92,93,0.047770491,0.047770491
B,miami,2026-06-29,20260629T230232-0400,,,eq,92,93,0.0680307003,0.0680307003
B,miami,2026-06-30,20260630T000227-0400,,,eq,92,93,0.719214652,0.719214652
B,miami,2026-06-30,20260630T010552-0400,,,eq,92,93,0.71748394,0.71748394
B,miami,2026-06-30,20260630T020028-0400,,,eq,92,93,0.711848895,0.711848895
B,miami,2026-06-30,20260630T030425-0400,,,eq,92,93,0.721249776,0.721249776
B,miami,2026-06-30,20260630T040758-0400,,,eq,92,93,0.378359659,0.378359659
B,miami,2026-06-30,20260630T050219-0400,,,eq,92,93,0.247179342,0.247179342
B,miami,2026-06-30,20260630T060542-0400,,,eq,92,93,0.249671284,0.249671284
B,miami,2026-06-30,20260630T070010-0400,,,eq,92,93,0.182069275,0.182069275
B,miami,2026-06-30,20260630T080619-0400,,,eq,92,93,0.221975641,0.221975641
B,miami,2026-06-30,20260630T090055-0400,,,eq,92,93,0.197969453,0.197969453
B,miami,2026-06-30,20260630T102218-0400,,,eq,92,93,0.160447084,0.160447084
B,miami,2026-06-30,20260630T110800-0400,,,eq,92,93,0.509636495,0.509636495
B,miami,2026-06-30,20260630T121140-0400,,,eq,92,93,0.467141303,0.467141303
B,miami,2026-06-30,20260630T131402-0400,,,eq,92,93,0.708992993,0.708992993
B,miami,2026-06-30,20260630T141236-0400,,,eq,92,93,0.120031309,0.120031309
B,miami,2026-06-30,20260630T150523-0400,,,eq,92,93,0.206961304,0.206961304
B,miami,2026-06-30,20260630T160007-0400,,,eq,92,93,0.915752982,0.915752982
B,miami,2026-06-30,20260630T170342-0400,,,eq,92,93,0.909276839,0.909276839
B,miami,2026-06-30,20260630T180710-0400,,,eq,92,93,0.0483145236,0.0483145236
B,miami,2026-06-30,20260630T190140-0400,,,eq,92,93,0.0577574041,0.0577574041
B,miami,2026-06-30,20260630T200157-0400,,,eq,92,93,0.057945734,0.057945734
B,miami,2026-06-30,20260630T210529-0400,,,eq,92,93,0.0565290761,0.0565290761
B,miami,2026-06-30,20260630T220002-0400,,,eq,92,93,0.0616157164,0.0616157164
B,miami,2026-06-30,20260630T230354-0400,,,eq,92,93,0.0544584261,0.0544584261
B,nyc,2026-06-07,20260607T000104-0400,,,eq,80,81,0.302399363,0.302399363
B,nyc,2026-06-07,20260607T010212-0400,,,eq,80,81,0.105060663,0.105060663
B,nyc,2026-06-07,20260607T020342-0400,,,eq,80,81,0.0780270176,0.0780270176
B,nyc,2026-06-07,20260607T030452-0400,,,eq,80,81,0.0714199918,0.0714199918
B,nyc,2026-06-07,20260607T040611-0400,,,eq,80,81,0.0714199918,0.0714199918
B,nyc,2026-06-07,20260607T050729-0400,,,eq,80,81,0.0648066372,0.0648066372
B,nyc,2026-06-07,20260607T060831-0400,,,eq,80,81,0.0639778229,0.0639778229
B,nyc,2026-06-07,20260607T070959-0400,,,eq,80,81,0.0762504446,0.0762504446
B,nyc,2026-06-07,20260607T080102-0400,,,eq,80,81,0.0926896639,0.0926896639
B,nyc,2026-06-07,20260607T090231-0400,,,eq,80,81,0.0812567462,0.0812567462
B,nyc,2026-06-07,20260607T100350-0400,,,eq,80,81,0.235388822,0.235388822
B,nyc,2026-06-07,20260607T110453-0400,,,eq,80,81,0.119283853,0.119283853
B,nyc,2026-06-07,20260607T120658-0400,,,eq,80,81,0.141241648,0.141241648
B,nyc,2026-06-07,20260607T130912-0400,,,eq,80,81,0.0901265803,0.0901265803
B,nyc,2026-06-07,20260607T140122-0400,,,eq,80,81,0.258584779,0.258584779
B,nyc,2026-06-07,20260607T150300-0400,,,eq,80,81,0.481149025,0.481149025
B,nyc,2026-06-07,20260607T160455-0400,,,eq,80,81,0.258398445,0.258398445
B,nyc,2026-06-07,20260607T170734-0400,,,eq,80,81,0.259042178,0.259042178
B,nyc,2026-06-07,20260607T181009-0400,,,eq,80,81,0.973353751,0.973353751
B,nyc,2026-06-07,20260607T190207-0400,,,eq,80,81,0.978635747,0.978635747
B,nyc,2026-06-07,20260607T200345-0400,,,eq,80,81,0.996872966,0.996872966
B,nyc,2026-06-07,20260607T210529-0400,,,eq,80,81,0.997260683,0.997260683
B,nyc,2026-06-07,20260607T220709-0400,,,eq,80,81,0.997014104,0.997014104
B,nyc,2026-06-07,20260607T230917-0400,,,eq,80,81,0.997013601,0.997013601
B,nyc,2026-06-08,20260608T000046-0400,,,eq,74,75,0.598228811,0.598228811
B,nyc,2026-06-08,20260608T010228-0400,,,eq,74,75,0.288845235,0.288845235
B,nyc,2026-06-08,20260608T020359-0400,,,eq,74,75,0.332807382,0.332807382
B,nyc,2026-06-08,20260608T030546-0400,,,eq,74,75,0.491016771,0.491016771
B,nyc,2026-06-08,20260608T040706-0400,,,eq,74,75,0.572662516,0.572662516
B,nyc,2026-06-08,20260608T050847-0400,,,eq,74,75,0.531891181,0.531891181
B,nyc,2026-06-08,20260608T060026-0400,,,eq,74,75,0.530019125,0.530019125
B,nyc,2026-06-08,20260608T070215-0400,,,eq,74,75,0.369758166,0.369758166
B,nyc,2026-06-08,20260608T080350-0400,,,eq,74,75,0.408762047,0.408762047
B,nyc,2026-06-08,20260608T090543-0400,,,eq,74,75,0.384155772,0.384155772
B,nyc,2026-06-08,20260608T100733-0400,,,eq,74,75,0.322716895,0.322716895
B,nyc,2026-06-08,20260608T110923-0400,,,eq,74,75,0.193655664,0.193655664
B,nyc,2026-06-08,20260608T120103-0400,,,eq,74,75,0.246607337,0.246607337
B,nyc,2026-06-08,20260608T130259-0400,,,eq,74,75,0.494211055,0.494211055
B,nyc,2026-06-08,20260608T140507-0400,,,eq,74,75,0.594766679,0.594766679
B,nyc,2026-06-08,20260608T150709-0400,,,eq,74,75,0.433891194,0.433891194
B,nyc,2026-06-08,20260608T160953-0400,,,eq,74,75,0.869259392,0.869259392
B,nyc,2026-06-08,20260608T170215-0400,,,eq,74,75,0.984945819,0.984945819
B,nyc,2026-06-08,20260608T180441-0400,,,eq,74,75,0.999581445,0.999581445
B,nyc,2026-06-08,20260608T191523-0400,,,eq,74,75,0.999886707,0.999886707
B,nyc,2026-06-08,20260608T200642-0400,,,eq,74,75,0.999887365,0.999887365
B,nyc,2026-06-08,20260608T210808-0400,,,eq,74,75,0.999427228,0.999427228
B,nyc,2026-06-08,20260608T220942-0400,,,eq,74,75,0.999890676,0.999890676
B,nyc,2026-06-08,20260608T230127-0400,,,eq,74,75,0.999890676,0.999890676
B,nyc,2026-06-11,20260611T050107-0400,,,eq,94,95,0.0299077211,0.0299077211
B,nyc,2026-06-11,20260611T060955-0400,,,eq,94,95,0.0299077211,0.0299077211
B,nyc,2026-06-11,20260611T070043-0400,,,eq,94,95,0.0299497668,0.0299497668
B,nyc,2026-06-11,20260611T080358-0400,,,eq,94,95,0.0455952757,0.0455952757
B,nyc,2026-06-11,20260611T090600-0400,,,eq,94,95,0.0500975004,0.0500975004
B,nyc,2026-06-11,20260611T100746-0400,,,eq,94,95,0.0713615929,0.0713615929
B,nyc,2026-06-11,20260611T110313-0400,,,eq,94,95,0.0880551534,0.0880551534
B,nyc,2026-06-11,20260611T120522-0400,,,eq,94,95,0.0546367092,0.0546367092
B,nyc,2026-06-11,20260611T130708-0400,,,eq,94,95,0.152092002,0.152092002
B,nyc,2026-06-11,20260611T140944-0400,,,eq,94,95,0.27223271,0.27223271
B,nyc,2026-06-11,20260611T150126-0400,,,eq,94,95,0.390516766,0.390516766
B,nyc,2026-06-11,20260611T160405-0400,,,eq,94,95,0.722992754,0.722992754
B,nyc,2026-06-11,20260611T170616-0400,,,eq,94,95,0.983418649,0.983418649
B,nyc,2026-06-11,20260611T180815-0400,,,eq,94,95,0.939193217,0.939193217
B,nyc,2026-06-11,20260611T190953-0400,,,eq,94,95,0.998104202,0.998104202
B,nyc,2026-06-11,20260611T200211-0400,,,eq,94,95,0.999407382,0.999407382
B,nyc,2026-06-11,20260611T210541-0400,,,eq,94,95,0.998128692,0.998128692
B,nyc,2026-06-11,20260611T220725-0400,,,eq,94,95,0.998128685,0.998128685
B,nyc,2026-06-11,20260611T230958-0400,,,eq,94,95,0.998085808,0.998085808
B,nyc,2026-06-12,20260612T000126-0400,,,eq,94,95,0.0149687184,0.0149687184
B,nyc,2026-06-12,20260612T010258-0400,,,eq,94,95,0.0388409269,0.0388409269
B,nyc,2026-06-12,20260612T020449-0400,,,eq,94,95,0.0398717657,0.0398717657
B,nyc,2026-06-12,20260612T030609-0400,,,eq,94,95,0.0345767467,0.0345767467
B,nyc,2026-06-12,20260612T040732-0400,,,eq,94,95,0.0309920745,0.0309920745
B,nyc,2026-06-12,20260612T050850-0400,,,eq,94,95,0.0299576201,0.0299576201
B,nyc,2026-06-12,20260612T060023-0400,,,eq,94,95,0.0311110964,0.0311110964
B,nyc,2026-06-12,20260612T070207-0400,,,eq,94,95,0.0382853161,0.0382853161
B,nyc,2026-06-12,20260612T080346-0400,,,eq,94,95,0.0715064622,0.0715064622
B,nyc,2026-06-12,20260612T090614-0400,,,eq,94,95,0.0715064622,0.0715064622
B,nyc,2026-06-12,20260612T100817-0400,,,eq,94,95,0.037361193,0.037361193
B,nyc,2026-06-12,20260612T111006-0400,,,eq,94,95,0.0496192199,0.0496192199
B,nyc,2026-06-12,20260612T120139-0400,,,eq,94,95,0.038583754,0.038583754
B,nyc,2026-06-12,20260612T130328-0400,,,eq,94,95,0.126331083,0.126331083
B,nyc,2026-06-12,20260612T140505-0400,,,eq,94,95,0.0911949068,0.0911949068
B,nyc,2026-06-12,20260612T150657-0400,,,eq,94,95,0.2710059,0.2710059
B,nyc,2026-06-12,20260612T160857-0400,,,eq,94,95,0.425594308,0.425594308
B,nyc,2026-06-12,20260612T170041-0400,,,eq,94,95,0.975588582,0.975588582
B,nyc,2026-06-12,20260612T180246-0400,,,eq,94,95,0.999879141,0.999879141
B,nyc,2026-06-12,20260612T190410-0400,,,eq,94,95,0.999909227,0.999909227
B,nyc,2026-06-12,20260612T200646-0400,,,eq,94,95,0.999923553,0.999923553
B,nyc,2026-06-12,20260612T210908-0400,,,eq,94,95,0.999940359,0.999940359
B,nyc,2026-06-12,20260612T220048-0400,,,eq,94,95,0.999950691,0.999950691
B,nyc,2026-06-12,20260612T230250-0400,,,eq,94,95,0.999940359,0.999940359
B,nyc,2026-06-13,20260613T000419-0400,,,eq,88,89,0.0550145013,0.0550145013
B,nyc,2026-06-13,20260613T010551-0400,,,eq,88,89,0.092920931,0.092920931
B,nyc,2026-06-13,20260613T020722-0400,,,eq,88,89,0.111414675,0.111414675
B,nyc,2026-06-13,20260613T030848-0400,,,eq,88,89,0.0657548997,0.0657548997
B,nyc,2026-06-13,20260613T041022-0400,,,eq,88,89,0.06010283,0.06010283
B,nyc,2026-06-13,20260613T050148-0400,,,eq,88,89,0.0974854485,0.0974854485
B,nyc,2026-06-13,20260613T060259-0400,,,eq,88,89,0.0556964445,0.0556964445
B,nyc,2026-06-13,20260613T070419-0400,,,eq,88,89,0.0466130918,0.0466130918
B,nyc,2026-06-13,20260613T080605-0400,,,eq,88,89,0.0974815097,0.0974815097
B,nyc,2026-06-13,20260613T090734-0400,,,eq,88,89,0.114423547,0.114423547
B,nyc,2026-06-13,20260613T100902-0400,,,eq,88,89,0.245510572,0.245510572
B,nyc,2026-06-13,20260613T110054-0400,,,eq,88,89,0.26924086,0.26924086
B,nyc,2026-06-13,20260613T120718-0400,,,eq,88,89,0.0740877991,0.0740877991
B,nyc,2026-06-13,20260613T130944-0400,,,eq,88,89,0.0944222578,0.0944222578
B,nyc,2026-06-13,20260613T140111-0400,,,eq,88,89,0.0631952945,0.0631952945
B,nyc,2026-06-13,20260613T150247-0400,,,eq,88,89,0.159458195,0.159458195
B,nyc,2026-06-13,20260613T160417-0400,,,eq,88,89,0.51516893,0.51516893
B,nyc,2026-06-13,20260613T170614-0400,,,eq,88,89,0.124250408,0.124250408
B,nyc,2026-06-13,20260613T180832-0400,,,eq,88,89,0.885957705,0.885957705
B,nyc,2026-06-13,20260613T190045-0400,,,eq,88,89,0.984324709,0.984324709
B,nyc,2026-06-13,20260613T200328-0400,,,eq,88,89,0.995725613,0.995725613
B,nyc,2026-06-13,20260613T210526-0400,,,eq,88,89,0.995165321,0.995165321
B,nyc,2026-06-13,20260613T220047-0400,,,eq,88,89,0.999273343,0.999273343
B,nyc,2026-06-13,20260613T230231-0400,,,eq,88,89,0.996946156,0.996946156
B,nyc,2026-06-14,20260614T000848-0400,,,eq,90,91,0.310223938,0.310223938
B,nyc,2026-06-14,20260614T010956-0400,,,eq,90,91,0.0567761303,0.0567761303
B,nyc,2026-06-14,20260614T020130-0400,,,eq,90,91,0.0331917342,0.0331917342
B,nyc,2026-06-14,20260614T030314-0400,,,eq,90,91,0.0671587119,0.0671587119
B,nyc,2026-06-14,20260614T040443-0400,,,eq,90,91,0.0531801528,0.0531801528
B,nyc,2026-06-14,20260614T050545-0400,,,eq,90,91,0.0535135285,0.0535135285
B,nyc,2026-06-14,20260614T060711-0400,,,eq,90,91,0.0362054584,0.0362054584
B,nyc,2026-06-14,20260614T070828-0400,,,eq,90,91,0.0599008932,0.0599008932
B,nyc,2026-06-14,20260614T080952-0400,,,eq,90,91,0.0514860168,0.0514860168
B,nyc,2026-06-14,20260614T090003-0400,,,eq,90,91,0.102843804,0.102843804
B,nyc,2026-06-14,20260614T100003-0400,,,eq,90,91,0.11294679,0.11294679
B,nyc,2026-06-14,20260614T110004-0400,,,eq,90,91,0.0863125275,0.0863125275
B,nyc,2026-06-14,20260614T120008-0400,,,eq,90,91,0.245888129,0.245888129
B,nyc,2026-06-14,20260614T130709-0400,,,eq,90,91,0.506751166,0.506751166
B,nyc,2026-06-14,20260614T140005-0400,,,eq,90,91,0.755380179,0.755380179
B,nyc,2026-06-14,20260614T150006-0400,,,eq,90,91,0.999965783,0.999965783
B,nyc,2026-06-14,20260614T160011-0400,,,eq,90,91,0.999236035,0.999236035
B,nyc,2026-06-14,20260614T170215-0400,,,eq,90,91,0.999344301,0.999344301
B,nyc,2026-06-14,20260614T180050-0400,,,eq,90,91,0.999840396,0.999840396
B,nyc,2026-06-14,20260614T190021-0400,,,eq,90,91,0.999917789,0.999917789
B,nyc,2026-06-14,20260614T200021-0400,,,eq,90,91,0.999845562,0.999845562
B,nyc,2026-06-14,20260614T210022-0400,,,eq,90,91,0.999905651,0.999905651
B,nyc,2026-06-14,20260614T220322-0400,,,eq,90,91,0.999905647,0.999905647
B,nyc,2026-06-14,20260614T230121-0400,,,eq,90,91,0.999899756,0.999899756
B,nyc,2026-06-15,20260615T000531-0400,,,eq,74,75,0,0
B,nyc,2026-06-15,20260615T010122-0400,,,eq,74,75,0.0795283231,0.0795283231
B,nyc,2026-06-15,20260615T021530-0400,,,eq,74,75,0.0726785459,0.0726785459
B,nyc,2026-06-15,20260615T030530-0400,,,eq,74,75,0.0736055446,0.0736055446
B,nyc,2026-06-15,20260615T040122-0400,,,eq,74,75,0.0743571316,0.0743571316
B,nyc,2026-06-15,20260615T050530-0400,,,eq,74,75,0.0752128523,0.0752128523
B,nyc,2026-06-15,20260615T060122-0400,,,eq,74,75,0.0841558604,0.0841558604
B,nyc,2026-06-15,20260615T070121-0400,,,eq,74,75,0.0794997688,0.0794997688
B,nyc,2026-06-15,20260615T080223-0400,,,eq,74,75,0.0488480525,0.0488480525
B,nyc,2026-06-15,20260615T090530-0400,,,eq,74,75,0.0945887363,0.0945887363
B,nyc,2026-06-15,20260615T100223-0400,,,eq,74,75,0.0529587726,0.0529587726
B,nyc,2026-06-15,20260615T111539-0400,,,eq,74,75,0.0952354304,0.0952354304
B,nyc,2026-06-15,20260615T120157-0400,,,eq,74,75,0.17131876,0.17131876
B,nyc,2026-06-15,20260615T130533-0400,,,eq,74,75,0.186212241,0.186212241
B,nyc,2026-06-15,20260615T140531-0400,,,eq,74,75,0.0993838825,0.0993838825
B,nyc,2026-06-15,20260615T150534-0400,,,eq,74,75,0.408527699,0.408527699
B,nyc,2026-06-15,20260615T160509-0400,,,eq,74,75,0.418964162,0.418964162
B,nyc,2026-06-15,20260615T170512-0400,,,eq,74,75,0.883841486,0.883841486
B,nyc,2026-06-15,20260615T180655-0400,,,eq,74,75,0.989921145,0.989921145
B,nyc,2026-06-15,20260615T190526-0400,,,eq,74,75,0.997572059,0.997572059
B,nyc,2026-06-15,20260615T200311-0400,,,eq,74,75,0.999872898,0.999872898
B,nyc,2026-06-15,20260615T211318-0400,,,eq,74,75,0.999882986,0.999882986
B,nyc,2026-06-15,20260615T221601-0400,,,eq,74,75,0.999420606,0.999420606
B,nyc,2026-06-15,20260615T230949-0400,,,eq,74,75,0.999420606,0.999420606
B,nyc,2026-06-16,20260616T000512-0400,,,eq,78,79,0.501730424,0.501730424
B,nyc,2026-06-16,20260616T010506-0400,,,eq,78,79,0.544417677,0.544417677
B,nyc,2026-06-16,20260616T020408-0400,,,eq,78,79,0.545444331,0.545444331
B,nyc,2026-06-16,20260616T030329-0400,,,eq,78,79,0.549009951,0.549009951
B,nyc,2026-06-16,20260616T040406-0400,,,eq,78,79,0.592691707,0.592691707
B,nyc,2026-06-16,20260616T050506-0400,,,eq,78,79,0.598351839,0.598351839
B,nyc,2026-06-16,20260616T060502-0400,,,eq,78,79,0.47908644,0.47908644
B,nyc,2026-06-16,20260616T070409-0400,,,eq,78,79,0.519953161,0.519953161
B,nyc,2026-06-16,20260616T081505-0400,,,eq,78,79,0.19038491,0.19038491
B,nyc,2026-06-16,20260616T090440-0400,,,eq,78,79,0.205228524,0.205228524
B,nyc,2026-06-16,20260616T100228-0400,,,eq,78,79,0.213061231,0.213061231
B,nyc,2026-06-16,20260616T111513-0400,,,eq,78,79,0.233194208,0.233194208
B,nyc,2026-06-16,20260616T121506-0400,,,eq,78,79,0.337332043,0.337332043
B,nyc,2026-06-16,20260616T130508-0400,,,eq,78,79,0.252902383,0.252902383
B,nyc,2026-06-16,20260616T140509-0400,,,eq,78,79,0.379682432,0.379682432
B,nyc,2026-06-16,20260616T151505-0400,,,eq,78,79,0.432519427,0.432519427
B,nyc,2026-06-16,20260616T161503-0400,,,eq,78,79,0.577706782,0.577706782
B,nyc,2026-06-16,20260616T170309-0400,,,eq,78,79,0.967935742,0.967935742
B,nyc,2026-06-16,20260616T180240-0400,,,eq,78,79,0.994293866,0.994293866
B,nyc,2026-06-16,20260616T190235-0400,,,eq,78,79,0.999954206,0.999954206
B,nyc,2026-06-16,20260616T201253-0400,,,eq,78,79,0.999807913,0.999807913
B,nyc,2026-06-16,20260616T210122-0400,,,eq,78,79,0.999499651,0.999499651
B,nyc,2026-06-16,20260616T221230-0400,,,eq,78,79,0.999499367,0.999499367
B,nyc,2026-06-16,20260616T231233-0400,,,eq,78,79,0.999499367,0.999499367
B,nyc,2026-06-17,20260617T000230-0400,,,eq,76,77,0.125012196,0.125012196
B,nyc,2026-06-17,20260617T010628-0400,,,eq,76,77,0.0977322426,0.0977322426
B,nyc,2026-06-17,20260617T020230-0400,,,eq,76,77,0.0876202436,0.0876202436
B,nyc,2026-06-17,20260617T030037-0400,,,eq,76,77,0.0819740694,0.0819740694
B,nyc,2026-06-17,20260617T040236-0400,,,eq,76,77,0.188092026,0.188092026
B,nyc,2026-06-17,20260617T050029-0400,,,eq,76,77,0.130743072,0.130743072
B,nyc,2026-06-17,20260617T060229-0400,,,eq,76,77,0.125552343,0.125552343
B,nyc,2026-06-17,20260617T070230-0400,,,eq,76,77,0.139325701,0.139325701
B,nyc,2026-06-17,20260617T080631-0400,,,eq,76,77,0.275109526,0.275109526
B,nyc,2026-06-17,20260617T090129-0400,,,eq,76,77,0.288843675,0.288843675
B,nyc,2026-06-17,20260617T100131-0400,,,eq,76,77,0.302508352,0.302508352
B,nyc,2026-06-17,20260617T110233-0400,,,eq,76,77,0.407969672,0.407969672
B,nyc,2026-06-17,20260617T124230-0400,,,eq,76,77,0.214881611,0.214881611
B,nyc,2026-06-17,20260617T131229-0400,,,eq,76,77,0.0739952445,0.0739952445
B,nyc,2026-06-17,20260617T142833-0400,,,eq,76,77,0.641442202,0.641442202
B,nyc,2026-06-17,20260617T151233-0400,,,eq,76,77,0.991652537,0.991652537
B,nyc,2026-06-17,20260617T160241-0400,,,eq,76,77,0.884268338,0.884268338
B,nyc,2026-06-17,20260617T171230-0400,,,eq,76,77,0.971182942,0.971182942
B,nyc,2026-06-17,20260617T181231-0400,,,eq,76,77,0.951757753,0.951757753
B,nyc,2026-06-17,20260617T191240-0400,,,eq,76,77,0.996117684,0.996117684
B,nyc,2026-06-17,20260617T201236-0400,,,eq,76,77,0.997725205,0.997725205
B,nyc,2026-06-17,20260617T211231-0400,,,eq,76,77,0.99772417,0.99772417
B,nyc,2026-06-17,20260617T221235-0400,,,eq,76,77,0.99772417,0.99772417
B,nyc,2026-06-17,20260617T230230-0400,,,eq,76,77,0.99772417,0.99772417
B,nyc,2026-06-19,20260619T000315-0400,,,eq,82,83,0,0
B,nyc,2026-06-19,20260619T011230-0400,,,eq,82,83,0.262253053,0.262253053
B,nyc,2026-06-19,20260619T021254-0400,,,eq,82,83,0.378932984,0.378932984
B,nyc,2026-06-19,20260619T030319-0400,,,eq,82,83,0.305889542,0.305889542
B,nyc,2026-06-19,20260619T040229-0400,,,eq,82,83,0.302209829,0.302209829
B,nyc,2026-06-19,20260619T051305-0400,,,eq,82,83,0.302404693,0.302404693
B,nyc,2026-06-19,20260619T061231-0400,,,eq,82,83,0.302904495,0.302904495
B,nyc,2026-06-19,20260619T070235-0400,,,eq,82,83,0.320645754,0.320645754
B,nyc,2026-06-19,20260619T080157-0400,,,eq,82,83,0.516654108,0.516654108
B,nyc,2026-06-19,20260619T090321-0400,,,eq,82,83,0.439578375,0.439578375
B,nyc,2026-06-19,20260619T101229-0400,,,eq,82,83,0.19369515,0.19369515
B,nyc,2026-06-19,20260619T110232-0400,,,eq,82,83,0.285760969,0.285760969
B,nyc,2026-06-19,20260619T120231-0400,,,eq,82,83,0.290863855,0.290863855
B,nyc,2026-06-19,20260619T130306-0400,,,eq,82,83,0.418589837,0.418589837
B,nyc,2026-06-19,20260619T140240-0400,,,eq,82,83,0.317423053,0.317423053
B,nyc,2026-06-19,20260619T150233-0400,,,eq,82,83,0.795806123,0.795806123
B,nyc,2026-06-19,20260619T160321-0400,,,eq,82,83,0.72505888,0.72505888
B,nyc,2026-06-19,20260619T170230-0400,,,eq,82,83,0.99249565,0.99249565
B,nyc,2026-06-19,20260619T180234-0400,,,eq,82,83,0.995781488,0.995781488
B,nyc,2026-06-19,20260619T190007-0400,,,eq,82,83,0.999212751,0.999212751
B,nyc,2026-06-19,20260619T201449-0400,,,eq,82,83,0.998958551,0.998958551
B,nyc,2026-06-19,20260619T210254-0400,,,eq,82,83,0.999783521,0.999783521
B,nyc,2026-06-19,20260619T220652-0400,,,eq,82,83,0.999670816,0.999670816
B,nyc,2026-06-19,20260619T230033-0400,,,eq,82,83,0.999821263,0.999821263
B,nyc,2026-06-20,20260620T000540-0400,,,eq,82,83,0.314966784,0.314966784
B,nyc,2026-06-20,20260620T010536-0400,,,eq,82,83,0.42138202,0.42138202
B,nyc,2026-06-20,20260620T020536-0400,,,eq,82,83,0.420375316,0.420375316
B,nyc,2026-06-20,20260620T030445-0400,,,eq,82,83,0.311198424,0.311198424
B,nyc,2026-06-20,20260620T041442-0400,,,eq,82,83,0.345132726,0.345132726
B,nyc,2026-06-20,20260620T051536-0400,,,eq,82,83,0.242585816,0.242585816
B,nyc,2026-06-20,20260620T060443-0400,,,eq,82,83,0.410042097,0.410042097
B,nyc,2026-06-20,20260620T070440-0400,,,eq,82,83,0.291592371,0.291592371
B,nyc,2026-06-20,20260620T080536-0400,,,eq,82,83,0.321576886,0.321576886
B,nyc,2026-06-20,20260620T091537-0400,,,eq,82,83,0.185547398,0.185547398
B,nyc,2026-06-20,20260620T100228-0400,,,eq,82,83,0.148052187,0.148052187
B,nyc,2026-06-20,20260620T110023-0400,,,eq,82,83,0.214617697,0.214617697
B,nyc,2026-06-20,20260620T121018-0400,,,eq,82,83,0.164018956,0.164018956
B,nyc,2026-06-20,20260620T130318-0400,,,eq,82,83,0.411241624,0.411241624
B,nyc,2026-06-20,20260620T140120-0400,,,eq,82,83,0.474350962,0.474350962
B,nyc,2026-06-20,20260620T150024-0400,,,eq,82,83,0.527406588,0.527406588
B,nyc,2026-06-20,20260620T160638-0400,,,eq,82,83,0.67963502,0.67963502
B,nyc,2026-06-20,20260620T170033-0400,,,eq,82,83,0.632149587,0.632149587
B,nyc,2026-06-20,20260620T180034-0400,,,eq,82,83,0.981746121,0.981746121
B,nyc,2026-06-20,20260620T190803-0400,,,eq,82,83,0.996827918,0.996827918
B,nyc,2026-06-20,20260620T200033-0400,,,eq,82,83,0.997990772,0.997990772
B,nyc,2026-06-20,20260620T210030-0400,,,eq,82,83,0.997283618,0.997283618
B,nyc,2026-06-20,20260620T221034-0400,,,eq,82,83,0.997284416,0.997284416
B,nyc,2026-06-20,20260620T230032-0400,,,eq,82,83,0.998825838,0.998825838
B,nyc,2026-06-21,20260621T000020-0400,,,eq,84,85,0.0787484405,0.0787484405
B,nyc,2026-06-21,20260621T010102-0400,,,eq,84,85,0.0906127971,0.0906127971
B,nyc,2026-06-21,20260621T020007-0400,,,eq,84,85,0.0282169457,0.0282169457
B,nyc,2026-06-21,20260621T030430-0400,,,eq,84,85,0.0727948033,0.0727948033
B,nyc,2026-06-21,20260621T040017-0400,,,eq,84,85,0.0938482641,0.0938482641
B,nyc,2026-06-21,20260621T050818-0400,,,eq,84,85,0.0857854138,0.0857854138
B,nyc,2026-06-21,20260621T060018-0400,,,eq,84,85,0.078786326,0.078786326
B,nyc,2026-06-21,20260621T070026-0400,,,eq,84,85,0.0536540739,0.0536540739
B,nyc,2026-06-21,20260621T080020-0400,,,eq,84,85,0.0431870308,0.0431870308
B,nyc,2026-06-21,20260621T090020-0400,,,eq,84,85,0.0466520404,0.0466520404
B,nyc,2026-06-21,20260621T100051-0400,,,eq,84,85,0.121878048,0.121878048
B,nyc,2026-06-21,20260621T110204-0400,,,eq,84,85,0.105961052,0.105961052
B,nyc,2026-06-21,20260621T120622-0400,,,eq,84,85,0.11132861,0.11132861
B,nyc,2026-06-21,20260621T130224-0400,,,eq,84,85,0.0649454279,0.0649454279
B,nyc,2026-06-21,20260621T140819-0400,,,eq,84,85,0.0632346077,0.0632346077
B,nyc,2026-06-21,20260621T150019-0400,,,eq,84,85,0.0560483981,0.0560483981
B,nyc,2026-06-21,20260621T160025-0400,,,eq,84,85,0.0596438768,0.0596438768
B,nyc,2026-06-21,20260621T170019-0400,,,eq,84,85,0.502419968,0.502419968
B,nyc,2026-06-21,20260621T180020-0400,,,eq,84,85,0.0354465578,0.0354465578
B,nyc,2026-06-21,20260621T190031-0400,,,eq,84,85,0.99003321,0.99003321
B,nyc,2026-06-21,20260621T200023-0400,,,eq,84,85,0.996307636,0.996307636
B,nyc,2026-06-21,20260621T210030-0400,,,eq,84,85,0.998883263,0.998883263
B,nyc,2026-06-21,20260621T224710-0400,,,eq,84,85,0.996779081,0.996779081
B,nyc,2026-06-21,20260621T230645-0400,,,eq,84,85,0.996779081,0.996779081
B,nyc,2026-06-22,20260622T000103-0400,,,eq,72,73,0,0
B,nyc,2026-06-22,20260622T010034-0400,,,eq,72,73,0.0758025584,0.0758025584
B,nyc,2026-06-22,20260622T021025-0400,,,eq,72,73,0.0843538969,0.0843538969
B,nyc,2026-06-22,20260622T030024-0400,,,eq,72,73,0.0844008505,0.0844008505
B,nyc,2026-06-22,20260622T040020-0400,,,eq,72,73,0.0795527506,0.0795527506
B,nyc,2026-06-22,20260622T050320-0400,,,eq,72,73,0.059727605,0.059727605
B,nyc,2026-06-22,20260622T060123-0400,,,eq,72,73,0.0862181429,0.0862181429
B,nyc,2026-06-22,20260622T070024-0400,,,eq,72,73,0.0467007482,0.0467007482
B,nyc,2026-06-22,20260622T080222-0400,,,eq,72,73,0.0837086183,0.0837086183
B,nyc,2026-06-22,20260622T090023-0400,,,eq,72,73,0.0461785231,0.0461785231
B,nyc,2026-06-22,20260622T100028-0400,,,eq,72,73,0.0283085221,0.0283085221
B,nyc,2026-06-22,20260622T110038-0400,,,eq,72,73,0.0965251181,0.0965251181
B,nyc,2026-06-22,20260622T120806-0400,,,eq,72,73,0.171070229,0.171070229
B,nyc,2026-06-22,20260622T130419-0400,,,eq,72,73,0.212380246,0.212380246
B,nyc,2026-06-22,20260622T140220-0400,,,eq,72,73,0.0331647035,0.0331647035
B,nyc,2026-06-22,20260622T150230-0400,,,eq,72,73,0.901773045,0.901773045
B,nyc,2026-06-22,20260622T160422-0400,,,eq,72,73,0.514965655,0.514965655
B,nyc,2026-06-22,20260622T171249-0400,,,eq,72,73,0.958526199,0.958526199
B,nyc,2026-06-22,20260622T180016-0400,,,eq,72,73,0.959185718,0.959185718
B,nyc,2026-06-22,20260622T190324-0400,,,eq,72,73,0.998377164,0.998377164
B,nyc,2026-06-22,20260622T200450-0400,,,eq,72,73,0.991507381,0.991507381
B,nyc,2026-06-22,20260622T210452-0400,,,eq,72,73,0.991501631,0.991501631
B,nyc,2026-06-22,20260622T220335-0400,,,eq,72,73,0.99150163,0.99150163
B,nyc,2026-06-22,20260622T230529-0400,,,eq,72,73,0.99150163,0.99150163
B,nyc,2026-06-26,20260626T001021-0400,,,eq,82,83,0.21160244,0.21160244
B,nyc,2026-06-26,20260626T010913-0400,,,eq,82,83,0.28549005,0.28549005
B,nyc,2026-06-26,20260626T020918-0400,,,eq,82,83,0.274342177,0.274342177
B,nyc,2026-06-26,20260626T030916-0400,,,eq,82,83,0.224257875,0.224257875
B,nyc,2026-06-26,20260626T040914-0400,,,eq,82,83,0.17567411,0.17567411
B,nyc,2026-06-26,20260626T050913-0400,,,eq,82,83,0.185836527,0.185836527
B,nyc,2026-06-26,20260626T060915-0400,,,eq,82,83,0.18946877,0.18946877
B,nyc,2026-06-26,20260626T070527-0400,,,eq,82,83,0.198556756,0.198556756
B,nyc,2026-06-26,20260626T080028-0400,,,eq,82,83,0.185689554,0.185689554
B,nyc,2026-06-26,20260626T090517-0400,,,eq,82,83,0.181072615,0.181072615
B,nyc,2026-06-26,20260626T100254-0400,,,eq,82,83,0.198985879,0.198985879
B,nyc,2026-06-26,20260626T110403-0400,,,eq,82,83,0.157479373,0.157479373
B,nyc,2026-06-26,20260626T121358-0400,,,eq,82,83,0.194092055,0.194092055
B,nyc,2026-06-26,20260626T130400-0400,,,eq,82,83,0.142947634,0.142947634
B,nyc,2026-06-26,20260626T140541-0400,,,eq,82,83,0.171560338,0.171560338
B,nyc,2026-06-26,20260626T150617-0400,,,eq,82,83,0.385339676,0.385339676
B,nyc,2026-06-26,20260626T160620-0400,,,eq,82,83,0.515095657,0.515095657
B,nyc,2026-06-26,20260626T170557-0400,,,eq,82,83,0.783227262,0.783227262
B,nyc,2026-06-26,20260626T180616-0400,,,eq,82,83,0.746102987,0.746102987
B,nyc,2026-06-26,20260626T190616-0400,,,eq,82,83,0.988711504,0.988711504
B,nyc,2026-06-26,20260626T200618-0400,,,eq,82,83,0.995259275,0.995259275
B,nyc,2026-06-26,20260626T211621-0400,,,eq,82,83,0.998352636,0.998352636
B,nyc,2026-06-26,20260626T220628-0400,,,eq,82,83,0.998585327,0.998585327
B,nyc,2026-06-26,20260626T230619-0400,,,eq,82,83,0.998585327,0.998585327
B,nyc,2026-06-28,20260628T000225-0400,,,eq,82,83,0.368188821,0.368188821
B,nyc,2026-06-28,20260628T010222-0400,,,eq,82,83,0.347098692,0.347098692
B,nyc,2026-06-28,20260628T020230-0400,,,eq,82,83,0.305086951,0.305086951
B,nyc,2026-06-28,20260628T030225-0400,,,eq,82,83,0.305086951,0.305086951
B,nyc,2026-06-28,20260628T040232-0400,,,eq,82,83,0.255816448,0.255816448
B,nyc,2026-06-28,20260628T050221-0400,,,eq,82,83,0.263179645,0.263179645
B,nyc,2026-06-28,20260628T060217-0400,,,eq,82,83,0.235995414,0.235995414
B,nyc,2026-06-28,20260628T070218-0400,,,eq,82,83,0.263882777,0.263882777
B,nyc,2026-06-28,20260628T080220-0400,,,eq,82,83,0.155145115,0.155145115
B,nyc,2026-06-28,20260628T090219-0400,,,eq,82,83,0.207153105,0.207153105
B,nyc,2026-06-28,20260628T101222-0400,,,eq,82,83,0.194203729,0.194203729
B,nyc,2026-06-28,20260628T110259-0400,,,eq,82,83,0.281759743,0.281759743
B,nyc,2026-06-28,20260628T120230-0400,,,eq,82,83,0.482838887,0.482838887
B,nyc,2026-06-28,20260628T130226-0400,,,eq,82,83,0.263977732,0.263977732
B,nyc,2026-06-28,20260628T140219-0400,,,eq,82,83,0.237293314,0.237293314
B,nyc,2026-06-28,20260628T150226-0400,,,eq,82,83,0.515716663,0.515716663
B,nyc,2026-06-28,20260628T160228-0400,,,eq,82,83,0.0975658973,0.0975658973
B,nyc,2026-06-28,20260628T170221-0400,,,eq,82,83,0.98799632,0.98799632
B,nyc,2026-06-28,20260628T180410-0400,,,eq,82,83,0.411015233,0.411015233
B,nyc,2026-06-28,20260628T190424-0400,,,eq,82,83,0.0743828237,0.0743828237
B,nyc,2026-06-28,20260628T200343-0400,,,eq,82,83,0.0387930595,0.0387930595
B,nyc,2026-06-28,20260628T210457-0400,,,eq,82,83,0.0582320952,0.0582320952
B,nyc,2026-06-29,20260629T104144-0400,,,eq,86,87,0.174066795,0.174066795
B,nyc,2026-06-29,20260629T110045-0400,,,eq,86,87,0.219333385,0.219333385
B,nyc,2026-06-29,20260629T121045-0400,,,eq,86,87,0.266461518,0.266461518
B,nyc,2026-06-29,20260629T131434-0400,,,eq,86,87,0.209183509,0.209183509
B,nyc,2026-06-29,20260629T140931-0400,,,eq,86,87,0.429466962,0.429466962
B,nyc,2026-06-29,20260629T150450-0400,,,eq,86,87,0.303345462,0.303345462
B,nyc,2026-06-29,20260629T160901-0400,,,eq,86,87,0.238923411,0.238923411
B,nyc,2026-06-29,20260629T170448-0400,,,eq,86,87,0.512931545,0.512931545
B,nyc,2026-06-29,20260629T181651-0400,,,eq,86,87,0.139419607,0.139419607
B,nyc,2026-06-29,20260629T190308-0400,,,eq,86,87,0.0746840277,0.0746840277
B,nyc,2026-06-29,20260629T200237-0400,,,eq,86,87,0.010564548,0.010564548
B,nyc,2026-06-29,20260629T210205-0400,,,eq,86,87,0.00766304442,0.00766304442
B,nyc,2026-06-29,20260629T220917-0400,,,eq,86,87,0.00922572154,0.00922572154
B,nyc,2026-06-29,20260629T230404-0400,,,eq,86,87,0.00922572154,0.00922572154
B,nyc,2026-06-30,20260630T000234-0400,,,eq,90,91,0.349576503,0.349576503
B,nyc,2026-06-30,20260630T010559-0400,,,eq,90,91,0.349379447,0.349379447
B,nyc,2026-06-30,20260630T020032-0400,,,eq,90,91,0.349379447,0.349379447
B,nyc,2026-06-30,20260630T030429-0400,,,eq,90,91,0.346812011,0.346812011
B,nyc,2026-06-30,20260630T040804-0400,,,eq,90,91,0.309904393,0.309904393
B,nyc,2026-06-30,20260630T050229-0400,,,eq,90,91,0.309904393,0.309904393
B,nyc,2026-06-30,20260630T060552-0400,,,eq,90,91,0.337626748,0.337626748
B,nyc,2026-06-30,20260630T070016-0400,,,eq,90,91,0.346689492,0.346689492
B,nyc,2026-06-30,20260630T080657-0400,,,eq,90,91,0.416573395,0.416573395
B,nyc,2026-06-30,20260630T090127-0400,,,eq,90,91,0.217989581,0.217989581
B,nyc,2026-06-30,20260630T102223-0400,,,eq,90,91,0.212530936,0.212530936
B,nyc,2026-06-30,20260630T110816-0400,,,eq,90,91,0.388757459,0.388757459
B,nyc,2026-06-30,20260630T120759-0400,,,eq,90,91,0.308110643,0.308110643
B,nyc,2026-06-30,20260630T131525-0400,,,eq,90,91,0.664491038,0.664491038
B,nyc,2026-06-30,20260630T141423-0400,,,eq,90,91,0.768465851,0.768465851
B,nyc,2026-06-30,20260630T150535-0400,,,eq,90,91,0.410547185,0.410547185
B,nyc,2026-06-30,20260630T160018-0400,,,eq,90,91,0.132798199,0.132798199
B,nyc,2026-06-30,20260630T170351-0400,,,eq,90,91,0.940871965,0.940871965
B,nyc,2026-06-30,20260630T180718-0400,,,eq,90,91,0.926812259,0.926812259
B,nyc,2026-06-30,20260630T190148-0400,,,eq,90,91,0.973060189,0.973060189
B,nyc,2026-06-30,20260630T200207-0400,,,eq,90,91,0.139588155,0.139588155
B,nyc,2026-06-30,20260630T210541-0400,,,eq,90,91,0.0682383052,0.0682383052
B,nyc,2026-06-30,20260630T220013-0400,,,eq,90,91,0.0968484918,0.0968484918
B,nyc,2026-06-30,20260630T230409-0400,,,eq,90,91,0.0968484918,0.0968484918
B,san-francisco,2026-06-07,20260607T030459-0400,,,eq,66,67,0.630226664,0.630226664
B,san-francisco,2026-06-07,20260607T040618-0400,,,eq,66,67,0.463751774,0.463751774
B,san-francisco,2026-06-07,20260607T050738-0400,,,eq,66,67,0.463751621,0.463751621
B,san-francisco,2026-06-07,20260607T060838-0400,,,eq,66,67,0.299454085,0.299454085
B,san-francisco,2026-06-07,20260607T071020-0400,,,eq,66,67,0.352871778,0.352871778
B,san-francisco,2026-06-07,20260607T080127-0400,,,eq,66,67,0.468845106,0.468845106
B,san-francisco,2026-06-07,20260607T090239-0400,,,eq,66,67,0.462966181,0.462966181
B,san-francisco,2026-06-07,20260607T100400-0400,,,eq,66,67,0.477240988,0.477240988
B,san-francisco,2026-06-07,20260607T110504-0400,,,eq,66,67,0.380198894,0.380198894
B,san-francisco,2026-06-07,20260607T120711-0400,,,eq,66,67,0.700867135,0.700867135
B,san-francisco,2026-06-07,20260607T130923-0400,,,eq,66,67,0.637957384,0.637957384
B,san-francisco,2026-06-07,20260607T140137-0400,,,eq,66,67,0.474088919,0.474088919
B,san-francisco,2026-06-07,20260607T150324-0400,,,eq,66,67,0.341649308,0.341649308
B,san-francisco,2026-06-07,20260607T160509-0400,,,eq,66,67,0.553449975,0.553449975
B,san-francisco,2026-06-07,20260607T170754-0400,,,eq,66,67,0.97891349,0.97891349
B,san-francisco,2026-06-07,20260607T181031-0400,,,eq,66,67,0.964907712,0.964907712
B,san-francisco,2026-06-07,20260607T190222-0400,,,eq,66,67,0.498287028,0.498287028
B,san-francisco,2026-06-07,20260607T200354-0400,,,eq,66,67,0.927587879,0.927587879
B,san-francisco,2026-06-07,20260607T210541-0400,,,eq,66,67,0.991028524,0.991028524
B,san-francisco,2026-06-07,20260607T220719-0400,,,eq,66,67,0.997969248,0.997969248
B,san-francisco,2026-06-07,20260607T230929-0400,,,eq,66,67,0.997692458,0.997692458
B,san-francisco,2026-06-07,20260608T000107-0400,,,eq,66,67,0.998078558,0.998078558
B,san-francisco,2026-06-07,20260608T010242-0400,,,eq,66,67,0.998078558,0.998078558
B,san-francisco,2026-06-07,20260608T020410-0400,,,eq,66,67,0.998078558,0.998078558
B,san-francisco,2026-06-08,20260608T030556-0400,,,eq,64,65,0.485431021,0.485431021
B,san-francisco,2026-06-08,20260608T040717-0400,,,eq,64,65,0.552796502,0.552796502
B,san-francisco,2026-06-08,20260608T050856-0400,,,eq,64,65,0.552796461,0.552796461
B,san-francisco,2026-06-08,20260608T060046-0400,,,eq,64,65,0.531073638,0.531073638
B,san-francisco,2026-06-08,20260608T070225-0400,,,eq,64,65,0.380492343,0.380492343
B,san-francisco,2026-06-08,20260608T080400-0400,,,eq,64,65,0.440803735,0.440803735
B,san-francisco,2026-06-08,20260608T090551-0400,,,eq,64,65,0.410343456,0.410343456
B,san-francisco,2026-06-08,20260608T100750-0400,,,eq,64,65,0.532694923,0.532694923
B,san-francisco,2026-06-08,20260608T110933-0400,,,eq,64,65,0.833981831,0.833981831
B,san-francisco,2026-06-08,20260608T120124-0400,,,eq,64,65,0.773796957,0.773796957
B,san-francisco,2026-06-08,20260608T130317-0400,,,eq,64,65,0.796540065,0.796540065
B,san-francisco,2026-06-08,20260608T140518-0400,,,eq,64,65,0.885722422,0.885722422
B,san-francisco,2026-06-08,20260608T150726-0400,,,eq,64,65,0.837147101,0.837147101
B,san-francisco,2026-06-08,20260608T161015-0400,,,eq,64,65,0.857118141,0.857118141
B,san-francisco,2026-06-08,20260608T170241-0400,,,eq,64,65,0.987391201,0.987391201
B,san-francisco,2026-06-08,20260608T180451-0400,,,eq,64,65,0.999696355,0.999696355
B,san-francisco,2026-06-08,20260608T191536-0400,,,eq,64,65,0.989165345,0.989165345
B,san-francisco,2026-06-08,20260608T200651-0400,,,eq,64,65,0.999907296,0.999907296
B,san-francisco,2026-06-08,20260608T210821-0400,,,eq,64,65,0.999843859,0.999843859
B,san-francisco,2026-06-08,20260608T220952-0400,,,eq,64,65,0.998762292,0.998762292
B,san-francisco,2026-06-08,20260608T230138-0400,,,eq,64,65,0.998747498,0.998747498
B,san-francisco,2026-06-08,20260609T000300-0400,,,eq,64,65,0.996609214,0.996609214
B,san-francisco,2026-06-08,20260609T010437-0400,,,eq,64,65,0.996609214,0.996609214
B,san-francisco,2026-06-08,20260609T020606-0400,,,eq,64,65,0.996609214,0.996609214
B,san-francisco,2026-06-09,20260609T083453-0400,,,eq,66,67,0.573508869,0.573508869
B,san-francisco,2026-06-09,20260609T090613-0400,,,eq,66,67,0.578144526,0.578144526
B,san-francisco,2026-06-09,20260609T100748-0400,,,eq,66,67,0.589959344,0.589959344
B,san-francisco,2026-06-09,20260609T111128-0400,,,eq,66,67,0.578660231,0.578660231
B,san-francisco,2026-06-09,20260609T120726-0400,,,eq,66,67,0.769493866,0.769493866
B,san-francisco,2026-06-09,20260609T130415-0400,,,eq,66,67,0.931196305,0.931196305
B,san-francisco,2026-06-09,20260609T140605-0400,,,eq,66,67,0.201497659,0.201497659
B,san-francisco,2026-06-09,20260609T150759-0400,,,eq,66,67,0.659626162,0.659626162
B,san-francisco,2026-06-09,20260609T160935-0400,,,eq,66,67,0.855121733,0.855121733
B,san-francisco,2026-06-09,20260609T170137-0400,,,eq,66,67,0,0
B,san-francisco,2026-06-09,20260609T180320-0400,,,eq,66,67,0.958757763,0.958757763
B,san-francisco,2026-06-09,20260609T190447-0400,,,eq,66,67,0.497159468,0.497159468
B,san-francisco,2026-06-09,20260609T200630-0400,,,eq,66,67,0.857354215,0.857354215
B,san-francisco,2026-06-09,20260609T210756-0400,,,eq,66,67,0.995613684,0.995613684
B,san-francisco,2026-06-09,20260609T220918-0400,,,eq,66,67,0.998287421,0.998287421
B,san-francisco,2026-06-09,20260609T230055-0400,,,eq,66,67,0.998288277,0.998288277
B,san-francisco,2026-06-09,20260610T000204-0400,,,eq,66,67,0.99829069,0.99829069
B,san-francisco,2026-06-09,20260610T010315-0400,,,eq,66,67,0.998291285,0.998291285
B,san-francisco,2026-06-09,20260610T020442-0400,,,eq,66,67,0.998291063,0.998291063
B,san-francisco,2026-06-10,20260610T093744-0400,,,eq,78,79,0.0326605029,0.0326605029
B,san-francisco,2026-06-10,20260610T100833-0400,,,eq,78,79,0.0402250145,0.0402250145
B,san-francisco,2026-06-10,20260610T111008-0400,,,eq,78,79,0.105861736,0.105861736
B,san-francisco,2026-06-10,20260610T120406-0400,,,eq,78,79,0.127316484,0.127316484
B,san-francisco,2026-06-10,20260610T130611-0400,,,eq,78,79,0.333408352,0.333408352
B,san-francisco,2026-06-10,20260610T143349-0400,,,eq,78,79,0.0468095713,0.0468095713
B,san-francisco,2026-06-10,20260610T150509-0400,,,eq,78,79,0.48392859,0.48392859
B,san-francisco,2026-06-10,20260610T160747-0400,,,eq,78,79,0.659980618,0.659980618
B,san-francisco,2026-06-10,20260610T170959-0400,,,eq,78,79,0.996089306,0.996089306
B,san-francisco,2026-06-10,20260610T180156-0400,,,eq,78,79,0.951010843,0.951010843
B,san-francisco,2026-06-10,20260610T190348-0400,,,eq,78,79,0.270354327,0.270354327
B,san-francisco,2026-06-10,20260610T200522-0400,,,eq,78,79,0.895382873,0.895382873
B,san-francisco,2026-06-11,20260611T050203-0400,,,eq,90,91,0.00690838363,0.00690838363
B,san-francisco,2026-06-11,20260611T061216-0400,,,eq,90,91,0.0155662893,0.0155662893
B,san-francisco,2026-06-11,20260611T070053-0400,,,eq,90,91,0.00690416614,0.00690416614
B,san-francisco,2026-06-11,20260611T080409-0400,,,eq,90,91,0.0100918983,0.0100918983
B,san-francisco,2026-06-11,20260611T090615-0400,,,eq,90,91,0.0096608016,0.0096608016
B,san-francisco,2026-06-11,20260611T100754-0400,,,eq,90,91,0.015523787,0.015523787
B,san-francisco,2026-06-11,20260611T110345-0400,,,eq,90,91,0.0452769056,0.0452769056
B,san-francisco,2026-06-11,20260611T120547-0400,,,eq,90,91,0.00872159989,0.00872159989
B,san-francisco,2026-06-11,20260611T130718-0400,,,eq,90,91,0.023554629,0.023554629
B,san-francisco,2026-06-11,20260611T140957-0400,,,eq,90,91,0.0321356881,0.0321356881
B,san-francisco,2026-06-11,20260611T150158-0400,,,eq,90,91,0.49948112,0.49948112
B,san-francisco,2026-06-11,20260611T160427-0400,,,eq,90,91,0.330486891,0.330486891
B,san-francisco,2026-06-11,20260611T170625-0400,,,eq,90,91,0.963026348,0.963026348
B,san-francisco,2026-06-11,20260611T180833-0400,,,eq,90,91,0.996222399,0.996222399
B,san-francisco,2026-06-11,20260611T191009-0400,,,eq,90,91,0.285269664,0.285269664
B,san-francisco,2026-06-11,20260611T200238-0400,,,eq,90,91,0.997466524,0.997466524
B,san-francisco,2026-06-11,20260611T210557-0400,,,eq,90,91,0.99981262,0.99981262
B,san-francisco,2026-06-11,20260611T220738-0400,,,eq,90,91,0.999823941,0.999823941
B,san-francisco,2026-06-11,20260611T231023-0400,,,eq,90,91,0.999915481,0.999915481
B,san-francisco,2026-06-11,20260612T000137-0400,,,eq,90,91,0.999878963,0.999878963
B,san-francisco,2026-06-11,20260612T010310-0400,,,eq,90,91,0.999817955,0.999817955
B,san-francisco,2026-06-11,20260612T020457-0400,,,eq,90,91,0.999859574,0.999859574
B,san-francisco,2026-06-12,20260612T030618-0400,,,eq,70,71,0,0
B,san-francisco,2026-06-12,20260612T040741-0400,,,eq,70,71,0.147308641,0.147308641
B,san-francisco,2026-06-12,20260612T050859-0400,,,eq,70,71,0.143957588,0.143957588
B,san-francisco,2026-06-12,20260612T060040-0400,,,eq,70,71,0.153596014,0.153596014
B,san-francisco,2026-06-12,20260612T070219-0400,,,eq,70,71,0.152971364,0.152971364
B,san-francisco,2026-06-12,20260612T080401-0400,,,eq,70,71,0.149801888,0.149801888
B,san-francisco,2026-06-12,20260612T090645-0400,,,eq,70,71,0.153519763,0.153519763
B,san-francisco,2026-06-12,20260612T100835-0400,,,eq,70,71,0.127475414,0.127475414
B,san-francisco,2026-06-12,20260612T110001-0400,,,eq,70,71,0.0771498411,0.0771498411
B,san-francisco,2026-06-12,20260612T120151-0400,,,eq,70,71,0.103504053,0.103504053
B,san-francisco,2026-06-12,20260612T130337-0400,,,eq,70,71,0.0927632801,0.0927632801
B,san-francisco,2026-06-12,20260612T140519-0400,,,eq,70,71,0.144107535,0.144107535
B,san-francisco,2026-06-12,20260612T150707-0400,,,eq,70,71,4.76132288e-05,4.76132288e-05
B,san-francisco,2026-06-12,20260612T160914-0400,,,eq,70,71,0.00117855538,0.00117855538
B,san-francisco,2026-06-12,20260612T170059-0400,,,eq,70,71,0.0394731169,0.0394731169
B,san-francisco,2026-06-12,20260612T180257-0400,,,eq,70,71,0.0602105416,0.0602105416
B,san-francisco,2026-06-12,20260612T190430-0400,,,eq,70,71,0.18971983,0.18971983
B,san-francisco,2026-06-12,20260612T200657-0400,,,eq,70,71,0.839417652,0.839417652
B,san-francisco,2026-06-12,20260612T210920-0400,,,eq,70,71,0.994493971,0.994493971
B,san-francisco,2026-06-12,20260612T220104-0400,,,eq,70,71,0.998228014,0.998228014
B,san-francisco,2026-06-12,20260612T230259-0400,,,eq,70,71,0.998121327,0.998121327
B,san-francisco,2026-06-12,20260613T000429-0400,,,eq,70,71,0.998238729,0.998238729
B,san-francisco,2026-06-12,20260613T010605-0400,,,eq,70,71,0.998233122,0.998233122
B,san-francisco,2026-06-12,20260613T020731-0400,,,eq,70,71,0.998233144,0.998233144
B,san-francisco,2026-06-13,20260613T030857-0400,,,eq,70,71,0,0
B,san-francisco,2026-06-13,20260613T040019-0400,,,eq,70,71,0.159498477,0.159498477
B,san-francisco,2026-06-13,20260613T050157-0400,,,eq,70,71,0.141245138,0.141245138
B,san-francisco,2026-06-13,20260613T060308-0400,,,eq,70,71,0.156381498,0.156381498
B,san-francisco,2026-06-13,20260613T070428-0400,,,eq,70,71,0.140736075,0.140736075
B,san-francisco,2026-06-13,20260613T080617-0400,,,eq,70,71,0.138633471,0.138633471
B,san-francisco,2026-06-13,20260613T090742-0400,,,eq,70,71,0.1195687,0.1195687
B,san-francisco,2026-06-13,20260613T100910-0400,,,eq,70,71,0.0728931037,0.0728931037
B,san-francisco,2026-06-13,20260613T110109-0400,,,eq,70,71,0.103500086,0.103500086
B,san-francisco,2026-06-13,20260613T120740-0400,,,eq,70,71,0.174449337,0.174449337
B,san-francisco,2026-06-13,20260613T130955-0400,,,eq,70,71,0.188934632,0.188934632
B,san-francisco,2026-06-13,20260613T140139-0400,,,eq,70,71,0.136618968,0.136618968
B,san-francisco,2026-06-13,20260613T150255-0400,,,eq,70,71,0.393245068,0.393245068
B,san-francisco,2026-06-13,20260613T160435-0400,,,eq,70,71,0.135652995,0.135652995
B,san-francisco,2026-06-13,20260613T170636-0400,,,eq,70,71,0.570141047,0.570141047
B,san-francisco,2026-06-13,20260613T180849-0400,,,eq,70,71,0.0328181478,0.0328181478
B,san-francisco,2026-06-13,20260613T190102-0400,,,eq,70,71,0.0347145732,0.0347145732
B,san-francisco,2026-06-13,20260613T200343-0400,,,eq,70,71,0.828490869,0.828490869
B,san-francisco,2026-06-13,20260613T210536-0400,,,eq,70,71,0.983611436,0.983611436
B,san-francisco,2026-06-13,20260613T220055-0400,,,eq,70,71,0.998010307,0.998010307
B,san-francisco,2026-06-13,20260613T230240-0400,,,eq,70,71,0.997160954,0.997160954
B,san-francisco,2026-06-13,20260614T000805-0400,,,eq,70,71,0.998259641,0.998259641
B,san-francisco,2026-06-13,20260614T011011-0400,,,eq,70,71,0.998262162,0.998262162
B,san-francisco,2026-06-13,20260614T020143-0400,,,eq,70,71,0.998284626,0.998284626
B,san-francisco,2026-06-14,20260614T030327-0400,,,eq,74,75,0.0355123562,0.0355123562
B,san-francisco,2026-06-14,20260614T040005-0400,,,eq,74,75,0.0642107624,0.0642107624
B,san-francisco,2026-06-14,20260614T050556-0400,,,eq,74,75,0.0769677573,0.0769677573
B,san-francisco,2026-06-14,20260614T060726-0400,,,eq,74,75,0.0735986429,0.0735986429
B,san-francisco,2026-06-14,20260614T070022-0400,,,eq,74,75,0.0782206738,0.0782206738
B,san-francisco,2026-06-14,20260614T080903-0400,,,eq,74,75,0.0964109811,0.0964109811
B,san-francisco,2026-06-14,20260614T090112-0400,,,eq,74,75,0.0940491736,0.0940491736
B,san-francisco,2026-06-14,20260614T100248-0400,,,eq,74,75,0.0811234837,0.0811234837
B,san-francisco,2026-06-14,20260614T110017-0400,,,eq,74,75,0.12572417,0.12572417
B,san-francisco,2026-06-14,20260614T120121-0400,,,eq,74,75,0.121826207,0.121826207
B,san-francisco,2026-06-14,20260614T130023-0400,,,eq,74,75,0.110978805,0.110978805
B,san-francisco,2026-06-14,20260614T140017-0400,,,eq,74,75,0.101328775,0.101328775
B,san-francisco,2026-06-14,20260614T150011-0400,,,eq,74,75,0.300585607,0.300585607
B,san-francisco,2026-06-14,20260614T160136-0400,,,eq,74,75,0.382376819,0.382376819
B,san-francisco,2026-06-14,20260614T170249-0400,,,eq,74,75,0.326859605,0.326859605
B,san-francisco,2026-06-14,20260614T180407-0400,,,eq,74,75,0.0307836218,0.0307836218
B,san-francisco,2026-06-14,20260614T190618-0400,,,eq,74,75,0.278030402,0.278030402
B,san-francisco,2026-06-14,20260614T200749-0400,,,eq,74,75,0.802909946,0.802909946
B,san-francisco,2026-06-14,20260614T210059-0400,,,eq,74,75,0.979913324,0.979913324
B,san-francisco,2026-06-14,20260614T220127-0400,,,eq,74,75,0.996010226,0.996010226
B,san-francisco,2026-06-14,20260614T230024-0400,,,eq,74,75,0.997835949,0.997835949
B,san-francisco,2026-06-14,20260615T000123-0400,,,eq,74,75,0.997623648,0.997623648
B,san-francisco,2026-06-14,20260615T010544-0400,,,eq,74,75,0.998379439,0.998379439
B,san-francisco,2026-06-14,20260615T020142-0400,,,eq,74,75,0.998235573,0.998235573
B,san-francisco,2026-06-16,20260616T030630-0400,,,eq,70,71,0.24998775,0.24998775
B,san-francisco,2026-06-16,20260616T040031-0400,,,eq,70,71,0.415173094,0.415173094
B,san-francisco,2026-06-16,20260616T050541-0400,,,eq,70,71,0.415519544,0.415519544
B,san-francisco,2026-06-16,20260616T060412-0400,,,eq,70,71,0.467249389,0.467249389
B,san-francisco,2026-06-16,20260616T070420-0400,,,eq,70,71,0.324559242,0.324559242
B,san-francisco,2026-06-16,20260616T080527-0400,,,eq,70,71,0.294366498,0.294366498
B,san-francisco,2026-06-16,20260616T090557-0400,,,eq,70,71,0.310578177,0.310578177
B,san-francisco,2026-06-16,20260616T100246-0400,,,eq,70,71,0.366505539,0.366505539
B,san-francisco,2026-06-16,20260616T111611-0400,,,eq,70,71,0.380900574,0.380900574
B,san-francisco,2026-06-16,20260616T121547-0400,,,eq,70,71,0.419956774,0.419956774
B,san-francisco,2026-06-16,20260616T130519-0400,,,eq,70,71,0.146075751,0.146075751
B,san-francisco,2026-06-16,20260616T140517-0400,,,eq,70,71,0.314430021,0.314430021
B,san-francisco,2026-06-16,20260616T151551-0400,,,eq,70,71,0.341126614,0.341126614
B,san-francisco,2026-06-16,20260616T160615-0400,,,eq,70,71,0.496531152,0.496531152
B,san-francisco,2026-06-16,20260616T170623-0400,,,eq,70,71,0.604351006,0.604351006
B,san-francisco,2026-06-16,20260616T180306-0400,,,eq,70,71,0.435109446,0.435109446
B,san-francisco,2026-06-16,20260616T190255-0400,,,eq,70,71,0.542860092,0.542860092
B,san-francisco,2026-06-16,20260616T200141-0400,,,eq,70,71,0.970962557,0.970962557
B,san-francisco,2026-06-16,20260616T210139-0400,,,eq,70,71,0.998253436,0.998253436
B,san-francisco,2026-06-16,20260616T220245-0400,,,eq,70,71,0.999849719,0.999849719
B,san-francisco,2026-06-16,20260616T230048-0400,,,eq,70,71,0.999839895,0.999839895
B,san-francisco,2026-06-16,20260617T000032-0400,,,eq,70,71,0.999843629,0.999843629
B,san-francisco,2026-06-16,20260617T010033-0400,,,eq,70,71,0.999844484,0.999844484
B,san-francisco,2026-06-16,20260617T020248-0400,,,eq,70,71,0.999827569,0.999827569
B,san-francisco,2026-06-19,20260619T030801-0400,,,eq,70,71,0.889865745,0.889865745
B,san-francisco,2026-06-19,20260619T040141-0400,,,eq,70,71,0.137174028,0.137174028
B,san-francisco,2026-06-19,20260619T050240-0400,,,eq,70,71,0.141124392,0.141124392
B,san-francisco,2026-06-19,20260619T060237-0400,,,eq,70,71,0.277343226,0.277343226
B,san-francisco,2026-06-19,20260619T070132-0400,,,eq,70,71,0.302694922,0.302694922
B,san-francisco,2026-06-19,20260619T080519-0400,,,eq,70,71,0.254687382,0.254687382
B,san-francisco,2026-06-19,20260619T090214-0400,,,eq,70,71,0.288340081,0.288340081
B,san-francisco,2026-06-19,20260619T100250-0400,,,eq,70,71,0.135552699,0.135552699
B,san-francisco,2026-06-19,20260619T110258-0400,,,eq,70,71,0.117081898,0.117081898
B,san-francisco,2026-06-19,20260619T120250-0400,,,eq,70,71,0.0807691692,0.0807691692
B,san-francisco,2026-06-19,20260619T130334-0400,,,eq,70,71,0.393200307,0.393200307
B,san-francisco,2026-06-19,20260619T140042-0400,,,eq,70,71,0.365073853,0.365073853
B,san-francisco,2026-06-19,20260619T150257-0400,,,eq,70,71,0.0895354815,0.0895354815
B,san-francisco,2026-06-19,20260619T160406-0400,,,eq,70,71,0.100644006,0.100644006
B,san-francisco,2026-06-19,20260619T170048-0400,,,eq,70,71,0.566105345,0.566105345
B,san-francisco,2026-06-19,20260619T180248-0400,,,eq,70,71,0.148881225,0.148881225
B,san-francisco,2026-06-19,20260619T190025-0400,,,eq,70,71,0.549104684,0.549104684
B,san-francisco,2026-06-19,20260619T201138-0400,,,eq,70,71,0.956402679,0.956402679
B,san-francisco,2026-06-19,20260619T210003-0400,,,eq,70,71,0.999290799,0.999290799
B,san-francisco,2026-06-19,20260619T220727-0400,,,eq,70,71,0.999990114,0.999990114
B,san-francisco,2026-06-19,20260619T230718-0400,,,eq,70,71,0.999989048,0.999989048
B,san-francisco,2026-06-19,20260620T000557-0400,,,eq,70,71,0.999987996,0.999987996
B,san-francisco,2026-06-19,20260620T010553-0400,,,eq,70,71,0.999987996,0.999987996
B,san-francisco,2026-06-19,20260620T020554-0400,,,eq,70,71,0.999987996,0.999987996
B,san-francisco,2026-06-20,20260620T030557-0400,,,eq,70,71,0.195468082,0.195468082
B,san-francisco,2026-06-20,20260620T040542-0400,,,eq,70,71,0.101381642,0.101381642
B,san-francisco,2026-06-20,20260620T051555-0400,,,eq,70,71,0.10256643,0.10256643
B,san-francisco,2026-06-20,20260620T060554-0400,,,eq,70,71,0.0975595383,0.0975595383
B,san-francisco,2026-06-20,20260620T070552-0400,,,eq,70,71,0.083939157,0.083939157
B,san-francisco,2026-06-20,20260620T080549-0400,,,eq,70,71,0.0818119606,0.0818119606
B,san-francisco,2026-06-20,20260620T090600-0400,,,eq,70,71,0.0754489479,0.0754489479
B,san-francisco,2026-06-20,20260620T100715-0400,,,eq,70,71,0.0843317648,0.0843317648
B,san-francisco,2026-06-20,20260620T110050-0400,,,eq,70,71,0.0631235009,0.0631235009
B,san-francisco,2026-06-20,20260620T121631-0400,,,eq,70,71,0.0753746211,0.0753746211
B,san-francisco,2026-06-20,20260620T130135-0400,,,eq,70,71,0.188067775,0.188067775
B,san-francisco,2026-06-20,20260620T140048-0400,,,eq,70,71,0.157704458,0.157704458
B,san-francisco,2026-06-20,20260620T150051-0400,,,eq,70,71,0.119753278,0.119753278
B,san-francisco,2026-06-20,20260620T161048-0400,,,eq,70,71,0.0395101196,0.0395101196
B,san-francisco,2026-06-20,20260620T170103-0400,,,eq,70,71,0.0355380639,0.0355380639
B,san-francisco,2026-06-20,20260620T180013-0400,,,eq,70,71,0.561659594,0.561659594
B,san-francisco,2026-06-20,20260620T190224-0400,,,eq,70,71,0.887256475,0.887256475
B,san-francisco,2026-06-20,20260620T200024-0400,,,eq,70,71,0.969792559,0.969792559
B,san-francisco,2026-06-20,20260620T210024-0400,,,eq,70,71,0.989808163,0.989808163
B,san-francisco,2026-06-20,20260620T220127-0400,,,eq,70,71,0.9972736,0.9972736
B,san-francisco,2026-06-20,20260620T230015-0400,,,eq,70,71,0.995848466,0.995848466
B,san-francisco,2026-06-20,20260621T000030-0400,,,eq,70,71,0.996925534,0.996925534
B,san-francisco,2026-06-20,20260621T010101-0400,,,eq,70,71,0.996919495,0.996919495
B,san-francisco,2026-06-20,20260621T020015-0400,,,eq,70,71,0.996918861,0.996918861
B,san-francisco,2026-06-21,20260621T030458-0400,,,eq,68,69,0.49725608,0.49725608
B,san-francisco,2026-06-21,20260621T040021-0400,,,eq,68,69,0.386989341,0.386989341
B,san-francisco,2026-06-21,20260621T050035-0400,,,eq,68,69,0.312862134,0.312862134
B,san-francisco,2026-06-21,20260621T060034-0400,,,eq,68,69,0.357115175,0.357115175
B,san-francisco,2026-06-21,20260621T070102-0400,,,eq,68,69,0.380232592,0.380232592
B,san-francisco,2026-06-21,20260621T080003-0400,,,eq,68,69,0.191018415,0.191018415
B,san-francisco,2026-06-21,20260621T090054-0400,,,eq,68,69,0.187261263,0.187261263
B,san-francisco,2026-06-21,20260621T100024-0400,,,eq,68,69,0.497416701,0.497416701
B,san-francisco,2026-06-21,20260621T110359-0400,,,eq,68,69,0.495685148,0.495685148
B,san-francisco,2026-06-21,20260621T120034-0400,,,eq,68,69,0.596121687,0.596121687
B,san-francisco,2026-06-21,20260621T130301-0400,,,eq,68,69,0.26170039,0.26170039
B,san-francisco,2026-06-21,20260621T141257-0400,,,eq,68,69,0.391365737,0.391365737
B,san-francisco,2026-06-21,20260621T150024-0400,,,eq,68,69,0.41603587,0.41603587
B,san-francisco,2026-06-21,20260621T160106-0400,,,eq,68,69,0.345751541,0.345751541
B,san-francisco,2026-06-21,20260621T170053-0400,,,eq,68,69,0.161416171,0.161416171
B,san-francisco,2026-06-21,20260621T180100-0400,,,eq,68,69,0.33271008,0.33271008
B,san-francisco,2026-06-21,20260621T190036-0400,,,eq,68,69,0.234671025,0.234671025
B,san-francisco,2026-06-21,20260621T200118-0400,,,eq,68,69,0.820029507,0.820029507
B,san-francisco,2026-06-21,20260621T210154-0400,,,eq,68,69,0.991785856,0.991785856
B,san-francisco,2026-06-21,20260621T225532-0400,,,eq,68,69,0.998168824,0.998168824
B,san-francisco,2026-06-21,20260621T230846-0400,,,eq,68,69,0.996735431,0.996735431
B,san-francisco,2026-06-21,20260622T000221-0400,,,eq,68,69,0.996743801,0.996743801
B,san-francisco,2026-06-21,20260622T010331-0400,,,eq,68,69,0.994111509,0.994111509
B,san-francisco,2026-06-21,20260622T020650-0400,,,eq,68,69,0.994111509,0.994111509
B,san-francisco,2026-06-22,20260622T030107-0400,,,eq,66,67,0.372196515,0.372196515
B,san-francisco,2026-06-22,20260622T040036-0400,,,eq,66,67,0.462560035,0.462560035
B,san-francisco,2026-06-22,20260622T050041-0400,,,eq,66,67,0.471761139,0.471761139
B,san-francisco,2026-06-22,20260622T061051-0400,,,eq,66,67,0.522197334,0.522197334
B,san-francisco,2026-06-22,20260622T070057-0400,,,eq,66,67,0.522197334,0.522197334
B,san-francisco,2026-06-22,20260622T081103-0400,,,eq,66,67,0.538668865,0.538668865
B,san-francisco,2026-06-22,20260622T090100-0400,,,eq,66,67,0.472179087,0.472179087
B,san-francisco,2026-06-22,20260622T100101-0400,,,eq,66,67,0.494157104,0.494157104
B,san-francisco,2026-06-22,20260622T110128-0400,,,eq,66,67,0.522540909,0.522540909
B,san-francisco,2026-06-22,20260622T121055-0400,,,eq,66,67,0.471517873,0.471517873
B,san-francisco,2026-06-22,20260622T130449-0400,,,eq,66,67,0.531338739,0.531338739
B,san-francisco,2026-06-22,20260622T140510-0400,,,eq,66,67,0.574758197,0.574758197
B,san-francisco,2026-06-22,20260622T150447-0400,,,eq,66,67,0.773231765,0.773231765
B,san-francisco,2026-06-22,20260622T160901-0400,,,eq,66,67,0.846078779,0.846078779
B,san-francisco,2026-06-22,20260622T172103-0400,,,eq,66,67,0.924703545,0.924703545
B,san-francisco,2026-06-22,20260622T180141-0400,,,eq,66,67,0.884952176,0.884952176
B,san-francisco,2026-06-22,20260622T190929-0400,,,eq,66,67,0.475765834,0.475765834
B,san-francisco,2026-06-22,20260622T200645-0400,,,eq,66,67,0.881763905,0.881763905
B,san-francisco,2026-06-22,20260622T211553-0400,,,eq,66,67,0.996816188,0.996816188
B,san-francisco,2026-06-22,20260622T221216-0400,,,eq,66,67,0.999954583,0.999954583
B,san-francisco,2026-06-22,20260622T230141-0400,,,eq,66,67,0.999771287,0.999771287
B,san-francisco,2026-06-22,20260623T000532-0400,,,eq,66,67,0.999690851,0.999690851
B,san-francisco,2026-06-22,20260623T010513-0400,,,eq,66,67,0.999690851,0.999690851
B,san-francisco,2026-06-22,20260623T020537-0400,,,eq,66,67,0.999684978,0.999684978
B,san-francisco,2026-06-26,20260626T031000-0400,,,eq,68,69,0.217259705,0.217259705
B,san-francisco,2026-06-26,20260626T040034-0400,,,eq,68,69,0.367229569,0.367229569
B,san-francisco,2026-06-26,20260626T050939-0400,,,eq,68,69,0.367229569,0.367229569
B,san-francisco,2026-06-26,20260626T060834-0400,,,eq,68,69,0.22542129,0.22542129
B,san-francisco,2026-06-26,20260626T070839-0400,,,eq,68,69,0.347978473,0.347978473
B,san-francisco,2026-06-26,20260626T080841-0400,,,eq,68,69,0.311979943,0.311979943
B,san-francisco,2026-06-26,20260626T090911-0400,,,eq,68,69,0.250226587,0.250226587
B,san-francisco,2026-06-26,20260626T100904-0400,,,eq,68,69,0.302440939,0.302440939
B,san-francisco,2026-06-26,20260626T110123-0400,,,eq,68,69,0.27681172,0.27681172
B,san-francisco,2026-06-26,20260626T120856-0400,,,eq,68,69,0.391925458,0.391925458
B,san-francisco,2026-06-26,20260626T130447-0400,,,eq,68,69,0.196296987,0.196296987
B,san-francisco,2026-06-26,20260626T141656-0400,,,eq,68,69,0.26778662,0.26778662
B,san-francisco,2026-06-26,20260626T150703-0400,,,eq,68,69,0.229264674,0.229264674
B,san-francisco,2026-06-26,20260626T160722-0400,,,eq,68,69,0.313704693,0.313704693
B,san-francisco,2026-06-26,20260626T170709-0400,,,eq,68,69,0.494872374,0.494872374
B,san-francisco,2026-06-26,20260626T180009-0400,,,eq,68,69,0.982287558,0.982287558
B,san-francisco,2026-06-26,20260626T190011-0400,,,eq,68,69,0.930525371,0.930525371
B,san-francisco,2026-06-26,20260626T200016-0400,,,eq,68,69,0.959689317,0.959689317
B,san-francisco,2026-06-26,20260626T210147-0400,,,eq,68,69,0.999896983,0.999896983
B,san-francisco,2026-06-26,20260626T220756-0400,,,eq,68,69,0.999982683,0.999982683
B,san-francisco,2026-06-26,20260626T230722-0400,,,eq,68,69,0.999979634,0.999979634
B,san-francisco,2026-06-26,20260627T000045-0400,,,eq,68,69,0.999979564,0.999979564
B,san-francisco,2026-06-26,20260627T011905-0400,,,eq,68,69,0.999979564,0.999979564
B,san-francisco,2026-06-26,20260627T021959-0400,,,eq,68,69,0.992773938,0.992773938
B,san-francisco,2026-06-28,20260628T030315-0400,,,eq,72,73,0.114657623,0.114657623
B,san-francisco,2026-06-28,20260628T040315-0400,,,eq,72,73,0.111650563,0.111650563
B,san-francisco,2026-06-28,20260628T050253-0400,,,eq,72,73,0.111650563,0.111650563
B,san-francisco,2026-06-28,20260628T060300-0400,,,eq,72,73,0.11536566,0.11536566
B,san-francisco,2026-06-28,20260628T070252-0400,,,eq,72,73,0.0805751178,0.0805751178
B,san-francisco,2026-06-28,20260628T080301-0400,,,eq,72,73,0.120607673,0.120607673
B,san-francisco,2026-06-28,20260628T090309-0400,,,eq,72,73,0.120607673,0.120607673
B,san-francisco,2026-06-28,20260628T101304-0400,,,eq,72,73,0.131278277,0.131278277
B,san-francisco,2026-06-28,20260628T110014-0400,,,eq,72,73,0.258733239,0.258733239
B,san-francisco,2026-06-28,20260628T120048-0400,,,eq,72,73,0.15914739,0.15914739
B,san-francisco,2026-06-28,20260628T130608-0400,,,eq,72,73,0.142671057,0.142671057
B,san-francisco,2026-06-28,20260628T140258-0400,,,eq,72,73,0.123256898,0.123256898
B,san-francisco,2026-06-28,20260628T150330-0400,,,eq,72,73,0.8035939,0.8035939
B,san-francisco,2026-06-28,20260628T160313-0400,,,eq,72,73,0.794856751,0.794856751
B,san-francisco,2026-06-28,20260628T170254-0400,,,eq,72,73,0.517461382,0.517461382
B,san-francisco,2026-06-28,20260628T180903-0400,,,eq,72,73,0.739173799,0.739173799
B,san-francisco,2026-06-28,20260628T190046-0400,,,eq,72,73,0.277894988,0.277894988
B,san-francisco,2026-06-28,20260628T201255-0400,,,eq,72,73,0.25699629,0.25699629
B,san-francisco,2026-06-28,20260628T210049-0400,,,eq,72,73,0.089519729,0.089519729
B,san-francisco,2026-06-29,20260629T104150-0400,,,eq,72,73,0.0660321761,0.0660321761
B,san-francisco,2026-06-29,20260629T110048-0400,,,eq,72,73,0.112405322,0.112405322
B,san-francisco,2026-06-29,20260629T121050-0400,,,eq,72,73,0.0755623815,0.0755623815
B,san-francisco,2026-06-29,20260629T130359-0400,,,eq,72,73,0.0882022008,0.0882022008
B,san-francisco,2026-06-29,20260629T141042-0400,,,eq,72,73,0.0631384643,0.0631384643
B,san-francisco,2026-06-29,20260629T150454-0400,,,eq,72,73,0.0610762964,0.0610762964
B,san-francisco,2026-06-29,20260629T160003-0400,,,eq,72,73,0.592012002,0.592012002
B,san-francisco,2026-06-29,20260629T170455-0400,,,eq,72,73,0.668366534,0.668366534
B,san-francisco,2026-06-29,20260629T181902-0400,,,eq,72,73,0.924603565,0.924603565
B,san-francisco,2026-06-29,20260629T190523-0400,,,eq,72,73,0.41894243,0.41894243
B,san-francisco,2026-06-29,20260629T200005-0400,,,eq,72,73,0.200294195,0.200294195
B,san-francisco,2026-06-29,20260629T210235-0400,,,eq,72,73,0.719304968,0.719304968
B,san-francisco,2026-06-29,20260629T220005-0400,,,eq,72,73,0.0967793326,0.0967793326
B,san-francisco,2026-06-29,20260629T230006-0400,,,eq,72,73,0.055787463,0.055787463
B,san-francisco,2026-06-29,20260630T000246-0400,,,eq,72,73,0.0512199406,0.0512199406
B,san-francisco,2026-06-29,20260630T010633-0400,,,eq,72,73,0.0464583657,0.0464583657
B,san-francisco,2026-06-29,20260630T020116-0400,,,eq,72,73,0.0464583657,0.0464583657
B,san-francisco,2026-06-30,20260630T030402-0400,,,eq,72,73,0.095832279,0.095832279
B,san-francisco,2026-06-30,20260630T040009-0400,,,eq,72,73,0.0954481751,0.0954481751
B,san-francisco,2026-06-30,20260630T050150-0400,,,eq,72,73,0.0921109429,0.0921109429
B,san-francisco,2026-06-30,20260630T060515-0400,,,eq,72,73,0.0998550519,0.0998550519
B,san-francisco,2026-06-30,20260630T070840-0400,,,eq,72,73,0.0998550519,0.0998550519
B,san-francisco,2026-06-30,20260630T080004-0400,,,eq,72,73,0.116913245,0.116913245
B,san-francisco,2026-06-30,20260630T090012-0400,,,eq,72,73,0.116913245,0.116913245
B,san-francisco,2026-06-30,20260630T102247-0400,,,eq,72,73,0.167784153,0.167784153
B,san-francisco,2026-06-30,20260630T110858-0400,,,eq,72,73,0.250476156,0.250476156
B,san-francisco,2026-06-30,20260630T121104-0400,,,eq,72,73,0.129864642,0.129864642
B,san-francisco,2026-06-30,20260630T131029-0400,,,eq,72,73,0.285676997,0.285676997
B,san-francisco,2026-06-30,20260630T140751-0400,,,eq,72,73,0.138208592,0.138208592
B,san-francisco,2026-06-30,20260630T150318-0400,,,eq,72,73,0.140187228,0.140187228
B,san-francisco,2026-06-30,20260630T160657-0400,,,eq,72,73,0.0983370308,0.0983370308
B,san-francisco,2026-06-30,20260630T170123-0400,,,eq,72,73,0.060920707,0.060920707
B,san-francisco,2026-06-30,20260630T180451-0400,,,eq,72,73,0.998438762,0.998438762
B,san-francisco,2026-06-30,20260630T191042-0400,,,eq,72,73,0.244088622,0.244088622
B,san-francisco,2026-06-30,20260630T200617-0400,,,eq,72,73,0.532040575,0.532040575
B,san-francisco,2026-06-30,20260630T210009-0400,,,eq,72,73,0.241691493,0.241691493
B,san-francisco,2026-06-30,20260630T220014-0400,,,eq,72,73,0.0480152328,0.0480152328
B,san-francisco,2026-06-30,20260630T230016-0400,,,eq,72,73,0.0434491531,0.0434491531
B,san-francisco,2026-06-30,20260701T000302-0400,,,eq,72,73,0.0395373065,0.0395373065
B,san-francisco,2026-06-30,20260701T010652-0400,,,eq,72,73,0.0389742896,0.0389742896
B,san-francisco,2026-06-30,20260701T020141-0400,,,eq,72,73,0.0677906208,0.0677906208
B,seattle,2026-06-07,20260607T030500-0400,,,eq,64,65,0.402642778,0.402642778
B,seattle,2026-06-07,20260607T040619-0400,,,eq,64,65,0.0344136474,0.0344136474
B,seattle,2026-06-07,20260607T050739-0400,,,eq,64,65,0.05481047,0.05481047
B,seattle,2026-06-07,20260607T060839-0400,,,eq,64,65,0.181251197,0.181251197
B,seattle,2026-06-07,20260607T071021-0400,,,eq,64,65,0.107361121,0.107361121
B,seattle,2026-06-07,20260607T080128-0400,,,eq,64,65,0.4851815,0.4851815
B,seattle,2026-06-07,20260607T090240-0400,,,eq,64,65,0.545996953,0.545996953
B,seattle,2026-06-07,20260607T100400-0400,,,eq,64,65,0.404744859,0.404744859
B,seattle,2026-06-07,20260607T110505-0400,,,eq,64,65,0.461220154,0.461220154
B,seattle,2026-06-07,20260607T120712-0400,,,eq,64,65,0.768758323,0.768758323
B,seattle,2026-06-07,20260607T130924-0400,,,eq,64,65,0.709585238,0.709585238
B,seattle,2026-06-07,20260607T140138-0400,,,eq,64,65,0.847724699,0.847724699
B,seattle,2026-06-07,20260607T150325-0400,,,eq,64,65,0.845407196,0.845407196
B,seattle,2026-06-07,20260607T160510-0400,,,eq,64,65,0.833839683,0.833839683
B,seattle,2026-06-07,20260607T170756-0400,,,eq,64,65,0.697952042,0.697952042
B,seattle,2026-06-07,20260607T181033-0400,,,eq,64,65,0.844017209,0.844017209
B,seattle,2026-06-07,20260607T190223-0400,,,eq,64,65,0.626463912,0.626463912
B,seattle,2026-06-07,20260607T200355-0400,,,eq,64,65,0.362209591,0.362209591
B,seattle,2026-06-07,20260607T210542-0400,,,eq,64,65,0.93661501,0.93661501
B,seattle,2026-06-07,20260607T220720-0400,,,eq,64,65,0.989371786,0.989371786
B,seattle,2026-06-07,20260607T230930-0400,,,eq,64,65,0.996040223,0.996040223
B,seattle,2026-06-07,20260608T000109-0400,,,eq,64,65,0.997007712,0.997007712
B,seattle,2026-06-07,20260608T010243-0400,,,eq,64,65,0.997007712,0.997007712
B,seattle,2026-06-07,20260608T020411-0400,,,eq,64,65,0.997007712,0.997007712
B,seattle,2026-06-08,20260608T030557-0400,,,eq,60,61,0,0
B,seattle,2026-06-08,20260608T040719-0400,,,eq,60,61,0.491757149,0.491757149
B,seattle,2026-06-08,20260608T050857-0400,,,eq,60,61,0.829444904,0.829444904
B,seattle,2026-06-08,20260608T060047-0400,,,eq,60,61,0.67119762,0.67119762
B,seattle,2026-06-08,20260608T070226-0400,,,eq,60,61,0.804140441,0.804140441
B,seattle,2026-06-08,20260608T080401-0400,,,eq,60,61,0.829805796,0.829805796
B,seattle,2026-06-08,20260608T090552-0400,,,eq,60,61,0.726184505,0.726184505
B,seattle,2026-06-08,20260608T100751-0400,,,eq,60,61,0.749181454,0.749181454
B,seattle,2026-06-08,20260608T110934-0400,,,eq,60,61,0.254909232,0.254909232
B,seattle,2026-06-08,20260608T120133-0400,,,eq,60,61,0.175396391,0.175396391
B,seattle,2026-06-08,20260608T130319-0400,,,eq,60,61,0.332850726,0.332850726
B,seattle,2026-06-08,20260608T140519-0400,,,eq,60,61,0.44144526,0.44144526
B,seattle,2026-06-08,20260608T150727-0400,,,eq,60,61,0.931955239,0.931955239
B,seattle,2026-06-08,20260608T161019-0400,,,eq,60,61,0.990263957,0.990263957
B,seattle,2026-06-08,20260608T170242-0400,,,eq,60,61,0.189611482,0.189611482
B,seattle,2026-06-08,20260608T180453-0400,,,eq,60,61,0.348760221,0.348760221
B,seattle,2026-06-08,20260608T191537-0400,,,eq,60,61,0.866153493,0.866153493
B,seattle,2026-06-08,20260608T200653-0400,,,eq,60,61,0.992344857,0.992344857
B,seattle,2026-06-08,20260608T210822-0400,,,eq,60,61,0.99328166,0.99328166
B,seattle,2026-06-08,20260608T220953-0400,,,eq,60,61,0.993977733,0.993977733
B,seattle,2026-06-08,20260608T230139-0400,,,eq,60,61,0.993980425,0.993980425
B,seattle,2026-06-08,20260609T000301-0400,,,eq,60,61,0.992946403,0.992946403
B,seattle,2026-06-08,20260609T010438-0400,,,eq,60,61,0.992946403,0.992946403
B,seattle,2026-06-08,20260609T020607-0400,,,eq,60,61,0.992946403,0.992946403
B,seattle,2026-06-09,20260609T083455-0400,,,eq,62,63,0.0730941213,0.0730941213
B,seattle,2026-06-09,20260609T090615-0400,,,eq,62,63,0.0620427859,0.0620427859
B,seattle,2026-06-09,20260609T100750-0400,,,eq,62,63,0.367770306,0.367770306
B,seattle,2026-06-09,20260609T111130-0400,,,eq,62,63,0.329365976,0.329365976
B,seattle,2026-06-09,20260609T120727-0400,,,eq,62,63,0.310693909,0.310693909
B,seattle,2026-06-09,20260609T130416-0400,,,eq,62,63,0.187985898,0.187985898
B,seattle,2026-06-09,20260609T140606-0400,,,eq,62,63,0.129542705,0.129542705
B,seattle,2026-06-09,20260609T150800-0400,,,eq,62,63,0.718400821,0.718400821
B,seattle,2026-06-09,20260609T160936-0400,,,eq,62,63,0.701490063,0.701674053
B,seattle,2026-06-09,20260609T170138-0400,,,eq,62,63,0.93908009,0.93908009
B,seattle,2026-06-09,20260609T180321-0400,,,eq,62,63,0.446143031,0.446143031
B,seattle,2026-06-09,20260609T190448-0400,,,eq,62,63,0.731723722,0.731723722
B,seattle,2026-06-09,20260609T200631-0400,,,eq,62,63,0.938025964,0.938025964
B,seattle,2026-06-09,20260609T210758-0400,,,eq,62,63,0.996508391,0.996508391
B,seattle,2026-06-09,20260609T220919-0400,,,eq,62,63,0.997204545,0.997204545
B,seattle,2026-06-09,20260609T230057-0400,,,eq,62,63,0.996736822,0.996736822
B,seattle,2026-06-09,20260610T000205-0400,,,eq,62,63,0.997160252,0.997160252
B,seattle,2026-06-09,20260610T010316-0400,,,eq,62,63,0.997160252,0.997160252
B,seattle,2026-06-09,20260610T020443-0400,,,eq,62,63,0.997160252,0.997160252
B,seattle,2026-06-10,20260610T093745-0400,,,eq,66,67,0.129485472,0.129485472
B,seattle,2026-06-10,20260610T100834-0400,,,eq,66,67,0.0375413896,0.0375413896
B,seattle,2026-06-10,20260610T111013-0400,,,eq,66,67,0.0333323419,0.0333323419
B,seattle,2026-06-10,20260610T120407-0400,,,eq,66,67,0.0191210929,0.0191210929
B,seattle,2026-06-10,20260610T130612-0400,,,eq,66,67,0.0159485102,0.0159485102
B,seattle,2026-06-10,20260610T143351-0400,,,eq,66,67,0.0125347755,0.0125347755
B,seattle,2026-06-10,20260610T150510-0400,,,eq,66,67,0.0125922526,0.0125922526
B,seattle,2026-06-10,20260610T160749-0400,,,eq,66,67,0.183776626,0.183776626
B,seattle,2026-06-10,20260610T171000-0400,,,eq,66,67,0.586862931,0.586862931
B,seattle,2026-06-10,20260610T180157-0400,,,eq,66,67,0.924853629,0.924853629
B,seattle,2026-06-10,20260610T190349-0400,,,eq,66,67,0.920780548,0.920780548
B,seattle,2026-06-10,20260610T200523-0400,,,eq,66,67,0.97220262,0.97220262
B,seattle,2026-06-11,20260611T050206-0400,,,eq,72,73,0.000447289675,0.000447289675
B,seattle,2026-06-11,20260611T061244-0400,,,eq,72,73,0.0282758018,0.0282758018
B,seattle,2026-06-11,20260611T070053-0400,,,eq,72,73,0.0128807645,0.0128807645
B,seattle,2026-06-11,20260611T080410-0400,,,eq,72,73,0.074921181,0.074921181
B,seattle,2026-06-11,20260611T090616-0400,,,eq,72,73,0.0638543386,0.0638543386
B,seattle,2026-06-11,20260611T100755-0400,,,eq,72,73,0.0860234224,0.0860234224
B,seattle,2026-06-11,20260611T110346-0400,,,eq,72,73,0.0598296971,0.0598296971
B,seattle,2026-06-11,20260611T120548-0400,,,eq,72,73,0.0266631354,0.0266631354
B,seattle,2026-06-11,20260611T130719-0400,,,eq,72,73,0.0504149477,0.0504149477
B,seattle,2026-06-11,20260611T140959-0400,,,eq,72,73,0.0512617835,0.0512617835
B,seattle,2026-06-11,20260611T150159-0400,,,eq,72,73,0.029061253,0.029061253
B,seattle,2026-06-11,20260611T160429-0400,,,eq,72,73,0.0411419264,0.0411419264
B,seattle,2026-06-11,20260611T170627-0400,,,eq,72,73,0.0280554651,0.0280554651
B,seattle,2026-06-11,20260611T180834-0400,,,eq,72,73,0.0408970104,0.0408970104
B,seattle,2026-06-11,20260611T191010-0400,,,eq,72,73,0.796071426,0.796071426
B,seattle,2026-06-11,20260611T200247-0400,,,eq,72,73,0.642896357,0.642896357
B,seattle,2026-06-11,20260611T210558-0400,,,eq,72,73,0.997943277,0.997943277
B,seattle,2026-06-11,20260611T220739-0400,,,eq,72,73,0.998569989,0.998569989
B,seattle,2026-06-11,20260611T231025-0400,,,eq,72,73,0.999916822,0.999916822
B,seattle,2026-06-11,20260612T000141-0400,,,eq,72,73,0.999815431,0.999815431
B,seattle,2026-06-11,20260612T010319-0400,,,eq,72,73,0.999815431,0.999815431
B,seattle,2026-06-11,20260612T020458-0400,,,eq,72,73,0.999815431,0.999815431
B,seattle,2026-06-12,20260612T030620-0400,,,eq,74,75,0.00397347279,0.00397347279
B,seattle,2026-06-12,20260612T040742-0400,,,eq,74,75,0.00464243038,0.00464243038
B,seattle,2026-06-12,20260612T050900-0400,,,eq,74,75,0.00813499164,0.00813499164
B,seattle,2026-06-12,20260612T060041-0400,,,eq,74,75,0.0133665714,0.0133665714
B,seattle,2026-06-12,20260612T070220-0400,,,eq,74,75,0.0419632568,0.0419632568
B,seattle,2026-06-12,20260612T080402-0400,,,eq,74,75,0.0408567081,0.0408567081
B,seattle,2026-06-12,20260612T090646-0400,,,eq,74,75,0.0302141461,0.0302141461
B,seattle,2026-06-12,20260612T100837-0400,,,eq,74,75,0.0147299313,0.0147299313
B,seattle,2026-06-12,20260612T110003-0400,,,eq,74,75,0.0585858877,0.0585858877
B,seattle,2026-06-12,20260612T120153-0400,,,eq,74,75,0.0261618608,0.0261618608
B,seattle,2026-06-12,20260612T130338-0400,,,eq,74,75,0.0147890682,0.0147890682
B,seattle,2026-06-12,20260612T140520-0400,,,eq,74,75,0.0153578104,0.0153578104
B,seattle,2026-06-12,20260612T150709-0400,,,eq,74,75,0.0379613841,0.0379613841
B,seattle,2026-06-12,20260612T160915-0400,,,eq,74,75,0.0247572902,0.0247572902
B,seattle,2026-06-12,20260612T170101-0400,,,eq,74,75,0.100015306,0.100015306
B,seattle,2026-06-12,20260612T180258-0400,,,eq,74,75,0.0342579455,0.0342579455
B,seattle,2026-06-12,20260612T190431-0400,,,eq,74,75,0.517404068,0.517404068
B,seattle,2026-06-12,20260612T200659-0400,,,eq,74,75,0.188563601,0.188563601
B,seattle,2026-06-12,20260612T210922-0400,,,eq,74,75,0.977202724,0.977202724
B,seattle,2026-06-12,20260612T220105-0400,,,eq,74,75,0.991548804,0.991548804
B,seattle,2026-06-12,20260612T230300-0400,,,eq,74,75,0.996663069,0.996663069
B,seattle,2026-06-12,20260613T000430-0400,,,eq,74,75,0.999814079,0.999814079
B,seattle,2026-06-12,20260613T010606-0400,,,eq,74,75,0.999814079,0.999814079
B,seattle,2026-06-12,20260613T020731-0400,,,eq,74,75,0.999814079,0.999814079
B,seattle,2026-06-13,20260613T030858-0400,,,eq,82,83,0.0834844079,0.0834844079
B,seattle,2026-06-13,20260613T040020-0400,,,eq,82,83,0.0265211337,0.0265211337
B,seattle,2026-06-13,20260613T050158-0400,,,eq,82,83,0.0669596486,0.0669596486
B,seattle,2026-06-13,20260613T060309-0400,,,eq,82,83,0.121851271,0.121851271
B,seattle,2026-06-13,20260613T070429-0400,,,eq,82,83,0.133867064,0.133867064
B,seattle,2026-06-13,20260613T080617-0400,,,eq,82,83,0.299377196,0.299377196
B,seattle,2026-06-13,20260613T090743-0400,,,eq,82,83,0.160784498,0.160784498
B,seattle,2026-06-13,20260613T100911-0400,,,eq,82,83,0.0500734535,0.0500734535
B,seattle,2026-06-13,20260613T110111-0400,,,eq,82,83,0.0459533177,0.0459533177
B,seattle,2026-06-13,20260613T120743-0400,,,eq,82,83,0.0872111877,0.0872111877
B,seattle,2026-06-13,20260613T130956-0400,,,eq,82,83,0.134170229,0.134170229
B,seattle,2026-06-13,20260613T140140-0400,,,eq,82,83,0.124314809,0.124314809
B,seattle,2026-06-13,20260613T150256-0400,,,eq,82,83,0.508109324,0.508109324
B,seattle,2026-06-13,20260613T160436-0400,,,eq,82,83,0.275209265,0.275209265
B,seattle,2026-06-13,20260613T170640-0400,,,eq,82,83,0.207116302,0.207116302
B,seattle,2026-06-13,20260613T180850-0400,,,eq,82,83,0.321542447,0.321542447
B,seattle,2026-06-13,20260613T190106-0400,,,eq,82,83,0.4373651,0.4373651
B,seattle,2026-06-13,20260613T200344-0400,,,eq,82,83,0.777497594,0.777497594
B,seattle,2026-06-13,20260613T210537-0400,,,eq,82,83,0.984795388,0.984795388
B,seattle,2026-06-13,20260613T220056-0400,,,eq,82,83,0.987396821,0.987396821
B,seattle,2026-06-13,20260613T230241-0400,,,eq,82,83,0.988835055,0.988835055
B,seattle,2026-06-13,20260614T000408-0400,,,eq,82,83,0.999262467,0.999262467
B,seattle,2026-06-13,20260614T010403-0400,,,eq,82,83,0.999262467,0.999262467
B,seattle,2026-06-13,20260614T020144-0400,,,eq,82,83,0.999262467,0.999262467
B,seattle,2026-06-14,20260614T030329-0400,,,eq,88,89,0.0107545787,0.0107545787
B,seattle,2026-06-14,20260614T040451-0400,,,eq,88,89,0.0403962915,0.0403962915
B,seattle,2026-06-14,20260614T050507-0400,,,eq,88,89,0.0216324863,0.0216324863
B,seattle,2026-06-14,20260614T060508-0400,,,eq,88,89,0.0213070879,0.0213070879
B,seattle,2026-06-14,20260614T070511-0400,,,eq,88,89,0.043858751,0.043858751
B,seattle,2026-06-14,20260614T080507-0400,,,eq,88,89,0.0701420451,0.0701420451
B,seattle,2026-06-14,20260614T090113-0400,,,eq,88,89,0.351272545,0.351272545
B,seattle,2026-06-14,20260614T100249-0400,,,eq,88,89,0.187225591,0.187225591
B,seattle,2026-06-14,20260614T110418-0400,,,eq,88,89,0.128023198,0.128023198
B,seattle,2026-06-14,20260614T120122-0400,,,eq,88,89,0.114203605,0.114203605
B,seattle,2026-06-14,20260614T130025-0400,,,eq,88,89,0.105764513,0.105764513
B,seattle,2026-06-14,20260614T140857-0400,,,eq,88,89,0.0300321092,0.0300321092
B,seattle,2026-06-14,20260614T150013-0400,,,eq,88,89,0.124881363,0.124881363
B,seattle,2026-06-14,20260614T160137-0400,,,eq,88,89,0.0406584054,0.0406584054
B,seattle,2026-06-14,20260614T171616-0400,,,eq,88,89,0.307679656,0.307679656
B,seattle,2026-06-14,20260614T180408-0400,,,eq,88,89,0.338893224,0.338893224
B,seattle,2026-06-14,20260614T190619-0400,,,eq,88,89,0.694827885,0.694827885
B,seattle,2026-06-14,20260614T200633-0400,,,eq,88,89,0.942226754,0.942226754
B,seattle,2026-06-14,20260614T210100-0400,,,eq,88,89,0.992164027,0.992164027
B,seattle,2026-06-14,20260614T220337-0400,,,eq,88,89,0.999074749,0.999074749
B,seattle,2026-06-14,20260614T230545-0400,,,eq,88,89,0.999988195,0.999988195
B,seattle,2026-06-14,20260615T000549-0400,,,eq,88,89,0.999986758,0.999986758
B,seattle,2026-06-14,20260615T010545-0400,,,eq,88,89,0.999986758,0.999986758
B,seattle,2026-06-14,20260615T021540-0400,,,eq,88,89,0.999987045,0.999987045
B,seattle,2026-06-16,20260616T030632-0400,,,eq,76,77,0,0
B,seattle,2026-06-16,20260616T040513-0400,,,eq,76,77,0.0130138619,0.0130138619
B,seattle,2026-06-16,20260616T050543-0400,,,eq,76,77,0.013031223,0.013031223
B,seattle,2026-06-16,20260616T061520-0400,,,eq,76,77,0.0126474937,0.0126474937
B,seattle,2026-06-16,20260616T070521-0400,,,eq,76,77,0.010741829,0.010741829
B,seattle,2026-06-16,20260616T080118-0400,,,eq,76,77,0.00890755174,0.00890755174
B,seattle,2026-06-16,20260616T090056-0400,,,eq,76,77,0.00341825721,0.00341825721
B,seattle,2026-06-16,20260616T100248-0400,,,eq,76,77,0.00559721746,0.00559721746
B,seattle,2026-06-16,20260616T110126-0400,,,eq,76,77,0.00586314553,0.00586314553
B,seattle,2026-06-16,20260616T121617-0400,,,eq,76,77,0.00279007878,0.00279007878
B,seattle,2026-06-16,20260616T130529-0400,,,eq,76,77,0.0027900789,0.0027900789
B,seattle,2026-06-16,20260616T140539-0400,,,eq,76,77,0.00298671016,0.00298671016
B,seattle,2026-06-16,20260616T151557-0400,,,eq,76,77,0.00498433695,0.00498433695
B,seattle,2026-06-16,20260616T160230-0400,,,eq,76,77,0.0334567088,0.0334567088
B,seattle,2026-06-16,20260616T170209-0400,,,eq,76,77,0.0270565525,0.0270565525
B,seattle,2026-06-16,20260616T180239-0400,,,eq,76,77,0.32746682,0.32746682
B,seattle,2026-06-16,20260616T190250-0400,,,eq,76,77,0.569655528,0.569655528
B,seattle,2026-06-16,20260616T200248-0400,,,eq,76,77,0.532062751,0.532062751
B,seattle,2026-06-16,20260616T210141-0400,,,eq,76,77,0.711931503,0.711931503
B,seattle,2026-06-16,20260616T220247-0400,,,eq,76,77,0.976536015,0.976536015
B,seattle,2026-06-16,20260616T230246-0400,,,eq,76,77,0.959962564,0.959962564
B,seattle,2026-06-16,20260617T001243-0400,,,eq,76,77,0.988115922,0.988115922
B,seattle,2026-06-16,20260617T010332-0400,,,eq,76,77,0.988115922,0.988115922
B,seattle,2026-06-16,20260617T020250-0400,,,eq,76,77,0.988115922,0.988115922
B,seattle,2026-06-17,20260617T030241-0400,,,eq,72,73,0.265262257,0.265262257
B,seattle,2026-06-17,20260617T040258-0400,,,eq,72,73,0.0772577033,0.0772577033
B,seattle,2026-06-17,20260617T050041-0400,,,eq,72,73,0.0782236091,0.0782236091
B,seattle,2026-06-17,20260617T060248-0400,,,eq,72,73,0.199464289,0.199464289
B,seattle,2026-06-17,20260617T070248-0400,,,eq,72,73,0.368649398,0.368649398
B,seattle,2026-06-17,20260617T080243-0400,,,eq,72,73,0.2943642,0.2943642
B,seattle,2026-06-17,20260617T090337-0400,,,eq,72,73,0.544191478,0.544191478
B,seattle,2026-06-17,20260617T100248-0400,,,eq,72,73,0.259277324,0.259277324
B,seattle,2026-06-17,20260617T110300-0400,,,eq,72,73,0.259277324,0.259277324
B,seattle,2026-06-17,20260617T124254-0400,,,eq,72,73,0.232717749,0.232717749
B,seattle,2026-06-17,20260617T130250-0400,,,eq,72,73,0.232717749,0.232717749
B,seattle,2026-06-17,20260617T142447-0400,,,eq,72,73,0.280334066,0.280334066
B,seattle,2026-06-17,20260617T150449-0400,,,eq,72,73,0.23537245,0.23537245
B,seattle,2026-06-17,20260617T160306-0400,,,eq,72,73,0.530488175,0.530488175
B,seattle,2026-06-17,20260617T171252-0400,,,eq,72,73,0.342308412,0.342308412
B,seattle,2026-06-17,20260617T181253-0400,,,eq,72,73,0.554513093,0.554513093
B,seattle,2026-06-17,20260617T190438-0400,,,eq,72,73,0.563626565,0.563626565
B,seattle,2026-06-17,20260617T200248-0400,,,eq,72,73,0.70570287,0.70570287
B,seattle,2026-06-17,20260617T213347-0400,,,eq,72,73,0.974025496,0.974025496
B,seattle,2026-06-17,20260617T221253-0400,,,eq,72,73,0.984727851,0.984727851
B,seattle,2026-06-17,20260617T230245-0400,,,eq,72,73,0.998527456,0.998527456
B,seattle,2026-06-17,20260618T000253-0400,,,eq,72,73,0.99065265,0.99065265
B,seattle,2026-06-17,20260618T010249-0400,,,eq,72,73,0.995492377,0.995492377
B,seattle,2026-06-17,20260618T020536-0400,,,eq,72,73,0.998046776,0.998046776
B,seattle,2026-06-19,20260619T030251-0400,,,eq,80,81,0.0374018846,0.0374018846
B,seattle,2026-06-19,20260619T040835-0400,,,eq,80,81,0.072884529,0.072884529
B,seattle,2026-06-19,20260619T050040-0400,,,eq,80,81,0.0748328351,0.0748328351
B,seattle,2026-06-19,20260619T060830-0400,,,eq,80,81,0.0711184915,0.0711184915
B,seattle,2026-06-19,20260619T070252-0400,,,eq,80,81,0.0737872566,0.0737872566
B,seattle,2026-06-19,20260619T080013-0400,,,eq,80,81,0.0382562625,0.0382562625
B,seattle,2026-06-19,20260619T090422-0400,,,eq,80,81,0.0677942529,0.0677942529
B,seattle,2026-06-19,20260619T100117-0400,,,eq,80,81,0.072868189,0.072868189
B,seattle,2026-06-19,20260619T110300-0400,,,eq,80,81,0.0613128907,0.0613128907
B,seattle,2026-06-19,20260619T120252-0400,,,eq,80,81,0.064264967,0.064264967
B,seattle,2026-06-19,20260619T130254-0400,,,eq,80,81,0.0457711486,0.0457711486
B,seattle,2026-06-19,20260619T140955-0400,,,eq,80,81,0.103669124,0.103669124
B,seattle,2026-06-19,20260619T150259-0400,,,eq,80,81,0.119528767,0.119528767
B,seattle,2026-06-19,20260619T160412-0400,,,eq,80,81,0.243891983,0.243891983
B,seattle,2026-06-19,20260619T170252-0400,,,eq,80,81,0.254526897,0.254526897
B,seattle,2026-06-19,20260619T180252-0400,,,eq,80,81,0.0494892092,0.0494892092
B,seattle,2026-06-19,20260619T190027-0400,,,eq,80,81,0.0490203694,0.0490203694
B,seattle,2026-06-19,20260619T201141-0400,,,eq,80,81,0.0487436574,0.0487436574
B,seattle,2026-06-19,20260619T210054-0400,,,eq,80,81,0.0520134748,0.0520134748
B,seattle,2026-06-19,20260619T220731-0400,,,eq,80,81,0.0232156765,0.0232156765
B,seattle,2026-06-19,20260619T230042-0400,,,eq,80,81,0.691737731,0.691737731
B,seattle,2026-06-19,20260620T000045-0400,,,eq,80,81,0.924524974,0.924524974
B,seattle,2026-06-19,20260620T010145-0400,,,eq,80,81,0.924524974,0.924524974
B,seattle,2026-06-19,20260620T020144-0400,,,eq,80,81,0.924524974,0.924524974
B,seattle,2026-06-20,20260620T030600-0400,,,eq,70,71,0,0
B,seattle,2026-06-20,20260620T041151-0400,,,eq,70,71,0.0578503453,0.0578503453
B,seattle,2026-06-20,20260620T050051-0400,,,eq,70,71,0.0423125215,0.0423125215
B,seattle,2026-06-20,20260620T060102-0400,,,eq,70,71,0.0261086607,0.0261086607
B,seattle,2026-06-20,20260620T070254-0400,,,eq,70,71,0.070580858,0.070580858
B,seattle,2026-06-20,20260620T080355-0400,,,eq,70,71,0.137117316,0.137117316
B,seattle,2026-06-20,20260620T090607-0400,,,eq,70,71,0.173688515,0.173688515
B,seattle,2026-06-20,20260620T100441-0400,,,eq,70,71,0.160498671,0.160498671
B,seattle,2026-06-20,20260620T110052-0400,,,eq,70,71,0.127157491,0.127157491
B,seattle,2026-06-20,20260620T121633-0400,,,eq,70,71,0.114120756,0.114120756
B,seattle,2026-06-20,20260620T130339-0400,,,eq,70,71,0.0653545637,0.0653545637
B,seattle,2026-06-20,20260620T140051-0400,,,eq,70,71,0.0953752496,0.0953752496
B,seattle,2026-06-20,20260620T150053-0400,,,eq,70,71,0.190809775,0.190809775
B,seattle,2026-06-20,20260620T160517-0400,,,eq,70,71,0.233477446,0.233477446
B,seattle,2026-06-20,20260620T170115-0400,,,eq,70,71,0.393889286,0.393889286
B,seattle,2026-06-20,20260620T180310-0400,,,eq,70,71,0.210122006,0.210122006
B,seattle,2026-06-20,20260620T190419-0400,,,eq,70,71,0.174786051,0.174786051
B,seattle,2026-06-20,20260620T200424-0400,,,eq,70,71,0.250725171,0.250725171
B,seattle,2026-06-20,20260620T210518-0400,,,eq,70,71,0.810310994,0.810310994
B,seattle,2026-06-20,20260620T220514-0400,,,eq,70,71,0.943291974,0.943291974
B,seattle,2026-06-20,20260620T230509-0400,,,eq,70,71,0.97983252,0.97983252
B,seattle,2026-06-20,20260621T000107-0400,,,eq,70,71,0.994768007,0.994768007
B,seattle,2026-06-20,20260621T010104-0400,,,eq,70,71,0.991565908,0.991565908
B,seattle,2026-06-20,20260621T020715-0400,,,eq,70,71,0.991565908,0.991565908
B,seattle,2026-06-21,20260621T030501-0400,,,eq,76,77,0.339714608,0.339714608
B,seattle,2026-06-21,20260621T040023-0400,,,eq,76,77,0.228951859,0.228951859
B,seattle,2026-06-21,20260621T050044-0400,,,eq,76,77,0.241415528,0.241415528
B,seattle,2026-06-21,20260621T061045-0400,,,eq,76,77,0.4341484,0.4341484
B,seattle,2026-06-21,20260621T070105-0400,,,eq,76,77,0.485555091,0.485555091
B,seattle,2026-06-21,20260621T080102-0400,,,eq,76,77,0.354460504,0.354460504
B,seattle,2026-06-21,20260621T090058-0400,,,eq,76,77,0.424175234,0.424175234
B,seattle,2026-06-21,20260621T100028-0400,,,eq,76,77,0.426813659,0.426813659
B,seattle,2026-06-21,20260621T110652-0400,,,eq,76,77,0.426427501,0.426427501
B,seattle,2026-06-21,20260621T121109-0400,,,eq,76,77,0.596422651,0.596422651
B,seattle,2026-06-21,20260621T130306-0400,,,eq,76,77,0.401249039,0.401249039
B,seattle,2026-06-21,20260621T141302-0400,,,eq,76,77,0.412029059,0.412029059
B,seattle,2026-06-21,20260621T150059-0400,,,eq,76,77,0.520639735,0.520639735
B,seattle,2026-06-21,20260621T160110-0400,,,eq,76,77,0.199360362,0.199360362
B,seattle,2026-06-21,20260621T170056-0400,,,eq,76,77,0.155233189,0.155233189
B,seattle,2026-06-21,20260621T180104-0400,,,eq,76,77,0.420251925,0.420251925
B,seattle,2026-06-21,20260621T190105-0400,,,eq,76,77,0.696378069,0.696378069
B,seattle,2026-06-21,20260621T200002-0400,,,eq,76,77,0.311250847,0.311250847
B,seattle,2026-06-21,20260621T210206-0400,,,eq,76,77,0.926574566,0.926574566
B,seattle,2026-06-21,20260621T225547-0400,,,eq,76,77,0.989079786,0.989079786
B,seattle,2026-06-21,20260621T230854-0400,,,eq,76,77,0.998273579,0.998273579
B,seattle,2026-06-21,20260622T000033-0400,,,eq,76,77,0.998273444,0.998273444
B,seattle,2026-06-21,20260622T010341-0400,,,eq,76,77,0.998273444,0.998273444
B,seattle,2026-06-21,20260622T021110-0400,,,eq,76,77,0.999329195,0.999329195
B,seattle,2026-06-22,20260622T030114-0400,,,eq,84,85,0.191403901,0.191403901
B,seattle,2026-06-22,20260622T040040-0400,,,eq,84,85,0.323384581,0.323384581
B,seattle,2026-06-22,20260622T050043-0400,,,eq,84,85,0.446346673,0.446346673
B,seattle,2026-06-22,20260622T060438-0400,,,eq,84,85,0.592789457,0.592789457
B,seattle,2026-06-22,20260622T070041-0400,,,eq,84,85,0.592789457,0.592789457
B,seattle,2026-06-22,20260622T080051-0400,,,eq,84,85,0.314295038,0.314295038
B,seattle,2026-06-22,20260622T090104-0400,,,eq,84,85,0.34522922,0.34522922
B,seattle,2026-06-22,20260622T100036-0400,,,eq,84,85,0.347258257,0.347258257
B,seattle,2026-06-22,20260622T110046-0400,,,eq,84,85,0.564118061,0.564118061
B,seattle,2026-06-22,20260622T120048-0400,,,eq,84,85,0.482232126,0.482232126
B,seattle,2026-06-22,20260622T130028-0400,,,eq,84,85,0.302743909,0.302743909
B,seattle,2026-06-22,20260622T140044-0400,,,eq,84,85,0.306850064,0.306850064
B,seattle,2026-06-22,20260622T151600-0400,,,eq,84,85,0.227753081,0.227753081
B,seattle,2026-06-22,20260622T160149-0400,,,eq,84,85,0.380432186,0.380432186
B,seattle,2026-06-22,20260622T172601-0400,,,eq,84,85,0.75003291,0.75003291
B,seattle,2026-06-22,20260622T180158-0400,,,eq,84,85,0.805587624,0.805587624
B,seattle,2026-06-22,20260622T190134-0400,,,eq,84,85,0.832344193,0.832344193
B,seattle,2026-06-22,20260622T200702-0400,,,eq,84,85,0.850899939,0.850899939
B,seattle,2026-06-22,20260622T211610-0400,,,eq,84,85,0.726297368,0.726297368
B,seattle,2026-06-22,20260622T220253-0400,,,eq,84,85,0.884337589,0.884337589
B,seattle,2026-06-22,20260622T230150-0400,,,eq,84,85,0.99555943,0.99555943
B,seattle,2026-06-22,20260623T000241-0400,,,eq,84,85,0.9984102,0.9984102
B,seattle,2026-06-22,20260623T010247-0400,,,eq,84,85,0.9984102,0.9984102
B,seattle,2026-06-22,20260623T020545-0400,,,eq,84,85,0.9984102,0.9984102
B,seattle,2026-06-26,20260626T031009-0400,,,eq,64,65,0.5156695,0.5156695
B,seattle,2026-06-26,20260626T040344-0400,,,eq,64,65,0.438815462,0.438815462
B,seattle,2026-06-26,20260626T050942-0400,,,eq,64,65,0.438815462,0.438815462
B,seattle,2026-06-26,20260626T060951-0400,,,eq,64,65,0.271906178,0.271906178
B,seattle,2026-06-26,20260626T070952-0400,,,eq,64,65,0.462077734,0.462077734
B,seattle,2026-06-26,20260626T080944-0400,,,eq,64,65,0.462077734,0.462077734
B,seattle,2026-06-26,20260626T090916-0400,,,eq,64,65,0.45944533,0.45944533
B,seattle,2026-06-26,20260626T100404-0400,,,eq,64,65,0.540722665,0.540722665
B,seattle,2026-06-26,20260626T110512-0400,,,eq,64,65,0.498344291,0.498344291
B,seattle,2026-06-26,20260626T120453-0400,,,eq,64,65,0.138197999,0.138197999
B,seattle,2026-06-26,20260626T130451-0400,,,eq,64,65,0.526630729,0.526630729
B,seattle,2026-06-26,20260626T140457-0400,,,eq,64,65,0.634435899,0.634435899
B,seattle,2026-06-26,20260626T150707-0400,,,eq,64,65,0.677700121,0.677700121
B,seattle,2026-06-26,20260626T160509-0400,,,eq,64,65,0.905403316,0.905403316
B,seattle,2026-06-26,20260626T170510-0400,,,eq,64,65,0.626910761,0.626910761
B,seattle,2026-06-26,20260626T180658-0400,,,eq,64,65,0.893761706,0.893761706
B,seattle,2026-06-26,20260626T190508-0400,,,eq,64,65,0.853907872,0.853907872
B,seattle,2026-06-26,20260626T201657-0400,,,eq,64,65,0.997903677,0.997903677
B,seattle,2026-06-26,20260626T210541-0400,,,eq,64,65,0.998891661,0.998891661
B,seattle,2026-06-26,20260626T220807-0400,,,eq,64,65,0.999719109,0.999719109
B,seattle,2026-06-26,20260626T230732-0400,,,eq,64,65,0.999888869,0.999888869
B,seattle,2026-06-26,20260627T001643-0400,,,eq,64,65,0.999979598,0.999979598
B,seattle,2026-06-26,20260627T011912-0400,,,eq,64,65,0.999979598,0.999979598
B,seattle,2026-06-26,20260627T022027-0400,,,eq,64,65,0.985458813,0.985458813
B,seattle,2026-06-28,20260628T030322-0400,,,eq,66,67,0.181126986,0.181126986
B,seattle,2026-06-28,20260628T040319-0400,,,eq,66,67,0.185626309,0.185626309
B,seattle,2026-06-28,20260628T050256-0400,,,eq,66,67,0.185626309,0.185626309
B,seattle,2026-06-28,20260628T060303-0400,,,eq,66,67,0.209154542,0.209154542
B,seattle,2026-06-28,20260628T070256-0400,,,eq,66,67,0.289056858,0.289056858
B,seattle,2026-06-28,20260628T080305-0400,,,eq,66,67,0.296435214,0.296435214
B,seattle,2026-06-28,20260628T090313-0400,,,eq,66,67,0.274687783,0.274687783
B,seattle,2026-06-28,20260628T101308-0400,,,eq,66,67,0.185626309,0.185626309
B,seattle,2026-06-28,20260628T111256-0400,,,eq,66,67,0.196585815,0.196585815
B,seattle,2026-06-28,20260628T120329-0400,,,eq,66,67,0.571532443,0.571532443
B,seattle,2026-06-28,20260628T130612-0400,,,eq,66,67,0.780679423,0.780679423
B,seattle,2026-06-28,20260628T140303-0400,,,eq,66,67,0.116407754,0.116407754
B,seattle,2026-06-28,20260628T150339-0400,,,eq,66,67,0.464890996,0.464890996
B,seattle,2026-06-28,20260628T160318-0400,,,eq,66,67,0.512147267,0.512147267
B,seattle,2026-06-28,20260628T170258-0400,,,eq,66,67,0.536738167,0.536738167
B,seattle,2026-06-28,20260628T180933-0400,,,eq,66,67,0.480080125,0.480080125
B,seattle,2026-06-28,20260628T190816-0400,,,eq,66,67,0.5974188,0.5974188
B,seattle,2026-06-28,20260628T201428-0400,,,eq,66,67,0.573921195,0.573921195
B,seattle,2026-06-28,20260628T210203-0400,,,eq,66,67,0.0866544463,0.0866544463
B,seattle,2026-06-29,20260629T104156-0400,,,eq,62,63,0.023568346,0.023568346
B,seattle,2026-06-29,20260629T110051-0400,,,eq,62,63,0.0136611642,0.0136611642
B,seattle,2026-06-29,20260629T121054-0400,,,eq,62,63,0.011240722,0.011240722
B,seattle,2026-06-29,20260629T131359-0400,,,eq,62,63,0.0076652745,0.0076652745
B,seattle,2026-06-29,20260629T140501-0400,,,eq,62,63,0.029567697,0.029567697
B,seattle,2026-06-29,20260629T150404-0400,,,eq,62,63,0.0526743487,0.0526743487
B,seattle,2026-06-29,20260629T160744-0400,,,eq,62,63,0.0480883506,0.0480883506
B,seattle,2026-06-29,20260629T170207-0400,,,eq,62,63,0.0434371557,0.0434371557
B,seattle,2026-06-29,20260629T180644-0400,,,eq,62,63,0.0842218982,0.0842218982
B,seattle,2026-06-29,20260629T190737-0400,,,eq,62,63,0.17882395,0.17882395
B,seattle,2026-06-29,20260629T200431-0400,,,eq,62,63,0.146379146,0.146379146
B,seattle,2026-06-29,20260629T210252-0400,,,eq,62,63,0.505269765,0.505269765
B,seattle,2026-06-29,20260629T220221-0400,,,eq,62,63,0.153325025,0.153325025
B,seattle,2026-06-29,20260629T230822-0400,,,eq,62,63,0.146214957,0.146214957
B,seattle,2026-06-29,20260630T000343-0400,,,eq,62,63,0.146749578,0.146749578
B,seattle,2026-06-29,20260630T010730-0400,,,eq,62,63,0.218608195,0.218608195
B,seattle,2026-06-29,20260630T020214-0400,,,eq,62,63,0.222867438,0.222867438
B,seattle,2026-06-30,20260630T030409-0400,,,eq,64,65,0.22057346,0.22057346
B,seattle,2026-06-30,20260630T040736-0400,,,eq,64,65,0.194840959,0.194840959
B,seattle,2026-06-30,20260630T050155-0400,,,eq,64,65,0.134469807,0.134469807
B,seattle,2026-06-30,20260630T060522-0400,,,eq,64,65,0.219654911,0.219654911
B,seattle,2026-06-30,20260630T070847-0400,,,eq,64,65,0.219654911,0.219654911
B,seattle,2026-06-30,20260630T080604-0400,,,eq,64,65,0.219654911,0.219654911
B,seattle,2026-06-30,20260630T090027-0400,,,eq,64,65,0.156464828,0.156464828
B,seattle,2026-06-30,20260630T100025-0400,,,eq,64,65,0.749615373,0.749615373
B,seattle,2026-06-30,20260630T110000-0400,,,eq,64,65,0.193844228,0.193844228
B,seattle,2026-06-30,20260630T121114-0400,,,eq,64,65,0.0666767984,0.0666767984
B,seattle,2026-06-30,20260630T131239-0400,,,eq,64,65,0.377866508,0.377866508
B,seattle,2026-06-30,20260630T141005-0400,,,eq,64,65,0.391514764,0.391514764
B,seattle,2026-06-30,20260630T150457-0400,,,eq,64,65,0.349571728,0.349571728
B,seattle,2026-06-30,20260630T160837-0400,,,eq,64,65,0.635766914,0.635766914
B,seattle,2026-06-30,20260630T170317-0400,,,eq,64,65,0.443690218,0.443690218
B,seattle,2026-06-30,20260630T180646-0400,,,eq,64,65,0.25719294,0.25719294
B,seattle,2026-06-30,20260630T190110-0400,,,eq,64,65,0.165428428,0.165428428
B,seattle,2026-06-30,20260630T200830-0400,,,eq,64,65,0.28436893,0.28436893
B,seattle,2026-06-30,20260630T210258-0400,,,eq,64,65,0.90544619,0.90544619
B,seattle,2026-06-30,20260630T220639-0400,,,eq,64,65,0.178054453,0.178054453
B,seattle,2026-06-30,20260630T230119-0400,,,eq,64,65,0.205226639,0.205226639
B,seattle,2026-06-30,20260701T000514-0400,,,eq,64,65,0.189842305,0.189842305
B,seattle,2026-06-30,20260701T010903-0400,,,eq,64,65,0.116906711,0.116906711
B,seattle,2026-06-30,20260701T020343-0400,,,eq,64,65,0.11689588,0.11689588
B,toronto,2026-06-03,20260603T201740-0400,,,gte,28,28,1,1
B,toronto,2026-06-03,20260603T210115-0400,,,gte,28,28,1,1
B,toronto,2026-06-03,20260603T220125-0400,,,gte,28,28,1,1
B,toronto,2026-06-03,20260603T230136-0400,,,gte,28,28,1,1
B,toronto,2026-06-04,20260604T000146-0400,,,gte,30,30,0.025811267,0.025811267
B,toronto,2026-06-04,20260604T010156-0400,,,gte,30,30,0.196146157,0.196146157
B,toronto,2026-06-04,20260604T020203-0400,,,gte,30,30,0.193716625,0.193716625
B,toronto,2026-06-04,20260604T030211-0400,,,gte,30,30,0.040662634,0.040662634
B,toronto,2026-06-04,20260604T040226-0400,,,gte,30,30,0.0599492579,0.0678376297
B,toronto,2026-06-04,20260604T050243-0400,,,gte,30,30,0.0855632082,0.0855632082
B,toronto,2026-06-04,20260604T060250-0400,,,gte,30,30,0.0894307135,0.0894307135
B,toronto,2026-06-04,20260604T070300-0400,,,gte,30,30,0.126175985,0.126175985
B,toronto,2026-06-04,20260604T080414-0400,,,gte,30,30,0.297339358,0.297339358
B,toronto,2026-06-04,20260604T090514-0400,,,gte,30,30,0.558399152,0.558399152
B,toronto,2026-06-04,20260604T100626-0400,,,gte,30,30,0.787523469,0.787523469
B,toronto,2026-06-04,20260604T110647-0400,,,gte,30,30,0.908892841,0.908892841
B,toronto,2026-06-04,20260604T120654-0400,,,gte,30,30,0.918799494,0.918799494
B,toronto,2026-06-04,20260604T130702-0400,,,gte,30,30,0.954534219,0.954534219
B,toronto,2026-06-04,20260604T140712-0400,,,gte,30,30,0.999,0.999
B,toronto,2026-06-04,20260604T150720-0400,,,gte,30,30,0.870989384,0.870989384
B,toronto,2026-06-04,20260604T160405-0400,,,gte,30,30,0.177287015,0.177287015
B,toronto,2026-06-04,20260604T170455-0400,,,gte,30,30,0.0440211745,0.0440211745
B,toronto,2026-06-04,20260604T180754-0400,,,gte,30,30,1,1
B,toronto,2026-06-04,20260604T190852-0400,,,gte,30,30,1,1
B,toronto,2026-06-04,20260604T200920-0400,,,gte,30,30,1,1
B,toronto,2026-06-04,20260604T210213-0400,,,gte,30,30,1,1
B,toronto,2026-06-04,20260604T220725-0400,,,gte,30,30,1,1
B,toronto,2026-06-04,20260604T230741-0400,,,gte,30,30,1,1
B,toronto,2026-06-05,20260605T000756-0400,,,gte,30,30,0.519698514,0.519698514
B,toronto,2026-06-05,20260605T010809-0400,,,gte,30,30,0.48070604,0.48070604
B,toronto,2026-06-05,20260605T020822-0400,,,gte,30,30,0.301962231,0.301962231
B,toronto,2026-06-05,20260605T030839-0400,,,gte,30,30,0.309615783,0.309615783
B,toronto,2026-06-05,20260605T040855-0400,,,gte,30,30,0.295145222,0.295145222
B,toronto,2026-06-05,20260605T050907-0400,,,gte,30,30,0.586348943,0.586348943
B,toronto,2026-06-05,20260605T060930-0400,,,gte,30,30,0.539096285,0.539096285
B,toronto,2026-06-05,20260605T070945-0400,,,gte,30,30,0.327076864,0.327076864
B,toronto,2026-06-05,20260605T080015-0400,,,gte,30,30,0.469895149,0.469895149
B,toronto,2026-06-05,20260605T090047-0400,,,gte,30,30,0.390247906,0.390247906
B,toronto,2026-06-05,20260605T100102-0400,,,gte,30,30,0.829207025,0.829207025
B,toronto,2026-06-05,20260605T110126-0400,,,gte,30,30,0.898988613,0.898988613
B,toronto,2026-06-05,20260605T120142-0400,,,gte,30,30,0.977926446,0.977926446
B,toronto,2026-06-05,20260605T130158-0400,,,gte,30,30,0.913198349,0.913198349
B,toronto,2026-06-05,20260605T140215-0400,,,gte,30,30,1,1
B,toronto,2026-06-05,20260605T150240-0400,,,gte,30,30,1,1
B,toronto,2026-06-05,20260605T160253-0400,,,gte,30,30,1,1
B,toronto,2026-06-05,20260605T170308-0400,,,gte,30,30,1,1
B,toronto,2026-06-05,20260605T180321-0400,,,gte,30,30,1,1
B,toronto,2026-06-05,20260605T190345-0400,,,gte,30,30,1,1
B,toronto,2026-06-05,20260605T200402-0400,,,gte,30,30,1,1
B,toronto,2026-06-05,20260605T210505-0400,,,gte,30,30,1,1
B,toronto,2026-06-05,20260605T220618-0400,,,gte,30,30,1,1
B,toronto,2026-06-05,20260605T230634-0400,,,gte,30,30,1,1
B,toronto,2026-06-07,20260607T000103-0400,,,eq,24,24,0.0683344141,0.0683344141
B,toronto,2026-06-07,20260607T010211-0400,,,eq,24,24,0.613591931,0.613591931
B,toronto,2026-06-07,20260607T020340-0400,,,eq,24,24,0.605186961,0.605186961
B,toronto,2026-06-07,20260607T030451-0400,,,eq,24,24,0.282044406,0.282044406
B,toronto,2026-06-07,20260607T040610-0400,,,eq,24,24,0.265486983,0.265486983
B,toronto,2026-06-07,20260607T050728-0400,,,eq,24,24,0.137588477,0.137588477
B,toronto,2026-06-07,20260607T060831-0400,,,eq,24,24,0.130773447,0.130773447
B,toronto,2026-06-07,20260607T070958-0400,,,eq,24,24,0.118848245,0.118848245
B,toronto,2026-06-07,20260607T080101-0400,,,eq,24,24,0.113118923,0.113118923
B,toronto,2026-06-07,20260607T090230-0400,,,eq,24,24,0.267975513,0.267975513
B,toronto,2026-06-07,20260607T100349-0400,,,eq,24,24,0.12954902,0.12954902
B,toronto,2026-06-07,20260607T110452-0400,,,eq,24,24,0.176427923,0.176427923
B,toronto,2026-06-07,20260607T120657-0400,,,eq,24,24,0.210087542,0.210087542
B,toronto,2026-06-07,20260607T130911-0400,,,eq,24,24,0.293342916,0.293342916
B,toronto,2026-06-07,20260607T140120-0400,,,eq,24,24,0.204215167,0.204215167
B,toronto,2026-06-07,20260607T150311-0400,,,eq,24,24,0.55,0.55
B,toronto,2026-06-07,20260607T160453-0400,,,eq,24,24,0.932557948,0.932557948
B,toronto,2026-06-07,20260607T170733-0400,,,eq,24,24,0.488843924,0.488843924
B,toronto,2026-06-07,20260607T181005-0400,,,eq,24,24,0.939223969,0.939223969
B,toronto,2026-06-07,20260607T190206-0400,,,eq,24,24,0.999824481,0.999824481
B,toronto,2026-06-07,20260607T200344-0400,,,eq,24,24,0.99986736,0.99986736
B,toronto,2026-06-07,20260607T210528-0400,,,eq,24,24,0.999867319,0.999867319
B,toronto,2026-06-07,20260607T220704-0400,,,eq,24,24,0.999867333,0.999867333
B,toronto,2026-06-07,20260607T230907-0400,,,eq,24,24,0.999867333,0.999867333
B,toronto,2026-06-08,20260608T000044-0400,,,eq,23,23,0.300427371,0.300427371
B,toronto,2026-06-08,20260608T010227-0400,,,eq,23,23,0.312004112,0.312004112
B,toronto,2026-06-08,20260608T020358-0400,,,eq,23,23,0.191097367,0.191097367
B,toronto,2026-06-08,20260608T030543-0400,,,eq,23,23,0.269919649,0.269919649
B,toronto,2026-06-08,20260608T040705-0400,,,eq,23,23,0.278933414,0.289700193
B,toronto,2026-06-08,20260608T050846-0400,,,eq,23,23,0.0831761082,0.0831761082
B,toronto,2026-06-08,20260608T060023-0400,,,eq,23,23,0.0786766792,0.0786766792
B,toronto,2026-06-08,20260608T070214-0400,,,eq,23,23,0.09640461,0.09640461
B,toronto,2026-06-08,20260608T080349-0400,,,eq,23,23,0.110216411,0.110216411
B,toronto,2026-06-08,20260608T090542-0400,,,eq,23,23,0.0375519331,0.0375519331
B,toronto,2026-06-08,20260608T100710-0400,,,eq,23,23,0.105880818,0.105880818
B,toronto,2026-06-08,20260608T110922-0400,,,eq,23,23,0.0480353341,0.0480353341
B,toronto,2026-06-08,20260608T120102-0400,,,eq,23,23,0.0439576769,0.0439576769
B,toronto,2026-06-08,20260608T130258-0400,,,eq,23,23,0.288853345,0.288853345
B,toronto,2026-06-08,20260608T140506-0400,,,eq,23,23,0.0686365967,0.0686365967
B,toronto,2026-06-08,20260608T150707-0400,,,eq,23,23,0.174198181,0.174198181
B,toronto,2026-06-08,20260608T160951-0400,,,eq,23,23,0.359614272,0.359614272
B,toronto,2026-06-08,20260608T170057-0400,,,eq,23,23,0.931067646,0.931067646
B,toronto,2026-06-08,20260608T180439-0400,,,eq,23,23,0.950838974,0.950838974
B,toronto,2026-06-08,20260608T191521-0400,,,eq,23,23,0.999764163,0.999764163
B,toronto,2026-06-08,20260608T200641-0400,,,eq,23,23,0.999834104,0.999834104
B,toronto,2026-06-08,20260608T210807-0400,,,eq,23,23,0.999834124,0.999834124
B,toronto,2026-06-08,20260608T220941-0400,,,eq,23,23,0.999834116,0.999834116
B,toronto,2026-06-08,20260608T230126-0400,,,eq,23,23,0.999834116,0.999834116
B,toronto,2026-06-11,20260611T050059-0400,,,eq,31,31,0.0618700653,0.0618700653
B,toronto,2026-06-11,20260611T060952-0400,,,eq,31,31,0.0674301331,0.0674301331
B,toronto,2026-06-11,20260611T070042-0400,,,eq,31,31,0.135062254,0.135062254
B,toronto,2026-06-11,20260611T080358-0400,,,eq,31,31,0.715603183,0.715603183
B,toronto,2026-06-11,20260611T090559-0400,,,eq,31,31,0.208319898,0.208319898
B,toronto,2026-06-11,20260611T100744-0400,,,eq,31,31,0.0366198921,0.0366198921
B,toronto,2026-06-11,20260611T110311-0400,,,eq,31,31,0.0383026981,0.0383026981
B,toronto,2026-06-11,20260611T120521-0400,,,eq,31,31,0.880735815,0.880735815
B,toronto,2026-06-11,20260611T130707-0400,,,eq,31,31,0.22162167,0.22162167
B,toronto,2026-06-11,20260611T140943-0400,,,eq,31,31,0.239227607,0.239227607
B,toronto,2026-06-11,20260611T150125-0400,,,eq,31,31,0.865642806,0.865642806
B,toronto,2026-06-11,20260611T160404-0400,,,eq,31,31,0.73494967,0.73494967
B,toronto,2026-06-11,20260611T170615-0400,,,eq,31,31,0.98949191,0.98949191
B,toronto,2026-06-11,20260611T180812-0400,,,eq,31,31,0.992930322,0.992930322
B,toronto,2026-06-11,20260611T190951-0400,,,eq,31,31,0.999382983,0.999382983
B,toronto,2026-06-11,20260611T200208-0400,,,eq,31,31,0.999477019,0.999477019
B,toronto,2026-06-11,20260611T210540-0400,,,eq,31,31,0.999521689,0.999521689
B,toronto,2026-06-11,20260611T220724-0400,,,eq,31,31,0.999482301,0.999482301
B,toronto,2026-06-11,20260611T230957-0400,,,eq,31,31,0.999359078,0.999359078
B,toronto,2026-06-12,20260612T000125-0400,,,eq,26,26,0.274004343,0.276511829
B,toronto,2026-06-12,20260612T010257-0400,,,eq,26,26,0.440961049,0.440961049
B,toronto,2026-06-12,20260612T020448-0400,,,eq,26,26,0.310855478,0.310855478
B,toronto,2026-06-12,20260612T030608-0400,,,eq,26,26,0.483191846,0.483191846
B,toronto,2026-06-12,20260612T040730-0400,,,eq,26,26,0.554773944,0.533007621
B,toronto,2026-06-12,20260612T050849-0400,,,eq,26,26,0.520810657,0.520810657
B,toronto,2026-06-12,20260612T060019-0400,,,eq,26,26,0.515703744,0.515703744
B,toronto,2026-06-12,20260612T070206-0400,,,eq,26,26,0.50086067,0.50086067
B,toronto,2026-06-12,20260612T080345-0400,,,eq,26,26,0.272542117,0.272542117
B,toronto,2026-06-12,20260612T090612-0400,,,eq,26,26,0.299060633,0.299060633
B,toronto,2026-06-12,20260612T100816-0400,,,eq,26,26,0.308730069,0.308730069
B,toronto,2026-06-12,20260612T111005-0400,,,eq,26,26,0.596438821,0.596438821
B,toronto,2026-06-12,20260612T120137-0400,,,eq,26,26,0.385499787,0.385499787
B,toronto,2026-06-12,20260612T130323-0400,,,eq,26,26,0.672663864,0.672663864
B,toronto,2026-06-12,20260612T140459-0400,,,eq,26,26,0.0125740367,0.0125740367
B,toronto,2026-06-12,20260612T150655-0400,,,eq,26,26,0.51092381,0.51092381
B,toronto,2026-06-12,20260612T160855-0400,,,eq,26,26,0.885522428,0.885522428
B,toronto,2026-06-12,20260612T171059-0400,,,eq,26,26,0.989874475,0.989874475
B,toronto,2026-06-12,20260612T180245-0400,,,eq,26,26,0.992711768,0.992711768
B,toronto,2026-06-12,20260612T190359-0400,,,eq,26,26,0.999942387,0.999942387
B,toronto,2026-06-12,20260612T200644-0400,,,eq,26,26,0.999942373,0.999942373
B,toronto,2026-06-12,20260612T210906-0400,,,eq,26,26,0.999942348,0.999942348
B,toronto,2026-06-12,20260612T220047-0400,,,eq,26,26,0.999942348,0.999942348
B,toronto,2026-06-12,20260612T230249-0400,,,eq,26,26,0.999942347,0.999942347
B,toronto,2026-06-13,20260613T000418-0400,,,eq,29,29,0.449478334,0.449478334
B,toronto,2026-06-13,20260613T010550-0400,,,eq,29,29,0.1399244,0.1399244
B,toronto,2026-06-13,20260613T020721-0400,,,eq,29,29,0.0845450549,0.0845450549
B,toronto,2026-06-13,20260613T030847-0400,,,eq,29,29,0.0665439994,0.0665439994
B,toronto,2026-06-13,20260613T041021-0400,,,eq,29,29,0.0694300972,0.070677366
B,toronto,2026-06-13,20260613T050146-0400,,,eq,29,29,0.0683197623,0.0683197623
B,toronto,2026-06-13,20260613T060258-0400,,,eq,29,29,0.0658999491,0.0658999491
B,toronto,2026-06-13,20260613T070418-0400,,,eq,29,29,0.0704443174,0.0704443174
B,toronto,2026-06-13,20260613T080604-0400,,,eq,29,29,0.0607700582,0.0607700582
B,toronto,2026-06-13,20260613T090732-0400,,,eq,29,29,0.0920126055,0.0920126055
B,toronto,2026-06-13,20260613T100900-0400,,,eq,29,29,0.0304060649,0.0304060649
B,toronto,2026-06-13,20260613T110047-0400,,,eq,29,29,0.0469377555,0.0469377555
B,toronto,2026-06-13,20260613T120714-0400,,,eq,29,29,0.140044461,0.140044461
B,toronto,2026-06-13,20260613T130943-0400,,,eq,29,29,0.59246934,0.59246934
B,toronto,2026-06-13,20260613T140110-0400,,,eq,29,29,0.680614031,0.680614031
B,toronto,2026-06-13,20260613T150246-0400,,,eq,29,29,0.728047408,0.728047408
B,toronto,2026-06-13,20260613T160415-0400,,,eq,29,29,0.888494088,0.888494088
B,toronto,2026-06-13,20260613T170612-0400,,,eq,29,29,0.969992968,0.969992968
B,toronto,2026-06-13,20260613T180828-0400,,,eq,29,29,0.988854053,0.988854053
B,toronto,2026-06-13,20260613T190044-0400,,,eq,29,29,0.999941261,0.999941261
B,toronto,2026-06-13,20260613T200327-0400,,,eq,29,29,0.999939634,0.999939634
B,toronto,2026-06-13,20260613T210524-0400,,,eq,29,29,0.999939679,0.999939679
B,toronto,2026-06-13,20260613T220046-0400,,,eq,29,29,0.999939679,0.999939679
B,toronto,2026-06-13,20260613T230230-0400,,,eq,29,29,0.999939665,0.999939665
B,toronto,2026-06-14,20260614T000801-0400,,,eq,24,24,0.753986904,0.753986904
B,toronto,2026-06-14,20260614T010200-0400,,,eq,24,24,0.439768613,0.439768613
B,toronto,2026-06-14,20260614T020128-0400,,,eq,24,24,0.435527021,0.435527021
B,toronto,2026-06-14,20260614T030200-0400,,,eq,24,24,0.627943441,0.627943441
B,toronto,2026-06-14,20260614T040442-0400,,,eq,24,24,0.581427309,0.588221557
B,toronto,2026-06-14,20260614T050200-0400,,,eq,24,24,0.610510672,0.610510672
B,toronto,2026-06-14,20260614T060201-0400,,,eq,24,24,0.576415577,0.576415577
B,toronto,2026-06-14,20260614T070701-0400,,,eq,24,24,0.450034253,0.450034253
B,toronto,2026-06-14,20260614T080951-0400,,,eq,24,24,0.468908941,0.468908941
B,toronto,2026-06-14,20260614T090102-0400,,,eq,24,24,0.355482949,0.355482949
B,toronto,2026-06-14,20260614T100101-0400,,,eq,24,24,0.355482949,0.355482949
B,toronto,2026-06-14,20260614T110403-0400,,,eq,24,24,0.506124515,0.506124515
B,toronto,2026-06-14,20260614T120201-0400,,,eq,24,24,0.564372592,0.564372592
B,toronto,2026-06-14,20260614T130301-0400,,,eq,24,24,0.967452357,0.967452357
B,toronto,2026-06-14,20260614T140320-0400,,,eq,24,24,0.926055492,0.926055492
B,toronto,2026-06-14,20260614T151022-0400,,,eq,24,24,0.980570536,0.980570536
B,toronto,2026-06-14,20260614T160127-0400,,,eq,24,24,0.969235856,0.969235856
B,toronto,2026-06-14,20260614T171534-0400,,,eq,24,24,0.991186959,0.991186959
B,toronto,2026-06-14,20260614T180353-0400,,,eq,24,24,0.993292685,0.993292685
B,toronto,2026-06-14,20260614T190221-0400,,,eq,24,24,0.996845843,0.996845843
B,toronto,2026-06-14,20260614T200740-0400,,,eq,24,24,0.999851266,0.999851266
B,toronto,2026-06-14,20260614T210043-0400,,,eq,24,24,0.999851108,0.999851108
B,toronto,2026-06-14,20260614T220321-0400,,,eq,24,24,0.999851206,0.999851206
B,toronto,2026-06-14,20260614T230529-0400,,,eq,24,24,0.999851108,0.999851108
B,toronto,2026-06-15,20260615T000325-0400,,,eq,20,20,0.148312774,0.163109325
B,toronto,2026-06-15,20260615T010121-0400,,,eq,20,20,0.139766386,0.139766386
B,toronto,2026-06-15,20260615T020921-0400,,,eq,20,20,0.140072329,0.140072329
B,toronto,2026-06-15,20260615T030121-0400,,,eq,20,20,0.101956821,0.101956821
B,toronto,2026-06-15,20260615T041529-0400,,,eq,20,20,0.104693254,0.105533166
B,toronto,2026-06-15,20260615T050227-0400,,,eq,20,20,0.116643453,0.116643453
B,toronto,2026-06-15,20260615T060026-0400,,,eq,20,20,0.0887610076,0.0887610076
B,toronto,2026-06-15,20260615T070221-0400,,,eq,20,20,0.115053434,0.115053434
B,toronto,2026-06-15,20260615T080330-0400,,,eq,20,20,0.22702807,0.22702807
B,toronto,2026-06-15,20260615T090221-0400,,,eq,20,20,0.235202257,0.235202257
B,toronto,2026-06-15,20260615T100221-0400,,,eq,20,20,0.241495788,0.241495788
B,toronto,2026-06-15,20260615T110057-0400,,,eq,20,20,0.107186766,0.107186766
B,toronto,2026-06-15,20260615T120057-0400,,,eq,20,20,0.0970073907,0.0970073907
B,toronto,2026-06-15,20260615T130357-0400,,,eq,20,20,0.0319556978,0.0319556978
B,toronto,2026-06-15,20260615T140257-0400,,,eq,20,20,0.0769348625,0.0769348625
B,toronto,2026-06-15,20260615T150533-0400,,,eq,20,20,0.197260324,0.197260324
B,toronto,2026-06-15,20260615T160506-0400,,,eq,20,20,0.466510507,0.466510507
B,toronto,2026-06-15,20260615T170509-0400,,,eq,20,20,0.161070459,0.161070459
B,toronto,2026-06-15,20260615T180649-0400,,,eq,20,20,0.896975789,0.896975789
B,toronto,2026-06-15,20260615T190524-0400,,,eq,20,20,0.998919157,0.998919157
B,toronto,2026-06-15,20260615T200912-0400,,,eq,20,20,0.999805962,0.999805962
B,toronto,2026-06-15,20260615T211133-0400,,,eq,20,20,0.99982316,0.99982316
B,toronto,2026-06-15,20260615T220512-0400,,,eq,20,20,0.999823163,0.999823163
B,toronto,2026-06-15,20260615T230849-0400,,,eq,20,20,0.999823076,0.999823076
B,toronto,2026-06-16,20260616T000238-0400,,,eq,24,24,0.0795261333,0.0795261333
B,toronto,2026-06-16,20260616T010503-0400,,,eq,24,24,0.0426898539,0.0426898539
B,toronto,2026-06-16,20260616T020207-0400,,,eq,24,24,0.0408585621,0.0408585621
B,toronto,2026-06-16,20260616T030604-0400,,,eq,24,24,0.0379387598,0.0379387598
B,toronto,2026-06-16,20260616T041509-0400,,,eq,24,24,0.0406187967,0.040332205
B,toronto,2026-06-16,20260616T050503-0400,,,eq,24,24,0.0499862948,0.0499862948
B,toronto,2026-06-16,20260616T060107-0400,,,eq,24,24,0.0502330645,0.0502330645
B,toronto,2026-06-16,20260616T070209-0400,,,eq,24,24,0.0526179071,0.0526179071
B,toronto,2026-06-16,20260616T080409-0400,,,eq,24,24,0.0523051314,0.0523051314
B,toronto,2026-06-16,20260616T090437-0400,,,eq,24,24,0.0671345105,0.0671345105
B,toronto,2026-06-16,20260616T100226-0400,,,eq,24,24,0.161431778,0.161431778
B,toronto,2026-06-16,20260616T110109-0400,,,eq,24,24,0.162452436,0.162452436
B,toronto,2026-06-16,20260616T121504-0400,,,eq,24,24,0.207428578,0.207428578
B,toronto,2026-06-16,20260616T130505-0400,,,eq,24,24,0.159866839,0.159866839
B,toronto,2026-06-16,20260616T140505-0400,,,eq,24,24,0.0343756415,0.0343756415
B,toronto,2026-06-16,20260616T151502-0400,,,eq,24,24,0.962353833,0.962353833
B,toronto,2026-06-16,20260616T160406-0400,,,eq,24,24,0.625664313,0.625664313
B,toronto,2026-06-16,20260616T170502-0400,,,eq,24,24,0.976930229,0.976930229
B,toronto,2026-06-16,20260616T180237-0400,,,eq,24,24,0.993247799,0.993247799
B,toronto,2026-06-16,20260616T190232-0400,,,eq,24,24,0.999847176,0.999847176
B,toronto,2026-06-16,20260616T200340-0400,,,eq,24,24,0.999847175,0.999847175
B,toronto,2026-06-16,20260616T210119-0400,,,eq,24,24,0.999847195,0.999847195
B,toronto,2026-06-16,20260616T220831-0400,,,eq,24,24,0.99984721,0.99984721
B,toronto,2026-06-16,20260616T230228-0400,,,eq,24,24,0.999847208,0.999847208
B,toronto,2026-06-17,20260617T000228-0400,,,eq,22,22,0.26132246,0.26132246
B,toronto,2026-06-17,20260617T010427-0400,,,eq,22,22,0.295619629,0.295619629
B,toronto,2026-06-17,20260617T020127-0400,,,eq,22,22,0.35965764,0.35965764
B,toronto,2026-06-17,20260617T031228-0400,,,eq,22,22,0.385393179,0.385393179
B,toronto,2026-06-17,20260617T040228-0400,,,eq,22,22,0.198784823,0.18570189
B,toronto,2026-06-17,20260617T050228-0400,,,eq,22,22,0.223806312,0.223806312
B,toronto,2026-06-17,20260617T060228-0400,,,eq,22,22,0.344747509,0.344747509
B,toronto,2026-06-17,20260617T070528-0400,,,eq,22,22,0.294220374,0.294220374
B,toronto,2026-06-17,20260617T080229-0400,,,eq,22,22,0.136787005,0.136787005
B,toronto,2026-06-17,20260617T090528-0400,,,eq,22,22,0.240197328,0.240197328
B,toronto,2026-06-17,20260617T100129-0400,,,eq,22,22,0.16070962,0.16070962
B,toronto,2026-06-17,20260617T110130-0400,,,eq,22,22,0.177044972,0.177044972
B,toronto,2026-06-17,20260617T120929-0400,,,eq,22,22,0.0627483007,0.0627483007
B,toronto,2026-06-17,20260617T130228-0400,,,eq,22,22,0.269772473,0.269772473
B,toronto,2026-06-17,20260617T143731-0400,,,eq,22,22,0.172864639,0.172864639
B,toronto,2026-06-17,20260617T150234-0400,,,eq,22,22,0.396648333,0.396648333
B,toronto,2026-06-17,20260617T160238-0400,,,eq,22,22,0.45680596,0.45680596
B,toronto,2026-06-17,20260617T171228-0400,,,eq,22,22,0.931945625,0.931945625
B,toronto,2026-06-17,20260617T181228-0400,,,eq,22,22,0.97812308,0.97812308
B,toronto,2026-06-17,20260617T190232-0400,,,eq,22,22,0.998413846,0.998413846
B,toronto,2026-06-17,20260617T201234-0400,,,eq,22,22,0.999783614,0.999783614
B,toronto,2026-06-17,20260617T211229-0400,,,eq,22,22,0.9998642,0.9998642
B,toronto,2026-06-17,20260617T220228-0400,,,eq,22,22,0.9998642,0.9998642
B,toronto,2026-06-17,20260617T230729-0400,,,eq,22,22,0.9998642,0.9998642
B,toronto,2026-06-19,20260619T000838-0400,,,eq,22,22,0.495743265,0.495743265
B,toronto,2026-06-19,20260619T011228-0400,,,eq,22,22,0.495743265,0.495743265
B,toronto,2026-06-19,20260619T020228-0400,,,eq,22,22,0.495743265,0.495743265
B,toronto,2026-06-19,20260619T030724-0400,,,eq,22,22,0.456555667,0.456555667
B,toronto,2026-06-19,20260619T040127-0400,,,eq,22,22,0.378441752,0.378441752
B,toronto,2026-06-19,20260619T050129-0400,,,eq,22,22,0.41416023,0.41416023
B,toronto,2026-06-19,20260619T060228-0400,,,eq,22,22,0.397026217,0.397026217
B,toronto,2026-06-19,20260619T070232-0400,,,eq,22,22,0.365589102,0.365589102
B,toronto,2026-06-19,20260619T080057-0400,,,eq,22,22,0.410087447,0.410087447
B,toronto,2026-06-19,20260619T090139-0400,,,eq,22,22,0.367860067,0.367860067
B,toronto,2026-06-19,20260619T100240-0400,,,eq,22,22,0.0984286311,0.0984286311
B,toronto,2026-06-19,20260619T110230-0400,,,eq,22,22,0.5330103,0.5330103
B,toronto,2026-06-19,20260619T120229-0400,,,eq,22,22,0.0381768393,0.0381768393
B,toronto,2026-06-19,20260619T130204-0400,,,eq,22,22,0.224317298,0.224317298
B,toronto,2026-06-19,20260619T140236-0400,,,eq,22,22,0.622341498,0.622341498
B,toronto,2026-06-19,20260619T150230-0400,,,eq,22,22,0.928617033,0.928617033
B,toronto,2026-06-19,20260619T160315-0400,,,eq,22,22,0.776102772,0.776102772
B,toronto,2026-06-19,20260619T170228-0400,,,eq,22,22,0.973606964,0.973606964
B,toronto,2026-06-19,20260619T180231-0400,,,eq,22,22,0.98569623,0.98569623
B,toronto,2026-06-19,20260619T190004-0400,,,eq,22,22,0.999239437,0.999239437
B,toronto,2026-06-19,20260619T201446-0400,,,eq,22,22,0.999652581,0.999652581
B,toronto,2026-06-19,20260619T210248-0400,,,eq,22,22,0.999777748,0.999777748
B,toronto,2026-06-19,20260619T220647-0400,,,eq,22,22,0.999777748,0.999777748
B,toronto,2026-06-19,20260619T230030-0400,,,eq,22,22,0.999777728,0.999777728
B,toronto,2026-06-20,20260620T000536-0400,,,eq,23,23,0.512105874,0.316876478
B,toronto,2026-06-20,20260620T010138-0400,,,eq,23,23,0.423042203,0.423042203
B,toronto,2026-06-20,20260620T020337-0400,,,eq,23,23,0.493821118,0.493821118
B,toronto,2026-06-20,20260620T030238-0400,,,eq,23,23,0.580080903,0.580080903
B,toronto,2026-06-20,20260620T040138-0400,,,eq,23,23,0.535964583,0.535964583
B,toronto,2026-06-20,20260620T050239-0400,,,eq,23,23,0.479919614,0.479919614
B,toronto,2026-06-20,20260620T060238-0400,,,eq,23,23,0.400972914,0.400972914
B,toronto,2026-06-20,20260620T070238-0400,,,eq,23,23,0.38996962,0.38996962
B,toronto,2026-06-20,20260620T080138-0400,,,eq,23,23,0.60586903,0.60586903
B,toronto,2026-06-20,20260620T090535-0400,,,eq,23,23,0.164536299,0.164536299
B,toronto,2026-06-20,20260620T100225-0400,,,eq,23,23,0.587992646,0.587992646
B,toronto,2026-06-20,20260620T110021-0400,,,eq,23,23,0.593634161,0.593634161
B,toronto,2026-06-20,20260620T121016-0400,,,eq,23,23,0.542387184,0.542387184
B,toronto,2026-06-20,20260620T130217-0400,,,eq,23,23,0.528766144,0.528766144
B,toronto,2026-06-20,20260620T140117-0400,,,eq,23,23,0.53521862,0.53521862
B,toronto,2026-06-20,20260620T150020-0400,,,eq,23,23,0.162733699,0.162733699
B,toronto,2026-06-20,20260620T160633-0400,,,eq,23,23,0.762827349,0.762827349
B,toronto,2026-06-20,20260620T170028-0400,,,eq,23,23,0.952730013,0.952730013
B,toronto,2026-06-20,20260620T180030-0400,,,eq,23,23,0.985565349,0.985565349
B,toronto,2026-06-20,20260620T190202-0400,,,eq,23,23,0.99962854,0.99962854
B,toronto,2026-06-20,20260620T200028-0400,,,eq,23,23,0.999727673,0.999727673
B,toronto,2026-06-20,20260620T210027-0400,,,eq,23,23,0.999783118,0.999783118
B,toronto,2026-06-20,20260620T220703-0400,,,eq,23,23,0.999783118,0.999783118
B,toronto,2026-06-20,20260620T230802-0400,,,eq,23,23,0.999783118,0.999783118
B,toronto,2026-06-21,20260621T000031-0400,,,eq,24,24,0.37271719,0.37271719
B,toronto,2026-06-21,20260621T010301-0400,,,eq,24,24,0.279625034,0.279625034
B,toronto,2026-06-21,20260621T020002-0400,,,eq,24,24,0.343659772,0.343659772
B,toronto,2026-06-21,20260621T030424-0400,,,eq,24,24,0.0953759405,0.0953759405
B,toronto,2026-06-21,20260621T040219-0400,,,eq,24,24,0.22043346,0.22043346
B,toronto,2026-06-21,20260621T050014-0400,,,eq,24,24,0.48265479,0.48265479
B,toronto,2026-06-21,20260621T060015-0400,,,eq,24,24,0.452089299,0.452089299
B,toronto,2026-06-21,20260621T070023-0400,,,eq,24,24,0.374434487,0.374434487
B,toronto,2026-06-21,20260621T080016-0400,,,eq,24,24,0.531265706,0.531265706
B,toronto,2026-06-21,20260621T090015-0400,,,eq,24,24,0.327160226,0.327160226
B,toronto,2026-06-21,20260621T100149-0400,,,eq,24,24,0.313710893,0.313710893
B,toronto,2026-06-21,20260621T110159-0400,,,eq,24,24,0.756412808,0.756412808
B,toronto,2026-06-21,20260621T120319-0400,,,eq,24,24,0.0491344874,0.0491344874
B,toronto,2026-06-21,20260621T130220-0400,,,eq,24,24,0.382430535,0.382430535
B,toronto,2026-06-21,20260621T140218-0400,,,eq,24,24,0.527587919,0.527587919
B,toronto,2026-06-21,20260621T150014-0400,,,eq,24,24,0.55,0.55
B,toronto,2026-06-21,20260621T160020-0400,,,eq,24,24,0.55,0.55
B,toronto,2026-06-21,20260621T170015-0400,,,eq,24,24,0.0306068974,0.0306068974
B,toronto,2026-06-21,20260621T180015-0400,,,eq,24,24,0.0146151342,0.0146151342
B,toronto,2026-06-21,20260621T190019-0400,,,eq,24,24,0.9932748,0.9932748
B,toronto,2026-06-21,20260621T200019-0400,,,eq,24,24,0.999769205,0.999769205
B,toronto,2026-06-21,20260621T210020-0400,,,eq,24,24,0.999874905,0.999874905
B,toronto,2026-06-21,20260621T222916-0400,,,eq,24,24,0.999874917,0.999874917
B,toronto,2026-06-21,20260621T230634-0400,,,eq,24,24,0.999874917,0.999874917
B,toronto,2026-06-22,20260622T000056-0400,,,lte,20,20,0.277942576,0.277942576
B,toronto,2026-06-22,20260622T010024-0400,,,lte,20,20,0.24197716,0.24197716
B,toronto,2026-06-22,20260622T020019-0400,,,lte,20,20,0.146535268,0.146535268
B,toronto,2026-06-22,20260622T030020-0400,,,lte,20,20,0.0681722343,0.0681722343
B,toronto,2026-06-22,20260622T040016-0400,,,lte,20,20,0.225789954,0.225789954
B,toronto,2026-06-22,20260622T050218-0400,,,lte,20,20,0.0561568401,0.0561568401
B,toronto,2026-06-22,20260622T060119-0400,,,lte,20,20,0.0883002261,0.0883002261
B,toronto,2026-06-22,20260622T070019-0400,,,lte,20,20,0.0752110395,0.0752110395
B,toronto,2026-06-22,20260622T081019-0400,,,lte,20,20,0.0675305723,0.0675305723
B,toronto,2026-06-22,20260622T090019-0400,,,lte,20,20,0.102588907,0.102588907
B,toronto,2026-06-22,20260622T100023-0400,,,lte,20,20,0.0404016704,0.0404016704
B,toronto,2026-06-22,20260622T110029-0400,,,lte,20,20,0.0981899557,0.0981899557
B,toronto,2026-06-22,20260622T120229-0400,,,lte,20,20,0.383780116,0.383780116
B,toronto,2026-06-22,20260622T130415-0400,,,lte,20,20,0.442506483,0.442506483
B,toronto,2026-06-22,20260622T141016-0400,,,lte,20,20,0.716879506,0.716879506
B,toronto,2026-06-22,20260622T151438-0400,,,lte,20,20,0.850774581,0.850774581
B,toronto,2026-06-22,20260622T160824-0400,,,lte,20,20,0.780217542,0.780217542
B,toronto,2026-06-22,20260622T170745-0400,,,lte,20,20,0.995038874,0.995038874
B,toronto,2026-06-22,20260622T180008-0400,,,lte,20,20,0.982654709,0.982654709
B,toronto,2026-06-22,20260622T190319-0400,,,lte,20,20,0.999864544,0.999864544
B,toronto,2026-06-22,20260622T200439-0400,,,lte,20,20,0.999974955,0.999974955
B,toronto,2026-06-22,20260622T210433-0400,,,lte,20,20,0.999985056,0.999985056
B,toronto,2026-06-22,20260622T220621-0400,,,lte,20,20,0.999985055,0.999985055
B,toronto,2026-06-22,20260622T230634-0400,,,lte,20,20,0.999985055,0.999985055
B,toronto,2026-06-26,20260626T000645-0400,,,eq,24,24,0.09908835,0.137782568
B,toronto,2026-06-26,20260626T010909-0400,,,eq,24,24,0.0849003887,0.0849003887
B,toronto,2026-06-26,20260626T020914-0400,,,eq,24,24,0.0862482039,0.0862482039
B,toronto,2026-06-26,20260626T030912-0400,,,eq,24,24,0.293862686,0.293862686
B,toronto,2026-06-26,20260626T041911-0400,,,eq,24,24,0.33341152,0.32108338
B,toronto,2026-06-26,20260626T050910-0400,,,eq,24,24,0.249102213,0.249102213
B,toronto,2026-06-26,20260626T060911-0400,,,eq,24,24,0.284503736,0.284503736
B,toronto,2026-06-26,20260626T070026-0400,,,eq,24,24,0.265820408,0.265820408
B,toronto,2026-06-26,20260626T080324-0400,,,eq,24,24,0.459087179,0.459087179
B,toronto,2026-06-26,20260626T090324-0400,,,eq,24,24,0.479664855,0.479664855
B,toronto,2026-06-26,20260626T100049-0400,,,eq,24,24,0.520307038,0.520307038
B,toronto,2026-06-26,20260626T110245-0400,,,eq,24,24,0.478694611,0.478694611
B,toronto,2026-06-26,20260626T121127-0400,,,eq,24,24,0.458184836,0.458184836
B,toronto,2026-06-26,20260626T130253-0400,,,eq,24,24,0.5731689,0.5731689
B,toronto,2026-06-26,20260626T140138-0400,,,eq,24,24,0.210777318,0.210777318
B,toronto,2026-06-26,20260626T150154-0400,,,eq,24,24,0.0637772431,0.0637772431
B,toronto,2026-06-26,20260626T160154-0400,,,eq,24,24,0.879545154,0.879545154
B,toronto,2026-06-26,20260626T170214-0400,,,eq,24,24,0.681186318,0.681186318
B,toronto,2026-06-26,20260626T180157-0400,,,eq,24,24,0.992020612,0.992020612
B,toronto,2026-06-26,20260626T191612-0400,,,eq,24,24,0.99985356,0.99985356
B,toronto,2026-06-26,20260626T200612-0400,,,eq,24,24,0.99985358,0.99985358
B,toronto,2026-06-26,20260626T210224-0400,,,eq,24,24,0.999890391,0.999890391
B,toronto,2026-06-26,20260626T220618-0400,,,eq,24,24,0.99989038,0.99989038
B,toronto,2026-06-26,20260626T230612-0400,,,eq,24,24,0.999890391,0.999890391
B,toronto,2026-06-28,20260628T000218-0400,,,eq,28,28,0.121781289,0.118627606
B,toronto,2026-06-28,20260628T010214-0400,,,eq,28,28,0.123667733,0.12047506
B,toronto,2026-06-28,20260628T020225-0400,,,eq,28,28,0.130219889,0.128041446
B,toronto,2026-06-28,20260628T030214-0400,,,eq,28,28,0.108743166,0.108963414
B,toronto,2026-06-28,20260628T040222-0400,,,eq,28,28,0.154141211,0.141650825
B,toronto,2026-06-28,20260628T050215-0400,,,eq,28,28,0.184284225,0.17154045
B,toronto,2026-06-28,20260628T060214-0400,,,eq,28,28,0.164454402,0.160207375
B,toronto,2026-06-28,20260628T070215-0400,,,eq,28,28,0.168839078,0.145375369
B,toronto,2026-06-28,20260628T080215-0400,,,eq,28,28,0.153471832,0.186130274
B,toronto,2026-06-28,20260628T090214-0400,,,eq,28,28,0.14869323,0.109408623
B,toronto,2026-06-28,20260628T101216-0400,,,eq,28,28,0.13754337,0.144448535
B,toronto,2026-06-28,20260628T110203-0400,,,eq,28,28,0.248753354,0.580953496
B,toronto,2026-06-28,20260628T120128-0400,,,eq,28,28,0.30615844,0.464973158
B,toronto,2026-06-28,20260628T130215-0400,,,eq,28,28,0.110478509,0.114070979
B,toronto,2026-06-28,20260628T140215-0400,,,eq,28,28,0.22698807,0.18395117
B,toronto,2026-06-28,20260628T150128-0400,,,eq,28,28,0.460452565,0.18858676
B,toronto,2026-06-28,20260628T160215-0400,,,eq,28,28,0.133116178,0.115481249
B,toronto,2026-06-28,20260628T170216-0400,,,eq,28,28,0.765686029,0.770301796
B,toronto,2026-06-28,20260628T180215-0400,,,eq,28,28,0.566852526,0.566848638
B,toronto,2026-06-28,20260628T190219-0400,,,eq,28,28,0.646569735,0.646563707
B,toronto,2026-06-28,20260628T200231-0400,,,eq,28,28,0.646577173,0.646584151
B,toronto,2026-06-28,20260628T210443-0400,,,eq,28,28,0.646578415,0.646584436
B,toronto,2026-06-29,20260629T104201-0400,,,eq,28,28,0.0388960402,0.0645489812
B,toronto,2026-06-29,20260629T110054-0400,,,eq,28,28,0.0756488456,0.213460044
B,toronto,2026-06-29,20260629T121056-0400,,,eq,28,28,0.0655534886,0.266463275
B,toronto,2026-06-29,20260629T131400-0400,,,eq,28,28,0.0256744861,0.0307524434
B,toronto,2026-06-29,20260629T140508-0400,,,eq,28,28,0.148267321,0.187641776
B,toronto,2026-06-29,20260629T150406-0400,,,eq,28,28,0.852821231,0.698171037
B,toronto,2026-06-29,20260629T160748-0400,,,eq,28,28,0.926178648,0.935023112
B,toronto,2026-06-29,20260629T170212-0400,,,eq,28,28,0.877639274,0.878237561
B,toronto,2026-06-29,20260629T180648-0400,,,eq,28,28,0.896073432,0.896073926
B,toronto,2026-06-29,20260629T190740-0400,,,eq,28,28,0.996861944,0.99686202
B,toronto,2026-06-29,20260629T200443-0400,,,eq,28,28,0.996862299,0.996863138
B,toronto,2026-06-29,20260629T210256-0400,,,eq,28,28,0.99686226,0.996863138
B,toronto,2026-06-29,20260629T220229-0400,,,eq,28,28,0.99686226,0.996863138
B,toronto,2026-06-29,20260629T230830-0400,,,eq,28,28,0.99686226,0.996863138
B,toronto,2026-06-30,20260630T000239-0400,,,eq,34,34,0.111408628,0.0367167139
B,toronto,2026-06-30,20260630T010602-0400,,,eq,34,34,0.0909242941,0.0355229637
B,toronto,2026-06-30,20260630T020034-0400,,,eq,34,34,0.0909242941,0.0355229637
B,toronto,2026-06-30,20260630T030156-0400,,,eq,34,34,0.0893166396,0.033450333
B,toronto,2026-06-30,20260630T040807-0400,,,eq,34,34,0.120510065,0.0331064346
B,toronto,2026-06-30,20260630T050233-0400,,,eq,34,34,0.169668589,0.0489593138
B,toronto,2026-06-30,20260630T060154-0400,,,eq,34,34,0.0463339143,0.0465358191
B,toronto,2026-06-30,20260630T070020-0400,,,eq,34,34,0.0462432157,0.0464492144
B,toronto,2026-06-30,20260630T080154-0400,,,eq,34,34,0.106344508,0.112987691
B,toronto,2026-06-30,20260630T090131-0400,,,eq,34,34,0.0268453704,0.0266719171
B,toronto,2026-06-30,20260630T102225-0400,,,eq,34,34,0.0162696959,0.0153255895
B,toronto,2026-06-30,20260630T110821-0400,,,eq,34,34,0.0106548791,0.0109070358
B,toronto,2026-06-30,20260630T120924-0400,,,eq,34,34,0.00347424447,0.00637258907
B,toronto,2026-06-30,20260630T130145-0400,,,eq,34,34,0.0867695439,0.042091832
B,toronto,2026-06-30,20260630T140201-0400,,,eq,34,34,0.22733384,0.321783558
B,toronto,2026-06-30,20260630T150301-0400,,,eq,34,34,0.966240841,0.972709326
B,toronto,2026-06-30,20260630T160021-0400,,,eq,34,34,0.598380763,0.848505354
B,toronto,2026-06-30,20260630T170357-0400,,,eq,34,34,0.873180739,0.859193697
B,toronto,2026-06-30,20260630T180738-0400,,,eq,34,34,0.890084258,0.903429118
B,toronto,2026-06-30,20260630T190155-0400,,,eq,34,34,0.940406408,0.971901144
B,toronto,2026-06-30,20260630T200209-0400,,,eq,34,34,0.920838468,0.991906762
B,toronto,2026-06-30,20260630T210548-0400,,,eq,34,34,0.920003679,0.991906912
B,toronto,2026-06-30,20260630T220020-0400,,,eq,34,34,0.920003679,0.991906912
B,toronto,2026-06-30,20260630T230418-0400,,,eq,34,34,0.920003679,0.991906912
C,atlanta,2026-07-01,20260701T000039-0400,,,eq,94,95,0.365931099,0.365931099
C,atlanta,2026-07-01,20260701T010405-0400,,,eq,94,95,0.365931099,0.365931099
C,atlanta,2026-07-01,20260701T020733-0400,,,eq,94,95,0.355513551,0.355513551
C,atlanta,2026-07-01,20260701T030218-0400,,,eq,94,95,0.184386918,0.184386918
C,atlanta,2026-07-01,20260701T040547-0400,,,eq,94,95,0.184386918,0.184386918
C,atlanta,2026-07-01,20260701T050008-0400,,,eq,94,95,0.184386918,0.184386918
C,atlanta,2026-07-01,20260701T060339-0400,,,eq,94,95,0.175370362,0.175370362
C,atlanta,2026-07-01,20260701T070705-0400,,,eq,94,95,0.175370362,0.175370362
C,atlanta,2026-07-01,20260701T080139-0400,,,eq,94,95,0.13088409,0.13088409
C,atlanta,2026-07-01,20260701T090508-0400,,,eq,94,95,0.440718063,0.440718063
C,atlanta,2026-07-01,20260701T100555-0400,,,eq,94,95,0.60652863,0.60652863
C,atlanta,2026-07-01,20260701T110627-0400,,,eq,94,95,0.421294858,0.421294858
C,atlanta,2026-07-01,20260701T121207-0400,,,eq,94,95,0.609967458,0.609967458
C,atlanta,2026-07-01,20260701T131058-0400,,,eq,94,95,0.55219453,0.55219453
C,atlanta,2026-07-01,20260701T140544-0400,,,eq,94,95,0.537347739,0.537347739
C,atlanta,2026-07-01,20260701T150028-0400,,,eq,94,95,0.835018589,0.835018589
C,atlanta,2026-07-01,20260701T160650-0400,,,eq,94,95,0.797105863,0.797105863
C,atlanta,2026-07-01,20260701T170452-0400,,,eq,94,95,0.669685949,0.669685949
C,atlanta,2026-07-01,20260701T180828-0400,,,eq,94,95,0.0157343501,0.0157343501
C,atlanta,2026-07-01,20260701T190155-0400,,,eq,94,95,0.0127580261,0.0127580261
C,atlanta,2026-07-01,20260701T200600-0400,,,eq,94,95,0.0317063632,0.0317063632
C,atlanta,2026-07-01,20260701T210041-0400,,,eq,94,95,0.0487273992,0.0487273992
C,atlanta,2026-07-01,20260701T220443-0400,,,eq,94,95,0.0692747761,0.0692747761
C,atlanta,2026-07-01,20260701T230839-0400,,,eq,94,95,0.0692747761,0.0692747761
C,atlanta,2026-07-02,20260702T000111-0400,,,eq,98,99,0.0162663891,0.0162663891
C,atlanta,2026-07-02,20260702T010441-0400,,,eq,98,99,0.0162663891,0.0162663891
C,atlanta,2026-07-02,20260702T020814-0400,,,eq,98,99,0.0162663891,0.0162663891
C,atlanta,2026-07-02,20260702T030249-0400,,,eq,98,99,0.0160110954,0.0160110954
C,atlanta,2026-07-02,20260702T040625-0400,,,eq,98,99,0.0158387025,0.0158387025
C,atlanta,2026-07-02,20260702T050048-0400,,,eq,98,99,0.0156546787,0.0156546787
C,atlanta,2026-07-02,20260702T060414-0400,,,eq,98,99,0.0156546787,0.0156546787
C,atlanta,2026-07-02,20260702T070745-0400,,,eq,98,99,0.0156546787,0.0156546787
C,atlanta,2026-07-02,20260702T080213-0400,,,eq,98,99,0.0170127182,0.0170127182
C,atlanta,2026-07-02,20260702T090545-0400,,,eq,98,99,0.0185190215,0.0185190215
C,atlanta,2026-07-02,20260702T100228-0400,,,eq,98,99,0.0202060165,0.0202060165
C,atlanta,2026-07-02,20260702T110322-0400,,,eq,98,99,0.0297766664,0.0297766664
C,atlanta,2026-07-02,20260702T120026-0400,,,eq,98,99,0.0321959268,0.0321959268
C,atlanta,2026-07-02,20260702T130407-0400,,,eq,98,99,0.0280343908,0.0280343908
C,atlanta,2026-07-02,20260702T140756-0400,,,eq,98,99,0.0843351234,0.0843351234
C,atlanta,2026-07-02,20260702T150243-0400,,,eq,98,99,0.0444249013,0.0444249013
C,atlanta,2026-07-02,20260702T160620-0400,,,eq,98,99,0.247857305,0.247857305
C,atlanta,2026-07-02,20260702T170042-0400,,,eq,98,99,0.884887688,0.884887688
C,atlanta,2026-07-02,20260702T181436-0400,,,eq,98,99,0.964088327,0.963400785
C,atlanta,2026-07-02,20260702T190019-0400,,,eq,98,99,0.998963177,0.991596127
C,atlanta,2026-07-02,20260702T200412-0400,,,eq,98,99,0.932657606,0.915153684
C,atlanta,2026-07-02,20260702T210804-0400,,,eq,98,99,0.935161907,0.914819494
C,atlanta,2026-07-02,20260702T220551-0400,,,eq,98,99,0.924872004,0.90969835
C,atlanta,2026-07-02,20260702T230040-0400,,,eq,98,99,0.959368666,0.94939904
C,atlanta,2026-07-03,20260703T000142-0400,,,eq,92,93,0.0945813655,0.106406525
C,atlanta,2026-07-03,20260703T011621-0400,,,eq,92,93,0.0945813655,0.106406525
C,atlanta,2026-07-03,20260703T020716-0400,,,eq,92,93,0.0969226065,0.118187836
C,atlanta,2026-07-03,20260703T030056-0400,,,eq,92,93,0.0834546666,0.0957717217
C,atlanta,2026-07-03,20260703T040434-0400,,,eq,92,93,0.0794270537,0.0958082949
C,atlanta,2026-07-03,20260703T050802-0400,,,eq,92,93,0.0787916516,0.0951260934
C,atlanta,2026-07-03,20260703T060223-0400,,,eq,92,93,0.0791855173,0.0953369286
C,atlanta,2026-07-03,20260703T070554-0400,,,eq,92,93,0.0787916516,0.0951260934
C,atlanta,2026-07-03,20260703T080031-0400,,,eq,92,93,0.0926964712,0.106998065
C,atlanta,2026-07-03,20260703T090410-0400,,,eq,92,93,0.117985304,0.119583009
C,atlanta,2026-07-03,20260703T100418-0400,,,eq,92,93,0.0975308086,0.0992387035
C,atlanta,2026-07-03,20260703T110719-0400,,,eq,92,93,0.149447722,0.185170644
C,atlanta,2026-07-03,20260703T120156-0400,,,eq,92,93,0.0921853568,0.218994135
C,atlanta,2026-07-03,20260703T131210-0400,,,eq,92,93,0.066154329,0.165984142
C,atlanta,2026-07-03,20260703T140354-0400,,,eq,92,93,0.663425552,0.71464364
C,atlanta,2026-07-03,20260703T152826-0400,,,eq,92,93,0.502210033,0.609949249
C,atlanta,2026-07-03,20260703T160916-0400,,,eq,92,93,0.436290217,0.502322845
C,atlanta,2026-07-03,20260703T170307-0400,,,eq,92,93,0.37056744,0.318326788
C,atlanta,2026-07-03,20260703T182659-0400,,,eq,92,93,0.187252284,0.219938082
C,atlanta,2026-07-03,20260703T190323-0400,,,eq,92,93,0.121417252,0.0904383796
C,atlanta,2026-07-03,20260703T204434541684-0400,,,eq,92,93,0.112826526,0.224421034
C,atlanta,2026-07-03,20260703T211225103743-0400,,,eq,92,93,0.112821318,0.224416358
C,atlanta,2026-07-03,20260703T223010335735-0400,,,eq,92,93,0.112826526,0.224421034
C,atlanta,2026-07-03,20260703T231527955213-0400,,,eq,92,93,0.11286593,0.224619194
C,atlanta,2026-07-05,20260705T000052812248-0400,,,eq,92,93,0.218439053,0.24272848
C,atlanta,2026-07-05,20260705T010450750157-0400,,,eq,92,93,0.218439053,0.24272848
C,atlanta,2026-07-05,20260705T020823623335-0400,,,eq,92,93,0.267218385,0.234563712
C,atlanta,2026-07-05,20260705T030250193995-0400,,,eq,92,93,0.158772719,0.140232062
C,atlanta,2026-07-05,20260705T040625027889-0400,,,eq,92,93,0.188029214,0.140232062
C,atlanta,2026-07-05,20260705T050046755303-0400,,,eq,92,93,0.196583805,0.140629773
C,atlanta,2026-07-05,20260705T060409585649-0400,,,eq,92,93,0.149237146,0.140629773
C,atlanta,2026-07-05,20260705T070745000656-0400,,,eq,92,93,0.12838252,0.142748454
C,atlanta,2026-07-05,20260705T080210863288-0400,,,eq,92,93,0.144583131,0.158924524
C,atlanta,2026-07-05,20260705T090546147105-0400,,,eq,92,93,0.159014881,0.163423228
C,atlanta,2026-07-05,20260705T101135471886-0400,,,eq,92,93,0.168240963,0.141328658
C,atlanta,2026-07-05,20260705T110646317825-0400,,,eq,92,93,0.295019511,0.259655863
C,atlanta,2026-07-05,20260705T120903629957-0400,,,eq,92,93,0.15561544,0.257281367
C,atlanta,2026-07-05,20260705T130329318979-0400,,,eq,92,93,0.281878998,0.312452783
C,atlanta,2026-07-05,20260705T140029921655-0400,,,eq,92,93,0.195690166,0.295287426
C,atlanta,2026-07-05,20260705T150139551421-0400,,,eq,92,93,0.473675593,0.528827919
C,atlanta,2026-07-05,20260705T160515384320-0400,,,eq,92,93,0.076778793,0.262543939
C,atlanta,2026-07-05,20260705T170854493253-0400,,,eq,92,93,0.289215066,0.294944476
C,atlanta,2026-07-05,20260705T180743113796-0400,,,eq,92,93,0.115840884,0.108651611
C,atlanta,2026-07-05,20260705T190615073696-0400,,,eq,92,93,0.0634512659,0.0477628393
C,atlanta,2026-07-05,20260705T202704544107-0400,,,eq,92,93,0.06257427,0.137441214
C,atlanta,2026-07-05,20260705T210327479383-0400,,,eq,92,93,0.0621935116,0.0832172736
C,atlanta,2026-07-05,20260705T221145281875-0400,,,eq,92,93,0.0770469738,0.113672198
C,atlanta,2026-07-05,20260705T230409787065-0400,,,eq,92,93,0.0770445769,0.11366837
C,atlanta,2026-07-07,20260707T001517109010-0400,,,eq,92,93,0.120428327,0.126019842
C,atlanta,2026-07-07,20260707T010518419811-0400,,,eq,92,93,0.120428327,0.126019842
C,atlanta,2026-07-07,20260707T020114312135-0400,,,eq,92,93,0.154329879,0.130460561
C,atlanta,2026-07-07,20260707T030836318172-0400,,,eq,92,93,0.147424517,0.126450259
C,atlanta,2026-07-07,20260707T040310998233-0400,,,eq,92,93,0.177973431,0.18834933
C,atlanta,2026-07-07,20260707T050650043938-0400,,,eq,92,93,0.178366041,0.18834933
C,atlanta,2026-07-07,20260707T060110270913-0400,,,eq,92,93,0.179882258,0.186614475
C,atlanta,2026-07-07,20260707T070436493431-0400,,,eq,92,93,0.180408564,0.186614475
C,atlanta,2026-07-07,20260707T080808879493-0400,,,eq,92,93,0.174744196,0.173508804
C,atlanta,2026-07-07,20260707T090243168961-0400,,,eq,92,93,0.167153311,0.178500721
C,atlanta,2026-07-07,20260707T100133822016-0400,,,eq,92,93,0.30803262,0.272734008
C,atlanta,2026-07-07,20260707T111010331714-0400,,,eq,92,93,0.40834207,0.220033332
C,atlanta,2026-07-07,20260707T120813802576-0400,,,eq,92,93,0.198448338,0.197210501
C,atlanta,2026-07-07,20260707T130403790603-0400,,,eq,92,93,0.263238326,0.3574808
C,atlanta,2026-07-07,20260707T141023952315-0400,,,eq,92,93,0.368636342,0.350492165
C,atlanta,2026-07-07,20260707T150138072523-0400,,,eq,92,93,0.504569093,0.556324622
C,atlanta,2026-07-07,20260707T161114859386-0400,,,eq,92,93,0.753266751,0.79338743
C,atlanta,2026-07-07,20260707T170942093046-0400,,,eq,92,93,0.597697288,0.599647911
C,atlanta,2026-07-07,20260707T180042582494-0400,,,eq,92,93,0.7054224,0.668907341
C,atlanta,2026-07-07,20260707T190416264811-0400,,,eq,92,93,0.629126252,0.66151388
C,atlanta,2026-07-07,20260707T200748556334-0400,,,eq,92,93,0.615760104,0.622779641
C,atlanta,2026-07-07,20260707T210234054077-0400,,,eq,92,93,0.357381904,0.357646357
C,atlanta,2026-07-07,20260707T220616493671-0400,,,eq,92,93,0.178223772,0.320453288
C,atlanta,2026-07-07,20260707T230059687469-0400,,,eq,92,93,0.178176185,0.320229122
C,atlanta,2026-07-08,20260708T000051885643-0400,,,eq,92,93,0.244928665,0.266851365
C,atlanta,2026-07-08,20260708T010519863072-0400,,,eq,92,93,0.198571901,0.208242334
C,atlanta,2026-07-08,20260708T020852893129-0400,,,eq,92,93,0.198571901,0.208242334
C,atlanta,2026-07-08,20260708T030320618067-0400,,,eq,92,93,0.235415242,0.205426496
C,atlanta,2026-07-08,20260708T040651070736-0400,,,eq,92,93,0.20437979,0.211923548
C,atlanta,2026-07-08,20260708T050113751617-0400,,,eq,92,93,0.228253798,0.208902806
C,atlanta,2026-07-08,20260708T060444849283-0400,,,eq,92,93,0.199654653,0.208902806
C,atlanta,2026-07-08,20260708T070815742255-0400,,,eq,92,93,0.194724723,0.204928454
C,atlanta,2026-07-08,20260708T080248732475-0400,,,eq,92,93,0.24287946,0.24260965
C,atlanta,2026-07-08,20260708T090634933453-0400,,,eq,92,93,0.187648904,0.187648904
C,atlanta,2026-07-08,20260708T100835003123-0400,,,eq,92,93,0.30436257,0.251623911
C,atlanta,2026-07-08,20260708T110309777338-0400,,,eq,92,93,0.261226442,0.233267016
C,atlanta,2026-07-08,20260708T120402326745-0400,,,eq,92,93,0.341975652,0.429686004
C,atlanta,2026-07-08,20260708T130342216724-0400,,,eq,92,93,0.309086424,0.359061915
C,atlanta,2026-07-08,20260708T141242055811-0400,,,eq,92,93,0.116936759,0.116936759
C,atlanta,2026-07-08,20260708T150902088155-0400,,,eq,92,93,0.57133997,0.640738448
C,atlanta,2026-07-08,20260708T160037933048-0400,,,eq,92,93,0.5791985,0.564437766
C,atlanta,2026-07-08,20260708T171343663221-0400,,,eq,92,93,0.43965996,0.440545228
C,atlanta,2026-07-08,20260708T180829647753-0400,,,eq,92,93,0.404395917,0.40235815
C,atlanta,2026-07-08,20260708T190243771645-0400,,,eq,92,93,0.607088503,0.607205513
C,atlanta,2026-07-08,20260708T200014935541-0400,,,eq,92,93,0.41108451,0.414877024
C,atlanta,2026-07-08,20260708T210732164985-0400,,,eq,92,93,0.199810856,0.254386436
C,atlanta,2026-07-08,20260708T220049234331-0400,,,eq,92,93,0.105962711,0.182362718
C,atlanta,2026-07-08,20260708T230445418263-0400,,,eq,92,93,0.116918923,0.225155846
C,atlanta,2026-07-09,20260709T000011093767-0400,,,eq,94,95,0.0850699062,0.0739761417
C,atlanta,2026-07-09,20260709T010341725394-0400,,,eq,94,95,0.102187148,0.0735382881
C,atlanta,2026-07-09,20260709T020713148269-0400,,,eq,94,95,0.101749596,0.0735382881
C,atlanta,2026-07-09,20260709T030154992779-0400,,,eq,94,95,0.101003134,0.0732636585
C,atlanta,2026-07-09,20260709T040528739860-0400,,,eq,94,95,0.10341743,0.0731854546
C,atlanta,2026-07-09,20260709T050853494157-0400,,,eq,94,95,0.14835523,0.107008567
C,atlanta,2026-07-09,20260709T060317907903-0400,,,eq,94,95,0.0430316895,0.0359003514
C,atlanta,2026-07-09,20260709T070657104941-0400,,,eq,94,95,0.0430316895,0.0359003514
C,atlanta,2026-07-09,20260709T080123584989-0400,,,eq,94,95,0.140832897,0.0994998915
C,atlanta,2026-07-09,20260709T090008191577-0400,,,eq,94,95,0.117508795,0.134198867
C,atlanta,2026-07-09,20260709T100532543238-0400,,,eq,94,95,0.201652617,0.190884199
C,atlanta,2026-07-09,20260709T111026187785-0400,,,eq,94,95,0.141625074,0.0872602622
C,atlanta,2026-07-09,20260709T120036426618-0400,,,eq,94,95,0.161822979,0.109538795
C,atlanta,2026-07-09,20260709T130058792356-0400,,,eq,94,95,0.153579718,0.118267949
C,atlanta,2026-07-09,20260709T141647605621-0400,,,eq,94,95,0.365329267,0.251238898
C,atlanta,2026-07-09,20260709T150739022997-0400,,,eq,94,95,0.508314705,0.815831591
C,atlanta,2026-07-09,20260709T160806135228-0400,,,eq,94,95,0.901557252,0.869493577
C,atlanta,2026-07-09,20260709T170437544184-0400,,,eq,94,95,0.875758559,0.875834161
C,atlanta,2026-07-09,20260709T180645042702-0400,,,eq,94,95,0.964891535,0.768781807
C,atlanta,2026-07-09,20260709T191306374138-0400,,,eq,94,95,0.975214735,0.971414339
C,atlanta,2026-07-09,20260709T200403078585-0400,,,eq,94,95,0.931934517,0.898317116
C,atlanta,2026-07-09,20260709T213140569548-0400,,,eq,94,95,0.961027183,0.955733048
C,atlanta,2026-07-09,20260709T220558225247-0400,,,eq,94,95,0.960938663,0.955625657
C,atlanta,2026-07-09,20260709T230624453938-0400,,,eq,94,95,0.960935806,0.955625514
C,atlanta,2026-07-10,20260710T000228882522-0400,,,eq,92,93,0.237125755,0.250549221
C,atlanta,2026-07-10,20260710T010627651989-0400,,,eq,92,93,0.23735436,0.250549221
C,atlanta,2026-07-10,20260710T021134559428-0400,,,eq,92,93,0.218261475,0.227670223
C,atlanta,2026-07-10,20260710T030805911318-0400,,,eq,92,93,0.218356799,0.225204957
C,atlanta,2026-07-10,20260710T040232147368-0400,,,eq,92,93,0.21959093,0.226519389
C,atlanta,2026-07-10,20260710T050900434296-0400,,,eq,92,93,0.212474064,0.223553624
C,atlanta,2026-07-10,20260710T060703233558-0400,,,eq,92,93,0.217272797,0.226519389
C,atlanta,2026-07-10,20260710T070140450873-0400,,,eq,92,93,0.214038859,0.223553624
C,atlanta,2026-07-10,20260710T080504050578-0400,,,eq,92,93,0.296610458,0.276086903
C,atlanta,2026-07-10,20260710T090841136933-0400,,,eq,92,93,0.271999833,0.318256222
C,atlanta,2026-07-10,20260710T103059844587-0400,,,eq,92,93,0.328418473,0.290635723
C,atlanta,2026-07-10,20260710T110620629242-0400,,,eq,92,93,0.609345257,0.304238702
C,atlanta,2026-07-10,20260710T120031887849-0400,,,eq,92,93,0.534199897,0.491077932
C,atlanta,2026-07-10,20260710T130058353853-0400,,,eq,92,93,0.447612277,0.562486339
C,atlanta,2026-07-10,20260710T140107933221-0400,,,eq,92,93,0.766744753,0.835005531
C,atlanta,2026-07-10,20260710T151456713287-0400,,,eq,92,93,0.807497561,0.950937979
C,atlanta,2026-07-10,20260710T160149653888-0400,,,eq,92,93,0.666368435,0.922306656
C,atlanta,2026-07-10,20260710T170106769680-0400,,,eq,92,93,0.593634145,0.597295201
C,atlanta,2026-07-10,20260710T181507363691-0400,,,eq,92,93,0.50568735,0.540857175
C,atlanta,2026-07-10,20260710T190357807527-0400,,,eq,92,93,0.441829342,0.346101489
C,atlanta,2026-07-10,20260710T200854903614-0400,,,eq,92,93,0.440629148,0.665128492
C,atlanta,2026-07-10,20260710T210035911243-0400,,,eq,92,93,0.427298841,0.608905187
C,atlanta,2026-07-10,20260710T223042526653-0400,,,eq,92,93,0.427083617,0.608624979
C,atlanta,2026-07-10,20260710T230739233580-0400,,,eq,92,93,0.427083617,0.608624979
C,atlanta,2026-07-11,20260711T000013212275-0400,,,eq,94,95,0.0940294505,0.0676791434
C,atlanta,2026-07-11,20260711T010346342978-0400,,,eq,94,95,0.0940294505,0.0676791434
C,atlanta,2026-07-11,20260711T020455742423-0400,,,eq,94,95,0.0290786636,0.0199277002
C,atlanta,2026-07-11,20260711T031931452671-0400,,,eq,94,95,0.0926948624,0.0676086347
C,atlanta,2026-07-11,20260711T044047028683-0400,,,eq,94,95,0.055891391,0.0298053165
C,atlanta,2026-07-11,20260711T050054849140-0400,,,eq,94,95,0.0615755505,0.0316122765
C,atlanta,2026-07-11,20260711T060429849904-0400,,,eq,94,95,0.0689682055,0.0326982649
C,atlanta,2026-07-11,20260711T070756084918-0400,,,eq,94,95,0.0425246725,0.0326982649
C,atlanta,2026-07-11,20260711T080246847378-0400,,,eq,94,95,0.0516797454,0.0415620019
C,atlanta,2026-07-11,20260711T090639694412-0400,,,eq,94,95,0.169656894,0.191939186
C,atlanta,2026-07-11,20260711T103808276951-0400,,,eq,94,95,0.0273854541,0.0196735331
C,atlanta,2026-07-11,20260711T111159932024-0400,,,eq,94,95,0.13564323,0.0629155644
C,atlanta,2026-07-11,20260711T120526425934-0400,,,eq,94,95,0.0762401746,0.034682824
C,atlanta,2026-07-11,20260711T130515355735-0400,,,eq,94,95,0.0770069986,0.0382088487
C,atlanta,2026-07-11,20260711T140651197420-0400,,,eq,94,95,0.0643612416,0.018425727
C,atlanta,2026-07-11,20260711T150736111848-0400,,,eq,94,95,0.310380476,0.150554856
C,atlanta,2026-07-11,20260711T160458950690-0400,,,eq,94,95,0.997047425,0.983770456
C,atlanta,2026-07-11,20260711T170113765661-0400,,,eq,94,95,0.992801922,0.995774981
C,atlanta,2026-07-11,20260711T180819740129-0400,,,eq,94,95,0.953294103,0.918184612
C,atlanta,2026-07-11,20260711T190505197568-0400,,,eq,94,95,0.969497886,0.989452113
C,atlanta,2026-07-11,20260711T200819519797-0400,,,eq,94,95,0.731963191,0.885762953
C,atlanta,2026-07-11,20260711T211338923244-0400,,,eq,94,95,0.86326244,0.959462253
C,atlanta,2026-07-11,20260711T221647441624-0400,,,eq,94,95,0.787189355,0.934262803
C,atlanta,2026-07-14,20260714T000040565098-0400,,,eq,84,85,0.217192899,0.23083253
C,atlanta,2026-07-14,20260714T010721004483-0400,,,eq,84,85,0.236365915,0.23083253
C,atlanta,2026-07-14,20260714T020405877078-0400,,,eq,84,85,0.0398790972,0.0454785998
C,atlanta,2026-07-14,20260714T030111538878-0400,,,eq,84,85,0.0384216012,0.0527606258
C,atlanta,2026-07-14,20260714T040508191721-0400,,,eq,84,85,0.0348934126,0.0527606258
C,atlanta,2026-07-14,20260714T050849235993-0400,,,eq,84,85,0.0384216012,0.0527606258
C,atlanta,2026-07-14,20260714T060320259578-0400,,,eq,84,85,0.0384216012,0.0527606258
C,atlanta,2026-07-14,20260714T070659595423-0400,,,eq,84,85,0.109065311,0.127576639
C,atlanta,2026-07-14,20260714T080149991499-0400,,,eq,84,85,0.0513308737,0.0841911347
C,atlanta,2026-07-14,20260714T090827121909-0400,,,eq,84,85,0.165413051,0.356776655
C,atlanta,2026-07-14,20260714T100536341208-0400,,,eq,84,85,0.321574018,0.460917712
C,atlanta,2026-07-14,20260714T110824319115-0400,,,eq,84,85,0.200300761,0.26239309
C,atlanta,2026-07-14,20260714T120402032058-0400,,,eq,84,85,0.205336857,0.259654434
C,atlanta,2026-07-14,20260714T130029632549-0400,,,eq,84,85,0.250284061,0.537667369
C,atlanta,2026-07-14,20260714T140414823641-0400,,,eq,84,85,0.114327958,0.264215459
C,atlanta,2026-07-14,20260714T150803202347-0400,,,eq,84,85,0.585482984,0.53023168
C,atlanta,2026-07-14,20260714T160253340580-0400,,,eq,84,85,0.991764312,0.992634954
C,atlanta,2026-07-14,20260714T170632447782-0400,,,eq,84,85,0.97690052,0.97843683
C,atlanta,2026-07-14,20260714T180155888226-0400,,,eq,84,85,0.972398869,0.972360167
C,atlanta,2026-07-14,20260714T190540651347-0400,,,eq,84,85,0.997386534,0.9975831
C,atlanta,2026-07-14,20260714T200020073351-0400,,,eq,84,85,0.992184016,0.992501984
C,atlanta,2026-07-14,20260714T210408946594-0400,,,eq,84,85,0.992220281,0.992468407
C,atlanta,2026-07-14,20260714T220541140540-0400,,,eq,84,85,0.991949813,0.992248901
C,atlanta,2026-07-14,20260714T230249107616-0400,,,eq,84,85,0.991949813,0.992248901
C,atlanta,2026-07-15,20260715T000221582489-0400,,,eq,88,89,0.0699758775,0.0506169797
C,atlanta,2026-07-15,20260715T011134116716-0400,,,eq,88,89,0.0699758775,0.0506169797
C,atlanta,2026-07-15,20260715T021707077455-0400,,,eq,88,89,0.0695407091,0.0506169797
C,atlanta,2026-07-15,20260715T030334133954-0400,,,eq,88,89,0.063025234,0.0506169797
C,atlanta,2026-07-15,20260715T040715673761-0400,,,eq,88,89,0.063025234,0.0506169797
C,atlanta,2026-07-15,20260715T050143263213-0400,,,eq,88,89,0.063025234,0.0506169797
C,atlanta,2026-07-15,20260715T060515069724-0400,,,eq,88,89,0.0377330807,0.0506169797
C,atlanta,2026-07-15,20260715T070850638952-0400,,,eq,88,89,0.0551216929,0.0701957551
C,atlanta,2026-07-15,20260715T080322492638-0400,,,eq,88,89,0.178615098,0.146532422
C,atlanta,2026-07-15,20260715T090820194844-0400,,,eq,88,89,0.229728679,0.345415083
C,atlanta,2026-07-15,20260715T100259591234-0400,,,eq,88,89,0.282313775,0.422838698
C,atlanta,2026-07-15,20260715T110047759992-0400,,,eq,88,89,0.184151702,0.185456012
C,atlanta,2026-07-15,20260715T120107259864-0400,,,eq,88,89,0.409970698,0.372737857
C,atlanta,2026-07-15,20260715T130451129082-0400,,,eq,88,89,0.189984907,0.125070496
C,atlanta,2026-07-15,20260715T140843872849-0400,,,eq,88,89,0.273005336,0.498783555
C,atlanta,2026-07-15,20260715T150320093465-0400,,,eq,88,89,0.977515197,0.967426729
C,atlanta,2026-07-15,20260715T160717127660-0400,,,eq,88,89,0.975129418,0.982575015
C,atlanta,2026-07-15,20260715T170155556588-0400,,,eq,88,89,0.958399429,0.961170725
C,atlanta,2026-07-15,20260715T180532161186-0400,,,eq,88,89,0.975890537,0.973299807
C,atlanta,2026-07-15,20260715T190004974704-0400,,,eq,88,89,0.978092348,0.977855794
C,atlanta,2026-07-15,20260715T200407568588-0400,,,eq,88,89,0.959319833,0.962223433
C,atlanta,2026-07-15,20260715T210753855012-0400,,,eq,88,89,0.954938161,0.957870829
C,atlanta,2026-07-15,20260715T220147287521-0400,,,eq,88,89,0.95476198,0.957835595
C,atlanta,2026-07-15,20260715T230832013814-0400,,,eq,88,89,0.95476198,0.957835595
C,atlanta,2026-07-16,20260716T000028372911-0400,,,eq,92,93,0.0360978002,0.0296347001
C,atlanta,2026-07-16,20260716T010539150206-0400,,,eq,92,93,0.0360978002,0.0296347001
C,atlanta,2026-07-16,20260716T020051493805-0400,,,eq,92,93,0.0982102245,0.0977642419
C,atlanta,2026-07-16,20260716T030517537566-0400,,,eq,92,93,0.0816567752,0.0859307924
C,atlanta,2026-07-16,20260716T040905740320-0400,,,eq,92,93,0.0809411443,0.0859307924
C,atlanta,2026-07-16,20260716T050336631572-0400,,,eq,92,93,0.0801133565,0.0821998336
C,atlanta,2026-07-16,20260716T060718422318-0400,,,eq,92,93,0.0668941586,0.0720169973
C,atlanta,2026-07-16,20260716T070157138119-0400,,,eq,92,93,0.0700347834,0.0720169973
C,atlanta,2026-07-16,20260716T080544229981-0400,,,eq,92,93,0.0881966787,0.0797809428
C,atlanta,2026-07-16,20260716T090042238879-0400,,,eq,92,93,0.0129038412,0.0164707624
C,atlanta,2026-07-16,20260716T100437973323-0400,,,eq,92,93,0.020789002,0.0190335401
C,atlanta,2026-07-16,20260716T110242649255-0400,,,eq,92,93,0.0135812465,0.00770920693
C,atlanta,2026-07-16,20260716T120652601847-0400,,,eq,92,93,0.009484705,0.00859811733
C,atlanta,2026-07-16,20260716T130136737060-0400,,,eq,92,93,0.00979887776,0.00739318544
C,atlanta,2026-07-16,20260716T140530759160-0400,,,eq,92,93,0.0334857451,0.0317810338
C,atlanta,2026-07-16,20260716T150027596750-0400,,,eq,92,93,0.155087841,0.15505691
C,atlanta,2026-07-16,20260716T160439531260-0400,,,eq,92,93,0.177608542,0.415323576
C,atlanta,2026-07-16,20260716T170837796954-0400,,,eq,92,93,0.319283355,0.432316664
C,atlanta,2026-07-16,20260716T180325899186-0400,,,eq,92,93,0.174115411,0.208408927
C,atlanta,2026-07-16,20260716T190731303484-0400,,,eq,92,93,0.086402902,0.0855847016
C,atlanta,2026-07-16,20260716T200957679897-0400,,,eq,92,93,0.13805942,0.265739126
C,atlanta,2026-07-16,20260716T210609234001-0400,,,eq,92,93,0.117426928,0.186164447
C,atlanta,2026-07-16,20260716T220138543614-0400,,,eq,92,93,0.117426928,0.186164447
C,atlanta,2026-07-16,20260716T230331494112-0400,,,eq,92,93,0.117426928,0.186164447
C,atlanta,2026-07-17,20260717T000036774293-0400,,,eq,88,89,0.12769324,0.123037761
C,atlanta,2026-07-17,20260717T010455920193-0400,,,eq,88,89,0.146175442,0.137552309
C,atlanta,2026-07-17,20260717T020917298140-0400,,,eq,88,89,0.244242146,0.228797586
C,atlanta,2026-07-17,20260717T030424355333-0400,,,eq,88,89,0.178857949,0.169424128
C,atlanta,2026-07-17,20260717T040813471384-0400,,,eq,88,89,0.185078339,0.169424128
C,atlanta,2026-07-17,20260717T050250615693-0400,,,eq,88,89,0.180561171,0.169424128
C,atlanta,2026-07-17,20260717T060633178017-0400,,,eq,88,89,0.17408325,0.166329946
C,atlanta,2026-07-17,20260717T070114508184-0400,,,eq,88,89,0.172509839,0.166329946
C,atlanta,2026-07-17,20260717T080505278309-0400,,,eq,88,89,0.148563725,0.187411709
C,atlanta,2026-07-17,20260717T090925274290-0400,,,eq,88,89,0.197377166,0.227664286
C,atlanta,2026-07-17,20260717T102630283725-0400,,,eq,88,89,0.197672318,0.210228069
C,atlanta,2026-07-17,20260717T110326553102-0400,,,eq,88,89,0.128575197,0.13785037
C,atlanta,2026-07-17,20260717T121411336397-0400,,,eq,88,89,0.179480899,0.144900743
C,atlanta,2026-07-17,20260717T130044736442-0400,,,eq,88,89,0.166053795,0.346269726
C,atlanta,2026-07-17,20260717T140435999588-0400,,,eq,88,89,0.185481865,0.306725609
C,atlanta,2026-07-17,20260717T150847676610-0400,,,eq,88,89,0.358666169,0.344905819
C,atlanta,2026-07-17,20260717T160606907846-0400,,,eq,88,89,0.778400507,0.812550551
C,atlanta,2026-07-17,20260717T170037926978-0400,,,eq,88,89,0.922259128,0.931551447
C,atlanta,2026-07-17,20260717T180456518973-0400,,,eq,88,89,0.971416477,0.967512641
C,atlanta,2026-07-17,20260717T190208706595-0400,,,eq,88,89,0.95493063,0.953166345
C,atlanta,2026-07-17,20260717T200856160523-0400,,,eq,88,89,0.921719853,0.931423169
C,atlanta,2026-07-17,20260717T210346584276-0400,,,eq,88,89,0.921659348,0.931315089
C,atlanta,2026-07-17,20260717T220801205674-0400,,,eq,88,89,0.921737209,0.931239115
C,atlanta,2026-07-17,20260717T230317788818-0400,,,eq,88,89,0.921737209,0.931239115
C,atlanta,2026-07-18,20260718T000021889661-0400,,,eq,92,93,0.221091069,0.236171114
C,atlanta,2026-07-18,20260718T010436228208-0400,,,eq,92,93,0.223521571,0.236171114
C,atlanta,2026-07-18,20260718T020842320018-0400,,,eq,92,93,0.234161781,0.247957054
C,atlanta,2026-07-18,20260718T030329359971-0400,,,eq,92,93,0.21889362,0.230752194
C,atlanta,2026-07-18,20260718T040714320375-0400,,,eq,92,93,0.246456386,0.232564089
C,atlanta,2026-07-18,20260718T050148883857-0400,,,eq,92,93,0.226367798,0.233990326
C,atlanta,2026-07-18,20260718T060525118637-0400,,,eq,92,93,0.224252581,0.230964037
C,atlanta,2026-07-18,20260718T070906631524-0400,,,eq,92,93,0.218972216,0.22664352
C,atlanta,2026-07-18,20260718T080351552324-0400,,,eq,92,93,0.293484391,0.268463905
C,atlanta,2026-07-18,20260718T090738155705-0400,,,eq,92,93,0.216038095,0.217220773
C,atlanta,2026-07-18,20260718T100242239583-0400,,,eq,92,93,0.235320481,0.231339058
C,atlanta,2026-07-18,20260718T110633134793-0400,,,eq,92,93,0.297411896,0.160096982
C,atlanta,2026-07-18,20260718T120106870220-0400,,,eq,92,93,0.291462747,0.264181296
C,atlanta,2026-07-18,20260718T130457885166-0400,,,eq,92,93,0.37459469,0.443994775
C,atlanta,2026-07-18,20260718T140040557109-0400,,,eq,92,93,0.240564469,0.271701004
C,atlanta,2026-07-18,20260718T150333902873-0400,,,eq,92,93,0.476902973,0.487457317
C,atlanta,2026-07-18,20260718T160732260761-0400,,,eq,92,93,0.339688598,0.633604005
C,atlanta,2026-07-18,20260718T170209923169-0400,,,eq,92,93,0.455952436,0.40281435
C,atlanta,2026-07-18,20260718T180612987086-0400,,,eq,92,93,0.215244682,0.369324052
C,atlanta,2026-07-18,20260718T190055728861-0400,,,eq,92,93,0.147872783,0.0916840054
C,atlanta,2026-07-18,20260718T200453387486-0400,,,eq,92,93,0.12998669,0.277250073
C,atlanta,2026-07-18,20260718T210847144205-0400,,,eq,92,93,0.117433468,0.226821667
C,atlanta,2026-07-18,20260718T220344581383-0400,,,eq,92,93,0.117424892,0.226776642
C,atlanta,2026-07-18,20260718T230815952171-0400,,,eq,92,93,0.117424892,0.226776642
C,atlanta,2026-07-19,20260719T000013383972-0400,,,eq,90,91,0.238705966,0.258634539
C,atlanta,2026-07-19,20260719T010421225846-0400,,,eq,90,91,0.254439278,0.258634539
C,atlanta,2026-07-19,20260719T020848962569-0400,,,eq,90,91,0.41487897,0.429018742
C,atlanta,2026-07-19,20260719T030355295308-0400,,,eq,90,91,0.2879937,0.299363766
C,atlanta,2026-07-19,20260719T040754593113-0400,,,eq,90,91,0.244038213,0.249725223
C,atlanta,2026-07-19,20260719T050228589834-0400,,,eq,90,91,0.175547969,0.181077475
C,atlanta,2026-07-19,20260719T060613542015-0400,,,eq,90,91,0.177915155,0.181077475
C,atlanta,2026-07-19,20260719T070049492552-0400,,,eq,90,91,0.180771947,0.181077475
C,atlanta,2026-07-19,20260719T080439450940-0400,,,eq,90,91,0.19314286,0.154878402
C,atlanta,2026-07-19,20260719T090825119748-0400,,,eq,90,91,0.254426858,0.164956874
C,atlanta,2026-07-19,20260719T100729519784-0400,,,eq,90,91,0.152364298,0.13114374
C,atlanta,2026-07-19,20260719T110213005697-0400,,,eq,90,91,0.51816914,0.345980003
C,atlanta,2026-07-19,20260719T120601692968-0400,,,eq,90,91,0.524956271,0.488887264
C,atlanta,2026-07-19,20260719T130040797199-0400,,,eq,90,91,0.105718915,0.105718915
C,atlanta,2026-07-19,20260719T140434012256-0400,,,eq,90,91,0.14761186,0.182920607
C,atlanta,2026-07-19,20260719T150826128334-0400,,,eq,90,91,0.0989559656,0.217297138
C,atlanta,2026-07-19,20260719T160308079841-0400,,,eq,90,91,0.0700913396,0.124276655
C,atlanta,2026-07-19,20260719T171205032866-0400,,,eq,90,91,0.552602612,0.465588317
C,atlanta,2026-07-19,20260719T180500260691-0400,,,eq,90,91,0.780856199,0.84799051
C,atlanta,2026-07-19,20260719T190621314230-0400,,,eq,90,91,0.761564471,0.743486426
C,atlanta,2026-07-19,20260719T202640132871-0400,,,eq,90,91,0.819027507,0.800981003
C,atlanta,2026-07-19,20260719T211351090271-0400,,,eq,90,91,0.771379708,0.762586585
C,atlanta,2026-07-20,20260720T000030090200-0400,,,eq,92,93,0.140914339,0.153809282
C,atlanta,2026-07-20,20260720T010107678460-0400,,,eq,92,93,0.160850033,0.153809282
C,atlanta,2026-07-20,20260720T020509025788-0400,,,eq,92,93,0.141822287,0.154743333
C,atlanta,2026-07-20,20260720T030041511470-0400,,,eq,92,93,0.161608336,0.155125083
C,atlanta,2026-07-20,20260720T040439517956-0400,,,eq,92,93,0.123200069,0.11519829
C,atlanta,2026-07-20,20260720T050819056200-0400,,,eq,92,93,0.169312632,0.156972985
C,atlanta,2026-07-20,20260720T060251732343-0400,,,eq,92,93,0.164874119,0.156972985
C,atlanta,2026-07-20,20260720T070643720158-0400,,,eq,92,93,0.164874119,0.156972985
C,atlanta,2026-07-20,20260720T080125089734-0400,,,eq,92,93,0.167180164,0.171196798
C,atlanta,2026-07-20,20260720T090049865089-0400,,,eq,92,93,0.169091975,0.182750763
C,atlanta,2026-07-20,20260720T100039604729-0400,,,eq,92,93,0.279711761,0.26040506
C,atlanta,2026-07-20,20260720T110852657926-0400,,,eq,92,93,0.110980963,0.120211333
C,atlanta,2026-07-20,20260720T120514341176-0400,,,eq,92,93,0.132880688,0.138046335
C,atlanta,2026-07-20,20260720T130050692673-0400,,,eq,92,93,0.103537132,0.108965863
C,atlanta,2026-07-20,20260720T140316054889-0400,,,eq,92,93,0.319308987,0.303167677
C,atlanta,2026-07-20,20260720T151006255970-0400,,,eq,92,93,0.20125222,0.187224231
C,atlanta,2026-07-20,20260720T162206739522-0400,,,eq,92,93,0.0676499533,0.176831314
C,atlanta,2026-07-20,20260720T170906103060-0400,,,eq,92,93,0.185410194,0.285680606
C,atlanta,2026-07-20,20260720T180924447450-0400,,,eq,92,93,0.0687633347,0.0979242517
C,atlanta,2026-07-20,20260720T190619007927-0400,,,eq,92,93,0.213673295,0.332169696
C,atlanta,2026-07-20,20260720T200123462323-0400,,,eq,92,93,0.114631222,0.178257726
C,atlanta,2026-07-20,20260720T210632986434-0400,,,eq,92,93,0.094011081,0.115544468
C,atlanta,2026-07-20,20260720T220133399206-0400,,,eq,92,93,0.061048784,0.0977891224
C,atlanta,2026-07-20,20260720T230402945967-0400,,,eq,92,93,0.0787666524,0.142057322
C,atlanta,2026-07-21,20260721T000028388876-0400,,,eq,90,91,0.296812415,0.29389399
C,atlanta,2026-07-21,20260721T010126659450-0400,,,eq,90,91,0.279579793,0.29357299
C,atlanta,2026-07-21,20260721T020633682231-0400,,,eq,90,91,0.255230549,0.265575284
C,atlanta,2026-07-21,20260721T030138791255-0400,,,eq,90,91,0.22561633,0.230571976
C,atlanta,2026-07-21,20260721T040528355656-0400,,,eq,90,91,0.256430856,0.258295725
C,atlanta,2026-07-21,20260721T050005803205-0400,,,eq,90,91,0.339017144,0.343910134
C,atlanta,2026-07-21,20260721T060347379142-0400,,,eq,90,91,0.341447081,0.343910134
C,atlanta,2026-07-21,20260721T070732095395-0400,,,eq,90,91,0.201106076,0.204791722
C,atlanta,2026-07-21,20260721T080217406391-0400,,,eq,90,91,0.282871866,0.209615783
C,atlanta,2026-07-21,20260721T090605253591-0400,,,eq,90,91,0.430031512,0.247337604
C,atlanta,2026-07-21,20260721T100051841211-0400,,,eq,90,91,0.195501732,0.193238532
C,atlanta,2026-07-21,20260721T110434478979-0400,,,eq,90,91,0.278181531,0.232794118
C,atlanta,2026-07-21,20260721T120557100665-0400,,,eq,90,91,0.233561788,0.235475264
C,atlanta,2026-07-21,20260721T130044194112-0400,,,eq,90,91,0.246088842,0.224970366
C,atlanta,2026-07-21,20260721T140433155309-0400,,,eq,90,91,0.242433535,0.288034889
C,atlanta,2026-07-21,20260721T150223093670-0400,,,eq,90,91,0.205364695,0.21533311
C,atlanta,2026-07-21,20260721T160804655869-0400,,,eq,90,91,0.207646928,0.168139639
C,atlanta,2026-07-21,20260721T171001336945-0400,,,eq,90,91,0.875682147,0.874983228
C,atlanta,2026-07-21,20260721T180510107381-0400,,,eq,90,91,0.914881022,0.945142413
C,atlanta,2026-07-21,20260721T190302552804-0400,,,eq,90,91,0.958452087,0.983789224
C,atlanta,2026-07-21,20260721T200225511278-0400,,,eq,90,91,0.904176342,0.91277828
C,atlanta,2026-07-21,20260721T210710652246-0400,,,eq,90,91,0.984893643,0.985523938
C,atlanta,2026-07-21,20260721T220233047049-0400,,,eq,90,91,0.985917009,0.985526429
C,atlanta,2026-07-21,20260721T230555602197-0400,,,eq,90,91,0.986379885,0.98636098
C,atlanta,2026-07-22,20260722T000032785153-0400,,,eq,88,89,0.259762884,0.246271928
C,atlanta,2026-07-22,20260722T010428471163-0400,,,eq,88,89,0.261480898,0.245217901
C,atlanta,2026-07-22,20260722T020815731749-0400,,,eq,88,89,0.159864695,0.15901565
C,atlanta,2026-07-22,20260722T030254321567-0400,,,eq,88,89,0.157089177,0.148787385
C,atlanta,2026-07-22,20260722T040640900178-0400,,,eq,88,89,0.180914028,0.174177669
C,atlanta,2026-07-22,20260722T050428545345-0400,,,eq,88,89,0.172610043,0.174177669
C,atlanta,2026-07-22,20260722T060810897849-0400,,,eq,88,89,0.161123005,0.152803488
C,atlanta,2026-07-22,20260722T070252114684-0400,,,eq,88,89,0.159680501,0.152803488
C,atlanta,2026-07-22,20260722T080645606230-0400,,,eq,88,89,0.16934509,0.206668923
C,atlanta,2026-07-22,20260722T090132877737-0400,,,eq,88,89,0.300794843,0.321579225
C,atlanta,2026-07-22,20260722T100513184173-0400,,,eq,88,89,0.339813356,0.406172857
C,atlanta,2026-07-22,20260722T110026557355-0400,,,eq,88,89,0.32812817,0.261836529
C,atlanta,2026-07-22,20260722T120346480907-0400,,,eq,88,89,0.230423439,0.22281161
C,atlanta,2026-07-22,20260722T130028051299-0400,,,eq,88,89,0.355902185,0.341436559
C,atlanta,2026-07-22,20260722T140217559423-0400,,,eq,88,89,0.412980878,0.487976688
C,atlanta,2026-07-22,20260722T150621225557-0400,,,eq,88,89,0.727645275,0.717416319
C,atlanta,2026-07-22,20260722T160118600399-0400,,,eq,88,89,0.846369571,0.880349604
C,atlanta,2026-07-22,20260722T170506227793-0400,,,eq,88,89,0.901350968,0.903495664
C,atlanta,2026-07-22,20260722T180851826934-0400,,,eq,88,89,0.984354086,0.984784808
C,atlanta,2026-07-22,20260722T190337540137-0400,,,eq,88,89,0.991385134,0.991462346
C,atlanta,2026-07-22,20260722T200729556789-0400,,,eq,88,89,0.963783403,0.966016232
C,atlanta,2026-07-22,20260722T210219053120-0400,,,eq,88,89,0.962947192,0.965433673
C,atlanta,2026-07-22,20260722T220652868779-0400,,,eq,88,89,0.962947192,0.965433673
C,atlanta,2026-07-22,20260722T230159248683-0400,,,eq,88,89,0.962947192,0.965433673
C,atlanta,2026-07-23,20260723T000203379374-0400,,,eq,88,89,0.166628139,0.153244616
C,atlanta,2026-07-23,20260723T010548907510-0400,,,eq,88,89,0.165306391,0.151971224
C,atlanta,2026-07-23,20260723T020028170655-0400,,,eq,88,89,0.177346753,0.178088857
C,atlanta,2026-07-23,20260723T030418796420-0400,,,eq,88,89,0.190151941,0.178088857
C,atlanta,2026-07-23,20260723T040806123518-0400,,,eq,88,89,0.188476913,0.178088857
C,atlanta,2026-07-23,20260723T050338189075-0400,,,eq,88,89,0.211115214,0.197920578
C,atlanta,2026-07-23,20260723T060717260170-0400,,,eq,88,89,0.207507729,0.197920578
C,atlanta,2026-07-23,20260723T070202886718-0400,,,eq,88,89,0.161504399,0.151971224
C,atlanta,2026-07-23,20260723T080553876123-0400,,,eq,88,89,0.214642483,0.211556752
C,atlanta,2026-07-23,20260723T090038316221-0400,,,eq,88,89,0.231550015,0.337668412
C,atlanta,2026-07-23,20260723T100417994107-0400,,,eq,88,89,0.430984829,0.430257667
C,atlanta,2026-07-23,20260723T110540371049-0400,,,eq,88,89,0.219934463,0.199615017
C,atlanta,2026-07-23,20260723T120234652408-0400,,,eq,88,89,0.226599189,0.221811845
C,atlanta,2026-07-23,20260723T130620338607-0400,,,eq,88,89,0.336680432,0.303015133
C,atlanta,2026-07-23,20260723T140104865336-0400,,,eq,88,89,0.487046191,0.540345807
C,atlanta,2026-07-23,20260723T150455572530-0400,,,eq,88,89,0.827564632,0.803241705
C,atlanta,2026-07-23,20260723T160849502444-0400,,,eq,88,89,0.541671032,0.657990036
C,atlanta,2026-07-23,20260723T170330797440-0400,,,eq,88,89,0.866717894,0.878302778
C,atlanta,2026-07-23,20260723T180713990337-0400,,,eq,88,89,0.984734416,0.983546829
C,atlanta,2026-07-23,20260723T190152871095-0400,,,eq,88,89,0.971391566,0.971446829
C,atlanta,2026-07-23,20260723T200549766049-0400,,,eq,88,89,0.955007901,0.958370983
C,atlanta,2026-07-23,20260723T210034956434-0400,,,eq,88,89,0.955038576,0.958302247
C,atlanta,2026-07-23,20260723T220443859223-0400,,,eq,88,89,0.904552376,0.916954275
C,atlanta,2026-07-23,20260723T230855960621-0400,,,eq,88,89,0.904177142,0.916884917
C,atlanta,2026-07-24,20260724T000021898120-0400,,,eq,88,89,0.255801655,0.249051316
C,atlanta,2026-07-24,20260724T010406256822-0400,,,eq,88,89,0.237392114,0.249051316
C,atlanta,2026-07-24,20260724T020751795071-0400,,,eq,88,89,0.276563631,0.286609405
C,atlanta,2026-07-24,20260724T030131670853-0400,,,eq,88,89,0.312252156,0.31967328
C,atlanta,2026-07-24,20260724T040612231639-0400,,,eq,88,89,0.23598468,0.237087938
C,atlanta,2026-07-24,20260724T050705521266-0400,,,eq,88,89,0.172767364,0.162691427
C,atlanta,2026-07-24,20260724T060138414360-0400,,,eq,88,89,0.161133919,0.162327227
C,atlanta,2026-07-24,20260724T070519530541-0400,,,eq,88,89,0.0408610124,0.0475471253
C,atlanta,2026-07-24,20260724T080901099937-0400,,,eq,88,89,0.0705507878,0.0801685329
C,atlanta,2026-07-24,20260724T090343712423-0400,,,eq,88,89,0.130353041,0.175810144
C,atlanta,2026-07-24,20260724T100723705432-0400,,,eq,88,89,0.166750201,0.203096367
C,atlanta,2026-07-24,20260724T110158142722-0400,,,eq,88,89,0.0928251191,0.0628061224
C,atlanta,2026-07-24,20260724T120548147321-0400,,,eq,88,89,0.138272204,0.15815827
C,atlanta,2026-07-24,20260724T130024243576-0400,,,eq,88,89,0.256930675,0.170987501
C,atlanta,2026-07-24,20260724T140410985682-0400,,,eq,88,89,0.893094297,0.908989331
C,atlanta,2026-07-24,20260724T150801583064-0400,,,eq,88,89,0.989976029,0.992299357
C,atlanta,2026-07-24,20260724T160253993357-0400,,,eq,88,89,0.988902108,0.991181492
C,atlanta,2026-07-24,20260724T170638259454-0400,,,eq,88,89,0.830807312,0.838426043
C,atlanta,2026-07-24,20260724T180125878120-0400,,,eq,88,89,0.924259608,0.936786409
C,atlanta,2026-07-24,20260724T190510133316-0400,,,eq,88,89,0.91579492,0.911473952
C,atlanta,2026-07-24,20260724T200900510351-0400,,,eq,88,89,0.845808867,0.872873381
C,atlanta,2026-07-24,20260724T210346403917-0400,,,eq,88,89,0.838908947,0.864514366
C,atlanta,2026-07-24,20260724T220757187154-0400,,,eq,88,89,0.838908947,0.864514366
C,atlanta,2026-07-24,20260724T230310926699-0400,,,eq,88,89,0.838114337,0.86370848
C,atlanta,2026-07-25,20260725T000014508732-0400,,,eq,88,89,0.27012238,0.308537192
C,atlanta,2026-07-25,20260725T010426701266-0400,,,eq,88,89,0.266849243,0.313061924
C,atlanta,2026-07-25,20260725T020849425181-0400,,,eq,88,89,0.287928591,0.337446459
C,atlanta,2026-07-25,20260725T030332492094-0400,,,eq,88,89,0.294746118,0.336314058
C,atlanta,2026-07-25,20260725T040722157753-0400,,,eq,88,89,0.378394863,0.337446459
C,atlanta,2026-07-25,20260725T050705405720-0400,,,eq,88,89,0.194937134,0.162765631
C,atlanta,2026-07-25,20260725T060144028663-0400,,,eq,88,89,0.212050348,0.162765631
C,atlanta,2026-07-25,20260725T070526922848-0400,,,eq,88,89,0.25901625,0.24644015
C,atlanta,2026-07-25,20260725T080906863007-0400,,,eq,88,89,0.562993494,0.468476908
C,atlanta,2026-07-25,20260725T090352351305-0400,,,eq,88,89,0.204382724,0.271765773
C,atlanta,2026-07-25,20260725T100731694186-0400,,,eq,88,89,0.137234836,0.143689585
C,atlanta,2026-07-25,20260725T110207393704-0400,,,eq,88,89,0.0153319632,0.0129412481
C,atlanta,2026-07-25,20260725T120549679806-0400,,,eq,88,89,0.0691657351,0.0669362428
C,atlanta,2026-07-25,20260725T130041961413-0400,,,eq,88,89,0.301653342,0.187064597
C,atlanta,2026-07-25,20260725T140430968208-0400,,,eq,88,89,0.928924232,0.916549824
C,atlanta,2026-07-25,20260725T150633267961-0400,,,eq,88,89,0.98249883,0.978513935
C,atlanta,2026-07-25,20260725T160306542511-0400,,,eq,88,89,0.953463946,0.965092464
C,atlanta,2026-07-25,20260725T170646196115-0400,,,eq,88,89,0.846886476,0.85756123
C,atlanta,2026-07-25,20260725T180130302053-0400,,,eq,88,89,0.944236316,0.949832916
C,atlanta,2026-07-25,20260725T190527226073-0400,,,eq,88,89,0.949668507,0.956857184
C,atlanta,2026-07-25,20260725T200011722473-0400,,,eq,88,89,0.860998297,0.875108014
C,atlanta,2026-07-25,20260725T210406257729-0400,,,eq,88,89,0.838870383,0.866976508
C,atlanta,2026-07-25,20260725T220818643526-0400,,,eq,88,89,0.837810062,0.866190223
C,atlanta,2026-07-25,20260725T230135982227-0400,,,eq,88,89,0.837810062,0.866190223
C,atlanta,2026-07-26,20260726T000447537402-0400,,,eq,90,91,0.181468716,0.182448176
C,atlanta,2026-07-26,20260726T010853804950-0400,,,eq,90,91,0.181468716,0.182448176
C,atlanta,2026-07-26,20260726T020340373958-0400,,,eq,90,91,0.182021624,0.182448176
C,atlanta,2026-07-26,20260726T030749701514-0400,,,eq,90,91,0.250792709,0.251637277
C,atlanta,2026-07-26,20260726T040228358789-0400,,,eq,90,91,0.251031823,0.254444916
C,atlanta,2026-07-26,20260726T050922549294-0400,,,eq,90,91,0.236583015,0.242703319
C,atlanta,2026-07-26,20260726T060219882358-0400,,,eq,90,91,0.235642169,0.242703319
C,atlanta,2026-07-26,20260726T070604896465-0400,,,eq,90,91,0.251572956,0.251637277
C,atlanta,2026-07-26,20260726T080043677027-0400,,,eq,90,91,0.278199459,0.242746078
C,atlanta,2026-07-26,20260726T090432892197-0400,,,eq,90,91,0.236175454,0.229716291
C,atlanta,2026-07-26,20260726T100811094567-0400,,,eq,90,91,0.216148207,0.217999262
C,atlanta,2026-07-26,20260726T110246059405-0400,,,eq,90,91,0.217980805,0.197277827
C,atlanta,2026-07-26,20260726T120626310682-0400,,,eq,90,91,0.278068364,0.207451052
C,atlanta,2026-07-26,20260726T130110405992-0400,,,eq,90,91,0.218928992,0.268913564
C,atlanta,2026-07-26,20260726T140454588182-0400,,,eq,90,91,0.407643319,0.345618391
C,atlanta,2026-07-26,20260726T150843883641-0400,,,eq,90,91,0.746616126,0.82926552
C,atlanta,2026-07-26,20260726T160335182297-0400,,,eq,90,91,0.428889644,0.46280016
C,atlanta,2026-07-26,20260726T170721564714-0400,,,eq,90,91,0.69499094,0.66498228
C,atlanta,2026-07-26,20260726T180158592203-0400,,,eq,90,91,0.943310207,0.958857633
C,atlanta,2026-07-26,20260726T190030459764-0400,,,eq,90,91,0.951289415,0.960544031
C,atlanta,2026-07-26,20260726T200024269377-0400,,,eq,90,91,0.912263701,0.865111738
C,atlanta,2026-07-26,20260726T210413897525-0400,,,eq,90,91,0.966935428,0.944808182
C,atlanta,2026-07-26,20260726T220816519952-0400,,,eq,90,91,0.964553401,0.943061255
C,atlanta,2026-07-26,20260726T230325644729-0400,,,eq,90,91,0.964714897,0.947146641
C,atlanta,2026-07-27,20260727T000042906900-0400,,,eq,90,91,0.118134078,0.124938227
C,atlanta,2026-07-27,20260727T010512865064-0400,,,eq,90,91,0.102930455,0.124318587
C,atlanta,2026-07-27,20260727T020859832098-0400,,,eq,90,91,0.102310688,0.123659211
C,atlanta,2026-07-27,20260727T030339739014-0400,,,eq,90,91,0.114280485,0.1317989
C,atlanta,2026-07-27,20260727T040725743958-0400,,,eq,90,91,0.11316569,0.131674964
C,atlanta,2026-07-27,20260727T050230577120-0400,,,eq,90,91,0.143188111,0.157909541
C,atlanta,2026-07-27,20260727T060644067120-0400,,,eq,90,91,0.143188111,0.157909541
C,atlanta,2026-07-27,20260727T070120992127-0400,,,eq,90,91,0.14093132,0.157909541
C,atlanta,2026-07-27,20260727T080504841231-0400,,,eq,90,91,0.125778257,0.12379798
C,atlanta,2026-07-27,20260727T090851466377-0400,,,eq,90,91,0.174901142,0.140222947
C,atlanta,2026-07-27,20260727T100326210130-0400,,,eq,90,91,0.122673739,0.120194981
C,atlanta,2026-07-27,20260727T110719581554-0400,,,eq,90,91,0.141598511,0.130853618
C,atlanta,2026-07-27,20260727T120202166403-0400,,,eq,90,91,0.154452001,0.140555
C,atlanta,2026-07-27,20260727T130549762980-0400,,,eq,90,91,0.099043245,0.0984479763
C,atlanta,2026-07-27,20260727T140033601147-0400,,,eq,90,91,0.116606538,0.107745909
C,atlanta,2026-07-27,20260727T150428839565-0400,,,eq,90,91,0.611241184,0.715925971
C,atlanta,2026-07-27,20260727T160825550604-0400,,,eq,90,91,0.723703663,0.836379454
C,atlanta,2026-07-27,20260727T170302345849-0400,,,eq,90,91,0.82574809,0.77059385
C,atlanta,2026-07-27,20260727T180649260693-0400,,,eq,90,91,0.64218141,0.846576782
C,atlanta,2026-07-27,20260727T190138055894-0400,,,eq,90,91,0.822926119,0.857498085
C,atlanta,2026-07-27,20260727T200529868318-0400,,,eq,90,91,0.830234177,0.810715978
C,atlanta,2026-07-27,20260727T210014753411-0400,,,eq,90,91,0.781265025,0.756056753
C,atlanta,2026-07-27,20260727T220431946675-0400,,,eq,90,91,0.847766543,0.834704187
C,atlanta,2026-07-27,20260727T230846051766-0400,,,eq,90,91,0.847766543,0.834704187
C,atlanta,2026-07-28,20260728T000027936624-0400,,,eq,94,95,0.383217862,0.354197522
C,atlanta,2026-07-28,20260728T010444061757-0400,,,eq,94,95,0.368499881,0.352242188
C,atlanta,2026-07-28,20260728T020913751908-0400,,,eq,94,95,0.374256646,0.351852979
C,atlanta,2026-07-28,20260728T030444777382-0400,,,eq,94,95,0.376639067,0.351852979
C,atlanta,2026-07-28,20260728T040849894777-0400,,,eq,94,95,0.455000703,0.351501777
C,atlanta,2026-07-28,20260728T050455285858-0400,,,eq,94,95,0.455000703,0.351501777
C,atlanta,2026-07-28,20260728T060835836914-0400,,,eq,94,95,0.458115468,0.351501777
C,atlanta,2026-07-28,20260728T070314497087-0400,,,eq,94,95,0.455000703,0.351501777
C,atlanta,2026-07-28,20260728T080659125812-0400,,,eq,94,95,0.345479621,0.241975897
C,atlanta,2026-07-28,20260728T090142746213-0400,,,eq,94,95,0.141003017,0.139069139
C,atlanta,2026-07-28,20260728T100521128777-0400,,,eq,94,95,0.258060066,0.226656374
C,atlanta,2026-07-28,20260728T110029641852-0400,,,eq,94,95,0.243404035,0.249372956
C,atlanta,2026-07-28,20260728T120353515455-0400,,,eq,94,95,0.381393257,0.387833594
C,atlanta,2026-07-28,20260728T130740600257-0400,,,eq,94,95,0.698695684,0.537881922
C,atlanta,2026-07-28,20260728T140222389736-0400,,,eq,94,95,0.715636766,0.419212709
C,atlanta,2026-07-28,20260728T150610150586-0400,,,eq,94,95,0.949089466,0.945488399
C,atlanta,2026-07-28,20260728T160100676078-0400,,,eq,94,95,0.983319212,0.924775204
C,atlanta,2026-07-28,20260728T170445761529-0400,,,eq,94,95,0.925704556,0.967283067
C,atlanta,2026-07-28,20260728T180843528483-0400,,,eq,94,95,0.985976255,0.8909466
C,atlanta,2026-07-28,20260728T190035616017-0400,,,eq,94,95,0.966179289,0.938301502
C,atlanta,2026-07-28,20260728T200715883637-0400,,,eq,94,95,0.788165415,0.860337983
C,atlanta,2026-07-28,20260728T210205407614-0400,,,eq,94,95,0.917511405,0.971266582
C,atlanta,2026-07-28,20260728T220611497360-0400,,,eq,94,95,0.917512037,0.971266853
C,atlanta,2026-07-28,20260728T230122772943-0400,,,eq,94,95,0.938470742,0.970668327
C,atlanta,2026-07-29,20260729T000022875033-0400,,,eq,88,89,0.124817869,0.120673498
C,atlanta,2026-07-29,20260729T010407401926-0400,,,eq,88,89,0.11885933,0.114698412
C,atlanta,2026-07-29,20260729T020753214211-0400,,,eq,88,89,0.146798325,0.165587959
C,atlanta,2026-07-29,20260729T030241114457-0400,,,eq,88,89,0.207313128,0.165573685
C,atlanta,2026-07-29,20260729T040638706384-0400,,,eq,88,89,0.174889557,0.165587959
C,atlanta,2026-07-29,20260729T050421612176-0400,,,eq,88,89,0.164458447,0.154314285
C,atlanta,2026-07-29,20260729T060759807880-0400,,,eq,88,89,0.148915682,0.13780271
C,atlanta,2026-07-29,20260729T070235573422-0400,,,eq,88,89,0.148915682,0.13780271
C,atlanta,2026-07-29,20260729T080618275048-0400,,,eq,88,89,0.109080141,0.180693438
C,atlanta,2026-07-29,20260729T090018864160-0400,,,eq,88,89,0.238826794,0.306278328
C,atlanta,2026-07-29,20260729T100444990844-0400,,,eq,88,89,0.260496156,0.266781197
C,atlanta,2026-07-29,20260729T110829571218-0400,,,eq,88,89,0.377454201,0.313821542
C,atlanta,2026-07-29,20260729T120314482113-0400,,,eq,88,89,0.152107219,0.264245576
C,atlanta,2026-07-29,20260729T130658512044-0400,,,eq,88,89,0.28904755,0.27561271
C,atlanta,2026-07-29,20260729T140138087388-0400,,,eq,88,89,0.339334799,0.370209408
C,atlanta,2026-07-29,20260729T150527518755-0400,,,eq,88,89,0.068876221,0.0596506552
C,atlanta,2026-07-29,20260729T160009025416-0400,,,eq,88,89,0.35641181,0.333483041
C,atlanta,2026-07-29,20260729T170353375034-0400,,,eq,88,89,0.787234551,0.794518425
C,atlanta,2026-07-29,20260729T180737048668-0400,,,eq,88,89,0.831234901,0.858854852
C,atlanta,2026-07-29,20260729T190218028257-0400,,,eq,88,89,0.880340175,0.897347623
C,atlanta,2026-07-29,20260729T200609051075-0400,,,eq,88,89,0.920782363,0.933581574
C,atlanta,2026-07-29,20260729T210050684086-0400,,,eq,88,89,0.805922705,0.825664837
C,atlanta,2026-07-29,20260729T220612942485-0400,,,eq,88,89,0.803276088,0.82550251
C,atlanta,2026-07-29,20260729T230257986503-0400,,,eq,88,89,0.803276088,0.82550251
C,atlanta,2026-07-30,20260730T000032233229-0400,,,eq,88,89,0.115095616,0.117710588
C,atlanta,2026-07-30,20260730T010833847442-0400,,,eq,88,89,0.115095616,0.117710588
C,atlanta,2026-07-30,20260730T020406623683-0400,,,eq,88,89,0.113988371,0.116901215
C,atlanta,2026-07-30,20260730T030823858362-0400,,,eq,88,89,0.166533547,0.15752338
C,atlanta,2026-07-30,20260730T040303012356-0400,,,eq,88,89,0.12996013,0.15752338
C,atlanta,2026-07-30,20260730T050716523948-0400,,,eq,88,89,0.163462355,0.161939761
C,atlanta,2026-07-30,20260730T060155859249-0400,,,eq,88,89,0.143364162,0.161939761
C,atlanta,2026-07-30,20260730T070544849879-0400,,,eq,88,89,0.172379933,0.171904938
C,atlanta,2026-07-30,20260730T080023915288-0400,,,eq,88,89,0.134649363,0.18141878
C,atlanta,2026-07-30,20260730T090031794282-0400,,,eq,88,89,0.113839472,0.134843887
C,atlanta,2026-07-30,20260730T100753128760-0400,,,eq,88,89,0.278076936,0.375801754
C,atlanta,2026-07-30,20260730T110229380350-0400,,,eq,88,89,0.156937746,0.227381882
C,atlanta,2026-07-30,20260730T120610392833-0400,,,eq,88,89,0.235290905,0.259523627
C,atlanta,2026-07-30,20260730T130048656142-0400,,,eq,88,89,0.416773872,0.334593972
C,atlanta,2026-07-30,20260730T140436631939-0400,,,eq,88,89,0.546964443,0.499624888
C,atlanta,2026-07-30,20260730T150826006550-0400,,,eq,88,89,0.687284364,0.679551998
C,atlanta,2026-07-30,20260730T160313164612-0400,,,eq,88,89,0.63002807,0.6456043
C,atlanta,2026-07-30,20260730T170656925861-0400,,,eq,88,89,0.495709314,0.514592145
C,atlanta,2026-07-30,20260730T180135517966-0400,,,eq,88,89,0.941561205,0.942188746
C,atlanta,2026-07-30,20260730T190523799812-0400,,,eq,88,89,0.963062994,0.962488698
C,atlanta,2026-07-30,20260730T200003410611-0400,,,eq,88,89,0.83410401,0.837057378
C,atlanta,2026-07-30,20260730T210355063689-0400,,,eq,88,89,0.83366312,0.835892907
C,atlanta,2026-07-30,20260730T220758264946-0400,,,eq,88,89,0.879353002,0.883498678
C,atlanta,2026-07-30,20260730T230306120591-0400,,,eq,88,89,0.879062201,0.882941493
C,austin,2026-07-01,20260701T010019-0400,,,eq,96,97,0.348918267,0.348918267
C,austin,2026-07-01,20260701T020349-0400,,,eq,96,97,0.236594331,0.236594331
C,austin,2026-07-01,20260701T030744-0400,,,eq,96,97,0.175633573,0.175633573
C,austin,2026-07-01,20260701T040208-0400,,,eq,96,97,0.12828127,0.12828127
C,austin,2026-07-01,20260701T050529-0400,,,eq,96,97,0.127478164,0.127478164
C,austin,2026-07-01,20260701T060856-0400,,,eq,96,97,0.210568789,0.210568789
C,austin,2026-07-01,20260701T070318-0400,,,eq,96,97,0.211770351,0.211770351
C,austin,2026-07-01,20260701T080648-0400,,,eq,96,97,0.202057123,0.202057123
C,austin,2026-07-01,20260701T090114-0400,,,eq,96,97,0.171441073,0.171441073
C,austin,2026-07-01,20260701T100626-0400,,,eq,96,97,0.431832434,0.431832434
C,austin,2026-07-01,20260701T110713-0400,,,eq,96,97,0.21476441,0.21476441
C,austin,2026-07-01,20260701T120156-0400,,,eq,96,97,0.134381704,0.134381704
C,austin,2026-07-01,20260701T130049-0400,,,eq,96,97,0.134334351,0.134334351
C,austin,2026-07-01,20260701T140615-0400,,,eq,96,97,0.253949918,0.253949918
C,austin,2026-07-01,20260701T150241-0400,,,eq,96,97,0.277200506,0.277200506
C,austin,2026-07-01,20260701T160630-0400,,,eq,96,97,0.841097655,0.841097655
C,austin,2026-07-01,20260701T170115-0400,,,eq,96,97,0.779175149,0.779175149
C,austin,2026-07-01,20260701T180459-0400,,,eq,96,97,0.263702163,0.263702163
C,austin,2026-07-01,20260701T190306-0400,,,eq,96,97,0.0687567686,0.0687567686
C,austin,2026-07-01,20260701T200645-0400,,,eq,96,97,0.0780648641,0.0780648641
C,austin,2026-07-01,20260701T210117-0400,,,eq,96,97,0.066184461,0.066184461
C,austin,2026-07-01,20260701T220508-0400,,,eq,96,97,0.0830127594,0.0830127594
C,austin,2026-07-01,20260701T230003-0400,,,eq,96,97,0.0677004522,0.0677004522
C,austin,2026-07-01,20260702T000406-0400,,,eq,96,97,0.0671979794,0.0671979794
C,austin,2026-07-02,20260702T010039-0400,,,eq,94,95,0.422043248,0.422043248
C,austin,2026-07-02,20260702T020412-0400,,,eq,94,95,0.44577139,0.44577139
C,austin,2026-07-02,20260702T030747-0400,,,eq,94,95,0.129315425,0.129315425
C,austin,2026-07-02,20260702T040219-0400,,,eq,94,95,0.104303721,0.104303721
C,austin,2026-07-02,20260702T050544-0400,,,eq,94,95,0.0922305309,0.0922305309
C,austin,2026-07-02,20260702T060009-0400,,,eq,94,95,0.100539121,0.100539121
C,austin,2026-07-02,20260702T070339-0400,,,eq,94,95,0.107244472,0.107244472
C,austin,2026-07-02,20260702T080716-0400,,,eq,94,95,0.107244472,0.107244472
C,austin,2026-07-02,20260702T090150-0400,,,eq,94,95,0.232161249,0.232161249
C,austin,2026-07-02,20260702T100715-0400,,,eq,94,95,0.338399171,0.338399171
C,austin,2026-07-02,20260702T110506-0400,,,eq,94,95,0.528945779,0.528945779
C,austin,2026-07-02,20260702T120057-0400,,,eq,94,95,0.688723951,0.688723951
C,austin,2026-07-02,20260702T130447-0400,,,eq,94,95,0.422500666,0.422500666
C,austin,2026-07-02,20260702T140835-0400,,,eq,94,95,0.181034777,0.181034777
C,austin,2026-07-02,20260702T150337-0400,,,eq,94,95,0.687081184,0.687081184
C,austin,2026-07-02,20260702T160717-0400,,,eq,94,95,0.860158692,0.860158692
C,austin,2026-07-02,20260702T170140-0400,,,eq,94,95,0.373447812,0.373447812
C,austin,2026-07-02,20260702T181455-0400,,,eq,94,95,0.601194457,0.601265252
C,austin,2026-07-02,20260702T190102-0400,,,eq,94,95,0.656099265,0.661246472
C,austin,2026-07-02,20260702T200507-0400,,,eq,94,95,0.744348086,0.744197054
C,austin,2026-07-02,20260702T210018-0400,,,eq,94,95,0.657096555,0.696016167
C,austin,2026-07-02,20260702T220040-0400,,,eq,94,95,0.679583011,0.695760989
C,austin,2026-07-02,20260702T230451-0400,,,eq,94,95,0.67827972,0.69418176
C,austin,2026-07-02,20260703T000816-0400,,,eq,94,95,0.678290569,0.694196731
C,austin,2026-07-03,20260703T010152-0400,,,eq,96,97,0.44306696,0.548626049
C,austin,2026-07-03,20260703T021131-0400,,,eq,96,97,0.22114633,0.359413816
C,austin,2026-07-03,20260703T030254-0400,,,eq,96,97,0.282509728,0.356688639
C,austin,2026-07-03,20260703T040128-0400,,,eq,96,97,0.28250027,0.356675323
C,austin,2026-07-03,20260703T050047-0400,,,eq,96,97,0.47112966,0.481352583
C,austin,2026-07-03,20260703T060422-0400,,,eq,96,97,0.592489651,0.579882614
C,austin,2026-07-03,20260703T070755-0400,,,eq,96,97,0.577521035,0.579882614
C,austin,2026-07-03,20260703T080224-0400,,,eq,96,97,0.541863454,0.537980155
C,austin,2026-07-03,20260703T090607-0400,,,eq,96,97,0.253648208,0.219455099
C,austin,2026-07-03,20260703T100443-0400,,,eq,96,97,0.446014805,0.563884827
C,austin,2026-07-03,20260703T110735-0400,,,eq,96,97,0.721319373,0.312250958
C,austin,2026-07-03,20260703T120252-0400,,,eq,96,97,0.188716512,0.196330741
C,austin,2026-07-03,20260703T131257-0400,,,eq,96,97,0.283367208,0.257788795
C,austin,2026-07-03,20260703T140412-0400,,,eq,96,97,0.263675304,0.266681961
C,austin,2026-07-03,20260703T150341-0400,,,eq,96,97,0.14272058,0.160588792
C,austin,2026-07-03,20260703T160951-0400,,,eq,96,97,0.857772144,0.85686582
C,austin,2026-07-03,20260703T170331-0400,,,eq,96,97,0.786903564,0.796839413
C,austin,2026-07-03,20260703T182715-0400,,,eq,96,97,0.869491574,0.869501922
C,austin,2026-07-03,20260703T190411-0400,,,eq,96,97,0.959213874,0.959250675
C,austin,2026-07-03,20260703T204705553157-0400,,,eq,96,97,0.834308093,0.812693438
C,austin,2026-07-03,20260703T210042999810-0400,,,eq,96,97,0.700192416,0.820311746
C,austin,2026-07-03,20260703T224540572070-0400,,,eq,96,97,0.862017891,0.83577164
C,austin,2026-07-03,20260703T231953406725-0400,,,eq,96,97,0.861777623,0.835558905
C,austin,2026-07-03,20260704T000322654914-0400,,,eq,96,97,0.861124283,0.834979821
C,austin,2026-07-04,20260704T010038407486-0400,,,eq,96,97,0.367212612,0.47764593
C,austin,2026-07-04,20260704T020317876626-0400,,,eq,96,97,0.330536305,0.453839992
C,austin,2026-07-04,20260704T030826164044-0400,,,eq,96,97,0.298797159,0.420674083
C,austin,2026-07-04,20260704T040255972299-0400,,,eq,96,97,0.137490018,0.197596275
C,austin,2026-07-04,20260704T050620114151-0400,,,eq,96,97,0.157607602,0.217499465
C,austin,2026-07-04,20260704T060044740122-0400,,,eq,96,97,0.163161353,0.217499465
C,austin,2026-07-04,20260704T070415444899-0400,,,eq,96,97,0.323179938,0.429123527
C,austin,2026-07-04,20260704T080753622520-0400,,,eq,96,97,0.437535012,0.493047536
C,austin,2026-07-04,20260704T090224995846-0400,,,eq,96,97,0.327954928,0.283189063
C,austin,2026-07-04,20260704T101013694321-0400,,,eq,96,97,0.288252287,0.501420998
C,austin,2026-07-04,20260704T110428877649-0400,,,eq,96,97,0.380888694,0.210169258
C,austin,2026-07-04,20260704T120223891662-0400,,,eq,96,97,0.272080711,0.267456786
C,austin,2026-07-04,20260704T130604326285-0400,,,eq,96,97,0.205563226,0.174544244
C,austin,2026-07-04,20260704T140011526626-0400,,,eq,96,97,0.324956018,0.228250828
C,austin,2026-07-04,20260704T150217776478-0400,,,eq,96,97,0.544988039,0.482447313
C,austin,2026-07-04,20260704T161048178976-0400,,,eq,96,97,0.243985598,0.259492859
C,austin,2026-07-04,20260704T170030189640-0400,,,eq,96,97,0.790170194,0.820118099
C,austin,2026-07-04,20260704T180824055675-0400,,,eq,96,97,0.9064089,0.906449891
C,austin,2026-07-04,20260704T190248963994-0400,,,eq,96,97,0.874680121,0.875561567
C,austin,2026-07-04,20260704T200620646294-0400,,,eq,96,97,0.767938204,0.772753258
C,austin,2026-07-04,20260704T210045673335-0400,,,eq,96,97,0.705739697,0.705739724
C,austin,2026-07-04,20260704T220428965308-0400,,,eq,96,97,0.784113822,0.784113146
C,austin,2026-07-04,20260704T230821439568-0400,,,eq,96,97,0.783341096,0.783340379
C,austin,2026-07-04,20260705T000308293823-0400,,,eq,96,97,0.783366583,0.78336586
C,austin,2026-07-05,20260705T010047195352-0400,,,eq,94,95,0.0392061536,0.0492650101
C,austin,2026-07-05,20260705T020513570660-0400,,,eq,94,95,0.0591046252,0.0517910041
C,austin,2026-07-05,20260705T030859419314-0400,,,eq,94,95,0.0502442236,0.0466500309
C,austin,2026-07-05,20260705T040324078091-0400,,,eq,94,95,0.0487321399,0.0466500309
C,austin,2026-07-05,20260705T050646521770-0400,,,eq,94,95,0.0515849626,0.0466500309
C,austin,2026-07-05,20260705T060109343355-0400,,,eq,94,95,0.0784306017,0.0696545091
C,austin,2026-07-05,20260705T070439518553-0400,,,eq,94,95,0.0582946405,0.0533747993
C,austin,2026-07-05,20260705T080810775459-0400,,,eq,94,95,0.0709110078,0.0571764279
C,austin,2026-07-05,20260705T090239356354-0400,,,eq,94,95,0.147269274,0.186973122
C,austin,2026-07-05,20260705T101705586928-0400,,,eq,94,95,0.106621454,0.106621454
C,austin,2026-07-05,20260705T110529964752-0400,,,eq,94,95,0.171991306,0.202909652
C,austin,2026-07-05,20260705T120037443744-0400,,,eq,94,95,0.261326516,0.288571873
C,austin,2026-07-05,20260705T130411816053-0400,,,eq,94,95,0.161637352,0.0948278349
C,austin,2026-07-05,20260705T140744720657-0400,,,eq,94,95,0.0554066767,0.0686230239
C,austin,2026-07-05,20260705T150228490339-0400,,,eq,94,95,0.131235613,0.16007467
C,austin,2026-07-05,20260705T160602528385-0400,,,eq,94,95,0.105074276,0.103404019
C,austin,2026-07-05,20260705T170044534775-0400,,,eq,94,95,0.414811469,0.417788422
C,austin,2026-07-05,20260705T180837558283-0400,,,eq,94,95,0.621026971,0.61642693
C,austin,2026-07-05,20260705T190640393847-0400,,,eq,94,95,0.661833265,0.661693627
C,austin,2026-07-05,20260705T202749740736-0400,,,eq,94,95,0.675280103,0.663847672
C,austin,2026-07-05,20260705T210435441592-0400,,,eq,94,95,0.65726025,0.658173966
C,austin,2026-07-05,20260705T220047982317-0400,,,eq,94,95,0.678314907,0.687120843
C,austin,2026-07-05,20260705T230429241989-0400,,,eq,94,95,0.676623851,0.686192632
C,austin,2026-07-05,20260706T000446084541-0400,,,eq,94,95,0.676623851,0.686192632
C,austin,2026-07-07,20260707T010039168323-0400,,,eq,96,97,0.302923575,0.302315022
C,austin,2026-07-07,20260707T020653348222-0400,,,eq,96,97,0.466870466,0.532910587
C,austin,2026-07-07,20260707T030801068127-0400,,,eq,96,97,0.461012521,0.526885171
C,austin,2026-07-07,20260707T040227723378-0400,,,eq,96,97,0.476083813,0.491357774
C,austin,2026-07-07,20260707T050553342813-0400,,,eq,96,97,0.516930263,0.523355322
C,austin,2026-07-07,20260707T060014973772-0400,,,eq,96,97,0.516930263,0.523355322
C,austin,2026-07-07,20260707T070337851583-0400,,,eq,96,97,0.506303177,0.525403278
C,austin,2026-07-07,20260707T080705671822-0400,,,eq,96,97,0.517443484,0.525403278
C,austin,2026-07-07,20260707T090140028040-0400,,,eq,96,97,0.601054753,0.388832041
C,austin,2026-07-07,20260707T102223697792-0400,,,eq,96,97,0.438665589,0.472451575
C,austin,2026-07-07,20260707T110825734484-0400,,,eq,96,97,0.599144885,0.213317206
C,austin,2026-07-07,20260707T120753585967-0400,,,eq,96,97,0.39661446,0.304737872
C,austin,2026-07-07,20260707T130307355140-0400,,,eq,96,97,0.261479812,0.172052112
C,austin,2026-07-07,20260707T140625480391-0400,,,eq,96,97,0.213092364,0.143917308
C,austin,2026-07-07,20260707T150808027517-0400,,,eq,96,97,0.384167611,0.306363705
C,austin,2026-07-07,20260707T160341794928-0400,,,eq,96,97,0.80582564,0.791641265
C,austin,2026-07-07,20260707T170710397333-0400,,,eq,96,97,0.830729854,0.811853342
C,austin,2026-07-07,20260707T180702242480-0400,,,eq,96,97,0.707303151,0.682380781
C,austin,2026-07-07,20260707T190147763076-0400,,,eq,96,97,0.808532106,0.712512682
C,austin,2026-07-07,20260707T200524223698-0400,,,eq,96,97,0.72199107,0.702331056
C,austin,2026-07-07,20260707T210902966497-0400,,,eq,96,97,0.742877856,0.764453564
C,austin,2026-07-07,20260707T220348739531-0400,,,eq,96,97,0.764731598,0.764728184
C,austin,2026-07-07,20260707T230755168358-0400,,,eq,96,97,0.825336595,0.803970488
C,austin,2026-07-07,20260708T000241589276-0400,,,eq,96,97,0.825309577,0.803946031
C,austin,2026-07-08,20260708T010017243187-0400,,,eq,98,99,0.267034573,0.270654601
C,austin,2026-07-08,20260708T020411683257-0400,,,eq,98,99,0.253053473,0.234278268
C,austin,2026-07-08,20260708T030807897505-0400,,,eq,98,99,0.228570039,0.190252235
C,austin,2026-07-08,20260708T040239330132-0400,,,eq,98,99,0.206579442,0.143820693
C,austin,2026-07-08,20260708T050605255898-0400,,,eq,98,99,0.206579442,0.143820693
C,austin,2026-07-08,20260708T060033608014-0400,,,eq,98,99,0.137590522,0.100427856
C,austin,2026-07-08,20260708T070405052252-0400,,,eq,98,99,0.129867867,0.118122271
C,austin,2026-07-08,20260708T080742088660-0400,,,eq,98,99,0.190777641,0.143820688
C,austin,2026-07-08,20260708T090223376112-0400,,,eq,98,99,0.0951164847,0.0951164847
C,austin,2026-07-08,20260708T101109999277-0400,,,eq,98,99,0.500378607,0.385915022
C,austin,2026-07-08,20260708T110934816678-0400,,,eq,98,99,0.27773899,0.520994186
C,austin,2026-07-08,20260708T120630659531-0400,,,eq,98,99,0.302117731,0.165921774
C,austin,2026-07-08,20260708T130433055904-0400,,,eq,98,99,0.655923314,0.646497049
C,austin,2026-07-08,20260708T140715161264-0400,,,eq,98,99,0.785282394,0.785405291
C,austin,2026-07-08,20260708T150519190224-0400,,,eq,98,99,0.600784048,0.522975018
C,austin,2026-07-08,20260708T160047757334-0400,,,eq,98,99,0.436007159,0.371485239
C,austin,2026-07-08,20260708T171411761464-0400,,,eq,98,99,0.416125432,0.417332368
C,austin,2026-07-08,20260708T180027358122-0400,,,eq,98,99,0.260420519,0.289037461
C,austin,2026-07-08,20260708T190407427195-0400,,,eq,98,99,0.66381734,0.922250495
C,austin,2026-07-08,20260708T200150723424-0400,,,eq,98,99,0.750453759,0.83341325
C,austin,2026-07-08,20260708T210839137208-0400,,,eq,98,99,0.791336524,0.863264556
C,austin,2026-07-08,20260708T220137077295-0400,,,eq,98,99,0.606615975,0.858347344
C,austin,2026-07-08,20260708T230554259232-0400,,,eq,98,99,0.55999688,0.859927584
C,austin,2026-07-08,20260709T000053961045-0400,,,eq,98,99,0.559987271,0.859870798
C,austin,2026-07-09,20260709T010043465851-0400,,,eq,96,97,0.389837794,0.471541791
C,austin,2026-07-09,20260709T020620927067-0400,,,eq,96,97,0.366259067,0.457503608
C,austin,2026-07-09,20260709T030110754543-0400,,,eq,96,97,0.164009844,0.206792879
C,austin,2026-07-09,20260709T040451627819-0400,,,eq,96,97,0.150469017,0.200790329
C,austin,2026-07-09,20260709T050823327807-0400,,,eq,96,97,0.275248239,0.347701734
C,austin,2026-07-09,20260709T060252711171-0400,,,eq,96,97,0.3373087,0.347452534
C,austin,2026-07-09,20260709T070618501647-0400,,,eq,96,97,0.347922378,0.35890093
C,austin,2026-07-09,20260709T080050213501-0400,,,eq,96,97,0.364660107,0.382274429
C,austin,2026-07-09,20260709T090800055780-0400,,,eq,96,97,0.388498672,0.316088404
C,austin,2026-07-09,20260709T100306915975-0400,,,eq,96,97,0.386109077,0.384193835
C,austin,2026-07-09,20260709T110136912884-0400,,,eq,96,97,0.11123807,0.0766571865
C,austin,2026-07-09,20260709T120621815103-0400,,,eq,96,97,0.4975375,0.238988073
C,austin,2026-07-09,20260709T130026776794-0400,,,eq,96,97,0.180278577,0.143498245
C,austin,2026-07-09,20260709T143011419104-0400,,,eq,96,97,0.209724015,0.0886925294
C,austin,2026-07-09,20260709T150648747007-0400,,,eq,96,97,0.340895778,0.24774792
C,austin,2026-07-09,20260709T160834269198-0400,,,eq,96,97,0.562645234,0.795868321
C,austin,2026-07-09,20260709T170350961322-0400,,,eq,96,97,0.436035678,0.591854465
C,austin,2026-07-09,20260709T180610055036-0400,,,eq,96,97,0.774611031,0.719071434
C,austin,2026-07-09,20260709T194501249377-0400,,,eq,96,97,0.76213408,0.743689066
C,austin,2026-07-09,20260709T200335136585-0400,,,eq,96,97,0.716036423,0.706683121
C,austin,2026-07-09,20260709T213053266807-0400,,,eq,96,97,0.740192754,0.749714831
C,austin,2026-07-09,20260709T220612929245-0400,,,eq,96,97,0.755475664,0.749467842
C,austin,2026-07-09,20260709T230340684895-0400,,,eq,96,97,0.755243553,0.749178615
C,austin,2026-07-09,20260710T000332671146-0400,,,eq,96,97,0.754370068,0.748237181
C,austin,2026-07-10,20260710T010024712633-0400,,,eq,94,95,0.805044705,0.799826672
C,austin,2026-07-10,20260710T020626122670-0400,,,eq,94,95,0.672756335,0.669691771
C,austin,2026-07-10,20260710T030931907619-0400,,,eq,94,95,0.585619307,0.548514607
C,austin,2026-07-10,20260710T041241157853-0400,,,eq,94,95,0.354281689,0.425301515
C,austin,2026-07-10,20260710T050116567624-0400,,,eq,94,95,0.407169437,0.374687596
C,austin,2026-07-10,20260710T060727179636-0400,,,eq,94,95,0.362335137,0.444077764
C,austin,2026-07-10,20260710T070205150924-0400,,,eq,94,95,0.482620378,0.437350184
C,austin,2026-07-10,20260710T080552271829-0400,,,eq,94,95,0.356032835,0.436948635
C,austin,2026-07-10,20260710T090024775053-0400,,,eq,94,95,0.630308744,0.662308741
C,austin,2026-07-10,20260710T103728747604-0400,,,eq,94,95,0.707139828,0.648187003
C,austin,2026-07-10,20260710T110050414900-0400,,,eq,94,95,0.502754533,0.60894234
C,austin,2026-07-10,20260710T120125230095-0400,,,eq,94,95,0.787717614,0.736034688
C,austin,2026-07-10,20260710T130119358377-0400,,,eq,94,95,0.671372457,0.581610407
C,austin,2026-07-10,20260710T141013620553-0400,,,eq,94,95,0.37007088,0.398808269
C,austin,2026-07-10,20260710T151240166854-0400,,,eq,94,95,0.681692999,0.665580657
C,austin,2026-07-10,20260710T160425113459-0400,,,eq,94,95,0.744793574,0.677123549
C,austin,2026-07-10,20260710T170046411999-0400,,,eq,94,95,0.734726397,0.691018123
C,austin,2026-07-10,20260710T181606891471-0400,,,eq,94,95,0.622608286,0.63701786
C,austin,2026-07-10,20260710T190928287104-0400,,,eq,94,95,0.775831521,0.774785673
C,austin,2026-07-10,20260710T200515275027-0400,,,eq,94,95,0.981094584,0.98111408
C,austin,2026-07-10,20260710T210053193898-0400,,,eq,94,95,0.979217245,0.97918454
C,austin,2026-07-10,20260710T224658848672-0400,,,eq,94,95,0.979217245,0.97918454
C,austin,2026-07-10,20260710T230521137104-0400,,,eq,94,95,0.979217245,0.97918454
C,austin,2026-07-10,20260711T000543796483-0400,,,eq,94,95,0.979217245,0.97918454
C,austin,2026-07-11,20260711T010024870429-0400,,,eq,90,91,0.223964716,0.285624661
C,austin,2026-07-11,20260711T020358346228-0400,,,eq,90,91,0.367241563,0.43858096
C,austin,2026-07-11,20260711T031910802445-0400,,,eq,90,91,0.688854235,0.688653826
C,austin,2026-07-11,20260711T044022360232-0400,,,eq,90,91,0.415225212,0.522968383
C,austin,2026-07-11,20260711T050037183814-0400,,,eq,90,91,0.636090601,0.694138884
C,austin,2026-07-11,20260711T060856384559-0400,,,eq,90,91,0.760002862,0.757337344
C,austin,2026-07-11,20260711T070320551287-0400,,,eq,90,91,0.76682804,0.765679114
C,austin,2026-07-11,20260711T080654275715-0400,,,eq,90,91,0.604763751,0.66385942
C,austin,2026-07-11,20260711T090125533235-0400,,,eq,90,91,0.428299111,0.472313238
C,austin,2026-07-11,20260711T103953904250-0400,,,eq,90,91,0.0247451145,0.0278319564
C,austin,2026-07-11,20260711T111054559269-0400,,,eq,90,91,0.532216986,0.502481101
C,austin,2026-07-11,20260711T120426507472-0400,,,eq,90,91,0.0265700105,0.0327449318
C,austin,2026-07-11,20260711T130437174355-0400,,,eq,90,91,0.0626408344,0.0629845469
C,austin,2026-07-11,20260711T140630944203-0400,,,eq,90,91,0.0452362004,0.0343533971
C,austin,2026-07-11,20260711T150012468546-0400,,,eq,90,91,0.357754846,0.279702402
C,austin,2026-07-11,20260711T160405262510-0400,,,eq,90,91,0.273239642,0.348242873
C,austin,2026-07-11,20260711T170016381618-0400,,,eq,90,91,0.478976625,0.549673056
C,austin,2026-07-11,20260711T180745868125-0400,,,eq,90,91,0.411580434,0.51799072
C,austin,2026-07-11,20260711T190005202968-0400,,,eq,90,91,0.67051005,0.674726316
C,austin,2026-07-11,20260711T200340483580-0400,,,eq,90,91,0.671616844,0.695325786
C,austin,2026-07-11,20260711T211315672143-0400,,,eq,90,91,0.694008572,0.690090069
C,austin,2026-07-11,20260711T221634985586-0400,,,eq,90,91,0.649261325,0.640383181
C,austin,2026-07-14,20260714T010537853370-0400,,,eq,78,79,0.018743845,0.0192971078
C,austin,2026-07-14,20260714T020045120058-0400,,,eq,78,79,0.0187438039,0.0192971078
C,austin,2026-07-14,20260714T030607794979-0400,,,eq,78,79,0.0671942621,0.0633016743
C,austin,2026-07-14,20260714T040044048425-0400,,,eq,78,79,0.0638484719,0.0633016743
C,austin,2026-07-14,20260714T050419602578-0400,,,eq,78,79,0.0470294083,0.0470294083
C,austin,2026-07-14,20260714T060758497797-0400,,,eq,78,79,0.0412230315,0.0392143265
C,austin,2026-07-14,20260714T070231368274-0400,,,eq,78,79,0.0412230315,0.0392143265
C,austin,2026-07-14,20260714T080623482706-0400,,,eq,78,79,0.100882873,0.0665285659
C,austin,2026-07-14,20260714T090844210235-0400,,,eq,78,79,0.0732465066,0.0763322563
C,austin,2026-07-14,20260714T100525495888-0400,,,eq,78,79,0.330407775,0.197927805
C,austin,2026-07-14,20260714T110816040189-0400,,,eq,78,79,0.222322384,0.178762116
C,austin,2026-07-14,20260714T120401776610-0400,,,eq,78,79,0.0592389356,0.249541804
C,austin,2026-07-14,20260714T130846927186-0400,,,eq,78,79,0.0214099026,0.0131349796
C,austin,2026-07-14,20260714T140324180581-0400,,,eq,78,79,0.0579210004,0.0197276257
C,austin,2026-07-14,20260714T150712636716-0400,,,eq,78,79,0.0687302724,0.0381430522
C,austin,2026-07-14,20260714T160153980932-0400,,,eq,78,79,0.210308865,0.179402138
C,austin,2026-07-14,20260714T170537752202-0400,,,eq,78,79,0.334303942,0.205259704
C,austin,2026-07-14,20260714T180113189118-0400,,,eq,78,79,0.197783372,0.460154904
C,austin,2026-07-14,20260714T190456507195-0400,,,eq,78,79,0.0159165944,0.202929288
C,austin,2026-07-14,20260714T200842617451-0400,,,eq,78,79,0.0851756355,0.148995034
C,austin,2026-07-14,20260714T210329943665-0400,,,eq,78,79,0.0434740985,0.133536006
C,austin,2026-07-14,20260714T220514480473-0400,,,eq,78,79,0.0434741127,0.133536055
C,austin,2026-07-14,20260714T230040815388-0400,,,eq,78,79,0.0434741127,0.133536055
C,austin,2026-07-14,20260715T000659929173-0400,,,eq,78,79,0.0434741127,0.133536055
C,austin,2026-07-15,20260715T010226086782-0400,,,eq,80,81,0.805386934,0.84062161
C,austin,2026-07-15,20260715T020327380035-0400,,,eq,80,81,0.801106252,0.834033003
C,austin,2026-07-15,20260715T030014710485-0400,,,eq,80,81,0.831673564,0.856943787
C,austin,2026-07-15,20260715T040406550762-0400,,,eq,80,81,0.847301747,0.857347368
C,austin,2026-07-15,20260715T050752457105-0400,,,eq,80,81,0.835174895,0.857347368
C,austin,2026-07-15,20260715T060227636053-0400,,,eq,80,81,0.739539396,0.77095083
C,austin,2026-07-15,20260715T070611817326-0400,,,eq,80,81,0.766229058,0.77095083
C,austin,2026-07-15,20260715T080055043080-0400,,,eq,80,81,0.756233443,0.713779796
C,austin,2026-07-15,20260715T090456773708-0400,,,eq,80,81,0.652172756,0.294870601
C,austin,2026-07-15,20260715T100856122631-0400,,,eq,80,81,0.917553805,0.810535169
C,austin,2026-07-15,20260715T110325181740-0400,,,eq,80,81,0.840375845,0.808060877
C,austin,2026-07-15,20260715T120714179256-0400,,,eq,80,81,0.936164457,0.782874008
C,austin,2026-07-15,20260715T130154354782-0400,,,eq,80,81,0.764559969,0.60997858
C,austin,2026-07-15,20260715T140543243432-0400,,,eq,80,81,0.849400131,0.870128027
C,austin,2026-07-15,20260715T150043606138-0400,,,eq,80,81,0.694712424,0.598504557
C,austin,2026-07-15,20260715T160430601852-0400,,,eq,80,81,0.629686598,0.412029112
C,austin,2026-07-15,20260715T170819466076-0400,,,eq,80,81,0.255715787,0.395176693
C,austin,2026-07-15,20260715T180252207788-0400,,,eq,80,81,0.243514039,0.196633357
C,austin,2026-07-15,20260715T190633444017-0400,,,eq,80,81,0.727175802,0.62016348
C,austin,2026-07-15,20260715T200132834399-0400,,,eq,80,81,0.153389893,0.0499238717
C,austin,2026-07-15,20260715T210048607542-0400,,,eq,80,81,0.118095663,0.0525137469
C,austin,2026-07-15,20260715T220213698386-0400,,,eq,80,81,0.0884608586,0.0391358881
C,austin,2026-07-15,20260715T230007758857-0400,,,eq,80,81,0.0884608586,0.0391358881
C,austin,2026-07-15,20260716T000250465857-0400,,,eq,80,81,0.0884608586,0.0391358881
C,austin,2026-07-16,20260716T010048661338-0400,,,eq,88,89,0.775743872,0.775743872
C,austin,2026-07-16,20260716T020440138255-0400,,,eq,88,89,0.775743872,0.775743872
C,austin,2026-07-16,20260716T030822526263-0400,,,eq,88,89,0.487145594,0.487145594
C,austin,2026-07-16,20260716T040300297278-0400,,,eq,88,89,0.46746194,0.46746194
C,austin,2026-07-16,20260716T050638384183-0400,,,eq,88,89,0.46746194,0.46746194
C,austin,2026-07-16,20260716T060114635002-0400,,,eq,88,89,0.487145594,0.487145594
C,austin,2026-07-16,20260716T070503174317-0400,,,eq,88,89,0.487145594,0.487145594
C,austin,2026-07-16,20260716T080853571621-0400,,,eq,88,89,0.487145594,0.487145594
C,austin,2026-07-16,20260716T090340452558-0400,,,eq,88,89,0.370997684,0.370997684
C,austin,2026-07-16,20260716T100751433218-0400,,,eq,88,89,0.703058696,0.264770056
C,austin,2026-07-16,20260716T110303638836-0400,,,eq,88,89,0.491400165,0.434920547
C,austin,2026-07-16,20260716T120727125597-0400,,,eq,88,89,0.402499298,0.561923597
C,austin,2026-07-16,20260716T130207285041-0400,,,eq,88,89,0.791727799,0.70811945
C,austin,2026-07-16,20260716T140608464539-0400,,,eq,88,89,0.685571665,0.603231413
C,austin,2026-07-16,20260716T150054611600-0400,,,eq,88,89,0.107538979,0.149204059
C,austin,2026-07-16,20260716T160514819558-0400,,,eq,88,89,0.445405019,0.444167977
C,austin,2026-07-16,20260716T170003394703-0400,,,eq,88,89,0.698619381,0.533459989
C,austin,2026-07-16,20260716T180355244686-0400,,,eq,88,89,0.902392502,0.802778221
C,austin,2026-07-16,20260716T190803939175-0400,,,eq,88,89,0.936022303,0.934709847
C,austin,2026-07-16,20260716T201015643265-0400,,,eq,88,89,0.663480254,0.663932191
C,austin,2026-07-16,20260716T210657867954-0400,,,eq,88,89,0.785012079,0.787199427
C,austin,2026-07-16,20260716T220226525867-0400,,,eq,88,89,0.785012079,0.787199427
C,austin,2026-07-16,20260716T230340327672-0400,,,eq,88,89,0.785012079,0.787199427
C,austin,2026-07-16,20260717T000054542945-0400,,,eq,88,89,0.785012079,0.787199427
C,austin,2026-07-17,20260717T010215039342-0400,,,eq,94,95,0.117159717,0.197643475
C,austin,2026-07-17,20260717T020603294315-0400,,,eq,94,95,0.103522071,0.180410638
C,austin,2026-07-17,20260717T030052740061-0400,,,eq,94,95,0.111455193,0.180410638
C,austin,2026-07-17,20260717T040459715952-0400,,,eq,94,95,0.0889938289,0.206404416
C,austin,2026-07-17,20260717T050844938241-0400,,,eq,94,95,0.0889938289,0.206404416
C,austin,2026-07-17,20260717T060321226590-0400,,,eq,94,95,0.123861127,0.220300979
C,austin,2026-07-17,20260717T070707600463-0400,,,eq,94,95,0.183557073,0.22975424
C,austin,2026-07-17,20260717T080152467828-0400,,,eq,94,95,0.133158463,0.22975424
C,austin,2026-07-17,20260717T091021808958-0400,,,eq,94,95,0.309469631,0.375462701
C,austin,2026-07-17,20260717T102756392045-0400,,,eq,94,95,0.677578508,0.585529774
C,austin,2026-07-17,20260717T110442114319-0400,,,eq,94,95,0.503598715,0.714719697
C,austin,2026-07-17,20260717T120331264286-0400,,,eq,94,95,0.614499223,0.842582691
C,austin,2026-07-17,20260717T130135033407-0400,,,eq,94,95,0.757619933,0.858280097
C,austin,2026-07-17,20260717T140518826849-0400,,,eq,94,95,0.325732302,0.41884762
C,austin,2026-07-17,20260717T150024507662-0400,,,eq,94,95,0.258166064,0.220575832
C,austin,2026-07-17,20260717T160013467737-0400,,,eq,94,95,0.233734348,0.274216701
C,austin,2026-07-17,20260717T170624458000-0400,,,eq,94,95,0.609361842,0.462516252
C,austin,2026-07-17,20260717T180214828583-0400,,,eq,94,95,0.915183842,0.922238731
C,austin,2026-07-17,20260717T190415057358-0400,,,eq,94,95,0.941486683,0.9415211
C,austin,2026-07-17,20260717T200045367951-0400,,,eq,94,95,0.922587497,0.922461743
C,austin,2026-07-17,20260717T210457023871-0400,,,eq,94,95,0.924562875,0.924686976
C,austin,2026-07-17,20260717T220003265889-0400,,,eq,94,95,0.923848562,0.923873698
C,austin,2026-07-17,20260717T230455477400-0400,,,eq,94,95,0.923851754,0.923875561
C,austin,2026-07-17,20260718T000050053725-0400,,,eq,94,95,0.923831199,0.923854998
C,austin,2026-07-18,20260718T010031086059-0400,,,eq,94,95,0.660187928,0.626350763
C,austin,2026-07-18,20260718T020431399117-0400,,,eq,94,95,0.715879213,0.681860794
C,austin,2026-07-18,20260718T030823346742-0400,,,eq,94,95,0.481098713,0.641282802
C,austin,2026-07-18,20260718T040300163639-0400,,,eq,94,95,0.468540551,0.626585443
C,austin,2026-07-18,20260718T050645863188-0400,,,eq,94,95,0.468540551,0.626585443
C,austin,2026-07-18,20260718T060120895917-0400,,,eq,94,95,0.481515955,0.641542852
C,austin,2026-07-18,20260718T070508057620-0400,,,eq,94,95,0.708021751,0.680702522
C,austin,2026-07-18,20260718T080904667080-0400,,,eq,94,95,0.732761737,0.71128048
C,austin,2026-07-18,20260718T090341586493-0400,,,eq,94,95,0.717480416,0.695715616
C,austin,2026-07-18,20260718T100740159652-0400,,,eq,94,95,0.563913819,0.495095472
C,austin,2026-07-18,20260718T110246107106-0400,,,eq,94,95,0.251241643,0.536803271
C,austin,2026-07-18,20260718T120703195488-0400,,,eq,94,95,0.794393961,0.78014264
C,austin,2026-07-18,20260718T130157075430-0400,,,eq,94,95,0.720054807,0.668238006
C,austin,2026-07-18,20260718T140545215940-0400,,,eq,94,95,0.401506363,0.346300221
C,austin,2026-07-18,20260718T150025603994-0400,,,eq,94,95,0.700115216,0.710824351
C,austin,2026-07-18,20260718T160424277472-0400,,,eq,94,95,0.586075388,0.541735937
C,austin,2026-07-18,20260718T170808192540-0400,,,eq,94,95,0.753858233,0.748556516
C,austin,2026-07-18,20260718T180246815782-0400,,,eq,94,95,0.816568955,0.816481132
C,austin,2026-07-18,20260718T190631836426-0400,,,eq,94,95,0.830677376,0.835405701
C,austin,2026-07-18,20260718T200117203141-0400,,,eq,94,95,0.831927299,0.831673283
C,austin,2026-07-18,20260718T210511228599-0400,,,eq,94,95,0.842369171,0.840824883
C,austin,2026-07-18,20260718T220011986280-0400,,,eq,94,95,0.84218635,0.840620702
C,austin,2026-07-18,20260718T230452206015-0400,,,eq,94,95,0.841014974,0.839308803
C,austin,2026-07-18,20260719T000136231376-0400,,,eq,94,95,0.840980351,0.839270134
C,austin,2026-07-19,20260719T010033948702-0400,,,eq,94,95,0.302365652,0.453065968
C,austin,2026-07-19,20260719T020420783442-0400,,,eq,94,95,0.299932197,0.521457122
C,austin,2026-07-19,20260719T030808838839-0400,,,eq,94,95,0.632229251,0.638265857
C,austin,2026-07-19,20260719T040248819497-0400,,,eq,94,95,0.465333381,0.638265857
C,austin,2026-07-19,20260719T050633434269-0400,,,eq,94,95,0.309608029,0.565331561
C,austin,2026-07-19,20260719T060109463312-0400,,,eq,94,95,0.643161155,0.619091397
C,austin,2026-07-19,20260719T070458882405-0400,,,eq,94,95,0.553042491,0.446800062
C,austin,2026-07-19,20260719T080845927858-0400,,,eq,94,95,0.443870208,0.445919824
C,austin,2026-07-19,20260719T090326297689-0400,,,eq,94,95,0.484458013,0.452086296
C,austin,2026-07-19,20260719T100809873900-0400,,,eq,94,95,0.434692261,0.320571863
C,austin,2026-07-19,20260719T110335554626-0400,,,eq,94,95,0.229247652,0.412524353
C,austin,2026-07-19,20260719T120737438279-0400,,,eq,94,95,0.727423591,0.713597397
C,austin,2026-07-19,20260719T130218280088-0400,,,eq,94,95,0.572658876,0.462458314
C,austin,2026-07-19,20260719T140605550623-0400,,,eq,94,95,0.604235638,0.57777223
C,austin,2026-07-19,20260719T150051290908-0400,,,eq,94,95,0.493457541,0.606278215
C,austin,2026-07-19,20260719T160445327674-0400,,,eq,94,95,0.536610262,0.546153608
C,austin,2026-07-19,20260719T170911124565-0400,,,eq,94,95,0.738418384,0.747375056
C,austin,2026-07-19,20260719T180202168527-0400,,,eq,94,95,0.770546546,0.770153126
C,austin,2026-07-19,20260719T190445603953-0400,,,eq,94,95,0.689914572,0.661539599
C,austin,2026-07-19,20260719T202626464907-0400,,,eq,94,95,0.600360328,0.584193001
C,austin,2026-07-19,20260719T211503088649-0400,,,eq,94,95,0.665992003,0.666604076
C,austin,2026-07-19,20260719T225527820210-0400,,,eq,94,95,0.677651872,0.678285589
C,austin,2026-07-19,20260719T235625422072-0400,,,eq,94,95,0.677652092,0.678285733
C,austin,2026-07-19,20260720T001439567727-0400,,,eq,94,95,0.677652092,0.678285733
C,austin,2026-07-20,20260720T010036965403-0400,,,eq,96,97,0.389283671,0.389304526
C,austin,2026-07-20,20260720T020425548383-0400,,,eq,96,97,0.515815298,0.51143054
C,austin,2026-07-20,20260720T030847793070-0400,,,eq,96,97,0.474486908,0.5345439
C,austin,2026-07-20,20260720T040327153292-0400,,,eq,96,97,0.404206079,0.528941133
C,austin,2026-07-20,20260720T050704121984-0400,,,eq,96,97,0.477924561,0.504682101
C,austin,2026-07-20,20260720T060136997443-0400,,,eq,96,97,0.480237004,0.52547802
C,austin,2026-07-20,20260720T070520057838-0400,,,eq,96,97,0.414478927,0.488535864
C,austin,2026-07-20,20260720T080002083294-0400,,,eq,96,97,0.473632244,0.488535864
C,austin,2026-07-20,20260720T090354465496-0400,,,eq,96,97,0.411750948,0.448977257
C,austin,2026-07-20,20260720T100750112851-0400,,,eq,96,97,0.366823112,0.42908392
C,austin,2026-07-20,20260720T110258428423-0400,,,eq,96,97,0.0962662153,0.0967244722
C,austin,2026-07-20,20260720T120338777140-0400,,,eq,96,97,0.187830057,0.181947655
C,austin,2026-07-20,20260720T130749502701-0400,,,eq,96,97,0.26351357,0.373659595
C,austin,2026-07-20,20260720T140012268418-0400,,,eq,96,97,0.294895311,0.211216877
C,austin,2026-07-20,20260720T150919689979-0400,,,eq,96,97,0.392108172,0.317786265
C,austin,2026-07-20,20260720T162114861279-0400,,,eq,96,97,0.70230464,0.800095495
C,austin,2026-07-20,20260720T170739624534-0400,,,eq,96,97,0.795717534,0.794648734
C,austin,2026-07-20,20260720T180931220357-0400,,,eq,96,97,0.691498347,0.692562494
C,austin,2026-07-20,20260720T190452536595-0400,,,eq,96,97,0.811083755,0.709123888
C,austin,2026-07-20,20260720T200007898298-0400,,,eq,96,97,0.810924714,0.763633251
C,austin,2026-07-20,20260720T210414506494-0400,,,eq,96,97,0.798488423,0.784475014
C,austin,2026-07-20,20260720T220834066972-0400,,,eq,96,97,0.80922796,0.783321501
C,austin,2026-07-20,20260720T230240800799-0400,,,eq,96,97,0.809258544,0.783349559
C,austin,2026-07-20,20260721T000723038008-0400,,,eq,96,97,0.809258544,0.783349559
C,austin,2026-07-21,20260721T010032444373-0400,,,eq,100,101,0.669470116,0.719366738
C,austin,2026-07-21,20260721T020438532799-0400,,,eq,100,101,0.666971457,0.694930805
C,austin,2026-07-21,20260721T030835090995-0400,,,eq,100,101,0.545829423,0.618533315
C,austin,2026-07-21,20260721T040316672804-0400,,,eq,100,101,0.524011032,0.586822908
C,austin,2026-07-21,20260721T050658929435-0400,,,eq,100,101,0.500090238,0.586805806
C,austin,2026-07-21,20260721T060136619904-0400,,,eq,100,101,0.480875707,0.586805806
C,austin,2026-07-21,20260721T070528547428-0400,,,eq,100,101,0.506393371,0.521287823
C,austin,2026-07-21,20260721T080014081356-0400,,,eq,100,101,0.512223131,0.586822908
C,austin,2026-07-21,20260721T090407045140-0400,,,eq,100,101,0.259107522,0.328616199
C,austin,2026-07-21,20260721T100757534090-0400,,,eq,100,101,0.0977821085,0.0976210967
C,austin,2026-07-21,20260721T110239943497-0400,,,eq,100,101,0.158443374,0.157956089
C,austin,2026-07-21,20260721T120013558749-0400,,,eq,100,101,0.198244993,0.201827086
C,austin,2026-07-21,20260721T130442914560-0400,,,eq,100,101,0.223227429,0.0974946873
C,austin,2026-07-21,20260721T140924743198-0400,,,eq,100,101,0.24716885,0.117154876
C,austin,2026-07-21,20260721T150547854135-0400,,,eq,100,101,0.411461395,0.255259903
C,austin,2026-07-21,20260721T160005786489-0400,,,eq,100,101,0.0566854081,0.0559489464
C,austin,2026-07-21,20260721T170037453827-0400,,,eq,100,101,0.352679713,0.358132533
C,austin,2026-07-21,20260721T180834381848-0400,,,eq,100,101,0.799347686,0.74699536
C,austin,2026-07-21,20260721T190731950124-0400,,,eq,100,101,0.465651133,0.563907449
C,austin,2026-07-21,20260721T200140114427-0400,,,eq,100,101,0.440313406,0.57907395
C,austin,2026-07-21,20260721T210249065309-0400,,,eq,100,101,0.528265632,0.516726124
C,austin,2026-07-21,20260721T220152222643-0400,,,eq,100,101,0.428766676,0.456586765
C,austin,2026-07-21,20260721T230925872587-0400,,,eq,100,101,0.4290033,0.456520842
C,austin,2026-07-21,20260722T000307255468-0400,,,eq,100,101,0.429006113,0.456519176
C,austin,2026-07-22,20260722T010027438183-0400,,,eq,102,103,0.0788022856,0.0755969236
C,austin,2026-07-22,20260722T020414035356-0400,,,eq,102,103,0.103635638,0.0923175789
C,austin,2026-07-22,20260722T030803664697-0400,,,eq,102,103,0.0940090271,0.0923908407
C,austin,2026-07-22,20260722T040246954559-0400,,,eq,102,103,0.093497667,0.0923908407
C,austin,2026-07-22,20260722T050658733896-0400,,,eq,102,103,0.0925088525,0.0923484901
C,austin,2026-07-22,20260722T060136540383-0400,,,eq,102,103,0.0788316767,0.075626638
C,austin,2026-07-22,20260722T070523299310-0400,,,eq,102,103,0.150452509,0.0952169057
C,austin,2026-07-22,20260722T080005980301-0400,,,eq,102,103,0.150452509,0.0952169057
C,austin,2026-07-22,20260722T090405462991-0400,,,eq,102,103,0.0734889715,0.0756968217
C,austin,2026-07-22,20260722T100756926183-0400,,,eq,102,103,0.0625243753,0.0604279123
C,austin,2026-07-22,20260722T110233328174-0400,,,eq,102,103,0.090204748,0.0686069404
C,austin,2026-07-22,20260722T120625406428-0400,,,eq,102,103,0.102649833,0.11845318
C,austin,2026-07-22,20260722T130104521409-0400,,,eq,102,103,0.179781637,0.116695593
C,austin,2026-07-22,20260722T140456190472-0400,,,eq,102,103,0.315086233,0.356689015
C,austin,2026-07-22,20260722T150848499363-0400,,,eq,102,103,0.534324953,0.623552785
C,austin,2026-07-22,20260722T160138876623-0400,,,eq,102,103,0.302785379,0.402148197
C,austin,2026-07-22,20260722T170730473952-0400,,,eq,102,103,0.558772524,0.558772522
C,austin,2026-07-22,20260722T180211488435-0400,,,eq,102,103,0.699347087,0.699347009
C,austin,2026-07-22,20260722T190601633867-0400,,,eq,102,103,0.575597009,0.575597004
C,austin,2026-07-22,20260722T200048060310-0400,,,eq,102,103,0.522583263,0.522583263
C,austin,2026-07-22,20260722T210446324601-0400,,,eq,102,103,0.636544057,0.636544057
C,austin,2026-07-22,20260722T221257143599-0400,,,eq,102,103,0.636544057,0.636544057
C,austin,2026-07-22,20260722T230824500088-0400,,,eq,102,103,0.636544057,0.636544057
C,austin,2026-07-22,20260723T000334213708-0400,,,eq,102,103,0.636544057,0.636544057
C,austin,2026-07-23,20260723T010026805333-0400,,,eq,98,99,0.24906802,0.187256282
C,austin,2026-07-23,20260723T020457688324-0400,,,eq,98,99,0.266659964,0.191250644
C,austin,2026-07-23,20260723T030848659836-0400,,,eq,98,99,0.285924315,0.190430739
C,austin,2026-07-23,20260723T040330527827-0400,,,eq,98,99,0.320757713,0.190430739
C,austin,2026-07-23,20260723T050026625771-0400,,,eq,98,99,0.25392213,0.189785231
C,austin,2026-07-23,20260723T060408243356-0400,,,eq,98,99,0.255235842,0.18683235
C,austin,2026-07-23,20260723T070752153082-0400,,,eq,98,99,0.256227485,0.191277449
C,austin,2026-07-23,20260723T080229838552-0400,,,eq,98,99,0.206427207,0.197777021
C,austin,2026-07-23,20260723T090611760640-0400,,,eq,98,99,0.529911964,0.264992057
C,austin,2026-07-23,20260723T100049624254-0400,,,eq,98,99,0.346633316,0.251730995
C,austin,2026-07-23,20260723T110429443382-0400,,,eq,98,99,0.541894979,0.469486066
C,austin,2026-07-23,20260723T120820521710-0400,,,eq,98,99,0.0853481097,0.0663909731
C,austin,2026-07-23,20260723T130255078075-0400,,,eq,98,99,0.511628566,0.457503461
C,austin,2026-07-23,20260723T140650038680-0400,,,eq,98,99,0.479405946,0.544586842
C,austin,2026-07-23,20260723T150130365966-0400,,,eq,98,99,0.515660392,0.461969216
C,austin,2026-07-23,20260723T160523779642-0400,,,eq,98,99,0.784676893,0.769217993
C,austin,2026-07-23,20260723T170904249710-0400,,,eq,98,99,0.73814467,0.755356877
C,austin,2026-07-23,20260723T180342162378-0400,,,eq,98,99,0.8353755,0.885746866
C,austin,2026-07-23,20260723T190731526624-0400,,,eq,98,99,0.907408093,0.907528452
C,austin,2026-07-23,20260723T200216420981-0400,,,eq,98,99,0.800318625,0.80026814
C,austin,2026-07-23,20260723T210608074323-0400,,,eq,98,99,0.756571827,0.781897975
C,austin,2026-07-23,20260723T220108651998-0400,,,eq,98,99,0.575669544,0.773937663
C,austin,2026-07-23,20260723T230534220716-0400,,,eq,98,99,0.574333459,0.773573449
C,austin,2026-07-23,20260724T000104639550-0400,,,eq,98,99,0.574333363,0.773580797
C,austin,2026-07-24,20260724T010025939060-0400,,,eq,94,95,0.614048522,0.549744125
C,austin,2026-07-24,20260724T020415315484-0400,,,eq,94,95,0.554211237,0.547221123
C,austin,2026-07-24,20260724T030800219455-0400,,,eq,94,95,0.652223471,0.600917483
C,austin,2026-07-24,20260724T040238582263-0400,,,eq,94,95,0.637664166,0.600917483
C,austin,2026-07-24,20260724T050722540576-0400,,,eq,94,95,0.626777985,0.639983651
C,austin,2026-07-24,20260724T060226661544-0400,,,eq,94,95,0.411732232,0.671150173
C,austin,2026-07-24,20260724T070618635961-0400,,,eq,94,95,0.411732232,0.671150173
C,austin,2026-07-24,20260724T080058478617-0400,,,eq,94,95,0.575288326,0.735969535
C,austin,2026-07-24,20260724T090454640701-0400,,,eq,94,95,0.78785245,0.768143325
C,austin,2026-07-24,20260724T100834404402-0400,,,eq,94,95,0.609977209,0.485812721
C,austin,2026-07-24,20260724T110310242399-0400,,,eq,94,95,0.582804783,0.607169353
C,austin,2026-07-24,20260724T120701479392-0400,,,eq,94,95,0.782183216,0.774297523
C,austin,2026-07-24,20260724T130141630351-0400,,,eq,94,95,0.372687258,0.519135237
C,austin,2026-07-24,20260724T140534316809-0400,,,eq,94,95,0.605778675,0.443405881
C,austin,2026-07-24,20260724T150014310888-0400,,,eq,94,95,0.546210932,0.546940042
C,austin,2026-07-24,20260724T160021312733-0400,,,eq,94,95,0.230019498,0.202726721
C,austin,2026-07-24,20260724T170804563742-0400,,,eq,94,95,0.571460742,0.533379243
C,austin,2026-07-24,20260724T180239769657-0400,,,eq,94,95,0.781364051,0.780039521
C,austin,2026-07-24,20260724T190624430673-0400,,,eq,94,95,0.824732866,0.824660252
C,austin,2026-07-24,20260724T200113884376-0400,,,eq,94,95,0.614466158,0.599497517
C,austin,2026-07-24,20260724T210509645167-0400,,,eq,94,95,0.787666231,0.787671361
C,austin,2026-07-24,20260724T220008246437-0400,,,eq,94,95,0.787631358,0.787636502
C,austin,2026-07-24,20260724T230454960413-0400,,,eq,94,95,0.753003891,0.752913383
C,austin,2026-07-24,20260725T000031554354-0400,,,eq,94,95,0.752052264,0.751855888
C,austin,2026-07-25,20260725T010030725796-0400,,,eq,96,97,0.485417835,0.570225096
C,austin,2026-07-25,20260725T020414843766-0400,,,eq,96,97,0.227692746,0.356985903
C,austin,2026-07-25,20260725T030804416644-0400,,,eq,96,97,0.229456606,0.373836222
C,austin,2026-07-25,20260725T040247326319-0400,,,eq,96,97,0.398644294,0.520730032
C,austin,2026-07-25,20260725T050645686758-0400,,,eq,96,97,0.401865477,0.520730032
C,austin,2026-07-25,20260725T060120979109-0400,,,eq,96,97,0.38394284,0.497468475
C,austin,2026-07-25,20260725T070502036495-0400,,,eq,96,97,0.420373136,0.451003913
C,austin,2026-07-25,20260725T080848546818-0400,,,eq,96,97,0.434702291,0.452161693
C,austin,2026-07-25,20260725T090330832200-0400,,,eq,96,97,0.437706909,0.415252113
C,austin,2026-07-25,20260725T100712708442-0400,,,eq,96,97,0.25983295,0.460138057
C,austin,2026-07-25,20260725T110145379556-0400,,,eq,96,97,0.225773006,0.110401624
C,austin,2026-07-25,20260725T120132202579-0400,,,eq,96,97,0.164590134,0.208379719
C,austin,2026-07-25,20260725T130016628847-0400,,,eq,96,97,0.187864138,0.175693425
C,austin,2026-07-25,20260725T140402588077-0400,,,eq,96,97,0.152774492,0.120247943
C,austin,2026-07-25,20260725T150752990638-0400,,,eq,96,97,0.250325936,0.277691846
C,austin,2026-07-25,20260725T160243973496-0400,,,eq,96,97,0.156652121,0.197389033
C,austin,2026-07-25,20260725T170632400573-0400,,,eq,96,97,0.166302003,0.152509488
C,austin,2026-07-25,20260725T180119697553-0400,,,eq,96,97,0.199071296,0.198996396
C,austin,2026-07-25,20260725T190512317689-0400,,,eq,96,97,0.712305148,0.631424394
C,austin,2026-07-25,20260725T200904020374-0400,,,eq,96,97,0.72147697,0.710680608
C,austin,2026-07-25,20260725T210350580060-0400,,,eq,96,97,0.719178835,0.71351054
C,austin,2026-07-25,20260725T220801640873-0400,,,eq,96,97,0.724161703,0.713501316
C,austin,2026-07-25,20260725T230922775010-0400,,,eq,96,97,0.723754423,0.713095303
C,austin,2026-07-25,20260726T000458500680-0400,,,eq,96,97,0.723149785,0.711993118
C,austin,2026-07-26,20260726T010021244989-0400,,,eq,96,97,0.329436946,0.424579487
C,austin,2026-07-26,20260726T020409583726-0400,,,eq,96,97,0.229077172,0.2287006
C,austin,2026-07-26,20260726T030801073729-0400,,,eq,96,97,0.351362504,0.428893428
C,austin,2026-07-26,20260726T040239099420-0400,,,eq,96,97,0.414564274,0.423107511
C,austin,2026-07-26,20260726T050920562235-0400,,,eq,96,97,0.47247699,0.477496612
C,austin,2026-07-26,20260726T060621785092-0400,,,eq,96,97,0.433410013,0.44358775
C,austin,2026-07-26,20260726T070101148225-0400,,,eq,96,97,0.439329874,0.44358775
C,austin,2026-07-26,20260726T080446867486-0400,,,eq,96,97,0.553083322,0.561951368
C,austin,2026-07-26,20260726T090837726206-0400,,,eq,96,97,0.479933164,0.476674959
C,austin,2026-07-26,20260726T100309072430-0400,,,eq,96,97,0.426034309,0.478535054
C,austin,2026-07-26,20260726T110034277143-0400,,,eq,96,97,0.140484083,0.13553302
C,austin,2026-07-26,20260726T120139804411-0400,,,eq,96,97,0.155714231,0.223325422
C,austin,2026-07-26,20260726T130522876817-0400,,,eq,96,97,0.297755813,0.183619432
C,austin,2026-07-26,20260726T140009884359-0400,,,eq,96,97,0.270913703,0.1383232
C,austin,2026-07-26,20260726T150406746221-0400,,,eq,96,97,0.406856118,0.300336788
C,austin,2026-07-26,20260726T160803765293-0400,,,eq,96,97,0.747526777,0.847267432
C,austin,2026-07-26,20260726T170246708470-0400,,,eq,96,97,0.781894122,0.760122264
C,austin,2026-07-26,20260726T180630416609-0400,,,eq,96,97,0.830963787,0.833111535
C,austin,2026-07-26,20260726T190108279109-0400,,,eq,96,97,0.861905844,0.863127746
C,austin,2026-07-26,20260726T200502920831-0400,,,eq,96,97,0.875705752,0.844093756
C,austin,2026-07-26,20260726T210853381153-0400,,,eq,96,97,0.67578691,0.677274032
C,austin,2026-07-26,20260726T220359540979-0400,,,eq,96,97,0.745279024,0.746564734
C,austin,2026-07-26,20260726T230824627829-0400,,,eq,96,97,0.743603851,0.745695624
C,austin,2026-07-26,20260727T000334772604-0400,,,eq,96,97,0.743632132,0.745724232
C,austin,2026-07-27,20260727T010032131320-0400,,,eq,98,99,0.35532979,0.22752877
C,austin,2026-07-27,20260727T020422657688-0400,,,eq,98,99,0.217973827,0.171236186
C,austin,2026-07-27,20260727T030836694314-0400,,,eq,98,99,0.224102937,0.183530571
C,austin,2026-07-27,20260727T040315789456-0400,,,eq,98,99,0.224102937,0.183530571
C,austin,2026-07-27,20260727T050859032416-0400,,,eq,98,99,0.146107254,0.131312163
C,austin,2026-07-27,20260727T060351162655-0400,,,eq,98,99,0.120557628,0.110194132
C,austin,2026-07-27,20260727T070733101936-0400,,,eq,98,99,0.122623479,0.109862448
C,austin,2026-07-27,20260727T080214947584-0400,,,eq,98,99,0.161177511,0.110194132
C,austin,2026-07-27,20260727T090613427885-0400,,,eq,98,99,0.165624298,0.148521106
C,austin,2026-07-27,20260727T100053352907-0400,,,eq,98,99,0.570238358,0.373526188
C,austin,2026-07-27,20260727T110437855512-0400,,,eq,98,99,0.343904554,0.447023629
C,austin,2026-07-27,20260727T120824435993-0400,,,eq,98,99,0.310826382,0.158846292
C,austin,2026-07-27,20260727T130259884976-0400,,,eq,98,99,0.523377071,0.627398684
C,austin,2026-07-27,20260727T140648437219-0400,,,eq,98,99,0.150577923,0.182420509
C,austin,2026-07-27,20260727T150129416016-0400,,,eq,98,99,0.422783562,0.487633021
C,austin,2026-07-27,20260727T160525539002-0400,,,eq,98,99,0.176426296,0.163636915
C,austin,2026-07-27,20260727T170906596284-0400,,,eq,98,99,0.454773383,0.326123441
C,austin,2026-07-27,20260727T180346814844-0400,,,eq,98,99,0.23659602,0.24630146
C,austin,2026-07-27,20260727T190733635774-0400,,,eq,98,99,0.764496961,0.893288697
C,austin,2026-07-27,20260727T200213006269-0400,,,eq,98,99,0.740146763,0.844815814
C,austin,2026-07-27,20260727T210604485791-0400,,,eq,98,99,0.655430705,0.776968842
C,austin,2026-07-27,20260727T220058262042-0400,,,eq,98,99,0.484151936,0.770918591
C,austin,2026-07-27,20260727T230521695156-0400,,,eq,98,99,0.450905376,0.772054748
C,austin,2026-07-27,20260728T000045208225-0400,,,eq,98,99,0.449691119,0.771033507
C,austin,2026-07-28,20260728T010039133841-0400,,,eq,96,97,0.140312042,0.14056215
C,austin,2026-07-28,20260728T020430124281-0400,,,eq,96,97,0.0976580006,0.125505281
C,austin,2026-07-28,20260728T030900046651-0400,,,eq,96,97,0.195996818,0.204226444
C,austin,2026-07-28,20260728T040337375058-0400,,,eq,96,97,0.150551476,0.204226444
C,austin,2026-07-28,20260728T050003912068-0400,,,eq,96,97,0.156889902,0.204226444
C,austin,2026-07-28,20260728T060345460547-0400,,,eq,96,97,0.324829911,0.347846948
C,austin,2026-07-28,20260728T070737616767-0400,,,eq,96,97,0.33970776,0.347846948
C,austin,2026-07-28,20260728T080219239827-0400,,,eq,96,97,0.295981822,0.36198657
C,austin,2026-07-28,20260728T090609584882-0400,,,eq,96,97,0.190684589,0.200543274
C,austin,2026-07-28,20260728T100043412722-0400,,,eq,96,97,0.295846398,0.399061184
C,austin,2026-07-28,20260728T110422403735-0400,,,eq,96,97,0.0866721986,0.0817202334
C,austin,2026-07-28,20260728T120814765628-0400,,,eq,96,97,0.186460426,0.176268214
C,austin,2026-07-28,20260728T130257247398-0400,,,eq,96,97,0.104898003,0.145811452
C,austin,2026-07-28,20260728T140645576117-0400,,,eq,96,97,0.141234055,0.0928474886
C,austin,2026-07-28,20260728T150129415934-0400,,,eq,96,97,0.226858126,0.272299004
C,austin,2026-07-28,20260728T160522426281-0400,,,eq,96,97,0.782361273,0.770684562
C,austin,2026-07-28,20260728T170904336594-0400,,,eq,96,97,0.583580756,0.564027754
C,austin,2026-07-28,20260728T180344654497-0400,,,eq,96,97,0.694097031,0.677372805
C,austin,2026-07-28,20260728T190726994575-0400,,,eq,96,97,0.711404984,0.710471397
C,austin,2026-07-28,20260728T200209929365-0400,,,eq,96,97,0.754867081,0.737027556
C,austin,2026-07-28,20260728T210607157918-0400,,,eq,96,97,0.812580108,0.813981109
C,austin,2026-07-28,20260728T220105424730-0400,,,eq,96,97,0.661931455,0.66791092
C,austin,2026-07-28,20260728T230535337181-0400,,,eq,96,97,0.661748487,0.667678183
C,austin,2026-07-28,20260729T000055910522-0400,,,eq,96,97,0.660506794,0.66623989
C,austin,2026-07-29,20260729T010032120598-0400,,,eq,98,99,0.158847878,0.128372051
C,austin,2026-07-29,20260729T020424638528-0400,,,eq,98,99,0.192386516,0.195024642
C,austin,2026-07-29,20260729T030814340000-0400,,,eq,98,99,0.235606747,0.141443149
C,austin,2026-07-29,20260729T040253678150-0400,,,eq,98,99,0.183418883,0.130125116
C,austin,2026-07-29,20260729T050329585462-0400,,,eq,98,99,0.165216393,0.127431007
C,austin,2026-07-29,20260729T060714598783-0400,,,eq,98,99,0.165216393,0.127431007
C,austin,2026-07-29,20260729T070150395393-0400,,,eq,98,99,0.166462604,0.130125116
C,austin,2026-07-29,20260729T080541242085-0400,,,eq,98,99,0.165215864,0.127430678
C,austin,2026-07-29,20260729T090023144305-0400,,,eq,98,99,0.179124647,0.134343985
C,austin,2026-07-29,20260729T100405760804-0400,,,eq,98,99,0.497914213,0.378855289
C,austin,2026-07-29,20260729T110132092608-0400,,,eq,98,99,0.570367627,0.36901332
C,austin,2026-07-29,20260729T120233852628-0400,,,eq,98,99,0.370566055,0.153059165
C,austin,2026-07-29,20260729T130616496224-0400,,,eq,98,99,0.435773147,0.593090219
C,austin,2026-07-29,20260729T140025125580-0400,,,eq,98,99,0.713631918,0.758725774
C,austin,2026-07-29,20260729T150446637640-0400,,,eq,98,99,0.45297123,0.464089733
C,austin,2026-07-29,20260729T160841020819-0400,,,eq,98,99,0.10361222,0.110621022
C,austin,2026-07-29,20260729T170329234858-0400,,,eq,98,99,0.213008933,0.205939041
C,austin,2026-07-29,20260729T180712861555-0400,,,eq,98,99,0.267422063,0.267226544
C,austin,2026-07-29,20260729T190155451188-0400,,,eq,98,99,0.756077258,0.85036754
C,austin,2026-07-29,20260729T200543299794-0400,,,eq,98,99,0.78003947,0.804391853
C,austin,2026-07-29,20260729T210027670136-0400,,,eq,98,99,0.691624485,0.783035213
C,austin,2026-07-29,20260729T220606789523-0400,,,eq,98,99,0.543198988,0.777719732
C,austin,2026-07-29,20260729T230153009624-0400,,,eq,98,99,0.513518267,0.778680358
C,austin,2026-07-29,20260730T000638584692-0400,,,eq,98,99,0.513019011,0.778446198
C,austin,2026-07-30,20260730T010030560672-0400,,,eq,100,101,0.52085633,0.534936057
C,austin,2026-07-30,20260730T020417381792-0400,,,eq,100,101,0.670839849,0.738063638
C,austin,2026-07-30,20260730T030834443623-0400,,,eq,100,101,0.568504877,0.643922828
C,austin,2026-07-30,20260730T040313448191-0400,,,eq,100,101,0.545871772,0.643922828
C,austin,2026-07-30,20260730T050900002760-0400,,,eq,100,101,0.485029607,0.59913599
C,austin,2026-07-30,20260730T060343100525-0400,,,eq,100,101,0.556677995,0.644682749
C,austin,2026-07-30,20260730T070724878242-0400,,,eq,100,101,0.407259084,0.518018593
C,austin,2026-07-30,20260730T080204121352-0400,,,eq,100,101,0.403046565,0.478219356
C,austin,2026-07-30,20260730T090552890479-0400,,,eq,100,101,0.295744944,0.387555984
C,austin,2026-07-30,20260730T100027061733-0400,,,eq,100,101,0.25658402,0.122041982
C,austin,2026-07-30,20260730T110230528293-0400,,,eq,100,101,0.119169373,0.125511738
C,austin,2026-07-30,20260730T120746954260-0400,,,eq,100,101,0.199166548,0.21867366
C,austin,2026-07-30,20260730T130223367712-0400,,,eq,100,101,0.155194062,0.101528282
C,austin,2026-07-30,20260730T140610849126-0400,,,eq,100,101,0.1972859,0.113522408
C,austin,2026-07-30,20260730T150052642391-0400,,,eq,100,101,0.373874687,0.251969111
C,austin,2026-07-30,20260730T160443294111-0400,,,eq,100,101,0.121140182,0.138014124
C,austin,2026-07-30,20260730T170833174248-0400,,,eq,100,101,0.732415534,0.602921116
C,austin,2026-07-30,20260730T180313552471-0400,,,eq,100,101,0.764611043,0.681540584
C,austin,2026-07-30,20260730T190704463793-0400,,,eq,100,101,0.437495378,0.543474535
C,austin,2026-07-30,20260730T200146299045-0400,,,eq,100,101,0.681877709,0.568411357
C,austin,2026-07-30,20260730T210533549588-0400,,,eq,100,101,0.621970068,0.518951892
C,austin,2026-07-30,20260730T220028932299-0400,,,eq,100,101,0.645954859,0.519474388
C,austin,2026-07-30,20260730T230450709764-0400,,,eq,100,101,0.64492807,0.517379809
C,austin,2026-07-30,20260731T000914618693-0400,,,eq,100,101,0.643917375,0.5173989
C,chicago,2026-07-01,20260701T010025-0400,,,eq,94,95,0.052964224,0.052964224
C,chicago,2026-07-01,20260701T020355-0400,,,eq,94,95,0.0528971035,0.0528971035
C,chicago,2026-07-01,20260701T030752-0400,,,eq,94,95,0.0520743605,0.0520743605
C,chicago,2026-07-01,20260701T040214-0400,,,eq,94,95,0.0520743605,0.0520743605
C,chicago,2026-07-01,20260701T050537-0400,,,eq,94,95,0.0520743605,0.0520743605
C,chicago,2026-07-01,20260701T060903-0400,,,eq,94,95,0.0499519705,0.0499519705
C,chicago,2026-07-01,20260701T070328-0400,,,eq,94,95,0.0499519705,0.0499519705
C,chicago,2026-07-01,20260701T080657-0400,,,eq,94,95,0.0520741866,0.0520741866
C,chicago,2026-07-01,20260701T090123-0400,,,eq,94,95,0.0305881839,0.0305881839
C,chicago,2026-07-01,20260701T100725-0400,,,eq,94,95,0.0322854242,0.0322854242
C,chicago,2026-07-01,20260701T110720-0400,,,eq,94,95,0.0803852594,0.0803852594
C,chicago,2026-07-01,20260701T120236-0400,,,eq,94,95,0.0822768893,0.0822768893
C,chicago,2026-07-01,20260701T130316-0400,,,eq,94,95,0.0695396933,0.0695396933
C,chicago,2026-07-01,20260701T140623-0400,,,eq,94,95,0.265471086,0.265471086
C,chicago,2026-07-01,20260701T150307-0400,,,eq,94,95,0.479545354,0.479545354
C,chicago,2026-07-01,20260701T160638-0400,,,eq,94,95,0.829890269,0.829890269
C,chicago,2026-07-01,20260701T170203-0400,,,eq,94,95,0.815961362,0.815961362
C,chicago,2026-07-01,20260701T180605-0400,,,eq,94,95,0.873701758,0.873701758
C,chicago,2026-07-01,20260701T190452-0400,,,eq,94,95,0.451083507,0.451083507
C,chicago,2026-07-01,20260701T200830-0400,,,eq,94,95,0.135835736,0.135835736
C,chicago,2026-07-01,20260701T210305-0400,,,eq,94,95,0.0431782796,0.0431782796
C,chicago,2026-07-01,20260701T220657-0400,,,eq,94,95,0.02360067,0.02360067
C,chicago,2026-07-01,20260701T230149-0400,,,eq,94,95,0.0271648475,0.0271648475
C,chicago,2026-07-01,20260702T000548-0400,,,eq,94,95,0.0198985817,0.0198985817
C,chicago,2026-07-02,20260702T010046-0400,,,eq,94,95,0.0524490628,0.0524490628
C,chicago,2026-07-02,20260702T020420-0400,,,eq,94,95,0.0534757362,0.0534757362
C,chicago,2026-07-02,20260702T030755-0400,,,eq,94,95,0.052333726,0.052333726
C,chicago,2026-07-02,20260702T040225-0400,,,eq,94,95,0.0348276768,0.0348276768
C,chicago,2026-07-02,20260702T050550-0400,,,eq,94,95,0.0334675747,0.0334675747
C,chicago,2026-07-02,20260702T060015-0400,,,eq,94,95,0.032997571,0.032997571
C,chicago,2026-07-02,20260702T070345-0400,,,eq,94,95,0.032997571,0.032997571
C,chicago,2026-07-02,20260702T080723-0400,,,eq,94,95,0.0334787331,0.0334787331
C,chicago,2026-07-02,20260702T090158-0400,,,eq,94,95,0.0159396318,0.0159396318
C,chicago,2026-07-02,20260702T100756-0400,,,eq,94,95,0.0168172872,0.0168172872
C,chicago,2026-07-02,20260702T110514-0400,,,eq,94,95,0.0420358579,0.0420358579
C,chicago,2026-07-02,20260702T120102-0400,,,eq,94,95,0.0866569755,0.0866569755
C,chicago,2026-07-02,20260702T130454-0400,,,eq,94,95,0.0451351937,0.0451351937
C,chicago,2026-07-02,20260702T140843-0400,,,eq,94,95,0.0729454262,0.0729454262
C,chicago,2026-07-02,20260702T150346-0400,,,eq,94,95,0.586852302,0.586852302
C,chicago,2026-07-02,20260702T160726-0400,,,eq,94,95,0.8403577,0.8403577
C,chicago,2026-07-02,20260702T170150-0400,,,eq,94,95,0.871540722,0.871540722
C,chicago,2026-07-02,20260702T181500-0400,,,eq,94,95,0.726664645,0.781199258
C,chicago,2026-07-02,20260702T190111-0400,,,eq,94,95,0.75365612,0.741163735
C,chicago,2026-07-02,20260702T200519-0400,,,eq,94,95,0.761578939,0.784963721
C,chicago,2026-07-02,20260702T210029-0400,,,eq,94,95,0.851339852,0.821290035
C,chicago,2026-07-02,20260702T220045-0400,,,eq,94,95,0.851339852,0.821290035
C,chicago,2026-07-02,20260702T230502-0400,,,eq,94,95,0.582119669,0.562085681
C,chicago,2026-07-02,20260703T000851-0400,,,eq,94,95,0.980163657,0.968600716
C,chicago,2026-07-03,20260703T010523-0400,,,eq,86,87,0.142672429,0.0789595139
C,chicago,2026-07-03,20260703T021255-0400,,,eq,86,87,0.12246276,0.0802965105
C,chicago,2026-07-03,20260703T030311-0400,,,eq,86,87,0.112528497,0.0743181445
C,chicago,2026-07-03,20260703T040653-0400,,,eq,86,87,0.057685793,0.031185708
C,chicago,2026-07-03,20260703T050123-0400,,,eq,86,87,0.0591711009,0.0310963179
C,chicago,2026-07-03,20260703T060449-0400,,,eq,86,87,0.0912478801,0.0437909529
C,chicago,2026-07-03,20260703T070818-0400,,,eq,86,87,0.0916049151,0.0437909529
C,chicago,2026-07-03,20260703T080240-0400,,,eq,86,87,0.0683398006,0.0300033711
C,chicago,2026-07-03,20260703T090615-0400,,,eq,86,87,0.0393650167,0.0572845587
C,chicago,2026-07-03,20260703T100451-0400,,,eq,86,87,0.0910404891,0.146221671
C,chicago,2026-07-03,20260703T110739-0400,,,eq,86,87,0.137890183,0.280876233
C,chicago,2026-07-03,20260703T120303-0400,,,eq,86,87,0.112428927,0.210956541
C,chicago,2026-07-03,20260703T131324-0400,,,eq,86,87,0.163994365,0.256772341
C,chicago,2026-07-03,20260703T140418-0400,,,eq,86,87,0.211315175,0.460038956
C,chicago,2026-07-03,20260703T150414-0400,,,eq,86,87,0.162028762,0.26117664
C,chicago,2026-07-03,20260703T160958-0400,,,eq,86,87,0.114568852,0.24375533
C,chicago,2026-07-03,20260703T170336-0400,,,eq,86,87,0.072261592,0.180700327
C,chicago,2026-07-03,20260703T182720-0400,,,eq,86,87,0.571137017,0.646638387
C,chicago,2026-07-03,20260703T190429-0400,,,eq,86,87,0.686123739,0.739223507
C,chicago,2026-07-03,20260703T204837375302-0400,,,eq,86,87,0.392581714,0.605523762
C,chicago,2026-07-03,20260703T210217313392-0400,,,eq,86,87,0.383441157,0.639013891
C,chicago,2026-07-03,20260703T224203797102-0400,,,eq,86,87,0.374043458,0.630572417
C,chicago,2026-07-03,20260703T230018754296-0400,,,eq,86,87,0.350841437,0.608524409
C,chicago,2026-07-03,20260704T000042071283-0400,,,eq,86,87,0.863189003,0.905175804
C,chicago,2026-07-04,20260704T010120705985-0400,,,eq,82,83,0.067126207,0.0745174759
C,chicago,2026-07-04,20260704T020323370755-0400,,,eq,82,83,0.139111919,0.181347053
C,chicago,2026-07-04,20260704T030833656145-0400,,,eq,82,83,0.168800335,0.201066616
C,chicago,2026-07-04,20260704T040303141056-0400,,,eq,82,83,0.260637378,0.337292239
C,chicago,2026-07-04,20260704T050635701816-0400,,,eq,82,83,0.734805216,0.724405332
C,chicago,2026-07-04,20260704T060058628533-0400,,,eq,82,83,0.329793388,0.376626229
C,chicago,2026-07-04,20260704T070424857579-0400,,,eq,82,83,0.548983929,0.536795313
C,chicago,2026-07-04,20260704T080801811828-0400,,,eq,82,83,0.177504132,0.1884127
C,chicago,2026-07-04,20260704T090233556048-0400,,,eq,82,83,0.0766430997,0.10679264
C,chicago,2026-07-04,20260704T101038438591-0400,,,eq,82,83,0.140286586,0.131348266
C,chicago,2026-07-04,20260704T110433970310-0400,,,eq,82,83,0.313231542,0.389760425
C,chicago,2026-07-04,20260704T120234084724-0400,,,eq,82,83,0.421313966,0.328974815
C,chicago,2026-07-04,20260704T131058136045-0400,,,eq,82,83,0.0592881669,0.147402718
C,chicago,2026-07-04,20260704T140618416093-0400,,,eq,82,83,0.0350237155,0.0582901824
C,chicago,2026-07-04,20260704T150958524618-0400,,,eq,82,83,0.0745356334,0.0782858559
C,chicago,2026-07-04,20260704T161106598925-0400,,,eq,82,83,0.56095775,0.61563609
C,chicago,2026-07-04,20260704T170336792922-0400,,,eq,82,83,0.262023428,0.656038751
C,chicago,2026-07-04,20260704T180250853274-0400,,,eq,82,83,0.433339708,0.450519408
C,chicago,2026-07-04,20260704T190622230780-0400,,,eq,82,83,0.448938863,0.46936243
C,chicago,2026-07-04,20260704T200051486902-0400,,,eq,82,83,0.573185896,0.450816285
C,chicago,2026-07-04,20260704T210432015108-0400,,,eq,82,83,0.936361912,0.911980646
C,chicago,2026-07-04,20260704T220817075203-0400,,,eq,82,83,0.936361912,0.911980646
C,chicago,2026-07-04,20260704T230300598834-0400,,,eq,82,83,0.874600916,0.824444708
C,chicago,2026-07-04,20260705T000655098661-0400,,,eq,82,83,0.874600916,0.824444708
C,chicago,2026-07-05,20260705T010148562909-0400,,,eq,76,77,0.726207361,0.879922003
C,chicago,2026-07-05,20260705T020520801994-0400,,,eq,76,77,0.726208597,0.879922003
C,chicago,2026-07-05,20260705T030001223321-0400,,,eq,76,77,0.758900715,0.888937612
C,chicago,2026-07-05,20260705T040330599261-0400,,,eq,76,77,0.725948784,0.879927381
C,chicago,2026-07-05,20260705T050651944088-0400,,,eq,76,77,0.744832316,0.880811716
C,chicago,2026-07-05,20260705T060115335531-0400,,,eq,76,77,0.772694891,0.900412282
C,chicago,2026-07-05,20260705T070449305737-0400,,,eq,76,77,0.744173256,0.880820321
C,chicago,2026-07-05,20260705T080818445414-0400,,,eq,76,77,0.739848866,0.880820321
C,chicago,2026-07-05,20260705T090246719082-0400,,,eq,76,77,0.598777606,0.734558858
C,chicago,2026-07-05,20260705T101049294587-0400,,,eq,76,77,0.0456280926,0.0706818914
C,chicago,2026-07-05,20260705T110534579346-0400,,,eq,76,77,0.0520355109,0.157974807
C,chicago,2026-07-05,20260705T120044615012-0400,,,eq,76,77,0.118890839,0.182098783
C,chicago,2026-07-05,20260705T130419384385-0400,,,eq,76,77,0.115129954,0.356988365
C,chicago,2026-07-05,20260705T140752616791-0400,,,eq,76,77,0.131385057,0.134933311
C,chicago,2026-07-05,20260705T150236631660-0400,,,eq,76,77,0.114928771,0.125582141
C,chicago,2026-07-05,20260705T160611582591-0400,,,eq,76,77,0.905821345,0.929475648
C,chicago,2026-07-05,20260705T170053268659-0400,,,eq,76,77,0.895549476,0.905678855
C,chicago,2026-07-05,20260705T180021807496-0400,,,eq,76,77,0.871426172,0.904688268
C,chicago,2026-07-05,20260705T190645638292-0400,,,eq,76,77,0.901677369,0.921495706
C,chicago,2026-07-05,20260705T202756911554-0400,,,eq,76,77,0.981197609,0.981264241
C,chicago,2026-07-05,20260705T210453260231-0400,,,eq,76,77,0.985837412,0.989381468
C,chicago,2026-07-05,20260705T220105810677-0400,,,eq,76,77,0.985821391,0.989369953
C,chicago,2026-07-05,20260705T230445814435-0400,,,eq,76,77,0.985821372,0.989369941
C,chicago,2026-07-05,20260706T000500286248-0400,,,eq,76,77,0.985821372,0.989369941
C,chicago,2026-07-07,20260707T010048509955-0400,,,eq,84,85,0.142061535,0.168935862
C,chicago,2026-07-07,20260707T020707464561-0400,,,eq,84,85,0.241556314,0.168935862
C,chicago,2026-07-07,20260707T030808269246-0400,,,eq,84,85,0.445307145,0.42415739
C,chicago,2026-07-07,20260707T040239888384-0400,,,eq,84,85,0.483888682,0.429163455
C,chicago,2026-07-07,20260707T050603198963-0400,,,eq,84,85,0.462527708,0.429163455
C,chicago,2026-07-07,20260707T060025120698-0400,,,eq,84,85,0.39989336,0.402897547
C,chicago,2026-07-07,20260707T070357845744-0400,,,eq,84,85,0.401953183,0.402897547
C,chicago,2026-07-07,20260707T080736402725-0400,,,eq,84,85,0.367328416,0.161591188
C,chicago,2026-07-07,20260707T090209168879-0400,,,eq,84,85,0.312058664,0.186846954
C,chicago,2026-07-07,20260707T102302911827-0400,,,eq,84,85,0.0941845464,0.156826114
C,chicago,2026-07-07,20260707T110836142100-0400,,,eq,84,85,0.170451035,0.0915193856
C,chicago,2026-07-07,20260707T120426271781-0400,,,eq,84,85,0.289627405,0.362593296
C,chicago,2026-07-07,20260707T130319550356-0400,,,eq,84,85,0.39231151,0.270637383
C,chicago,2026-07-07,20260707T140653780778-0400,,,eq,84,85,0.263496519,0.310664729
C,chicago,2026-07-07,20260707T150831004300-0400,,,eq,84,85,0.425068487,0.412603401
C,chicago,2026-07-07,20260707T160720592810-0400,,,eq,84,85,0.444906276,0.469894605
C,chicago,2026-07-07,20260707T170722832670-0400,,,eq,84,85,0.537345771,0.399154548
C,chicago,2026-07-07,20260707T180713315040-0400,,,eq,84,85,0.372875719,0.411066776
C,chicago,2026-07-07,20260707T190100668939-0400,,,eq,84,85,0.285331206,0.401610648
C,chicago,2026-07-07,20260707T200536794116-0400,,,eq,84,85,0.323887993,0.425588221
C,chicago,2026-07-07,20260707T210008477242-0400,,,eq,84,85,0.278888512,0.278917182
C,chicago,2026-07-07,20260707T220404650728-0400,,,eq,84,85,0.278829326,0.278881533
C,chicago,2026-07-07,20260707T230808666456-0400,,,eq,84,85,0.278829326,0.278881533
C,chicago,2026-07-07,20260708T000254254204-0400,,,eq,84,85,0.278829326,0.278881533
C,chicago,2026-07-08,20260708T010024190504-0400,,,eq,88,89,0.800417508,0.809767701
C,chicago,2026-07-08,20260708T020418618540-0400,,,eq,88,89,0.597730035,0.711026325
C,chicago,2026-07-08,20260708T030815790185-0400,,,eq,88,89,0.500912188,0.633647556
C,chicago,2026-07-08,20260708T040246242319-0400,,,eq,88,89,0.586382043,0.664963127
C,chicago,2026-07-08,20260708T050611789638-0400,,,eq,88,89,0.578327675,0.664963127
C,chicago,2026-07-08,20260708T060040801065-0400,,,eq,88,89,0.5339325,0.586110863
C,chicago,2026-07-08,20260708T070413638919-0400,,,eq,88,89,0.56618076,0.633647556
C,chicago,2026-07-08,20260708T080754968020-0400,,,eq,88,89,0.795641596,0.810431174
C,chicago,2026-07-08,20260708T090233367356-0400,,,eq,88,89,0.710725276,0.727211252
C,chicago,2026-07-08,20260708T101156046682-0400,,,eq,88,89,0.769863114,0.673317587
C,chicago,2026-07-08,20260708T110942410931-0400,,,eq,88,89,0.417591993,0.43001412
C,chicago,2026-07-08,20260708T121602202727-0400,,,eq,88,89,0.44344041,0.292059542
C,chicago,2026-07-08,20260708T130133772395-0400,,,eq,88,89,0.235919582,0.174066855
C,chicago,2026-07-08,20260708T140734779573-0400,,,eq,88,89,0.262710145,0.173676552
C,chicago,2026-07-08,20260708T150549569008-0400,,,eq,88,89,0.0745178648,0.0745178648
C,chicago,2026-07-08,20260708T160055399860-0400,,,eq,88,89,0.886401961,0.839080853
C,chicago,2026-07-08,20260708T171416551399-0400,,,eq,88,89,0.961653577,0.895087929
C,chicago,2026-07-08,20260708T180034020605-0400,,,eq,88,89,0.90501506,0.809717697
C,chicago,2026-07-08,20260708T190421123901-0400,,,eq,88,89,0.86429083,0.747996636
C,chicago,2026-07-08,20260708T200209321555-0400,,,eq,88,89,0.901694439,0.849935825
C,chicago,2026-07-08,20260708T210908226879-0400,,,eq,88,89,0.886900633,0.754109349
C,chicago,2026-07-08,20260708T220149425137-0400,,,eq,88,89,0.886595605,0.753087956
C,chicago,2026-07-08,20260708T230607956039-0400,,,eq,88,89,0.916647467,0.804232194
C,chicago,2026-07-08,20260709T000106398247-0400,,,eq,88,89,0.916607214,0.803763785
C,chicago,2026-07-09,20260709T010051008185-0400,,,eq,86,87,0.557312189,0.218729127
C,chicago,2026-07-09,20260709T020628803638-0400,,,eq,86,87,0.583455688,0.224674222
C,chicago,2026-07-09,20260709T030135099426-0400,,,eq,86,87,0.640772829,0.227815637
C,chicago,2026-07-09,20260709T040507933366-0400,,,eq,86,87,0.611282308,0.214498446
C,chicago,2026-07-09,20260709T050831069546-0400,,,eq,86,87,0.55310451,0.214498446
C,chicago,2026-07-09,20260709T060258895679-0400,,,eq,86,87,0.585252884,0.386248369
C,chicago,2026-07-09,20260709T070628269556-0400,,,eq,86,87,0.615730427,0.370376835
C,chicago,2026-07-09,20260709T080056795761-0400,,,eq,86,87,0.577232122,0.386248369
C,chicago,2026-07-09,20260709T090849700766-0400,,,eq,86,87,0.50886074,0.561691389
C,chicago,2026-07-09,20260709T100454475202-0400,,,eq,86,87,0.592201544,0.507932429
C,chicago,2026-07-09,20260709T110447144967-0400,,,eq,86,87,0.293900402,0.375708472
C,chicago,2026-07-09,20260709T120625700822-0400,,,eq,86,87,0.0938677487,0.108270804
C,chicago,2026-07-09,20260709T130038530248-0400,,,eq,86,87,0.314960643,0.395842443
C,chicago,2026-07-09,20260709T143024821656-0400,,,eq,86,87,0.54550216,0.512856687
C,chicago,2026-07-09,20260709T150700767504-0400,,,eq,86,87,0.477438064,0.488419261
C,chicago,2026-07-09,20260709T160839646132-0400,,,eq,86,87,0.0988906802,0.152447519
C,chicago,2026-07-09,20260709T170404176415-0400,,,eq,86,87,0.224284945,0.410965333
C,chicago,2026-07-09,20260709T180133111455-0400,,,eq,86,87,0.275337326,0.271696186
C,chicago,2026-07-09,20260709T194505735586-0400,,,eq,86,87,0.390799241,0.52759741
C,chicago,2026-07-09,20260709T200342545386-0400,,,eq,86,87,0.953090371,0.958344552
C,chicago,2026-07-09,20260709T210237626239-0400,,,eq,86,87,0.952882752,0.974439461
C,chicago,2026-07-09,20260709T220630861709-0400,,,eq,86,87,0.953249018,0.974516135
C,chicago,2026-07-09,20260709T230537852122-0400,,,eq,86,87,0.947053328,0.972685862
C,chicago,2026-07-09,20260710T000217528079-0400,,,eq,86,87,0.945272314,0.971955496
C,chicago,2026-07-10,20260710T010552811733-0400,,,eq,80,81,0.714281864,0.741658656
C,chicago,2026-07-10,20260710T020646444826-0400,,,eq,80,81,0.703997172,0.736902041
C,chicago,2026-07-10,20260710T030226732697-0400,,,eq,80,81,0.118525169,0.130722167
C,chicago,2026-07-10,20260710T040013827226-0400,,,eq,80,81,0.0533179378,0.052289135
C,chicago,2026-07-10,20260710T050226761924-0400,,,eq,80,81,0.0472408188,0.052289135
C,chicago,2026-07-10,20260710T060248314638-0400,,,eq,80,81,0.0512413813,0.0523386847
C,chicago,2026-07-10,20260710T070616600601-0400,,,eq,80,81,0.0512413813,0.0523386847
C,chicago,2026-07-10,20260710T080047613713-0400,,,eq,80,81,0.0529440133,0.0536519771
C,chicago,2026-07-10,20260710T090422136153-0400,,,eq,80,81,0.0673317896,0.126349088
C,chicago,2026-07-10,20260710T100252001557-0400,,,eq,80,81,0.1627769,0.154923727
C,chicago,2026-07-10,20260710T110504763362-0400,,,eq,80,81,0.508567749,0.521305575
C,chicago,2026-07-10,20260710T120120647641-0400,,,eq,80,81,0.684583767,0.704411858
C,chicago,2026-07-10,20260710T130144147537-0400,,,eq,80,81,0.263089962,0.106491703
C,chicago,2026-07-10,20260710T140006845659-0400,,,eq,80,81,0.0972539534,0.0939208889
C,chicago,2026-07-10,20260710T151258600364-0400,,,eq,80,81,0.0420885072,0.0747229011
C,chicago,2026-07-10,20260710T160446333946-0400,,,eq,80,81,0.758453627,0.707145265
C,chicago,2026-07-10,20260710T170244679729-0400,,,eq,80,81,0.76021978,0.769210579
C,chicago,2026-07-10,20260710T180317510289-0400,,,eq,80,81,0.566884557,0.567608193
C,chicago,2026-07-10,20260710T191624690291-0400,,,eq,80,81,0.410627836,0.32330856
C,chicago,2026-07-10,20260710T200739763526-0400,,,eq,80,81,0.15882135,0.116982807
C,chicago,2026-07-10,20260710T210105934443-0400,,,eq,80,81,0.10831057,0.148637961
C,chicago,2026-07-10,20260710T224750983675-0400,,,eq,80,81,0.10831057,0.148637961
C,chicago,2026-07-10,20260710T230609969985-0400,,,eq,80,81,0.108310848,0.14863781
C,chicago,2026-07-10,20260711T000749814652-0400,,,eq,80,81,0.108346432,0.148647385
C,chicago,2026-07-11,20260711T010031593475-0400,,,eq,82,83,0.252153938,0.239197061
C,chicago,2026-07-11,20260711T020408214935-0400,,,eq,82,83,0.369279067,0.349590264
C,chicago,2026-07-11,20260711T031906768433-0400,,,eq,82,83,0.348299445,0.358045516
C,chicago,2026-07-11,20260711T044027026435-0400,,,eq,82,83,0.354629396,0.36695583
C,chicago,2026-07-11,20260711T050947708927-0400,,,eq,82,83,0.372747074,0.362677174
C,chicago,2026-07-11,20260711T060409532197-0400,,,eq,82,83,0.352190977,0.36695583
C,chicago,2026-07-11,20260711T070737933437-0400,,,eq,82,83,0.35084268,0.36695583
C,chicago,2026-07-11,20260711T080230451452-0400,,,eq,82,83,0.264527493,0.234331554
C,chicago,2026-07-11,20260711T090609566190-0400,,,eq,82,83,0.0778223624,0.0743950302
C,chicago,2026-07-11,20260711T100559444468-0400,,,eq,82,83,0.0979260404,0.0905031189
C,chicago,2026-07-11,20260711T111107262584-0400,,,eq,82,83,0.274494633,0.299804807
C,chicago,2026-07-11,20260711T120450613992-0400,,,eq,82,83,0.31813818,0.297479129
C,chicago,2026-07-11,20260711T130446353203-0400,,,eq,82,83,0.436437369,0.42554714
C,chicago,2026-07-11,20260711T140636728411-0400,,,eq,82,83,0.5697381,0.700725146
C,chicago,2026-07-11,20260711T150658095723-0400,,,eq,82,83,0.613260692,0.596194693
C,chicago,2026-07-11,20260711T160419928846-0400,,,eq,82,83,0.363932412,0.367351723
C,chicago,2026-07-11,20260711T170049048619-0400,,,eq,82,83,0.250149104,0.288206186
C,chicago,2026-07-11,20260711T180754072245-0400,,,eq,82,83,0.828791696,0.84634288
C,chicago,2026-07-11,20260711T190015118554-0400,,,eq,82,83,0.864676359,0.865640979
C,chicago,2026-07-11,20260711T200435815111-0400,,,eq,82,83,0.938439343,0.938627704
C,chicago,2026-07-11,20260711T211321751742-0400,,,eq,82,83,0.967102607,0.967080216
C,chicago,2026-07-11,20260711T221634584632-0400,,,eq,82,83,0.927975895,0.927194513
C,chicago,2026-07-14,20260714T010638776586-0400,,,eq,96,97,0.0669861455,0.0394995525
C,chicago,2026-07-14,20260714T020403596564-0400,,,eq,96,97,0.0416362179,0.0231827672
C,chicago,2026-07-14,20260714T030203218809-0400,,,eq,96,97,0.0399621168,0.022556747
C,chicago,2026-07-14,20260714T040551541137-0400,,,eq,96,97,0.130578138,0.0764073412
C,chicago,2026-07-14,20260714T050020898448-0400,,,eq,96,97,0.115422177,0.0756495536
C,chicago,2026-07-14,20260714T060405570178-0400,,,eq,96,97,0.145891647,0.0975171793
C,chicago,2026-07-14,20260714T070748343526-0400,,,eq,96,97,0.145891647,0.0975171793
C,chicago,2026-07-14,20260714T080222374510-0400,,,eq,96,97,0.150951413,0.099920645
C,chicago,2026-07-14,20260714T090838692632-0400,,,eq,96,97,0.0663217365,0.0520893795
C,chicago,2026-07-14,20260714T100518724044-0400,,,eq,96,97,0.110123197,0.0677680554
C,chicago,2026-07-14,20260714T110742003254-0400,,,eq,96,97,0.249326447,0.16634295
C,chicago,2026-07-14,20260714T120229338978-0400,,,eq,96,97,0.272167501,0.147353199
C,chicago,2026-07-14,20260714T130652898991-0400,,,eq,96,97,0.439742877,0.282706009
C,chicago,2026-07-14,20260714T140129939714-0400,,,eq,96,97,0.212607095,0.104215724
C,chicago,2026-07-14,20260714T150519521765-0400,,,eq,96,97,0.807483391,0.799140509
C,chicago,2026-07-14,20260714T160907062627-0400,,,eq,96,97,0.429057667,0.505337258
C,chicago,2026-07-14,20260714T170341585910-0400,,,eq,96,97,0.97665321,0.939098744
C,chicago,2026-07-14,20260714T180755074489-0400,,,eq,96,97,0.956628179,0.927871506
C,chicago,2026-07-14,20260714T190248316739-0400,,,eq,96,97,0.938617803,0.914667377
C,chicago,2026-07-14,20260714T200635436539-0400,,,eq,96,97,0.969702941,0.953405602
C,chicago,2026-07-14,20260714T210119959708-0400,,,eq,96,97,0.969108962,0.95144405
C,chicago,2026-07-14,20260714T225521013090-0400,,,eq,96,97,0.969108962,0.95144405
C,chicago,2026-07-14,20260714T235415640526-0400,,,eq,96,97,0.953890079,0.925837186
C,chicago,2026-07-15,20260715T010755415976-0400,,,eq,94,95,0.0337440719,0.0314363699
C,chicago,2026-07-15,20260715T020418762750-0400,,,eq,94,95,0.0342716281,0.0308334557
C,chicago,2026-07-15,20260715T030008481711-0400,,,eq,94,95,0.0300219569,0.0291898669
C,chicago,2026-07-15,20260715T040406103335-0400,,,eq,94,95,0.0263496943,0.023359507
C,chicago,2026-07-15,20260715T050744984717-0400,,,eq,94,95,0.0210254718,0.0210366324
C,chicago,2026-07-15,20260715T060220090432-0400,,,eq,94,95,0.0207940411,0.0206142444
C,chicago,2026-07-15,20260715T070602821345-0400,,,eq,94,95,0.0144005889,0.018879343
C,chicago,2026-07-15,20260715T080035867539-0400,,,eq,94,95,0.0299542202,0.0291937145
C,chicago,2026-07-15,20260715T090040086428-0400,,,eq,94,95,0.0179648951,0.00871918442
C,chicago,2026-07-15,20260715T100836107784-0400,,,eq,94,95,0.0193793313,0.0110990154
C,chicago,2026-07-15,20260715T110308788639-0400,,,eq,94,95,0.0343755431,0.0364613243
C,chicago,2026-07-15,20260715T120654161883-0400,,,eq,94,95,0.0821573218,0.109272198
C,chicago,2026-07-15,20260715T130133856819-0400,,,eq,94,95,0.0356079183,0.0390311206
C,chicago,2026-07-15,20260715T140524836449-0400,,,eq,94,95,0.0952954795,0.131841395
C,chicago,2026-07-15,20260715T150010155691-0400,,,eq,94,95,0.113650612,0.106112693
C,chicago,2026-07-15,20260715T160358724703-0400,,,eq,94,95,0.751258632,0.741971909
C,chicago,2026-07-15,20260715T170750171863-0400,,,eq,94,95,0.597621976,0.677127248
C,chicago,2026-07-15,20260715T180229615116-0400,,,eq,94,95,0.392242174,0.503254213
C,chicago,2026-07-15,20260715T190135908815-0400,,,eq,94,95,0.580283074,0.459164368
C,chicago,2026-07-15,20260715T200102423589-0400,,,eq,94,95,0.733864899,0.564551202
C,chicago,2026-07-15,20260715T210507381499-0400,,,eq,94,95,0.757409743,0.594270063
C,chicago,2026-07-15,20260715T225547109395-0400,,,eq,94,95,0.878641668,0.798148508
C,chicago,2026-07-15,20260715T230239265319-0400,,,eq,94,95,0.878641668,0.798148508
C,chicago,2026-07-15,20260716T000106414479-0400,,,eq,94,95,0.877317984,0.819335975
C,chicago,2026-07-16,20260716T010024110510-0400,,,eq,90,91,0.0701596942,0.0701596942
C,chicago,2026-07-16,20260716T020410995812-0400,,,eq,90,91,0.388170056,0.432833252
C,chicago,2026-07-16,20260716T030759441166-0400,,,eq,90,91,0.555062312,0.599806248
C,chicago,2026-07-16,20260716T040242165789-0400,,,eq,90,91,0.489804219,0.497658114
C,chicago,2026-07-16,20260716T050620649266-0400,,,eq,90,91,0.46996388,0.497658114
C,chicago,2026-07-16,20260716T060058141891-0400,,,eq,90,91,0.434388606,0.491443651
C,chicago,2026-07-16,20260716T070443507704-0400,,,eq,90,91,0.399133023,0.475083834
C,chicago,2026-07-16,20260716T080830558350-0400,,,eq,90,91,0.454228804,0.499213627
C,chicago,2026-07-16,20260716T090313072897-0400,,,eq,90,91,0.511666781,0.444953943
C,chicago,2026-07-16,20260716T100702974671-0400,,,eq,90,91,0.466094374,0.550139264
C,chicago,2026-07-16,20260716T110250109799-0400,,,eq,90,91,0.585000442,0.550352074
C,chicago,2026-07-16,20260716T120708533398-0400,,,eq,90,91,0.505012904,0.473531231
C,chicago,2026-07-16,20260716T130150044116-0400,,,eq,90,91,0.680765134,0.732080511
C,chicago,2026-07-16,20260716T140549933735-0400,,,eq,90,91,0.865273468,0.848969612
C,chicago,2026-07-16,20260716T150041339596-0400,,,eq,90,91,0.929317727,0.877301836
C,chicago,2026-07-16,20260716T160500370226-0400,,,eq,90,91,0.034028604,0.034028604
C,chicago,2026-07-16,20260716T170850002843-0400,,,eq,90,91,0.932037408,0.8936351
C,chicago,2026-07-16,20260716T180342949781-0400,,,eq,90,91,0.848160553,0.870871324
C,chicago,2026-07-16,20260716T190746524214-0400,,,eq,90,91,0.870662573,0.881570862
C,chicago,2026-07-16,20260716T201006993713-0400,,,eq,90,91,0.864839776,0.86873994
C,chicago,2026-07-16,20260716T210625806648-0400,,,eq,90,91,0.946342154,0.96294718
C,chicago,2026-07-16,20260716T220202125641-0400,,,eq,90,91,0.942119748,0.960582296
C,chicago,2026-07-16,20260716T230340526452-0400,,,eq,90,91,0.942221909,0.960624252
C,chicago,2026-07-16,20260717T000102093444-0400,,,eq,90,91,0.942134031,0.960567063
C,chicago,2026-07-17,20260717T010223813269-0400,,,eq,92,93,0.0226541446,0.0206868578
C,chicago,2026-07-17,20260717T020613803751-0400,,,eq,92,93,0.0223319814,0.020075953
C,chicago,2026-07-17,20260717T030104168806-0400,,,eq,92,93,0.0298594157,0.026774515
C,chicago,2026-07-17,20260717T040509523652-0400,,,eq,92,93,0.0211053827,0.0204644814
C,chicago,2026-07-17,20260717T050003063060-0400,,,eq,92,93,0.0319482224,0.0206496796
C,chicago,2026-07-17,20260717T060354561004-0400,,,eq,92,93,0.0216825145,0.0180374584
C,chicago,2026-07-17,20260717T070739351079-0400,,,eq,92,93,0.0223504656,0.020311117
C,chicago,2026-07-17,20260717T080221273740-0400,,,eq,92,93,0.0231489588,0.020938354
C,chicago,2026-07-17,20260717T091055773026-0400,,,eq,92,93,0.0363826275,0.0231012544
C,chicago,2026-07-17,20260717T102829728624-0400,,,eq,92,93,0.0495268244,0.0365645114
C,chicago,2026-07-17,20260717T110509531900-0400,,,eq,92,93,0.0522283973,0.0984677628
C,chicago,2026-07-17,20260717T121350401349-0400,,,eq,92,93,0.0778322068,0.152702881
C,chicago,2026-07-17,20260717T130843080131-0400,,,eq,92,93,0.113743488,0.14620455
C,chicago,2026-07-17,20260717T140333714598-0400,,,eq,92,93,0.177878959,0.151605847
C,chicago,2026-07-17,20260717T150722983942-0400,,,eq,92,93,0.0932836212,0.167037245
C,chicago,2026-07-17,20260717T160602006245-0400,,,eq,92,93,0.0195339803,0.0511913908
C,chicago,2026-07-17,20260717T170037871676-0400,,,eq,92,93,0.0705999964,0.109390807
C,chicago,2026-07-17,20260717T180714199280-0400,,,eq,92,93,0.477212965,0.821394416
C,chicago,2026-07-17,20260717T190347598049-0400,,,eq,92,93,0.790273414,0.950001561
C,chicago,2026-07-17,20260717T200909092948-0400,,,eq,92,93,0.95623496,0.960630334
C,chicago,2026-07-17,20260717T210402527269-0400,,,eq,92,93,0.958350681,0.982131094
C,chicago,2026-07-17,20260717T220817665804-0400,,,eq,92,93,0.958350681,0.982131094
C,chicago,2026-07-17,20260717T230339120066-0400,,,eq,92,93,0.962589373,0.984014645
C,chicago,2026-07-17,20260718T000836698041-0400,,,eq,92,93,0.962581097,0.984004388
C,chicago,2026-07-18,20260718T010031701795-0400,,,eq,90,91,0.479571053,0.553944384
C,chicago,2026-07-18,20260718T020440087777-0400,,,eq,90,91,0.493378486,0.545249415
C,chicago,2026-07-18,20260718T030833403455-0400,,,eq,90,91,0.0863015894,0.0874812918
C,chicago,2026-07-18,20260718T040314334880-0400,,,eq,90,91,0.0849628597,0.0863352212
C,chicago,2026-07-18,20260718T050653415287-0400,,,eq,90,91,0.0839903515,0.0855509407
C,chicago,2026-07-18,20260718T060131659231-0400,,,eq,90,91,0.047503317,0.0480963155
C,chicago,2026-07-18,20260718T070518833127-0400,,,eq,90,91,0.196486568,0.219707482
C,chicago,2026-07-18,20260718T080007768743-0400,,,eq,90,91,0.195717836,0.21913687
C,chicago,2026-07-18,20260718T090352186485-0400,,,eq,90,91,0.174909075,0.240320889
C,chicago,2026-07-18,20260718T100752130959-0400,,,eq,90,91,0.177959519,0.284655268
C,chicago,2026-07-18,20260718T110307026682-0400,,,eq,90,91,0.284422218,0.60537794
C,chicago,2026-07-18,20260718T120708498253-0400,,,eq,90,91,0.110030241,0.246146355
C,chicago,2026-07-18,20260718T130206934767-0400,,,eq,90,91,0.148103285,0.305252248
C,chicago,2026-07-18,20260718T140046804635-0400,,,eq,90,91,0.107842536,0.141103392
C,chicago,2026-07-18,20260718T150037683905-0400,,,eq,90,91,0.136717028,0.144499565
C,chicago,2026-07-18,20260718T160439519080-0400,,,eq,90,91,0.186866429,0.22252929
C,chicago,2026-07-18,20260718T170826794770-0400,,,eq,90,91,0.849271637,0.835388519
C,chicago,2026-07-18,20260718T180307160025-0400,,,eq,90,91,0.660715846,0.679626034
C,chicago,2026-07-18,20260718T190659156830-0400,,,eq,90,91,0.440785491,0.49164938
C,chicago,2026-07-18,20260718T200141763043-0400,,,eq,90,91,0.639861529,0.732023731
C,chicago,2026-07-18,20260718T210538814955-0400,,,eq,90,91,0.213040238,0.743960096
C,chicago,2026-07-18,20260718T220031287359-0400,,,eq,90,91,0.213194244,0.743991674
C,chicago,2026-07-18,20260718T230510146539-0400,,,eq,90,91,0.213194098,0.743991632
C,chicago,2026-07-18,20260719T000153882278-0400,,,eq,90,91,0.213285901,0.742728025
C,chicago,2026-07-19,20260719T010041799139-0400,,,eq,78,79,0.0580422542,0.0425055092
C,chicago,2026-07-19,20260719T020432978516-0400,,,eq,78,79,0.0284163796,0.026425712
C,chicago,2026-07-19,20260719T030819101783-0400,,,eq,78,79,0.0262751502,0.021550549
C,chicago,2026-07-19,20260719T040258087196-0400,,,eq,78,79,0.0251991975,0.021550549
C,chicago,2026-07-19,20260719T050641131490-0400,,,eq,78,79,0.0363308055,0.0275086333
C,chicago,2026-07-19,20260719T060117661314-0400,,,eq,78,79,0.0255109934,0.021550549
C,chicago,2026-07-19,20260719T070508503253-0400,,,eq,78,79,0.0246523627,0.0217903382
C,chicago,2026-07-19,20260719T080854909712-0400,,,eq,78,79,0.0488261367,0.0361496075
C,chicago,2026-07-19,20260719T090336151299-0400,,,eq,78,79,0.0426584807,0.0358579221
C,chicago,2026-07-19,20260719T100823058030-0400,,,eq,78,79,0.122390851,0.0938506096
C,chicago,2026-07-19,20260719T110353064534-0400,,,eq,78,79,0.110248174,0.0909824688
C,chicago,2026-07-19,20260719T120342095331-0400,,,eq,78,79,0.110062653,0.104390935
C,chicago,2026-07-19,20260719T130235037908-0400,,,eq,78,79,0.340327479,0.344243749
C,chicago,2026-07-19,20260719T140624350582-0400,,,eq,78,79,0.559062929,0.658828655
C,chicago,2026-07-19,20260719T150105606003-0400,,,eq,78,79,0.178437099,0.19709495
C,chicago,2026-07-19,20260719T160502051851-0400,,,eq,78,79,0.327681348,0.349075076
C,chicago,2026-07-19,20260719T171443960760-0400,,,eq,78,79,0.703934366,0.701388024
C,chicago,2026-07-19,20260719T180918355437-0400,,,eq,78,79,0.620280173,0.604423762
C,chicago,2026-07-19,20260719T190153474066-0400,,,eq,78,79,0.761825665,0.761777411
C,chicago,2026-07-19,20260719T202543331215-0400,,,eq,78,79,0.751047159,0.751514694
C,chicago,2026-07-19,20260719T211426711032-0400,,,eq,78,79,0.810483697,0.811364676
C,chicago,2026-07-19,20260719T220628656782-0400,,,eq,78,79,0.762513531,0.763606459
C,chicago,2026-07-19,20260719T232730058623-0400,,,eq,78,79,0.810479098,0.811112903
C,chicago,2026-07-19,20260720T001353891576-0400,,,eq,78,79,0.810363762,0.811244138
C,chicago,2026-07-20,20260720T010045047085-0400,,,eq,82,83,0.163124784,0.180046626
C,chicago,2026-07-20,20260720T020436403999-0400,,,eq,82,83,0.135937939,0.107249134
C,chicago,2026-07-20,20260720T030903193498-0400,,,eq,82,83,0.148515682,0.108782119
C,chicago,2026-07-20,20260720T040338321209-0400,,,eq,82,83,0.140077326,0.107282737
C,chicago,2026-07-20,20260720T050715366342-0400,,,eq,82,83,0.137984347,0.0729288213
C,chicago,2026-07-20,20260720T060149190722-0400,,,eq,82,83,0.139424913,0.108731185
C,chicago,2026-07-20,20260720T070536562042-0400,,,eq,82,83,0.194115507,0.0729288213
C,chicago,2026-07-20,20260720T080015121940-0400,,,eq,82,83,0.140040039,0.107333353
C,chicago,2026-07-20,20260720T090041093288-0400,,,eq,82,83,0.0218502316,0.0202976912
C,chicago,2026-07-20,20260720T100817972660-0400,,,eq,82,83,0.0262132745,0.0742873746
C,chicago,2026-07-20,20260720T110309922512-0400,,,eq,82,83,0.0512752452,0.122694654
C,chicago,2026-07-20,20260720T120351661396-0400,,,eq,82,83,0.432470022,0.449200645
C,chicago,2026-07-20,20260720T131602228250-0400,,,eq,82,83,0.269143956,0.516976203
C,chicago,2026-07-20,20260720T140156557080-0400,,,eq,82,83,0.254367092,0.397041072
C,chicago,2026-07-20,20260720T150925816078-0400,,,eq,82,83,0.213555452,0.213444391
C,chicago,2026-07-20,20260720T162122036086-0400,,,eq,82,83,0.113352042,0.113352042
C,chicago,2026-07-20,20260720T170802569216-0400,,,eq,82,83,0.212109291,0.234206587
C,chicago,2026-07-20,20260720T180939161158-0400,,,eq,82,83,0.757275783,0.789337988
C,chicago,2026-07-20,20260720T190505607863-0400,,,eq,82,83,0.844919714,0.853420207
C,chicago,2026-07-20,20260720T200015225524-0400,,,eq,82,83,0.825676706,0.83001767
C,chicago,2026-07-20,20260720T210433567850-0400,,,eq,82,83,0.964359473,0.964626791
C,chicago,2026-07-20,20260720T220851632410-0400,,,eq,82,83,0.925643329,0.924831896
C,chicago,2026-07-20,20260720T230253627117-0400,,,eq,82,83,0.964354567,0.964623344
C,chicago,2026-07-20,20260721T000747222460-0400,,,eq,82,83,0.964354567,0.964623344
C,chicago,2026-07-21,20260721T010040100684-0400,,,eq,86,87,0.114397223,0.0348816174
C,chicago,2026-07-21,20260721T020448288376-0400,,,eq,86,87,0.0703851303,0.0348816174
C,chicago,2026-07-21,20260721T030845473152-0400,,,eq,86,87,0.200581264,0.059890392
C,chicago,2026-07-21,20260721T040326227955-0400,,,eq,86,87,0.153852129,0.0582999945
C,chicago,2026-07-21,20260721T050707419687-0400,,,eq,86,87,0.114354826,0.059890392
C,chicago,2026-07-21,20260721T060145412725-0400,,,eq,86,87,0.104722593,0.0564411134
C,chicago,2026-07-21,20260721T070538304174-0400,,,eq,86,87,0.0784125083,0.0548689551
C,chicago,2026-07-21,20260721T080029639746-0400,,,eq,86,87,0.0943821065,0.0548287347
C,chicago,2026-07-21,20260721T090417799223-0400,,,eq,86,87,0.143857582,0.160239207
C,chicago,2026-07-21,20260721T100816883991-0400,,,eq,86,87,0.24724137,0.140431795
C,chicago,2026-07-21,20260721T110250674199-0400,,,eq,86,87,0.596116902,0.5117115
C,chicago,2026-07-21,20260721T120043508343-0400,,,eq,86,87,0.201395476,0.233644043
C,chicago,2026-07-21,20260721T130103691246-0400,,,eq,86,87,0.565449236,0.460251515
C,chicago,2026-07-21,20260721T140451033368-0400,,,eq,86,87,0.522968484,0.59391923
C,chicago,2026-07-21,20260721T150257866394-0400,,,eq,86,87,0.538240627,0.427384976
C,chicago,2026-07-21,20260721T160132278390-0400,,,eq,86,87,0.987435217,0.987663175
C,chicago,2026-07-21,20260721T171001424153-0400,,,eq,86,87,0.995678409,0.994390259
C,chicago,2026-07-21,20260721T180611057681-0400,,,eq,86,87,0.987298951,0.987329076
C,chicago,2026-07-21,20260721T190309170558-0400,,,eq,86,87,0.991797717,0.991918853
C,chicago,2026-07-21,20260721T200506514262-0400,,,eq,86,87,0.992615611,0.992840429
C,chicago,2026-07-21,20260721T210156214924-0400,,,eq,86,87,0.992224991,0.996786578
C,chicago,2026-07-21,20260721T220657209965-0400,,,eq,86,87,0.991890039,0.996726265
C,chicago,2026-07-21,20260721T230221976990-0400,,,eq,86,87,0.991886519,0.996723872
C,chicago,2026-07-21,20260722T000759819377-0400,,,eq,86,87,0.99188656,0.996723898
C,chicago,2026-07-22,20260722T010027681570-0400,,,eq,74,75,0.908310419,0.934039139
C,chicago,2026-07-22,20260722T020432920437-0400,,,eq,74,75,0.923201284,0.931712704
C,chicago,2026-07-22,20260722T030824654304-0400,,,eq,74,75,0.923108534,0.931712704
C,chicago,2026-07-22,20260722T040305595438-0400,,,eq,74,75,0.927669209,0.931712704
C,chicago,2026-07-22,20260722T050003451264-0400,,,eq,74,75,0.920088058,0.942238198
C,chicago,2026-07-22,20260722T060348187474-0400,,,eq,74,75,0.927890706,0.947559015
C,chicago,2026-07-22,20260722T070734033336-0400,,,eq,74,75,0.961625986,0.920349029
C,chicago,2026-07-22,20260722T080040814349-0400,,,eq,74,75,0.877318679,0.893462269
C,chicago,2026-07-22,20260722T090131465576-0400,,,eq,74,75,0.949570779,0.935734979
C,chicago,2026-07-22,20260722T100101307268-0400,,,eq,74,75,0.711408927,0.447678999
C,chicago,2026-07-22,20260722T110450273766-0400,,,eq,74,75,0.67164459,0.75237931
C,chicago,2026-07-22,20260722T120845077196-0400,,,eq,74,75,0.694851546,0.807018518
C,chicago,2026-07-22,20260722T130229463564-0400,,,eq,74,75,0.680569894,0.740283212
C,chicago,2026-07-22,20260722T140720279417-0400,,,eq,74,75,0.662016441,0.612451484
C,chicago,2026-07-22,20260722T150206509503-0400,,,eq,74,75,0.846104339,0.846562979
C,chicago,2026-07-22,20260722T160605199548-0400,,,eq,74,75,0.185715985,0.191952446
C,chicago,2026-07-22,20260722T170049248419-0400,,,eq,74,75,0.0735745881,0.08844206
C,chicago,2026-07-22,20260722T180435865504-0400,,,eq,74,75,0.985298004,0.985078848
C,chicago,2026-07-22,20260722T190832640664-0400,,,eq,74,75,0.986233351,0.985819055
C,chicago,2026-07-22,20260722T200321605201-0400,,,eq,74,75,0.994281697,0.994059989
C,chicago,2026-07-22,20260722T210720772313-0400,,,eq,74,75,0.997487529,0.99768922
C,chicago,2026-07-22,20260722T220222441201-0400,,,eq,74,75,0.997482158,0.997684428
C,chicago,2026-07-22,20260722T230650624509-0400,,,eq,74,75,0.997482456,0.997678991
C,chicago,2026-07-22,20260723T000218633117-0400,,,eq,74,75,0.997482469,0.997678995
C,chicago,2026-07-23,20260723T010026757372-0400,,,eq,76,77,0.0405768997,0.0230048408
C,chicago,2026-07-23,20260723T020411517118-0400,,,eq,76,77,0.0389579295,0.0218701047
C,chicago,2026-07-23,20260723T030808182648-0400,,,eq,76,77,0.0278450962,0.0185843602
C,chicago,2026-07-23,20260723T040247314962-0400,,,eq,76,77,0.0186759773,0.0161981338
C,chicago,2026-07-23,20260723T050658151852-0400,,,eq,76,77,0.0186361477,0.0162115368
C,chicago,2026-07-23,20260723T060125168707-0400,,,eq,76,77,0.0291198231,0.0254688685
C,chicago,2026-07-23,20260723T070518594171-0400,,,eq,76,77,0.267921166,0.19102154
C,chicago,2026-07-23,20260723T080000881255-0400,,,eq,76,77,0.357708724,0.214196542
C,chicago,2026-07-23,20260723T090352599537-0400,,,eq,76,77,0.0167519328,0.0115316084
C,chicago,2026-07-23,20260723T100231046032-0400,,,eq,76,77,0.0171257553,0.0259792991
C,chicago,2026-07-23,20260723T110125512210-0400,,,eq,76,77,0.0572233134,0.0442878624
C,chicago,2026-07-23,20260723T120555397544-0400,,,eq,76,77,0.293656904,0.0681004005
C,chicago,2026-07-23,20260723T130032347648-0400,,,eq,76,77,0.11714978,0.102225105
C,chicago,2026-07-23,20260723T140427598304-0400,,,eq,76,77,0.102870855,0.0892418922
C,chicago,2026-07-23,20260723T150817856813-0400,,,eq,76,77,0.281256349,0.16479452
C,chicago,2026-07-23,20260723T160310902312-0400,,,eq,76,77,0.611211178,0.670149239
C,chicago,2026-07-23,20260723T170700244163-0400,,,eq,76,77,0.615945805,0.621802266
C,chicago,2026-07-23,20260723T180137153262-0400,,,eq,76,77,0.510279435,0.514992207
C,chicago,2026-07-23,20260723T190523000409-0400,,,eq,76,77,0.466552176,0.574756018
C,chicago,2026-07-23,20260723T200005179446-0400,,,eq,76,77,0.678908011,0.678884088
C,chicago,2026-07-23,20260723T210356642534-0400,,,eq,76,77,0.727200733,0.711115189
C,chicago,2026-07-23,20260723T220806623246-0400,,,eq,76,77,0.727148966,0.711058536
C,chicago,2026-07-23,20260723T230315377088-0400,,,eq,76,77,0.727148966,0.711058536
C,chicago,2026-07-23,20260724T000742780286-0400,,,eq,76,77,0.727149839,0.711059527
C,chicago,2026-07-24,20260724T010026893878-0400,,,eq,78,79,0.0243818451,0.024133317
C,chicago,2026-07-24,20260724T020434326467-0400,,,eq,78,79,0.0254836585,0.0239438061
C,chicago,2026-07-24,20260724T030825687434-0400,,,eq,78,79,0.0251624406,0.023689005
C,chicago,2026-07-24,20260724T040301448038-0400,,,eq,78,79,0.0251707288,0.023689005
C,chicago,2026-07-24,20260724T050810573819-0400,,,eq,78,79,0.025159621,0.023689005
C,chicago,2026-07-24,20260724T060244926010-0400,,,eq,78,79,0.0238045827,0.0189086958
C,chicago,2026-07-24,20260724T070633713027-0400,,,eq,78,79,0.027223512,0.0278734698
C,chicago,2026-07-24,20260724T080027401422-0400,,,eq,78,79,0.0260535458,0.0256051833
C,chicago,2026-07-24,20260724T090504526778-0400,,,eq,78,79,0.0594337731,0.0302974123
C,chicago,2026-07-24,20260724T100521646167-0400,,,eq,78,79,0.0763892956,0.0790579939
C,chicago,2026-07-24,20260724T110329083559-0400,,,eq,78,79,0.0487920894,0.0507794262
C,chicago,2026-07-24,20260724T120711454610-0400,,,eq,78,79,0.0602078825,0.109777222
C,chicago,2026-07-24,20260724T130154329427-0400,,,eq,78,79,0.141580224,0.29151465
C,chicago,2026-07-24,20260724T140544452017-0400,,,eq,78,79,0.12500985,0.108949918
C,chicago,2026-07-24,20260724T150025246539-0400,,,eq,78,79,0.307058305,0.325426577
C,chicago,2026-07-24,20260724T160427183347-0400,,,eq,78,79,0.819839464,0.80641041
C,chicago,2026-07-24,20260724T170816113445-0400,,,eq,78,79,0.760995343,0.741241521
C,chicago,2026-07-24,20260724T180253513292-0400,,,eq,78,79,0.655540352,0.655101745
C,chicago,2026-07-24,20260724T190636067857-0400,,,eq,78,79,0.710582529,0.711125722
C,chicago,2026-07-24,20260724T200126118107-0400,,,eq,78,79,0.782735661,0.78386271
C,chicago,2026-07-24,20260724T210521120879-0400,,,eq,78,79,0.873563079,0.873772336
C,chicago,2026-07-24,20260724T220022164365-0400,,,eq,78,79,0.778413212,0.778744446
C,chicago,2026-07-24,20260724T230513546517-0400,,,eq,78,79,0.824465498,0.824675979
C,chicago,2026-07-24,20260725T000046568859-0400,,,eq,78,79,0.82440956,0.824630382
C,chicago,2026-07-25,20260725T010035811012-0400,,,eq,80,81,0.194119752,0.227837888
C,chicago,2026-07-25,20260725T020433050337-0400,,,eq,80,81,0.897015095,0.902659556
C,chicago,2026-07-25,20260725T030825547647-0400,,,eq,80,81,0.868410816,0.942597389
C,chicago,2026-07-25,20260725T040306081698-0400,,,eq,80,81,0.929958132,0.92557821
C,chicago,2026-07-25,20260725T050001994362-0400,,,eq,80,81,0.906309121,0.902165719
C,chicago,2026-07-25,20260725T060343250845-0400,,,eq,80,81,0.917656663,0.911445593
C,chicago,2026-07-25,20260725T070724540665-0400,,,eq,80,81,0.70293695,0.909393791
C,chicago,2026-07-25,20260725T080204776243-0400,,,eq,80,81,0.937307856,0.933391981
C,chicago,2026-07-25,20260725T090553243119-0400,,,eq,80,81,0.79080292,0.897094074
C,chicago,2026-07-25,20260725T100027590918-0400,,,eq,80,81,0.302072199,0.410576686
C,chicago,2026-07-25,20260725T110409864835-0400,,,eq,80,81,0.460552743,0.552521046
C,chicago,2026-07-25,20260725T120754840576-0400,,,eq,80,81,0.634802019,0.744104707
C,chicago,2026-07-25,20260725T130234046211-0400,,,eq,80,81,0.731267905,0.412061195
C,chicago,2026-07-25,20260725T140035504125-0400,,,eq,80,81,0.247124542,0.298280931
C,chicago,2026-07-25,20260725T150104488289-0400,,,eq,80,81,0.454146083,0.325130806
C,chicago,2026-07-25,20260725T160457523230-0400,,,eq,80,81,0.20695637,0.215942821
C,chicago,2026-07-25,20260725T170845432254-0400,,,eq,80,81,0.941492037,0.93823785
C,chicago,2026-07-25,20260725T180324589461-0400,,,eq,80,81,0.935040147,0.935249132
C,chicago,2026-07-25,20260725T190716796655-0400,,,eq,80,81,0.932272894,0.932459696
C,chicago,2026-07-25,20260725T200210173303-0400,,,eq,80,81,0.955594242,0.956711258
C,chicago,2026-07-25,20260725T210135715769-0400,,,eq,80,81,0.108687028,0.0786395837
C,chicago,2026-07-25,20260725T220105030729-0400,,,eq,80,81,0.974606403,0.975072346
C,chicago,2026-07-25,20260725T230141696903-0400,,,eq,80,81,0.974606403,0.975072346
C,chicago,2026-07-25,20260726T000652813602-0400,,,eq,80,81,0.974606279,0.975072162
C,chicago,2026-07-26,20260726T010021753622-0400,,,eq,90,91,0.576827945,0.600184534
C,chicago,2026-07-26,20260726T020429516228-0400,,,eq,90,91,0.693829373,0.714018215
C,chicago,2026-07-26,20260726T030822087291-0400,,,eq,90,91,0.515603244,0.551940739
C,chicago,2026-07-26,20260726T040301287118-0400,,,eq,90,91,0.515603244,0.551940739
C,chicago,2026-07-26,20260726T050021392738-0400,,,eq,90,91,0.492248716,0.551940739
C,chicago,2026-07-26,20260726T060854039223-0400,,,eq,90,91,0.494191283,0.553340812
C,chicago,2026-07-26,20260726T070334329244-0400,,,eq,90,91,0.467834739,0.521064532
C,chicago,2026-07-26,20260726T080724448184-0400,,,eq,90,91,0.467834739,0.521064532
C,chicago,2026-07-26,20260726T090203345838-0400,,,eq,90,91,0.714960461,0.677516734
C,chicago,2026-07-26,20260726T100542572997-0400,,,eq,90,91,0.485170443,0.519604676
C,chicago,2026-07-26,20260726T110017084020-0400,,,eq,90,91,0.652447787,0.670173119
C,chicago,2026-07-26,20260726T120358927081-0400,,,eq,90,91,0.614138059,0.650917045
C,chicago,2026-07-26,20260726T130747109273-0400,,,eq,90,91,0.677011109,0.731760602
C,chicago,2026-07-26,20260726T140234387023-0400,,,eq,90,91,0.859248733,0.830450532
C,chicago,2026-07-26,20260726T150618128151-0400,,,eq,90,91,0.813803928,0.804338845
C,chicago,2026-07-26,20260726T160113138715-0400,,,eq,90,91,0.190015026,0.25393029
C,chicago,2026-07-26,20260726T170504622832-0400,,,eq,90,91,0.866664597,0.86640675
C,chicago,2026-07-26,20260726T180852080281-0400,,,eq,90,91,0.868028445,0.769645859
C,chicago,2026-07-26,20260726T190328919611-0400,,,eq,90,91,0.690932765,0.625124442
C,chicago,2026-07-26,20260726T200718135651-0400,,,eq,90,91,0.863708443,0.883674321
C,chicago,2026-07-26,20260726T210202604829-0400,,,eq,90,91,0.850531724,0.798750174
C,chicago,2026-07-26,20260726T220609687830-0400,,,eq,90,91,0.815987692,0.758139139
C,chicago,2026-07-26,20260726T230120571369-0400,,,eq,90,91,0.819822996,0.760528272
C,chicago,2026-07-26,20260727T000539456750-0400,,,eq,90,91,0.819696158,0.76045756
C,chicago,2026-07-27,20260727T010030818927-0400,,,eq,84,85,0.0759081119,0.0889948256
C,chicago,2026-07-27,20260727T020413003028-0400,,,eq,84,85,0.0904525221,0.0857323532
C,chicago,2026-07-27,20260727T030825671712-0400,,,eq,84,85,0.069839544,0.0824703834
C,chicago,2026-07-27,20260727T040306166732-0400,,,eq,84,85,0.126486956,0.126486956
C,chicago,2026-07-27,20260727T050704981925-0400,,,eq,84,85,0.0778738306,0.0840014886
C,chicago,2026-07-27,20260727T060142132749-0400,,,eq,84,85,0.0774409778,0.0855236092
C,chicago,2026-07-27,20260727T070524285960-0400,,,eq,84,85,0.0645838498,0.0836425348
C,chicago,2026-07-27,20260727T080005886581-0400,,,eq,84,85,0.0794765406,0.0836425348
C,chicago,2026-07-27,20260727T090354714127-0400,,,eq,84,85,0.165728376,0.129284474
C,chicago,2026-07-27,20260727T100740835839-0400,,,eq,84,85,0.0656630562,0.0593285482
C,chicago,2026-07-27,20260727T110221700971-0400,,,eq,84,85,0.0785125553,0.0708100324
C,chicago,2026-07-27,20260727T120614444412-0400,,,eq,84,85,0.0302928829,0.0361890979
C,chicago,2026-07-27,20260727T130051233868-0400,,,eq,84,85,0.0374167447,0.0386499403
C,chicago,2026-07-27,20260727T140440672203-0400,,,eq,84,85,0.0439163029,0.0638569293
C,chicago,2026-07-27,20260727T150842447316-0400,,,eq,84,85,0.0737505231,0.0754861992
C,chicago,2026-07-27,20260727T160332338103-0400,,,eq,84,85,0.161568993,0.197394177
C,chicago,2026-07-27,20260727T170716158062-0400,,,eq,84,85,0.457971809,0.450188357
C,chicago,2026-07-27,20260727T180201356962-0400,,,eq,84,85,0.224475883,0.318943478
C,chicago,2026-07-27,20260727T190556136446-0400,,,eq,84,85,0.290499324,0.368428332
C,chicago,2026-07-27,20260727T200049611038-0400,,,eq,84,85,0.394407859,0.454571777
C,chicago,2026-07-27,20260727T210442002733-0400,,,eq,84,85,0.261751709,0.33167153
C,chicago,2026-07-27,20260727T220854605554-0400,,,eq,84,85,0.261766151,0.331670529
C,chicago,2026-07-27,20260727T230400728412-0400,,,eq,84,85,0.261766114,0.331670447
C,chicago,2026-07-27,20260728T000821794671-0400,,,eq,84,85,0.229826844,0.282579263
C,chicago,2026-07-28,20260728T010037856995-0400,,,eq,78,79,0.120821466,0.0358924152
C,chicago,2026-07-28,20260728T020420501024-0400,,,eq,78,79,0.113038649,0.0343358695
C,chicago,2026-07-28,20260728T030839307984-0400,,,eq,78,79,0.160993912,0.125192316
C,chicago,2026-07-28,20260728T040318718211-0400,,,eq,78,79,0.134735619,0.116796474
C,chicago,2026-07-28,20260728T050754930027-0400,,,eq,78,79,0.149808935,0.12287611
C,chicago,2026-07-28,20260728T060234943450-0400,,,eq,78,79,0.104979811,0.0627376418
C,chicago,2026-07-28,20260728T070039536618-0400,,,eq,78,79,0.112682705,0.070313934
C,chicago,2026-07-28,20260728T080029334702-0400,,,eq,78,79,0.093259607,0.0592056271
C,chicago,2026-07-28,20260728T090046119053-0400,,,eq,78,79,0.193609355,0.088063731
C,chicago,2026-07-28,20260728T100827755953-0400,,,eq,78,79,0.414549811,0.304407191
C,chicago,2026-07-28,20260728T110033759962-0400,,,eq,78,79,0.639143968,0.61206958
C,chicago,2026-07-28,20260728T120030527049-0400,,,eq,78,79,0.710783364,0.741172307
C,chicago,2026-07-28,20260728T130137104762-0400,,,eq,78,79,0.681556028,0.768472505
C,chicago,2026-07-28,20260728T140526302108-0400,,,eq,78,79,0.560719936,0.443411389
C,chicago,2026-07-28,20260728T150011422048-0400,,,eq,78,79,0.437696073,0.566660261
C,chicago,2026-07-28,20260728T160404982291-0400,,,eq,78,79,0.852980829,0.856114676
C,chicago,2026-07-28,20260728T170750449480-0400,,,eq,78,79,0.8186202,0.802567238
C,chicago,2026-07-28,20260728T180230315052-0400,,,eq,78,79,0.800674287,0.775772241
C,chicago,2026-07-28,20260728T190614749127-0400,,,eq,78,79,0.896371514,0.898477016
C,chicago,2026-07-28,20260728T200101151519-0400,,,eq,78,79,0.758228572,0.760484628
C,chicago,2026-07-28,20260728T210454795898-0400,,,eq,78,79,0.813339278,0.814328258
C,chicago,2026-07-28,20260728T220908164741-0400,,,eq,78,79,0.812456014,0.813846835
C,chicago,2026-07-28,20260728T230420927984-0400,,,eq,78,79,0.812456501,0.813847894
C,chicago,2026-07-28,20260729T000850395316-0400,,,eq,78,79,0.812456501,0.813847894
C,chicago,2026-07-29,20260729T010031941670-0400,,,eq,80,81,0.0993548957,0.0981032078
C,chicago,2026-07-29,20260729T020415206372-0400,,,eq,80,81,0.12444861,0.122596512
C,chicago,2026-07-29,20260729T030803363958-0400,,,eq,80,81,0.406208029,0.403031063
C,chicago,2026-07-29,20260729T040244372159-0400,,,eq,80,81,0.40958133,0.359613549
C,chicago,2026-07-29,20260729T050643448972-0400,,,eq,80,81,0.342290469,0.351953028
C,chicago,2026-07-29,20260729T060126752370-0400,,,eq,80,81,0.342290469,0.351953028
C,chicago,2026-07-29,20260729T070507797585-0400,,,eq,80,81,0.599853204,0.608577635
C,chicago,2026-07-29,20260729T080853821136-0400,,,eq,80,81,0.395570062,0.359608073
C,chicago,2026-07-29,20260729T090132170974-0400,,,eq,80,81,0.717513555,0.746266309
C,chicago,2026-07-29,20260729T100714868047-0400,,,eq,80,81,0.331470767,0.258208298
C,chicago,2026-07-29,20260729T110146048819-0400,,,eq,80,81,0.184281712,0.235250773
C,chicago,2026-07-29,20260729T120529483028-0400,,,eq,80,81,0.352534975,0.345405045
C,chicago,2026-07-29,20260729T130007014513-0400,,,eq,80,81,0.540200907,0.213970622
C,chicago,2026-07-29,20260729T140356099971-0400,,,eq,80,81,0.1929594,0.177444315
C,chicago,2026-07-29,20260729T150747030545-0400,,,eq,80,81,0.605294714,0.616170633
C,chicago,2026-07-29,20260729T160231914642-0400,,,eq,80,81,0.174020701,0.16894954
C,chicago,2026-07-29,20260729T170621131917-0400,,,eq,80,81,0.966519631,0.961709889
C,chicago,2026-07-29,20260729T180102210417-0400,,,eq,80,81,0.883670497,0.883667563
C,chicago,2026-07-29,20260729T190449111356-0400,,,eq,80,81,0.893982024,0.89321634
C,chicago,2026-07-29,20260729T200840390974-0400,,,eq,80,81,0.898261639,0.898254839
C,chicago,2026-07-29,20260729T210413103741-0400,,,eq,80,81,0.926497707,0.926471749
C,chicago,2026-07-29,20260729T220710366387-0400,,,eq,80,81,0.92648744,0.92646136
C,chicago,2026-07-29,20260729T230835216414-0400,,,eq,80,81,0.926487238,0.926461158
C,chicago,2026-07-29,20260730T000411562360-0400,,,eq,80,81,0.92647626,0.926450183
C,chicago,2026-07-30,20260730T010030995476-0400,,,eq,86,87,0.528779176,0.539458041
C,chicago,2026-07-30,20260730T020440500671-0400,,,eq,86,87,0.757025512,0.783253023
C,chicago,2026-07-30,20260730T030855792328-0400,,,eq,86,87,0.729189042,0.797844796
C,chicago,2026-07-30,20260730T040334914448-0400,,,eq,86,87,0.629468606,0.782981195
C,chicago,2026-07-30,20260730T050041779059-0400,,,eq,86,87,0.504777802,0.782981195
C,chicago,2026-07-30,20260730T060449157488-0400,,,eq,86,87,0.50763532,0.796568295
C,chicago,2026-07-30,20260730T070859252473-0400,,,eq,86,87,0.50763532,0.796568295
C,chicago,2026-07-30,20260730T080343161935-0400,,,eq,86,87,0.748982341,0.78253396
C,chicago,2026-07-30,20260730T090732282818-0400,,,eq,86,87,0.56725036,0.778413805
C,chicago,2026-07-30,20260730T100212628856-0400,,,eq,86,87,0.77507601,0.715240349
C,chicago,2026-07-30,20260730T110550885005-0400,,,eq,86,87,0.529664407,0.428159478
C,chicago,2026-07-30,20260730T120027065867-0400,,,eq,86,87,0.693505471,0.450308765
C,chicago,2026-07-30,20260730T130408360503-0400,,,eq,86,87,0.709750376,0.63012661
C,chicago,2026-07-30,20260730T140807769785-0400,,,eq,86,87,0.863499754,0.851531177
C,chicago,2026-07-30,20260730T150253854092-0400,,,eq,86,87,0.607159319,0.718380884
C,chicago,2026-07-30,20260730T160645891151-0400,,,eq,86,87,0.707412256,0.747484478
C,chicago,2026-07-30,20260730T170123720082-0400,,,eq,86,87,0.845994334,0.875872981
C,chicago,2026-07-30,20260730T180513860973-0400,,,eq,86,87,0.860180934,0.867881246
C,chicago,2026-07-30,20260730T190859790645-0400,,,eq,86,87,0.907160975,0.90751829
C,chicago,2026-07-30,20260730T200340700532-0400,,,eq,86,87,0.894705136,0.891726698
C,chicago,2026-07-30,20260730T210727667603-0400,,,eq,86,87,0.916130907,0.928755634
C,chicago,2026-07-30,20260730T220238992561-0400,,,eq,86,87,0.916070084,0.928695098
C,chicago,2026-07-30,20260730T230713002627-0400,,,eq,86,87,0.910169719,0.92525176
C,chicago,2026-07-30,20260731T000221650495-0400,,,eq,86,87,0.907242328,0.923025079
C,dallas,2026-07-01,20260701T010032-0400,,,eq,94,95,0.139470609,0.139470609
C,dallas,2026-07-01,20260701T020401-0400,,,eq,94,95,0.13278485,0.13278485
C,dallas,2026-07-01,20260701T030758-0400,,,eq,94,95,0.151478048,0.151478048
C,dallas,2026-07-01,20260701T040220-0400,,,eq,94,95,0.158057008,0.158057008
C,dallas,2026-07-01,20260701T050542-0400,,,eq,94,95,0.162334466,0.162334466
C,dallas,2026-07-01,20260701T060005-0400,,,eq,94,95,0.155834194,0.155834194
C,dallas,2026-07-01,20260701T070335-0400,,,eq,94,95,0.154221938,0.154221938
C,dallas,2026-07-01,20260701T080705-0400,,,eq,94,95,0.154221634,0.154221634
C,dallas,2026-07-01,20260701T090136-0400,,,eq,94,95,0.183059248,0.183059248
C,dallas,2026-07-01,20260701T100740-0400,,,eq,94,95,0.225453516,0.225453516
C,dallas,2026-07-01,20260701T110731-0400,,,eq,94,95,0.292923882,0.292923882
C,dallas,2026-07-01,20260701T120406-0400,,,eq,94,95,0.138953,0.138953
C,dallas,2026-07-01,20260701T130456-0400,,,eq,94,95,0.288878508,0.288878508
C,dallas,2026-07-01,20260701T140631-0400,,,eq,94,95,0.237468621,0.237468621
C,dallas,2026-07-01,20260701T150315-0400,,,eq,94,95,0.241126665,0.241126665
C,dallas,2026-07-01,20260701T160644-0400,,,eq,94,95,0.743829771,0.743829771
C,dallas,2026-07-01,20260701T170213-0400,,,eq,94,95,0.644358598,0.644358598
C,dallas,2026-07-01,20260701T180616-0400,,,eq,94,95,0.846600952,0.846600952
C,dallas,2026-07-01,20260701T190005-0400,,,eq,94,95,0.892709295,0.892709295
C,dallas,2026-07-01,20260701T200343-0400,,,eq,94,95,0.904864792,0.904864792
C,dallas,2026-07-01,20260701T210722-0400,,,eq,94,95,0.0438057844,0.0438057844
C,dallas,2026-07-01,20260701T220200-0400,,,eq,94,95,0.0180753587,0.0180753587
C,dallas,2026-07-01,20260701T230622-0400,,,eq,94,95,0.0594348442,0.0594348442
C,dallas,2026-07-01,20260702T000140-0400,,,eq,94,95,0.085209634,0.085209634
C,dallas,2026-07-02,20260702T010053-0400,,,eq,94,95,0.177382929,0.177382929
C,dallas,2026-07-02,20260702T020434-0400,,,eq,94,95,0.262305495,0.262305495
C,dallas,2026-07-02,20260702T030803-0400,,,eq,94,95,0.277311997,0.277311997
C,dallas,2026-07-02,20260702T040232-0400,,,eq,94,95,0.310669613,0.310669613
C,dallas,2026-07-02,20260702T050555-0400,,,eq,94,95,0.334985065,0.334985065
C,dallas,2026-07-02,20260702T060021-0400,,,eq,94,95,0.334985065,0.334985065
C,dallas,2026-07-02,20260702T070353-0400,,,eq,94,95,0.31089088,0.31089088
C,dallas,2026-07-02,20260702T080733-0400,,,eq,94,95,0.31089088,0.31089088
C,dallas,2026-07-02,20260702T090206-0400,,,eq,94,95,0.389871942,0.389871942
C,dallas,2026-07-02,20260702T100815-0400,,,eq,94,95,0.291959377,0.291959377
C,dallas,2026-07-02,20260702T110546-0400,,,eq,94,95,0.51473542,0.51473542
C,dallas,2026-07-02,20260702T120108-0400,,,eq,94,95,0.497171902,0.497171902
C,dallas,2026-07-02,20260702T130503-0400,,,eq,94,95,0.495484956,0.495484956
C,dallas,2026-07-02,20260702T140852-0400,,,eq,94,95,0.315897609,0.315897609
C,dallas,2026-07-02,20260702T150351-0400,,,eq,94,95,0.290268071,0.290268071
C,dallas,2026-07-02,20260702T160737-0400,,,eq,94,95,0.927049679,0.927049679
C,dallas,2026-07-02,20260702T170159-0400,,,eq,94,95,0.78679608,0.78679608
C,dallas,2026-07-02,20260702T181504-0400,,,eq,94,95,0.899580552,0.876322816
C,dallas,2026-07-02,20260702T190119-0400,,,eq,94,95,0.960422271,0.95793853
C,dallas,2026-07-02,20260702T200529-0400,,,eq,94,95,0.570808143,0.663776023
C,dallas,2026-07-02,20260702T210039-0400,,,eq,94,95,0.722462427,0.777853745
C,dallas,2026-07-02,20260702T220053-0400,,,eq,94,95,0.953635002,0.962004141
C,dallas,2026-07-02,20260702T230514-0400,,,eq,94,95,0.903025149,0.926079884
C,dallas,2026-07-02,20260703T001021-0400,,,eq,94,95,0.903017016,0.926079884
C,dallas,2026-07-03,20260703T010647-0400,,,eq,96,97,0.243020807,0.254212731
C,dallas,2026-07-03,20260703T021418-0400,,,eq,96,97,0.397923497,0.428289429
C,dallas,2026-07-03,20260703T030319-0400,,,eq,96,97,0.281887259,0.32954481
C,dallas,2026-07-03,20260703T040700-0400,,,eq,96,97,0.279224479,0.296867672
C,dallas,2026-07-03,20260703T050128-0400,,,eq,96,97,0.238083383,0.293605223
C,dallas,2026-07-03,20260703T060456-0400,,,eq,96,97,0.238082771,0.293604387
C,dallas,2026-07-03,20260703T070827-0400,,,eq,96,97,0.258030753,0.292636935
C,dallas,2026-07-03,20260703T080257-0400,,,eq,96,97,0.258030753,0.292636935
C,dallas,2026-07-03,20260703T090633-0400,,,eq,96,97,0.191404842,0.239530343
C,dallas,2026-07-03,20260703T100501-0400,,,eq,96,97,0.399207425,0.486002367
C,dallas,2026-07-03,20260703T110746-0400,,,eq,96,97,0.37029494,0.338614224
C,dallas,2026-07-03,20260703T120311-0400,,,eq,96,97,0.388180212,0.399158401
C,dallas,2026-07-03,20260703T131409-0400,,,eq,96,97,0.371543416,0.360652189
C,dallas,2026-07-03,20260703T140431-0400,,,eq,96,97,0.429722855,0.507208144
C,dallas,2026-07-03,20260703T151611-0400,,,eq,96,97,0.436724622,0.406339537
C,dallas,2026-07-03,20260703T161004-0400,,,eq,96,97,0.774906156,0.769351426
C,dallas,2026-07-03,20260703T170342-0400,,,eq,96,97,0.381963891,0.51314258
C,dallas,2026-07-03,20260703T182732-0400,,,eq,96,97,0.377024121,0.586022176
C,dallas,2026-07-03,20260703T190446-0400,,,eq,96,97,0.460120539,0.425906739
C,dallas,2026-07-03,20260703T204920688507-0400,,,eq,96,97,0.529626652,0.429197444
C,dallas,2026-07-03,20260703T210250178970-0400,,,eq,96,97,0.366543311,0.807970377
C,dallas,2026-07-03,20260703T225603448661-0400,,,eq,96,97,0.13119039,0.514654717
C,dallas,2026-07-03,20260703T230155087717-0400,,,eq,96,97,0.332791438,0.771235816
C,dallas,2026-07-03,20260704T000333747013-0400,,,eq,96,97,0.0417282117,0.220599181
C,dallas,2026-07-04,20260704T010050451052-0400,,,eq,98,99,0.234453881,0.233340709
C,dallas,2026-07-04,20260704T020330978464-0400,,,eq,98,99,0.24618433,0.229005411
C,dallas,2026-07-04,20260704T030841387981-0400,,,eq,98,99,0.28429795,0.273212925
C,dallas,2026-07-04,20260704T040310098267-0400,,,eq,98,99,0.27026539,0.22302829
C,dallas,2026-07-04,20260704T050641751615-0400,,,eq,98,99,0.274654126,0.22302829
C,dallas,2026-07-04,20260704T060105233534-0400,,,eq,98,99,0.269392751,0.210985439
C,dallas,2026-07-04,20260704T070432917612-0400,,,eq,98,99,0.270169532,0.210985439
C,dallas,2026-07-04,20260704T080808892490-0400,,,eq,98,99,0.267077949,0.216516196
C,dallas,2026-07-04,20260704T090240777077-0400,,,eq,98,99,0.315345662,0.255467351
C,dallas,2026-07-04,20260704T101026196134-0400,,,eq,98,99,0.188042764,0.21031868
C,dallas,2026-07-04,20260704T110438214768-0400,,,eq,98,99,0.438064446,0.522521461
C,dallas,2026-07-04,20260704T120249303133-0400,,,eq,98,99,0.325374639,0.323713017
C,dallas,2026-07-04,20260704T131109861786-0400,,,eq,98,99,0.25400707,0.26009123
C,dallas,2026-07-04,20260704T140632598290-0400,,,eq,98,99,0.316472402,0.425933434
C,dallas,2026-07-04,20260704T150247830945-0400,,,eq,98,99,0.272622194,0.472828143
C,dallas,2026-07-04,20260704T160302075220-0400,,,eq,98,99,0.284677813,0.334555074
C,dallas,2026-07-04,20260704T170351935682-0400,,,eq,98,99,0.894066251,0.894087177
C,dallas,2026-07-04,20260704T180301326545-0400,,,eq,98,99,0.882860048,0.868806811
C,dallas,2026-07-04,20260704T190631518539-0400,,,eq,98,99,0.774290294,0.792283739
C,dallas,2026-07-04,20260704T200104004635-0400,,,eq,98,99,0.820913815,0.827591615
C,dallas,2026-07-04,20260704T210444086535-0400,,,eq,98,99,0.859044261,0.860137738
C,dallas,2026-07-04,20260704T220833664093-0400,,,eq,98,99,0.879353338,0.879533723
C,dallas,2026-07-04,20260704T230313553878-0400,,,eq,98,99,0.877842058,0.877862854
C,dallas,2026-07-04,20260705T000711460080-0400,,,eq,98,99,0.966166251,0.966170378
C,dallas,2026-07-05,20260705T010055798243-0400,,,eq,96,97,0.301970062,0.305005439
C,dallas,2026-07-05,20260705T020526536704-0400,,,eq,96,97,0.36455208,0.363999391
C,dallas,2026-07-05,20260705T030028785846-0400,,,eq,96,97,0.290537052,0.291574797
C,dallas,2026-07-05,20260705T040403300503-0400,,,eq,96,97,0.282963224,0.277524715
C,dallas,2026-07-05,20260705T050726380395-0400,,,eq,96,97,0.266065353,0.287996048
C,dallas,2026-07-05,20260705T060148143382-0400,,,eq,96,97,0.179775988,0.193687892
C,dallas,2026-07-05,20260705T070515096444-0400,,,eq,96,97,0.257844459,0.287996048
C,dallas,2026-07-05,20260705T080855742969-0400,,,eq,96,97,0.295454973,0.308738536
C,dallas,2026-07-05,20260705T090330493437-0400,,,eq,96,97,0.276020942,0.286727195
C,dallas,2026-07-05,20260705T101120209360-0400,,,eq,96,97,0.543445004,0.4898527
C,dallas,2026-07-05,20260705T110632367063-0400,,,eq,96,97,0.251044538,0.200106932
C,dallas,2026-07-05,20260705T120849335114-0400,,,eq,96,97,0.253797721,0.291629765
C,dallas,2026-07-05,20260705T130314206897-0400,,,eq,96,97,0.30670685,0.362864479
C,dallas,2026-07-05,20260705T140650751867-0400,,,eq,96,97,0.459398569,0.452990782
C,dallas,2026-07-05,20260705T150119645377-0400,,,eq,96,97,0.578146955,0.43392469
C,dallas,2026-07-05,20260705T160454804944-0400,,,eq,96,97,0.447333001,0.443375634
C,dallas,2026-07-05,20260705T170834806348-0400,,,eq,96,97,0.601274277,0.601766521
C,dallas,2026-07-05,20260705T180734406966-0400,,,eq,96,97,0.456077396,0.470705958
C,dallas,2026-07-05,20260705T190455823897-0400,,,eq,96,97,0.570606565,0.567531086
C,dallas,2026-07-05,20260705T202816491971-0400,,,eq,96,97,0.560253743,0.723103668
C,dallas,2026-07-05,20260705T210546668473-0400,,,eq,96,97,0.587672712,0.641505754
C,dallas,2026-07-05,20260705T220143107901-0400,,,eq,96,97,0.307559955,0.30573701
C,dallas,2026-07-05,20260705T233741418652-0400,,,eq,96,97,0.307559367,0.305737241
C,dallas,2026-07-05,20260706T000609693232-0400,,,eq,96,97,0.307526308,0.305705441
C,dallas,2026-07-07,20260707T010056510413-0400,,,eq,100,101,0.0274275972,0.0273994776
C,dallas,2026-07-07,20260707T020715938196-0400,,,eq,100,101,0.0258962433,0.0258757827
C,dallas,2026-07-07,20260707T030814094549-0400,,,eq,100,101,0.0306167148,0.0308028953
C,dallas,2026-07-07,20260707T040246761202-0400,,,eq,100,101,0.0258353483,0.0273458758
C,dallas,2026-07-07,20260707T050609948454-0400,,,eq,100,101,0.0236265073,0.0232771091
C,dallas,2026-07-07,20260707T060031595781-0400,,,eq,100,101,0.0224739176,0.0221011657
C,dallas,2026-07-07,20260707T070407740830-0400,,,eq,100,101,0.0239249276,0.022865094
C,dallas,2026-07-07,20260707T080746482112-0400,,,eq,100,101,0.025667405,0.0268408679
C,dallas,2026-07-07,20260707T090217320492-0400,,,eq,100,101,0.0286207062,0.0287433849
C,dallas,2026-07-07,20260707T102448546307-0400,,,eq,100,101,0.0149841661,0.0151205448
C,dallas,2026-07-07,20260707T110843798757-0400,,,eq,100,101,0.0194983561,0.01877821
C,dallas,2026-07-07,20260707T120801296013-0400,,,eq,100,101,0.0332291379,0.0338949927
C,dallas,2026-07-07,20260707T130335216837-0400,,,eq,100,101,0.0420572455,0.0487915263
C,dallas,2026-07-07,20260707T140720214822-0400,,,eq,100,101,0.0277326109,0.0285419828
C,dallas,2026-07-07,20260707T151122658244-0400,,,eq,100,101,0.0174530355,0.0133239441
C,dallas,2026-07-07,20260707T160739600113-0400,,,eq,100,101,0.120809765,0.121746314
C,dallas,2026-07-07,20260707T170447026317-0400,,,eq,100,101,0.897510477,0.892554427
C,dallas,2026-07-07,20260707T180723317870-0400,,,eq,100,101,0.309859848,0.309808686
C,dallas,2026-07-07,20260707T190200801895-0400,,,eq,100,101,0.279865593,0.284051335
C,dallas,2026-07-07,20260707T200548640079-0400,,,eq,100,101,0.190516855,0.237068708
C,dallas,2026-07-07,20260707T210017870358-0400,,,eq,100,101,0.220425195,0.224901777
C,dallas,2026-07-07,20260707T220417404047-0400,,,eq,100,101,0.229515011,0.238667508
C,dallas,2026-07-07,20260707T230826227942-0400,,,eq,100,101,0.229515011,0.238667508
C,dallas,2026-07-07,20260708T000314285463-0400,,,eq,100,101,0.230007785,0.238966699
C,dallas,2026-07-08,20260708T010031553763-0400,,,eq,100,101,0.0260634826,0.0278984701
C,dallas,2026-07-08,20260708T020425190909-0400,,,eq,100,101,0.0283359749,0.0280345034
C,dallas,2026-07-08,20260708T030823510646-0400,,,eq,100,101,0.0295602401,0.029253301
C,dallas,2026-07-08,20260708T040252736286-0400,,,eq,100,101,0.0275005399,0.0286200041
C,dallas,2026-07-08,20260708T050617724358-0400,,,eq,100,101,0.0291532351,0.029253301
C,dallas,2026-07-08,20260708T060047032317-0400,,,eq,100,101,0.0298536152,0.0286200041
C,dallas,2026-07-08,20260708T070421053831-0400,,,eq,100,101,0.0385532124,0.0406975751
C,dallas,2026-07-08,20260708T080802726226-0400,,,eq,100,101,0.0492942909,0.0406417822
C,dallas,2026-07-08,20260708T090241292050-0400,,,eq,100,101,0.0838337565,0.0423291524
C,dallas,2026-07-08,20260708T101345596231-0400,,,eq,100,101,0.0184747755,0.0199777803
C,dallas,2026-07-08,20260708T110950977622-0400,,,eq,100,101,0.0279839418,0.0214067807
C,dallas,2026-07-08,20260708T121610211834-0400,,,eq,100,101,0.0226950155,0.0235280822
C,dallas,2026-07-08,20260708T130144898817-0400,,,eq,100,101,0.0263632998,0.0403840261
C,dallas,2026-07-08,20260708T140750422223-0400,,,eq,100,101,0.0590759428,0.0705580064
C,dallas,2026-07-08,20260708T150628739016-0400,,,eq,100,101,0.319560808,0.250138409
C,dallas,2026-07-08,20260708T160104404931-0400,,,eq,100,101,0.465333536,0.324346697
C,dallas,2026-07-08,20260708T171421112497-0400,,,eq,100,101,0.929082442,0.896281825
C,dallas,2026-07-08,20260708T180050163251-0400,,,eq,100,101,0.847522114,0.840114064
C,dallas,2026-07-08,20260708T190433956259-0400,,,eq,100,101,0.258377677,0.294985417
C,dallas,2026-07-08,20260708T200246457538-0400,,,eq,100,101,0.173338705,0.24392735
C,dallas,2026-07-08,20260708T210913885416-0400,,,eq,100,101,0.270893438,0.33540999
C,dallas,2026-07-08,20260708T220155762308-0400,,,eq,100,101,0.233902283,0.331548189
C,dallas,2026-07-08,20260708T230619876956-0400,,,eq,100,101,0.265441823,0.35190083
C,dallas,2026-07-08,20260709T000059389829-0400,,,eq,100,101,0.265441823,0.35190083
C,dallas,2026-07-09,20260709T010100490541-0400,,,eq,100,101,0.0477085315,0.0515392245
C,dallas,2026-07-09,20260709T020636465877-0400,,,eq,100,101,0.0656314608,0.0693123521
C,dallas,2026-07-09,20260709T030141937515-0400,,,eq,100,101,0.0640941574,0.0676890761
C,dallas,2026-07-09,20260709T040515622620-0400,,,eq,100,101,0.0663954059,0.0701973085
C,dallas,2026-07-09,20260709T050839535454-0400,,,eq,100,101,0.0748375427,0.0701973085
C,dallas,2026-07-09,20260709T060305204763-0400,,,eq,100,101,0.065811956,0.0696249091
C,dallas,2026-07-09,20260709T070643369163-0400,,,eq,100,101,0.0660149701,0.0696249091
C,dallas,2026-07-09,20260709T080109534793-0400,,,eq,100,101,0.0628738728,0.0651038279
C,dallas,2026-07-09,20260709T090857441466-0400,,,eq,100,101,0.111207622,0.0659325775
C,dallas,2026-07-09,20260709T100512973655-0400,,,eq,100,101,0.0656714707,0.0737501207
C,dallas,2026-07-09,20260709T110546144517-0400,,,eq,100,101,0.105633754,0.0730278933
C,dallas,2026-07-09,20260709T120633826176-0400,,,eq,100,101,0.0773357152,0.0758557392
C,dallas,2026-07-09,20260709T130042951709-0400,,,eq,100,101,0.0893145244,0.101889356
C,dallas,2026-07-09,20260709T140230956838-0400,,,eq,100,101,0.085718271,0.0988777348
C,dallas,2026-07-09,20260709T150713162368-0400,,,eq,100,101,0.0915474304,0.0943583997
C,dallas,2026-07-09,20260709T160849235349-0400,,,eq,100,101,0.3484421,0.373918448
C,dallas,2026-07-09,20260709T170408544483-0400,,,eq,100,101,0.691631383,0.67867466
C,dallas,2026-07-09,20260709T180627342772-0400,,,eq,100,101,0.300803286,0.302040765
C,dallas,2026-07-09,20260709T194510131097-0400,,,eq,100,101,0.225372939,0.226384322
C,dallas,2026-07-09,20260709T200346484603-0400,,,eq,100,101,0.138586766,0.134956572
C,dallas,2026-07-09,20260709T212601305245-0400,,,eq,100,101,0.176717479,0.18335031
C,dallas,2026-07-09,20260709T220640142788-0400,,,eq,100,101,0.181413684,0.196042318
C,dallas,2026-07-09,20260709T230552355972-0400,,,eq,100,101,0.181413646,0.196042292
C,dallas,2026-07-09,20260710T000255128549-0400,,,eq,100,101,0.197741467,0.209127344
C,dallas,2026-07-10,20260710T010037939443-0400,,,eq,98,99,0.27080912,0.247969216
C,dallas,2026-07-10,20260710T020729386533-0400,,,eq,98,99,0.254980301,0.236041535
C,dallas,2026-07-10,20260710T030243183288-0400,,,eq,98,99,0.282132376,0.281295156
C,dallas,2026-07-10,20260710T040105090886-0400,,,eq,98,99,0.241695798,0.235437253
C,dallas,2026-07-10,20260710T050254051933-0400,,,eq,98,99,0.244761349,0.235437253
C,dallas,2026-07-10,20260710T060645787361-0400,,,eq,98,99,0.230582598,0.224543741
C,dallas,2026-07-10,20260710T070109643075-0400,,,eq,98,99,0.237336622,0.224543741
C,dallas,2026-07-10,20260710T080442983218-0400,,,eq,98,99,0.271766745,0.220044647
C,dallas,2026-07-10,20260710T090818679192-0400,,,eq,98,99,0.263947866,0.269957829
C,dallas,2026-07-10,20260710T100806477934-0400,,,eq,98,99,0.27291576,0.295591491
C,dallas,2026-07-10,20260710T110524252275-0400,,,eq,98,99,0.488022114,0.461537577
C,dallas,2026-07-10,20260710T120849705385-0400,,,eq,98,99,0.304203058,0.296545959
C,dallas,2026-07-10,20260710T130012727455-0400,,,eq,98,99,0.310451965,0.280592374
C,dallas,2026-07-10,20260710T140033048357-0400,,,eq,98,99,0.466900725,0.425328459
C,dallas,2026-07-10,20260710T151311161170-0400,,,eq,98,99,0.710369558,0.495846483
C,dallas,2026-07-10,20260710T160113228751-0400,,,eq,98,99,0.282614659,0.376257364
C,dallas,2026-07-10,20260710T170820444493-0400,,,eq,98,99,0.708098619,0.701170329
C,dallas,2026-07-10,20260710T180507247962-0400,,,eq,98,99,0.787036863,0.733061873
C,dallas,2026-07-10,20260710T191910635819-0400,,,eq,98,99,0.877515288,0.840564681
C,dallas,2026-07-10,20260710T200811456460-0400,,,eq,98,99,0.852112585,0.885674952
C,dallas,2026-07-10,20260710T210146857468-0400,,,eq,98,99,0.85200492,0.852969989
C,dallas,2026-07-10,20260710T220610701909-0400,,,eq,98,99,0.872577342,0.872579358
C,dallas,2026-07-10,20260710T230645632164-0400,,,eq,98,99,0.871823214,0.871799152
C,dallas,2026-07-10,20260711T000824626313-0400,,,eq,98,99,0.962580346,0.962566789
C,dallas,2026-07-11,20260711T010039140846-0400,,,eq,98,99,0.258568437,0.237306026
C,dallas,2026-07-11,20260711T020416958168-0400,,,eq,98,99,0.307898695,0.290663921
C,dallas,2026-07-11,20260711T031917898521-0400,,,eq,98,99,0.308759275,0.298281542
C,dallas,2026-07-11,20260711T044036093880-0400,,,eq,98,99,0.280219722,0.237175426
C,dallas,2026-07-11,20260711T050047803672-0400,,,eq,98,99,0.291575308,0.23913331
C,dallas,2026-07-11,20260711T060415663468-0400,,,eq,98,99,0.287784647,0.231262174
C,dallas,2026-07-11,20260711T070744141944-0400,,,eq,98,99,0.28828426,0.229195334
C,dallas,2026-07-11,20260711T080238306642-0400,,,eq,98,99,0.28828426,0.229195334
C,dallas,2026-07-11,20260711T090616557521-0400,,,eq,98,99,0.397538614,0.32620182
C,dallas,2026-07-11,20260711T100635008383-0400,,,eq,98,99,0.109596503,0.139192217
C,dallas,2026-07-11,20260711T111123540381-0400,,,eq,98,99,0.186864263,0.325227835
C,dallas,2026-07-11,20260711T120509988086-0400,,,eq,98,99,0.300376345,0.233304547
C,dallas,2026-07-11,20260711T130455757410-0400,,,eq,98,99,0.201156096,0.202996733
C,dallas,2026-07-11,20260711T140641871815-0400,,,eq,98,99,0.281205016,0.283625783
C,dallas,2026-07-11,20260711T150705838398-0400,,,eq,98,99,0.287256776,0.288228942
C,dallas,2026-07-11,20260711T160429455815-0400,,,eq,98,99,0.0270343138,0.0314183457
C,dallas,2026-07-11,20260711T170058427311-0400,,,eq,98,99,0.0163990202,0.0164827302
C,dallas,2026-07-11,20260711T180802733425-0400,,,eq,98,99,0.991826863,0.987148472
C,dallas,2026-07-11,20260711T190104788063-0400,,,eq,98,99,0.990392595,0.994507249
C,dallas,2026-07-11,20260711T200537938977-0400,,,eq,98,99,0.741698888,0.657603675
C,dallas,2026-07-11,20260711T211327256934-0400,,,eq,98,99,0.650137215,0.741874339
C,dallas,2026-07-11,20260711T221636376584-0400,,,eq,98,99,0.584606441,0.663905389
C,dallas,2026-07-14,20260714T010234916919-0400,,,eq,90,91,0.142831368,0.149567446
C,dallas,2026-07-14,20260714T020651187683-0400,,,eq,90,91,0.139335273,0.147974139
C,dallas,2026-07-14,20260714T030247853870-0400,,,eq,90,91,0.102403746,0.104740777
C,dallas,2026-07-14,20260714T040630632118-0400,,,eq,90,91,0.12671933,0.128726596
C,dallas,2026-07-14,20260714T050058131137-0400,,,eq,90,91,0.125450242,0.128726596
C,dallas,2026-07-14,20260714T060436604523-0400,,,eq,90,91,0.415307212,0.433369815
C,dallas,2026-07-14,20260714T070815389380-0400,,,eq,90,91,0.19107966,0.19107966
C,dallas,2026-07-14,20260714T080251337389-0400,,,eq,90,91,0.554264796,0.564949496
C,dallas,2026-07-14,20260714T090839623339-0400,,,eq,90,91,0.208090045,0.227318716
C,dallas,2026-07-14,20260714T100525858028-0400,,,eq,90,91,0.495288122,0.495288122
C,dallas,2026-07-14,20260714T110741809756-0400,,,eq,90,91,0.656690322,0.520189262
C,dallas,2026-07-14,20260714T120336160349-0400,,,eq,90,91,0.67702371,0.746048135
C,dallas,2026-07-14,20260714T130800329760-0400,,,eq,90,91,0.310384934,0.293577996
C,dallas,2026-07-14,20260714T140235231652-0400,,,eq,90,91,0.16703407,0.181320439
C,dallas,2026-07-14,20260714T150624253385-0400,,,eq,90,91,0.103176951,0.103176951
C,dallas,2026-07-14,20260714T160121241573-0400,,,eq,90,91,0.188773163,0.140548103
C,dallas,2026-07-14,20260714T170459649092-0400,,,eq,90,91,0.382709601,0.392739133
C,dallas,2026-07-14,20260714T180030664033-0400,,,eq,90,91,0.690381767,0.69127639
C,dallas,2026-07-14,20260714T190414966733-0400,,,eq,90,91,0.884489253,0.881035577
C,dallas,2026-07-14,20260714T200759689001-0400,,,eq,90,91,0.880163306,0.873021395
C,dallas,2026-07-14,20260714T210244317792-0400,,,eq,90,91,0.872567173,0.87415141
C,dallas,2026-07-14,20260714T220536467460-0400,,,eq,90,91,0.867161462,0.869466308
C,dallas,2026-07-14,20260714T230227226602-0400,,,eq,90,91,0.867150054,0.869454848
C,dallas,2026-07-14,20260715T000719696886-0400,,,eq,90,91,0.867150054,0.869454848
C,dallas,2026-07-15,20260715T010226037258-0400,,,eq,90,91,0.122015578,0.120097941
C,dallas,2026-07-15,20260715T020717452567-0400,,,eq,90,91,0.122015578,0.120097941
C,dallas,2026-07-15,20260715T030253200666-0400,,,eq,90,91,0.234487361,0.234946018
C,dallas,2026-07-15,20260715T040650590924-0400,,,eq,90,91,0.338331483,0.343181173
C,dallas,2026-07-15,20260715T050116697868-0400,,,eq,90,91,0.34187497,0.343181173
C,dallas,2026-07-15,20260715T060455187398-0400,,,eq,90,91,0.351292855,0.343531958
C,dallas,2026-07-15,20260715T070835943503-0400,,,eq,90,91,0.334174788,0.343531958
C,dallas,2026-07-15,20260715T080311890632-0400,,,eq,90,91,0.334174788,0.343531958
C,dallas,2026-07-15,20260715T090758898467-0400,,,eq,90,91,0.42105332,0.437187006
C,dallas,2026-07-15,20260715T100237240426-0400,,,eq,90,91,0.345244597,0.533759964
C,dallas,2026-07-15,20260715T110611225722-0400,,,eq,90,91,0.563397246,0.555325437
C,dallas,2026-07-15,20260715T120047415149-0400,,,eq,90,91,0.469253289,0.560276289
C,dallas,2026-07-15,20260715T130427021465-0400,,,eq,90,91,0.316119741,0.312604895
C,dallas,2026-07-15,20260715T140350765797-0400,,,eq,90,91,0.219293639,0.41600285
C,dallas,2026-07-15,20260715T150257110714-0400,,,eq,90,91,0.0677376375,0.103021689
C,dallas,2026-07-15,20260715T160651970364-0400,,,eq,90,91,0.812567989,0.808783837
C,dallas,2026-07-15,20260715T170124906236-0400,,,eq,90,91,0.813653738,0.770286507
C,dallas,2026-07-15,20260715T180504327710-0400,,,eq,90,91,0.917893049,0.921412678
C,dallas,2026-07-15,20260715T190844726388-0400,,,eq,90,91,0.951641404,0.951728271
C,dallas,2026-07-15,20260715T200326822264-0400,,,eq,90,91,0.876104685,0.872374178
C,dallas,2026-07-15,20260715T210717651214-0400,,,eq,90,91,0.874749746,0.872366987
C,dallas,2026-07-15,20260715T220401762308-0400,,,eq,90,91,0.871240363,0.868885132
C,dallas,2026-07-15,20260715T230416895612-0400,,,eq,90,91,0.871241125,0.868885412
C,dallas,2026-07-15,20260716T000230777449-0400,,,eq,90,91,0.871240363,0.868885132
C,dallas,2026-07-16,20260716T010049160522-0400,,,eq,88,89,0.597932237,0.597932237
C,dallas,2026-07-16,20260716T020451778738-0400,,,eq,88,89,0.287196153,0.311110689
C,dallas,2026-07-16,20260716T030837432364-0400,,,eq,88,89,0.166657106,0.167254103
C,dallas,2026-07-16,20260716T040314954137-0400,,,eq,88,89,0.165498308,0.163175434
C,dallas,2026-07-16,20260716T050651025290-0400,,,eq,88,89,0.169031461,0.163175434
C,dallas,2026-07-16,20260716T060125693564-0400,,,eq,88,89,0.291204715,0.304388007
C,dallas,2026-07-16,20260716T070512149432-0400,,,eq,88,89,0.327301802,0.310107795
C,dallas,2026-07-16,20260716T080903429397-0400,,,eq,88,89,0.315026331,0.307589291
C,dallas,2026-07-16,20260716T090357200988-0400,,,eq,88,89,0.70208812,0.675089774
C,dallas,2026-07-16,20260716T100805731152-0400,,,eq,88,89,0.137830035,0.122433277
C,dallas,2026-07-16,20260716T110309356841-0400,,,eq,88,89,0.189376658,0.190844453
C,dallas,2026-07-16,20260716T120738790783-0400,,,eq,88,89,0.133548223,0.124788556
C,dallas,2026-07-16,20260716T130221695794-0400,,,eq,88,89,0.053238094,0.0505170722
C,dallas,2026-07-16,20260716T140625687000-0400,,,eq,88,89,0.080207936,0.0841319343
C,dallas,2026-07-16,20260716T150116801548-0400,,,eq,88,89,0.183274461,0.0774734451
C,dallas,2026-07-16,20260716T160532190758-0400,,,eq,88,89,0.318393377,0.345952136
C,dallas,2026-07-16,20260716T170018109014-0400,,,eq,88,89,0.324597029,0.402354717
C,dallas,2026-07-16,20260716T180412516249-0400,,,eq,88,89,0.496618155,0.559779939
C,dallas,2026-07-16,20260716T190821105755-0400,,,eq,88,89,0.840305993,0.744491141
C,dallas,2026-07-16,20260716T201023891227-0400,,,eq,88,89,0.965823062,0.954787388
C,dallas,2026-07-16,20260716T211238995812-0400,,,eq,88,89,0.762892574,0.814387637
C,dallas,2026-07-16,20260716T220747864798-0400,,,eq,88,89,0.763020812,0.81445106
C,dallas,2026-07-16,20260716T230304430216-0400,,,eq,88,89,0.762878514,0.814374321
C,dallas,2026-07-16,20260717T000737202598-0400,,,eq,88,89,0.762878773,0.814374566
C,dallas,2026-07-17,20260717T010231568909-0400,,,eq,94,95,0.238537603,0.215346985
C,dallas,2026-07-17,20260717T020623495286-0400,,,eq,94,95,0.245787041,0.215348474
C,dallas,2026-07-17,20260717T030112416673-0400,,,eq,94,95,0.226384497,0.215348474
C,dallas,2026-07-17,20260717T040520141692-0400,,,eq,94,95,0.232534878,0.215346985
C,dallas,2026-07-17,20260717T050012085420-0400,,,eq,94,95,0.218366685,0.215346985
C,dallas,2026-07-17,20260717T060403983801-0400,,,eq,94,95,0.220136768,0.224252633
C,dallas,2026-07-17,20260717T070749850923-0400,,,eq,94,95,0.214482304,0.215351111
C,dallas,2026-07-17,20260717T080234509612-0400,,,eq,94,95,0.221226702,0.215350681
C,dallas,2026-07-17,20260717T091105814382-0400,,,eq,94,95,0.459698707,0.518296814
C,dallas,2026-07-17,20260717T102849011716-0400,,,eq,94,95,0.323834099,0.330352475
C,dallas,2026-07-17,20260717T110522439811-0400,,,eq,94,95,0.442583487,0.475438438
C,dallas,2026-07-17,20260717T121401006490-0400,,,eq,94,95,0.400885778,0.257797472
C,dallas,2026-07-17,20260717T130908438666-0400,,,eq,94,95,0.394084916,0.384702619
C,dallas,2026-07-17,20260717T140401811349-0400,,,eq,94,95,0.14907363,0.138897476
C,dallas,2026-07-17,20260717T150240914560-0400,,,eq,94,95,0.0788035782,0.0758186273
C,dallas,2026-07-17,20260717T160532276105-0400,,,eq,94,95,0.0897376615,0.101019866
C,dallas,2026-07-17,20260717T170854503605-0400,,,eq,94,95,0.0982720207,0.107241122
C,dallas,2026-07-17,20260717T180214378505-0400,,,eq,94,95,0.946285835,0.942672692
C,dallas,2026-07-17,20260717T190410157206-0400,,,eq,94,95,0.968031309,0.963023113
C,dallas,2026-07-17,20260717T200027016581-0400,,,eq,94,95,0.973019559,0.966412782
C,dallas,2026-07-17,20260717T210433529728-0400,,,eq,94,95,0.978671385,0.978684917
C,dallas,2026-07-17,20260717T220854963167-0400,,,eq,94,95,0.977401463,0.974506645
C,dallas,2026-07-17,20260717T230421722367-0400,,,eq,94,95,0.976100667,0.972909483
C,dallas,2026-07-17,20260718T000912887090-0400,,,eq,94,95,0.964426591,0.959160807
C,dallas,2026-07-18,20260718T010038744992-0400,,,eq,96,97,0.407075998,0.444286442
C,dallas,2026-07-18,20260718T020426130129-0400,,,eq,96,97,0.408023129,0.438109646
C,dallas,2026-07-18,20260718T030813131232-0400,,,eq,96,97,0.532509749,0.547741084
C,dallas,2026-07-18,20260718T040251280351-0400,,,eq,96,97,0.390176785,0.414831637
C,dallas,2026-07-18,20260718T050637977875-0400,,,eq,96,97,0.314931302,0.370912944
C,dallas,2026-07-18,20260718T060111994337-0400,,,eq,96,97,0.324195252,0.378177324
C,dallas,2026-07-18,20260718T070458801511-0400,,,eq,96,97,0.462186501,0.485230553
C,dallas,2026-07-18,20260718T080853563208-0400,,,eq,96,97,0.515109258,0.508241622
C,dallas,2026-07-18,20260718T090329665953-0400,,,eq,96,97,0.315065496,0.349124482
C,dallas,2026-07-18,20260718T100724127397-0400,,,eq,96,97,0.404451854,0.534796327
C,dallas,2026-07-18,20260718T110220037288-0400,,,eq,96,97,0.492588343,0.396087797
C,dallas,2026-07-18,20260718T120653387315-0400,,,eq,96,97,0.500538505,0.483760123
C,dallas,2026-07-18,20260718T130144387651-0400,,,eq,96,97,0.4789209,0.467599733
C,dallas,2026-07-18,20260718T140533823541-0400,,,eq,96,97,0.472268134,0.557434124
C,dallas,2026-07-18,20260718T150014144395-0400,,,eq,96,97,0.48646787,0.569671808
C,dallas,2026-07-18,20260718T160408201032-0400,,,eq,96,97,0.0814228113,0.0741849016
C,dallas,2026-07-18,20260718T170755729641-0400,,,eq,96,97,0.746622441,0.746630038
C,dallas,2026-07-18,20260718T180233351338-0400,,,eq,96,97,0.746327742,0.896875286
C,dallas,2026-07-18,20260718T190617949430-0400,,,eq,96,97,0.952552695,0.939751635
C,dallas,2026-07-18,20260718T200101866506-0400,,,eq,96,97,0.389918874,0.375712284
C,dallas,2026-07-18,20260718T210457188662-0400,,,eq,96,97,0.818618649,0.817129891
C,dallas,2026-07-18,20260718T220916182681-0400,,,eq,96,97,0.937635892,0.937220203
C,dallas,2026-07-18,20260718T230435766255-0400,,,eq,96,97,0.741980292,0.74182222
C,dallas,2026-07-18,20260719T000129144439-0400,,,eq,96,97,0.742004138,0.741846191
C,dallas,2026-07-19,20260719T010049311298-0400,,,eq,98,99,0.363265445,0.357259843
C,dallas,2026-07-19,20260719T020441996488-0400,,,eq,98,99,0.477600279,0.351821154
C,dallas,2026-07-19,20260719T030828838046-0400,,,eq,98,99,0.448799331,0.340470372
C,dallas,2026-07-19,20260719T040307125088-0400,,,eq,98,99,0.437354321,0.339371705
C,dallas,2026-07-19,20260719T050649028518-0400,,,eq,98,99,0.34436993,0.281457343
C,dallas,2026-07-19,20260719T060128263106-0400,,,eq,98,99,0.3404086,0.283579463
C,dallas,2026-07-19,20260719T070513483652-0400,,,eq,98,99,0.226540535,0.189060074
C,dallas,2026-07-19,20260719T080903816124-0400,,,eq,98,99,0.220537601,0.191087088
C,dallas,2026-07-19,20260719T090345321376-0400,,,eq,98,99,0.445891901,0.404858889
C,dallas,2026-07-19,20260719T100828208273-0400,,,eq,98,99,0.228446916,0.227312422
C,dallas,2026-07-19,20260719T110358505950-0400,,,eq,98,99,0.359595931,0.468789279
C,dallas,2026-07-19,20260719T120759233915-0400,,,eq,98,99,0.40334161,0.323197254
C,dallas,2026-07-19,20260719T130245279848-0400,,,eq,98,99,0.239996913,0.289428893
C,dallas,2026-07-19,20260719T140639998168-0400,,,eq,98,99,0.49870717,0.44218966
C,dallas,2026-07-19,20260719T150118543876-0400,,,eq,98,99,0.545425414,0.741889034
C,dallas,2026-07-19,20260719T160517253902-0400,,,eq,98,99,0.880623246,0.883544136
C,dallas,2026-07-19,20260719T171508487288-0400,,,eq,98,99,0.885831505,0.893406653
C,dallas,2026-07-19,20260719T180935088260-0400,,,eq,98,99,0.875496479,0.864810266
C,dallas,2026-07-19,20260719T190305626278-0400,,,eq,98,99,0.862390264,0.884723709
C,dallas,2026-07-19,20260719T202553127464-0400,,,eq,98,99,0.897987035,0.898807995
C,dallas,2026-07-19,20260719T211434554305-0400,,,eq,98,99,0.867641923,0.868775371
C,dallas,2026-07-19,20260719T225538772044-0400,,,eq,98,99,0.880801321,0.88096501
C,dallas,2026-07-19,20260719T232031828421-0400,,,eq,98,99,0.880801321,0.88096501
C,dallas,2026-07-19,20260720T001402384808-0400,,,eq,98,99,0.974115037,0.974147682
C,dallas,2026-07-20,20260720T010053107867-0400,,,eq,102,103,0.0622659923,0.0628435449
C,dallas,2026-07-20,20260720T020446221224-0400,,,eq,102,103,0.0580755958,0.0583950815
C,dallas,2026-07-20,20260720T030913367766-0400,,,eq,102,103,0.0397286658,0.0407719774
C,dallas,2026-07-20,20260720T040347566909-0400,,,eq,102,103,0.0433914565,0.0408967236
C,dallas,2026-07-20,20260720T050723808090-0400,,,eq,102,103,0.042541988,0.0402302277
C,dallas,2026-07-20,20260720T060158564921-0400,,,eq,102,103,0.0606336114,0.0569334752
C,dallas,2026-07-20,20260720T070546885094-0400,,,eq,102,103,0.0418179046,0.0398133225
C,dallas,2026-07-20,20260720T080024892118-0400,,,eq,102,103,0.0419647669,0.039815795
C,dallas,2026-07-20,20260720T090425536255-0400,,,eq,102,103,0.0393759653,0.0417973974
C,dallas,2026-07-20,20260720T100830624565-0400,,,eq,102,103,0.0336558535,0.0346307116
C,dallas,2026-07-20,20260720T110323716100-0400,,,eq,102,103,0.035232935,0.0361711199
C,dallas,2026-07-20,20260720T120403424409-0400,,,eq,102,103,0.052556367,0.0516779981
C,dallas,2026-07-20,20260720T131608627297-0400,,,eq,102,103,0.0575648414,0.0582557373
C,dallas,2026-07-20,20260720T140211743349-0400,,,eq,102,103,0.0527958938,0.0519672846
C,dallas,2026-07-20,20260720T150931587983-0400,,,eq,102,103,0.0891689957,0.0552936624
C,dallas,2026-07-20,20260720T162134897560-0400,,,eq,102,103,0.0980725908,0.0968069647
C,dallas,2026-07-20,20260720T170814957757-0400,,,eq,102,103,0.782769284,0.776471781
C,dallas,2026-07-20,20260720T181857758301-0400,,,eq,102,103,0.745424899,0.726621801
C,dallas,2026-07-20,20260720T190519616392-0400,,,eq,102,103,0.0027316851,0.0027316851
C,dallas,2026-07-20,20260720T200033787815-0400,,,eq,102,103,0.93762594,0.849218717
C,dallas,2026-07-20,20260720T210449083427-0400,,,eq,102,103,0.969801846,0.944462483
C,dallas,2026-07-20,20260720T220908941333-0400,,,eq,102,103,0.960707889,0.943141282
C,dallas,2026-07-20,20260720T230314131665-0400,,,eq,102,103,0.960707936,0.943141308
C,dallas,2026-07-20,20260721T000817445810-0400,,,eq,102,103,0.951739046,0.935082182
C,dallas,2026-07-21,20260721T010048894936-0400,,,eq,106,107,0.0420262568,0.0419562879
C,dallas,2026-07-21,20260721T020457204232-0400,,,eq,106,107,0.0405727338,0.040565603
C,dallas,2026-07-21,20260721T030856955245-0400,,,eq,106,107,0.0404226314,0.040565603
C,dallas,2026-07-21,20260721T040341395103-0400,,,eq,106,107,0.0399447497,0.0400749135
C,dallas,2026-07-21,20260721T050722661305-0400,,,eq,106,107,0.038736481,0.0387934358
C,dallas,2026-07-21,20260721T060200485234-0400,,,eq,106,107,0.0385789379,0.0386009183
C,dallas,2026-07-21,20260721T070548543532-0400,,,eq,106,107,0.0271874889,0.0273112928
C,dallas,2026-07-21,20260721T080039780278-0400,,,eq,106,107,0.0272155509,0.0273112928
C,dallas,2026-07-21,20260721T090429648180-0400,,,eq,106,107,0.0382979553,0.0383226979
C,dallas,2026-07-21,20260721T100830983410-0400,,,eq,106,107,0.0340497994,0.034040764
C,dallas,2026-07-21,20260721T110306483780-0400,,,eq,106,107,0.0365653902,0.0361125082
C,dallas,2026-07-21,20260721T120028243922-0400,,,eq,106,107,0.053413175,0.0559091744
C,dallas,2026-07-21,20260721T130526235726-0400,,,eq,106,107,0.209917872,0.210163735
C,dallas,2026-07-21,20260721T140022815551-0400,,,eq,106,107,0.271458656,0.27246335
C,dallas,2026-07-21,20260721T150736296686-0400,,,eq,106,107,0.549327867,0.549327867
C,dallas,2026-07-21,20260721T160436206828-0400,,,eq,106,107,0.329170901,0.329170901
C,dallas,2026-07-21,20260721T170605157365-0400,,,eq,106,107,0.83815401,0.83815401
C,dallas,2026-07-21,20260721T180229924737-0400,,,eq,106,107,0.749278972,0.749278972
C,dallas,2026-07-21,20260721T190141666167-0400,,,eq,106,107,0.866953173,0.866953173
C,dallas,2026-07-21,20260721T200326945249-0400,,,eq,106,107,0.959052827,0.959052827
C,dallas,2026-07-21,20260721T210828367392-0400,,,eq,106,107,0.959052827,0.959052827
C,dallas,2026-07-21,20260721T220432591101-0400,,,eq,106,107,0.959052827,0.959052827
C,dallas,2026-07-21,20260721T230656436536-0400,,,eq,106,107,0.959052827,0.959052827
C,dallas,2026-07-21,20260722T000739271501-0400,,,eq,106,107,0.959052827,0.959052827
C,dallas,2026-07-22,20260722T010035108892-0400,,,eq,108,109,0.00409950125,0.00414840526
C,dallas,2026-07-22,20260722T020424143911-0400,,,eq,108,109,0.0041302234,0.00414840526
C,dallas,2026-07-22,20260722T030814195066-0400,,,eq,108,109,0.00337081423,0.00338804416
C,dallas,2026-07-22,20260722T040256306348-0400,,,eq,108,109,0.00322094742,0.0032466075
C,dallas,2026-07-22,20260722T050017180451-0400,,,eq,108,109,0.00314178154,0.00315635375
C,dallas,2026-07-22,20260722T060358416338-0400,,,eq,108,109,0.0031138204,0.00314396509
C,dallas,2026-07-22,20260722T070747361357-0400,,,eq,108,109,0.00305748423,0.00308272508
C,dallas,2026-07-22,20260722T080229613837-0400,,,eq,108,109,0.00305748423,0.00308272508
C,dallas,2026-07-22,20260722T090629414393-0400,,,eq,108,109,0.00335346089,0.00336672626
C,dallas,2026-07-22,20260722T100131512555-0400,,,eq,108,109,0.000643003271,0.000658974835
C,dallas,2026-07-22,20260722T110525102937-0400,,,eq,108,109,0.00116193077,0.00108971287
C,dallas,2026-07-22,20260722T120004149515-0400,,,eq,108,109,0.00659104188,0.00671888835
C,dallas,2026-07-22,20260722T130349536208-0400,,,eq,108,109,0.0215618925,0.0215618925
C,dallas,2026-07-22,20260722T140744930168-0400,,,eq,108,109,0.0162388305,0.0162388305
C,dallas,2026-07-22,20260722T150231408783-0400,,,eq,108,109,0.0176773058,0.0176773058
C,dallas,2026-07-22,20260722T160635581251-0400,,,eq,108,109,0.938217403,0.938217403
C,dallas,2026-07-22,20260722T170118498086-0400,,,eq,108,109,0.899329279,0.899329279
C,dallas,2026-07-22,20260722T180043661480-0400,,,eq,108,109,0.848388617,0.848388617
C,dallas,2026-07-22,20260722T190859707728-0400,,,eq,108,109,0.892052149,0.892052149
C,dallas,2026-07-22,20260722T200353117409-0400,,,eq,108,109,0.884465843,0.884465843
C,dallas,2026-07-22,20260722T210744186492-0400,,,eq,108,109,0.884465843,0.884465843
C,dallas,2026-07-22,20260722T220344592070-0400,,,eq,108,109,0.884465843,0.884465843
C,dallas,2026-07-22,20260722T230800893246-0400,,,eq,108,109,0.884465843,0.884465843
C,dallas,2026-07-22,20260723T000314747722-0400,,,eq,108,109,0.884465843,0.884465843
C,dallas,2026-07-23,20260723T010042357540-0400,,,eq,96,97,0.345162697,0.342366567
C,dallas,2026-07-23,20260723T020447239287-0400,,,eq,96,97,0.327757297,0.330587597
C,dallas,2026-07-23,20260723T030832164697-0400,,,eq,96,97,0.334562896,0.347554865
C,dallas,2026-07-23,20260723T040030191923-0400,,,eq,96,97,0.34189679,0.34189679
C,dallas,2026-07-23,20260723T050039703252-0400,,,eq,96,97,0.288380048,0.30452211
C,dallas,2026-07-23,20260723T060431407991-0400,,,eq,96,97,0.279110771,0.29863851
C,dallas,2026-07-23,20260723T070811518353-0400,,,eq,96,97,0.278702537,0.29863851
C,dallas,2026-07-23,20260723T080254192072-0400,,,eq,96,97,0.309249581,0.312971649
C,dallas,2026-07-23,20260723T090641411140-0400,,,eq,96,97,0.280300176,0.297581672
C,dallas,2026-07-23,20260723T100115096363-0400,,,eq,96,97,0.434243249,0.451125662
C,dallas,2026-07-23,20260723T110236256361-0400,,,eq,96,97,0.266848469,0.222377021
C,dallas,2026-07-23,20260723T120838130072-0400,,,eq,96,97,0.366279656,0.377231791
C,dallas,2026-07-23,20260723T130313089416-0400,,,eq,96,97,0.341963596,0.365498686
C,dallas,2026-07-23,20260723T140702382407-0400,,,eq,96,97,0.448691045,0.377920519
C,dallas,2026-07-23,20260723T150142942464-0400,,,eq,96,97,0.385448924,0.223249976
C,dallas,2026-07-23,20260723T160544402978-0400,,,eq,96,97,0.758817302,0.687872191
C,dallas,2026-07-23,20260723T170022523724-0400,,,eq,96,97,0.41194861,0.427221036
C,dallas,2026-07-23,20260723T180406218852-0400,,,eq,96,97,0.524575014,0.518666816
C,dallas,2026-07-23,20260723T190750758036-0400,,,eq,96,97,0.564039897,0.393369138
C,dallas,2026-07-23,20260723T200234192043-0400,,,eq,96,97,0.198975631,0.195675908
C,dallas,2026-07-23,20260723T210620127628-0400,,,eq,96,97,0.74267979,0.817224953
C,dallas,2026-07-23,20260723T220127337438-0400,,,eq,96,97,0.412636764,0.231989095
C,dallas,2026-07-23,20260723T230611552040-0400,,,eq,96,97,0.412833742,0.232053696
C,dallas,2026-07-23,20260724T000126301023-0400,,,eq,96,97,0.413430801,0.232054934
C,dallas,2026-07-24,20260724T010036466591-0400,,,eq,94,95,0.13894268,0.139971659
C,dallas,2026-07-24,20260724T020443075350-0400,,,eq,94,95,0.132746124,0.143056529
C,dallas,2026-07-24,20260724T030836512842-0400,,,eq,94,95,0.108837013,0.117849791
C,dallas,2026-07-24,20260724T040312272394-0400,,,eq,94,95,0.131082578,0.14542804
C,dallas,2026-07-24,20260724T050705884982-0400,,,eq,94,95,0.135200807,0.138155976
C,dallas,2026-07-24,20260724T060148198953-0400,,,eq,94,95,0.127645332,0.130176913
C,dallas,2026-07-24,20260724T070528574183-0400,,,eq,94,95,0.139775626,0.145593815
C,dallas,2026-07-24,20260724T080003682018-0400,,,eq,94,95,0.132252604,0.140458647
C,dallas,2026-07-24,20260724T090353133484-0400,,,eq,94,95,0.228623925,0.174762924
C,dallas,2026-07-24,20260724T100746723199-0400,,,eq,94,95,0.551296688,0.32276121
C,dallas,2026-07-24,20260724T110220122051-0400,,,eq,94,95,0.28522614,0.354573845
C,dallas,2026-07-24,20260724T120605415770-0400,,,eq,94,95,0.227320242,0.191936032
C,dallas,2026-07-24,20260724T130040991563-0400,,,eq,94,95,0.22043831,0.220903883
C,dallas,2026-07-24,20260724T140428477386-0400,,,eq,94,95,0.14019958,0.138221946
C,dallas,2026-07-24,20260724T150812939329-0400,,,eq,94,95,0.374240965,0.328718437
C,dallas,2026-07-24,20260724T160308611716-0400,,,eq,94,95,0.842991923,0.88945771
C,dallas,2026-07-24,20260724T170654875196-0400,,,eq,94,95,0.717084371,0.717221309
C,dallas,2026-07-24,20260724T180136570532-0400,,,eq,94,95,0.923482517,0.91258849
C,dallas,2026-07-24,20260724T190522110219-0400,,,eq,94,95,0.974843933,0.972997998
C,dallas,2026-07-24,20260724T200009541136-0400,,,eq,94,95,0.952798986,0.930496293
C,dallas,2026-07-24,20260724T210357477891-0400,,,eq,94,95,0.737227861,0.737364439
C,dallas,2026-07-24,20260724T220815180767-0400,,,eq,94,95,0.906382881,0.906560435
C,dallas,2026-07-24,20260724T230327753785-0400,,,eq,94,95,0.930816157,0.930907919
C,dallas,2026-07-24,20260725T000754488050-0400,,,eq,94,95,0.92836643,0.928388791
C,dallas,2026-07-25,20260725T010039144779-0400,,,eq,98,99,0.461373032,0.337032473
C,dallas,2026-07-25,20260725T020424322153-0400,,,eq,98,99,0.456396465,0.332773948
C,dallas,2026-07-25,20260725T030814937881-0400,,,eq,98,99,0.453223915,0.329665219
C,dallas,2026-07-25,20260725T040030142510-0400,,,eq,98,99,0.330365315,0.269557244
C,dallas,2026-07-25,20260725T050013994617-0400,,,eq,98,99,0.326266912,0.258459047
C,dallas,2026-07-25,20260725T060352620906-0400,,,eq,98,99,0.326741062,0.258698849
C,dallas,2026-07-25,20260725T070734034436-0400,,,eq,98,99,0.255153771,0.253260322
C,dallas,2026-07-25,20260725T080214614696-0400,,,eq,98,99,0.253999808,0.253260322
C,dallas,2026-07-25,20260725T090603446320-0400,,,eq,98,99,0.373725408,0.376223961
C,dallas,2026-07-25,20260725T100044066620-0400,,,eq,98,99,0.232673643,0.244645332
C,dallas,2026-07-25,20260725T110422026213-0400,,,eq,98,99,0.425229301,0.400879383
C,dallas,2026-07-25,20260725T120810150681-0400,,,eq,98,99,0.268382052,0.255114402
C,dallas,2026-07-25,20260725T130246824592-0400,,,eq,98,99,0.311657618,0.297163558
C,dallas,2026-07-25,20260725T140632943502-0400,,,eq,98,99,0.257071154,0.237122208
C,dallas,2026-07-25,20260725T150115701734-0400,,,eq,98,99,0.381012106,0.393687108
C,dallas,2026-07-25,20260725T160512476411-0400,,,eq,98,99,0.311062304,0.335549995
C,dallas,2026-07-25,20260725T170859086297-0400,,,eq,98,99,0.476816344,0.476820706
C,dallas,2026-07-25,20260725T180338366326-0400,,,eq,98,99,0.64347589,0.642725721
C,dallas,2026-07-25,20260725T190734804412-0400,,,eq,98,99,0.670076652,0.705813953
C,dallas,2026-07-25,20260725T200222056655-0400,,,eq,98,99,0.781143852,0.78761449
C,dallas,2026-07-25,20260725T210617869074-0400,,,eq,98,99,0.874163288,0.802908018
C,dallas,2026-07-25,20260725T220135349178-0400,,,eq,98,99,0.851332368,0.834614704
C,dallas,2026-07-25,20260725T230010765961-0400,,,eq,98,99,0.944592767,0.936735922
C,dallas,2026-07-25,20260726T000515639320-0400,,,eq,98,99,0.933381511,0.925906575
C,dallas,2026-07-26,20260726T010028396862-0400,,,eq,98,99,0.257731308,0.259148777
C,dallas,2026-07-26,20260726T020419373668-0400,,,eq,98,99,0.256609694,0.253551876
C,dallas,2026-07-26,20260726T030811458707-0400,,,eq,98,99,0.153885155,0.153353397
C,dallas,2026-07-26,20260726T040251419193-0400,,,eq,98,99,0.152983287,0.152469062
C,dallas,2026-07-26,20260726T050004367188-0400,,,eq,98,99,0.149337952,0.145307611
C,dallas,2026-07-26,20260726T060631062989-0400,,,eq,98,99,0.14931131,0.145307611
C,dallas,2026-07-26,20260726T070109847262-0400,,,eq,98,99,0.171220267,0.141221018
C,dallas,2026-07-26,20260726T080455628272-0400,,,eq,98,99,0.174309461,0.141221018
C,dallas,2026-07-26,20260726T090851752544-0400,,,eq,98,99,0.196664124,0.190736285
C,dallas,2026-07-26,20260726T100337999773-0400,,,eq,98,99,0.123852363,0.131834731
C,dallas,2026-07-26,20260726T110717302828-0400,,,eq,98,99,0.218056592,0.238921712
C,dallas,2026-07-26,20260726T120158218237-0400,,,eq,98,99,0.175883305,0.148139584
C,dallas,2026-07-26,20260726T130542198979-0400,,,eq,98,99,0.145542344,0.140586168
C,dallas,2026-07-26,20260726T140020883844-0400,,,eq,98,99,0.277332684,0.281333402
C,dallas,2026-07-26,20260726T150417947082-0400,,,eq,98,99,0.203271588,0.360010125
C,dallas,2026-07-26,20260726T160815964547-0400,,,eq,98,99,0.467512803,0.466964694
C,dallas,2026-07-26,20260726T170257061459-0400,,,eq,98,99,0.718771955,0.642775242
C,dallas,2026-07-26,20260726T180646789999-0400,,,eq,98,99,0.654866931,0.627198082
C,dallas,2026-07-26,20260726T190125134928-0400,,,eq,98,99,0.674553308,0.70938475
C,dallas,2026-07-26,20260726T200517723592-0400,,,eq,98,99,0.796045489,0.727508264
C,dallas,2026-07-26,20260726T210905262584-0400,,,eq,98,99,0.867177433,0.804533026
C,dallas,2026-07-26,20260726T220413154431-0400,,,eq,98,99,0.843683855,0.825670328
C,dallas,2026-07-26,20260726T230841062075-0400,,,eq,98,99,0.928495519,0.92127293
C,dallas,2026-07-26,20260727T000350308760-0400,,,eq,98,99,0.928772065,0.921543197
C,dallas,2026-07-27,20260727T010041206676-0400,,,eq,98,99,0.191929841,0.183120839
C,dallas,2026-07-27,20260727T020431432699-0400,,,eq,98,99,0.1508001,0.147441545
C,dallas,2026-07-27,20260727T030846590187-0400,,,eq,98,99,0.144706542,0.145572474
C,dallas,2026-07-27,20260727T040325157625-0400,,,eq,98,99,0.144706542,0.145572474
C,dallas,2026-07-27,20260727T050212090731-0400,,,eq,98,99,0.151716013,0.14530861
C,dallas,2026-07-27,20260727T060552723539-0400,,,eq,98,99,0.145192103,0.139183728
C,dallas,2026-07-27,20260727T070029334128-0400,,,eq,98,99,0.144550987,0.139183728
C,dallas,2026-07-27,20260727T080414962011-0400,,,eq,98,99,0.135732232,0.134613452
C,dallas,2026-07-27,20260727T090807407680-0400,,,eq,98,99,0.15686103,0.159877047
C,dallas,2026-07-27,20260727T100249337401-0400,,,eq,98,99,0.116657388,0.123861282
C,dallas,2026-07-27,20260727T110633613009-0400,,,eq,98,99,0.153529806,0.152418081
C,dallas,2026-07-27,20260727T120113435944-0400,,,eq,98,99,0.184654533,0.180119533
C,dallas,2026-07-27,20260727T130457451125-0400,,,eq,98,99,0.198451515,0.19063453
C,dallas,2026-07-27,20260727T140846667379-0400,,,eq,98,99,0.122931183,0.16588961
C,dallas,2026-07-27,20260727T150327610620-0400,,,eq,98,99,0.126980715,0.252527545
C,dallas,2026-07-27,20260727T160723617467-0400,,,eq,98,99,0.560064552,0.544401841
C,dallas,2026-07-27,20260727T170158347852-0400,,,eq,98,99,0.452358248,0.380314889
C,dallas,2026-07-27,20260727T180541744232-0400,,,eq,98,99,0.442201772,0.413003248
C,dallas,2026-07-27,20260727T190021896565-0400,,,eq,98,99,0.457900323,0.453030216
C,dallas,2026-07-27,20260727T200410092571-0400,,,eq,98,99,0.453407801,0.424341762
C,dallas,2026-07-27,20260727T210804660441-0400,,,eq,98,99,0.511889075,0.486516707
C,dallas,2026-07-27,20260727T220259595455-0400,,,eq,98,99,0.528131798,0.497089721
C,dallas,2026-07-27,20260727T230725419115-0400,,,eq,98,99,0.930448224,0.923298095
C,dallas,2026-07-27,20260728T000236459973-0400,,,eq,98,99,0.933129498,0.925946219
C,dallas,2026-07-28,20260728T010046235026-0400,,,eq,98,99,0.198583173,0.189204389
C,dallas,2026-07-28,20260728T020443244764-0400,,,eq,98,99,0.154263059,0.153253558
C,dallas,2026-07-28,20260728T030849895368-0400,,,eq,98,99,0.199122519,0.197666148
C,dallas,2026-07-28,20260728T040328511486-0400,,,eq,98,99,0.2020185,0.197343946
C,dallas,2026-07-28,20260728T050901886308-0400,,,eq,98,99,0.196905325,0.189466212
C,dallas,2026-07-28,20260728T060336612795-0400,,,eq,98,99,0.188101978,0.185701895
C,dallas,2026-07-28,20260728T070724793934-0400,,,eq,98,99,0.181840736,0.18418254
C,dallas,2026-07-28,20260728T080209208383-0400,,,eq,98,99,0.181169907,0.18418254
C,dallas,2026-07-28,20260728T090555183636-0400,,,eq,98,99,0.291735063,0.294456308
C,dallas,2026-07-28,20260728T100029971379-0400,,,eq,98,99,0.155186415,0.171054694
C,dallas,2026-07-28,20260728T110412088448-0400,,,eq,98,99,0.234885749,0.284919224
C,dallas,2026-07-28,20260728T120134058352-0400,,,eq,98,99,0.167976773,0.167515567
C,dallas,2026-07-28,20260728T130246942952-0400,,,eq,98,99,0.212758872,0.232008561
C,dallas,2026-07-28,20260728T140635258216-0400,,,eq,98,99,0.40018336,0.290130013
C,dallas,2026-07-28,20260728T150118306624-0400,,,eq,98,99,0.221546261,0.355126614
C,dallas,2026-07-28,20260728T160509973838-0400,,,eq,98,99,0.554877105,0.534096764
C,dallas,2026-07-28,20260728T170852355324-0400,,,eq,98,99,0.349209394,0.359909651
C,dallas,2026-07-28,20260728T180331918792-0400,,,eq,98,99,0.444796398,0.412472671
C,dallas,2026-07-28,20260728T190715162121-0400,,,eq,98,99,0.521321893,0.492429495
C,dallas,2026-07-28,20260728T200157732949-0400,,,eq,98,99,0.593794315,0.526273762
C,dallas,2026-07-28,20260728T210554535146-0400,,,eq,98,99,0.566174795,0.475053923
C,dallas,2026-07-28,20260728T220049057610-0400,,,eq,98,99,0.557826979,0.496531956
C,dallas,2026-07-28,20260728T230513070971-0400,,,eq,98,99,0.957271335,0.936166519
C,dallas,2026-07-28,20260729T000040297252-0400,,,eq,98,99,0.952128714,0.924618079
C,dallas,2026-07-29,20260729T010040760952-0400,,,eq,98,99,0.199200737,0.194781234
C,dallas,2026-07-29,20260729T020436785453-0400,,,eq,98,99,0.189284668,0.192286138
C,dallas,2026-07-29,20260729T030822848161-0400,,,eq,98,99,0.186786402,0.154360522
C,dallas,2026-07-29,20260729T040302334765-0400,,,eq,98,99,0.183980731,0.151841328
C,dallas,2026-07-29,20260729T050014086047-0400,,,eq,98,99,0.194387593,0.151578772
C,dallas,2026-07-29,20260729T060357274376-0400,,,eq,98,99,0.183661626,0.144626696
C,dallas,2026-07-29,20260729T070739507235-0400,,,eq,98,99,0.181609273,0.145201624
C,dallas,2026-07-29,20260729T080219818454-0400,,,eq,98,99,0.230856024,0.185319457
C,dallas,2026-07-29,20260729T090608235534-0400,,,eq,98,99,0.321853578,0.297993291
C,dallas,2026-07-29,20260729T100043017670-0400,,,eq,98,99,0.149635405,0.169493415
C,dallas,2026-07-29,20260729T110421096808-0400,,,eq,98,99,0.234516817,0.281191004
C,dallas,2026-07-29,20260729T120805764202-0400,,,eq,98,99,0.231217376,0.184254784
C,dallas,2026-07-29,20260729T130241605928-0400,,,eq,98,99,0.304630627,0.311824634
C,dallas,2026-07-29,20260729T140029718127-0400,,,eq,98,99,0.233183076,0.248205639
C,dallas,2026-07-29,20260729T150115773216-0400,,,eq,98,99,0.191555967,0.352879589
C,dallas,2026-07-29,20260729T160509253358-0400,,,eq,98,99,0.532034234,0.524726534
C,dallas,2026-07-29,20260729T170857214859-0400,,,eq,98,99,0.574525808,0.577968513
C,dallas,2026-07-29,20260729T180336772224-0400,,,eq,98,99,0.639791023,0.591285436
C,dallas,2026-07-29,20260729T190724367381-0400,,,eq,98,99,0.814941162,0.782550649
C,dallas,2026-07-29,20260729T200205604392-0400,,,eq,98,99,0.798735301,0.776240332
C,dallas,2026-07-29,20260729T210602234466-0400,,,eq,98,99,0.795824158,0.796290297
C,dallas,2026-07-29,20260729T220545709282-0400,,,eq,98,99,0.827535104,0.828073382
C,dallas,2026-07-29,20260729T230027774950-0400,,,eq,98,99,0.826290246,0.826457534
C,dallas,2026-07-29,20260730T000559774029-0400,,,eq,98,99,0.918716119,0.91872212
C,dallas,2026-07-30,20260730T010037845505-0400,,,eq,98,99,0.203145563,0.199883841
C,dallas,2026-07-30,20260730T020431578279-0400,,,eq,98,99,0.154325442,0.156341895
C,dallas,2026-07-30,20260730T030845043321-0400,,,eq,98,99,0.188154922,0.155894001
C,dallas,2026-07-30,20260730T040322465220-0400,,,eq,98,99,0.188324512,0.153328071
C,dallas,2026-07-30,20260730T050016492879-0400,,,eq,98,99,0.154036247,0.15306506
C,dallas,2026-07-30,20260730T060404981298-0400,,,eq,98,99,0.146405633,0.146169255
C,dallas,2026-07-30,20260730T070028470082-0400,,,eq,98,99,0.145799715,0.146273168
C,dallas,2026-07-30,20260730T080310688235-0400,,,eq,98,99,0.166330658,0.142157089
C,dallas,2026-07-30,20260730T090702293204-0400,,,eq,98,99,0.236185463,0.218094255
C,dallas,2026-07-30,20260730T100138656908-0400,,,eq,98,99,0.113906739,0.134420749
C,dallas,2026-07-30,20260730T110030501990-0400,,,eq,98,99,0.206628981,0.216080631
C,dallas,2026-07-30,20260730T120859180381-0400,,,eq,98,99,0.263299679,0.195592124
C,dallas,2026-07-30,20260730T130335609436-0400,,,eq,98,99,0.195975535,0.200484632
C,dallas,2026-07-30,20260730T140726486488-0400,,,eq,98,99,0.227985094,0.234841814
C,dallas,2026-07-30,20260730T150218009323-0400,,,eq,98,99,0.240733575,0.39519037
C,dallas,2026-07-30,20260730T160607839152-0400,,,eq,98,99,0.419084187,0.419258019
C,dallas,2026-07-30,20260730T170044282588-0400,,,eq,98,99,0.575742063,0.562087022
C,dallas,2026-07-30,20260730T180432961959-0400,,,eq,98,99,0.391475073,0.388876916
C,dallas,2026-07-30,20260730T190818821084-0400,,,eq,98,99,0.441061741,0.438639346
C,dallas,2026-07-30,20260730T200301157630-0400,,,eq,98,99,0.516023136,0.483925258
C,dallas,2026-07-30,20260730T210650048319-0400,,,eq,98,99,0.504367996,0.430653667
C,dallas,2026-07-30,20260730T220147316019-0400,,,eq,98,99,0.496360454,0.454202045
C,dallas,2026-07-30,20260730T230608029608-0400,,,eq,98,99,0.497368007,0.450002557
C,dallas,2026-07-30,20260731T000129442583-0400,,,eq,98,99,0.950481091,0.92702106
C,denver,2026-07-01,20260701T020132-0400,,,eq,90,91,0.21570719,0.21570719
C,denver,2026-07-01,20260701T030500-0400,,,eq,90,91,0.309356629,0.309356629
C,denver,2026-07-01,20260701T040829-0400,,,eq,90,91,0.311315361,0.311315361
C,denver,2026-07-01,20260701T050247-0400,,,eq,90,91,0.370756292,0.370756292
C,denver,2026-07-01,20260701T060610-0400,,,eq,90,91,0.390399159,0.390399159
C,denver,2026-07-01,20260701T070035-0400,,,eq,90,91,0.350093042,0.350093042
C,denver,2026-07-01,20260701T080405-0400,,,eq,90,91,0.389818709,0.389818709
C,denver,2026-07-01,20260701T090747-0400,,,eq,90,91,0.398929925,0.398929925
C,denver,2026-07-01,20260701T100618-0400,,,eq,90,91,0.316767187,0.316767187
C,denver,2026-07-01,20260701T110706-0400,,,eq,90,91,0.253136535,0.253136535
C,denver,2026-07-01,20260701T120054-0400,,,eq,90,91,0.22773137,0.22773137
C,denver,2026-07-01,20260701T131223-0400,,,eq,90,91,0.232021989,0.232021989
C,denver,2026-07-01,20260701T140559-0400,,,eq,90,91,0.247609633,0.247609633
C,denver,2026-07-01,20260701T150207-0400,,,eq,90,91,0.355252741,0.355252741
C,denver,2026-07-01,20260701T160843-0400,,,eq,90,91,0.530408638,0.530408638
C,denver,2026-07-01,20260701T170511-0400,,,eq,90,91,0.746694502,0.746694502
C,denver,2026-07-01,20260701T180849-0400,,,eq,90,91,0.43309121,0.43309121
C,denver,2026-07-01,20260701T190140-0400,,,eq,90,91,0.451084427,0.451084427
C,denver,2026-07-01,20260701T200541-0400,,,eq,90,91,0.124259932,0.124259932
C,denver,2026-07-01,20260701T210021-0400,,,eq,90,91,0.069662496,0.069662496
C,denver,2026-07-01,20260701T220417-0400,,,eq,90,91,0.0246171077,0.0246171077
C,denver,2026-07-01,20260701T230806-0400,,,eq,90,91,0.0308106893,0.0308106893
C,denver,2026-07-01,20260702T000259-0400,,,eq,90,91,0.0546754516,0.0546754516
C,denver,2026-07-01,20260702T010657-0400,,,eq,90,91,0.0178544728,0.0178544728
C,denver,2026-07-02,20260702T020118-0400,,,eq,90,91,0.207663345,0.207663345
C,denver,2026-07-02,20260702T030451-0400,,,eq,90,91,0.400363645,0.400363645
C,denver,2026-07-02,20260702T040829-0400,,,eq,90,91,0.453992416,0.453992416
C,denver,2026-07-02,20260702T050252-0400,,,eq,90,91,0.477158249,0.477158249
C,denver,2026-07-02,20260702T060618-0400,,,eq,90,91,0.483541142,0.483541142
C,denver,2026-07-02,20260702T070051-0400,,,eq,90,91,0.291511135,0.291511135
C,denver,2026-07-02,20260702T080427-0400,,,eq,90,91,0.287250738,0.287250738
C,denver,2026-07-02,20260702T090809-0400,,,eq,90,91,0.281110155,0.281110155
C,denver,2026-07-02,20260702T100456-0400,,,eq,90,91,0.320853009,0.320853009
C,denver,2026-07-02,20260702T110438-0400,,,eq,90,91,0.183389524,0.183389524
C,denver,2026-07-02,20260702T120049-0400,,,eq,90,91,0.179501286,0.179501286
C,denver,2026-07-02,20260702T130439-0400,,,eq,90,91,0.165527109,0.165527109
C,denver,2026-07-02,20260702T140827-0400,,,eq,90,91,0.155991311,0.155991311
C,denver,2026-07-02,20260702T150326-0400,,,eq,90,91,0.216917784,0.216917784
C,denver,2026-07-02,20260702T160704-0400,,,eq,90,91,0.491672212,0.491672212
C,denver,2026-07-02,20260702T170127-0400,,,eq,90,91,0.210206873,0.210206873
C,denver,2026-07-02,20260702T181450-0400,,,eq,90,91,0.0223865752,0.0327028997
C,denver,2026-07-02,20260702T190053-0400,,,eq,90,91,0.650953149,0.650417307
C,denver,2026-07-02,20260702T200457-0400,,,eq,90,91,0.592526939,0.616752041
C,denver,2026-07-02,20260702T210009-0400,,,eq,90,91,0.992530315,0.992472353
C,denver,2026-07-02,20260702T220034-0400,,,eq,90,91,0.993977612,0.995129937
C,denver,2026-07-02,20260702T230439-0400,,,eq,90,91,0.993941488,0.99518178
C,denver,2026-07-02,20260703T000644-0400,,,eq,90,91,0.991074853,0.993175975
C,denver,2026-07-02,20260703T011033-0400,,,eq,90,91,0.990796747,0.992988521
C,denver,2026-07-03,20260703T020128-0400,,,eq,92,93,0.0806700097,0.0806700097
C,denver,2026-07-03,20260703T030356-0400,,,eq,92,93,0.15433959,0.13523171
C,denver,2026-07-03,20260703T040729-0400,,,eq,92,93,0.192112462,0.135420308
C,denver,2026-07-03,20260703T050149-0400,,,eq,92,93,0.192112462,0.135420308
C,denver,2026-07-03,20260703T060322-0400,,,eq,92,93,0.0626278342,0.0623540489
C,denver,2026-07-03,20260703T070852-0400,,,eq,92,93,0.0583493253,0.0616943182
C,denver,2026-07-03,20260703T080317-0400,,,eq,92,93,0.0583493253,0.0616943182
C,denver,2026-07-03,20260703T090321-0400,,,eq,92,93,0.0479893441,0.0447427872
C,denver,2026-07-03,20260703T100519-0400,,,eq,92,93,0.050840503,0.0497421898
C,denver,2026-07-03,20260703T110112-0400,,,eq,92,93,0.0633834354,0.0546476396
C,denver,2026-07-03,20260703T120842-0400,,,eq,92,93,0.0532834619,0.0512134813
C,denver,2026-07-03,20260703T131127-0400,,,eq,92,93,0.0632128923,0.0590981983
C,denver,2026-07-03,20260703T140306-0400,,,eq,92,93,0.055774616,0.0559267935
C,denver,2026-07-03,20260703T152554-0400,,,eq,92,93,0.0258964545,0.0238929397
C,denver,2026-07-03,20260703T160232-0400,,,eq,92,93,0.023741582,0.0238960581
C,denver,2026-07-03,20260703T170401-0400,,,eq,92,93,0.014810096,0.0171921567
C,denver,2026-07-03,20260703T182744-0400,,,eq,92,93,0.175140929,0.228586939
C,denver,2026-07-03,20260703T190512-0400,,,eq,92,93,0.325000957,0.446495837
C,denver,2026-07-03,20260703T205154305140-0400,,,eq,92,93,0.108431768,0.178608653
C,denver,2026-07-03,20260703T210621357329-0400,,,eq,92,93,0.454103846,0.517105583
C,denver,2026-07-03,20260703T230021045932-0400,,,eq,92,93,0.200681863,0.312419089
C,denver,2026-07-03,20260704T000834704221-0400,,,eq,92,93,0.162350805,0.241796972
C,denver,2026-07-03,20260704T010326558467-0400,,,eq,92,93,0.941419268,0.981222869
C,denver,2026-07-04,20260704T020038503571-0400,,,eq,88,89,0.420981383,0.420981383
C,denver,2026-07-04,20260704T030315567456-0400,,,eq,88,89,0.232089717,0.249515179
C,denver,2026-07-04,20260704T040807713390-0400,,,eq,88,89,0.232089717,0.249515179
C,denver,2026-07-04,20260704T050215244456-0400,,,eq,88,89,0.290218214,0.398116405
C,denver,2026-07-04,20260704T060605656568-0400,,,eq,88,89,0.290218214,0.398116405
C,denver,2026-07-04,20260704T070033884937-0400,,,eq,88,89,0.481391545,0.465346483
C,denver,2026-07-04,20260704T080216530713-0400,,,eq,88,89,0.255661663,0.25258774
C,denver,2026-07-04,20260704T090224496698-0400,,,eq,88,89,0.28973366,0.512904256
C,denver,2026-07-04,20260704T100935525891-0400,,,eq,88,89,0.490086557,0.497814379
C,denver,2026-07-04,20260704T110311274418-0400,,,eq,88,89,0.388749333,0.375777733
C,denver,2026-07-04,20260704T120213495566-0400,,,eq,88,89,0.554524952,0.566777343
C,denver,2026-07-04,20260704T130325635353-0400,,,eq,88,89,0.179486714,0.190179861
C,denver,2026-07-04,20260704T140214069119-0400,,,eq,88,89,0.623589662,0.527734453
C,denver,2026-07-04,20260704T152313558099-0400,,,eq,88,89,0.191141267,0.266219188
C,denver,2026-07-04,20260704T160308964898-0400,,,eq,88,89,0.665444077,0.615256688
C,denver,2026-07-04,20260704T170807510226-0400,,,eq,88,89,0.518541715,0.406828961
C,denver,2026-07-04,20260704T180748378441-0400,,,eq,88,89,0.38869639,0.335087325
C,denver,2026-07-04,20260704T190221769336-0400,,,eq,88,89,0.779458583,0.782091918
C,denver,2026-07-04,20260704T200242966921-0400,,,eq,88,89,0.347639138,0.354462659
C,denver,2026-07-04,20260704T210028453084-0400,,,eq,88,89,0.766321792,0.495623107
C,denver,2026-07-04,20260704T220417731585-0400,,,eq,88,89,0.899248378,0.899253646
C,denver,2026-07-04,20260704T230254908822-0400,,,eq,88,89,0.765447909,0.764961728
C,denver,2026-07-04,20260705T000256942812-0400,,,eq,88,89,0.765447909,0.764961728
C,denver,2026-07-04,20260705T010652516013-0400,,,eq,88,89,0.894699286,0.894049933
C,denver,2026-07-05,20260705T020020419737-0400,,,eq,94,95,0.0772647478,0.0772647478
C,denver,2026-07-05,20260705T030151485902-0400,,,eq,94,95,0.297578245,0.177618867
C,denver,2026-07-05,20260705T040730280946-0400,,,eq,94,95,0.301418302,0.180535773
C,denver,2026-07-05,20260705T050147728925-0400,,,eq,94,95,0.301418302,0.180535773
C,denver,2026-07-05,20260705T060446684240-0400,,,eq,94,95,0.0948341826,0.0904710501
C,denver,2026-07-05,20260705T070249239888-0400,,,eq,94,95,0.120342109,0.125459058
C,denver,2026-07-05,20260705T080302499904-0400,,,eq,94,95,0.120342109,0.125459058
C,denver,2026-07-05,20260705T090634111469-0400,,,eq,94,95,0.0959413895,0.0890693474
C,denver,2026-07-05,20260705T101209958815-0400,,,eq,94,95,0.221757783,0.242291366
C,denver,2026-07-05,20260705T110341832168-0400,,,eq,94,95,0.350914009,0.219684276
C,denver,2026-07-05,20260705T120030281633-0400,,,eq,94,95,0.276996967,0.219928867
C,denver,2026-07-05,20260705T130235852935-0400,,,eq,94,95,0.196749965,0.190100218
C,denver,2026-07-05,20260705T140737084898-0400,,,eq,94,95,0.150412942,0.129563055
C,denver,2026-07-05,20260705T150219901728-0400,,,eq,94,95,0.423550463,0.171074712
C,denver,2026-07-05,20260705T160233906101-0400,,,eq,94,95,0.244764135,0.218326336
C,denver,2026-07-05,20260705T170034407093-0400,,,eq,94,95,0.901061385,0.892431635
C,denver,2026-07-05,20260705T180821267898-0400,,,eq,94,95,0.943485346,0.957460478
C,denver,2026-07-05,20260705T190635608750-0400,,,eq,94,95,0.834684808,0.841874493
C,denver,2026-07-05,20260705T202744724087-0400,,,eq,94,95,0.267229629,0.392315387
C,denver,2026-07-05,20260705T210419714949-0400,,,eq,94,95,0.650361789,0.534145966
C,denver,2026-07-05,20260705T220028641671-0400,,,eq,94,95,0.364335557,0.474250264
C,denver,2026-07-05,20260705T234116891166-0400,,,eq,94,95,0.820552947,0.806683607
C,denver,2026-07-05,20260706T000644084894-0400,,,eq,94,95,0.694131277,0.539024882
C,denver,2026-07-05,20260706T015653898442-0400,,,eq,94,95,0.694131277,0.539024882
C,denver,2026-07-07,20260707T020109767158-0400,,,eq,96,97,0.0322965613,0.0322965613
C,denver,2026-07-07,20260707T030109769046-0400,,,eq,96,97,0.0322965613,0.0322965613
C,denver,2026-07-07,20260707T040102290073-0400,,,eq,96,97,0.0322965613,0.0322965613
C,denver,2026-07-07,20260707T050033664048-0400,,,eq,96,97,0.0322965613,0.0322965613
C,denver,2026-07-07,20260707T060052668306-0400,,,eq,96,97,0.0476157529,0.0583353015
C,denver,2026-07-07,20260707T070428219358-0400,,,eq,96,97,0.0542808749,0.069882167
C,denver,2026-07-07,20260707T080802401373-0400,,,eq,96,97,0.0620482368,0.0584304419
C,denver,2026-07-07,20260707T090235302505-0400,,,eq,96,97,0.051352665,0.0549359752
C,denver,2026-07-07,20260707T102535978456-0400,,,eq,96,97,0.0321420156,0.0318731407
C,denver,2026-07-07,20260707T110957808896-0400,,,eq,96,97,0.0481163504,0.047614418
C,denver,2026-07-07,20260707T120809698896-0400,,,eq,96,97,0.0288629721,0.0268731079
C,denver,2026-07-07,20260707T130352868200-0400,,,eq,96,97,0.0423940377,0.0373047374
C,denver,2026-07-07,20260707T140954137398-0400,,,eq,96,97,0.143784755,0.150528069
C,denver,2026-07-07,20260707T150109766358-0400,,,eq,96,97,0.161309628,0.280581925
C,denver,2026-07-07,20260707T160117565330-0400,,,eq,96,97,0.621193931,0.644306965
C,denver,2026-07-07,20260707T170924433089-0400,,,eq,96,97,0.644669897,0.689742364
C,denver,2026-07-07,20260707T180028130264-0400,,,eq,96,97,0.463521783,0.523422698
C,denver,2026-07-07,20260707T190402321605-0400,,,eq,96,97,0.265924521,0.310100915
C,denver,2026-07-07,20260707T200735149061-0400,,,eq,96,97,0.0515612564,0.290247463
C,denver,2026-07-07,20260707T210213341465-0400,,,eq,96,97,0.501428689,0.630501788
C,denver,2026-07-07,20260707T220306808810-0400,,,eq,96,97,0.640003187,0.839758876
C,denver,2026-07-07,20260707T230046441688-0400,,,eq,96,97,0.643070515,0.843344077
C,denver,2026-07-07,20260708T000439970023-0400,,,eq,96,97,0.455136862,0.704942161
C,denver,2026-07-07,20260708T010837171164-0400,,,eq,96,97,0.455571739,0.705597408
C,denver,2026-07-08,20260708T020014301078-0400,,,eq,92,93,0.370485902,0.370485902
C,denver,2026-07-08,20260708T030347966215-0400,,,eq,92,93,0.438925048,0.438199252
C,denver,2026-07-08,20260708T040716418711-0400,,,eq,92,93,0.193638698,0.197742626
C,denver,2026-07-08,20260708T050136159714-0400,,,eq,92,93,0.193638698,0.197742626
C,denver,2026-07-08,20260708T060459871102-0400,,,eq,92,93,0.195213885,0.19656557
C,denver,2026-07-08,20260708T070831694444-0400,,,eq,92,93,0.142136468,0.142366804
C,denver,2026-07-08,20260708T080307230586-0400,,,eq,92,93,0.123252367,0.129075297
C,denver,2026-07-08,20260708T090656035986-0400,,,eq,92,93,0.124963657,0.129174457
C,denver,2026-07-08,20260708T100859051809-0400,,,eq,92,93,0.198139293,0.183647103
C,denver,2026-07-08,20260708T110827982962-0400,,,eq,92,93,0.203481706,0.201039383
C,denver,2026-07-08,20260708T120457160861-0400,,,eq,92,93,0.3034421,0.338496952
C,denver,2026-07-08,20260708T130403212323-0400,,,eq,92,93,0.249224472,0.249332061
C,denver,2026-07-08,20260708T140046802047-0400,,,eq,92,93,0.529121914,0.523964152
C,denver,2026-07-08,20260708T150025031276-0400,,,eq,92,93,0.900553649,0.867353069
C,denver,2026-07-08,20260708T160134108479-0400,,,eq,92,93,0.750926502,0.656153953
C,denver,2026-07-08,20260708T170423187810-0400,,,eq,92,93,0.936083631,0.740497504
C,denver,2026-07-08,20260708T180851085509-0400,,,eq,92,93,0.915138399,0.913669845
C,denver,2026-07-08,20260708T190316944835-0400,,,eq,92,93,0.503336363,0.575055103
C,denver,2026-07-08,20260708T200100633949-0400,,,eq,92,93,0.307890859,0.329356615
C,denver,2026-07-08,20260708T210520311245-0400,,,eq,92,93,0.556015876,0.621593058
C,denver,2026-07-08,20260708T220112272697-0400,,,eq,92,93,0.542732194,0.527037212
C,denver,2026-07-08,20260708T230513588139-0400,,,eq,92,93,0.170081311,0.274144533
C,denver,2026-07-08,20260709T000039569267-0400,,,eq,92,93,0.170081311,0.274144533
C,denver,2026-07-08,20260709T010443990822-0400,,,eq,92,93,0.170103361,0.274127378
C,denver,2026-07-09,20260709T020041919391-0400,,,eq,90,91,0.0906110138,0.0906110138
C,denver,2026-07-09,20260709T030412708207-0400,,,eq,90,91,0.197142797,0.154371327
C,denver,2026-07-09,20260709T040747761272-0400,,,eq,90,91,0.537643507,0.499500066
C,denver,2026-07-09,20260709T050208954290-0400,,,eq,90,91,0.471316105,0.43951306
C,denver,2026-07-09,20260709T060533893806-0400,,,eq,90,91,0.277557516,0.26557382
C,denver,2026-07-09,20260709T070000722572-0400,,,eq,90,91,0.577915232,0.499395291
C,denver,2026-07-09,20260709T080332733366-0400,,,eq,90,91,0.424149135,0.368930112
C,denver,2026-07-09,20260709T090047966780-0400,,,eq,90,91,0.556268992,0.49543089
C,denver,2026-07-09,20260709T101005870149-0400,,,eq,90,91,0.131262585,0.154347565
C,denver,2026-07-09,20260709T110458734810-0400,,,eq,90,91,0.406599856,0.377418253
C,denver,2026-07-09,20260709T120606427281-0400,,,eq,90,91,0.244222654,0.211592765
C,denver,2026-07-09,20260709T130009024751-0400,,,eq,90,91,0.140568477,0.146079676
C,denver,2026-07-09,20260709T140552208990-0400,,,eq,90,91,0.265278452,0.247210879
C,denver,2026-07-09,20260709T150608832989-0400,,,eq,90,91,0.236264063,0.265219885
C,denver,2026-07-09,20260709T160812668782-0400,,,eq,90,91,0.486011269,0.714759451
C,denver,2026-07-09,20260709T170322319953-0400,,,eq,90,91,0.62865344,0.488786523
C,denver,2026-07-09,20260709T180534848707-0400,,,eq,90,91,0.678518602,0.681296752
C,denver,2026-07-09,20260709T191601020982-0400,,,eq,90,91,0.563329121,0.562236515
C,denver,2026-07-09,20260709T200253188340-0400,,,eq,90,91,0.377019828,0.462289111
C,denver,2026-07-09,20260709T213227225755-0400,,,eq,90,91,0.906389553,0.900078282
C,denver,2026-07-09,20260709T220805139607-0400,,,eq,90,91,0.94363987,0.911909184
C,denver,2026-07-09,20260709T230453545833-0400,,,eq,90,91,0.900299289,0.8453422
C,denver,2026-07-09,20260710T000314558924-0400,,,eq,90,91,0.900299289,0.8453422
C,denver,2026-07-09,20260710T010741786672-0400,,,eq,90,91,0.884416186,0.82194042
C,denver,2026-07-10,20260710T020616344105-0400,,,eq,90,91,0.151472098,0.151472098
C,denver,2026-07-10,20260710T030645721203-0400,,,eq,90,91,0.214000123,0.208709329
C,denver,2026-07-10,20260710T040922593550-0400,,,eq,90,91,0.207991902,0.203758775
C,denver,2026-07-10,20260710T050102644397-0400,,,eq,90,91,0.207991902,0.203758775
C,denver,2026-07-10,20260710T060721692628-0400,,,eq,90,91,0.191331447,0.185906272
C,denver,2026-07-10,20260710T070158199169-0400,,,eq,90,91,0.195063602,0.183362983
C,denver,2026-07-10,20260710T080544165841-0400,,,eq,90,91,0.187750698,0.180857391
C,denver,2026-07-10,20260710T090016097668-0400,,,eq,90,91,0.174631359,0.165343589
C,denver,2026-07-10,20260710T103719946115-0400,,,eq,90,91,0.122546369,0.120706116
C,denver,2026-07-10,20260710T110043121096-0400,,,eq,90,91,0.137187246,0.136596656
C,denver,2026-07-10,20260710T120115097285-0400,,,eq,90,91,0.129818618,0.125673936
C,denver,2026-07-10,20260710T130020331548-0400,,,eq,90,91,0.127108908,0.121116559
C,denver,2026-07-10,20260710T140608332136-0400,,,eq,90,91,0.320279039,0.486065328
C,denver,2026-07-10,20260710T151230597603-0400,,,eq,90,91,0.330281572,0.302148159
C,denver,2026-07-10,20260710T160416096717-0400,,,eq,90,91,0.264572199,0.331337811
C,denver,2026-07-10,20260710T170209701248-0400,,,eq,90,91,0.346554968,0.462619392
C,denver,2026-07-10,20260710T181556144941-0400,,,eq,90,91,0.992611082,0.992735602
C,denver,2026-07-10,20260710T190913825110-0400,,,eq,90,91,0.961817269,0.961781903
C,denver,2026-07-10,20260710T200525845336-0400,,,eq,90,91,0.925757124,0.924150678
C,denver,2026-07-10,20260710T211015839955-0400,,,eq,90,91,0.980841695,0.985755869
C,denver,2026-07-10,20260710T221139077498-0400,,,eq,90,91,0.866388957,0.865755946
C,denver,2026-07-10,20260710T230503449342-0400,,,eq,90,91,0.861123422,0.860291539
C,denver,2026-07-10,20260711T000514660879-0400,,,eq,90,91,0.842511383,0.841728144
C,denver,2026-07-10,20260711T010006843046-0400,,,eq,90,91,0.840471603,0.83962478
C,denver,2026-07-11,20260711T020333550659-0400,,,eq,96,97,0.0643719994,0.0643719994
C,denver,2026-07-11,20260711T031954849500-0400,,,eq,96,97,0.145353665,0.160579691
C,denver,2026-07-11,20260711T044104274931-0400,,,eq,96,97,0.145353665,0.160579691
C,denver,2026-07-11,20260711T050106349192-0400,,,eq,96,97,0.145353665,0.160579691
C,denver,2026-07-11,20260711T060455146325-0400,,,eq,96,97,0.145353665,0.160579691
C,denver,2026-07-11,20260711T070832142931-0400,,,eq,96,97,0.0509637312,0.0515841134
C,denver,2026-07-11,20260711T080305976602-0400,,,eq,96,97,0.0509637312,0.0515841134
C,denver,2026-07-11,20260711T090706447987-0400,,,eq,96,97,0.0496963649,0.0511862929
C,denver,2026-07-11,20260711T100554820272-0400,,,eq,96,97,0.0512127079,0.0494983287
C,denver,2026-07-11,20260711T110524908793-0400,,,eq,96,97,0.0578575564,0.0702271688
C,denver,2026-07-11,20260711T120606387672-0400,,,eq,96,97,0.0312321529,0.0293389707
C,denver,2026-07-11,20260711T130542232938-0400,,,eq,96,97,0.0516035528,0.043231213
C,denver,2026-07-11,20260711T140517398489-0400,,,eq,96,97,0.0577267173,0.0589754972
C,denver,2026-07-11,20260711T150646805062-0400,,,eq,96,97,0.0929183755,0.0947701189
C,denver,2026-07-11,20260711T160611053343-0400,,,eq,96,97,0.0852487888,0.0834121999
C,denver,2026-07-11,20260711T170715778682-0400,,,eq,96,97,0.314385386,0.488713593
C,denver,2026-07-11,20260711T180655842385-0400,,,eq,96,97,0.32833365,0.44461741
C,denver,2026-07-11,20260711T190751631182-0400,,,eq,96,97,0.57529912,0.593935942
C,denver,2026-07-11,20260711T201127439572-0400,,,eq,96,97,0.472678751,0.885763463
C,denver,2026-07-11,20260711T211236329536-0400,,,eq,96,97,0.852438813,0.936414343
C,denver,2026-07-11,20260711T221706434653-0400,,,eq,96,97,0.942133357,0.942433611
C,denver,2026-07-11,20260712T012949882068-0400,,,eq,96,97,0.964239886,0.964903264
C,denver,2026-07-14,20260714T020042140382-0400,,,eq,94,95,0.201192859,0.201192859
C,denver,2026-07-14,20260714T030520148828-0400,,,eq,94,95,0.479469683,0.389236889
C,denver,2026-07-14,20260714T040333470676-0400,,,eq,94,95,0.476799032,0.389998705
C,denver,2026-07-14,20260714T050336996034-0400,,,eq,94,95,0.474798632,0.390574794
C,denver,2026-07-14,20260714T060716285869-0400,,,eq,94,95,0.474798632,0.390574794
C,denver,2026-07-14,20260714T070154480834-0400,,,eq,94,95,0.471479015,0.387330387
C,denver,2026-07-14,20260714T080544142007-0400,,,eq,94,95,0.237366557,0.297819399
C,denver,2026-07-14,20260714T090848645312-0400,,,eq,94,95,0.239887176,0.379447489
C,denver,2026-07-14,20260714T100533352162-0400,,,eq,94,95,0.225995827,0.212199445
C,denver,2026-07-14,20260714T110815978776-0400,,,eq,94,95,0.264513009,0.218916698
C,denver,2026-07-14,20260714T120337330438-0400,,,eq,94,95,0.321090218,0.527657284
C,denver,2026-07-14,20260714T130815734701-0400,,,eq,94,95,0.20650805,0.217196485
C,denver,2026-07-14,20260714T140250877970-0400,,,eq,94,95,0.228395058,0.217139093
C,denver,2026-07-14,20260714T150635921713-0400,,,eq,94,95,0.180782368,0.179986093
C,denver,2026-07-14,20260714T160143707080-0400,,,eq,94,95,0.527772438,0.458883574
C,denver,2026-07-14,20260714T170541038348-0400,,,eq,94,95,0.533635086,0.484292848
C,denver,2026-07-14,20260714T180058988493-0400,,,eq,94,95,0.573515749,0.677969761
C,denver,2026-07-14,20260714T190445106709-0400,,,eq,94,95,0.414720496,0.415305899
C,denver,2026-07-14,20260714T200614288115-0400,,,eq,94,95,0.448706672,0.419445024
C,denver,2026-07-14,20260714T210306543596-0400,,,eq,94,95,0.840515463,0.703814676
C,denver,2026-07-14,20260714T220717871277-0400,,,eq,94,95,0.745876728,0.755504724
C,denver,2026-07-14,20260715T002517985239-0400,,,eq,94,95,0.767693588,0.762185574
C,denver,2026-07-14,20260715T011142319349-0400,,,eq,94,95,0.75583249,0.746711802
C,denver,2026-07-15,20260715T020329772508-0400,,,eq,94,95,0.0564597769,0.0564597769
C,denver,2026-07-15,20260715T030737445389-0400,,,eq,94,95,0.112808437,0.0823578923
C,denver,2026-07-15,20260715T040358133364-0400,,,eq,94,95,0.178654559,0.132354263
C,denver,2026-07-15,20260715T050634583016-0400,,,eq,94,95,0.274473016,0.194084521
C,denver,2026-07-15,20260715T060203519643-0400,,,eq,94,95,0.241061536,0.169140058
C,denver,2026-07-15,20260715T070555123210-0400,,,eq,94,95,0.0955602152,0.0988634571
C,denver,2026-07-15,20260715T080034195562-0400,,,eq,94,95,0.0954770969,0.098752096
C,denver,2026-07-15,20260715T090435644762-0400,,,eq,94,95,0.0998059189,0.127643196
C,denver,2026-07-15,20260715T100817756245-0400,,,eq,94,95,0.128681554,0.120323783
C,denver,2026-07-15,20260715T110259767949-0400,,,eq,94,95,0.271404084,0.17196672
C,denver,2026-07-15,20260715T120637321832-0400,,,eq,94,95,0.164669573,0.320967366
C,denver,2026-07-15,20260715T130123710948-0400,,,eq,94,95,0.105867682,0.116816508
C,denver,2026-07-15,20260715T140514758668-0400,,,eq,94,95,0.105399335,0.102736167
C,denver,2026-07-15,20260715T150742671637-0400,,,eq,94,95,0.215615067,0.168856531
C,denver,2026-07-15,20260715T160344187532-0400,,,eq,94,95,0.253785342,0.254874369
C,denver,2026-07-15,20260715T170635213159-0400,,,eq,94,95,0.465713082,0.536512457
C,denver,2026-07-15,20260715T180212145176-0400,,,eq,94,95,0.465689988,0.616635982
C,denver,2026-07-15,20260715T190556145303-0400,,,eq,94,95,0.35448134,0.442805399
C,denver,2026-07-15,20260715T200045787275-0400,,,eq,94,95,0.182968307,0.446206077
C,denver,2026-07-15,20260715T210453026295-0400,,,eq,94,95,0.693819228,0.535503557
C,denver,2026-07-15,20260715T220649487651-0400,,,eq,94,95,0.403162754,0.477152122
C,denver,2026-07-15,20260715T230641434843-0400,,,eq,94,95,0.820129963,0.803914885
C,denver,2026-07-15,20260716T000543769692-0400,,,eq,94,95,0.820129963,0.803914885
C,denver,2026-07-15,20260716T010052370263-0400,,,eq,94,95,0.77917316,0.619245833
C,denver,2026-07-16,20260716T020052589717-0400,,,eq,92,93,0.367103348,0.367103348
C,denver,2026-07-16,20260716T030508176209-0400,,,eq,92,93,0.431144334,0.438446213
C,denver,2026-07-16,20260716T040749175636-0400,,,eq,92,93,0.43869601,0.456341615
C,denver,2026-07-16,20260716T050328088574-0400,,,eq,92,93,0.407423482,0.432164666
C,denver,2026-07-16,20260716T060708709347-0400,,,eq,92,93,0.421308934,0.432412436
C,denver,2026-07-16,20260716T070147255755-0400,,,eq,92,93,0.4412324,0.456551647
C,denver,2026-07-16,20260716T080534116452-0400,,,eq,92,93,0.422951847,0.434718419
C,denver,2026-07-16,20260716T090029710154-0400,,,eq,92,93,0.416631289,0.436683942
C,denver,2026-07-16,20260716T100418092384-0400,,,eq,92,93,0.291535211,0.270247278
C,denver,2026-07-16,20260716T110209470091-0400,,,eq,92,93,0.261939133,0.270540355
C,denver,2026-07-16,20260716T120604224496-0400,,,eq,92,93,0.119165161,0.118693667
C,denver,2026-07-16,20260716T130053141559-0400,,,eq,92,93,0.115427151,0.143722823
C,denver,2026-07-16,20260716T140200741185-0400,,,eq,92,93,0.10597126,0.108020487
C,denver,2026-07-16,20260716T150907468161-0400,,,eq,92,93,0.148654444,0.121929658
C,denver,2026-07-16,20260716T160406979047-0400,,,eq,92,93,0.0838404695,0.0736487863
C,denver,2026-07-16,20260716T170609893336-0400,,,eq,92,93,0.0591469214,0.0620243968
C,denver,2026-07-16,20260716T180240090977-0400,,,eq,92,93,0.0248935524,0.0249029633
C,denver,2026-07-16,20260716T190635124219-0400,,,eq,92,93,0.281735616,0.283190463
C,denver,2026-07-16,20260716T200941185025-0400,,,eq,92,93,0.0588292198,0.139520887
C,denver,2026-07-16,20260716T210502888663-0400,,,eq,92,93,0.5723688,0.567674297
C,denver,2026-07-16,20260716T220108371078-0400,,,eq,92,93,0.909577239,0.901883354
C,denver,2026-07-16,20260716T230331467440-0400,,,eq,92,93,0.576954645,0.654534976
C,denver,2026-07-16,20260717T000054431705-0400,,,eq,92,93,0.6998722,0.803479143
C,denver,2026-07-16,20260717T010256795984-0400,,,eq,92,93,0.552676076,0.683537025
C,denver,2026-07-17,20260717T020013526518-0400,,,eq,92,93,0.44874086,0.44874086
C,denver,2026-07-17,20260717T030446334985-0400,,,eq,92,93,0.503602641,0.520535799
C,denver,2026-07-17,20260717T040834302479-0400,,,eq,92,93,0.538483499,0.548875245
C,denver,2026-07-17,20260717T050310868469-0400,,,eq,92,93,0.528904714,0.54903068
C,denver,2026-07-17,20260717T060702801510-0400,,,eq,92,93,0.538373715,0.55048552
C,denver,2026-07-17,20260717T070143163464-0400,,,eq,92,93,0.538373715,0.55048552
C,denver,2026-07-17,20260717T080531396173-0400,,,eq,92,93,0.539127432,0.551601581
C,denver,2026-07-17,20260717T090657838127-0400,,,eq,92,93,0.546059778,0.553543698
C,denver,2026-07-17,20260717T100558822086-0400,,,eq,92,93,0.309563774,0.303272074
C,denver,2026-07-17,20260717T110352776210-0400,,,eq,92,93,0.370011237,0.368474572
C,denver,2026-07-17,20260717T120116743945-0400,,,eq,92,93,0.797205873,0.793586074
C,denver,2026-07-17,20260717T130055899258-0400,,,eq,92,93,0.415328155,0.446840411
C,denver,2026-07-17,20260717T140453191355-0400,,,eq,92,93,0.194352392,0.205784998
C,denver,2026-07-17,20260717T150755239060-0400,,,eq,92,93,0.954695673,0.963649545
C,denver,2026-07-17,20260717T160008448962-0400,,,eq,92,93,0.944804253,0.897928003
C,denver,2026-07-17,20260717T170614321937-0400,,,eq,92,93,0.969533482,0.978130731
C,denver,2026-07-17,20260717T180155138672-0400,,,eq,92,93,0.989330338,0.98910607
C,denver,2026-07-17,20260717T190401717463-0400,,,eq,92,93,0.983826468,0.985830498
C,denver,2026-07-17,20260717T200012748884-0400,,,eq,92,93,0.0797929107,0.124571433
C,denver,2026-07-17,20260717T210418580072-0400,,,eq,92,93,0.522153245,0.568162432
C,denver,2026-07-17,20260717T220833630351-0400,,,eq,92,93,0.387176601,0.411584582
C,denver,2026-07-17,20260717T230402259861-0400,,,eq,92,93,0.198046558,0.205933603
C,denver,2026-07-17,20260718T000852983340-0400,,,eq,92,93,0.212718475,0.220291029
C,denver,2026-07-17,20260718T010411126138-0400,,,eq,92,93,0.212718475,0.220291029
C,denver,2026-07-18,20260718T020416709768-0400,,,eq,94,95,0.110987275,0.110987275
C,denver,2026-07-18,20260718T030733623327-0400,,,eq,94,95,0.19875132,0.155063152
C,denver,2026-07-18,20260718T040242080162-0400,,,eq,94,95,0.19874805,0.15503635
C,denver,2026-07-18,20260718T050630088597-0400,,,eq,94,95,0.162582653,0.154277214
C,denver,2026-07-18,20260718T060103834965-0400,,,eq,94,95,0.153975964,0.154422197
C,denver,2026-07-18,20260718T070144419851-0400,,,eq,94,95,0.118649059,0.125545613
C,denver,2026-07-18,20260718T080833471866-0400,,,eq,94,95,0.117888174,0.124118843
C,denver,2026-07-18,20260718T090315412222-0400,,,eq,94,95,0.0763113603,0.0795103464
C,denver,2026-07-18,20260718T100711826857-0400,,,eq,94,95,0.140556418,0.132645965
C,denver,2026-07-18,20260718T110157518107-0400,,,eq,94,95,0.132190129,0.131935489
C,denver,2026-07-18,20260718T120139771253-0400,,,eq,94,95,0.176873223,0.327731273
C,denver,2026-07-18,20260718T130227904613-0400,,,eq,94,95,0.125784841,0.117024895
C,denver,2026-07-18,20260718T140053840015-0400,,,eq,94,95,0.115232792,0.112173846
C,denver,2026-07-18,20260718T150104908531-0400,,,eq,94,95,0.185595749,0.170359861
C,denver,2026-07-18,20260718T160516344302-0400,,,eq,94,95,0.176040287,0.190642538
C,denver,2026-07-18,20260718T170841979774-0400,,,eq,94,95,0.747473647,0.741348017
C,denver,2026-07-18,20260718T180351020954-0400,,,eq,94,95,0.231394084,0.375426828
C,denver,2026-07-18,20260718T190737669585-0400,,,eq,94,95,0.520367651,0.520356657
C,denver,2026-07-18,20260718T200218296877-0400,,,eq,94,95,0.617889859,0.698908935
C,denver,2026-07-18,20260718T210610713957-0400,,,eq,94,95,0.441867379,0.413944717
C,denver,2026-07-18,20260718T220106606648-0400,,,eq,94,95,0.4721498,0.523188531
C,denver,2026-07-18,20260718T230546061642-0400,,,eq,94,95,0.873669403,0.821829484
C,denver,2026-07-18,20260719T000838465941-0400,,,eq,94,95,0.873742812,0.82188352
C,denver,2026-07-18,20260719T010357335509-0400,,,eq,94,95,0.830206305,0.717475288
C,denver,2026-07-19,20260719T020031870626-0400,,,eq,98,99,0.0244441933,0.0244441933
C,denver,2026-07-19,20260719T030429899159-0400,,,eq,98,99,0.0402375733,0.0446071067
C,denver,2026-07-19,20260719T040049031304-0400,,,eq,98,99,0.0357015907,0.0396436593
C,denver,2026-07-19,20260719T050301490509-0400,,,eq,98,99,0.0357014377,0.0396215772
C,denver,2026-07-19,20260719T060642294860-0400,,,eq,98,99,0.0356140594,0.0391935365
C,denver,2026-07-19,20260719T070124694588-0400,,,eq,98,99,0.0590562812,0.0372245406
C,denver,2026-07-19,20260719T080513442834-0400,,,eq,98,99,0.14185122,0.0742820481
C,denver,2026-07-19,20260719T090907997351-0400,,,eq,98,99,0.139722411,0.0388468935
C,denver,2026-07-19,20260719T100804360761-0400,,,eq,98,99,0.106121987,0.118611407
C,denver,2026-07-19,20260719T110321583780-0400,,,eq,98,99,0.204670485,0.202801637
C,denver,2026-07-19,20260719T120727198341-0400,,,eq,98,99,0.0563635722,0.0490403381
C,denver,2026-07-19,20260719T130206513536-0400,,,eq,98,99,0.216255664,0.380554808
C,denver,2026-07-19,20260719T140551339226-0400,,,eq,98,99,0.218555689,0.224296939
C,denver,2026-07-19,20260719T150039817732-0400,,,eq,98,99,0.0350663476,0.0400809676
C,denver,2026-07-19,20260719T160430567012-0400,,,eq,98,99,0.226106874,0.199944586
C,denver,2026-07-19,20260719T171417636104-0400,,,eq,98,99,0.539781376,0.282293885
C,denver,2026-07-19,20260719T180849130085-0400,,,eq,98,99,0.298346292,0.213164535
C,denver,2026-07-19,20260719T190138760025-0400,,,eq,98,99,0.972900814,0.973069277
C,denver,2026-07-19,20260719T200721064923-0400,,,eq,98,99,0.934530466,0.925547938
C,denver,2026-07-19,20260719T210729653813-0400,,,eq,98,99,0.952608262,0.915550793
C,denver,2026-07-19,20260719T221731984630-0400,,,eq,98,99,0.991461271,0.972970866
C,denver,2026-07-19,20260719T232042974867-0400,,,eq,98,99,0.990251226,0.970781568
C,denver,2026-07-19,20260720T001345081907-0400,,,eq,98,99,0.990251226,0.970781568
C,denver,2026-07-19,20260720T010134762393-0400,,,eq,98,99,0.99043799,0.971004119
C,denver,2026-07-20,20260720T020337898861-0400,,,eq,100,101,0.00205166698,0.00205166698
C,denver,2026-07-20,20260720T030037311821-0400,,,eq,100,101,0.00205166698,0.00205166698
C,denver,2026-07-20,20260720T040049434781-0400,,,eq,100,101,0.00303949162,0.00303949162
C,denver,2026-07-20,20260720T050559056173-0400,,,eq,100,101,0.0103949958,0.0129864302
C,denver,2026-07-20,20260720T060032225171-0400,,,eq,100,101,0.0103949958,0.0129864302
C,denver,2026-07-20,20260720T070427567588-0400,,,eq,100,101,0.010280111,0.0128218478
C,denver,2026-07-20,20260720T080243579349-0400,,,eq,100,101,0.0312855667,0.0185457333
C,denver,2026-07-20,20260720T090301960387-0400,,,eq,100,101,0.0164750413,0.0122971929
C,denver,2026-07-20,20260720T100732444432-0400,,,eq,100,101,0.0484649453,0.0552248203
C,denver,2026-07-20,20260720T110218970089-0400,,,eq,100,101,0.0346964762,0.0592193125
C,denver,2026-07-20,20260720T120325541179-0400,,,eq,100,101,0.0263815018,0.0186734143
C,denver,2026-07-20,20260720T130735049472-0400,,,eq,100,101,0.071113793,0.0437365687
C,denver,2026-07-20,20260720T140405094051-0400,,,eq,100,101,0.0397471542,0.0463624711
C,denver,2026-07-20,20260720T150914176385-0400,,,eq,100,101,0.0232392293,0.0271635726
C,denver,2026-07-20,20260720T162106985775-0400,,,eq,100,101,0.0992193166,0.0990750942
C,denver,2026-07-20,20260720T170726580184-0400,,,eq,100,101,0.161492049,0.164700209
C,denver,2026-07-20,20260720T181836314950-0400,,,eq,100,101,0.991655629,0.994651876
C,denver,2026-07-20,20260720T190438137856-0400,,,eq,100,101,0.99468133,0.993262176
C,denver,2026-07-20,20260720T200903024395-0400,,,eq,100,101,0.984516567,0.99393391
C,denver,2026-07-20,20260720T210359964782-0400,,,eq,100,101,0.995729876,0.995934634
C,denver,2026-07-20,20260720T220814193246-0400,,,eq,100,101,0.998108591,0.9981355
C,denver,2026-07-20,20260720T230217998275-0400,,,eq,100,101,0.996437716,0.996943971
C,denver,2026-07-20,20260721T000701941982-0400,,,eq,100,101,0.996710087,0.996999418
C,denver,2026-07-20,20260721T010230321176-0400,,,eq,100,101,0.99736729,0.997621945
C,denver,2026-07-21,20260721T020433442574-0400,,,eq,96,97,0.0474828696,0.0474828696
C,denver,2026-07-21,20260721T030823162384-0400,,,eq,96,97,0.0474828696,0.0474828696
C,denver,2026-07-21,20260721T040306543167-0400,,,eq,96,97,0.0474828696,0.0474828696
C,denver,2026-07-21,20260721T050650691569-0400,,,eq,96,97,0.0620761761,0.080576324
C,denver,2026-07-21,20260721T060127651698-0400,,,eq,96,97,0.0620761761,0.080576324
C,denver,2026-07-21,20260721T070518244699-0400,,,eq,96,97,0.0620842527,0.0805779546
C,denver,2026-07-21,20260721T080004434283-0400,,,eq,96,97,0.0774023508,0.0754095653
C,denver,2026-07-21,20260721T090356193379-0400,,,eq,96,97,0.0864198279,0.0992605182
C,denver,2026-07-21,20260721T100742802426-0400,,,eq,96,97,0.0212932543,0.0209005676
C,denver,2026-07-21,20260721T110219828867-0400,,,eq,96,97,0.0271240389,0.0327258827
C,denver,2026-07-21,20260721T120014266244-0400,,,eq,96,97,0.0228262295,0.0163640473
C,denver,2026-07-21,20260721T130044827832-0400,,,eq,96,97,0.023745052,0.021526278
C,denver,2026-07-21,20260721T140841588068-0400,,,eq,96,97,0.0263084291,0.0271265126
C,denver,2026-07-21,20260721T150406865783-0400,,,eq,96,97,0.00802837881,0.00860633969
C,denver,2026-07-21,20260721T160225027514-0400,,,eq,96,97,0.0102672815,0.0105123608
C,denver,2026-07-21,20260721T171025383054-0400,,,eq,96,97,0.00709221231,0.00709221231
C,denver,2026-07-21,20260721T180819255498-0400,,,eq,96,97,0.00990679917,0.00968322225
C,denver,2026-07-21,20260721T190729186912-0400,,,eq,96,97,0.786841403,0.68959373
C,denver,2026-07-21,20260721T200514179557-0400,,,eq,96,97,0.356944413,0.3643813
C,denver,2026-07-21,20260721T210035848752-0400,,,eq,96,97,0.545972991,0.671786489
C,denver,2026-07-21,20260721T220601026894-0400,,,eq,96,97,0.366893654,0.715895161
C,denver,2026-07-21,20260721T230738679024-0400,,,eq,96,97,0.556020815,0.725795859
C,denver,2026-07-21,20260722T000054811112-0400,,,eq,96,97,0.556020815,0.725795859
C,denver,2026-07-21,20260722T010521359564-0400,,,eq,96,97,0.627105429,0.728180776
C,denver,2026-07-22,20260722T020035184885-0400,,,gte,94,94,0.220259284,0.220259284
C,denver,2026-07-22,20260722T030424055296-0400,,,gte,94,94,0.220259284,0.220259284
C,denver,2026-07-22,20260722T040816156265-0400,,,gte,94,94,0.220242047,0.220242047
C,denver,2026-07-22,20260722T050440369170-0400,,,gte,94,94,0.451474915,0.450850363
C,denver,2026-07-22,20260722T060822424457-0400,,,gte,94,94,0.451474915,0.450850363
C,denver,2026-07-22,20260722T070303959208-0400,,,gte,94,94,0.384083269,0.433059156
C,denver,2026-07-22,20260722T080655736841-0400,,,gte,94,94,0.384083269,0.433059156
C,denver,2026-07-22,20260722T090143601814-0400,,,gte,94,94,0.384083269,0.433059156
C,denver,2026-07-22,20260722T100532136949-0400,,,gte,94,94,0.235955258,0.217948011
C,denver,2026-07-22,20260722T110012041527-0400,,,gte,94,94,0.314525914,0.300029728
C,denver,2026-07-22,20260722T120405898462-0400,,,gte,94,94,0.439229878,0.625486682
C,denver,2026-07-22,20260722T130751696861-0400,,,gte,94,94,0.229042576,0.241015704
C,denver,2026-07-22,20260722T140232677737-0400,,,gte,94,94,0.25168227,0.261975264
C,denver,2026-07-22,20260722T150634883905-0400,,,gte,94,94,0.197038173,0.190300717
C,denver,2026-07-22,20260722T160035975787-0400,,,gte,94,94,0.212311229,0.23150712
C,denver,2026-07-22,20260722T170519380482-0400,,,gte,94,94,0.165649713,0.158526917
C,denver,2026-07-22,20260722T180905447857-0400,,,gte,94,94,1,1
C,denver,2026-07-22,20260722T190348816993-0400,,,gte,94,94,1,1
C,denver,2026-07-22,20260722T200741030315-0400,,,gte,94,94,1,1
C,denver,2026-07-22,20260722T210238745337-0400,,,gte,94,94,1,1
C,denver,2026-07-22,20260722T220843666288-0400,,,gte,94,94,1,1
C,denver,2026-07-22,20260722T230041102449-0400,,,gte,94,94,1,1
C,denver,2026-07-22,20260723T000840252004-0400,,,gte,94,94,1,1
C,denver,2026-07-22,20260723T010354884718-0400,,,gte,94,94,1,1
C,denver,2026-07-23,20260723T020033241669-0400,,,eq,84,85,0.0392685093,0.0392685093
C,denver,2026-07-23,20260723T030428652946-0400,,,eq,84,85,0.0579344164,0.0457590003
C,denver,2026-07-23,20260723T040824778863-0400,,,eq,84,85,0.0593061863,0.0480371909
C,denver,2026-07-23,20260723T050410661670-0400,,,eq,84,85,0.285311685,0.27230667
C,denver,2026-07-23,20260723T060752556393-0400,,,eq,84,85,0.095379335,0.27229875
C,denver,2026-07-23,20260723T070226124284-0400,,,eq,84,85,0.0484843118,0.0431923144
C,denver,2026-07-23,20260723T080610483167-0400,,,eq,84,85,0.0478779114,0.044328519
C,denver,2026-07-23,20260723T090047664608-0400,,,eq,84,85,0.095685068,0.0405898141
C,denver,2026-07-23,20260723T100433705518-0400,,,eq,84,85,0.0413096652,0.0391392702
C,denver,2026-07-23,20260723T110813912286-0400,,,eq,84,85,0.0411068255,0.040779803
C,denver,2026-07-23,20260723T120247450923-0400,,,eq,84,85,0.0310415306,0.0368160648
C,denver,2026-07-23,20260723T130631099241-0400,,,eq,84,85,0.0768552484,0.0692720318
C,denver,2026-07-23,20260723T140116335406-0400,,,eq,84,85,0.303733247,0.200722989
C,denver,2026-07-23,20260723T150509817167-0400,,,eq,84,85,0.0758139177,0.0754276941
C,denver,2026-07-23,20260723T160854043277-0400,,,eq,84,85,0.0473175344,0.0489512224
C,denver,2026-07-23,20260723T170343480251-0400,,,eq,84,85,0.0728676096,0.071635135
C,denver,2026-07-23,20260723T180047858354-0400,,,eq,84,85,0.0702209409,0.0614442203
C,denver,2026-07-23,20260723T190206142189-0400,,,eq,84,85,0.199459902,0.199577197
C,denver,2026-07-23,20260723T200604459556-0400,,,eq,84,85,0.121830964,0.193119151
C,denver,2026-07-23,20260723T210051893010-0400,,,eq,84,85,0.0526292592,0.077003662
C,denver,2026-07-23,20260723T220502422261-0400,,,eq,84,85,0.150323842,0.122351962
C,denver,2026-07-23,20260723T230005732006-0400,,,eq,84,85,0.129988592,0.315893914
C,denver,2026-07-23,20260724T000112157659-0400,,,eq,84,85,0.130230585,0.316234114
C,denver,2026-07-23,20260724T010859970533-0400,,,eq,84,85,0.130189664,0.31625437
C,denver,2026-07-24,20260724T020119256800-0400,,,eq,96,97,0.0709793797,0.0709793797
C,denver,2026-07-24,20260724T030508451620-0400,,,eq,96,97,0.0950001605,0.107983274
C,denver,2026-07-24,20260724T040854411134-0400,,,eq,96,97,0.176184876,0.199843458
C,denver,2026-07-24,20260724T050718345298-0400,,,eq,96,97,0.176184876,0.199843458
C,denver,2026-07-24,20260724T060209934232-0400,,,eq,96,97,0.19409471,0.199938781
C,denver,2026-07-24,20260724T070601554656-0400,,,eq,96,97,0.169493577,0.205367389
C,denver,2026-07-24,20260724T080039245682-0400,,,eq,96,97,0.169493577,0.205367389
C,denver,2026-07-24,20260724T090428579625-0400,,,eq,96,97,0.183645787,0.209896212
C,denver,2026-07-24,20260724T100724063087-0400,,,eq,96,97,0.0940385476,0.0940285675
C,denver,2026-07-24,20260724T110249001162-0400,,,eq,96,97,0.119676813,0.103918536
C,denver,2026-07-24,20260724T120642303380-0400,,,eq,96,97,0.115407348,0.0876577723
C,denver,2026-07-24,20260724T130119746142-0400,,,eq,96,97,0.0798439899,0.0733171165
C,denver,2026-07-24,20260724T140506256670-0400,,,eq,96,97,0.0784242013,0.0805397162
C,denver,2026-07-24,20260724T150856155242-0400,,,eq,96,97,0.0877674732,0.0819315439
C,denver,2026-07-24,20260724T160340498232-0400,,,eq,96,97,0.0777214237,0.0713344464
C,denver,2026-07-24,20260724T170728819635-0400,,,eq,96,97,0.0554504035,0.0529577669
C,denver,2026-07-24,20260724T180204419004-0400,,,eq,96,97,0.491882816,0.490945024
C,denver,2026-07-24,20260724T190555815092-0400,,,eq,96,97,0.553442022,0.744253036
C,denver,2026-07-24,20260724T200049166059-0400,,,eq,96,97,0.246026274,0.736893267
C,denver,2026-07-24,20260724T210443789766-0400,,,eq,96,97,0.904849234,0.904833137
C,denver,2026-07-24,20260724T220829415261-0400,,,eq,96,97,0.948816036,0.969018213
C,denver,2026-07-24,20260724T230422342873-0400,,,eq,96,97,0.935607528,0.941378261
C,denver,2026-07-24,20260725T000851316810-0400,,,eq,96,97,0.935560064,0.94137355
C,denver,2026-07-24,20260725T010401492821-0400,,,eq,96,97,0.935608227,0.941377846
C,denver,2026-07-25,20260725T020147843947-0400,,,eq,100,101,0.00305196708,0.00305196708
C,denver,2026-07-25,20260725T030538428753-0400,,,eq,100,101,0.0243754637,0.0127688421
C,denver,2026-07-25,20260725T040018744811-0400,,,eq,100,101,0.0103873044,0.0127762609
C,denver,2026-07-25,20260725T050430353249-0400,,,eq,100,101,0.0103873044,0.0127762609
C,denver,2026-07-25,20260725T060809923421-0400,,,eq,100,101,0.0104045656,0.0129655189
C,denver,2026-07-25,20260725T070249289607-0400,,,eq,100,101,0.0104018286,0.0129622951
C,denver,2026-07-25,20260725T080036411002-0400,,,eq,100,101,0.0204892068,0.0113791214
C,denver,2026-07-25,20260725T090120475821-0400,,,eq,100,101,0.00406993637,0.00406993637
C,denver,2026-07-25,20260725T100459837457-0400,,,eq,100,101,0.0157971603,0.0121109208
C,denver,2026-07-25,20260725T110729574558-0400,,,eq,100,101,0.0159564429,0.0253489677
C,denver,2026-07-25,20260725T120320898419-0400,,,eq,100,101,0.00613174164,0.00435075612
C,denver,2026-07-25,20260725T130026384694-0400,,,eq,100,101,0.0293747832,0.00997517884
C,denver,2026-07-25,20260725T140146861981-0400,,,eq,100,101,0.0275053275,0.0331796517
C,denver,2026-07-25,20260725T150537722489-0400,,,eq,100,101,0.00554997331,0.00554997331
C,denver,2026-07-25,20260725T160022335155-0400,,,eq,100,101,0.168760165,0.230021056
C,denver,2026-07-25,20260725T170408554514-0400,,,eq,100,101,0.469657104,0.469657104
C,denver,2026-07-25,20260725T180757905465-0400,,,eq,100,101,0.334147682,0.334147682
C,denver,2026-07-25,20260725T190243060456-0400,,,eq,100,101,0.192439727,0.192439619
C,denver,2026-07-25,20260725T200640740116-0400,,,eq,100,101,0.160982069,0.16101769
C,denver,2026-07-25,20260725T210128048662-0400,,,eq,100,101,0.275588624,0.275588624
C,denver,2026-07-25,20260725T220606684332-0400,,,eq,100,101,0.28125706,0.28125706
C,denver,2026-07-25,20260725T230117265468-0400,,,eq,100,101,0.28125706,0.28125706
C,denver,2026-07-25,20260726T000617047441-0400,,,eq,100,101,0.28125706,0.28125706
C,denver,2026-07-25,20260726T010147037502-0400,,,eq,100,101,0.28125706,0.28125706
C,denver,2026-07-26,20260726T020304981150-0400,,,eq,100,101,0.00406257929,0.00406257929
C,denver,2026-07-26,20260726T030653611066-0400,,,eq,100,101,0.0142018998,0.0174862122
C,denver,2026-07-26,20260726T040134181491-0400,,,eq,100,101,0.0175348887,0.0177563491
C,denver,2026-07-26,20260726T050811631286-0400,,,eq,100,101,0.0162562641,0.0168252791
C,denver,2026-07-26,20260726T060424484409-0400,,,eq,100,101,0.0140470397,0.0149923173
C,denver,2026-07-26,20260726T070808492995-0400,,,eq,100,101,0.030945026,0.0168973089
C,denver,2026-07-26,20260726T080246691541-0400,,,eq,100,101,0.0308720651,0.0168640358
C,denver,2026-07-26,20260726T090550447355-0400,,,eq,100,101,0.0215559674,0.0249300691
C,denver,2026-07-26,20260726T100123886255-0400,,,eq,100,101,0.0908237162,0.0701642895
C,denver,2026-07-26,20260726T110505510624-0400,,,eq,100,101,0.0121727439,0.0189327986
C,denver,2026-07-26,20260726T120849033469-0400,,,eq,100,101,0.0213794923,0.0121418876
C,denver,2026-07-26,20260726T130240813783-0400,,,eq,100,101,0.0316550338,0.0197252881
C,denver,2026-07-26,20260726T140714973385-0400,,,eq,100,101,0.128350956,0.1539151
C,denver,2026-07-26,20260726T150204127513-0400,,,eq,100,101,0.0240255039,0.024106245
C,denver,2026-07-26,20260726T160602122372-0400,,,eq,100,101,0.910218961,0.909155816
C,denver,2026-07-26,20260726T170037547842-0400,,,eq,100,101,0.935267698,0.939651912
C,denver,2026-07-26,20260726T180441687449-0400,,,eq,100,101,0.00895218773,0.00895218773
C,denver,2026-07-26,20260726T190044301083-0400,,,eq,100,101,0.322711757,0.322715979
C,denver,2026-07-26,20260726T200313463470-0400,,,eq,100,101,0.269148888,0.26920021
C,denver,2026-07-26,20260726T210708261536-0400,,,eq,100,101,0.717643452,0.717643452
C,denver,2026-07-26,20260726T220204856828-0400,,,eq,100,101,0.773981036,0.773981036
C,denver,2026-07-26,20260726T230625073103-0400,,,eq,100,101,0.773981036,0.773981036
C,denver,2026-07-26,20260727T000144582481-0400,,,eq,100,101,0.773981036,0.773981036
C,denver,2026-07-26,20260727T010612789896-0400,,,eq,100,101,0.773981036,0.773981036
C,denver,2026-07-27,20260727T020015975994-0400,,,eq,92,93,0.146109818,0.146109818
C,denver,2026-07-27,20260727T030402515145-0400,,,eq,92,93,0.146109818,0.146109818
C,denver,2026-07-27,20260727T040751702495-0400,,,eq,92,93,0.142328374,0.164135432
C,denver,2026-07-27,20260727T050307335322-0400,,,eq,92,93,0.194945231,0.198024164
C,denver,2026-07-27,20260727T060704715124-0400,,,eq,92,93,0.194945231,0.198024164
C,denver,2026-07-27,20260727T070156524883-0400,,,eq,92,93,0.194945231,0.198024164
C,denver,2026-07-27,20260727T080545579218-0400,,,eq,92,93,0.265361321,0.188603035
C,denver,2026-07-27,20260727T090024500153-0400,,,eq,92,93,0.182612418,0.182612418
C,denver,2026-07-27,20260727T100407855915-0400,,,eq,92,93,0.150784057,0.145497909
C,denver,2026-07-27,20260727T110753218058-0400,,,eq,92,93,0.163669087,0.204462262
C,denver,2026-07-27,20260727T120230085366-0400,,,eq,92,93,0.244754426,0.220124209
C,denver,2026-07-27,20260727T130630492319-0400,,,eq,92,93,0.247202639,0.289412959
C,denver,2026-07-27,20260727T140111050439-0400,,,eq,92,93,0.182675278,0.232579979
C,denver,2026-07-27,20260727T150504980946-0400,,,eq,92,93,0.387352641,0.386445892
C,denver,2026-07-27,20260727T160902809806-0400,,,eq,92,93,0.455995794,0.383986336
C,denver,2026-07-27,20260727T170340367438-0400,,,eq,92,93,0.383571377,0.398592022
C,denver,2026-07-27,20260727T180724364191-0400,,,eq,92,93,0.130231292,0.170860245
C,denver,2026-07-27,20260727T190218205734-0400,,,eq,92,93,0.94657087,0.947562974
C,denver,2026-07-27,20260727T200604373905-0400,,,eq,92,93,0.824519984,0.866152094
C,denver,2026-07-27,20260727T210057909163-0400,,,eq,92,93,0.991197573,0.992697134
C,denver,2026-07-27,20260727T220519083234-0400,,,eq,92,93,0.997771233,0.998537737
C,denver,2026-07-27,20260727T230039068108-0400,,,eq,92,93,0.996009167,0.997567961
C,denver,2026-07-27,20260728T000459385051-0400,,,eq,92,93,0.996009178,0.997567967
C,denver,2026-07-27,20260728T010059699079-0400,,,eq,92,93,0.995090261,0.996965206
C,denver,2026-07-28,20260728T020233432223-0400,,,eq,92,93,0.284845381,0.284845381
C,denver,2026-07-28,20260728T030618683398-0400,,,eq,92,93,0.284845381,0.284845381
C,denver,2026-07-28,20260728T040058336200-0400,,,eq,92,93,0.28007293,0.28007293
C,denver,2026-07-28,20260728T050606531620-0400,,,eq,92,93,0.319616189,0.318654107
C,denver,2026-07-28,20260728T060046927167-0400,,,eq,92,93,0.319616189,0.318654107
C,denver,2026-07-28,20260728T070431589459-0400,,,eq,92,93,0.340584987,0.328655452
C,denver,2026-07-28,20260728T080820414277-0400,,,eq,92,93,0.340584987,0.328655452
C,denver,2026-07-28,20260728T090302966280-0400,,,eq,92,93,0.337784666,0.338835405
C,denver,2026-07-28,20260728T100705026154-0400,,,eq,92,93,0.234546329,0.218783928
C,denver,2026-07-28,20260728T110143302225-0400,,,eq,92,93,0.195637916,0.195173231
C,denver,2026-07-28,20260728T120528598667-0400,,,eq,92,93,0.551913491,0.561053328
C,denver,2026-07-28,20260728T130007463977-0400,,,eq,92,93,0.405106025,0.426218241
C,denver,2026-07-28,20260728T140352885324-0400,,,eq,92,93,0.231649793,0.296979286
C,denver,2026-07-28,20260728T150757216279-0400,,,eq,92,93,0.593182004,0.498641805
C,denver,2026-07-28,20260728T160249299679-0400,,,eq,92,93,0.317833648,0.324574677
C,denver,2026-07-28,20260728T170639439688-0400,,,eq,92,93,0.156452386,0.156452386
C,denver,2026-07-28,20260728T180123338689-0400,,,eq,92,93,0.843520637,0.873183368
C,denver,2026-07-28,20260728T190511644723-0400,,,eq,92,93,0.810422204,0.858195069
C,denver,2026-07-28,20260728T200901862778-0400,,,eq,92,93,0.853837167,0.830914555
C,denver,2026-07-28,20260728T210347198642-0400,,,eq,92,93,0.785352626,0.866997772
C,denver,2026-07-28,20260728T220039968979-0400,,,eq,92,93,0.416688857,0.43801049
C,denver,2026-07-28,20260728T230306823760-0400,,,eq,92,93,0.381450701,0.398158668
C,denver,2026-07-28,20260729T000735498697-0400,,,eq,92,93,0.230840705,0.236987034
C,denver,2026-07-28,20260729T010245435433-0400,,,eq,92,93,0.200487065,0.210072331
C,denver,2026-07-29,20260729T020222358702-0400,,,eq,90,91,0.149199051,0.149199051
C,denver,2026-07-29,20260729T030607141116-0400,,,eq,90,91,0.154480238,0.151814736
C,denver,2026-07-29,20260729T040049018138-0400,,,eq,90,91,0.110994884,0.111772267
C,denver,2026-07-29,20260729T050530094637-0400,,,eq,90,91,0.116504367,0.113113969
C,denver,2026-07-29,20260729T060004960899-0400,,,eq,90,91,0.116504367,0.113113969
C,denver,2026-07-29,20260729T070348945355-0400,,,eq,90,91,0.114929156,0.113053067
C,denver,2026-07-29,20260729T080734647791-0400,,,eq,90,91,0.117881767,0.11599676
C,denver,2026-07-29,20260729T090218405895-0400,,,eq,90,91,0.34958764,0.324345401
C,denver,2026-07-29,20260729T100602145350-0400,,,eq,90,91,0.233569543,0.21570875
C,denver,2026-07-29,20260729T110036146245-0400,,,eq,90,91,0.310935203,0.310169004
C,denver,2026-07-29,20260729T120418554076-0400,,,eq,90,91,0.378968284,0.418624095
C,denver,2026-07-29,20260729T130802915271-0400,,,eq,90,91,0.444186874,0.436631255
C,denver,2026-07-29,20260729T140240434908-0400,,,eq,90,91,0.688158932,0.575347148
C,denver,2026-07-29,20260729T150627423391-0400,,,eq,90,91,0.169513735,0.277969829
C,denver,2026-07-29,20260729T160113050676-0400,,,eq,90,91,0.730749085,0.632717835
C,denver,2026-07-29,20260729T170454839298-0400,,,eq,90,91,0.308569209,0.284171924
C,denver,2026-07-29,20260729T180840017570-0400,,,eq,90,91,0.579844785,0.42440535
C,denver,2026-07-29,20260729T190324023212-0400,,,eq,90,91,0.936790488,0.934756018
C,denver,2026-07-29,20260729T200708605709-0400,,,eq,90,91,0.891733514,0.887200378
C,denver,2026-07-29,20260729T210208785866-0400,,,eq,90,91,0.848664364,0.836671646
C,denver,2026-07-29,20260729T220039490789-0400,,,eq,90,91,0.856610805,0.828979431
C,denver,2026-07-29,20260729T230258644051-0400,,,eq,90,91,0.858531013,0.830411141
C,denver,2026-07-29,20260730T000753805650-0400,,,eq,90,91,0.848165069,0.819701647
C,denver,2026-07-29,20260730T010309672116-0400,,,eq,90,91,0.836832678,0.806282246
C,denver,2026-07-30,20260730T020140660791-0400,,,eq,94,95,0.0517425036,0.0517425036
C,denver,2026-07-30,20260730T030530908796-0400,,,eq,94,95,0.0517425036,0.0517425036
C,denver,2026-07-30,20260730T040012199693-0400,,,eq,94,95,0.0524038386,0.0526880624
C,denver,2026-07-30,20260730T050412029464-0400,,,eq,94,95,0.0647092727,0.0660744517
C,denver,2026-07-30,20260730T060757160363-0400,,,eq,94,95,0.0521268542,0.0434738305
C,denver,2026-07-30,20260730T070237027042-0400,,,eq,94,95,0.0414487302,0.0434432298
C,denver,2026-07-30,20260730T080622697029-0400,,,eq,94,95,0.0571713178,0.0630638593
C,denver,2026-07-30,20260730T090108223491-0400,,,eq,94,95,0.0512014253,0.0565128638
C,denver,2026-07-30,20260730T100448103519-0400,,,eq,94,95,0.0597292726,0.055917812
C,denver,2026-07-30,20260730T110830220162-0400,,,eq,94,95,0.0484131832,0.0445166633
C,denver,2026-07-30,20260730T120308868818-0400,,,eq,94,95,0.0588709164,0.0637847583
C,denver,2026-07-30,20260730T130654799920-0400,,,eq,94,95,0.0507260411,0.049739144
C,denver,2026-07-30,20260730T140135002694-0400,,,eq,94,95,0.0799850377,0.0744473866
C,denver,2026-07-30,20260730T150526397478-0400,,,eq,94,95,0.0808218783,0.0741382321
C,denver,2026-07-30,20260730T160009553519-0400,,,eq,94,95,0.476143412,0.571788814
C,denver,2026-07-30,20260730T170354301033-0400,,,eq,94,95,0.676792896,0.674264116
C,denver,2026-07-30,20260730T180739941173-0400,,,eq,94,95,0.722980539,0.801291756
C,denver,2026-07-30,20260730T190226212249-0400,,,eq,94,95,0.827762202,0.827750283
C,denver,2026-07-30,20260730T200615325333-0400,,,eq,94,95,0.672579256,0.823437448
C,denver,2026-07-30,20260730T210058015644-0400,,,eq,94,95,0.556067122,0.487294536
C,denver,2026-07-30,20260730T220500915628-0400,,,eq,94,95,0.45597263,0.473269282
C,denver,2026-07-30,20260730T230012783559-0400,,,eq,94,95,0.779275832,0.814883818
C,denver,2026-07-30,20260731T000437199349-0400,,,eq,94,95,0.477029213,0.538322288
C,denver,2026-07-30,20260731T010900268090-0400,,,eq,94,95,0.536857299,0.597783181
C,houston,2026-07-01,20260701T010038-0400,,,eq,94,95,0.528745745,0.528745745
C,houston,2026-07-01,20260701T020407-0400,,,eq,94,95,0.522453028,0.522453028
C,houston,2026-07-01,20260701T030808-0400,,,eq,94,95,0.523856528,0.523856528
C,houston,2026-07-01,20260701T040235-0400,,,eq,94,95,0.478622271,0.478622271
C,houston,2026-07-01,20260701T050554-0400,,,eq,94,95,0.478622271,0.478622271
C,houston,2026-07-01,20260701T060014-0400,,,eq,94,95,0.328329541,0.328329541
C,houston,2026-07-01,20260701T070342-0400,,,eq,94,95,0.378333586,0.378333586
C,houston,2026-07-01,20260701T080713-0400,,,eq,94,95,0.378333586,0.378333586
C,houston,2026-07-01,20260701T090146-0400,,,eq,94,95,0.351271157,0.351271157
C,houston,2026-07-01,20260701T100751-0400,,,eq,94,95,0.680529184,0.680529184
C,houston,2026-07-01,20260701T110738-0400,,,eq,94,95,0.555558445,0.555558445
C,houston,2026-07-01,20260701T120600-0400,,,eq,94,95,0.649703991,0.649703991
C,houston,2026-07-01,20260701T130126-0400,,,eq,94,95,0.643348066,0.643348066
C,houston,2026-07-01,20260701T140406-0400,,,eq,94,95,0.414279703,0.414279703
C,houston,2026-07-01,20260701T151052-0400,,,eq,94,95,0.329570129,0.329570129
C,houston,2026-07-01,20260701T160709-0400,,,eq,94,95,0.846403134,0.846403134
C,houston,2026-07-01,20260701T170434-0400,,,eq,94,95,0.836045123,0.836045123
C,houston,2026-07-01,20260701T180813-0400,,,eq,94,95,0.327731758,0.327731758
C,houston,2026-07-01,20260701T190129-0400,,,eq,94,95,0.141524804,0.141524804
C,houston,2026-07-01,20260701T200515-0400,,,eq,94,95,0.1606453,0.1606453
C,houston,2026-07-01,20260701T210852-0400,,,eq,94,95,0.146964151,0.146964151
C,houston,2026-07-01,20260701T220331-0400,,,eq,94,95,0.187334244,0.187334244
C,houston,2026-07-01,20260701T230724-0400,,,eq,94,95,0.174534787,0.174534787
C,houston,2026-07-01,20260702T000216-0400,,,eq,94,95,0.149318877,0.149318877
C,houston,2026-07-02,20260702T010100-0400,,,eq,94,95,0.0559049983,0.0559049983
C,houston,2026-07-02,20260702T020442-0400,,,eq,94,95,0.0556045913,0.0556045913
C,houston,2026-07-02,20260702T030811-0400,,,eq,94,95,0.0607701879,0.0607701879
C,houston,2026-07-02,20260702T040239-0400,,,eq,94,95,0.0607701879,0.0607701879
C,houston,2026-07-02,20260702T050601-0400,,,eq,94,95,0.0607701879,0.0607701879
C,houston,2026-07-02,20260702T060034-0400,,,eq,94,95,0.0559241742,0.0559241742
C,houston,2026-07-02,20260702T070400-0400,,,eq,94,95,0.0503530131,0.0503530131
C,houston,2026-07-02,20260702T080742-0400,,,eq,94,95,0.0521126442,0.0521126442
C,houston,2026-07-02,20260702T090214-0400,,,eq,94,95,0.0669388219,0.0669388219
C,houston,2026-07-02,20260702T100835-0400,,,eq,94,95,0.0591072702,0.0591072702
C,houston,2026-07-02,20260702T110208-0400,,,eq,94,95,0.0782068588,0.0782068588
C,houston,2026-07-02,20260702T120614-0400,,,eq,94,95,0.0661291921,0.0661291921
C,houston,2026-07-02,20260702T130040-0400,,,eq,94,95,0.996165991,0.996165991
C,houston,2026-07-02,20260702T140444-0400,,,eq,94,95,0.686112851,0.686112851
C,houston,2026-07-02,20260702T150825-0400,,,eq,94,95,0.0733683716,0.0733683716
C,houston,2026-07-02,20260702T160304-0400,,,eq,94,95,0.00605216225,0.00605216225
C,houston,2026-07-02,20260702T170636-0400,,,eq,94,95,0.0183351317,0.0183351317
C,houston,2026-07-02,20260702T181419-0400,,,eq,94,95,0.522884192,0.570987552
C,houston,2026-07-02,20260702T190849-0400,,,eq,94,95,0.675296181,0.718539829
C,houston,2026-07-02,20260702T200323-0400,,,eq,94,95,0.678074635,0.609901797
C,houston,2026-07-02,20260702T210711-0400,,,eq,94,95,0.793802061,0.743617669
C,houston,2026-07-02,20260702T220202-0400,,,eq,94,95,0.792595805,0.742016349
C,houston,2026-07-02,20260702T230557-0400,,,eq,94,95,0.791807052,0.740857916
C,houston,2026-07-02,20260703T001125-0400,,,eq,94,95,0.791555263,0.740485831
C,houston,2026-07-03,20260703T010812-0400,,,eq,96,97,0.320475893,0.309596889
C,houston,2026-07-03,20260703T021544-0400,,,eq,96,97,0.316193059,0.298918389
C,houston,2026-07-03,20260703T030325-0400,,,eq,96,97,0.169165768,0.140277984
C,houston,2026-07-03,20260703T040707-0400,,,eq,96,97,0.0404444395,0.0391388549
C,houston,2026-07-03,20260703T050133-0400,,,eq,96,97,0.040487042,0.0391388549
C,houston,2026-07-03,20260703T060503-0400,,,eq,96,97,0.040487042,0.0391388549
C,houston,2026-07-03,20260703T070834-0400,,,eq,96,97,0.0367879726,0.0358968543
C,houston,2026-07-03,20260703T080304-0400,,,eq,96,97,0.040761414,0.0399021326
C,houston,2026-07-03,20260703T090641-0400,,,eq,96,97,0.0700927023,0.071647116
C,houston,2026-07-03,20260703T100507-0400,,,eq,96,97,0.0899364143,0.0469919206
C,houston,2026-07-03,20260703T110015-0400,,,eq,96,97,0.0555541419,0.046119805
C,houston,2026-07-03,20260703T120414-0400,,,eq,96,97,0.0337076992,0.030570372
C,houston,2026-07-03,20260703T131520-0400,,,eq,96,97,0.967438687,0.949481859
C,houston,2026-07-03,20260703T140436-0400,,,eq,96,97,0.940456438,0.950643332
C,houston,2026-07-03,20260703T151803-0400,,,eq,96,97,0.9543407,0.954479599
C,houston,2026-07-03,20260703T161011-0400,,,eq,96,97,0.989360032,0.987560308
C,houston,2026-07-03,20260703T170347-0400,,,eq,96,97,0.983771413,0.983217363
C,houston,2026-07-03,20260703T182737-0400,,,eq,96,97,0.698420688,0.677709202
C,houston,2026-07-03,20260703T190452-0400,,,eq,96,97,0.469429708,0.468390286
C,houston,2026-07-03,20260703T204954749470-0400,,,eq,96,97,0.216290035,0.211321823
C,houston,2026-07-03,20260703T210323726444-0400,,,eq,96,97,0.328938586,0.307861819
C,houston,2026-07-03,20260703T225730445228-0400,,,eq,96,97,0.483449823,0.481892728
C,houston,2026-07-03,20260703T231241103274-0400,,,eq,96,97,0.483449823,0.481892728
C,houston,2026-07-03,20260704T000623822366-0400,,,eq,96,97,0.483369493,0.481817905
C,houston,2026-07-04,20260704T010058257875-0400,,,eq,98,99,0.0930348128,0.124930093
C,houston,2026-07-04,20260704T020336929381-0400,,,eq,98,99,0.0818093971,0.111337179
C,houston,2026-07-04,20260704T030849444849-0400,,,eq,98,99,0.0341961899,0.0426664016
C,houston,2026-07-04,20260704T040316765016-0400,,,eq,98,99,0.0783000888,0.104128551
C,houston,2026-07-04,20260704T050647207067-0400,,,eq,98,99,0.075596388,0.104128551
C,houston,2026-07-04,20260704T060114820087-0400,,,eq,98,99,0.075596388,0.104128551
C,houston,2026-07-04,20260704T070447152905-0400,,,eq,98,99,0.0756750533,0.08358803
C,houston,2026-07-04,20260704T080822627114-0400,,,eq,98,99,0.0732115066,0.0732115066
C,houston,2026-07-04,20260704T090248456565-0400,,,eq,98,99,0.0877360968,0.215834115
C,houston,2026-07-04,20260704T100038534447-0400,,,eq,98,99,0.114209265,0.0809552077
C,houston,2026-07-04,20260704T110447592268-0400,,,eq,98,99,0.194830935,0.203448018
C,houston,2026-07-04,20260704T120259208005-0400,,,eq,98,99,0.450159846,0.520127986
C,houston,2026-07-04,20260704T131121036083-0400,,,eq,98,99,0.419803084,0.413525644
C,houston,2026-07-04,20260704T140649250688-0400,,,eq,98,99,0.215036561,0.0316129948
C,houston,2026-07-04,20260704T150312713003-0400,,,eq,98,99,0.581984181,0.581988086
C,houston,2026-07-04,20260704T160346286033-0400,,,eq,98,99,0.96207246,0.96207246
C,houston,2026-07-04,20260704T170406563354-0400,,,eq,98,99,0.981513056,0.981242792
C,houston,2026-07-04,20260704T180353923657-0400,,,eq,98,99,0.986846416,0.981679314
C,houston,2026-07-04,20260704T190722852943-0400,,,eq,98,99,0.998021956,0.99663481
C,houston,2026-07-04,20260704T200152352414-0400,,,eq,98,99,0.996271997,0.991708799
C,houston,2026-07-04,20260704T210528271847-0400,,,eq,98,99,0.993913533,0.99497907
C,houston,2026-07-04,20260704T220003284267-0400,,,eq,98,99,0.986516266,0.989125243
C,houston,2026-07-04,20260704T230405004042-0400,,,eq,98,99,0.986495281,0.989093758
C,houston,2026-07-04,20260705T000800534553-0400,,,eq,98,99,0.9861902,0.988686854
C,houston,2026-07-05,20260705T010106757415-0400,,,eq,98,99,0.133125329,0.175356454
C,houston,2026-07-05,20260705T020533716269-0400,,,eq,98,99,0.117810123,0.157220891
C,houston,2026-07-05,20260705T030034581050-0400,,,eq,98,99,0.122404504,0.157220891
C,houston,2026-07-05,20260705T040409177376-0400,,,eq,98,99,0.0913119018,0.133996795
C,houston,2026-07-05,20260705T050731502173-0400,,,eq,98,99,0.0818984439,0.121905682
C,houston,2026-07-05,20260705T060153523007-0400,,,eq,98,99,0.0559590098,0.0620865742
C,houston,2026-07-05,20260705T070522080637-0400,,,eq,98,99,0.0611161478,0.0740390656
C,houston,2026-07-05,20260705T080902153117-0400,,,eq,98,99,0.0611161478,0.0740390656
C,houston,2026-07-05,20260705T090334686780-0400,,,eq,98,99,0.0583849659,0.178297005
C,houston,2026-07-05,20260705T101128147287-0400,,,eq,98,99,0.50602419,0.438389266
C,houston,2026-07-05,20260705T110636210912-0400,,,eq,98,99,0.0882311428,0.0943358916
C,houston,2026-07-05,20260705T120856506665-0400,,,eq,98,99,0.527978629,0.631691823
C,houston,2026-07-05,20260705T130321803113-0400,,,eq,98,99,0.438047627,0.587911584
C,houston,2026-07-05,20260705T140700877116-0400,,,eq,98,99,0.311112887,0.149556626
C,houston,2026-07-05,20260705T150128722861-0400,,,eq,98,99,0.375418466,0.356876861
C,houston,2026-07-05,20260705T160504769898-0400,,,eq,98,99,0.0464362212,0.0721493639
C,houston,2026-07-05,20260705T170844048223-0400,,,eq,98,99,0.975756895,0.97602642
C,houston,2026-07-05,20260705T180738992781-0400,,,eq,98,99,0.973608474,0.976884569
C,houston,2026-07-05,20260705T190605630885-0400,,,eq,98,99,0.984648049,0.983455235
C,houston,2026-07-05,20260705T202821304705-0400,,,eq,98,99,0.945250609,0.976063341
C,houston,2026-07-05,20260705T210551922520-0400,,,eq,98,99,0.939036388,0.964196295
C,houston,2026-07-05,20260705T220200724095-0400,,,eq,98,99,0.889562915,0.9264248
C,houston,2026-07-05,20260705T230524098607-0400,,,eq,98,99,0.890204039,0.926899396
C,houston,2026-07-05,20260706T000616746880-0400,,,eq,98,99,0.890188497,0.926855732
C,houston,2026-07-07,20260707T010105059724-0400,,,eq,92,93,0.103489888,0.10552577
C,houston,2026-07-07,20260707T020732670422-0400,,,eq,92,93,0.100858355,0.10864337
C,houston,2026-07-07,20260707T030821301628-0400,,,eq,92,93,0.0920405193,0.0983517221
C,houston,2026-07-07,20260707T040254185873-0400,,,eq,92,93,0.107858767,0.127940254
C,houston,2026-07-07,20260707T050624989763-0400,,,eq,92,93,0.111729432,0.125851451
C,houston,2026-07-07,20260707T060046629215-0400,,,eq,92,93,0.288311595,0.291096785
C,houston,2026-07-07,20260707T070421399791-0400,,,eq,92,93,0.333231219,0.392384578
C,houston,2026-07-07,20260707T080755129512-0400,,,eq,92,93,0.232691949,0.249015411
C,houston,2026-07-07,20260707T090226372841-0400,,,eq,92,93,0.0851220367,0.0761376
C,houston,2026-07-07,20260707T102519532983-0400,,,eq,92,93,0.0618192236,0.0650391767
C,houston,2026-07-07,20260707T110930667347-0400,,,eq,92,93,0.0508994357,0.0556951164
C,houston,2026-07-07,20260707T120805198141-0400,,,eq,92,93,0.0616499767,0.0621111914
C,houston,2026-07-07,20260707T130348163766-0400,,,eq,92,93,0.0954347492,0.0868793567
C,houston,2026-07-07,20260707T140930673283-0400,,,eq,92,93,0.0914304384,0.0920326538
C,houston,2026-07-07,20260707T150039068130-0400,,,eq,92,93,0.140249163,0.122387397
C,houston,2026-07-07,20260707T161021618114-0400,,,eq,92,93,0.381050311,0.460111893
C,houston,2026-07-07,20260707T170913068378-0400,,,eq,92,93,0.653285452,0.637469602
C,houston,2026-07-07,20260707T180731794616-0400,,,eq,92,93,0.572115,0.56620567
C,houston,2026-07-07,20260707T190209877655-0400,,,eq,92,93,0.63844363,0.62105916
C,houston,2026-07-07,20260707T200558656357-0400,,,eq,92,93,0.675584528,0.676125275
C,houston,2026-07-07,20260707T210027706773-0400,,,eq,92,93,0.682352556,0.691437878
C,houston,2026-07-07,20260707T220433274043-0400,,,eq,92,93,0.683138584,0.692588366
C,houston,2026-07-07,20260707T230844893864-0400,,,eq,92,93,0.683138584,0.692588366
C,houston,2026-07-07,20260708T000328393098-0400,,,eq,92,93,0.683138584,0.692588366
C,houston,2026-07-08,20260708T010039583209-0400,,,eq,92,93,0.127484602,0.112311874
C,houston,2026-07-08,20260708T020432014728-0400,,,eq,92,93,0.0955138818,0.102281011
C,houston,2026-07-08,20260708T030830916403-0400,,,eq,92,93,0.112040468,0.112937978
C,houston,2026-07-08,20260708T040300049205-0400,,,eq,92,93,0.113892933,0.116033191
C,houston,2026-07-08,20260708T050623641281-0400,,,eq,92,93,0.138136172,0.148134765
C,houston,2026-07-08,20260708T060053419573-0400,,,eq,92,93,0.111129961,0.120232446
C,houston,2026-07-08,20260708T070428315394-0400,,,eq,92,93,0.101583218,0.102871839
C,houston,2026-07-08,20260708T080810184240-0400,,,eq,92,93,0.0977296543,0.102871839
C,houston,2026-07-08,20260708T090248901961-0400,,,eq,92,93,0.136599884,0.114677123
C,houston,2026-07-08,20260708T101529982895-0400,,,eq,92,93,0.0974600749,0.0891168534
C,houston,2026-07-08,20260708T110957268614-0400,,,eq,92,93,0.068044419,0.0602825568
C,houston,2026-07-08,20260708T121711391204-0400,,,eq,92,93,0.0846629499,0.0675420898
C,houston,2026-07-08,20260708T130237720383-0400,,,eq,92,93,0.133317358,0.0695835466
C,houston,2026-07-08,20260708T140808930828-0400,,,eq,92,93,0.0893606021,0.0910766641
C,houston,2026-07-08,20260708T150637368264-0400,,,eq,92,93,0.201014775,0.162721401
C,houston,2026-07-08,20260708T160224680106-0400,,,eq,92,93,0.732178746,0.732689003
C,houston,2026-07-08,20260708T171425790000-0400,,,eq,92,93,0.564975258,0.607139985
C,houston,2026-07-08,20260708T180054833065-0400,,,eq,92,93,0.60900414,0.606540734
C,houston,2026-07-08,20260708T190438626625-0400,,,eq,92,93,0.697350412,0.693081819
C,houston,2026-07-08,20260708T200338307351-0400,,,eq,92,93,0.726206449,0.726213813
C,houston,2026-07-08,20260708T210919919464-0400,,,eq,92,93,0.721988137,0.724377007
C,houston,2026-07-08,20260708T220210113359-0400,,,eq,92,93,0.708865111,0.711188304
C,houston,2026-07-08,20260708T230633024103-0400,,,eq,92,93,0.708857719,0.711180888
C,houston,2026-07-08,20260709T000135709735-0400,,,eq,92,93,0.707391971,0.709723151
C,houston,2026-07-09,20260709T010108252530-0400,,,eq,92,93,0.0956689905,0.0966415767
C,houston,2026-07-09,20260709T020644570237-0400,,,eq,92,93,0.111605717,0.125547358
C,houston,2026-07-09,20260709T030147871151-0400,,,eq,92,93,0.10781037,0.131330027
C,houston,2026-07-09,20260709T040522509168-0400,,,eq,92,93,0.24483873,0.318537411
C,houston,2026-07-09,20260709T050846760842-0400,,,eq,92,93,0.13053342,0.179610882
C,houston,2026-07-09,20260709T060311350854-0400,,,eq,92,93,0.0883798246,0.103516793
C,houston,2026-07-09,20260709T070650759293-0400,,,eq,92,93,0.096599687,0.104364882
C,houston,2026-07-09,20260709T080116954269-0400,,,eq,92,93,0.14685354,0.132520277
C,houston,2026-07-09,20260709T090906881176-0400,,,eq,92,93,0.172481951,0.137722003
C,houston,2026-07-09,20260709T100525960210-0400,,,eq,92,93,0.0671140425,0.0689498487
C,houston,2026-07-09,20260709T110557493030-0400,,,eq,92,93,0.108341017,0.120507447
C,houston,2026-07-09,20260709T120650391201-0400,,,eq,92,93,0.0598540264,0.0616955412
C,houston,2026-07-09,20260709T130047944469-0400,,,eq,92,93,0.116453031,0.068454149
C,houston,2026-07-09,20260709T141621726697-0400,,,eq,92,93,0.0983288202,0.106280154
C,houston,2026-07-09,20260709T150726539827-0400,,,eq,92,93,0.143159667,0.132147379
C,houston,2026-07-09,20260709T160116922142-0400,,,eq,92,93,0.582782447,0.638090897
C,houston,2026-07-09,20260709T170424828299-0400,,,eq,92,93,0.422298699,0.385133736
C,houston,2026-07-09,20260709T180640046900-0400,,,eq,92,93,0.543466659,0.542726691
C,houston,2026-07-09,20260709T194514365103-0400,,,eq,92,93,0.619828002,0.606279701
C,houston,2026-07-09,20260709T200356247162-0400,,,eq,92,93,0.64910799,0.647003945
C,houston,2026-07-09,20260709T210744853264-0400,,,eq,92,93,0.652405895,0.660457886
C,houston,2026-07-09,20260709T220650250083-0400,,,eq,92,93,0.653087712,0.661109926
C,houston,2026-07-09,20260709T230609135154-0400,,,eq,92,93,0.654626859,0.662674426
C,houston,2026-07-09,20260710T000154999168-0400,,,eq,92,93,0.654461187,0.662566895
C,houston,2026-07-10,20260710T010049322119-0400,,,eq,92,93,0.251147878,0.253321869
C,houston,2026-07-10,20260710T020752394089-0400,,,eq,92,93,0.259493778,0.253321869
C,houston,2026-07-10,20260710T030633596542-0400,,,eq,92,93,0.401565519,0.508014922
C,houston,2026-07-10,20260710T040119028392-0400,,,eq,92,93,0.389949969,0.485677813
C,houston,2026-07-10,20260710T050419856883-0400,,,eq,92,93,0.261839447,0.269302698
C,houston,2026-07-10,20260710T060651545537-0400,,,eq,92,93,0.300769992,0.30788726
C,houston,2026-07-10,20260710T070117884723-0400,,,eq,92,93,0.329231078,0.30788726
C,houston,2026-07-10,20260710T080450352600-0400,,,eq,92,93,0.7107041,0.68279585
C,houston,2026-07-10,20260710T090827294637-0400,,,eq,92,93,0.629005329,0.615301152
C,houston,2026-07-10,20260710T100816093414-0400,,,eq,92,93,0.756862627,0.761439627
C,houston,2026-07-10,20260710T110530700302-0400,,,eq,92,93,0.500078149,0.505933209
C,houston,2026-07-10,20260710T120004770412-0400,,,eq,92,93,0.38003197,0.32044224
C,houston,2026-07-10,20260710T130042271597-0400,,,eq,92,93,0.126443124,0.113600024
C,houston,2026-07-10,20260710T140045235746-0400,,,eq,92,93,0.665183205,0.686642963
C,houston,2026-07-10,20260710T151328084726-0400,,,eq,92,93,0.472813023,0.457158514
C,houston,2026-07-10,20260710T160123348522-0400,,,eq,92,93,0.362203396,0.365579959
C,houston,2026-07-10,20260710T170827600690-0400,,,eq,92,93,0.368772427,0.370024222
C,houston,2026-07-10,20260710T180520157913-0400,,,eq,92,93,0.877845431,0.87777829
C,houston,2026-07-10,20260710T191920430104-0400,,,eq,92,93,0.883350745,0.882977447
C,houston,2026-07-10,20260710T200827104064-0400,,,eq,92,93,0.820149525,0.820261288
C,houston,2026-07-10,20260710T210209169156-0400,,,eq,92,93,0.910136828,0.910247284
C,houston,2026-07-10,20260710T221342887590-0400,,,eq,92,93,0.910065605,0.910190377
C,houston,2026-07-10,20260710T230701807298-0400,,,eq,92,93,0.910065605,0.910190377
C,houston,2026-07-10,20260711T000841836270-0400,,,eq,92,93,0.910057059,0.910181716
C,houston,2026-07-11,20260711T010045891614-0400,,,eq,88,89,0.0303014643,0.0290774842
C,houston,2026-07-11,20260711T020421548285-0400,,,eq,88,89,0.0289534049,0.0288149096
C,houston,2026-07-11,20260711T031926151830-0400,,,eq,88,89,0.0379002144,0.0370225584
C,houston,2026-07-11,20260711T044041746723-0400,,,eq,88,89,0.215955663,0.295226329
C,houston,2026-07-11,20260711T050051177791-0400,,,eq,88,89,0.221920111,0.304583624
C,houston,2026-07-11,20260711T060423584605-0400,,,eq,88,89,0.22249668,0.304583624
C,houston,2026-07-11,20260711T070750143311-0400,,,eq,88,89,0.103747949,0.0818340979
C,houston,2026-07-11,20260711T080242779768-0400,,,eq,88,89,0.0418174256,0.0360874909
C,houston,2026-07-11,20260711T090631914351-0400,,,eq,88,89,0.037092312,0.044750711
C,houston,2026-07-11,20260711T100750579147-0400,,,eq,88,89,0.0950575715,0.0951941001
C,houston,2026-07-11,20260711T111131866151-0400,,,eq,88,89,0.766641913,0.752734539
C,houston,2026-07-11,20260711T120514107986-0400,,,eq,88,89,0.817203314,0.903187642
C,houston,2026-07-11,20260711T130504765292-0400,,,eq,88,89,0.226779353,0.181301148
C,houston,2026-07-11,20260711T140647279494-0400,,,eq,88,89,0.180131318,0.0405705585
C,houston,2026-07-11,20260711T150334479018-0400,,,eq,88,89,0.14127275,0.145028862
C,houston,2026-07-11,20260711T160449477229-0400,,,eq,88,89,0.245978052,0.477084081
C,houston,2026-07-11,20260711T170104397190-0400,,,eq,88,89,0.346789803,0.356406753
C,houston,2026-07-11,20260711T180811360185-0400,,,eq,88,89,0.380602484,0.380991988
C,houston,2026-07-11,20260711T190256208820-0400,,,eq,88,89,0.745722795,0.746571366
C,houston,2026-07-11,20260711T200659859222-0400,,,eq,88,89,0.611908858,0.611971945
C,houston,2026-07-11,20260711T211333426281-0400,,,eq,88,89,0.606114379,0.613398947
C,houston,2026-07-11,20260711T221651207443-0400,,,eq,88,89,0.572276709,0.580543211
C,houston,2026-07-14,20260714T010235178680-0400,,,eq,80,81,0.443652551,0.42814763
C,houston,2026-07-14,20260714T020716685774-0400,,,eq,80,81,0.484822398,0.468879342
C,houston,2026-07-14,20260714T030257835867-0400,,,eq,80,81,0.540062563,0.539216037
C,houston,2026-07-14,20260714T040644860412-0400,,,eq,80,81,0.528693954,0.535298841
C,houston,2026-07-14,20260714T050112808100-0400,,,eq,80,81,0.610883542,0.539216037
C,houston,2026-07-14,20260714T060448483573-0400,,,eq,80,81,0.313317058,0.326955381
C,houston,2026-07-14,20260714T070834398819-0400,,,eq,80,81,0.421618707,0.383227118
C,houston,2026-07-14,20260714T080309584297-0400,,,eq,80,81,0.433688233,0.408558427
C,houston,2026-07-14,20260714T090846975888-0400,,,eq,80,81,0.777102424,0.511129313
C,houston,2026-07-14,20260714T100533766584-0400,,,eq,80,81,0.660919015,0.504379555
C,houston,2026-07-14,20260714T110833473758-0400,,,eq,80,81,0.125700731,0.198584219
C,houston,2026-07-14,20260714T120411334333-0400,,,eq,80,81,0.33431622,0.201548196
C,houston,2026-07-14,20260714T130011729789-0400,,,eq,80,81,0.283280833,0.152815732
C,houston,2026-07-14,20260714T140355389573-0400,,,eq,80,81,0.947208242,0.729635907
C,houston,2026-07-14,20260714T150743569112-0400,,,eq,80,81,0.320819804,0.211547723
C,houston,2026-07-14,20260714T160222548253-0400,,,eq,80,81,0.409496304,0.20654401
C,houston,2026-07-14,20260714T170602208832-0400,,,eq,80,81,0.327413334,0.346941539
C,houston,2026-07-14,20260714T180114027513-0400,,,eq,80,81,0.9358774,0.620930839
C,houston,2026-07-14,20260714T190507572849-0400,,,eq,80,81,0.404291751,0.740430442
C,houston,2026-07-14,20260714T200854911662-0400,,,eq,80,81,0.406294636,0.801107295
C,houston,2026-07-14,20260714T210341774747-0400,,,eq,80,81,0.385751437,0.338351666
C,houston,2026-07-14,20260714T220541734983-0400,,,eq,80,81,0.385751463,0.338351712
C,houston,2026-07-14,20260714T230456655834-0400,,,eq,80,81,0.385751463,0.338351712
C,houston,2026-07-14,20260715T000234308633-0400,,,eq,80,81,0.385751463,0.338351712
C,houston,2026-07-15,20260715T010226082772-0400,,,eq,86,87,0.17776384,0.19251683
C,houston,2026-07-15,20260715T020800503678-0400,,,eq,86,87,0.214133798,0.19251683
C,houston,2026-07-15,20260715T030348195302-0400,,,eq,86,87,0.231414258,0.212038788
C,houston,2026-07-15,20260715T040724179723-0400,,,eq,86,87,0.266961847,0.275432075
C,houston,2026-07-15,20260715T050150463479-0400,,,eq,86,87,0.298612216,0.275432075
C,houston,2026-07-15,20260715T060524885205-0400,,,eq,86,87,0.237872419,0.216065255
C,houston,2026-07-15,20260715T070859718573-0400,,,eq,86,87,0.282033404,0.281092079
C,houston,2026-07-15,20260715T080331596256-0400,,,eq,86,87,0.332759411,0.281092079
C,houston,2026-07-15,20260715T090809183639-0400,,,eq,86,87,0.42949701,0.173516608
C,houston,2026-07-15,20260715T100246605014-0400,,,eq,86,87,0.238168719,0.0990517494
C,houston,2026-07-15,20260715T110621095522-0400,,,eq,86,87,0.576681665,0.193080792
C,houston,2026-07-15,20260715T120058800397-0400,,,eq,86,87,0.364466355,0.176388337
C,houston,2026-07-15,20260715T130046613711-0400,,,eq,86,87,0.429977036,0.871677518
C,houston,2026-07-15,20260715T140824652119-0400,,,eq,86,87,0.244337433,0.258588655
C,houston,2026-07-15,20260715T150308585203-0400,,,eq,86,87,0.324036034,0.667361437
C,houston,2026-07-15,20260715T160706558309-0400,,,eq,86,87,0.0777792487,0.0761718074
C,houston,2026-07-15,20260715T170138329468-0400,,,eq,86,87,0.0706616675,0.0864609257
C,houston,2026-07-15,20260715T180518469298-0400,,,eq,86,87,0.258773119,0.258746352
C,houston,2026-07-15,20260715T190858026584-0400,,,eq,86,87,0.318287223,0.243159318
C,houston,2026-07-15,20260715T200350500322-0400,,,eq,86,87,0.641546334,0.790033529
C,houston,2026-07-15,20260715T210732916120-0400,,,eq,86,87,0.785663885,0.564582034
C,houston,2026-07-15,20260715T220423666821-0400,,,eq,86,87,0.806422729,0.596485612
C,houston,2026-07-15,20260715T230708415227-0400,,,eq,86,87,0.806422729,0.596485612
C,houston,2026-07-15,20260716T000309241811-0400,,,eq,86,87,0.806423148,0.596486177
C,houston,2026-07-16,20260716T010026497979-0400,,,eq,90,91,0.277233886,0.277233886
C,houston,2026-07-16,20260716T020421317519-0400,,,eq,90,91,0.330658069,0.323638175
C,houston,2026-07-16,20260716T030809920587-0400,,,eq,90,91,0.311648315,0.288521717
C,houston,2026-07-16,20260716T040251339568-0400,,,eq,90,91,0.377990394,0.317116424
C,houston,2026-07-16,20260716T050629974076-0400,,,eq,90,91,0.343308029,0.288521717
C,houston,2026-07-16,20260716T060106907784-0400,,,eq,90,91,0.379906762,0.380147743
C,houston,2026-07-16,20260716T070453588120-0400,,,eq,90,91,0.281583134,0.250804623
C,houston,2026-07-16,20260716T080842274472-0400,,,eq,90,91,0.235326214,0.201701952
C,houston,2026-07-16,20260716T090329598188-0400,,,eq,90,91,0.333366576,0.326530657
C,houston,2026-07-16,20260716T100724727896-0400,,,eq,90,91,0.348908912,0.314764566
C,houston,2026-07-16,20260716T110234165164-0400,,,eq,90,91,0.430029673,0.546737942
C,houston,2026-07-16,20260716T120640120365-0400,,,eq,90,91,0.384523032,0.472028706
C,houston,2026-07-16,20260716T130119805352-0400,,,eq,90,91,0.352859514,0.533621607
C,houston,2026-07-16,20260716T140513479953-0400,,,eq,90,91,0.116894475,0.154486528
C,houston,2026-07-16,20260716T150014068470-0400,,,eq,90,91,0.161772975,0.178063672
C,houston,2026-07-16,20260716T160425741877-0400,,,eq,90,91,0.226210363,0.261899587
C,houston,2026-07-16,20260716T170813930884-0400,,,eq,90,91,0.334553199,0.315288965
C,houston,2026-07-16,20260716T180257193463-0400,,,eq,90,91,0.438663212,0.438975318
C,houston,2026-07-16,20260716T190651303531-0400,,,eq,90,91,0.661606913,0.660518351
C,houston,2026-07-16,20260716T200950345255-0400,,,eq,90,91,0.67143429,0.671380862
C,houston,2026-07-16,20260716T210535795567-0400,,,eq,90,91,0.669281712,0.671104892
C,houston,2026-07-16,20260716T220131792269-0400,,,eq,90,91,0.669272967,0.67109553
C,houston,2026-07-16,20260716T230229085385-0400,,,eq,90,91,0.669254731,0.671059193
C,houston,2026-07-16,20260717T000657997357-0400,,,eq,90,91,0.669213137,0.671018076
C,houston,2026-07-17,20260717T010239725888-0400,,,eq,92,93,0.17697796,0.239902834
C,houston,2026-07-17,20260717T020634870643-0400,,,eq,92,93,0.211106602,0.216030643
C,houston,2026-07-17,20260717T030126781872-0400,,,eq,92,93,0.219683666,0.241265551
C,houston,2026-07-17,20260717T040530202015-0400,,,eq,92,93,0.234795393,0.246277009
C,houston,2026-07-17,20260717T050020747697-0400,,,eq,92,93,0.2156842,0.246277009
C,houston,2026-07-17,20260717T060412912124-0400,,,eq,92,93,0.176059433,0.246277009
C,houston,2026-07-17,20260717T070800383868-0400,,,eq,92,93,0.176059433,0.246277009
C,houston,2026-07-17,20260717T080248284918-0400,,,eq,92,93,0.2156842,0.246277009
C,houston,2026-07-17,20260717T091116726465-0400,,,eq,92,93,0.314556502,0.232491881
C,houston,2026-07-17,20260717T102910680752-0400,,,eq,92,93,0.246588448,0.223093208
C,houston,2026-07-17,20260717T110738467235-0400,,,eq,92,93,0.284025877,0.354582516
C,houston,2026-07-17,20260717T121406627336-0400,,,eq,92,93,0.134194518,0.16990238
C,houston,2026-07-17,20260717T130033442305-0400,,,eq,92,93,0.12790878,0.128997692
C,houston,2026-07-17,20260717T140429763058-0400,,,eq,92,93,0.449523094,0.459089104
C,houston,2026-07-17,20260717T150820622434-0400,,,eq,92,93,0.296768903,0.288256086
C,houston,2026-07-17,20260717T160643238488-0400,,,eq,92,93,0.68981152,0.68184746
C,houston,2026-07-17,20260717T170954004910-0400,,,eq,92,93,0.625721938,0.640722463
C,houston,2026-07-17,20260717T181252384321-0400,,,eq,92,93,0.55646548,0.556520793
C,houston,2026-07-17,20260717T190430165113-0400,,,eq,92,93,0.677893764,0.676669695
C,houston,2026-07-17,20260717T200057170887-0400,,,eq,92,93,0.732005467,0.731874923
C,houston,2026-07-17,20260717T210510632035-0400,,,eq,92,93,0.731622925,0.731865909
C,houston,2026-07-17,20260717T220020357386-0400,,,eq,92,93,0.731630869,0.731873852
C,houston,2026-07-17,20260717T230515204860-0400,,,eq,92,93,0.731575524,0.731835769
C,houston,2026-07-17,20260718T000108190503-0400,,,eq,92,93,0.731440279,0.73170014
C,houston,2026-07-18,20260718T010039309594-0400,,,eq,92,93,0.0847576454,0.0987145619
C,houston,2026-07-18,20260718T020448861002-0400,,,eq,92,93,0.0847576454,0.0987145619
C,houston,2026-07-18,20260718T030844043389-0400,,,eq,92,93,0.0789079786,0.0920974762
C,houston,2026-07-18,20260718T040323199011-0400,,,eq,92,93,0.0875446102,0.0912304555
C,houston,2026-07-18,20260718T050701429661-0400,,,eq,92,93,0.103380931,0.120604163
C,houston,2026-07-18,20260718T060142005692-0400,,,eq,92,93,0.105013041,0.120604163
C,houston,2026-07-18,20260718T070527940219-0400,,,eq,92,93,0.129417714,0.124692779
C,houston,2026-07-18,20260718T080017306310-0400,,,eq,92,93,0.105990767,0.121752381
C,houston,2026-07-18,20260718T090402391875-0400,,,eq,92,93,0.196445625,0.132565389
C,houston,2026-07-18,20260718T100803611191-0400,,,eq,92,93,0.0792857117,0.0655163166
C,houston,2026-07-18,20260718T110313930840-0400,,,eq,92,93,0.0715976731,0.0899504949
C,houston,2026-07-18,20260718T120708829252-0400,,,eq,92,93,0.0585922018,0.0620398214
C,houston,2026-07-18,20260718T130217906801-0400,,,eq,92,93,0.0992577608,0.0877731666
C,houston,2026-07-18,20260718T140608936179-0400,,,eq,92,93,0.152974308,0.199976419
C,houston,2026-07-18,20260718T150051128854-0400,,,eq,92,93,0.190629532,0.190629532
C,houston,2026-07-18,20260718T160459623378-0400,,,eq,92,93,0.466354712,0.428598863
C,houston,2026-07-18,20260718T170841760348-0400,,,eq,92,93,0.369771381,0.304730191
C,houston,2026-07-18,20260718T180326119955-0400,,,eq,92,93,0.0677585211,0.0677585211
C,houston,2026-07-18,20260718T190710674577-0400,,,eq,92,93,0.520467886,0.519753967
C,houston,2026-07-18,20260718T200201883739-0400,,,eq,92,93,0.578272951,0.578053394
C,houston,2026-07-18,20260718T210551762319-0400,,,eq,92,93,0.539410642,0.562914248
C,houston,2026-07-18,20260718T220046870926-0400,,,eq,92,93,0.540131914,0.563724477
C,houston,2026-07-18,20260718T230527075325-0400,,,eq,92,93,0.540793889,0.564421205
C,houston,2026-07-18,20260719T000818102005-0400,,,eq,92,93,0.537418243,0.560725436
C,houston,2026-07-19,20260719T010056477687-0400,,,eq,94,95,0.274230442,0.196738693
C,houston,2026-07-19,20260719T020452276059-0400,,,eq,94,95,0.283255367,0.218901711
C,houston,2026-07-19,20260719T030839321579-0400,,,eq,94,95,0.193073317,0.194185283
C,houston,2026-07-19,20260719T040315814666-0400,,,eq,94,95,0.182628443,0.18124256
C,houston,2026-07-19,20260719T050656544135-0400,,,eq,94,95,0.19159353,0.207106437
C,houston,2026-07-19,20260719T060137085521-0400,,,eq,94,95,0.177169289,0.207106437
C,houston,2026-07-19,20260719T070522820685-0400,,,eq,94,95,0.176622455,0.207106437
C,houston,2026-07-19,20260719T080007478611-0400,,,eq,94,95,0.17918837,0.207106437
C,houston,2026-07-19,20260719T090354795042-0400,,,eq,94,95,0.139790545,0.190584046
C,houston,2026-07-19,20260719T100838948981-0400,,,eq,94,95,0.241083698,0.213336156
C,houston,2026-07-19,20260719T110403997382-0400,,,eq,94,95,0.258036689,0.273516777
C,houston,2026-07-19,20260719T120811813046-0400,,,eq,94,95,0.372813761,0.287394662
C,houston,2026-07-19,20260719T130255687170-0400,,,eq,94,95,0.564915539,0.547202973
C,houston,2026-07-19,20260719T140656869920-0400,,,eq,94,95,0.413660829,0.276892369
C,houston,2026-07-19,20260719T150140292518-0400,,,eq,94,95,0.509463828,0.56623279
C,houston,2026-07-19,20260719T160532765122-0400,,,eq,94,95,0.272001996,0.28565334
C,houston,2026-07-19,20260719T171533090488-0400,,,eq,94,95,0.611870443,0.61419465
C,houston,2026-07-19,20260719T181138239504-0400,,,eq,94,95,0.412464545,0.439128733
C,houston,2026-07-19,20260719T190317713635-0400,,,eq,94,95,0.245495085,0.313453843
C,houston,2026-07-19,20260719T201126179965-0400,,,eq,94,95,0.389814302,0.224933593
C,houston,2026-07-19,20260719T211441731637-0400,,,eq,94,95,0.482152714,0.2928611
C,houston,2026-07-19,20260719T225550668494-0400,,,eq,94,95,0.524417951,0.332237198
C,houston,2026-07-19,20260719T235636774891-0400,,,eq,94,95,0.524417951,0.332237198
C,houston,2026-07-19,20260720T001410597118-0400,,,eq,94,95,0.514542667,0.321766679
C,houston,2026-07-20,20260720T010101882995-0400,,,eq,94,95,0.214989911,0.210255383
C,houston,2026-07-20,20260720T020456392980-0400,,,eq,94,95,0.23848046,0.210255383
C,houston,2026-07-20,20260720T030032139186-0400,,,eq,94,95,0.209220213,0.196108418
C,houston,2026-07-20,20260720T040427556190-0400,,,eq,94,95,0.209220213,0.196108418
C,houston,2026-07-20,20260720T050805807877-0400,,,eq,94,95,0.218044235,0.221482275
C,houston,2026-07-20,20260720T060239287233-0400,,,eq,94,95,0.226291299,0.229064605
C,houston,2026-07-20,20260720T070632647187-0400,,,eq,94,95,0.230645358,0.233242918
C,houston,2026-07-20,20260720T080115737660-0400,,,eq,94,95,0.196477952,0.222384913
C,houston,2026-07-20,20260720T090536555872-0400,,,eq,94,95,0.162752803,0.214235946
C,houston,2026-07-20,20260720T100043285793-0400,,,eq,94,95,0.195098651,0.242451511
C,houston,2026-07-20,20260720T110839668416-0400,,,eq,94,95,0.264808317,0.319439263
C,houston,2026-07-20,20260720T120502662802-0400,,,eq,94,95,0.45580938,0.289989877
C,houston,2026-07-20,20260720T130008065300-0400,,,eq,94,95,0.498412894,0.551103461
C,houston,2026-07-20,20260720T140020130957-0400,,,eq,94,95,0.319826909,0.202637542
C,houston,2026-07-20,20260720T151000592057-0400,,,eq,94,95,0.586015755,0.571379233
C,houston,2026-07-20,20260720T160102128601-0400,,,eq,94,95,0.405394276,0.575342868
C,houston,2026-07-20,20260720T170853529907-0400,,,eq,94,95,0.333059651,0.321173779
C,houston,2026-07-20,20260720T181924073788-0400,,,eq,94,95,0.418374313,0.441694384
C,houston,2026-07-20,20260720T190613457844-0400,,,eq,94,95,0.320852608,0.291538633
C,houston,2026-07-20,20260720T200117464693-0400,,,eq,94,95,0.389398039,0.225244503
C,houston,2026-07-20,20260720T210549647855-0400,,,eq,94,95,0.491098903,0.294222481
C,houston,2026-07-20,20260720T220116722959-0400,,,eq,94,95,0.491098903,0.294222481
C,houston,2026-07-20,20260720T230344466183-0400,,,eq,94,95,0.531161439,0.333953323
C,houston,2026-07-20,20260721T000101520441-0400,,,eq,94,95,0.531037534,0.333847958
C,houston,2026-07-21,20260721T010056509976-0400,,,eq,96,97,0.436301029,0.383189351
C,houston,2026-07-21,20260721T020507491978-0400,,,eq,96,97,0.426392024,0.367982521
C,houston,2026-07-21,20260721T030907738739-0400,,,eq,96,97,0.419190977,0.350756704
C,houston,2026-07-21,20260721T040352158884-0400,,,eq,96,97,0.429141361,0.375547479
C,houston,2026-07-21,20260721T050731074582-0400,,,eq,96,97,0.424386735,0.375547479
C,houston,2026-07-21,20260721T060209141200-0400,,,eq,96,97,0.435170029,0.357043279
C,houston,2026-07-21,20260721T070558181395-0400,,,eq,96,97,0.438252515,0.359492787
C,houston,2026-07-21,20260721T080049469409-0400,,,eq,96,97,0.425213145,0.382269465
C,houston,2026-07-21,20260721T090440298879-0400,,,eq,96,97,0.466366042,0.329253742
C,houston,2026-07-21,20260721T100841917348-0400,,,eq,96,97,0.52017577,0.335389517
C,houston,2026-07-21,20260721T110346398235-0400,,,eq,96,97,0.362468776,0.352333457
C,houston,2026-07-21,20260721T120044450640-0400,,,eq,96,97,0.147908475,0.218948782
C,houston,2026-07-21,20260721T130513863702-0400,,,eq,96,97,0.122967212,0.119692159
C,houston,2026-07-21,20260721T141016029864-0400,,,eq,96,97,0.286548154,0.32241734
C,houston,2026-07-21,20260721T150043335731-0400,,,eq,96,97,0.21345635,0.180747202
C,houston,2026-07-21,20260721T161600304466-0400,,,eq,96,97,0.874805896,0.763487524
C,houston,2026-07-21,20260721T170444136940-0400,,,eq,96,97,0.589273234,0.648301732
C,houston,2026-07-21,20260721T180234298838-0400,,,eq,96,97,0.507844788,0.482662881
C,houston,2026-07-21,20260721T190220817836-0400,,,eq,96,97,0.576192856,0.591801812
C,houston,2026-07-21,20260721T200142594221-0400,,,eq,96,97,0.253942314,0.148634373
C,houston,2026-07-21,20260721T210613644868-0400,,,eq,96,97,0.318614972,0.250946279
C,houston,2026-07-21,20260721T220157552486-0400,,,eq,96,97,0.344901369,0.281316172
C,houston,2026-07-21,20260721T230340340726-0400,,,eq,96,97,0.344901369,0.281316172
C,houston,2026-07-21,20260722T000116228826-0400,,,eq,96,97,0.435851363,0.409360904
C,houston,2026-07-22,20260722T010035357375-0400,,,eq,102,103,0.00485959997,0.00472060631
C,houston,2026-07-22,20260722T020442633275-0400,,,eq,102,103,0.0048403011,0.00466781244
C,houston,2026-07-22,20260722T030835796062-0400,,,eq,102,103,0.00475508389,0.00466555489
C,houston,2026-07-22,20260722T040315537097-0400,,,eq,102,103,0.00475508389,0.00466555489
C,houston,2026-07-22,20260722T050032478053-0400,,,eq,102,103,0.00465667249,0.00465724731
C,houston,2026-07-22,20260722T060415999707-0400,,,eq,102,103,0.00465667249,0.00465724731
C,houston,2026-07-22,20260722T070758273992-0400,,,eq,102,103,0.0047955584,0.0046308916
C,houston,2026-07-22,20260722T080239081368-0400,,,eq,102,103,0.00471045009,0.0046308916
C,houston,2026-07-22,20260722T090640038442-0400,,,eq,102,103,0.00466229458,0.00458143062
C,houston,2026-07-22,20260722T100119369331-0400,,,eq,102,103,0.00274051427,0.0027429742
C,houston,2026-07-22,20260722T110504600469-0400,,,eq,102,103,0.00228836213,0.00229411137
C,houston,2026-07-22,20260722T120855351393-0400,,,eq,102,103,0.00248403372,0.00252767044
C,houston,2026-07-22,20260722T130338611312-0400,,,eq,102,103,0.00230083574,0.00333372957
C,houston,2026-07-22,20260722T140733358679-0400,,,eq,102,103,0.0032098587,0.0101139107
C,houston,2026-07-22,20260722T150220224173-0400,,,eq,102,103,0.142496254,0.142496254
C,houston,2026-07-22,20260722T160620511624-0400,,,eq,102,103,0.216359836,0.216359836
C,houston,2026-07-22,20260722T170102783487-0400,,,eq,102,103,0.218653439,0.218653439
C,houston,2026-07-22,20260722T180450409240-0400,,,eq,102,103,0.522858983,0.522858983
C,houston,2026-07-22,20260722T190916106024-0400,,,eq,102,103,0.523211994,0.523211994
C,houston,2026-07-22,20260722T200406583485-0400,,,eq,102,103,0.635280582,0.635280582
C,houston,2026-07-22,20260722T210759341127-0400,,,eq,102,103,0.695293864,0.695293864
C,houston,2026-07-22,20260722T220321091415-0400,,,eq,102,103,0.695293864,0.695293864
C,houston,2026-07-22,20260722T230742553080-0400,,,eq,102,103,0.695293864,0.695293864
C,houston,2026-07-22,20260723T000256827646-0400,,,eq,102,103,0.695293864,0.695293864
C,houston,2026-07-23,20260723T010035575648-0400,,,eq,90,91,0.134351773,0.156391917
C,houston,2026-07-23,20260723T020421929992-0400,,,eq,90,91,0.171697297,0.162419022
C,houston,2026-07-23,20260723T030818147049-0400,,,eq,90,91,0.344545181,0.407039062
C,houston,2026-07-23,20260723T040256330860-0400,,,eq,90,91,0.204340134,0.214718299
C,houston,2026-07-23,20260723T050910809012-0400,,,eq,90,91,0.198299855,0.209572026
C,houston,2026-07-23,20260723T060344231949-0400,,,eq,90,91,0.329161911,0.389521786
C,houston,2026-07-23,20260723T070729409925-0400,,,eq,90,91,0.326210097,0.380915369
C,houston,2026-07-23,20260723T080211517812-0400,,,eq,90,91,0.326210097,0.380915369
C,houston,2026-07-23,20260723T090559087787-0400,,,eq,90,91,0.293852398,0.341782858
C,houston,2026-07-23,20260723T100036709295-0400,,,eq,90,91,0.165284953,0.280237796
C,houston,2026-07-23,20260723T110414078425-0400,,,eq,90,91,0.486799755,0.511338997
C,houston,2026-07-23,20260723T120759539623-0400,,,eq,90,91,0.689548278,0.630214261
C,houston,2026-07-23,20260723T130235792892-0400,,,eq,90,91,0.53865669,0.639478297
C,houston,2026-07-23,20260723T140623588135-0400,,,eq,90,91,0.289428408,0.323125733
C,houston,2026-07-23,20260723T150107292338-0400,,,eq,90,91,0.776427783,0.740154114
C,houston,2026-07-23,20260723T160504027104-0400,,,eq,90,91,0.364171822,0.376623692
C,houston,2026-07-23,20260723T170849851898-0400,,,eq,90,91,0.222784912,0.248700405
C,houston,2026-07-23,20260723T180329585453-0400,,,eq,90,91,0.225494437,0.224366205
C,houston,2026-07-23,20260723T190717796797-0400,,,eq,90,91,0.145494123,0.138569318
C,houston,2026-07-23,20260723T200201532420-0400,,,eq,90,91,0.168304274,0.157724007
C,houston,2026-07-23,20260723T210553708107-0400,,,eq,90,91,0.157688072,0.154767514
C,houston,2026-07-23,20260723T220051635151-0400,,,eq,90,91,0.156406157,0.154514961
C,houston,2026-07-23,20260723T230514204539-0400,,,eq,90,91,0.156406157,0.154514961
C,houston,2026-07-23,20260724T000042523149-0400,,,eq,90,91,0.156406157,0.154514961
C,houston,2026-07-24,20260724T010034120882-0400,,,eq,92,93,0.294102106,0.377151462
C,houston,2026-07-24,20260724T020424288655-0400,,,eq,92,93,0.128643315,0.184414676
C,houston,2026-07-24,20260724T030810140678-0400,,,eq,92,93,0.433649457,0.442154597
C,houston,2026-07-24,20260724T040247881287-0400,,,eq,92,93,0.299059151,0.30122772
C,houston,2026-07-24,20260724T051122798893-0400,,,eq,92,93,0.269779238,0.367084109
C,houston,2026-07-24,20260724T060603848436-0400,,,eq,92,93,0.124944353,0.179600307
C,houston,2026-07-24,20260724T070042379187-0400,,,eq,92,93,0.330190851,0.363852913
C,houston,2026-07-24,20260724T080424981683-0400,,,eq,92,93,0.473294892,0.431256221
C,houston,2026-07-24,20260724T090529692710-0400,,,eq,92,93,0.381610689,0.358997621
C,houston,2026-07-24,20260724T100248588265-0400,,,eq,92,93,0.4130438,0.292422963
C,houston,2026-07-24,20260724T110630601716-0400,,,eq,92,93,0.217958937,0.25888453
C,houston,2026-07-24,20260724T120105380809-0400,,,eq,92,93,0.251744621,0.415242075
C,houston,2026-07-24,20260724T130452817427-0400,,,eq,92,93,0.180599817,0.118914269
C,houston,2026-07-24,20260724T140849208575-0400,,,eq,92,93,0.160594566,0.30745793
C,houston,2026-07-24,20260724T150332602987-0400,,,eq,92,93,0.123722703,0.121967378
C,houston,2026-07-24,20260724T160721675311-0400,,,eq,92,93,0.498369669,0.548160727
C,houston,2026-07-24,20260724T170159394928-0400,,,eq,92,93,0.517678067,0.505963511
C,houston,2026-07-24,20260724T180540111129-0400,,,eq,92,93,0.503367477,0.503318706
C,houston,2026-07-24,20260724T190016917105-0400,,,eq,92,93,0.532280468,0.526095951
C,houston,2026-07-24,20260724T200406876822-0400,,,eq,92,93,0.625853049,0.628040379
C,houston,2026-07-24,20260724T210800638213-0400,,,eq,92,93,0.638458725,0.638969127
C,houston,2026-07-24,20260724T220041526515-0400,,,eq,92,93,0.639992422,0.640506424
C,houston,2026-07-24,20260724T230721665952-0400,,,eq,92,93,0.639959117,0.640476194
C,houston,2026-07-24,20260725T000233092023-0400,,,eq,92,93,0.639771073,0.640358558
C,houston,2026-07-25,20260725T010044900442-0400,,,eq,92,93,0.0756534042,0.0898963283
C,houston,2026-07-25,20260725T020448159730-0400,,,eq,92,93,0.0897855197,0.0925939242
C,houston,2026-07-25,20260725T030836434798-0400,,,eq,92,93,0.0960371294,0.110716696
C,houston,2026-07-25,20260725T040316074710-0400,,,eq,92,93,0.0950880469,0.110716696
C,houston,2026-07-25,20260725T050134269250-0400,,,eq,92,93,0.0960371294,0.110716696
C,houston,2026-07-25,20260725T060531289059-0400,,,eq,92,93,0.103936449,0.117488739
C,houston,2026-07-25,20260725T070006660933-0400,,,eq,92,93,0.0925747493,0.0895210879
C,houston,2026-07-25,20260725T080354471715-0400,,,eq,92,93,0.0930320403,0.117488739
C,houston,2026-07-25,20260725T090235644794-0400,,,eq,92,93,0.103641298,0.104949841
C,houston,2026-07-25,20260725T100224334283-0400,,,eq,92,93,0.0524566925,0.0591535265
C,houston,2026-07-25,20260725T110602977212-0400,,,eq,92,93,0.0694410852,0.0715432574
C,houston,2026-07-25,20260725T120047348254-0400,,,eq,92,93,0.103555836,0.0919746316
C,houston,2026-07-25,20260725T130428748815-0400,,,eq,92,93,0.0637519131,0.0559541481
C,houston,2026-07-25,20260725T140339109493-0400,,,eq,92,93,0.11604626,0.150124898
C,houston,2026-07-25,20260725T150306569764-0400,,,eq,92,93,0.142424718,0.170953206
C,houston,2026-07-25,20260725T160709205757-0400,,,eq,92,93,0.600934603,0.592402087
C,houston,2026-07-25,20260725T170144628226-0400,,,eq,92,93,0.381248222,0.466487945
C,houston,2026-07-25,20260725T180529284635-0400,,,eq,92,93,0.47470173,0.473376145
C,houston,2026-07-25,20260725T190017175705-0400,,,eq,92,93,0.662095545,0.660224823
C,houston,2026-07-25,20260725T200135678987-0400,,,eq,92,93,0.683421324,0.68344146
C,houston,2026-07-25,20260725T210024565697-0400,,,eq,92,93,0.685692465,0.685854793
C,houston,2026-07-25,20260725T220436008642-0400,,,eq,92,93,0.666477707,0.667959626
C,houston,2026-07-25,20260725T230050885221-0400,,,eq,92,93,0.665076395,0.666700112
C,houston,2026-07-25,20260726T000518080559-0400,,,eq,92,93,0.665076395,0.666700112
C,houston,2026-07-26,20260726T010029060088-0400,,,eq,94,95,0.19928171,0.209622274
C,houston,2026-07-26,20260726T020438588693-0400,,,eq,94,95,0.19928171,0.209622274
C,houston,2026-07-26,20260726T030832967139-0400,,,eq,94,95,0.410247625,0.423606748
C,houston,2026-07-26,20260726T040312453271-0400,,,eq,94,95,0.323527746,0.323379653
C,houston,2026-07-26,20260726T050042860099-0400,,,eq,94,95,0.408495984,0.445063201
C,houston,2026-07-26,20260726T060709861784-0400,,,eq,94,95,0.409288978,0.440160549
C,houston,2026-07-26,20260726T070144942066-0400,,,eq,94,95,0.419775444,0.4574064
C,houston,2026-07-26,20260726T080529554838-0400,,,eq,94,95,0.415343241,0.440160549
C,houston,2026-07-26,20260726T090009727774-0400,,,eq,94,95,0.261631973,0.259348916
C,houston,2026-07-26,20260726T100046506014-0400,,,eq,94,95,0.181078712,0.2101244
C,houston,2026-07-26,20260726T110742938233-0400,,,eq,94,95,0.26586665,0.273709282
C,houston,2026-07-26,20260726T120038004540-0400,,,eq,94,95,0.265413738,0.226634183
C,houston,2026-07-26,20260726T130600066690-0400,,,eq,94,95,0.69735338,0.68700017
C,houston,2026-07-26,20260726T140041402966-0400,,,eq,94,95,0.623268668,0.328549354
C,houston,2026-07-26,20260726T150429855806-0400,,,eq,94,95,0.743632798,0.752684794
C,houston,2026-07-26,20260726T160828905814-0400,,,eq,94,95,0.799842604,0.821363351
C,houston,2026-07-26,20260726T170308618520-0400,,,eq,94,95,0.753376502,0.748454233
C,houston,2026-07-26,20260726T180700613421-0400,,,eq,94,95,0.815325484,0.816481341
C,houston,2026-07-26,20260726T190139239861-0400,,,eq,94,95,0.860952785,0.863268959
C,houston,2026-07-26,20260726T200529905918-0400,,,eq,94,95,0.820985684,0.820786308
C,houston,2026-07-26,20260726T210009871988-0400,,,eq,94,95,0.78823634,0.796129559
C,houston,2026-07-26,20260726T220430848704-0400,,,eq,94,95,0.789307833,0.797202385
C,houston,2026-07-26,20260726T230857320082-0400,,,eq,94,95,0.78750129,0.795566081
C,houston,2026-07-26,20260727T000407729389-0400,,,eq,94,95,0.783262259,0.790625407
C,houston,2026-07-27,20260727T010044074343-0400,,,eq,94,95,0.173628999,0.175832848
C,houston,2026-07-27,20260727T020445275888-0400,,,eq,94,95,0.167763244,0.170882492
C,houston,2026-07-27,20260727T030847499184-0400,,,eq,94,95,0.171134453,0.193318184
C,houston,2026-07-27,20260727T040334580959-0400,,,eq,94,95,0.172002005,0.172002005
C,houston,2026-07-27,20260727T050037565660-0400,,,eq,94,95,0.168218671,0.18030854
C,houston,2026-07-27,20260727T060419150199-0400,,,eq,94,95,0.143912545,0.159247988
C,houston,2026-07-27,20260727T070759315557-0400,,,eq,94,95,0.200724655,0.206220633
C,houston,2026-07-27,20260727T080239335423-0400,,,eq,94,95,0.177558598,0.206220633
C,houston,2026-07-27,20260727T090631823375-0400,,,eq,94,95,0.131948352,0.16193724
C,houston,2026-07-27,20260727T100105979667-0400,,,eq,94,95,0.12191206,0.233495069
C,houston,2026-07-27,20260727T110458229210-0400,,,eq,94,95,0.167237471,0.172830317
C,houston,2026-07-27,20260727T120846428872-0400,,,eq,94,95,0.326330295,0.235732249
C,houston,2026-07-27,20260727T130321869788-0400,,,eq,94,95,0.499054992,0.548221059
C,houston,2026-07-27,20260727T140705989347-0400,,,eq,94,95,0.282695307,0.188934815
C,houston,2026-07-27,20260727T150145652435-0400,,,eq,94,95,0.193568601,0.193594677
C,houston,2026-07-27,20260727T160537370275-0400,,,eq,94,95,0.16084011,0.168096684
C,houston,2026-07-27,20260727T170012393378-0400,,,eq,94,95,0.541504638,0.594742615
C,houston,2026-07-27,20260727T180358084614-0400,,,eq,94,95,0.516749486,0.550602724
C,houston,2026-07-27,20260727T190744141508-0400,,,eq,94,95,0.548073644,0.617630796
C,houston,2026-07-27,20260727T200229819980-0400,,,eq,94,95,0.676311598,0.653672388
C,houston,2026-07-27,20260727T210616397118-0400,,,eq,94,95,0.707932167,0.70878758
C,houston,2026-07-27,20260727T220112065572-0400,,,eq,94,95,0.616356557,0.617809647
C,houston,2026-07-27,20260727T230537048669-0400,,,eq,94,95,0.616201573,0.617552098
C,houston,2026-07-27,20260728T000101745666-0400,,,eq,94,95,0.609265931,0.610598042
C,houston,2026-07-28,20260728T010048340737-0400,,,eq,94,95,0.195837878,0.191029526
C,houston,2026-07-28,20260728T020452776865-0400,,,eq,94,95,0.194784715,0.191029526
C,houston,2026-07-28,20260728T030001027304-0400,,,eq,94,95,0.164153788,0.178202534
C,houston,2026-07-28,20260728T040348286918-0400,,,eq,94,95,0.18194871,0.178279093
C,houston,2026-07-28,20260728T050007055791-0400,,,eq,94,95,0.207456002,0.203967435
C,houston,2026-07-28,20260728T060355397278-0400,,,eq,94,95,0.174986273,0.203967388
C,houston,2026-07-28,20260728T070747573726-0400,,,eq,94,95,0.199544116,0.203967388
C,houston,2026-07-28,20260728T080228273478-0400,,,eq,94,95,0.180388468,0.212432568
C,houston,2026-07-28,20260728T090619731055-0400,,,eq,94,95,0.130934984,0.187672922
C,houston,2026-07-28,20260728T100055311552-0400,,,eq,94,95,0.171938967,0.1932722
C,houston,2026-07-28,20260728T110435245049-0400,,,eq,94,95,0.271721473,0.272377631
C,houston,2026-07-28,20260728T120827139658-0400,,,eq,94,95,0.261151254,0.156765581
C,houston,2026-07-28,20260728T130306977622-0400,,,eq,94,95,0.54516335,0.534050522
C,houston,2026-07-28,20260728T140702860646-0400,,,eq,94,95,0.516827793,0.379580489
C,houston,2026-07-28,20260728T150141344511-0400,,,eq,94,95,0.629563849,0.606607303
C,houston,2026-07-28,20260728T160536893760-0400,,,eq,94,95,0.405364763,0.558088317
C,houston,2026-07-28,20260728T170015141261-0400,,,eq,94,95,0.334620037,0.287849433
C,houston,2026-07-28,20260728T180358775967-0400,,,eq,94,95,0.483106175,0.484480778
C,houston,2026-07-28,20260728T190740751627-0400,,,eq,94,95,0.268959691,0.601065027
C,houston,2026-07-28,20260728T200221076236-0400,,,eq,94,95,0.505185846,0.62595812
C,houston,2026-07-28,20260728T210621082884-0400,,,eq,94,95,0.170283582,0.25088406
C,houston,2026-07-28,20260728T220122539793-0400,,,eq,94,95,0.181751413,0.279404002
C,houston,2026-07-28,20260728T230554826687-0400,,,eq,94,95,0.181732999,0.279258704
C,houston,2026-07-28,20260729T000114986018-0400,,,eq,94,95,0.178851216,0.271114876
C,houston,2026-07-29,20260729T010048288264-0400,,,eq,94,95,0.17105913,0.17105913
C,houston,2026-07-29,20260729T020446382217-0400,,,eq,94,95,0.193510436,0.191818537
C,houston,2026-07-29,20260729T030833687019-0400,,,eq,94,95,0.141131122,0.158577877
C,houston,2026-07-29,20260729T040311678432-0400,,,eq,94,95,0.16505506,0.179033629
C,houston,2026-07-29,20260729T050024340595-0400,,,eq,94,95,0.166097497,0.179033629
C,houston,2026-07-29,20260729T060405815647-0400,,,eq,94,95,0.177777399,0.204695066
C,houston,2026-07-29,20260729T070748416196-0400,,,eq,94,95,0.20031557,0.204695066
C,houston,2026-07-29,20260729T080228530709-0400,,,eq,94,95,0.20031557,0.204695066
C,houston,2026-07-29,20260729T090618200217-0400,,,eq,94,95,0.104734505,0.1658336
C,houston,2026-07-29,20260729T100051720117-0400,,,eq,94,95,0.150408243,0.165261971
C,houston,2026-07-29,20260729T110031835539-0400,,,eq,94,95,0.20061701,0.180372515
C,houston,2026-07-29,20260729T120816070720-0400,,,eq,94,95,0.277919599,0.196937536
C,houston,2026-07-29,20260729T130257185672-0400,,,eq,94,95,0.480060402,0.543763385
C,houston,2026-07-29,20260729T140640145143-0400,,,eq,94,95,0.410154363,0.277493493
C,houston,2026-07-29,20260729T150129412139-0400,,,eq,94,95,0.229616949,0.231023056
C,houston,2026-07-29,20260729T160521584527-0400,,,eq,94,95,0.22516951,0.304675223
C,houston,2026-07-29,20260729T170001371043-0400,,,eq,94,95,0.368502718,0.312189537
C,houston,2026-07-29,20260729T180349538151-0400,,,eq,94,95,0.458620065,0.493408693
C,houston,2026-07-29,20260729T190735212739-0400,,,eq,94,95,0.232403765,0.328783757
C,houston,2026-07-29,20260729T200217103506-0400,,,eq,94,95,0.42201836,0.372423014
C,houston,2026-07-29,20260729T210641948643-0400,,,eq,94,95,0.307850604,0.301864021
C,houston,2026-07-29,20260729T220605816202-0400,,,eq,94,95,0.330926005,0.322018841
C,houston,2026-07-29,20260729T230209475827-0400,,,eq,94,95,0.330837092,0.321961318
C,houston,2026-07-29,20260730T000656961776-0400,,,eq,94,95,0.330815752,0.321923097
C,houston,2026-07-30,20260730T010039015375-0400,,,eq,96,97,0.411048186,0.345099084
C,houston,2026-07-30,20260730T020452708002-0400,,,eq,96,97,0.423513603,0.377446583
C,houston,2026-07-30,20260730T030906199455-0400,,,eq,96,97,0.412031591,0.371324591
C,houston,2026-07-30,20260730T040344492697-0400,,,eq,96,97,0.403302301,0.356289256
C,houston,2026-07-30,20260730T050027268212-0400,,,eq,96,97,0.422288995,0.356289256
C,houston,2026-07-30,20260730T060417332186-0400,,,eq,96,97,0.421258658,0.340106549
C,houston,2026-07-30,20260730T070841063105-0400,,,eq,96,97,0.418682853,0.340109456
C,houston,2026-07-30,20260730T080319471789-0400,,,eq,96,97,0.424293277,0.340109456
C,houston,2026-07-30,20260730T090711730459-0400,,,eq,96,97,0.416858959,0.341267848
C,houston,2026-07-30,20260730T100149451762-0400,,,eq,96,97,0.265625735,0.299099524
C,houston,2026-07-30,20260730T110525897807-0400,,,eq,96,97,0.374109584,0.383768628
C,houston,2026-07-30,20260730T120004551977-0400,,,eq,96,97,0.374685812,0.322476245
C,houston,2026-07-30,20260730T130344904528-0400,,,eq,96,97,0.133960353,0.150971879
C,houston,2026-07-30,20260730T140737479565-0400,,,eq,96,97,0.295496803,0.387227365
C,houston,2026-07-30,20260730T150228457533-0400,,,eq,96,97,0.17270601,0.209124877
C,houston,2026-07-30,20260730T160620200873-0400,,,eq,96,97,0.222386071,0.265557873
C,houston,2026-07-30,20260730T170056148145-0400,,,eq,96,97,0.786628451,0.804177346
C,houston,2026-07-30,20260730T180446364507-0400,,,eq,96,97,0.767076276,0.72133414
C,houston,2026-07-30,20260730T190832239094-0400,,,eq,96,97,0.773127702,0.691687688
C,houston,2026-07-30,20260730T200312377489-0400,,,eq,96,97,0.565007437,0.363309696
C,houston,2026-07-30,20260730T210701899696-0400,,,eq,96,97,0.770587013,0.612638981
C,houston,2026-07-30,20260730T220206036451-0400,,,eq,96,97,0.826802722,0.723598333
C,houston,2026-07-30,20260730T230627226442-0400,,,eq,96,97,0.826724867,0.723302669
C,houston,2026-07-30,20260731T000144498346-0400,,,eq,96,97,0.828006907,0.731245449
C,los-angeles,2026-07-01,20260701T030201-0400,,,eq,70,71,0.0885373412,0.0885373412
C,los-angeles,2026-07-01,20260701T040529-0400,,,eq,70,71,0.0885373412,0.0885373412
C,los-angeles,2026-07-01,20260701T050850-0400,,,eq,70,71,0.0885373412,0.0885373412
C,los-angeles,2026-07-01,20260701T060312-0400,,,eq,70,71,0.0885373412,0.0885373412
C,los-angeles,2026-07-01,20260701T070638-0400,,,eq,70,71,0.0885373412,0.0885373412
C,los-angeles,2026-07-01,20260701T080106-0400,,,eq,70,71,0.0621254056,0.0621254056
C,los-angeles,2026-07-01,20260701T090436-0400,,,eq,70,71,0.0621254056,0.0621254056
C,los-angeles,2026-07-01,20260701T100850-0400,,,eq,70,71,0.0623255914,0.0623255914
C,los-angeles,2026-07-01,20260701T110745-0400,,,eq,70,71,0.428751343,0.428751343
C,los-angeles,2026-07-01,20260701T120742-0400,,,eq,70,71,0.341390128,0.341390128
C,los-angeles,2026-07-01,20260701T130721-0400,,,eq,70,71,0.0536524278,0.0536524278
C,los-angeles,2026-07-01,20260701T140639-0400,,,eq,70,71,0.0907006053,0.0907006053
C,los-angeles,2026-07-01,20260701T150319-0400,,,eq,70,71,0.173537618,0.173537618
C,los-angeles,2026-07-01,20260701T160651-0400,,,eq,70,71,0.353899844,0.353899844
C,los-angeles,2026-07-01,20260701T170230-0400,,,eq,70,71,0.368737013,0.368737013
C,los-angeles,2026-07-01,20260701T180627-0400,,,eq,70,71,0.924308947,0.924308947
C,los-angeles,2026-07-01,20260701T190740-0400,,,eq,70,71,0.215730645,0.215730645
C,los-angeles,2026-07-01,20260701T200211-0400,,,eq,70,71,0.0707414394,0.0707414394
C,los-angeles,2026-07-01,20260701T210549-0400,,,eq,70,71,0.074958569,0.074958569
C,los-angeles,2026-07-01,20260701T220032-0400,,,eq,70,71,0.0444386047,0.0444386047
C,los-angeles,2026-07-01,20260701T230427-0400,,,eq,70,71,0.0529436186,0.0529436186
C,los-angeles,2026-07-01,20260702T000825-0400,,,eq,70,71,0.103432769,0.103432769
C,los-angeles,2026-07-01,20260702T010316-0400,,,eq,70,71,0.103432769,0.103432769
C,los-angeles,2026-07-01,20260702T020711-0400,,,eq,70,71,0.103432769,0.103432769
C,los-angeles,2026-07-02,20260702T030203-0400,,,eq,72,73,0.320303857,0.320303857
C,los-angeles,2026-07-02,20260702T040541-0400,,,eq,72,73,0.288287991,0.288287991
C,los-angeles,2026-07-02,20260702T050002-0400,,,eq,72,73,0.288287991,0.288287991
C,los-angeles,2026-07-02,20260702T060330-0400,,,eq,72,73,0.0574272043,0.0574272043
C,los-angeles,2026-07-02,20260702T070701-0400,,,eq,72,73,0.0574272043,0.0574272043
C,los-angeles,2026-07-02,20260702T080134-0400,,,eq,72,73,0.0539977148,0.0539977148
C,los-angeles,2026-07-02,20260702T090511-0400,,,eq,72,73,0.491755783,0.491755783
C,los-angeles,2026-07-02,20260702T100128-0400,,,eq,72,73,0.548079575,0.548079575
C,los-angeles,2026-07-02,20260702T110249-0400,,,eq,72,73,0.218065104,0.218065104
C,los-angeles,2026-07-02,20260702T120823-0400,,,eq,72,73,0.436640475,0.436640475
C,los-angeles,2026-07-02,20260702T130250-0400,,,eq,72,73,0.616318572,0.616318572
C,los-angeles,2026-07-02,20260702T140639-0400,,,eq,72,73,0.107080991,0.107080991
C,los-angeles,2026-07-02,20260702T150110-0400,,,eq,72,73,0.413082596,0.413082596
C,los-angeles,2026-07-02,20260702T160454-0400,,,eq,72,73,0.93655918,0.93655918
C,los-angeles,2026-07-02,20260702T170822-0400,,,eq,72,73,0.976725124,0.976725124
C,los-angeles,2026-07-02,20260702T181422-0400,,,eq,72,73,0.982040236,0.986809764
C,los-angeles,2026-07-02,20260702T190858-0400,,,eq,72,73,0.994601888,0.995126624
C,los-angeles,2026-07-02,20260702T200341-0400,,,eq,72,73,0.958559109,0.959245388
C,los-angeles,2026-07-02,20260702T210725-0400,,,eq,72,73,0.956495507,0.962612017
C,los-angeles,2026-07-02,20260702T220253-0400,,,eq,72,73,0.945492124,0.956981009
C,los-angeles,2026-07-02,20260702T230652-0400,,,eq,72,73,0.958861058,0.957219397
C,los-angeles,2026-07-02,20260703T001133-0400,,,eq,72,73,0.958862141,0.957218978
C,los-angeles,2026-07-02,20260703T011204-0400,,,eq,72,73,0.821992053,0.89560335
C,los-angeles,2026-07-02,20260703T020255-0400,,,eq,72,73,0.824413496,0.899853867
C,los-angeles,2026-07-03,20260703T030038-0400,,,eq,72,73,0.462319762,0.393348008
C,los-angeles,2026-07-03,20260703T040415-0400,,,eq,72,73,0.448076117,0.403396333
C,los-angeles,2026-07-03,20260703T050742-0400,,,eq,72,73,0.599336922,0.393348008
C,los-angeles,2026-07-03,20260703T060204-0400,,,eq,72,73,0.688354311,0.491132629
C,los-angeles,2026-07-03,20260703T070533-0400,,,eq,72,73,0.445249064,0.482743423
C,los-angeles,2026-07-03,20260703T080003-0400,,,eq,72,73,0.354461553,0.482743423
C,los-angeles,2026-07-03,20260703T090346-0400,,,eq,72,73,0.313955477,0.496739329
C,los-angeles,2026-07-03,20260703T100821-0400,,,eq,72,73,0.225983695,0.295766023
C,los-angeles,2026-07-03,20260703T110123-0400,,,eq,72,73,0.242768863,0.200524829
C,los-angeles,2026-07-03,20260703T120027-0400,,,eq,72,73,0.43750428,0.290511567
C,los-angeles,2026-07-03,20260703T131138-0400,,,eq,72,73,0.664062301,0.584796019
C,los-angeles,2026-07-03,20260703T140320-0400,,,eq,72,73,0.446183407,0.292569164
C,los-angeles,2026-07-03,20260703T152754-0400,,,eq,72,73,0.679575968,0.597617433
C,los-angeles,2026-07-03,20260703T160439-0400,,,eq,72,73,0.287642037,0.258543837
C,los-angeles,2026-07-03,20260703T170235-0400,,,eq,72,73,0.965694314,0.971329439
C,los-angeles,2026-07-03,20260703T182749-0400,,,eq,72,73,0.97763945,0.984328038
C,los-angeles,2026-07-03,20260703T190808-0400,,,eq,72,73,0.971712521,0.972771955
C,los-angeles,2026-07-03,20260703T205320922942-0400,,,eq,72,73,0.863279124,0.879768013
C,los-angeles,2026-07-03,20260703T210747545200-0400,,,eq,72,73,0.737301748,0.894882568
C,los-angeles,2026-07-03,20260703T221427711392-0400,,,eq,72,73,0.85356962,0.903809052
C,los-angeles,2026-07-03,20260703T230357095850-0400,,,eq,72,73,0.87415766,0.898020812
C,los-angeles,2026-07-03,20260704T000053027644-0400,,,eq,72,73,0.90217783,0.919044302
C,los-angeles,2026-07-03,20260704T010500278037-0400,,,eq,72,73,0.90217783,0.919044302
C,los-angeles,2026-07-03,20260704T020900224769-0400,,,eq,72,73,0.907063061,0.92545925
C,los-angeles,2026-07-04,20260704T030216863099-0400,,,eq,74,75,0.520225223,0.580232042
C,los-angeles,2026-07-04,20260704T040552418556-0400,,,eq,74,75,0.518772983,0.594441291
C,los-angeles,2026-07-04,20260704T050013021612-0400,,,eq,74,75,0.50691757,0.594441291
C,los-angeles,2026-07-04,20260704T060341566026-0400,,,eq,74,75,0.518772983,0.594441291
C,los-angeles,2026-07-04,20260704T070711081144-0400,,,eq,74,75,0.632366339,0.594441291
C,los-angeles,2026-07-04,20260704T080139492794-0400,,,eq,74,75,0.293404101,0.290743759
C,los-angeles,2026-07-04,20260704T090514378772-0400,,,eq,74,75,0.421259912,0.594441291
C,los-angeles,2026-07-04,20260704T100056743029-0400,,,eq,74,75,0.226489394,0.391930136
C,los-angeles,2026-07-04,20260704T110450838467-0400,,,eq,74,75,0.723764943,0.660413948
C,los-angeles,2026-07-04,20260704T120309105705-0400,,,eq,74,75,0.295759382,0.421959433
C,los-angeles,2026-07-04,20260704T131130861429-0400,,,eq,74,75,0.34932611,0.406925646
C,los-angeles,2026-07-04,20260704T140704724867-0400,,,eq,74,75,0.743478168,0.714997101
C,los-angeles,2026-07-04,20260704T150909232178-0400,,,eq,74,75,0.662493887,0.546266353
C,los-angeles,2026-07-04,20260704T160332770469-0400,,,eq,74,75,0.151990448,0.142350128
C,los-angeles,2026-07-04,20260704T170421980778-0400,,,eq,74,75,0.791156592,0.818893092
C,los-angeles,2026-07-04,20260704T180635743514-0400,,,eq,74,75,0.715172647,0.155930772
C,los-angeles,2026-07-04,20260704T190102415921-0400,,,eq,74,75,0.920869321,0.850913352
C,los-angeles,2026-07-04,20260704T200435933297-0400,,,eq,74,75,0.977850889,0.919754781
C,los-angeles,2026-07-04,20260704T210808758237-0400,,,eq,74,75,0.888512709,0.672244201
C,los-angeles,2026-07-04,20260704T220252780442-0400,,,eq,74,75,0.834898312,0.394064503
C,los-angeles,2026-07-04,20260704T230641648160-0400,,,eq,74,75,0.804308691,0.806620026
C,los-angeles,2026-07-04,20260705T000145635175-0400,,,eq,74,75,0.816886539,0.814074379
C,los-angeles,2026-07-04,20260705T010538304940-0400,,,eq,74,75,0.816886539,0.814074379
C,los-angeles,2026-07-04,20260705T020029838982-0400,,,eq,74,75,0.816861058,0.814054949
C,los-angeles,2026-07-05,20260705T030011286427-0400,,,eq,74,75,0.507580292,0.556914235
C,los-angeles,2026-07-05,20260705T040339987639-0400,,,eq,74,75,0.507580292,0.556914235
C,los-angeles,2026-07-05,20260705T050701552582-0400,,,eq,74,75,0.49963557,0.59431329
C,los-angeles,2026-07-05,20260705T060127823859-0400,,,eq,74,75,0.53460638,0.59431329
C,los-angeles,2026-07-05,20260705T070455584017-0400,,,eq,74,75,0.640533638,0.59431329
C,los-angeles,2026-07-05,20260705T080824759144-0400,,,eq,74,75,0.639608397,0.59431329
C,los-angeles,2026-07-05,20260705T090254530513-0400,,,eq,74,75,0.634765697,0.555385692
C,los-angeles,2026-07-05,20260705T101057940092-0400,,,eq,74,75,0.467747418,0.533793069
C,los-angeles,2026-07-05,20260705T110539699253-0400,,,eq,74,75,0.5887605,0.652855834
C,los-angeles,2026-07-05,20260705T120051585580-0400,,,eq,74,75,0.426874614,0.475693147
C,los-angeles,2026-07-05,20260705T130043661403-0400,,,eq,74,75,0.395301789,0.322878801
C,los-angeles,2026-07-05,20260705T140800868468-0400,,,eq,74,75,0.851782958,0.86476909
C,los-angeles,2026-07-05,20260705T150244977264-0400,,,eq,74,75,0.630504923,0.616389535
C,los-angeles,2026-07-05,20260705T160622149018-0400,,,eq,74,75,0.438606246,0.489952926
C,los-angeles,2026-07-05,20260705T170102350767-0400,,,eq,74,75,0.884927038,0.757910134
C,los-angeles,2026-07-05,20260705T180032085799-0400,,,eq,74,75,0.88491716,0.665114039
C,los-angeles,2026-07-05,20260705T190650752007-0400,,,eq,74,75,0.973003919,0.928058158
C,los-angeles,2026-07-05,20260705T202801421103-0400,,,eq,74,75,0.955961341,0.915080296
C,los-angeles,2026-07-05,20260705T210507996829-0400,,,eq,74,75,0.962864186,0.785284793
C,los-angeles,2026-07-05,20260705T220112263269-0400,,,eq,74,75,0.939448952,0.55844337
C,los-angeles,2026-07-05,20260705T231607418538-0400,,,eq,74,75,0.884505658,0.886072951
C,los-angeles,2026-07-05,20260706T000518422723-0400,,,eq,74,75,0.888189844,0.890998671
C,los-angeles,2026-07-05,20260706T015628802656-0400,,,eq,74,75,0.888179492,0.890987893
C,los-angeles,2026-07-05,20260706T020541493316-0400,,,eq,74,75,0.888179492,0.890987893
C,los-angeles,2026-07-07,20260707T030550487886-0400,,,eq,74,75,0.181775427,0.181775427
C,los-angeles,2026-07-07,20260707T040018831091-0400,,,eq,74,75,0.35197803,0.45862393
C,los-angeles,2026-07-07,20260707T050345980145-0400,,,eq,74,75,0.363888663,0.45862393
C,los-angeles,2026-07-07,20260707T060711426804-0400,,,eq,74,75,0.329657695,0.45862393
C,los-angeles,2026-07-07,20260707T070137877515-0400,,,eq,74,75,0.431246748,0.454023719
C,los-angeles,2026-07-07,20260707T080511364306-0400,,,eq,74,75,0.470714343,0.45862393
C,los-angeles,2026-07-07,20260707T090849118587-0400,,,eq,74,75,0.435278695,0.45862393
C,los-angeles,2026-07-07,20260707T100449770913-0400,,,eq,74,75,0.170412892,0.198043856
C,los-angeles,2026-07-07,20260707T111020600492-0400,,,eq,74,75,0.650420895,0.475596205
C,los-angeles,2026-07-07,20260707T120818034462-0400,,,eq,74,75,0.340068789,0.504140469
C,los-angeles,2026-07-07,20260707T130408398810-0400,,,eq,74,75,0.395980254,0.294733673
C,los-angeles,2026-07-07,20260707T141039635726-0400,,,eq,74,75,0.527725658,0.506573094
C,los-angeles,2026-07-07,20260707T150410414512-0400,,,eq,74,75,0.622103622,0.498555399
C,los-angeles,2026-07-07,20260707T161132580259-0400,,,eq,74,75,0.413110937,0.361970245
C,los-angeles,2026-07-07,20260707T171131097252-0400,,,eq,74,75,0.799849424,0.70700712
C,los-angeles,2026-07-07,20260707T180056076333-0400,,,eq,74,75,0.924440062,0.494993933
C,los-angeles,2026-07-07,20260707T190425370881-0400,,,eq,74,75,0.944172569,0.839332906
C,los-angeles,2026-07-07,20260707T200802010553-0400,,,eq,74,75,0.932838325,0.884386668
C,los-angeles,2026-07-07,20260707T210246275361-0400,,,eq,74,75,0.957642484,0.70678419
C,los-angeles,2026-07-07,20260707T220640607902-0400,,,eq,74,75,0.874184984,0.583019573
C,los-angeles,2026-07-07,20260707T230121985783-0400,,,eq,74,75,0.664794529,0.75102759
C,los-angeles,2026-07-07,20260708T000512112974-0400,,,eq,74,75,0.396306308,0.527883852
C,los-angeles,2026-07-07,20260708T010002115763-0400,,,eq,74,75,0.396306308,0.527883852
C,los-angeles,2026-07-07,20260708T020402479975-0400,,,eq,74,75,0.39977955,0.530017951
C,los-angeles,2026-07-08,20260708T030106936686-0400,,,eq,74,75,0.11485538,0.112390555
C,los-angeles,2026-07-08,20260708T040557897750-0400,,,eq,74,75,0.101808182,0.112390555
C,los-angeles,2026-07-08,20260708T050019890111-0400,,,eq,74,75,0.112631566,0.112390552
C,los-angeles,2026-07-08,20260708T060346912434-0400,,,eq,74,75,0.102407284,0.112390552
C,los-angeles,2026-07-08,20260708T070715862645-0400,,,eq,74,75,0.115712368,0.112390552
C,los-angeles,2026-07-08,20260708T080146079681-0400,,,eq,74,75,0.1073165,0.112390552
C,los-angeles,2026-07-08,20260708T090526955647-0400,,,eq,74,75,0.330371613,0.352062322
C,los-angeles,2026-07-08,20260708T100445744719-0400,,,eq,74,75,0.101312353,0.112519211
C,los-angeles,2026-07-08,20260708T110215807537-0400,,,eq,74,75,0.579314964,0.408784666
C,los-angeles,2026-07-08,20260708T120322319760-0400,,,eq,74,75,0.269931676,0.390003427
C,los-angeles,2026-07-08,20260708T130256933094-0400,,,eq,74,75,0.488781672,0.430763712
C,los-angeles,2026-07-08,20260708T140829901210-0400,,,eq,74,75,0.665198515,0.728774188
C,los-angeles,2026-07-08,20260708T150730856287-0400,,,eq,74,75,0.4651385,0.516496183
C,los-angeles,2026-07-08,20260708T160030210176-0400,,,eq,74,75,0.623252313,0.640733794
C,los-angeles,2026-07-08,20260708T170426958559-0400,,,eq,74,75,0.544375939,0.570430099
C,los-angeles,2026-07-08,20260708T180107783295-0400,,,eq,74,75,0.293916045,0.299415176
C,los-angeles,2026-07-08,20260708T190452030748-0400,,,eq,74,75,0.758960653,0.686709492
C,los-angeles,2026-07-08,20260708T200345859196-0400,,,eq,74,75,0.936704953,0.931207038
C,los-angeles,2026-07-08,20260708T210925187640-0400,,,eq,74,75,0.814786828,0.800906528
C,los-angeles,2026-07-08,20260708T220221005690-0400,,,eq,74,75,0.746441628,0.731328526
C,los-angeles,2026-07-08,20260708T230646874782-0400,,,eq,74,75,0.230019893,0.672212167
C,los-angeles,2026-07-08,20260709T000150602717-0400,,,eq,74,75,0.230019893,0.672212167
C,los-angeles,2026-07-08,20260709T010554973122-0400,,,eq,74,75,0.230019893,0.672212167
C,los-angeles,2026-07-08,20260709T020049687661-0400,,,eq,74,75,0.312737809,0.754787056
C,los-angeles,2026-07-09,20260709T030054004104-0400,,,eq,74,75,0.0788139867,0.0843032581
C,los-angeles,2026-07-09,20260709T040432104065-0400,,,eq,74,75,0.0782555175,0.0843383437
C,los-angeles,2026-07-09,20260709T050759373790-0400,,,eq,74,75,0.0782555175,0.0843383437
C,los-angeles,2026-07-09,20260709T060222324273-0400,,,eq,74,75,0.0777347768,0.0841625802
C,los-angeles,2026-07-09,20260709T070550278883-0400,,,eq,74,75,0.0791222707,0.0841625802
C,los-angeles,2026-07-09,20260709T080021701460-0400,,,eq,74,75,0.0845417948,0.0841625802
C,los-angeles,2026-07-09,20260709T090058093822-0400,,,eq,74,75,0.307227129,0.311468942
C,los-angeles,2026-07-09,20260709T100137153427-0400,,,eq,74,75,0.0783396501,0.0843172452
C,los-angeles,2026-07-09,20260709T111042174661-0400,,,eq,74,75,0.551457299,0.390657227
C,los-angeles,2026-07-09,20260709T120610256236-0400,,,eq,74,75,0.239273764,0.361559616
C,los-angeles,2026-07-09,20260709T130014001659-0400,,,eq,74,75,0.385840365,0.284862747
C,los-angeles,2026-07-09,20260709T142950005805-0400,,,eq,74,75,0.521424538,0.500911247
C,los-angeles,2026-07-09,20260709T150622911773-0400,,,eq,74,75,0.634434462,0.485809139
C,los-angeles,2026-07-09,20260709T160820151113-0400,,,eq,74,75,0.379769409,0.364636093
C,los-angeles,2026-07-09,20260709T170334716342-0400,,,eq,74,75,0.510692973,0.565635972
C,los-angeles,2026-07-09,20260709T180550531128-0400,,,eq,74,75,0.766603425,0.286293843
C,los-angeles,2026-07-09,20260709T194450707017-0400,,,eq,74,75,0.815574731,0.683291978
C,los-angeles,2026-07-09,20260709T200306915772-0400,,,eq,74,75,0.643268501,0.7835973
C,los-angeles,2026-07-09,20260709T213242739396-0400,,,eq,74,75,0.913266791,0.799934009
C,los-angeles,2026-07-09,20260709T220044778958-0400,,,eq,74,75,0.867048923,0.741183845
C,los-angeles,2026-07-09,20260709T230731560809-0400,,,eq,74,75,0.772086448,0.811180341
C,los-angeles,2026-07-09,20260710T000320614930-0400,,,eq,74,75,0.772083392,0.811173149
C,los-angeles,2026-07-09,20260710T010756007454-0400,,,eq,74,75,0.772083392,0.811173149
C,los-angeles,2026-07-09,20260710T020253596118-0400,,,eq,74,75,0.772083392,0.811173149
C,los-angeles,2026-07-10,20260710T030111441716-0400,,,eq,74,75,0.0797288496,0.0856825762
C,los-angeles,2026-07-10,20260710T041345832299-0400,,,eq,74,75,0.0864065086,0.0856825762
C,los-angeles,2026-07-10,20260710T050125443417-0400,,,eq,74,75,0.0797288496,0.0856825762
C,los-angeles,2026-07-10,20260710T060733170596-0400,,,eq,74,75,0.0852085074,0.0856065861
C,los-angeles,2026-07-10,20260710T070216463408-0400,,,eq,74,75,0.0805209954,0.0856065861
C,los-angeles,2026-07-10,20260710T080558725589-0400,,,eq,74,75,0.088276431,0.0856825762
C,los-angeles,2026-07-10,20260710T090036582821-0400,,,eq,74,75,0.0931258951,0.0856825762
C,los-angeles,2026-07-10,20260710T103737035817-0400,,,eq,74,75,0.0827206462,0.0857431008
C,los-angeles,2026-07-10,20260710T110056186349-0400,,,eq,74,75,0.496558317,0.390135176
C,los-angeles,2026-07-10,20260710T120140636124-0400,,,eq,74,75,0.268146278,0.317303473
C,los-angeles,2026-07-10,20260710T130133926492-0400,,,eq,74,75,0.442201714,0.547832988
C,los-angeles,2026-07-10,20260710T141025010076-0400,,,eq,74,75,0.875117101,0.93120851
C,los-angeles,2026-07-10,20260710T151251093068-0400,,,eq,74,75,0.84075423,0.841048028
C,los-angeles,2026-07-10,20260710T160434880333-0400,,,eq,74,75,0.786860909,0.836330212
C,los-angeles,2026-07-10,20260710T170234490405-0400,,,eq,74,75,0.627680411,0.819145884
C,los-angeles,2026-07-10,20260710T181619012631-0400,,,eq,74,75,0.967138143,0.967575145
C,los-angeles,2026-07-10,20260710T190943599433-0400,,,eq,74,75,0.96299923,0.98348679
C,los-angeles,2026-07-10,20260710T200710264622-0400,,,eq,74,75,0.883446612,0.980890487
C,los-angeles,2026-07-10,20260710T213708904262-0400,,,eq,74,75,0.982848267,0.996137751
C,los-angeles,2026-07-10,20260710T221806274642-0400,,,eq,74,75,0.977064902,0.993627615
C,los-angeles,2026-07-10,20260710T230536332583-0400,,,eq,74,75,0.985735943,0.993375253
C,los-angeles,2026-07-10,20260711T000734040728-0400,,,eq,74,75,0.985735943,0.993375253
C,los-angeles,2026-07-10,20260711T010221605115-0400,,,eq,74,75,0.985735943,0.993375253
C,los-angeles,2026-07-10,20260711T020432995092-0400,,,eq,74,75,0.983598714,0.992581835
C,los-angeles,2026-07-11,20260711T031224480932-0400,,,eq,74,75,0.130162595,0.130162595
C,los-angeles,2026-07-11,20260711T044108906756-0400,,,eq,74,75,0.0916451105,0.0862158367
C,los-angeles,2026-07-11,20260711T050109624112-0400,,,eq,74,75,0.0804263484,0.0862158367
C,los-angeles,2026-07-11,20260711T060500761126-0400,,,eq,74,75,0.0799400592,0.0863399108
C,los-angeles,2026-07-11,20260711T070839536410-0400,,,eq,74,75,0.0866899821,0.0863399108
C,los-angeles,2026-07-11,20260711T080312001668-0400,,,eq,74,75,0.0898566474,0.0863399108
C,los-angeles,2026-07-11,20260711T090714137039-0400,,,eq,74,75,0.0894435537,0.0865501035
C,los-angeles,2026-07-11,20260711T103854973984-0400,,,eq,74,75,0.184601171,0.230693694
C,los-angeles,2026-07-11,20260711T110541744011-0400,,,eq,74,75,0.572165587,0.44227708
C,los-angeles,2026-07-11,20260711T120633800728-0400,,,eq,74,75,0.225935296,0.338361031
C,los-angeles,2026-07-11,20260711T130551271852-0400,,,eq,74,75,0.562159902,0.487890791
C,los-angeles,2026-07-11,20260711T140709820398-0400,,,eq,74,75,0.909125572,0.911804677
C,los-angeles,2026-07-11,20260711T151012658731-0400,,,eq,74,75,0.722072772,0.668856676
C,los-angeles,2026-07-11,20260711T160628001263-0400,,,eq,74,75,0.48307228,0.508672946
C,los-angeles,2026-07-11,20260711T173039900785-0400,,,eq,74,75,0.0719974449,0.17999069
C,los-angeles,2026-07-11,20260711T180704619277-0400,,,eq,74,75,0.0732846636,0.0801657402
C,los-angeles,2026-07-11,20260711T190804339499-0400,,,eq,74,75,0.492092795,0.681743387
C,los-angeles,2026-07-11,20260711T201413896066-0400,,,eq,74,75,0.659074013,0.91674179
C,los-angeles,2026-07-11,20260711T211242127322-0400,,,eq,74,75,0.806567086,0.935630101
C,los-angeles,2026-07-11,20260711T221706194720-0400,,,eq,74,75,0.706574913,0.814826691
C,los-angeles,2026-07-11,20260712T005603485863-0400,,,eq,74,75,0.88941228,0.931540403
C,los-angeles,2026-07-11,20260712T015557102132-0400,,,eq,74,75,0.88941228,0.931540403
C,los-angeles,2026-07-14,20260714T030152438895-0400,,,eq,76,77,0.0265335667,0.0236169719
C,los-angeles,2026-07-14,20260714T040543277743-0400,,,eq,76,77,0.0248892915,0.0236169719
C,los-angeles,2026-07-14,20260714T050011789663-0400,,,eq,76,77,0.0248892915,0.0236169719
C,los-angeles,2026-07-14,20260714T060355615496-0400,,,eq,76,77,0.0265335667,0.0236169719
C,los-angeles,2026-07-14,20260714T070732045133-0400,,,eq,76,77,0.0323604361,0.0236169719
C,los-angeles,2026-07-14,20260714T080208965987-0400,,,eq,76,77,0.0240596726,0.0236077703
C,los-angeles,2026-07-14,20260714T090836537143-0400,,,eq,76,77,0.0240818563,0.023513961
C,los-angeles,2026-07-14,20260714T100521274301-0400,,,eq,76,77,0.0239035339,0.023513961
C,los-angeles,2026-07-14,20260714T110806625696-0400,,,eq,76,77,0.0497551881,0.0499639899
C,los-angeles,2026-07-14,20260714T120317948771-0400,,,eq,76,77,0.0538461517,0.0475748741
C,los-angeles,2026-07-14,20260714T130747565102-0400,,,eq,76,77,0.0483169234,0.0480300838
C,los-angeles,2026-07-14,20260714T140222813169-0400,,,eq,76,77,0.0493415955,0.0440561586
C,los-angeles,2026-07-14,20260714T150611868564-0400,,,eq,76,77,0.082843373,0.0918419363
C,los-angeles,2026-07-14,20260714T160051215489-0400,,,eq,76,77,0.107239852,0.140276989
C,los-angeles,2026-07-14,20260714T170436970069-0400,,,eq,76,77,0.171510636,0.132934213
C,los-angeles,2026-07-14,20260714T180849427935-0400,,,eq,76,77,0.578867838,0.795282749
C,los-angeles,2026-07-14,20260714T190333352827-0400,,,eq,76,77,0.32102303,0.466705958
C,los-angeles,2026-07-14,20260714T200721903682-0400,,,eq,76,77,0.475762287,0.467866215
C,los-angeles,2026-07-14,20260714T210201720919-0400,,,eq,76,77,0.470830908,0.542822574
C,los-angeles,2026-07-14,20260714T220244534581-0400,,,eq,76,77,0.635496632,0.131828894
C,los-angeles,2026-07-14,20260714T230844626394-0400,,,eq,76,77,0.158887353,0.1023144
C,los-angeles,2026-07-14,20260715T000608609475-0400,,,eq,76,77,0.0655151946,0.0536423552
C,los-angeles,2026-07-14,20260715T010238404316-0400,,,eq,76,77,0.0655151946,0.0536423552
C,los-angeles,2026-07-14,20260715T020830965967-0400,,,eq,76,77,0.0915574238,0.0506438233
C,los-angeles,2026-07-15,20260715T030027417827-0400,,,eq,80,81,0.00645501915,0.00640550302
C,los-angeles,2026-07-15,20260715T040415054290-0400,,,eq,80,81,0.00645501915,0.00640550302
C,los-angeles,2026-07-15,20260715T050801568246-0400,,,eq,80,81,0.00645217016,0.006337741
C,los-angeles,2026-07-15,20260715T060235752305-0400,,,eq,80,81,0.00640470983,0.00628641287
C,los-angeles,2026-07-15,20260715T070619363694-0400,,,eq,80,81,0.00638767581,0.00628641287
C,los-angeles,2026-07-15,20260715T080104443802-0400,,,eq,80,81,0.00645805139,0.00628641287
C,los-angeles,2026-07-15,20260715T090506543050-0400,,,eq,80,81,0.00645805139,0.00628641287
C,los-angeles,2026-07-15,20260715T100844881737-0400,,,eq,80,81,0.00645805139,0.00628641287
C,los-angeles,2026-07-15,20260715T110316842210-0400,,,eq,80,81,0.00918817478,0.0127508009
C,los-angeles,2026-07-15,20260715T120705880330-0400,,,eq,80,81,0.0271306809,0.0490237389
C,los-angeles,2026-07-15,20260715T130145402436-0400,,,eq,80,81,0.0755203269,0.0988674509
C,los-angeles,2026-07-15,20260715T140534169632-0400,,,eq,80,81,0.0613970128,0.0907874479
C,los-angeles,2026-07-15,20260715T150027152911-0400,,,eq,80,81,0.17166012,0.16136514
C,los-angeles,2026-07-15,20260715T160414818179-0400,,,eq,80,81,0.153286402,0.154773277
C,los-angeles,2026-07-15,20260715T170804743449-0400,,,eq,80,81,0.0853693308,0.0451294346
C,los-angeles,2026-07-15,20260715T180241701910-0400,,,eq,80,81,0.00299386056,0.00299386056
C,los-angeles,2026-07-15,20260715T190620410145-0400,,,eq,80,81,0.28421908,0.173311371
C,los-angeles,2026-07-15,20260715T200118919016-0400,,,eq,80,81,0.413441874,0.295638195
C,los-angeles,2026-07-15,20260715T210531128418-0400,,,eq,80,81,0.193691101,0.0733341829
C,los-angeles,2026-07-15,20260715T220151103322-0400,,,eq,80,81,0.130687266,0.107518943
C,los-angeles,2026-07-15,20260715T230109724149-0400,,,eq,80,81,0.186867502,0.130931438
C,los-angeles,2026-07-15,20260716T000105150749-0400,,,eq,80,81,0.186867502,0.130931438
C,los-angeles,2026-07-15,20260716T010529337153-0400,,,eq,80,81,0.186867502,0.130931438
C,los-angeles,2026-07-15,20260716T020038696983-0400,,,eq,80,81,0.186867502,0.130931438
C,los-angeles,2026-07-16,20260716T030050275128-0400,,,eq,82,83,0.0151340384,0.0157442873
C,los-angeles,2026-07-16,20260716T040644663072-0400,,,eq,82,83,0.0436687634,0.0152173354
C,los-angeles,2026-07-16,20260716T050119267517-0400,,,eq,82,83,0.0436687634,0.0152173354
C,los-angeles,2026-07-16,20260716T060457488318-0400,,,eq,82,83,0.0456381062,0.0150470807
C,los-angeles,2026-07-16,20260716T070847264158-0400,,,eq,82,83,0.0473993735,0.0150470807
C,los-angeles,2026-07-16,20260716T080327483511-0400,,,eq,82,83,0.0473993735,0.0150470807
C,los-angeles,2026-07-16,20260716T090717300122-0400,,,eq,82,83,0.0209499804,0.0149260334
C,los-angeles,2026-07-16,20260716T100200808307-0400,,,eq,82,83,0.0209499804,0.0149260334
C,los-angeles,2026-07-16,20260716T110549174438-0400,,,eq,82,83,0.023480261,0.0423308538
C,los-angeles,2026-07-16,20260716T120034134957-0400,,,eq,82,83,0.111535682,0.204412715
C,los-angeles,2026-07-16,20260716T130424766741-0400,,,eq,82,83,0.467795586,0.240682151
C,los-angeles,2026-07-16,20260716T140820178283-0400,,,eq,82,83,0.64767911,0.44086496
C,los-angeles,2026-07-16,20260716T150306804125-0400,,,eq,82,83,0.573859451,0.422765981
C,los-angeles,2026-07-16,20260716T160708861798-0400,,,eq,82,83,0.6527843,0.640186876
C,los-angeles,2026-07-16,20260716T170159685307-0400,,,eq,82,83,0.390708458,0.349766495
C,los-angeles,2026-07-16,20260716T180548867308-0400,,,eq,82,83,0.824918258,0.825180013
C,los-angeles,2026-07-16,20260716T190035173122-0400,,,eq,82,83,0.941043652,0.897204222
C,los-angeles,2026-07-16,20260716T201038663621-0400,,,eq,82,83,0.820928282,0.842517907
C,los-angeles,2026-07-16,20260716T211251338357-0400,,,eq,82,83,0.87344439,0.890156889
C,los-angeles,2026-07-16,20260716T220825845080-0400,,,eq,82,83,0.854419209,0.869001361
C,los-angeles,2026-07-16,20260716T230304732903-0400,,,eq,82,83,0.727885699,0.810049285
C,los-angeles,2026-07-16,20260717T000755233374-0400,,,eq,82,83,0.727885699,0.810049285
C,los-angeles,2026-07-16,20260717T010314125847-0400,,,eq,82,83,0.727885699,0.810049285
C,los-angeles,2026-07-16,20260717T020736462226-0400,,,eq,82,83,0.727885699,0.810049285
C,los-angeles,2026-07-17,20260717T030045664699-0400,,,eq,86,87,0.000219470099,0.000249923859
C,los-angeles,2026-07-17,20260717T040440990411-0400,,,eq,86,87,0.000219470099,0.000249923859
C,los-angeles,2026-07-17,20260717T050823594120-0400,,,eq,86,87,6.16398879e-05,7.01951573e-05
C,los-angeles,2026-07-17,20260717T060259090699-0400,,,eq,86,87,1.68068402e-05,1.75962013e-05
C,los-angeles,2026-07-17,20260717T070643373860-0400,,,eq,86,87,1.74940493e-05,1.75962013e-05
C,los-angeles,2026-07-17,20260717T080126734533-0400,,,eq,86,87,1.75042018e-05,1.77642334e-05
C,los-angeles,2026-07-17,20260717T091001161677-0400,,,eq,86,87,6.86264816e-05,7.01951573e-05
C,los-angeles,2026-07-17,20260717T102723854556-0400,,,eq,86,87,6.75783252e-05,7.09593578e-05
C,los-angeles,2026-07-17,20260717T110410741081-0400,,,eq,86,87,0.000532754142,0.00144183477
C,los-angeles,2026-07-17,20260717T121347937411-0400,,,eq,86,87,0.000372048456,0.000403931171
C,los-angeles,2026-07-17,20260717T130830166560-0400,,,eq,86,87,0.00366302386,0.00416816905
C,los-angeles,2026-07-17,20260717T140312551563-0400,,,eq,86,87,0.0191397082,0.0227177067
C,los-angeles,2026-07-17,20260717T150708565610-0400,,,eq,86,87,0.101081555,0.123778031
C,los-angeles,2026-07-17,20260717T160546179828-0400,,,eq,86,87,0.0352437716,0.0360557008
C,los-angeles,2026-07-17,20260717T170023116300-0400,,,eq,86,87,0.996981686,0.997502763
C,los-angeles,2026-07-17,20260717T180425247353-0400,,,eq,86,87,0.949068668,0.962202121
C,los-angeles,2026-07-17,20260717T190123671448-0400,,,eq,86,87,0.960882412,0.986803018
C,los-angeles,2026-07-17,20260717T200522413156-0400,,,eq,86,87,0.996005901,0.995658063
C,los-angeles,2026-07-17,20260717T210007808370-0400,,,eq,86,87,0.983777035,0.977509743
C,los-angeles,2026-07-17,20260717T220418495119-0400,,,eq,86,87,0.986554082,0.987833748
C,los-angeles,2026-07-17,20260717T230839437393-0400,,,eq,86,87,0.982999584,0.985014284
C,los-angeles,2026-07-17,20260718T000748877763-0400,,,eq,86,87,0.982999584,0.985014284
C,los-angeles,2026-07-17,20260718T010305763936-0400,,,eq,86,87,0.982999584,0.985014284
C,los-angeles,2026-07-17,20260718T020722719362-0400,,,eq,86,87,0.982999584,0.985014284
C,los-angeles,2026-07-18,20260718T030244067891-0400,,,eq,78,79,0.483641065,0.582611723
C,los-angeles,2026-07-18,20260718T040636563179-0400,,,eq,78,79,0.48374923,0.582611723
C,los-angeles,2026-07-18,20260718T050115099058-0400,,,eq,78,79,0.591231047,0.60776311
C,los-angeles,2026-07-18,20260718T060502553824-0400,,,eq,78,79,0.686192934,0.732772815
C,los-angeles,2026-07-18,20260718T070847548614-0400,,,eq,78,79,0.731361843,0.732772815
C,los-angeles,2026-07-18,20260718T080327078433-0400,,,eq,78,79,0.729545998,0.730982239
C,los-angeles,2026-07-18,20260718T090714096016-0400,,,eq,78,79,0.73443066,0.730982239
C,los-angeles,2026-07-18,20260718T100208041218-0400,,,eq,78,79,0.561156977,0.604470589
C,los-angeles,2026-07-18,20260718T110603865203-0400,,,eq,78,79,0.061920709,0.117795845
C,los-angeles,2026-07-18,20260718T120040934988-0400,,,eq,78,79,0.426992818,0.308878132
C,los-angeles,2026-07-18,20260718T130430968407-0400,,,eq,78,79,0.53225909,0.507556192
C,los-angeles,2026-07-18,20260718T140817006201-0400,,,eq,78,79,0.742196311,0.761460568
C,los-angeles,2026-07-18,20260718T150259664419-0400,,,eq,78,79,0.720214406,0.725897406
C,los-angeles,2026-07-18,20260718T160653610045-0400,,,eq,78,79,0.782476309,0.775838983
C,los-angeles,2026-07-18,20260718T170142260155-0400,,,eq,78,79,0.950217777,0.972137044
C,los-angeles,2026-07-18,20260718T180530993211-0400,,,eq,78,79,0.937718815,0.963175329
C,los-angeles,2026-07-18,20260718T190013085789-0400,,,eq,78,79,0.924056218,0.954651859
C,los-angeles,2026-07-18,20260718T200422762896-0400,,,eq,78,79,0.798014443,0.868517248
C,los-angeles,2026-07-18,20260718T210813031082-0400,,,eq,78,79,0.790829646,0.9313019
C,los-angeles,2026-07-18,20260718T220311429813-0400,,,eq,78,79,0.888555159,0.969575468
C,los-angeles,2026-07-18,20260718T230742126761-0400,,,eq,78,79,0.979155243,0.953135894
C,los-angeles,2026-07-18,20260719T000055573109-0400,,,eq,78,79,0.979155243,0.953135894
C,los-angeles,2026-07-18,20260719T010522804621-0400,,,eq,78,79,0.979155243,0.953135894
C,los-angeles,2026-07-18,20260719T020041221178-0400,,,eq,78,79,0.979155243,0.953135894
C,los-angeles,2026-07-19,20260719T030345101515-0400,,,eq,76,77,0.0644815047,0.0655038716
C,los-angeles,2026-07-19,20260719T040737714589-0400,,,eq,76,77,0.0623896335,0.0655038716
C,los-angeles,2026-07-19,20260719T050210978473-0400,,,eq,76,77,0.0316306285,0.0306286773
C,los-angeles,2026-07-19,20260719T060552127088-0400,,,eq,76,77,0.0314032811,0.0306286773
C,los-angeles,2026-07-19,20260719T070027324553-0400,,,eq,76,77,0.0394290606,0.0306286773
C,los-angeles,2026-07-19,20260719T080415966590-0400,,,eq,76,77,0.0841147358,0.0656605173
C,los-angeles,2026-07-19,20260719T090803922498-0400,,,eq,76,77,0.0841147358,0.0656605173
C,los-angeles,2026-07-19,20260719T100708152140-0400,,,eq,76,77,0.0677584658,0.0664472527
C,los-angeles,2026-07-19,20260719T110146505696-0400,,,eq,76,77,0.0568531759,0.0642812136
C,los-angeles,2026-07-19,20260719T120536599559-0400,,,eq,76,77,0.0969018501,0.0646206037
C,los-angeles,2026-07-19,20260719T130016639154-0400,,,eq,76,77,0.361893362,0.411183518
C,los-angeles,2026-07-19,20260719T140405236860-0400,,,eq,76,77,0.495696387,0.478146715
C,los-angeles,2026-07-19,20260719T150754803725-0400,,,eq,76,77,0.221797533,0.171738377
C,los-angeles,2026-07-19,20260719T160242357278-0400,,,eq,76,77,0.139537834,0.139873902
C,los-angeles,2026-07-19,20260719T171802928572-0400,,,eq,76,77,0.0540336085,0.0903484967
C,los-angeles,2026-07-19,20260719T180106008560-0400,,,eq,76,77,0.775477257,0.809988165
C,los-angeles,2026-07-19,20260719T190354373490-0400,,,eq,76,77,0.516724692,0.545200731
C,los-angeles,2026-07-19,20260719T202606237386-0400,,,eq,76,77,0.356928988,0.385284398
C,los-angeles,2026-07-19,20260719T211448725282-0400,,,eq,76,77,0.527243372,0.526922688
C,los-angeles,2026-07-19,20260719T220833518284-0400,,,eq,76,77,0.180229774,0.0697362538
C,los-angeles,2026-07-19,20260719T235646353664-0400,,,eq,76,77,0.019495595,0.0557843044
C,los-angeles,2026-07-19,20260720T001420995623-0400,,,eq,76,77,0.019495595,0.0557843044
C,los-angeles,2026-07-19,20260720T010150745118-0400,,,eq,76,77,0.019495595,0.0557843044
C,los-angeles,2026-07-19,20260720T020347931234-0400,,,eq,76,77,0.019495595,0.0557843044
C,los-angeles,2026-07-20,20260720T030011380831-0400,,,eq,80,81,0.00484609891,0.00453916533
C,los-angeles,2026-07-20,20260720T040359765388-0400,,,eq,80,81,0.00484609891,0.00453916533
C,los-angeles,2026-07-20,20260720T050739276597-0400,,,eq,80,81,0.0162805665,0.0160419335
C,los-angeles,2026-07-20,20260720T060212071030-0400,,,eq,80,81,0.0153188558,0.0150847177
C,los-angeles,2026-07-20,20260720T070601164768-0400,,,eq,80,81,0.0154508597,0.0150847177
C,los-angeles,2026-07-20,20260720T080041781831-0400,,,eq,80,81,0.0154508597,0.0150847177
C,los-angeles,2026-07-20,20260720T090442896265-0400,,,eq,80,81,0.0163035807,0.0159998798
C,los-angeles,2026-07-20,20260720T100859847712-0400,,,eq,80,81,0.0163035807,0.0159998798
C,los-angeles,2026-07-20,20260720T110340407169-0400,,,eq,80,81,0.0166446377,0.016528959
C,los-angeles,2026-07-20,20260720T120420632579-0400,,,eq,80,81,0.0298133536,0.0259038628
C,los-angeles,2026-07-20,20260720T131615165475-0400,,,eq,80,81,0.206726932,0.311001959
C,los-angeles,2026-07-20,20260720T140229992425-0400,,,eq,80,81,0.285704114,0.283696879
C,los-angeles,2026-07-20,20260720T150938983166-0400,,,eq,80,81,0.298163876,0.26179941
C,los-angeles,2026-07-20,20260720T162141233130-0400,,,eq,80,81,0.0869542807,0.085558893
C,los-angeles,2026-07-20,20260720T170031017038-0400,,,eq,80,81,0.308606762,0.154204327
C,los-angeles,2026-07-20,20260720T181903671237-0400,,,eq,80,81,0.0595694706,0.0424303649
C,los-angeles,2026-07-20,20260720T190532859394-0400,,,eq,80,81,0.189108868,0.124599278
C,los-angeles,2026-07-20,20260720T200041270824-0400,,,eq,80,81,0.210679615,0.176243986
C,los-angeles,2026-07-20,20260720T210503074285-0400,,,eq,80,81,0.186258418,0.104365023
C,los-angeles,2026-07-20,20260720T220015969308-0400,,,eq,80,81,0.157338834,0.142778076
C,los-angeles,2026-07-20,20260720T230321746726-0400,,,eq,80,81,0.189608564,0.193245228
C,los-angeles,2026-07-20,20260721T000842158853-0400,,,eq,80,81,0.189608564,0.193245228
C,los-angeles,2026-07-20,20260721T010107313851-0400,,,eq,80,81,0.189608564,0.193245228
C,los-angeles,2026-07-20,20260721T020543907038-0400,,,eq,80,81,0.189608564,0.193245228
C,los-angeles,2026-07-21,20260721T030054629959-0400,,,eq,80,81,0.010821798,0.0102864758
C,los-angeles,2026-07-21,20260721T040443267619-0400,,,eq,80,81,0.0107316154,0.0102864758
C,los-angeles,2026-07-21,20260721T050826161913-0400,,,eq,80,81,0.010044234,0.00976828037
C,los-angeles,2026-07-21,20260721T060301583823-0400,,,eq,80,81,0.0165739451,0.0163280052
C,los-angeles,2026-07-21,20260721T070645124011-0400,,,eq,80,81,0.016481898,0.0162031844
C,los-angeles,2026-07-21,20260721T080128943000-0400,,,eq,80,81,0.0164380253,0.0161603927
C,los-angeles,2026-07-21,20260721T090521627370-0400,,,eq,80,81,0.00483195873,0.00476053885
C,los-angeles,2026-07-21,20260721T100001373431-0400,,,eq,80,81,0.00460870545,0.00455068183
C,los-angeles,2026-07-21,20260721T110357134858-0400,,,eq,80,81,0.0105576268,0.0157931606
C,los-angeles,2026-07-21,20260721T120030821196-0400,,,eq,80,81,0.0189414729,0.038369553
C,los-angeles,2026-07-21,20260721T130452689620-0400,,,eq,80,81,0.195293013,0.293903391
C,los-angeles,2026-07-21,20260721T140925037210-0400,,,eq,80,81,0.325248665,0.339510995
C,los-angeles,2026-07-21,20260721T150511457330-0400,,,eq,80,81,0.350961931,0.30978849
C,los-angeles,2026-07-21,20260721T160413177857-0400,,,eq,80,81,0.613335536,0.545076259
C,los-angeles,2026-07-21,20260721T171022047013-0400,,,eq,80,81,0.249322457,0.132828625
C,los-angeles,2026-07-21,20260721T180748106428-0400,,,eq,80,81,0.0571529531,0.0445914118
C,los-angeles,2026-07-21,20260721T190726573691-0400,,,eq,80,81,0.167748827,0.161974598
C,los-angeles,2026-07-21,20260721T200545990990-0400,,,eq,80,81,0.198859074,0.228875754
C,los-angeles,2026-07-21,20260721T210235289777-0400,,,eq,80,81,0.0784865247,0.134246117
C,los-angeles,2026-07-21,20260721T220809111315-0400,,,eq,80,81,0.314770419,0.27879457
C,los-angeles,2026-07-21,20260721T230927183645-0400,,,eq,80,81,0.646088366,0.670269867
C,los-angeles,2026-07-21,20260722T000134122745-0400,,,eq,80,81,0.646088366,0.670269867
C,los-angeles,2026-07-21,20260722T010559189543-0400,,,eq,80,81,0.646088366,0.670269867
C,los-angeles,2026-07-21,20260722T020111201893-0400,,,eq,80,81,0.646088366,0.670269867
C,los-angeles,2026-07-22,20260722T030210600020-0400,,,eq,76,77,0.040237701,0.040943847
C,los-angeles,2026-07-22,20260722T040611744317-0400,,,eq,76,77,0.0387507506,0.0393673993
C,los-angeles,2026-07-22,20260722T050128154145-0400,,,eq,76,77,0.0387362695,0.0390799411
C,los-angeles,2026-07-22,20260722T060510033991-0400,,,eq,76,77,0.0387362695,0.0390799411
C,los-angeles,2026-07-22,20260722T070859526286-0400,,,eq,76,77,0.0390849042,0.0390799411
C,los-angeles,2026-07-22,20260722T080342071136-0400,,,eq,76,77,0.0390849042,0.0390799411
C,los-angeles,2026-07-22,20260722T090735553061-0400,,,eq,76,77,0.0391287867,0.0386542543
C,los-angeles,2026-07-22,20260722T100219816807-0400,,,eq,76,77,0.0389947703,0.0384692183
C,los-angeles,2026-07-22,20260722T110602735380-0400,,,eq,76,77,0.0408029933,0.0435227737
C,los-angeles,2026-07-22,20260722T120051398777-0400,,,eq,76,77,0.0456170885,0.0436723101
C,los-angeles,2026-07-22,20260722T130037810860-0400,,,eq,76,77,0.0445776589,0.0444919126
C,los-angeles,2026-07-22,20260722T140820832841-0400,,,eq,76,77,0.0411111319,0.0418657314
C,los-angeles,2026-07-22,20260722T150308415415-0400,,,eq,76,77,0.112061979,0.113131107
C,los-angeles,2026-07-22,20260722T160713828789-0400,,,eq,76,77,0.12042013,0.130171175
C,los-angeles,2026-07-22,20260722T170158117709-0400,,,eq,76,77,0.244388075,0.174614422
C,los-angeles,2026-07-22,20260722T180547137495-0400,,,eq,76,77,0.349866617,0.596455473
C,los-angeles,2026-07-22,20260722T190104618179-0400,,,eq,76,77,0.29620116,0.410252377
C,los-angeles,2026-07-22,20260722T200531569376-0400,,,eq,76,77,0.24769658,0.295719681
C,los-angeles,2026-07-22,20260722T210015770478-0400,,,eq,76,77,0.199671559,0.428609789
C,los-angeles,2026-07-22,20260722T220555207723-0400,,,eq,76,77,0.628298268,0.140740247
C,los-angeles,2026-07-22,20260722T230102676864-0400,,,eq,76,77,0.05313067,0.0666903004
C,los-angeles,2026-07-22,20260723T000526785595-0400,,,eq,76,77,0.05313067,0.0666903004
C,los-angeles,2026-07-22,20260723T010057815903-0400,,,eq,76,77,0.05313067,0.0666903004
C,los-angeles,2026-07-22,20260723T020516617951-0400,,,eq,76,77,0.0392437692,0.0536968613
C,los-angeles,2026-07-23,20260723T030420508713-0400,,,eq,80,81,0.00824425119,0.00823182634
C,los-angeles,2026-07-23,20260723T040814298853-0400,,,eq,80,81,0.00829164094,0.00823182634
C,los-angeles,2026-07-23,20260723T050514270945-0400,,,eq,80,81,0.00826851687,0.00812533445
C,los-angeles,2026-07-23,20260723T060852313485-0400,,,eq,80,81,0.00818714171,0.00812533445
C,los-angeles,2026-07-23,20260723T070342031520-0400,,,eq,80,81,0.00834046051,0.00812533445
C,los-angeles,2026-07-23,20260723T080731565887-0400,,,eq,80,81,0.00825057446,0.00812533445
C,los-angeles,2026-07-23,20260723T090213022213-0400,,,eq,80,81,0.00834046051,0.00812533445
C,los-angeles,2026-07-23,20260723T100552386225-0400,,,eq,80,81,0.00934354909,0.00831742069
C,los-angeles,2026-07-23,20260723T110030711668-0400,,,eq,80,81,0.0105876709,0.0148146743
C,los-angeles,2026-07-23,20260723T120415130410-0400,,,eq,80,81,0.044957226,0.0488462669
C,los-angeles,2026-07-23,20260723T130803717985-0400,,,eq,80,81,0.076445326,0.0771878619
C,los-angeles,2026-07-23,20260723T140251115279-0400,,,eq,80,81,0.0930818782,0.0887361065
C,los-angeles,2026-07-23,20260723T150640196075-0400,,,eq,80,81,0.167944037,0.166034154
C,los-angeles,2026-07-23,20260723T160133735587-0400,,,eq,80,81,0.111383866,0.118750415
C,los-angeles,2026-07-23,20260723T170517081423-0400,,,eq,80,81,0.102801624,0.0932078529
C,los-angeles,2026-07-23,20260723T180901228530-0400,,,eq,80,81,0.0698209925,0.095476141
C,los-angeles,2026-07-23,20260723T190341518079-0400,,,eq,80,81,0.461118531,0.142023642
C,los-angeles,2026-07-23,20260723T200731481666-0400,,,eq,80,81,0.19063895,0.188489368
C,los-angeles,2026-07-23,20260723T210214561225-0400,,,eq,80,81,0.188673528,0.128640618
C,los-angeles,2026-07-23,20260723T220626556533-0400,,,eq,80,81,0.368369434,0.343824005
C,los-angeles,2026-07-23,20260723T230132641666-0400,,,eq,80,81,0.190530971,0.187778122
C,los-angeles,2026-07-23,20260724T000554484390-0400,,,eq,80,81,0.190530971,0.187778122
C,los-angeles,2026-07-23,20260724T010111701142-0400,,,eq,80,81,0.190530971,0.187778122
C,los-angeles,2026-07-23,20260724T020536006250-0400,,,eq,80,81,0.190530971,0.187778122
C,los-angeles,2026-07-24,20260724T030042021432-0400,,,eq,78,79,0.508759949,0.583604789
C,los-angeles,2026-07-24,20260724T040424612412-0400,,,eq,78,79,0.523339053,0.583604789
C,los-angeles,2026-07-24,20260724T050214880078-0400,,,eq,78,79,0.523748795,0.576553343
C,los-angeles,2026-07-24,20260724T060554755980-0400,,,eq,78,79,0.547431725,0.569075915
C,los-angeles,2026-07-24,20260724T070030891005-0400,,,eq,78,79,0.57375671,0.569075915
C,los-angeles,2026-07-24,20260724T080415999671-0400,,,eq,78,79,0.533830142,0.561847923
C,los-angeles,2026-07-24,20260724T090805231573-0400,,,eq,78,79,0.553934859,0.561847923
C,los-angeles,2026-07-24,20260724T100239108098-0400,,,eq,78,79,0.547431725,0.569075915
C,los-angeles,2026-07-24,20260724T110618382400-0400,,,eq,78,79,0.036814799,0.0524834451
C,los-angeles,2026-07-24,20260724T120054480326-0400,,,eq,78,79,0.120088048,0.0927140465
C,los-angeles,2026-07-24,20260724T130036830976-0400,,,eq,78,79,0.198539494,0.116796489
C,los-angeles,2026-07-24,20260724T140831852451-0400,,,eq,78,79,0.41007224,0.443397614
C,los-angeles,2026-07-24,20260724T150311054191-0400,,,eq,78,79,0.448418839,0.446103591
C,los-angeles,2026-07-24,20260724T160703839234-0400,,,eq,78,79,0.431452647,0.439999209
C,los-angeles,2026-07-24,20260724T170139845335-0400,,,eq,78,79,0.80380034,0.63269801
C,los-angeles,2026-07-24,20260724T180524037090-0400,,,eq,78,79,0.398025971,0.395698259
C,los-angeles,2026-07-24,20260724T190005382503-0400,,,eq,78,79,0.423410557,0.45703182
C,los-angeles,2026-07-24,20260724T200355141240-0400,,,eq,78,79,0.893780755,0.663482907
C,los-angeles,2026-07-24,20260724T210744692197-0400,,,eq,78,79,0.712984149,0.74376689
C,los-angeles,2026-07-24,20260724T220241904358-0400,,,eq,78,79,0.859664813,0.841494969
C,los-angeles,2026-07-24,20260724T230702951953-0400,,,eq,78,79,0.923357542,0.794947162
C,los-angeles,2026-07-24,20260725T000216614210-0400,,,eq,78,79,0.923357542,0.794947162
C,los-angeles,2026-07-24,20260725T010640476293-0400,,,eq,78,79,0.923357542,0.794947162
C,los-angeles,2026-07-24,20260725T020150770445-0400,,,eq,78,79,0.923357542,0.794947162
C,los-angeles,2026-07-25,20260725T030043421162-0400,,,eq,78,79,0.546029031,0.609016313
C,los-angeles,2026-07-25,20260725T040430606198-0400,,,eq,78,79,0.494116015,0.609016313
C,los-angeles,2026-07-25,20260725T050049920282-0400,,,eq,78,79,0.48817884,0.609016313
C,los-angeles,2026-07-25,20260725T060428627044-0400,,,eq,78,79,0.525184094,0.587720015
C,los-angeles,2026-07-25,20260725T070812416965-0400,,,eq,78,79,0.59382502,0.587720015
C,los-angeles,2026-07-25,20260725T080250012868-0400,,,eq,78,79,0.580162,0.585150058
C,los-angeles,2026-07-25,20260725T090636608826-0400,,,eq,78,79,0.580162,0.585150058
C,los-angeles,2026-07-25,20260725T100109800619-0400,,,eq,78,79,0.587061269,0.582306587
C,los-angeles,2026-07-25,20260725T110450268707-0400,,,eq,78,79,0.046394233,0.0745538008
C,los-angeles,2026-07-25,20260725T120837440665-0400,,,eq,78,79,0.262818995,0.173261013
C,los-angeles,2026-07-25,20260725T130311857194-0400,,,eq,78,79,0.395029644,0.356257897
C,los-angeles,2026-07-25,20260725T140659036504-0400,,,eq,78,79,0.438761194,0.458890254
C,los-angeles,2026-07-25,20260725T150140275458-0400,,,eq,78,79,0.455211689,0.46234243
C,los-angeles,2026-07-25,20260725T160537633164-0400,,,eq,78,79,0.442395122,0.440444424
C,los-angeles,2026-07-25,20260725T170014190471-0400,,,eq,78,79,0.796518186,0.62873809
C,los-angeles,2026-07-25,20260725T180356693354-0400,,,eq,78,79,0.263462823,0.267928855
C,los-angeles,2026-07-25,20260725T190748389946-0400,,,eq,78,79,0.397314476,0.421480931
C,los-angeles,2026-07-25,20260725T200238767911-0400,,,eq,78,79,0.8130714,0.464511716
C,los-angeles,2026-07-25,20260725T210630883137-0400,,,eq,78,79,0.598634182,0.636224315
C,los-angeles,2026-07-25,20260725T220149048342-0400,,,eq,78,79,0.930434879,0.924491259
C,los-angeles,2026-07-25,20260725T230031434742-0400,,,eq,78,79,0.966636135,0.90262564
C,los-angeles,2026-07-25,20260726T000537939681-0400,,,eq,78,79,0.919665401,0.789033824
C,los-angeles,2026-07-25,20260726T010114621004-0400,,,eq,78,79,0.919665401,0.789033824
C,los-angeles,2026-07-25,20260726T020549656649-0400,,,eq,78,79,0.919665401,0.789033824
C,los-angeles,2026-07-26,20260726T030036857596-0400,,,eq,78,79,0.527131219,0.587641637
C,los-angeles,2026-07-26,20260726T040447783553-0400,,,eq,78,79,0.472247876,0.587641637
C,los-angeles,2026-07-26,20260726T050959078503-0400,,,eq,78,79,0.477956303,0.587641637
C,los-angeles,2026-07-26,20260726T060724650677-0400,,,eq,78,79,0.518474837,0.58060264
C,los-angeles,2026-07-26,20260726T070200535397-0400,,,eq,78,79,0.577039522,0.58060264
C,los-angeles,2026-07-26,20260726T080542349369-0400,,,eq,78,79,0.572201955,0.581216079
C,los-angeles,2026-07-26,20260726T090019856421-0400,,,eq,78,79,0.572201955,0.581216079
C,los-angeles,2026-07-26,20260726T100400206576-0400,,,eq,78,79,0.572201955,0.581216079
C,los-angeles,2026-07-26,20260726T110754110656-0400,,,eq,78,79,0.0386853691,0.0559958077
C,los-angeles,2026-07-26,20260726T120230364203-0400,,,eq,78,79,0.108716574,0.097049406
C,los-angeles,2026-07-26,20260726T130609901226-0400,,,eq,78,79,0.105774044,0.122378347
C,los-angeles,2026-07-26,20260726T140053281152-0400,,,eq,78,79,0.0885715225,0.0851780672
C,los-angeles,2026-07-26,20260726T150441514328-0400,,,eq,78,79,0.37298741,0.388252129
C,los-angeles,2026-07-26,20260726T160842918754-0400,,,eq,78,79,0.122582702,0.135696064
C,los-angeles,2026-07-26,20260726T170319825315-0400,,,eq,78,79,0.140918476,0.145616885
C,los-angeles,2026-07-26,20260726T180713770993-0400,,,eq,78,79,0.0832366601,0.0672901149
C,los-angeles,2026-07-26,20260726T190151133233-0400,,,eq,78,79,0.284188953,0.27279014
C,los-angeles,2026-07-26,20260726T200545932035-0400,,,eq,78,79,0.240218262,0.218643304
C,los-angeles,2026-07-26,20260726T210029119942-0400,,,eq,78,79,0.164696872,0.192619575
C,los-angeles,2026-07-26,20260726T220446288025-0400,,,eq,78,79,0.189763855,0.196545618
C,los-angeles,2026-07-26,20260726T230913625875-0400,,,eq,78,79,0.244684001,0.213861533
C,los-angeles,2026-07-26,20260727T000424357134-0400,,,eq,78,79,0.244684001,0.213861533
C,los-angeles,2026-07-26,20260727T010841051003-0400,,,eq,78,79,0.244684001,0.213861533
C,los-angeles,2026-07-26,20260727T020350918458-0400,,,eq,78,79,0.310064646,0.276015057
C,los-angeles,2026-07-27,20260727T030037398728-0400,,,eq,78,79,0.477507084,0.587153875
C,los-angeles,2026-07-27,20260727T040421044590-0400,,,eq,78,79,0.48383736,0.593474978
C,los-angeles,2026-07-27,20260727T050226007364-0400,,,eq,78,79,0.518196696,0.579920937
C,los-angeles,2026-07-27,20260727T060609914805-0400,,,eq,78,79,0.518196696,0.579920937
C,los-angeles,2026-07-27,20260727T070043257463-0400,,,eq,78,79,0.576832934,0.579920937
C,los-angeles,2026-07-27,20260727T080425430252-0400,,,eq,78,79,0.568305352,0.571726807
C,los-angeles,2026-07-27,20260727T090818090986-0400,,,eq,78,79,0.577602691,0.571726314
C,los-angeles,2026-07-27,20260727T100257363195-0400,,,eq,78,79,0.577603194,0.571726807
C,los-angeles,2026-07-27,20260727T110642356256-0400,,,eq,78,79,0.0468082879,0.0528614234
C,los-angeles,2026-07-27,20260727T120123196087-0400,,,eq,78,79,0.237952731,0.146978381
C,los-angeles,2026-07-27,20260727T130507227040-0400,,,eq,78,79,0.207406872,0.230120806
C,los-angeles,2026-07-27,20260727T140856523378-0400,,,eq,78,79,0.207272653,0.242721955
C,los-angeles,2026-07-27,20260727T150337975418-0400,,,eq,78,79,0.210967569,0.209757951
C,los-angeles,2026-07-27,20260727T160735894880-0400,,,eq,78,79,0.153264233,0.166053503
C,los-angeles,2026-07-27,20260727T170211241189-0400,,,eq,78,79,0.20964244,0.228935031
C,los-angeles,2026-07-27,20260727T180552364127-0400,,,eq,78,79,0.1523082,0.14224541
C,los-angeles,2026-07-27,20260727T190033321417-0400,,,eq,78,79,0.187949285,0.214227721
C,los-angeles,2026-07-27,20260727T200421822955-0400,,,eq,78,79,0.234089027,0.291783068
C,los-angeles,2026-07-27,20260727T210816337943-0400,,,eq,78,79,0.213171454,0.284861395
C,los-angeles,2026-07-27,20260727T220314921020-0400,,,eq,78,79,0.282927402,0.286505359
C,los-angeles,2026-07-27,20260727T230745372592-0400,,,eq,78,79,0.312329884,0.292751871
C,los-angeles,2026-07-27,20260728T000250985440-0400,,,eq,78,79,0.312329884,0.292751871
C,los-angeles,2026-07-27,20260728T010713139394-0400,,,eq,78,79,0.312329884,0.292751871
C,los-angeles,2026-07-27,20260728T020235290712-0400,,,eq,78,79,0.312329884,0.292751871
C,los-angeles,2026-07-28,20260728T030023171371-0400,,,eq,78,79,0.481117215,0.596744436
C,los-angeles,2026-07-28,20260728T040406961692-0400,,,eq,78,79,0.546165109,0.615857906
C,los-angeles,2026-07-28,20260728T050019951972-0400,,,eq,78,79,0.532197711,0.594799892
C,los-angeles,2026-07-28,20260728T060403986647-0400,,,eq,78,79,0.539779759,0.594799892
C,los-angeles,2026-07-28,20260728T070800641882-0400,,,eq,78,79,0.596752039,0.590340714
C,los-angeles,2026-07-28,20260728T080241434439-0400,,,eq,78,79,0.585402136,0.588526759
C,los-angeles,2026-07-28,20260728T090636195685-0400,,,eq,78,79,0.593701284,0.588526759
C,los-angeles,2026-07-28,20260728T100111723622-0400,,,eq,78,79,0.626037532,0.630565455
C,los-angeles,2026-07-28,20260728T110455483514-0400,,,eq,78,79,0.0922850847,0.0806726504
C,los-angeles,2026-07-28,20260728T120839953993-0400,,,eq,78,79,0.25342325,0.159348975
C,los-angeles,2026-07-28,20260728T130318430530-0400,,,eq,78,79,0.426324865,0.412297333
C,los-angeles,2026-07-28,20260728T140714216808-0400,,,eq,78,79,0.482846028,0.49047655
C,los-angeles,2026-07-28,20260728T150156955614-0400,,,eq,78,79,0.499534595,0.511715277
C,los-angeles,2026-07-28,20260728T160547940234-0400,,,eq,78,79,0.714551698,0.682832602
C,los-angeles,2026-07-28,20260728T170026595095-0400,,,eq,78,79,0.934170769,0.928588489
C,los-angeles,2026-07-28,20260728T180417630332-0400,,,eq,78,79,0.911450496,0.846146728
C,los-angeles,2026-07-28,20260728T190801149025-0400,,,eq,78,79,0.835500742,0.854097665
C,los-angeles,2026-07-28,20260728T200243384046-0400,,,eq,78,79,0.867293916,0.896083558
C,los-angeles,2026-07-28,20260728T210556569415-0400,,,eq,78,79,0.101695777,0.0929325534
C,los-angeles,2026-07-28,20260728T220143929706-0400,,,eq,78,79,0.915097664,0.95888942
C,los-angeles,2026-07-28,20260728T230614125397-0400,,,eq,78,79,0.980430199,0.938571833
C,los-angeles,2026-07-28,20260729T000130292861-0400,,,eq,78,79,0.980430199,0.938571833
C,los-angeles,2026-07-28,20260729T010558998816-0400,,,eq,78,79,0.980430199,0.938571833
C,los-angeles,2026-07-28,20260729T020227386092-0400,,,eq,78,79,0.980430199,0.938571833
C,los-angeles,2026-07-29,20260729T030235825373-0400,,,eq,78,79,0.580626581,0.645334795
C,los-angeles,2026-07-29,20260729T040647057600-0400,,,eq,78,79,0.533139625,0.645334795
C,los-angeles,2026-07-29,20260729T050441819217-0400,,,eq,78,79,0.569678709,0.592661584
C,los-angeles,2026-07-29,20260729T060818885071-0400,,,eq,78,79,0.580626581,0.645334795
C,los-angeles,2026-07-29,20260729T070255008856-0400,,,eq,78,79,0.637164973,0.645334795
C,los-angeles,2026-07-29,20260729T080640045869-0400,,,eq,78,79,0.597382944,0.599747055
C,los-angeles,2026-07-29,20260729T090119498512-0400,,,eq,78,79,0.597382944,0.599747055
C,los-angeles,2026-07-29,20260729T100502245897-0400,,,eq,78,79,0.585287331,0.614341504
C,los-angeles,2026-07-29,20260729T110847829991-0400,,,eq,78,79,0.0808937713,0.0911683386
C,los-angeles,2026-07-29,20260729T120340028352-0400,,,eq,78,79,0.162970777,0.143513006
C,los-angeles,2026-07-29,20260729T130727050564-0400,,,eq,78,79,0.512125514,0.476314845
C,los-angeles,2026-07-29,20260729T140205370728-0400,,,eq,78,79,0.565050121,0.566105083
C,los-angeles,2026-07-29,20260729T150600013802-0400,,,eq,78,79,0.486653271,0.487501725
C,los-angeles,2026-07-29,20260729T160043632583-0400,,,eq,78,79,0.67499825,0.674649609
C,los-angeles,2026-07-29,20260729T170423913290-0400,,,eq,78,79,0.682509453,0.677862089
C,los-angeles,2026-07-29,20260729T180810483797-0400,,,eq,78,79,0.813198414,0.802683714
C,los-angeles,2026-07-29,20260729T190250747349-0400,,,eq,78,79,0.761618238,0.775018033
C,los-angeles,2026-07-29,20260729T200644175513-0400,,,eq,78,79,0.731317998,0.762456861
C,los-angeles,2026-07-29,20260729T210124642875-0400,,,eq,78,79,0.715480607,0.776016828
C,los-angeles,2026-07-29,20260729T220547012823-0400,,,eq,78,79,0.75053149,0.753368146
C,los-angeles,2026-07-29,20260729T230136818273-0400,,,eq,78,79,0.758451826,0.75201143
C,los-angeles,2026-07-29,20260730T000619809565-0400,,,eq,78,79,0.758451826,0.75201143
C,los-angeles,2026-07-29,20260730T010148055729-0400,,,eq,78,79,0.758451826,0.75201143
C,los-angeles,2026-07-29,20260730T020614659851-0400,,,eq,78,79,0.758451826,0.75201143
C,los-angeles,2026-07-30,20260730T030127750070-0400,,,eq,76,77,0.0387637645,0.0386075983
C,los-angeles,2026-07-30,20260730T040536694591-0400,,,eq,76,77,0.0391863694,0.0389734934
C,los-angeles,2026-07-30,20260730T050050225846-0400,,,eq,76,77,0.0400162134,0.0389734934
C,los-angeles,2026-07-30,20260730T060437743665-0400,,,eq,76,77,0.0555760878,0.0444448018
C,los-angeles,2026-07-30,20260730T070850426641-0400,,,eq,76,77,0.0451263035,0.0444448018
C,los-angeles,2026-07-30,20260730T080330033908-0400,,,eq,76,77,0.0456285176,0.043904301
C,los-angeles,2026-07-30,20260730T090721995296-0400,,,eq,76,77,0.0456285176,0.043904301
C,los-angeles,2026-07-30,20260730T100200395365-0400,,,eq,76,77,0.0550067273,0.0439573024
C,los-angeles,2026-07-30,20260730T110538268999-0400,,,eq,76,77,0.0490692956,0.0673795342
C,los-angeles,2026-07-30,20260730T120017143164-0400,,,eq,76,77,0.182230418,0.109959144
C,los-angeles,2026-07-30,20260730T130355834238-0400,,,eq,76,77,0.0953520188,0.134159632
C,los-angeles,2026-07-30,20260730T140747406193-0400,,,eq,76,77,0.0734796526,0.0666807369
C,los-angeles,2026-07-30,20260730T150238742161-0400,,,eq,76,77,0.139634091,0.124587004
C,los-angeles,2026-07-30,20260730T160633159509-0400,,,eq,76,77,0.0912541384,0.101326603
C,los-angeles,2026-07-30,20260730T170107974619-0400,,,eq,76,77,0.0776113774,0.0899141693
C,los-angeles,2026-07-30,20260730T180500813934-0400,,,eq,76,77,0.487222669,0.576873324
C,los-angeles,2026-07-30,20260730T190845629750-0400,,,eq,76,77,0.148555189,0.37409396
C,los-angeles,2026-07-30,20260730T200325263996-0400,,,eq,76,77,0.242523462,0.26991439
C,los-angeles,2026-07-30,20260730T210713671049-0400,,,eq,76,77,0.465422624,0.459568514
C,los-angeles,2026-07-30,20260730T220222273883-0400,,,eq,76,77,0.204283571,0.0805511972
C,los-angeles,2026-07-30,20260730T230647046548-0400,,,eq,76,77,0.0319177622,0.0473918655
C,los-angeles,2026-07-30,20260731T000200013177-0400,,,eq,76,77,0.0319177622,0.0473918655
C,los-angeles,2026-07-30,20260731T010636758998-0400,,,eq,76,77,0.0319177622,0.0473918655
C,los-angeles,2026-07-30,20260731T020245108852-0400,,,eq,76,77,0.0319177622,0.0473918655
C,miami,2026-07-01,20260701T000050-0400,,,eq,92,93,0.622156033,0.622156033
C,miami,2026-07-01,20260701T010420-0400,,,eq,92,93,0.597625981,0.597625981
C,miami,2026-07-01,20260701T020746-0400,,,eq,92,93,0.102570933,0.102570933
C,miami,2026-07-01,20260701T030224-0400,,,eq,92,93,0.141843378,0.141843378
C,miami,2026-07-01,20260701T040553-0400,,,eq,92,93,0.177210868,0.177210868
C,miami,2026-07-01,20260701T050014-0400,,,eq,92,93,0.17782136,0.17782136
C,miami,2026-07-01,20260701T060347-0400,,,eq,92,93,0.62190798,0.62190798
C,miami,2026-07-01,20260701T070712-0400,,,eq,92,93,0.62190798,0.62190798
C,miami,2026-07-01,20260701T080147-0400,,,eq,92,93,0.575790927,0.575790927
C,miami,2026-07-01,20260701T090533-0400,,,eq,92,93,0.111732601,0.111732601
C,miami,2026-07-01,20260701T100600-0400,,,eq,92,93,0.357387644,0.357387644
C,miami,2026-07-01,20260701T110638-0400,,,eq,92,93,0.283684406,0.283684406
C,miami,2026-07-01,20260701T120019-0400,,,eq,92,93,0.931071893,0.931071893
C,miami,2026-07-01,20260701T130345-0400,,,eq,92,93,0.673324929,0.673324929
C,miami,2026-07-01,20260701T140826-0400,,,eq,92,93,0.847009275,0.847009275
C,miami,2026-07-01,20260701T150415-0400,,,eq,92,93,0.987361514,0.987361514
C,miami,2026-07-01,20260701T160703-0400,,,eq,92,93,0.034161006,0.034161006
C,miami,2026-07-01,20260701T170422-0400,,,eq,92,93,0.0296980995,0.0296980995
C,miami,2026-07-01,20260701T180800-0400,,,eq,92,93,0.0340149281,0.0340149281
C,miami,2026-07-01,20260701T190124-0400,,,eq,92,93,0.0344210226,0.0344210226
C,miami,2026-07-01,20260701T200500-0400,,,eq,92,93,0.0362393939,0.0362393939
C,miami,2026-07-01,20260701T210841-0400,,,eq,92,93,0.0333428155,0.0333428155
C,miami,2026-07-01,20260701T220319-0400,,,eq,92,93,0.0343312575,0.0343312575
C,miami,2026-07-01,20260701T230710-0400,,,eq,92,93,0.0334617969,0.0334617969
C,miami,2026-07-02,20260702T000119-0400,,,eq,92,93,0.00266816795,0.00266816795
C,miami,2026-07-02,20260702T010449-0400,,,eq,92,93,0.00188864931,0.00188864931
C,miami,2026-07-02,20260702T020823-0400,,,eq,92,93,0.00184654549,0.00184654549
C,miami,2026-07-02,20260702T030255-0400,,,eq,92,93,0.0159776787,0.0159776787
C,miami,2026-07-02,20260702T040636-0400,,,eq,92,93,0.0196860611,0.0196860611
C,miami,2026-07-02,20260702T050056-0400,,,eq,92,93,0.00494044079,0.00494044079
C,miami,2026-07-02,20260702T060421-0400,,,eq,92,93,0.00494044079,0.00494044079
C,miami,2026-07-02,20260702T070752-0400,,,eq,92,93,0.00494044079,0.00494044079
C,miami,2026-07-02,20260702T080220-0400,,,eq,92,93,0.0208506258,0.0208506258
C,miami,2026-07-02,20260702T090554-0400,,,eq,92,93,0.00499428764,0.00499428764
C,miami,2026-07-02,20260702T100250-0400,,,eq,92,93,0.0129958088,0.0129958088
C,miami,2026-07-02,20260702T110329-0400,,,eq,92,93,0.0103710409,0.0103710409
C,miami,2026-07-02,20260702T120035-0400,,,eq,92,93,0.0083402692,0.0083402692
C,miami,2026-07-02,20260702T130416-0400,,,eq,92,93,0.824132858,0.824132858
C,miami,2026-07-02,20260702T140804-0400,,,eq,92,93,0.038760503,0.038760503
C,miami,2026-07-02,20260702T150255-0400,,,eq,92,93,0.0221191862,0.0221191862
C,miami,2026-07-02,20260702T160630-0400,,,eq,92,93,0.0341388358,0.0341388358
C,miami,2026-07-02,20260702T170056-0400,,,eq,92,93,0.0318376983,0.0318376983
C,miami,2026-07-02,20260702T181440-0400,,,eq,92,93,0.935445953,0.938873744
C,miami,2026-07-02,20260702T190030-0400,,,eq,92,93,0.93898853,0.939692032
C,miami,2026-07-02,20260702T200422-0400,,,eq,92,93,0.938884543,0.940704452
C,miami,2026-07-02,20260702T210815-0400,,,eq,92,93,0.93887375,0.940704802
C,miami,2026-07-02,20260702T220604-0400,,,eq,92,93,0.93887375,0.940704802
C,miami,2026-07-02,20260702T230054-0400,,,eq,92,93,0.938875978,0.940717263
C,miami,2026-07-03,20260703T000306-0400,,,eq,90,91,0.63765353,0.459465172
C,miami,2026-07-03,20260703T010105-0400,,,eq,90,91,0.570343604,0.558481892
C,miami,2026-07-03,20260703T020844-0400,,,eq,90,91,0.565937364,0.692210172
C,miami,2026-07-03,20260703T030150-0400,,,eq,90,91,0.391897579,0.409345483
C,miami,2026-07-03,20260703T040530-0400,,,eq,90,91,0.553469441,0.677036229
C,miami,2026-07-03,20260703T050856-0400,,,eq,90,91,0.489148785,0.632706183
C,miami,2026-07-03,20260703T060319-0400,,,eq,90,91,0.502515094,0.653483316
C,miami,2026-07-03,20260703T070651-0400,,,eq,90,91,0.35345292,0.288899104
C,miami,2026-07-03,20260703T080125-0400,,,eq,90,91,0.58151246,0.628399894
C,miami,2026-07-03,20260703T090503-0400,,,eq,90,91,0.782817135,0.79128022
C,miami,2026-07-03,20260703T100427-0400,,,eq,90,91,0.820057686,0.80894482
C,miami,2026-07-03,20260703T110723-0400,,,eq,90,91,0.778110424,0.718107924
C,miami,2026-07-03,20260703T120209-0400,,,eq,90,91,0.904933686,0.900920312
C,miami,2026-07-03,20260703T131230-0400,,,eq,90,91,0.876191987,0.865654881
C,miami,2026-07-03,20260703T140401-0400,,,eq,90,91,0.203476645,0.198721341
C,miami,2026-07-03,20260703T150056-0400,,,eq,90,91,0.113345347,0.11872502
C,miami,2026-07-03,20260703T160931-0400,,,eq,90,91,0.842241688,0.850960491
C,miami,2026-07-03,20260703T170313-0400,,,eq,90,91,0.917062242,0.919116284
C,miami,2026-07-03,20260703T182705-0400,,,eq,90,91,0.917092651,0.917804198
C,miami,2026-07-03,20260703T190338-0400,,,eq,90,91,0.917633814,0.91843797
C,miami,2026-07-03,20260703T204506537093-0400,,,eq,90,91,0.87891009,0.876845943
C,miami,2026-07-03,20260703T211356355084-0400,,,eq,90,91,0.879560456,0.878266023
C,miami,2026-07-03,20260703T223700807660-0400,,,eq,90,91,0.879560456,0.878266023
C,miami,2026-07-03,20260703T231656863078-0400,,,eq,90,91,0.879560456,0.878266023
C,miami,2026-07-04,20260704T000031494008-0400,,,eq,90,91,0.747979216,0.693012496
C,miami,2026-07-04,20260704T010419614445-0400,,,eq,90,91,0.666739926,0.666739926
C,miami,2026-07-04,20260704T020344829582-0400,,,eq,90,91,0.681209743,0.693012486
C,miami,2026-07-04,20260704T030237239019-0400,,,eq,90,91,0.353956374,0.371654995
C,miami,2026-07-04,20260704T040620239116-0400,,,eq,90,91,0.42742393,0.618744689
C,miami,2026-07-04,20260704T050047174798-0400,,,eq,90,91,0.6159438,0.682926158
C,miami,2026-07-04,20260704T060418529136-0400,,,eq,90,91,0.629527704,0.629527704
C,miami,2026-07-04,20260704T070746902009-0400,,,eq,90,91,0.488462508,0.609173728
C,miami,2026-07-04,20260704T080214216493-0400,,,eq,90,91,0.614518637,0.383296581
C,miami,2026-07-04,20260704T090554576441-0400,,,eq,90,91,0.775267356,0.767545058
C,miami,2026-07-04,20260704T100715163451-0400,,,eq,90,91,0.454099445,0.274107994
C,miami,2026-07-04,20260704T110529112375-0400,,,eq,90,91,0.732961988,0.608086951
C,miami,2026-07-04,20260704T120346969482-0400,,,eq,90,91,0.962157163,0.96934786
C,miami,2026-07-04,20260704T130400255806-0400,,,eq,90,91,0.950195969,0.951405975
C,miami,2026-07-04,20260704T140506219701-0400,,,eq,90,91,0.778786292,0.793466887
C,miami,2026-07-04,20260704T151030560908-0400,,,eq,90,91,0.934017395,0.933408375
C,miami,2026-07-04,20260704T160937297708-0400,,,eq,90,91,0.898342167,0.898742986
C,miami,2026-07-04,20260704T170640002507-0400,,,eq,90,91,0.951404939,0.952209704
C,miami,2026-07-04,20260704T180728455186-0400,,,eq,90,91,0.152877734,0.152877734
C,miami,2026-07-04,20260704T190153810291-0400,,,eq,90,91,0.161038336,0.161038336
C,miami,2026-07-04,20260704T200532411683-0400,,,eq,90,91,0.952010838,0.951739281
C,miami,2026-07-04,20260704T210903025216-0400,,,eq,90,91,0.951935345,0.951815661
C,miami,2026-07-04,20260704T220348353632-0400,,,eq,90,91,0.951935345,0.951815661
C,miami,2026-07-04,20260704T230734103222-0400,,,eq,90,91,0.951935345,0.951815661
C,miami,2026-07-05,20260705T000130172467-0400,,,eq,94,95,0.000888757989,0.000718573429
C,miami,2026-07-05,20260705T010459588175-0400,,,eq,94,95,0.00148002359,0.00111951939
C,miami,2026-07-05,20260705T020832595603-0400,,,eq,94,95,0.000224016019,0.000220108026
C,miami,2026-07-05,20260705T030259636171-0400,,,eq,94,95,0.000365439155,0.000277855532
C,miami,2026-07-05,20260705T040630721922-0400,,,eq,94,95,0.000265328444,0.000263136523
C,miami,2026-07-05,20260705T050051864561-0400,,,eq,94,95,0.000863647002,0.000792918402
C,miami,2026-07-05,20260705T060415667362-0400,,,eq,94,95,0.00075377154,0.000769789618
C,miami,2026-07-05,20260705T070754497618-0400,,,eq,94,95,0.00075377154,0.000769789618
C,miami,2026-07-05,20260705T080217607877-0400,,,eq,94,95,0.000794016806,0.00108194732
C,miami,2026-07-05,20260705T090553641036-0400,,,eq,94,95,0.000497130394,0.000808624211
C,miami,2026-07-05,20260705T101142701144-0400,,,eq,94,95,0.000431326748,0.000480530344
C,miami,2026-07-05,20260705T110109706661-0400,,,eq,94,95,0.00130862117,0.00141792685
C,miami,2026-07-05,20260705T120009029661-0400,,,eq,94,95,0.72330517,0.0756582076
C,miami,2026-07-05,20260705T130339434546-0400,,,eq,94,95,0.959689214,0.883890929
C,miami,2026-07-05,20260705T140718786750-0400,,,eq,94,95,0.990241046,0.993678169
C,miami,2026-07-05,20260705T150152319290-0400,,,eq,94,95,0.999781328,0.999771889
C,miami,2026-07-05,20260705T160525963741-0400,,,eq,94,95,0.987699986,0.986730722
C,miami,2026-07-05,20260705T170903033957-0400,,,eq,94,95,0.994536379,0.99383774
C,miami,2026-07-05,20260705T180747794439-0400,,,eq,94,95,0.9895056,0.992125815
C,miami,2026-07-05,20260705T190623362216-0400,,,eq,94,95,0.995101428,0.990801123
C,miami,2026-07-05,20260705T202711807663-0400,,,eq,94,95,0.993036101,0.980653345
C,miami,2026-07-05,20260705T210344813796-0400,,,eq,94,95,0.993036101,0.980653367
C,miami,2026-07-05,20260705T221304936194-0400,,,eq,94,95,0.996230604,0.990419175
C,miami,2026-07-05,20260705T233030477052-0400,,,eq,94,95,0.994819917,0.991519757
C,miami,2026-07-07,20260707T001607299469-0400,,,eq,92,93,0.00610778337,0.00547535105
C,miami,2026-07-07,20260707T010527277306-0400,,,eq,92,93,0.00611062048,0.00547535105
C,miami,2026-07-07,20260707T020403928119-0400,,,eq,92,93,0.00629707065,0.00547535105
C,miami,2026-07-07,20260707T030719660476-0400,,,eq,92,93,0.00629707065,0.00547535105
C,miami,2026-07-07,20260707T040149618500-0400,,,eq,92,93,0.00656644777,0.00641012613
C,miami,2026-07-07,20260707T050516109052-0400,,,eq,92,93,0.00596471916,0.0064066982
C,miami,2026-07-07,20260707T060845729534-0400,,,eq,92,93,0.0065208343,0.00640292903
C,miami,2026-07-07,20260707T070311691054-0400,,,eq,92,93,0.00890370942,0.00828794416
C,miami,2026-07-07,20260707T080644657964-0400,,,eq,92,93,0.00823050226,0.0100961159
C,miami,2026-07-07,20260707T090112003578-0400,,,eq,92,93,0.0136899974,0.0120108994
C,miami,2026-07-07,20260707T102104095332-0400,,,eq,92,93,0.0169560214,0.0191937408
C,miami,2026-07-07,20260707T110708554972-0400,,,eq,92,93,0.0338122671,0.0366235765
C,miami,2026-07-07,20260707T120743497586-0400,,,eq,92,93,0.401939035,0.393999115
C,miami,2026-07-07,20260707T130227461367-0400,,,eq,92,93,0.579783778,0.574417614
C,miami,2026-07-07,20260707T140536220906-0400,,,eq,92,93,0.734568177,0.74805364
C,miami,2026-07-07,20260707T150456650563-0400,,,eq,92,93,0.960312983,0.965069138
C,miami,2026-07-07,20260707T160222334748-0400,,,eq,92,93,0.908412415,0.912544348
C,miami,2026-07-07,20260707T170623686316-0400,,,eq,92,93,0.919025642,0.919982538
C,miami,2026-07-07,20260707T180635748658-0400,,,eq,92,93,0.908557357,0.918077054
C,miami,2026-07-07,20260707T190117214654-0400,,,eq,92,93,0.920644925,0.920678127
C,miami,2026-07-07,20260707T200448583946-0400,,,eq,92,93,0.921037742,0.921035472
C,miami,2026-07-07,20260707T210825657868-0400,,,eq,92,93,0.921025907,0.921035456
C,miami,2026-07-07,20260707T220307057110-0400,,,eq,92,93,0.921025907,0.921035456
C,miami,2026-07-07,20260707T230705957667-0400,,,eq,92,93,0.92096149,0.920975359
C,miami,2026-07-08,20260708T000158514832-0400,,,eq,92,93,0.251707295,0.470168491
C,miami,2026-07-08,20260708T010533203690-0400,,,eq,92,93,0.16994901,0.470168491
C,miami,2026-07-08,20260708T020904442508-0400,,,eq,92,93,0.251094141,0.470168491
C,miami,2026-07-08,20260708T030341752569-0400,,,eq,92,93,0.252965395,0.474406295
C,miami,2026-07-08,20260708T040707735915-0400,,,eq,92,93,0.280217019,0.473293351
C,miami,2026-07-08,20260708T050129817589-0400,,,eq,92,93,0.11830781,0.474406295
C,miami,2026-07-08,20260708T060452320823-0400,,,eq,92,93,0.280924977,0.478375904
C,miami,2026-07-08,20260708T070824780185-0400,,,eq,92,93,0.124804496,0.387025323
C,miami,2026-07-08,20260708T080259403361-0400,,,eq,92,93,0.533245154,0.631158641
C,miami,2026-07-08,20260708T090646398641-0400,,,eq,92,93,0.551027422,0.456404013
C,miami,2026-07-08,20260708T100846367400-0400,,,eq,92,93,0.49589605,0.340805689
C,miami,2026-07-08,20260708T110316871358-0400,,,eq,92,93,0.608311789,0.400494381
C,miami,2026-07-08,20260708T120414422422-0400,,,eq,92,93,0.551267807,0.36979572
C,miami,2026-07-08,20260708T130353554637-0400,,,eq,92,93,0.606942309,0.618123469
C,miami,2026-07-08,20260708T140033162444-0400,,,eq,92,93,0.972585365,0.956344306
C,miami,2026-07-08,20260708T150006079631-0400,,,eq,92,93,0.997323719,0.997522994
C,miami,2026-07-08,20260708T160125683508-0400,,,eq,92,93,0.990380488,0.99101402
C,miami,2026-07-08,20260708T171351316335-0400,,,eq,92,93,0.991471018,0.991388474
C,miami,2026-07-08,20260708T180841622427-0400,,,eq,92,93,0.99107446,0.991337116
C,miami,2026-07-08,20260708T190300997824-0400,,,eq,92,93,0.995832566,0.995826668
C,miami,2026-07-08,20260708T200028624288-0400,,,eq,92,93,0.995852465,0.995852119
C,miami,2026-07-08,20260708T210802373717-0400,,,eq,92,93,0.995852293,0.995852243
C,miami,2026-07-08,20260708T220100545907-0400,,,eq,92,93,0.995852293,0.995852243
C,miami,2026-07-08,20260708T230459880959-0400,,,eq,92,93,0.995852293,0.995852243
C,miami,2026-07-09,20260709T000018992076-0400,,,eq,90,91,0.53257495,0.21096829
C,miami,2026-07-09,20260709T010352919915-0400,,,eq,90,91,0.482982706,0.210186212
C,miami,2026-07-09,20260709T020722116014-0400,,,eq,90,91,0.467680795,0.210088405
C,miami,2026-07-09,20260709T030206102671-0400,,,eq,90,91,0.381413641,0.210103101
C,miami,2026-07-09,20260709T040534959711-0400,,,eq,90,91,0.465381117,0.210103101
C,miami,2026-07-09,20260709T050901700012-0400,,,eq,90,91,0.536762789,0.331170707
C,miami,2026-07-09,20260709T060325150346-0400,,,eq,90,91,0.527134425,0.33120179
C,miami,2026-07-09,20260709T070704313656-0400,,,eq,90,91,0.508333601,0.331104815
C,miami,2026-07-09,20260709T080130969576-0400,,,eq,90,91,0.603906758,0.320027724
C,miami,2026-07-09,20260709T090021410788-0400,,,eq,90,91,0.461122967,0.491342539
C,miami,2026-07-09,20260709T100944758262-0400,,,eq,90,91,0.434399495,0.549442565
C,miami,2026-07-09,20260709T111054977824-0400,,,eq,90,91,0.45556593,0.467660933
C,miami,2026-07-09,20260709T120556505199-0400,,,eq,90,91,0.436732449,0.547952929
C,miami,2026-07-09,20260709T130836260738-0400,,,eq,90,91,0.269586992,0.29387383
C,miami,2026-07-09,20260709T142849989103-0400,,,eq,90,91,0.648443894,0.642272179
C,miami,2026-07-09,20260709T150513038919-0400,,,eq,90,91,0.597871373,0.749804071
C,miami,2026-07-09,20260709T160915608283-0400,,,eq,90,91,0.74465231,0.754758307
C,miami,2026-07-09,20260709T172943338323-0400,,,eq,90,91,0.900913696,0.905757086
C,miami,2026-07-09,20260709T180655778596-0400,,,eq,90,91,0.903056195,0.904872722
C,miami,2026-07-09,20260709T194531660648-0400,,,eq,90,91,0.933590021,0.933579466
C,miami,2026-07-09,20260709T200420957457-0400,,,eq,90,91,0.933397828,0.93340602
C,miami,2026-07-09,20260709T211121595358-0400,,,eq,90,91,0.933415729,0.933419189
C,miami,2026-07-09,20260709T220729239362-0400,,,eq,90,91,0.933415729,0.933419189
C,miami,2026-07-09,20260709T230649289228-0400,,,eq,90,91,0.933415729,0.933419189
C,miami,2026-07-10,20260710T000209494876-0400,,,eq,92,93,0.203972594,0.622363266
C,miami,2026-07-10,20260710T010605237438-0400,,,eq,92,93,0.297843634,0.622363266
C,miami,2026-07-10,20260710T020859739702-0400,,,eq,92,93,0.207873737,0.625774384
C,miami,2026-07-10,20260710T030707891379-0400,,,eq,92,93,0.316048474,0.612332471
C,miami,2026-07-10,20260710T040151903155-0400,,,eq,92,93,0.217559002,0.612332471
C,miami,2026-07-10,20260710T050829084455-0400,,,eq,92,93,0.18630497,0.487024485
C,miami,2026-07-10,20260710T060657125814-0400,,,eq,92,93,0.186810483,0.479822526
C,miami,2026-07-10,20260710T070132417237-0400,,,eq,92,93,0.330184921,0.615388936
C,miami,2026-07-10,20260710T080457204279-0400,,,eq,92,93,0.556201357,0.745609904
C,miami,2026-07-10,20260710T090834296648-0400,,,eq,92,93,0.517178569,0.651580999
C,miami,2026-07-10,20260710T100825667917-0400,,,eq,92,93,0.403709098,0.352177907
C,miami,2026-07-10,20260710T110540709701-0400,,,eq,92,93,0.31682816,0.30954711
C,miami,2026-07-10,20260710T120025983665-0400,,,eq,92,93,0.502676854,0.385243112
C,miami,2026-07-10,20260710T130047227848-0400,,,eq,92,93,0.954398704,0.970459125
C,miami,2026-07-10,20260710T140057347228-0400,,,eq,92,93,0.984727938,0.972968948
C,miami,2026-07-10,20260710T151338882763-0400,,,eq,92,93,0.997692403,0.997381222
C,miami,2026-07-10,20260710T160136887793-0400,,,eq,92,93,0.991254359,0.991286382
C,miami,2026-07-10,20260710T171038013374-0400,,,eq,92,93,0.98995368,0.989963419
C,miami,2026-07-10,20260710T181453851010-0400,,,eq,92,93,0.995858732,0.995860487
C,miami,2026-07-10,20260710T190003564398-0400,,,eq,92,93,0.990245151,0.990229346
C,miami,2026-07-10,20260710T200841642044-0400,,,eq,92,93,0.990063735,0.990286847
C,miami,2026-07-10,20260710T210316081004-0400,,,eq,92,93,0.990063725,0.990288903
C,miami,2026-07-10,20260710T222143810187-0400,,,eq,92,93,0.990063725,0.990288903
C,miami,2026-07-10,20260710T230721488872-0400,,,eq,92,93,0.989956155,0.990077054
C,miami,2026-07-11,20260711T000020285031-0400,,,eq,90,91,0.479746823,0.53770667
C,miami,2026-07-11,20260711T010356437060-0400,,,eq,90,91,0.373800518,0.401342637
C,miami,2026-07-11,20260711T020501893419-0400,,,eq,90,91,0.371883896,0.439604019
C,miami,2026-07-11,20260711T031822884573-0400,,,eq,90,91,0.374050108,0.418843946
C,miami,2026-07-11,20260711T044053944727-0400,,,eq,90,91,0.376070398,0.384601907
C,miami,2026-07-11,20260711T050059426471-0400,,,eq,90,91,0.372490184,0.384601907
C,miami,2026-07-11,20260711T060443510594-0400,,,eq,90,91,0.380496865,0.410345849
C,miami,2026-07-11,20260711T070811404206-0400,,,eq,90,91,0.392994325,0.532425485
C,miami,2026-07-11,20260711T080254452060-0400,,,eq,90,91,0.687543396,0.570575207
C,miami,2026-07-11,20260711T090646909797-0400,,,eq,90,91,0.712091244,0.597443539
C,miami,2026-07-11,20260711T103821443590-0400,,,eq,90,91,0.376074322,0.344776887
C,miami,2026-07-11,20260711T110120760492-0400,,,eq,90,91,0.393385066,0.3739705
C,miami,2026-07-11,20260711T120535477788-0400,,,eq,90,91,0.388182602,0.451617824
C,miami,2026-07-11,20260711T130524117442-0400,,,eq,90,91,0.302060161,0.324117497
C,miami,2026-07-11,20260711T140655303253-0400,,,eq,90,91,0.856158655,0.857239464
C,miami,2026-07-11,20260711T150826970640-0400,,,eq,90,91,0.906706292,0.908344672
C,miami,2026-07-11,20260711T160344764958-0400,,,eq,90,91,0.846415793,0.833365159
C,miami,2026-07-11,20260711T170118431310-0400,,,eq,90,91,0.836866971,0.837887449
C,miami,2026-07-11,20260711T180827759880-0400,,,eq,90,91,0.83695267,0.836864607
C,miami,2026-07-11,20260711T190605596491-0400,,,eq,90,91,0.934188206,0.934197289
C,miami,2026-07-11,20260711T200902784293-0400,,,eq,90,91,0.868272861,0.869535458
C,miami,2026-07-11,20260711T211344066455-0400,,,eq,90,91,0.868258492,0.869535475
C,miami,2026-07-11,20260711T221650952526-0400,,,eq,90,91,0.83093043,0.832873572
C,miami,2026-07-14,20260714T000040672341-0400,,,eq,94,95,0.048698746,0.208048879
C,miami,2026-07-14,20260714T010808732194-0400,,,eq,94,95,0.0504054163,0.184518261
C,miami,2026-07-14,20260714T020523461495-0400,,,eq,94,95,0.0440318043,0.0712881021
C,miami,2026-07-14,20260714T030149940237-0400,,,eq,94,95,0.0455790197,0.0712881021
C,miami,2026-07-14,20260714T040535227485-0400,,,eq,94,95,0.0420867936,0.0495281597
C,miami,2026-07-14,20260714T050004340337-0400,,,eq,94,95,0.0584933372,0.0495281597
C,miami,2026-07-14,20260714T060344205216-0400,,,eq,94,95,0.057419917,0.0495281597
C,miami,2026-07-14,20260714T070724442998-0400,,,eq,94,95,0.0557650429,0.0787101183
C,miami,2026-07-14,20260714T080200444054-0400,,,eq,94,95,0.172494445,0.0476516101
C,miami,2026-07-14,20260714T090833147562-0400,,,eq,94,95,0.228129619,0.0369656856
C,miami,2026-07-14,20260714T104026216838-0400,,,eq,94,95,0.0885926896,0.0810505063
C,miami,2026-07-14,20260714T110750363706-0400,,,eq,94,95,0.0578774538,0.0559616311
C,miami,2026-07-14,20260714T120245142094-0400,,,eq,94,95,0.0506095828,0.0564024349
C,miami,2026-07-14,20260714T130711628341-0400,,,eq,94,95,0.354105461,0.160695489
C,miami,2026-07-14,20260714T140144821059-0400,,,eq,94,95,0.232040774,0.429338631
C,miami,2026-07-14,20260714T150530178777-0400,,,eq,94,95,0.464826648,0.75442301
C,miami,2026-07-14,20260714T160010145291-0400,,,eq,94,95,0.977954427,0.979263237
C,miami,2026-07-14,20260714T170352615024-0400,,,eq,94,95,0.953830522,0.969344971
C,miami,2026-07-14,20260714T180806295229-0400,,,eq,94,95,0.974833723,0.968959005
C,miami,2026-07-14,20260714T190301156296-0400,,,eq,94,95,0.937537794,0.943685661
C,miami,2026-07-14,20260714T200646068076-0400,,,eq,94,95,0.882190106,0.923776308
C,miami,2026-07-14,20260714T210130257748-0400,,,eq,94,95,0.900738611,0.923769292
C,miami,2026-07-14,20260714T220030328001-0400,,,eq,94,95,0.922693033,0.958369925
C,miami,2026-07-14,20260714T230824669143-0400,,,eq,94,95,0.900738611,0.923769292
C,miami,2026-07-15,20260715T000045420006-0400,,,eq,92,93,0.331444567,0.622460594
C,miami,2026-07-15,20260715T010759815342-0400,,,eq,92,93,0.421930985,0.622114777
C,miami,2026-07-15,20260715T020437040103-0400,,,eq,92,93,0.32753752,0.621968609
C,miami,2026-07-15,20260715T030030875659-0400,,,eq,92,93,0.604703025,0.651178172
C,miami,2026-07-15,20260715T040422663322-0400,,,eq,92,93,0.604077737,0.649307373
C,miami,2026-07-15,20260715T050808775696-0400,,,eq,92,93,0.377379536,0.649307373
C,miami,2026-07-15,20260715T060249341110-0400,,,eq,92,93,0.375372293,0.649307373
C,miami,2026-07-15,20260715T070627836316-0400,,,eq,92,93,0.129332325,0.303557044
C,miami,2026-07-15,20260715T080113791888-0400,,,eq,92,93,0.13555266,0.220440064
C,miami,2026-07-15,20260715T090515871905-0400,,,eq,92,93,0.280243438,0.262824749
C,miami,2026-07-15,20260715T100004242311-0400,,,eq,92,93,0.214355805,0.281022361
C,miami,2026-07-15,20260715T110341360150-0400,,,eq,92,93,0.593131825,0.452694129
C,miami,2026-07-15,20260715T120722543243-0400,,,eq,92,93,0.242154887,0.301919228
C,miami,2026-07-15,20260715T130209503779-0400,,,eq,92,93,0.443263454,0.795667828
C,miami,2026-07-15,20260715T140552491812-0400,,,eq,92,93,0.783446366,0.67160409
C,miami,2026-07-15,20260715T150056096556-0400,,,eq,92,93,0.166724801,0.22222001
C,miami,2026-07-15,20260715T160444252471-0400,,,eq,92,93,0.824922058,0.834890144
C,miami,2026-07-15,20260715T170830611184-0400,,,eq,92,93,0.786279907,0.655083886
C,miami,2026-07-15,20260715T180304329627-0400,,,eq,92,93,0.657989857,0.666454188
C,miami,2026-07-15,20260715T190645677576-0400,,,eq,92,93,0.776828402,0.751033306
C,miami,2026-07-15,20260715T200146862308-0400,,,eq,92,93,0.731790638,0.827449287
C,miami,2026-07-15,20260715T210558031879-0400,,,eq,92,93,0.095482845,0.095482845
C,miami,2026-07-15,20260715T220337994617-0400,,,eq,92,93,0.373557227,0.626107546
C,miami,2026-07-15,20260715T230242705144-0400,,,eq,92,93,0.373557227,0.626107546
C,miami,2026-07-16,20260716T000048672022-0400,,,eq,96,97,0.00714710057,0.007117028
C,miami,2026-07-16,20260716T010448297282-0400,,,eq,96,97,0.00714710057,0.007117028
C,miami,2026-07-16,20260716T020836488520-0400,,,eq,96,97,0.00696115983,0.00697258757
C,miami,2026-07-16,20260716T030313275263-0400,,,eq,96,97,0.00715304642,0.00716605835
C,miami,2026-07-16,20260716T040710753042-0400,,,eq,96,97,0.00722517552,0.00716605835
C,miami,2026-07-16,20260716T050154134641-0400,,,eq,96,97,0.00709105167,0.00716605835
C,miami,2026-07-16,20260716T060534787551-0400,,,eq,96,97,0.00722517552,0.00716605835
C,miami,2026-07-16,20260716T070010688769-0400,,,eq,96,97,0.00736170408,0.00708748122
C,miami,2026-07-16,20260716T080411745010-0400,,,eq,96,97,0.00724088962,0.00691139059
C,miami,2026-07-16,20260716T090807574434-0400,,,eq,96,97,0.00696149299,0.0063182774
C,miami,2026-07-16,20260716T100249652489-0400,,,eq,96,97,0.0110249796,0.0109805662
C,miami,2026-07-16,20260716T110640294268-0400,,,eq,96,97,0.0169185218,0.0205002494
C,miami,2026-07-16,20260716T120120839250-0400,,,eq,96,97,0.0153035755,0.0639521759
C,miami,2026-07-16,20260716T130510588554-0400,,,eq,96,97,0.0377719394,0.0522033422
C,miami,2026-07-16,20260716T140908515534-0400,,,eq,96,97,0.0178262217,0.0178262217
C,miami,2026-07-16,20260716T150358660758-0400,,,eq,96,97,0.38800996,0.245397753
C,miami,2026-07-16,20260716T160803411928-0400,,,eq,96,97,0.684413204,0.684413204
C,miami,2026-07-16,20260716T170007586300-0400,,,eq,96,97,0.60333597,0.60333597
C,miami,2026-07-16,20260716T180628454018-0400,,,eq,96,97,0.577843785,0.577843785
C,miami,2026-07-16,20260716T190114054720-0400,,,eq,96,97,0.632363262,0.632363262
C,miami,2026-07-16,20260716T201046237154-0400,,,eq,96,97,0.632363262,0.632363262
C,miami,2026-07-16,20260716T211257664888-0400,,,eq,96,97,0.632363262,0.632363262
C,miami,2026-07-16,20260716T220850540846-0400,,,eq,96,97,0.632363262,0.632363262
C,miami,2026-07-16,20260716T230312775997-0400,,,eq,96,97,0.632363262,0.632363262
C,miami,2026-07-17,20260717T000036028116-0400,,,eq,92,93,0.573982968,0.72136809
C,miami,2026-07-17,20260717T010433044688-0400,,,eq,92,93,0.719730169,0.72136809
C,miami,2026-07-17,20260717T020902405271-0400,,,eq,92,93,0.43462749,0.731126782
C,miami,2026-07-17,20260717T030414974929-0400,,,eq,92,93,0.427163347,0.73200043
C,miami,2026-07-17,20260717T040804222463-0400,,,eq,92,93,0.535307331,0.73200043
C,miami,2026-07-17,20260717T050241075581-0400,,,eq,92,93,0.757873816,0.75291582
C,miami,2026-07-17,20260717T060623161584-0400,,,eq,92,93,0.448163113,0.738986037
C,miami,2026-07-17,20260717T070103737154-0400,,,eq,92,93,0.584053518,0.758710381
C,miami,2026-07-17,20260717T080453474023-0400,,,eq,92,93,0.409131001,0.26296008
C,miami,2026-07-17,20260717T090913951063-0400,,,eq,92,93,0.261737983,0.298439436
C,miami,2026-07-17,20260717T102614927442-0400,,,eq,92,93,0.526600823,0.489729801
C,miami,2026-07-17,20260717T110257351761-0400,,,eq,92,93,0.390592407,0.574424574
C,miami,2026-07-17,20260717T121406305547-0400,,,eq,92,93,0.87727301,0.868861816
C,miami,2026-07-17,20260717T130015025466-0400,,,eq,92,93,0.721407374,0.839014763
C,miami,2026-07-17,20260717T140414666323-0400,,,eq,92,93,0.877740963,0.757071288
C,miami,2026-07-17,20260717T150809485160-0400,,,eq,92,93,0.978177633,0.974189358
C,miami,2026-07-17,20260717T160643175249-0400,,,eq,92,93,0.947644064,0.947796494
C,miami,2026-07-17,20260717T170308089815-0400,,,eq,92,93,0.972656277,0.971006737
C,miami,2026-07-17,20260717T180344074028-0400,,,eq,92,93,0.992713954,0.99265121
C,miami,2026-07-17,20260717T190856463391-0400,,,eq,92,93,0.992773019,0.992571252
C,miami,2026-07-17,20260717T200339099101-0400,,,eq,92,93,0.992218197,0.992705556
C,miami,2026-07-17,20260717T210744869439-0400,,,eq,92,93,0.992241327,0.992782552
C,miami,2026-07-17,20260717T220242460612-0400,,,eq,92,93,0.992241327,0.992782552
C,miami,2026-07-17,20260717T230708358984-0400,,,eq,92,93,0.992241322,0.992782551
C,miami,2026-07-18,20260718T000029376862-0400,,,eq,90,91,0.809917389,0.779678554
C,miami,2026-07-18,20260718T010445164667-0400,,,eq,90,91,0.76347943,0.786855119
C,miami,2026-07-18,20260718T020853178493-0400,,,eq,90,91,0.461899653,0.506932966
C,miami,2026-07-18,20260718T030338272493-0400,,,eq,90,91,0.53924002,0.519724003
C,miami,2026-07-18,20260718T040723191607-0400,,,eq,90,91,0.261520784,0.278230574
C,miami,2026-07-18,20260718T050158866724-0400,,,eq,90,91,0.394791719,0.410413832
C,miami,2026-07-18,20260718T060536112197-0400,,,eq,90,91,0.232377334,0.282065351
C,miami,2026-07-18,20260718T070011127563-0400,,,eq,90,91,0.30861293,0.34105334
C,miami,2026-07-18,20260718T080402148897-0400,,,eq,90,91,0.275787927,0.273137325
C,miami,2026-07-18,20260718T090748193214-0400,,,eq,90,91,0.681624814,0.548413859
C,miami,2026-07-18,20260718T100253009097-0400,,,eq,90,91,0.632056695,0.524232113
C,miami,2026-07-18,20260718T110651514944-0400,,,eq,90,91,0.223860845,0.222600688
C,miami,2026-07-18,20260718T120127046613-0400,,,eq,90,91,0.237673569,0.155449301
C,miami,2026-07-18,20260718T130512417049-0400,,,eq,90,91,0.296622601,0.276509443
C,miami,2026-07-18,20260718T140856972459-0400,,,eq,90,91,0.194823484,0.187679384
C,miami,2026-07-18,20260718T150344922883-0400,,,eq,90,91,0.189980022,0.195876046
C,miami,2026-07-18,20260718T160748413822-0400,,,eq,90,91,0.883033811,0.89054148
C,miami,2026-07-18,20260718T170043218909-0400,,,eq,90,91,0.934523822,0.934809837
C,miami,2026-07-18,20260718T180624087100-0400,,,eq,90,91,0.93384904,0.93450962
C,miami,2026-07-18,20260718T190108956878-0400,,,eq,90,91,0.847387167,0.848253027
C,miami,2026-07-18,20260718T200506604217-0400,,,eq,90,91,0.847693607,0.847934411
C,miami,2026-07-18,20260718T210429804164-0400,,,eq,90,91,0.847693619,0.847934412
C,miami,2026-07-18,20260718T220839237720-0400,,,eq,90,91,0.847099843,0.847720745
C,miami,2026-07-18,20260718T230347406305-0400,,,eq,90,91,0.847099843,0.847720745
C,miami,2026-07-19,20260719T000022007280-0400,,,eq,90,91,0.476853113,0.206844124
C,miami,2026-07-19,20260719T010430884322-0400,,,eq,90,91,0.449650054,0.206844124
C,miami,2026-07-19,20260719T020900015879-0400,,,eq,90,91,0.449650054,0.206844124
C,miami,2026-07-19,20260719T030403724208-0400,,,eq,90,91,0.217774076,0.206839681
C,miami,2026-07-19,20260719T040803874264-0400,,,eq,90,91,0.376306716,0.206839681
C,miami,2026-07-19,20260719T050237645057-0400,,,eq,90,91,0.399446635,0.206839681
C,miami,2026-07-19,20260719T060622606584-0400,,,eq,90,91,0.37744411,0.206839681
C,miami,2026-07-19,20260719T070059775901-0400,,,eq,90,91,0.186524924,0.206851771
C,miami,2026-07-19,20260719T080448390305-0400,,,eq,90,91,0.487182513,0.203899507
C,miami,2026-07-19,20260719T090836861063-0400,,,eq,90,91,0.214152956,0.301022413
C,miami,2026-07-19,20260719T100740090022-0400,,,eq,90,91,0.277861203,0.446792615
C,miami,2026-07-19,20260719T110243250216-0400,,,eq,90,91,0.439285607,0.459015577
C,miami,2026-07-19,20260719T120632844703-0400,,,eq,90,91,0.747064777,0.712674451
C,miami,2026-07-19,20260719T130117191456-0400,,,eq,90,91,0.576093135,0.682387784
C,miami,2026-07-19,20260719T140506028117-0400,,,eq,90,91,0.658949747,0.796017605
C,miami,2026-07-19,20260719T150859164507-0400,,,eq,90,91,0.856294413,0.871647958
C,miami,2026-07-19,20260719T160346079371-0400,,,eq,90,91,0.857283979,0.863386321
C,miami,2026-07-19,20260719T171250441186-0400,,,eq,90,91,0.90063828,0.900468418
C,miami,2026-07-19,20260719T180538272411-0400,,,eq,90,91,0.897375828,0.89914186
C,miami,2026-07-19,20260719T190844497538-0400,,,eq,90,91,0.93382932,0.933844986
C,miami,2026-07-19,20260719T202646765667-0400,,,eq,90,91,0.875232732,0.875155038
C,miami,2026-07-19,20260719T211400291730-0400,,,eq,90,91,0.875042882,0.875118107
C,miami,2026-07-20,20260720T000047296065-0400,,,eq,92,93,0.416909013,0.745257633
C,miami,2026-07-20,20260720T010113484469-0400,,,eq,92,93,0.690125181,0.745257633
C,miami,2026-07-20,20260720T020521901889-0400,,,eq,92,93,0.57986333,0.613988091
C,miami,2026-07-20,20260720T030046529993-0400,,,eq,92,93,0.576158996,0.614336624
C,miami,2026-07-20,20260720T040448390610-0400,,,eq,92,93,0.446909444,0.472479524
C,miami,2026-07-20,20260720T050829408931-0400,,,eq,92,93,0.0661322096,0.0664772306
C,miami,2026-07-20,20260720T060300852361-0400,,,eq,92,93,0.0715579577,0.0671194693
C,miami,2026-07-20,20260720T070654701625-0400,,,eq,92,93,0.0463436621,0.0671194693
C,miami,2026-07-20,20260720T080135155100-0400,,,eq,92,93,0.128055657,0.125223434
C,miami,2026-07-20,20260720T090102523289-0400,,,eq,92,93,0.0623205691,0.0506432768
C,miami,2026-07-20,20260720T100655848053-0400,,,eq,92,93,0.483503858,0.323130789
C,miami,2026-07-20,20260720T110137152796-0400,,,eq,92,93,0.611993067,0.544800758
C,miami,2026-07-20,20260720T120526896344-0400,,,eq,92,93,0.659410234,0.486351253
C,miami,2026-07-20,20260720T130057194892-0400,,,eq,92,93,0.680990629,0.677981665
C,miami,2026-07-20,20260720T140342179207-0400,,,eq,92,93,0.735817842,0.74798177
C,miami,2026-07-20,20260720T151012856687-0400,,,eq,92,93,0.640705334,0.344679287
C,miami,2026-07-20,20260720T162044684030-0400,,,eq,92,93,0.661405795,0.888702769
C,miami,2026-07-20,20260720T170620193372-0400,,,eq,92,93,0.92017378,0.782487796
C,miami,2026-07-20,20260720T180918490048-0400,,,eq,92,93,0.704445802,0.678004312
C,miami,2026-07-20,20260720T190632140359-0400,,,eq,92,93,0.792189957,0.758170697
C,miami,2026-07-20,20260720T200145057138-0400,,,eq,92,93,0.836208111,0.831438829
C,miami,2026-07-20,20260720T210647700870-0400,,,eq,92,93,0.806641218,0.633861506
C,miami,2026-07-20,20260720T220151985952-0400,,,eq,92,93,0.806641218,0.633861506
C,miami,2026-07-20,20260720T230412212692-0400,,,eq,92,93,0.849479957,0.717031199
C,miami,2026-07-21,20260721T000035943735-0400,,,eq,90,91,0.439895405,0.210919807
C,miami,2026-07-21,20260721T010131700641-0400,,,eq,90,91,0.236730591,0.210862667
C,miami,2026-07-21,20260721T020645067264-0400,,,eq,90,91,0.365711407,0.174437076
C,miami,2026-07-21,20260721T030147313684-0400,,,eq,90,91,0.349089374,0.210862667
C,miami,2026-07-21,20260721T040537888612-0400,,,eq,90,91,0.516259483,0.210919807
C,miami,2026-07-21,20260721T050021964564-0400,,,eq,90,91,0.420868321,0.210919887
C,miami,2026-07-21,20260721T060402568701-0400,,,eq,90,91,0.366624476,0.210862667
C,miami,2026-07-21,20260721T070747000962-0400,,,eq,90,91,0.382687009,0.210876565
C,miami,2026-07-21,20260721T080226968243-0400,,,eq,90,91,0.639456983,0.62334512
C,miami,2026-07-21,20260721T090616223722-0400,,,eq,90,91,0.472442837,0.612647462
C,miami,2026-07-21,20260721T100101477561-0400,,,eq,90,91,0.695432196,0.72372987
C,miami,2026-07-21,20260721T110446889567-0400,,,eq,90,91,0.549858905,0.526003549
C,miami,2026-07-21,20260721T120905786738-0400,,,eq,90,91,0.699252338,0.66997022
C,miami,2026-07-21,20260721T130348656942-0400,,,eq,90,91,0.323060491,0.307144125
C,miami,2026-07-21,20260721T140741154738-0400,,,eq,90,91,0.458085831,0.711948129
C,miami,2026-07-21,20260721T150346858255-0400,,,eq,90,91,0.741854284,0.767931043
C,miami,2026-07-21,20260721T160157566853-0400,,,eq,90,91,0.7498151,0.759044185
C,miami,2026-07-21,20260721T171013024704-0400,,,eq,90,91,0.83260021,0.832576316
C,miami,2026-07-21,20260721T180315084238-0400,,,eq,90,91,0.827732221,0.82981372
C,miami,2026-07-21,20260721T190241894377-0400,,,eq,90,91,0.866227487,0.866052236
C,miami,2026-07-21,20260721T200714132082-0400,,,eq,90,91,0.825199159,0.825196684
C,miami,2026-07-21,20260721T210245899907-0400,,,eq,90,91,0.894104724,0.894103118
C,miami,2026-07-21,20260721T220855517254-0400,,,eq,90,91,0.894104724,0.894103118
C,miami,2026-07-21,20260721T230023480497-0400,,,eq,90,91,0.894104724,0.894103118
C,miami,2026-07-22,20260722T000031916688-0400,,,eq,92,93,0.46632046,0.742435456
C,miami,2026-07-22,20260722T010417832503-0400,,,eq,92,93,0.464168511,0.742685355
C,miami,2026-07-22,20260722T020804158143-0400,,,eq,92,93,0.711315878,0.742324888
C,miami,2026-07-22,20260722T030244599056-0400,,,eq,92,93,0.530159397,0.745663199
C,miami,2026-07-22,20260722T040629777427-0400,,,eq,92,93,0.450420779,0.745663199
C,miami,2026-07-22,20260722T050220391406-0400,,,eq,92,93,0.450420779,0.745663199
C,miami,2026-07-22,20260722T060603250647-0400,,,eq,92,93,0.740574989,0.745663199
C,miami,2026-07-22,20260722T070043035467-0400,,,eq,92,93,0.447337844,0.745785609
C,miami,2026-07-22,20260722T080439482276-0400,,,eq,92,93,0.386738567,0.747477023
C,miami,2026-07-22,20260722T090832805901-0400,,,eq,92,93,0.667551088,0.655415676
C,miami,2026-07-22,20260722T100308867836-0400,,,eq,92,93,0.60877118,0.501016612
C,miami,2026-07-22,20260722T110656620949-0400,,,eq,92,93,0.462320439,0.461149248
C,miami,2026-07-22,20260722T120133352838-0400,,,eq,92,93,0.34811146,0.314656307
C,miami,2026-07-22,20260722T130525752814-0400,,,eq,92,93,0.300522121,0.300767281
C,miami,2026-07-22,20260722T140003467177-0400,,,eq,92,93,0.281743909,0.233771486
C,miami,2026-07-22,20260722T150357251969-0400,,,eq,92,93,0.998963777,0.998653132
C,miami,2026-07-22,20260722T160751412524-0400,,,eq,92,93,0.995431373,0.995474294
C,miami,2026-07-22,20260722T170234222029-0400,,,eq,92,93,0.995478619,0.9955236
C,miami,2026-07-22,20260722T180616936333-0400,,,eq,92,93,0.995518231,0.995520293
C,miami,2026-07-22,20260722T190113404132-0400,,,eq,92,93,0.994932237,0.994915076
C,miami,2026-07-22,20260722T200513435393-0400,,,eq,92,93,0.994985642,0.994984248
C,miami,2026-07-22,20260722T210911153161-0400,,,eq,92,93,0.994939799,0.99496643
C,miami,2026-07-22,20260722T220513308883-0400,,,eq,92,93,0.994939799,0.99496643
C,miami,2026-07-22,20260722T230023215323-0400,,,eq,92,93,0.994939799,0.99496643
C,miami,2026-07-23,20260723T000204012206-0400,,,eq,92,93,0.467968082,0.747058629
C,miami,2026-07-23,20260723T010615009295-0400,,,eq,92,93,0.351691051,0.747058629
C,miami,2026-07-23,20260723T020054981068-0400,,,eq,92,93,0.533758206,0.745415699
C,miami,2026-07-23,20260723T030454953796-0400,,,eq,92,93,0.465645421,0.742862328
C,miami,2026-07-23,20260723T040845350862-0400,,,eq,92,93,0.453933839,0.742862328
C,miami,2026-07-23,20260723T050529329229-0400,,,eq,92,93,0.529988062,0.742090534
C,miami,2026-07-23,20260723T060009883166-0400,,,eq,92,93,0.487589969,0.742862328
C,miami,2026-07-23,20260723T070404211945-0400,,,eq,92,93,0.577946169,0.746197707
C,miami,2026-07-23,20260723T080803467593-0400,,,eq,92,93,0.675168863,0.565120571
C,miami,2026-07-23,20260723T090248285109-0400,,,eq,92,93,0.526030855,0.431051771
C,miami,2026-07-23,20260723T100641174771-0400,,,eq,92,93,0.208525964,0.19343149
C,miami,2026-07-23,20260723T110119552023-0400,,,eq,92,93,0.439000405,0.432271244
C,miami,2026-07-23,20260723T120505680758-0400,,,eq,92,93,0.144112427,0.126486682
C,miami,2026-07-23,20260723T130852747756-0400,,,eq,92,93,0.96596251,0.977290165
C,miami,2026-07-23,20260723T140334800715-0400,,,eq,92,93,0.973675213,0.961437397
C,miami,2026-07-23,20260723T150724269265-0400,,,eq,92,93,0.998626364,0.99865449
C,miami,2026-07-23,20260723T160208891953-0400,,,eq,92,93,0.995066303,0.995407782
C,miami,2026-07-23,20260723T170557632768-0400,,,eq,92,93,0.995322175,0.995198437
C,miami,2026-07-23,20260723T180032945371-0400,,,eq,92,93,0.995541969,0.995613401
C,miami,2026-07-23,20260723T190422576007-0400,,,eq,92,93,0.997865825,0.997857822
C,miami,2026-07-23,20260723T200813657210-0400,,,eq,92,93,0.997885122,0.997886525
C,miami,2026-07-23,20260723T210255031276-0400,,,eq,92,93,0.997884758,0.997886581
C,miami,2026-07-23,20260723T220714633983-0400,,,eq,92,93,0.997884758,0.997886581
C,miami,2026-07-23,20260723T230222250832-0400,,,eq,92,93,0.997884758,0.997886581
C,miami,2026-07-24,20260724T000022521835-0400,,,eq,92,93,0.0468811168,0.0638853496
C,miami,2026-07-24,20260724T010433743614-0400,,,eq,92,93,0.0455877209,0.0635904979
C,miami,2026-07-24,20260724T020825031321-0400,,,eq,92,93,0.038372746,0.0587407076
C,miami,2026-07-24,20260724T030302145315-0400,,,eq,92,93,0.0635577363,0.0615040173
C,miami,2026-07-24,20260724T040654060766-0400,,,eq,92,93,0.0377785081,0.0615040173
C,miami,2026-07-24,20260724T050717722209-0400,,,eq,92,93,0.037823063,0.0615040202
C,miami,2026-07-24,20260724T060218554207-0400,,,eq,92,93,0.0577450022,0.061413904
C,miami,2026-07-24,20260724T070609945174-0400,,,eq,92,93,0.637293071,0.636737702
C,miami,2026-07-24,20260724T080049347394-0400,,,eq,92,93,0.0960206822,0.069807145
C,miami,2026-07-24,20260724T090439084096-0400,,,eq,92,93,0.149515555,0.11309199
C,miami,2026-07-24,20260724T100229574498-0400,,,eq,92,93,0.12535114,0.122957544
C,miami,2026-07-24,20260724T110300868296-0400,,,eq,92,93,0.108199181,0.107810111
C,miami,2026-07-24,20260724T120652452040-0400,,,eq,92,93,0.204512226,0.173703108
C,miami,2026-07-24,20260724T130130605226-0400,,,eq,92,93,0.48084394,0.505436571
C,miami,2026-07-24,20260724T140523368122-0400,,,eq,92,93,0.982271778,0.976738971
C,miami,2026-07-24,20260724T150907400862-0400,,,eq,92,93,0.999489287,0.999402318
C,miami,2026-07-24,20260724T160354243741-0400,,,eq,92,93,0.997100429,0.997236055
C,miami,2026-07-24,20260724T170739466566-0400,,,eq,92,93,0.99708955,0.99715604
C,miami,2026-07-24,20260724T180215786296-0400,,,eq,92,93,0.996993808,0.997402033
C,miami,2026-07-24,20260724T190040045401-0400,,,eq,92,93,0.997407554,0.99740736
C,miami,2026-07-24,20260724T200100294607-0400,,,eq,92,93,0.997336725,0.997435698
C,miami,2026-07-24,20260724T210457527827-0400,,,eq,92,93,0.997436244,0.997436311
C,miami,2026-07-24,20260724T220921118502-0400,,,eq,92,93,0.997436244,0.997436311
C,miami,2026-07-24,20260724T230438894875-0400,,,eq,92,93,0.997436244,0.997436311
C,miami,2026-07-25,20260725T000013523630-0400,,,eq,92,93,0.289596598,0.620377851
C,miami,2026-07-25,20260725T010411312830-0400,,,eq,92,93,0.267634014,0.620377851
C,miami,2026-07-25,20260725T020838405702-0400,,,eq,92,93,0.0592493437,0.0608718251
C,miami,2026-07-25,20260725T030323053956-0400,,,eq,92,93,0.382460214,0.615072444
C,miami,2026-07-25,20260725T040713683198-0400,,,eq,92,93,0.61244701,0.614685132
C,miami,2026-07-25,20260725T050215820977-0400,,,eq,92,93,0.599481688,0.615072444
C,miami,2026-07-25,20260725T060554015763-0400,,,eq,92,93,0.599481688,0.615072444
C,miami,2026-07-25,20260725T070030655168-0400,,,eq,92,93,0.611627181,0.614685132
C,miami,2026-07-25,20260725T080412103788-0400,,,eq,92,93,0.702183246,0.594112562
C,miami,2026-07-25,20260725T090803558069-0400,,,eq,92,93,0.0319615803,0.0343444139
C,miami,2026-07-25,20260725T100238845073-0400,,,eq,92,93,0.0423933455,0.0453918679
C,miami,2026-07-25,20260725T110043499887-0400,,,eq,92,93,0.0597693521,0.0561267431
C,miami,2026-07-25,20260725T120104793317-0400,,,eq,92,93,0.0359099468,0.0307826048
C,miami,2026-07-25,20260725T130455788990-0400,,,eq,92,93,0.104232508,0.140981063
C,miami,2026-07-25,20260725T140846662331-0400,,,eq,92,93,0.968779429,0.952500687
C,miami,2026-07-25,20260725T150331226590-0400,,,eq,92,93,0.99834435,0.998403706
C,miami,2026-07-25,20260725T160730519225-0400,,,eq,92,93,0.977893098,0.977877995
C,miami,2026-07-25,20260725T170038380542-0400,,,eq,92,93,0.952727136,0.949881324
C,miami,2026-07-25,20260725T180550646245-0400,,,eq,92,93,0.954484997,0.958579614
C,miami,2026-07-25,20260725T190039152140-0400,,,eq,92,93,0.959787027,0.959804653
C,miami,2026-07-25,20260725T200436066319-0400,,,eq,92,93,0.959306321,0.96029742
C,miami,2026-07-25,20260725T210037283246-0400,,,eq,92,93,0.959308901,0.960300019
C,miami,2026-07-25,20260725T220638774068-0400,,,eq,92,93,0.959308901,0.960300019
C,miami,2026-07-25,20260725T230031765569-0400,,,eq,92,93,0.959053226,0.960232008
C,miami,2026-07-26,20260726T000433407506-0400,,,eq,94,95,0.00195399726,0.00198211005
C,miami,2026-07-26,20260726T010819198871-0400,,,eq,94,95,0.00195136076,0.00198211005
C,miami,2026-07-26,20260726T020317884513-0400,,,eq,94,95,0.00659976802,0.0070413644
C,miami,2026-07-26,20260726T030739823444-0400,,,eq,94,95,0.00395591189,0.00371213723
C,miami,2026-07-26,20260726T040219076847-0400,,,eq,94,95,0.0030313998,0.0028370487
C,miami,2026-07-26,20260726T050917758148-0400,,,eq,94,95,0.00085586786,0.000808046703
C,miami,2026-07-26,20260726T060613108230-0400,,,eq,94,95,0.000871298722,0.000808046703
C,miami,2026-07-26,20260726T070051873873-0400,,,eq,94,95,0.00869058711,0.0106224863
C,miami,2026-07-26,20260726T080438428636-0400,,,eq,94,95,0.000934868398,0.000913188566
C,miami,2026-07-26,20260726T090828263548-0400,,,eq,94,95,0.00277602226,0.000877192198
C,miami,2026-07-26,20260726T100259298854-0400,,,eq,94,95,0.00166677925,0.00159448188
C,miami,2026-07-26,20260726T110640927560-0400,,,eq,94,95,0.00865794022,0.00717684748
C,miami,2026-07-26,20260726T120117036438-0400,,,eq,94,95,0.00172214431,0.00398697347
C,miami,2026-07-26,20260726T130512978894-0400,,,eq,94,95,0.942820444,0.905864159
C,miami,2026-07-26,20260726T140856633199-0400,,,eq,94,95,0.929065089,0.95301997
C,miami,2026-07-26,20260726T150353547294-0400,,,eq,94,95,0.993566644,0.993704987
C,miami,2026-07-26,20260726T160751893823-0400,,,eq,94,95,0.945572659,0.925183282
C,miami,2026-07-26,20260726T170228533130-0400,,,eq,94,95,0.983203469,0.982560037
C,miami,2026-07-26,20260726T180615897179-0400,,,eq,94,95,0.975734045,0.970140513
C,miami,2026-07-26,20260726T190056087594-0400,,,eq,94,95,0.975672684,0.955072725
C,miami,2026-07-26,20260726T200450587452-0400,,,eq,94,95,0.938594805,0.95571561
C,miami,2026-07-26,20260726T210841611766-0400,,,eq,94,95,0.940939912,0.955727418
C,miami,2026-07-26,20260726T220345801782-0400,,,eq,94,95,0.940945958,0.955754926
C,miami,2026-07-26,20260726T230806511890-0400,,,eq,94,95,0.940939912,0.955727418
C,miami,2026-07-27,20260727T000052906120-0400,,,eq,90,91,0.410929315,0.341779855
C,miami,2026-07-27,20260727T010522140182-0400,,,eq,90,91,0.240653096,0.387197836
C,miami,2026-07-27,20260727T020911606028-0400,,,eq,90,91,0.244430105,0.339691715
C,miami,2026-07-27,20260727T030348734186-0400,,,eq,90,91,0.155321407,0.219783317
C,miami,2026-07-27,20260727T040735532995-0400,,,eq,90,91,0.155321407,0.219783317
C,miami,2026-07-27,20260727T050247360926-0400,,,eq,90,91,0.154681246,0.215572333
C,miami,2026-07-27,20260727T060644786865-0400,,,eq,90,91,0.172661556,0.22776303
C,miami,2026-07-27,20260727T070138498953-0400,,,eq,90,91,0.147255334,0.22776303
C,miami,2026-07-27,20260727T080522490758-0400,,,eq,90,91,0.252068981,0.196209893
C,miami,2026-07-27,20260727T090002300742-0400,,,eq,90,91,0.66568207,0.467128535
C,miami,2026-07-27,20260727T100343325412-0400,,,eq,90,91,0.12535004,0.113494904
C,miami,2026-07-27,20260727T110728363221-0400,,,eq,90,91,0.263821339,0.231347209
C,miami,2026-07-27,20260727T120211200568-0400,,,eq,90,91,0.294968019,0.214134645
C,miami,2026-07-27,20260727T130609913728-0400,,,eq,90,91,0.762160875,0.759596924
C,miami,2026-07-27,20260727T140047793029-0400,,,eq,90,91,0.782909469,0.788001361
C,miami,2026-07-27,20260727T150444411729-0400,,,eq,90,91,0.859593504,0.860003207
C,miami,2026-07-27,20260727T160836665233-0400,,,eq,90,91,0.780106244,0.779740353
C,miami,2026-07-27,20260727T170312833812-0400,,,eq,90,91,0.796492578,0.797123516
C,miami,2026-07-27,20260727T180659160665-0400,,,eq,90,91,0.79347798,0.794192687
C,miami,2026-07-27,20260727T190150647320-0400,,,eq,90,91,0.916709884,0.91665745
C,miami,2026-07-27,20260727T200540577352-0400,,,eq,90,91,0.916975849,0.916929615
C,miami,2026-07-27,20260727T210030316607-0400,,,eq,90,91,0.916976453,0.916935987
C,miami,2026-07-27,20260727T220445152252-0400,,,eq,90,91,0.939414518,0.939374581
C,miami,2026-07-27,20260727T230007182541-0400,,,eq,90,91,0.939380223,0.939334889
C,miami,2026-07-28,20260728T000027841833-0400,,,eq,88,89,0.172769518,0.243314957
C,miami,2026-07-28,20260728T010410848930-0400,,,eq,88,89,0.28998828,0.317035348
C,miami,2026-07-28,20260728T020757353100-0400,,,eq,88,89,0.385684646,0.324367148
C,miami,2026-07-28,20260728T030238056091-0400,,,eq,88,89,0.237329248,0.185444018
C,miami,2026-07-28,20260728T040623476200-0400,,,eq,88,89,0.161903331,0.185444018
C,miami,2026-07-28,20260728T050125146190-0400,,,eq,88,89,0.17021726,0.164471011
C,miami,2026-07-28,20260728T060501978751-0400,,,eq,88,89,0.184875108,0.164471011
C,miami,2026-07-28,20260728T070843643836-0400,,,eq,88,89,0.196876567,0.178449989
C,miami,2026-07-28,20260728T080325963588-0400,,,eq,88,89,0.221384763,0.221984062
C,miami,2026-07-28,20260728T090725451382-0400,,,eq,88,89,0.130547408,0.296303217
C,miami,2026-07-28,20260728T100201128105-0400,,,eq,88,89,0.215765183,0.250855049
C,miami,2026-07-28,20260728T110552644234-0400,,,eq,88,89,0.0361357129,0.0305390738
C,miami,2026-07-28,20260728T120027453504-0400,,,eq,88,89,0.0306339232,0.0343560563
C,miami,2026-07-28,20260728T130417189414-0400,,,eq,88,89,0.254286616,0.287204445
C,miami,2026-07-28,20260728T140801796025-0400,,,eq,88,89,0.655824265,0.668450804
C,miami,2026-07-28,20260728T150255822566-0400,,,eq,88,89,0.743013813,0.735581145
C,miami,2026-07-28,20260728T160648897295-0400,,,eq,88,89,0.603476909,0.60885619
C,miami,2026-07-28,20260728T170139818969-0400,,,eq,88,89,0.629471939,0.629524964
C,miami,2026-07-28,20260728T180522222672-0400,,,eq,88,89,0.622257821,0.622609327
C,miami,2026-07-28,20260728T190013561241-0400,,,eq,88,89,0.797473753,0.797473753
C,miami,2026-07-28,20260728T200401194232-0400,,,eq,88,89,0.657398446,0.65802486
C,miami,2026-07-28,20260728T210033322544-0400,,,eq,88,89,0.696644088,0.696894743
C,miami,2026-07-28,20260728T220300687351-0400,,,eq,88,89,0.696889982,0.697125597
C,miami,2026-07-28,20260728T230747274432-0400,,,eq,88,89,0.696888074,0.697133402
C,miami,2026-07-29,20260729T000023347257-0400,,,eq,94,95,0.0389304764,0.0413456453
C,miami,2026-07-29,20260729T010424059870-0400,,,eq,94,95,0.0429141623,0.0413456453
C,miami,2026-07-29,20260729T020809997864-0400,,,eq,94,95,0.0429141623,0.0413456453
C,miami,2026-07-29,20260729T030249567236-0400,,,eq,94,95,0.0905523514,0.117362351
C,miami,2026-07-29,20260729T040655971153-0400,,,eq,94,95,0.0905523514,0.117362351
C,miami,2026-07-29,20260729T050530220491-0400,,,eq,94,95,0.0757354764,0.113206919
C,miami,2026-07-29,20260729T060013687197-0400,,,eq,94,95,0.0884401373,0.113206919
C,miami,2026-07-29,20260729T070358172052-0400,,,eq,94,95,0.0884401373,0.113206919
C,miami,2026-07-29,20260729T080744392116-0400,,,eq,94,95,0.0430372523,0.075029816
C,miami,2026-07-29,20260729T090228608844-0400,,,eq,94,95,0.0686795947,0.0486641172
C,miami,2026-07-29,20260729T100610454465-0400,,,eq,94,95,0.0650498756,0.0467113817
C,miami,2026-07-29,20260729T110047510021-0400,,,eq,94,95,0.165192912,0.084427007
C,miami,2026-07-29,20260729T120428378104-0400,,,eq,94,95,0.0440929801,0.0290671783
C,miami,2026-07-29,20260729T130813933940-0400,,,eq,94,95,0.0264081969,0.0238934873
C,miami,2026-07-29,20260729T140039706933-0400,,,eq,94,95,0.0337397836,0.0344937874
C,miami,2026-07-29,20260729T150640358040-0400,,,eq,94,95,0.00804930582,0.0072648356
C,miami,2026-07-29,20260729T160123808411-0400,,,eq,94,95,0.0182932474,0.0174384287
C,miami,2026-07-29,20260729T170505634132-0400,,,eq,94,95,0.989961396,0.996250407
C,miami,2026-07-29,20260729T180850936836-0400,,,eq,94,95,0.990973426,0.995678733
C,miami,2026-07-29,20260729T190334814718-0400,,,eq,94,95,0.919600093,0.93109407
C,miami,2026-07-29,20260729T200719816063-0400,,,eq,94,95,0.845701253,0.903020617
C,miami,2026-07-29,20260729T210048745402-0400,,,eq,94,95,0.874161096,0.906682921
C,miami,2026-07-29,20260729T220702757809-0400,,,eq,94,95,0.918472782,0.951975384
C,miami,2026-07-29,20260729T230101908531-0400,,,eq,94,95,0.906306246,0.94346406
C,miami,2026-07-30,20260730T000314262463-0400,,,eq,96,97,0.00235718939,0.00221642122
C,miami,2026-07-30,20260730T010718662955-0400,,,eq,96,97,0.00228674388,0.0022106207
C,miami,2026-07-30,20260730T020209430876-0400,,,eq,96,97,0.00230547456,0.0022352853
C,miami,2026-07-30,20260730T030554707600-0400,,,eq,96,97,0.00237339279,0.00234257133
C,miami,2026-07-30,20260730T040031463543-0400,,,eq,96,97,0.00237489856,0.00234257133
C,miami,2026-07-30,20260730T050730428644-0400,,,eq,96,97,0.00238942928,0.00234257133
C,miami,2026-07-30,20260730T060204488451-0400,,,eq,96,97,0.00237489856,0.00234257133
C,miami,2026-07-30,20260730T070553779245-0400,,,eq,96,97,0.00160037556,0.00157612108
C,miami,2026-07-30,20260730T080032544181-0400,,,eq,96,97,0.00230702669,0.00220327985
C,miami,2026-07-30,20260730T090423166632-0400,,,eq,96,97,0.00224238732,0.00186086436
C,miami,2026-07-30,20260730T100807695045-0400,,,eq,96,97,0.00383368089,0.00381509973
C,miami,2026-07-30,20260730T110240931150-0400,,,eq,96,97,0.00609100698,0.00741105324
C,miami,2026-07-30,20260730T120619617623-0400,,,eq,96,97,0.00194871998,0.00211309535
C,miami,2026-07-30,20260730T130100061317-0400,,,eq,96,97,0.0118905251,0.0115109291
C,miami,2026-07-30,20260730T140446573012-0400,,,eq,96,97,0.918299551,0.918299551
C,miami,2026-07-30,20260730T150837522275-0400,,,eq,96,97,0.959187601,0.959187601
C,miami,2026-07-30,20260730T160328726256-0400,,,eq,96,97,0.725097856,0.725097856
C,miami,2026-07-30,20260730T170711433904-0400,,,eq,96,97,0.973644883,0.973644883
C,miami,2026-07-30,20260730T180146841298-0400,,,eq,96,97,0.973844935,0.973844935
C,miami,2026-07-30,20260730T190538534703-0400,,,eq,96,97,0.984137851,0.984137851
C,miami,2026-07-30,20260730T200015560228-0400,,,eq,96,97,0.984137851,0.984137851
C,miami,2026-07-30,20260730T210409177276-0400,,,eq,96,97,0.984137851,0.984137851
C,miami,2026-07-30,20260730T220814098687-0400,,,eq,96,97,0.984137851,0.984137851
C,miami,2026-07-30,20260730T230322357896-0400,,,eq,96,97,0.984137851,0.984137851
C,nyc,2026-07-01,20260701T000058-0400,,,eq,92,93,0.0739196263,0.0739196263
C,nyc,2026-07-01,20260701T010429-0400,,,eq,92,93,0.0717926578,0.0717926578
C,nyc,2026-07-01,20260701T020755-0400,,,eq,92,93,0.0711299258,0.0711299258
C,nyc,2026-07-01,20260701T030229-0400,,,eq,92,93,0.0708973829,0.0708973829
C,nyc,2026-07-01,20260701T040559-0400,,,eq,92,93,0.0683254764,0.0683254764
C,nyc,2026-07-01,20260701T050021-0400,,,eq,92,93,0.0665230668,0.0665230668
C,nyc,2026-07-01,20260701T060354-0400,,,eq,92,93,0.0670053644,0.0670053644
C,nyc,2026-07-01,20260701T070724-0400,,,eq,92,93,0.0670053644,0.0670053644
C,nyc,2026-07-01,20260701T080154-0400,,,eq,92,93,0.0712382366,0.0712382366
C,nyc,2026-07-01,20260701T090548-0400,,,eq,92,93,0.0841329533,0.0841329533
C,nyc,2026-07-01,20260701T100608-0400,,,eq,92,93,0.102063599,0.102063599
C,nyc,2026-07-01,20260701T110647-0400,,,eq,92,93,0.129600783,0.129600783
C,nyc,2026-07-01,20260701T120041-0400,,,eq,92,93,0.184673983,0.184673983
C,nyc,2026-07-01,20260701T130852-0400,,,eq,92,93,0.216876046,0.216876046
C,nyc,2026-07-01,20260701T140607-0400,,,eq,92,93,0.344951047,0.344951047
C,nyc,2026-07-01,20260701T150227-0400,,,eq,92,93,0.525262999,0.525262999
C,nyc,2026-07-01,20260701T160413-0400,,,eq,92,93,0.259274156,0.259274156
C,nyc,2026-07-01,20260701T170755-0400,,,eq,92,93,0.162868431,0.162868431
C,nyc,2026-07-01,20260701T180447-0400,,,eq,92,93,0.260206762,0.260206762
C,nyc,2026-07-01,20260701T190201-0400,,,eq,92,93,0.268615957,0.268615957
C,nyc,2026-07-01,20260701T200610-0400,,,eq,92,93,0.079371119,0.079371119
C,nyc,2026-07-01,20260701T210050-0400,,,eq,92,93,0.0165175992,0.0165175992
C,nyc,2026-07-01,20260701T220456-0400,,,eq,92,93,0.0683347286,0.0683347286
C,nyc,2026-07-01,20260701T230857-0400,,,eq,92,93,0.0511561024,0.0511561024
C,nyc,2026-07-02,20260702T000125-0400,,,eq,102,103,0.00315104484,0.00315104484
C,nyc,2026-07-02,20260702T010456-0400,,,eq,102,103,0.00283286475,0.00283286475
C,nyc,2026-07-02,20260702T020831-0400,,,eq,102,103,0.00254542135,0.00254542135
C,nyc,2026-07-02,20260702T030302-0400,,,eq,102,103,0.00241381045,0.00241381045
C,nyc,2026-07-02,20260702T040644-0400,,,eq,102,103,0.00106486257,0.00106486257
C,nyc,2026-07-02,20260702T050105-0400,,,eq,102,103,0.00107944708,0.00107944708
C,nyc,2026-07-02,20260702T060429-0400,,,eq,102,103,0.000984694559,0.000984694559
C,nyc,2026-07-02,20260702T070759-0400,,,eq,102,103,0.000984694559,0.000984694559
C,nyc,2026-07-02,20260702T080227-0400,,,eq,102,103,0.000455113537,0.000455113537
C,nyc,2026-07-02,20260702T090602-0400,,,eq,102,103,0.000462299555,0.000462299555
C,nyc,2026-07-02,20260702T100256-0400,,,eq,102,103,0.00196557159,0.00196557159
C,nyc,2026-07-02,20260702T110409-0400,,,eq,102,103,0.00364571883,0.00364571883
C,nyc,2026-07-02,20260702T120040-0400,,,eq,102,103,0.0122832185,0.0122832185
C,nyc,2026-07-02,20260702T130425-0400,,,eq,102,103,0.0175146922,0.0175146922
C,nyc,2026-07-02,20260702T140812-0400,,,eq,102,103,0.0454060182,0.0454060182
C,nyc,2026-07-02,20260702T150303-0400,,,eq,102,103,0.479381438,0.479381438
C,nyc,2026-07-02,20260702T160639-0400,,,eq,102,103,0.46707039,0.46707039
C,nyc,2026-07-02,20260702T170106-0400,,,eq,102,103,0.0102243715,0.0102243715
C,nyc,2026-07-02,20260702T181444-0400,,,eq,102,103,0.607294789,0.607294789
C,nyc,2026-07-02,20260702T190039-0400,,,eq,102,103,0.604717338,0.604717338
C,nyc,2026-07-02,20260702T200431-0400,,,eq,102,103,0.642237402,0.642237402
C,nyc,2026-07-02,20260702T210828-0400,,,eq,102,103,0.642237402,0.642237402
C,nyc,2026-07-02,20260702T220842-0400,,,eq,102,103,0.642237402,0.642237402
C,nyc,2026-07-02,20260702T230338-0400,,,eq,102,103,0.642237402,0.642237402
C,nyc,2026-07-03,20260703T000436-0400,,,eq,100,101,0.296666774,0.283918696
C,nyc,2026-07-03,20260703T010229-0400,,,eq,100,101,0.0625942995,0.0556509199
C,nyc,2026-07-03,20260703T021008-0400,,,eq,100,101,0.0436577919,0.0373287005
C,nyc,2026-07-03,20260703T030238-0400,,,eq,100,101,0.0434805573,0.0371915623
C,nyc,2026-07-03,20260703T040613-0400,,,eq,100,101,0.0203683905,0.0174684192
C,nyc,2026-07-03,20260703T050042-0400,,,eq,100,101,0.0192370968,0.0164217267
C,nyc,2026-07-03,20260703T060417-0400,,,eq,100,101,0.0192370968,0.0164217267
C,nyc,2026-07-03,20260703T070749-0400,,,eq,100,101,0.0135189209,0.0125757544
C,nyc,2026-07-03,20260703T080217-0400,,,eq,100,101,0.012419924,0.0104273862
C,nyc,2026-07-03,20260703T090600-0400,,,eq,100,101,0.0342076272,0.0259686671
C,nyc,2026-07-03,20260703T100435-0400,,,eq,100,101,0.0485418994,0.0422625191
C,nyc,2026-07-03,20260703T110727-0400,,,eq,100,101,0.0267971922,0.0354256575
C,nyc,2026-07-03,20260703T120220-0400,,,eq,100,101,0.189072857,0.127140681
C,nyc,2026-07-03,20260703T131242-0400,,,eq,100,101,0.535486235,0.634816812
C,nyc,2026-07-03,20260703T140407-0400,,,eq,100,101,0.834753295,0.730264334
C,nyc,2026-07-03,20260703T150310-0400,,,eq,100,101,0.794358458,0.865389512
C,nyc,2026-07-03,20260703T160940-0400,,,eq,100,101,0.866354016,0.805732451
C,nyc,2026-07-03,20260703T170327-0400,,,eq,100,101,0.935771605,0.945422012
C,nyc,2026-07-03,20260703T182710-0400,,,eq,100,101,0.947187477,0.94992317
C,nyc,2026-07-03,20260703T190356-0400,,,eq,100,101,0.977116486,0.974023704
C,nyc,2026-07-03,20260703T204539437487-0400,,,eq,100,101,0.996151471,0.992294775
C,nyc,2026-07-03,20260703T211810086949-0400,,,eq,100,101,1,1
C,nyc,2026-07-03,20260703T224226377402-0400,,,eq,100,101,1,1
C,nyc,2026-07-03,20260703T231826672860-0400,,,eq,100,101,1,1
C,nyc,2026-07-05,20260705T000045384011-0400,,,eq,78,79,0.0585906968,0.0577948721
C,nyc,2026-07-05,20260705T010509058045-0400,,,eq,78,79,0.0620127614,0.0577948721
C,nyc,2026-07-05,20260705T020841410986-0400,,,eq,78,79,0.0613676033,0.0617618572
C,nyc,2026-07-05,20260705T030306009453-0400,,,eq,78,79,0.0669606881,0.0617618572
C,nyc,2026-07-05,20260705T040636458499-0400,,,eq,78,79,0.0620823867,0.0617618572
C,nyc,2026-07-05,20260705T050057770435-0400,,,eq,78,79,0.0742645691,0.0694979319
C,nyc,2026-07-05,20260705T060421605383-0400,,,eq,78,79,0.0735348647,0.068332409
C,nyc,2026-07-05,20260705T070800717555-0400,,,eq,78,79,0.0566143034,0.0541398305
C,nyc,2026-07-05,20260705T080239065755-0400,,,eq,78,79,0.0750432583,0.0747022256
C,nyc,2026-07-05,20260705T090607344186-0400,,,eq,78,79,0.0482108214,0.0447432603
C,nyc,2026-07-05,20260705T101201003658-0400,,,eq,78,79,0.0540264283,0.0583051599
C,nyc,2026-07-05,20260705T110429477447-0400,,,eq,78,79,0.0543856291,0.0537463753
C,nyc,2026-07-05,20260705T120016431194-0400,,,eq,78,79,0.0617757983,0.154410593
C,nyc,2026-07-05,20260705T130349665091-0400,,,eq,78,79,0.179318866,0.26708493
C,nyc,2026-07-05,20260705T140727562911-0400,,,eq,78,79,0.175727133,0.316941215
C,nyc,2026-07-05,20260705T150203155043-0400,,,eq,78,79,0.541009321,0.462721998
C,nyc,2026-07-05,20260705T160535028846-0400,,,eq,78,79,0.590944064,0.544426669
C,nyc,2026-07-05,20260705T170015071852-0400,,,eq,78,79,0.327961049,0.348138273
C,nyc,2026-07-05,20260705T180751787620-0400,,,eq,78,79,0.573190039,0.701651861
C,nyc,2026-07-05,20260705T190628582183-0400,,,eq,78,79,0.666698079,0.66111002
C,nyc,2026-07-05,20260705T203631670931-0400,,,eq,78,79,0.759521939,0.766554633
C,nyc,2026-07-05,20260705T210403339628-0400,,,eq,78,79,0.732930406,0.740727955
C,nyc,2026-07-05,20260705T221313255460-0400,,,eq,78,79,0.738917975,0.746690305
C,nyc,2026-07-05,20260705T230350207259-0400,,,eq,78,79,0.772279026,0.778857128
C,nyc,2026-07-07,20260707T001637456350-0400,,,eq,72,73,0.591005331,0.591005331
C,nyc,2026-07-07,20260707T010537783719-0400,,,eq,72,73,0.299409171,0.541442987
C,nyc,2026-07-07,20260707T020454864737-0400,,,eq,72,73,0.299409171,0.541442987
C,nyc,2026-07-07,20260707T030727987224-0400,,,eq,72,73,0.491161007,0.745026329
C,nyc,2026-07-07,20260707T040157468416-0400,,,eq,72,73,0.226562578,0.754552037
C,nyc,2026-07-07,20260707T050524649554-0400,,,eq,72,73,0.221116004,0.813502282
C,nyc,2026-07-07,20260707T060428702538-0400,,,eq,72,73,0.231005024,0.813502282
C,nyc,2026-07-07,20260707T070319242705-0400,,,eq,72,73,0.217297783,0.753408807
C,nyc,2026-07-07,20260707T080651562592-0400,,,eq,72,73,0.435556833,0.556150714
C,nyc,2026-07-07,20260707T090122081408-0400,,,eq,72,73,0.843093621,0.744195629
C,nyc,2026-07-07,20260707T100815160495-0400,,,eq,72,73,0.540581857,0.479307941
C,nyc,2026-07-07,20260707T110717699568-0400,,,eq,72,73,0.701114154,0.506904897
C,nyc,2026-07-07,20260707T120747994568-0400,,,eq,72,73,0.330752079,0.210495222
C,nyc,2026-07-07,20260707T130244110907-0400,,,eq,72,73,0.326383972,0.311932776
C,nyc,2026-07-07,20260707T140557870968-0400,,,eq,72,73,0.770201476,0.651675688
C,nyc,2026-07-07,20260707T150509794838-0400,,,eq,72,73,0.958110044,0.938108977
C,nyc,2026-07-07,20260707T160242532006-0400,,,eq,72,73,0.841629551,0.841445696
C,nyc,2026-07-07,20260707T170637797460-0400,,,eq,72,73,0.69492986,0.497722444
C,nyc,2026-07-07,20260707T180647004398-0400,,,eq,72,73,0.402902639,0.446376192
C,nyc,2026-07-07,20260707T190133002156-0400,,,eq,72,73,0.60122952,0.600607101
C,nyc,2026-07-07,20260707T200502659907-0400,,,eq,72,73,0.600918194,0.59110294
C,nyc,2026-07-07,20260707T210845590869-0400,,,eq,72,73,0.459196912,0.455029073
C,nyc,2026-07-07,20260707T220320509667-0400,,,eq,72,73,0.538016811,0.513030255
C,nyc,2026-07-07,20260707T230722103543-0400,,,eq,72,73,0.47461803,0.470721085
C,nyc,2026-07-08,20260708T000205213563-0400,,,eq,86,87,0.0472681456,0.0461182127
C,nyc,2026-07-08,20260708T010543165121-0400,,,eq,86,87,0.0496537714,0.0473024955
C,nyc,2026-07-08,20260708T020018783719-0400,,,eq,86,87,0.0509089366,0.0486521266
C,nyc,2026-07-08,20260708T030356182613-0400,,,eq,86,87,0.0186987637,0.0183348016
C,nyc,2026-07-08,20260708T040725267432-0400,,,eq,86,87,0.0187119607,0.0183348016
C,nyc,2026-07-08,20260708T050148242838-0400,,,eq,86,87,0.0187699559,0.0183828127
C,nyc,2026-07-08,20260708T060512683884-0400,,,eq,86,87,0.0218932186,0.0217210071
C,nyc,2026-07-08,20260708T070838615272-0400,,,eq,86,87,0.0226568212,0.0224025702
C,nyc,2026-07-08,20260708T080314008046-0400,,,eq,86,87,0.0689923174,0.0686965535
C,nyc,2026-07-08,20260708T090706270126-0400,,,eq,86,87,0.115008941,0.106144647
C,nyc,2026-07-08,20260708T100905225553-0400,,,eq,86,87,0.116468519,0.11389708
C,nyc,2026-07-08,20260708T110919793959-0400,,,eq,86,87,0.148711172,0.145888576
C,nyc,2026-07-08,20260708T120600511378-0400,,,eq,86,87,0.136276594,0.153757832
C,nyc,2026-07-08,20260708T130413520058-0400,,,eq,86,87,0.124221889,0.138465944
C,nyc,2026-07-08,20260708T140623183436-0400,,,eq,86,87,0.149612408,0.166832781
C,nyc,2026-07-08,20260708T150036374734-0400,,,eq,86,87,0.0515898856,0.0515898856
C,nyc,2026-07-08,20260708T160141938469-0400,,,eq,86,87,0.260091787,0.33886781
C,nyc,2026-07-08,20260708T171405165016-0400,,,eq,86,87,0.371352401,0.362380094
C,nyc,2026-07-08,20260708T180901999914-0400,,,eq,86,87,0.224635824,0.37449578
C,nyc,2026-07-08,20260708T190333427982-0400,,,eq,86,87,0.189639346,0.197645993
C,nyc,2026-07-08,20260708T200108402405-0400,,,eq,86,87,0.0553103544,0.0549287274
C,nyc,2026-07-08,20260708T210824609575-0400,,,eq,86,87,0.0697910231,0.0691643916
C,nyc,2026-07-08,20260708T220124210723-0400,,,eq,86,87,0.0697485355,0.0691248319
C,nyc,2026-07-08,20260708T230531217861-0400,,,eq,86,87,0.0697908806,0.0691642545
C,nyc,2026-07-09,20260709T000025785013-0400,,,eq,86,87,0.271906149,0.238807337
C,nyc,2026-07-09,20260709T010403102298-0400,,,eq,86,87,0.197801281,0.192141978
C,nyc,2026-07-09,20260709T020732242941-0400,,,eq,86,87,0.146804292,0.135231495
C,nyc,2026-07-09,20260709T030212788789-0400,,,eq,86,87,0.139857809,0.135231332
C,nyc,2026-07-09,20260709T040543300063-0400,,,eq,86,87,0.140318249,0.135231332
C,nyc,2026-07-09,20260709T050008640038-0400,,,eq,86,87,0.201049309,0.191786152
C,nyc,2026-07-09,20260709T060336082630-0400,,,eq,86,87,0.190628921,0.181968039
C,nyc,2026-07-09,20260709T070712145210-0400,,,eq,86,87,0.190050503,0.182262109
C,nyc,2026-07-09,20260709T080140053601-0400,,,eq,86,87,0.238378646,0.242350264
C,nyc,2026-07-09,20260709T090040910877-0400,,,eq,86,87,0.26047642,0.1756113
C,nyc,2026-07-09,20260709T100954843992-0400,,,eq,86,87,0.225972065,0.313731363
C,nyc,2026-07-09,20260709T111113415245-0400,,,eq,86,87,0.305661918,0.272236065
C,nyc,2026-07-09,20260709T120600889177-0400,,,eq,86,87,0.533071268,0.551330053
C,nyc,2026-07-09,20260709T130853799354-0400,,,eq,86,87,0.468123255,0.523652416
C,nyc,2026-07-09,20260709T142924136375-0400,,,eq,86,87,0.64435512,0.688806178
C,nyc,2026-07-09,20260709T150547864909-0400,,,eq,86,87,0.148354271,0.165384426
C,nyc,2026-07-09,20260709T160804173355-0400,,,eq,86,87,0.083529457,0.189557241
C,nyc,2026-07-09,20260709T170256962127-0400,,,eq,86,87,0.0834864738,0.0731476167
C,nyc,2026-07-09,20260709T180512962145-0400,,,eq,86,87,0.077934126,0.0873050693
C,nyc,2026-07-09,20260709T194548319856-0400,,,eq,86,87,0.0832584281,0.18534639
C,nyc,2026-07-09,20260709T200436005901-0400,,,eq,86,87,0.0481504884,0.0581618523
C,nyc,2026-07-09,20260709T213203119967-0400,,,eq,86,87,0.0493984736,0.0579913553
C,nyc,2026-07-09,20260709T220746998709-0400,,,eq,86,87,0.0493984736,0.0579913553
C,nyc,2026-07-09,20260709T230711950778-0400,,,eq,86,87,0.0493984736,0.0579913553
C,nyc,2026-07-10,20260710T000244896940-0400,,,eq,88,89,0.184921394,0.20450128
C,nyc,2026-07-10,20260710T010124627962-0400,,,eq,88,89,0.188131621,0.20450128
C,nyc,2026-07-10,20260710T021150007461-0400,,,eq,88,89,0.197086915,0.22485136
C,nyc,2026-07-10,20260710T030839529690-0400,,,eq,88,89,0.133329847,0.147077805
C,nyc,2026-07-10,20260710T040305496310-0400,,,eq,88,89,0.133346154,0.14714814
C,nyc,2026-07-10,20260710T050052094552-0400,,,eq,88,89,0.130829324,0.132473589
C,nyc,2026-07-10,20260710T060709232798-0400,,,eq,88,89,0.121576777,0.132473589
C,nyc,2026-07-10,20260710T070149646989-0400,,,eq,88,89,0.123864877,0.134069885
C,nyc,2026-07-10,20260710T080517881453-0400,,,eq,88,89,0.114948465,0.12065282
C,nyc,2026-07-10,20260710T090851000888-0400,,,eq,88,89,0.141468263,0.143631213
C,nyc,2026-07-10,20260710T103232350526-0400,,,eq,88,89,0.1465192,0.191256454
C,nyc,2026-07-10,20260710T110633856015-0400,,,eq,88,89,0.124983369,0.13609003
C,nyc,2026-07-10,20260710T120054406698-0400,,,eq,88,89,0.235875002,0.257576424
C,nyc,2026-07-10,20260710T130105497354-0400,,,eq,88,89,0.210781013,0.223344965
C,nyc,2026-07-10,20260710T140454922627-0400,,,eq,88,89,0.230555137,0.173569553
C,nyc,2026-07-10,20260710T150757045508-0400,,,eq,88,89,0.180682973,0.176329679
C,nyc,2026-07-10,20260710T160211292649-0400,,,eq,88,89,0.224396403,0.354336225
C,nyc,2026-07-10,20260710T170133906110-0400,,,eq,88,89,0.107372446,0.136380841
C,nyc,2026-07-10,20260710T181533537792-0400,,,eq,88,89,0.129465928,0.106848619
C,nyc,2026-07-10,20260710T190811623752-0400,,,eq,88,89,0.120573893,0.421815068
C,nyc,2026-07-10,20260710T200050597369-0400,,,eq,88,89,0.0938685946,0.0932678984
C,nyc,2026-07-10,20260710T212649660561-0400,,,eq,88,89,0.0680845829,0.0711876477
C,nyc,2026-07-10,20260710T224403140363-0400,,,eq,88,89,0.402109779,0.392789355
C,nyc,2026-07-10,20260710T230219634625-0400,,,eq,88,89,0.402109777,0.392788713
C,nyc,2026-07-11,20260711T000027099703-0400,,,eq,82,83,0.205599912,0.192486068
C,nyc,2026-07-11,20260711T010410580399-0400,,,eq,82,83,0.191257216,0.172635225
C,nyc,2026-07-11,20260711T020511636905-0400,,,eq,82,83,0.179057109,0.163949367
C,nyc,2026-07-11,20260711T031950060531-0400,,,eq,82,83,0.182707035,0.163949367
C,nyc,2026-07-11,20260711T044059304288-0400,,,eq,82,83,0.176050225,0.157120245
C,nyc,2026-07-11,20260711T050102918364-0400,,,eq,82,83,0.55628044,0.411512084
C,nyc,2026-07-11,20260711T060449364685-0400,,,eq,82,83,0.380261042,0.402689091
C,nyc,2026-07-11,20260711T070820544888-0400,,,eq,82,83,0.213763985,0.314138966
C,nyc,2026-07-11,20260711T080258696401-0400,,,eq,82,83,0.651612156,0.516232965
C,nyc,2026-07-11,20260711T090657351258-0400,,,eq,82,83,0.35200683,0.30042714
C,nyc,2026-07-11,20260711T103840327770-0400,,,eq,82,83,0.390813874,0.274450034
C,nyc,2026-07-11,20260711T110136620806-0400,,,eq,82,83,0.448437506,0.497194792
C,nyc,2026-07-11,20260711T120550805220-0400,,,eq,82,83,0.479433435,0.407690698
C,nyc,2026-07-11,20260711T130532228596-0400,,,eq,82,83,0.329967294,0.252773515
C,nyc,2026-07-11,20260711T140659972370-0400,,,eq,82,83,0.130458076,0.128995029
C,nyc,2026-07-11,20260711T150955496378-0400,,,eq,82,83,0.414473325,0.43922586
C,nyc,2026-07-11,20260711T160603819125-0400,,,eq,82,83,0.856114821,0.866149225
C,nyc,2026-07-11,20260711T171759248761-0400,,,eq,82,83,0.907919797,0.884263982
C,nyc,2026-07-11,20260711T180836163706-0400,,,eq,82,83,0.821057593,0.781602391
C,nyc,2026-07-11,20260711T190620598127-0400,,,eq,82,83,0.68700891,0.680728986
C,nyc,2026-07-11,20260711T201020818161-0400,,,eq,82,83,0.870150216,0.864849594
C,nyc,2026-07-11,20260711T212833047197-0400,,,eq,82,83,0.953729195,0.953478281
C,nyc,2026-07-11,20260711T221659012970-0400,,,eq,82,83,0.951552343,0.951077411
C,nyc,2026-07-14,20260714T000038183216-0400,,,eq,92,93,0.0566421837,0.0571973808
C,nyc,2026-07-14,20260714T010643534463-0400,,,eq,92,93,0.0567040576,0.0566991443
C,nyc,2026-07-14,20260714T020646722989-0400,,,eq,92,93,0.056503496,0.0563579718
C,nyc,2026-07-14,20260714T030510376170-0400,,,eq,92,93,0.056381533,0.0562174961
C,nyc,2026-07-14,20260714T040855512963-0400,,,eq,92,93,0.0560330219,0.0563579718
C,nyc,2026-07-14,20260714T050328349974-0400,,,eq,92,93,0.0577275761,0.0575231322
C,nyc,2026-07-14,20260714T060705586462-0400,,,eq,92,93,0.0571255858,0.0575231322
C,nyc,2026-07-14,20260714T070145150111-0400,,,eq,92,93,0.0564516859,0.0563579718
C,nyc,2026-07-14,20260714T080533989404-0400,,,eq,92,93,0.0585973886,0.0582940073
C,nyc,2026-07-14,20260714T090844215239-0400,,,eq,92,93,0.0930004469,0.0657614822
C,nyc,2026-07-14,20260714T100528967825-0400,,,eq,92,93,0.114649063,0.0864013511
C,nyc,2026-07-14,20260714T110806878952-0400,,,eq,92,93,0.12097979,0.113326221
C,nyc,2026-07-14,20260714T120301493057-0400,,,eq,92,93,0.115887329,0.17819328
C,nyc,2026-07-14,20260714T130729692981-0400,,,eq,92,93,0.218017722,0.211555627
C,nyc,2026-07-14,20260714T140209948284-0400,,,eq,92,93,0.3775525,0.32001219
C,nyc,2026-07-14,20260714T150558475051-0400,,,eq,92,93,0.711474089,0.556109237
C,nyc,2026-07-14,20260714T160034251729-0400,,,eq,92,93,0.559536241,0.448933583
C,nyc,2026-07-14,20260714T170415263771-0400,,,eq,92,93,0.560975967,0.320003584
C,nyc,2026-07-14,20260714T180816917667-0400,,,eq,92,93,0.611985226,0.553298124
C,nyc,2026-07-14,20260714T190321921655-0400,,,eq,92,93,0.692329907,0.469277044
C,nyc,2026-07-14,20260714T200709429775-0400,,,eq,92,93,0.58800839,0.435968488
C,nyc,2026-07-14,20260714T210146552772-0400,,,eq,92,93,0.48347122,0.236756487
C,nyc,2026-07-14,20260714T225511926535-0400,,,eq,92,93,0.585471919,0.296336615
C,nyc,2026-07-15,20260715T000016678436-0400,,,eq,98,99,0.0221092462,0.0223504269
C,nyc,2026-07-15,20260715T010236226655-0400,,,eq,98,99,0.0199771414,0.0202527991
C,nyc,2026-07-15,20260715T020807722958-0400,,,eq,98,99,0.0247690169,0.023369901
C,nyc,2026-07-15,20260715T030856658452-0400,,,eq,98,99,0.0210628919,0.0213656153
C,nyc,2026-07-15,20260715T040343203142-0400,,,eq,98,99,0.0201132642,0.0203704034
C,nyc,2026-07-15,20260715T050719436154-0400,,,eq,98,99,0.0198706694,0.0203852363
C,nyc,2026-07-15,20260715T060150316669-0400,,,eq,98,99,0.0189735803,0.0193992927
C,nyc,2026-07-15,20260715T070539930103-0400,,,eq,98,99,0.0201288108,0.0203704034
C,nyc,2026-07-15,20260715T080016180544-0400,,,eq,98,99,0.022446685,0.0226074787
C,nyc,2026-07-15,20260715T090419416040-0400,,,eq,98,99,0.0240957794,0.0270004488
C,nyc,2026-07-15,20260715T100757541277-0400,,,eq,98,99,0.0362077789,0.0398944464
C,nyc,2026-07-15,20260715T110237778566-0400,,,eq,98,99,0.0349667597,0.06381483
C,nyc,2026-07-15,20260715T120618132626-0400,,,eq,98,99,0.166717427,0.19722996
C,nyc,2026-07-15,20260715T130059280284-0400,,,eq,98,99,0.332800252,0.275199326
C,nyc,2026-07-15,20260715T140451232076-0400,,,eq,98,99,0.188296722,0.460864493
C,nyc,2026-07-15,20260715T150837721387-0400,,,eq,98,99,0.742420405,0.559612231
C,nyc,2026-07-15,20260715T160323187317-0400,,,eq,98,99,0.517053134,0.583188803
C,nyc,2026-07-15,20260715T170704604974-0400,,,eq,98,99,0.300122331,0.239056426
C,nyc,2026-07-15,20260715T180032154782-0400,,,eq,98,99,0.211575876,0.158943541
C,nyc,2026-07-15,20260715T190241127692-0400,,,eq,98,99,0.13680631,0.16664409
C,nyc,2026-07-15,20260715T200012507893-0400,,,eq,98,99,0.049751422,0.0455388667
C,nyc,2026-07-15,20260715T210409214685-0400,,,eq,98,99,0.148298623,0.147767512
C,nyc,2026-07-15,20260715T225537481922-0400,,,eq,98,99,0.148298623,0.147767512
C,nyc,2026-07-15,20260715T233313139789-0400,,,eq,98,99,0.232144089,0.261660959
C,nyc,2026-07-16,20260716T000019219356-0400,,,eq,88,89,0.112889245,0.113697424
C,nyc,2026-07-16,20260716T010431320337-0400,,,eq,88,89,0.112889245,0.113697424
C,nyc,2026-07-16,20260716T020818775137-0400,,,eq,88,89,0.120940591,0.119921239
C,nyc,2026-07-16,20260716T030304177901-0400,,,eq,88,89,0.111374756,0.117518217
C,nyc,2026-07-16,20260716T040719843810-0400,,,eq,88,89,0.109150413,0.113778013
C,nyc,2026-07-16,20260716T050203374173-0400,,,eq,88,89,0.117147097,0.11609312
C,nyc,2026-07-16,20260716T060548248148-0400,,,eq,88,89,0.103736387,0.11229078
C,nyc,2026-07-16,20260716T070024448574-0400,,,eq,88,89,0.103184454,0.11229078
C,nyc,2026-07-16,20260716T080421300984-0400,,,eq,88,89,0.0966444222,0.104388934
C,nyc,2026-07-16,20260716T090819163743-0400,,,eq,88,89,0.179470919,0.166933145
C,nyc,2026-07-16,20260716T100325963513-0400,,,eq,88,89,0.155398506,0.185446959
C,nyc,2026-07-16,20260716T110752333315-0400,,,eq,88,89,0.142898899,0.0771573281
C,nyc,2026-07-16,20260716T120245598550-0400,,,eq,88,89,0.149639902,0.138046124
C,nyc,2026-07-16,20260716T130636506623-0400,,,eq,88,89,0.109798177,0.101954516
C,nyc,2026-07-16,20260716T140126845930-0400,,,eq,88,89,0.0676759645,0.0562844366
C,nyc,2026-07-16,20260716T150525221502-0400,,,eq,88,89,0.174128294,0.166617689
C,nyc,2026-07-16,20260716T160017881088-0400,,,eq,88,89,0.270499302,0.286473595
C,nyc,2026-07-16,20260716T170409127702-0400,,,eq,88,89,0.0678735696,0.0896979154
C,nyc,2026-07-16,20260716T180759016075-0400,,,eq,88,89,0.0955374901,0.0535812752
C,nyc,2026-07-16,20260716T190246896971-0400,,,eq,88,89,0.174400433,0.364769598
C,nyc,2026-07-16,20260716T200833853506-0400,,,eq,88,89,0.179128693,0.178836205
C,nyc,2026-07-16,20260716T210330341027-0400,,,eq,88,89,0.100153916,0.062531631
C,nyc,2026-07-16,20260716T220030338653-0400,,,eq,88,89,0.100153916,0.062531631
C,nyc,2026-07-16,20260716T230322630996-0400,,,eq,88,89,0.448591859,0.324553804
C,nyc,2026-07-17,20260717T000043545787-0400,,,eq,86,87,0.152761783,0.140447595
C,nyc,2026-07-17,20260717T010510546774-0400,,,eq,86,87,0.147366712,0.141786898
C,nyc,2026-07-17,20260717T020011392628-0400,,,eq,86,87,0.114242078,0.112534409
C,nyc,2026-07-17,20260717T030437061497-0400,,,eq,86,87,0.123765837,0.105151433
C,nyc,2026-07-17,20260717T040822613124-0400,,,eq,86,87,0.116467863,0.10303863
C,nyc,2026-07-17,20260717T050301834252-0400,,,eq,86,87,0.100389111,0.0993922374
C,nyc,2026-07-17,20260717T060646410324-0400,,,eq,86,87,0.0893090055,0.0921446052
C,nyc,2026-07-17,20260717T070126213700-0400,,,eq,86,87,0.0786710932,0.0778901038
C,nyc,2026-07-17,20260717T080515006000-0400,,,eq,86,87,0.0737480663,0.0737462277
C,nyc,2026-07-17,20260717T090937209573-0400,,,eq,86,87,0.0926137103,0.100344657
C,nyc,2026-07-17,20260717T100159495319-0400,,,eq,86,87,0.11699835,0.126061623
C,nyc,2026-07-17,20260717T110341145560-0400,,,eq,86,87,0.142417481,0.112555366
C,nyc,2026-07-17,20260717T120131903822-0400,,,eq,86,87,0.121232723,0.123559533
C,nyc,2026-07-17,20260717T130111023966-0400,,,eq,86,87,0.198126465,0.210607432
C,nyc,2026-07-17,20260717T140459683531-0400,,,eq,86,87,0.103752177,0.104095378
C,nyc,2026-07-17,20260717T150858996832-0400,,,eq,86,87,0.367123969,0.371050921
C,nyc,2026-07-17,20260717T160923750309-0400,,,eq,86,87,0.458567919,0.413742379
C,nyc,2026-07-17,20260717T170842294512-0400,,,eq,86,87,0.23221032,0.229002633
C,nyc,2026-07-17,20260717T180600653016-0400,,,eq,86,87,0.296874829,0.254634975
C,nyc,2026-07-17,20260717T190856985304-0400,,,eq,86,87,0.119132617,0.104713759
C,nyc,2026-07-17,20260717T200353100417-0400,,,eq,86,87,0.0854054356,0.0852351198
C,nyc,2026-07-17,20260717T210801789223-0400,,,eq,86,87,0.0435612152,0.0328489355
C,nyc,2026-07-17,20260717T220257508491-0400,,,eq,86,87,0.0435636022,0.0328475702
C,nyc,2026-07-17,20260717T230727536075-0400,,,eq,86,87,0.0435123648,0.032830564
C,nyc,2026-07-18,20260718T000037353419-0400,,,eq,80,81,0.422083288,0.670781693
C,nyc,2026-07-18,20260718T010454754528-0400,,,eq,80,81,0.398892283,0.670781693
C,nyc,2026-07-18,20260718T020904326207-0400,,,eq,80,81,0.214108875,0.435347737
C,nyc,2026-07-18,20260718T030350615396-0400,,,eq,80,81,0.222677668,0.401725531
C,nyc,2026-07-18,20260718T040731624139-0400,,,eq,80,81,0.24706719,0.485544161
C,nyc,2026-07-18,20260718T050208962136-0400,,,eq,80,81,0.2773422,0.489200293
C,nyc,2026-07-18,20260718T060548572654-0400,,,eq,80,81,0.324974569,0.568166634
C,nyc,2026-07-18,20260718T070023823586-0400,,,eq,80,81,0.302705107,0.575649808
C,nyc,2026-07-18,20260718T080411655401-0400,,,eq,80,81,0.497755974,0.533477034
C,nyc,2026-07-18,20260718T090759738840-0400,,,eq,80,81,0.522835626,0.689726437
C,nyc,2026-07-18,20260718T100657659117-0400,,,eq,80,81,0.740225803,0.751397162
C,nyc,2026-07-18,20260718T110138826246-0400,,,eq,80,81,0.854455755,0.875414454
C,nyc,2026-07-18,20260718T120612594013-0400,,,eq,80,81,0.919174,0.906749488
C,nyc,2026-07-18,20260718T130051826525-0400,,,eq,80,81,0.748930112,0.750155149
C,nyc,2026-07-18,20260718T140439365136-0400,,,eq,80,81,0.773460689,0.782142754
C,nyc,2026-07-18,20260718T150836237817-0400,,,eq,80,81,0.979373865,0.960742977
C,nyc,2026-07-18,20260718T160322044307-0400,,,eq,80,81,0.910995584,0.938062853
C,nyc,2026-07-18,20260718T170712648413-0400,,,eq,80,81,0.994128741,0.995259876
C,nyc,2026-07-18,20260718T180151549154-0400,,,eq,80,81,0.992650968,0.992939055
C,nyc,2026-07-18,20260718T190546107304-0400,,,eq,80,81,0.986684761,0.986916589
C,nyc,2026-07-18,20260718T200033274566-0400,,,eq,80,81,0.996692722,0.996708793
C,nyc,2026-07-18,20260718T210444551858-0400,,,eq,80,81,0.996692339,0.996708238
C,nyc,2026-07-18,20260718T220857123733-0400,,,eq,80,81,0.97308522,0.973402809
C,nyc,2026-07-18,20260718T230408415902-0400,,,eq,80,81,0.97150219,0.972394127
C,nyc,2026-07-19,20260719T000030106021-0400,,,eq,80,81,0.403633121,0.636958225
C,nyc,2026-07-19,20260719T010445860225-0400,,,eq,80,81,0.416202272,0.647408186
C,nyc,2026-07-19,20260719T020911779630-0400,,,eq,80,81,0.365543491,0.618228819
C,nyc,2026-07-19,20260719T030418009987-0400,,,eq,80,81,0.228153066,0.396639288
C,nyc,2026-07-19,20260719T040812384300-0400,,,eq,80,81,0.206317555,0.387892571
C,nyc,2026-07-19,20260719T050246400323-0400,,,eq,80,81,0.168405881,0.349801682
C,nyc,2026-07-19,20260719T060631433929-0400,,,eq,80,81,0.0791000683,0.219291983
C,nyc,2026-07-19,20260719T070115221679-0400,,,eq,80,81,0.0894656283,0.245010043
C,nyc,2026-07-19,20260719T080503202301-0400,,,eq,80,81,0.42565078,0.58256121
C,nyc,2026-07-19,20260719T090857795927-0400,,,eq,80,81,0.582461971,0.564893037
C,nyc,2026-07-19,20260719T100754273679-0400,,,eq,80,81,0.414618573,0.446730187
C,nyc,2026-07-19,20260719T110314963844-0400,,,eq,80,81,0.627975774,0.602110188
C,nyc,2026-07-19,20260719T120706061133-0400,,,eq,80,81,0.513279168,0.416568116
C,nyc,2026-07-19,20260719T130147882731-0400,,,eq,80,81,0.437832575,0.387603181
C,nyc,2026-07-19,20260719T140533409727-0400,,,eq,80,81,0.497230526,0.362546966
C,nyc,2026-07-19,20260719T150018273278-0400,,,eq,80,81,0.511749388,0.509533513
C,nyc,2026-07-19,20260719T160410308151-0400,,,eq,80,81,0.774077929,0.808500978
C,nyc,2026-07-19,20260719T171349484000-0400,,,eq,80,81,0.88144656,0.882178618
C,nyc,2026-07-19,20260719T180829850253-0400,,,eq,80,81,0.948092421,0.947577473
C,nyc,2026-07-19,20260719T190029227887-0400,,,eq,80,81,0.791024645,0.795190192
C,nyc,2026-07-19,20260719T202700089807-0400,,,eq,80,81,0.910498085,0.910653421
C,nyc,2026-07-19,20260719T211412863551-0400,,,eq,80,81,0.914147774,0.914307192
C,nyc,2026-07-19,20260719T225620166105-0400,,,eq,80,81,0.967834304,0.967836759
C,nyc,2026-07-19,20260719T231533882151-0400,,,eq,80,81,0.967834304,0.967836759
C,nyc,2026-07-20,20260720T000020696394-0400,,,eq,82,83,0.377332074,0.323530258
C,nyc,2026-07-20,20260720T010119673653-0400,,,eq,82,83,0.290689123,0.299561191
C,nyc,2026-07-20,20260720T020535007099-0400,,,eq,82,83,0.255493151,0.233992574
C,nyc,2026-07-20,20260720T030051746043-0400,,,eq,82,83,0.407032745,0.347374041
C,nyc,2026-07-20,20260720T040457789970-0400,,,eq,82,83,0.407788822,0.347374041
C,nyc,2026-07-20,20260720T050839355571-0400,,,eq,82,83,0.259123349,0.239726145
C,nyc,2026-07-20,20260720T060310445937-0400,,,eq,82,83,0.224976419,0.258537347
C,nyc,2026-07-20,20260720T070705919982-0400,,,eq,82,83,0.204964619,0.185902493
C,nyc,2026-07-20,20260720T080147801034-0400,,,eq,82,83,0.137744075,0.13703781
C,nyc,2026-07-20,20260720T090116483961-0400,,,eq,82,83,0.146652637,0.148787777
C,nyc,2026-07-20,20260720T100709456779-0400,,,eq,82,83,0.180414444,0.173471222
C,nyc,2026-07-20,20260720T110156501209-0400,,,eq,82,83,0.21767751,0.238999522
C,nyc,2026-07-20,20260720T120541056596-0400,,,eq,82,83,0.349403975,0.344907204
C,nyc,2026-07-20,20260720T130112604392-0400,,,eq,82,83,0.392080581,0.363959752
C,nyc,2026-07-20,20260720T140348258974-0400,,,eq,82,83,0.277141167,0.30337187
C,nyc,2026-07-20,20260720T151019789697-0400,,,eq,82,83,0.156342611,0.133052071
C,nyc,2026-07-20,20260720T162052837669-0400,,,eq,82,83,0.2283489,0.20206446
C,nyc,2026-07-20,20260720T170636264366-0400,,,eq,82,83,0.694918527,0.408274618
C,nyc,2026-07-20,20260720T180913592211-0400,,,eq,82,83,0.967950709,0.967318805
C,nyc,2026-07-20,20260720T190409047126-0400,,,eq,82,83,0.948822278,0.948818292
C,nyc,2026-07-20,20260720T200152971627-0400,,,eq,82,83,0.986390601,0.986404943
C,nyc,2026-07-20,20260720T210703873389-0400,,,eq,82,83,0.998097525,0.99809941
C,nyc,2026-07-20,20260720T220211492993-0400,,,eq,82,83,0.998097056,0.99809893
C,nyc,2026-07-20,20260720T230421900019-0400,,,eq,82,83,0.998673583,0.998676049
C,nyc,2026-07-21,20260721T000044447521-0400,,,eq,82,83,0.471195165,0.287957244
C,nyc,2026-07-21,20260721T010136969215-0400,,,eq,82,83,0.429597538,0.287957244
C,nyc,2026-07-21,20260721T020656396760-0400,,,eq,82,83,0.195842644,0.097485293
C,nyc,2026-07-21,20260721T030156394248-0400,,,eq,82,83,0.367230974,0.259928932
C,nyc,2026-07-21,20260721T040546947510-0400,,,eq,82,83,0.322745244,0.267855302
C,nyc,2026-07-21,20260721T050030698443-0400,,,eq,82,83,0.429647803,0.396267052
C,nyc,2026-07-21,20260721T060414269262-0400,,,eq,82,83,0.429647803,0.396267052
C,nyc,2026-07-21,20260721T070805053897-0400,,,eq,82,83,0.419688246,0.379429168
C,nyc,2026-07-21,20260721T080244603875-0400,,,eq,82,83,0.332549055,0.271583603
C,nyc,2026-07-21,20260721T090636647317-0400,,,eq,82,83,0.31357934,0.292985581
C,nyc,2026-07-21,20260721T100117815469-0400,,,eq,82,83,0.157210235,0.115868834
C,nyc,2026-07-21,20260721T110502582949-0400,,,eq,82,83,0.273536571,0.25491449
C,nyc,2026-07-21,20260721T120918132239-0400,,,eq,82,83,0.507873245,0.450909374
C,nyc,2026-07-21,20260721T130409827914-0400,,,eq,82,83,0.398838325,0.32645703
C,nyc,2026-07-21,20260721T140058515718-0400,,,eq,82,83,0.188687487,0.226909632
C,nyc,2026-07-21,20260721T150428720560-0400,,,eq,82,83,0.965311649,0.97795672
C,nyc,2026-07-21,20260721T160154865694-0400,,,eq,82,83,0.100712847,0.0805327565
C,nyc,2026-07-21,20260721T171358473201-0400,,,eq,82,83,0.934363667,0.85264664
C,nyc,2026-07-21,20260721T180212495379-0400,,,eq,82,83,0.896472565,0.886996829
C,nyc,2026-07-21,20260721T190223695366-0400,,,eq,82,83,0.959609026,0.959709408
C,nyc,2026-07-21,20260721T200235444478-0400,,,eq,82,83,0.9857845,0.985846729
C,nyc,2026-07-21,20260721T210748574248-0400,,,eq,82,83,0.991821725,0.99184807
C,nyc,2026-07-21,20260721T220352650599-0400,,,eq,82,83,0.991751808,0.991789193
C,nyc,2026-07-21,20260721T230837339553-0400,,,eq,82,83,0.987574329,0.987598439
C,nyc,2026-07-22,20260722T000032688705-0400,,,eq,88,89,0.195432571,0.240500516
C,nyc,2026-07-22,20260722T010444897052-0400,,,eq,88,89,0.191702979,0.240500516
C,nyc,2026-07-22,20260722T020836169132-0400,,,eq,88,89,0.232279097,0.236653522
C,nyc,2026-07-22,20260722T030316590650-0400,,,eq,88,89,0.240530958,0.244676227
C,nyc,2026-07-22,20260722T040703086713-0400,,,eq,88,89,0.204375446,0.24412352
C,nyc,2026-07-22,20260722T050310475685-0400,,,eq,88,89,0.196832841,0.295487949
C,nyc,2026-07-22,20260722T060658583204-0400,,,eq,88,89,0.203438022,0.305151188
C,nyc,2026-07-22,20260722T070148058248-0400,,,eq,88,89,0.238927823,0.305151188
C,nyc,2026-07-22,20260722T080544503345-0400,,,eq,88,89,0.150785706,0.192500698
C,nyc,2026-07-22,20260722T090029789651-0400,,,eq,88,89,0.207239119,0.18452656
C,nyc,2026-07-22,20260722T100415893084-0400,,,eq,88,89,0.318274187,0.373538536
C,nyc,2026-07-22,20260722T110804449480-0400,,,eq,88,89,0.156102884,0.155411625
C,nyc,2026-07-22,20260722T120241908085-0400,,,eq,88,89,0.452746427,0.293638322
C,nyc,2026-07-22,20260722T130632081596-0400,,,eq,88,89,0.639144163,0.577147692
C,nyc,2026-07-22,20260722T140114437133-0400,,,eq,88,89,0.404903357,0.346544433
C,nyc,2026-07-22,20260722T150509817753-0400,,,eq,88,89,0.530668772,0.420785498
C,nyc,2026-07-22,20260722T160012852251-0400,,,eq,88,89,0.646765119,0.646167251
C,nyc,2026-07-22,20260722T170402902047-0400,,,eq,88,89,0.401256722,0.409051489
C,nyc,2026-07-22,20260722T180751135797-0400,,,eq,88,89,0.452390929,0.447400484
C,nyc,2026-07-22,20260722T190232541207-0400,,,eq,88,89,0.47853288,0.65426749
C,nyc,2026-07-22,20260722T200628091620-0400,,,eq,88,89,0.839872969,0.838263952
C,nyc,2026-07-22,20260722T210116088512-0400,,,eq,88,89,0.938728519,0.932122042
C,nyc,2026-07-22,20260722T220614728941-0400,,,eq,88,89,0.987580264,0.986507037
C,nyc,2026-07-22,20260722T230121085690-0400,,,eq,88,89,0.987576316,0.986502307
C,nyc,2026-07-23,20260723T000038401477-0400,,,eq,80,81,0.418919501,0.41088786
C,nyc,2026-07-23,20260723T010601086110-0400,,,eq,80,81,0.445161444,0.444895351
C,nyc,2026-07-23,20260723T020045768837-0400,,,eq,80,81,0.642620974,0.693261602
C,nyc,2026-07-23,20260723T030443037134-0400,,,eq,80,81,0.655131252,0.663535989
C,nyc,2026-07-23,20260723T040835445733-0400,,,eq,80,81,0.59924868,0.627352318
C,nyc,2026-07-23,20260723T050528740592-0400,,,eq,80,81,0.622146691,0.644976659
C,nyc,2026-07-23,20260723T060908628467-0400,,,eq,80,81,0.392059235,0.46080693
C,nyc,2026-07-23,20260723T070351390291-0400,,,eq,80,81,0.365852745,0.46080693
C,nyc,2026-07-23,20260723T080754102230-0400,,,eq,80,81,0.689622609,0.605203951
C,nyc,2026-07-23,20260723T090233733005-0400,,,eq,80,81,0.471653496,0.60451392
C,nyc,2026-07-23,20260723T100623610214-0400,,,eq,80,81,0.30372777,0.353041675
C,nyc,2026-07-23,20260723T110100554527-0400,,,eq,80,81,0.215885845,0.320207501
C,nyc,2026-07-23,20260723T120442555619-0400,,,eq,80,81,0.353102825,0.378263082
C,nyc,2026-07-23,20260723T130829279314-0400,,,eq,80,81,0.265428785,0.365460707
C,nyc,2026-07-23,20260723T140316701967-0400,,,eq,80,81,0.312160691,0.334252453
C,nyc,2026-07-23,20260723T150703691735-0400,,,eq,80,81,0.402024858,0.424528949
C,nyc,2026-07-23,20260723T160153735220-0400,,,eq,80,81,0.814466787,0.821622792
C,nyc,2026-07-23,20260723T170541205069-0400,,,eq,80,81,0.74713813,0.778380119
C,nyc,2026-07-23,20260723T180016349299-0400,,,eq,80,81,0.720203497,0.718543931
C,nyc,2026-07-23,20260723T190407082678-0400,,,eq,80,81,0.733327922,0.741035584
C,nyc,2026-07-23,20260723T200757469820-0400,,,eq,80,81,0.899794,0.899206507
C,nyc,2026-07-23,20260723T210239125051-0400,,,eq,80,81,0.905521878,0.904922004
C,nyc,2026-07-23,20260723T220656244728-0400,,,eq,80,81,0.905683356,0.905083079
C,nyc,2026-07-23,20260723T230204419093-0400,,,eq,80,81,0.89953658,0.898885098
C,nyc,2026-07-24,20260724T000029789736-0400,,,eq,82,83,0.246051162,0.227589534
C,nyc,2026-07-24,20260724T010417337732-0400,,,eq,82,83,0.245714387,0.227589534
C,nyc,2026-07-24,20260724T020803097193-0400,,,eq,82,83,0.455331058,0.44506256
C,nyc,2026-07-24,20260724T030238669842-0400,,,eq,82,83,0.431921531,0.431921531
C,nyc,2026-07-24,20260724T040620759958-0400,,,eq,82,83,0.401328435,0.389867621
C,nyc,2026-07-24,20260724T050711984261-0400,,,eq,82,83,0.355775264,0.342093884
C,nyc,2026-07-24,20260724T060013945565-0400,,,eq,82,83,0.355775264,0.342093884
C,nyc,2026-07-24,20260724T070552108587-0400,,,eq,82,83,0.200400072,0.269895409
C,nyc,2026-07-24,20260724T080029073457-0400,,,eq,82,83,0.267389824,0.240104147
C,nyc,2026-07-24,20260724T090417043720-0400,,,eq,82,83,0.453206533,0.455787454
C,nyc,2026-07-24,20260724T100313523418-0400,,,eq,82,83,0.237461202,0.19977741
C,nyc,2026-07-24,20260724T110239293624-0400,,,eq,82,83,0.243356616,0.207422307
C,nyc,2026-07-24,20260724T120025629966-0400,,,eq,82,83,0.46432458,0.476473364
C,nyc,2026-07-24,20260724T130109869640-0400,,,eq,82,83,0.286705566,0.275357329
C,nyc,2026-07-24,20260724T140455191254-0400,,,eq,82,83,0.234765163,0.234546886
C,nyc,2026-07-24,20260724T150843354124-0400,,,eq,82,83,0.75164644,0.751822503
C,nyc,2026-07-24,20260724T160328232260-0400,,,eq,82,83,0.830173716,0.84412349
C,nyc,2026-07-24,20260724T170717597197-0400,,,eq,82,83,0.831055586,0.882890282
C,nyc,2026-07-24,20260724T180154057155-0400,,,eq,82,83,0.840141228,0.841324825
C,nyc,2026-07-24,20260724T190542626064-0400,,,eq,82,83,0.897505532,0.899263086
C,nyc,2026-07-24,20260724T200035052085-0400,,,eq,82,83,0.953283033,0.953499523
C,nyc,2026-07-24,20260724T210423259216-0400,,,eq,82,83,0.986522842,0.986531555
C,nyc,2026-07-24,20260724T220847616710-0400,,,eq,82,83,0.989462788,0.989475934
C,nyc,2026-07-24,20260724T230404664907-0400,,,eq,82,83,0.989437311,0.989450442
C,nyc,2026-07-25,20260725T000023392377-0400,,,eq,78,79,0.0562428569,0.055205881
C,nyc,2026-07-25,20260725T010435862863-0400,,,eq,78,79,0.0561945605,0.055205881
C,nyc,2026-07-25,20260725T020901164327-0400,,,eq,78,79,0.0626715469,0.0584637945
C,nyc,2026-07-25,20260725T030341707252-0400,,,eq,78,79,0.061609345,0.0553306185
C,nyc,2026-07-25,20260725T040730841417-0400,,,eq,78,79,0.0716748875,0.0595740003
C,nyc,2026-07-25,20260725T050446282832-0400,,,eq,78,79,0.163740496,0.0864633137
C,nyc,2026-07-25,20260725T060823480683-0400,,,eq,78,79,0.329772834,0.265243371
C,nyc,2026-07-25,20260725T070258898558-0400,,,eq,78,79,0.163740496,0.0864633137
C,nyc,2026-07-25,20260725T080643501181-0400,,,eq,78,79,0.0970760171,0.0842348407
C,nyc,2026-07-25,20260725T090130968844-0400,,,eq,78,79,0.0344262102,0.033909518
C,nyc,2026-07-25,20260725T100508981453-0400,,,eq,78,79,0.0655499194,0.0667565383
C,nyc,2026-07-25,20260725T110855267176-0400,,,eq,78,79,0.0912305833,0.0895653852
C,nyc,2026-07-25,20260725T120330206260-0400,,,eq,78,79,0.204441889,0.246209405
C,nyc,2026-07-25,20260725T130719448121-0400,,,eq,78,79,0.152925124,0.267917968
C,nyc,2026-07-25,20260725T140157099741-0400,,,eq,78,79,0.256906662,0.25773908
C,nyc,2026-07-25,20260725T150554992474-0400,,,eq,78,79,0.545280797,0.545437231
C,nyc,2026-07-25,20260725T160036606276-0400,,,eq,78,79,0.712834117,0.675817886
C,nyc,2026-07-25,20260725T170423304441-0400,,,eq,78,79,0.159987239,0.153587702
C,nyc,2026-07-25,20260725T180808762848-0400,,,eq,78,79,0.596456448,0.596385226
C,nyc,2026-07-25,20260725T190258266225-0400,,,eq,78,79,0.789196261,0.790592884
C,nyc,2026-07-25,20260725T200654288806-0400,,,eq,78,79,0.918058276,0.918250497
C,nyc,2026-07-25,20260725T210031708646-0400,,,eq,78,79,0.912018404,0.912233896
C,nyc,2026-07-25,20260725T220622867928-0400,,,eq,78,79,0.913134189,0.913300515
C,nyc,2026-07-25,20260725T230134812723-0400,,,eq,78,79,0.914014388,0.914192519
C,nyc,2026-07-26,20260726T000441108070-0400,,,eq,82,83,0.162067633,0.151605683
C,nyc,2026-07-26,20260726T010829006538-0400,,,eq,82,83,0.121961576,0.111085438
C,nyc,2026-07-26,20260726T020315516286-0400,,,eq,82,83,0.122933225,0.111085438
C,nyc,2026-07-26,20260726T030713578061-0400,,,eq,82,83,0.156868769,0.143922892
C,nyc,2026-07-26,20260726T040152253605-0400,,,eq,82,83,0.115153446,0.10359827
C,nyc,2026-07-26,20260726T050849741123-0400,,,eq,82,83,0.137623812,0.124081334
C,nyc,2026-07-26,20260726T060555582413-0400,,,eq,82,83,0.103789034,0.10359827
C,nyc,2026-07-26,20260726T070042616223-0400,,,eq,82,83,0.103586666,0.10359827
C,nyc,2026-07-26,20260726T080428159678-0400,,,eq,82,83,0.161495554,0.148704101
C,nyc,2026-07-26,20260726T090818199702-0400,,,eq,82,83,0.344392999,0.410519417
C,nyc,2026-07-26,20260726T100250921697-0400,,,eq,82,83,0.232469114,0.2235276
C,nyc,2026-07-26,20260726T110631265798-0400,,,eq,82,83,0.410486469,0.421394715
C,nyc,2026-07-26,20260726T120107720747-0400,,,eq,82,83,0.393272003,0.518203943
C,nyc,2026-07-26,20260726T130453452045-0400,,,eq,82,83,0.381171523,0.368078136
C,nyc,2026-07-26,20260726T140845488390-0400,,,eq,82,83,0.222867484,0.242995398
C,nyc,2026-07-26,20260726T150342601527-0400,,,eq,82,83,0.742646382,0.748345786
C,nyc,2026-07-26,20260726T160736297410-0400,,,eq,82,83,0.84561348,0.852148363
C,nyc,2026-07-26,20260726T170217220179-0400,,,eq,82,83,0.850743341,0.854168477
C,nyc,2026-07-26,20260726T180603235282-0400,,,eq,82,83,0.768894295,0.774780999
C,nyc,2026-07-26,20260726T190045082277-0400,,,eq,82,83,0.662171772,0.669408737
C,nyc,2026-07-26,20260726T200438416076-0400,,,eq,82,83,0.859330748,0.857143339
C,nyc,2026-07-26,20260726T210828478354-0400,,,eq,82,83,0.865020885,0.863486244
C,nyc,2026-07-26,20260726T220329435768-0400,,,eq,82,83,0.938777639,0.938096402
C,nyc,2026-07-26,20260726T230748696839-0400,,,eq,82,83,0.938777639,0.938096402
C,nyc,2026-07-27,20260727T000036383217-0400,,,eq,84,85,0.1218019,0.117572452
C,nyc,2026-07-27,20260727T010540104238-0400,,,eq,84,85,0.120428241,0.117572452
C,nyc,2026-07-27,20260727T020024828329-0400,,,eq,84,85,0.114915665,0.11075076
C,nyc,2026-07-27,20260727T030413739139-0400,,,eq,84,85,0.204974231,0.194189271
C,nyc,2026-07-27,20260727T040800375079-0400,,,eq,84,85,0.204674568,0.194189271
C,nyc,2026-07-27,20260727T050322837396-0400,,,eq,84,85,0.212999533,0.212999533
C,nyc,2026-07-27,20260727T060713453482-0400,,,eq,84,85,0.19026529,0.177271753
C,nyc,2026-07-27,20260727T070205146661-0400,,,eq,84,85,0.1947298,0.17737504
C,nyc,2026-07-27,20260727T080554937131-0400,,,eq,84,85,0.155458497,0.153537333
C,nyc,2026-07-27,20260727T090035322830-0400,,,eq,84,85,0.316333845,0.27505054
C,nyc,2026-07-27,20260727T100416407998-0400,,,eq,84,85,0.458017554,0.519392548
C,nyc,2026-07-27,20260727T110826999111-0400,,,eq,84,85,0.321931547,0.247852269
C,nyc,2026-07-27,20260727T120302372578-0400,,,eq,84,85,0.34567313,0.406971595
C,nyc,2026-07-27,20260727T130645888638-0400,,,eq,84,85,0.708006606,0.699327299
C,nyc,2026-07-27,20260727T140121832244-0400,,,eq,84,85,0.936380482,0.897696412
C,nyc,2026-07-27,20260727T150516100613-0400,,,eq,84,85,0.689490704,0.658526631
C,nyc,2026-07-27,20260727T160007090164-0400,,,eq,84,85,0.720988841,0.719684777
C,nyc,2026-07-27,20260727T170351698870-0400,,,eq,84,85,0.970513968,0.971977129
C,nyc,2026-07-27,20260727T180734343867-0400,,,eq,84,85,0.957542561,0.968722365
C,nyc,2026-07-27,20260727T190231458658-0400,,,eq,84,85,0.917203704,0.917288342
C,nyc,2026-07-27,20260727T200617658853-0400,,,eq,84,85,0.935373343,0.932143503
C,nyc,2026-07-27,20260727T210109492354-0400,,,eq,84,85,0.866183164,0.863248226
C,nyc,2026-07-27,20260727T220534682853-0400,,,eq,84,85,0.994058456,0.993885354
C,nyc,2026-07-27,20260727T230055349822-0400,,,eq,84,85,0.993560668,0.993155778
C,nyc,2026-07-28,20260728T000036162620-0400,,,eq,80,81,0.355658295,0.594015647
C,nyc,2026-07-28,20260728T010427622899-0400,,,eq,80,81,0.3473506,0.590681514
C,nyc,2026-07-28,20260728T020914545211-0400,,,eq,80,81,0.191429853,0.44788711
C,nyc,2026-07-28,20260728T030040164926-0400,,,eq,80,81,0.176531452,0.445607229
C,nyc,2026-07-28,20260728T040433410149-0400,,,eq,80,81,0.165373112,0.422789908
C,nyc,2026-07-28,20260728T050110003219-0400,,,eq,80,81,0.217930087,0.509572132
C,nyc,2026-07-28,20260728T060449207166-0400,,,eq,80,81,0.199736577,0.513519754
C,nyc,2026-07-28,20260728T070831952715-0400,,,eq,80,81,0.29653891,0.611793214
C,nyc,2026-07-28,20260728T080316327967-0400,,,eq,80,81,0.237659176,0.332134969
C,nyc,2026-07-28,20260728T090715211145-0400,,,eq,80,81,0.596897993,0.624242572
C,nyc,2026-07-28,20260728T100030826070-0400,,,eq,80,81,0.450488786,0.60611227
C,nyc,2026-07-28,20260728T110427333394-0400,,,eq,80,81,0.238833046,0.48594466
C,nyc,2026-07-28,20260728T120013152840-0400,,,eq,80,81,0.168880224,0.324722687
C,nyc,2026-07-28,20260728T130407023055-0400,,,eq,80,81,0.625439487,0.630485607
C,nyc,2026-07-28,20260728T140751008880-0400,,,eq,80,81,0.47910862,0.530738724
C,nyc,2026-07-28,20260728T150237961603-0400,,,eq,80,81,0.729113872,0.69095822
C,nyc,2026-07-28,20260728T160627756306-0400,,,eq,80,81,0.756129487,0.821627337
C,nyc,2026-07-28,20260728T170109039447-0400,,,eq,80,81,0.910174448,0.944496335
C,nyc,2026-07-28,20260728T180501161479-0400,,,eq,80,81,0.930728895,0.936933782
C,nyc,2026-07-28,20260728T190853260170-0400,,,eq,80,81,0.880119898,0.881111585
C,nyc,2026-07-28,20260728T200336701584-0400,,,eq,80,81,0.939590403,0.940421044
C,nyc,2026-07-28,20260728T210729412240-0400,,,eq,80,81,0.958808703,0.959329774
C,nyc,2026-07-28,20260728T220235189907-0400,,,eq,80,81,0.958808703,0.959329774
C,nyc,2026-07-28,20260728T230730453761-0400,,,eq,80,81,0.958808703,0.959329774
C,nyc,2026-07-29,20260729T000031332929-0400,,,eq,80,81,0.396091283,0.631153411
C,nyc,2026-07-29,20260729T010434144622-0400,,,eq,80,81,0.39352221,0.629356742
C,nyc,2026-07-29,20260729T020820939537-0400,,,eq,80,81,0.253098611,0.544062148
C,nyc,2026-07-29,20260729T030258560689-0400,,,eq,80,81,0.272090947,0.462662441
C,nyc,2026-07-29,20260729T040704750191-0400,,,eq,80,81,0.288334548,0.471699073
C,nyc,2026-07-29,20260729T050442034296-0400,,,eq,80,81,0.297079209,0.55511888
C,nyc,2026-07-29,20260729T060833614254-0400,,,eq,80,81,0.1421129,0.280197791
C,nyc,2026-07-29,20260729T070311181224-0400,,,eq,80,81,0.143362651,0.280197791
C,nyc,2026-07-29,20260729T080657938514-0400,,,eq,80,81,0.392145867,0.460063064
C,nyc,2026-07-29,20260729T090140745263-0400,,,eq,80,81,0.568067956,0.57200851
C,nyc,2026-07-29,20260729T100521217045-0400,,,eq,80,81,0.634224805,0.632069039
C,nyc,2026-07-29,20260729T110901233071-0400,,,eq,80,81,0.638103863,0.664013973
C,nyc,2026-07-29,20260729T120350201452-0400,,,eq,80,81,0.52545749,0.517216197
C,nyc,2026-07-29,20260729T130741193813-0400,,,eq,80,81,0.454328528,0.754291524
C,nyc,2026-07-29,20260729T140020080345-0400,,,eq,80,81,0.820845956,0.898922592
C,nyc,2026-07-29,20260729T150613432950-0400,,,eq,80,81,0.481185787,0.504321635
C,nyc,2026-07-29,20260729T160059414301-0400,,,eq,80,81,0.697998324,0.720439406
C,nyc,2026-07-29,20260729T170440561732-0400,,,eq,80,81,0.705351681,0.839071597
C,nyc,2026-07-29,20260729T180827928981-0400,,,eq,80,81,0.782215073,0.799655009
C,nyc,2026-07-29,20260729T190312520318-0400,,,eq,80,81,0.722548815,0.722777665
C,nyc,2026-07-29,20260729T200656728771-0400,,,eq,80,81,0.943656936,0.94373184
C,nyc,2026-07-29,20260729T210138160753-0400,,,eq,80,81,0.837426161,0.837554432
C,nyc,2026-07-29,20260729T220641206336-0400,,,eq,80,81,0.962163245,0.962179141
C,nyc,2026-07-29,20260729T230317674670-0400,,,eq,80,81,0.966012979,0.966025359
C,nyc,2026-07-30,20260730T000025286981-0400,,,eq,76,77,0.191489992,0.150789038
C,nyc,2026-07-30,20260730T010702034449-0400,,,eq,76,77,0.209410297,0.150789038
C,nyc,2026-07-30,20260730T020200604549-0400,,,eq,76,77,0.191489992,0.150789038
C,nyc,2026-07-30,20260730T030544924949-0400,,,eq,76,77,0.215043262,0.162042465
C,nyc,2026-07-30,20260730T040022926778-0400,,,eq,76,77,0.306260737,0.213272653
C,nyc,2026-07-30,20260730T050425452806-0400,,,eq,76,77,0.2927698,0.207162533
C,nyc,2026-07-30,20260730T060806338531-0400,,,eq,76,77,0.222292727,0.106451942
C,nyc,2026-07-30,20260730T070245401768-0400,,,eq,76,77,0.189372254,0.106451942
C,nyc,2026-07-30,20260730T080639691452-0400,,,eq,76,77,0.221136323,0.263652083
C,nyc,2026-07-30,20260730T090119658808-0400,,,eq,76,77,0.200658191,0.511666806
C,nyc,2026-07-30,20260730T100027191937-0400,,,eq,76,77,0.468240796,0.53710106
C,nyc,2026-07-30,20260730T110839676096-0400,,,eq,76,77,0.757707282,0.606734704
C,nyc,2026-07-30,20260730T120319782088-0400,,,eq,76,77,0.547785066,0.453648956
C,nyc,2026-07-30,20260730T130705872716-0400,,,eq,76,77,0.283567773,0.574091315
C,nyc,2026-07-30,20260730T140145454328-0400,,,eq,76,77,0.0851676636,0.0752836442
C,nyc,2026-07-30,20260730T150540161218-0400,,,eq,76,77,0.0792614469,0.093245732
C,nyc,2026-07-30,20260730T160021383208-0400,,,eq,76,77,0.103659994,0.109442385
C,nyc,2026-07-30,20260730T170406078224-0400,,,eq,76,77,0.132775084,0.153112177
C,nyc,2026-07-30,20260730T180751996806-0400,,,eq,76,77,0.13558711,0.169295103
C,nyc,2026-07-30,20260730T190245158155-0400,,,eq,76,77,0.905633918,0.952925561
C,nyc,2026-07-30,20260730T200629647767-0400,,,eq,76,77,0.959394028,0.974996444
C,nyc,2026-07-30,20260730T210110554704-0400,,,eq,76,77,0.959379842,0.974986826
C,nyc,2026-07-30,20260730T220516342384-0400,,,eq,76,77,0.962318941,0.976755739
C,nyc,2026-07-30,20260730T230030431885-0400,,,eq,76,77,0.962205658,0.97408689
C,san-francisco,2026-07-01,20260701T030208-0400,,,eq,70,71,0.293270495,0.293270495
C,san-francisco,2026-07-01,20260701T040535-0400,,,eq,70,71,0.368194213,0.368194213
C,san-francisco,2026-07-01,20260701T050900-0400,,,eq,70,71,0.379391783,0.379391783
C,san-francisco,2026-07-01,20260701T060326-0400,,,eq,70,71,0.379391783,0.379391783
C,san-francisco,2026-07-01,20260701T070648-0400,,,eq,70,71,0.378514007,0.378514007
C,san-francisco,2026-07-01,20260701T080114-0400,,,eq,70,71,0.378513856,0.378513856
C,san-francisco,2026-07-01,20260701T090445-0400,,,eq,70,71,0.354753797,0.354753797
C,san-francisco,2026-07-01,20260701T100324-0400,,,eq,70,71,0.320701076,0.320701076
C,san-francisco,2026-07-01,20260701T110005-0400,,,eq,70,71,0.197093481,0.197093481
C,san-francisco,2026-07-01,20260701T120904-0400,,,eq,70,71,0.157524901,0.157524901
C,san-francisco,2026-07-01,20260701T130457-0400,,,eq,70,71,0.27625192,0.27625192
C,san-francisco,2026-07-01,20260701T140724-0400,,,eq,70,71,0.575356875,0.575356875
C,san-francisco,2026-07-01,20260701T150356-0400,,,eq,70,71,0.396567181,0.396567181
C,san-francisco,2026-07-01,20260701T160015-0400,,,eq,70,71,0.291593092,0.291593092
C,san-francisco,2026-07-01,20260701T170404-0400,,,eq,70,71,0.456013659,0.456013659
C,san-francisco,2026-07-01,20260701T180748-0400,,,eq,70,71,0.256672422,0.256672422
C,san-francisco,2026-07-01,20260701T190056-0400,,,eq,70,71,0.75301064,0.75301064
C,san-francisco,2026-07-01,20260701T200551-0400,,,eq,70,71,0.156376511,0.156376511
C,san-francisco,2026-07-01,20260701T210030-0400,,,eq,70,71,0.0449479401,0.0449479401
C,san-francisco,2026-07-01,20260701T220432-0400,,,eq,70,71,0.0404944169,0.0404944169
C,san-francisco,2026-07-01,20260701T230826-0400,,,eq,70,71,0.0980295335,0.0980295335
C,san-francisco,2026-07-01,20260702T000317-0400,,,eq,70,71,0.0946724401,0.0946724401
C,san-francisco,2026-07-01,20260702T010712-0400,,,eq,70,71,0.0945425814,0.0945425814
C,san-francisco,2026-07-01,20260702T020157-0400,,,eq,70,71,0.0933942678,0.0933942678
C,san-francisco,2026-07-02,20260702T030210-0400,,,eq,70,71,0.399772671,0.399772671
C,san-francisco,2026-07-02,20260702T040547-0400,,,eq,70,71,0.436592555,0.436592555
C,san-francisco,2026-07-02,20260702T050009-0400,,,eq,70,71,0.424141553,0.424141553
C,san-francisco,2026-07-02,20260702T060337-0400,,,eq,70,71,0.439845251,0.439845251
C,san-francisco,2026-07-02,20260702T070708-0400,,,eq,70,71,0.439845251,0.439845251
C,san-francisco,2026-07-02,20260702T080142-0400,,,eq,70,71,0.343667116,0.343667116
C,san-francisco,2026-07-02,20260702T090520-0400,,,eq,70,71,0.495622452,0.495622452
C,san-francisco,2026-07-02,20260702T100136-0400,,,eq,70,71,0.50348346,0.50348346
C,san-francisco,2026-07-02,20260702T110308-0400,,,eq,70,71,0.378729962,0.378729962
C,san-francisco,2026-07-02,20260702T120847-0400,,,eq,70,71,0.247395297,0.247395297
C,san-francisco,2026-07-02,20260702T130317-0400,,,eq,70,71,0.529175635,0.529175635
C,san-francisco,2026-07-02,20260702T140700-0400,,,eq,70,71,0.577589609,0.577589609
C,san-francisco,2026-07-02,20260702T150130-0400,,,eq,70,71,0.408106595,0.408106595
C,san-francisco,2026-07-02,20260702T160509-0400,,,eq,70,71,0.258816006,0.258816006
C,san-francisco,2026-07-02,20260702T170835-0400,,,eq,70,71,0.45036141,0.45036141
C,san-francisco,2026-07-02,20260702T181426-0400,,,eq,70,71,0.80327777,0.435550377
C,san-francisco,2026-07-02,20260702T190001-0400,,,eq,70,71,0.724744378,0.722904341
C,san-francisco,2026-07-02,20260702T200350-0400,,,eq,70,71,0.582494294,0.584381877
C,san-francisco,2026-07-02,20260702T210735-0400,,,eq,70,71,0.695414624,0.716416854
C,san-francisco,2026-07-02,20260702T220331-0400,,,eq,70,71,0.91815407,0.903139338
C,san-francisco,2026-07-02,20260702T230733-0400,,,eq,70,71,0.856007348,0.848047829
C,san-francisco,2026-07-02,20260703T001233-0400,,,eq,70,71,0.870534059,0.871534583
C,san-francisco,2026-07-02,20260703T011330-0400,,,eq,70,71,0.933457808,0.933495265
C,san-francisco,2026-07-02,20260703T020424-0400,,,eq,70,71,0.933457808,0.933495265
C,san-francisco,2026-07-03,20260703T030043-0400,,,eq,68,69,0.0771189386,0.0994857549
C,san-francisco,2026-07-03,20260703T040421-0400,,,eq,68,69,0.151750183,0.146657253
C,san-francisco,2026-07-03,20260703T050749-0400,,,eq,68,69,0.0926166751,0.0974204221
C,san-francisco,2026-07-03,20260703T060211-0400,,,eq,68,69,0.116958972,0.121244354
C,san-francisco,2026-07-03,20260703T070540-0400,,,eq,68,69,0.108430202,0.121244354
C,san-francisco,2026-07-03,20260703T080011-0400,,,eq,68,69,0.144111525,0.146365227
C,san-francisco,2026-07-03,20260703T090354-0400,,,eq,68,69,0.136956261,0.139728043
C,san-francisco,2026-07-03,20260703T100359-0400,,,eq,68,69,0.117837255,0.0868038918
C,san-francisco,2026-07-03,20260703T110426-0400,,,eq,68,69,0.087033486,0.0900124772
C,san-francisco,2026-07-03,20260703T120032-0400,,,eq,68,69,0.11684862,0.111066098
C,san-francisco,2026-07-03,20260703T131147-0400,,,eq,68,69,0.108615442,0.161340103
C,san-francisco,2026-07-03,20260703T140341-0400,,,eq,68,69,0.134826053,0.145925211
C,san-francisco,2026-07-03,20260703T152811-0400,,,eq,68,69,0.0696135853,0.0773865515
C,san-francisco,2026-07-03,20260703T160853-0400,,,eq,68,69,0.0283653117,0.0395641452
C,san-francisco,2026-07-03,20260703T170248-0400,,,eq,68,69,0.562750233,0.564391738
C,san-francisco,2026-07-03,20260703T180034-0400,,,eq,68,69,0.140501291,0.140472366
C,san-francisco,2026-07-03,20260703T190921-0400,,,eq,68,69,0.321377725,0.305740349
C,san-francisco,2026-07-03,20260703T205445522834-0400,,,eq,68,69,0.42692608,0.427480596
C,san-francisco,2026-07-03,20260703T210914587910-0400,,,eq,68,69,0.640221111,0.643646887
C,san-francisco,2026-07-03,20260703T221736155591-0400,,,eq,68,69,0.8949954,0.864862309
C,san-francisco,2026-07-03,20260703T231044164268-0400,,,eq,68,69,0.784711884,0.782949771
C,san-francisco,2026-07-03,20260704T000104161550-0400,,,eq,68,69,0.697555013,0.69217343
C,san-francisco,2026-07-03,20260704T010514612982-0400,,,eq,68,69,0.604972622,0.598199273
C,san-francisco,2026-07-03,20260704T020024681521-0400,,,eq,68,69,0.6158697,0.608812688
C,san-francisco,2026-07-04,20260704T030025008533-0400,,,eq,68,69,0.102648397,0.137358112
C,san-francisco,2026-07-04,20260704T040558835080-0400,,,eq,68,69,0.10040995,0.137358112
C,san-francisco,2026-07-04,20260704T050019837184-0400,,,eq,68,69,0.114116099,0.146369131
C,san-francisco,2026-07-04,20260704T060348955844-0400,,,eq,68,69,0.0993079795,0.140887564
C,san-francisco,2026-07-04,20260704T070718215406-0400,,,eq,68,69,0.0966777512,0.140887564
C,san-francisco,2026-07-04,20260704T080147678994-0400,,,eq,68,69,0.0972611717,0.146369131
C,san-francisco,2026-07-04,20260704T090523742228-0400,,,eq,68,69,0.093702036,0.140959389
C,san-francisco,2026-07-04,20260704T100114471618-0400,,,eq,68,69,0.093702036,0.140959389
C,san-francisco,2026-07-04,20260704T110454402708-0400,,,eq,68,69,0.0908910044,0.0969591048
C,san-francisco,2026-07-04,20260704T120320092956-0400,,,eq,68,69,0.0845460252,0.0884129467
C,san-francisco,2026-07-04,20260704T130045464386-0400,,,eq,68,69,0.105893793,0.0912343385
C,san-francisco,2026-07-04,20260704T140720009265-0400,,,eq,68,69,0.106882394,0.145077164
C,san-francisco,2026-07-04,20260704T151337992509-0400,,,eq,68,69,0.0929793075,0.123973971
C,san-francisco,2026-07-04,20260704T160855141591-0400,,,eq,68,69,0.0436143597,0.113915049
C,san-francisco,2026-07-04,20260704T170615110008-0400,,,eq,68,69,0.690682379,0.672155616
C,san-francisco,2026-07-04,20260704T180653951180-0400,,,eq,68,69,0.590252478,0.590466022
C,san-francisco,2026-07-04,20260704T190126252896-0400,,,eq,68,69,0.429986288,0.434260375
C,san-francisco,2026-07-04,20260704T200458871290-0400,,,eq,68,69,0.572928617,0.57271427
C,san-francisco,2026-07-04,20260704T210834910109-0400,,,eq,68,69,0.717528226,0.723218179
C,san-francisco,2026-07-04,20260704T220308608530-0400,,,eq,68,69,0.895742643,0.899935054
C,san-francisco,2026-07-04,20260704T230656655672-0400,,,eq,68,69,0.787519304,0.794988097
C,san-francisco,2026-07-04,20260705T000158182029-0400,,,eq,68,69,0.780008192,0.787790441
C,san-francisco,2026-07-04,20260705T010548953027-0400,,,eq,68,69,0.780008192,0.787790441
C,san-francisco,2026-07-04,20260705T020040974400-0400,,,eq,68,69,0.780008192,0.787790441
C,san-francisco,2026-07-05,20260705T030018058223-0400,,,eq,68,69,0.274725587,0.410518469
C,san-francisco,2026-07-05,20260705T040347141151-0400,,,eq,68,69,0.219052986,0.311567475
C,san-francisco,2026-07-05,20260705T050708587283-0400,,,eq,68,69,0.231172108,0.371992827
C,san-francisco,2026-07-05,20260705T060133682810-0400,,,eq,68,69,0.241772297,0.371992827
C,san-francisco,2026-07-05,20260705T070501805967-0400,,,eq,68,69,0.327186834,0.347918102
C,san-francisco,2026-07-05,20260705T080831342701-0400,,,eq,68,69,0.239074677,0.371992827
C,san-francisco,2026-07-05,20260705T090302173757-0400,,,eq,68,69,0.239074677,0.371992827
C,san-francisco,2026-07-05,20260705T101106107144-0400,,,eq,68,69,0.430859579,0.358203364
C,san-francisco,2026-07-05,20260705T110602877791-0400,,,eq,68,69,0.457706588,0.447987643
C,san-francisco,2026-07-05,20260705T120032475899-0400,,,eq,68,69,0.542049962,0.517707639
C,san-francisco,2026-07-05,20260705T130436852959-0400,,,eq,68,69,0.335009643,0.346179283
C,san-francisco,2026-07-05,20260705T140055921197-0400,,,eq,68,69,0.427972263,0.42418201
C,san-francisco,2026-07-05,20260705T150253536260-0400,,,eq,68,69,0.172812062,0.554092814
C,san-francisco,2026-07-05,20260705T160631161874-0400,,,eq,68,69,0.668065821,0.625153278
C,san-francisco,2026-07-05,20260705T170111497574-0400,,,eq,68,69,0.600752252,0.592862009
C,san-francisco,2026-07-05,20260705T180037635862-0400,,,eq,68,69,0.5678473,0.567737189
C,san-francisco,2026-07-05,20260705T190655355233-0400,,,eq,68,69,0.586516371,0.582604251
C,san-francisco,2026-07-05,20260705T202806504934-0400,,,eq,68,69,0.618748847,0.617963371
C,san-francisco,2026-07-05,20260705T210524419840-0400,,,eq,68,69,0.738496768,0.74252105
C,san-francisco,2026-07-05,20260705T220119400857-0400,,,eq,68,69,0.920041251,0.920767167
C,san-francisco,2026-07-05,20260705T233524895945-0400,,,eq,68,69,0.796231289,0.809894015
C,san-francisco,2026-07-05,20260706T000534427655-0400,,,eq,68,69,0.801468056,0.815069601
C,san-francisco,2026-07-05,20260706T012724978542-0400,,,eq,68,69,0.787246071,0.803508488
C,san-francisco,2026-07-05,20260706T020551447327-0400,,,eq,68,69,0.787246071,0.803508488
C,san-francisco,2026-07-07,20260707T030557619120-0400,,,eq,62,63,0.0567885302,0.0567885302
C,san-francisco,2026-07-07,20260707T040026231236-0400,,,eq,62,63,0.0541956504,0.0552984065
C,san-francisco,2026-07-07,20260707T050352102390-0400,,,eq,62,63,0.0556143643,0.0552984065
C,san-francisco,2026-07-07,20260707T060717979091-0400,,,eq,62,63,0.0630322323,0.0590900943
C,san-francisco,2026-07-07,20260707T070144829337-0400,,,eq,62,63,0.0578299283,0.0590900943
C,san-francisco,2026-07-07,20260707T080518331364-0400,,,eq,62,63,0.0569899803,0.0552984065
C,san-francisco,2026-07-07,20260707T090856961209-0400,,,eq,62,63,0.0569899803,0.0552984065
C,san-francisco,2026-07-07,20260707T102027648256-0400,,,eq,62,63,0.0555783059,0.0523122239
C,san-francisco,2026-07-07,20260707T110538798264-0400,,,eq,62,63,0.0403478201,0.0414081256
C,san-francisco,2026-07-07,20260707T120439823263-0400,,,eq,62,63,0.313289452,0.124919482
C,san-francisco,2026-07-07,20260707T131214629198-0400,,,eq,62,63,0.201490165,0.186213653
C,san-francisco,2026-07-07,20260707T141057890718-0400,,,eq,62,63,0.0561964825,0.0517949716
C,san-francisco,2026-07-07,20260707T150425410466-0400,,,eq,62,63,0.124349601,0.118698868
C,san-francisco,2026-07-07,20260707T160005931888-0400,,,eq,62,63,0.410094004,0.150476649
C,san-francisco,2026-07-07,20260707T170147105640-0400,,,eq,62,63,0.168084828,0.288026973
C,san-francisco,2026-07-07,20260707T180116027578-0400,,,eq,62,63,0.727900483,0.654520498
C,san-francisco,2026-07-07,20260707T190447656440-0400,,,eq,62,63,0.805379119,0.84856355
C,san-francisco,2026-07-07,20260707T200820204250-0400,,,eq,62,63,0.79892167,0.895145487
C,san-francisco,2026-07-07,20260707T210257406218-0400,,,eq,62,63,0.768810101,0.662227938
C,san-francisco,2026-07-07,20260707T220654733492-0400,,,eq,62,63,0.215658672,0.270703513
C,san-francisco,2026-07-07,20260707T230137880130-0400,,,eq,62,63,0.468151496,0.126031051
C,san-francisco,2026-07-07,20260708T000528468363-0400,,,eq,62,63,0.454835689,0.11581542
C,san-francisco,2026-07-07,20260708T010053561109-0400,,,eq,62,63,0.487150799,0.122376964
C,san-francisco,2026-07-07,20260708T020446354668-0400,,,eq,62,63,0.487150799,0.122376964
C,san-francisco,2026-07-08,20260708T030116241479-0400,,,eq,64,65,0.107308684,0.111042152
C,san-francisco,2026-07-08,20260708T040604406002-0400,,,eq,64,65,0.107308684,0.111042152
C,san-francisco,2026-07-08,20260708T050026327780-0400,,,eq,64,65,0.107300646,0.111042152
C,san-francisco,2026-07-08,20260708T060356509570-0400,,,eq,64,65,0.107300654,0.111885535
C,san-francisco,2026-07-08,20260708T070724104104-0400,,,eq,64,65,0.116123365,0.099733195
C,san-francisco,2026-07-08,20260708T080155037856-0400,,,eq,64,65,0.108115558,0.0949259302
C,san-francisco,2026-07-08,20260708T090540635716-0400,,,eq,64,65,0.106024496,0.0949259302
C,san-francisco,2026-07-08,20260708T100815791954-0400,,,eq,64,65,0.11823484,0.108629547
C,san-francisco,2026-07-08,20260708T110221819236-0400,,,eq,64,65,0.182238571,0.190317914
C,san-francisco,2026-07-08,20260708T120335200993-0400,,,eq,64,65,0.138757258,0.22003312
C,san-francisco,2026-07-08,20260708T130308351668-0400,,,eq,64,65,0.312655088,0.199608868
C,san-francisco,2026-07-08,20260708T140851109967-0400,,,eq,64,65,0.24730801,0.287454968
C,san-francisco,2026-07-08,20260708T150740984467-0400,,,eq,64,65,0.228286831,0.271055072
C,san-francisco,2026-07-08,20260708T160103819905-0400,,,eq,64,65,0.230648525,0.269719928
C,san-francisco,2026-07-08,20260708T170038368633-0400,,,eq,64,65,0.502436182,0.527016205
C,san-francisco,2026-07-08,20260708T180111710845-0400,,,eq,64,65,0.545715772,0.545343009
C,san-francisco,2026-07-08,20260708T190504806788-0400,,,eq,64,65,0.798548544,0.8087803
C,san-francisco,2026-07-08,20260708T200509040069-0400,,,eq,64,65,0.893918436,0.843990482
C,san-francisco,2026-07-08,20260708T210929610311-0400,,,eq,64,65,0.886107473,0.891793577
C,san-francisco,2026-07-08,20260708T220228475779-0400,,,eq,64,65,0.904340013,0.911792904
C,san-francisco,2026-07-08,20260708T230659287599-0400,,,eq,64,65,0.534936918,0.682369987
C,san-francisco,2026-07-08,20260709T000204631721-0400,,,eq,64,65,0.454983506,0.609414933
C,san-francisco,2026-07-08,20260709T010608665605-0400,,,eq,64,65,0.548933059,0.69364244
C,san-francisco,2026-07-08,20260709T020102906067-0400,,,eq,64,65,0.556320471,0.703390855
C,san-francisco,2026-07-09,20260709T030101131791-0400,,,eq,66,67,0.137402711,0.125088407
C,san-francisco,2026-07-09,20260709T040438775558-0400,,,eq,66,67,0.137402711,0.125088407
C,san-francisco,2026-07-09,20260709T050807550479-0400,,,eq,66,67,0.130009528,0.125196811
C,san-francisco,2026-07-09,20260709T060235253328-0400,,,eq,66,67,0.0975215655,0.0953109204
C,san-francisco,2026-07-09,20260709T070559831524-0400,,,eq,66,67,0.135665781,0.125196811
C,san-francisco,2026-07-09,20260709T080029402873-0400,,,eq,66,67,0.135820683,0.125196811
C,san-francisco,2026-07-09,20260709T090413158520-0400,,,eq,66,67,0.0962216274,0.0953109204
C,san-francisco,2026-07-09,20260709T100141333222-0400,,,eq,66,67,0.101819744,0.0953109204
C,san-francisco,2026-07-09,20260709T110051944115-0400,,,eq,66,67,0.163794445,0.146580667
C,san-francisco,2026-07-09,20260709T120051907243-0400,,,eq,66,67,0.180092558,0.202210397
C,san-francisco,2026-07-09,20260709T130022094219-0400,,,eq,66,67,0.0885614492,0.108921267
C,san-francisco,2026-07-09,20260709T140917540582-0400,,,eq,66,67,0.226619001,0.230457911
C,san-francisco,2026-07-09,20260709T150020114535-0400,,,eq,66,67,0.295309294,0.214551177
C,san-francisco,2026-07-09,20260709T160351663723-0400,,,eq,66,67,0.54848306,0.480207714
C,san-francisco,2026-07-09,20260709T170346538958-0400,,,eq,66,67,0.829815521,0.841470092
C,san-francisco,2026-07-09,20260709T180052685140-0400,,,eq,66,67,0.4159356,0.417151542
C,san-francisco,2026-07-09,20260709T194456687398-0400,,,eq,66,67,0.523039067,0.523997324
C,san-francisco,2026-07-09,20260709T200321259376-0400,,,eq,66,67,0.555012577,0.554836522
C,san-francisco,2026-07-09,20260709T211401397016-0400,,,eq,66,67,0.679334311,0.679212925
C,san-francisco,2026-07-09,20260709T220327709084-0400,,,eq,66,67,0.911701267,0.912605863
C,san-francisco,2026-07-09,20260709T230755820269-0400,,,eq,66,67,0.7495933,0.749198843
C,san-francisco,2026-07-09,20260710T000326774814-0400,,,eq,66,67,0.750847309,0.750099515
C,san-francisco,2026-07-09,20260710T010811156803-0400,,,eq,66,67,0.751225095,0.750307373
C,san-francisco,2026-07-09,20260710T020345015836-0400,,,eq,66,67,0.751225095,0.750307373
C,san-francisco,2026-07-10,20260710T030058965736-0400,,,eq,64,65,0.0355810779,0.0328277848
C,san-francisco,2026-07-10,20260710T040022662662-0400,,,eq,64,65,0.0424172794,0.035701344
C,san-francisco,2026-07-10,20260710T050139594836-0400,,,eq,64,65,0.0410419781,0.0357013462
C,san-francisco,2026-07-10,20260710T060739360624-0400,,,eq,64,65,0.033971447,0.0357013462
C,san-francisco,2026-07-10,20260710T070222420231-0400,,,eq,64,65,0.0342352028,0.0357013452
C,san-francisco,2026-07-10,20260710T080605462473-0400,,,eq,64,65,0.0354770955,0.0357013452
C,san-francisco,2026-07-10,20260710T090046577531-0400,,,eq,64,65,0.0567568375,0.0413878643
C,san-francisco,2026-07-10,20260710T103801743657-0400,,,eq,64,65,0.0635053229,0.0576427414
C,san-francisco,2026-07-10,20260710T110111159003-0400,,,eq,64,65,0.138425812,0.112799393
C,san-francisco,2026-07-10,20260710T120158876701-0400,,,eq,64,65,0.155497334,0.174100193
C,san-francisco,2026-07-10,20260710T130140046479-0400,,,eq,64,65,0.327269924,0.148953801
C,san-francisco,2026-07-10,20260710T140404438701-0400,,,eq,64,65,0.161829899,0.153744266
C,san-francisco,2026-07-10,20260710T150536444094-0400,,,eq,64,65,0.122820874,0.146904799
C,san-francisco,2026-07-10,20260710T160159873132-0400,,,eq,64,65,0.212894671,0.206346126
C,san-francisco,2026-07-10,20260710T170120123407-0400,,,eq,64,65,0.331435116,0.308837419
C,san-francisco,2026-07-10,20260710T181023193473-0400,,,eq,64,65,0.282471181,0.275500316
C,san-francisco,2026-07-10,20260710T190038988443-0400,,,eq,64,65,0.293727923,0.261645994
C,san-francisco,2026-07-10,20260710T200025820913-0400,,,eq,64,65,0.384983815,0.377872627
C,san-francisco,2026-07-10,20260710T211909206789-0400,,,eq,64,65,0.413830588,0.433578089
C,san-francisco,2026-07-10,20260710T222245333196-0400,,,eq,64,65,0.857954675,0.734779927
C,san-francisco,2026-07-10,20260710T230008471451-0400,,,eq,64,65,0.36960184,0.423682199
C,san-francisco,2026-07-10,20260711T000047981504-0400,,,eq,64,65,0.382721023,0.479015674
C,san-francisco,2026-07-10,20260711T010457956718-0400,,,eq,64,65,0.382721023,0.479015674
C,san-francisco,2026-07-10,20260711T020349960815-0400,,,eq,64,65,0.381431065,0.477885911
C,san-francisco,2026-07-11,20260711T031843601251-0400,,,eq,66,67,0.0954274508,0.099164353
C,san-francisco,2026-07-11,20260711T040620830583-0400,,,eq,66,67,0.0944824847,0.099164353
C,san-francisco,2026-07-11,20260711T050056180518-0400,,,eq,66,67,0.0952119122,0.0979785216
C,san-francisco,2026-07-11,20260711T060506320004-0400,,,eq,66,67,0.0959061568,0.0961674105
C,san-francisco,2026-07-11,20260711T070846237851-0400,,,eq,66,67,0.100945777,0.0982423665
C,san-francisco,2026-07-11,20260711T080319701762-0400,,,eq,66,67,0.112166376,0.0957380936
C,san-francisco,2026-07-11,20260711T090029323652-0400,,,eq,66,67,0.102832508,0.0957836323
C,san-francisco,2026-07-11,20260711T103202103514-0400,,,eq,66,67,0.132764619,0.110851829
C,san-francisco,2026-07-11,20260711T110614322493-0400,,,eq,66,67,0.0907807499,0.121775431
C,san-francisco,2026-07-11,20260711T120654110172-0400,,,eq,66,67,0.149366496,0.144189438
C,san-francisco,2026-07-11,20260711T130555946813-0400,,,eq,66,67,0.211222567,0.235752886
C,san-francisco,2026-07-11,20260711T140714389317-0400,,,eq,66,67,0.210850268,0.228102866
C,san-francisco,2026-07-11,20260711T150403079993-0400,,,eq,66,67,0.320372995,0.334888483
C,san-francisco,2026-07-11,20260711T160640534741-0400,,,eq,66,67,0.418108522,0.436919717
C,san-francisco,2026-07-11,20260711T173046748848-0400,,,eq,66,67,0.109048738,0.186349869
C,san-francisco,2026-07-11,20260711T180713275845-0400,,,eq,66,67,0.359951437,0.370586444
C,san-francisco,2026-07-11,20260711T190824008076-0400,,,eq,66,67,0.371430372,0.373699823
C,san-francisco,2026-07-11,20260711T201418963500-0400,,,eq,66,67,0.397720242,0.39751431
C,san-francisco,2026-07-11,20260711T211253987774-0400,,,eq,66,67,0.602936179,0.603511697
C,san-francisco,2026-07-11,20260711T221710786194-0400,,,eq,66,67,0.900914705,0.903078345
C,san-francisco,2026-07-11,20260712T010901976517-0400,,,eq,66,67,0.741150004,0.741536218
C,san-francisco,2026-07-11,20260712T020056393593-0400,,,eq,66,67,0.739205198,0.739411594
C,san-francisco,2026-07-14,20260714T030110644070-0400,,,eq,80,81,0.0244101659,0.0244940853
C,san-francisco,2026-07-14,20260714T040458368295-0400,,,eq,80,81,0.0245500574,0.0246844188
C,san-francisco,2026-07-14,20260714T050029388205-0400,,,eq,80,81,0.0249291359,0.0244668331
C,san-francisco,2026-07-14,20260714T060039108513-0400,,,eq,80,81,0.0246678638,0.0247820595
C,san-francisco,2026-07-14,20260714T070651695882-0400,,,eq,80,81,0.0251153455,0.024732085
C,san-francisco,2026-07-14,20260714T080139920578-0400,,,eq,80,81,0.0250897881,0.0247178218
C,san-francisco,2026-07-14,20260714T090829444874-0400,,,eq,80,81,0.025192025,0.0248073896
C,san-francisco,2026-07-14,20260714T100541161154-0400,,,eq,80,81,0.0253774891,0.0243796628
C,san-francisco,2026-07-14,20260714T110833328344-0400,,,eq,80,81,0.0373734221,0.0281025749
C,san-francisco,2026-07-14,20260714T120402522333-0400,,,eq,80,81,0.0328485812,0.030893495
C,san-francisco,2026-07-14,20260714T130902001123-0400,,,eq,80,81,0.0341727389,0.0455975797
C,san-francisco,2026-07-14,20260714T140336250255-0400,,,eq,80,81,0.0429864572,0.0484620907
C,san-francisco,2026-07-14,20260714T150721896146-0400,,,eq,80,81,0.088008796,0.0876001344
C,san-francisco,2026-07-14,20260714T160204183943-0400,,,eq,80,81,0.179091659,0.131434059
C,san-francisco,2026-07-14,20260714T170551743848-0400,,,eq,80,81,0.107402713,0.153682539
C,san-francisco,2026-07-14,20260714T180155958324-0400,,,eq,80,81,0.349087856,0.329288609
C,san-francisco,2026-07-14,20260714T190551803279-0400,,,eq,80,81,0.104602443,0.117246844
C,san-francisco,2026-07-14,20260714T200033855024-0400,,,eq,80,81,0.143372557,0.113656288
C,san-francisco,2026-07-14,20260714T210421740946-0400,,,eq,80,81,0.143609975,0.120491999
C,san-francisco,2026-07-14,20260714T225928512192-0400,,,eq,80,81,0.116501216,0.221719342
C,san-francisco,2026-07-14,20260714T235927811621-0400,,,eq,80,81,0.0792089084,0.08099191
C,san-francisco,2026-07-14,20260715T000933561587-0400,,,eq,80,81,0.0687497825,0.0713018871
C,san-francisco,2026-07-14,20260715T010344757592-0400,,,eq,80,81,0.0792089084,0.08099191
C,san-francisco,2026-07-14,20260715T020039632371-0400,,,eq,80,81,0.11279235,0.113977006
C,san-francisco,2026-07-15,20260715T030033906122-0400,,,eq,72,73,0.0961902421,0.0963877377
C,san-francisco,2026-07-15,20260715T040422587320-0400,,,eq,72,73,0.0946546018,0.0950577613
C,san-francisco,2026-07-15,20260715T050817928580-0400,,,eq,72,73,0.128399212,0.124994616
C,san-francisco,2026-07-15,20260715T060258750517-0400,,,eq,72,73,0.109255207,0.10704786
C,san-francisco,2026-07-15,20260715T070635569200-0400,,,eq,72,73,0.0984841228,0.0962730999
C,san-francisco,2026-07-15,20260715T080123089620-0400,,,eq,72,73,0.113049427,0.10929513
C,san-francisco,2026-07-15,20260715T090526385071-0400,,,eq,72,73,0.128787136,0.125217023
C,san-francisco,2026-07-15,20260715T100015595180-0400,,,eq,72,73,0.136937833,0.123570014
C,san-francisco,2026-07-15,20260715T110353989947-0400,,,eq,72,73,0.120566056,0.119155733
C,san-francisco,2026-07-15,20260715T120738596319-0400,,,eq,72,73,0.128843498,0.120967213
C,san-francisco,2026-07-15,20260715T130218860492-0400,,,eq,72,73,0.130513652,0.130562305
C,san-francisco,2026-07-15,20260715T140046482891-0400,,,eq,72,73,0.0996879812,0.107585414
C,san-francisco,2026-07-15,20260715T150106012075-0400,,,eq,72,73,0.155863218,0.194206724
C,san-francisco,2026-07-15,20260715T160457554051-0400,,,eq,72,73,0.259612491,0.227000204
C,san-francisco,2026-07-15,20260715T170849892844-0400,,,eq,72,73,0.125497852,0.124101493
C,san-francisco,2026-07-15,20260715T180323962063-0400,,,eq,72,73,0.405156805,0.388883712
C,san-francisco,2026-07-15,20260715T190703087361-0400,,,eq,72,73,0.519323296,0.504012712
C,san-francisco,2026-07-15,20260715T200201843926-0400,,,eq,72,73,0.512460274,0.511674733
C,san-francisco,2026-07-15,20260715T210611848929-0400,,,eq,72,73,0.56899132,0.657378723
C,san-francisco,2026-07-15,20260715T225946449321-0400,,,eq,72,73,0.467617756,0.503273444
C,san-francisco,2026-07-15,20260715T233313772014-0400,,,eq,72,73,0.653717896,0.590233254
C,san-francisco,2026-07-15,20260716T000129449655-0400,,,eq,72,73,0.707405847,0.661604648
C,san-francisco,2026-07-15,20260716T010610477203-0400,,,eq,72,73,0.707405847,0.661604648
C,san-francisco,2026-07-15,20260716T020119196269-0400,,,eq,72,73,0.704754106,0.661594731
C,san-francisco,2026-07-16,20260716T030301219022-0400,,,eq,68,69,0.254755701,0.254755701
C,san-francisco,2026-07-16,20260716T040702170450-0400,,,eq,68,69,0.206248728,0.222172272
C,san-francisco,2026-07-16,20260716T050144173078-0400,,,eq,68,69,0.206248728,0.222172272
C,san-francisco,2026-07-16,20260716T060523647595-0400,,,eq,68,69,0.26797391,0.230928779
C,san-francisco,2026-07-16,20260716T070909662368-0400,,,eq,68,69,0.266597816,0.230928779
C,san-francisco,2026-07-16,20260716T080400405523-0400,,,eq,68,69,0.3077404,0.217182441
C,san-francisco,2026-07-16,20260716T090754145677-0400,,,eq,68,69,0.250015986,0.217182441
C,san-francisco,2026-07-16,20260716T100313048328-0400,,,eq,68,69,0.237942721,0.217182441
C,san-francisco,2026-07-16,20260716T110055913470-0400,,,eq,68,69,0.274736136,0.392613067
C,san-francisco,2026-07-16,20260716T120208932386-0400,,,eq,68,69,0.34568706,0.196645407
C,san-francisco,2026-07-16,20260716T130556911756-0400,,,eq,68,69,0.280263622,0.333626643
C,san-francisco,2026-07-16,20260716T140045391315-0400,,,eq,68,69,0.180770206,0.421220662
C,san-francisco,2026-07-16,20260716T150444369573-0400,,,eq,68,69,0.655808626,0.448278027
C,san-francisco,2026-07-16,20260716T160846284376-0400,,,eq,68,69,0.566894273,0.262168544
C,san-francisco,2026-07-16,20260716T170326635563-0400,,,eq,68,69,0.262362265,0.289908025
C,san-francisco,2026-07-16,20260716T180714338767-0400,,,eq,68,69,0.610070646,0.611371114
C,san-francisco,2026-07-16,20260716T190207318597-0400,,,eq,68,69,0.645926674,0.626274298
C,san-francisco,2026-07-16,20260716T200930127955-0400,,,eq,68,69,0.766600482,0.766337957
C,san-francisco,2026-07-16,20260716T210425147367-0400,,,eq,68,69,0.600293077,0.605265484
C,san-francisco,2026-07-16,20260716T220051388005-0400,,,eq,68,69,0.846953756,0.7847003
C,san-francisco,2026-07-16,20260716T230322594259-0400,,,eq,68,69,0.734138307,0.731391997
C,san-francisco,2026-07-16,20260717T000902297520-0400,,,eq,68,69,0.737563716,0.738324231
C,san-francisco,2026-07-16,20260717T010421014588-0400,,,eq,68,69,0.737563716,0.738324231
C,san-francisco,2026-07-16,20260717T020058893752-0400,,,eq,68,69,0.669064607,0.669968909
C,san-francisco,2026-07-17,20260717T030048189831-0400,,,eq,66,67,0.36784134,0.320144868
C,san-francisco,2026-07-17,20260717T040045508985-0400,,,eq,66,67,0.346020261,0.335534234
C,san-francisco,2026-07-17,20260717T050834915994-0400,,,eq,66,67,0.362996801,0.335534234
C,san-francisco,2026-07-17,20260717T060309539607-0400,,,eq,66,67,0.345721311,0.335534234
C,san-francisco,2026-07-17,20260717T070657520004-0400,,,eq,66,67,0.34690724,0.335534234
C,san-francisco,2026-07-17,20260717T080136928803-0400,,,eq,66,67,0.413229664,0.331831517
C,san-francisco,2026-07-17,20260717T091011726107-0400,,,eq,66,67,0.317867598,0.335534234
C,san-francisco,2026-07-17,20260717T102734995391-0400,,,eq,66,67,0.437074751,0.404456194
C,san-francisco,2026-07-17,20260717T110426522580-0400,,,eq,66,67,0.392906504,0.384199013
C,san-francisco,2026-07-17,20260717T120308158857-0400,,,eq,66,67,0.607340356,0.514713161
C,san-francisco,2026-07-17,20260717T130123788391-0400,,,eq,66,67,0.483586485,0.644912642
C,san-francisco,2026-07-17,20260717T140513149880-0400,,,eq,66,67,0.799405591,0.663856732
C,san-francisco,2026-07-17,20260717T150002046891-0400,,,eq,66,67,0.601088166,0.756699764
C,san-francisco,2026-07-17,20260717T160002105969-0400,,,eq,66,67,0.913380624,0.931278475
C,san-francisco,2026-07-17,20260717T170023417281-0400,,,eq,66,67,0.750824528,0.764760278
C,san-francisco,2026-07-17,20260717T180911566341-0400,,,eq,66,67,0.39029011,0.391133831
C,san-francisco,2026-07-17,20260717T190144254483-0400,,,eq,66,67,0.66484305,0.665661793
C,san-francisco,2026-07-17,20260717T200842136768-0400,,,eq,66,67,0.583450434,0.583388109
C,san-francisco,2026-07-17,20260717T210328221529-0400,,,eq,66,67,0.619270957,0.619685728
C,san-francisco,2026-07-17,20260717T220743678511-0400,,,eq,66,67,0.872923362,0.874590927
C,san-francisco,2026-07-17,20260717T230257052133-0400,,,eq,66,67,0.748873899,0.748343486
C,san-francisco,2026-07-17,20260718T000805562649-0400,,,eq,66,67,0.750610178,0.750155618
C,san-francisco,2026-07-17,20260718T010323378837-0400,,,eq,66,67,0.748652544,0.747954093
C,san-francisco,2026-07-17,20260718T020741037127-0400,,,eq,66,67,0.775380845,0.775180883
C,san-francisco,2026-07-18,20260718T030255234092-0400,,,eq,70,71,0.496894873,0.448211846
C,san-francisco,2026-07-18,20260718T040645043391-0400,,,eq,70,71,0.394996078,0.448211846
C,san-francisco,2026-07-18,20260718T050124705625-0400,,,eq,70,71,0.461051162,0.448211846
C,san-francisco,2026-07-18,20260718T060511311026-0400,,,eq,70,71,0.38232501,0.448211661
C,san-francisco,2026-07-18,20260718T070856288135-0400,,,eq,70,71,0.456078751,0.461421059
C,san-francisco,2026-07-18,20260718T080335980299-0400,,,eq,70,71,0.456078962,0.461421261
C,san-francisco,2026-07-18,20260718T090724164877-0400,,,eq,70,71,0.469941897,0.448211846
C,san-francisco,2026-07-18,20260718T100229808229-0400,,,eq,70,71,0.346940184,0.461421261
C,san-francisco,2026-07-18,20260718T110618805349-0400,,,eq,70,71,0.422098377,0.405756166
C,san-francisco,2026-07-18,20260718T120054906552-0400,,,eq,70,71,0.250474076,0.26197143
C,san-francisco,2026-07-18,20260718T130445684310-0400,,,eq,70,71,0.258016648,0.362841451
C,san-francisco,2026-07-18,20260718T140001497921-0400,,,eq,70,71,0.68778568,0.508990868
C,san-francisco,2026-07-18,20260718T150054903317-0400,,,eq,70,71,0.473523607,0.526650271
C,san-francisco,2026-07-18,20260718T160716512912-0400,,,eq,70,71,0.175749818,0.244023243
C,san-francisco,2026-07-18,20260718T170000509244-0400,,,eq,70,71,0.0458940647,0.0436715494
C,san-francisco,2026-07-18,20260718T180601489312-0400,,,eq,70,71,0.203576537,0.203412342
C,san-francisco,2026-07-18,20260718T190041513884-0400,,,eq,70,71,0.530270961,0.573558231
C,san-francisco,2026-07-18,20260718T200059699066-0400,,,eq,70,71,0.386348259,0.381175238
C,san-francisco,2026-07-18,20260718T210830303813-0400,,,eq,70,71,0.71104216,0.715720288
C,san-francisco,2026-07-18,20260718T220329639714-0400,,,eq,70,71,0.855806277,0.859250506
C,san-francisco,2026-07-18,20260718T230758262100-0400,,,eq,70,71,0.767800596,0.76714078
C,san-francisco,2026-07-18,20260719T000112538285-0400,,,eq,70,71,0.766588956,0.765425694
C,san-francisco,2026-07-18,20260719T010536560007-0400,,,eq,70,71,0.766588956,0.765425694
C,san-francisco,2026-07-18,20260719T020055345671-0400,,,eq,70,71,0.766588956,0.765425694
C,san-francisco,2026-07-19,20260719T030044752804-0400,,,eq,64,65,0.0403717648,0.0349631287
C,san-francisco,2026-07-19,20260719T040728973507-0400,,,eq,64,65,0.0391135056,0.0349631287
C,san-francisco,2026-07-19,20260719T050203306074-0400,,,eq,64,65,0.040240933,0.0368692917
C,san-francisco,2026-07-19,20260719T060542397811-0400,,,eq,64,65,0.0396888517,0.0368692917
C,san-francisco,2026-07-19,20260719T070018574920-0400,,,eq,64,65,0.0413417783,0.0368692917
C,san-francisco,2026-07-19,20260719T080406664721-0400,,,eq,64,65,0.0424527726,0.0368689261
C,san-francisco,2026-07-19,20260719T090038968687-0400,,,eq,64,65,0.0515542241,0.0411874308
C,san-francisco,2026-07-19,20260719T100231114471-0400,,,eq,64,65,0.0418745632,0.0368692917
C,san-francisco,2026-07-19,20260719T110042189136-0400,,,eq,64,65,0.0892892903,0.0900819079
C,san-francisco,2026-07-19,20260719T120103028559-0400,,,eq,64,65,0.113125311,0.0899768422
C,san-francisco,2026-07-19,20260719T130449223372-0400,,,eq,64,65,0.0915167374,0.0598507942
C,san-francisco,2026-07-19,20260719T140839501188-0400,,,eq,64,65,0.0640240517,0.0686667538
C,san-francisco,2026-07-19,20260719T150044285454-0400,,,eq,64,65,0.0249072727,0.0378745564
C,san-francisco,2026-07-19,20260719T160719732822-0400,,,eq,64,65,0.052506721,0.0493334516
C,san-francisco,2026-07-19,20260719T170958874407-0400,,,eq,64,65,0.377957959,0.314815978
C,san-francisco,2026-07-19,20260719T180241264537-0400,,,eq,64,65,0.343109075,0.280269869
C,san-francisco,2026-07-19,20260719T190528756127-0400,,,eq,64,65,0.173611632,0.153865907
C,san-francisco,2026-07-19,20260719T202633832469-0400,,,eq,64,65,0.439978664,0.447272469
C,san-francisco,2026-07-19,20260719T210036509908-0400,,,eq,64,65,0.275233807,0.287164277
C,san-francisco,2026-07-19,20260719T225933579664-0400,,,eq,64,65,0.461687166,0.470306625
C,san-francisco,2026-07-19,20260719T230741275181-0400,,,eq,64,65,0.203120795,0.25529068
C,san-francisco,2026-07-19,20260720T001448118613-0400,,,eq,64,65,0.159657405,0.236142897
C,san-francisco,2026-07-19,20260720T010905473165-0400,,,eq,64,65,0.15872285,0.233520682
C,san-francisco,2026-07-19,20260720T020415437442-0400,,,eq,64,65,0.162295103,0.239318528
C,san-francisco,2026-07-20,20260720T030018966580-0400,,,eq,70,71,0.462973884,0.450382197
C,san-francisco,2026-07-20,20260720T040408659964-0400,,,eq,70,71,0.276350331,0.252694292
C,san-francisco,2026-07-20,20260720T050041842199-0400,,,eq,70,71,0.276344384,0.252680513
C,san-francisco,2026-07-20,20260720T060221047274-0400,,,eq,70,71,0.255756741,0.252680513
C,san-francisco,2026-07-20,20260720T070613581158-0400,,,eq,70,71,0.459422129,0.450382197
C,san-francisco,2026-07-20,20260720T080052635873-0400,,,eq,70,71,0.459419593,0.448951375
C,san-francisco,2026-07-20,20260720T090505492053-0400,,,eq,70,71,0.244435745,0.25269429
C,san-francisco,2026-07-20,20260720T100004874938-0400,,,eq,70,71,0.208095245,0.206217719
C,san-francisco,2026-07-20,20260720T110412661113-0400,,,eq,70,71,0.226756257,0.218696575
C,san-francisco,2026-07-20,20260720T120436782957-0400,,,eq,70,71,0.405165491,0.437364034
C,san-francisco,2026-07-20,20260720T130826646004-0400,,,eq,70,71,0.27125284,0.337019233
C,san-francisco,2026-07-20,20260720T140236560490-0400,,,eq,70,71,0.156880111,0.251210295
C,san-francisco,2026-07-20,20260720T150255119364-0400,,,eq,70,71,0.30901052,0.373714481
C,san-francisco,2026-07-20,20260720T162147959369-0400,,,eq,70,71,0.227131297,0.193758843
C,san-francisco,2026-07-20,20260720T170834452460-0400,,,eq,70,71,0.433578746,0.725257579
C,san-francisco,2026-07-20,20260720T180956309623-0400,,,eq,70,71,0.619818789,0.58411232
C,san-francisco,2026-07-20,20260720T190545736857-0400,,,eq,70,71,0.609841963,0.62493725
C,san-francisco,2026-07-20,20260720T200051733750-0400,,,eq,70,71,0.618907874,0.601947417
C,san-francisco,2026-07-20,20260720T210517564904-0400,,,eq,70,71,0.742968506,0.747802729
C,san-francisco,2026-07-20,20260720T220025086974-0400,,,eq,70,71,0.859786513,0.843480005
C,san-francisco,2026-07-20,20260720T230329672395-0400,,,eq,70,71,0.800653675,0.815401974
C,san-francisco,2026-07-20,20260721T000858915551-0400,,,eq,70,71,0.797018268,0.81050761
C,san-francisco,2026-07-20,20260721T010114153883-0400,,,eq,70,71,0.815982275,0.830311269
C,san-francisco,2026-07-20,20260721T020602358561-0400,,,eq,70,71,0.823623816,0.836711977
C,san-francisco,2026-07-21,20260721T030059332959-0400,,,eq,90,91,3.33588481e-05,1.59427335e-05
C,san-francisco,2026-07-21,20260721T040452836113-0400,,,eq,90,91,3.11410772e-05,1.59427335e-05
C,san-francisco,2026-07-21,20260721T050836163866-0400,,,eq,90,91,3.11402469e-05,1.59427335e-05
C,san-francisco,2026-07-21,20260721T060314417321-0400,,,eq,90,91,0.00030508599,0.000156187014
C,san-francisco,2026-07-21,20260721T070701913697-0400,,,eq,90,91,0.000311455412,0.000156187014
C,san-francisco,2026-07-21,20260721T080151483704-0400,,,eq,90,91,0.00403568107,0.000491486688
C,san-francisco,2026-07-21,20260721T090536910279-0400,,,eq,90,91,0.00421393971,0.00050112381
C,san-francisco,2026-07-21,20260721T100016964361-0400,,,eq,90,91,0.00492342945,0.000509614448
C,san-francisco,2026-07-21,20260721T110412093831-0400,,,eq,90,91,0.0112771476,0.00566505053
C,san-francisco,2026-07-21,20260721T120005419002-0400,,,eq,90,91,0.0067234027,0.00633116505
C,san-francisco,2026-07-21,20260721T130503609846-0400,,,eq,90,91,0.129354961,0.0190198763
C,san-francisco,2026-07-21,20260721T140011198171-0400,,,eq,90,91,0.000519956282,7.2228562e-05
C,san-francisco,2026-07-21,20260721T150107354946-0400,,,eq,90,91,0.000515214304,0.000697963392
C,san-francisco,2026-07-21,20260721T160047604000-0400,,,eq,90,91,0.0352314983,0.0120703936
C,san-francisco,2026-07-21,20260721T170019181205-0400,,,eq,90,91,0.0177336146,0.00345534561
C,san-francisco,2026-07-21,20260721T180239550754-0400,,,eq,90,91,0.00318489637,0.00209963913
C,san-francisco,2026-07-21,20260721T190235288075-0400,,,eq,90,91,0.00437878424,0.0018189302
C,san-francisco,2026-07-21,20260721T200044580199-0400,,,eq,90,91,0.00411242828,0.00956255167
C,san-francisco,2026-07-21,20260721T210047529698-0400,,,eq,90,91,0.0036769974,0.0122867668
C,san-francisco,2026-07-21,20260721T220113657032-0400,,,eq,90,91,0.0715523978,0.191142301
C,san-francisco,2026-07-21,20260721T230055727812-0400,,,eq,90,91,0.134142921,0.152755296
C,san-francisco,2026-07-21,20260722T000723360476-0400,,,eq,90,91,0.00462208937,0.00515230357
C,san-francisco,2026-07-21,20260722T010241342100-0400,,,eq,90,91,0.00462208937,0.00515230357
C,san-francisco,2026-07-21,20260722T020712578578-0400,,,eq,90,91,0.00462208937,0.00515230357
C,san-francisco,2026-07-22,20260722T030207662764-0400,,,eq,72,73,0.681981426,0.627409964
C,san-francisco,2026-07-22,20260722T040602458369-0400,,,eq,72,73,0.681981426,0.627409964
C,san-francisco,2026-07-22,20260722T050117152279-0400,,,eq,72,73,0.681981426,0.627409964
C,san-francisco,2026-07-22,20260722T060500900094-0400,,,eq,72,73,0.619391215,0.536573516
C,san-francisco,2026-07-22,20260722T070850186445-0400,,,eq,72,73,0.59123744,0.511173598
C,san-francisco,2026-07-22,20260722T080331681270-0400,,,eq,72,73,0.571622698,0.494119052
C,san-francisco,2026-07-22,20260722T090723375091-0400,,,eq,72,73,0.56494985,0.493636405
C,san-francisco,2026-07-22,20260722T100206668676-0400,,,eq,72,73,0.544800776,0.470751348
C,san-francisco,2026-07-22,20260722T110033461899-0400,,,eq,72,73,0.522303381,0.526194759
C,san-francisco,2026-07-22,20260722T120031335195-0400,,,eq,72,73,0.582152296,0.476915091
C,san-francisco,2026-07-22,20260722T130042279388-0400,,,eq,72,73,0.648409456,0.658106247
C,san-francisco,2026-07-22,20260722T140050424904-0400,,,eq,72,73,0.634907615,0.389057541
C,san-francisco,2026-07-22,20260722T150256436939-0400,,,eq,72,73,0.931881758,0.937188336
C,san-francisco,2026-07-22,20260722T160654302014-0400,,,eq,72,73,0.951625069,0.951376482
C,san-francisco,2026-07-22,20260722T170132415401-0400,,,eq,72,73,0.914068714,0.913791845
C,san-francisco,2026-07-22,20260722T180518456398-0400,,,eq,72,73,0.341219192,0.347815929
C,san-francisco,2026-07-22,20260722T190029075577-0400,,,eq,72,73,0.52323965,0.418048242
C,san-francisco,2026-07-22,20260722T200426357632-0400,,,eq,72,73,0.685937447,0.605350619
C,san-francisco,2026-07-22,20260722T210816898366-0400,,,eq,72,73,0.917596586,0.921443751
C,san-francisco,2026-07-22,20260722T220633403789-0400,,,eq,72,73,0.95938332,0.960604145
C,san-francisco,2026-07-22,20260722T230141323984-0400,,,eq,72,73,0.865119016,0.86289946
C,san-francisco,2026-07-22,20260723T000605975055-0400,,,eq,72,73,0.830768465,0.821946631
C,san-francisco,2026-07-22,20260723T010125923010-0400,,,eq,72,73,0.837583788,0.828579615
C,san-francisco,2026-07-22,20260723T020543529280-0400,,,eq,72,73,0.837583788,0.828579615
C,san-francisco,2026-07-23,20260723T030022054971-0400,,,eq,68,69,0.280142609,0.350612597
C,san-francisco,2026-07-23,20260723T040408371137-0400,,,eq,68,69,0.249033304,0.350612597
C,san-francisco,2026-07-23,20260723T050110843335-0400,,,eq,68,69,0.264585983,0.332948687
C,san-francisco,2026-07-23,20260723T060458776224-0400,,,eq,68,69,0.272323366,0.31840247
C,san-francisco,2026-07-23,20260723T070840609352-0400,,,eq,68,69,0.289846737,0.31840247
C,san-francisco,2026-07-23,20260723T080318079273-0400,,,eq,68,69,0.208462059,0.237537409
C,san-francisco,2026-07-23,20260723T090700710087-0400,,,eq,68,69,0.246509095,0.246509095
C,san-francisco,2026-07-23,20260723T100133364550-0400,,,eq,68,69,0.226850923,0.299297105
C,san-francisco,2026-07-23,20260723T110516908334-0400,,,eq,68,69,0.311193146,0.395814859
C,san-francisco,2026-07-23,20260723T120903872106-0400,,,eq,68,69,0.428804244,0.483358669
C,san-francisco,2026-07-23,20260723T130337483596-0400,,,eq,68,69,0.233006056,0.238545515
C,san-francisco,2026-07-23,20260723T140132417662-0400,,,eq,68,69,0.170212178,0.243160262
C,san-francisco,2026-07-23,20260723T150209692434-0400,,,eq,68,69,0.310055027,0.251006879
C,san-francisco,2026-07-23,20260723T160603522489-0400,,,eq,68,69,0.526068079,0.697088751
C,san-francisco,2026-07-23,20260723T170041066673-0400,,,eq,68,69,0.629344024,0.584120004
C,san-francisco,2026-07-23,20260723T180424908528-0400,,,eq,68,69,0.242546107,0.243813872
C,san-francisco,2026-07-23,20260723T190808600649-0400,,,eq,68,69,0.298447912,0.320424297
C,san-francisco,2026-07-23,20260723T200100022731-0400,,,eq,68,69,0.653949235,0.649652616
C,san-francisco,2026-07-23,20260723T210641882697-0400,,,eq,68,69,0.795783958,0.79742884
C,san-francisco,2026-07-23,20260723T220144544800-0400,,,eq,68,69,0.863502323,0.811117051
C,san-francisco,2026-07-23,20260723T230632649124-0400,,,eq,68,69,0.755938655,0.756199956
C,san-francisco,2026-07-23,20260724T000145666160-0400,,,eq,68,69,0.76170895,0.762209413
C,san-francisco,2026-07-23,20260724T010611010434-0400,,,eq,68,69,0.76170895,0.762209413
C,san-francisco,2026-07-23,20260724T020123955844-0400,,,eq,68,69,0.76170895,0.762209413
C,san-francisco,2026-07-24,20260724T030042523202-0400,,,eq,70,71,0.369438559,0.320606784
C,san-francisco,2026-07-24,20260724T040441830740-0400,,,eq,70,71,0.340731212,0.320606784
C,san-francisco,2026-07-24,20260724T050652115973-0400,,,eq,70,71,0.419904468,0.366029362
C,san-francisco,2026-07-24,20260724T060124549341-0400,,,eq,70,71,0.419904468,0.366029362
C,san-francisco,2026-07-24,20260724T070505258252-0400,,,eq,70,71,0.415920474,0.366029362
C,san-francisco,2026-07-24,20260724T080852082596-0400,,,eq,70,71,0.415920474,0.366029362
C,san-francisco,2026-07-24,20260724T090333967477-0400,,,eq,70,71,0.375935373,0.366029362
C,san-francisco,2026-07-24,20260724T100715156038-0400,,,eq,70,71,0.367997363,0.366069774
C,san-francisco,2026-07-24,20260724T110147856527-0400,,,eq,70,71,0.294155914,0.413364885
C,san-francisco,2026-07-24,20260724T120042886353-0400,,,eq,70,71,0.622416689,0.64843738
C,san-francisco,2026-07-24,20260724T130008478815-0400,,,eq,70,71,0.427862415,0.534823375
C,san-francisco,2026-07-24,20260724T140033919181-0400,,,eq,70,71,0.804699673,0.529395937
C,san-francisco,2026-07-24,20260724T150749458853-0400,,,eq,70,71,0.474039241,0.446887041
C,san-francisco,2026-07-24,20260724T160242580442-0400,,,eq,70,71,0.438392355,0.2817903
C,san-francisco,2026-07-24,20260724T170625060347-0400,,,eq,70,71,0.28490199,0.614367472
C,san-francisco,2026-07-24,20260724T180028312898-0400,,,eq,70,71,0.80135529,0.795667458
C,san-francisco,2026-07-24,20260724T190456053383-0400,,,eq,70,71,0.883038929,0.91638912
C,san-francisco,2026-07-24,20260724T200849630090-0400,,,eq,70,71,0.899516213,0.899784009
C,san-francisco,2026-07-24,20260724T210335232449-0400,,,eq,70,71,0.943798303,0.944006038
C,san-francisco,2026-07-24,20260724T220049187971-0400,,,eq,70,71,0.911976604,0.896345091
C,san-francisco,2026-07-24,20260724T230254265672-0400,,,eq,70,71,0.839970065,0.840346442
C,san-francisco,2026-07-24,20260725T000717741838-0400,,,eq,70,71,0.835381806,0.836059887
C,san-francisco,2026-07-24,20260725T010227042251-0400,,,eq,70,71,0.834259989,0.834361784
C,san-francisco,2026-07-24,20260725T020653753612-0400,,,eq,70,71,0.852731649,0.853206532
C,san-francisco,2026-07-25,20260725T030045488209-0400,,,eq,70,71,0.226045868,0.235380172
C,san-francisco,2026-07-25,20260725T040447818393-0400,,,eq,70,71,0.225710109,0.235380172
C,san-francisco,2026-07-25,20260725T050133817279-0400,,,eq,70,71,0.226164632,0.235380172
C,san-francisco,2026-07-25,20260725T060514216414-0400,,,eq,70,71,0.226045868,0.235380172
C,san-francisco,2026-07-25,20260725T070857864312-0400,,,eq,70,71,0.218998193,0.250217085
C,san-francisco,2026-07-25,20260725T080336002047-0400,,,eq,70,71,0.218998193,0.250217085
C,san-francisco,2026-07-25,20260725T090725447722-0400,,,eq,70,71,0.219165959,0.24268564
C,san-francisco,2026-07-25,20260725T100157942297-0400,,,eq,70,71,0.215997674,0.227738362
C,san-francisco,2026-07-25,20260725T110543974671-0400,,,eq,70,71,0.188177179,0.203270701
C,san-francisco,2026-07-25,20260725T120020236946-0400,,,eq,70,71,0.258133432,0.288127767
C,san-francisco,2026-07-25,20260725T130403346442-0400,,,eq,70,71,0.310151052,0.274174301
C,san-francisco,2026-07-25,20260725T140756913251-0400,,,eq,70,71,0.518720286,0.43628678
C,san-francisco,2026-07-25,20260725T150245592924-0400,,,eq,70,71,0.708524273,0.574261954
C,san-francisco,2026-07-25,20260725T160640785836-0400,,,eq,70,71,0.183776398,0.281740025
C,san-francisco,2026-07-25,20260725T170117498757-0400,,,eq,70,71,0.910246679,0.910000735
C,san-francisco,2026-07-25,20260725T180503700982-0400,,,eq,70,71,0.798556213,0.837120581
C,san-francisco,2026-07-25,20260725T190859741702-0400,,,eq,70,71,0.755912055,0.810818218
C,san-francisco,2026-07-25,20260725T200350212523-0400,,,eq,70,71,0.77441831,0.768231599
C,san-francisco,2026-07-25,20260725T210745483485-0400,,,eq,70,71,0.795013927,0.797468903
C,san-francisco,2026-07-25,20260725T220242616820-0400,,,eq,70,71,0.935725391,0.924306765
C,san-francisco,2026-07-25,20260725T230050413012-0400,,,eq,70,71,0.833598435,0.833656404
C,san-francisco,2026-07-25,20260726T000600483365-0400,,,eq,70,71,0.825007251,0.825763861
C,san-francisco,2026-07-25,20260726T010130428401-0400,,,eq,70,71,0.825007251,0.825763861
C,san-francisco,2026-07-25,20260726T020606766701-0400,,,eq,70,71,0.853282127,0.854481906
C,san-francisco,2026-07-26,20260726T030046701518-0400,,,eq,68,69,0.271465117,0.35037547
C,san-francisco,2026-07-26,20260726T040505844054-0400,,,eq,68,69,0.248551119,0.332790802
C,san-francisco,2026-07-26,20260726T050152123542-0400,,,eq,68,69,0.236127867,0.293880983
C,san-francisco,2026-07-26,20260726T060902724178-0400,,,eq,68,69,0.236127867,0.293880983
C,san-francisco,2026-07-26,20260726T070345856444-0400,,,eq,68,69,0.243166857,0.293880983
C,san-francisco,2026-07-26,20260726T080733166393-0400,,,eq,68,69,0.243166857,0.293880983
C,san-francisco,2026-07-26,20260726T090213768157-0400,,,eq,68,69,0.243166857,0.293880983
C,san-francisco,2026-07-26,20260726T100553084904-0400,,,eq,68,69,0.243166857,0.293880983
C,san-francisco,2026-07-26,20260726T110026017778-0400,,,eq,68,69,0.417403872,0.393310606
C,san-francisco,2026-07-26,20260726T120408582044-0400,,,eq,68,69,0.386727448,0.447778134
C,san-francisco,2026-07-26,20260726T130800044848-0400,,,eq,68,69,0.225442448,0.240002132
C,san-francisco,2026-07-26,20260726T140244087873-0400,,,eq,68,69,0.183863777,0.249850999
C,san-francisco,2026-07-26,20260726T150632266739-0400,,,eq,68,69,0.241479467,0.186457738
C,san-francisco,2026-07-26,20260726T160124496763-0400,,,eq,68,69,0.0695533444,0.0792645505
C,san-francisco,2026-07-26,20260726T170519737424-0400,,,eq,68,69,0.631230025,0.621859078
C,san-francisco,2026-07-26,20260726T180903467408-0400,,,eq,68,69,0.511970838,0.521527077
C,san-francisco,2026-07-26,20260726T190343847500-0400,,,eq,68,69,0.379899912,0.419706559
C,san-francisco,2026-07-26,20260726T200731753323-0400,,,eq,68,69,0.728477165,0.724603172
C,san-francisco,2026-07-26,20260726T210038532195-0400,,,eq,68,69,0.794573376,0.798107111
C,san-francisco,2026-07-26,20260726T220035184511-0400,,,eq,68,69,0.894280313,0.893123689
C,san-francisco,2026-07-26,20260726T230139244185-0400,,,eq,68,69,0.76715328,0.781146481
C,san-francisco,2026-07-26,20260727T000559025819-0400,,,eq,68,69,0.779800363,0.791464889
C,san-francisco,2026-07-26,20260727T010113791865-0400,,,eq,68,69,0.779800363,0.791464889
C,san-francisco,2026-07-26,20260727T020537010001-0400,,,eq,68,69,0.780512999,0.791014721
C,san-francisco,2026-07-27,20260727T030038156253-0400,,,eq,68,69,0.161965988,0.218517336
C,san-francisco,2026-07-27,20260727T040430163446-0400,,,eq,68,69,0.108287621,0.127742046
C,san-francisco,2026-07-27,20260727T050226126104-0400,,,eq,68,69,0.121148613,0.147926305
C,san-francisco,2026-07-27,20260727T060618456636-0400,,,eq,68,69,0.127192189,0.14966805
C,san-francisco,2026-07-27,20260727T070051689302-0400,,,eq,68,69,0.127192189,0.14966805
C,san-francisco,2026-07-27,20260727T080437951921-0400,,,eq,68,69,0.130415905,0.145800006
C,san-francisco,2026-07-27,20260727T090828436584-0400,,,eq,68,69,0.130415905,0.145800006
C,san-francisco,2026-07-27,20260727T100312414295-0400,,,eq,68,69,0.122460722,0.135020932
C,san-francisco,2026-07-27,20260727T110701097942-0400,,,eq,68,69,0.122332464,0.129212831
C,san-francisco,2026-07-27,20260727T120135265453-0400,,,eq,68,69,0.147865707,0.155115082
C,san-francisco,2026-07-27,20260727T130517118152-0400,,,eq,68,69,0.14421682,0.141863188
C,san-francisco,2026-07-27,20260727T140001394871-0400,,,eq,68,69,0.139016213,0.214286277
C,san-francisco,2026-07-27,20260727T150347929411-0400,,,eq,68,69,0.223576051,0.179803116
C,san-francisco,2026-07-27,20260727T160746569403-0400,,,eq,68,69,0.057125179,0.105743148
C,san-francisco,2026-07-27,20260727T170222697526-0400,,,eq,68,69,0.572347502,0.560401197
C,san-francisco,2026-07-27,20260727T180603789722-0400,,,eq,68,69,0.628910615,0.630202539
C,san-francisco,2026-07-27,20260727T190047903054-0400,,,eq,68,69,0.456453132,0.427632496
C,san-francisco,2026-07-27,20260727T200434235291-0400,,,eq,68,69,0.686756774,0.686853275
C,san-francisco,2026-07-27,20260727T210833807100-0400,,,eq,68,69,0.875271956,0.876055227
C,san-francisco,2026-07-27,20260727T220329197806-0400,,,eq,68,69,0.89913892,0.862357428
C,san-francisco,2026-07-27,20260727T230902159942-0400,,,eq,68,69,0.81342553,0.81349013
C,san-francisco,2026-07-27,20260728T000414791098-0400,,,eq,68,69,0.813969749,0.813529738
C,san-francisco,2026-07-27,20260728T010835010785-0400,,,eq,68,69,0.813969749,0.813529738
C,san-francisco,2026-07-27,20260728T020346115682-0400,,,eq,68,69,0.860395703,0.860138405
C,san-francisco,2026-07-28,20260728T030030787695-0400,,,eq,70,71,0.253897433,0.256318557
C,san-francisco,2026-07-28,20260728T040415691454-0400,,,eq,70,71,0.253520171,0.256318557
C,san-francisco,2026-07-28,20260728T050101244327-0400,,,eq,70,71,0.25352016,0.256318544
C,san-francisco,2026-07-28,20260728T060439533212-0400,,,eq,70,71,0.25352016,0.256318544
C,san-francisco,2026-07-28,20260728T070822973070-0400,,,eq,70,71,0.443492927,0.449613216
C,san-francisco,2026-07-28,20260728T080306062425-0400,,,eq,70,71,0.443492927,0.449613216
C,san-francisco,2026-07-28,20260728T090705305637-0400,,,eq,70,71,0.446923774,0.449613216
C,san-francisco,2026-07-28,20260728T100048433775-0400,,,eq,70,71,0.25352016,0.256318544
C,san-francisco,2026-07-28,20260728T110252331251-0400,,,eq,70,71,0.358902764,0.395821592
C,san-francisco,2026-07-28,20260728T120002795214-0400,,,eq,70,71,0.359990965,0.453318785
C,san-francisco,2026-07-28,20260728T130346580825-0400,,,eq,70,71,0.341708705,0.432324039
C,san-francisco,2026-07-28,20260728T140739857693-0400,,,eq,70,71,0.206940966,0.258809825
C,san-francisco,2026-07-28,20260728T150221022082-0400,,,eq,70,71,0.514849347,0.414134936
C,san-francisco,2026-07-28,20260728T160616159053-0400,,,eq,70,71,0.679426093,0.529838199
C,san-francisco,2026-07-28,20260728T170057550629-0400,,,eq,70,71,0.337435089,0.359027394
C,san-francisco,2026-07-28,20260728T180450004510-0400,,,eq,70,71,0.883311211,0.84133397
C,san-francisco,2026-07-28,20260728T190840611295-0400,,,eq,70,71,0.785845513,0.813012945
C,san-francisco,2026-07-28,20260728T200325232475-0400,,,eq,70,71,0.765334781,0.76570373
C,san-francisco,2026-07-28,20260728T210716773038-0400,,,eq,70,71,0.900819887,0.902345418
C,san-francisco,2026-07-28,20260728T220219108840-0400,,,eq,70,71,0.965342858,0.958917207
C,san-francisco,2026-07-28,20260728T230659205616-0400,,,eq,70,71,0.829619589,0.830272037
C,san-francisco,2026-07-28,20260729T000210823358-0400,,,eq,70,71,0.822272801,0.823524059
C,san-francisco,2026-07-28,20260729T010637999625-0400,,,eq,70,71,0.847726911,0.849463141
C,san-francisco,2026-07-28,20260729T020243382949-0400,,,eq,70,71,0.847726911,0.849463141
C,san-francisco,2026-07-29,20260729T030235375636-0400,,,eq,68,69,0.0955801586,0.112099158
C,san-francisco,2026-07-29,20260729T040621353574-0400,,,eq,68,69,0.0938893078,0.110965548
C,san-francisco,2026-07-29,20260729T050007498972-0400,,,eq,68,69,0.106566619,0.12592205
C,san-francisco,2026-07-29,20260729T060741216168-0400,,,eq,68,69,0.112388292,0.123977068
C,san-francisco,2026-07-29,20260729T070214512267-0400,,,eq,68,69,0.118217298,0.123977068
C,san-francisco,2026-07-29,20260729T080608706691-0400,,,eq,68,69,0.11210682,0.108708513
C,san-francisco,2026-07-29,20260729T090044932109-0400,,,eq,68,69,0.11210682,0.108708513
C,san-francisco,2026-07-29,20260729T100430712113-0400,,,eq,68,69,0.119296527,0.123977068
C,san-francisco,2026-07-29,20260729T110039138913-0400,,,eq,68,69,0.123695792,0.113207731
C,san-francisco,2026-07-29,20260729T120249085066-0400,,,eq,68,69,0.128476902,0.134619336
C,san-francisco,2026-07-29,20260729T130631281905-0400,,,eq,68,69,0.156889905,0.112360897
C,san-francisco,2026-07-29,20260729T140107889472-0400,,,eq,68,69,0.129639302,0.186004862
C,san-francisco,2026-07-29,20260729T150036547374-0400,,,eq,68,69,0.126922085,0.153699963
C,san-francisco,2026-07-29,20260729T160043630581-0400,,,eq,68,69,0.175822041,0.344772493
C,san-francisco,2026-07-29,20260729T170341739590-0400,,,eq,68,69,0.547297746,0.599980456
C,san-francisco,2026-07-29,20260729T180725397874-0400,,,eq,68,69,0.214166061,0.201167089
C,san-francisco,2026-07-29,20260729T190206184345-0400,,,eq,68,69,0.34213781,0.329268261
C,san-francisco,2026-07-29,20260729T200556387679-0400,,,eq,68,69,0.509336373,0.508687733
C,san-francisco,2026-07-29,20260729T210039426214-0400,,,eq,68,69,0.754312996,0.756892073
C,san-francisco,2026-07-29,20260729T220057911020-0400,,,eq,68,69,0.850779942,0.791781645
C,san-francisco,2026-07-29,20260729T230732997963-0400,,,eq,68,69,0.733457207,0.734417543
C,san-francisco,2026-07-29,20260730T000355005409-0400,,,eq,68,69,0.730788316,0.731640316
C,san-francisco,2026-07-29,20260730T010823091886-0400,,,eq,68,69,0.741854501,0.742984551
C,san-francisco,2026-07-29,20260730T020352718888-0400,,,eq,68,69,0.743525068,0.744247052
C,san-francisco,2026-07-30,20260730T030127294449-0400,,,eq,72,73,0.1919386,0.1919386
C,san-francisco,2026-07-30,20260730T040515009049-0400,,,eq,72,73,0.197736825,0.194976506
C,san-francisco,2026-07-30,20260730T050041497164-0400,,,eq,72,73,0.180148125,0.160021804
C,san-francisco,2026-07-30,20260730T060428331429-0400,,,eq,72,73,0.191815087,0.182368162
C,san-francisco,2026-07-30,20260730T070908280433-0400,,,eq,72,73,0.19183286,0.182368162
C,san-francisco,2026-07-30,20260730T080352584153-0400,,,eq,72,73,0.175897929,0.160021804
C,san-francisco,2026-07-30,20260730T090742241633-0400,,,eq,72,73,0.192268592,0.192268592
C,san-francisco,2026-07-30,20260730T100229486069-0400,,,eq,72,73,0.192785514,0.195288132
C,san-francisco,2026-07-30,20260730T110616032650-0400,,,eq,72,73,0.377916057,0.349309309
C,san-francisco,2026-07-30,20260730T120051189081-0400,,,eq,72,73,0.275377747,0.258951572
C,san-francisco,2026-07-30,20260730T130432677169-0400,,,eq,72,73,0.307015918,0.290732616
C,san-francisco,2026-07-30,20260730T140828074251-0400,,,eq,72,73,0.288512532,0.294998867
C,san-francisco,2026-07-30,20260730T150318605402-0400,,,eq,72,73,0.233096133,0.302978861
C,san-francisco,2026-07-30,20260730T160716348317-0400,,,eq,72,73,0.89832471,0.896490773
C,san-francisco,2026-07-30,20260730T170153531344-0400,,,eq,72,73,0.691921484,0.776004866
C,san-francisco,2026-07-30,20260730T180538905698-0400,,,eq,72,73,0.146812612,0.153468516
C,san-francisco,2026-07-30,20260730T190019818318-0400,,,eq,72,73,0.448380507,0.487813127
C,san-francisco,2026-07-30,20260730T200405633294-0400,,,eq,72,73,0.389294616,0.298277963
C,san-francisco,2026-07-30,20260730T210752991567-0400,,,eq,72,73,0.712678713,0.71843201
C,san-francisco,2026-07-30,20260730T220255956996-0400,,,eq,72,73,0.864055631,0.871330611
C,san-francisco,2026-07-30,20260730T230731793990-0400,,,eq,72,73,0.642360064,0.678075438
C,san-francisco,2026-07-30,20260731T000244237837-0400,,,eq,72,73,0.663035313,0.728944338
C,san-francisco,2026-07-30,20260731T010710090712-0400,,,eq,72,73,0.663035313,0.728944338
C,san-francisco,2026-07-30,20260731T020228694243-0400,,,eq,72,73,0.691136982,0.743829321
C,seattle,2026-07-01,20260701T030214-0400,,,eq,62,63,0.026334671,0.026334671
C,seattle,2026-07-01,20260701T040541-0400,,,eq,62,63,0.0238635431,0.0238635431
C,seattle,2026-07-01,20260701T050001-0400,,,eq,62,63,0.022273075,0.022273075
C,seattle,2026-07-01,20260701T060333-0400,,,eq,62,63,0.0277260655,0.0277260655
C,seattle,2026-07-01,20260701T070658-0400,,,eq,62,63,0.0277260655,0.0277260655
C,seattle,2026-07-01,20260701T080125-0400,,,eq,62,63,0.0277111637,0.0277111637
C,seattle,2026-07-01,20260701T090454-0400,,,eq,62,63,0.0186185411,0.0186185411
C,seattle,2026-07-01,20260701T100549-0400,,,eq,62,63,0.0161689634,0.0161689634
C,seattle,2026-07-01,20260701T110404-0400,,,eq,62,63,0.0134541239,0.0134541239
C,seattle,2026-07-01,20260701T121041-0400,,,eq,62,63,0.00653066032,0.00653066032
C,seattle,2026-07-01,20260701T130623-0400,,,eq,62,63,0.00726952331,0.00726952331
C,seattle,2026-07-01,20260701T140534-0400,,,eq,62,63,0.0132095628,0.0132095628
C,seattle,2026-07-01,20260701T150015-0400,,,eq,62,63,0.0107242252,0.0107242252
C,seattle,2026-07-01,20260701T160714-0400,,,eq,62,63,0.0191750088,0.0191750088
C,seattle,2026-07-01,20260701T170443-0400,,,eq,62,63,0.0434035523,0.0434035523
C,seattle,2026-07-01,20260701T180823-0400,,,eq,62,63,0.0713834791,0.0713834791
C,seattle,2026-07-01,20260701T190134-0400,,,eq,62,63,0.354506345,0.354506345
C,seattle,2026-07-01,20260701T200525-0400,,,eq,62,63,0.463306826,0.463306826
C,seattle,2026-07-01,20260701T210906-0400,,,eq,62,63,0.484928928,0.484928928
C,seattle,2026-07-01,20260701T220353-0400,,,eq,62,63,0.416399709,0.416399709
C,seattle,2026-07-01,20260701T230746-0400,,,eq,62,63,0.486550346,0.486550346
C,seattle,2026-07-01,20260702T000234-0400,,,eq,62,63,0.346196541,0.346196541
C,seattle,2026-07-01,20260702T010629-0400,,,eq,62,63,0.390824928,0.390824928
C,seattle,2026-07-01,20260702T020125-0400,,,eq,62,63,0.184795839,0.184795839
C,seattle,2026-07-02,20260702T030217-0400,,,eq,64,65,0.135943321,0.135943321
C,seattle,2026-07-02,20260702T040553-0400,,,eq,64,65,0.0926314896,0.0926314896
C,seattle,2026-07-02,20260702T050014-0400,,,eq,64,65,0.0657314228,0.0657314228
C,seattle,2026-07-02,20260702T060345-0400,,,eq,64,65,0.107748636,0.107748636
C,seattle,2026-07-02,20260702T070714-0400,,,eq,64,65,0.107748636,0.107748636
C,seattle,2026-07-02,20260702T080148-0400,,,eq,64,65,0.0507487135,0.0507487135
C,seattle,2026-07-02,20260702T090530-0400,,,eq,64,65,0.0765940572,0.0765940572
C,seattle,2026-07-02,20260702T100202-0400,,,eq,64,65,0.134622392,0.134622392
C,seattle,2026-07-02,20260702T110315-0400,,,eq,64,65,0.0242126728,0.0242126728
C,seattle,2026-07-02,20260702T120019-0400,,,eq,64,65,0.0154230637,0.0154230637
C,seattle,2026-07-02,20260702T130400-0400,,,eq,64,65,0.0186931515,0.0186931515
C,seattle,2026-07-02,20260702T140747-0400,,,eq,64,65,0.038330046,0.038330046
C,seattle,2026-07-02,20260702T150227-0400,,,eq,64,65,0.0250867718,0.0250867718
C,seattle,2026-07-02,20260702T160608-0400,,,eq,64,65,0.492242795,0.492242795
C,seattle,2026-07-02,20260702T170033-0400,,,eq,64,65,0.107980374,0.107980374
C,seattle,2026-07-02,20260702T181431-0400,,,eq,64,65,0.159330395,0.123539779
C,seattle,2026-07-02,20260702T190010-0400,,,eq,64,65,0.154161024,0.150819971
C,seattle,2026-07-02,20260702T200401-0400,,,eq,64,65,0.445087001,0.428444554
C,seattle,2026-07-02,20260702T210753-0400,,,eq,64,65,0.617595597,0.651573305
C,seattle,2026-07-02,20260702T220347-0400,,,eq,64,65,0.879395429,0.87934181
C,seattle,2026-07-02,20260702T230749-0400,,,eq,64,65,0.869716963,0.852610375
C,seattle,2026-07-02,20260703T001242-0400,,,eq,64,65,0.893210329,0.880643503
C,seattle,2026-07-02,20260703T011458-0400,,,eq,64,65,0.892772379,0.88175355
C,seattle,2026-07-02,20260703T020551-0400,,,eq,64,65,0.892772338,0.881753494
C,seattle,2026-07-03,20260703T030052-0400,,,eq,72,73,0.473129282,0.449879748
C,seattle,2026-07-03,20260703T040427-0400,,,eq,72,73,0.480594885,0.449879748
C,seattle,2026-07-03,20260703T050757-0400,,,eq,72,73,0.456234808,0.449879748
C,seattle,2026-07-03,20260703T060217-0400,,,eq,72,73,0.472553522,0.449879748
C,seattle,2026-07-03,20260703T070547-0400,,,eq,72,73,0.245993415,0.453650027
C,seattle,2026-07-03,20260703T080019-0400,,,eq,72,73,0.277037662,0.453649966
C,seattle,2026-07-03,20260703T090402-0400,,,eq,72,73,0.352555843,0.366864403
C,seattle,2026-07-03,20260703T100408-0400,,,eq,72,73,0.350587855,0.371888139
C,seattle,2026-07-03,20260703T110713-0400,,,eq,72,73,0.528102455,0.610465884
C,seattle,2026-07-03,20260703T120147-0400,,,eq,72,73,0.371883014,0.364057826
C,seattle,2026-07-03,20260703T131156-0400,,,eq,72,73,0.409066497,0.582999554
C,seattle,2026-07-03,20260703T140348-0400,,,eq,72,73,0.448388953,0.413303756
C,seattle,2026-07-03,20260703T152820-0400,,,eq,72,73,0.468088991,0.447144382
C,seattle,2026-07-03,20260703T160902-0400,,,eq,72,73,0.765915404,0.749108959
C,seattle,2026-07-03,20260703T170302-0400,,,eq,72,73,0.485957133,0.566652813
C,seattle,2026-07-03,20260703T182415-0400,,,eq,72,73,0.698483082,0.792150979
C,seattle,2026-07-03,20260703T190050-0400,,,eq,72,73,0.638413193,0.779223297
C,seattle,2026-07-03,20260703T205611595868-0400,,,eq,72,73,0.554778638,0.631264002
C,seattle,2026-07-03,20260703T211057970769-0400,,,eq,72,73,0.750649233,0.7250508
C,seattle,2026-07-03,20260703T222204879200-0400,,,eq,72,73,0.813882641,0.855430813
C,seattle,2026-07-03,20260703T231359900324-0400,,,eq,72,73,0.83622366,0.825500922
C,seattle,2026-07-03,20260704T000111160440-0400,,,eq,72,73,0.868776188,0.854320686
C,seattle,2026-07-03,20260704T010524338712-0400,,,eq,72,73,0.771684376,0.748918175
C,seattle,2026-07-03,20260704T020047314427-0400,,,eq,72,73,0.771684376,0.748918175
C,seattle,2026-07-05,20260705T030024635241-0400,,,eq,76,77,0.0628155936,0.0510766988
C,seattle,2026-07-05,20260705T040356452761-0400,,,eq,76,77,0.0331633369,0.0306212271
C,seattle,2026-07-05,20260705T050720630996-0400,,,eq,76,77,0.0436549809,0.0412302546
C,seattle,2026-07-05,20260705T060139770487-0400,,,eq,76,77,0.0585927922,0.0604368034
C,seattle,2026-07-05,20260705T070507959327-0400,,,eq,76,77,0.0666658968,0.0504763562
C,seattle,2026-07-05,20260705T080848937299-0400,,,eq,76,77,0.0461754333,0.0328320776
C,seattle,2026-07-05,20260705T090321806340-0400,,,eq,76,77,0.0314773207,0.0328320776
C,seattle,2026-07-05,20260705T101113300095-0400,,,eq,76,77,0.0434715967,0.0347572908
C,seattle,2026-07-05,20260705T110607145617-0400,,,eq,76,77,0.0804372074,0.0801567225
C,seattle,2026-07-05,20260705T120424642258-0400,,,eq,76,77,0.118036823,0.10571669
C,seattle,2026-07-05,20260705T130753145995-0400,,,eq,76,77,0.0156667644,0.0140323715
C,seattle,2026-07-05,20260705T140227938663-0400,,,eq,76,77,0.0310624063,0.0310624063
C,seattle,2026-07-05,20260705T150608679526-0400,,,eq,76,77,0.0322936987,0.0316744234
C,seattle,2026-07-05,20260705T160044528512-0400,,,eq,76,77,0.01653238,0.0465193407
C,seattle,2026-07-05,20260705T170414599058-0400,,,eq,76,77,0.117343616,0.135378544
C,seattle,2026-07-05,20260705T180042998947-0400,,,eq,76,77,0.0346572119,0.0940739411
C,seattle,2026-07-05,20260705T190659924265-0400,,,eq,76,77,0.284374563,0.332232179
C,seattle,2026-07-05,20260705T202811293059-0400,,,eq,76,77,0.950264668,0.941349089
C,seattle,2026-07-05,20260705T210530138267-0400,,,eq,76,77,0.971953579,0.933737982
C,seattle,2026-07-05,20260705T220136940295-0400,,,eq,76,77,0.972600532,0.928317941
C,seattle,2026-07-05,20260705T233734399383-0400,,,eq,76,77,0.992727727,0.985319224
C,seattle,2026-07-05,20260706T000552171491-0400,,,eq,76,77,0.989890397,0.978391282
C,seattle,2026-07-05,20260706T014529231679-0400,,,eq,76,77,0.989835537,0.978096493
C,seattle,2026-07-05,20260706T020558686274-0400,,,eq,76,77,0.989816896,0.978018928
C,seattle,2026-07-07,20260707T030604889437-0400,,,eq,74,75,0.282808079,0.282808079
C,seattle,2026-07-07,20260707T040034238436-0400,,,eq,74,75,0.184224974,0.260753694
C,seattle,2026-07-07,20260707T050358674982-0400,,,eq,74,75,0.0906516118,0.245627592
C,seattle,2026-07-07,20260707T060724978108-0400,,,eq,74,75,0.184722964,0.266327039
C,seattle,2026-07-07,20260707T070150905568-0400,,,eq,74,75,0.114462849,0.300942189
C,seattle,2026-07-07,20260707T080530219110-0400,,,eq,74,75,0.234139916,0.374421856
C,seattle,2026-07-07,20260707T090905099630-0400,,,eq,74,75,0.0803348265,0.207752179
C,seattle,2026-07-07,20260707T102050333697-0400,,,eq,74,75,0.0803348265,0.207752179
C,seattle,2026-07-07,20260707T110655387367-0400,,,eq,74,75,0.0964407881,0.164174559
C,seattle,2026-07-07,20260707T120739422147-0400,,,eq,74,75,0.199626597,0.117396304
C,seattle,2026-07-07,20260707T130211338019-0400,,,eq,74,75,0.263881893,0.224281343
C,seattle,2026-07-07,20260707T140224293032-0400,,,eq,74,75,0.157475497,0.198589115
C,seattle,2026-07-07,20260707T150441540244-0400,,,eq,74,75,0.145880649,0.148336132
C,seattle,2026-07-07,20260707T160016672829-0400,,,eq,74,75,0.131959622,0.0556603946
C,seattle,2026-07-07,20260707T170541737149-0400,,,eq,74,75,0.160953779,0.0961021828
C,seattle,2026-07-07,20260707T180420705347-0400,,,eq,74,75,0.135605414,0.0542975622
C,seattle,2026-07-07,20260707T190755536018-0400,,,eq,74,75,0.0651063282,0.0663956523
C,seattle,2026-07-07,20260707T200225938347-0400,,,eq,74,75,0.15009265,0.233201192
C,seattle,2026-07-07,20260707T210600596680-0400,,,eq,74,75,0.346989337,0.296165265
C,seattle,2026-07-07,20260707T220048270230-0400,,,eq,74,75,0.396017133,0.462377956
C,seattle,2026-07-07,20260707T230443867473-0400,,,eq,74,75,0.553722054,0.70561337
C,seattle,2026-07-07,20260708T000840603227-0400,,,eq,74,75,0.898191331,0.928134787
C,seattle,2026-07-07,20260708T010339252487-0400,,,eq,74,75,0.503285342,0.619084339
C,seattle,2026-07-07,20260708T020737977773-0400,,,eq,74,75,0.502927764,0.618327001
C,seattle,2026-07-08,20260708T030123560527-0400,,,eq,68,69,0.0246886262,0.0254242758
C,seattle,2026-07-08,20260708T040610543887-0400,,,eq,68,69,0.0308753257,0.0253507909
C,seattle,2026-07-08,20260708T050032196759-0400,,,eq,68,69,0.0307684668,0.025699869
C,seattle,2026-07-08,20260708T060404396365-0400,,,eq,68,69,0.0295011611,0.0268368349
C,seattle,2026-07-08,20260708T070730790825-0400,,,eq,68,69,0.0501968719,0.0286328185
C,seattle,2026-07-08,20260708T080201796375-0400,,,eq,68,69,0.0510768295,0.0300420801
C,seattle,2026-07-08,20260708T090551769004-0400,,,eq,68,69,0.0510768295,0.0300420801
C,seattle,2026-07-08,20260708T100825798758-0400,,,eq,68,69,0.0294282709,0.0266885156
C,seattle,2026-07-08,20260708T110250599468-0400,,,eq,68,69,0.0493635782,0.0530981752
C,seattle,2026-07-08,20260708T120348077925-0400,,,eq,68,69,0.0305749507,0.0301707378
C,seattle,2026-07-08,20260708T130320752281-0400,,,eq,68,69,0.0247411213,0.0170544297
C,seattle,2026-07-08,20260708T141217874055-0400,,,eq,68,69,0.0641169187,0.0862019745
C,seattle,2026-07-08,20260708T150849518074-0400,,,eq,68,69,0.0446273928,0.0896916343
C,seattle,2026-07-08,20260708T160112881751-0400,,,eq,68,69,0.0390196593,0.0320760257
C,seattle,2026-07-08,20260708T171311279292-0400,,,eq,68,69,0.0582284442,0.158959089
C,seattle,2026-07-08,20260708T180810571597-0400,,,eq,68,69,0.123531588,0.198449107
C,seattle,2026-07-08,20260708T190149341845-0400,,,eq,68,69,0.293692665,0.373493517
C,seattle,2026-07-08,20260708T200832833631-0400,,,eq,68,69,0.163893529,0.204029941
C,seattle,2026-07-08,20260708T210640696375-0400,,,eq,68,69,0.485402231,0.511458215
C,seattle,2026-07-08,20260708T220902281025-0400,,,eq,68,69,0.689141735,0.68696672
C,seattle,2026-07-08,20260708T230355139959-0400,,,eq,68,69,0.544508423,0.694647851
C,seattle,2026-07-08,20260709T000755448848-0400,,,eq,68,69,0.552280547,0.70860542
C,seattle,2026-07-08,20260709T010303573718-0400,,,eq,68,69,0.526551367,0.682418929
C,seattle,2026-07-08,20260709T020704251047-0400,,,eq,68,69,0.499384773,0.672862797
C,seattle,2026-07-09,20260709T030053134996-0400,,,eq,78,79,0.0461215224,0.0453507181
C,seattle,2026-07-09,20260709T040445009152-0400,,,eq,78,79,0.0683962696,0.0627798415
C,seattle,2026-07-09,20260709T050815446957-0400,,,eq,78,79,0.0414524023,0.0366325674
C,seattle,2026-07-09,20260709T060242149822-0400,,,eq,78,79,0.0376505878,0.0364222234
C,seattle,2026-07-09,20260709T070608124002-0400,,,eq,78,79,0.0408865142,0.0364222234
C,seattle,2026-07-09,20260709T080043356516-0400,,,eq,78,79,0.0419486601,0.0366325674
C,seattle,2026-07-09,20260709T090016986398-0400,,,eq,78,79,0.0419486601,0.0366325674
C,seattle,2026-07-09,20260709T100915770422-0400,,,eq,78,79,0.0478214004,0.0414280715
C,seattle,2026-07-09,20260709T111044335562-0400,,,eq,78,79,0.0277036613,0.034510046
C,seattle,2026-07-09,20260709T120541916785-0400,,,eq,78,79,0.0264051159,0.024549826
C,seattle,2026-07-09,20260709T130654057926-0400,,,eq,78,79,0.0349112181,0.0248172619
C,seattle,2026-07-09,20260709T141126607741-0400,,,eq,78,79,0.0254357403,0.0232759523
C,seattle,2026-07-09,20260709T150025382017-0400,,,eq,78,79,0.154700239,0.0635971326
C,seattle,2026-07-09,20260709T160558642716-0400,,,eq,78,79,0.142498817,0.0506321248
C,seattle,2026-07-09,20260709T170442754431-0400,,,eq,78,79,0.181505728,0.108479668
C,seattle,2026-07-09,20260709T180651474148-0400,,,eq,78,79,0.0793558004,0.126441248
C,seattle,2026-07-09,20260709T190349191520-0400,,,eq,78,79,0.461559394,0.637893349
C,seattle,2026-07-09,20260709T200416542896-0400,,,eq,78,79,0.285344665,0.388344079
C,seattle,2026-07-09,20260709T213147315900-0400,,,eq,78,79,0.647928954,0.762983901
C,seattle,2026-07-09,20260709T220710710125-0400,,,eq,78,79,0.778578782,0.844209172
C,seattle,2026-07-09,20260709T230641883627-0400,,,eq,78,79,0.612405109,0.774827578
C,seattle,2026-07-09,20260710T000307993869-0400,,,eq,78,79,0.67506341,0.813618867
C,seattle,2026-07-09,20260710T010725742633-0400,,,eq,78,79,0.67440522,0.812799572
C,seattle,2026-07-09,20260710T021209353841-0400,,,eq,78,79,0.673198679,0.81139441
C,seattle,2026-07-10,20260710T030110394224-0400,,,eq,76,77,0.0739446776,0.0609637022
C,seattle,2026-07-10,20260710T041400819488-0400,,,eq,76,77,0.0474565265,0.0415829685
C,seattle,2026-07-10,20260710T050147916759-0400,,,eq,76,77,0.0987725475,0.144294162
C,seattle,2026-07-10,20260710T060745747959-0400,,,eq,76,77,0.113680414,0.134389556
C,seattle,2026-07-10,20260710T070232744500-0400,,,eq,76,77,0.149878996,0.134927869
C,seattle,2026-07-10,20260710T080612771383-0400,,,eq,76,77,0.280196659,0.192796448
C,seattle,2026-07-10,20260710T090054024336-0400,,,eq,76,77,0.203665711,0.192796448
C,seattle,2026-07-10,20260710T100426494199-0400,,,eq,76,77,0.206436686,0.21599539
C,seattle,2026-07-10,20260710T110516840512-0400,,,eq,76,77,0.281081279,0.267957848
C,seattle,2026-07-10,20260710T120835770382-0400,,,eq,76,77,0.494022122,0.42591281
C,seattle,2026-07-10,20260710T130658069646-0400,,,eq,76,77,0.372170203,0.544973543
C,seattle,2026-07-10,20260710T140013067869-0400,,,eq,76,77,0.398491037,0.468168747
C,seattle,2026-07-10,20260710T150239701498-0400,,,eq,76,77,0.143813812,0.189966026
C,seattle,2026-07-10,20260710T161123931692-0400,,,eq,76,77,0.28035344,0.322978564
C,seattle,2026-07-10,20260710T170352744720-0400,,,eq,76,77,0.533766327,0.362251321
C,seattle,2026-07-10,20260710T180433826737-0400,,,eq,76,77,0.660531117,0.696999663
C,seattle,2026-07-10,20260710T190110301001-0400,,,eq,76,77,0.481933921,0.341960278
C,seattle,2026-07-10,20260710T200753977889-0400,,,eq,76,77,0.496695688,0.51330677
C,seattle,2026-07-10,20260710T220411203531-0400,,,eq,76,77,0.341826162,0.314832067
C,seattle,2026-07-10,20260710T222731812324-0400,,,eq,76,77,0.396050001,0.299722421
C,seattle,2026-07-10,20260710T230627543656-0400,,,eq,76,77,0.685341193,0.538159984
C,seattle,2026-07-10,20260711T000805271186-0400,,,eq,76,77,0.60402417,0.439184388
C,seattle,2026-07-10,20260711T010249506499-0400,,,eq,76,77,0.602676372,0.438168708
C,seattle,2026-07-10,20260711T020445502927-0400,,,eq,76,77,0.668840943,0.500066822
C,seattle,2026-07-14,20260714T030050407410-0400,,,eq,84,85,0.176866142,0.183355865
C,seattle,2026-07-14,20260714T040450748276-0400,,,eq,84,85,0.0590165901,0.056294735
C,seattle,2026-07-14,20260714T050828667931-0400,,,eq,84,85,0.0624810569,0.056294735
C,seattle,2026-07-14,20260714T060301575886-0400,,,eq,84,85,0.0499499226,0.0561044461
C,seattle,2026-07-14,20260714T070643195149-0400,,,eq,84,85,0.0485781627,0.0472617602
C,seattle,2026-07-14,20260714T080126877995-0400,,,eq,84,85,0.0460292589,0.056664607
C,seattle,2026-07-14,20260714T090832546859-0400,,,eq,84,85,0.0418816543,0.0472617602
C,seattle,2026-07-14,20260714T102048270973-0400,,,eq,84,85,0.0500293003,0.0563413437
C,seattle,2026-07-14,20260714T110758392945-0400,,,eq,84,85,0.217747544,0.0919413313
C,seattle,2026-07-14,20260714T120336920718-0400,,,eq,84,85,0.519611339,0.263133948
C,seattle,2026-07-14,20260714T130012304568-0400,,,eq,84,85,0.095122656,0.10186292
C,seattle,2026-07-14,20260714T140405710451-0400,,,eq,84,85,0.241283891,0.24813717
C,seattle,2026-07-14,20260714T150753842991-0400,,,eq,84,85,0.371094439,0.322157527
C,seattle,2026-07-14,20260714T160237864852-0400,,,eq,84,85,0.517380647,0.374000337
C,seattle,2026-07-14,20260714T170614598975-0400,,,eq,84,85,0.534104335,0.395911522
C,seattle,2026-07-14,20260714T180754648900-0400,,,eq,84,85,0.480451006,0.476762526
C,seattle,2026-07-14,20260714T190232705136-0400,,,eq,84,85,0.715370021,0.739222182
C,seattle,2026-07-14,20260714T200621611753-0400,,,eq,84,85,0.276251476,0.527279661
C,seattle,2026-07-14,20260714T210108281259-0400,,,eq,84,85,0.53117304,0.673261
C,seattle,2026-07-14,20260714T225644074603-0400,,,eq,84,85,0.572138676,0.723248215
C,seattle,2026-07-14,20260714T232631247498-0400,,,eq,84,85,0.780756748,0.857956324
C,seattle,2026-07-14,20260715T005627179434-0400,,,eq,84,85,0.736021322,0.830688324
C,seattle,2026-07-14,20260715T015639662693-0400,,,eq,84,85,0.716595367,0.814862711
C,seattle,2026-07-15,20260715T030251306880-0400,,,eq,82,83,0.0535200853,0.0507769968
C,seattle,2026-07-15,20260715T040640039281-0400,,,eq,82,83,0.0535200853,0.0507769968
C,seattle,2026-07-15,20260715T050108898977-0400,,,eq,82,83,0.168994563,0.154107291
C,seattle,2026-07-15,20260715T060447847772-0400,,,eq,82,83,0.169877805,0.154107291
C,seattle,2026-07-15,20260715T070827604730-0400,,,eq,82,83,0.21534077,0.154107291
C,seattle,2026-07-15,20260715T080303215715-0400,,,eq,82,83,0.0392746405,0.0312649548
C,seattle,2026-07-15,20260715T090648949615-0400,,,eq,82,83,0.0406318946,0.0318922037
C,seattle,2026-07-15,20260715T100120241280-0400,,,eq,82,83,0.200971246,0.15514135
C,seattle,2026-07-15,20260715T110455123519-0400,,,eq,82,83,0.127357721,0.14819419
C,seattle,2026-07-15,20260715T120835036609-0400,,,eq,82,83,0.0517558202,0.0950325617
C,seattle,2026-07-15,20260715T130308263848-0400,,,eq,82,83,0.147168828,0.0413987154
C,seattle,2026-07-15,20260715T140653531590-0400,,,eq,82,83,0.10087643,0.0941557164
C,seattle,2026-07-15,20260715T150133661708-0400,,,eq,82,83,0.10066412,0.139528294
C,seattle,2026-07-15,20260715T160529931095-0400,,,eq,82,83,0.069498709,0.127746643
C,seattle,2026-07-15,20260715T170002520168-0400,,,eq,82,83,0.0920480525,0.282626279
C,seattle,2026-07-15,20260715T180349132805-0400,,,eq,82,83,0.366420767,0.56343129
C,seattle,2026-07-15,20260715T190729636491-0400,,,eq,82,83,0.101064033,0.13926369
C,seattle,2026-07-15,20260715T200231324458-0400,,,eq,82,83,0.202665015,0.233191176
C,seattle,2026-07-15,20260715T210630563590-0400,,,eq,82,83,0.23221577,0.190138499
C,seattle,2026-07-15,20260715T225610115992-0400,,,eq,82,83,0.16086454,0.168408162
C,seattle,2026-07-15,20260715T233322061412-0400,,,eq,82,83,0.2498985,0.172155246
C,seattle,2026-07-15,20260716T000202437887-0400,,,eq,82,83,0.102424572,0.0699248724
C,seattle,2026-07-15,20260716T010625033307-0400,,,eq,82,83,0.102424572,0.0699248724
C,seattle,2026-07-15,20260716T020135014575-0400,,,eq,82,83,0.149536279,0.104288265
C,seattle,2026-07-16,20260716T030102662487-0400,,,eq,64,65,0,0
C,seattle,2026-07-16,20260716T040653533181-0400,,,eq,64,65,0.0749198325,0.045397711
C,seattle,2026-07-16,20260716T050129665013-0400,,,eq,64,65,0.0585958928,0.0408623596
C,seattle,2026-07-16,20260716T060507894638-0400,,,eq,64,65,0.048470961,0.033113862
C,seattle,2026-07-16,20260716T070859224791-0400,,,eq,64,65,0.0560981334,0.0564376056
C,seattle,2026-07-16,20260716T080337567808-0400,,,eq,64,65,0.0460760411,0.0316249454
C,seattle,2026-07-16,20260716T090727642315-0400,,,eq,64,65,0.0153081678,0.0303842739
C,seattle,2026-07-16,20260716T100301910167-0400,,,eq,64,65,0.0184997185,0.00884161649
C,seattle,2026-07-16,20260716T110705678867-0400,,,eq,64,65,0.00738535585,0.00537684232
C,seattle,2026-07-16,20260716T120149080537-0400,,,eq,64,65,0.00977475398,0.00946068363
C,seattle,2026-07-16,20260716T130537507624-0400,,,eq,64,65,0.0305312892,0.0166136483
C,seattle,2026-07-16,20260716T140020889077-0400,,,eq,64,65,0.043272343,0.0615688474
C,seattle,2026-07-16,20260716T150415718546-0400,,,eq,64,65,0.0395051191,0.0360300117
C,seattle,2026-07-16,20260716T160819508681-0400,,,eq,64,65,0.0681370288,0.0472577
C,seattle,2026-07-16,20260716T170308561146-0400,,,eq,64,65,0.206481705,0.0756570148
C,seattle,2026-07-16,20260716T180659529786-0400,,,eq,64,65,0.215743815,0.11935184
C,seattle,2026-07-16,20260716T190145253650-0400,,,eq,64,65,0.563538633,0.491224085
C,seattle,2026-07-16,20260716T201052795296-0400,,,eq,64,65,0.679455407,0.630802381
C,seattle,2026-07-16,20260716T210227561195-0400,,,eq,64,65,0.69546435,0.737867517
C,seattle,2026-07-16,20260716T220007883103-0400,,,eq,64,65,0.876983305,0.873614868
C,seattle,2026-07-16,20260716T230313867509-0400,,,eq,64,65,0.875403843,0.880615645
C,seattle,2026-07-16,20260717T000817133576-0400,,,eq,64,65,0.875167177,0.880362239
C,seattle,2026-07-16,20260717T010336648816-0400,,,eq,64,65,0.874340279,0.879707925
C,seattle,2026-07-16,20260717T020805262770-0400,,,eq,64,65,0.923088112,0.926310807
C,seattle,2026-07-17,20260717T030054775027-0400,,,eq,70,71,0.103600196,0.0882449779
C,seattle,2026-07-17,20260717T040509324513-0400,,,eq,70,71,0.100556051,0.0882449779
C,seattle,2026-07-17,20260717T050902808062-0400,,,eq,70,71,0.0832526006,0.0750611553
C,seattle,2026-07-17,20260717T060345694556-0400,,,eq,70,71,0.0857341755,0.0750109311
C,seattle,2026-07-17,20260717T070728633650-0400,,,eq,70,71,0.186364892,0.0750109311
C,seattle,2026-07-17,20260717T080211443653-0400,,,eq,70,71,0.187286704,0.07510501
C,seattle,2026-07-17,20260717T091036133347-0400,,,eq,70,71,0.183054289,0.0750109311
C,seattle,2026-07-17,20260717T102813701013-0400,,,eq,70,71,0.206010039,0.102588485
C,seattle,2026-07-17,20260717T110454691224-0400,,,eq,70,71,0.1496841,0.229391776
C,seattle,2026-07-17,20260717T120512695702-0400,,,eq,70,71,0.349549098,0.382460301
C,seattle,2026-07-17,20260717T130147796613-0400,,,eq,70,71,0.279145388,0.254739369
C,seattle,2026-07-17,20260717T140151953906-0400,,,eq,70,71,0.113933948,0.0960667818
C,seattle,2026-07-17,20260717T150013636921-0400,,,eq,70,71,0.0600803734,0.054808404
C,seattle,2026-07-17,20260717T160157731673-0400,,,eq,70,71,0.135350705,0.112479302
C,seattle,2026-07-17,20260717T170052777038-0400,,,eq,70,71,0.169962426,0.151497868
C,seattle,2026-07-17,20260717T180445428486-0400,,,eq,70,71,0.272671188,0.263750925
C,seattle,2026-07-17,20260717T190909061342-0400,,,eq,70,71,0.421744483,0.310562289
C,seattle,2026-07-17,20260717T200406355195-0400,,,eq,70,71,0.197583586,0.190547041
C,seattle,2026-07-17,20260717T210817133020-0400,,,eq,70,71,0.271742638,0.293353454
C,seattle,2026-07-17,20260717T220326295990-0400,,,eq,70,71,0.590287599,0.58957566
C,seattle,2026-07-17,20260717T230749579852-0400,,,eq,70,71,0.587231163,0.585001029
C,seattle,2026-07-17,20260718T000731394516-0400,,,eq,70,71,0.58295618,0.580760515
C,seattle,2026-07-17,20260718T010250546839-0400,,,eq,70,71,0.723378172,0.719740922
C,seattle,2026-07-17,20260718T020709252358-0400,,,eq,70,71,0.793588222,0.792203512
C,seattle,2026-07-18,20260718T030056581772-0400,,,eq,74,75,0.0658821131,0.139903977
C,seattle,2026-07-18,20260718T040627756879-0400,,,eq,74,75,0.153888176,0.280564482
C,seattle,2026-07-18,20260718T050102081656-0400,,,eq,74,75,0.145566547,0.267250684
C,seattle,2026-07-18,20260718T060446373719-0400,,,eq,74,75,0.144227869,0.267250684
C,seattle,2026-07-18,20260718T070830132267-0400,,,eq,74,75,0.104103568,0.286420717
C,seattle,2026-07-18,20260718T080309870284-0400,,,eq,74,75,0.0902143407,0.263519852
C,seattle,2026-07-18,20260718T090657550256-0400,,,eq,74,75,0.107384323,0.241341342
C,seattle,2026-07-18,20260718T100134875328-0400,,,eq,74,75,0.108955175,0.263519852
C,seattle,2026-07-18,20260718T110535220098-0400,,,eq,74,75,0.0783074255,0.110704754
C,seattle,2026-07-18,20260718T120013693228-0400,,,eq,74,75,0.316520112,0.118988659
C,seattle,2026-07-18,20260718T130401151577-0400,,,eq,74,75,0.366377568,0.235728182
C,seattle,2026-07-18,20260718T140754287916-0400,,,eq,74,75,0.263433307,0.3551226
C,seattle,2026-07-18,20260718T150236599827-0400,,,eq,74,75,0.349999115,0.315284079
C,seattle,2026-07-18,20260718T160632466044-0400,,,eq,74,75,0.366227349,0.129018225
C,seattle,2026-07-18,20260718T170117500573-0400,,,eq,74,75,0.522135826,0.238115366
C,seattle,2026-07-18,20260718T180509066448-0400,,,eq,74,75,0.277266437,0.220087814
C,seattle,2026-07-18,20260718T190857538723-0400,,,eq,74,75,0.461072744,0.324419699
C,seattle,2026-07-18,20260718T200353098648-0400,,,eq,74,75,0.422744007,0.680559548
C,seattle,2026-07-18,20260718T210746089001-0400,,,eq,74,75,0.512894503,0.448982332
C,seattle,2026-07-18,20260718T220245055110-0400,,,eq,74,75,0.485170241,0.412956632
C,seattle,2026-07-18,20260718T230708511581-0400,,,eq,74,75,0.839625482,0.844245409
C,seattle,2026-07-18,20260719T000857158756-0400,,,eq,74,75,0.763638269,0.769796587
C,seattle,2026-07-18,20260719T010142211728-0400,,,eq,74,75,0.757425012,0.764196145
C,seattle,2026-07-18,20260719T020837192123-0400,,,eq,74,75,0.873960062,0.882252202
C,seattle,2026-07-19,20260719T030052508519-0400,,,eq,78,79,0.209915675,0.190865595
C,seattle,2026-07-19,20260719T040746246181-0400,,,eq,78,79,0.17340796,0.148574238
C,seattle,2026-07-19,20260719T050220894368-0400,,,eq,78,79,0.185986705,0.153326766
C,seattle,2026-07-19,20260719T060600891903-0400,,,eq,78,79,0.191542168,0.156200703
C,seattle,2026-07-19,20260719T070035856291-0400,,,eq,78,79,0.204791399,0.152596957
C,seattle,2026-07-19,20260719T080429808618-0400,,,eq,78,79,0.11995262,0.0921729838
C,seattle,2026-07-19,20260719T090814120705-0400,,,eq,78,79,0.119947432,0.0921649872
C,seattle,2026-07-19,20260719T100718919972-0400,,,eq,78,79,0.190640462,0.152596957
C,seattle,2026-07-19,20260719T110158501029-0400,,,eq,78,79,0.204922407,0.189794164
C,seattle,2026-07-19,20260719T120547618474-0400,,,eq,78,79,0.158759884,0.10547175
C,seattle,2026-07-19,20260719T130027976660-0400,,,eq,78,79,0.105033206,0.0723652438
C,seattle,2026-07-19,20260719T140423140840-0400,,,eq,78,79,0.0997531376,0.0795109793
C,seattle,2026-07-19,20260719T150809527544-0400,,,eq,78,79,0.0853910429,0.0912536455
C,seattle,2026-07-19,20260719T160255248531-0400,,,eq,78,79,0.141878617,0.0562585031
C,seattle,2026-07-19,20260719T171858589566-0400,,,eq,78,79,0.428807294,0.471040284
C,seattle,2026-07-19,20260719T180131615321-0400,,,eq,78,79,0.103276625,0.142148841
C,seattle,2026-07-19,20260719T190423301217-0400,,,eq,78,79,0.493992197,0.445299069
C,seattle,2026-07-19,20260719T202620521729-0400,,,eq,78,79,0.728517758,0.598291826
C,seattle,2026-07-19,20260719T211455734390-0400,,,eq,78,79,0.925111443,0.892083097
C,seattle,2026-07-19,20260719T225609359121-0400,,,eq,78,79,0.99183424,0.99026185
C,seattle,2026-07-19,20260719T235700699658-0400,,,eq,78,79,0.983166922,0.944292865
C,seattle,2026-07-19,20260720T001429222140-0400,,,eq,78,79,0.983166922,0.944292865
C,seattle,2026-07-19,20260720T010826382135-0400,,,eq,78,79,0.983104209,0.944168334
C,seattle,2026-07-19,20260720T020357768433-0400,,,eq,78,79,0.997247045,0.995021735
C,seattle,2026-07-20,20260720T030026834740-0400,,,eq,82,83,0.097446707,0.0548870829
C,seattle,2026-07-20,20260720T040417520243-0400,,,eq,82,83,0.0996162383,0.0535690822
C,seattle,2026-07-20,20260720T050757790131-0400,,,eq,82,83,0.0938473466,0.0548830399
C,seattle,2026-07-20,20260720T060229661464-0400,,,eq,82,83,0.0918743261,0.0537487804
C,seattle,2026-07-20,20260720T070623018509-0400,,,eq,82,83,0.261756139,0.12826369
C,seattle,2026-07-20,20260720T080102872564-0400,,,eq,82,83,0.180342452,0.15693437
C,seattle,2026-07-20,20260720T090521442903-0400,,,eq,82,83,0.172111031,0.156970931
C,seattle,2026-07-20,20260720T100028230833-0400,,,eq,82,83,0.220229976,0.12931829
C,seattle,2026-07-20,20260720T110424986064-0400,,,eq,82,83,0.0849996957,0.0993817767
C,seattle,2026-07-20,20260720T120448200225-0400,,,eq,82,83,0.110847313,0.101923763
C,seattle,2026-07-20,20260720T131643748085-0400,,,eq,82,83,0.14109507,0.0478869447
C,seattle,2026-07-20,20260720T140255965690-0400,,,eq,82,83,0.0855384755,0.104430007
C,seattle,2026-07-20,20260720T150953915664-0400,,,eq,82,83,0.0916166508,0.114635887
C,seattle,2026-07-20,20260720T162154097369-0400,,,eq,82,83,0.237410842,0.235032559
C,seattle,2026-07-20,20260720T170847346224-0400,,,eq,82,83,0.20880547,0.299411461
C,seattle,2026-07-20,20260720T181001944636-0400,,,eq,82,83,0.298896807,0.557832473
C,seattle,2026-07-20,20260720T190559484416-0400,,,eq,82,83,0.116928311,0.145993327
C,seattle,2026-07-20,20260720T200110914174-0400,,,eq,82,83,0.469253683,0.467409203
C,seattle,2026-07-20,20260720T210534904994-0400,,,eq,82,83,0.244461743,0.398737532
C,seattle,2026-07-20,20260720T220101503382-0400,,,eq,82,83,0.405931414,0.490269762
C,seattle,2026-07-20,20260720T230337248337-0400,,,eq,82,83,0.173203592,0.400895483
C,seattle,2026-07-20,20260721T000006830862-0400,,,eq,82,83,0.184711337,0.283306522
C,seattle,2026-07-20,20260721T010121155138-0400,,,eq,82,83,0.0822610975,0.150937147
C,seattle,2026-07-20,20260721T020621601684-0400,,,eq,82,83,0.194174036,0.489412084
C,seattle,2026-07-21,20260721T030104343184-0400,,,eq,92,93,0.100719522,0.0339626361
C,seattle,2026-07-21,20260721T040502309537-0400,,,eq,92,93,0.0941126196,0.0309439118
C,seattle,2026-07-21,20260721T050849643317-0400,,,eq,92,93,0.0908327575,0.0301060559
C,seattle,2026-07-21,20260721T060323947058-0400,,,eq,92,93,0.093262973,0.031421289
C,seattle,2026-07-21,20260721T070713663790-0400,,,eq,92,93,0.0721414656,0.0304351855
C,seattle,2026-07-21,20260721T080205890500-0400,,,eq,92,93,0.0974367408,0.0324196936
C,seattle,2026-07-21,20260721T090554100967-0400,,,eq,92,93,0.068935782,0.0295556884
C,seattle,2026-07-21,20260721T100041602674-0400,,,eq,92,93,0.0267220464,0.0267220464
C,seattle,2026-07-21,20260721T110422275800-0400,,,eq,92,93,0.0655155356,0.0311271433
C,seattle,2026-07-21,20260721T120116057588-0400,,,eq,92,93,0.0823406766,0.0326431907
C,seattle,2026-07-21,20260721T130537201201-0400,,,eq,92,93,0.0444610887,0.0236031603
C,seattle,2026-07-21,20260721T140033067059-0400,,,eq,92,93,0.0919448967,0.0447704983
C,seattle,2026-07-21,20260721T150108070097-0400,,,eq,92,93,0.085729723,0.0854085592
C,seattle,2026-07-21,20260721T160743468538-0400,,,eq,92,93,0.11697368,0.140010241
C,seattle,2026-07-21,20260721T170135659979-0400,,,eq,92,93,0.368882969,0.297490953
C,seattle,2026-07-21,20260721T180552312573-0400,,,eq,92,93,0.825546258,0.75121486
C,seattle,2026-07-21,20260721T190723620607-0400,,,eq,92,93,0.738673244,0.718375467
C,seattle,2026-07-21,20260721T200418299980-0400,,,eq,92,93,0.849508346,0.805383138
C,seattle,2026-07-21,20260721T210005174832-0400,,,eq,92,93,0.904476183,0.913089984
C,seattle,2026-07-21,20260721T220507559604-0400,,,eq,92,93,0.982002476,0.930151039
C,seattle,2026-07-21,20260721T230736310962-0400,,,eq,92,93,0.883774293,0.899471008
C,seattle,2026-07-21,20260722T000706170592-0400,,,eq,92,93,0.836284874,0.85569302
C,seattle,2026-07-21,20260722T010225449666-0400,,,eq,92,93,0.836284874,0.85569302
C,seattle,2026-07-21,20260722T020656967037-0400,,,eq,92,93,0.893077713,0.906078181
C,seattle,2026-07-22,20260722T030215132317-0400,,,eq,94,95,0.00243480164,0.00243480164
C,seattle,2026-07-22,20260722T040621096707-0400,,,eq,94,95,0.00451559604,0.00462386403
C,seattle,2026-07-22,20260722T050148093946-0400,,,eq,94,95,0.00451559604,0.00462386403
C,seattle,2026-07-22,20260722T060528080562-0400,,,eq,94,95,0.00373869644,0.0033140553
C,seattle,2026-07-22,20260722T070005965495-0400,,,eq,94,95,0.00364556329,0.00314513182
C,seattle,2026-07-22,20260722T080351396956-0400,,,eq,94,95,0.0040421174,0.00394554294
C,seattle,2026-07-22,20260722T090747048621-0400,,,eq,94,95,0.0040421174,0.00394554294
C,seattle,2026-07-22,20260722T100130124259-0400,,,eq,94,95,0.00403991029,0.00394339553
C,seattle,2026-07-22,20260722T110351585765-0400,,,eq,94,95,0.00409157183,0.00476905372
C,seattle,2026-07-22,20260722T120113667012-0400,,,eq,94,95,0.00388294953,0.00432046906
C,seattle,2026-07-22,20260722T130502119915-0400,,,eq,94,95,0.00955900284,0.0129364593
C,seattle,2026-07-22,20260722T140056728026-0400,,,eq,94,95,0.00949490723,0.0118287112
C,seattle,2026-07-22,20260722T150335225117-0400,,,eq,94,95,0.00744502989,0.0160992192
C,seattle,2026-07-22,20260722T160731775923-0400,,,eq,94,95,0.0512516907,0.105155641
C,seattle,2026-07-22,20260722T170211976948-0400,,,eq,94,95,0.0583647214,0.0870727402
C,seattle,2026-07-22,20260722T180605365198-0400,,,eq,94,95,0.0741939381,0.086532837
C,seattle,2026-07-22,20260722T190104412302-0400,,,eq,94,95,0.360756569,0.360756597
C,seattle,2026-07-22,20260722T200500377498-0400,,,eq,94,95,0.851981452,0.851981452
C,seattle,2026-07-22,20260722T210201343750-0400,,,eq,94,95,0.855564998,0.855564998
C,seattle,2026-07-22,20260722T220000476885-0400,,,eq,94,95,0.927353838,0.927353838
C,seattle,2026-07-22,20260722T230841018841-0400,,,eq,94,95,0.88090093,0.88090093
C,seattle,2026-07-22,20260723T000352376756-0400,,,eq,94,95,0.88090093,0.88090093
C,seattle,2026-07-22,20260723T010821727131-0400,,,eq,94,95,0.88090093,0.88090093
C,seattle,2026-07-22,20260723T020338255569-0400,,,eq,94,95,0.88090093,0.88090093
C,seattle,2026-07-23,20260723T030024039404-0400,,,eq,74,75,0.29067783,0.29067783
C,seattle,2026-07-23,20260723T040417056766-0400,,,eq,74,75,0.0911816011,0.126156791
C,seattle,2026-07-23,20260723T050111221984-0400,,,eq,74,75,0.0929945683,0.137501066
C,seattle,2026-07-23,20260723T060138456293-0400,,,eq,74,75,0.215646917,0.246076863
C,seattle,2026-07-23,20260723T070201648990-0400,,,eq,74,75,0.0765830571,0.254481934
C,seattle,2026-07-23,20260723T080333855767-0400,,,eq,74,75,0.122109353,0.254481934
C,seattle,2026-07-23,20260723T090720736448-0400,,,eq,74,75,0.0730204902,0.246861257
C,seattle,2026-07-23,20260723T100202372917-0400,,,eq,74,75,0.0736798481,0.246861257
C,seattle,2026-07-23,20260723T110544929321-0400,,,eq,74,75,0.0777097634,0.0912167208
C,seattle,2026-07-23,20260723T120030119281-0400,,,eq,74,75,0.0530158728,0.0801310548
C,seattle,2026-07-23,20260723T130411794570-0400,,,eq,74,75,0.303811247,0.27303302
C,seattle,2026-07-23,20260723T140800555596-0400,,,eq,74,75,0.0367737715,0.0573226866
C,seattle,2026-07-23,20260723T150240837151-0400,,,eq,74,75,0.164130686,0.129464172
C,seattle,2026-07-23,20260723T160636095280-0400,,,eq,74,75,0.0781219942,0.0432666012
C,seattle,2026-07-23,20260723T170113895523-0400,,,eq,74,75,0.0832885156,0.106506998
C,seattle,2026-07-23,20260723T180502139429-0400,,,eq,74,75,0.0977364589,0.0756664801
C,seattle,2026-07-23,20260723T190854228702-0400,,,eq,74,75,0.186561205,0.0880387635
C,seattle,2026-07-23,20260723T200339352202-0400,,,eq,74,75,0.399042076,0.362841143
C,seattle,2026-07-23,20260723T210737487244-0400,,,eq,74,75,0.375719686,0.396562617
C,seattle,2026-07-23,20260723T220235313427-0400,,,eq,74,75,0.748674122,0.685645773
C,seattle,2026-07-23,20260723T230652321900-0400,,,eq,74,75,0.784912285,0.817573979
C,seattle,2026-07-23,20260724T000202723491-0400,,,eq,74,75,0.796871617,0.828259751
C,seattle,2026-07-23,20260724T010630545822-0400,,,eq,74,75,0.780713036,0.811569648
C,seattle,2026-07-23,20260724T020138442258-0400,,,eq,74,75,0.814927739,0.84313767
C,seattle,2026-07-24,20260724T030034796595-0400,,,eq,82,83,0.114206124,0.0969590896
C,seattle,2026-07-24,20260724T040432928917-0400,,,eq,82,83,0.157328093,0.131745037
C,seattle,2026-07-24,20260724T050438621925-0400,,,eq,82,83,0.203981547,0.159568221
C,seattle,2026-07-24,20260724T060817757938-0400,,,eq,82,83,0.208134644,0.160394903
C,seattle,2026-07-24,20260724T070253311726-0400,,,eq,82,83,0.235402395,0.162290473
C,seattle,2026-07-24,20260724T080642182812-0400,,,eq,82,83,0.0499541166,0.0390116155
C,seattle,2026-07-24,20260724T090121935251-0400,,,eq,82,83,0.0448363859,0.0383858656
C,seattle,2026-07-24,20260724T100505929027-0400,,,eq,82,83,0.0419771726,0.0380848246
C,seattle,2026-07-24,20260724T110852852731-0400,,,eq,82,83,0.0339572547,0.034251369
C,seattle,2026-07-24,20260724T120335909496-0400,,,eq,82,83,0.0293543699,0.0305921016
C,seattle,2026-07-24,20260724T130725821592-0400,,,eq,82,83,0.0292105978,0.0270744636
C,seattle,2026-07-24,20260724T140208543781-0400,,,eq,82,83,0.042304652,0.0332222148
C,seattle,2026-07-24,20260724T150553804097-0400,,,eq,82,83,0.0430970789,0.0441406506
C,seattle,2026-07-24,20260724T160041054154-0400,,,eq,82,83,0.0652311367,0.0388626398
C,seattle,2026-07-24,20260724T170432659537-0400,,,eq,82,83,0.164371569,0.243391578
C,seattle,2026-07-24,20260724T180817526664-0400,,,eq,82,83,0.0941965003,0.224377156
C,seattle,2026-07-24,20260724T190256828927-0400,,,eq,82,83,0.134464644,0.12974434
C,seattle,2026-07-24,20260724T200647856349-0400,,,eq,82,83,0.167382923,0.148592158
C,seattle,2026-07-24,20260724T210130505686-0400,,,eq,82,83,0.15688268,0.223250045
C,seattle,2026-07-24,20260724T220537782118-0400,,,eq,82,83,0.23385605,0.320438524
C,seattle,2026-07-24,20260724T230051707350-0400,,,eq,82,83,0.0307178179,0.173441584
C,seattle,2026-07-24,20260725T000515367577-0400,,,eq,82,83,0.037005718,0.190933247
C,seattle,2026-07-24,20260725T010049395953-0400,,,eq,82,83,0.0372517096,0.201191012
C,seattle,2026-07-24,20260725T020525888406-0400,,,eq,82,83,0.182418269,0.327683806
C,seattle,2026-07-25,20260725T030041886563-0400,,,eq,72,73,0.402928916,0.395305092
C,seattle,2026-07-25,20260725T040439211073-0400,,,eq,72,73,0.398405363,0.393201291
C,seattle,2026-07-25,20260725T050141398336-0400,,,eq,72,73,0.342527553,0.396417284
C,seattle,2026-07-25,20260725T060522955379-0400,,,eq,72,73,0.342258976,0.395907135
C,seattle,2026-07-25,20260725T070908807542-0400,,,eq,72,73,0.165401813,0.512999212
C,seattle,2026-07-25,20260725T080345144552-0400,,,eq,72,73,0.0921304966,0.362001421
C,seattle,2026-07-25,20260725T090033852008-0400,,,eq,72,73,0.26721068,0.257925236
C,seattle,2026-07-25,20260725T100210677527-0400,,,eq,72,73,0.216304574,0.258194318
C,seattle,2026-07-25,20260725T110553151789-0400,,,eq,72,73,0.478294522,0.485165667
C,seattle,2026-07-25,20260725T120031635039-0400,,,eq,72,73,0.120950823,0.209688176
C,seattle,2026-07-25,20260725T130414341139-0400,,,eq,72,73,0.281038781,0.22313065
C,seattle,2026-07-25,20260725T140807514334-0400,,,eq,72,73,0.621519607,0.606065837
C,seattle,2026-07-25,20260725T150256167739-0400,,,eq,72,73,0.601558418,0.712658444
C,seattle,2026-07-25,20260725T160654887365-0400,,,eq,72,73,0.86632928,0.852551469
C,seattle,2026-07-25,20260725T170131639060-0400,,,eq,72,73,0.707131235,0.620716319
C,seattle,2026-07-25,20260725T180516038420-0400,,,eq,72,73,0.670063952,0.936749796
C,seattle,2026-07-25,20260725T190005045347-0400,,,eq,72,73,0.968944718,0.974001672
C,seattle,2026-07-25,20260725T200403552960-0400,,,eq,72,73,0.983629062,0.981959952
C,seattle,2026-07-25,20260725T210800371114-0400,,,eq,72,73,0.987231194,0.987239305
C,seattle,2026-07-25,20260725T220259620391-0400,,,eq,72,73,0.99651146,0.997037609
C,seattle,2026-07-25,20260725T230056998796-0400,,,eq,72,73,0.996412661,0.996204025
C,seattle,2026-07-25,20260726T000713465536-0400,,,eq,72,73,0.996402058,0.996193449
C,seattle,2026-07-25,20260726T010231656375-0400,,,eq,72,73,0.993615586,0.993106031
C,seattle,2026-07-25,20260726T020701256498-0400,,,eq,72,73,0.993608449,0.993098954
C,seattle,2026-07-26,20260726T030056019244-0400,,,eq,72,73,0.345323744,0.362805493
C,seattle,2026-07-26,20260726T040457131282-0400,,,eq,72,73,0.598530081,0.362805493
C,seattle,2026-07-26,20260726T050128591348-0400,,,eq,72,73,0.566682028,0.359166954
C,seattle,2026-07-26,20260726T060845094596-0400,,,eq,72,73,0.366404596,0.395332075
C,seattle,2026-07-26,20260726T070323242328-0400,,,eq,72,73,0.217135533,0.394541147
C,seattle,2026-07-26,20260726T080706721147-0400,,,eq,72,73,0.283370221,0.265103932
C,seattle,2026-07-26,20260726T090138649339-0400,,,eq,72,73,0.252505824,0.263250774
C,seattle,2026-07-26,20260726T100526800090-0400,,,eq,72,73,0.142976636,0.366775501
C,seattle,2026-07-26,20260726T110003934141-0400,,,eq,72,73,0.554124593,0.620444866
C,seattle,2026-07-26,20260726T120346296164-0400,,,eq,72,73,0.279592928,0.332244252
C,seattle,2026-07-26,20260726T130736831068-0400,,,eq,72,73,0.294408716,0.355447412
C,seattle,2026-07-26,20260726T140219434629-0400,,,eq,72,73,0.428145254,0.399838878
C,seattle,2026-07-26,20260726T150606164948-0400,,,eq,72,73,0.324985439,0.402464828
C,seattle,2026-07-26,20260726T160100810600-0400,,,eq,72,73,0.115549179,0.402765635
C,seattle,2026-07-26,20260726T170445477100-0400,,,eq,72,73,0.34681403,0.459930267
C,seattle,2026-07-26,20260726T180832612157-0400,,,eq,72,73,0.37581156,0.719697636
C,seattle,2026-07-26,20260726T190312802570-0400,,,eq,72,73,0.55592048,0.824552689
C,seattle,2026-07-26,20260726T200706785542-0400,,,eq,72,73,0.352970946,0.390202513
C,seattle,2026-07-26,20260726T210149905084-0400,,,eq,72,73,0.723146072,0.721671824
C,seattle,2026-07-26,20260726T220554145995-0400,,,eq,72,73,0.853174383,0.876000114
C,seattle,2026-07-26,20260726T230100070198-0400,,,eq,72,73,0.733959421,0.706621024
C,seattle,2026-07-26,20260727T000520537721-0400,,,eq,72,73,0.743695309,0.71814587
C,seattle,2026-07-26,20260727T010058808658-0400,,,eq,72,73,0.743696888,0.71814744
C,seattle,2026-07-26,20260727T020521024346-0400,,,eq,72,73,0.868848156,0.853890495
C,seattle,2026-07-27,20260727T030046554190-0400,,,eq,78,79,0.15963671,0.134316532
C,seattle,2026-07-27,20260727T040438745920-0400,,,eq,78,79,0.170997373,0.144269525
C,seattle,2026-07-27,20260727T050234236810-0400,,,eq,78,79,0.180005583,0.147077195
C,seattle,2026-07-27,20260727T060653805894-0400,,,eq,78,79,0.178032547,0.147077195
C,seattle,2026-07-27,20260727T070147529743-0400,,,eq,78,79,0.190438234,0.139786599
C,seattle,2026-07-27,20260727T080532970784-0400,,,eq,78,79,0.191986061,0.147077195
C,seattle,2026-07-27,20260727T090013540455-0400,,,eq,78,79,0.165069137,0.144269525
C,seattle,2026-07-27,20260727T100356084860-0400,,,eq,78,79,0.160386139,0.140890863
C,seattle,2026-07-27,20260727T110744234979-0400,,,eq,78,79,0.154575853,0.170507308
C,seattle,2026-07-27,20260727T120220574006-0400,,,eq,78,79,0.356677997,0.143726028
C,seattle,2026-07-27,20260727T130620623665-0400,,,eq,78,79,0.221513764,0.126329128
C,seattle,2026-07-27,20260727T140101660413-0400,,,eq,78,79,0.195453747,0.16693471
C,seattle,2026-07-27,20260727T150454247715-0400,,,eq,78,79,0.376211048,0.140661607
C,seattle,2026-07-27,20260727T160847678905-0400,,,eq,78,79,0.183452739,0.145282454
C,seattle,2026-07-27,20260727T170322248337-0400,,,eq,78,79,0.630759246,0.464260732
C,seattle,2026-07-27,20260727T180714172769-0400,,,eq,78,79,0.232927829,0.205483255
C,seattle,2026-07-27,20260727T190201585511-0400,,,eq,78,79,0.582388168,0.63670477
C,seattle,2026-07-27,20260727T200552072965-0400,,,eq,78,79,0.794177104,0.655747767
C,seattle,2026-07-27,20260727T210041954483-0400,,,eq,78,79,0.91030294,0.904642121
C,seattle,2026-07-27,20260727T220503858459-0400,,,eq,78,79,0.942452162,0.959256949
C,seattle,2026-07-27,20260727T230022808300-0400,,,eq,78,79,0.912540754,0.873242071
C,seattle,2026-07-27,20260728T000444077695-0400,,,eq,78,79,0.911921471,0.870090502
C,seattle,2026-07-27,20260728T010600686849-0400,,,eq,78,79,0.809677896,0.848876161
C,seattle,2026-07-27,20260728T020407761071-0400,,,eq,78,79,0.911614032,0.869483643
C,seattle,2026-07-28,20260728T030038068469-0400,,,eq,72,73,0.300916058,0.296901282
C,seattle,2026-07-28,20260728T040424564424-0400,,,eq,72,73,0.458443864,0.440677042
C,seattle,2026-07-28,20260728T050031799635-0400,,,eq,72,73,0.196462485,0.22019472
C,seattle,2026-07-28,20260728T060418556834-0400,,,eq,72,73,0.542070509,0.572934948
C,seattle,2026-07-28,20260728T070810965658-0400,,,eq,72,73,0.310783874,0.572934948
C,seattle,2026-07-28,20260728T080250522669-0400,,,eq,72,73,0.139233509,0.354902258
C,seattle,2026-07-28,20260728T090646597380-0400,,,eq,72,73,0.310783874,0.572934948
C,seattle,2026-07-28,20260728T100119775026-0400,,,eq,72,73,0.552025347,0.584166361
C,seattle,2026-07-28,20260728T110019114532-0400,,,eq,72,73,0.526762487,0.593163591
C,seattle,2026-07-28,20260728T120852412239-0400,,,eq,72,73,0.220166345,0.245134294
C,seattle,2026-07-28,20260728T130327980324-0400,,,eq,72,73,0.549862624,0.370912059
C,seattle,2026-07-28,20260728T140725577906-0400,,,eq,72,73,0.660751394,0.652512251
C,seattle,2026-07-28,20260728T150209537085-0400,,,eq,72,73,0.751271995,0.741264171
C,seattle,2026-07-28,20260728T160603950418-0400,,,eq,72,73,0.885632607,0.887064381
C,seattle,2026-07-28,20260728T170040494538-0400,,,eq,72,73,0.494792163,0.613058265
C,seattle,2026-07-28,20260728T180430136346-0400,,,eq,72,73,0.616792134,0.907491905
C,seattle,2026-07-28,20260728T190013493914-0400,,,eq,72,73,0.177985524,0.202183053
C,seattle,2026-07-28,20260728T200255035096-0400,,,eq,72,73,0.63791275,0.583007426
C,seattle,2026-07-28,20260728T210646860799-0400,,,eq,72,73,0.910448358,0.910184648
C,seattle,2026-07-28,20260728T220202793547-0400,,,eq,72,73,0.949219603,0.959496118
C,seattle,2026-07-28,20260728T230631101835-0400,,,eq,72,73,0.954347288,0.949583117
C,seattle,2026-07-28,20260729T000145122726-0400,,,eq,72,73,0.91460113,0.905285987
C,seattle,2026-07-28,20260729T010617772898-0400,,,eq,72,73,0.881774879,0.867756173
C,seattle,2026-07-28,20260729T020241583985-0400,,,eq,72,73,0.881682965,0.867673737
C,seattle,2026-07-29,20260729T030240437890-0400,,,eq,74,75,0.190967614,0.405849988
C,seattle,2026-07-29,20260729T040630048441-0400,,,eq,74,75,0.19214301,0.405849988
C,seattle,2026-07-29,20260729T050424124818-0400,,,eq,74,75,0.131251609,0.314794986
C,seattle,2026-07-29,20260729T060809018950-0400,,,eq,74,75,0.385736147,0.416150772
C,seattle,2026-07-29,20260729T070244861005-0400,,,eq,74,75,0.219647773,0.416150772
C,seattle,2026-07-29,20260729T080630701733-0400,,,eq,74,75,0.213641645,0.407088615
C,seattle,2026-07-29,20260729T090109941198-0400,,,eq,74,75,0.213641645,0.407088615
C,seattle,2026-07-29,20260729T100453713152-0400,,,eq,74,75,0.201072344,0.405849988
C,seattle,2026-07-29,20260729T110838838693-0400,,,eq,74,75,0.10022799,0.127645719
C,seattle,2026-07-29,20260729T120327831456-0400,,,eq,74,75,0.120920405,0.158784885
C,seattle,2026-07-29,20260729T130710214039-0400,,,eq,74,75,0.0924509975,0.0729201829
C,seattle,2026-07-29,20260729T140044200205-0400,,,eq,74,75,0.0776236353,0.130599006
C,seattle,2026-07-29,20260729T150547425607-0400,,,eq,74,75,0.213078501,0.259249847
C,seattle,2026-07-29,20260729T160031415514-0400,,,eq,74,75,0.285132228,0.156508463
C,seattle,2026-07-29,20260729T170413667783-0400,,,eq,74,75,0.603582165,0.318518748
C,seattle,2026-07-29,20260729T180759205225-0400,,,eq,74,75,0.272839384,0.378293583
C,seattle,2026-07-29,20260729T190239442668-0400,,,eq,74,75,0.39014343,0.269950745
C,seattle,2026-07-29,20260729T200626863400-0400,,,eq,74,75,0.683957611,0.641250184
C,seattle,2026-07-29,20260729T210105912232-0400,,,eq,74,75,0.662806587,0.66949149
C,seattle,2026-07-29,20260729T220630746270-0400,,,eq,74,75,0.791440888,0.785408117
C,seattle,2026-07-29,20260729T230228754078-0400,,,eq,74,75,0.818030215,0.816748264
C,seattle,2026-07-29,20260730T000718038660-0400,,,eq,74,75,0.827832563,0.826527843
C,seattle,2026-07-29,20260730T010242695106-0400,,,eq,74,75,0.827151729,0.825849779
C,seattle,2026-07-29,20260730T020711764574-0400,,,eq,74,75,0.898301888,0.897894017
C,seattle,2026-07-30,20260730T030132183220-0400,,,eq,78,79,0.112425149,0.0939995283
C,seattle,2026-07-30,20260730T040524080272-0400,,,eq,78,79,0.061938538,0.0518083241
C,seattle,2026-07-30,20260730T050100522331-0400,,,eq,78,79,0.061938538,0.0518083241
C,seattle,2026-07-30,20260730T060037933698-0400,,,eq,78,79,0.061938538,0.0518083241
C,seattle,2026-07-30,20260730T070011475624-0400,,,eq,78,79,0.0449991237,0.0379524507
C,seattle,2026-07-30,20260730T080408394995-0400,,,eq,78,79,0.0449693932,0.0379524507
C,seattle,2026-07-30,20260730T090757389212-0400,,,eq,78,79,0.0667595311,0.0371681482
C,seattle,2026-07-30,20260730T100238091161-0400,,,eq,78,79,0.0554325485,0.0518083241
C,seattle,2026-07-30,20260730T110625278269-0400,,,eq,78,79,0.0337625423,0.0316546914
C,seattle,2026-07-30,20260730T120102780809-0400,,,eq,78,79,0.0407703552,0.0487169772
C,seattle,2026-07-30,20260730T130444522448-0400,,,eq,78,79,0.124821966,0.0386649061
C,seattle,2026-07-30,20260730T140057425739-0400,,,eq,78,79,0.0900618232,0.102032313
C,seattle,2026-07-30,20260730T150329456400-0400,,,eq,78,79,0.05913703,0.0860683546
C,seattle,2026-07-30,20260730T160726909900-0400,,,eq,78,79,0.0649934705,0.0849533096
C,seattle,2026-07-30,20260730T170205082487-0400,,,eq,78,79,0.188179143,0.347301323
C,seattle,2026-07-30,20260730T180550564365-0400,,,eq,78,79,0.0354279763,0.0561870117
C,seattle,2026-07-30,20260730T190032239262-0400,,,eq,78,79,0.267285344,0.373721548
C,seattle,2026-07-30,20260730T200421648561-0400,,,eq,78,79,0.277897225,0.340953625
C,seattle,2026-07-30,20260730T210806284152-0400,,,eq,78,79,0.608292867,0.710004597
C,seattle,2026-07-30,20260730T220312143471-0400,,,eq,78,79,0.853356544,0.863981787
C,seattle,2026-07-30,20260730T230750147506-0400,,,eq,78,79,0.862407264,0.905731354
C,seattle,2026-07-30,20260731T000305766862-0400,,,eq,78,79,0.860356999,0.90082232
C,seattle,2026-07-30,20260731T010724644948-0400,,,eq,78,79,0.858327736,0.898192442
C,seattle,2026-07-30,20260731T020258398916-0400,,,eq,78,79,0.857375532,0.897230899
C,toronto,2026-07-01,20260701T000103-0400,,,eq,36,36,0.0040607741,0.0040607741
C,toronto,2026-07-01,20260701T010100-0400,,,eq,36,36,0.00559604572,0.0055331399
C,toronto,2026-07-01,20260701T020807-0400,,,eq,36,36,0.00687876236,0.00678464842
C,toronto,2026-07-01,20260701T030231-0400,,,eq,36,36,0.00545373845,0.00543780498
C,toronto,2026-07-01,20260701T040602-0400,,,eq,36,36,0.00509973904,0.00543433246
C,toronto,2026-07-01,20260701T050025-0400,,,eq,36,36,0.00387631668,0.00443871706
C,toronto,2026-07-01,20260701T060406-0400,,,eq,36,36,0.00386475945,0.00444822017
C,toronto,2026-07-01,20260701T070735-0400,,,eq,36,36,0.00386475945,0.00444822017
C,toronto,2026-07-01,20260701T080155-0400,,,eq,36,36,0.00264449975,0.00363586275
C,toronto,2026-07-01,20260701T090157-0400,,,eq,36,36,0.00190094486,0.00205696756
C,toronto,2026-07-01,20260701T100402-0400,,,eq,36,36,0.00042704092,0.000506087743
C,toronto,2026-07-01,20260701T110152-0400,,,eq,36,36,0.0056005314,0.00521169734
C,toronto,2026-07-01,20260701T120042-0400,,,eq,36,36,0.00168150726,0.00231325752
C,toronto,2026-07-01,20260701T130712-0400,,,eq,36,36,0.0206327505,0.0126870168
C,toronto,2026-07-01,20260701T140549-0400,,,eq,36,36,0.0202046603,0.0125320981
C,toronto,2026-07-01,20260701T150034-0400,,,eq,36,36,0.0438159179,0.0407759535
C,toronto,2026-07-01,20260701T160637-0400,,,eq,36,36,0.758896263,0.758896263
C,toronto,2026-07-01,20260701T170459-0400,,,eq,36,36,0.727666419,0.727666481
C,toronto,2026-07-01,20260701T180835-0400,,,eq,36,36,0.745245806,0.745245973
C,toronto,2026-07-01,20260701T190136-0400,,,eq,36,36,0.820642162,0.820642162
C,toronto,2026-07-01,20260701T200532-0400,,,eq,36,36,0.820642162,0.820642162
C,toronto,2026-07-01,20260701T210011-0400,,,eq,36,36,0.820642162,0.820642162
C,toronto,2026-07-01,20260701T220400-0400,,,eq,36,36,0.820642162,0.820642162
C,toronto,2026-07-01,20260701T230754-0400,,,eq,36,36,0.820642162,0.820642162
C,toronto,2026-07-02,20260702T000133-0400,,,eq,34,34,0.0332036582,0.0332036582
C,toronto,2026-07-02,20260702T010500-0400,,,eq,34,34,0.042371892,0.0422882626
C,toronto,2026-07-02,20260702T020832-0400,,,eq,34,34,0.0407638218,0.0416896562
C,toronto,2026-07-02,20260702T030305-0400,,,eq,34,34,0.0407043691,0.0416896562
C,toronto,2026-07-02,20260702T040647-0400,,,eq,34,34,0.0409716149,0.0414608528
C,toronto,2026-07-02,20260702T050109-0400,,,eq,34,34,0.0439060422,0.0429948715
C,toronto,2026-07-02,20260702T060438-0400,,,eq,34,34,0.0431185819,0.0439339815
C,toronto,2026-07-02,20260702T070803-0400,,,eq,34,34,0.0460290817,0.0467286925
C,toronto,2026-07-02,20260702T080235-0400,,,eq,34,34,0.0488506607,0.0827129906
C,toronto,2026-07-02,20260702T090607-0400,,,eq,34,34,0.0651748079,0.0571612482
C,toronto,2026-07-02,20260702T100308-0400,,,eq,34,34,0.144645493,0.199918883
C,toronto,2026-07-02,20260702T110426-0400,,,eq,34,34,0.16846149,0.272126018
C,toronto,2026-07-02,20260702T120045-0400,,,eq,34,34,0.148708807,0.490240202
C,toronto,2026-07-02,20260702T130430-0400,,,eq,34,34,0.615725407,0.679043177
C,toronto,2026-07-02,20260702T140818-0400,,,eq,34,34,0.835400015,0.83571011
C,toronto,2026-07-02,20260702T150317-0400,,,eq,34,34,0.976509119,0.964409586
C,toronto,2026-07-02,20260702T160644-0400,,,eq,34,34,0.844327865,0.856066753
C,toronto,2026-07-02,20260702T170112-0400,,,eq,34,34,0.768554463,0.768994283
C,toronto,2026-07-02,20260702T181446-0400,,,eq,34,34,0.864154197,0.872964391
C,toronto,2026-07-02,20260702T190045-0400,,,eq,34,34,0.961738999,0.974056272
C,toronto,2026-07-02,20260702T200442-0400,,,eq,34,34,0.99428616,0.992552348
C,toronto,2026-07-02,20260702T210850-0400,,,eq,34,34,0.991581621,0.992552473
C,toronto,2026-07-02,20260702T220027-0400,,,eq,34,34,0.991581621,0.992552473
C,toronto,2026-07-02,20260702T230345-0400,,,eq,34,34,0.991581592,0.992552446
C,toronto,2026-07-03,20260703T000604-0400,,,eq,35,35,2.70885673e-05,2.56191954e-05
C,toronto,2026-07-03,20260703T010931-0400,,,eq,35,35,2.8230194e-05,2.4464233e-05
C,toronto,2026-07-03,20260703T021706-0400,,,eq,35,35,0.000157614489,0.000158069878
C,toronto,2026-07-03,20260703T030308-0400,,,eq,35,35,0.00198338789,0.00199303001
C,toronto,2026-07-03,20260703T040112-0400,,,eq,35,35,0.00244107422,0.0019731713
C,toronto,2026-07-03,20260703T050134-0400,,,eq,35,35,0.00204693223,0.00161379055
C,toronto,2026-07-03,20260703T060110-0400,,,eq,35,35,0.00212515334,0.00161358096
C,toronto,2026-07-03,20260703T070207-0400,,,eq,35,35,0.00557329459,0.00553507795
C,toronto,2026-07-03,20260703T080107-0400,,,eq,35,35,0.0154449067,0.0145805311
C,toronto,2026-07-03,20260703T090108-0400,,,eq,35,35,0.108723179,0.00793193104
C,toronto,2026-07-03,20260703T100513-0400,,,eq,35,35,0.00314080671,0.00134070434
C,toronto,2026-07-03,20260703T110050-0400,,,eq,35,35,0.0013680303,0.00152926439
C,toronto,2026-07-03,20260703T120758-0400,,,eq,35,35,0.00486864537,0.0180366912
C,toronto,2026-07-03,20260703T130334-0400,,,eq,35,35,0.00634178637,0.0143410903
C,toronto,2026-07-03,20260703T140135-0400,,,eq,35,35,0.0505772847,0.0667770694
C,toronto,2026-07-03,20260703T152005-0400,,,eq,35,35,0.918761334,0.9636759
C,toronto,2026-07-03,20260703T161018-0400,,,eq,35,35,0.898613284,0.949474691
C,toronto,2026-07-03,20260703T170349-0400,,,eq,35,35,0.84848035,0.866614823
C,toronto,2026-07-03,20260703T182740-0400,,,eq,35,35,0.898053594,0.902554405
C,toronto,2026-07-03,20260703T190507-0400,,,eq,35,35,0.99802689,0.994952478
C,toronto,2026-07-03,20260703T205118072791-0400,,,eq,35,35,0.967797349,0.982891028
C,toronto,2026-07-03,20260703T210446318703-0400,,,eq,35,35,0.967797349,0.982891028
C,toronto,2026-07-03,20260703T225850786996-0400,,,eq,35,35,0.967797349,0.982891028
C,toronto,2026-07-03,20260703T232341725603-0400,,,eq,35,35,0.981391228,0.990177995
C,toronto,2026-07-04,20260704T000046413171-0400,,,lte,27,27,0.730698849,0.730698849
C,toronto,2026-07-04,20260704T010106981646-0400,,,lte,27,27,0.174636296,0.131724816
C,toronto,2026-07-04,20260704T020800161843-0400,,,lte,27,27,0.141588655,0.108405646
C,toronto,2026-07-04,20260704T030242711680-0400,,,lte,27,27,0.17897807,0.107068527
C,toronto,2026-07-04,20260704T040205732012-0400,,,lte,27,27,0.196228109,0.172497001
C,toronto,2026-07-04,20260704T050054040567-0400,,,lte,27,27,0.128724416,0.083770758
C,toronto,2026-07-04,20260704T060427336858-0400,,,lte,27,27,0.132032983,0.083744229
C,toronto,2026-07-04,20260704T070206379644-0400,,,lte,27,27,0.153803154,0.0848320372
C,toronto,2026-07-04,20260704T080206161434-0400,,,lte,27,27,0.184177856,0.10111253
C,toronto,2026-07-04,20260704T090609052244-0400,,,lte,27,27,0.220930053,0.199591423
C,toronto,2026-07-04,20260704T100254933084-0400,,,lte,27,27,0.565258662,0.370875953
C,toronto,2026-07-04,20260704T110329463889-0400,,,lte,27,27,0.0848786344,0.170671945
C,toronto,2026-07-04,20260704T120822411327-0400,,,lte,27,27,0.486637594,0.446394831
C,toronto,2026-07-04,20260704T131618596614-0400,,,lte,27,27,0.906555619,0.798680362
C,toronto,2026-07-04,20260704T140529449000-0400,,,lte,27,27,0.617836044,0.519038599
C,toronto,2026-07-04,20260704T152200218239-0400,,,lte,27,27,0.78290207,0.624278432
C,toronto,2026-07-04,20260704T160154562399-0400,,,lte,27,27,0.873015492,0.813334365
C,toronto,2026-07-04,20260704T170235110565-0400,,,lte,27,27,0.699925878,0.443370826
C,toronto,2026-07-04,20260704T180739443636-0400,,,lte,27,27,0.904639093,0.904640892
C,toronto,2026-07-04,20260704T190209624893-0400,,,lte,27,27,0.996286293,0.996287962
C,toronto,2026-07-04,20260704T200551337337-0400,,,lte,27,27,0.996286139,0.996286668
C,toronto,2026-07-04,20260704T210016813457-0400,,,lte,27,27,0.996282786,0.996286581
C,toronto,2026-07-04,20260704T220406613705-0400,,,lte,27,27,0.996282786,0.996286581
C,toronto,2026-07-04,20260704T230740355235-0400,,,lte,27,27,0.996282786,0.996286581
C,toronto,2026-07-05,20260705T000139042128-0400,,,eq,26,26,0.146227347,0.148525684
C,toronto,2026-07-05,20260705T010513147419-0400,,,eq,26,26,0.156199658,0.148617127
C,toronto,2026-07-05,20260705T020844771357-0400,,,eq,26,26,0.19845891,0.182767544
C,toronto,2026-07-05,20260705T030140071087-0400,,,eq,26,26,0.385735907,0.235344312
C,toronto,2026-07-05,20260705T040640704763-0400,,,eq,26,26,0.514588191,0.301168022
C,toronto,2026-07-05,20260705T050101697501-0400,,,eq,26,26,0.573743902,0.375151171
C,toronto,2026-07-05,20260705T060425702027-0400,,,eq,26,26,0.566403078,0.371917621
C,toronto,2026-07-05,20260705T070805807670-0400,,,eq,26,26,0.507012646,0.380296754
C,toronto,2026-07-05,20260705T080243165952-0400,,,eq,26,26,0.716903114,0.464399534
C,toronto,2026-07-05,20260705T090612169784-0400,,,eq,26,26,0.796358961,0.789975991
C,toronto,2026-07-05,20260705T101205009260-0400,,,eq,26,26,0.326566393,0.453010464
C,toronto,2026-07-05,20260705T110456216895-0400,,,eq,26,26,0.189495124,0.341968271
C,toronto,2026-07-05,20260705T120023875833-0400,,,eq,26,26,0.41406363,0.484501215
C,toronto,2026-07-05,20260705T130354935905-0400,,,eq,26,26,0.940712119,0.867970805
C,toronto,2026-07-05,20260705T140732924046-0400,,,eq,26,26,0.922520047,0.926820801
C,toronto,2026-07-05,20260705T150210972932-0400,,,eq,26,26,0.617946843,0.610020643
C,toronto,2026-07-05,20260705T160324090085-0400,,,eq,26,26,0.949324409,0.954991909
C,toronto,2026-07-05,20260705T170021187353-0400,,,eq,26,26,0.878089336,0.877466912
C,toronto,2026-07-05,20260705T180811599766-0400,,,eq,26,26,0.89901517,0.899081244
C,toronto,2026-07-05,20260705T190630807502-0400,,,eq,26,26,0.99024569,0.990241937
C,toronto,2026-07-05,20260705T202739871346-0400,,,eq,26,26,0.995668541,0.99566853
C,toronto,2026-07-05,20260705T210415613245-0400,,,eq,26,26,0.995668541,0.99566853
C,toronto,2026-07-05,20260705T220011340764-0400,,,eq,26,26,0.995668541,0.99566853
C,toronto,2026-07-05,20260705T233536464091-0400,,,eq,26,26,0.995668541,0.99566853
C,toronto,2026-07-07,20260707T001657263858-0400,,,eq,27,27,0.144995222,0.128676897
C,toronto,2026-07-07,20260707T010544934317-0400,,,eq,27,27,0.194420892,0.132617373
C,toronto,2026-07-07,20260707T020148691410-0400,,,eq,27,27,0.170040278,0.138257637
C,toronto,2026-07-07,20260707T030730785901-0400,,,eq,27,27,0.146226187,0.134410592
C,toronto,2026-07-07,20260707T040203228678-0400,,,eq,27,27,0.10038216,0.0945808451
C,toronto,2026-07-07,20260707T050538402519-0400,,,eq,27,27,0.146650514,0.135114005
C,toronto,2026-07-07,20260707T060859013497-0400,,,eq,27,27,0.151130203,0.142988048
C,toronto,2026-07-07,20260707T070325479341-0400,,,eq,27,27,0.147144979,0.130079347
C,toronto,2026-07-07,20260707T080225122004-0400,,,eq,27,27,0.0709779692,0.0875236845
C,toronto,2026-07-07,20260707T090126496949-0400,,,eq,27,27,0.0479796094,0.0406062493
C,toronto,2026-07-07,20260707T102149181606-0400,,,eq,27,27,0.144663227,0.114011309
C,toronto,2026-07-07,20260707T110818256017-0400,,,eq,27,27,0.0585539304,0.15499439
C,toronto,2026-07-07,20260707T120750100887-0400,,,eq,27,27,0.0878991396,0.183633623
C,toronto,2026-07-07,20260707T130252547994-0400,,,eq,27,27,0.0491528165,0.0701687639
C,toronto,2026-07-07,20260707T140615137993-0400,,,eq,27,27,0.0370511288,0.0460590676
C,toronto,2026-07-07,20260707T150747000784-0400,,,eq,27,27,0.058113857,0.0495255138
C,toronto,2026-07-07,20260707T160312980746-0400,,,eq,27,27,0.0221092937,0.0183844539
C,toronto,2026-07-07,20260707T170413247459-0400,,,eq,27,27,0.802346156,0.719525972
C,toronto,2026-07-07,20260707T180144820476-0400,,,eq,27,27,0.902131222,0.9021354
C,toronto,2026-07-07,20260707T190143680786-0400,,,eq,27,27,0.993604225,0.993604427
C,toronto,2026-07-07,20260707T200509551157-0400,,,eq,27,27,0.993601384,0.993601257
C,toronto,2026-07-07,20260707T210745702725-0400,,,eq,27,27,0.996043542,0.996043489
C,toronto,2026-07-07,20260707T220331596223-0400,,,eq,27,27,0.996043542,0.996043489
C,toronto,2026-07-07,20260707T230729634183-0400,,,eq,27,27,0.996043542,0.996043489
C,toronto,2026-07-08,20260708T000210096095-0400,,,eq,29,29,0.0529014727,0.0593530662
C,toronto,2026-07-08,20260708T010548790569-0400,,,eq,29,29,0.050423647,0.0593530662
C,toronto,2026-07-08,20260708T020025169980-0400,,,eq,29,29,0.0520365406,0.0593530662
C,toronto,2026-07-08,20260708T030145873725-0400,,,eq,29,29,0.0414930754,0.0538268229
C,toronto,2026-07-08,20260708T040728748634-0400,,,eq,29,29,0.0857831053,0.0829064994
C,toronto,2026-07-08,20260708T050153005264-0400,,,eq,29,29,0.0957949806,0.0807876755
C,toronto,2026-07-08,20260708T060146592118-0400,,,eq,29,29,0.100984897,0.0807619492
C,toronto,2026-07-08,20260708T070146422319-0400,,,eq,29,29,0.0367418406,0.0489990057
C,toronto,2026-07-08,20260708T080147744695-0400,,,eq,29,29,0.154876195,0.143235262
C,toronto,2026-07-08,20260708T090152749318-0400,,,eq,29,29,0.0458721105,0.0474428967
C,toronto,2026-07-08,20260708T101003753387-0400,,,eq,29,29,0.239359545,0.220276533
C,toronto,2026-07-08,20260708T110926849770-0400,,,eq,29,29,0.33746364,0.256555789
C,toronto,2026-07-08,20260708T120312294768-0400,,,eq,29,29,0.160646603,0.17729065
C,toronto,2026-07-08,20260708T130421460746-0400,,,eq,29,29,0.689640544,0.851384071
C,toronto,2026-07-08,20260708T140702251623-0400,,,eq,29,29,0.714789904,0.841727028
C,toronto,2026-07-08,20260708T150134500568-0400,,,eq,29,29,0.83759698,0.920667507
C,toronto,2026-07-08,20260708T160144859085-0400,,,eq,29,29,0.904262241,0.933811192
C,toronto,2026-07-08,20260708T170307224207-0400,,,eq,29,29,0.879511208,0.879535033
C,toronto,2026-07-08,20260708T180014606079-0400,,,eq,29,29,0.901131293,0.90100433
C,toronto,2026-07-08,20260708T190338406193-0400,,,eq,29,29,0.993592071,0.993616297
C,toronto,2026-07-08,20260708T200141896155-0400,,,eq,29,29,0.993596822,0.993607992
C,toronto,2026-07-08,20260708T210830216510-0400,,,eq,29,29,0.995770595,0.995783662
C,toronto,2026-07-08,20260708T220131365023-0400,,,eq,29,29,0.995770595,0.995783662
C,toronto,2026-07-08,20260708T230541030792-0400,,,eq,29,29,0.995770595,0.995783662
C,toronto,2026-07-09,20260709T000030885822-0400,,,eq,29,29,0.0838127442,0.0838127442
C,toronto,2026-07-09,20260709T010407327630-0400,,,eq,29,29,0.0987440742,0.142159984
C,toronto,2026-07-09,20260709T020738471212-0400,,,eq,29,29,0.0848033172,0.140178455
C,toronto,2026-07-09,20260709T030223130296-0400,,,eq,29,29,0.0848033172,0.140178455
C,toronto,2026-07-09,20260709T040546467847-0400,,,eq,29,29,0.0975008826,0.134466841
C,toronto,2026-07-09,20260709T050020214554-0400,,,eq,29,29,0.111437859,0.123684826
C,toronto,2026-07-09,20260709T060340421627-0400,,,eq,29,29,0.116618585,0.123193585
C,toronto,2026-07-09,20260709T070136389528-0400,,,eq,29,29,0.103891256,0.128935244
C,toronto,2026-07-09,20260709T080134168054-0400,,,eq,29,29,0.358096776,0.288386828
C,toronto,2026-07-09,20260709T090042323427-0400,,,eq,29,29,0.287086716,0.29340121
C,toronto,2026-07-09,20260709T100144335565-0400,,,eq,29,29,0.157810166,0.384016086
C,toronto,2026-07-09,20260709T110428274767-0400,,,eq,29,29,0.751649539,0.268146012
C,toronto,2026-07-09,20260709T120226699979-0400,,,eq,29,29,0.265098424,0.276379451
C,toronto,2026-07-09,20260709T130904954423-0400,,,eq,29,29,0.91906147,0.926319878
C,toronto,2026-07-09,20260709T141428298622-0400,,,eq,29,29,0.790159119,0.884697271
C,toronto,2026-07-09,20260709T150557220422-0400,,,eq,29,29,0.816299101,0.756248316
C,toronto,2026-07-09,20260709T160753931754-0400,,,eq,29,29,0.857111682,0.889194304
C,toronto,2026-07-09,20260709T170308453327-0400,,,eq,29,29,0.879746519,0.879705437
C,toronto,2026-07-09,20260709T180522886634-0400,,,eq,29,29,0.901199461,0.90056614
C,toronto,2026-07-09,20260709T193121069663-0400,,,eq,29,29,0.993862256,0.993848028
C,toronto,2026-07-09,20260709T200438354050-0400,,,eq,29,29,0.993402925,0.993378737
C,toronto,2026-07-09,20260709T211857338595-0400,,,eq,29,29,0.993889521,0.993378739
C,toronto,2026-07-09,20260709T220752773672-0400,,,eq,29,29,0.993889521,0.993378739
C,toronto,2026-07-09,20260709T230715697035-0400,,,eq,29,29,0.993889521,0.993378739
C,toronto,2026-07-10,20260710T000219150982-0400,,,eq,26,26,0.235852676,0.151460317
C,toronto,2026-07-10,20260710T010646668822-0400,,,eq,26,26,0.205096364,0.151460317
C,toronto,2026-07-10,20260710T020508021249-0400,,,eq,26,26,0.21337135,0.134459402
C,toronto,2026-07-10,20260710T030901622862-0400,,,eq,26,26,0.24088508,0.133943977
C,toronto,2026-07-10,20260710T040518692614-0400,,,eq,26,26,0.229439184,0.128037355
C,toronto,2026-07-10,20260710T050056167059-0400,,,eq,26,26,0.219229281,0.122450267
C,toronto,2026-07-10,20260710T060715916060-0400,,,eq,26,26,0.218090326,0.12466937
C,toronto,2026-07-10,20260710T070153776685-0400,,,eq,26,26,0.217648674,0.12466937
C,toronto,2026-07-10,20260710T080444365486-0400,,,eq,26,26,0.166227386,0.108855858
C,toronto,2026-07-10,20260710T090343234754-0400,,,eq,26,26,0.296393505,0.432037135
C,toronto,2026-07-10,20260710T103651992061-0400,,,eq,26,26,0.186789435,0.187699626
C,toronto,2026-07-10,20260710T110654599445-0400,,,eq,26,26,0.0523903247,0.152196149
C,toronto,2026-07-10,20260710T120059818295-0400,,,eq,26,26,0.23455598,0.130433575
C,toronto,2026-07-10,20260710T130107979915-0400,,,eq,26,26,0.813369536,0.853776271
C,toronto,2026-07-10,20260710T140539650676-0400,,,eq,26,26,0.88176722,0.898095035
C,toronto,2026-07-10,20260710T150337902682-0400,,,eq,26,26,0.874121168,0.907682563
C,toronto,2026-07-10,20260710T160055813349-0400,,,eq,26,26,0.937828613,0.946671258
C,toronto,2026-07-10,20260710T170153052893-0400,,,eq,26,26,0.87060402,0.872152465
C,toronto,2026-07-10,20260710T181543189609-0400,,,eq,26,26,0.894359195,0.894360331
C,toronto,2026-07-10,20260710T190145933137-0400,,,eq,26,26,0.984844173,0.984843238
C,toronto,2026-07-10,20260710T200116959697-0400,,,eq,26,26,0.984838763,0.984841835
C,toronto,2026-07-10,20260710T212749911920-0400,,,eq,26,26,0.98893901,0.988946236
C,toronto,2026-07-10,20260710T223505307716-0400,,,eq,26,26,0.98893901,0.988946236
C,toronto,2026-07-10,20260710T230313608033-0400,,,eq,26,26,0.98893901,0.988946236
C,toronto,2026-07-11,20260711T000032090307-0400,,,eq,26,26,0.102811933,0.102811933
C,toronto,2026-07-11,20260711T010054394141-0400,,,eq,26,26,0.0936219351,0.0859976658
C,toronto,2026-07-11,20260711T020338015955-0400,,,eq,26,26,0.175471675,0.15487838
C,toronto,2026-07-11,20260711T031850222104-0400,,,eq,26,26,0.204700982,0.157327813
C,toronto,2026-07-11,20260711T040145926982-0400,,,eq,26,26,0.180293064,0.143441501
C,toronto,2026-07-11,20260711T050120172031-0400,,,eq,26,26,0.113015626,0.120679297
C,toronto,2026-07-11,20260711T060519303671-0400,,,eq,26,26,0.1176433,0.120773051
C,toronto,2026-07-11,20260711T070856402623-0400,,,eq,26,26,0.12835554,0.139384628
C,toronto,2026-07-11,20260711T080346162665-0400,,,eq,26,26,0.193052328,0.116613216
C,toronto,2026-07-11,20260711T090200350347-0400,,,eq,26,26,0.154657007,0.173046061
C,toronto,2026-07-11,20260711T100209229755-0400,,,eq,26,26,0.0596209811,0.0783600089
C,toronto,2026-07-11,20260711T110429970658-0400,,,eq,26,26,0.0439603875,0.0526707665
C,toronto,2026-07-11,20260711T120408089149-0400,,,eq,26,26,0.0735761806,0.204690415
C,toronto,2026-07-11,20260711T130254063429-0400,,,eq,26,26,0.762439151,0.724834005
C,toronto,2026-07-11,20260711T140618363514-0400,,,eq,26,26,0.74032046,0.751932488
C,toronto,2026-07-11,20260711T150624513977-0400,,,eq,26,26,0.857799063,0.866974795
C,toronto,2026-07-11,20260711T160357344253-0400,,,eq,26,26,0.631604499,0.684134814
C,toronto,2026-07-11,20260711T173053853105-0400,,,eq,26,26,0.872648034,0.868034042
C,toronto,2026-07-11,20260711T180731594336-0400,,,eq,26,26,0.896985208,0.896985798
C,toronto,2026-07-11,20260711T190848345310-0400,,,eq,26,26,0.987731528,0.987734522
C,toronto,2026-07-11,20260711T200216541071-0400,,,eq,26,26,0.988769147,0.988771245
C,toronto,2026-07-11,20260711T211308271825-0400,,,eq,26,26,0.988769033,0.988771083
C,toronto,2026-07-11,20260711T221721677420-0400,,,eq,26,26,0.988769033,0.988771083
C,toronto,2026-07-14,20260714T000044861783-0400,,,eq,36,36,0.00403441901,0.00403441901
C,toronto,2026-07-14,20260714T010735630846-0400,,,eq,36,36,0.0044802283,0.0044805881
C,toronto,2026-07-14,20260714T020447644988-0400,,,eq,36,36,0.00547430948,0.00548265129
C,toronto,2026-07-14,20260714T030001410426-0400,,,eq,36,36,0.00548326755,0.00548265129
C,toronto,2026-07-14,20260714T040329219031-0400,,,eq,36,36,0.00539986385,0.00548265129
C,toronto,2026-07-14,20260714T050652276580-0400,,,eq,36,36,0.00742935698,0.00744116859
C,toronto,2026-07-14,20260714T060115916527-0400,,,eq,36,36,0.00742414582,0.00744116859
C,toronto,2026-07-14,20260714T070450452590-0400,,,eq,36,36,0.00739852624,0.0074245604
C,toronto,2026-07-14,20260714T080116189279-0400,,,eq,36,36,0.00646411768,0.00642203271
C,toronto,2026-07-14,20260714T090824015512-0400,,,eq,36,36,0.00467781587,0.00458274387
C,toronto,2026-07-14,20260714T100539466651-0400,,,eq,36,36,0.00190681096,0.00198285414
C,toronto,2026-07-14,20260714T110804557843-0400,,,eq,36,36,0.00157710088,0.00277558301
C,toronto,2026-07-14,20260714T120344511312-0400,,,eq,36,36,0.000957946513,0.00144422637
C,toronto,2026-07-14,20260714T130828301086-0400,,,eq,36,36,0.00846723324,0.012857827
C,toronto,2026-07-14,20260714T140258751204-0400,,,eq,36,36,0.387580058,0.387580058
C,toronto,2026-07-14,20260714T150651830814-0400,,,eq,36,36,0.425532521,0.425532521
C,toronto,2026-07-14,20260714T160128021229-0400,,,eq,36,36,0.476228481,0.476228481
C,toronto,2026-07-14,20260714T170526590637-0400,,,eq,36,36,0.451802009,0.451788375
C,toronto,2026-07-14,20260714T180802009792-0400,,,eq,36,36,0.46270298,0.462702684
C,toronto,2026-07-14,20260714T190157502223-0400,,,eq,36,36,0.669515214,0.669515214
C,toronto,2026-07-14,20260714T200730584595-0400,,,eq,36,36,0.669515214,0.669515214
C,toronto,2026-07-14,20260714T210210151217-0400,,,eq,36,36,0.669515214,0.669515214
C,toronto,2026-07-14,20260714T220539796841-0400,,,eq,36,36,0.669515214,0.669515214
C,toronto,2026-07-14,20260714T230244706400-0400,,,eq,36,36,0.669515214,0.669515214
C,toronto,2026-07-15,20260715T000220787085-0400,,,lte,28,28,0.0855733328,0.084100308
C,toronto,2026-07-15,20260715T010807371412-0400,,,lte,28,28,0.118966778,0.107389491
C,toronto,2026-07-15,20260715T020432727477-0400,,,lte,28,28,0.215203721,0.172507023
C,toronto,2026-07-15,20260715T030012307417-0400,,,lte,28,28,0.234205754,0.172507023
C,toronto,2026-07-15,20260715T040125153103-0400,,,lte,28,28,0.273241016,0.100535702
C,toronto,2026-07-15,20260715T050225490840-0400,,,lte,28,28,0.251969872,0.112120389
C,toronto,2026-07-15,20260715T060155868708-0400,,,lte,28,28,0.250945616,0.113559224
C,toronto,2026-07-15,20260715T070547513356-0400,,,lte,28,28,0.260903686,0.116678994
C,toronto,2026-07-15,20260715T080025721938-0400,,,lte,28,28,0.196170442,0.172779471
C,toronto,2026-07-15,20260715T090426553503-0400,,,lte,28,28,0.0521183245,0.0582297341
C,toronto,2026-07-15,20260715T100807159761-0400,,,lte,28,28,0.0484817768,0.0450733465
C,toronto,2026-07-15,20260715T110229032657-0400,,,lte,28,28,0.0682455623,0.336636414
C,toronto,2026-07-15,20260715T120627084558-0400,,,lte,28,28,0.232594548,0.791556085
C,toronto,2026-07-15,20260715T130114084492-0400,,,lte,28,28,0.794722151,0.791657391
C,toronto,2026-07-15,20260715T140502550363-0400,,,lte,28,28,0.693908522,0.579745996
C,toronto,2026-07-15,20260715T150848421459-0400,,,lte,28,28,0.623644643,0.50839019
C,toronto,2026-07-15,20260715T160333223974-0400,,,lte,28,28,0.668733367,0.655266709
C,toronto,2026-07-15,20260715T170717234894-0400,,,lte,28,28,0.828902818,0.819986247
C,toronto,2026-07-15,20260715T180152768156-0400,,,lte,28,28,0.811131366,0.811083363
C,toronto,2026-07-15,20260715T190543531898-0400,,,lte,28,28,0.77805006,0.778349522
C,toronto,2026-07-15,20260715T200029651233-0400,,,lte,28,28,0.778453283,0.778559648
C,toronto,2026-07-15,20260715T210438186859-0400,,,lte,28,28,0.784769792,0.784809831
C,toronto,2026-07-15,20260715T220943410359-0400,,,lte,28,28,0.784769792,0.784809831
C,toronto,2026-07-15,20260715T230731808740-0400,,,lte,28,28,0.784769792,0.784809831
C,toronto,2026-07-16,20260716T000049844944-0400,,,eq,30,30,0.0701850459,0.0701850459
C,toronto,2026-07-16,20260716T010437251259-0400,,,eq,30,30,0.136619479,0.118674805
C,toronto,2026-07-16,20260716T020239706879-0400,,,eq,30,30,0.125170401,0.106047654
C,toronto,2026-07-16,20260716T030245200378-0400,,,eq,30,30,0.0500143062,0.0471214853
C,toronto,2026-07-16,20260716T040700601977-0400,,,eq,30,30,0.0666222824,0.0538063902
C,toronto,2026-07-16,20260716T050134931611-0400,,,eq,30,30,0.0372486368,0.038597958
C,toronto,2026-07-16,20260716T060513809432-0400,,,eq,30,30,0.0278232665,0.0330131445
C,toronto,2026-07-16,20260716T070138195748-0400,,,eq,30,30,0.0390564327,0.0424030501
C,toronto,2026-07-16,20260716T080140155587-0400,,,eq,30,30,0.0427762032,0.0919529086
C,toronto,2026-07-16,20260716T090734842077-0400,,,eq,30,30,0.0365460684,0.0359176036
C,toronto,2026-07-16,20260716T100217996127-0400,,,eq,30,30,0.192516032,0.183995156
C,toronto,2026-07-16,20260716T110144622841-0400,,,eq,30,30,0.497991576,0.455650818
C,toronto,2026-07-16,20260716T120041358373-0400,,,eq,30,30,0.108520089,0.133592777
C,toronto,2026-07-16,20260716T130253016048-0400,,,eq,30,30,0.978614649,0.965806677
C,toronto,2026-07-16,20260716T140149978956-0400,,,eq,30,30,0.780201452,0.431202366
C,toronto,2026-07-16,20260716T150317445537-0400,,,eq,30,30,0.989485265,0.982036483
C,toronto,2026-07-16,20260716T160052992484-0400,,,eq,30,30,0.98343461,0.992641739
C,toronto,2026-07-16,20260716T170151501616-0400,,,eq,30,30,0.883240113,0.883324238
C,toronto,2026-07-16,20260716T180152101171-0400,,,eq,30,30,0.904621011,0.904627469
C,toronto,2026-07-16,20260716T190047576075-0400,,,eq,30,30,0.994110897,0.995018398
C,toronto,2026-07-16,20260716T201032093427-0400,,,eq,30,30,0.995363347,0.995436545
C,toronto,2026-07-16,20260716T210750156125-0400,,,eq,30,30,0.991533029,0.991074194
C,toronto,2026-07-16,20260716T220746556211-0400,,,eq,30,30,0.991533029,0.991074194
C,toronto,2026-07-16,20260716T230252768118-0400,,,eq,30,30,0.991533029,0.991074194
C,toronto,2026-07-17,20260717T000043656181-0400,,,eq,26,26,0.103147519,0.103147519
C,toronto,2026-07-17,20260717T010338860065-0400,,,eq,26,26,0.113390481,0.116134916
C,toronto,2026-07-17,20260717T020138773132-0400,,,eq,26,26,0.0866464087,0.0924594279
C,toronto,2026-07-17,20260717T030237510277-0400,,,eq,26,26,0.0726048717,0.0756452875
C,toronto,2026-07-17,20260717T040724535268-0400,,,eq,26,26,0.114071149,0.0755313529
C,toronto,2026-07-17,20260717T050142262479-0400,,,eq,26,26,0.130280247,0.0896097836
C,toronto,2026-07-17,20260717T060502450347-0400,,,eq,26,26,0.104929992,0.0936356236
C,toronto,2026-07-17,20260717T070824821316-0400,,,eq,26,26,0.131982668,0.0941721044
C,toronto,2026-07-17,20260717T080155201391-0400,,,eq,26,26,0.107457518,0.115434231
C,toronto,2026-07-17,20260717T090146515467-0400,,,eq,26,26,0.231880279,0.288600836
C,toronto,2026-07-17,20260717T100058141859-0400,,,eq,26,26,0.242268411,0.150348625
C,toronto,2026-07-17,20260717T110722647295-0400,,,eq,26,26,0.0735436965,0.184159085
C,toronto,2026-07-17,20260717T121400974785-0400,,,eq,26,26,0.156239885,0.158051237
C,toronto,2026-07-17,20260717T130851022333-0400,,,eq,26,26,0.65722518,0.307118045
C,toronto,2026-07-17,20260717T140037906368-0400,,,eq,26,26,0.0504867932,0.0339063329
C,toronto,2026-07-17,20260717T150129231855-0400,,,eq,26,26,0.853951415,0.833163825
C,toronto,2026-07-17,20260717T160222909221-0400,,,eq,26,26,0.936487094,0.937707687
C,toronto,2026-07-17,20260717T170139467642-0400,,,eq,26,26,0.864913552,0.866395025
C,toronto,2026-07-17,20260717T180203428836-0400,,,eq,26,26,0.888485067,0.888486508
C,toronto,2026-07-17,20260717T190405595096-0400,,,eq,26,26,0.984407043,0.984416479
C,toronto,2026-07-17,20260717T200036393465-0400,,,eq,26,26,0.984411011,0.984413573
C,toronto,2026-07-17,20260717T210442599879-0400,,,eq,26,26,0.987990487,0.987992611
C,toronto,2026-07-17,20260717T220913890802-0400,,,eq,26,26,0.987990487,0.987992611
C,toronto,2026-07-17,20260717T230435839390-0400,,,eq,26,26,0.987990487,0.987992611
C,toronto,2026-07-18,20260718T000008038438-0400,,,eq,28,28,0.0655059726,0.0655059726
C,toronto,2026-07-18,20260718T010230995061-0400,,,eq,28,28,0.0459696299,0.0406138964
C,toronto,2026-07-18,20260718T020831078949-0400,,,eq,28,28,0.151795479,0.172600212
C,toronto,2026-07-18,20260718T030227612691-0400,,,eq,28,28,0.0754129707,0.0580745181
C,toronto,2026-07-18,20260718T040632760123-0400,,,eq,28,28,0.103343475,0.0541199696
C,toronto,2026-07-18,20260718T050107005439-0400,,,eq,28,28,0.235012619,0.185220944
C,toronto,2026-07-18,20260718T060228284522-0400,,,eq,28,28,0.226961055,0.185220944
C,toronto,2026-07-18,20260718T070835946623-0400,,,eq,28,28,0.162035124,0.128232601
C,toronto,2026-07-18,20260718T080228803342-0400,,,eq,28,28,0.341712606,0.223395653
C,toronto,2026-07-18,20260718T090703985441-0400,,,eq,28,28,0.0655571888,0.0762257369
C,toronto,2026-07-18,20260718T100129509331-0400,,,eq,28,28,0.0849476396,0.0641619868
C,toronto,2026-07-18,20260718T110130163184-0400,,,eq,28,28,0.0939081096,0.47735169
C,toronto,2026-07-18,20260718T120028887688-0400,,,eq,28,28,0.164225911,0.203889206
C,toronto,2026-07-18,20260718T130412730189-0400,,,eq,28,28,0.0329014224,0.0533372504
C,toronto,2026-07-18,20260718T140234187702-0400,,,eq,28,28,0.0881094331,0.100660554
C,toronto,2026-07-18,20260718T150034193704-0400,,,eq,28,28,0.192292627,0.157208311
C,toronto,2026-07-18,20260718T160135551521-0400,,,eq,28,28,0.958348228,0.9669503
C,toronto,2026-07-18,20260718T170127261721-0400,,,eq,28,28,0.882057207,0.882585107
C,toronto,2026-07-18,20260718T180147074323-0400,,,eq,28,28,0.901237313,0.901411836
C,toronto,2026-07-18,20260718T190140617728-0400,,,eq,28,28,0.996454456,0.99645587
C,toronto,2026-07-18,20260718T200405650157-0400,,,eq,28,28,0.996452282,0.996453876
C,toronto,2026-07-18,20260718T210800533844-0400,,,eq,28,28,0.996452282,0.996453876
C,toronto,2026-07-18,20260718T220256463180-0400,,,eq,28,28,0.996452282,0.996453876
C,toronto,2026-07-18,20260718T230720613249-0400,,,eq,28,28,0.996452282,0.996453876
C,toronto,2026-07-19,20260719T000036630951-0400,,,eq,25,25,0.0870907723,0.0870907723
C,toronto,2026-07-19,20260719T010451753407-0400,,,eq,25,25,0.092436231,0.0909782647
C,toronto,2026-07-19,20260719T020230896270-0400,,,eq,25,25,0.102140959,0.0991860301
C,toronto,2026-07-19,20260719T030129984996-0400,,,eq,25,25,0.102908121,0.101797038
C,toronto,2026-07-19,20260719T040819499254-0400,,,eq,25,25,0.100941468,0.103887973
C,toronto,2026-07-19,20260719T050253215413-0400,,,eq,25,25,0.113604978,0.113996254
C,toronto,2026-07-19,20260719T060129396486-0400,,,eq,25,25,0.107673363,0.114073346
C,toronto,2026-07-19,20260719T070106247459-0400,,,eq,25,25,0.107570705,0.11296926
C,toronto,2026-07-19,20260719T080454221839-0400,,,eq,25,25,0.0718343881,0.0776069137
C,toronto,2026-07-19,20260719T090134406197-0400,,,eq,25,25,0.0544170432,0.045348861
C,toronto,2026-07-19,20260719T100130511038-0400,,,eq,25,25,0.0310300995,0.0512476834
C,toronto,2026-07-19,20260719T110139460171-0400,,,eq,25,25,0.0384604961,0.0373238913
C,toronto,2026-07-19,20260719T120131511196-0400,,,eq,25,25,0.0280099844,0.0270904927
C,toronto,2026-07-19,20260719T130128270919-0400,,,eq,25,25,0.00874800673,0.0105072032
C,toronto,2026-07-19,20260719T140131991542-0400,,,eq,25,25,0.0596749998,0.026998052
C,toronto,2026-07-19,20260719T150906977850-0400,,,eq,25,25,0.0397488026,0.0361571867
C,toronto,2026-07-19,20260719T160132700394-0400,,,eq,25,25,0.0325446827,0.0388392423
C,toronto,2026-07-19,20260719T170200134631-0400,,,eq,25,25,0.882334796,0.879662608
C,toronto,2026-07-19,20260719T180109240006-0400,,,eq,25,25,0.905424194,0.905423437
C,toronto,2026-07-19,20260719T190915161120-0400,,,eq,25,25,0.997029546,0.997029267
C,toronto,2026-07-19,20260719T200910415380-0400,,,eq,25,25,0.997027859,0.997028161
C,toronto,2026-07-19,20260719T210812727382-0400,,,eq,25,25,0.997027814,0.997028161
C,toronto,2026-07-19,20260719T220811427665-0400,,,eq,25,25,0.997027814,0.997028161
C,toronto,2026-07-19,20260719T230816016100-0400,,,eq,25,25,0.997027814,0.997028161
C,toronto,2026-07-20,20260720T001333502486-0400,,,eq,27,27,0.158150682,0.186760549
C,toronto,2026-07-20,20260720T010123518041-0400,,,eq,27,27,0.158150682,0.186760549
C,toronto,2026-07-20,20260720T020541896358-0400,,,eq,27,27,0.180133228,0.190154764
C,toronto,2026-07-20,20260720T030132132163-0400,,,eq,27,27,0.13406061,0.133241831
C,toronto,2026-07-20,20260720T040124383987-0400,,,eq,27,27,0.144267746,0.142960774
C,toronto,2026-07-20,20260720T050133964041-0400,,,eq,27,27,0.137224878,0.142702948
C,toronto,2026-07-20,20260720T060803649911-0400,,,eq,27,27,0.147687855,0.142306231
C,toronto,2026-07-20,20260720T070137372548-0400,,,eq,27,27,0.154228966,0.151297376
C,toronto,2026-07-20,20260720T080135220900-0400,,,eq,27,27,0.117662527,0.114219776
C,toronto,2026-07-20,20260720T090127952292-0400,,,eq,27,27,0.0901705167,0.0698952272
C,toronto,2026-07-20,20260720T100236314493-0400,,,eq,27,27,0.101963597,0.123036326
C,toronto,2026-07-20,20260720T110147176597-0400,,,eq,27,27,0.0722695449,0.088365222
C,toronto,2026-07-20,20260720T120147271144-0400,,,eq,27,27,0.0287453167,0.023801905
C,toronto,2026-07-20,20260720T130147373734-0400,,,eq,27,27,0.0455731276,0.0417588769
C,toronto,2026-07-20,20260720T140152973204-0400,,,eq,27,27,0.0439351085,0.0428582368
C,toronto,2026-07-20,20260720T150903427333-0400,,,eq,27,27,0.0177166735,0.0286862935
C,toronto,2026-07-20,20260720T162059796824-0400,,,eq,27,27,0.0367286592,0.0246328428
C,toronto,2026-07-20,20260720T170118236692-0400,,,eq,27,27,0.83131886,0.747074917
C,toronto,2026-07-20,20260720T180903386502-0400,,,eq,27,27,0.905690964,0.905690961
C,toronto,2026-07-20,20260720T190207917014-0400,,,eq,27,27,0.997319958,0.997319887
C,toronto,2026-07-20,20260720T200839283894-0400,,,eq,27,27,0.997317815,0.997318538
C,toronto,2026-07-20,20260720T210308093742-0400,,,eq,27,27,0.997318109,0.997318577
C,toronto,2026-07-20,20260720T220638076445-0400,,,eq,27,27,0.997318109,0.997318577
C,toronto,2026-07-20,20260720T230428265082-0400,,,eq,27,27,0.997318109,0.997318577
C,toronto,2026-07-21,20260721T000050579265-0400,,,eq,24,24,0.0850459142,0.0850459142
C,toronto,2026-07-21,20260721T010132978833-0400,,,eq,24,24,0.0627913051,0.0630437233
C,toronto,2026-07-21,20260721T020702283456-0400,,,eq,24,24,0.0594683079,0.0575418362
C,toronto,2026-07-21,20260721T030201692279-0400,,,eq,24,24,0.060201349,0.0585037119
C,toronto,2026-07-21,20260721T040552377668-0400,,,eq,24,24,0.0632813464,0.0569284173
C,toronto,2026-07-21,20260721T050036407981-0400,,,eq,24,24,0.0536724296,0.0579218576
C,toronto,2026-07-21,20260721T060420758250-0400,,,eq,24,24,0.0459034138,0.0550998074
C,toronto,2026-07-21,20260721T070810876129-0400,,,eq,24,24,0.0380908479,0.0403427765
C,toronto,2026-07-21,20260721T080250605762-0400,,,eq,24,24,0.0426832308,0.0602369281
C,toronto,2026-07-21,20260721T090644042465-0400,,,eq,24,24,0.0269382625,0.0259625861
C,toronto,2026-07-21,20260721T100125596573-0400,,,eq,24,24,0.0194961963,0.0151428933
C,toronto,2026-07-21,20260721T110509455473-0400,,,eq,24,24,0.0207793095,0.0150611188
C,toronto,2026-07-21,20260721T120238607436-0400,,,eq,24,24,0.104334297,0.267492986
C,toronto,2026-07-21,20260721T130356299037-0400,,,eq,24,24,0.0961598203,0.12507018
C,toronto,2026-07-21,20260721T140044962362-0400,,,eq,24,24,0.159079822,0.204254368
C,toronto,2026-07-21,20260721T150129943057-0400,,,eq,24,24,0.629935032,0.76168544
C,toronto,2026-07-21,20260721T160103482546-0400,,,eq,24,24,0.859385119,0.83149687
C,toronto,2026-07-21,20260721T170206462934-0400,,,eq,24,24,0.857618475,0.853045934
C,toronto,2026-07-21,20260721T180133871752-0400,,,eq,24,24,0.886581148,0.886546287
C,toronto,2026-07-21,20260721T190042930450-0400,,,eq,24,24,0.981016265,0.981020709
C,toronto,2026-07-21,20260721T200813543389-0400,,,eq,24,24,0.981019576,0.981019343
C,toronto,2026-07-21,20260721T210327580460-0400,,,eq,24,24,0.986142411,0.986143728
C,toronto,2026-07-21,20260721T220828809670-0400,,,eq,24,24,0.986142411,0.986143728
C,toronto,2026-07-21,20260721T230751664919-0400,,,eq,24,24,0.986142411,0.986143728
C,toronto,2026-07-22,20260722T000039177228-0400,,,eq,22,22,0.198149322,0.198149322
C,toronto,2026-07-22,20260722T010127545962-0400,,,eq,22,22,0.107138171,0.100409672
C,toronto,2026-07-22,20260722T020823976424-0400,,,eq,22,22,0.151974858,0.122702897
C,toronto,2026-07-22,20260722T030259521441-0400,,,eq,22,22,0.129239491,0.117877071
C,toronto,2026-07-22,20260722T040645787449-0400,,,eq,22,22,0.138426842,0.126139357
C,toronto,2026-07-22,20260722T050230287879-0400,,,eq,22,22,0.174598472,0.173284103
C,toronto,2026-07-22,20260722T060609804207-0400,,,eq,22,22,0.60760953,0.61493251
C,toronto,2026-07-22,20260722T070057324914-0400,,,eq,22,22,0.569763405,0.641156605
C,toronto,2026-07-22,20260722T080222260219-0400,,,eq,22,22,0.37612439,0.329705357
C,toronto,2026-07-22,20260722T090123064060-0400,,,eq,22,22,0.645736144,0.613366989
C,toronto,2026-07-22,20260722T100319032718-0400,,,eq,22,22,0.594602456,0.716771661
C,toronto,2026-07-22,20260722T110131415907-0400,,,eq,22,22,0.452809561,0.335486709
C,toronto,2026-07-22,20260722T120125342339-0400,,,eq,22,22,0.320742085,0.41804806
C,toronto,2026-07-22,20260722T130533241435-0400,,,eq,22,22,0.238795227,0.52039207
C,toronto,2026-07-22,20260722T140017120303-0400,,,eq,22,22,0.135793498,0.238487485
C,toronto,2026-07-22,20260722T150134343581-0400,,,eq,22,22,0.310771603,0.305501187
C,toronto,2026-07-22,20260722T160131837299-0400,,,eq,22,22,0.985475348,0.943052829
C,toronto,2026-07-22,20260722T170133594724-0400,,,eq,22,22,0.0809765886,0.0615067037
C,toronto,2026-07-22,20260722T180131924145-0400,,,eq,22,22,0.90270732,0.900204736
C,toronto,2026-07-22,20260722T190134711162-0400,,,eq,22,22,0.997204711,0.997106326
C,toronto,2026-07-22,20260722T200541473677-0400,,,eq,22,22,0.997458594,0.997458147
C,toronto,2026-07-22,20260722T210031397080-0400,,,eq,22,22,0.99745866,0.997458147
C,toronto,2026-07-22,20260722T220525967153-0400,,,eq,22,22,0.997286708,0.997286163
C,toronto,2026-07-22,20260722T230032238955-0400,,,eq,22,22,0.997286708,0.997286163
C,toronto,2026-07-23,20260723T000210621961-0400,,,eq,26,26,0.386690986,0.386500577
C,toronto,2026-07-23,20260723T010220428001-0400,,,eq,26,26,0.159671566,0.160808938
C,toronto,2026-07-23,20260723T020101576398-0400,,,eq,26,26,0.338711694,0.377406342
C,toronto,2026-07-23,20260723T030218299594-0400,,,eq,26,26,0.30149642,0.346100845
C,toronto,2026-07-23,20260723T040118748097-0400,,,eq,26,26,0.18451411,0.187943715
C,toronto,2026-07-23,20260723T050231426259-0400,,,eq,26,26,0.225849145,0.306562106
C,toronto,2026-07-23,20260723T060119905355-0400,,,eq,26,26,0.288302379,0.361983097
C,toronto,2026-07-23,20260723T070125978823-0400,,,eq,26,26,0.232440426,0.296946117
C,toronto,2026-07-23,20260723T080122682849-0400,,,eq,26,26,0.139504569,0.104164435
C,toronto,2026-07-23,20260723T090120754842-0400,,,eq,26,26,0.0914514906,0.0998839444
C,toronto,2026-07-23,20260723T100120423045-0400,,,eq,26,26,0.0504242567,0.0766434459
C,toronto,2026-07-23,20260723T110044325666-0400,,,eq,26,26,0.0502684128,0.0661907325
C,toronto,2026-07-23,20260723T120119716924-0400,,,eq,26,26,0.071686033,0.162108393
C,toronto,2026-07-23,20260723T130028185019-0400,,,eq,26,26,0.0957949051,0.300336491
C,toronto,2026-07-23,20260723T140228282035-0400,,,eq,26,26,0.0193049558,0.119511816
C,toronto,2026-07-23,20260723T150140167569-0400,,,eq,26,26,0.594107854,0.57495882
C,toronto,2026-07-23,20260723T160136619166-0400,,,eq,26,26,0.909237196,0.921045831
C,toronto,2026-07-23,20260723T170144226795-0400,,,eq,26,26,0.869569785,0.874272533
C,toronto,2026-07-23,20260723T180002680287-0400,,,eq,26,26,0.895903544,0.895876739
C,toronto,2026-07-23,20260723T190353307379-0400,,,eq,26,26,0.986501285,0.986494164
C,toronto,2026-07-23,20260723T200037897760-0400,,,eq,26,26,0.986396591,0.986522502
C,toronto,2026-07-23,20260723T210225823332-0400,,,eq,26,26,0.986440426,0.986522232
C,toronto,2026-07-23,20260723T220637506609-0400,,,eq,26,26,0.986440426,0.986522232
C,toronto,2026-07-23,20260723T230144314577-0400,,,eq,26,26,0.986440426,0.986522232
C,toronto,2026-07-24,20260724T000029802524-0400,,,eq,25,25,0.314659971,0.314659971
C,toronto,2026-07-24,20260724T010119202158-0400,,,eq,25,25,0.317353155,0.312226395
C,toronto,2026-07-24,20260724T020810471318-0400,,,eq,25,25,0.196997206,0.311546079
C,toronto,2026-07-24,20260724T030218830106-0400,,,eq,25,25,0.281663575,0.382165954
C,toronto,2026-07-24,20260724T040218678286-0400,,,eq,25,25,0.290559386,0.228949015
C,toronto,2026-07-24,20260724T050312750302-0400,,,eq,25,25,0.223648839,0.209095323
C,toronto,2026-07-24,20260724T060153314216-0400,,,eq,25,25,0.218234889,0.139833248
C,toronto,2026-07-24,20260724T070212913671-0400,,,eq,25,25,0.225779877,0.209095323
C,toronto,2026-07-24,20260724T080013232328-0400,,,eq,25,25,0.125337241,0.139138207
C,toronto,2026-07-24,20260724T090210529927-0400,,,eq,25,25,0.194554311,0.0954940251
C,toronto,2026-07-24,20260724T100210608928-0400,,,eq,25,25,0.267435529,0.284822192
C,toronto,2026-07-24,20260724T110230681292-0400,,,eq,25,25,0.520057114,0.293064503
C,toronto,2026-07-24,20260724T120131325352-0400,,,eq,25,25,0.649747368,0.248176202
C,toronto,2026-07-24,20260724T130058201026-0400,,,eq,25,25,0.344902705,0.22496769
C,toronto,2026-07-24,20260724T140126093128-0400,,,eq,25,25,0.8669145,0.612473434
C,toronto,2026-07-24,20260724T150824516531-0400,,,eq,25,25,0.646547541,0.630170141
C,toronto,2026-07-24,20260724T160112091118-0400,,,eq,25,25,0.918576887,0.863237954
C,toronto,2026-07-24,20260724T170702132742-0400,,,eq,25,25,0.875583614,0.870874004
C,toronto,2026-07-24,20260724T180144130709-0400,,,eq,25,25,0.900005273,0.900004908
C,toronto,2026-07-24,20260724T190213226043-0400,,,eq,25,25,0.991061233,0.991058024
C,toronto,2026-07-24,20260724T200021127847-0400,,,eq,25,25,0.99105846,0.991056496
C,toronto,2026-07-24,20260724T210405838759-0400,,,eq,25,25,0.994572224,0.994570971
C,toronto,2026-07-24,20260724T220831980650-0400,,,eq,25,25,0.994572224,0.994570971
C,toronto,2026-07-24,20260724T230338333011-0400,,,eq,25,25,0.994572224,0.994570971
C,toronto,2026-07-25,20260725T000021127166-0400,,,eq,26,26,0.189754032,0.189754032
C,toronto,2026-07-25,20260725T010417672111-0400,,,eq,26,26,0.260230793,0.233496779
C,toronto,2026-07-25,20260725T020121195817-0400,,,eq,26,26,0.281749227,0.206501206
C,toronto,2026-07-25,20260725T030220277736-0400,,,eq,26,26,0.211945423,0.195937678
C,toronto,2026-07-25,20260725T040221349325-0400,,,eq,26,26,0.222848773,0.192144423
C,toronto,2026-07-25,20260725T050147521822-0400,,,eq,26,26,0.225604502,0.194292124
C,toronto,2026-07-25,20260725T060122320183-0400,,,eq,26,26,0.285026188,0.2144862
C,toronto,2026-07-25,20260725T070012088250-0400,,,eq,26,26,0.292109203,0.2144862
C,toronto,2026-07-25,20260725T080400106258-0400,,,eq,26,26,0.432456724,0.255065239
C,toronto,2026-07-25,20260725T090118954811-0400,,,eq,26,26,0.641656511,0.661041049
C,toronto,2026-07-25,20260725T100221472643-0400,,,eq,26,26,0.16711038,0.222131629
C,toronto,2026-07-25,20260725T110120215945-0400,,,eq,26,26,0.121218875,0.311889627
C,toronto,2026-07-25,20260725T120053859833-0400,,,eq,26,26,0.386656854,0.262108834
C,toronto,2026-07-25,20260725T130435371350-0400,,,eq,26,26,0.836820723,0.78693232
C,toronto,2026-07-25,20260725T140827337707-0400,,,eq,26,26,0.597834885,0.580260535
C,toronto,2026-07-25,20260725T150121080551-0400,,,eq,26,26,0.518070171,0.579875556
C,toronto,2026-07-25,20260725T160220530307-0400,,,eq,26,26,0.960916078,0.96446003
C,toronto,2026-07-25,20260725T170154037298-0400,,,eq,26,26,0.880920107,0.880805266
C,toronto,2026-07-25,20260725T180120939979-0400,,,eq,26,26,0.902797497,0.902791662
C,toronto,2026-07-25,20260725T190025095331-0400,,,eq,26,26,0.994133919,0.994134806
C,toronto,2026-07-25,20260725T200424472151-0400,,,eq,26,26,0.994133552,0.994134538
C,toronto,2026-07-25,20260725T210027746992-0400,,,eq,26,26,0.994133732,0.994134585
C,toronto,2026-07-25,20260725T220444696904-0400,,,eq,26,26,0.994133732,0.994134585
C,toronto,2026-07-25,20260725T230040649568-0400,,,eq,26,26,0.994133732,0.994134585
C,toronto,2026-07-26,20260726T000447030791-0400,,,eq,27,27,0.155718434,0.156042106
C,toronto,2026-07-26,20260726T010844590797-0400,,,eq,27,27,0.160208932,0.156042106
C,toronto,2026-07-26,20260726T020119682853-0400,,,eq,27,27,0.247779461,0.214835444
C,toronto,2026-07-26,20260726T030222359662-0400,,,eq,27,27,0.247858426,0.194880803
C,toronto,2026-07-26,20260726T040202160432-0400,,,eq,27,27,0.195479389,0.185037528
C,toronto,2026-07-26,20260726T050900506082-0400,,,eq,27,27,0.251318034,0.221951039
C,toronto,2026-07-26,20260726T060127391097-0400,,,eq,27,27,0.340624189,0.246328061
C,toronto,2026-07-26,20260726T070817877037-0400,,,eq,27,27,0.331217501,0.218610907
C,toronto,2026-07-26,20260726T080221274368-0400,,,eq,27,27,0.1676063,0.177364814
C,toronto,2026-07-26,20260726T090219680177-0400,,,eq,27,27,0.0806873128,0.0796453787
C,toronto,2026-07-26,20260726T100119693160-0400,,,eq,27,27,0.327551172,0.111912084
C,toronto,2026-07-26,20260726T110119659408-0400,,,eq,27,27,0.0734492749,0.0636982709
C,toronto,2026-07-26,20260726T120855501886-0400,,,eq,27,27,0.404527734,0.353999974
C,toronto,2026-07-26,20260726T130335468209-0400,,,eq,27,27,0.291329915,0.278074705
C,toronto,2026-07-26,20260726T140028839730-0400,,,eq,27,27,0.0615351291,0.0686027292
C,toronto,2026-07-26,20260726T150129022136-0400,,,eq,27,27,0.472762113,0.736607044
C,toronto,2026-07-26,20260726T160609625057-0400,,,eq,27,27,0.854112639,0.856317441
C,toronto,2026-07-26,20260726T170059653743-0400,,,eq,27,27,0.707011374,0.741262701
C,toronto,2026-07-26,20260726T180221441640-0400,,,eq,27,27,0.904072915,0.904072923
C,toronto,2026-07-26,20260726T190845374755-0400,,,eq,27,27,0.995542382,0.995542955
C,toronto,2026-07-26,20260726T200321882685-0400,,,eq,27,27,0.995538363,0.99554098
C,toronto,2026-07-26,20260726T210720394980-0400,,,eq,27,27,0.997376765,0.997377486
C,toronto,2026-07-26,20260726T220213540173-0400,,,eq,27,27,0.997376765,0.997377486
C,toronto,2026-07-26,20260726T230633944792-0400,,,eq,27,27,0.997376765,0.997377486
C,toronto,2026-07-27,20260727T000138940560-0400,,,eq,29,29,0.0883106828,0.0883106828
C,toronto,2026-07-27,20260727T010530991901-0400,,,eq,29,29,0.142532746,0.182048867
C,toronto,2026-07-27,20260727T020013207590-0400,,,eq,29,29,0.118426698,0.150281821
C,toronto,2026-07-27,20260727T030354023387-0400,,,eq,29,29,0.206666522,0.281110327
C,toronto,2026-07-27,20260727T040743358346-0400,,,eq,29,29,0.233646003,0.28479678
C,toronto,2026-07-27,20260727T050239836624-0400,,,eq,29,29,0.159307527,0.230120977
C,toronto,2026-07-27,20260727T060635033495-0400,,,eq,29,29,0.158970206,0.230773951
C,toronto,2026-07-27,20260727T070057066143-0400,,,eq,29,29,0.158970206,0.230773951
C,toronto,2026-07-27,20260727T080443531641-0400,,,eq,29,29,0.504262611,0.328290005
C,toronto,2026-07-27,20260727T090834480063-0400,,,eq,29,29,0.21430731,0.244165832
C,toronto,2026-07-27,20260727T100318309214-0400,,,eq,29,29,0.633497679,0.632017739
C,toronto,2026-07-27,20260727T110710380227-0400,,,eq,29,29,0.892164959,0.365887362
C,toronto,2026-07-27,20260727T120144005595-0400,,,eq,29,29,0.30541906,0.160061722
C,toronto,2026-07-27,20260727T130532420989-0400,,,eq,29,29,0.988885078,0.988475034
C,toronto,2026-07-27,20260727T140011893196-0400,,,eq,29,29,0.949658761,0.94299149
C,toronto,2026-07-27,20260727T150354647899-0400,,,eq,29,29,0.731294818,0.665739309
C,toronto,2026-07-27,20260727T160753760565-0400,,,eq,29,29,0.82877617,0.866659539
C,toronto,2026-07-27,20260727T170229923064-0400,,,eq,29,29,0.878742605,0.878152695
C,toronto,2026-07-27,20260727T180611979504-0400,,,eq,29,29,0.900562251,0.900277247
C,toronto,2026-07-27,20260727T190058013643-0400,,,eq,29,29,0.992555024,0.992881902
C,toronto,2026-07-27,20260727T200442155597-0400,,,eq,29,29,0.992779422,0.992836773
C,toronto,2026-07-27,20260727T210841997002-0400,,,eq,29,29,0.995995019,0.995994415
C,toronto,2026-07-27,20260727T220337677458-0400,,,eq,29,29,0.995995019,0.995994415
C,toronto,2026-07-27,20260727T230755975204-0400,,,eq,29,29,0.995995019,0.995994415
C,toronto,2026-07-28,20260728T000034254326-0400,,,eq,27,27,0.160739891,0.160739891
C,toronto,2026-07-28,20260728T010416913266-0400,,,eq,27,27,0.233029301,0.199722143
C,toronto,2026-07-28,20260728T020901330409-0400,,,eq,27,27,0.208299287,0.183400338
C,toronto,2026-07-28,20260728T030435386722-0400,,,eq,27,27,0.160969777,0.173622822
C,toronto,2026-07-28,20260728T040822482369-0400,,,eq,27,27,0.167809269,0.170027281
C,toronto,2026-07-28,20260728T050251474737-0400,,,eq,27,27,0.152251859,0.161264567
C,toronto,2026-07-28,20260728T060127020152-0400,,,eq,27,27,0.138959173,0.16126326
C,toronto,2026-07-28,20260728T070029117145-0400,,,eq,27,27,0.149342218,0.161271083
C,toronto,2026-07-28,20260728T080225611280-0400,,,eq,27,27,0.116024556,0.144311255
C,toronto,2026-07-28,20260728T090732220202-0400,,,eq,27,27,0.038553164,0.0377665028
C,toronto,2026-07-28,20260728T100208183366-0400,,,eq,27,27,0.0472688115,0.083094258
C,toronto,2026-07-28,20260728T110124931129-0400,,,eq,27,27,0.212474117,0.109534858
C,toronto,2026-07-28,20260728T120036453082-0400,,,eq,27,27,0.344826165,0.254109189
C,toronto,2026-07-28,20260728T130234028253-0400,,,eq,27,27,0.371455701,0.184328435
C,toronto,2026-07-28,20260728T140225647378-0400,,,eq,27,27,0.980786693,0.952876169
C,toronto,2026-07-28,20260728T150026920584-0400,,,eq,27,27,0.876042617,0.873274964
C,toronto,2026-07-28,20260728T160635662665-0400,,,eq,27,27,0.927783768,0.867543315
C,toronto,2026-07-28,20260728T170118577206-0400,,,eq,27,27,0.871813918,0.807983647
C,toronto,2026-07-28,20260728T180426574780-0400,,,eq,27,27,0.905871875,0.905871879
C,toronto,2026-07-28,20260728T190226858594-0400,,,eq,27,27,0.997521885,0.997522355
C,toronto,2026-07-28,20260728T200345668010-0400,,,eq,27,27,0.997520427,0.997520917
C,toronto,2026-07-28,20260728T210738296361-0400,,,eq,27,27,0.997520427,0.997520917
C,toronto,2026-07-28,20260728T220244370439-0400,,,eq,27,27,0.997520427,0.997520917
C,toronto,2026-07-28,20260728T230708286960-0400,,,eq,27,27,0.997520427,0.997520917
C,toronto,2026-07-29,20260729T000030191354-0400,,,eq,27,27,0.108513959,0.108513959
C,toronto,2026-07-29,20260729T010223185862-0400,,,eq,27,27,0.143709908,0.142618287
C,toronto,2026-07-29,20260729T020758767986-0400,,,eq,27,27,0.15611024,0.15733215
C,toronto,2026-07-29,20260729T030246847055-0400,,,eq,27,27,0.136178053,0.151502768
C,toronto,2026-07-29,20260729T040646844016-0400,,,eq,27,27,0.121500445,0.139961134
C,toronto,2026-07-29,20260729T050115152746-0400,,,eq,27,27,0.133014702,0.145181246
C,toronto,2026-07-29,20260729T060215759084-0400,,,eq,27,27,0.141966533,0.15003691
C,toronto,2026-07-29,20260729T070059698650-0400,,,eq,27,27,0.141985557,0.150057987
C,toronto,2026-07-29,20260729T080419327289-0400,,,eq,27,27,0.0957665221,0.0902625143
C,toronto,2026-07-29,20260729T090215187774-0400,,,eq,27,27,0.0274198739,0.0282108383
C,toronto,2026-07-29,20260729T100115198717-0400,,,eq,27,27,0.0565095216,0.0802416953
C,toronto,2026-07-29,20260729T110123773597-0400,,,eq,27,27,0.0522616453,0.128100922
C,toronto,2026-07-29,20260729T120902957377-0400,,,eq,27,27,0.384976045,0.307113521
C,toronto,2026-07-29,20260729T130115864874-0400,,,eq,27,27,0.293968922,0.177497281
C,toronto,2026-07-29,20260729T140218687510-0400,,,eq,27,27,0.989609749,0.970571231
C,toronto,2026-07-29,20260729T150136359796-0400,,,eq,27,27,0.866392041,0.850469975
C,toronto,2026-07-29,20260729T160131097593-0400,,,eq,27,27,0.905433702,0.867763341
C,toronto,2026-07-29,20260729T170016138749-0400,,,eq,27,27,0.852344421,0.771219839
C,toronto,2026-07-29,20260729T180357127843-0400,,,eq,27,27,0.898065974,0.898065628
C,toronto,2026-07-29,20260729T190217210074-0400,,,eq,27,27,0.989570639,0.989708744
C,toronto,2026-07-29,20260729T200225781857-0400,,,eq,27,27,0.98966937,0.989747502
C,toronto,2026-07-29,20260729T210610647677-0400,,,eq,27,27,0.989688018,0.989747504
C,toronto,2026-07-29,20260729T220650020547-0400,,,eq,27,27,0.989688018,0.989747504
C,toronto,2026-07-29,20260729T230239794560-0400,,,eq,27,27,0.989688018,0.989747504
C,toronto,2026-07-30,20260730T000318001408-0400,,,eq,28,28,0.119489446,0.120112333
C,toronto,2026-07-30,20260730T010230434473-0400,,,eq,28,28,0.105414281,0.106737758
C,toronto,2026-07-30,20260730T020137350062-0400,,,eq,28,28,0.103307403,0.106766117
C,toronto,2026-07-30,20260730T030454582893-0400,,,eq,28,28,0.114073756,0.121148232
C,toronto,2026-07-30,20260730T040810806479-0400,,,eq,28,28,0.114277118,0.121023819
C,toronto,2026-07-30,20260730T050236813242-0400,,,eq,28,28,0.145320348,0.140013448
C,toronto,2026-07-30,20260730T060554251243-0400,,,eq,28,28,0.140320498,0.133985952
C,toronto,2026-07-30,20260730T070017072674-0400,,,eq,28,28,0.138941036,0.133985952
C,toronto,2026-07-30,20260730T080224063390-0400,,,eq,28,28,0.109758273,0.147114001
C,toronto,2026-07-30,20260730T090124206739-0400,,,eq,28,28,0.0807303793,0.0960225226
C,toronto,2026-07-30,20260730T100219372733-0400,,,eq,28,28,0.0953886361,0.0867818632
C,toronto,2026-07-30,20260730T110124718194-0400,,,eq,28,28,0.485335749,0.549378427
C,toronto,2026-07-30,20260730T120033521021-0400,,,eq,28,28,0.0785301851,0.245350259
C,toronto,2026-07-30,20260730T130416249299-0400,,,eq,28,28,0.204594788,0.0696401121
C,toronto,2026-07-30,20260730T140153591572-0400,,,eq,28,28,0.16641441,0.287453749
C,toronto,2026-07-30,20260730T150300967490-0400,,,eq,28,28,0.894729411,0.850244515
C,toronto,2026-07-30,20260730T160152668775-0400,,,eq,28,28,0.968616313,0.969739709
C,toronto,2026-07-30,20260730T170133417995-0400,,,eq,28,28,0.703324066,0.708620055
C,toronto,2026-07-30,20260730T180521827698-0400,,,eq,28,28,0.895469404,0.895471233
C,toronto,2026-07-30,20260730T190910011552-0400,,,eq,28,28,0.997090304,0.99708989
C,toronto,2026-07-30,20260730T200348890223-0400,,,eq,28,28,0.995303649,0.995304296
C,toronto,2026-07-30,20260730T210736076651-0400,,,eq,28,28,0.995303683,0.995304185
C,toronto,2026-07-30,20260730T220230896884-0400,,,eq,28,28,0.993710021,0.993710716
C,toronto,2026-07-30,20260730T230655730470-0400,,,eq,28,28,0.993710021,0.993710716
