stratum,market_id,target_date,snapshot_id,captured_at_utc,local_time,minute_of_day,window,native_unit,frozen_mechanism,observable_recovered_rows,incumbent_status,candidate_status,incumbent_active_model_kind,candidate_active_model_kind,band_keys,incumbent_probs_q,candidate_probs_p,incumbent_mass,candidate_mass,l1_displacement,max_abs_displacement,argmax_changed,ceiling_delta_brier,strict_prior_receipt,replay_line_sha256
B,san-francisco,2026-06-09,20260609T171152-0400,2026-06-09T21:11:52.019691+00:00,14:11:51.609054,851,peak_heating_window,F,M1_restatement,0,DEFINED,DEFINED,hgb,hgb,"[46,47,48,49,50,51,52,53,54,55,56,57,58,59,60,61,62,63,64,65,66,67,68,69,70,71,72,73,74,75,76,77,78,79,80,81,82,83,84,85,86,87,88,89,90,91,92,93,94,95,96,97]","[0.0,0.0,0.0,0.0,0.0,0.0,0.0,0.0,0.0,0.0,0.0,0.0,0.0,0.0,0.0,0.0,0.0,0.0,0.0,0.0,0.0,0.9975691038302902,0.002398257093165452,3.219660018373682e-05,4.1064862808980745e-07,3.117722558238759e-08,6.192673739084312e-10,3.0716633174674954e-11,4.933234953705248e-13,2.9068739584511873e-14,5.02465843831919e-16,3.182308257066671e-17,1.959191300272541e-18,5.494169377935182e-20,1.4911357042760252e-21,3.202656885088841e-23,2.2812370122214537e-25,1.1045023190733514e-25,3.0090795141672514e-27,2.731014975858481e-28,3.0430185067817413e-31,1.7193080117839878e-31,1.2511931987857334e-33,3.0326433998519176e-34,1.273678965328406e-35,3.9769583765010616e-38,1.670322518130446e-39,7.015354576147873e-41,2.946448921982107e-42,1.2375085472324853e-43,6.991864538106543e-44,2.970215857652879e-45]","[0.0,0.0,0.0,0.0,0.0,0.0,0.0,0.0,0.0,0.0,0.0,0.0,0.0,0.0,0.0,0.0,0.0,0.0,0.0,0.0,0.0,0.9975691038302902,0.002398257093165452,3.219660018373682e-05,4.1064862808980745e-07,3.117722558238759e-08,6.192673739084312e-10,3.0716633174674954e-11,4.933234953705248e-13,2.9068739584511873e-14,5.02465843831919e-16,3.182308257066671e-17,1.959191300272541e-18,5.494169377935182e-20,1.4911357042760252e-21,3.202656885088841e-23,2.2812370122214537e-25,1.1045023190733514e-25,3.0090795141672514e-27,2.731014975858481e-28,3.0430185067817413e-31,1.7193080117839878e-31,1.2511931987857334e-33,3.0326433998519176e-34,1.273678965328406e-35,3.9769583765010616e-38,1.670322518130446e-39,7.015354576147873e-41,2.946448921982107e-42,1.2375085472324853e-43,6.991864538106543e-44,2.970215857652879e-45]",1.0,1.0,0.0,0.0,False,0.0,"{""all_recovered_sources_strict_prior"":true,""current_captured_at_utc"":""2026-06-09T21:11:52.019691+00:00"",""recovered_source_captured_at_utc"":[]}",b0a3341c1fa6b4f91c2cf9f2c5da83c45fd9e66e9efb11045436fc3c918855a2
B,seattle,2026-06-09,20260609T181337-0400,2026-06-09T22:13:37.605915+00:00,15:13:37.400485,913,peak_heating_window,F,M1_restatement,0,DEFINED,DEFINED,hgb,hgb,"[45,46,47,48,49,50,51,52,53,54,55,56,57,58,59,60,61,62,63,64,65,66,67,68,69,70,71,72,73,74,75,76,77,78,79,80,81,82,83,84,85,86,87,88,89,90,91,92,93]","[0.0,0.0,0.0,0.0,0.0,0.0,0.0,0.0,0.0,0.0,0.0,0.0,0.0,0.0,0.0,0.0,0.0,0.13603972053149224,0.6643596783940657,0.14993527678291224,0.04700489275364538,0.0017578553969188851,0.0005488329145141347,0.00031876212948220165,2.8677931439675853e-05,4.358195756357645e-06,1.2425450976130424e-06,5.69093815046251e-07,1.1284200785335222e-07,1.2167927630978253e-08,6.672577373024762e-09,1.0085734229481417e-09,5.004048485765243e-10,1.1777297797524644e-10,1.449615647702369e-11,5.004102050241933e-12,1.5305483016606483e-12,1.631238362100451e-13,3.43675980187366e-13,3.7387970005352836e-14,1.620088559174485e-14,4.6447708509611455e-15,2.7425901217988993e-16,1.0344734002854457e-16,1.3354183985904639e-18,3.739171516053299e-19,1.1639021671845668e-19,9.381361687566504e-19,8.178764161229582e-21]","[0.0,0.0,0.0,0.0,0.0,0.0,0.0,0.0,0.0,0.0,0.0,0.0,0.0,0.0,0.0,0.0,0.0,0.13603972053149224,0.6643596783940657,0.14993527678291224,0.04700489275364538,0.0017578553969188851,0.0005488329145141347,0.00031876212948220165,2.8677931439675853e-05,4.358195756357645e-06,1.2425450976130424e-06,5.69093815046251e-07,1.1284200785335222e-07,1.2167927630978253e-08,6.672577373024762e-09,1.0085734229481417e-09,5.004048485765243e-10,1.1777297797524644e-10,1.449615647702369e-11,5.004102050241933e-12,1.5305483016606483e-12,1.631238362100451e-13,3.43675980187366e-13,3.7387970005352836e-14,1.620088559174485e-14,4.6447708509611455e-15,2.7425901217988993e-16,1.0344734002854457e-16,1.3354183985904639e-18,3.739171516053299e-19,1.1639021671845668e-19,9.381361687566504e-19,8.178764161229582e-21]",1.0,1.0,0.0,0.0,False,0.0,"{""all_recovered_sources_strict_prior"":true,""current_captured_at_utc"":""2026-06-09T22:13:37.605915+00:00"",""recovered_source_captured_at_utc"":[]}",46660187182d6f52b1e0787da3498096ea6328d6ec0ae68f31bde8bc92512803
B,nyc,2026-06-12,20260612T162945-0400,2026-06-12T20:29:45.547591+00:00,16:29:45.225785,989,peak_heating_window,F,M5_cutoff_change,1,DEFINED,DEFINED,hgb,hgb,"[45,46,47,48,49,50,51,52,53,54,55,56,57,58,59,60,61,62,63,64,65,66,67,68,69,70,71,72,73,74,75,76,77,78,79,80,81,82,83,84,85,86,87,88,89,90,91,92,93,94,95,96,97,98,99,100,101,102]","[0.0,0.0,0.0,0.0,0.0,0.0,0.0,0.0,0.0,0.0,0.0,0.0,0.0,0.0,0.0,0.0,0.0,0.0,0.0,0.0,0.0,0.0,0.0,0.0,0.0,0.0,0.0,0.0,0.0,0.0,0.0,0.0,0.0,0.0,0.0,0.0,0.0,0.0,0.0,0.0,0.0,0.0,0.0,0.0,0.0,0.0,0.0,0.0,0.46546113608018913,0.4481249028725711,0.06982567310241132,0.011032354661317951,0.004242398761722179,0.000697514073772845,0.000325776095010206,0.0002827293573715536,5.8482774259406734e-06,1.6667182080075166e-06]","[0.0,0.0,0.0,0.0,0.0,0.0,0.0,0.0,0.0,0.0,0.0,0.0,0.0,0.0,0.0,0.0,0.0,0.0,0.0,0.0,0.0,0.0,0.0,0.0,0.0,0.0,0.0,0.0,0.0,0.0,0.0,0.0,0.0,0.0,0.0,0.0,0.0,0.0,0.0,0.0,0.0,0.0,0.0,0.0,0.0,0.0,0.0,0.0,0.0,0.6347110764407755,0.29397684203113805,0.04621998225023482,0.017502450515828775,0.0027998570499532076,0.0020893413308859282,0.0026725043281163197,2.1838998849087602e-05,6.107054218431568e-06]",1.0,1.0,0.9309222721603782,0.46546113608018913,True,1.0001787704159169,"{""all_recovered_sources_strict_prior"":true,""current_captured_at_utc"":""2026-06-12T20:29:45.547591+00:00"",""recovered_source_captured_at_utc"":[""2026-06-12T20:19:26.157789+00:00""]}",0e9812cfe8f02ffd07383424c588a35e8563756f3b1ab1311cbd1fc774826dc0
B,atlanta,2026-06-14,20260614T124102-0400,2026-06-14T16:41:02.509509+00:00,12:41:02.480497,761,settlement_window,F,M5_cutoff_change,1,DEFINED,DEFINED,hgb,hgb,"[46,47,48,49,50,51,52,53,54,55,56,57,58,59,60,61,62,63,64,65,66,67,68,69,70,71,72,73,74,75,76,77,78,79,80,81,82,83,84,85,86,87,88,89,90,91,92,93,94,95,96,97,98]","[0.0,0.0,0.0,0.0,0.0,0.0,0.0,0.0,0.0,0.0,0.0,0.0,0.0,0.0,0.0,0.0,0.0,0.0,0.0,0.0,0.0,0.0,0.0,0.0,0.0,0.0,0.0,0.0,0.0,0.0,0.0,0.0,0.0,0.0,0.0,0.0,0.0,0.0,0.0,0.0010000000000560615,0.0040295585329951315,0.06531281663748606,0.4716242659182728,0.2687080575600057,0.11177372773424443,0.05619276648158436,0.015775376353792885,0.004102051964510039,0.000853886265534275,0.0005889270979784611,3.546348684646056e-05,2.085595562961494e-06,1.0163711305896188e-06]","[0.0,0.0,0.0,0.0,0.0,0.0,0.0,0.0,0.0,0.0,0.0,0.0,0.0,0.0,0.0,0.0,0.0,0.0,0.0,0.0,0.0,0.0,0.0,0.0,0.0,0.0,0.0,0.0,0.0,0.0,0.0,0.0,0.0,0.0,0.0,0.0,0.0,0.0,0.0,0.0,0.0,0.11124592873711547,0.41245131756061915,0.26667371159792497,0.126393290472465,0.059725222873190445,0.014527388192993883,0.005901196851235887,0.0009597396112839717,0.001990904702798051,0.0001223161412695635,5.510899484150589e-06,3.472359619392774e-06]",1.0,1.0,0.13496968202716889,0.05917294835765363,False,0.0769114167262906,"{""all_recovered_sources_strict_prior"":true,""current_captured_at_utc"":""2026-06-14T16:41:02.509509+00:00"",""recovered_source_captured_at_utc"":[""2026-06-14T16:40:05.470755+00:00""]}",6f965763af19a1b38f2ee462fa7c203be7359ad5fc3b8dfe183a205e46534276
B,denver,2026-06-14,20260614T160132-0400,2026-06-14T20:01:32.847317+00:00,14:01:32.821274,841,peak_heating_window,F,M5_cutoff_change,1,DEFINED,DEFINED,hgb,hgb,"[46,47,48,49,50,51,52,53,54,55,56,57,58,59,60,61,62,63,64,65,66,67,68,69,70,71,72,73,74,75,76,77,78,79,80,81,82,83,84,85,86,87,88,89,90,91,92,93,94,95,96,97,98,99,100]","[0.0,0.0,0.0,0.0,0.0,0.0,0.0,0.0,0.0,0.0,0.0,0.0,0.0,0.0,0.0,0.0,0.0,0.0,0.0,0.0,0.0,0.0016910719604939222,0.008193907213880147,0.00815602374358578,0.04726517284010983,0.014880030270278378,0.11767776561072198,0.1547008478940893,0.04994198254107813,0.3115160727592693,0.15438350042497276,0.07395543992246424,0.03556641455147596,0.01722939594686504,0.0020427513209254566,0.0016423817678530275,0.0010099549478866585,7.139885601962648e-05,6.284464869398682e-05,6.880897656193548e-06,3.88843270826733e-06,1.5390616344403061e-06,5.875027702041444e-07,8.750166486819954e-08,4.01386468942246e-08,1.6063783254728104e-08,1.5811347576934187e-09,1.1070965951392756e-09,3.644160979766423e-10,9.333543202953312e-11,1.9308535424725288e-11,7.342384540017528e-12,7.373564702484148e-12,3.830575631862639e-13,8.19617716820047e-14]","[0.0,0.0,0.0,0.0,0.0,0.0,0.0,0.0,0.0,0.0,0.0,0.0,0.0,0.0,0.0,0.0,0.0,0.0,0.0,0.0,0.0,0.001633586459169611,0.06351369566340212,0.013111491776693565,0.09853059671033561,0.03658028604308078,0.14347550295193892,0.15588567244927695,0.06979667574731117,0.11304299432582528,0.14671571578600334,0.06883479107665984,0.06170369788400816,0.02138860515462516,0.0029403882567968984,0.0018853771536704628,0.0007609870354795658,9.226120568523603e-05,8.393519503090392e-05,7.94087637545513e-06,1.2513570679385318e-05,2.3190564169682055e-06,7.713315575902639e-07,1.1339658458312163e-07,4.9807800600832856e-08,2.62593435848248e-08,2.296080451482648e-09,1.870731405060507e-09,4.2033748738955225e-10,1.9980094145323774e-10,2.5879289345249884e-11,7.081515412842017e-12,5.279072442400996e-12,7.018222026230645e-13,3.559448942730516e-13]",0.9999999999999999,1.0,0.42313593066860883,0.19847307843344403,True,0.3344961231804473,"{""all_recovered_sources_strict_prior"":true,""current_captured_at_utc"":""2026-06-14T20:01:32.847317+00:00"",""recovered_source_captured_at_utc"":[""2026-06-14T19:59:15.841035+00:00""]}",856917ee52bc4c91fd32f2de4775d0620552fa6b90f5747767a2444a3ed2ec37
B,nyc,2026-06-14,20260614T152037-0400,2026-06-14T19:20:37.740857+00:00,15:20:37.712857,920,peak_heating_window,F,M5_cutoff_change,1,DEFINED,DEFINED,hgb,hgb,"[45,46,47,48,49,50,51,52,53,54,55,56,57,58,59,60,61,62,63,64,65,66,67,68,69,70,71,72,73,74,75,76,77,78,79,80,81,82,83,84,85,86,87,88,89,90,91,92,93,94,95,96,97,98,99,100]","[0.0,0.0,0.0,0.0,0.0,0.0,0.0,0.0,0.0,0.0,0.0,0.0,0.0,0.0,0.0,0.0,0.0,0.0,0.0,0.0,0.0,0.0,0.0,0.0,0.0,0.0,0.0,0.0,0.0,0.0,0.0,0.0,0.0,0.0,0.0,0.0,0.0,0.0,0.0,0.0,0.0,0.0,0.0,0.0,0.0,0.9361381985104837,0.06382758490858609,3.124523116848717e-05,2.7242975017614738e-06,2.42206415301627e-07,4.806211771101394e-09,3.747815300434531e-11,2.072122020400827e-12,5.640100750553476e-14,2.1624663477043457e-14,4.57983522783507e-15]","[0.0,0.0,0.0,0.0,0.0,0.0,0.0,0.0,0.0,0.0,0.0,0.0,0.0,0.0,0.0,0.0,0.0,0.0,0.0,0.0,0.0,0.0,0.0,0.0,0.0,0.0,0.0,0.0,0.0,0.0,0.0,0.0,0.0,0.0,0.0,0.0,0.0,0.0,0.0,0.0,0.0,0.0,0.0,0.0,0.0,0.9560063443233635,0.043984903001936235,7.743014140667702e-06,8.886234211671445e-07,1.1869312495652497e-07,2.3339940506094677e-09,9.478629475611318e-12,5.240620277460672e-13,1.4264423653272177e-14,2.133080795147548e-15,4.1452978520289497e-16]",1.0,1.0,0.039736291625759486,0.019868145812879767,False,0.0751394776632073,"{""all_recovered_sources_strict_prior"":true,""current_captured_at_utc"":""2026-06-14T19:20:37.740857+00:00"",""recovered_source_captured_at_utc"":[""2026-06-14T19:20:08.695445+00:00""]}",caf4098424c94d24b25c6f8f76b51f1a6c53dcfff8af4465fce1d8eab63996a5
B,san-francisco,2026-06-14,20260614T151103-0400,2026-06-14T19:11:03.742959+00:00,12:11:03.707969,731,settlement_window,F,M5_cutoff_change,1,DEFINED,DEFINED,hgb,hgb,"[46,47,48,49,50,51,52,53,54,55,56,57,58,59,60,61,62,63,64,65,66,67,68,69,70,71,72,73,74,75,76,77,78,79,80,81,82,83,84,85,86,87,88,89,90,91,92,93,94,95,96,97,98,99,100,101,102,103]","[0.0,0.0,0.0,0.0,0.0,0.0,0.0,0.0,0.0,0.0,0.0,0.0,0.0,0.0,0.0,0.0,0.0,0.0,0.0,0.0,0.001000000000031885,0.002285168679348427,0.013451499294254059,0.07383214827004501,0.09493389335736695,0.27353343886544346,0.09430029905134446,0.101139309627071,0.20652410623142878,0.0867456897150543,0.027142229939852738,0.016036464090866058,0.007783817517254294,0.0010857958792562853,0.00019863833271824781,6.4223369179011925e-06,8.922211928936195e-07,1.7618276222191725e-07,8.66048566916869e-09,1.6209069346638551e-09,1.011908986343779e-10,2.3266588208230498e-11,1.5990887663670295e-12,2.2173210336108411e-13,1.189027867495599e-13,1.0712058199868326e-15,1.3497193331834093e-16,3.7414219915844096e-18,4.714191709396358e-19,5.939881553839411e-20,1.7952125784456608e-19,1.5430405410022869e-19,5.400907501428669e-22,1.4971315593960272e-23,1.8863857648389945e-24,2.3768460636971335e-25,2.9948260402583884e-26,1.7152185503298047e-26]","[0.0,0.0,0.0,0.0,0.0,0.0,0.0,0.0,0.0,0.0,0.0,0.0,0.0,0.0,0.0,0.0,0.0,0.0,0.0,0.0,0.0,0.0018741275863194179,0.010873812233592626,0.050083638237856574,0.37849766781966115,0.08812692888107108,0.07325447195377845,0.06657026144295859,0.23690674394801262,0.05493341498370499,0.023470943273348005,0.009653764601497868,0.0049200937767011794,0.0007790233897824843,4.8632963024683874e-05,5.429601112651987e-06,8.920444624639059e-07,1.457857353896997e-07,6.402949090329185e-09,9.60647464323321e-10,8.469813394057109e-11,2.7382974757985715e-11,1.5106092015342566e-12,1.6864867963761035e-13,2.1864371108574732e-14,8.966135812963349e-16,1.129733112433382e-16,3.131620187665334e-18,3.945841436458322e-19,4.9717602099374864e-20,9.059079189480276e-20,1.4254824199227705e-20,4.520631728051779e-22,1.2531191150159533e-23,1.5789300849201015e-24,1.9894519069993274e-25,2.506709402819153e-26,1.4356608397964245e-26]",1.0,1.0,0.6278928243659888,0.2835637744622942,True,0.43425344297949453,"{""all_recovered_sources_strict_prior"":true,""current_captured_at_utc"":""2026-06-14T19:11:03.742959+00:00"",""recovered_source_captured_at_utc"":[""2026-06-14T19:10:34.577746+00:00""]}",73f624bba5119e4eb07e46c2433a1b02b75f660b40ee54e57c076c7ecf230cc3
B,seattle,2026-06-14,20260614T163704-0400,2026-06-14T20:37:04.299303+00:00,13:37:04.267796,817,settlement_window,F,M5_cutoff_change,1,DEFINED,DEFINED,hgb,hgb,"[46,47,48,49,50,51,52,53,54,55,56,57,58,59,60,61,62,63,64,65,66,67,68,69,70,71,72,73,74,75,76,77,78,79,80,81,82,83,84,85,86,87,88,89,90,91,92,93,94,95,96]","[0.0,0.0,0.0,0.0,0.0,0.0,0.0,0.0,0.0,0.0,0.0,0.0,0.0,0.0,0.0,0.0,0.0,0.0,0.0,0.0,0.0,0.0,0.0,0.0,0.0,0.0,0.0,0.0,0.0,0.0,0.0,0.0,0.0,0.0,0.0,0.001785239506260944,4.112107755245871e-05,0.0010744864401182642,0.09715980441439903,0.6607455069151451,0.04170580950040429,0.06723950203488074,0.10919749304297927,0.013862587799781698,0.0023405876858956097,0.0005429278408503092,0.004229991968053525,5.164101950536769e-05,1.641959292927079e-05,5.2210119233213455e-06,1.6601493207573033e-06]","[0.0,0.0,0.0,0.0,0.0,0.0,0.0,0.0,0.0,0.0,0.0,0.0,0.0,0.0,0.0,0.0,0.0,0.0,0.0,0.0,0.0,0.0,0.0,0.0,0.0,0.0,0.0,0.0,0.0,0.0,0.0,0.0,0.0,0.0,0.0,0.0,0.0,0.0,0.0,0.17788800477737496,0.39997404327194686,0.10048891212616527,0.31234870265893666,0.004719661873149747,0.000796877366725083,0.0001848454175614361,0.0035734378035951536,1.7581720986748548e-05,5.590220804382489e-06,1.7775476894832014e-06,5.652150641770564e-07]",1.0,1.0,1.1893377069575688,0.4828575021377701,True,0.800604375792968,"{""all_recovered_sources_strict_prior"":true,""current_captured_at_utc"":""2026-06-14T20:37:04.299303+00:00"",""recovered_source_captured_at_utc"":[""2026-06-14T20:36:08.792223+00:00""]}",3aa7505fba8b8eb32e6d467f7daa4ef03156d2bd855b9191859289a3948b7082
B,chicago,2026-06-15,20260615T134459-0400,2026-06-15T17:44:59.135621+00:00,12:44:58.112235,764,settlement_window,F,M5_cutoff_change,1,DEFINED,DEFINED,hgb,hgb,"[46,47,48,49,50,51,52,53,54,55,56,57,58,59,60,61,62,63,64,65,66,67,68,69,70,71,72,73,74,75,76,77,78,79,80,81,82,83,84,85,86,87,88,89,90,91,92,93,94,95,96,97,98]","[0.0,0.0,0.0,0.0,0.0,0.0,0.0,0.0,0.0,0.0,0.0,0.0,0.0,0.0,0.0,0.0,0.0,0.0,0.0,0.0,0.0,0.0,0.0,0.0,0.0036592608778216545,0.0020674042967569425,0.005969069113818343,0.028543376434421484,0.1441573683469342,0.554461591533515,0.09298525414447817,0.11428392182270307,0.037147338564522576,0.008424767983141453,0.00444515595341479,0.003197360136807011,0.00041999188761368344,0.0001448820026691461,4.8658649908615234e-05,3.153537191112583e-05,7.591236203673879e-06,3.969858230454639e-06,9.024518256886761e-07,3.198466864983822e-07,2.1123883653185312e-07,4.623159091136742e-08,1.4535410306963197e-08,5.05709211083589e-09,1.73769835413209e-09,5.513413310499474e-10,1.0461131130072202e-10,2.512679641877789e-11,4.908712855667835e-12]","[0.0,0.0,0.0,0.0,0.0,0.0,0.0,0.0,0.0,0.0,0.0,0.0,0.0,0.0,0.0,0.0,0.0,0.0,0.0,0.0,0.0,0.0,0.0,0.0,0.0,0.0039318147977723495,0.006973058695334302,0.017510689200471292,0.021196073816361866,0.6492224834949896,0.20163015754696037,0.06156243945069233,0.02216554139172366,0.00974706114108411,0.004069002503998389,0.0011231247770108748,0.0004067415773912903,0.0003867247289006487,4.0043814884524404e-05,2.282876728247886e-05,8.026106699811044e-06,2.8639180948894486e-06,8.102034243845078e-07,2.6791254894074793e-07,1.5006769168650732e-07,6.669179914068492e-08,2.3952463335979014e-08,3.4985941377371737e-09,1.5150427372964414e-09,3.3352174626560957e-10,7.156701044046441e-11,1.909404610346223e-11,4.600091937591031e-12]",1.0,1.0,0.41567759215683925,0.12296129453057235,False,0.36101632991932664,"{""all_recovered_sources_strict_prior"":true,""current_captured_at_utc"":""2026-06-15T17:44:59.135621+00:00"",""recovered_source_captured_at_utc"":[""2026-06-15T17:42:59.076906+00:00""]}",b161a3a58fa9cc7bb31e3622490b7aa69a67c1640a9ea1287ee1add324a7b806
B,dallas,2026-06-15,20260615T134402-0400,2026-06-15T17:44:02.740586+00:00,12:44:01.344299,764,settlement_window,F,M5_cutoff_change,1,DEFINED,DEFINED,hgb,hgb,"[46,47,48,49,50,51,52,53,54,55,56,57,58,59,60,61,62,63,64,65,66,67,68,69,70,71,72,73,74,75,76,77,78,79,80,81,82,83,84,85,86,87,88,89,90,91,92,93,94,95,96,97,98,99,100,101,102,103]","[0.0,0.0,0.0,0.0,0.0,0.0,0.0,0.0,0.0,0.0,0.0,0.0,0.0,0.0,0.0,0.0,0.0,0.0,0.0,0.0,0.0,0.0,0.0,0.0,0.0,0.0,0.0,0.0,0.0,0.0,0.0,0.0,0.0,0.0,0.0,0.0,0.0017043109428350961,0.013115170318556591,0.08178881453763358,0.16227842850948718,0.2324434581018901,0.18084727241904816,0.1400890831705763,0.14156394520819418,0.022842963000842872,0.019638370855518048,0.002524291966677168,0.0008686156153673369,0.00019970299171355105,7.335002774195608e-05,1.7141082681598094e-05,3.8614104776102565e-06,9.299144738309982e-07,2.3202056831312987e-07,5.184241912347229e-08,2.1338682751333312e-09,3.7096686019566263e-09,2.1976058651931238e-10]","[0.0,0.0,0.0,0.0,0.0,0.0,0.0,0.0,0.0,0.0,0.0,0.0,0.0,0.0,0.0,0.0,0.0,0.0,0.0,0.0,0.0,0.0,0.0,0.0,0.0,0.0,0.0,0.0,0.0,0.0,0.0,0.0,0.0,0.0,0.0,0.0,0.0,0.014385904556514428,0.05176633906583064,0.14471632328171358,0.26560334541249403,0.1756632337150381,0.22744419482058856,0.08742062578815775,0.015033745691195734,0.013980155526302105,0.0026467777173832556,0.0008625480881414315,0.00030390405659244907,0.00012020887944900384,3.9423382245523034e-05,8.992085308715566e-06,3.1041560033178458e-06,8.891659763449742e-07,2.437049649961329e-07,1.4534244818776426e-08,2.432132426966475e-08,2.0505311242399988e-09]",1.0,1.0,0.24417949986509435,0.08735511165001225,False,0.13280716509547646,"{""all_recovered_sources_strict_prior"":true,""current_captured_at_utc"":""2026-06-15T17:44:02.740586+00:00"",""recovered_source_captured_at_utc"":[""2026-06-15T17:43:01.507245+00:00""]}",a86ee5809c4d5d27cc58d268f0f29b9dfc3921bdd4293efeb9a47fa7442eb35b
B,austin,2026-06-16,20260616T140819-0400,2026-06-16T18:08:19.457890+00:00,13:08:18.277124,788,settlement_window,F,M5_cutoff_change,1,DEFINED,DEFINED,hgb,hgb,"[46,47,48,49,50,51,52,53,54,55,56,57,58,59,60,61,62,63,64,65,66,67,68,69,70,71,72,73,74,75,76,77,78,79,80,81,82,83,84,85,86,87,88,89,90,91,92,93,94,95,96,97,98,99,100,101,102,103,104,105,106,107]","[0.0,0.0,0.0,0.0,0.0,0.0,0.0,0.0,0.0,0.0,0.0,0.0,0.0,0.0,0.0,0.0,0.0,0.0,0.0,0.0,0.0,0.0,0.0,0.0,0.0,0.0,0.0,0.0,0.0,0.0,0.0,0.0,0.0,0.0,0.0,0.0,0.0,0.0,0.0,0.0010000000000159638,0.0021216509037860812,0.0067366390575035314,0.04118043074378615,0.40480480200699276,0.41577725529973536,0.11668246066517993,0.007703347149223624,0.0037288576866086067,0.0001642542839962852,8.397709154175035e-05,1.1260046053061195e-05,4.062847468146546e-06,7.387582494115354e-07,2.3386335239147048e-07,2.4262987243533135e-08,4.269226666128569e-09,1.0349836162645248e-09,7.615556478599549e-12,2.07024836311444e-11,5.970596279222045e-13,1.6717669581821733e-13,2.2723046033544095e-13]","[0.0,0.0,0.0,0.0,0.0,0.0,0.0,0.0,0.0,0.0,0.0,0.0,0.0,0.0,0.0,0.0,0.0,0.0,0.0,0.0,0.0,0.0,0.0,0.0,0.0,0.0,0.0,0.0,0.0,0.0,0.0,0.0,0.0,0.0,0.0,0.0,0.0,0.0,0.0,0.0,0.0,0.01155443995836191,0.03969079452104959,0.5560005847080178,0.16793091343201283,0.21156172996579523,0.009540002302299724,0.0030753271350451397,0.00045280486782843223,0.0001460602823456417,3.086517073215995e-05,1.3062275000356598e-05,2.632409293875708e-06,6.221973913179221e-07,1.215798962596395e-07,3.064865081660998e-08,8.158265574378325e-09,1.0713465557596991e-10,2.616473932223483e-10,1.1033471475388312e-11,3.540815322803786e-12,4.65707174595669e-12]",1.0,1.0,0.5062223190916492,0.24784634186772253,True,0.5274256101567385,"{""all_recovered_sources_strict_prior"":true,""current_captured_at_utc"":""2026-06-16T18:08:19.457890+00:00"",""recovered_source_captured_at_utc"":[""2026-06-16T18:07:19.872380+00:00""]}",7cf114adb97776ef31ec9b8c4c89b8885870c9ebe4def96a70737f20555e283a
B,austin,2026-06-16,20260616T142714-0400,2026-06-16T18:27:14.045044+00:00,13:27:13.574779,807,settlement_window,F,M5_cutoff_change,1,DEFINED,DEFINED,hgb,hgb,"[46,47,48,49,50,51,52,53,54,55,56,57,58,59,60,61,62,63,64,65,66,67,68,69,70,71,72,73,74,75,76,77,78,79,80,81,82,83,84,85,86,87,88,89,90,91,92,93,94,95,96,97,98,99,100,101,102,103,104,105,106,107]","[0.0,0.0,0.0,0.0,0.0,0.0,0.0,0.0,0.0,0.0,0.0,0.0,0.0,0.0,0.0,0.0,0.0,0.0,0.0,0.0,0.0,0.0,0.0,0.0,0.0,0.0,0.0,0.0,0.0,0.0,0.0,0.0,0.0,0.0,0.0,0.0,0.0,0.0,0.0,0.001000000000013665,0.0018014993242299294,0.00687044380939359,0.4300147873638322,0.26490434956167674,0.21487950162364658,0.07205520917494031,0.00558079220523034,0.002677787996714235,0.00013534880184375159,6.579056812127856e-05,9.21394591564227e-06,4.478326472592305e-06,5.97243652544553e-07,1.7634383075962531e-07,1.930584029815604e-08,3.5074763689539074e-09,8.71930466861865e-10,6.557857132767336e-12,1.7827184438590814e-11,5.141359992089591e-13,1.4395807977850863e-13,1.9567117639797276e-13]","[0.0,0.0,0.0,0.0,0.0,0.0,0.0,0.0,0.0,0.0,0.0,0.0,0.0,0.0,0.0,0.0,0.0,0.0,0.0,0.0,0.0,0.0,0.0,0.0,0.0,0.0,0.0,0.0,0.0,0.0,0.0,0.0,0.0,0.0,0.0,0.0,0.0,0.0,0.0,0.0,0.0,0.014986977353828222,0.05323882699636752,0.542230615706285,0.1789208012494563,0.19680768883053465,0.009893067629786865,0.0032358925455382996,0.00048127497271893336,0.00015498030209966132,3.2802369160180345e-05,1.3447710726629978e-05,2.794766655219842e-06,6.590804285061099e-07,1.288852711736576e-07,3.250039767209068e-08,8.687083605873198e-09,1.1421646266335605e-10,2.7894278987767404e-10,1.1762805191661568e-11,3.774870035663492e-12,4.964913158426579e-12]",1.0000000000000002,1.0,0.8310723201317971,0.3767759603674647,True,0.8149374916374379,"{""all_recovered_sources_strict_prior"":true,""current_captured_at_utc"":""2026-06-16T18:27:14.045044+00:00"",""recovered_source_captured_at_utc"":[""2026-06-16T18:26:12.838925+00:00""]}",59820ad2675ddc8d2b2f8b228015df78f18f1985a6743f8062472284b7c56f5b
B,austin,2026-06-16,20260616T153209-0400,2026-06-16T19:32:09.541501+00:00,14:32:09.181196,872,peak_heating_window,F,M5_cutoff_change,1,DEFINED,DEFINED,hgb,hgb,"[46,47,48,49,50,51,52,53,54,55,56,57,58,59,60,61,62,63,64,65,66,67,68,69,70,71,72,73,74,75,76,77,78,79,80,81,82,83,84,85,86,87,88,89,90,91,92,93,94,95,96,97,98,99,100,101,102,103,104,105,106,107]","[0.0,0.0,0.0,0.0,0.0,0.0,0.0,0.0,0.0,0.0,0.0,0.0,0.0,0.0,0.0,0.0,0.0,0.0,0.0,0.0,0.0,0.0,0.0,0.0,0.0,0.0,0.0,0.0,0.0,0.0,0.0,0.0,0.0,0.0,0.0,0.0,0.0,0.0,0.0,0.0,0.0,0.003581032752134531,0.023988876664050206,0.07991526522824775,0.16762776909300714,0.6875457711987645,0.02863992951022578,0.007217732886650409,0.0010361290533023107,0.0003364642038027631,7.172871519092745e-05,3.1374978498037596e-05,6.08402060984345e-06,1.4663829606680126e-06,2.845305581579705e-07,7.155345430864283e-08,1.836463807295345e-08,2.3853336064487686e-10,5.825531586746157e-10,2.4565823415911373e-11,7.883560868614994e-12,1.0368885477394663e-11]","[0.0,0.0,0.0,0.0,0.0,0.0,0.0,0.0,0.0,0.0,0.0,0.0,0.0,0.0,0.0,0.0,0.0,0.0,0.0,0.0,0.0,0.0,0.0,0.0,0.0,0.0,0.0,0.0,0.0,0.0,0.0,0.0,0.0,0.0,0.0,0.0,0.0,0.0,0.0,0.0,0.0,0.0,0.04010196255821595,0.13585937239826268,0.5151332776110888,0.24044272681913417,0.035737803409228094,0.02907398514157404,0.00230561498151237,0.0009465361475592183,0.00026080397332276607,9.594429700473896e-05,3.069708096640302e-05,8.272620543806188e-06,2.049223815122433e-06,7.481043095271198e-07,1.9105517102927444e-07,4.263426241539395e-09,9.201352785786308e-09,6.014958680814394e-10,2.2592775951804553e-10,2.860888872858109e-10]",1.0,1.0,0.9013681542635299,0.44710304437963033,True,0.7309092707958318,"{""all_recovered_sources_strict_prior"":true,""current_captured_at_utc"":""2026-06-16T19:32:09.541501+00:00"",""recovered_source_captured_at_utc"":[""2026-06-16T19:31:13.143268+00:00""]}",594dc46d620919af974c6053368126f8c21a9e7ff1686da5a5d287886c30e011
B,dallas,2026-06-16,20260616T134914-0400,2026-06-16T17:49:14.502152+00:00,12:49:14.067278,769,settlement_window,F,M5_cutoff_change,1,DEFINED,DEFINED,hgb,hgb,"[46,47,48,49,50,51,52,53,54,55,56,57,58,59,60,61,62,63,64,65,66,67,68,69,70,71,72,73,74,75,76,77,78,79,80,81,82,83,84,85,86,87,88,89,90,91,92,93,94,95,96,97,98,99,100,101,102,103]","[0.0,0.0,0.0,0.0,0.0,0.0,0.0,0.0,0.0,0.0,0.0,0.0,0.0,0.0,0.0,0.0,0.0,0.0,0.0,0.0,0.0,0.0,0.0,0.0,0.0,0.0,0.0,0.0,0.0,0.0,0.0,0.0,0.0,0.0,0.0,0.0,0.0,0.0016851917886639386,0.010492201019314149,0.042724944523153716,0.05421826240566846,0.056299918114899476,0.11883088151124206,0.21267977236950303,0.1512370279376418,0.24619264295637644,0.05042303407838607,0.045190178398272725,0.0066176683985383995,0.002969553748019568,0.00033516694384952596,7.578557903935225e-05,2.1644594820718462e-05,5.002304360291944e-06,9.698909486942274e-07,7.729246504779215e-08,7.185794421533005e-08,4.2868923236863336e-09]","[0.0,0.0,0.0,0.0,0.0,0.0,0.0,0.0,0.0,0.0,0.0,0.0,0.0,0.0,0.0,0.0,0.0,0.0,0.0,0.0,0.0,0.0,0.0,0.0,0.0,0.0,0.0,0.0,0.0,0.0,0.0,0.0,0.0,0.0,0.0,0.0,0.0,0.0,0.009984207326529517,0.027499156576793467,0.062477739716944446,0.05959711679926012,0.10516977907263776,0.09489832234127535,0.36580598215179205,0.2065154715419108,0.044951160416240005,0.013329886622945453,0.007706690159149468,0.001471662836898664,0.000428817667747524,0.00011286887268700898,3.655978415375188e-05,1.097832680316315e-05,2.8844934995232096e-06,3.1067841839386577e-07,3.7889712759433554e-07,2.5717185935049137e-08]",1.0,1.0,0.4547375073154013,0.21456895421415026,True,0.28714121980197693,"{""all_recovered_sources_strict_prior"":true,""current_captured_at_utc"":""2026-06-16T17:49:14.502152+00:00"",""recovered_source_captured_at_utc"":[""2026-06-16T17:47:21.570282+00:00""]}",38e9ac2884092ec15d39d452157f0b4fd26ca0c3137da944341e41e392ae7295
B,denver,2026-06-16,20260616T140828-0400,2026-06-16T18:08:28.111553+00:00,12:08:26.784936,728,settlement_window,F,M5_cutoff_change,1,DEFINED,DEFINED,hgb,hgb,"[46,47,48,49,50,51,52,53,54,55,56,57,58,59,60,61,62,63,64,65,66,67,68,69,70,71,72,73,74,75,76,77,78,79,80,81,82,83,84,85,86,87,88,89,90,91,92,93,94,95,96,97,98,99,100,101,102]","[0.0,0.0,0.0,0.0,0.0,0.0,0.0,0.0,0.0,0.0,0.0,0.0,0.0,0.0,0.0,0.0,0.0,0.0,0.0,0.0,0.0,0.0,0.0,0.0,0.0,0.0,0.0,0.0,0.001,3.187115595385522e-09,1.4924257961605024e-08,3.539895774519035e-07,1.6428032398856229e-06,1.8338905337052836e-05,6.994970755283512e-05,0.001502886583205125,0.017446586369362617,0.018763222390487045,0.06836551704187036,0.043996416688836255,0.03947997788462772,0.03904898715238654,0.06871467071600883,0.08401559208655593,0.09113502491206844,0.1617182857202543,0.023274732211925817,0.33861945339839106,0.0018017691881388746,0.0009176599778165722,7.772850566834639e-05,2.428762567872903e-05,5.013537993802294e-06,1.3047369256924975e-06,5.699929510174233e-07,4.316956393375658e-09,5.44480986551885e-09]","[0.0,0.0,0.0,0.0,0.0,0.0,0.0,0.0,0.0,0.0,0.0,0.0,0.0,0.0,0.0,0.0,0.0,0.0,0.0,0.0,0.0,0.0,0.0,0.0,0.0,0.0,0.0,0.0,0.0,0.0,0.0,0.0,0.0,0.0017358091720316834,0.00010714114477433663,0.0016172295254768077,0.01572920926387947,0.014833543729755929,0.04868478816483026,0.039800674830644686,0.02987218654708849,0.04798451053583924,0.08840946005538429,0.49199180833462675,0.06340930346286126,0.10715252920189405,0.018348638341133837,0.02605794925058439,0.0018954802007274353,0.0021904742187159425,7.733985599013335e-05,7.778011952224912e-05,1.5898374316366178e-05,7.517663515939575e-06,6.89209149373967e-07,1.7395676789592856e-08,2.1401580398759127e-08]",1.0,1.0,0.8798255947580409,0.4079762162480708,True,0.7273435310253157,"{""all_recovered_sources_strict_prior"":true,""current_captured_at_utc"":""2026-06-16T18:08:28.111553+00:00"",""recovered_source_captured_at_utc"":[""2026-06-16T18:07:24.421332+00:00""]}",d8db8dfc9972ab2d7a9d60ab07b13f2a9cf22b5b240edcd9d77d81ab02474f18
B,denver,2026-06-16,20260616T142719-0400,2026-06-16T18:27:19.051831+00:00,12:27:18.560598,747,settlement_window,F,M5_cutoff_change,1,DEFINED,DEFINED,hgb,hgb,"[46,47,48,49,50,51,52,53,54,55,56,57,58,59,60,61,62,63,64,65,66,67,68,69,70,71,72,73,74,75,76,77,78,79,80,81,82,83,84,85,86,87,88,89,90,91,92,93,94,95,96,97,98,99,100,101,102]","[0.0,0.0,0.0,0.0,0.0,0.0,0.0,0.0,0.0,0.0,0.0,0.0,0.0,0.0,0.0,0.0,0.0,0.0,0.0,0.0,0.0,0.0,0.0,0.0,0.0,0.0,0.0,0.0,0.0,0.0,0.0,0.0,0.0,0.0017576650242085178,1.680237225061176e-05,0.0002518381003627469,0.002450564330580298,0.005248851457001681,0.050383849184253544,0.04207628560074601,0.03085804073980456,0.05023801902637268,0.06196974985425808,0.5261425680899982,0.06551990959939252,0.11165824552273856,0.019301384603565546,0.027629314045832704,0.0019887041482562493,0.0023202181135738268,7.996551546730758e-05,8.251407967199562e-05,1.6769876210530023e-05,7.970120437827454e-06,7.305735185558046e-07,1.7944594146949575e-08,2.207690330213546e-08]","[0.0,0.0,0.0,0.0,0.0,0.0,0.0,0.0,0.0,0.0,0.0,0.0,0.0,0.0,0.0,0.0,0.0,0.0,0.0,0.0,0.0,0.0,0.0,0.0,0.0,0.0,0.0,0.0,0.0,0.0,0.0,0.0,0.0,0.0,0.0,0.0,0.002027236980823419,0.005517449466348149,0.04590286490472331,0.03839663611649582,0.02717536730092397,0.036094773063181804,0.16543814673114807,0.23916699446970832,0.07627145179321584,0.24805344708916854,0.0516527971672447,0.05838362143209891,0.004162376525701944,0.0014976100338082307,0.00019922471012259085,4.3894826673448225e-05,1.1897839995045851e-05,3.451749431473464e-06,7.186037936023478e-07,1.7574190435908678e-08,2.1621202446243328e-08]",1.0,1.0,0.6325647803370721,0.2869755736202898,True,0.4312294737338399,"{""all_recovered_sources_strict_prior"":true,""current_captured_at_utc"":""2026-06-16T18:27:19.051831+00:00"",""recovered_source_captured_at_utc"":[""2026-06-16T18:26:20.587005+00:00""]}",3840d94aa7c7026b5f323649faff4fe6e789f02f3a825c0d3a9a9286f2dfc9dc
B,denver,2026-06-16,20260616T174520-0400,2026-06-16T21:45:20.498621+00:00,15:45:19.655771,945,peak_heating_window,F,M5_cutoff_change,1,DEFINED,DEFINED,hgb,hgb,"[45,46,47,48,49,50,51,52,53,54,55,56,57,58,59,60,61,62,63,64,65,66,67,68,69,70,71,72,73,74,75,76,77,78,79,80,81,82,83,84,85,86,87,88,89,90,91,92,93,94,95,96,97,98,99,100,101,102]","[0.0,0.0,0.0,0.0,0.0,0.0,0.0,0.0,0.0,0.0,0.0,0.0,0.0,0.0,0.0,0.0,0.0,0.0,0.0,0.0,0.0,0.0,0.0,0.0,0.0,0.0,0.0,0.0,0.0,0.0,0.0,0.0,0.0,0.0,0.0,0.0,0.0,0.0,0.0,0.0,0.0,0.0,0.0,0.0,0.020581717168194666,0.12930105402057693,0.5721212798070343,0.21526664537139395,0.05453270386713443,0.004230701924500416,0.003510645164580791,0.0002178019123771985,0.0001810232236679633,3.698973655856269e-05,1.0361539375460338e-05,8.85244686522686e-06,1.0442922193003477e-07,1.1938851806693554e-07]","[0.0,0.0,0.0,0.0,0.0,0.0,0.0,0.0,0.0,0.0,0.0,0.0,0.0,0.0,0.0,0.0,0.0,0.0,0.0,0.0,0.0,0.0,0.0,0.0,0.0,0.0,0.0,0.0,0.0,0.0,0.0,0.0,0.0,0.0,0.0,0.0,0.0,0.0,0.0,0.0,0.0,0.0,0.0,0.0,0.0,0.2216643050538345,0.31562361458043015,0.45457692076395817,0.005547997852254723,0.0012459312918938828,0.0009524864229089688,0.0003097907742820752,3.982896918762499e-05,2.9026898063984966e-05,6.213530733933733e-06,3.7407263463174054e-06,6.678466219779154e-08,7.635144360969357e-08]",0.9999999999999998,1.0,0.663531030575453,0.25649766522660417,True,0.4746131977771509,"{""all_recovered_sources_strict_prior"":true,""current_captured_at_utc"":""2026-06-16T21:45:20.498621+00:00"",""recovered_source_captured_at_utc"":[""2026-06-16T21:42:14.275848+00:00""]}",35f0a7778eb0e7c595b5c59dee83c7c6b391acefc42e7ed0f4fe0635cb4b3a2c
B,denver,2026-06-16,20260616T190342-0400,2026-06-16T23:03:42.064001+00:00,17:03:41.551254,1023,settlement_window,F,M5_cutoff_change,1,DEFINED,DEFINED,hgb,hgb,"[46,47,48,49,50,51,52,53,54,55,56,57,58,59,60,61,62,63,64,65,66,67,68,69,70,71,72,73,74,75,76,77,78,79,80,81,82,83,84,85,86,87,88,89,90,91,92,93,94,95,96,97,98,99,100,101,102,103]","[0.0,0.0,0.0,0.0,0.0,0.0,0.0,0.0,0.0,0.0,0.0,0.0,0.0,0.0,0.0,0.0,0.0,0.0,0.0,0.0,0.0,0.0,0.0,0.0,0.0,0.0,0.0,0.0,0.0,0.0,0.0,0.0,0.0,0.0,0.0,0.0,0.0,0.0,0.0,0.0,0.0,0.0,0.0,0.0,0.008755784722923012,0.03188916847161973,0.6107051624616358,0.31253802559135646,0.02211518534852237,0.011698578235560917,0.0019106840002735864,0.00029517476296259115,6.312474019704348e-05,2.5055387853571898e-05,3.1743586844475363e-06,8.713821480855051e-07,7.587753516340519e-09,2.9485087334008858e-09]","[0.0,0.0,0.0,0.0,0.0,0.0,0.0,0.0,0.0,0.0,0.0,0.0,0.0,0.0,0.0,0.0,0.0,0.0,0.0,0.0,0.0,0.0,0.0,0.0,0.0,0.0,0.0,0.0,0.0,0.0,0.0,0.0,0.0,0.0,0.0,0.0,0.0,0.0,0.0,0.0,0.0,0.0,0.0,0.0,0.0,0.748085596836108,0.2344099237473854,0.014655204872057348,0.002074519172503877,0.000485805660268305,0.00017641851818870428,7.883029065298226e-05,2.870981554423558e-05,4.436007042704828e-06,5.047462682428121e-07,4.891377990941786e-08,1.0287564050740652e-09,3.9144378095434855e-10]",1.0,1.0,1.4323928567289763,0.7161964283644883,True,0.8950258264717418,"{""all_recovered_sources_strict_prior"":true,""current_captured_at_utc"":""2026-06-16T23:03:42.064001+00:00"",""recovered_source_captured_at_utc"":[""2026-06-16T23:02:44.924256+00:00""]}",1a4e0fefa39c6329eee8cb10bb156485f52593a880048b6a2d9641d8d95e83a2
B,miami,2026-06-16,20260616T142725-0400,2026-06-16T18:27:25.901651+00:00,14:27:25.602478,867,peak_heating_window,F,M5_cutoff_change,1,DEFINED,DEFINED,hgb,hgb,"[46,47,48,49,50,51,52,53,54,55,56,57,58,59,60,61,62,63,64,65,66,67,68,69,70,71,72,73,74,75,76,77,78,79,80,81,82,83,84,85,86,87,88,89,90,91,92,93,94,95,96,97,98,99,100,101]","[0.0,0.0,0.0,0.0,0.0,0.0,0.0,0.0,0.0,0.0,0.0,0.0,0.0,0.0,0.0,0.0,0.0,0.0,0.0,0.0,0.0,0.0,0.0,0.0,0.0,0.0,0.0,0.0,0.0,0.0,0.0,0.0,0.0,0.0,0.0,0.0,0.0,0.0,0.0,0.0,0.0,0.0,0.0,0.0,0.0,0.0,0.201044680887455,0.10135062625000557,0.5046783513912605,0.19157704743224754,0.0006000187019636031,0.0006380559548111801,7.148173327788965e-05,2.6390862727824062e-05,9.746936168916144e-06,3.5998500819267503e-06]","[0.0,0.0,0.0,0.0,0.0,0.0,0.0,0.0,0.0,0.0,0.0,0.0,0.0,0.0,0.0,0.0,0.0,0.0,0.0,0.0,0.0,0.0,0.0,0.0,0.0,0.0,0.0,0.0,0.0,0.0,0.0,0.0,0.0,0.0,0.0,0.0,0.0,0.0,0.0,0.0,0.0,0.0,0.0,0.0,0.0,0.0,0.0,0.0,0.38971201160760544,0.6092396177301833,0.0004662008322279852,0.0004957549092512083,5.553967473712592e-05,2.05050978022222e-05,7.573146868174442e-06,2.79700132445544e-06]",0.9999999999999999,1.0,0.8353251405958716,0.41766257029793574,True,0.5830445025924256,"{""all_recovered_sources_strict_prior"":true,""current_captured_at_utc"":""2026-06-16T18:27:25.901651+00:00"",""recovered_source_captured_at_utc"":[""2026-06-16T18:26:27.359935+00:00""]}",9365a67689f8e75ee1961d01963e7335b2430eb8ae90b22e632e5003d4654fc3
B,miami,2026-06-16,20260616T143511-0400,2026-06-16T18:35:11.454064+00:00,14:35:11.101696,875,peak_heating_window,F,M5_cutoff_change,1,DEFINED,DEFINED,hgb,hgb,"[46,47,48,49,50,51,52,53,54,55,56,57,58,59,60,61,62,63,64,65,66,67,68,69,70,71,72,73,74,75,76,77,78,79,80,81,82,83,84,85,86,87,88,89,90,91,92,93,94,95,96,97,98,99,100,101]","[0.0,0.0,0.0,0.0,0.0,0.0,0.0,0.0,0.0,0.0,0.0,0.0,0.0,0.0,0.0,0.0,0.0,0.0,0.0,0.0,0.0,0.0,0.0,0.0,0.0,0.0,0.0,0.0,0.0,0.0,0.0,0.0,0.0,0.0,0.0,0.0,0.0,0.0,0.0,0.0,0.0,0.0,0.0,0.0,0.0,0.0,0.201044680887455,0.10135062625000557,0.5046783513912605,0.19157704743224754,0.0006000187019636031,0.0006380559548111801,7.148173327788965e-05,2.6390862727824062e-05,9.746936168916144e-06,3.5998500819267503e-06]","[0.0,0.0,0.0,0.0,0.0,0.0,0.0,0.0,0.0,0.0,0.0,0.0,0.0,0.0,0.0,0.0,0.0,0.0,0.0,0.0,0.0,0.0,0.0,0.0,0.0,0.0,0.0,0.0,0.0,0.0,0.0,0.0,0.0,0.0,0.0,0.0,0.0,0.0,0.0,0.0,0.0,0.0,0.0,0.0,0.0,0.0,0.0,0.0,0.38971201160760544,0.6092396177301833,0.0004662008322279852,0.0004957549092512083,5.553967473712592e-05,2.05050978022222e-05,7.573146868174442e-06,2.79700132445544e-06]",0.9999999999999999,1.0,0.8353251405958716,0.41766257029793574,True,0.5830445025924256,"{""all_recovered_sources_strict_prior"":true,""current_captured_at_utc"":""2026-06-16T18:35:11.454064+00:00"",""recovered_source_captured_at_utc"":[""2026-06-16T18:34:18.683414+00:00""]}",f791e7bd00b1da73b2e8383cb4721ee72bc2605e628d16b7993b0bbbd15e23f4
B,nyc,2026-06-16,20260616T143505-0400,2026-06-16T18:35:05.682865+00:00,14:35:05.160286,875,peak_heating_window,F,M5_cutoff_change,1,DEFINED,DEFINED,hgb,hgb,"[46,47,48,49,50,51,52,53,54,55,56,57,58,59,60,61,62,63,64,65,66,67,68,69,70,71,72,73,74,75,76,77,78,79,80,81,82,83,84,85,86,87,88,89,90,91,92,93,94,95,96,97,98,99,100]","[0.0,0.0,0.0,0.0,0.0,0.0,0.0,0.0,0.0,0.0,0.0,0.0,0.0,0.0,0.0,0.0,0.0,0.0,0.0,0.0,0.0,0.0,0.0,0.0,0.0,0.0,0.0,0.0035145394650413246,0.012108645339954349,0.07817025802221005,0.36515540413987874,0.05225251230813604,0.34320016780215024,0.032060361685522135,0.0999212319102166,0.008886101652952703,0.003195990741851318,0.0009072311025041756,0.00033688068576428977,0.00019516123467369832,7.368309716085517e-05,1.4050505578530643e-05,5.0018524763599554e-06,1.4930254560650457e-06,9.63023790058917e-07,2.5081190240083137e-07,3.375729911761509e-08,2.158803043752194e-08,1.2524799385940681e-08,3.222815339185062e-09,2.3130893575596872e-10,1.4807812026399683e-10,5.561959727437211e-11,1.225753810460677e-11,5.257176825171622e-11]","[0.0,0.0,0.0,0.0,0.0,0.0,0.0,0.0,0.0,0.0,0.0,0.0,0.0,0.0,0.0,0.0,0.0,0.0,0.0,0.0,0.0,0.0,0.0,0.0,0.0,0.0,0.0,0.0,0.013897087676830493,0.4488325298713403,0.12905035182919739,0.05991311248048874,0.25341050449123753,0.02431946005891943,0.05764630268144145,0.009072004439782037,0.002492735923447105,0.0008157287890882486,0.0003490426810007961,0.00012829326203147098,5.448563901882644e-05,1.1646033654914362e-05,4.5472349259303105e-06,1.286260147641474e-06,5.939384975906535e-07,2.2732809233892954e-07,2.98534308228645e-08,1.4722743320765094e-08,1.1365313468953123e-08,3.0351860678473028e-09,2.045591766166474e-10,1.3095360219071197e-10,4.918745998727157e-11,1.0840013135812632e-11,8.644038660813734e-12]",1.0,1.0,0.7606187582808496,0.37066227184913025,True,0.4910911991063357,"{""all_recovered_sources_strict_prior"":true,""current_captured_at_utc"":""2026-06-16T18:35:05.682865+00:00"",""recovered_source_captured_at_utc"":[""2026-06-16T18:34:14.273088+00:00""]}",a072d6dccaf90a4e595260bb5c666607ada12bb3571876a03c5d3dd85eaa3100
B,seattle,2026-06-16,20260616T181437-0400,2026-06-16T22:14:37.092083+00:00,15:14:36.687753,914,peak_heating_window,F,M5_cutoff_change,1,DEFINED,DEFINED,hgb,hgb,"[45,46,47,48,49,50,51,52,53,54,55,56,57,58,59,60,61,62,63,64,65,66,67,68,69,70,71,72,73,74,75,76,77,78,79,80,81,82,83,84,85,86,87,88,89,90,91,92,93]","[0.0,0.0,0.0,0.0,0.0,0.0,0.0,0.0,0.0,0.0,0.0,0.0,0.0,0.0,0.0,0.0,0.0,0.0,0.0,0.0,0.0,0.0,0.0,0.0,0.0,0.0,0.0,0.0,0.01071432634892214,0.040061183048645484,0.6020749141297757,0.16935658114317542,0.15811023923773446,0.018602217321626754,0.0006317899626237029,0.0003445285290436077,6.303434605374338e-05,1.8564924488893432e-05,1.7803673646450693e-05,1.7861634286001479e-06,2.643690957408475e-06,2.973309507318003e-07,7.470650798097733e-08,1.4932561897966198e-08,2.3684776010492064e-10,7.531157833279083e-11,2.6288371493056446e-11,1.6899573602644233e-10,2.4134227108312358e-12]","[0.0,0.0,0.0,0.0,0.0,0.0,0.0,0.0,0.0,0.0,0.0,0.0,0.0,0.0,0.0,0.0,0.0,0.0,0.0,0.0,0.0,0.0,0.0,0.0,0.0,0.0,0.0,0.0,0.0,0.0,0.5799118652303153,0.29292265110939175,0.12031525753384735,0.00636042714301264,0.0002378218413130328,0.00012694706452991494,0.00011769056576490473,3.810886337481332e-06,2.602670983157121e-06,4.6830372726021683e-07,3.938144443263972e-07,5.0214258571094897e-08,8.852228304318964e-09,4.5068742550221045e-09,1.7570358144527475e-11,4.919700280467693e-12,4.408618926648076e-12,2.3596532670396603e-10,1.0760958186895522e-13]",0.9999999999999997,0.9999999999999998,0.24724145250579407,0.12356606996621633,False,0.09849915811951622,"{""all_recovered_sources_strict_prior"":true,""current_captured_at_utc"":""2026-06-16T22:14:37.092083+00:00"",""recovered_source_captured_at_utc"":[""2026-06-16T22:13:48.633532+00:00""]}",a0b93dfd47852101868cbb531f865b5c65580356d430252dd83a4075b4cf834b
B,seattle,2026-06-16,20260616T181743-0400,2026-06-16T22:17:43.680973+00:00,15:17:43.340101,917,peak_heating_window,F,M5_cutoff_change,1,DEFINED,DEFINED,hgb,hgb,"[45,46,47,48,49,50,51,52,53,54,55,56,57,58,59,60,61,62,63,64,65,66,67,68,69,70,71,72,73,74,75,76,77,78,79,80,81,82,83,84,85,86,87,88,89,90,91,92,93]","[0.0,0.0,0.0,0.0,0.0,0.0,0.0,0.0,0.0,0.0,0.0,0.0,0.0,0.0,0.0,0.0,0.0,0.0,0.0,0.0,0.0,0.0,0.0,0.0,0.0,0.0,0.0,0.0,0.01071432634892214,0.040061183048645484,0.6020749141297757,0.16935658114317542,0.15811023923773446,0.018602217321626754,0.0006317899626237029,0.0003445285290436077,6.303434605374338e-05,1.8564924488893432e-05,1.7803673646450693e-05,1.7861634286001479e-06,2.643690957408475e-06,2.973309507318003e-07,7.470650798097733e-08,1.4932561897966198e-08,2.3684776010492064e-10,7.531157833279083e-11,2.6288371493056446e-11,1.6899573602644233e-10,2.4134227108312358e-12]","[0.0,0.0,0.0,0.0,0.0,0.0,0.0,0.0,0.0,0.0,0.0,0.0,0.0,0.0,0.0,0.0,0.0,0.0,0.0,0.0,0.0,0.0,0.0,0.0,0.0,0.0,0.0,0.0,0.0,0.0,0.5800119709120523,0.29285284856259636,0.12028658678625444,0.006358911473221973,0.00023776516911597212,0.00012691681344356563,0.0001176625204731082,3.809978215248735e-06,2.602050774844767e-06,4.6819213195438195e-07,3.937205995824872e-07,5.0202292671153645e-08,8.85011884614591e-09,4.505800281056979e-09,1.7566171183423753e-11,4.9185279313586505e-12,4.407568366618783e-12,2.359090969084997e-10,1.0758393884392595e-13]",0.9999999999999997,1.0000000000000002,0.2471017913215071,0.12349626741942094,False,0.09856746690985953,"{""all_recovered_sources_strict_prior"":true,""current_captured_at_utc"":""2026-06-16T22:17:43.680973+00:00"",""recovered_source_captured_at_utc"":[""2026-06-16T22:16:38.765997+00:00""]}",bece683e1306f8c2152e848df6386e44f8a95468ad570f31d86466205b9ec467
B,seattle,2026-06-16,20260616T182037-0400,2026-06-16T22:20:37.533631+00:00,15:20:37.127796,920,peak_heating_window,F,M5_cutoff_change,1,DEFINED,DEFINED,hgb,hgb,"[45,46,47,48,49,50,51,52,53,54,55,56,57,58,59,60,61,62,63,64,65,66,67,68,69,70,71,72,73,74,75,76,77,78,79,80,81,82,83,84,85,86,87,88,89,90,91,92,93]","[0.0,0.0,0.0,0.0,0.0,0.0,0.0,0.0,0.0,0.0,0.0,0.0,0.0,0.0,0.0,0.0,0.0,0.0,0.0,0.0,0.0,0.0,0.0,0.0,0.0,0.0,0.0,0.0,0.01071432634892214,0.040061183048645484,0.6020749141297757,0.16935658114317542,0.15811023923773446,0.018602217321626754,0.0006317899626237029,0.0003445285290436077,6.303434605374338e-05,1.8564924488893432e-05,1.7803673646450693e-05,1.7861634286001479e-06,2.643690957408475e-06,2.973309507318003e-07,7.470650798097733e-08,1.4932561897966198e-08,2.3684776010492064e-10,7.531157833279083e-11,2.6288371493056446e-11,1.6899573602644233e-10,2.4134227108312358e-12]","[0.0,0.0,0.0,0.0,0.0,0.0,0.0,0.0,0.0,0.0,0.0,0.0,0.0,0.0,0.0,0.0,0.0,0.0,0.0,0.0,0.0,0.0,0.0,0.0,0.0,0.0,0.0,0.0,0.0,0.0,0.5801122472731208,0.29278292700305525,0.1202578671552819,0.006357393219227267,0.00023770840029329978,0.0001268865107793726,0.00011763442736432883,3.8090685446754917e-06,2.601429509082541e-06,4.6808034637950435e-07,3.9362659483409096e-07,5.0190306369455244e-08,8.848005791364699e-09,4.504724475975421e-09,1.756197708358713e-11,4.917353583404396e-12,4.406516015393617e-12,2.3585277124171267e-10,1.0755825209775816e-13]",0.9999999999999997,1.0,0.24696189201609464,0.12342634585987983,False,0.09863592368226227,"{""all_recovered_sources_strict_prior"":true,""current_captured_at_utc"":""2026-06-16T22:20:37.533631+00:00"",""recovered_source_captured_at_utc"":[""2026-06-16T22:19:38.668698+00:00""]}",877d6f4a70ac0a6cf10655346f630ad388955815286d3a18bd0bb7f487e69963
B,seattle,2026-06-16,20260616T182439-0400,2026-06-16T22:24:39.080029+00:00,15:24:38.652942,924,peak_heating_window,F,M5_cutoff_change,1,DEFINED,DEFINED,hgb,hgb,"[45,46,47,48,49,50,51,52,53,54,55,56,57,58,59,60,61,62,63,64,65,66,67,68,69,70,71,72,73,74,75,76,77,78,79,80,81,82,83,84,85,86,87,88,89,90,91,92,93]","[0.0,0.0,0.0,0.0,0.0,0.0,0.0,0.0,0.0,0.0,0.0,0.0,0.0,0.0,0.0,0.0,0.0,0.0,0.0,0.0,0.0,0.0,0.0,0.0,0.0,0.0,0.0,0.0,0.01071432634892214,0.040061183048645484,0.6020749141297757,0.16935658114317542,0.15811023923773446,0.018602217321626754,0.0006317899626237029,0.0003445285290436077,6.303434605374338e-05,1.8564924488893432e-05,1.7803673646450693e-05,1.7861634286001479e-06,2.643690957408475e-06,2.973309507318003e-07,7.470650798097733e-08,1.4932561897966198e-08,2.3684776010492064e-10,7.531157833279083e-11,2.6288371493056446e-11,1.6899573602644233e-10,2.4134227108312358e-12]","[0.0,0.0,0.0,0.0,0.0,0.0,0.0,0.0,0.0,0.0,0.0,0.0,0.0,0.0,0.0,0.0,0.0,0.0,0.0,0.0,0.0,0.0,0.0,0.0,0.0,0.0,0.0,0.0,0.0,0.0,0.5802462147451332,0.29268951301723595,0.12021949822847289,0.006355364858331677,0.00023763255813487392,0.00012684602694775052,0.00011759689546025859,3.807853240632119e-06,2.600599508843938e-06,4.6793100279828325e-07,3.935010061273848e-07,5.01742928791351e-08,8.845182786977166e-09,4.503287219122277e-09,1.7556373839248265e-11,4.915784674989514e-12,4.405110092484149e-12,2.357775211318318e-10,1.0752393505222869e-13]",0.9999999999999997,1.0,0.24677498898049732,0.12333293187406053,False,0.0987274299581788,"{""all_recovered_sources_strict_prior"":true,""current_captured_at_utc"":""2026-06-16T22:24:39.080029+00:00"",""recovered_source_captured_at_utc"":[""2026-06-16T22:23:40.451771+00:00""]}",2c3230f41c8afe0d4f1502b98b65a555d5c6332edc19a0da3af26416a3239512
B,seattle,2026-06-16,20260616T183036-0400,2026-06-16T22:30:36.760876+00:00,15:30:36.350262,930,peak_heating_window,F,M5_cutoff_change,1,DEFINED,DEFINED,hgb,hgb,"[45,46,47,48,49,50,51,52,53,54,55,56,57,58,59,60,61,62,63,64,65,66,67,68,69,70,71,72,73,74,75,76,77,78,79,80,81,82,83,84,85,86,87,88,89,90,91,92,93]","[0.0,0.0,0.0,0.0,0.0,0.0,0.0,0.0,0.0,0.0,0.0,0.0,0.0,0.0,0.0,0.0,0.0,0.0,0.0,0.0,0.0,0.0,0.0,0.0,0.0,0.0,0.0,0.0,0.01071432634892214,0.040061183048645484,0.6020749141297757,0.16935658114317542,0.15811023923773446,0.018602217321626754,0.0006317899626237029,0.0003445285290436077,6.303434605374338e-05,1.8564924488893432e-05,1.7803673646450693e-05,1.7861634286001479e-06,2.643690957408475e-06,2.973309507318003e-07,7.470650798097733e-08,1.4932561897966198e-08,2.3684776010492064e-10,7.531157833279083e-11,2.6288371493056446e-11,1.6899573602644233e-10,2.4134227108312358e-12]","[0.0,0.0,0.0,0.0,0.0,0.0,0.0,0.0,0.0,0.0,0.0,0.0,0.0,0.0,0.0,0.0,0.0,0.0,0.0,0.0,0.0,0.0,0.0,0.0,0.0,0.0,0.0,0.0,0.0,0.0,0.5804477356478639,0.2925489947969004,0.1201617816749601,0.006352313691413295,0.00023751847237956736,0.0001267851290434164,0.00011754043800028093,3.8060251165044163e-06,2.5993509789221757e-06,4.6770635234506005e-07,3.933120890031898e-07,5.015020454652186e-08,8.840936275611059e-09,4.501125221928843e-09,1.754794514502549e-11,4.9134246406071365e-12,4.402995229453367e-12,2.356643259670204e-10,1.0747231355120102e-13]",0.9999999999999997,1.0,0.2464938396246801,0.12319241365372496,False,0.09886518454206335,"{""all_recovered_sources_strict_prior"":true,""current_captured_at_utc"":""2026-06-16T22:30:36.760876+00:00"",""recovered_source_captured_at_utc"":[""2026-06-16T22:29:37.261820+00:00""]}",6d6866c919cb5fed24aa4c15371456babe036625f4cb3057f038175cb0164bf4
B,seattle,2026-06-16,20260616T183246-0400,2026-06-16T22:32:46.627993+00:00,15:32:46.147919,932,peak_heating_window,F,M5_cutoff_change,1,DEFINED,DEFINED,hgb,hgb,"[45,46,47,48,49,50,51,52,53,54,55,56,57,58,59,60,61,62,63,64,65,66,67,68,69,70,71,72,73,74,75,76,77,78,79,80,81,82,83,84,85,86,87,88,89,90,91,92,93]","[0.0,0.0,0.0,0.0,0.0,0.0,0.0,0.0,0.0,0.0,0.0,0.0,0.0,0.0,0.0,0.0,0.0,0.0,0.0,0.0,0.0,0.0,0.0,0.0,0.0,0.0,0.0,0.0,0.01071432634892214,0.040061183048645484,0.6020749141297757,0.16935658114317542,0.15811023923773446,0.018602217321626754,0.0006317899626237029,0.0003445285290436077,6.303434605374338e-05,1.8564924488893432e-05,1.7803673646450693e-05,1.7861634286001479e-06,2.643690957408475e-06,2.973309507318003e-07,7.470650798097733e-08,1.4932561897966198e-08,2.3684776010492064e-10,7.531157833279083e-11,2.6288371493056446e-11,1.6899573602644233e-10,2.4134227108312358e-12]","[0.0,0.0,0.0,0.0,0.0,0.0,0.0,0.0,0.0,0.0,0.0,0.0,0.0,0.0,0.0,0.0,0.0,0.0,0.0,0.0,0.0,0.0,0.0,0.0,0.0,0.0,0.0,0.0,0.0,0.0,0.5805150613050396,0.29250204938627045,0.12014249928369201,0.006351294334040692,0.00023748035773068336,0.00012676478380193354,0.00011752157625669032,3.805414362698592e-06,2.5989338604181054e-06,4.676312993892967e-07,3.9324897411353925e-07,5.0142156930609705e-08,8.839517568347681e-09,4.5004029252346194e-09,1.7545129221863226e-11,4.9126361821217025e-12,4.402288679703668e-12,2.356265088534766e-10,1.0745506744206804e-13]",0.9999999999999997,1.0,0.24639991107985712,0.12314546824309502,False,0.0989112350454271,"{""all_recovered_sources_strict_prior"":true,""current_captured_at_utc"":""2026-06-16T22:32:46.627993+00:00"",""recovered_source_captured_at_utc"":[""2026-06-16T22:31:46.058500+00:00""]}",6d8619454bbf690511757c085c06ef6e06aab79699b0c0df3d3ad0135942cbbd
B,seattle,2026-06-16,20260616T183436-0400,2026-06-16T22:34:36.986927+00:00,15:34:36.509977,934,peak_heating_window,F,M5_cutoff_change,1,DEFINED,DEFINED,hgb,hgb,"[45,46,47,48,49,50,51,52,53,54,55,56,57,58,59,60,61,62,63,64,65,66,67,68,69,70,71,72,73,74,75,76,77,78,79,80,81,82,83,84,85,86,87,88,89,90,91,92,93]","[0.0,0.0,0.0,0.0,0.0,0.0,0.0,0.0,0.0,0.0,0.0,0.0,0.0,0.0,0.0,0.0,0.0,0.0,0.0,0.0,0.0,0.0,0.0,0.0,0.0,0.0,0.0,0.0,0.01071432634892214,0.040061183048645484,0.6020749141297757,0.16935658114317542,0.15811023923773446,0.018602217321626754,0.0006317899626237029,0.0003445285290436077,6.303434605374338e-05,1.8564924488893432e-05,1.7803673646450693e-05,1.7861634286001479e-06,2.643690957408475e-06,2.973309507318003e-07,7.470650798097733e-08,1.4932561897966198e-08,2.3684776010492064e-10,7.531157833279083e-11,2.6288371493056446e-11,1.6899573602644233e-10,2.4134227108312358e-12]","[0.0,0.0,0.0,0.0,0.0,0.0,0.0,0.0,0.0,0.0,0.0,0.0,0.0,0.0,0.0,0.0,0.0,0.0,0.0,0.0,0.0,0.0,0.0,0.0,0.0,0.0,0.0,0.0,0.0,0.0,0.5805824630166487,0.29245505094375374,0.12012319511006915,0.0063502738251509545,0.00023744220002558326,0.00012674441557744703,0.0001175026932059296,3.8048029189546834e-06,2.598516270716085e-06,4.675561616499562e-07,3.931857879261487e-07,5.01341002237076e-08,8.838097258441535e-09,4.499679812597879e-09,1.7542310117693145e-11,4.9118468329540804e-12,4.401581331799989e-12,2.355886490198275e-10,1.0743780185086653e-13]",0.9999999999999997,1.0,0.2463058764286468,0.12309846980057831,False,0.09895735181278316,"{""all_recovered_sources_strict_prior"":true,""current_captured_at_utc"":""2026-06-16T22:34:36.986927+00:00"",""recovered_source_captured_at_utc"":[""2026-06-16T22:33:46.051993+00:00""]}",9530f6f81b5d00bd051f78ec580146feeb4016c0e90f64f65a08d93a58a36051
B,toronto,2026-06-16,20260616T124711-0400,2026-06-16T16:47:11.763211+00:00,12:47:10.671275,767,settlement_window,C,M5_cutoff_change,1,DEFINED,DEFINED,hgb,hgb,"[8,9,10,11,12,13,14,15,16,17,18,19,20,21,22,23,24,25,26,27,28,29,30,31,32,33,34,35,36]","[0.0,0.0,0.0,0.0,0.0,0.0,0.0,0.0,0.0,0.0,0.0,0.0,0.0,0.009829735716214018,0.17096996824615493,0.6544502906450589,0.11845359674535104,0.035372221225218055,0.007767752002617437,0.0011721200125259324,0.0018921226944176427,6.643120955313976e-05,1.840675981664114e-05,6.063849468086317e-06,9.370330436424885e-07,2.839192351254524e-07,5.9588822679333885e-08,9.944846264275608e-09,4.076563991111271e-10]","[0.0,0.0,0.0,0.0,0.0,0.0,0.0,0.0,0.0,0.0,0.0,0.0,0.0,0.0,0.2877945865081325,0.5500000000000002,0.1223442481483238,0.0333635739088453,0.005211128440098732,0.0006503630707643362,0.000526374235420456,7.534143957665296e-05,2.3877129140315576e-05,8.1532858440151e-06,1.6678106011090868e-06,4.3832733594253274e-07,2.1672950484935017e-07,2.9475912421861984e-08,1.4904995344263294e-09]",1.0000000000000002,1.0000000000000002,0.24146560528184613,0.11682461826197757,False,0.1373551286074849,"{""all_recovered_sources_strict_prior"":true,""current_captured_at_utc"":""2026-06-16T16:47:11.763211+00:00"",""recovered_source_captured_at_utc"":[""2026-06-16T16:46:16.886294+00:00""]}",68027dc1b03753b9ad4ed78790e1b46791fde660be728c45959ec6a739724dd5
B,toronto,2026-06-16,20260616T134710-0400,2026-06-16T17:47:10.396826+00:00,13:47:09.834181,827,settlement_window,C,M5_cutoff_change,1,DEFINED,DEFINED,hgb,hgb,"[8,9,10,11,12,13,14,15,16,17,18,19,20,21,22,23,24,25,26,27,28,29,30,31,32,33,34,35,36]","[0.0,0.0,0.0,0.0,0.0,0.0,0.0,0.0,0.0,0.0,0.0,0.0,0.0,0.0,0.004492141057375359,0.03671240507224456,0.6410243647164346,0.1778355641755327,0.11242206889820194,0.024367287879387578,0.002724216753677263,0.00029798895207588564,8.800812991925861e-05,2.668680024593012e-05,6.259982219037621e-06,1.699930318216432e-06,1.2034179475333394e-06,1.0079075362224504e-07,3.443666529849446e-09]","[0.0,0.0,0.0,0.0,0.0,0.0,0.0,0.0,0.0,0.0,0.0,0.0,0.0,0.0,0.0,0.0,0.08648171186185963,0.8795758589256681,0.029731595590184057,0.003738968774238827,0.00045029742492686323,1.591304812783756e-05,4.755971557224952e-06,6.738306632049417e-07,1.854851838264509e-07,3.0296791733421496e-08,7.722553076494712e-09,1.0432410869046946e-09,2.5004603061287607e-11]",1.0,1.0,1.403480589500271,0.7017402947501354,True,1.4339705254958286,"{""all_recovered_sources_strict_prior"":true,""current_captured_at_utc"":""2026-06-16T17:47:10.396826+00:00"",""recovered_source_captured_at_utc"":[""2026-06-16T17:45:09.490621+00:00""]}",7a95d8919ce622d11094ac1c4d7526da74d8f7f6e86fc48e3dd8e98cccede256
B,atlanta,2026-06-17,20260617T142835-0400,2026-06-17T18:28:35.219830+00:00,14:28:34.576529,868,peak_heating_window,F,M5_cutoff_change,1,DEFINED,DEFINED,hgb,hgb,"[46,47,48,49,50,51,52,53,54,55,56,57,58,59,60,61,62,63,64,65,66,67,68,69,70,71,72,73,74,75,76,77,78,79,80,81,82,83,84,85,86,87,88,89,90,91,92,93,94,95,96,97,98]","[0.0,0.0,0.0,0.0,0.0,0.0,0.0,0.0,0.0,0.0,0.0,0.0,0.0,0.0,0.0,0.0,0.0,0.0,0.0,0.0,0.0,0.0,0.0,0.0,0.0,0.0,0.0,0.0,0.0,0.0,0.0,0.0,0.0,0.0,0.0,0.0,0.0017454275284563886,0.00605275485929749,0.051262259954953183,0.16655769491709013,0.12908485258983052,0.13346643937956848,0.33678648892794244,0.16743870107088388,0.005071019283845503,0.0016422908709560022,0.0007465798596836349,9.877782394376755e-05,3.6215167820692806e-05,8.488544947332726e-06,1.4419018243611494e-06,4.6636589108204815e-07,1.009530651040346e-07]","[0.0,0.0,0.0,0.0,0.0,0.0,0.0,0.0,0.0,0.0,0.0,0.0,0.0,0.0,0.0,0.0,0.0,0.0,0.0,0.0,0.0,0.0,0.0,0.0,0.0,0.0,0.0,0.0,0.0,0.0,0.0,0.0,0.0,0.0,0.0,0.0,0.0,0.0,0.01418207527097421,0.3172780619214992,0.07843104576570471,0.24659958158148096,0.3216682663602671,0.018481702432306735,0.0020382510870564077,0.0010421891062789067,0.00022067434339493453,4.0638318229216585e-05,1.2903020701798038e-05,3.800720587935064e-06,5.827582889070192e-07,1.8524730794266164e-07,4.206592111963273e-08]",1.0,1.0,0.527707018412643,0.15072036700440908,False,0.36318562213219363,"{""all_recovered_sources_strict_prior"":true,""current_captured_at_utc"":""2026-06-17T18:28:35.219830+00:00"",""recovered_source_captured_at_utc"":[""2026-06-17T18:27:31.666726+00:00""]}",ffbd1a15a1215d2815b9597def2cfc5695f53bc9e57c230233eba85b6a00d9bd
B,austin,2026-06-17,20260617T142836-0400,2026-06-17T18:28:36.969371+00:00,13:28:36.401071,808,settlement_window,F,M5_cutoff_change,1,DEFINED,DEFINED,hgb,hgb,"[46,47,48,49,50,51,52,53,54,55,56,57,58,59,60,61,62,63,64,65,66,67,68,69,70,71,72,73,74,75,76,77,78,79,80,81,82,83,84,85,86,87,88,89,90,91,92,93,94,95,96,97,98,99,100,101,102,103,104,105,106,107]","[0.0,0.0,0.0,0.0,0.0,0.0,0.0,0.0,0.0,0.0,0.0,0.0,0.0,0.0,0.0,0.0,0.0,0.0,0.0,0.0,0.0,0.0,0.0,0.0,0.0,0.0,0.0,0.0,0.0,0.0,0.0,0.0,0.0,0.0,0.0,0.0,0.0,0.0,0.0010000000000062043,0.00010648149900892179,0.0016201862199937056,0.004599342929875931,0.011688259431444125,0.0154785189665669,0.13246100155773993,0.36455079059986145,0.09069342571031873,0.2052447864588171,0.04361733023944935,0.12002780117999257,0.005575496236984871,0.0027657762133033587,0.0004100627260293793,0.00013829243966892045,1.8060037519226776e-05,3.1176491615567767e-06,1.2439761728665014e-06,1.6339660515368826e-08,9.150209888606545e-09,2.638920531874129e-10,7.388977489247559e-11,1.0043270373734545e-10]","[0.0,0.0,0.0,0.0,0.0,0.0,0.0,0.0,0.0,0.0,0.0,0.0,0.0,0.0,0.0,0.0,0.0,0.0,0.0,0.0,0.0,0.0,0.0,0.0,0.0,0.0,0.0,0.0,0.0,0.0,0.0,0.0,0.0,0.0,0.0,0.0,0.0,0.0,0.0,0.0,0.0017674239141747367,0.009665917344059848,0.04169606649623109,0.02022836186717359,0.08807496679766659,0.09297154508256852,0.21786098517098756,0.45686738131467397,0.03510739110299424,0.027391085791120588,0.0052389673494563195,0.0025303796119431703,0.0004423160215103843,0.00012563442116377544,2.375416275825599e-05,5.60484281600598e-06,2.1079366828149444e-06,6.755663562343156e-08,4.025648896135269e-08,1.697585506907436e-09,5.44782010633325e-10,7.165267539050717e-10]",1.0,1.0,0.837605999618205,0.27157924551729296,True,0.6024688026292347,"{""all_recovered_sources_strict_prior"":true,""current_captured_at_utc"":""2026-06-17T18:28:36.969371+00:00"",""recovered_source_captured_at_utc"":[""2026-06-17T18:27:34.276196+00:00""]}",a0ac92ec42eb101348398335ae64e879d689c47c00ce076ae108170b84b0d112
B,austin,2026-06-17,20260617T143734-0400,2026-06-17T18:37:34.050933+00:00,13:37:33.486195,817,settlement_window,F,M5_cutoff_change,1,DEFINED,DEFINED,hgb,hgb,"[46,47,48,49,50,51,52,53,54,55,56,57,58,59,60,61,62,63,64,65,66,67,68,69,70,71,72,73,74,75,76,77,78,79,80,81,82,83,84,85,86,87,88,89,90,91,92,93,94,95,96,97,98,99,100,101,102,103,104,105,106,107]","[0.0,0.0,0.0,0.0,0.0,0.0,0.0,0.0,0.0,0.0,0.0,0.0,0.0,0.0,0.0,0.0,0.0,0.0,0.0,0.0,0.0,0.0,0.0,0.0,0.0,0.0,0.0,0.0,0.0,0.0,0.0,0.0,0.0,0.0,0.0,0.0,0.0,0.0,0.0010000000000008238,1.364297681362594e-05,0.00020226482982361533,0.0014321729182849316,0.012357198259484259,0.016286071043811648,0.1416252217717371,0.13811644200789408,0.2205848458070025,0.25485012590540856,0.05273591119520273,0.15134159640113454,0.005857929682891591,0.002990223754241801,0.0004326154874419704,0.00014970127868759074,1.9347795429757247e-05,3.3163746053254887e-06,1.3467987642341004e-06,1.620306921996842e-08,9.073718763182317e-09,2.616860491301781e-10,7.327209375644988e-11,9.959313714468912e-11]","[0.0,0.0,0.0,0.0,0.0,0.0,0.0,0.0,0.0,0.0,0.0,0.0,0.0,0.0,0.0,0.0,0.0,0.0,0.0,0.0,0.0,0.0,0.0,0.0,0.0,0.0,0.0,0.0,0.0,0.0,0.0,0.0,0.0,0.0,0.0,0.0,0.0,0.0,0.0,0.0,0.001785427419352239,0.0029700348974882004,0.03674708594293338,0.01833533969613409,0.07419618852476521,0.048105263815205294,0.2916820441410966,0.4473868743181349,0.042001394155113524,0.028904892283752377,0.005018251075256972,0.0023053325857930428,0.0004157073189596825,0.00011672792273065345,2.2160688177408154e-05,5.224545019810295e-06,1.9434073963812487e-06,6.541639813917917e-08,3.898113760816012e-08,1.6438049108034645e-09,5.275229676223162e-10,6.938267274306115e-10]",1.0,1.0,0.5863990537489383,0.19253674841272633,False,0.3633648989495315,"{""all_recovered_sources_strict_prior"":true,""current_captured_at_utc"":""2026-06-17T18:37:34.050933+00:00"",""recovered_source_captured_at_utc"":[""2026-06-17T18:36:31.353198+00:00""]}",9a4fde0df226cd779433efe13f8bb412ac14a8a02094a1edf7dce0703ec067d3
B,austin,2026-06-17,20260617T144047-0400,2026-06-17T18:40:47.289602+00:00,13:40:46.711795,820,settlement_window,F,M5_cutoff_change,1,DEFINED,DEFINED,hgb,hgb,"[46,47,48,49,50,51,52,53,54,55,56,57,58,59,60,61,62,63,64,65,66,67,68,69,70,71,72,73,74,75,76,77,78,79,80,81,82,83,84,85,86,87,88,89,90,91,92,93,94,95,96,97,98,99,100,101,102,103,104,105,106,107]","[0.0,0.0,0.0,0.0,0.0,0.0,0.0,0.0,0.0,0.0,0.0,0.0,0.0,0.0,0.0,0.0,0.0,0.0,0.0,0.0,0.0,0.0,0.0,0.0,0.0,0.0,0.0,0.0,0.0,0.0,0.0,0.0,0.0,0.0,0.0,0.0,0.0,0.0,0.0010000000000008238,1.364297681362594e-05,0.00020226482982361533,0.0014321729182849316,0.012357198259484259,0.016286071043811648,0.1416252217717371,0.13811644200789408,0.2205848458070025,0.25485012590540856,0.05273591119520273,0.15134159640113454,0.005857929682891591,0.002990223754241801,0.0004326154874419704,0.00014970127868759074,1.9347795429757247e-05,3.3163746053254887e-06,1.3467987642341004e-06,1.620306921996842e-08,9.073718763182317e-09,2.616860491301781e-10,7.327209375644988e-11,9.959313714468912e-11]","[0.0,0.0,0.0,0.0,0.0,0.0,0.0,0.0,0.0,0.0,0.0,0.0,0.0,0.0,0.0,0.0,0.0,0.0,0.0,0.0,0.0,0.0,0.0,0.0,0.0,0.0,0.0,0.0,0.0,0.0,0.0,0.0,0.0,0.0,0.0,0.0,0.0,0.0,0.0,0.0,0.001785427419352239,0.0029700348974882004,0.03674708594293338,0.01833533969613409,0.07419618852476521,0.048105263815205294,0.2916820441410966,0.4473868743181349,0.042001394155113524,0.028904892283752377,0.005018251075256972,0.0023053325857930428,0.0004157073189596825,0.00011672792273065345,2.2160688177408154e-05,5.224545019810295e-06,1.9434073963812487e-06,6.541639813917917e-08,3.898113760816012e-08,1.6438049108034645e-09,5.275229676223162e-10,6.938267274306115e-10]",1.0,1.0,0.5863990537489383,0.19253674841272633,False,0.3633648989495315,"{""all_recovered_sources_strict_prior"":true,""current_captured_at_utc"":""2026-06-17T18:40:47.289602+00:00"",""recovered_source_captured_at_utc"":[""2026-06-17T18:39:32.584836+00:00""]}",d8e02c20e35efaa4990ae669f984f8c20f5ce824942298fe223421f42f103ffc
B,austin,2026-06-17,20260617T144431-0400,2026-06-17T18:44:31.386070+00:00,13:44:30.824009,824,settlement_window,F,M5_cutoff_change,1,DEFINED,DEFINED,hgb,hgb,"[46,47,48,49,50,51,52,53,54,55,56,57,58,59,60,61,62,63,64,65,66,67,68,69,70,71,72,73,74,75,76,77,78,79,80,81,82,83,84,85,86,87,88,89,90,91,92,93,94,95,96,97,98,99,100,101,102,103,104,105,106,107]","[0.0,0.0,0.0,0.0,0.0,0.0,0.0,0.0,0.0,0.0,0.0,0.0,0.0,0.0,0.0,0.0,0.0,0.0,0.0,0.0,0.0,0.0,0.0,0.0,0.0,0.0,0.0,0.0,0.0,0.0,0.0,0.0,0.0,0.0,0.0,0.0,0.0,0.0,0.0010000000000007232,1.2043501508319078e-05,0.00017926660425952341,0.001269784410546978,0.010928038354017709,0.014650607072393055,0.1484317213168855,0.47787237764018137,0.09780082278957825,0.16985346134662105,0.03345264448562454,0.036272332994463,0.005107498059736448,0.0026336594423173217,0.00038260587850682664,0.00013192546428519899,1.7071811188306386e-05,2.9293659465849777e-06,1.1865023293345023e-06,1.446895255873947e-08,8.102613432894107e-09,2.3367937140466605e-10,6.543022399330651e-11,8.89342850394457e-11]","[0.0,0.0,0.0,0.0,0.0,0.0,0.0,0.0,0.0,0.0,0.0,0.0,0.0,0.0,0.0,0.0,0.0,0.0,0.0,0.0,0.0,0.0,0.0,0.0,0.0,0.0,0.0,0.0,0.0,0.0,0.0,0.0,0.0,0.0,0.0,0.0,0.0,0.0,0.0,0.0,0.0017608930684612878,0.003338558926494445,0.04230080558876005,0.02072235720037151,0.09514343364879317,0.12197517987983557,0.24708524450677402,0.4046808690493623,0.02980226939139248,0.02476638723143658,0.005262727945697663,0.002557026917022681,0.00044566647741947954,0.00012673627417838433,2.3952426260277747e-05,5.652104146733504e-06,2.128105026273007e-06,6.785336722807965e-08,4.0433309083562214e-08,1.7050418769122984e-09,5.471748775768436e-10,7.196739818790145e-10]",1.0,1.0,0.8508713430052142,0.3558971977603458,True,0.6726975171896246,"{""all_recovered_sources_strict_prior"":true,""current_captured_at_utc"":""2026-06-17T18:44:31.386070+00:00"",""recovered_source_captured_at_utc"":[""2026-06-17T18:42:32.911153+00:00""]}",22abc3de6a86b61f82a95beba5fd1eb5d3bafed6e7cd65077e00bffdfd9adb05
B,austin,2026-06-17,20260617T151734-0400,2026-06-17T19:17:34.522699+00:00,14:17:34.061853,857,peak_heating_window,F,M5_cutoff_change,1,DEFINED,DEFINED,hgb,hgb,"[46,47,48,49,50,51,52,53,54,55,56,57,58,59,60,61,62,63,64,65,66,67,68,69,70,71,72,73,74,75,76,77,78,79,80,81,82,83,84,85,86,87,88,89,90,91,92,93,94,95,96,97,98,99,100,101,102,103,104,105,106,107]","[0.0,0.0,0.0,0.0,0.0,0.0,0.0,0.0,0.0,0.0,0.0,0.0,0.0,0.0,0.0,0.0,0.0,0.0,0.0,0.0,0.0,0.0,0.0,0.0,0.0,0.0,0.0,0.0,0.0,0.0,0.0,0.0,0.0,0.0,0.0,0.0,0.0,0.0,0.0,0.0,0.002527172940652256,0.01072587374794337,0.04662595883809657,0.023628080057228763,0.11083326432010224,0.1535788759049529,0.24323936251388467,0.34413526358058005,0.028881648250477353,0.026636406485655115,0.005727728957506437,0.002798293957584706,0.000488978212746778,0.0001383474193701116,2.613142515101373e-05,6.167028054221443e-06,2.3256524953855844e-06,7.36160079653509e-08,4.386722317782388e-08,1.8498474212800679e-09,5.936452646592821e-10,7.807943473811405e-10]","[0.0,0.0,0.0,0.0,0.0,0.0,0.0,0.0,0.0,0.0,0.0,0.0,0.0,0.0,0.0,0.0,0.0,0.0,0.0,0.0,0.0,0.0,0.0,0.0,0.0,0.0,0.0,0.0,0.0,0.0,0.0,0.0,0.0,0.0,0.0,0.0,0.0,0.0,0.0,0.0,0.0,0.015151690207615783,0.05398666368726045,0.046648944763224745,0.10267112245996977,0.08529575826999325,0.17619462948144887,0.4410307663348764,0.030833268021739704,0.0332054300020272,0.009469376175154566,0.00400003015002547,0.001079761562716349,0.0003180428336364304,7.867419971658745e-05,2.4277908761529046e-05,1.053688684937513e-05,5.979432851053957e-07,3.827881417270382e-07,2.5023003786470955e-08,9.398886146834702e-09,1.1901666644284988e-08]",1.0,1.0,0.2920343309363601,0.09689550275429637,False,0.16951294527384475,"{""all_recovered_sources_strict_prior"":true,""current_captured_at_utc"":""2026-06-17T19:17:34.522699+00:00"",""recovered_source_captured_at_utc"":[""2026-06-17T19:16:39.842976+00:00""]}",964b45169c27e45e63993bb1ec73634f963354fb604dcf8bad534a97eab231fc
B,austin,2026-06-17,20260617T152935-0400,2026-06-17T19:29:35.474753+00:00,14:29:35.078817,869,peak_heating_window,F,M5_cutoff_change,1,DEFINED,DEFINED,hgb,hgb,"[46,47,48,49,50,51,52,53,54,55,56,57,58,59,60,61,62,63,64,65,66,67,68,69,70,71,72,73,74,75,76,77,78,79,80,81,82,83,84,85,86,87,88,89,90,91,92,93,94,95,96,97,98,99,100,101,102,103,104,105,106,107]","[0.0,0.0,0.0,0.0,0.0,0.0,0.0,0.0,0.0,0.0,0.0,0.0,0.0,0.0,0.0,0.0,0.0,0.0,0.0,0.0,0.0,0.0,0.0,0.0,0.0,0.0,0.0,0.0,0.0,0.0,0.0,0.0,0.0,0.0,0.0,0.0,0.0,0.0,0.0,0.0,0.002727751478927477,0.011842559928522409,0.05252386596547726,0.028909830778410577,0.1540654644981075,0.18218903025554742,0.17988100585010733,0.3189704382540967,0.03018203587481907,0.028738663482526017,0.006182632982357574,0.0030698801204804603,0.0005295121525107667,0.0001505760465223985,2.838779436959633e-05,6.702085012462801e-06,1.5336528405015577e-06,7.855099003208873e-08,4.680794172102499e-08,1.973855284549632e-09,6.334413472786537e-10,8.331363068086311e-10]","[0.0,0.0,0.0,0.0,0.0,0.0,0.0,0.0,0.0,0.0,0.0,0.0,0.0,0.0,0.0,0.0,0.0,0.0,0.0,0.0,0.0,0.0,0.0,0.0,0.0,0.0,0.0,0.0,0.0,0.0,0.0,0.0,0.0,0.0,0.0,0.0,0.0,0.0,0.0,0.0,0.0,0.0166983999264097,0.06045289793344176,0.0564945047769562,0.15229613515460144,0.09935016680686501,0.11234766980769804,0.4176345493474857,0.03242508449895712,0.03598948045243906,0.010294279542273785,0.004371959426774911,0.0011744476863820444,0.0003458283951946359,8.551151099999351e-05,2.6452015580787183e-05,1.1522919734838185e-05,6.461157340669802e-07,4.1362692306262124e-07,2.7038946439889724e-08,1.0156094020026772e-08,1.286050746290636e-08]",1.0000000000000002,1.0,0.3097385606270503,0.09866411109338896,False,0.1988257840421675,"{""all_recovered_sources_strict_prior"":true,""current_captured_at_utc"":""2026-06-17T19:29:35.474753+00:00"",""recovered_source_captured_at_utc"":[""2026-06-17T19:28:32.915589+00:00""]}",00c027de2d3d9c90b41362df76c028b171a499d44ffbd9615a7868089e6bb1cc
B,dallas,2026-06-17,20260617T131730-0400,2026-06-17T17:17:30.557814+00:00,12:17:30.195982,737,settlement_window,F,M5_cutoff_change,1,DEFINED,DEFINED,hgb,hgb,"[46,47,48,49,50,51,52,53,54,55,56,57,58,59,60,61,62,63,64,65,66,67,68,69,70,71,72,73,74,75,76,77,78,79,80,81,82,83,84,85,86,87,88,89,90,91,92,93,94,95,96,97,98,99,100,101,102,103]","[0.0,0.0,0.0,0.0,0.0,0.0,0.0,0.0,0.0,0.0,0.0,0.0,0.0,0.0,0.0,0.0,0.0,0.0,0.0,0.0,0.0,0.0,0.0,0.0,0.0,0.0,0.0,0.0,0.0,0.0,0.0,0.0,0.0,0.0,0.0,0.0,0.0,0.0016621092012691536,0.006638238816358764,0.020886941802558377,0.023262726910326867,0.0829426227721174,0.033331967808845515,0.04506301531612813,0.03792175672084407,0.07499157043857003,0.15043522356700778,0.20795079570888758,0.21531610411238775,0.08915404980663169,0.007959056078123413,0.0022431166242184936,0.0002246636667485214,1.4593527632783728e-05,1.355705482944993e-06,6.713222635049681e-08,2.3660690581199852e-08,6.229436461420455e-10]","[0.0,0.0,0.0,0.0,0.0,0.0,0.0,0.0,0.0,0.0,0.0,0.0,0.0,0.0,0.0,0.0,0.0,0.0,0.0,0.0,0.0,0.0,0.0,0.0,0.0,0.0,0.0,0.0,0.0,0.0,0.0,0.0,0.0,0.0,0.0,0.0,0.0,0.0,0.0,0.024469761783300736,0.030602397213333365,0.020569159865522647,0.06556885058157505,0.062071111994092355,0.11093250169514537,0.21428871639383185,0.1492460123691461,0.12199044430643118,0.10640342524496932,0.07990821652448543,0.009865434692137872,0.0036291024746420613,0.00040694902586655454,4.146506207324221e-05,5.8277576737572055e-06,4.262756396462892e-07,1.8917826959201766e-07,7.56186378138429e-09]",1.0,1.0,0.5519637713482108,0.13929714595526183,True,0.20277580723661934,"{""all_recovered_sources_strict_prior"":true,""current_captured_at_utc"":""2026-06-17T17:17:30.557814+00:00"",""recovered_source_captured_at_utc"":[""2026-06-17T17:16:42.675613+00:00""]}",121c8103c7439dfc1697d9814e8c2130746370bc8a20726e2af83fab0dc3a160
B,dallas,2026-06-17,20260617T142839-0400,2026-06-17T18:28:39.302223+00:00,13:28:38.721338,808,settlement_window,F,M5_cutoff_change,1,DEFINED,DEFINED,hgb,hgb,"[46,47,48,49,50,51,52,53,54,55,56,57,58,59,60,61,62,63,64,65,66,67,68,69,70,71,72,73,74,75,76,77,78,79,80,81,82,83,84,85,86,87,88,89,90,91,92,93,94,95,96,97,98,99,100,101,102,103]","[0.0,0.0,0.0,0.0,0.0,0.0,0.0,0.0,0.0,0.0,0.0,0.0,0.0,0.0,0.0,0.0,0.0,0.0,0.0,0.0,0.0,0.0,0.0,0.0,0.0,0.0,0.0,0.0,0.0,0.0,0.0,0.0,0.0,0.0,0.0,0.0,0.0,0.0,0.0,0.0031056372932715026,0.000436546474869846,0.001336631613597487,0.04765826877254009,0.043515877658219126,0.09881620811154934,0.1080261023147316,0.19151097991449606,0.15550755147002018,0.244557805680194,0.07087137617671975,0.022255147997366238,0.0068361160684291085,0.004904194742653195,0.0004942774048061107,0.00013495870771859233,1.759680367972016e-05,1.36564658605607e-05,1.0663292772507926e-06]","[0.0,0.0,0.0,0.0,0.0,0.0,0.0,0.0,0.0,0.0,0.0,0.0,0.0,0.0,0.0,0.0,0.0,0.0,0.0,0.0,0.0,0.0,0.0,0.0,0.0,0.0,0.0,0.0,0.0,0.0,0.0,0.0,0.0,0.0,0.0,0.0,0.0,0.0,0.0,0.0,0.0,0.0,0.007536620031575617,0.02121462900987108,0.029919339101450747,0.11114318609362768,0.19616448589623026,0.23826792800428298,0.31202862315184676,0.062356486772933595,0.013262713063357976,0.004187420952912881,0.003688944820538025,0.00018362450716405607,3.9211649633383845e-05,3.7539173282872703e-06,2.8880613711655743e-06,1.4496587543755297e-07]",1.0,1.0,0.31600356753309145,0.0827603765342628,False,0.19639044499554958,"{""all_recovered_sources_strict_prior"":true,""current_captured_at_utc"":""2026-06-17T18:28:39.302223+00:00"",""recovered_source_captured_at_utc"":[""2026-06-17T18:27:42.764352+00:00""]}",20af33b1e843a225cc32dc8924b1b9f5ef22ea800c2428deccbef5afda237689
B,dallas,2026-06-17,20260617T143736-0400,2026-06-17T18:37:36.214174+00:00,13:37:35.547853,817,settlement_window,F,M5_cutoff_change,1,DEFINED,DEFINED,hgb,hgb,"[46,47,48,49,50,51,52,53,54,55,56,57,58,59,60,61,62,63,64,65,66,67,68,69,70,71,72,73,74,75,76,77,78,79,80,81,82,83,84,85,86,87,88,89,90,91,92,93,94,95,96,97,98,99,100,101,102,103]","[0.0,0.0,0.0,0.0,0.0,0.0,0.0,0.0,0.0,0.0,0.0,0.0,0.0,0.0,0.0,0.0,0.0,0.0,0.0,0.0,0.0,0.0,0.0,0.0,0.0,0.0,0.0,0.0,0.0,0.0,0.0,0.0,0.0,0.0,0.0,0.0,0.0,0.0,0.0,0.0031056372932715026,0.000436546474869846,0.001336631613597487,0.04765826877254009,0.043515877658219126,0.09881620811154934,0.1080261023147316,0.19151097991449606,0.15550755147002018,0.244557805680194,0.07087137617671975,0.022255147997366238,0.0068361160684291085,0.004904194742653195,0.0004942774048061107,0.00013495870771859233,1.759680367972016e-05,1.36564658605607e-05,1.0663292772507926e-06]","[0.0,0.0,0.0,0.0,0.0,0.0,0.0,0.0,0.0,0.0,0.0,0.0,0.0,0.0,0.0,0.0,0.0,0.0,0.0,0.0,0.0,0.0,0.0,0.0,0.0,0.0,0.0,0.0,0.0,0.0,0.0,0.0,0.0,0.0,0.0,0.0,0.0,0.0,0.0,0.0,0.0,0.0,0.007536620031575617,0.02121462900987108,0.029919339101450747,0.11114318609362768,0.19616448589623026,0.23826792800428298,0.31202862315184676,0.062356486772933595,0.013262713063357976,0.004187420952912881,0.003688944820538025,0.00018362450716405607,3.9211649633383845e-05,3.7539173282872703e-06,2.8880613711655743e-06,1.4496587543755297e-07]",1.0,1.0,0.31600356753309145,0.0827603765342628,False,0.19639044499554958,"{""all_recovered_sources_strict_prior"":true,""current_captured_at_utc"":""2026-06-17T18:37:36.214174+00:00"",""recovered_source_captured_at_utc"":[""2026-06-17T18:36:33.555159+00:00""]}",e5a56f9feffaace08817ccbff39ecad86a51f5304b7a8917f32d0b21b55741ce
B,dallas,2026-06-17,20260617T144050-0400,2026-06-17T18:40:50.067976+00:00,13:40:49.437955,820,settlement_window,F,M5_cutoff_change,1,DEFINED,DEFINED,hgb,hgb,"[46,47,48,49,50,51,52,53,54,55,56,57,58,59,60,61,62,63,64,65,66,67,68,69,70,71,72,73,74,75,76,77,78,79,80,81,82,83,84,85,86,87,88,89,90,91,92,93,94,95,96,97,98,99,100,101,102,103]","[0.0,0.0,0.0,0.0,0.0,0.0,0.0,0.0,0.0,0.0,0.0,0.0,0.0,0.0,0.0,0.0,0.0,0.0,0.0,0.0,0.0,0.0,0.0,0.0,0.0,0.0,0.0,0.0,0.0,0.0,0.0,0.0,0.0,0.0,0.0,0.0,0.0,0.0,0.0,0.0031056372932715026,0.000436546474869846,0.001336631613597487,0.04765826877254009,0.043515877658219126,0.09881620811154934,0.1080261023147316,0.19151097991449606,0.15550755147002018,0.244557805680194,0.07087137617671975,0.022255147997366238,0.0068361160684291085,0.004904194742653195,0.0004942774048061107,0.00013495870771859233,1.759680367972016e-05,1.36564658605607e-05,1.0663292772507926e-06]","[0.0,0.0,0.0,0.0,0.0,0.0,0.0,0.0,0.0,0.0,0.0,0.0,0.0,0.0,0.0,0.0,0.0,0.0,0.0,0.0,0.0,0.0,0.0,0.0,0.0,0.0,0.0,0.0,0.0,0.0,0.0,0.0,0.0,0.0,0.0,0.0,0.0,0.0,0.0,0.0,0.0,0.0,0.007543988032346254,0.021234423739539664,0.029947757673788628,0.11114330131901487,0.19619800717734567,0.23825612337591454,0.311885206742128,0.06241047046288599,0.013272580368873785,0.004187979974601558,0.003686732122015993,0.0001838336678740109,4.280114284297631e-05,3.7587896011424157e-06,2.8902571980539374e-06,1.4515402910159194e-07]",1.0,1.0,0.31576039846992204,0.08274857190589435,False,0.19626131995118926,"{""all_recovered_sources_strict_prior"":true,""current_captured_at_utc"":""2026-06-17T18:40:50.067976+00:00"",""recovered_source_captured_at_utc"":[""2026-06-17T18:39:36.805641+00:00""]}",877818dbc4f2423d23941cbe78ff056a31db9ef3587d93c376ebecc5858f9036
B,dallas,2026-06-17,20260617T144434-0400,2026-06-17T18:44:34.346907+00:00,13:44:33.818004,824,settlement_window,F,M5_cutoff_change,1,DEFINED,DEFINED,hgb,hgb,"[46,47,48,49,50,51,52,53,54,55,56,57,58,59,60,61,62,63,64,65,66,67,68,69,70,71,72,73,74,75,76,77,78,79,80,81,82,83,84,85,86,87,88,89,90,91,92,93,94,95,96,97,98,99,100,101,102,103]","[0.0,0.0,0.0,0.0,0.0,0.0,0.0,0.0,0.0,0.0,0.0,0.0,0.0,0.0,0.0,0.0,0.0,0.0,0.0,0.0,0.0,0.0,0.0,0.0,0.0,0.0,0.0,0.0,0.0,0.0,0.0,0.0,0.0,0.0,0.0,0.0,0.0,0.0,0.0,0.0031056372932715026,0.000436546474869846,0.001336631613597487,0.04765826877254009,0.043515877658219126,0.09881620811154934,0.1080261023147316,0.19151097991449606,0.15550755147002018,0.244557805680194,0.07087137617671975,0.022255147997366238,0.0068361160684291085,0.004904194742653195,0.0004942774048061107,0.00013495870771859233,1.759680367972016e-05,1.36564658605607e-05,1.0663292772507926e-06]","[0.0,0.0,0.0,0.0,0.0,0.0,0.0,0.0,0.0,0.0,0.0,0.0,0.0,0.0,0.0,0.0,0.0,0.0,0.0,0.0,0.0,0.0,0.0,0.0,0.0,0.0,0.0,0.0,0.0,0.0,0.0,0.0,0.0,0.0,0.0,0.0,0.0,0.0,0.0,0.0,0.0,0.0,0.007543988032346254,0.021234423739539664,0.029947757673788628,0.11114330131901487,0.19619800717734567,0.23825612337591454,0.311885206742128,0.06241047046288599,0.013272580368873785,0.004187979974601558,0.003686732122015993,0.0001838336678740109,4.280114284297631e-05,3.7587896011424157e-06,2.8902571980539374e-06,1.4515402910159194e-07]",1.0,1.0,0.31576039846992204,0.08274857190589435,False,0.19626131995118926,"{""all_recovered_sources_strict_prior"":true,""current_captured_at_utc"":""2026-06-17T18:44:34.346907+00:00"",""recovered_source_captured_at_utc"":[""2026-06-17T18:42:35.072180+00:00""]}",7ff6a363f063382f614ebab9592d2bea6256c00b94eb8961284e6bb33c7841ce
B,dallas,2026-06-17,20260617T152937-0400,2026-06-17T19:29:37.259148+00:00,14:29:36.775929,869,peak_heating_window,F,M5_cutoff_change,1,DEFINED,DEFINED,hgb,hgb,"[46,47,48,49,50,51,52,53,54,55,56,57,58,59,60,61,62,63,64,65,66,67,68,69,70,71,72,73,74,75,76,77,78,79,80,81,82,83,84,85,86,87,88,89,90,91,92,93,94,95,96,97,98,99,100,101,102,103]","[0.0,0.0,0.0,0.0,0.0,0.0,0.0,0.0,0.0,0.0,0.0,0.0,0.0,0.0,0.0,0.0,0.0,0.0,0.0,0.0,0.0,0.0,0.0,0.0,0.0,0.0,0.0,0.0,0.0,0.0,0.0,0.0,0.0,0.0,0.0,0.0,0.0,0.0,0.0,0.0,0.0,0.0,0.001771322191327523,0.006783391612807519,0.027757339985204396,0.08628844334616578,0.1572862347539813,0.18177817597581322,0.43792019391322023,0.07927269689023846,0.0142005557550995,0.0033277626574402044,0.0033913043230015404,0.0001759998574632512,3.9160194388248646e-05,3.7442150693041687e-06,3.5297375786004074e-06,1.4459120110559347e-07]","[0.0,0.0,0.0,0.0,0.0,0.0,0.0,0.0,0.0,0.0,0.0,0.0,0.0,0.0,0.0,0.0,0.0,0.0,0.0,0.0,0.0,0.0,0.0,0.0,0.0,0.0,0.0,0.0,0.0,0.0,0.0,0.0,0.0,0.0,0.0,0.0,0.0,0.0,0.0,0.0,0.0,0.0,0.0,0.003745645571744595,0.02066615222324853,0.18832274934507734,0.14407992341403578,0.11799646762534435,0.4940410976870337,0.024927063283301742,0.00430117666794454,0.0014506347329788596,0.0004193216883949572,4.163182925238962e-05,7.147836316038728e-06,5.434160068307956e-07,4.304780486550771e-07,1.4201271645177832e-08]",1.0,1.0,0.31631041954545025,0.10203430599891156,False,0.1785408295537017,"{""all_recovered_sources_strict_prior"":true,""current_captured_at_utc"":""2026-06-17T19:29:37.259148+00:00"",""recovered_source_captured_at_utc"":[""2026-06-17T19:28:34.717703+00:00""]}",26482f8eda5750e58a2a4aee5ebce8cac2ddd34e67deec28707863560ea46aa5
B,denver,2026-06-17,20260617T165734-0400,2026-06-17T20:57:34.848785+00:00,14:57:34.323312,897,peak_heating_window,F,M5_cutoff_change,1,DEFINED,DEFINED,hgb,hgb,"[46,47,48,49,50,51,52,53,54,55,56,57,58,59,60,61,62,63,64,65,66,67,68,69,70,71,72,73,74,75,76,77,78,79,80,81,82,83,84,85,86,87,88,89,90,91,92,93,94,95,96,97,98,99,100,101,102]","[0.0,0.0,0.0,0.0,0.0,0.0,0.0,0.0,0.0,0.0,0.0,0.0,0.0,0.0,0.0,0.0,0.0,0.0,0.0,0.0,0.0,0.0,0.0,0.0,0.0,0.0,0.0,0.0,0.0,0.0,0.0,0.0,0.0,0.0,0.0,0.0,0.0,0.0,0.0,0.0,0.0,0.0017666620659747992,0.0002908638286545619,0.0009730141941163629,0.013708157209572648,0.07001329871531004,0.1742429126547345,0.11696185262228732,0.3934520221886146,0.2020140227312142,0.00991714060849609,0.010692414276132822,0.0055158435145392535,0.00037715756220195197,7.106414131407274e-05,1.6005685551506598e-06,1.9731182814850796e-06]","[0.0,0.0,0.0,0.0,0.0,0.0,0.0,0.0,0.0,0.0,0.0,0.0,0.0,0.0,0.0,0.0,0.0,0.0,0.0,0.0,0.0,0.0,0.0,0.0,0.0,0.0,0.0,0.0,0.0,0.0,0.0,0.0,0.0,0.0,0.0,0.0,0.0,0.0,0.0,0.0,0.0,0.0,0.0,0.0,0.0,0.09061045075481448,0.646868175287175,0.07504635748739986,0.10090764399686278,0.029897331981401595,0.047057683938238164,0.006379612073017215,0.0021432144867446507,0.0008455625401313003,0.0002329614957154705,5.0082734950215266e-06,5.9976850042520164e-06]",0.9999999999999998,0.9999999999999998,1.0620013852113608,0.47262526263244053,True,0.785714088978978,"{""all_recovered_sources_strict_prior"":true,""current_captured_at_utc"":""2026-06-17T20:57:34.848785+00:00"",""recovered_source_captured_at_utc"":[""2026-06-17T20:56:40.399937+00:00""]}",222675341a4cc112b51434f243182fea471b08d72a272b3285239587add66ca2
B,denver,2026-06-17,20260617T170532-0400,2026-06-17T21:05:32.641431+00:00,15:05:32.224764,905,peak_heating_window,F,M5_cutoff_change,1,DEFINED,DEFINED,hgb,hgb,"[45,46,47,48,49,50,51,52,53,54,55,56,57,58,59,60,61,62,63,64,65,66,67,68,69,70,71,72,73,74,75,76,77,78,79,80,81,82,83,84,85,86,87,88,89,90,91,92,93,94,95,96,97,98,99,100,101,102]","[0.0,0.0,0.0,0.0,0.0,0.0,0.0,0.0,0.0,0.0,0.0,0.0,0.0,0.0,0.0,0.0,0.0,0.0,0.0,0.0,0.0,0.0,0.0,0.0,0.0,0.0,0.0,0.0,0.0,0.0,0.0,0.0,0.0,0.0,0.0,0.0,0.0,0.0,0.0,0.0,0.0,0.0,0.0017593586477533656,0.0002815693532506157,0.001057239033255459,0.01429772960694298,0.07588697091700958,0.16975472500971778,0.1347053365086962,0.3778545051087856,0.19394670077641496,0.013878503120147902,0.010708688091187926,0.005316278604458258,0.00046294734582259914,8.328935549130753e-05,4.0740804047856935e-06,2.084440660608993e-06]","[0.0,0.0,0.0,0.0,0.0,0.0,0.0,0.0,0.0,0.0,0.0,0.0,0.0,0.0,0.0,0.0,0.0,0.0,0.0,0.0,0.0,0.0,0.0,0.0,0.0,0.0,0.0,0.0,0.0,0.0,0.0,0.0,0.0,0.0,0.0,0.0,0.0,0.0,0.0,0.0,0.0,0.0,0.0,0.0,0.0,0.0,0.13137770260581907,0.6004169996282913,0.0863083783212564,0.09611442734770353,0.031546552529415066,0.044061157036819724,0.006868708629714291,0.002219394522396567,0.0008326553178880326,0.0002326318947552528,1.4692975647815787e-05,6.699190292897128e-06]",1.0,1.0,1.0337398887605194,0.43066227461857354,True,0.7272625052475481,"{""all_recovered_sources_strict_prior"":true,""current_captured_at_utc"":""2026-06-17T21:05:32.641431+00:00"",""recovered_source_captured_at_utc"":[""2026-06-17T21:04:32.974848+00:00""]}",fe5672b45cce6ba660ed4a95bcf0f9f72e515f8009ef68aff5d2c73095205979
B,denver,2026-06-17,20260617T185333-0400,2026-06-17T22:53:33.592024+00:00,16:53:32.201127,1013,peak_heating_window,F,M5_cutoff_change,1,DEFINED,DEFINED,hgb,hgb,"[45,46,47,48,49,50,51,52,53,54,55,56,57,58,59,60,61,62,63,64,65,66,67,68,69,70,71,72,73,74,75,76,77,78,79,80,81,82,83,84,85,86,87,88,89,90,91,92,93,94,95,96,97,98,99,100,101,102]","[0.0,0.0,0.0,0.0,0.0,0.0,0.0,0.0,0.0,0.0,0.0,0.0,0.0,0.0,0.0,0.0,0.0,0.0,0.0,0.0,0.0,0.0,0.0,0.0,0.0,0.0,0.0,0.0,0.0,0.0,0.0,0.0,0.0,0.0,0.0,0.0,0.0,0.0,0.0,0.0,0.0,0.0,0.0,0.0,0.0,0.0,0.2656495075117457,0.19827138463459004,0.27500896777077816,0.10340051652577599,0.11224776538230044,0.026308150479364825,0.01187748305314049,0.00596040983649371,0.000850080562469821,0.000407182450369523,9.856964415414123e-06,8.694828555674993e-06]","[0.0,0.0,0.0,0.0,0.0,0.0,0.0,0.0,0.0,0.0,0.0,0.0,0.0,0.0,0.0,0.0,0.0,0.0,0.0,0.0,0.0,0.0,0.0,0.0,0.0,0.0,0.0,0.0,0.0,0.0,0.0,0.0,0.0,0.0,0.0,0.0,0.0,0.0,0.0,0.0,0.0,0.0,0.0,0.0,0.0,0.0,0.0,0.6899516622711442,0.036980314219554986,0.03461829332478504,0.10600647094471051,0.08640670090767584,0.04125569362842383,0.002862141920147564,0.0018031474191072352,0.00011359683842423958,1.4049891999393259e-06,5.735368264589171e-07]",0.9999999999999999,1.0,1.1642202109935715,0.4916802776365542,True,0.8206432880812692,"{""all_recovered_sources_strict_prior"":true,""current_captured_at_utc"":""2026-06-17T22:53:33.592024+00:00"",""recovered_source_captured_at_utc"":[""2026-06-17T22:52:52.554343+00:00""]}",4f4ed2823a71f1c962c48745c6fc5c06f5c9d868e3e260cb22956fce51e5fffe
B,houston,2026-06-17,20260617T132150-0400,2026-06-17T17:21:50.243076+00:00,12:21:49.762619,741,settlement_window,F,M5_cutoff_change,1,DEFINED,DEFINED,hgb,hgb,"[46,47,48,49,50,51,52,53,54,55,56,57,58,59,60,61,62,63,64,65,66,67,68,69,70,71,72,73,74,75,76,77,78,79,80,81,82,83,84,85,86,87,88,89,90,91,92,93,94,95,96,97,98,99,100]","[0.0,0.0,0.0,0.0,0.0,0.0,0.0,0.0,0.0,0.0,0.0,0.0,0.0,0.0,0.0,0.0,0.0,0.0,0.0,0.0,0.0,0.0,0.0,0.0,0.0,0.0,0.0,0.0,0.0,0.0,0.0,0.0,0.0,0.0,0.0018010141908968893,0.0019043067190814748,0.0002292124448571831,0.0994861854907656,0.03817499556764777,0.02482225558040986,0.03691138492507366,0.09445890207139437,0.09938329639795698,0.5706108616788143,0.025137148004617152,0.006312781188882479,0.0006807229069167219,7.174968468729343e-05,1.3356124107284954e-05,1.6560571465895604e-06,1.480011387888021e-07,2.091425840541574e-08,1.8231099011548325e-09,2.125459416271215e-10,1.569139413278522e-11]","[0.0,0.0,0.0,0.0,0.0,0.0,0.0,0.0,0.0,0.0,0.0,0.0,0.0,0.0,0.0,0.0,0.0,0.0,0.0,0.0,0.0,0.0,0.0,0.0,0.0,0.0,0.0,0.0,0.0,0.0,0.0,0.0,0.0,0.0,0.0,0.0,0.0,0.06497805202787196,0.06556288642237057,0.028738841577812372,0.12072636634180937,0.3750495352284725,0.07284215899363025,0.17342808543569885,0.09256008340120685,0.005589788978692685,0.00047788176874445534,3.980364311212751e-05,5.736000451838679e-06,7.393708632514317e-07,3.624159749514948e-08,4.170465373515604e-09,3.7388405793499333e-10,2.212151340876233e-11,1.1945617240731658e-12]",1.0,1.0,0.9262660536450575,0.3971827762431154,True,0.6445224238894942,"{""all_recovered_sources_strict_prior"":true,""current_captured_at_utc"":""2026-06-17T17:21:50.243076+00:00"",""recovered_source_captured_at_utc"":[""2026-06-17T17:20:35.990886+00:00""]}",4ebd29651a9b53f8e2895da6e4fbcf69ec683aa537fd3896f8b3516674f0ed40
B,houston,2026-06-17,20260617T143638-0400,2026-06-17T18:36:38.066568+00:00,13:36:37.550394,816,settlement_window,F,M5_cutoff_change,1,DEFINED,DEFINED,hgb,hgb,"[46,47,48,49,50,51,52,53,54,55,56,57,58,59,60,61,62,63,64,65,66,67,68,69,70,71,72,73,74,75,76,77,78,79,80,81,82,83,84,85,86,87,88,89,90,91,92,93,94,95,96,97,98,99,100]","[0.0,0.0,0.0,0.0,0.0,0.0,0.0,0.0,0.0,0.0,0.0,0.0,0.0,0.0,0.0,0.0,0.0,0.0,0.0,0.0,0.0,0.0,0.0,0.0,0.0,0.0,0.0,0.0,0.0,0.0,0.0,0.0,0.0,0.0,0.0,0.0,0.0,0.0010000000000120071,0.002008169259972825,0.005940505727097216,0.053150384322041624,0.15113200309667008,0.0607664039427174,0.3400744603797951,0.17517419584967717,0.1034869956989117,0.05553062832371982,0.03632333022468428,0.011543762393303835,0.003399414837792428,0.000360026957829033,9.187532035833126e-05,1.5190484266454072e-05,2.368911741660436e-06,2.842694089992524e-07]","[0.0,0.0,0.0,0.0,0.0,0.0,0.0,0.0,0.0,0.0,0.0,0.0,0.0,0.0,0.0,0.0,0.0,0.0,0.0,0.0,0.0,0.0,0.0,0.0,0.0,0.0,0.0,0.0,0.0,0.0,0.0,0.0,0.0,0.0,0.0,0.0,0.0,0.0,0.0,0.0,0.05004512179535124,0.0366504309872633,0.057089504820012675,0.718291117378084,0.045237137818105504,0.059727075171753644,0.01732413659965149,0.011022192227582715,0.0037391697838631607,0.0007157587046722006,0.0001195998453889721,3.006183132877773e-05,7.796265231999257e-06,8.006890270488364e-07,9.608268324586035e-08]",1.0,1.0,0.7564333139965779,0.37821665699828894,False,0.5979801633267261,"{""all_recovered_sources_strict_prior"":true,""current_captured_at_utc"":""2026-06-17T18:36:38.066568+00:00"",""recovered_source_captured_at_utc"":[""2026-06-17T18:28:44.060386+00:00""]}",45c50d30c5361d0553a64ab85f8eeb4b3e60000a149d32cf4360e25ca2dcdaf1
B,houston,2026-06-17,20260617T143939-0400,2026-06-17T18:39:39.336085+00:00,13:39:38.879490,819,settlement_window,F,M5_cutoff_change,1,DEFINED,DEFINED,hgb,hgb,"[46,47,48,49,50,51,52,53,54,55,56,57,58,59,60,61,62,63,64,65,66,67,68,69,70,71,72,73,74,75,76,77,78,79,80,81,82,83,84,85,86,87,88,89,90,91,92,93,94,95,96,97,98,99,100]","[0.0,0.0,0.0,0.0,0.0,0.0,0.0,0.0,0.0,0.0,0.0,0.0,0.0,0.0,0.0,0.0,0.0,0.0,0.0,0.0,0.0,0.0,0.0,0.0,0.0,0.0,0.0,0.0,0.0,0.0,0.0,0.0,0.0,0.0,0.0,0.0,0.0,0.0010000000000120071,0.002008169259972825,0.005940505727097216,0.053150384322041624,0.15113200309667008,0.0607664039427174,0.3400744603797951,0.17517419584967717,0.1034869956989117,0.05553062832371982,0.03632333022468428,0.011543762393303835,0.003399414837792428,0.000360026957829033,9.187532035833126e-05,1.5190484266454072e-05,2.368911741660436e-06,2.842694089992524e-07]","[0.0,0.0,0.0,0.0,0.0,0.0,0.0,0.0,0.0,0.0,0.0,0.0,0.0,0.0,0.0,0.0,0.0,0.0,0.0,0.0,0.0,0.0,0.0,0.0,0.0,0.0,0.0,0.0,0.0,0.0,0.0,0.0,0.0,0.0,0.0,0.0,0.0,0.0,0.0,0.0,0.05004512179535124,0.0366504309872633,0.057089504820012675,0.718291117378084,0.045237137818105504,0.059727075171753644,0.01732413659965149,0.011022192227582715,0.0037391697838631607,0.0007157587046722006,0.0001195998453889721,3.006183132877773e-05,7.796265231999257e-06,8.006890270488364e-07,9.608268324586035e-08]",1.0,1.0,0.7564333139965779,0.37821665699828894,False,0.5979801633267261,"{""all_recovered_sources_strict_prior"":true,""current_captured_at_utc"":""2026-06-17T18:39:39.336085+00:00"",""recovered_source_captured_at_utc"":[""2026-06-17T18:37:49.496081+00:00""]}",47fd6868eda1b7a49bf721b0f64312d2f9aa3fd7ab92b7b374a4de4fd09d9194
B,houston,2026-06-17,20260617T144239-0400,2026-06-17T18:42:39.886494+00:00,13:42:39.400910,822,settlement_window,F,M5_cutoff_change,1,DEFINED,DEFINED,hgb,hgb,"[46,47,48,49,50,51,52,53,54,55,56,57,58,59,60,61,62,63,64,65,66,67,68,69,70,71,72,73,74,75,76,77,78,79,80,81,82,83,84,85,86,87,88,89,90,91,92,93,94,95,96,97,98,99,100]","[0.0,0.0,0.0,0.0,0.0,0.0,0.0,0.0,0.0,0.0,0.0,0.0,0.0,0.0,0.0,0.0,0.0,0.0,0.0,0.0,0.0,0.0,0.0,0.0,0.0,0.0,0.0,0.0,0.0,0.0,0.0,0.0,0.0,0.0,0.0,0.0,0.0,0.0010000000000120071,0.002008169259972825,0.005940505727097216,0.053150384322041624,0.15113200309667008,0.0607664039427174,0.3400744603797951,0.17517419584967717,0.1034869956989117,0.05553062832371982,0.03632333022468428,0.011543762393303835,0.003399414837792428,0.000360026957829033,9.187532035833126e-05,1.5190484266454072e-05,2.368911741660436e-06,2.842694089992524e-07]","[0.0,0.0,0.0,0.0,0.0,0.0,0.0,0.0,0.0,0.0,0.0,0.0,0.0,0.0,0.0,0.0,0.0,0.0,0.0,0.0,0.0,0.0,0.0,0.0,0.0,0.0,0.0,0.0,0.0,0.0,0.0,0.0,0.0,0.0,0.0,0.0,0.0,0.0,0.0,0.0,0.05004512179535124,0.0366504309872633,0.057089504820012675,0.718291117378084,0.045237137818105504,0.059727075171753644,0.01732413659965149,0.011022192227582715,0.0037391697838631607,0.0007157587046722006,0.0001195998453889721,3.006183132877773e-05,7.796265231999257e-06,8.006890270488364e-07,9.608268324586035e-08]",1.0,1.0,0.7564333139965779,0.37821665699828894,False,0.5979801633267261,"{""all_recovered_sources_strict_prior"":true,""current_captured_at_utc"":""2026-06-17T18:42:39.886494+00:00"",""recovered_source_captured_at_utc"":[""2026-06-17T18:40:53.118607+00:00""]}",86010cb7209befef21868c5b82c075e88a231fc8040dc72a808b57c7b621f04b
B,miami,2026-06-17,20260617T131737-0400,2026-06-17T17:17:37.971208+00:00,13:17:37.541031,797,settlement_window,F,M5_cutoff_change,1,DEFINED,DEFINED,hgb,hgb,"[46,47,48,49,50,51,52,53,54,55,56,57,58,59,60,61,62,63,64,65,66,67,68,69,70,71,72,73,74,75,76,77,78,79,80,81,82,83,84,85,86,87,88,89,90,91,92,93,94,95,96,97,98,99,100]","[0.0,0.0,0.0,0.0,0.0,0.0,0.0,0.0,0.0,0.0,0.0,0.0,0.0,0.0,0.0,0.0,0.0,0.0,0.0,0.0,0.0,0.0,0.0,0.0,0.0,0.0,0.0,0.0,0.0,0.0,0.0,0.0,0.0,0.0,0.0,0.0,0.0,0.0,0.0,0.0,0.0,0.0,0.0,0.0,0.0,0.003469277325592865,0.2162030119835036,0.5363608916610634,0.1932651712324105,0.05067638983260476,9.621569580618683e-06,1.2009175173803526e-05,3.361008102590349e-06,2.0797810073566863e-07,5.823386696619312e-08]","[0.0,0.0,0.0,0.0,0.0,0.0,0.0,0.0,0.0,0.0,0.0,0.0,0.0,0.0,0.0,0.0,0.0,0.0,0.0,0.0,0.0,0.0,0.0,0.0,0.0,0.0,0.0,0.0,0.0,0.0,0.0,0.0,0.0,0.0,0.0,0.0,0.0,0.0,0.0,0.0,0.0,0.0,0.0,0.0,0.0,0.0,0.22718688524951888,0.42525953688729434,0.2812564801998847,0.06606718544953587,8.525765696171951e-05,0.00010140512010549217,3.743849626867309e-05,4.2436332155600745e-06,1.5673072146936765e-06]",1.0,1.0,0.22914126419872388,0.11110135477376903,False,0.16377405618668722,"{""all_recovered_sources_strict_prior"":true,""current_captured_at_utc"":""2026-06-17T17:17:37.971208+00:00"",""recovered_source_captured_at_utc"":[""2026-06-17T17:16:48.751418+00:00""]}",189593e07d96400e27f5c1c1be5bb44f278ce3333e1b82782d584ee8e328a8c5
B,miami,2026-06-17,20260617T142846-0400,2026-06-17T18:28:46.605330+00:00,14:28:46.084897,868,peak_heating_window,F,M5_cutoff_change,1,DEFINED,DEFINED,hgb,hgb,"[46,47,48,49,50,51,52,53,54,55,56,57,58,59,60,61,62,63,64,65,66,67,68,69,70,71,72,73,74,75,76,77,78,79,80,81,82,83,84,85,86,87,88,89,90,91,92,93,94,95,96,97,98,99,100]","[0.0,0.0,0.0,0.0,0.0,0.0,0.0,0.0,0.0,0.0,0.0,0.0,0.0,0.0,0.0,0.0,0.0,0.0,0.0,0.0,0.0,0.0,0.0,0.0,0.0,0.0,0.0,0.0,0.0,0.0,0.0,0.0,0.0,0.0,0.0,0.0,0.0,0.0,0.0,0.0,0.0,0.0,0.0,0.0,0.0,0.0,0.37041303963660843,0.32575267335042424,0.2458319980158715,0.05780931840054743,7.155870779866532e-05,8.511164413274448e-05,3.1422988976981694e-05,3.561778731654806e-06,1.3154769085122983e-06]","[0.0,0.0,0.0,0.0,0.0,0.0,0.0,0.0,0.0,0.0,0.0,0.0,0.0,0.0,0.0,0.0,0.0,0.0,0.0,0.0,0.0,0.0,0.0,0.0,0.0,0.0,0.0,0.0,0.0,0.0,0.0,0.0,0.0,0.0,0.0,0.0,0.0,0.0,0.0,0.0,0.0,0.0,0.0,0.0,0.0,0.0,0.0,0.8958484800009621,0.06758519524982295,0.03637439073659392,7.117431448847444e-05,8.465444824938641e-05,3.125419349253922e-05,3.54264585518252e-06,1.3084105354754153e-06]",1.0,1.0,1.140191613301076,0.5700958066505378,True,1.242165520498259,"{""all_recovered_sources_strict_prior"":true,""current_captured_at_utc"":""2026-06-17T18:28:46.605330+00:00"",""recovered_source_captured_at_utc"":[""2026-06-17T18:27:49.469032+00:00""]}",208cc430abcad7ffe239b1ed1e46be43b819f98d7ad47ef1776a9208768038cb
B,miami,2026-06-17,20260617T143751-0400,2026-06-17T18:37:51.968638+00:00,14:37:51.415609,877,peak_heating_window,F,M5_cutoff_change,1,DEFINED,DEFINED,hgb,hgb,"[46,47,48,49,50,51,52,53,54,55,56,57,58,59,60,61,62,63,64,65,66,67,68,69,70,71,72,73,74,75,76,77,78,79,80,81,82,83,84,85,86,87,88,89,90,91,92,93,94,95,96,97,98,99,100]","[0.0,0.0,0.0,0.0,0.0,0.0,0.0,0.0,0.0,0.0,0.0,0.0,0.0,0.0,0.0,0.0,0.0,0.0,0.0,0.0,0.0,0.0,0.0,0.0,0.0,0.0,0.0,0.0,0.0,0.0,0.0,0.0,0.0,0.0,0.0,0.0,0.0,0.0,0.0,0.0,0.0,0.0,0.0,0.0,0.0,0.0,0.37041303963660843,0.32575267335042424,0.2458319980158715,0.05780931840054743,7.155870779866532e-05,8.511164413274448e-05,3.1422988976981694e-05,3.561778731654806e-06,1.3154769085122983e-06]","[0.0,0.0,0.0,0.0,0.0,0.0,0.0,0.0,0.0,0.0,0.0,0.0,0.0,0.0,0.0,0.0,0.0,0.0,0.0,0.0,0.0,0.0,0.0,0.0,0.0,0.0,0.0,0.0,0.0,0.0,0.0,0.0,0.0,0.0,0.0,0.0,0.0,0.0,0.0,0.0,0.0,0.0,0.0,0.0,0.0,0.0,0.0,0.8958484800009621,0.06758519524982295,0.03637439073659392,7.117431448847444e-05,8.465444824938641e-05,3.125419349253922e-05,3.54264585518252e-06,1.3084105354754153e-06]",1.0,1.0,1.140191613301076,0.5700958066505378,True,1.242165520498259,"{""all_recovered_sources_strict_prior"":true,""current_captured_at_utc"":""2026-06-17T18:37:51.968638+00:00"",""recovered_source_captured_at_utc"":[""2026-06-17T18:36:46.578288+00:00""]}",efdb54f390ff42ad397339bede0cb65ed020df003cadde739af1bce240a4a449
B,miami,2026-06-17,20260617T144057-0400,2026-06-17T18:40:57.366759+00:00,14:40:56.778120,880,peak_heating_window,F,M5_cutoff_change,1,DEFINED,DEFINED,hgb,hgb,"[46,47,48,49,50,51,52,53,54,55,56,57,58,59,60,61,62,63,64,65,66,67,68,69,70,71,72,73,74,75,76,77,78,79,80,81,82,83,84,85,86,87,88,89,90,91,92,93,94,95,96,97,98,99,100]","[0.0,0.0,0.0,0.0,0.0,0.0,0.0,0.0,0.0,0.0,0.0,0.0,0.0,0.0,0.0,0.0,0.0,0.0,0.0,0.0,0.0,0.0,0.0,0.0,0.0,0.0,0.0,0.0,0.0,0.0,0.0,0.0,0.0,0.0,0.0,0.0,0.0,0.0,0.0,0.0,0.0,0.0,0.0,0.0,0.0,0.0,0.37041619031873096,0.32575807810882634,0.2458275813298137,0.05780473373096078,7.172406516568607e-05,8.530831953130249e-05,3.1495601002561793e-05,3.5700092653116465e-06,1.3185167034535405e-06]","[0.0,0.0,0.0,0.0,0.0,0.0,0.0,0.0,0.0,0.0,0.0,0.0,0.0,0.0,0.0,0.0,0.0,0.0,0.0,0.0,0.0,0.0,0.0,0.0,0.0,0.0,0.0,0.0,0.0,0.0,0.0,0.0,0.0,0.0,0.0,0.0,0.0,0.0,0.0,0.0,0.0,0.0,0.0,0.0,0.0,0.0,0.0,0.8787052204281085,0.07831727783648912,0.04277752261138384,7.415765902905725e-05,8.820282645065103e-05,3.256424513401143e-05,3.6911394971267434e-06,1.3632539077777036e-06]",1.0,1.0,1.105907409863265,0.5529471423192822,True,1.213819691932689,"{""all_recovered_sources_strict_prior"":true,""current_captured_at_utc"":""2026-06-17T18:40:57.366759+00:00"",""recovered_source_captured_at_utc"":[""2026-06-17T18:39:41.871285+00:00""]}",0ba23f072f62acce7df288e58443ea512dd898f9591d357456b8d53cd80455d7
B,seattle,2026-06-17,20260617T152341-0400,2026-06-17T19:23:41.433729+00:00,12:23:40.975474,743,settlement_window,F,M5_cutoff_change,1,DEFINED,DEFINED,hgb,hgb,"[46,47,48,49,50,51,52,53,54,55,56,57,58,59,60,61,62,63,64,65,66,67,68,69,70,71,72,73,74,75,76,77,78,79,80,81,82,83,84,85,86,87,88,89,90,91,92,93]","[0.0,0.0,0.0,0.0,0.0,0.0,0.0,0.0,0.0,0.0,0.0,0.0,0.0,0.0,0.0,0.0010000000000003205,5.9804171607632305e-05,0.0007483620934355719,0.004592184426060674,0.022217551008265272,0.026199394642997986,0.06986078039640294,0.028826551475979834,0.09472605283239552,0.02206698744977315,0.0668629483486598,0.17059578119967045,0.06446550003164069,0.033699865867697534,0.24028046487010962,0.00961160677641981,0.12360972598084614,0.0070591797916361556,0.006991070343706081,0.0060999910026893695,0.0003471624537240861,3.444450524191973e-05,3.2969189226779444e-05,8.183999479438572e-06,3.0794483489249305e-06,2.599400141198175e-07,5.6216721280981786e-08,4.0167440364474465e-08,1.1747790943533499e-09,7.285979943179478e-11,2.0400743840902538e-11,1.0016964394286413e-10,1.5994183171267593e-12]","[0.0,0.0,0.0,0.0,0.0,0.0,0.0,0.0,0.0,0.0,0.0,0.0,0.0,0.0,0.0,0.0,0.0,0.0,0.005140472647038386,0.024043382736058452,0.01732984698757934,0.020716896283373514,0.016278804076849965,0.05896657748269185,0.018561033585559397,0.05411729333684212,0.05292909316618702,0.4567644066498393,0.026825874962292526,0.2094972155965071,0.008829913169612943,0.013151983429058663,0.0069603189618608185,0.004622766074319064,0.004683984652262539,0.0003884098557368536,0.00011016287154917274,6.0831909619284654e-05,7.071650608116121e-06,1.0133240170764694e-05,3.0276419099955813e-06,3.438409827046887e-07,1.4752636350416196e-07,6.296875927297921e-09,5.155787851001798e-10,1.6394097222450635e-10,6.721553899268446e-10,1.657572149732013e-11]",1.0,1.0,0.7896561556558047,0.3922989066181986,True,0.37158773547993496,"{""all_recovered_sources_strict_prior"":true,""current_captured_at_utc"":""2026-06-17T19:23:41.433729+00:00"",""recovered_source_captured_at_utc"":[""2026-06-17T19:21:50.162228+00:00""]}",e3e4e54e014bb2ab48ab004cb9503c6944b48ff0f0ee96cfda2a0352f6b8c748
B,seattle,2026-06-17,20260617T152949-0400,2026-06-17T19:29:49.030094+00:00,12:29:48.447511,749,settlement_window,F,M5_cutoff_change,1,DEFINED,DEFINED,hgb,hgb,"[46,47,48,49,50,51,52,53,54,55,56,57,58,59,60,61,62,63,64,65,66,67,68,69,70,71,72,73,74,75,76,77,78,79,80,81,82,83,84,85,86,87,88,89,90,91,92,93]","[0.0,0.0,0.0,0.0,0.0,0.0,0.0,0.0,0.0,0.0,0.0,0.0,0.0,0.0,0.0,0.0010000000000003205,5.9804171607632305e-05,0.0007483620934355719,0.004592184426060674,0.022217551008265272,0.026199394642997986,0.06986078039640294,0.028826551475979834,0.09472605283239552,0.02206698744977315,0.0668629483486598,0.17059578119967045,0.06446550003164069,0.033699865867697534,0.24028046487010962,0.00961160677641981,0.12360972598084614,0.0070591797916361556,0.006991070343706081,0.0060999910026893695,0.0003471624537240861,3.444450524191973e-05,3.2969189226779444e-05,8.183999479438572e-06,3.0794483489249305e-06,2.599400141198175e-07,5.6216721280981786e-08,4.0167440364474465e-08,1.1747790943533499e-09,7.285979943179478e-11,2.0400743840902538e-11,1.0016964394286413e-10,1.5994183171267593e-12]","[0.0,0.0,0.0,0.0,0.0,0.0,0.0,0.0,0.0,0.0,0.0,0.0,0.0,0.0,0.0,0.0,0.0,0.0,0.005140472647038386,0.024043382736058452,0.01732984698757934,0.020716896283373514,0.016278804076849965,0.05896657748269185,0.018561033585559397,0.05411729333684212,0.05292909316618702,0.4567644066498393,0.026825874962292526,0.2094972155965071,0.008829913169612943,0.013151983429058663,0.0069603189618608185,0.004622766074319064,0.004683984652262539,0.0003884098557368536,0.00011016287154917274,6.0831909619284654e-05,7.071650608116121e-06,1.0133240170764694e-05,3.0276419099955813e-06,3.438409827046887e-07,1.4752636350416196e-07,6.296875927297921e-09,5.155787851001798e-10,1.6394097222450635e-10,6.721553899268446e-10,1.657572149732013e-11]",1.0,1.0,0.7896561556558047,0.3922989066181986,True,0.37158773547993496,"{""all_recovered_sources_strict_prior"":true,""current_captured_at_utc"":""2026-06-17T19:29:49.030094+00:00"",""recovered_source_captured_at_utc"":[""2026-06-17T19:28:47.691814+00:00""]}",41f2bd7cd1ecaa9ca713cb31765328fff477963282f0b8345ede82d2be9521fd
B,seattle,2026-06-17,20260617T154743-0400,2026-06-17T19:47:43.663360+00:00,12:47:43.169451,767,settlement_window,F,M5_cutoff_change,1,DEFINED,DEFINED,hgb,hgb,"[46,47,48,49,50,51,52,53,54,55,56,57,58,59,60,61,62,63,64,65,66,67,68,69,70,71,72,73,74,75,76,77,78,79,80,81,82,83,84,85,86,87,88,89,90,91,92,93]","[0.0,0.0,0.0,0.0,0.0,0.0,0.0,0.0,0.0,0.0,0.0,0.0,0.0,0.0,0.0,0.0010000000000000395,7.3253885229975395e-06,9.166656677842392e-05,0.0005624947923509032,0.006803546842553711,0.02674294279537174,0.07131015350693785,0.029424604179394617,0.09669129560614288,0.022524802235962676,0.06825012666069341,0.17413506227609873,0.06580293946150224,0.03439902323668377,0.24526546565013949,0.009811014861066622,0.1261742065380438,0.007205633714915771,0.007136111228055367,0.006226545027474612,0.000354364891523377,3.515911134022046e-05,3.365318754558283e-05,8.353789577900466e-06,3.143336407530739e-06,2.653328835478368e-07,5.738302666326872e-08,4.100077786303871e-08,1.1991517569619399e-09,7.437139196677952e-11,2.0823989750698266e-11,1.0224782268061722e-10,1.6326007964547439e-12]","[0.0,0.0,0.0,0.0,0.0,0.0,0.0,0.0,0.0,0.0,0.0,0.0,0.0,0.0,0.0,0.0,0.0,0.0,0.0016789064527407485,0.008295964091128226,0.017672742776752595,0.021126809683382135,0.01660090347996235,0.0601333154888188,0.01892829016109369,0.05518808132590844,0.05397637091678991,0.46580214320900826,0.027356663235959984,0.21364241740486983,0.009004625620726663,0.013412214217035775,0.00709803881968965,0.004714234107611745,0.004776663982608855,0.00039609509981898626,0.00011234260139932773,6.203555588752756e-05,7.211573321672995e-06,1.0333740809213887e-05,3.08754813206471e-06,3.5064436793937275e-07,1.5044538343976075e-07,6.4214686165446526e-09,5.257802481901091e-10,1.671847786521709e-10,6.854549449108678e-10,1.690369583592873e-11]",1.0,1.0,0.8055315009346575,0.399999203747506,True,0.38169860995798044,"{""all_recovered_sources_strict_prior"":true,""current_captured_at_utc"":""2026-06-17T19:47:43.663360+00:00"",""recovered_source_captured_at_utc"":[""2026-06-17T19:46:53.234727+00:00""]}",f7a878ca0613e5d6fe96c7e9ed19233a1968db7e7d0b2b70c4419cd9e9d97a75
B,seattle,2026-06-17,20260617T172350-0400,2026-06-17T21:23:50.377334+00:00,14:23:49.940518,863,peak_heating_window,F,M5_cutoff_change,2,DEFINED,DEFINED,hgb,hgb,"[46,47,48,49,50,51,52,53,54,55,56,57,58,59,60,61,62,63,64,65,66,67,68,69,70,71,72,73,74,75,76,77,78,79,80,81,82,83,84,85,86,87,88,89,90,91,92,93]","[0.0,0.0,0.0,0.0,0.0,0.0,0.0,0.0,0.0,0.0,0.0,0.0,0.0,0.0,0.0,0.0,0.0,0.0,0.0,0.0031833616999382922,0.027545780630872232,0.1335852587595063,0.031734788128694257,0.10371796417017645,0.06967623915307022,0.10065997828933461,0.23882850205690026,0.09740170870847795,0.033184677891041535,0.06598197845359309,0.08454884973478845,0.008955566789209037,0.0008917858283581449,6.065459630157324e-05,4.084668776231594e-05,1.780523891434066e-06,2.057355647594358e-07,6.325825938485204e-08,6.003802057550922e-09,2.690420833519402e-09,1.6913287428184999e-10,3.683874004851435e-11,3.982109964184049e-12,7.821499809938372e-14,3.1211884432181747e-15,4.836960112608107e-16,1.3957193739471062e-15,1.1616559942471519e-17]","[0.0,0.0,0.0,0.0,0.0,0.0,0.0,0.0,0.0,0.0,0.0,0.0,0.0,0.0,0.0,0.0,0.0,0.0,0.0,0.0,0.0,0.04719069109782505,0.028333045133771242,0.028008703740173547,0.0669757260127646,0.262296205109917,0.27614788118955425,0.18220220192442368,0.033369340392861095,0.03514647985275257,0.03227912009209825,0.006827997343729069,0.001146236937053733,4.8782620532223893e-05,2.5920693757073747e-05,1.3435565307004046e-06,1.5650539232664296e-07,1.6173631965153645e-07,3.737038704927514e-09,2.1771118853558285e-09,1.265067638197657e-10,1.622931713594419e-11,3.5778866180501318e-12,7.508183530877408e-14,2.9961588231912575e-15,4.643199531993761e-16,1.0313654078880818e-15,1.1151219863828404e-17]",1.0,1.0000000000000002,0.5683906225155149,0.16163622682058243,False,0.2382062063584519,"{""all_recovered_sources_strict_prior"":true,""current_captured_at_utc"":""2026-06-17T21:23:50.377334+00:00"",""recovered_source_captured_at_utc"":[""2026-06-17T21:22:41.718362+00:00"",""2026-06-17T21:22:41.718362+00:00""]}",9ec73d7be18c06eda1bdf2f692ee8fb0aedda638aa9c5a18b0ad4e87335c6eb6
B,toronto,2026-06-17,20260617T151730-0400,2026-06-17T19:17:30.177564+00:00,15:17:29.666238,917,peak_heating_window,C,M5_cutoff_change,1,DEFINED,DEFINED,hgb,hgb,"[7,8,9,10,11,12,13,14,15,16,17,18,19,20,21,22,23,24,25,26,27,28,29,30,31,32,33,34,35,36]","[0.0,0.0,0.0,0.0,0.0,0.0,0.0,0.0,0.0,0.0,0.0,0.0,0.0,0.0,0.014973235577162044,0.42962461297111837,0.48927902676938323,0.05779744567575838,0.007256151954912595,0.0008457687297323579,0.000156828972475682,4.6117633578486305e-05,1.4811916325003513e-05,4.501490207207263e-06,9.169625857106135e-07,5.092498408625143e-07,5.587231338822225e-08,1.3824112742170645e-08,2.327653991496576e-09,7.28398220971272e-11]","[0.0,0.0,0.0,0.0,0.0,0.0,0.0,0.0,0.0,0.0,0.0,0.0,0.0,0.0,0.0,0.4370472237371826,0.49291946226750516,0.058068504656108424,0.010716102737882614,0.0009416769787849338,0.00023478878331101353,5.0130482905085836e-05,1.6045204372102222e-05,4.873736274032651e-06,8.70791888506738e-07,2.525689905117329e-07,5.191887277540735e-08,1.3405205519601713e-08,2.63928793017866e-09,9.142889636180504e-11]",1.0,1.0,0.029947085602115075,0.014973235577162044,False,0.03982466333394313,"{""all_recovered_sources_strict_prior"":true,""current_captured_at_utc"":""2026-06-17T19:17:30.177564+00:00"",""recovered_source_captured_at_utc"":[""2026-06-17T19:16:32.389223+00:00""]}",7e98e9279578685810f308666d6af37a5c30d5d09eccd801a2d98c1f1719919d
B,toronto,2026-06-17,20260617T152930-0400,2026-06-17T19:29:30.920782+00:00,15:29:30.422366,929,peak_heating_window,C,M5_cutoff_change,1,DEFINED,DEFINED,hgb,hgb,"[7,8,9,10,11,12,13,14,15,16,17,18,19,20,21,22,23,24,25,26,27,28,29,30,31,32,33,34,35,36]","[0.0,0.0,0.0,0.0,0.0,0.0,0.0,0.0,0.0,0.0,0.0,0.0,0.0,0.0,0.017282988039979075,0.45957751755489895,0.47088263666774244,0.04964815086703315,0.0022153095529425615,0.0003051536040212251,6.153158670101311e-05,1.8396588183439337e-05,5.917557432061116e-06,1.7985323319953803e-06,3.6636181480931946e-07,2.0346063434385254e-07,2.2523353485630934e-08,6.143817254635544e-09,9.300092496073218e-10,2.9104989497961416e-11]","[0.0,0.0,0.0,0.0,0.0,0.0,0.0,0.0,0.0,0.0,0.0,0.0,0.0,0.0,0.0,0.47012072419543954,0.4766605953653397,0.04947803129946887,0.003281252282407861,0.0003410172685930404,8.941586917152917e-05,2.0089435376419257e-05,6.4398383776946605e-06,1.95622986540134e-06,3.4952222547305863e-07,1.0137690664924313e-07,2.08397708490008e-08,5.381032218407995e-09,1.0593304963072737e-09,3.669428833558302e-11]",1.0,1.0,0.03490645795445613,0.017282988039979075,False,0.049533163911515854,"{""all_recovered_sources_strict_prior"":true,""current_captured_at_utc"":""2026-06-17T19:29:30.920782+00:00"",""recovered_source_captured_at_utc"":[""2026-06-17T19:28:30.468313+00:00""]}",58b1b4ef866cd06bb419c05cce462683e040d35eb8c51a43003382af3c7be57c
B,atlanta,2026-06-19,20260619T120747-0400,2026-06-19T16:07:47.164919+00:00,12:07:42.942387,727,settlement_window,F,M5_cutoff_change,1,DEFINED,DEFINED,hgb,hgb,"[46,47,48,49,50,51,52,53,54,55,56,57,58,59,60,61,62,63,64,65,66,67,68,69,70,71,72,73,74,75,76,77,78,79,80,81,82,83,84,85,86,87,88,89,90,91,92,93,94,95,96,97,98,99]","[0.0,0.0,0.0,0.0,0.0,0.0,0.0,0.0,0.0,0.0,0.0,0.0,0.0,0.0,0.0,0.0,0.0,0.0,0.0,0.0,0.0,0.0,0.0,0.0,0.0,0.0,0.0,0.0,0.0,0.0,0.0,0.0,0.0,0.0010000000000543181,0.0036535302627520175,0.026413864021374644,0.02231645318738781,0.03873708478184664,0.12731511719528094,0.19178796593074832,0.14444385542804244,0.0838957270258114,0.31002312047401925,0.036133660250364484,0.010773245763182056,0.002678525048892103,0.0006837775629739289,0.00010457306568581801,3.173756273010272e-05,6.660775176384101e-06,8.330084501293315e-07,2.1690529147227092e-07,4.703670864400049e-08,4.713227174103346e-09]","[0.0,0.0,0.0,0.0,0.0,0.0,0.0,0.0,0.0,0.0,0.0,0.0,0.0,0.0,0.0,0.0,0.0,0.0,0.0,0.0,0.0,0.0,0.0,0.0,0.0,0.0,0.0,0.0,0.0,0.0,0.0,0.0,0.0,0.0,0.0,0.027554152661609283,0.01595090579560121,0.028946887937211847,0.08816237129725082,0.3895525401882111,0.12114254155714417,0.23417387516425375,0.04568820207854453,0.035821258701287,0.008936748154565499,0.002880498440989239,0.0009349245719005093,0.00017460790819910478,5.788602995632307e-05,1.896096814567515e-05,2.2041247247501503e-06,1.2260615204737296e-06,1.838076330564642e-07,2.4551251950216565e-08]",1.0,1.0000000000000002,0.6994943036426502,0.26433491839547474,True,0.5818691685780506,"{""all_recovered_sources_strict_prior"":true,""current_captured_at_utc"":""2026-06-19T16:07:47.164919+00:00"",""recovered_source_captured_at_utc"":[""2026-06-19T16:06:41.401734+00:00""]}",d5a24775a9a3555f61e5cb2acaf8653f5d978a5b3f0ca4d4de24cfd534782d5d
B,atlanta,2026-06-19,20260619T120939-0400,2026-06-19T16:09:39.178348+00:00,12:09:38.501060,729,settlement_window,F,M5_cutoff_change,1,DEFINED,DEFINED,hgb,hgb,"[46,47,48,49,50,51,52,53,54,55,56,57,58,59,60,61,62,63,64,65,66,67,68,69,70,71,72,73,74,75,76,77,78,79,80,81,82,83,84,85,86,87,88,89,90,91,92,93,94,95,96,97,98,99]","[0.0,0.0,0.0,0.0,0.0,0.0,0.0,0.0,0.0,0.0,0.0,0.0,0.0,0.0,0.0,0.0,0.0,0.0,0.0,0.0,0.0,0.0,0.0,0.0,0.0,0.0,0.0,0.0,0.0,0.0,0.0,0.0,0.0,0.0010000000000543181,0.0036535302627520175,0.026413864021374644,0.02231645318738781,0.03873708478184664,0.12731511719528094,0.19178796593074832,0.14444385542804244,0.0838957270258114,0.31002312047401925,0.036133660250364484,0.010773245763182056,0.002678525048892103,0.0006837775629739289,0.00010457306568581801,3.173756273010272e-05,6.660775176384101e-06,8.330084501293315e-07,2.1690529147227092e-07,4.703670864400049e-08,4.713227174103346e-09]","[0.0,0.0,0.0,0.0,0.0,0.0,0.0,0.0,0.0,0.0,0.0,0.0,0.0,0.0,0.0,0.0,0.0,0.0,0.0,0.0,0.0,0.0,0.0,0.0,0.0,0.0,0.0,0.0,0.0,0.0,0.0,0.0,0.0,0.0,0.0,0.02713929522727685,0.015724033187254592,0.02935888549409813,0.07593973249501314,0.3813460351269276,0.14708583609923245,0.2293453205262917,0.045002498129859424,0.03624018761337589,0.008809667365321155,0.0028425343172686504,0.000922388495259631,0.0001644810253130557,5.710395010086172e-05,1.8651797335606548e-05,2.1736471179645824e-06,9.708622731043076e-07,1.8040361546485434e-07,2.4237064704803993e-08]",1.0,1.0,0.6779674699859533,0.26502062234415985,True,0.5795886807287481,"{""all_recovered_sources_strict_prior"":true,""current_captured_at_utc"":""2026-06-19T16:09:39.178348+00:00"",""recovered_source_captured_at_utc"":[""2026-06-19T16:08:30.495086+00:00""]}",1edcbc4cc67ce4b4dd96e8aeebfb614d4b4d9c7a168c4ebaef9cde6e714a97c3
B,atlanta,2026-06-19,20260619T121258-0400,2026-06-19T16:12:58.775281+00:00,12:12:51.266418,732,settlement_window,F,M5_cutoff_change,1,DEFINED,DEFINED,hgb,hgb,"[46,47,48,49,50,51,52,53,54,55,56,57,58,59,60,61,62,63,64,65,66,67,68,69,70,71,72,73,74,75,76,77,78,79,80,81,82,83,84,85,86,87,88,89,90,91,92,93,94,95,96,97,98,99]","[0.0,0.0,0.0,0.0,0.0,0.0,0.0,0.0,0.0,0.0,0.0,0.0,0.0,0.0,0.0,0.0,0.0,0.0,0.0,0.0,0.0,0.0,0.0,0.0,0.0,0.0,0.0,0.0,0.0,0.0,0.0,0.0,0.0,0.0010000000000543181,0.0036535302627520175,0.026413864021374644,0.02231645318738781,0.03873708478184664,0.12731511719528094,0.19178796593074832,0.14444385542804244,0.0838957270258114,0.31002312047401925,0.036133660250364484,0.010773245763182056,0.002678525048892103,0.0006837775629739289,0.00010457306568581801,3.173756273010272e-05,6.660775176384101e-06,8.330084501293315e-07,2.1690529147227092e-07,4.703670864400049e-08,4.713227174103346e-09]","[0.0,0.0,0.0,0.0,0.0,0.0,0.0,0.0,0.0,0.0,0.0,0.0,0.0,0.0,0.0,0.0,0.0,0.0,0.0,0.0,0.0,0.0,0.0,0.0,0.0,0.0,0.0,0.0,0.0,0.0,0.0,0.0,0.0,0.0,0.0,0.02713929522727685,0.015724033187254592,0.02935888549409813,0.07593973249501314,0.3813460351269276,0.14708583609923245,0.2293453205262917,0.045002498129859424,0.03624018761337589,0.008809667365321155,0.0028425343172686504,0.000922388495259631,0.0001644810253130557,5.710395010086172e-05,1.8651797335606548e-05,2.1736471179645824e-06,9.708622731043076e-07,1.8040361546485434e-07,2.4237064704803993e-08]",1.0,1.0,0.6779674699859533,0.26502062234415985,True,0.5795886807287481,"{""all_recovered_sources_strict_prior"":true,""current_captured_at_utc"":""2026-06-19T16:12:58.775281+00:00"",""recovered_source_captured_at_utc"":[""2026-06-19T16:10:33.406217+00:00""]}",dd78b83eb7b67e683b7bf47e3d2e61cbaf602f25b69af0a5e44f62df0f054c81
B,atlanta,2026-06-19,20260619T121452-0400,2026-06-19T16:14:52.844409+00:00,12:14:51.860705,734,settlement_window,F,M5_cutoff_change,1,DEFINED,DEFINED,hgb,hgb,"[46,47,48,49,50,51,52,53,54,55,56,57,58,59,60,61,62,63,64,65,66,67,68,69,70,71,72,73,74,75,76,77,78,79,80,81,82,83,84,85,86,87,88,89,90,91,92,93,94,95,96,97,98,99]","[0.0,0.0,0.0,0.0,0.0,0.0,0.0,0.0,0.0,0.0,0.0,0.0,0.0,0.0,0.0,0.0,0.0,0.0,0.0,0.0,0.0,0.0,0.0,0.0,0.0,0.0,0.0,0.0,0.0,0.0,0.0,0.0,0.0,0.0010000000000543181,0.0036535302627520175,0.026413864021374644,0.02231645318738781,0.03873708478184664,0.12731511719528094,0.19178796593074832,0.14444385542804244,0.0838957270258114,0.31002312047401925,0.036133660250364484,0.010773245763182056,0.002678525048892103,0.0006837775629739289,0.00010457306568581801,3.173756273010272e-05,6.660775176384101e-06,8.330084501293315e-07,2.1690529147227092e-07,4.703670864400049e-08,4.713227174103346e-09]","[0.0,0.0,0.0,0.0,0.0,0.0,0.0,0.0,0.0,0.0,0.0,0.0,0.0,0.0,0.0,0.0,0.0,0.0,0.0,0.0,0.0,0.0,0.0,0.0,0.0,0.0,0.0,0.0,0.0,0.0,0.0,0.0,0.0,0.0,0.0,0.02713929522727685,0.015724033187254592,0.02935888549409813,0.07593973249501314,0.3813460351269276,0.14708583609923245,0.2293453205262917,0.045002498129859424,0.03624018761337589,0.008809667365321155,0.0028425343172686504,0.000922388495259631,0.0001644810253130557,5.710395010086172e-05,1.8651797335606548e-05,2.1736471179645824e-06,9.708622731043076e-07,1.8040361546485434e-07,2.4237064704803993e-08]",1.0,1.0,0.6779674699859533,0.26502062234415985,True,0.5795886807287481,"{""all_recovered_sources_strict_prior"":true,""current_captured_at_utc"":""2026-06-19T16:14:52.844409+00:00"",""recovered_source_captured_at_utc"":[""2026-06-19T16:13:48.903736+00:00""]}",334bbf1edf6b9eef77d6b290a1a6cc30a89cefd0739ad27eb1a397bd3eed21cb
B,atlanta,2026-06-19,20260619T122049-0400,2026-06-19T16:20:49.356638+00:00,12:20:48.594709,740,settlement_window,F,M5_cutoff_change,1,DEFINED,DEFINED,hgb,hgb,"[46,47,48,49,50,51,52,53,54,55,56,57,58,59,60,61,62,63,64,65,66,67,68,69,70,71,72,73,74,75,76,77,78,79,80,81,82,83,84,85,86,87,88,89,90,91,92,93,94,95,96,97,98,99]","[0.0,0.0,0.0,0.0,0.0,0.0,0.0,0.0,0.0,0.0,0.0,0.0,0.0,0.0,0.0,0.0,0.0,0.0,0.0,0.0,0.0,0.0,0.0,0.0,0.0,0.0,0.0,0.0,0.0,0.0,0.0,0.0,0.0,0.0010000000000543181,0.0036535302627520175,0.026413864021374644,0.02231645318738781,0.03873708478184664,0.12731511719528094,0.19178796593074832,0.14444385542804244,0.0838957270258114,0.31002312047401925,0.036133660250364484,0.010773245763182056,0.002678525048892103,0.0006837775629739289,0.00010457306568581801,3.173756273010272e-05,6.660775176384101e-06,8.330084501293315e-07,2.1690529147227092e-07,4.703670864400049e-08,4.713227174103346e-09]","[0.0,0.0,0.0,0.0,0.0,0.0,0.0,0.0,0.0,0.0,0.0,0.0,0.0,0.0,0.0,0.0,0.0,0.0,0.0,0.0,0.0,0.0,0.0,0.0,0.0,0.0,0.0,0.0,0.0,0.0,0.0,0.0,0.0,0.0,0.0,0.02713929522727685,0.015724033187254592,0.02935888549409813,0.07593973249501314,0.3813460351269276,0.14708583609923245,0.2293453205262917,0.045002498129859424,0.03624018761337589,0.008809667365321155,0.0028425343172686504,0.000922388495259631,0.0001644810253130557,5.710395010086172e-05,1.8651797335606548e-05,2.1736471179645824e-06,9.708622731043076e-07,1.8040361546485434e-07,2.4237064704803993e-08]",1.0,1.0,0.6779674699859533,0.26502062234415985,True,0.5795886807287481,"{""all_recovered_sources_strict_prior"":true,""current_captured_at_utc"":""2026-06-19T16:20:49.356638+00:00"",""recovered_source_captured_at_utc"":[""2026-06-19T16:18:57.812951+00:00""]}",d4df9d932ffe65bd864a71f3ab611ab0c70a8d485d7fb64ba4c3e0fc969fe001
B,atlanta,2026-06-19,20260619T122252-0400,2026-06-19T16:22:52.117049+00:00,12:22:51.387117,742,settlement_window,F,M5_cutoff_change,1,DEFINED,DEFINED,hgb,hgb,"[46,47,48,49,50,51,52,53,54,55,56,57,58,59,60,61,62,63,64,65,66,67,68,69,70,71,72,73,74,75,76,77,78,79,80,81,82,83,84,85,86,87,88,89,90,91,92,93,94,95,96,97,98,99]","[0.0,0.0,0.0,0.0,0.0,0.0,0.0,0.0,0.0,0.0,0.0,0.0,0.0,0.0,0.0,0.0,0.0,0.0,0.0,0.0,0.0,0.0,0.0,0.0,0.0,0.0,0.0,0.0,0.0,0.0,0.0,0.0,0.0,0.0010000000000543181,0.0036535302627520175,0.026413864021374644,0.02231645318738781,0.03873708478184664,0.12731511719528094,0.19178796593074832,0.14444385542804244,0.0838957270258114,0.31002312047401925,0.036133660250364484,0.010773245763182056,0.002678525048892103,0.0006837775629739289,0.00010457306568581801,3.173756273010272e-05,6.660775176384101e-06,8.330084501293315e-07,2.1690529147227092e-07,4.703670864400049e-08,4.713227174103346e-09]","[0.0,0.0,0.0,0.0,0.0,0.0,0.0,0.0,0.0,0.0,0.0,0.0,0.0,0.0,0.0,0.0,0.0,0.0,0.0,0.0,0.0,0.0,0.0,0.0,0.0,0.0,0.0,0.0,0.0,0.0,0.0,0.0,0.0,0.0,0.0,0.02713929522727685,0.015724033187254592,0.02935888549409813,0.07593973249501314,0.3813460351269276,0.14708583609923245,0.2293453205262917,0.045002498129859424,0.03624018761337589,0.008809667365321155,0.0028425343172686504,0.000922388495259631,0.0001644810253130557,5.710395010086172e-05,1.8651797335606548e-05,2.1736471179645824e-06,9.708622731043076e-07,1.8040361546485434e-07,2.4237064704803993e-08]",1.0,1.0,0.6779674699859533,0.26502062234415985,True,0.5795886807287481,"{""all_recovered_sources_strict_prior"":true,""current_captured_at_utc"":""2026-06-19T16:22:52.117049+00:00"",""recovered_source_captured_at_utc"":[""2026-06-19T16:21:56.558431+00:00""]}",f7b8af0fcb26a903b9b5172197776f86b833cc81a692954e9d8353e479b8c1da
B,atlanta,2026-06-19,20260619T123045-0400,2026-06-19T16:30:45.954239+00:00,12:30:44.988061,750,settlement_window,F,M5_cutoff_change,1,DEFINED,DEFINED,hgb,hgb,"[46,47,48,49,50,51,52,53,54,55,56,57,58,59,60,61,62,63,64,65,66,67,68,69,70,71,72,73,74,75,76,77,78,79,80,81,82,83,84,85,86,87,88,89,90,91,92,93,94,95,96,97,98,99]","[0.0,0.0,0.0,0.0,0.0,0.0,0.0,0.0,0.0,0.0,0.0,0.0,0.0,0.0,0.0,0.0,0.0,0.0,0.0,0.0,0.0,0.0,0.0,0.0,0.0,0.0,0.0,0.0,0.0,0.0,0.0,0.0,0.0,0.0010000000000543181,0.0036535302627520175,0.026413864021374644,0.02231645318738781,0.03873708478184664,0.12731511719528094,0.19178796593074832,0.14444385542804244,0.0838957270258114,0.31002312047401925,0.036133660250364484,0.010773245763182056,0.002678525048892103,0.0006837775629739289,0.00010457306568581801,3.173756273010272e-05,6.660775176384101e-06,8.330084501293315e-07,2.1690529147227092e-07,4.703670864400049e-08,4.713227174103346e-09]","[0.0,0.0,0.0,0.0,0.0,0.0,0.0,0.0,0.0,0.0,0.0,0.0,0.0,0.0,0.0,0.0,0.0,0.0,0.0,0.0,0.0,0.0,0.0,0.0,0.0,0.0,0.0,0.0,0.0,0.0,0.0,0.0,0.0,0.0,0.0,0.02468055538825039,0.015721324346530348,0.029394714387936408,0.07895474202582523,0.3869624726664652,0.1478847797314734,0.2149541525560613,0.052386375480171235,0.036248595844567466,0.008808346672084692,0.0028390068265871644,0.0009214599423033913,0.00016438253118641644,5.7052549295076745e-05,1.8688490891643962e-05,2.1723694155860505e-06,9.728228005591874e-07,1.8117064835204462e-07,2.419750608950362e-08]",1.0,1.0,0.6605727147701985,0.25763674499384803,True,0.5640390479459569,"{""all_recovered_sources_strict_prior"":true,""current_captured_at_utc"":""2026-06-19T16:30:45.954239+00:00"",""recovered_source_captured_at_utc"":[""2026-06-19T16:29:59.831146+00:00""]}",f68945a7cf8878d2a1b8cb15359876ed694c741c0842714ba7c4af9bedb0d7c6
B,atlanta,2026-06-19,20260619T123347-0400,2026-06-19T16:33:47.994276+00:00,12:33:47.567799,753,settlement_window,F,M5_cutoff_change,1,DEFINED,DEFINED,hgb,hgb,"[46,47,48,49,50,51,52,53,54,55,56,57,58,59,60,61,62,63,64,65,66,67,68,69,70,71,72,73,74,75,76,77,78,79,80,81,82,83,84,85,86,87,88,89,90,91,92,93,94,95,96,97,98,99]","[0.0,0.0,0.0,0.0,0.0,0.0,0.0,0.0,0.0,0.0,0.0,0.0,0.0,0.0,0.0,0.0,0.0,0.0,0.0,0.0,0.0,0.0,0.0,0.0,0.0,0.0,0.0,0.0,0.0,0.0,0.0,0.0,0.0,0.0010000000000543181,0.0036535302627520175,0.026413864021374644,0.02231645318738781,0.03873708478184664,0.12731511719528094,0.19178796593074832,0.14444385542804244,0.0838957270258114,0.31002312047401925,0.036133660250364484,0.010773245763182056,0.002678525048892103,0.0006837775629739289,0.00010457306568581801,3.173756273010272e-05,6.660775176384101e-06,8.330084501293315e-07,2.1690529147227092e-07,4.703670864400049e-08,4.713227174103346e-09]","[0.0,0.0,0.0,0.0,0.0,0.0,0.0,0.0,0.0,0.0,0.0,0.0,0.0,0.0,0.0,0.0,0.0,0.0,0.0,0.0,0.0,0.0,0.0,0.0,0.0,0.0,0.0,0.0,0.0,0.0,0.0,0.0,0.0,0.0,0.0,0.02468055538825039,0.015721324346530348,0.029394714387936408,0.07895474202582523,0.3869624726664652,0.1478847797314734,0.2149541525560613,0.052386375480171235,0.036248595844567466,0.008808346672084692,0.0028390068265871644,0.0009214599423033913,0.00016438253118641644,5.7052549295076745e-05,1.8688490891643962e-05,2.1723694155860505e-06,9.728228005591874e-07,1.8117064835204462e-07,2.419750608950362e-08]",1.0,1.0,0.6605727147701985,0.25763674499384803,True,0.5640390479459569,"{""all_recovered_sources_strict_prior"":true,""current_captured_at_utc"":""2026-06-19T16:33:47.994276+00:00"",""recovered_source_captured_at_utc"":[""2026-06-19T16:33:08.555692+00:00""]}",e5eb23faa659f0dfe0735e868c4237690d8e9aa71c0485b954bf396ab3703f64
B,atlanta,2026-06-19,20260619T124038-0400,2026-06-19T16:40:38.948202+00:00,12:40:38.170547,760,settlement_window,F,M5_cutoff_change,1,DEFINED,DEFINED,hgb,hgb,"[46,47,48,49,50,51,52,53,54,55,56,57,58,59,60,61,62,63,64,65,66,67,68,69,70,71,72,73,74,75,76,77,78,79,80,81,82,83,84,85,86,87,88,89,90,91,92,93,94,95,96,97,98,99]","[0.0,0.0,0.0,0.0,0.0,0.0,0.0,0.0,0.0,0.0,0.0,0.0,0.0,0.0,0.0,0.0,0.0,0.0,0.0,0.0,0.0,0.0,0.0,0.0,0.0,0.0,0.0,0.0,0.0,0.0,0.0,0.0,0.0,0.0010000000000543181,0.0036535302627520175,0.026413864021374644,0.02231645318738781,0.03873708478184664,0.12731511719528094,0.19178796593074832,0.14444385542804244,0.0838957270258114,0.31002312047401925,0.036133660250364484,0.010773245763182056,0.002678525048892103,0.0006837775629739289,0.00010457306568581801,3.173756273010272e-05,6.660775176384101e-06,8.330084501293315e-07,2.1690529147227092e-07,4.703670864400049e-08,4.713227174103346e-09]","[0.0,0.0,0.0,0.0,0.0,0.0,0.0,0.0,0.0,0.0,0.0,0.0,0.0,0.0,0.0,0.0,0.0,0.0,0.0,0.0,0.0,0.0,0.0,0.0,0.0,0.0,0.0,0.0,0.0,0.0,0.0,0.0,0.0,0.0,0.0,0.024636643612161297,0.017006887129299878,0.027296290346486993,0.08865955047548582,0.3773970694803879,0.14493091707361846,0.21937585145531208,0.051966626799116504,0.03591185164464432,0.00879218915576077,0.0028609954663136932,0.0009223496133296612,0.00016396029984759082,5.6954113849301586e-05,1.8525238616099112e-05,2.171421336923777e-06,9.641599459014134e-07,1.7824409534923438e-07,2.4270391503593265e-08]",1.0,1.0,0.6441920735466131,0.25805649367490274,True,0.5601020294477838,"{""all_recovered_sources_strict_prior"":true,""current_captured_at_utc"":""2026-06-19T16:40:38.948202+00:00"",""recovered_source_captured_at_utc"":[""2026-06-19T16:39:29.761516+00:00""]}",0a42fe1a8ec2e78de2db477266b3bf6155229958707ff30f8b85b13804849601
B,atlanta,2026-06-19,20260619T124240-0400,2026-06-19T16:42:40.840802+00:00,12:42:39.642252,762,settlement_window,F,M5_cutoff_change,1,DEFINED,DEFINED,hgb,hgb,"[46,47,48,49,50,51,52,53,54,55,56,57,58,59,60,61,62,63,64,65,66,67,68,69,70,71,72,73,74,75,76,77,78,79,80,81,82,83,84,85,86,87,88,89,90,91,92,93,94,95,96,97,98,99]","[0.0,0.0,0.0,0.0,0.0,0.0,0.0,0.0,0.0,0.0,0.0,0.0,0.0,0.0,0.0,0.0,0.0,0.0,0.0,0.0,0.0,0.0,0.0,0.0,0.0,0.0,0.0,0.0,0.0,0.0,0.0,0.0,0.0,0.0010000000000543181,0.0036535302627520175,0.026413864021374644,0.02231645318738781,0.03873708478184664,0.12731511719528094,0.19178796593074832,0.14444385542804244,0.0838957270258114,0.31002312047401925,0.036133660250364484,0.010773245763182056,0.002678525048892103,0.0006837775629739289,0.00010457306568581801,3.173756273010272e-05,6.660775176384101e-06,8.330084501293315e-07,2.1690529147227092e-07,4.703670864400049e-08,4.713227174103346e-09]","[0.0,0.0,0.0,0.0,0.0,0.0,0.0,0.0,0.0,0.0,0.0,0.0,0.0,0.0,0.0,0.0,0.0,0.0,0.0,0.0,0.0,0.0,0.0,0.0,0.0,0.0,0.0,0.0,0.0,0.0,0.0,0.0,0.0,0.0,0.0,0.024636643612161297,0.017006887129299878,0.027296290346486993,0.08865955047548582,0.3773970694803879,0.14493091707361846,0.21937585145531208,0.051966626799116504,0.03591185164464432,0.00879218915576077,0.0028609954663136932,0.0009223496133296612,0.00016396029984759082,5.6954113849301586e-05,1.8525238616099112e-05,2.171421336923777e-06,9.641599459014134e-07,1.7824409534923438e-07,2.4270391503593265e-08]",1.0,1.0,0.6441920735466131,0.25805649367490274,True,0.5601020294477838,"{""all_recovered_sources_strict_prior"":true,""current_captured_at_utc"":""2026-06-19T16:42:40.840802+00:00"",""recovered_source_captured_at_utc"":[""2026-06-19T16:41:30.518774+00:00""]}",b04bb19238b5c1bb3e8a16925994af6ce98fa85c6180359e5cc73839194ee486
B,atlanta,2026-06-19,20260619T124436-0400,2026-06-19T16:44:36.995266+00:00,12:44:34.216996,764,settlement_window,F,M5_cutoff_change,1,DEFINED,DEFINED,hgb,hgb,"[46,47,48,49,50,51,52,53,54,55,56,57,58,59,60,61,62,63,64,65,66,67,68,69,70,71,72,73,74,75,76,77,78,79,80,81,82,83,84,85,86,87,88,89,90,91,92,93,94,95,96,97,98,99]","[0.0,0.0,0.0,0.0,0.0,0.0,0.0,0.0,0.0,0.0,0.0,0.0,0.0,0.0,0.0,0.0,0.0,0.0,0.0,0.0,0.0,0.0,0.0,0.0,0.0,0.0,0.0,0.0,0.0,0.0,0.0,0.0,0.0,0.0010000000000543181,0.0036535302627520175,0.026413864021374644,0.02231645318738781,0.03873708478184664,0.12731511719528094,0.19178796593074832,0.14444385542804244,0.0838957270258114,0.31002312047401925,0.036133660250364484,0.010773245763182056,0.002678525048892103,0.0006837775629739289,0.00010457306568581801,3.173756273010272e-05,6.660775176384101e-06,8.330084501293315e-07,2.1690529147227092e-07,4.703670864400049e-08,4.713227174103346e-09]","[0.0,0.0,0.0,0.0,0.0,0.0,0.0,0.0,0.0,0.0,0.0,0.0,0.0,0.0,0.0,0.0,0.0,0.0,0.0,0.0,0.0,0.0,0.0,0.0,0.0,0.0,0.0,0.0,0.0,0.0,0.0,0.0,0.0,0.0,0.0,0.024636643612161297,0.017006887129299878,0.027296290346486993,0.08865955047548582,0.3773970694803879,0.14493091707361846,0.21937585145531208,0.051966626799116504,0.03591185164464432,0.00879218915576077,0.0028609954663136932,0.0009223496133296612,0.00016396029984759082,5.6954113849301586e-05,1.8525238616099112e-05,2.171421336923777e-06,9.641599459014134e-07,1.7824409534923438e-07,2.4270391503593265e-08]",1.0,1.0,0.6441920735466131,0.25805649367490274,True,0.5601020294477838,"{""all_recovered_sources_strict_prior"":true,""current_captured_at_utc"":""2026-06-19T16:44:36.995266+00:00"",""recovered_source_captured_at_utc"":[""2026-06-19T16:43:44.729947+00:00""]}",c21c9b42846ce9656180ac94e47911a443aa2890465ff21060922e83ee8b9148
B,atlanta,2026-06-19,20260619T130905-0400,2026-06-19T17:09:05.079101+00:00,13:09:04.556683,789,settlement_window,F,M5_cutoff_change,1,DEFINED,DEFINED,hgb,hgb,"[46,47,48,49,50,51,52,53,54,55,56,57,58,59,60,61,62,63,64,65,66,67,68,69,70,71,72,73,74,75,76,77,78,79,80,81,82,83,84,85,86,87,88,89,90,91,92,93,94,95,96,97,98,99]","[0.0,0.0,0.0,0.0,0.0,0.0,0.0,0.0,0.0,0.0,0.0,0.0,0.0,0.0,0.0,0.0,0.0,0.0,0.0,0.0,0.0,0.0,0.0,0.0,0.0,0.0,0.0,0.0,0.0,0.0,0.0,0.0,0.0,0.0,0.0,0.0017166774007545324,0.00717539737623556,0.03381679022791209,0.10850358066398609,0.2155263028379651,0.12032149086702489,0.2608762425144982,0.06136965557275847,0.17506106676781957,0.010766796388469366,0.0034540208560986775,0.0011164750804802958,0.00019929390525049858,6.874747932892671e-05,2.3341287391367806e-05,2.6446887075705043e-06,1.215647648462263e-06,2.3129721081275594e-07,2.91404596133418e-08]","[0.0,0.0,0.0,0.0,0.0,0.0,0.0,0.0,0.0,0.0,0.0,0.0,0.0,0.0,0.0,0.0,0.0,0.0,0.0,0.0,0.0,0.0,0.0,0.0,0.0,0.0,0.0,0.0,0.0,0.0,0.0,0.0,0.0,0.0,0.0,0.0,0.0,0.2551308378019067,0.27120994797193954,0.1651164281352444,0.1068924553483623,0.08895841127612235,0.05500335182950563,0.0423253651249438,0.010467684538424204,0.003516598596757016,0.0010919548254675255,0.0001949947873056955,6.739527344283966e-05,2.101632903683338e-05,2.565835637387154e-06,7.980108464300243e-07,1.6450392899486696e-07,2.981112831309556e-08]",1.0,1.0,0.7681659865865501,0.22131404757399462,True,0.3575271977338492,"{""all_recovered_sources_strict_prior"":true,""current_captured_at_utc"":""2026-06-19T17:09:05.079101+00:00"",""recovered_source_captured_at_utc"":[""2026-06-19T17:08:06.456699+00:00""]}",721ba56e5f79d2572270d2f59406a4e94d96b72dfb1c0694c920fb36a5c31666
B,atlanta,2026-06-19,20260619T131105-0400,2026-06-19T17:11:05.667827+00:00,13:11:05.256474,791,settlement_window,F,M5_cutoff_change,1,DEFINED,DEFINED,hgb,hgb,"[46,47,48,49,50,51,52,53,54,55,56,57,58,59,60,61,62,63,64,65,66,67,68,69,70,71,72,73,74,75,76,77,78,79,80,81,82,83,84,85,86,87,88,89,90,91,92,93,94,95,96,97,98,99]","[0.0,0.0,0.0,0.0,0.0,0.0,0.0,0.0,0.0,0.0,0.0,0.0,0.0,0.0,0.0,0.0,0.0,0.0,0.0,0.0,0.0,0.0,0.0,0.0,0.0,0.0,0.0,0.0,0.0,0.0,0.0,0.0,0.0,0.0,0.0,0.0017166774007545324,0.00717539737623556,0.03381679022791209,0.10850358066398609,0.2155263028379651,0.12032149086702489,0.2608762425144982,0.06136965557275847,0.17506106676781957,0.010766796388469366,0.0034540208560986775,0.0011164750804802958,0.00019929390525049858,6.874747932892671e-05,2.3341287391367806e-05,2.6446887075705043e-06,1.215647648462263e-06,2.3129721081275594e-07,2.91404596133418e-08]","[0.0,0.0,0.0,0.0,0.0,0.0,0.0,0.0,0.0,0.0,0.0,0.0,0.0,0.0,0.0,0.0,0.0,0.0,0.0,0.0,0.0,0.0,0.0,0.0,0.0,0.0,0.0,0.0,0.0,0.0,0.0,0.0,0.0,0.0,0.0,0.0,0.0,0.2551308378019067,0.27120994797193954,0.1651164281352444,0.1068924553483623,0.08895841127612235,0.05500335182950563,0.0423253651249438,0.010467684538424204,0.003516598596757016,0.0010919548254675255,0.0001949947873056955,6.739527344283966e-05,2.101632903683338e-05,2.565835637387154e-06,7.980108464300243e-07,1.6450392899486696e-07,2.981112831309556e-08]",1.0,1.0,0.7681659865865501,0.22131404757399462,True,0.3575271977338492,"{""all_recovered_sources_strict_prior"":true,""current_captured_at_utc"":""2026-06-19T17:11:05.667827+00:00"",""recovered_source_captured_at_utc"":[""2026-06-19T17:10:12.074580+00:00""]}",e358caf61eb44ed722619ff35f0b9056b864f40450080868b72919b08dd05257
B,atlanta,2026-06-19,20260619T131418-0400,2026-06-19T17:14:18.587347+00:00,13:14:17.966561,794,settlement_window,F,M5_cutoff_change,1,DEFINED,DEFINED,hgb,hgb,"[46,47,48,49,50,51,52,53,54,55,56,57,58,59,60,61,62,63,64,65,66,67,68,69,70,71,72,73,74,75,76,77,78,79,80,81,82,83,84,85,86,87,88,89,90,91,92,93,94,95,96,97,98,99]","[0.0,0.0,0.0,0.0,0.0,0.0,0.0,0.0,0.0,0.0,0.0,0.0,0.0,0.0,0.0,0.0,0.0,0.0,0.0,0.0,0.0,0.0,0.0,0.0,0.0,0.0,0.0,0.0,0.0,0.0,0.0,0.0,0.0,0.0,0.0,0.0017166774007545324,0.00717539737623556,0.03381679022791209,0.10850358066398609,0.2155263028379651,0.12032149086702489,0.2608762425144982,0.06136965557275847,0.17506106676781957,0.010766796388469366,0.0034540208560986775,0.0011164750804802958,0.00019929390525049858,6.874747932892671e-05,2.3341287391367806e-05,2.6446887075705043e-06,1.215647648462263e-06,2.3129721081275594e-07,2.91404596133418e-08]","[0.0,0.0,0.0,0.0,0.0,0.0,0.0,0.0,0.0,0.0,0.0,0.0,0.0,0.0,0.0,0.0,0.0,0.0,0.0,0.0,0.0,0.0,0.0,0.0,0.0,0.0,0.0,0.0,0.0,0.0,0.0,0.0,0.0,0.0,0.0,0.0,0.0,0.2551308378019067,0.27120994797193954,0.1651164281352444,0.1068924553483623,0.08895841127612235,0.05500335182950563,0.0423253651249438,0.010467684538424204,0.003516598596757016,0.0010919548254675255,0.0001949947873056955,6.739527344283966e-05,2.101632903683338e-05,2.565835637387154e-06,7.980108464300243e-07,1.6450392899486696e-07,2.981112831309556e-08]",1.0,1.0,0.7681659865865501,0.22131404757399462,True,0.3575271977338492,"{""all_recovered_sources_strict_prior"":true,""current_captured_at_utc"":""2026-06-19T17:14:18.587347+00:00"",""recovered_source_captured_at_utc"":[""2026-06-19T17:13:16.812495+00:00""]}",1ec4be798a0232e4698e25f7eca53e67a067c4255c391e06e3464660e277c9a3
B,atlanta,2026-06-19,20260619T141345-0400,2026-06-19T18:13:45.299290+00:00,14:13:44.128924,853,peak_heating_window,F,M5_cutoff_change,1,DEFINED,DEFINED,hgb,hgb,"[46,47,48,49,50,51,52,53,54,55,56,57,58,59,60,61,62,63,64,65,66,67,68,69,70,71,72,73,74,75,76,77,78,79,80,81,82,83,84,85,86,87,88,89,90,91,92,93,94,95,96,97,98,99]","[0.0,0.0,0.0,0.0,0.0,0.0,0.0,0.0,0.0,0.0,0.0,0.0,0.0,0.0,0.0,0.0,0.0,0.0,0.0,0.0,0.0,0.0,0.0,0.0,0.0,0.0,0.0,0.0,0.0,0.0,0.0,0.0,0.0,0.0,0.0,0.0,0.0,0.001884144635682303,0.018011993928082188,0.18935376562278813,0.14122151503709918,0.09252066893639029,0.4307969658500007,0.07333645296793982,0.0361089698406771,0.012005908972866866,0.0037679026175480206,0.0006731379217500032,0.00023265814833183868,7.361975791848886e-05,8.856521083517899e-06,2.7550497169737692e-06,5.814597252094486e-07,1.0273239919062412e-07]","[0.0,0.0,0.0,0.0,0.0,0.0,0.0,0.0,0.0,0.0,0.0,0.0,0.0,0.0,0.0,0.0,0.0,0.0,0.0,0.0,0.0,0.0,0.0,0.0,0.0,0.0,0.0,0.0,0.0,0.0,0.0,0.0,0.0,0.0,0.0,0.0,0.0,0.0,0.0,0.32276135284548557,0.1405099879124854,0.1074076208564505,0.35679354163062066,0.043087094816880285,0.01898875457369061,0.007758318615667441,0.0021225132117027473,0.00038628758989858454,0.00013187658681593724,4.5322718402198316e-05,5.118851899396444e-06,1.6295156948210021e-06,5.233600080053976e-07,5.6914297853106585e-08]",1.0,1.0,0.2965890782855151,0.13340758722269744,False,0.15593136871767826,"{""all_recovered_sources_strict_prior"":true,""current_captured_at_utc"":""2026-06-19T18:13:45.299290+00:00"",""recovered_source_captured_at_utc"":[""2026-06-19T18:12:36.971133+00:00""]}",f779801f89d98525a242ad37e84b8f90665dda35d744eb2927e921ccc3d9c04e
B,atlanta,2026-06-19,20260619T141739-0400,2026-06-19T18:17:39.283867+00:00,14:17:38.817544,857,peak_heating_window,F,M5_cutoff_change,1,DEFINED,DEFINED,hgb,hgb,"[46,47,48,49,50,51,52,53,54,55,56,57,58,59,60,61,62,63,64,65,66,67,68,69,70,71,72,73,74,75,76,77,78,79,80,81,82,83,84,85,86,87,88,89,90,91,92,93,94,95,96,97,98,99]","[0.0,0.0,0.0,0.0,0.0,0.0,0.0,0.0,0.0,0.0,0.0,0.0,0.0,0.0,0.0,0.0,0.0,0.0,0.0,0.0,0.0,0.0,0.0,0.0,0.0,0.0,0.0,0.0,0.0,0.0,0.0,0.0,0.0,0.0,0.0,0.0,0.0,0.0017723684039732054,0.014031516003427346,0.1501854232647227,0.14347028734180484,0.11086172787773008,0.4588703711353277,0.07055917824352284,0.034320610773734626,0.011406538869938115,0.0035797802917488433,0.0006395297491605503,0.00022104208131857995,6.994409881257346e-05,8.414336087427487e-06,2.6174966488061675e-06,5.524288265197856e-07,9.760321526997557e-08]","[0.0,0.0,0.0,0.0,0.0,0.0,0.0,0.0,0.0,0.0,0.0,0.0,0.0,0.0,0.0,0.0,0.0,0.0,0.0,0.0,0.0,0.0,0.0,0.0,0.0,0.0,0.0,0.0,0.0,0.0,0.0,0.0,0.0,0.0,0.0,0.0,0.0,0.0,0.0,0.26204462040216014,0.14611950180235103,0.13174006108272882,0.3890220784796282,0.04243465839816291,0.0184746523794661,0.007545123176550051,0.0020641772619377726,0.00037567070898793947,0.00012825203853813414,4.407705088155323e-05,4.978163348955009e-06,1.5847294408852385e-06,5.089757745224991e-07,5.535004277761011e-08]",1.0,1.0,0.2707734896059649,0.11185919713743744,False,0.1281202223131826,"{""all_recovered_sources_strict_prior"":true,""current_captured_at_utc"":""2026-06-19T18:17:39.283867+00:00"",""recovered_source_captured_at_utc"":[""2026-06-19T18:16:36.354048+00:00""]}",9100e5a7175f0b18b174a39bcb2319b0d32abf8c8e8026c5d0da483d8ee38853
B,atlanta,2026-06-19,20260619T150343-0400,2026-06-19T19:03:43.787121+00:00,15:03:42.999439,903,peak_heating_window,F,M5_cutoff_change,1,DEFINED,DEFINED,hgb,hgb,"[45,46,47,48,49,50,51,52,53,54,55,56,57,58,59,60,61,62,63,64,65,66,67,68,69,70,71,72,73,74,75,76,77,78,79,80,81,82,83,84,85,86,87,88,89,90,91,92,93,94,95,96,97,98,99]","[0.0,0.0,0.0,0.0,0.0,0.0,0.0,0.0,0.0,0.0,0.0,0.0,0.0,0.0,0.0,0.0,0.0,0.0,0.0,0.0,0.0,0.0,0.0,0.0,0.0,0.0,0.0,0.0,0.0,0.0,0.0,0.0,0.0,0.0,0.0,0.0,0.0,0.0,0.0,0.0,0.0018451236928374011,0.06728749944464997,0.42874070854143065,0.3487001126193786,0.11459114906934,0.029011222213704467,0.007644283550793672,0.0016879266350777202,0.00033449700898879366,0.00011457178324760645,3.638415860522739e-05,4.378530934717688e-06,1.5167161241514203e-06,5.857093521717023e-07,4.0325534818169225e-08]","[0.0,0.0,0.0,0.0,0.0,0.0,0.0,0.0,0.0,0.0,0.0,0.0,0.0,0.0,0.0,0.0,0.0,0.0,0.0,0.0,0.0,0.0,0.0,0.0,0.0,0.0,0.0,0.0,0.0,0.0,0.0,0.0,0.0,0.0,0.0,0.0,0.0,0.0,0.0,0.0,0.0,0.0,0.15983361332695128,0.41929920769706386,0.4024582981647175,0.014238369173904704,0.0030464076002205635,0.0008946216910632175,0.0001573097327913198,5.5500772201319036e-05,1.3540181100890156e-05,2.0379787740992203e-06,7.263042333917911e-07,3.50986509283171e-07,1.639046869812094e-08]",0.9999999999999999,1.0000000000000002,0.7169324883461254,0.28786714909537753,True,0.57738275308234,"{""all_recovered_sources_strict_prior"":true,""current_captured_at_utc"":""2026-06-19T19:03:43.787121+00:00"",""recovered_source_captured_at_utc"":[""2026-06-19T19:02:35.495284+00:00""]}",c789358e83079f15d6e519a3fe3c40a37df034e55c9d8ab0754e28f01ca4e609
B,atlanta,2026-06-19,20260619T152031-0400,2026-06-19T19:20:31.657157+00:00,15:20:31.164065,920,peak_heating_window,F,M5_cutoff_change,1,DEFINED,DEFINED,hgb,hgb,"[45,46,47,48,49,50,51,52,53,54,55,56,57,58,59,60,61,62,63,64,65,66,67,68,69,70,71,72,73,74,75,76,77,78,79,80,81,82,83,84,85,86,87,88,89,90,91,92,93,94,95,96,97,98,99]","[0.0,0.0,0.0,0.0,0.0,0.0,0.0,0.0,0.0,0.0,0.0,0.0,0.0,0.0,0.0,0.0,0.0,0.0,0.0,0.0,0.0,0.0,0.0,0.0,0.0,0.0,0.0,0.0,0.0,0.0,0.0,0.0,0.0,0.0,0.0,0.0,0.0,0.0,0.0,0.0,0.001818467673996214,0.09670489953416511,0.45075136443888036,0.2639024378361951,0.16056789593926707,0.017943479784644244,0.006439161754487514,0.0014566117303504934,0.0002814213740546862,9.653826458481912e-05,3.0417264943211467e-05,3.6900835744177786e-06,2.0234047381324963e-06,1.5568054234559527e-06,3.411069516024969e-08]","[0.0,0.0,0.0,0.0,0.0,0.0,0.0,0.0,0.0,0.0,0.0,0.0,0.0,0.0,0.0,0.0,0.0,0.0,0.0,0.0,0.0,0.0,0.0,0.0,0.0,0.0,0.0,0.0,0.0,0.0,0.0,0.0,0.0,0.0,0.0,0.0,0.0,0.0,0.0,0.0,0.0,0.0,0.29163833927597427,0.49077157510003433,0.2046623713240164,0.009652063844431133,0.0023499841909996625,0.0007362461978332322,0.00013239014389370234,4.372729971213643e-05,1.0904213294322453e-05,1.7303800587593249e-06,5.185620119497025e-07,1.3411180764410994e-07,1.535593237362518e-08]",1.0000000000000002,1.0,0.5419272252971772,0.22686913726383923,True,0.3777975174896834,"{""all_recovered_sources_strict_prior"":true,""current_captured_at_utc"":""2026-06-19T19:20:31.657157+00:00"",""recovered_source_captured_at_utc"":[""2026-06-19T19:19:33.092909+00:00""]}",d654c8f9cfc60c641b861d0f3da70044bceb665101bbeab8031fc8d3656c91d6
B,atlanta,2026-06-19,20260619T153521-0400,2026-06-19T19:35:21.060851+00:00,15:35:14.025551,935,peak_heating_window,F,M5_cutoff_change,1,DEFINED,DEFINED,hgb,hgb,"[45,46,47,48,49,50,51,52,53,54,55,56,57,58,59,60,61,62,63,64,65,66,67,68,69,70,71,72,73,74,75,76,77,78,79,80,81,82,83,84,85,86,87,88,89,90,91,92,93,94,95,96,97,98,99]","[0.0,0.0,0.0,0.0,0.0,0.0,0.0,0.0,0.0,0.0,0.0,0.0,0.0,0.0,0.0,0.0,0.0,0.0,0.0,0.0,0.0,0.0,0.0,0.0,0.0,0.0,0.0,0.0,0.0,0.0,0.0,0.0,0.0,0.0,0.0,0.0,0.0,0.0,0.0,0.0,0.001818467673996214,0.09670489953416511,0.45075136443888036,0.2639024378361951,0.16056789593926707,0.017943479784644244,0.006439161754487514,0.0014566117303504934,0.0002814213740546862,9.653826458481912e-05,3.0417264943211467e-05,3.6900835744177786e-06,2.0234047381324963e-06,1.5568054234559527e-06,3.411069516024969e-08]","[0.0,0.0,0.0,0.0,0.0,0.0,0.0,0.0,0.0,0.0,0.0,0.0,0.0,0.0,0.0,0.0,0.0,0.0,0.0,0.0,0.0,0.0,0.0,0.0,0.0,0.0,0.0,0.0,0.0,0.0,0.0,0.0,0.0,0.0,0.0,0.0,0.0,0.0,0.0,0.0,0.0,0.0,0.32092678006737246,0.5160299074349656,0.14973304235913193,0.010062528235524934,0.002375125408010652,0.0006765428222011609,0.00013689528671571163,4.5196323947505484e-05,1.1480680967211353e-05,1.7949929233082506e-06,5.412804265765169e-07,1.4963160811609223e-07,1.5476204984065452e-08]",1.0000000000000002,1.0,0.5042549391975406,0.25212746959877047,True,0.3431332652566996,"{""all_recovered_sources_strict_prior"":true,""current_captured_at_utc"":""2026-06-19T19:35:21.060851+00:00"",""recovered_source_captured_at_utc"":[""2026-06-19T19:28:10.907908+00:00""]}",88971e9d4bfb7976a639402cbfb0acaae51b17685789a018711ca15c33e37082
B,atlanta,2026-06-19,20260619T161236-0400,2026-06-19T20:12:36.805267+00:00,16:12:36.224249,972,peak_heating_window,F,M5_cutoff_change,1,DEFINED,DEFINED,hgb,hgb,"[45,46,47,48,49,50,51,52,53,54,55,56,57,58,59,60,61,62,63,64,65,66,67,68,69,70,71,72,73,74,75,76,77,78,79,80,81,82,83,84,85,86,87,88,89,90,91,92,93,94,95,96,97,98,99]","[0.0,0.0,0.0,0.0,0.0,0.0,0.0,0.0,0.0,0.0,0.0,0.0,0.0,0.0,0.0,0.0,0.0,0.0,0.0,0.0,0.0,0.0,0.0,0.0,0.0,0.0,0.0,0.0,0.0,0.0,0.0,0.0,0.0,0.0,0.0,0.0,0.0,0.0,0.0,0.0,0.0,0.0,0.15127884621868534,0.6365136081218575,0.11778040144174518,0.09023156252116266,0.003089312720325888,0.0008603589258586027,0.0001701783775665138,5.6894942701967054e-05,1.4709769608473547e-05,2.60819416457839e-06,1.3246020458652915e-06,1.738227909784564e-07,2.0341486702757196e-08]","[0.0,0.0,0.0,0.0,0.0,0.0,0.0,0.0,0.0,0.0,0.0,0.0,0.0,0.0,0.0,0.0,0.0,0.0,0.0,0.0,0.0,0.0,0.0,0.0,0.0,0.0,0.0,0.0,0.0,0.0,0.0,0.0,0.0,0.0,0.0,0.0,0.0,0.0,0.0,0.0,0.0,0.0,0.0,0.5881266378043816,0.35037506710926636,0.0544398742279116,0.005760807195939694,0.000951028532373216,0.00021478219892563438,0.00010054309093274525,2.756789070213594e-05,2.591737900731066e-06,7.946462127788382e-07,2.832883145265558e-07,2.2277138907607277e-08]",1.0,1.0,0.47091610248301824,0.23259466566752118,False,0.3241520334831763,"{""all_recovered_sources_strict_prior"":true,""current_captured_at_utc"":""2026-06-19T20:12:36.805267+00:00"",""recovered_source_captured_at_utc"":[""2026-06-19T20:11:43.695469+00:00""]}",7e9fe05f87afaf77d0bae9b3329cdfa10dd61a50431c5a3a1a4c374609e21e96
B,atlanta,2026-06-19,20260619T162854-0400,2026-06-19T20:28:54.561460+00:00,16:28:54.198450,988,peak_heating_window,F,M5_cutoff_change,1,DEFINED,DEFINED,hgb,hgb,"[45,46,47,48,49,50,51,52,53,54,55,56,57,58,59,60,61,62,63,64,65,66,67,68,69,70,71,72,73,74,75,76,77,78,79,80,81,82,83,84,85,86,87,88,89,90,91,92,93,94,95,96,97,98,99]","[0.0,0.0,0.0,0.0,0.0,0.0,0.0,0.0,0.0,0.0,0.0,0.0,0.0,0.0,0.0,0.0,0.0,0.0,0.0,0.0,0.0,0.0,0.0,0.0,0.0,0.0,0.0,0.0,0.0,0.0,0.0,0.0,0.0,0.0,0.0,0.0,0.0,0.0,0.0,0.0,0.0,0.0,0.13805589417599531,0.5863835429834635,0.14594181236515555,0.12407490749894093,0.00413546505890557,0.0010969948439891093,0.00021550303380860644,7.203185955683496e-05,1.8623255485647745e-05,3.3020956100221076e-06,1.6770080464147568e-06,2.2006777056630285e-07,2.5753272073710355e-08]","[0.0,0.0,0.0,0.0,0.0,0.0,0.0,0.0,0.0,0.0,0.0,0.0,0.0,0.0,0.0,0.0,0.0,0.0,0.0,0.0,0.0,0.0,0.0,0.0,0.0,0.0,0.0,0.0,0.0,0.0,0.0,0.0,0.0,0.0,0.0,0.0,0.0,0.0,0.0,0.0,0.0,0.0,0.0,0.5446329645391556,0.3759394181518892,0.07054089701936574,0.007327853792816107,0.0011447720733104314,0.0002566891713928868,0.00012007814659469416,3.291693511218314e-05,3.0958206245659073e-06,9.495578999222466e-07,3.381589855352577e-07,2.6632853190492916e-08]",1.0000000000000002,0.9999999999999999,0.4666828336500207,0.22999760578673364,False,0.31948136590835513,"{""all_recovered_sources_strict_prior"":true,""current_captured_at_utc"":""2026-06-19T20:28:54.561460+00:00"",""recovered_source_captured_at_utc"":[""2026-06-19T20:27:37.009114+00:00""]}",e4bedf24ee0079a00cc7f0addbe31df24dca1a15906c891a54304a5bec935798
B,austin,2026-06-19,20260619T130906-0400,2026-06-19T17:09:06.958369+00:00,12:09:06.360527,729,settlement_window,F,M5_cutoff_change,1,DEFINED,DEFINED,hgb,hgb,"[46,47,48,49,50,51,52,53,54,55,56,57,58,59,60,61,62,63,64,65,66,67,68,69,70,71,72,73,74,75,76,77,78,79,80,81,82,83,84,85,86,87,88,89,90,91,92,93,94,95,96,97,98,99,100,101,102,103,104,105,106,107]","[0.0,0.0,0.0,0.0,0.0,0.0,0.0,0.0,0.0,0.0,0.0,0.0,0.0,0.0,0.0,0.0,0.0,0.0,0.0,0.0,0.0,0.0,0.0,0.0,0.0,0.0,0.0,0.0,0.0,0.0,0.0,0.0,0.0,0.0,0.0,0.0,0.0,0.0,0.0021205959396873968,0.004506490856432536,0.00941814150459259,0.007612363207571642,0.008987709127332254,0.04368494284427953,0.06373387393987864,0.345071978509099,0.044203761592915156,0.4652777935695968,0.004516120039286379,0.0007630689356393378,8.919695943791297e-05,1.1974072195716637e-05,1.6776080839918108e-06,2.933861345032517e-07,1.5573545397685686e-08,1.999161014995875e-09,3.1394352835292004e-10,1.879337408913507e-11,2.0584476921392803e-12,3.238167060887039e-13,6.708159229484899e-15,4.315601143382425e-15]","[0.0,0.0,0.0,0.0,0.0,0.0,0.0,0.0,0.0,0.0,0.0,0.0,0.0,0.0,0.0,0.0,0.0,0.0,0.0,0.0,0.0,0.0,0.0,0.0,0.0,0.0,0.0,0.0,0.0,0.0,0.0,0.0,0.0,0.0,0.0,0.0,0.0,0.0,0.0,0.0033594736772684284,0.0036066891250879658,0.004163889861266952,0.0066507310081526235,0.04843866831626839,0.08837805835575614,0.42386096084607494,0.046321057308098414,0.3726124038116065,0.0021928352660880697,0.00036078447005464826,5.103357265957573e-05,3.0055620685137345e-06,3.681303079298803e-07,3.7619870542890356e-08,2.8219861569918815e-09,2.2308966945842167e-10,2.305702419818852e-11,1.1304174832513206e-12,9.495506859311091e-14,1.1964338642731978e-14,1.556500635726217e-16,9.497292014600645e-17]",1.0,1.0,0.22060837588005114,0.09266538975799032,True,0.17246666055285692,"{""all_recovered_sources_strict_prior"":true,""current_captured_at_utc"":""2026-06-19T17:09:06.958369+00:00"",""recovered_source_captured_at_utc"":[""2026-06-19T17:08:09.809857+00:00""]}",3abb80078a54433b3ab2efb649eb9cb6a839ae0dab7beb9ea987b4c41c786eb3
B,austin,2026-06-19,20260619T131107-0400,2026-06-19T17:11:07.633137+00:00,12:11:07.178807,731,settlement_window,F,M5_cutoff_change,1,DEFINED,DEFINED,hgb,hgb,"[46,47,48,49,50,51,52,53,54,55,56,57,58,59,60,61,62,63,64,65,66,67,68,69,70,71,72,73,74,75,76,77,78,79,80,81,82,83,84,85,86,87,88,89,90,91,92,93,94,95,96,97,98,99,100,101,102,103,104,105,106,107]","[0.0,0.0,0.0,0.0,0.0,0.0,0.0,0.0,0.0,0.0,0.0,0.0,0.0,0.0,0.0,0.0,0.0,0.0,0.0,0.0,0.0,0.0,0.0,0.0,0.0,0.0,0.0,0.0,0.0,0.0,0.0,0.0,0.0,0.0,0.0,0.0,0.0,0.0,0.0021205959396873968,0.004506490856432536,0.00941814150459259,0.007612363207571642,0.008987709127332254,0.04368494284427953,0.06373387393987864,0.345071978509099,0.044203761592915156,0.4652777935695968,0.004516120039286379,0.0007630689356393378,8.919695943791297e-05,1.1974072195716637e-05,1.6776080839918108e-06,2.933861345032517e-07,1.5573545397685686e-08,1.999161014995875e-09,3.1394352835292004e-10,1.879337408913507e-11,2.0584476921392803e-12,3.238167060887039e-13,6.708159229484899e-15,4.315601143382425e-15]","[0.0,0.0,0.0,0.0,0.0,0.0,0.0,0.0,0.0,0.0,0.0,0.0,0.0,0.0,0.0,0.0,0.0,0.0,0.0,0.0,0.0,0.0,0.0,0.0,0.0,0.0,0.0,0.0,0.0,0.0,0.0,0.0,0.0,0.0,0.0,0.0,0.0,0.0,0.0,0.0033594736772684284,0.0036066891250879658,0.004163889861266952,0.0066507310081526235,0.04843866831626839,0.08837805835575614,0.42386096084607494,0.046321057308098414,0.3726124038116065,0.0021928352660880697,0.00036078447005464826,5.103357265957573e-05,3.0055620685137345e-06,3.681303079298803e-07,3.7619870542890356e-08,2.8219861569918815e-09,2.2308966945842167e-10,2.305702419818852e-11,1.1304174832513206e-12,9.495506859311091e-14,1.1964338642731978e-14,1.556500635726217e-16,9.497292014600645e-17]",1.0,1.0,0.22060837588005114,0.09266538975799032,True,0.17246666055285692,"{""all_recovered_sources_strict_prior"":true,""current_captured_at_utc"":""2026-06-19T17:11:07.633137+00:00"",""recovered_source_captured_at_utc"":[""2026-06-19T17:10:14.119025+00:00""]}",1590541f8058b288d0cb469b86225c31b9d5096cd377c1a575b0cf8a583ad33c
B,austin,2026-06-19,20260619T131422-0400,2026-06-19T17:14:22.503475+00:00,12:14:22.073118,734,settlement_window,F,M5_cutoff_change,1,DEFINED,DEFINED,hgb,hgb,"[46,47,48,49,50,51,52,53,54,55,56,57,58,59,60,61,62,63,64,65,66,67,68,69,70,71,72,73,74,75,76,77,78,79,80,81,82,83,84,85,86,87,88,89,90,91,92,93,94,95,96,97,98,99,100,101,102,103,104,105,106,107]","[0.0,0.0,0.0,0.0,0.0,0.0,0.0,0.0,0.0,0.0,0.0,0.0,0.0,0.0,0.0,0.0,0.0,0.0,0.0,0.0,0.0,0.0,0.0,0.0,0.0,0.0,0.0,0.0,0.0,0.0,0.0,0.0,0.0,0.0,0.0,0.0,0.0,0.0,0.0021205959396873968,0.004506490856432536,0.00941814150459259,0.007612363207571642,0.008987709127332254,0.04368494284427953,0.06373387393987864,0.345071978509099,0.044203761592915156,0.4652777935695968,0.004516120039286379,0.0007630689356393378,8.919695943791297e-05,1.1974072195716637e-05,1.6776080839918108e-06,2.933861345032517e-07,1.5573545397685686e-08,1.999161014995875e-09,3.1394352835292004e-10,1.879337408913507e-11,2.0584476921392803e-12,3.238167060887039e-13,6.708159229484899e-15,4.315601143382425e-15]","[0.0,0.0,0.0,0.0,0.0,0.0,0.0,0.0,0.0,0.0,0.0,0.0,0.0,0.0,0.0,0.0,0.0,0.0,0.0,0.0,0.0,0.0,0.0,0.0,0.0,0.0,0.0,0.0,0.0,0.0,0.0,0.0,0.0,0.0,0.0,0.0,0.0,0.0,0.0,0.0033594736772684284,0.0036066891250879658,0.004163889861266952,0.0066507310081526235,0.04843866831626839,0.08837805835575614,0.42386096084607494,0.046321057308098414,0.3726124038116065,0.0021928352660880697,0.00036078447005464826,5.103357265957573e-05,3.0055620685137345e-06,3.681303079298803e-07,3.7619870542890356e-08,2.8219861569918815e-09,2.2308966945842167e-10,2.305702419818852e-11,1.1304174832513206e-12,9.495506859311091e-14,1.1964338642731978e-14,1.556500635726217e-16,9.497292014600645e-17]",1.0,1.0,0.22060837588005114,0.09266538975799032,True,0.17246666055285692,"{""all_recovered_sources_strict_prior"":true,""current_captured_at_utc"":""2026-06-19T17:14:22.503475+00:00"",""recovered_source_captured_at_utc"":[""2026-06-19T17:13:20.497281+00:00""]}",af9c0f95f8fde1c6a3c6580ea843c8271421464fe27f28d4d12df2e175c47b54
B,austin,2026-06-19,20260619T134606-0400,2026-06-19T17:46:06.678409+00:00,12:46:06.106972,766,settlement_window,F,M5_cutoff_change,1,DEFINED,DEFINED,hgb,hgb,"[46,47,48,49,50,51,52,53,54,55,56,57,58,59,60,61,62,63,64,65,66,67,68,69,70,71,72,73,74,75,76,77,78,79,80,81,82,83,84,85,86,87,88,89,90,91,92,93,94,95,96,97,98,99,100,101,102,103,104,105,106,107]","[0.0,0.0,0.0,0.0,0.0,0.0,0.0,0.0,0.0,0.0,0.0,0.0,0.0,0.0,0.0,0.0,0.0,0.0,0.0,0.0,0.0,0.0,0.0,0.0,0.0,0.0,0.0,0.0,0.0,0.0,0.0,0.0,0.0,0.0,0.0,0.0,0.0,0.0,0.0018385229901691966,0.0038379111068396546,0.007876428310871172,0.0065411216986037985,0.0072931601681971965,0.025357388982430642,0.04447023599383365,0.3926030053272932,0.0466192214348588,0.4258802338494909,0.026378721051393227,0.008517706786724925,0.0020078952124275955,0.0005565879136035301,0.00015817436064970045,5.53682490743706e-05,6.111659146186608e-06,1.610144069791676e-06,5.122316364601498e-07,6.337845387992378e-08,1.4161472108160974e-08,4.544640147562448e-09,1.9205928019427325e-10,2.5206057214575403e-10]","[0.0,0.0,0.0,0.0,0.0,0.0,0.0,0.0,0.0,0.0,0.0,0.0,0.0,0.0,0.0,0.0,0.0,0.0,0.0,0.0,0.0,0.0,0.0,0.0,0.0,0.0,0.0,0.0,0.0,0.0,0.0,0.0,0.0,0.0,0.0,0.0,0.0,0.0,0.0,0.003200896515905822,0.0034169177770336013,0.003922232330761064,0.005868442924033474,0.037317358747550995,0.06966518687341788,0.3791224797706605,0.05773229861962766,0.41027519037738375,0.021317723272187915,0.005916168164309296,0.001911269095171332,0.0002480016104961245,6.738997590072411e-05,1.531463710509448e-05,2.56604900299138e-06,4.4695467152515473e-07,1.0247538759966821e-07,1.1130356618524614e-08,2.077666568791262e-09,5.817466392615534e-10,1.6818295341051508e-11,2.28044682590529e-11]",1.0,1.0,0.09653599565894698,0.025194950879584233,False,0.012159498114087175,"{""all_recovered_sources_strict_prior"":true,""current_captured_at_utc"":""2026-06-19T17:46:06.678409+00:00"",""recovered_source_captured_at_utc"":[""2026-06-19T17:43:39.631748+00:00""]}",3ce88ad841dbc0ec69e63c38f083c4bebf7bb6f46357ab41f762ea78cee5ee42
B,austin,2026-06-19,20260619T141257-0400,2026-06-19T18:12:57.722799+00:00,13:12:57.327420,792,settlement_window,F,M5_cutoff_change,1,DEFINED,DEFINED,hgb,hgb,"[46,47,48,49,50,51,52,53,54,55,56,57,58,59,60,61,62,63,64,65,66,67,68,69,70,71,72,73,74,75,76,77,78,79,80,81,82,83,84,85,86,87,88,89,90,91,92,93,94,95,96,97,98,99,100,101,102,103,104,105,106,107]","[0.0,0.0,0.0,0.0,0.0,0.0,0.0,0.0,0.0,0.0,0.0,0.0,0.0,0.0,0.0,0.0,0.0,0.0,0.0,0.0,0.0,0.0,0.0,0.0,0.0,0.0,0.0,0.0,0.0,0.0,0.0,0.0,0.0,0.0,0.0,0.0,0.0,0.0,0.0,0.0013956404705108285,0.0034231059963568808,0.0039293357015424005,0.005879070985423816,0.03738494246350914,0.06979135422180056,0.3798090906897102,0.05783685487447717,0.4110182205076433,0.021356330799699393,0.005926882658641065,0.0019147305048740244,0.00024845075456643017,6.751202272136088e-05,1.5342372725161123e-05,2.5706962538358467e-06,4.47764130141207e-07,1.026609759617784e-07,1.1150514284701042e-08,2.0814293331441954e-09,5.828002132803748e-10,1.6848754165935633e-11,2.2845768360590693e-11]","[0.0,0.0,0.0,0.0,0.0,0.0,0.0,0.0,0.0,0.0,0.0,0.0,0.0,0.0,0.0,0.0,0.0,0.0,0.0,0.0,0.0,0.0,0.0,0.0,0.0,0.0,0.0,0.0,0.0,0.0,0.0,0.0,0.0,0.0,0.0,0.0,0.0,0.0,0.0,0.0,0.004585153811754665,0.005226053556635967,0.013871308313283235,0.028837342416451407,0.2936040211759092,0.2573029640156541,0.11406773633770678,0.24971766393289377,0.022744915426727855,0.007717272121946801,0.001680524734569562,0.000452847318683847,0.00014844401698507471,3.53990982444146e-05,6.238487662332448e-06,1.60058147426186e-06,4.3505066136545976e-07,6.113146566422769e-08,1.365939831184789e-08,4.383516733673255e-09,1.852501058946094e-10,2.4312414185153805e-10]",1.0000000000000002,0.9999999999999998,0.5879682590733571,0.22381266695410867,True,0.22866877672475006,"{""all_recovered_sources_strict_prior"":true,""current_captured_at_utc"":""2026-06-19T18:12:57.722799+00:00"",""recovered_source_captured_at_utc"":[""2026-06-19T18:12:39.161217+00:00""]}",d48f368d0f8e1dddb277b9bec7a50afc14fd43b1ef8f9a562b84c321b2843a8b
B,austin,2026-06-19,20260619T141741-0400,2026-06-19T18:17:41.099743+00:00,13:17:40.548749,797,settlement_window,F,M5_cutoff_change,1,DEFINED,DEFINED,hgb,hgb,"[46,47,48,49,50,51,52,53,54,55,56,57,58,59,60,61,62,63,64,65,66,67,68,69,70,71,72,73,74,75,76,77,78,79,80,81,82,83,84,85,86,87,88,89,90,91,92,93,94,95,96,97,98,99,100,101,102,103,104,105,106,107]","[0.0,0.0,0.0,0.0,0.0,0.0,0.0,0.0,0.0,0.0,0.0,0.0,0.0,0.0,0.0,0.0,0.0,0.0,0.0,0.0,0.0,0.0,0.0,0.0,0.0,0.0,0.0,0.0,0.0,0.0,0.0,0.0,0.0,0.0,0.0,0.0,0.0,0.0,0.0,0.0013956404705108285,0.0034231059963568808,0.0039293357015424005,0.005879070985423816,0.03738494246350914,0.06979135422180056,0.3798090906897102,0.05783685487447717,0.4110182205076433,0.021356330799699393,0.005926882658641065,0.0019147305048740244,0.00024845075456643017,6.751202272136088e-05,1.5342372725161123e-05,2.5706962538358467e-06,4.47764130141207e-07,1.026609759617784e-07,1.1150514284701042e-08,2.0814293331441954e-09,5.828002132803748e-10,1.6848754165935633e-11,2.2845768360590693e-11]","[0.0,0.0,0.0,0.0,0.0,0.0,0.0,0.0,0.0,0.0,0.0,0.0,0.0,0.0,0.0,0.0,0.0,0.0,0.0,0.0,0.0,0.0,0.0,0.0,0.0,0.0,0.0,0.0,0.0,0.0,0.0,0.0,0.0,0.0,0.0,0.0,0.0,0.0,0.0,0.0,0.004585153811754665,0.005226053556635967,0.013871308313283235,0.028837342416451407,0.2936040211759092,0.2573029640156541,0.11406773633770678,0.24971766393289377,0.022744915426727855,0.007717272121946801,0.001680524734569562,0.000452847318683847,0.00014844401698507471,3.53990982444146e-05,6.238487662332448e-06,1.60058147426186e-06,4.3505066136545976e-07,6.113146566422769e-08,1.365939831184789e-08,4.383516733673255e-09,1.852501058946094e-10,2.4312414185153805e-10]",1.0000000000000002,0.9999999999999998,0.5879682590733571,0.22381266695410867,True,0.22866877672475006,"{""all_recovered_sources_strict_prior"":true,""current_captured_at_utc"":""2026-06-19T18:17:41.099743+00:00"",""recovered_source_captured_at_utc"":[""2026-06-19T18:16:38.418837+00:00""]}",83ce8269bbb02f5808644025c75a3002d44f708c795c5db0bfdeaf28b09e40fd
B,austin,2026-06-19,20260619T144641-0400,2026-06-19T18:46:41.200436+00:00,13:46:40.704017,826,settlement_window,F,M5_cutoff_change,1,DEFINED,DEFINED,hgb,hgb,"[46,47,48,49,50,51,52,53,54,55,56,57,58,59,60,61,62,63,64,65,66,67,68,69,70,71,72,73,74,75,76,77,78,79,80,81,82,83,84,85,86,87,88,89,90,91,92,93,94,95,96,97,98,99,100,101,102,103,104,105,106,107]","[0.0,0.0,0.0,0.0,0.0,0.0,0.0,0.0,0.0,0.0,0.0,0.0,0.0,0.0,0.0,0.0,0.0,0.0,0.0,0.0,0.0,0.0,0.0,0.0,0.0,0.0,0.0,0.0,0.0,0.0,0.0,0.0,0.0,0.0,0.0,0.0,0.0,0.0,0.0,0.0014312009857156453,0.0035303843775873504,0.004075796722805345,0.006510025132855089,0.047413877926259715,0.08650829215369508,0.414893566520971,0.045341068054999205,0.36472924715397564,0.017035259132793277,0.0062284224077045125,0.0019578241543734562,0.00025623054299991156,6.97419772965887e-05,1.583789520411169e-05,2.640113109074772e-06,4.638041184630416e-07,1.0652361157020892e-07,1.160563690198797e-08,2.166385555037754e-09,6.065879554105712e-10,1.7536457790919617e-11,2.3778247852094398e-11]","[0.0,0.0,0.0,0.0,0.0,0.0,0.0,0.0,0.0,0.0,0.0,0.0,0.0,0.0,0.0,0.0,0.0,0.0,0.0,0.0,0.0,0.0,0.0,0.0,0.0,0.0,0.0,0.0,0.0,0.0,0.0,0.0,0.0,0.0,0.0,0.0,0.0,0.0,0.0,0.0,0.00460205965497485,0.005257141004166019,0.014583400381217066,0.03535259696529591,0.35399713876856254,0.2421410174510844,0.09099720848026596,0.22415878417203225,0.01883481445007085,0.007741934578986364,0.001686209175934489,0.00045436907353312586,0.00014904694971472725,3.5518625263857896e-05,6.273436136771743e-06,1.970647787466417e-06,4.363676720443601e-07,6.12962280621109e-08,1.3696213316936492e-08,4.395331250474932e-09,1.8574939462135063e-10,2.4377941350517026e-10]",1.0000000000000002,1.0,0.6541742179538966,0.26748884661486744,True,0.2725499866226504,"{""all_recovered_sources_strict_prior"":true,""current_captured_at_utc"":""2026-06-19T18:46:41.200436+00:00"",""recovered_source_captured_at_utc"":[""2026-06-19T18:45:30.170777+00:00""]}",da31b241e7f8a1f00f65e0917189e9ad4c6ab84ddb559a8e377aef9fed5921ed
B,austin,2026-06-19,20260619T182829-0400,2026-06-19T22:28:29.493068+00:00,17:28:29.093757,1048,settlement_window,F,M5_cutoff_change,2,DEFINED,DEFINED,hgb,hgb,"[45,46,47,48,49,50,51,52,53,54,55,56,57,58,59,60,61,62,63,64,65,66,67,68,69,70,71,72,73,74,75,76,77,78,79,80,81,82,83,84,85,86,87,88,89,90,91,92,93,94,95,96,97,98,99,100,101,102,103,104,105,106,107]","[0.0,0.0,0.0,0.0,0.0,0.0,0.0,0.0,0.0,0.0,0.0,0.0,0.0,0.0,0.0,0.0,0.0,0.0,0.0,0.0,0.0,0.0,0.0,0.0,0.0,0.0,0.0,0.0,0.0,0.0,0.0,0.0,0.0,0.0,0.0,0.0,0.0,0.0,0.0,0.0,0.0,0.18158505623233806,0.3465934743904984,0.18753073712011056,0.07858475505952275,0.08651159613363621,0.03846766532434012,0.03638580895628051,0.02739796737273592,0.011484142700040195,0.004085456841305925,0.0010787578146763876,0.00023019428531270423,5.160629211723877e-05,1.0124651827574221e-05,2.0136731907424056e-06,5.181715648759995e-07,1.08184854528255e-07,1.3725757979142223e-08,2.592955237924846e-09,3.927985899926984e-10,6.847240576476469e-11,1.5663124481319888e-11]","[0.0,0.0,0.0,0.0,0.0,0.0,0.0,0.0,0.0,0.0,0.0,0.0,0.0,0.0,0.0,0.0,0.0,0.0,0.0,0.0,0.0,0.0,0.0,0.0,0.0,0.0,0.0,0.0,0.0,0.0,0.0,0.0,0.0,0.0,0.0,0.0,0.0,0.0,0.0,0.0,0.0,0.0,0.0,0.8844597642082505,0.06508490906242365,0.018422413842543756,0.012492730156346818,0.0099324560725888,0.0058876064927065605,0.0027608083217486343,0.0007620128820242295,0.00014908120159059076,3.7389618817413074e-05,8.806657879334056e-06,1.621669834011696e-06,3.025627910564323e-07,7.972184885811073e-08,1.558411874784378e-08,1.580721913165008e-09,3.088533893879698e-10,4.573006593665585e-11,7.548833493893692e-12,1.6329919894905704e-12]",1.0,1.0,1.3938580541762795,0.6969290270881399,True,1.2746971668848093,"{""all_recovered_sources_strict_prior"":true,""current_captured_at_utc"":""2026-06-19T22:28:29.493068+00:00"",""recovered_source_captured_at_utc"":[""2026-06-19T22:27:29.178282+00:00"",""2026-06-19T22:27:29.178282+00:00""]}",ed9cd8858e40ef94ab6c693857c922128b638a2e1e5da88de0f59016c23c49fc
B,chicago,2026-06-19,20260619T152035-0400,2026-06-19T19:20:35.015080+00:00,14:20:34.318050,860,peak_heating_window,F,M5_cutoff_change,1,DEFINED,DEFINED,hgb,hgb,"[46,47,48,49,50,51,52,53,54,55,56,57,58,59,60,61,62,63,64,65,66,67,68,69,70,71,72,73,74,75,76,77,78,79,80,81,82,83,84,85,86,87,88,89,90,91,92,93,94,95,96,97,98]","[0.0,0.0,0.0,0.0,0.0,0.0,0.0,0.0,0.0,0.0,0.0,0.0,0.0,0.0,0.0,0.0,0.0,0.0,0.0,0.0,0.0,0.0,0.0,0.0,0.0,0.0,0.0,0.00372559432680319,0.0027145674444983984,0.17119253436911452,0.03570862049474132,0.1816691083798681,0.5411911663720127,0.041756325730836055,0.016212331445082932,0.0035072138700397784,0.0015035534606115237,0.0004740296184125011,0.0002054426928977087,8.825281448359359e-05,3.642513469921319e-05,9.916368505554474e-06,3.4429475635251002e-06,8.332884993076113e-07,4.066224003208632e-07,1.5816886108137765e-07,5.258355851655735e-08,1.5478106943444046e-08,6.416111737739572e-09,1.4985931569568285e-09,3.7133522748360313e-10,8.479124627898019e-11,1.757190185631647e-11]","[0.0,0.0,0.0,0.0,0.0,0.0,0.0,0.0,0.0,0.0,0.0,0.0,0.0,0.0,0.0,0.0,0.0,0.0,0.0,0.0,0.0,0.0,0.0,0.0,0.0,0.0,0.0,0.0,0.0058908674197130605,0.09105957898922033,0.12171073787494029,0.16342890924232162,0.535971755882008,0.051586263036422164,0.023783219837871634,0.0031876740081368325,0.002381683656237954,0.0005772885095081987,0.00020963363590747154,0.00010026588809033714,9.315846884512054e-05,1.1866335924413904e-05,5.140472790997788e-06,1.100199004021777e-06,5.486282488151702e-07,1.9748729191915237e-07,7.915620277486729e-08,1.7970068632987033e-08,7.434202545220915e-09,4.150208607006185e-09,1.2192538510482836e-09,4.797340848604967e-10,1.784620280481747e-11]",1.0,0.9999999999999999,0.21527539839230292,0.08600211738019897,False,0.14210765945098244,"{""all_recovered_sources_strict_prior"":true,""current_captured_at_utc"":""2026-06-19T19:20:35.015080+00:00"",""recovered_source_captured_at_utc"":[""2026-06-19T19:19:38.473566+00:00""]}",cb18f6b86f337788c4b7c74016911ab593d71fee7b9666aea36794e8a359b124
B,chicago,2026-06-19,20260619T153523-0400,2026-06-19T19:35:23.063495+00:00,14:35:12.899285,875,peak_heating_window,F,M5_cutoff_change,1,DEFINED,DEFINED,hgb,hgb,"[46,47,48,49,50,51,52,53,54,55,56,57,58,59,60,61,62,63,64,65,66,67,68,69,70,71,72,73,74,75,76,77,78,79,80,81,82,83,84,85,86,87,88,89,90,91,92,93,94,95,96,97,98]","[0.0,0.0,0.0,0.0,0.0,0.0,0.0,0.0,0.0,0.0,0.0,0.0,0.0,0.0,0.0,0.0,0.0,0.0,0.0,0.0,0.0,0.0,0.0,0.0,0.0,0.0,0.0,0.00372559432680319,0.0027145674444983984,0.17119253436911452,0.03570862049474132,0.1816691083798681,0.5411911663720127,0.041756325730836055,0.016212331445082932,0.0035072138700397784,0.0015035534606115237,0.0004740296184125011,0.0002054426928977087,8.825281448359359e-05,3.642513469921319e-05,9.916368505554474e-06,3.4429475635251002e-06,8.332884993076113e-07,4.066224003208632e-07,1.5816886108137765e-07,5.258355851655735e-08,1.5478106943444046e-08,6.416111737739572e-09,1.4985931569568285e-09,3.7133522748360313e-10,8.479124627898019e-11,1.757190185631647e-11]","[0.0,0.0,0.0,0.0,0.0,0.0,0.0,0.0,0.0,0.0,0.0,0.0,0.0,0.0,0.0,0.0,0.0,0.0,0.0,0.0,0.0,0.0,0.0,0.0,0.0,0.0,0.0,0.0,0.0058908674197130605,0.09105957898922033,0.12171073787494029,0.16342890924232162,0.535971755882008,0.051586263036422164,0.023783219837871634,0.0031876740081368325,0.002381683656237954,0.0005772885095081987,0.00020963363590747154,0.00010026588809033714,9.315846884512054e-05,1.1866335924413904e-05,5.140472790997788e-06,1.100199004021777e-06,5.486282488151702e-07,1.9748729191915237e-07,7.915620277486729e-08,1.7970068632987033e-08,7.434202545220915e-09,4.150208607006185e-09,1.2192538510482836e-09,4.797340848604967e-10,1.784620280481747e-11]",1.0,0.9999999999999999,0.21527539839230292,0.08600211738019897,False,0.14210765945098244,"{""all_recovered_sources_strict_prior"":true,""current_captured_at_utc"":""2026-06-19T19:35:23.063495+00:00"",""recovered_source_captured_at_utc"":[""2026-06-19T19:28:16.542338+00:00""]}",f80d7cfddae056b027634e32d07a740c9f29d8d43d6075c462142921349d606f
B,chicago,2026-06-19,20260619T162245-0400,2026-06-19T20:22:45.304610+00:00,15:22:44.699974,922,peak_heating_window,F,M5_cutoff_change,1,DEFINED,DEFINED,hgb,hgb,"[45,46,47,48,49,50,51,52,53,54,55,56,57,58,59,60,61,62,63,64,65,66,67,68,69,70,71,72,73,74,75,76,77,78,79,80,81,82,83,84,85,86,87,88,89,90,91,92,93,94,95,96,97,98]","[0.0,0.0,0.0,0.0,0.0,0.0,0.0,0.0,0.0,0.0,0.0,0.0,0.0,0.0,0.0,0.0,0.0,0.0,0.0,0.0,0.0,0.0,0.0,0.0,0.0,0.0,0.0,0.0,0.0,0.0058271262126976375,0.01777651515383165,0.1111598994519136,0.6776051875206801,0.14079665067759145,0.03479414389462462,0.007162207870674204,0.003247632646677964,0.0009996212654734145,0.00032265856377132745,0.0001456983505948988,0.00012437690302851838,2.7409203482611577e-05,7.6116688431088345e-06,1.9938523288639685e-06,7.91379591733894e-07,3.046047552987049e-07,1.1912224485402888e-07,3.1852982673956715e-08,1.1112489178611375e-08,5.877855009101349e-09,1.985305169715791e-09,7.24882984924955e-10,1.0035818202007265e-10,3.3210257005805443e-12]","[0.0,0.0,0.0,0.0,0.0,0.0,0.0,0.0,0.0,0.0,0.0,0.0,0.0,0.0,0.0,0.0,0.0,0.0,0.0,0.0,0.0,0.0,0.0,0.0,0.0,0.0,0.0,0.0,0.0,0.0,0.07710532274364082,0.08470694059514103,0.7065839056810641,0.11049811586770014,0.016245444130738418,0.003240319717957473,0.0010374370707642037,0.00038155783722659635,0.00012963502622467045,4.9628252073918616e-05,1.588652997185889e-05,4.239709788048421e-06,1.1938917151095068e-06,2.4557991162297426e-07,8.337746884814385e-08,3.108274348176242e-08,9.453826960624928e-09,2.470649404843802e-09,8.035383936094884e-10,1.31161836652698e-10,3.5495091674230384e-11,9.72593585083335e-12,1.3933126826768875e-12,7.890255502790924e-14]",1.0,1.0,0.17661505150038628,0.05932880758980917,False,0.09251128332143849,"{""all_recovered_sources_strict_prior"":true,""current_captured_at_utc"":""2026-06-19T20:22:45.304610+00:00"",""recovered_source_captured_at_utc"":[""2026-06-19T20:03:36.366361+00:00""]}",05aaafb5c2d5483b7441cd2d5a58415163d210696ffe0fb9c782319a2faf34da
B,chicago,2026-06-19,20260619T162647-0400,2026-06-19T20:26:47.763121+00:00,15:26:47.249813,926,peak_heating_window,F,M5_cutoff_change,1,DEFINED,DEFINED,hgb,hgb,"[45,46,47,48,49,50,51,52,53,54,55,56,57,58,59,60,61,62,63,64,65,66,67,68,69,70,71,72,73,74,75,76,77,78,79,80,81,82,83,84,85,86,87,88,89,90,91,92,93,94,95,96,97,98]","[0.0,0.0,0.0,0.0,0.0,0.0,0.0,0.0,0.0,0.0,0.0,0.0,0.0,0.0,0.0,0.0,0.0,0.0,0.0,0.0,0.0,0.0,0.0,0.0,0.0,0.0,0.0,0.0,0.0,0.019608456681278405,0.05889444505114433,0.18239107387836342,0.5776649845667781,0.12087976075729291,0.03010505524245922,0.006226648779225353,0.002809761485947803,0.0008711448950575195,0.00028187645810592296,0.0001277460151960114,0.00010694121529833579,2.37229163445794e-05,5.670982128756157e-06,1.613569691293444e-06,6.848547241387337e-07,2.65145095850239e-07,1.0363647135698707e-07,2.787302972317171e-08,9.485436439682667e-09,5.021371764632722e-09,9.42400062119282e-10,4.682229302758369e-10,7.599633206979487e-11,2.9392817765319274e-12]","[0.0,0.0,0.0,0.0,0.0,0.0,0.0,0.0,0.0,0.0,0.0,0.0,0.0,0.0,0.0,0.0,0.0,0.0,0.0,0.0,0.0,0.0,0.0,0.0,0.0,0.0,0.0,0.0,0.0,0.0,0.30463178507823463,0.19233851309210073,0.4243397703393751,0.06601382983366061,0.009756877667178374,0.0019464286355742565,0.0006230433797077593,0.00022910189460670837,7.781573105050098e-05,2.9811837939493596e-05,9.53556733044733e-06,2.5457387967743064e-06,7.17331868183631e-07,1.4747525242769608e-07,4.9985831983747404e-08,1.8658413468090236e-08,5.6790000955054306e-09,1.484571344248191e-09,4.827962223230413e-10,7.875298859039179e-11,2.1263522199862336e-11,5.8124372641629705e-12,8.345846749936264e-13,4.742546424404159e-14]",1.0,1.0,0.511369558481655,0.2457373400270903,False,0.23458440694898935,"{""all_recovered_sources_strict_prior"":true,""current_captured_at_utc"":""2026-06-19T20:26:47.763121+00:00"",""recovered_source_captured_at_utc"":[""2026-06-19T20:25:40.643228+00:00""]}",32e047a7b6ae10eb3c75109a3c23485a5d2155d2b6ebec0219e9851a0d2b8642
B,chicago,2026-06-19,20260619T162902-0400,2026-06-19T20:29:02.372662+00:00,15:29:01.819164,929,peak_heating_window,F,M5_cutoff_change,1,DEFINED,DEFINED,hgb,hgb,"[45,46,47,48,49,50,51,52,53,54,55,56,57,58,59,60,61,62,63,64,65,66,67,68,69,70,71,72,73,74,75,76,77,78,79,80,81,82,83,84,85,86,87,88,89,90,91,92,93,94,95,96,97,98]","[0.0,0.0,0.0,0.0,0.0,0.0,0.0,0.0,0.0,0.0,0.0,0.0,0.0,0.0,0.0,0.0,0.0,0.0,0.0,0.0,0.0,0.0,0.0,0.0,0.0,0.0,0.0,0.0,0.0,0.019608456681278405,0.05889444505114433,0.18239107387836342,0.5776649845667781,0.12087976075729291,0.03010505524245922,0.006226648779225353,0.002809761485947803,0.0008711448950575195,0.00028187645810592296,0.0001277460151960114,0.00010694121529833579,2.37229163445794e-05,5.670982128756157e-06,1.613569691293444e-06,6.848547241387337e-07,2.65145095850239e-07,1.0363647135698707e-07,2.787302972317171e-08,9.485436439682667e-09,5.021371764632722e-09,9.42400062119282e-10,4.682229302758369e-10,7.599633206979487e-11,2.9392817765319274e-12]","[0.0,0.0,0.0,0.0,0.0,0.0,0.0,0.0,0.0,0.0,0.0,0.0,0.0,0.0,0.0,0.0,0.0,0.0,0.0,0.0,0.0,0.0,0.0,0.0,0.0,0.0,0.0,0.0,0.0,0.0,0.30463178507823463,0.19233851309210073,0.4243397703393751,0.06601382983366061,0.009756877667178374,0.0019464286355742565,0.0006230433797077593,0.00022910189460670837,7.781573105050098e-05,2.9811837939493596e-05,9.53556733044733e-06,2.5457387967743064e-06,7.17331868183631e-07,1.4747525242769608e-07,4.9985831983747404e-08,1.8658413468090236e-08,5.6790000955054306e-09,1.484571344248191e-09,4.827962223230413e-10,7.875298859039179e-11,2.1263522199862336e-11,5.8124372641629705e-12,8.345846749936264e-13,4.742546424404159e-14]",1.0,1.0,0.511369558481655,0.2457373400270903,False,0.23458440694898935,"{""all_recovered_sources_strict_prior"":true,""current_captured_at_utc"":""2026-06-19T20:29:02.372662+00:00"",""recovered_source_captured_at_utc"":[""2026-06-19T20:27:45.578929+00:00""]}",15b96a5d4092b6aae473d68c73afdb5e3a7c9c7f3bc08975a47ddbdcddae0442
B,chicago,2026-06-19,20260619T163534-0400,2026-06-19T20:35:34.276058+00:00,15:35:33.099054,935,peak_heating_window,F,M5_cutoff_change,1,DEFINED,DEFINED,hgb,hgb,"[45,46,47,48,49,50,51,52,53,54,55,56,57,58,59,60,61,62,63,64,65,66,67,68,69,70,71,72,73,74,75,76,77,78,79,80,81,82,83,84,85,86,87,88,89,90,91,92,93,94,95,96,97,98]","[0.0,0.0,0.0,0.0,0.0,0.0,0.0,0.0,0.0,0.0,0.0,0.0,0.0,0.0,0.0,0.0,0.0,0.0,0.0,0.0,0.0,0.0,0.0,0.0,0.0,0.0,0.0,0.0,0.0,0.019608456681278405,0.05889444505114433,0.18239107387836342,0.5776649845667781,0.12087976075729291,0.03010505524245922,0.006226648779225353,0.002809761485947803,0.0008711448950575195,0.00028187645810592296,0.0001277460151960114,0.00010694121529833579,2.37229163445794e-05,5.670982128756157e-06,1.613569691293444e-06,6.848547241387337e-07,2.65145095850239e-07,1.0363647135698707e-07,2.787302972317171e-08,9.485436439682667e-09,5.021371764632722e-09,9.42400062119282e-10,4.682229302758369e-10,7.599633206979487e-11,2.9392817765319274e-12]","[0.0,0.0,0.0,0.0,0.0,0.0,0.0,0.0,0.0,0.0,0.0,0.0,0.0,0.0,0.0,0.0,0.0,0.0,0.0,0.0,0.0,0.0,0.0,0.0,0.0,0.0,0.0,0.0,0.0,0.0,0.30463178507823463,0.19233851309210073,0.4243397703393751,0.06601382983366061,0.009756877667178374,0.0019464286355742565,0.0006230433797077593,0.00022910189460670837,7.781573105050098e-05,2.9811837939493596e-05,9.53556733044733e-06,2.5457387967743064e-06,7.17331868183631e-07,1.4747525242769608e-07,4.9985831983747404e-08,1.8658413468090236e-08,5.6790000955054306e-09,1.484571344248191e-09,4.827962223230413e-10,7.875298859039179e-11,2.1263522199862336e-11,5.8124372641629705e-12,8.345846749936264e-13,4.742546424404159e-14]",1.0,1.0,0.511369558481655,0.2457373400270903,False,0.23458440694898935,"{""all_recovered_sources_strict_prior"":true,""current_captured_at_utc"":""2026-06-19T20:35:34.276058+00:00"",""recovered_source_captured_at_utc"":[""2026-06-19T20:33:41.004411+00:00""]}",ff4b6a5fdf714af68bc9d65a0c0984f3b72b88bbecf300cbe71c4a0f5487f24f
B,chicago,2026-06-19,20260619T182831-0400,2026-06-19T22:28:31.802156+00:00,17:28:31.262079,1048,settlement_window,F,M5_cutoff_change,1,DEFINED,DEFINED,hgb,hgb,"[45,46,47,48,49,50,51,52,53,54,55,56,57,58,59,60,61,62,63,64,65,66,67,68,69,70,71,72,73,74,75,76,77,78,79,80,81,82,83,84,85,86,87,88,89,90,91,92,93,94,95,96,97,98]","[0.0,0.0,0.0,0.0,0.0,0.0,0.0,0.0,0.0,0.0,0.0,0.0,0.0,0.0,0.0,0.0,0.0,0.0,0.0,0.0,0.0,0.0,0.0,0.0,0.0,0.0,0.0,0.0,0.0,0.0,0.42903659781252634,0.1396270054441215,0.24928767504737595,0.1309889598480835,0.040863358738438015,0.007455589120081443,0.0019393040489858915,0.0005958915755061736,0.00013964022226422098,4.7465466679643647e-05,1.408752963209955e-05,3.358522015553797e-06,8.257641341861185e-07,1.8136256611569315e-07,4.1166725041135754e-08,1.2952425634881979e-08,4.035151920968346e-09,1.045583458648157e-09,2.488889546813221e-10,4.069393060472383e-11,5.688995356261927e-12,2.0464661321785856e-12,3.6952890325732877e-13,1.5217333548236274e-14]","[0.0,0.0,0.0,0.0,0.0,0.0,0.0,0.0,0.0,0.0,0.0,0.0,0.0,0.0,0.0,0.0,0.0,0.0,0.0,0.0,0.0,0.0,0.0,0.0,0.0,0.0,0.0,0.0,0.0,0.0,0.0,0.7954230964829943,0.1560899229604883,0.0408293167671145,0.005875328024109132,0.0013590565835671752,0.00030968950735569796,7.768404684925569e-05,2.4160295340272365e-05,8.45905970049732e-06,2.4711128751336065e-06,6.075408366546626e-07,1.6113412071304187e-07,3.43742912221755e-08,7.68785938151586e-09,3.1541544255850666e-09,9.685401249803936e-10,2.2644785248563588e-10,5.862788127544749e-11,1.2245538474460105e-11,1.9816443494514243e-12,4.212821476786742e-13,7.435318459009992e-14,4.7925076013183174e-15]",0.9999999999999998,1.0,1.311592182077745,0.6557960910388727,True,1.2322385710287527,"{""all_recovered_sources_strict_prior"":true,""current_captured_at_utc"":""2026-06-19T22:28:31.802156+00:00"",""recovered_source_captured_at_utc"":[""2026-06-19T22:27:31.897778+00:00""]}",1ef64931c7b13387a994a3ee85bba31b05f49f2fb2a39c4cd8780b3cebddef8f
B,denver,2026-06-19,20260619T152038-0400,2026-06-19T19:20:38.394193+00:00,13:20:37.641610,800,settlement_window,F,M5_cutoff_change,1,DEFINED,DEFINED,hgb,hgb,"[46,47,48,49,50,51,52,53,54,55,56,57,58,59,60,61,62,63,64,65,66,67,68,69,70,71,72,73,74,75,76,77,78,79,80,81,82,83,84,85,86,87,88,89,90,91,92,93,94,95,96,97,98,99,100,101,102]","[0.0,0.0,0.0,0.0,0.0,0.0,0.0,0.0,0.0,0.0,0.0,0.0,0.0,0.0,0.0,0.0,0.0,0.0,0.0,0.0,0.0,0.0,0.0,0.0,0.0,0.0,0.0,0.0,0.0,0.007907891818334576,0.029761272541536613,0.03214388840013345,0.012427382305316297,0.393493190720769,0.039560033191457664,0.21307981809680637,0.15141651649943705,0.03309315056248915,0.07098363123279774,0.010329586378019341,0.004458788631931501,0.0007755843259389666,0.00045378515041943185,5.6056408999548774e-05,4.404817585821026e-05,1.3533943842297478e-05,1.017230720214844e-06,5.597526642641844e-07,1.7441401172409493e-07,7.245427596430671e-08,1.3256791568051594e-08,2.7960156708574306e-09,1.0373984660707845e-09,6.018148853136171e-10,6.61284004576336e-11,1.8547176970199254e-12,4.237006329584608e-12]","[0.0,0.0,0.0,0.0,0.0,0.0,0.0,0.0,0.0,0.0,0.0,0.0,0.0,0.0,0.0,0.0,0.0,0.0,0.0,0.0,0.0,0.0,0.0,0.0,0.0,0.0,0.0,0.0,0.0,0.0,0.16199137453262547,0.03750772373124006,0.030451241339803377,0.10767541085350942,0.09617200857094589,0.24667220615032642,0.19189982928951574,0.03540262027318602,0.0790489875237708,0.0056803241184228345,0.005761839847874866,0.001028993384042902,0.0005585895251102509,7.578307608306182e-05,5.2753141000850205e-05,1.7513006346993575e-05,1.640397737463642e-06,8.583401398742998e-07,1.9598784072148884e-07,8.419861466821597e-08,1.6164173382496124e-08,3.1716059175043994e-09,2.710791980150747e-09,5.67656834774655e-10,9.10587856080124e-11,2.002087151218811e-12,4.5736642000688205e-12]",1.0,1.0,0.5967498679586974,0.2858177798672596,True,0.4931665546220996,"{""all_recovered_sources_strict_prior"":true,""current_captured_at_utc"":""2026-06-19T19:20:38.394193+00:00"",""recovered_source_captured_at_utc"":[""2026-06-19T19:19:41.916622+00:00""]}",1a087d95189a32b8d046cf0e8d779e67bc5c94ee3a4bf7b6f20947b58d4b615e
B,denver,2026-06-19,20260619T153537-0400,2026-06-19T19:35:37.318800+00:00,13:35:33.592413,815,settlement_window,F,M5_cutoff_change,1,DEFINED,DEFINED,hgb,hgb,"[46,47,48,49,50,51,52,53,54,55,56,57,58,59,60,61,62,63,64,65,66,67,68,69,70,71,72,73,74,75,76,77,78,79,80,81,82,83,84,85,86,87,88,89,90,91,92,93,94,95,96,97,98,99,100,101,102]","[0.0,0.0,0.0,0.0,0.0,0.0,0.0,0.0,0.0,0.0,0.0,0.0,0.0,0.0,0.0,0.0,0.0,0.0,0.0,0.0,0.0,0.0,0.0,0.0,0.0,0.0,0.0,0.0,0.0,0.007907891818334576,0.029761272541536613,0.03214388840013345,0.012427382305316297,0.393493190720769,0.039560033191457664,0.21307981809680637,0.15141651649943705,0.03309315056248915,0.07098363123279774,0.010329586378019341,0.004458788631931501,0.0007755843259389666,0.00045378515041943185,5.6056408999548774e-05,4.404817585821026e-05,1.3533943842297478e-05,1.017230720214844e-06,5.597526642641844e-07,1.7441401172409493e-07,7.245427596430671e-08,1.3256791568051594e-08,2.7960156708574306e-09,1.0373984660707845e-09,6.018148853136171e-10,6.61284004576336e-11,1.8547176970199254e-12,4.237006329584608e-12]","[0.0,0.0,0.0,0.0,0.0,0.0,0.0,0.0,0.0,0.0,0.0,0.0,0.0,0.0,0.0,0.0,0.0,0.0,0.0,0.0,0.0,0.0,0.0,0.0,0.0,0.0,0.0,0.0,0.0,0.0,0.15976284681734237,0.038393918819512575,0.03125648451590544,0.12352918057104653,0.09886816521035631,0.23374949125129388,0.18368825324065027,0.03624728712087266,0.0810024749070171,0.005812406438982704,0.005910549551161836,0.0010544640011320501,0.0005718031783315245,7.715031126234198e-05,5.398402154181923e-05,1.7927778377186483e-05,2.4217872396261105e-06,8.80060760545988e-07,2.007372217033771e-07,8.613542912443339e-08,1.6570428926465768e-08,3.5062098203443405e-09,2.7854750573069254e-09,5.824550015709649e-10,9.327241290440308e-11,2.0463523286836386e-12,4.674785700877277e-12]",1.0,1.0,0.5647781638529071,0.2699640101497225,True,0.45613423181519913,"{""all_recovered_sources_strict_prior"":true,""current_captured_at_utc"":""2026-06-19T19:35:37.318800+00:00"",""recovered_source_captured_at_utc"":[""2026-06-19T19:28:28.243267+00:00""]}",e94ccc05fd7dfc0555535d4646ac17c47a8ea111e0ff4f1fdf6bdbce1af665f4
B,denver,2026-06-19,20260619T162650-0400,2026-06-19T20:26:50.038174+00:00,14:26:49.410610,866,peak_heating_window,F,M5_cutoff_change,1,DEFINED,DEFINED,hgb,hgb,"[46,47,48,49,50,51,52,53,54,55,56,57,58,59,60,61,62,63,64,65,66,67,68,69,70,71,72,73,74,75,76,77,78,79,80,81,82,83,84,85,86,87,88,89,90,91,92,93,94,95,96,97,98,99,100,101,102]","[0.0,0.0,0.0,0.0,0.0,0.0,0.0,0.0,0.0,0.0,0.0,0.0,0.0,0.0,0.0,0.0,0.0,0.0,0.0,0.0,0.0,0.0,0.0,0.0,0.0,0.0,0.0,0.0,0.0,0.0,0.00243558947769904,0.016146971215291406,0.03518231135585028,0.13935437090347705,0.23578397946543114,0.25025855013148546,0.24547303085070768,0.04032161304021813,0.030402568505023545,0.0019345701961712997,0.00206939800877446,0.00039004586452521124,0.0001949600762444487,2.687718264966453e-05,1.7210476452685583e-05,7.094350729377703e-06,4.5998100320852067e-07,2.759992921052206e-07,8.279853152170912e-08,3.2015102508475346e-08,5.637331982321806e-09,1.3116195493230593e-09,9.566297431170038e-10,1.608624915691732e-10,3.663683078397446e-11,6.878509721598942e-13,1.5713598503616847e-12]","[0.0,0.0,0.0,0.0,0.0,0.0,0.0,0.0,0.0,0.0,0.0,0.0,0.0,0.0,0.0,0.0,0.0,0.0,0.0,0.0,0.0,0.0,0.0,0.0,0.0,0.0,0.0,0.0,0.0,0.0,0.0,0.0,0.06248770341166832,0.24462338871053196,0.12011170946691002,0.3554703690566092,0.16815048315718117,0.029146982081319574,0.015834362809941344,0.002067627169110051,0.0012272176010737976,0.0004858706078548263,0.0002898131510814283,4.482156629255773e-05,4.2695354639687324e-05,1.367211492118716e-05,1.9585549582740627e-06,8.104111060954026e-07,3.2265069218100196e-07,1.403019725878115e-07,3.551907496991808e-08,8.528570076478112e-09,6.307142351444641e-09,1.084407342756315e-09,3.3843243592076e-10,1.465280927525188e-11,2.985552986861155e-11]",1.0,1.0,0.47632479089343865,0.11567226999852112,False,0.2632939321402241,"{""all_recovered_sources_strict_prior"":true,""current_captured_at_utc"":""2026-06-19T20:26:50.038174+00:00"",""recovered_source_captured_at_utc"":[""2026-06-19T20:25:43.584396+00:00""]}",1b4ea02c3ac19520535514d40698e3d3944d71180a068ded9e509817fb3aff7d
B,denver,2026-06-19,20260619T162913-0400,2026-06-19T20:29:13.893936+00:00,14:29:13.381528,869,peak_heating_window,F,M5_cutoff_change,1,DEFINED,DEFINED,hgb,hgb,"[46,47,48,49,50,51,52,53,54,55,56,57,58,59,60,61,62,63,64,65,66,67,68,69,70,71,72,73,74,75,76,77,78,79,80,81,82,83,84,85,86,87,88,89,90,91,92,93,94,95,96,97,98,99,100,101,102]","[0.0,0.0,0.0,0.0,0.0,0.0,0.0,0.0,0.0,0.0,0.0,0.0,0.0,0.0,0.0,0.0,0.0,0.0,0.0,0.0,0.0,0.0,0.0,0.0,0.0,0.0,0.0,0.0,0.0,0.0,0.00243558947769904,0.016146971215291406,0.03518231135585028,0.13935437090347705,0.23578397946543114,0.25025855013148546,0.24547303085070768,0.04032161304021813,0.030402568505023545,0.0019345701961712997,0.00206939800877446,0.00039004586452521124,0.0001949600762444487,2.687718264966453e-05,1.7210476452685583e-05,7.094350729377703e-06,4.5998100320852067e-07,2.759992921052206e-07,8.279853152170912e-08,3.2015102508475346e-08,5.637331982321806e-09,1.3116195493230593e-09,9.566297431170038e-10,1.608624915691732e-10,3.663683078397446e-11,6.878509721598942e-13,1.5713598503616847e-12]","[0.0,0.0,0.0,0.0,0.0,0.0,0.0,0.0,0.0,0.0,0.0,0.0,0.0,0.0,0.0,0.0,0.0,0.0,0.0,0.0,0.0,0.0,0.0,0.0,0.0,0.0,0.0,0.0,0.0,0.0,0.0,0.0,0.06248770341166832,0.24462338871053196,0.12011170946691002,0.3554703690566092,0.16815048315718117,0.029146982081319574,0.015834362809941344,0.002067627169110051,0.0012272176010737976,0.0004858706078548263,0.0002898131510814283,4.482156629255773e-05,4.2695354639687324e-05,1.367211492118716e-05,1.9585549582740627e-06,8.104111060954026e-07,3.2265069218100196e-07,1.403019725878115e-07,3.551907496991808e-08,8.528570076478112e-09,6.307142351444641e-09,1.084407342756315e-09,3.3843243592076e-10,1.465280927525188e-11,2.985552986861155e-11]",1.0,1.0,0.47632479089343865,0.11567226999852112,False,0.2632939321402241,"{""all_recovered_sources_strict_prior"":true,""current_captured_at_utc"":""2026-06-19T20:29:13.893936+00:00"",""recovered_source_captured_at_utc"":[""2026-06-19T20:27:47.610876+00:00""]}",2cfe1f9aa8ccbda79656a741660d85c3b27bc19acb5aface9e3376eff60e54cd
B,denver,2026-06-19,20260619T163543-0400,2026-06-19T20:35:43.672124+00:00,14:35:42.548929,875,peak_heating_window,F,M5_cutoff_change,1,DEFINED,DEFINED,hgb,hgb,"[46,47,48,49,50,51,52,53,54,55,56,57,58,59,60,61,62,63,64,65,66,67,68,69,70,71,72,73,74,75,76,77,78,79,80,81,82,83,84,85,86,87,88,89,90,91,92,93,94,95,96,97,98,99,100,101,102]","[0.0,0.0,0.0,0.0,0.0,0.0,0.0,0.0,0.0,0.0,0.0,0.0,0.0,0.0,0.0,0.0,0.0,0.0,0.0,0.0,0.0,0.0,0.0,0.0,0.0,0.0,0.0,0.0,0.0,0.0,0.00243558947769904,0.016146971215291406,0.03518231135585028,0.13935437090347705,0.23578397946543114,0.25025855013148546,0.24547303085070768,0.04032161304021813,0.030402568505023545,0.0019345701961712997,0.00206939800877446,0.00039004586452521124,0.0001949600762444487,2.687718264966453e-05,1.7210476452685583e-05,7.094350729377703e-06,4.5998100320852067e-07,2.759992921052206e-07,8.279853152170912e-08,3.2015102508475346e-08,5.637331982321806e-09,1.3116195493230593e-09,9.566297431170038e-10,1.608624915691732e-10,3.663683078397446e-11,6.878509721598942e-13,1.5713598503616847e-12]","[0.0,0.0,0.0,0.0,0.0,0.0,0.0,0.0,0.0,0.0,0.0,0.0,0.0,0.0,0.0,0.0,0.0,0.0,0.0,0.0,0.0,0.0,0.0,0.0,0.0,0.0,0.0,0.0,0.0,0.0,0.0,0.0,0.06248770341166832,0.24462338871053196,0.12011170946691002,0.3554703690566092,0.16815048315718117,0.029146982081319574,0.015834362809941344,0.002067627169110051,0.0012272176010737976,0.0004858706078548263,0.0002898131510814283,4.482156629255773e-05,4.2695354639687324e-05,1.367211492118716e-05,1.9585549582740627e-06,8.104111060954026e-07,3.2265069218100196e-07,1.403019725878115e-07,3.551907496991808e-08,8.528570076478112e-09,6.307142351444641e-09,1.084407342756315e-09,3.3843243592076e-10,1.465280927525188e-11,2.985552986861155e-11]",1.0,1.0,0.47632479089343865,0.11567226999852112,False,0.2632939321402241,"{""all_recovered_sources_strict_prior"":true,""current_captured_at_utc"":""2026-06-19T20:35:43.672124+00:00"",""recovered_source_captured_at_utc"":[""2026-06-19T20:33:45.551865+00:00""]}",bd0744814c475d9bc59ce27fbbcd6ffd22232b64903e20daab452e912f3565b6
B,denver,2026-06-19,20260619T165340-0400,2026-06-19T20:53:40.752091+00:00,14:53:40.162365,893,peak_heating_window,F,M5_cutoff_change,1,DEFINED,DEFINED,hgb,hgb,"[46,47,48,49,50,51,52,53,54,55,56,57,58,59,60,61,62,63,64,65,66,67,68,69,70,71,72,73,74,75,76,77,78,79,80,81,82,83,84,85,86,87,88,89,90,91,92,93,94,95,96,97,98,99,100,101,102]","[0.0,0.0,0.0,0.0,0.0,0.0,0.0,0.0,0.0,0.0,0.0,0.0,0.0,0.0,0.0,0.0,0.0,0.0,0.0,0.0,0.0,0.0,0.0,0.0,0.0,0.0,0.0,0.0,0.0,0.0,0.00243558947769904,0.016146971215291406,0.03518231135585028,0.13935437090347705,0.23578397946543114,0.25025855013148546,0.24547303085070768,0.04032161304021813,0.030402568505023545,0.0019345701961712997,0.00206939800877446,0.00039004586452521124,0.0001949600762444487,2.687718264966453e-05,1.7210476452685583e-05,7.094350729377703e-06,4.5998100320852067e-07,2.759992921052206e-07,8.279853152170912e-08,3.2015102508475346e-08,5.637331982321806e-09,1.3116195493230593e-09,9.566297431170038e-10,1.608624915691732e-10,3.663683078397446e-11,6.878509721598942e-13,1.5713598503616847e-12]","[0.0,0.0,0.0,0.0,0.0,0.0,0.0,0.0,0.0,0.0,0.0,0.0,0.0,0.0,0.0,0.0,0.0,0.0,0.0,0.0,0.0,0.0,0.0,0.0,0.0,0.0,0.0,0.0,0.0,0.0,0.0,0.0,0.062467464571897884,0.2445042388795612,0.12005937885279241,0.355311075402887,0.16818432563233307,0.029203788560949077,0.015875912716061855,0.0020730610407537365,0.0014385637496838399,0.00048668525521698827,0.00029046866065408894,4.4908832353145424e-05,4.278149823023372e-05,1.3992390841688462e-05,2.0258629568016322e-06,8.122676051895465e-07,3.2322361330555743e-07,1.407023146102474e-07,3.557039031182825e-08,8.548549881528729e-09,6.308962039005205e-09,1.0874154449720593e-09,3.3931840696055945e-10,1.4702015106571813e-11,2.9955788197174064e-11]",1.0,1.0,0.4757423621026503,0.11572460061263873,False,0.26322859543568455,"{""all_recovered_sources_strict_prior"":true,""current_captured_at_utc"":""2026-06-19T20:53:40.752091+00:00"",""recovered_source_captured_at_utc"":[""2026-06-19T20:51:19.588072+00:00""]}",4e779b94869e4c41210618bd76d91a23a3098641265e5900e375feeb65a41cc5
B,denver,2026-06-19,20260619T165934-0400,2026-06-19T20:59:34.767844+00:00,14:59:34.162307,899,peak_heating_window,F,M5_cutoff_change,1,DEFINED,DEFINED,hgb,hgb,"[46,47,48,49,50,51,52,53,54,55,56,57,58,59,60,61,62,63,64,65,66,67,68,69,70,71,72,73,74,75,76,77,78,79,80,81,82,83,84,85,86,87,88,89,90,91,92,93,94,95,96,97,98,99,100,101,102]","[0.0,0.0,0.0,0.0,0.0,0.0,0.0,0.0,0.0,0.0,0.0,0.0,0.0,0.0,0.0,0.0,0.0,0.0,0.0,0.0,0.0,0.0,0.0,0.0,0.0,0.0,0.0,0.0,0.0,0.0,0.00177958478456909,0.003056095803690505,0.01654525200731905,0.06760425044340901,0.1142090347927766,0.35967653970760166,0.34172258980450043,0.04996246636900611,0.039418903541494174,0.002285507423905275,0.0027715151076546695,0.0006685825740067762,0.0002347581522820004,3.4766385127456766e-05,2.0126393435246367e-05,8.936096624023187e-06,5.7945743991694e-07,3.5488021461729786e-07,1.0703884443261632e-07,3.8639888509631916e-08,7.30679515013499e-09,1.6601573381367324e-09,1.3691390903107434e-09,2.1039443565702022e-10,4.71948013519108e-11,7.700775713089687e-13,1.7592022490267916e-12]","[0.0,0.0,0.0,0.0,0.0,0.0,0.0,0.0,0.0,0.0,0.0,0.0,0.0,0.0,0.0,0.0,0.0,0.0,0.0,0.0,0.0,0.0,0.0,0.0,0.0,0.0,0.0,0.0,0.0,0.0,0.0,0.0,0.03907668511326916,0.0772644737307547,0.18582234260595146,0.30624596401843796,0.34361384976049475,0.029457888452856004,0.013861295799678465,0.0018685471622312383,0.001979605606116853,0.00042487626099131827,0.0002906744564219579,3.9566434209048674e-05,3.842158812585766e-05,1.2918395838357373e-05,1.7352987745735393e-06,7.218721601867704e-07,2.6047656145731545e-07,1.3200450764098978e-07,2.5547596693297786e-08,7.63293889063081e-09,6.450526732779361e-09,9.848112313443856e-10,3.0553119829130273e-10,1.3568401201662112e-11,2.7646016523924516e-11]",0.9999999999999999,1.0000000000000002,0.21156203602323334,0.07161330781317486,True,0.09370719151592632,"{""all_recovered_sources_strict_prior"":true,""current_captured_at_utc"":""2026-06-19T20:59:34.767844+00:00"",""recovered_source_captured_at_utc"":[""2026-06-19T20:57:41.659466+00:00""]}",b170e09a277967af1c58400d9c2001cb18b813c2f2b5b3ac552fa21f2248140a
B,denver,2026-06-19,20260619T172854-0400,2026-06-19T21:28:54.017036+00:00,15:28:53.550525,928,peak_heating_window,F,M5_cutoff_change,1,DEFINED,DEFINED,hgb,hgb,"[45,46,47,48,49,50,51,52,53,54,55,56,57,58,59,60,61,62,63,64,65,66,67,68,69,70,71,72,73,74,75,76,77,78,79,80,81,82,83,84,85,86,87,88,89,90,91,92,93,94,95,96,97,98,99,100,101,102]","[0.0,0.0,0.0,0.0,0.0,0.0,0.0,0.0,0.0,0.0,0.0,0.0,0.0,0.0,0.0,0.0,0.0,0.0,0.0,0.0,0.0,0.0,0.0,0.0,0.0,0.0,0.0,0.0,0.0,0.0,0.0,0.0,0.0,0.00393724224001166,0.0014582626862539993,0.042280912849212045,0.229747580577617,0.6293714348621852,0.056927338320170294,0.027181368562594448,0.0037794903641969906,0.003742251432050345,0.0008309367106338803,0.0005591436189661581,7.877152059390941e-05,7.458656289562863e-05,2.509874069140587e-05,3.3201905781637606e-06,1.4122709989662978e-06,5.102917619830043e-07,2.587625307996995e-07,4.968186068401392e-08,1.5206847273240745e-08,1.1926547613448714e-08,1.940854159906836e-09,5.960765057977235e-10,2.9244244534178184e-11,5.4626810213591466e-11]","[0.0,0.0,0.0,0.0,0.0,0.0,0.0,0.0,0.0,0.0,0.0,0.0,0.0,0.0,0.0,0.0,0.0,0.0,0.0,0.0,0.0,0.0,0.0,0.0,0.0,0.0,0.0,0.0,0.0,0.0,0.0,0.0,0.0,0.0,0.0,0.0,0.0,0.6103181401618094,0.33296462553484424,0.04875873141359803,0.002726177198417943,0.00414937656327645,0.0005958562419713442,0.00036447503272793295,6.194388830802669e-05,4.121722095819828e-05,1.554248500290015e-05,2.1190255323954096e-06,1.092747963143408e-06,4.567513607918982e-07,1.8600828640147182e-07,3.6352764969705724e-08,1.2022968690311023e-08,3.869560893054931e-09,6.9554645405304886e-09,4.748433870432219e-10,1.7552697557025718e-11,3.278757558820143e-11]",1.0,1.0,0.5960435604230281,0.27603728721467397,False,0.49054488120372974,"{""all_recovered_sources_strict_prior"":true,""current_captured_at_utc"":""2026-06-19T21:28:54.017036+00:00"",""recovered_source_captured_at_utc"":[""2026-06-19T21:27:35.143365+00:00""]}",c19e7248754467e4bbfce846eb11e454fe9d20502262aafd03bb9ab85edc0c04
B,denver,2026-06-19,20260619T174243-0400,2026-06-19T21:42:43.547385+00:00,15:42:42.926524,942,peak_heating_window,F,M5_cutoff_change,1,DEFINED,DEFINED,hgb,hgb,"[45,46,47,48,49,50,51,52,53,54,55,56,57,58,59,60,61,62,63,64,65,66,67,68,69,70,71,72,73,74,75,76,77,78,79,80,81,82,83,84,85,86,87,88,89,90,91,92,93,94,95,96,97,98,99,100,101,102]","[0.0,0.0,0.0,0.0,0.0,0.0,0.0,0.0,0.0,0.0,0.0,0.0,0.0,0.0,0.0,0.0,0.0,0.0,0.0,0.0,0.0,0.0,0.0,0.0,0.0,0.0,0.0,0.0,0.0,0.0,0.0,0.0,0.0,0.00393724224001166,0.0014582626862539993,0.042280912849212045,0.229747580577617,0.6293714348621852,0.056927338320170294,0.027181368562594448,0.0037794903641969906,0.003742251432050345,0.0008309367106338803,0.0005591436189661581,7.877152059390941e-05,7.458656289562863e-05,2.509874069140587e-05,3.3201905781637606e-06,1.4122709989662978e-06,5.102917619830043e-07,2.587625307996995e-07,4.968186068401392e-08,1.5206847273240745e-08,1.1926547613448714e-08,1.940854159906836e-09,5.960765057977235e-10,2.9244244534178184e-11,5.4626810213591466e-11]","[0.0,0.0,0.0,0.0,0.0,0.0,0.0,0.0,0.0,0.0,0.0,0.0,0.0,0.0,0.0,0.0,0.0,0.0,0.0,0.0,0.0,0.0,0.0,0.0,0.0,0.0,0.0,0.0,0.0,0.0,0.0,0.0,0.0,0.0,0.0,0.0,0.0,0.6084913971279112,0.3267825430213739,0.056855582746839585,0.0027063916185226197,0.004085068329539517,0.0005908316132035229,0.00036144954508118707,6.636894788678764e-05,4.100939628621205e-05,1.545258212192412e-05,2.0964244915454257e-06,1.1132034423915914e-06,4.5127887646215944e-07,1.846719623415601e-07,3.601266166444184e-08,1.1902716208969413e-08,3.8276886964358306e-09,6.832301445718446e-09,8.668037935801352e-10,1.753482651452963e-11,3.2754193359927016e-11]",1.0,1.0,0.5997444818902249,0.2698552047012036,False,0.48509431669800146,"{""all_recovered_sources_strict_prior"":true,""current_captured_at_utc"":""2026-06-19T21:42:43.547385+00:00"",""recovered_source_captured_at_utc"":[""2026-06-19T21:39:44.689944+00:00""]}",6733b9cd8a02dffd6f3ecec4827fd28044d6ab8c5acd687a6722d7edf3215951
B,denver,2026-06-19,20260619T175345-0400,2026-06-19T21:53:45.262838+00:00,15:53:44.684581,953,peak_heating_window,F,M5_cutoff_change,1,DEFINED,DEFINED,hgb,hgb,"[45,46,47,48,49,50,51,52,53,54,55,56,57,58,59,60,61,62,63,64,65,66,67,68,69,70,71,72,73,74,75,76,77,78,79,80,81,82,83,84,85,86,87,88,89,90,91,92,93,94,95,96,97,98,99,100,101,102]","[0.0,0.0,0.0,0.0,0.0,0.0,0.0,0.0,0.0,0.0,0.0,0.0,0.0,0.0,0.0,0.0,0.0,0.0,0.0,0.0,0.0,0.0,0.0,0.0,0.0,0.0,0.0,0.0,0.0,0.0,0.0,0.0,0.0,0.00393724224001166,0.0014582626862539993,0.042280912849212045,0.229747580577617,0.6293714348621852,0.056927338320170294,0.027181368562594448,0.0037794903641969906,0.003742251432050345,0.0008309367106338803,0.0005591436189661581,7.877152059390941e-05,7.458656289562863e-05,2.509874069140587e-05,3.3201905781637606e-06,1.4122709989662978e-06,5.102917619830043e-07,2.587625307996995e-07,4.968186068401392e-08,1.5206847273240745e-08,1.1926547613448714e-08,1.940854159906836e-09,5.960765057977235e-10,2.9244244534178184e-11,5.4626810213591466e-11]","[0.0,0.0,0.0,0.0,0.0,0.0,0.0,0.0,0.0,0.0,0.0,0.0,0.0,0.0,0.0,0.0,0.0,0.0,0.0,0.0,0.0,0.0,0.0,0.0,0.0,0.0,0.0,0.0,0.0,0.0,0.0,0.0,0.0,0.0,0.0,0.0,0.0,0.6102815861117148,0.32528831657443336,0.05659560828611392,0.0026940165329541414,0.004066389188728871,0.0005881300116614862,0.0003597968023596777,6.606547317767025e-05,4.0821879156510566e-05,1.538192456272094e-05,2.0868385054327096e-06,1.1081132744497318e-06,4.4921538547539865e-07,1.8382754229516512e-07,3.584799230669034e-08,1.1848290555795196e-08,3.8101864344484285e-09,6.801060469932922e-09,8.628402980375014e-10,1.7454647808291913e-11,3.260442348080773e-11]",1.0,0.9999999999999999,0.5961987217228627,0.2683609782542631,False,0.4862720912028373,"{""all_recovered_sources_strict_prior"":true,""current_captured_at_utc"":""2026-06-19T21:53:45.262838+00:00"",""recovered_source_captured_at_utc"":[""2026-06-19T21:52:44.289042+00:00""]}",8b61347b72f172982f7e407e84eb9eff2a3b402252719b2b78559d050144a911
B,houston,2026-06-19,20260619T130910-0400,2026-06-19T17:09:10.490125+00:00,12:09:09.986590,729,settlement_window,F,M5_cutoff_change,1,DEFINED,DEFINED,hgb,hgb,"[46,47,48,49,50,51,52,53,54,55,56,57,58,59,60,61,62,63,64,65,66,67,68,69,70,71,72,73,74,75,76,77,78,79,80,81,82,83,84,85,86,87,88,89,90,91,92,93,94,95,96,97,98,99,100,101,102]","[0.0,0.0,0.0,0.0,0.0,0.0,0.0,0.0,0.0,0.0,0.0,0.0,0.0,0.0,0.0,0.0,0.0,0.0,0.0,0.0,0.0,0.0,0.0,0.0,0.0,0.0,0.0,0.0,0.0,0.0,0.0,0.0,0.0,0.0,0.0,0.0,0.0,0.0,0.0,0.0,0.0,0.0,0.0,0.007616827740237775,0.02754144494411294,0.17585596899259073,0.25502015255804095,0.36486250085166616,0.10927888418656037,0.03479125678329305,0.020497882536405488,0.0031480956511254947,0.0012588032350688404,0.00010967859703634727,1.4661680496269859e-05,3.2760499300484826e-06,5.661934354392681e-07]","[0.0,0.0,0.0,0.0,0.0,0.0,0.0,0.0,0.0,0.0,0.0,0.0,0.0,0.0,0.0,0.0,0.0,0.0,0.0,0.0,0.0,0.0,0.0,0.0,0.0,0.0,0.0,0.0,0.0,0.0,0.0,0.0,0.0,0.0,0.0,0.0,0.0,0.0,0.0,0.0,0.0,0.0,0.0,0.0,0.1551270367919621,0.1566496830372388,0.14146011544269613,0.44012920028984287,0.06642516582928264,0.02600589685321809,0.012010189085343643,0.001829564551450653,0.00030991722840835543,4.721796603603813e-05,4.957886313152028e-06,9.254721117544919e-07,1.2956609564562623e-07]",1.0,0.9999999999999998,0.4057045825720518,0.12758559184784918,False,0.25119880332109096,"{""all_recovered_sources_strict_prior"":true,""current_captured_at_utc"":""2026-06-19T17:09:10.490125+00:00"",""recovered_source_captured_at_utc"":[""2026-06-19T17:08:14.410066+00:00""]}",17005eaa66d725428d25f08fd18a388c7296705c41a6fef63227d1a5742a1542
B,houston,2026-06-19,20260619T131111-0400,2026-06-19T17:11:11.438678+00:00,12:11:10.832374,731,settlement_window,F,M5_cutoff_change,1,DEFINED,DEFINED,hgb,hgb,"[46,47,48,49,50,51,52,53,54,55,56,57,58,59,60,61,62,63,64,65,66,67,68,69,70,71,72,73,74,75,76,77,78,79,80,81,82,83,84,85,86,87,88,89,90,91,92,93,94,95,96,97,98,99,100,101,102]","[0.0,0.0,0.0,0.0,0.0,0.0,0.0,0.0,0.0,0.0,0.0,0.0,0.0,0.0,0.0,0.0,0.0,0.0,0.0,0.0,0.0,0.0,0.0,0.0,0.0,0.0,0.0,0.0,0.0,0.0,0.0,0.0,0.0,0.0,0.0,0.0,0.0,0.0,0.0,0.0,0.0,0.0,0.0,0.007616827740237775,0.02754144494411294,0.17585596899259073,0.25502015255804095,0.36486250085166616,0.10927888418656037,0.03479125678329305,0.020497882536405488,0.0031480956511254947,0.0012588032350688404,0.00010967859703634727,1.4661680496269859e-05,3.2760499300484826e-06,5.661934354392681e-07]","[0.0,0.0,0.0,0.0,0.0,0.0,0.0,0.0,0.0,0.0,0.0,0.0,0.0,0.0,0.0,0.0,0.0,0.0,0.0,0.0,0.0,0.0,0.0,0.0,0.0,0.0,0.0,0.0,0.0,0.0,0.0,0.0,0.0,0.0,0.0,0.0,0.0,0.0,0.0,0.0,0.0,0.0,0.0,0.0,0.1551270367919621,0.1566496830372388,0.14146011544269613,0.44012920028984287,0.06642516582928264,0.02600589685321809,0.012010189085343643,0.001829564551450653,0.00030991722840835543,4.721796603603813e-05,4.957886313152028e-06,9.254721117544919e-07,1.2956609564562623e-07]",1.0,0.9999999999999998,0.4057045825720518,0.12758559184784918,False,0.25119880332109096,"{""all_recovered_sources_strict_prior"":true,""current_captured_at_utc"":""2026-06-19T17:11:11.438678+00:00"",""recovered_source_captured_at_utc"":[""2026-06-19T17:10:25.329542+00:00""]}",96b7671e5b2b45a27f62c13c04a3cc8221c16d314782e9d2d10f7d12a0436dc3
B,houston,2026-06-19,20260619T131435-0400,2026-06-19T17:14:35.549545+00:00,12:14:35.142545,734,settlement_window,F,M5_cutoff_change,1,DEFINED,DEFINED,hgb,hgb,"[46,47,48,49,50,51,52,53,54,55,56,57,58,59,60,61,62,63,64,65,66,67,68,69,70,71,72,73,74,75,76,77,78,79,80,81,82,83,84,85,86,87,88,89,90,91,92,93,94,95,96,97,98,99,100,101,102]","[0.0,0.0,0.0,0.0,0.0,0.0,0.0,0.0,0.0,0.0,0.0,0.0,0.0,0.0,0.0,0.0,0.0,0.0,0.0,0.0,0.0,0.0,0.0,0.0,0.0,0.0,0.0,0.0,0.0,0.0,0.0,0.0,0.0,0.0,0.0,0.0,0.0,0.0,0.0,0.0,0.0,0.0,0.0,0.0017808725645216774,0.009631409143418613,0.18018400968011777,0.2612965252210414,0.3738422344261655,0.11196837752452553,0.035647514184113126,0.02100236168564295,0.0032255743181525544,0.0012897839953477143,0.00011237792781962132,1.5022523236490124e-05,3.3566777158031826e-06,5.801281812407887e-07]","[0.0,0.0,0.0,0.0,0.0,0.0,0.0,0.0,0.0,0.0,0.0,0.0,0.0,0.0,0.0,0.0,0.0,0.0,0.0,0.0,0.0,0.0,0.0,0.0,0.0,0.0,0.0,0.0,0.0,0.0,0.0,0.0,0.0,0.0,0.0,0.0,0.0,0.0,0.0,0.0,0.0,0.0,0.0,0.0,0.052207239041732106,0.17573226041622442,0.15869234692020115,0.49374437115032543,0.07451687302123343,0.029173854358076127,0.01347323298121183,0.002052436417170335,0.00034767038167057634,5.296991186248974e-05,5.5618406102344346e-06,1.0382102472057465e-06,1.4534943460880154e-07]",0.9999999999999999,1.0,0.32495593324494687,0.11990213672415995,False,0.2595153411376358,"{""all_recovered_sources_strict_prior"":true,""current_captured_at_utc"":""2026-06-19T17:14:35.549545+00:00"",""recovered_source_captured_at_utc"":[""2026-06-19T17:13:30.640013+00:00""]}",f07320d84ede96cdf6c5cfe14720bc3286cb717c111ecfbd7e61cf96253ae7f5
B,houston,2026-06-19,20260619T134614-0400,2026-06-19T17:46:14.935145+00:00,12:46:14.408261,766,settlement_window,F,M5_cutoff_change,1,DEFINED,DEFINED,hgb,hgb,"[46,47,48,49,50,51,52,53,54,55,56,57,58,59,60,61,62,63,64,65,66,67,68,69,70,71,72,73,74,75,76,77,78,79,80,81,82,83,84,85,86,87,88,89,90,91,92,93,94,95,96,97,98,99,100,101,102,103]","[0.0,0.0,0.0,0.0,0.0,0.0,0.0,0.0,0.0,0.0,0.0,0.0,0.0,0.0,0.0,0.0,0.0,0.0,0.0,0.0,0.0,0.0,0.0,0.0,0.0,0.0,0.0,0.0,0.0,0.0,0.0,0.0,0.0,0.0,0.0,0.0,0.0,0.0,0.0,0.0,0.0,0.0,0.0,0.00177442901717923,0.009535932547322053,0.17842971564673954,0.25875049337852324,0.37020932352309044,0.1108717355291601,0.0352971326615235,0.0207955510123581,0.009950777195323803,0.003979648103111517,0.00034663127963620175,4.633718163220972e-05,1.0353719049017974e-05,1.7894134348098054e-06,1.497919165227669e-07]","[0.0,0.0,0.0,0.0,0.0,0.0,0.0,0.0,0.0,0.0,0.0,0.0,0.0,0.0,0.0,0.0,0.0,0.0,0.0,0.0,0.0,0.0,0.0,0.0,0.0,0.0,0.0,0.0,0.0,0.0,0.0,0.0,0.0,0.0,0.0,0.0,0.0,0.0,0.0,0.0,0.0,0.0,0.0,0.0,0.051880530615366606,0.17462958035317752,0.15768816071634897,0.49066094261229604,0.07403988745269541,0.028987321184084962,0.013386255311919948,0.007281868852258631,0.0012335830247775699,0.0001879087719582011,1.9730420575543714e-05,3.6830118406333036e-06,5.156216576886521e-07,3.205104224192662e-08]",1.0,1.0,0.3255924343145006,0.1204516190892056,False,0.2574575370468879,"{""all_recovered_sources_strict_prior"":true,""current_captured_at_utc"":""2026-06-19T17:46:14.935145+00:00"",""recovered_source_captured_at_utc"":[""2026-06-19T17:43:44.406561+00:00""]}",06d99cbd2621a9048801a755e5cddd2f38aa6e4d3ef75ba12b8e1100b853689c
B,houston,2026-06-19,20260619T135125-0400,2026-06-19T17:51:25.319017+00:00,12:51:24.635435,771,settlement_window,F,M5_cutoff_change,1,DEFINED,DEFINED,hgb,hgb,"[46,47,48,49,50,51,52,53,54,55,56,57,58,59,60,61,62,63,64,65,66,67,68,69,70,71,72,73,74,75,76,77,78,79,80,81,82,83,84,85,86,87,88,89,90,91,92,93,94,95,96,97,98,99,100,101,102,103]","[0.0,0.0,0.0,0.0,0.0,0.0,0.0,0.0,0.0,0.0,0.0,0.0,0.0,0.0,0.0,0.0,0.0,0.0,0.0,0.0,0.0,0.0,0.0,0.0,0.0,0.0,0.0,0.0,0.0,0.0,0.0,0.0,0.0,0.0,0.0,0.0,0.0,0.0,0.0,0.0,0.0,0.0,0.0,0.0017815863040205973,0.008830903830820622,0.15316231231712746,0.10106232236688031,0.3149907014717826,0.35503072934188057,0.0322856039498306,0.01931164737183146,0.00953977905976259,0.003602653736618112,0.0003436366609225376,4.59368652170267e-05,1.0264271146760708e-05,1.7739543251645729e-06,1.4849783343584683e-07]","[0.0,0.0,0.0,0.0,0.0,0.0,0.0,0.0,0.0,0.0,0.0,0.0,0.0,0.0,0.0,0.0,0.0,0.0,0.0,0.0,0.0,0.0,0.0,0.0,0.0,0.0,0.0,0.0,0.0,0.0,0.0,0.0,0.0,0.0,0.0,0.0,0.0,0.0,0.0,0.0,0.0,0.0,0.0,0.0,0.048803567798195516,0.16453443202507997,0.09761496523815118,0.46021649099350515,0.17884252537634016,0.02810334650343337,0.013018222893638838,0.007079240899761785,0.001578282833205686,0.00018529733040333968,1.9456219218954954e-05,3.6318275874052764e-06,5.084558622367284e-07,3.1605616396635045e-08]",1.0,0.9999999999999999,0.39314114639409975,0.1761882039655404,True,0.375615424584644,"{""all_recovered_sources_strict_prior"":true,""current_captured_at_utc"":""2026-06-19T17:51:25.319017+00:00"",""recovered_source_captured_at_utc"":[""2026-06-19T17:50:32.196676+00:00""]}",3f4a1485daf1f7d764bea712550f386efec2c8569fcf95444ae75b25b02f0cc1
B,houston,2026-06-19,20260619T141307-0400,2026-06-19T18:13:07.555942+00:00,13:13:07.027195,793,settlement_window,F,M5_cutoff_change,1,DEFINED,DEFINED,hgb,hgb,"[46,47,48,49,50,51,52,53,54,55,56,57,58,59,60,61,62,63,64,65,66,67,68,69,70,71,72,73,74,75,76,77,78,79,80,81,82,83,84,85,86,87,88,89,90,91,92,93,94,95,96,97,98,99,100,101,102,103]","[0.0,0.0,0.0,0.0,0.0,0.0,0.0,0.0,0.0,0.0,0.0,0.0,0.0,0.0,0.0,0.0,0.0,0.0,0.0,0.0,0.0,0.0,0.0,0.0,0.0,0.0,0.0,0.0,0.0,0.0,0.0,0.0,0.0,0.0,0.0,0.0,0.0,0.0,0.0,0.0,0.0,0.0,0.0,0.0,0.006956379503210782,0.05863116172389825,0.11594895858795787,0.546654119330114,0.21243263794681458,0.03338170281533916,0.015463298926560407,0.00840886034142487,0.001874715115873732,0.00022009978118599905,2.3110476462221237e-05,4.313955606123341e-06,6.039537848572554e-07,3.7541767266727004e-08]","[0.0,0.0,0.0,0.0,0.0,0.0,0.0,0.0,0.0,0.0,0.0,0.0,0.0,0.0,0.0,0.0,0.0,0.0,0.0,0.0,0.0,0.0,0.0,0.0,0.0,0.0,0.0,0.0,0.0,0.0,0.0,0.0,0.0,0.0,0.0,0.0,0.0,0.0,0.0,0.0,0.0,0.0,0.0,0.0,0.0,0.03471359696989592,0.08951578619392127,0.7056465946829183,0.12968773740724665,0.02083843714908075,0.012087199214275486,0.006340490544695594,0.0009997912527189583,0.0001510992325033873,1.5865419026828902e-05,2.961544884899622e-06,4.146162838859387e-07,2.5772548206349958e-08]",1.0,1.0,0.31798495070560856,0.15899247535280436,False,0.3277692606685623,"{""all_recovered_sources_strict_prior"":true,""current_captured_at_utc"":""2026-06-19T18:13:07.555942+00:00"",""recovered_source_captured_at_utc"":[""2026-06-19T18:12:45.396865+00:00""]}",2917153f9b64b18bd590ff6979719e89385271ae1933efe622a9bd05fcfb8b58
B,houston,2026-06-19,20260619T141746-0400,2026-06-19T18:17:46.373807+00:00,13:17:45.939373,797,settlement_window,F,M5_cutoff_change,1,DEFINED,DEFINED,hgb,hgb,"[46,47,48,49,50,51,52,53,54,55,56,57,58,59,60,61,62,63,64,65,66,67,68,69,70,71,72,73,74,75,76,77,78,79,80,81,82,83,84,85,86,87,88,89,90,91,92,93,94,95,96,97,98,99,100,101,102,103]","[0.0,0.0,0.0,0.0,0.0,0.0,0.0,0.0,0.0,0.0,0.0,0.0,0.0,0.0,0.0,0.0,0.0,0.0,0.0,0.0,0.0,0.0,0.0,0.0,0.0,0.0,0.0,0.0,0.0,0.0,0.0,0.0,0.0,0.0,0.0,0.0,0.0,0.0,0.0,0.0,0.0,0.0,0.0,0.0,0.006956379503210782,0.05863116172389825,0.11594895858795787,0.546654119330114,0.21243263794681458,0.03338170281533916,0.015463298926560407,0.00840886034142487,0.001874715115873732,0.00022009978118599905,2.3110476462221237e-05,4.313955606123341e-06,6.039537848572554e-07,3.7541767266727004e-08]","[0.0,0.0,0.0,0.0,0.0,0.0,0.0,0.0,0.0,0.0,0.0,0.0,0.0,0.0,0.0,0.0,0.0,0.0,0.0,0.0,0.0,0.0,0.0,0.0,0.0,0.0,0.0,0.0,0.0,0.0,0.0,0.0,0.0,0.0,0.0,0.0,0.0,0.0,0.0,0.0,0.0,0.0,0.0,0.0,0.0,0.03471359696989592,0.08951578619392127,0.7056465946829183,0.12968773740724665,0.02083843714908075,0.012087199214275486,0.006340490544695594,0.0009997912527189583,0.0001510992325033873,1.5865419026828902e-05,2.961544884899622e-06,4.146162838859387e-07,2.5772548206349958e-08]",1.0,1.0,0.31798495070560856,0.15899247535280436,False,0.3277692606685623,"{""all_recovered_sources_strict_prior"":true,""current_captured_at_utc"":""2026-06-19T18:17:46.373807+00:00"",""recovered_source_captured_at_utc"":[""2026-06-19T18:16:46.969190+00:00""]}",cb63438195e923eb902eea27c25af2702dbcfde3e89255b7fd859647d78c3295
B,houston,2026-06-19,20260619T152040-0400,2026-06-19T19:20:40.951691+00:00,14:20:40.305338,860,peak_heating_window,F,M5_cutoff_change,1,DEFINED,DEFINED,hgb,hgb,"[46,47,48,49,50,51,52,53,54,55,56,57,58,59,60,61,62,63,64,65,66,67,68,69,70,71,72,73,74,75,76,77,78,79,80,81,82,83,84,85,86,87,88,89,90,91,92,93,94,95,96,97,98,99,100,101,102,103]","[0.0,0.0,0.0,0.0,0.0,0.0,0.0,0.0,0.0,0.0,0.0,0.0,0.0,0.0,0.0,0.0,0.0,0.0,0.0,0.0,0.0,0.0,0.0,0.0,0.0,0.0,0.0,0.0,0.0,0.0,0.0,0.0,0.0,0.0,0.0,0.0,0.0,0.0,0.0,0.0,0.0,0.0,0.0,0.0,0.0,0.014483916253576212,0.0532538709606973,0.6559545668077794,0.2086720264620003,0.04272940933261918,0.016442180139813904,0.007139133219101774,0.0011411821355934502,0.00016293786143145594,1.7108373856040536e-05,3.1935630420905916e-06,4.4709882587631196e-07,2.7791663016470996e-08]","[0.0,0.0,0.0,0.0,0.0,0.0,0.0,0.0,0.0,0.0,0.0,0.0,0.0,0.0,0.0,0.0,0.0,0.0,0.0,0.0,0.0,0.0,0.0,0.0,0.0,0.0,0.0,0.0,0.0,0.0,0.0,0.0,0.0,0.0,0.0,0.0,0.0,0.0,0.0,0.0,0.0,0.0,0.0,0.0,0.0,0.0,0.11380689607564881,0.4747132266750322,0.3241560906067325,0.04515007274238185,0.022915893818275378,0.014706453918084388,0.0034572619215677922,0.0008843637799102646,0.00015620597970636063,4.295164282085825e-05,9.465753517059145e-06,1.117086322568617e-06]",1.0,1.0,0.3914505127726469,0.18124134013274723,False,0.22964260563042338,"{""all_recovered_sources_strict_prior"":true,""current_captured_at_utc"":""2026-06-19T19:20:40.951691+00:00"",""recovered_source_captured_at_utc"":[""2026-06-19T19:19:45.089667+00:00""]}",8b47f252617d148fb55063a20234cceb05eca35fcf7263362580a7a5d146835c
B,houston,2026-06-19,20260619T152613-0400,2026-06-19T19:26:13.175907+00:00,14:26:12.401882,866,peak_heating_window,F,M5_cutoff_change,1,DEFINED,DEFINED,hgb,hgb,"[46,47,48,49,50,51,52,53,54,55,56,57,58,59,60,61,62,63,64,65,66,67,68,69,70,71,72,73,74,75,76,77,78,79,80,81,82,83,84,85,86,87,88,89,90,91,92,93,94,95,96,97,98,99,100,101,102,103]","[0.0,0.0,0.0,0.0,0.0,0.0,0.0,0.0,0.0,0.0,0.0,0.0,0.0,0.0,0.0,0.0,0.0,0.0,0.0,0.0,0.0,0.0,0.0,0.0,0.0,0.0,0.0,0.0,0.0,0.0,0.0,0.0,0.0,0.0,0.0,0.0,0.0,0.0,0.0,0.0,0.0,0.0,0.0,0.0,0.0,0.014483916253576212,0.0532538709606973,0.6559545668077794,0.2086720264620003,0.04272940933261918,0.016442180139813904,0.007139133219101774,0.0011411821355934502,0.00016293786143145594,1.7108373856040536e-05,3.1935630420905916e-06,4.4709882587631196e-07,2.7791663016470996e-08]","[0.0,0.0,0.0,0.0,0.0,0.0,0.0,0.0,0.0,0.0,0.0,0.0,0.0,0.0,0.0,0.0,0.0,0.0,0.0,0.0,0.0,0.0,0.0,0.0,0.0,0.0,0.0,0.0,0.0,0.0,0.0,0.0,0.0,0.0,0.0,0.0,0.0,0.0,0.0,0.0,0.0,0.0,0.0,0.0,0.0,0.0,0.11380689607564881,0.4747132266750322,0.3241560906067325,0.04515007274238185,0.022915893818275378,0.014706453918084388,0.0034572619215677922,0.0008843637799102646,0.00015620597970636063,4.295164282085825e-05,9.465753517059145e-06,1.117086322568617e-06]",1.0,1.0,0.3914505127726469,0.18124134013274723,False,0.22964260563042338,"{""all_recovered_sources_strict_prior"":true,""current_captured_at_utc"":""2026-06-19T19:26:13.175907+00:00"",""recovered_source_captured_at_utc"":[""2026-06-19T19:25:19.739259+00:00""]}",16e667a1b4d67721568d6eadb1c035aeb6e64ffebcc037331504451fe3ad1777
B,houston,2026-06-19,20260619T153542-0400,2026-06-19T19:35:42.238363+00:00,14:35:40.093700,875,peak_heating_window,F,M5_cutoff_change,1,DEFINED,DEFINED,hgb,hgb,"[46,47,48,49,50,51,52,53,54,55,56,57,58,59,60,61,62,63,64,65,66,67,68,69,70,71,72,73,74,75,76,77,78,79,80,81,82,83,84,85,86,87,88,89,90,91,92,93,94,95,96,97,98,99,100,101,102,103]","[0.0,0.0,0.0,0.0,0.0,0.0,0.0,0.0,0.0,0.0,0.0,0.0,0.0,0.0,0.0,0.0,0.0,0.0,0.0,0.0,0.0,0.0,0.0,0.0,0.0,0.0,0.0,0.0,0.0,0.0,0.0,0.0,0.0,0.0,0.0,0.0,0.0,0.0,0.0,0.0,0.0,0.0,0.0,0.0,0.0,0.014483916253576212,0.0532538709606973,0.6559545668077794,0.2086720264620003,0.04272940933261918,0.016442180139813904,0.007139133219101774,0.0011411821355934502,0.00016293786143145594,1.7108373856040536e-05,3.1935630420905916e-06,4.4709882587631196e-07,2.7791663016470996e-08]","[0.0,0.0,0.0,0.0,0.0,0.0,0.0,0.0,0.0,0.0,0.0,0.0,0.0,0.0,0.0,0.0,0.0,0.0,0.0,0.0,0.0,0.0,0.0,0.0,0.0,0.0,0.0,0.0,0.0,0.0,0.0,0.0,0.0,0.0,0.0,0.0,0.0,0.0,0.0,0.0,0.0,0.0,0.0,0.0,0.0,0.0,0.11380689607564881,0.4747132266750322,0.3241560906067325,0.04515007274238185,0.022915893818275378,0.014706453918084388,0.0034572619215677922,0.0008843637799102646,0.00015620597970636063,4.295164282085825e-05,9.465753517059145e-06,1.117086322568617e-06]",1.0,1.0,0.3914505127726469,0.18124134013274723,False,0.22964260563042338,"{""all_recovered_sources_strict_prior"":true,""current_captured_at_utc"":""2026-06-19T19:35:42.238363+00:00"",""recovered_source_captured_at_utc"":[""2026-06-19T19:35:42.227716+00:00""]}",19acf37a93579ef7b9c21129eb58bc4b0113f0d0c947cdc0090b70fe76d5df81
B,los-angeles,2026-06-19,20260619T152043-0400,2026-06-19T19:20:43.150433+00:00,12:20:42.706911,740,settlement_window,F,M5_cutoff_change,1,DEFINED,DEFINED,hgb,hgb,"[46,47,48,49,50,51,52,53,54,55,56,57,58,59,60,61,62,63,64,65,66,67,68,69,70,71,72,73,74,75,76,77,78,79,80,81,82,83,84,85,86,87,88,89,90,91,92,93]","[0.0,0.0,0.0,0.0,0.0,0.0,0.0,0.0,0.0,0.0,0.0,0.0,0.0,0.0,0.0,0.0,0.0,0.0,0.0,0.0,0.0,0.0010000000000033058,0.01013547068725712,0.4420910708788218,0.2545139653024178,0.27954402905354275,0.010600982181253769,0.001763465660283267,0.00025720843841587466,8.831767682128099e-05,3.206553320594091e-06,1.6747032737378734e-06,5.297359129773261e-07,6.091156453453174e-08,1.2791428552251674e-08,4.877311756377996e-09,3.342826661655104e-10,1.805351471873306e-10,2.620776102737602e-11,1.61072899274253e-12,5.387727938479202e-12,1.2628115303101433e-13,1.6108757562042836e-13,4.510452117371994e-14,2.7721238713368276e-15,1.1142007079448271e-14,2.1733451151280736e-16,6.085366322358608e-17]","[0.0,0.0,0.0,0.0,0.0,0.0,0.0,0.0,0.0,0.0,0.0,0.0,0.0,0.0,0.0,0.0,0.0,0.0,0.0,0.0,0.0,0.0,0.0,0.0,0.5323666872271483,0.4350270581079157,0.026228880975765534,0.004933559606625209,0.0009653518699542316,0.00041422998601186337,3.616344455724481e-05,1.748952575504116e-05,8.505497570629207e-06,1.2891403217878098e-06,3.801503132570488e-07,3.6404571913576134e-07,2.1950966021087026e-08,1.4083968857424422e-08,2.9942374462947315e-09,3.375927323844456e-10,9.066598278489174e-10,4.6049581596154556e-11,5.571234479391886e-11,2.0576321506170374e-11,2.319928437300404e-12,2.3825535494952393e-11,3.164515216786299e-13,1.1687550174493945e-13]",1.0,1.0,0.9064530831321643,0.4420910708788218,True,1.018972342064998,"{""all_recovered_sources_strict_prior"":true,""current_captured_at_utc"":""2026-06-19T19:20:43.150433+00:00"",""recovered_source_captured_at_utc"":[""2026-06-19T19:19:47.666410+00:00""]}",bc9e5a07ebbf0f596270c1599ca988592b30e35f0e287079a335893fb1197f22
B,los-angeles,2026-06-19,20260619T153546-0400,2026-06-19T19:35:46.528576+00:00,12:35:44.340618,755,settlement_window,F,M5_cutoff_change,1,DEFINED,DEFINED,hgb,hgb,"[46,47,48,49,50,51,52,53,54,55,56,57,58,59,60,61,62,63,64,65,66,67,68,69,70,71,72,73,74,75,76,77,78,79,80,81,82,83,84,85,86,87,88,89,90,91,92,93]","[0.0,0.0,0.0,0.0,0.0,0.0,0.0,0.0,0.0,0.0,0.0,0.0,0.0,0.0,0.0,0.0,0.0,0.0,0.0,0.0,0.0,0.0010000000000033058,0.01013547068725712,0.4420910708788218,0.2545139653024178,0.27954402905354275,0.010600982181253769,0.001763465660283267,0.00025720843841587466,8.831767682128099e-05,3.206553320594091e-06,1.6747032737378734e-06,5.297359129773261e-07,6.091156453453174e-08,1.2791428552251674e-08,4.877311756377996e-09,3.342826661655104e-10,1.805351471873306e-10,2.620776102737602e-11,1.61072899274253e-12,5.387727938479202e-12,1.2628115303101433e-13,1.6108757562042836e-13,4.510452117371994e-14,2.7721238713368276e-15,1.1142007079448271e-14,2.1733451151280736e-16,6.085366322358608e-17]","[0.0,0.0,0.0,0.0,0.0,0.0,0.0,0.0,0.0,0.0,0.0,0.0,0.0,0.0,0.0,0.0,0.0,0.0,0.0,0.0,0.0,0.0,0.0,0.0,0.5323666872271483,0.4350270581079157,0.026228880975765534,0.004933559606625209,0.0009653518699542316,0.00041422998601186337,3.616344455724481e-05,1.748952575504116e-05,8.505497570629207e-06,1.2891403217878098e-06,3.801503132570488e-07,3.6404571913576134e-07,2.1950966021087026e-08,1.4083968857424422e-08,2.9942374462947315e-09,3.375927323844456e-10,9.066598278489174e-10,4.6049581596154556e-11,5.571234479391886e-11,2.0576321506170374e-11,2.319928437300404e-12,2.3825535494952393e-11,3.164515216786299e-13,1.1687550174493945e-13]",1.0,1.0,0.9064530831321643,0.4420910708788218,True,1.018972342064998,"{""all_recovered_sources_strict_prior"":true,""current_captured_at_utc"":""2026-06-19T19:35:46.528576+00:00"",""recovered_source_captured_at_utc"":[""2026-06-19T19:28:32.436940+00:00""]}",eae1e3380113fc5779678dea567bf9ece0b8b6e0d32cce3269ac6c38ac8d6dce
B,los-angeles,2026-06-19,20260619T155153-0400,2026-06-19T19:51:53.927087+00:00,12:51:53.549025,771,settlement_window,F,M5_cutoff_change,1,DEFINED,DEFINED,hgb,hgb,"[46,47,48,49,50,51,52,53,54,55,56,57,58,59,60,61,62,63,64,65,66,67,68,69,70,71,72,73,74,75,76,77,78,79,80,81,82,83,84,85,86,87,88,89,90,91,92,93]","[0.0,0.0,0.0,0.0,0.0,0.0,0.0,0.0,0.0,0.0,0.0,0.0,0.0,0.0,0.0,0.0,0.0,0.0,0.0,0.0,0.0,0.0010000000000033058,0.01013547068725712,0.4420910708788218,0.2545139653024178,0.27954402905354275,0.010600982181253769,0.001763465660283267,0.00025720843841587466,8.831767682128099e-05,3.206553320594091e-06,1.6747032737378734e-06,5.297359129773261e-07,6.091156453453174e-08,1.2791428552251674e-08,4.877311756377996e-09,3.342826661655104e-10,1.805351471873306e-10,2.620776102737602e-11,1.61072899274253e-12,5.387727938479202e-12,1.2628115303101433e-13,1.6108757562042836e-13,4.510452117371994e-14,2.7721238713368276e-15,1.1142007079448271e-14,2.1733451151280736e-16,6.085366322358608e-17]","[0.0,0.0,0.0,0.0,0.0,0.0,0.0,0.0,0.0,0.0,0.0,0.0,0.0,0.0,0.0,0.0,0.0,0.0,0.0,0.0,0.0,0.0,0.0,0.0,0.5323666877755538,0.43502705828907634,0.026228880416469584,0.0049335594798456915,0.000965351835751578,0.0004142299785859629,3.616344365472409e-05,1.7489525065601876e-05,8.505497396027153e-06,1.2891402647627149e-06,3.801502964411077e-07,3.640457188001512e-07,2.1950965050086505e-08,1.4083968912012319e-08,2.9942373138447007e-09,3.3759271745103807e-10,9.066395225360349e-10,4.6049579559152265e-11,5.571234232948446e-11,2.0576320595977227e-11,2.3199283346784175e-12,2.3825535708269956e-11,3.1645150768040343e-13,1.1687549657495407e-13]",1.0,0.9999999999999999,0.9064530831321644,0.4420910708788218,True,1.0189723427758608,"{""all_recovered_sources_strict_prior"":true,""current_captured_at_utc"":""2026-06-19T19:51:53.927087+00:00"",""recovered_source_captured_at_utc"":[""2026-06-19T19:50:54.068048+00:00""]}",a9ec5932435c36411027ec93f71802be58fc20eea1f9598b8a1538487c5269fe
B,miami,2026-06-19,20260619T121323-0400,2026-06-19T16:13:23.840071+00:00,12:13:23.415408,733,settlement_window,F,M5_cutoff_change,1,DEFINED,DEFINED,hgb,hgb,"[46,47,48,49,50,51,52,53,54,55,56,57,58,59,60,61,62,63,64,65,66,67,68,69,70,71,72,73,74,75,76,77,78,79,80,81,82,83,84,85,86,87,88,89,90,91,92,93,94,95,96,97,98,99,100]","[0.0,0.0,0.0,0.0,0.0,0.0,0.0,0.0,0.0,0.0,0.0,0.0,0.0,0.0,0.0,0.0,0.0,0.0,0.0,0.0,0.0,0.0,0.0,0.0,0.0,0.0,0.0,0.0,0.0,0.0,0.0,0.0,0.0,0.0,0.0,0.0,0.0,0.0,0.0,0.0,0.0,0.0,0.0,0.0,0.08603104674563081,0.2707962240566935,0.5931240053403958,0.03170008346136643,0.014781464842777866,0.0033033488247170444,0.00017280117824355068,6.379441768627507e-05,2.3561175789662026e-05,2.680108368936503e-06,9.898483302583019e-07]","[0.0,0.0,0.0,0.0,0.0,0.0,0.0,0.0,0.0,0.0,0.0,0.0,0.0,0.0,0.0,0.0,0.0,0.0,0.0,0.0,0.0,0.0,0.0,0.0,0.0,0.0,0.0,0.0,0.0,0.0,0.0,0.0,0.0,0.0,0.0,0.0,0.0,0.0,0.0,0.0,0.0,0.0,0.0,0.0,0.0,0.15793699574495906,0.8102543127813963,0.024546999998089073,0.005608742032633347,0.0016297335469636991,1.701491375118664e-05,4.761648489237375e-06,1.3332536597569717e-06,8.287504547403315e-08,2.3205012731879614e-08]",1.0,1.0,0.43426061488200124,0.21713030744100048,False,0.4740489168911332,"{""all_recovered_sources_strict_prior"":true,""current_captured_at_utc"":""2026-06-19T16:13:23.840071+00:00"",""recovered_source_captured_at_utc"":[""2026-06-19T16:07:55.575626+00:00""]}",73085789cbf634db1e0c847d35398041b1936e1dfed57db9708ea47975bc2e4a
B,miami,2026-06-19,20260619T122105-0400,2026-06-19T16:21:05.761692+00:00,12:21:05.190930,741,settlement_window,F,M5_cutoff_change,1,DEFINED,DEFINED,hgb,hgb,"[46,47,48,49,50,51,52,53,54,55,56,57,58,59,60,61,62,63,64,65,66,67,68,69,70,71,72,73,74,75,76,77,78,79,80,81,82,83,84,85,86,87,88,89,90,91,92,93,94,95,96,97,98,99,100]","[0.0,0.0,0.0,0.0,0.0,0.0,0.0,0.0,0.0,0.0,0.0,0.0,0.0,0.0,0.0,0.0,0.0,0.0,0.0,0.0,0.0,0.0,0.0,0.0,0.0,0.0,0.0,0.0,0.0,0.0,0.0,0.0,0.0,0.0,0.0,0.0,0.0,0.0,0.0,0.0,0.0,0.0,0.0,0.0,0.08603104674563081,0.2707962240566935,0.5931240053403958,0.03170008346136643,0.014781464842777866,0.0033033488247170444,0.00017280117824355068,6.379441768627507e-05,2.3561175789662026e-05,2.680108368936503e-06,9.898483302583019e-07]","[0.0,0.0,0.0,0.0,0.0,0.0,0.0,0.0,0.0,0.0,0.0,0.0,0.0,0.0,0.0,0.0,0.0,0.0,0.0,0.0,0.0,0.0,0.0,0.0,0.0,0.0,0.0,0.0,0.0,0.0,0.0,0.0,0.0,0.0,0.0,0.0,0.0,0.0,0.0,0.0,0.0,0.0,0.0,0.0,0.0,0.15793699574495906,0.8102543127813963,0.024546999998089073,0.005608742032633347,0.0016297335469636991,1.701491375118664e-05,4.761648489237375e-06,1.3332536597569717e-06,8.287504547403315e-08,2.3205012731879614e-08]",1.0,1.0,0.43426061488200124,0.21713030744100048,False,0.4740489168911332,"{""all_recovered_sources_strict_prior"":true,""current_captured_at_utc"":""2026-06-19T16:21:05.761692+00:00"",""recovered_source_captured_at_utc"":[""2026-06-19T16:19:31.089199+00:00""]}",ef19a1dd44b35e1b743b285dd6fa606e340a6a16a2e30ac30fd7f2a5c81cb8a4
B,miami,2026-06-19,20260619T124050-0400,2026-06-19T16:40:50.458853+00:00,12:40:49.816403,760,settlement_window,F,M5_cutoff_change,1,DEFINED,DEFINED,hgb,hgb,"[46,47,48,49,50,51,52,53,54,55,56,57,58,59,60,61,62,63,64,65,66,67,68,69,70,71,72,73,74,75,76,77,78,79,80,81,82,83,84,85,86,87,88,89,90,91,92,93,94,95,96,97,98,99,100]","[0.0,0.0,0.0,0.0,0.0,0.0,0.0,0.0,0.0,0.0,0.0,0.0,0.0,0.0,0.0,0.0,0.0,0.0,0.0,0.0,0.0,0.0,0.0,0.0,0.0,0.0,0.0,0.0,0.0,0.0,0.0,0.0,0.0,0.0,0.0,0.0,0.0,0.0,0.0,0.0,0.0,0.0,0.0,0.0,0.019680569318883328,0.1708650537490705,0.7276754029063639,0.04832140133998769,0.028015792031404408,0.005040744100014191,0.0002626708427648253,9.697233333517829e-05,3.5814766797932434e-05,4.073967151875522e-06,1.5046442261628924e-06]","[0.0,0.0,0.0,0.0,0.0,0.0,0.0,0.0,0.0,0.0,0.0,0.0,0.0,0.0,0.0,0.0,0.0,0.0,0.0,0.0,0.0,0.0,0.0,0.0,0.0,0.0,0.0,0.0,0.0,0.0,0.0,0.0,0.0,0.0,0.0,0.0,0.0,0.0,0.0,0.0,0.0,0.0,0.0,0.0,0.0,0.010492879784698246,0.9443782160794894,0.03224668915743299,0.005760663147223075,0.007097601088924178,1.7553482066237886e-05,4.91236761959653e-06,1.37545476565568e-06,8.549826615287042e-08,2.393951452192715e-08]",1.0,1.0,0.4375193403240709,0.21670281317312545,False,0.651589059308105,"{""all_recovered_sources_strict_prior"":true,""current_captured_at_utc"":""2026-06-19T16:40:50.458853+00:00"",""recovered_source_captured_at_utc"":[""2026-06-19T16:39:39.628420+00:00""]}",adba49395464490a68f014292046b23bee50788fa4b6ae7551fac70c1e1e255e
B,miami,2026-06-19,20260619T124249-0400,2026-06-19T16:42:49.233681+00:00,12:42:48.579882,762,settlement_window,F,M5_cutoff_change,1,DEFINED,DEFINED,hgb,hgb,"[46,47,48,49,50,51,52,53,54,55,56,57,58,59,60,61,62,63,64,65,66,67,68,69,70,71,72,73,74,75,76,77,78,79,80,81,82,83,84,85,86,87,88,89,90,91,92,93,94,95,96,97,98,99,100]","[0.0,0.0,0.0,0.0,0.0,0.0,0.0,0.0,0.0,0.0,0.0,0.0,0.0,0.0,0.0,0.0,0.0,0.0,0.0,0.0,0.0,0.0,0.0,0.0,0.0,0.0,0.0,0.0,0.0,0.0,0.0,0.0,0.0,0.0,0.0,0.0,0.0,0.0,0.0,0.0,0.0,0.0,0.0,0.0,0.019680569318883328,0.1708650537490705,0.7276754029063639,0.04832140133998769,0.028015792031404408,0.005040744100014191,0.0002626708427648253,9.697233333517829e-05,3.5814766797932434e-05,4.073967151875522e-06,1.5046442261628924e-06]","[0.0,0.0,0.0,0.0,0.0,0.0,0.0,0.0,0.0,0.0,0.0,0.0,0.0,0.0,0.0,0.0,0.0,0.0,0.0,0.0,0.0,0.0,0.0,0.0,0.0,0.0,0.0,0.0,0.0,0.0,0.0,0.0,0.0,0.0,0.0,0.0,0.0,0.0,0.0,0.0,0.0,0.0,0.0,0.0,0.0,0.010492879784698246,0.9443782160794894,0.03224668915743299,0.005760663147223075,0.007097601088924178,1.7553482066237886e-05,4.91236761959653e-06,1.37545476565568e-06,8.549826615287042e-08,2.393951452192715e-08]",1.0,1.0,0.4375193403240709,0.21670281317312545,False,0.651589059308105,"{""all_recovered_sources_strict_prior"":true,""current_captured_at_utc"":""2026-06-19T16:42:49.233681+00:00"",""recovered_source_captured_at_utc"":[""2026-06-19T16:41:45.689179+00:00""]}",8df49a9029ce3b12d3574b81dbc39240ab2f1f28d61890368362c4723a71d032
B,miami,2026-06-19,20260619T124515-0400,2026-06-19T16:45:15.494876+00:00,12:45:01.898927,765,settlement_window,F,M5_cutoff_change,1,DEFINED,DEFINED,hgb,hgb,"[46,47,48,49,50,51,52,53,54,55,56,57,58,59,60,61,62,63,64,65,66,67,68,69,70,71,72,73,74,75,76,77,78,79,80,81,82,83,84,85,86,87,88,89,90,91,92,93,94,95,96,97,98,99,100]","[0.0,0.0,0.0,0.0,0.0,0.0,0.0,0.0,0.0,0.0,0.0,0.0,0.0,0.0,0.0,0.0,0.0,0.0,0.0,0.0,0.0,0.0,0.0,0.0,0.0,0.0,0.0,0.0,0.0,0.0,0.0,0.0,0.0,0.0,0.0,0.0,0.0,0.0,0.0,0.0,0.0,0.0,0.0,0.0,0.019680569318883328,0.1708650537490705,0.7276754029063639,0.04832140133998769,0.028015792031404408,0.005040744100014191,0.0002626708427648253,9.697233333517829e-05,3.5814766797932434e-05,4.073967151875522e-06,1.5046442261628924e-06]","[0.0,0.0,0.0,0.0,0.0,0.0,0.0,0.0,0.0,0.0,0.0,0.0,0.0,0.0,0.0,0.0,0.0,0.0,0.0,0.0,0.0,0.0,0.0,0.0,0.0,0.0,0.0,0.0,0.0,0.0,0.0,0.0,0.0,0.0,0.0,0.0,0.0,0.0,0.0,0.0,0.0,0.0,0.0,0.0,0.0,0.010492879784698246,0.9443782160794894,0.03224668915743299,0.005760663147223075,0.007097601088924178,1.7553482066237886e-05,4.91236761959653e-06,1.37545476565568e-06,8.549826615287042e-08,2.393951452192715e-08]",1.0,1.0,0.4375193403240709,0.21670281317312545,False,0.651589059308105,"{""all_recovered_sources_strict_prior"":true,""current_captured_at_utc"":""2026-06-19T16:45:15.494876+00:00"",""recovered_source_captured_at_utc"":[""2026-06-19T16:43:54.563615+00:00""]}",bc6854e0707488680643c64c926c14c1e07d62e2ab3188f1f160bab8d10548d2
B,miami,2026-06-19,20260619T125031-0400,2026-06-19T16:50:31.897831+00:00,12:50:31.320416,770,settlement_window,F,M5_cutoff_change,1,DEFINED,DEFINED,hgb,hgb,"[46,47,48,49,50,51,52,53,54,55,56,57,58,59,60,61,62,63,64,65,66,67,68,69,70,71,72,73,74,75,76,77,78,79,80,81,82,83,84,85,86,87,88,89,90,91,92,93,94,95,96,97,98,99,100]","[0.0,0.0,0.0,0.0,0.0,0.0,0.0,0.0,0.0,0.0,0.0,0.0,0.0,0.0,0.0,0.0,0.0,0.0,0.0,0.0,0.0,0.0,0.0,0.0,0.0,0.0,0.0,0.0,0.0,0.0,0.0,0.0,0.0,0.0,0.0,0.0,0.0,0.0,0.0,0.0,0.0,0.0,0.0,0.0,0.019680569318883328,0.1708650537490705,0.7276754029063639,0.04832140133998769,0.028015792031404408,0.005040744100014191,0.0002626708427648253,9.697233333517829e-05,3.5814766797932434e-05,4.073967151875522e-06,1.5046442261628924e-06]","[0.0,0.0,0.0,0.0,0.0,0.0,0.0,0.0,0.0,0.0,0.0,0.0,0.0,0.0,0.0,0.0,0.0,0.0,0.0,0.0,0.0,0.0,0.0,0.0,0.0,0.0,0.0,0.0,0.0,0.0,0.0,0.0,0.0,0.0,0.0,0.0,0.0,0.0,0.0,0.0,0.0,0.0,0.0,0.0,0.0,0.010492879784698246,0.9443782160794894,0.03224668915743299,0.005760663147223075,0.007097601088924178,1.7553482066237886e-05,4.91236761959653e-06,1.37545476565568e-06,8.549826615287042e-08,2.393951452192715e-08]",1.0,1.0,0.4375193403240709,0.21670281317312545,False,0.651589059308105,"{""all_recovered_sources_strict_prior"":true,""current_captured_at_utc"":""2026-06-19T16:50:31.897831+00:00"",""recovered_source_captured_at_utc"":[""2026-06-19T16:48:32.275654+00:00""]}",8efc49a62befc3ebfde9d105fe44946e1d0d7c6903ba57740621959a6b540530
B,nyc,2026-06-19,20260619T150340-0400,2026-06-19T19:03:40.561062+00:00,15:03:37.969654,903,peak_heating_window,F,M5_cutoff_change,1,DEFINED,DEFINED,hgb,hgb,"[45,46,47,48,49,50,51,52,53,54,55,56,57,58,59,60,61,62,63,64,65,66,67,68,69,70,71,72,73,74,75,76,77,78,79,80,81,82,83,84,85,86,87,88,89,90,91,92,93,94,95,96,97,98,99,100]","[0.0,0.0,0.0,0.0,0.0,0.0,0.0,0.0,0.0,0.0,0.0,0.0,0.0,0.0,0.0,0.0,0.0,0.0,0.0,0.0,0.0,0.0,0.0,0.0,0.0,0.0,0.0,0.0,0.0,0.0,0.0,0.0,0.0,0.0,0.0,0.012529652388114607,0.11086291640161834,0.20574720789765238,0.23732720837186164,0.2828674597276608,0.11002011183029561,0.027558849908295373,0.010136457123462124,0.0019401092572425603,0.0006187200412161012,0.0002455302638415534,0.00012090717966411761,1.2904674308619376e-05,8.262901636099603e-06,2.9411345148910902e-06,6.074851892312339e-07,1.0156719883895398e-07,2.6709961245371823e-08,1.3584808439071526e-08,5.149727409284058e-09,6.4017301908405745e-09]","[0.0,0.0,0.0,0.0,0.0,0.0,0.0,0.0,0.0,0.0,0.0,0.0,0.0,0.0,0.0,0.0,0.0,0.0,0.0,0.0,0.0,0.0,0.0,0.0,0.0,0.0,0.0,0.0,0.0,0.0,0.0,0.0,0.0,0.0,0.0,0.0,0.0,0.49664404419255265,0.21799302754430155,0.15327373341290526,0.09805663653911374,0.02043865600039687,0.011770366322204578,0.0013478119785719223,0.000331352800264224,0.00010237750614292043,3.415953513411757e-05,4.3980167869057406e-06,2.7439278434600943e-06,6.143876027889401e-07,5.727715346503397e-08,1.5209791437543503e-08,3.227125566250285e-09,1.4723370410374927e-09,2.9673257922422265e-10,3.530388931194014e-10]",1.0000000000000002,1.0,0.5850614909872857,0.29089683629490026,True,0.3829412983421925,"{""all_recovered_sources_strict_prior"":true,""current_captured_at_utc"":""2026-06-19T19:03:40.561062+00:00"",""recovered_source_captured_at_utc"":[""2026-06-19T19:02:33.615001+00:00""]}",6a69cebfc4ec1e937f2e2736a1d92d3c477e1f115ecb12ef58c2560c3b0ca57c
B,nyc,2026-06-19,20260619T152029-0400,2026-06-19T19:20:29.865564+00:00,15:20:29.311579,920,peak_heating_window,F,M5_cutoff_change,1,DEFINED,DEFINED,hgb,hgb,"[45,46,47,48,49,50,51,52,53,54,55,56,57,58,59,60,61,62,63,64,65,66,67,68,69,70,71,72,73,74,75,76,77,78,79,80,81,82,83,84,85,86,87,88,89,90,91,92,93,94,95,96,97,98,99,100]","[0.0,0.0,0.0,0.0,0.0,0.0,0.0,0.0,0.0,0.0,0.0,0.0,0.0,0.0,0.0,0.0,0.0,0.0,0.0,0.0,0.0,0.0,0.0,0.0,0.0,0.0,0.0,0.0,0.0,0.0,0.0,0.0,0.0,0.0,0.0,0.018903863048184106,0.16948369094572782,0.29334001585253466,0.13437998411830415,0.1561697501828957,0.16796558891466035,0.040695150429200605,0.014991091052221536,0.0026546280536391027,0.0008593883163900806,0.0003484382828000844,0.00017588766627188652,1.644478576835657e-05,1.0922932526921335e-05,4.05384765970167e-06,9.06205565241997e-07,1.2759160458151423e-07,3.355381316571267e-08,1.706562282397866e-08,7.575873591138143e-09,9.578735729494752e-09]","[0.0,0.0,0.0,0.0,0.0,0.0,0.0,0.0,0.0,0.0,0.0,0.0,0.0,0.0,0.0,0.0,0.0,0.0,0.0,0.0,0.0,0.0,0.0,0.0,0.0,0.0,0.0,0.0,0.0,0.0,0.0,0.0,0.0,0.0,0.0,0.0,0.0,0.5208926459862192,0.21058813089007,0.13290539006369093,0.10229520414876465,0.020359204593295682,0.011065977412664688,0.0013898796067815047,0.0003467091459404212,0.00011384602148814832,3.496247074042262e-05,4.510555339742256e-06,2.826724535859096e-06,6.322221213317084e-07,5.929375369770994e-08,1.5559947497863488e-08,3.301419653652881e-09,1.5062328205996183e-09,2.3540648649587406e-10,2.615873028543388e-10]",1.0000000000000002,1.0,0.6075215538109009,0.22755263013368454,False,0.4956324432290612,"{""all_recovered_sources_strict_prior"":true,""current_captured_at_utc"":""2026-06-19T19:20:29.865564+00:00"",""recovered_source_captured_at_utc"":[""2026-06-19T19:19:31.208144+00:00""]}",8cdc953c6629c9ea4743fb9c4ae41d7a45601f63b61eb18da6c2a1661902a068
B,nyc,2026-06-19,20260619T153510-0400,2026-06-19T19:35:10.304047+00:00,15:34:01.640807,934,peak_heating_window,F,M5_cutoff_change,1,DEFINED,DEFINED,hgb,hgb,"[45,46,47,48,49,50,51,52,53,54,55,56,57,58,59,60,61,62,63,64,65,66,67,68,69,70,71,72,73,74,75,76,77,78,79,80,81,82,83,84,85,86,87,88,89,90,91,92,93,94,95,96,97,98,99,100]","[0.0,0.0,0.0,0.0,0.0,0.0,0.0,0.0,0.0,0.0,0.0,0.0,0.0,0.0,0.0,0.0,0.0,0.0,0.0,0.0,0.0,0.0,0.0,0.0,0.0,0.0,0.0,0.0,0.0,0.0,0.0,0.0,0.0,0.0,0.0,0.018903863048184106,0.16948369094572782,0.29334001585253466,0.13437998411830415,0.1561697501828957,0.16796558891466035,0.040695150429200605,0.014991091052221536,0.0026546280536391027,0.0008593883163900806,0.0003484382828000844,0.00017588766627188652,1.644478576835657e-05,1.0922932526921335e-05,4.05384765970167e-06,9.06205565241997e-07,1.2759160458151423e-07,3.355381316571267e-08,1.706562282397866e-08,7.575873591138143e-09,9.578735729494752e-09]","[0.0,0.0,0.0,0.0,0.0,0.0,0.0,0.0,0.0,0.0,0.0,0.0,0.0,0.0,0.0,0.0,0.0,0.0,0.0,0.0,0.0,0.0,0.0,0.0,0.0,0.0,0.0,0.0,0.0,0.0,0.0,0.0,0.0,0.0,0.0,0.0,0.0,0.521824003545383,0.18926152198557492,0.12453019502736846,0.1379953400898869,0.017687444071198214,0.006830264353738883,0.0013827967919404292,0.00034029706868434384,0.00010534307055576044,3.478658423878251e-05,4.486527382873261e-06,2.812200187229604e-06,6.289401812310115e-07,5.899225046247655e-08,1.547540387127432e-08,3.2834816760054066e-09,1.4980488350714784e-09,2.3420877533485603e-10,2.602853809932157e-10]",1.0000000000000002,1.0000000000000002,0.5667310511202385,0.2284839876928484,False,0.4943209991567799,"{""all_recovered_sources_strict_prior"":true,""current_captured_at_utc"":""2026-06-19T19:35:10.304047+00:00"",""recovered_source_captured_at_utc"":[""2026-06-19T19:28:09.063914+00:00""]}",2b72d8a735100fae5c790fb67ddc2450982647610b3830907b04483c3270ab63
B,san-francisco,2026-06-19,20260619T165125-0400,2026-06-19T20:51:25.703877+00:00,13:51:24.673773,831,settlement_window,F,M5_cutoff_change,1,DEFINED,DEFINED,hgb,hgb,"[46,47,48,49,50,51,52,53,54,55,56,57,58,59,60,61,62,63,64,65,66,67,68,69,70,71,72,73,74,75,76,77,78,79,80,81,82,83,84,85,86,87,88,89,90,91,92,93,94,95,96,97,98,99,100,101,102,103]","[0.0,0.0,0.0,0.0,0.0,0.0,0.0,0.0,0.0,0.0,0.0,0.0,0.0,0.0,0.0,0.0,0.0,0.0,0.0,0.0,0.0010000000000050513,0.0006748567784754438,0.00490961638017679,0.19617233636652404,0.26629291889744017,0.10081542201206124,0.2652354590420792,0.13785250766417023,0.02264299133447205,0.0036283166577308536,0.0006814149215333657,6.590902903722606e-05,2.100671572221341e-05,5.469279602761613e-06,1.5744192484550664e-06,9.093638190541174e-08,8.63879713447484e-08,1.466575958582577e-08,6.68374610715385e-09,1.4241734002953931e-09,2.5737485305545986e-10,1.0364100368320562e-10,3.067562430124806e-11,1.0514747686907027e-11,1.2781058228665492e-12,1.476505311676797e-13,4.1342148726950314e-14,1.1575801643546092e-14,7.179312179327289e-16,1.8150856977080274e-15,1.223706294632171e-15,1.4242474620871493e-16,1.9922380618043308e-17,1.2355860459310463e-18,3.459640928606931e-19,9.686994600099408e-20,2.7123584880278345e-20,3.42871501872593e-20]","[0.0,0.0,0.0,0.0,0.0,0.0,0.0,0.0,0.0,0.0,0.0,0.0,0.0,0.0,0.0,0.0,0.0,0.0,0.0,0.0,0.0,0.0,0.0031002408340286575,0.36343787490192137,0.38614587755964036,0.07426907962202448,0.09081635448904002,0.07527327933706504,0.005535697336298154,0.0010572243731653374,0.0003056158543002486,4.3107624108542853e-05,1.1555915383020748e-05,2.963827720698979e-06,1.0180250865427349e-06,4.4879920766637645e-08,5.228799608401661e-08,9.565773815756444e-09,2.41665401790062e-09,9.273904134462613e-10,1.683905539094166e-10,3.735149434176127e-11,1.2481115442641202e-11,3.305698046516842e-12,8.200089519954272e-13,9.660211335016337e-14,2.7048591738045745e-14,7.57360568665281e-15,4.697150246862074e-16,1.1875413716671606e-15,6.37667679505746e-16,7.769281331290151e-17,1.3034454095418759e-17,8.083968429978715e-19,2.2635111603940407e-19,6.337831249103314e-20,1.7745927497489283e-20,2.243277516612641e-20]",1.0,1.0,0.5742369943951954,0.17441910455303916,False,0.4400406635771798,"{""all_recovered_sources_strict_prior"":true,""current_captured_at_utc"":""2026-06-19T20:51:25.703877+00:00"",""recovered_source_captured_at_utc"":[""2026-06-19T20:48:52.732426+00:00""]}",080e12fef70ed676f3ad5093dcb0fcbbaab8d8670f222575fab25e61740cc1c2
B,seattle,2026-06-19,20260619T152045-0400,2026-06-19T19:20:45.874634+00:00,12:20:45.238712,740,settlement_window,F,M5_cutoff_change,1,DEFINED,DEFINED,hgb,hgb,"[46,47,48,49,50,51,52,53,54,55,56,57,58,59,60,61,62,63,64,65,66,67,68,69,70,71,72,73,74,75,76,77,78,79,80,81,82,83,84,85,86,87,88,89,90,91,92,93,94,95,96,97,98,99,100,101]","[0.0,0.0,0.0,0.0,0.0,0.0,0.0,0.0,0.0,0.0,0.0,0.0,0.0,0.0,0.0,0.0,0.0,0.0,0.0,0.0,0.0,0.0,0.0,0.0,0.0,0.0010000000000022343,0.0003917162906220795,0.0009942280583546768,0.006336203828375847,0.03801812051795487,0.015867060829981676,0.07555179683917787,0.27362227755728324,0.030290336969891914,0.04497979439126457,0.0780867233131851,0.02058785494028665,0.14027185514433063,0.06279739870474213,0.17488803323602115,0.0330226740594435,0.0019224056332844354,0.00129360452626515,4.704684846504281e-05,9.74810700159994e-07,2.7294699604479277e-07,2.9569831903687906e-05,2.1399044489911753e-08,2.6989785843131947e-08,1.6776850880090822e-09,4.69751824642543e-10,1.3153051089991208e-10,3.682854305197538e-11,1.0311992054553107e-11,2.88735777527487e-12,3.6417125093556935e-12]","[0.0,0.0,0.0,0.0,0.0,0.0,0.0,0.0,0.0,0.0,0.0,0.0,0.0,0.0,0.0,0.0,0.0,0.0,0.0,0.0,0.0,0.0,0.0,0.0,0.0,0.0,0.0,0.0,0.00643412020514523,0.07030978432872276,0.016670774901576552,0.0349571540795888,0.09108041522479554,0.03758474274272789,0.020484946602267885,0.06382073420021314,0.01726541297911204,0.1685328008607447,0.19252973820984956,0.26150679381156766,0.012849086674331722,0.004772834486031874,0.000649592444095598,0.00011581236106779716,3.534712954384335e-06,1.1239490355750723e-06,0.00043032666651128727,1.1364008605097832e-07,1.400442165950618e-07,1.14899063471025e-08,3.653498692632405e-09,1.1617198864665048e-09,3.6939744835089706e-10,1.174590160999951e-10,3.7348986910362355e-11,4.602697687270787e-11]",1.0,0.9999999999999999,0.5768466555429606,0.1825418623324877,True,0.373032744293877,"{""all_recovered_sources_strict_prior"":true,""current_captured_at_utc"":""2026-06-19T19:20:45.874634+00:00"",""recovered_source_captured_at_utc"":[""2026-06-19T19:19:51.129636+00:00""]}",0c95fba7e290fc953351ec34e44c765454659460b637cebd7ca5a2969ebee8fc
B,seattle,2026-06-19,20260619T153555-0400,2026-06-19T19:35:55.487401+00:00,12:35:54.525443,755,settlement_window,F,M5_cutoff_change,1,DEFINED,DEFINED,hgb,hgb,"[46,47,48,49,50,51,52,53,54,55,56,57,58,59,60,61,62,63,64,65,66,67,68,69,70,71,72,73,74,75,76,77,78,79,80,81,82,83,84,85,86,87,88,89,90,91,92,93,94,95,96,97,98,99,100,101]","[0.0,0.0,0.0,0.0,0.0,0.0,0.0,0.0,0.0,0.0,0.0,0.0,0.0,0.0,0.0,0.0,0.0,0.0,0.0,0.0,0.0,0.0,0.0,0.0,0.0,0.0010000000000022343,0.0003917162906220795,0.0009942280583546768,0.006336203828375847,0.03801812051795487,0.015867060829981676,0.07555179683917787,0.27362227755728324,0.030290336969891914,0.04497979439126457,0.0780867233131851,0.02058785494028665,0.14027185514433063,0.06279739870474213,0.17488803323602115,0.0330226740594435,0.0019224056332844354,0.00129360452626515,4.704684846504281e-05,9.74810700159994e-07,2.7294699604479277e-07,2.9569831903687906e-05,2.1399044489911753e-08,2.6989785843131947e-08,1.6776850880090822e-09,4.69751824642543e-10,1.3153051089991208e-10,3.682854305197538e-11,1.0311992054553107e-11,2.88735777527487e-12,3.6417125093556935e-12]","[0.0,0.0,0.0,0.0,0.0,0.0,0.0,0.0,0.0,0.0,0.0,0.0,0.0,0.0,0.0,0.0,0.0,0.0,0.0,0.0,0.0,0.0,0.0,0.0,0.0,0.0,0.0,0.0,0.00643412020514523,0.07030978432872276,0.016670774901576552,0.0349571540795888,0.09108041522479554,0.03758474274272789,0.020484946602267885,0.06382073420021314,0.01726541297911204,0.1685328008607447,0.19252973820984956,0.26150679381156766,0.012849086674331722,0.004772834486031874,0.000649592444095598,0.00011581236106779716,3.534712954384335e-06,1.1239490355750723e-06,0.00043032666651128727,1.1364008605097832e-07,1.400442165950618e-07,1.14899063471025e-08,3.653498692632405e-09,1.1617198864665048e-09,3.6939744835089706e-10,1.174590160999951e-10,3.7348986910362355e-11,4.602697687270787e-11]",1.0,0.9999999999999999,0.5768466555429606,0.1825418623324877,True,0.373032744293877,"{""all_recovered_sources_strict_prior"":true,""current_captured_at_utc"":""2026-06-19T19:35:55.487401+00:00"",""recovered_source_captured_at_utc"":[""2026-06-19T19:32:01.981666+00:00""]}",905e18186e5485bc8df2d8822ef0b5cde72b75c82475270a4f5133151e48d55d
B,seattle,2026-06-19,20260619T162258-0400,2026-06-19T20:22:58.043487+00:00,13:22:57.540434,802,settlement_window,F,M5_cutoff_change,1,DEFINED,DEFINED,hgb,hgb,"[46,47,48,49,50,51,52,53,54,55,56,57,58,59,60,61,62,63,64,65,66,67,68,69,70,71,72,73,74,75,76,77,78,79,80,81,82,83,84,85,86,87,88,89,90,91,92,93,94,95,96,97,98,99,100,101]","[0.0,0.0,0.0,0.0,0.0,0.0,0.0,0.0,0.0,0.0,0.0,0.0,0.0,0.0,0.0,0.0,0.0,0.0,0.0,0.0,0.0,0.0,0.0,0.0,0.0,0.0,0.0,0.0,0.007529506150486464,0.070232269237736,0.01665239571515672,0.034918614536266504,0.09098000094048689,0.03754330633695262,0.020462362370003567,0.06375037315351666,0.017246378216443117,0.16834699691442764,0.19231747813370959,0.261218487950449,0.01283492082057229,0.004767572534185742,0.0006488762817877606,0.00011568468032191982,3.530816006059331e-06,1.122709904882397e-06,0.00042985224021305387,1.1351480019362448e-07,1.3988982072690231e-07,1.1477238961696208e-08,3.649470785474343e-09,1.1604391141876485e-09,3.6899019526240333e-10,1.1732951995081564e-10,3.730781042054287e-11,4.5976233077456646e-11]","[0.0,0.0,0.0,0.0,0.0,0.0,0.0,0.0,0.0,0.0,0.0,0.0,0.0,0.0,0.0,0.0,0.0,0.0,0.0,0.0,0.0,0.0,0.0,0.0,0.0,0.0,0.0,0.0,0.0,0.06314949058210434,0.015883080832135917,0.024491518791174536,0.11346864849583421,0.01939988318455921,0.04374686667590571,0.20014511681600516,0.027814452879518232,0.2497083844554186,0.03022780683914965,0.1974075654107074,0.009997006197232119,0.0033075679705614294,0.0011451725723776143,8.924457464842706e-05,2.723836654479797e-06,8.661109460300811e-07,1.4395282799469193e-05,8.757062760073744e-08,1.0791755238183923e-07,8.854079091757258e-09,2.815372502523189e-09,8.952170232297484e-10,2.846562996413761e-10,9.051348089113089e-11,2.8780990385073735e-11,3.54682171702998e-11]",1.0,1.0,0.5491873080367877,0.16208967129455992,True,0.33266334154354504,"{""all_recovered_sources_strict_prior"":true,""current_captured_at_utc"":""2026-06-19T20:22:58.043487+00:00"",""recovered_source_captured_at_utc"":[""2026-06-19T20:04:12.211703+00:00""]}",e9453a77d143734ef3853a180758e2ffe13958ae6f08c180223fd6ce11cf38e5
B,seattle,2026-06-19,20260619T162657-0400,2026-06-19T20:26:57.312321+00:00,13:26:56.814389,806,settlement_window,F,M5_cutoff_change,1,DEFINED,DEFINED,hgb,hgb,"[46,47,48,49,50,51,52,53,54,55,56,57,58,59,60,61,62,63,64,65,66,67,68,69,70,71,72,73,74,75,76,77,78,79,80,81,82,83,84,85,86,87,88,89,90,91,92,93,94,95,96,97,98,99,100,101]","[0.0,0.0,0.0,0.0,0.0,0.0,0.0,0.0,0.0,0.0,0.0,0.0,0.0,0.0,0.0,0.0,0.0,0.0,0.0,0.0,0.0,0.0,0.0,0.0,0.0,0.0,0.0,0.0,0.007529506150486464,0.070232269237736,0.01665239571515672,0.034918614536266504,0.09098000094048689,0.03754330633695262,0.020462362370003567,0.06375037315351666,0.017246378216443117,0.16834699691442764,0.19231747813370959,0.261218487950449,0.01283492082057229,0.004767572534185742,0.0006488762817877606,0.00011568468032191982,3.530816006059331e-06,1.122709904882397e-06,0.00042985224021305387,1.1351480019362448e-07,1.3988982072690231e-07,1.1477238961696208e-08,3.649470785474343e-09,1.1604391141876485e-09,3.6899019526240333e-10,1.1732951995081564e-10,3.730781042054287e-11,4.5976233077456646e-11]","[0.0,0.0,0.0,0.0,0.0,0.0,0.0,0.0,0.0,0.0,0.0,0.0,0.0,0.0,0.0,0.0,0.0,0.0,0.0,0.0,0.0,0.0,0.0,0.0,0.0,0.0,0.0,0.0,0.0,0.06314949058210434,0.015883080832135917,0.024491518791174536,0.11346864849583421,0.01939988318455921,0.04374686667590571,0.20014511681600516,0.027814452879518232,0.2497083844554186,0.03022780683914965,0.1974075654107074,0.009997006197232119,0.0033075679705614294,0.0011451725723776143,8.924457464842706e-05,2.723836654479797e-06,8.661109460300811e-07,1.4395282799469193e-05,8.757062760073744e-08,1.0791755238183923e-07,8.854079091757258e-09,2.815372502523189e-09,8.952170232297484e-10,2.846562996413761e-10,9.051348089113089e-11,2.8780990385073735e-11,3.54682171702998e-11]",1.0,1.0,0.5491873080367877,0.16208967129455992,True,0.33266334154354504,"{""all_recovered_sources_strict_prior"":true,""current_captured_at_utc"":""2026-06-19T20:26:57.312321+00:00"",""recovered_source_captured_at_utc"":[""2026-06-19T20:25:48.921181+00:00""]}",b711ef31e638eae57514ace56c2be74cd323cc215266d752bf20b9770b2c4678
B,seattle,2026-06-19,20260619T163723-0400,2026-06-19T20:37:23.208942+00:00,13:37:22.185060,817,settlement_window,F,M5_cutoff_change,1,DEFINED,DEFINED,hgb,hgb,"[46,47,48,49,50,51,52,53,54,55,56,57,58,59,60,61,62,63,64,65,66,67,68,69,70,71,72,73,74,75,76,77,78,79,80,81,82,83,84,85,86,87,88,89,90,91,92,93,94,95,96,97,98,99,100,101]","[0.0,0.0,0.0,0.0,0.0,0.0,0.0,0.0,0.0,0.0,0.0,0.0,0.0,0.0,0.0,0.0,0.0,0.0,0.0,0.0,0.0,0.0,0.0,0.0,0.0,0.0,0.0,0.0,0.0016292701150993434,0.025078350653182417,0.01757425512517189,0.03685167293492388,0.09601655972907243,0.03962166496004856,0.021595137594937655,0.06727952790030527,0.018201119883615845,0.17766651261102537,0.20296397488772205,0.2756792733717249,0.013545448767279375,0.005031500420523966,0.0006847974018796437,0.0001220888646190953,3.7262783296729476e-06,1.1848619644560861e-06,0.00045364841581052866,1.1979886217031885e-07,1.4763397657140065e-07,1.2112607044392096e-08,3.851501715000167e-09,1.224679823780555e-09,3.8941711097618116e-10,1.238247608692605e-10,3.937313223318368e-11,4.852142980617282e-11]","[0.0,0.0,0.0,0.0,0.0,0.0,0.0,0.0,0.0,0.0,0.0,0.0,0.0,0.0,0.0,0.0,0.0,0.0,0.0,0.0,0.0,0.0,0.0,0.0,0.0,0.0,0.0,0.0,0.0,0.02229811104636117,0.01657566279344971,0.025559471809812183,0.11841645049680796,0.020245815361522996,0.045654449407741333,0.20887244742754155,0.02902730248544549,0.260596922043965,0.031545890778161965,0.20601552505501666,0.010432925791958134,0.0034517945180707298,0.0011951078383755896,9.313608557126803e-05,2.8426095898061188e-06,9.038777259172165e-07,1.5022989306808193e-05,9.138914603920606e-08,1.1262329875930363e-07,9.240161334100922e-09,2.938136859780711e-09,9.342529740193144e-10,2.9706874155926064e-10,9.446032248839094e-11,3.0035985872417566e-11,3.7014809274925284e-11]",1.0,1.0,0.5646380491580815,0.17141808410956008,True,0.3493388563452341,"{""all_recovered_sources_strict_prior"":true,""current_captured_at_utc"":""2026-06-19T20:37:23.208942+00:00"",""recovered_source_captured_at_utc"":[""2026-06-19T20:33:50.035282+00:00""]}",0b71df7f7281b6a2658ff577ee37fda767114ef21510d8018795d11eca3226eb
B,seattle,2026-06-19,20260619T185039-0400,2026-06-19T22:50:39.879163+00:00,15:50:39.150998,950,peak_heating_window,F,M5_cutoff_change,1,DEFINED,DEFINED,hgb,hgb,"[45,46,47,48,49,50,51,52,53,54,55,56,57,58,59,60,61,62,63,64,65,66,67,68,69,70,71,72,73,74,75,76,77,78,79,80,81,82,83,84,85,86,87,88,89,90,91,92,93,94,95,96,97,98,99,100,101]","[0.0,0.0,0.0,0.0,0.0,0.0,0.0,0.0,0.0,0.0,0.0,0.0,0.0,0.0,0.0,0.0,0.0,0.0,0.0,0.0,0.0,0.0,0.0,0.0,0.0,0.0,0.0,0.0,0.0,0.0,0.0016283694545579758,0.00010404220995286403,0.0024333967352699842,0.1787967065855848,0.033389153642614335,0.09425820655009587,0.055147135948080336,0.06323331838985141,0.30348026592181687,0.13610417987052884,0.0691463797619368,0.027933092391946388,0.014961645402978285,0.018443374286874595,0.0008213437921693293,6.511070531365486e-05,8.188375280927399e-06,4.403132122703241e-05,1.2944121262546602e-06,6.785012862981903e-07,6.074732123584038e-08,1.7201431736033304e-08,5.234774225115711e-09,1.6586115225967816e-09,5.275603255605842e-10,1.71600313629014e-10,1.9920783954536848e-10]","[0.0,0.0,0.0,0.0,0.0,0.0,0.0,0.0,0.0,0.0,0.0,0.0,0.0,0.0,0.0,0.0,0.0,0.0,0.0,0.0,0.0,0.0,0.0,0.0,0.0,0.0,0.0,0.0,0.0,0.0,0.0,0.0,0.0,0.0,0.003025085450608692,0.02172877178558867,0.030615655393577013,0.01595632578566903,0.32509497625566786,0.10464566969552201,0.47179694653369514,0.02224750263928485,0.0037957720246396217,0.0009096496327262769,6.78439692008766e-05,3.092252912983853e-06,3.1965364433638523e-06,0.00010791208038629999,1.425147339720774e-06,1.6875600809993303e-07,5.231384866574433e-09,6.066517139375354e-10,1.5840028666185912e-10,4.4173628785547716e-11,1.2372887061020271e-11,3.5528453098542643e-12,4.1933021199509674e-12]",1.0,1.0,0.8486585771999642,0.40265056677175837,True,0.5332399088800444,"{""all_recovered_sources_strict_prior"":true,""current_captured_at_utc"":""2026-06-19T22:50:39.879163+00:00"",""recovered_source_captured_at_utc"":[""2026-06-19T22:48:06.985288+00:00""]}",3b77ba32b16865413c36c5f156367229fdccba0fc1fd8492dbc4fe4ab8751e8a
B,toronto,2026-06-19,20260619T120229-0400,2026-06-19T16:02:29.453651+00:00,12:02:27.886347,722,settlement_window,C,M5_cutoff_change,1,DEFINED,DEFINED,hgb,hgb,"[8,9,10,11,12,13,14,15,16,17,18,19,20,21,22,23,24,25,26,27,28,29,30,31,32,33,34,35,36]","[0.0,0.0,0.0,0.0,0.0,0.0,0.0,0.0,0.0,0.0,0.0,0.0,0.0010000000000001418,0.002829074304021606,0.04647732902312347,0.8293303994840983,0.06074015851530588,0.04350259584643105,0.014759021624742297,0.0009133035491654703,0.000396183911253223,4.0213226361281664e-05,9.531603916406464e-06,1.7363807135467037e-06,3.4929537285442805e-07,8.373311502945571e-08,1.670883830805479e-08,2.638908379604482e-09,1.5463288816671802e-10]","[0.0,0.0,0.0,0.0,0.0,0.0,0.0,0.0,0.0,0.0,0.0,0.0,0.0,0.00869909013736889,0.30202040368196703,0.48242097589897254,0.10781176801728748,0.07813743645413623,0.016254466127732365,0.0014884104201286826,0.003061775141046476,7.628266064686982e-05,2.131056033621639e-05,6.514123173680223e-06,1.0566359711790847e-06,4.324503994025049e-07,6.485289360003949e-08,1.198966341481363e-08,8.482759463792233e-10]",1.0,0.9999999999999998,0.6958188471702516,0.3469094235851257,False,0.340086762183938,"{""all_recovered_sources_strict_prior"":true,""current_captured_at_utc"":""2026-06-19T16:02:29.453651+00:00"",""recovered_source_captured_at_utc"":[""2026-06-19T15:57:29.966434+00:00""]}",c4ceef9f01ed9c7fa94a36c21c736315cf6cf94545e8408a43ab8714d83e40e6
B,toronto,2026-06-19,20260619T121439-0400,2026-06-19T16:14:39.437666+00:00,12:14:35.743821,734,settlement_window,C,M5_cutoff_change,1,DEFINED,DEFINED,hgb,hgb,"[8,9,10,11,12,13,14,15,16,17,18,19,20,21,22,23,24,25,26,27,28,29,30,31,32,33,34,35,36]","[0.0,0.0,0.0,0.0,0.0,0.0,0.0,0.0,0.0,0.0,0.0,0.0,0.0,0.004710986032045057,0.30323546239908505,0.48436180441565735,0.1082455056950745,0.0784517912862582,0.016319859493610377,0.0014943984462142683,0.0030740929729864046,7.658955352779429e-05,2.139629488192097e-05,6.540330151917676e-06,1.0608869248628414e-06,4.3419019122156524e-07,6.511380336884448e-08,1.2037899046810274e-08,8.516886465498214e-10]","[0.0,0.0,0.0,0.0,0.0,0.0,0.0,0.0,0.0,0.0,0.0,0.0,0.0,0.0,0.1874707214715922,0.6316035013610123,0.14249513923455062,0.03324811555926494,0.004422040943559374,0.00045341226131002737,0.00021809203261746146,6.005945217927409e-05,1.999273252051165e-05,6.9728108349175735e-06,1.367767006758289e-06,3.799365482246033e-07,1.753992741055678e-07,2.6551639757939834e-08,2.48608952093275e-09]",1.0,1.0,0.3629843925584165,0.14724169694535494,False,0.3422977526018586,"{""all_recovered_sources_strict_prior"":true,""current_captured_at_utc"":""2026-06-19T16:14:39.437666+00:00"",""recovered_source_captured_at_utc"":[""2026-06-19T16:13:36.289041+00:00""]}",bfbcf8b874066647095577585621dbe8dafef426877544bdf987ee9391cc8938
B,toronto,2026-06-19,20260619T122244-0400,2026-06-19T16:22:44.443522+00:00,12:22:43.828308,742,settlement_window,C,M5_cutoff_change,1,DEFINED,DEFINED,hgb,hgb,"[8,9,10,11,12,13,14,15,16,17,18,19,20,21,22,23,24,25,26,27,28,29,30,31,32,33,34,35,36]","[0.0,0.0,0.0,0.0,0.0,0.0,0.0,0.0,0.0,0.0,0.0,0.0,0.0,0.004710986032045057,0.30323546239908505,0.48436180441565735,0.1082455056950745,0.0784517912862582,0.016319859493610377,0.0014943984462142683,0.0030740929729864046,7.658955352779429e-05,2.139629488192097e-05,6.540330151917676e-06,1.0608869248628414e-06,4.3419019122156524e-07,6.511380336884448e-08,1.2037899046810274e-08,8.516886465498214e-10]","[0.0,0.0,0.0,0.0,0.0,0.0,0.0,0.0,0.0,0.0,0.0,0.0,0.0,0.0,0.1874707214715922,0.6316035013610123,0.14249513923455062,0.03324811555926494,0.004422040943559374,0.00045341226131002737,0.00021809203261746146,6.005945217927409e-05,1.999273252051165e-05,6.9728108349175735e-06,1.367767006758289e-06,3.799365482246033e-07,1.753992741055678e-07,2.6551639757939834e-08,2.48608952093275e-09]",1.0,1.0,0.3629843925584165,0.14724169694535494,False,0.3422977526018586,"{""all_recovered_sources_strict_prior"":true,""current_captured_at_utc"":""2026-06-19T16:22:44.443522+00:00"",""recovered_source_captured_at_utc"":[""2026-06-19T16:21:49.618685+00:00""]}",30640fb31fc0668638930be5d2f30251f24aa03e2a5046286da5d6051e67c972
B,toronto,2026-06-19,20260619T123345-0400,2026-06-19T16:33:45.692053+00:00,12:33:44.030698,753,settlement_window,C,M5_cutoff_change,1,DEFINED,DEFINED,hgb,hgb,"[8,9,10,11,12,13,14,15,16,17,18,19,20,21,22,23,24,25,26,27,28,29,30,31,32,33,34,35,36]","[0.0,0.0,0.0,0.0,0.0,0.0,0.0,0.0,0.0,0.0,0.0,0.0,0.0,0.004710986032045057,0.30323546239908505,0.48436180441565735,0.1082455056950745,0.0784517912862582,0.016319859493610377,0.0014943984462142683,0.0030740929729864046,7.658955352779429e-05,2.139629488192097e-05,6.540330151917676e-06,1.0608869248628414e-06,4.3419019122156524e-07,6.511380336884448e-08,1.2037899046810274e-08,8.516886465498214e-10]","[0.0,0.0,0.0,0.0,0.0,0.0,0.0,0.0,0.0,0.0,0.0,0.0,0.0,0.0,0.20565822857766183,0.6167918243179105,0.1396303026296919,0.032823585348443894,0.004354047687912879,0.00044691054752850465,0.000207488018776861,5.910024639080651e-05,1.968615164410808e-05,6.8897761093742955e-06,1.346191587982022e-06,3.73801630840749e-07,1.8803275987300258e-07,2.620372522058712e-08,2.4682252546548758e-09]",1.0,1.0,0.3276311805776209,0.13243001990225312,False,0.29374504564112824,"{""all_recovered_sources_strict_prior"":true,""current_captured_at_utc"":""2026-06-19T16:33:45.692053+00:00"",""recovered_source_captured_at_utc"":[""2026-06-19T16:32:58.895925+00:00""]}",0d8d5f8eeee48d9141df99ec1d5608005ec359e1b22e7ef62a84199d5fe62a69
B,toronto,2026-06-19,20260619T124027-0400,2026-06-19T16:40:27.624213+00:00,12:40:25.995547,760,settlement_window,C,M5_cutoff_change,1,DEFINED,DEFINED,hgb,hgb,"[8,9,10,11,12,13,14,15,16,17,18,19,20,21,22,23,24,25,26,27,28,29,30,31,32,33,34,35,36]","[0.0,0.0,0.0,0.0,0.0,0.0,0.0,0.0,0.0,0.0,0.0,0.0,0.0,0.004710986032045057,0.30323546239908505,0.48436180441565735,0.1082455056950745,0.0784517912862582,0.016319859493610377,0.0014943984462142683,0.0030740929729864046,7.658955352779429e-05,2.139629488192097e-05,6.540330151917676e-06,1.0608869248628414e-06,4.3419019122156524e-07,6.511380336884448e-08,1.2037899046810274e-08,8.516886465498214e-10]","[0.0,0.0,0.0,0.0,0.0,0.0,0.0,0.0,0.0,0.0,0.0,0.0,0.0,0.0,0.20709615581907656,0.6214326991437904,0.1336026009573463,0.03288478552670398,0.0042394002420225035,0.0004481121505824481,0.0002083372890183433,5.931625823154222e-05,1.9749387174637566e-05,6.899521131203745e-06,1.3508361139913446e-06,3.7516245738143895e-07,1.8898351882784613e-07,2.6257178517212712e-08,2.465653332952551e-09]",1.0,1.0,0.3248575576670658,0.13707089472813305,False,0.29556521812545095,"{""all_recovered_sources_strict_prior"":true,""current_captured_at_utc"":""2026-06-19T16:40:27.624213+00:00"",""recovered_source_captured_at_utc"":[""2026-06-19T16:39:27.188051+00:00""]}",f6904a55acd6dce9e7c17610118e88d05ebeef70d090d32e06c7ffda18468c3d
B,toronto,2026-06-19,20260619T124228-0400,2026-06-19T16:42:28.764922+00:00,12:42:25.910604,762,settlement_window,C,M5_cutoff_change,1,DEFINED,DEFINED,hgb,hgb,"[8,9,10,11,12,13,14,15,16,17,18,19,20,21,22,23,24,25,26,27,28,29,30,31,32,33,34,35,36]","[0.0,0.0,0.0,0.0,0.0,0.0,0.0,0.0,0.0,0.0,0.0,0.0,0.0,0.004710986032045057,0.30323546239908505,0.48436180441565735,0.1082455056950745,0.0784517912862582,0.016319859493610377,0.0014943984462142683,0.0030740929729864046,7.658955352779429e-05,2.139629488192097e-05,6.540330151917676e-06,1.0608869248628414e-06,4.3419019122156524e-07,6.511380336884448e-08,1.2037899046810274e-08,8.516886465498214e-10]","[0.0,0.0,0.0,0.0,0.0,0.0,0.0,0.0,0.0,0.0,0.0,0.0,0.0,0.0,0.20709615581907656,0.6214326991437904,0.1336026009573463,0.03288478552670398,0.0042394002420225035,0.0004481121505824481,0.0002083372890183433,5.931625823154222e-05,1.9749387174637566e-05,6.899521131203745e-06,1.3508361139913446e-06,3.7516245738143895e-07,1.8898351882784613e-07,2.6257178517212712e-08,2.465653332952551e-09]",1.0,1.0,0.3248575576670658,0.13707089472813305,False,0.29556521812545095,"{""all_recovered_sources_strict_prior"":true,""current_captured_at_utc"":""2026-06-19T16:42:28.764922+00:00"",""recovered_source_captured_at_utc"":[""2026-06-19T16:41:27.010964+00:00""]}",abb1d93d58fbe1e54f2225c0aa241814dbfe1ae66f7a0b6328373dc32eacfa9c
B,toronto,2026-06-19,20260619T124428-0400,2026-06-19T16:44:28.917750+00:00,12:44:26.562796,764,settlement_window,C,M5_cutoff_change,1,DEFINED,DEFINED,hgb,hgb,"[8,9,10,11,12,13,14,15,16,17,18,19,20,21,22,23,24,25,26,27,28,29,30,31,32,33,34,35,36]","[0.0,0.0,0.0,0.0,0.0,0.0,0.0,0.0,0.0,0.0,0.0,0.0,0.0,0.004710986032045057,0.30323546239908505,0.48436180441565735,0.1082455056950745,0.0784517912862582,0.016319859493610377,0.0014943984462142683,0.0030740929729864046,7.658955352779429e-05,2.139629488192097e-05,6.540330151917676e-06,1.0608869248628414e-06,4.3419019122156524e-07,6.511380336884448e-08,1.2037899046810274e-08,8.516886465498214e-10]","[0.0,0.0,0.0,0.0,0.0,0.0,0.0,0.0,0.0,0.0,0.0,0.0,0.0,0.0,0.20709615581907656,0.6214326991437904,0.1336026009573463,0.03288478552670398,0.0042394002420225035,0.0004481121505824481,0.0002083372890183433,5.931625823154222e-05,1.9749387174637566e-05,6.899521131203745e-06,1.3508361139913446e-06,3.7516245738143895e-07,1.8898351882784613e-07,2.6257178517212712e-08,2.465653332952551e-09]",1.0,1.0,0.3248575576670658,0.13707089472813305,False,0.29556521812545095,"{""all_recovered_sources_strict_prior"":true,""current_captured_at_utc"":""2026-06-19T16:44:28.917750+00:00"",""recovered_source_captured_at_utc"":[""2026-06-19T16:43:30.449345+00:00""]}",bf6d2a0f05e508b3488e8ad1f22d17f1e3e5dc3f5005ecdb3713115d79bfa9bf
B,toronto,2026-06-19,20260619T125126-0400,2026-06-19T16:51:26.888044+00:00,12:51:26.193383,771,settlement_window,C,M5_cutoff_change,1,DEFINED,DEFINED,hgb,hgb,"[8,9,10,11,12,13,14,15,16,17,18,19,20,21,22,23,24,25,26,27,28,29,30,31,32,33,34,35,36]","[0.0,0.0,0.0,0.0,0.0,0.0,0.0,0.0,0.0,0.0,0.0,0.0,0.0,0.004710986032045057,0.30323546239908505,0.48436180441565735,0.1082455056950745,0.0784517912862582,0.016319859493610377,0.0014943984462142683,0.0030740929729864046,7.658955352779429e-05,2.139629488192097e-05,6.540330151917676e-06,1.0608869248628414e-06,4.3419019122156524e-07,6.511380336884448e-08,1.2037899046810274e-08,8.516886465498214e-10]","[0.0,0.0,0.0,0.0,0.0,0.0,0.0,0.0,0.0,0.0,0.0,0.0,0.0,0.0,0.20709615581907656,0.6214326991437904,0.1336026009573463,0.03288478552670398,0.0042394002420225035,0.0004481121505824481,0.0002083372890183433,5.931625823154222e-05,1.9749387174637566e-05,6.899521131203745e-06,1.3508361139913446e-06,3.7516245738143895e-07,1.8898351882784613e-07,2.6257178517212712e-08,2.465653332952551e-09]",1.0,1.0,0.3248575576670658,0.13707089472813305,False,0.29556521812545095,"{""all_recovered_sources_strict_prior"":true,""current_captured_at_utc"":""2026-06-19T16:51:26.888044+00:00"",""recovered_source_captured_at_utc"":[""2026-06-19T16:48:26.718370+00:00""]}",72be6207039381368b36c618e354c1885f9371876ba09d3b9335ceb6bbde98dc
B,toronto,2026-06-19,20260619T125508-0400,2026-06-19T16:55:08.400520+00:00,12:54:16.329058,774,settlement_window,C,M5_cutoff_change,1,DEFINED,DEFINED,hgb,hgb,"[8,9,10,11,12,13,14,15,16,17,18,19,20,21,22,23,24,25,26,27,28,29,30,31,32,33,34,35,36]","[0.0,0.0,0.0,0.0,0.0,0.0,0.0,0.0,0.0,0.0,0.0,0.0,0.0,0.004299916078037731,0.26785178003225824,0.4271611680526946,0.21154104786329042,0.07050852891513124,0.014489761310177023,0.0013581662427440085,0.0026905183828440224,7.170542019707179e-05,1.9929835423027e-05,6.02810218514886e-06,9.852462679869917e-07,3.9121294446410715e-07,6.106707325124008e-08,1.1401758343870476e-08,8.369736039816515e-10]","[0.0,0.0,0.0,0.0,0.0,0.0,0.0,0.0,0.0,0.0,0.0,0.0,0.0,0.0,0.22393023071903545,0.5907980621329624,0.14715814004620192,0.033080608129480445,0.0042808797817789875,0.0004519639198165287,0.00021125858087031626,6.000792782594479e-05,1.995203230122308e-05,6.9306368280430584e-06,1.3656546394194772e-06,3.795276502023112e-07,1.9202509469788135e-07,2.6428272157658098e-08,2.457242503761668e-09]",1.0000000000000004,1.0,0.32727669364992884,0.16363689408026777,False,0.24655149910097607,"{""all_recovered_sources_strict_prior"":true,""current_captured_at_utc"":""2026-06-19T16:55:08.400520+00:00"",""recovered_source_captured_at_utc"":[""2026-06-19T16:52:31.859334+00:00""]}",9c0db7f65d8dbda720932cd9c7ad467f3fb6e5d264d886d869092a35dfb273f9
B,atlanta,2026-06-20,20260620T130429-0400,2026-06-20T17:04:29.127158+00:00,13:04:28.539062,784,settlement_window,F,M5_cutoff_change,1,DEFINED,DEFINED,hgb,hgb,"[46,47,48,49,50,51,52,53,54,55,56,57,58,59,60,61,62,63,64,65,66,67,68,69,70,71,72,73,74,75,76,77,78,79,80,81,82,83,84,85,86,87,88,89,90,91,92,93,94,95,96,97,98,99]","[0.0,0.0,0.0,0.0,0.0,0.0,0.0,0.0,0.0,0.0,0.0,0.0,0.0,0.0,0.0,0.0,0.0,0.0,0.0,0.0,0.0,0.0,0.0,0.0,0.0,0.0,0.0,0.0,0.0,0.0,0.0,0.0,0.0,0.0,0.004598409118657819,0.02157477565784735,0.01891733357233366,0.033073244974067086,0.2959919513313531,0.10524788090301687,0.09553993823601685,0.3319417930669217,0.05358817867447184,0.033564221082297147,0.0050880907378290175,0.0007461779611548226,0.00011544234495003126,1.067009243361213e-05,1.658933080397367e-06,2.1491673880948172e-07,1.5713500582169577e-08,2.5119440212890886e-09,1.4952919389856678e-10,2.1856084428521482e-11]","[0.0,0.0,0.0,0.0,0.0,0.0,0.0,0.0,0.0,0.0,0.0,0.0,0.0,0.0,0.0,0.0,0.0,0.0,0.0,0.0,0.0,0.0,0.0,0.0,0.0,0.0,0.0,0.0,0.0,0.0,0.0,0.0,0.0,0.0,0.0,0.03574768230975021,0.015806383328323216,0.03843300846477192,0.2098827298782748,0.21864749129444835,0.19208044295821705,0.20667474785769738,0.04274389978352412,0.03434356142110266,0.004754240779443316,0.000761141119103149,0.00011167272660671106,1.1093600126135249e-05,1.649220920603997e-06,2.3593011884613425e-07,1.6266199023043378e-08,2.886316419524617e-09,1.5404118479347572e-10,2.1014686823861264e-11]",0.9999999999999999,0.9999999999999999,0.4605350684112974,0.1252670452092243,True,0.20407085919289358,"{""all_recovered_sources_strict_prior"":true,""current_captured_at_utc"":""2026-06-20T17:04:29.127158+00:00"",""recovered_source_captured_at_utc"":[""2026-06-20T17:03:21.859447+00:00""]}",2d28211b0bdd28c95eb24bfbc645e9026d83c59f39b38d39dad6ccf7b34b650b
B,atlanta,2026-06-20,20260620T131423-0400,2026-06-20T17:14:23.844538+00:00,13:14:23.242854,794,settlement_window,F,M5_cutoff_change,1,DEFINED,DEFINED,hgb,hgb,"[46,47,48,49,50,51,52,53,54,55,56,57,58,59,60,61,62,63,64,65,66,67,68,69,70,71,72,73,74,75,76,77,78,79,80,81,82,83,84,85,86,87,88,89,90,91,92,93,94,95,96,97,98,99]","[0.0,0.0,0.0,0.0,0.0,0.0,0.0,0.0,0.0,0.0,0.0,0.0,0.0,0.0,0.0,0.0,0.0,0.0,0.0,0.0,0.0,0.0,0.0,0.0,0.0,0.0,0.0,0.0,0.0,0.0,0.0,0.0,0.0,0.0,0.004598409118657819,0.02157477565784735,0.01891733357233366,0.033073244974067086,0.2959919513313531,0.10524788090301687,0.09553993823601685,0.3319417930669217,0.05358817867447184,0.033564221082297147,0.0050880907378290175,0.0007461779611548226,0.00011544234495003126,1.067009243361213e-05,1.658933080397367e-06,2.1491673880948172e-07,1.5713500582169577e-08,2.5119440212890886e-09,1.4952919389856678e-10,2.1856084428521482e-11]","[0.0,0.0,0.0,0.0,0.0,0.0,0.0,0.0,0.0,0.0,0.0,0.0,0.0,0.0,0.0,0.0,0.0,0.0,0.0,0.0,0.0,0.0,0.0,0.0,0.0,0.0,0.0,0.0,0.0,0.0,0.0,0.0,0.0,0.0,0.0,0.03533351018166207,0.01568751594135298,0.060339624486598166,0.2042505474011052,0.2129898473911421,0.18742900325035045,0.20166050686723372,0.042486554573662044,0.03419637129102232,0.004746902414864553,0.0007550763281125096,0.00011159439143658778,1.1056280372722555e-05,1.6387515718543554e-06,2.3119965227448088e-07,1.620929042719653e-08,2.8661374234336105e-09,1.5340623888384337e-10,2.1026396914201752e-11]",0.9999999999999999,1.0000000000000002,0.4825951948784005,0.13028128619968796,True,0.20761054965869832,"{""all_recovered_sources_strict_prior"":true,""current_captured_at_utc"":""2026-06-20T17:14:23.844538+00:00"",""recovered_source_captured_at_utc"":[""2026-06-20T17:13:11.223162+00:00""]}",3a43cacfd153d3967f3735abf31a36bd98b59f10ebaa88735f2b4ecda85ad666
B,atlanta,2026-06-20,20260620T131810-0400,2026-06-20T17:18:10.845526+00:00,13:18:10.213378,798,settlement_window,F,M5_cutoff_change,1,DEFINED,DEFINED,hgb,hgb,"[46,47,48,49,50,51,52,53,54,55,56,57,58,59,60,61,62,63,64,65,66,67,68,69,70,71,72,73,74,75,76,77,78,79,80,81,82,83,84,85,86,87,88,89,90,91,92,93,94,95,96,97,98,99]","[0.0,0.0,0.0,0.0,0.0,0.0,0.0,0.0,0.0,0.0,0.0,0.0,0.0,0.0,0.0,0.0,0.0,0.0,0.0,0.0,0.0,0.0,0.0,0.0,0.0,0.0,0.0,0.0,0.0,0.0,0.0,0.0,0.0,0.0,0.004717110990696368,0.022131690283678666,0.01940488507510683,0.03388289898956645,0.2996081872542618,0.1039995750289537,0.09350614573163253,0.32800475522276457,0.05424288396593074,0.03438589450435473,0.0052192247729714114,0.0007654392237806975,0.00011842233696563695,1.0945526829537128e-05,1.7017562549641908e-06,2.2046453162410619e-07,1.6119123923121328e-08,2.576786550862368e-09,1.5338909328138054e-10,2.2420270488760677e-11]","[0.0,0.0,0.0,0.0,0.0,0.0,0.0,0.0,0.0,0.0,0.0,0.0,0.0,0.0,0.0,0.0,0.0,0.0,0.0,0.0,0.0,0.0,0.0,0.0,0.0,0.0,0.0,0.0,0.0,0.0,0.0,0.0,0.0,0.0,0.0,0.03632250155597956,0.016125975830208868,0.0619479626400021,0.20718469749071472,0.21091029443210035,0.18382842518742226,0.1996915693384533,0.04309689285424791,0.03510786732904512,0.004879576466831239,0.0007762110518242276,0.00011471798942921738,1.1365752712952103e-05,1.6846212736845088e-06,2.3767107802027953e-07,1.6662998805906167e-08,2.9463624381796744e-09,1.5770017736563847e-10,2.1614939176239416e-11]",1.0,1.0,0.4804441135691973,0.12831318588431126,True,0.2031352075608089,"{""all_recovered_sources_strict_prior"":true,""current_captured_at_utc"":""2026-06-20T17:18:10.845526+00:00"",""recovered_source_captured_at_utc"":[""2026-06-20T17:17:13.691334+00:00""]}",f270e741e6d6923b608ef5401b2cd934c1daf9e317b9756a84f225a649c40f39
B,atlanta,2026-06-20,20260620T132014-0400,2026-06-20T17:20:14.789804+00:00,13:20:14.341760,800,settlement_window,F,M5_cutoff_change,1,DEFINED,DEFINED,hgb,hgb,"[46,47,48,49,50,51,52,53,54,55,56,57,58,59,60,61,62,63,64,65,66,67,68,69,70,71,72,73,74,75,76,77,78,79,80,81,82,83,84,85,86,87,88,89,90,91,92,93,94,95,96,97,98,99]","[0.0,0.0,0.0,0.0,0.0,0.0,0.0,0.0,0.0,0.0,0.0,0.0,0.0,0.0,0.0,0.0,0.0,0.0,0.0,0.0,0.0,0.0,0.0,0.0,0.0,0.0,0.0,0.0,0.0,0.0,0.0,0.0,0.0,0.0,0.004717110990696368,0.022131690283678666,0.01940488507510683,0.03388289898956645,0.2996081872542618,0.1039995750289537,0.09350614573163253,0.32800475522276457,0.05424288396593074,0.03438589450435473,0.0052192247729714114,0.0007654392237806975,0.00011842233696563695,1.0945526829537128e-05,1.7017562549641908e-06,2.2046453162410619e-07,1.6119123923121328e-08,2.576786550862368e-09,1.5338909328138054e-10,2.2420270488760677e-11]","[0.0,0.0,0.0,0.0,0.0,0.0,0.0,0.0,0.0,0.0,0.0,0.0,0.0,0.0,0.0,0.0,0.0,0.0,0.0,0.0,0.0,0.0,0.0,0.0,0.0,0.0,0.0,0.0,0.0,0.0,0.0,0.0,0.0,0.0,0.0,0.03632250155597956,0.016125975830208868,0.0619479626400021,0.20718469749071472,0.21091029443210035,0.18382842518742226,0.1996915693384533,0.04309689285424791,0.03510786732904512,0.004879576466831239,0.0007762110518242276,0.00011471798942921738,1.1365752712952103e-05,1.6846212736845088e-06,2.3767107802027953e-07,1.6662998805906167e-08,2.9463624381796744e-09,1.5770017736563847e-10,2.1614939176239416e-11]",1.0,1.0,0.4804441135691973,0.12831318588431126,True,0.2031352075608089,"{""all_recovered_sources_strict_prior"":true,""current_captured_at_utc"":""2026-06-20T17:20:14.789804+00:00"",""recovered_source_captured_at_utc"":[""2026-06-20T17:19:14.758562+00:00""]}",59c5eb29c6cd98425f146180ee0274de7281797a005c65a4fa54f8cd758b75ba
B,atlanta,2026-06-20,20260620T142221-0400,2026-06-20T18:22:21.869467+00:00,14:22:21.427132,862,peak_heating_window,F,M5_cutoff_change,1,DEFINED,DEFINED,hgb,hgb,"[46,47,48,49,50,51,52,53,54,55,56,57,58,59,60,61,62,63,64,65,66,67,68,69,70,71,72,73,74,75,76,77,78,79,80,81,82,83,84,85,86,87,88,89,90,91,92,93,94,95,96,97,98,99]","[0.0,0.0,0.0,0.0,0.0,0.0,0.0,0.0,0.0,0.0,0.0,0.0,0.0,0.0,0.0,0.0,0.0,0.0,0.0,0.0,0.0,0.0,0.0,0.0,0.0,0.0,0.0,0.0,0.0,0.0,0.0,0.0,0.0,0.0,0.0,0.0017104581910717476,0.001197092890785551,0.01414815326717331,0.044922487505017344,0.23098297071095888,0.16023634046150928,0.15803788067080127,0.2099539060574785,0.1305493113697356,0.032206468170266775,0.010241297439958033,0.004904276209184398,0.0006457920424247693,0.00019577139092783347,5.635281086379943e-05,7.83633567274884e-06,3.108736951671173e-06,4.069962383392064e-07,8.874298016658953e-08]","[0.0,0.0,0.0,0.0,0.0,0.0,0.0,0.0,0.0,0.0,0.0,0.0,0.0,0.0,0.0,0.0,0.0,0.0,0.0,0.0,0.0,0.0,0.0,0.0,0.0,0.0,0.0,0.0,0.0,0.0,0.0,0.0,0.0,0.0,0.0,0.0,0.0,0.011139969854146139,0.040987493700985075,0.26423111855435494,0.3710465545266302,0.22211180859979135,0.03315887210311939,0.02970889449397803,0.018656403205043717,0.006036395355239069,0.0023900224800070145,0.00037433136219247614,0.00011061083120576038,3.788302002707634e-05,8.01869612301457e-06,1.3718434292012487e-06,2.0491593029737793e-07,4.645779724749799e-08]",1.0,1.0,0.6162649443959146,0.21081021406512093,True,0.44607615657118616,"{""all_recovered_sources_strict_prior"":true,""current_captured_at_utc"":""2026-06-20T18:22:21.869467+00:00"",""recovered_source_captured_at_utc"":[""2026-06-20T18:20:23.202399+00:00""]}",2e8fc00ca216b33e1b144b8e7a59e92c949868962cffdf72cd47a5bde4699fa7
B,atlanta,2026-06-20,20260620T142920-0400,2026-06-20T18:29:20.133677+00:00,14:29:19.701440,869,peak_heating_window,F,M5_cutoff_change,1,DEFINED,DEFINED,hgb,hgb,"[46,47,48,49,50,51,52,53,54,55,56,57,58,59,60,61,62,63,64,65,66,67,68,69,70,71,72,73,74,75,76,77,78,79,80,81,82,83,84,85,86,87,88,89,90,91,92,93,94,95,96,97,98,99]","[0.0,0.0,0.0,0.0,0.0,0.0,0.0,0.0,0.0,0.0,0.0,0.0,0.0,0.0,0.0,0.0,0.0,0.0,0.0,0.0,0.0,0.0,0.0,0.0,0.0,0.0,0.0,0.0,0.0,0.0,0.0,0.0,0.0,0.0,0.0,0.0017104581910717476,0.001197092890785551,0.01414815326717331,0.044922487505017344,0.23098297071095888,0.16023634046150928,0.15803788067080127,0.2099539060574785,0.1305493113697356,0.032206468170266775,0.010241297439958033,0.004904276209184398,0.0006457920424247693,0.00019577139092783347,5.635281086379943e-05,7.83633567274884e-06,3.108736951671173e-06,4.069962383392064e-07,8.874298016658953e-08]","[0.0,0.0,0.0,0.0,0.0,0.0,0.0,0.0,0.0,0.0,0.0,0.0,0.0,0.0,0.0,0.0,0.0,0.0,0.0,0.0,0.0,0.0,0.0,0.0,0.0,0.0,0.0,0.0,0.0,0.0,0.0,0.0,0.0,0.0,0.0,0.0,0.0,0.011382848515137474,0.038303763379022984,0.26489246524886306,0.3719689012342073,0.2226437777529427,0.03342814740937241,0.029747726246532165,0.018666883779317193,0.006040010860014828,0.0023926068248303145,0.0003746036805120287,0.0001106730807161042,3.7926519913831214e-05,8.041300760108485e-06,1.3725813793120341e-06,2.051196317846592e-07,4.6466846328334666e-08]",1.0,1.0,0.620496314715662,0.211732560772698,True,0.44662281462281256,"{""all_recovered_sources_strict_prior"":true,""current_captured_at_utc"":""2026-06-20T18:29:20.133677+00:00"",""recovered_source_captured_at_utc"":[""2026-06-20T18:28:31.734738+00:00""]}",2e1c0294f450399b6c379c98139e7d61ddcf8545ad234787af4521a849a01b6a
B,atlanta,2026-06-20,20260620T143122-0400,2026-06-20T18:31:22.517894+00:00,14:31:21.884111,871,peak_heating_window,F,M5_cutoff_change,1,DEFINED,DEFINED,hgb,hgb,"[46,47,48,49,50,51,52,53,54,55,56,57,58,59,60,61,62,63,64,65,66,67,68,69,70,71,72,73,74,75,76,77,78,79,80,81,82,83,84,85,86,87,88,89,90,91,92,93,94,95,96,97,98,99]","[0.0,0.0,0.0,0.0,0.0,0.0,0.0,0.0,0.0,0.0,0.0,0.0,0.0,0.0,0.0,0.0,0.0,0.0,0.0,0.0,0.0,0.0,0.0,0.0,0.0,0.0,0.0,0.0,0.0,0.0,0.0,0.0,0.0,0.0,0.0,0.0017104581910717476,0.001197092890785551,0.01414815326717331,0.044922487505017344,0.23098297071095888,0.16023634046150928,0.15803788067080127,0.2099539060574785,0.1305493113697356,0.032206468170266775,0.010241297439958033,0.004904276209184398,0.0006457920424247693,0.00019577139092783347,5.635281086379943e-05,7.83633567274884e-06,3.108736951671173e-06,4.069962383392064e-07,8.874298016658953e-08]","[0.0,0.0,0.0,0.0,0.0,0.0,0.0,0.0,0.0,0.0,0.0,0.0,0.0,0.0,0.0,0.0,0.0,0.0,0.0,0.0,0.0,0.0,0.0,0.0,0.0,0.0,0.0,0.0,0.0,0.0,0.0,0.0,0.0,0.0,0.0,0.0,0.0,0.011382848515137474,0.038303763379022984,0.26489246524886306,0.3719689012342073,0.2226437777529427,0.03342814740937241,0.029747726246532165,0.018666883779317193,0.006040010860014828,0.0023926068248303145,0.0003746036805120287,0.0001106730807161042,3.7926519913831214e-05,8.041300760108485e-06,1.3725813793120341e-06,2.051196317846592e-07,4.6466846328334666e-08]",1.0,1.0,0.620496314715662,0.211732560772698,True,0.44662281462281256,"{""all_recovered_sources_strict_prior"":true,""current_captured_at_utc"":""2026-06-20T18:31:22.517894+00:00"",""recovered_source_captured_at_utc"":[""2026-06-20T18:30:26.827279+00:00""]}",ef434bd75c2febd427249afe08e0bf3cf46bb2a4486b521b3f620db791c96694
B,atlanta,2026-06-20,20260620T143517-0400,2026-06-20T18:35:17.080602+00:00,14:35:16.588736,875,peak_heating_window,F,M5_cutoff_change,1,DEFINED,DEFINED,hgb,hgb,"[46,47,48,49,50,51,52,53,54,55,56,57,58,59,60,61,62,63,64,65,66,67,68,69,70,71,72,73,74,75,76,77,78,79,80,81,82,83,84,85,86,87,88,89,90,91,92,93,94,95,96,97,98,99]","[0.0,0.0,0.0,0.0,0.0,0.0,0.0,0.0,0.0,0.0,0.0,0.0,0.0,0.0,0.0,0.0,0.0,0.0,0.0,0.0,0.0,0.0,0.0,0.0,0.0,0.0,0.0,0.0,0.0,0.0,0.0,0.0,0.0,0.0,0.0,0.0017104581910717476,0.001197092890785551,0.01414815326717331,0.044922487505017344,0.23098297071095888,0.16023634046150928,0.15803788067080127,0.2099539060574785,0.1305493113697356,0.032206468170266775,0.010241297439958033,0.004904276209184398,0.0006457920424247693,0.00019577139092783347,5.635281086379943e-05,7.83633567274884e-06,3.108736951671173e-06,4.069962383392064e-07,8.874298016658953e-08]","[0.0,0.0,0.0,0.0,0.0,0.0,0.0,0.0,0.0,0.0,0.0,0.0,0.0,0.0,0.0,0.0,0.0,0.0,0.0,0.0,0.0,0.0,0.0,0.0,0.0,0.0,0.0,0.0,0.0,0.0,0.0,0.0,0.0,0.0,0.0,0.0,0.0,0.011382848515137474,0.038303763379022984,0.26489246524886306,0.3719689012342073,0.2226437777529427,0.03342814740937241,0.029747726246532165,0.018666883779317193,0.006040010860014828,0.0023926068248303145,0.0003746036805120287,0.0001106730807161042,3.7926519913831214e-05,8.041300760108485e-06,1.3725813793120341e-06,2.051196317846592e-07,4.6466846328334666e-08]",1.0,1.0,0.620496314715662,0.211732560772698,True,0.44662281462281256,"{""all_recovered_sources_strict_prior"":true,""current_captured_at_utc"":""2026-06-20T18:35:17.080602+00:00"",""recovered_source_captured_at_utc"":[""2026-06-20T18:34:16.958820+00:00""]}",72369806566254caa17e4b552c2b43e4c573b93c84250624d04991beea84d661
B,atlanta,2026-06-20,20260620T161434-0400,2026-06-20T20:14:34.800099+00:00,16:14:34.227120,974,peak_heating_window,F,M5_cutoff_change,1,DEFINED,DEFINED,hgb,hgb,"[45,46,47,48,49,50,51,52,53,54,55,56,57,58,59,60,61,62,63,64,65,66,67,68,69,70,71,72,73,74,75,76,77,78,79,80,81,82,83,84,85,86,87,88,89,90,91,92,93,94,95,96,97,98,99]","[0.0,0.0,0.0,0.0,0.0,0.0,0.0,0.0,0.0,0.0,0.0,0.0,0.0,0.0,0.0,0.0,0.0,0.0,0.0,0.0,0.0,0.0,0.0,0.0,0.0,0.0,0.0,0.0,0.0,0.0,0.0,0.0,0.0,0.0,0.0,0.0,0.0,0.0,0.0,0.0,0.10949072731750513,0.42096223675271327,0.3647309503260858,0.05065522680672997,0.033206943933745195,0.01522020425133493,0.004132200771611308,0.0012396384465631247,0.0002583457413836087,7.753444453126624e-05,2.1056615504606064e-05,3.470983398493518e-06,1.2454735226563794e-06,1.888548334108525e-07,2.9280536885575772e-08]","[0.0,0.0,0.0,0.0,0.0,0.0,0.0,0.0,0.0,0.0,0.0,0.0,0.0,0.0,0.0,0.0,0.0,0.0,0.0,0.0,0.0,0.0,0.0,0.0,0.0,0.0,0.0,0.0,0.0,0.0,0.0,0.0,0.0,0.0,0.0,0.0,0.0,0.0,0.0,0.0,0.0,0.37045793071240335,0.47152484599113675,0.09238801043060221,0.05066452187936874,0.011047239018005507,0.002821199336985689,0.0008148112928965389,0.00019866781367989557,5.523433000502916e-05,2.333636199967687e-05,3.5566365915254343e-06,5.448070562410348e-07,8.577852569029382e-08,1.5610743065439113e-08]",0.9999999999999998,1.0,0.3319732452684694,0.10949072731750513,True,0.26364427633894605,"{""all_recovered_sources_strict_prior"":true,""current_captured_at_utc"":""2026-06-20T20:14:34.800099+00:00"",""recovered_source_captured_at_utc"":[""2026-06-20T20:13:33.617349+00:00""]}",288fa0802ef4cf77807e117e1788deab81535eaae2a12a134fd591f171f967c3
B,austin,2026-06-20,20260620T132624-0400,2026-06-20T17:26:24.424911+00:00,12:26:23.459708,746,settlement_window,F,M5_cutoff_change,1,DEFINED,DEFINED,hgb,hgb,"[46,47,48,49,50,51,52,53,54,55,56,57,58,59,60,61,62,63,64,65,66,67,68,69,70,71,72,73,74,75,76,77,78,79,80,81,82,83,84,85,86,87,88,89,90,91,92,93,94,95,96,97,98,99,100,101,102,103,104,105,106,107]","[0.0,0.0,0.0,0.0,0.0,0.0,0.0,0.0,0.0,0.0,0.0,0.0,0.0,0.0,0.0,0.0,0.0,0.0,0.0,0.0,0.0,0.0,0.0,0.0,0.0,0.0,0.0,0.0,0.0,0.0,0.0,0.0,0.0,0.0,0.00185505243363543,5.359382855066031e-06,5.3284870119899025e-05,0.00040900546892314385,0.002473824251487394,0.02133594427290301,0.017207265655386116,0.009242129956690319,0.03666431780988623,0.6331132248868507,0.02148429312352948,0.20800002703062215,0.036447287409504446,0.00850442557541099,0.0020617743111334364,0.0008620014610917281,0.00020274924666315258,5.021108064195082e-05,1.9139916489393136e-05,7.497920253185623e-06,9.173023719340127e-07,1.8722501307794485e-07,7.061842440541212e-08,6.7503921806179665e-09,1.5083279053490886e-09,4.840462560659887e-10,2.050030960115683e-11,2.6846784847078304e-11]","[0.0,0.0,0.0,0.0,0.0,0.0,0.0,0.0,0.0,0.0,0.0,0.0,0.0,0.0,0.0,0.0,0.0,0.0,0.0,0.0,0.0,0.0,0.0,0.0,0.0,0.0,0.0,0.0,0.0,0.0,0.0,0.0,0.0,0.0,0.0,0.0,0.0,0.0,0.0,0.00318549939256521,0.0060548694423755555,0.007708211425627734,0.2992848140511738,0.057389697737402844,0.04488107593751733,0.5135673268182605,0.03775836575671666,0.027145899720657098,0.0017626715288154742,0.0010320539975533956,0.00019166811377097618,2.777926137630993e-05,8.217028518375049e-06,1.5113196088775134e-06,2.788178835844106e-07,4.5717421174879346e-08,1.2473737691487205e-08,1.1742623339908415e-09,2.1919563567829043e-10,6.137477798992133e-11,1.7786410661479202e-12,2.4058912972049162e-12]",1.0,0.9999999999999999,1.2234143677436675,0.5757235271494479,True,1.0641963284307683,"{""all_recovered_sources_strict_prior"":true,""current_captured_at_utc"":""2026-06-20T17:26:24.424911+00:00"",""recovered_source_captured_at_utc"":[""2026-06-20T17:20:16.430078+00:00""]}",48ea7a516105f687b3433180b1c40f707a340ba12e52701066dd3d762efa1405
B,austin,2026-06-20,20260620T142024-0400,2026-06-20T18:20:24.131136+00:00,13:20:23.721204,800,settlement_window,F,M5_cutoff_change,1,DEFINED,DEFINED,hgb,hgb,"[46,47,48,49,50,51,52,53,54,55,56,57,58,59,60,61,62,63,64,65,66,67,68,69,70,71,72,73,74,75,76,77,78,79,80,81,82,83,84,85,86,87,88,89,90,91,92,93,94,95,96,97,98,99,100,101,102,103,104,105,106,107]","[0.0,0.0,0.0,0.0,0.0,0.0,0.0,0.0,0.0,0.0,0.0,0.0,0.0,0.0,0.0,0.0,0.0,0.0,0.0,0.0,0.0,0.0,0.0,0.0,0.0,0.0,0.0,0.0,0.0,0.0,0.0,0.0,0.0,0.0,0.0,0.0,0.0,0.0,0.0,0.0010000000000230525,0.0023237899900235945,0.006844378343375446,0.03243724026250616,0.07292591253768083,0.07272906422419775,0.7292828159650819,0.045962705258906236,0.03302013163609864,0.0019927792265553527,0.0012158814438875394,0.00022535431857165062,2.8584112705860354e-05,9.320809799699952e-06,1.6635690325935183e-06,3.126076545740879e-07,5.041222887375213e-08,1.3704923703283942e-08,1.2690145371737458e-09,2.368827136057659e-10,6.632715980961446e-11,1.9221610912826273e-12,2.6000246645368865e-12]","[0.0,0.0,0.0,0.0,0.0,0.0,0.0,0.0,0.0,0.0,0.0,0.0,0.0,0.0,0.0,0.0,0.0,0.0,0.0,0.0,0.0,0.0,0.0,0.0,0.0,0.0,0.0,0.0,0.0,0.0,0.0,0.0,0.0,0.0,0.0,0.0,0.0,0.0,0.0,0.0,0.0,0.012031969098006301,0.021468788024274925,0.20570240800091028,0.036041504430631935,0.6008405194760876,0.09506011317078934,0.024571287689381938,0.002902487495519449,0.0010471878146199392,0.00024022550162687426,6.535834362371708e-05,2.179585107322317e-05,4.960418275736367e-06,1.093833345651661e-06,2.2131523476375666e-07,6.840550435471941e-08,8.548154564334703e-09,1.9100253324011886e-09,6.129573071354231e-10,2.5959945792565912e-11,3.39966123875273e-11]",1.0,0.9999999999999999,0.3760792721736443,0.13277649546322945,False,0.12498687564145167,"{""all_recovered_sources_strict_prior"":true,""current_captured_at_utc"":""2026-06-20T18:20:24.131136+00:00"",""recovered_source_captured_at_utc"":[""2026-06-20T18:19:17.593294+00:00""]}",0972db4f94ddddb6b7e4d2e3f29711490d200937ee1f5fcbf8415cd33a34e58e
B,austin,2026-06-20,20260620T142838-0400,2026-06-20T18:28:38.335035+00:00,13:28:37.788973,808,settlement_window,F,M5_cutoff_change,1,DEFINED,DEFINED,hgb,hgb,"[46,47,48,49,50,51,52,53,54,55,56,57,58,59,60,61,62,63,64,65,66,67,68,69,70,71,72,73,74,75,76,77,78,79,80,81,82,83,84,85,86,87,88,89,90,91,92,93,94,95,96,97,98,99,100,101,102,103,104,105,106,107]","[0.0,0.0,0.0,0.0,0.0,0.0,0.0,0.0,0.0,0.0,0.0,0.0,0.0,0.0,0.0,0.0,0.0,0.0,0.0,0.0,0.0,0.0,0.0,0.0,0.0,0.0,0.0,0.0,0.0,0.0,0.0,0.0,0.0,0.0,0.0,0.0,0.0,0.0,0.0,0.0010000000000230525,0.0023237899900235945,0.006844378343375446,0.03243724026250616,0.07292591253768083,0.07272906422419775,0.7292828159650819,0.045962705258906236,0.03302013163609864,0.0019927792265553527,0.0012158814438875394,0.00022535431857165062,2.8584112705860354e-05,9.320809799699952e-06,1.6635690325935183e-06,3.126076545740879e-07,5.041222887375213e-08,1.3704923703283942e-08,1.2690145371737458e-09,2.368827136057659e-10,6.632715980961446e-11,1.9221610912826273e-12,2.6000246645368865e-12]","[0.0,0.0,0.0,0.0,0.0,0.0,0.0,0.0,0.0,0.0,0.0,0.0,0.0,0.0,0.0,0.0,0.0,0.0,0.0,0.0,0.0,0.0,0.0,0.0,0.0,0.0,0.0,0.0,0.0,0.0,0.0,0.0,0.0,0.0,0.0,0.0,0.0,0.0,0.0,0.0,0.0,0.012031969098006301,0.021468788024274925,0.20570240800091028,0.036041504430631935,0.6008405194760876,0.09506011317078934,0.024571287689381938,0.002902487495519449,0.0010471878146199392,0.00024022550162687426,6.535834362371708e-05,2.179585107322317e-05,4.960418275736367e-06,1.093833345651661e-06,2.2131523476375666e-07,6.840550435471941e-08,8.548154564334703e-09,1.9100253324011886e-09,6.129573071354231e-10,2.5959945792565912e-11,3.39966123875273e-11]",1.0,0.9999999999999999,0.3760792721736443,0.13277649546322945,False,0.12498687564145167,"{""all_recovered_sources_strict_prior"":true,""current_captured_at_utc"":""2026-06-20T18:28:38.335035+00:00"",""recovered_source_captured_at_utc"":[""2026-06-20T18:22:23.597185+00:00""]}",a3a784b058a3b96b688c0bb708dac1f5fd4f8c47a560a1f807dd6835a0980edd
B,austin,2026-06-20,20260620T143028-0400,2026-06-20T18:30:28.388434+00:00,13:30:27.812257,810,settlement_window,F,M5_cutoff_change,1,DEFINED,DEFINED,hgb,hgb,"[46,47,48,49,50,51,52,53,54,55,56,57,58,59,60,61,62,63,64,65,66,67,68,69,70,71,72,73,74,75,76,77,78,79,80,81,82,83,84,85,86,87,88,89,90,91,92,93,94,95,96,97,98,99,100,101,102,103,104,105,106,107]","[0.0,0.0,0.0,0.0,0.0,0.0,0.0,0.0,0.0,0.0,0.0,0.0,0.0,0.0,0.0,0.0,0.0,0.0,0.0,0.0,0.0,0.0,0.0,0.0,0.0,0.0,0.0,0.0,0.0,0.0,0.0,0.0,0.0,0.0,0.0,0.0,0.0,0.0,0.0,0.0010000000000230525,0.0023237899900235945,0.006844378343375446,0.03243724026250616,0.07292591253768083,0.07272906422419775,0.7292828159650819,0.045962705258906236,0.03302013163609864,0.0019927792265553527,0.0012158814438875394,0.00022535431857165062,2.8584112705860354e-05,9.320809799699952e-06,1.6635690325935183e-06,3.126076545740879e-07,5.041222887375213e-08,1.3704923703283942e-08,1.2690145371737458e-09,2.368827136057659e-10,6.632715980961446e-11,1.9221610912826273e-12,2.6000246645368865e-12]","[0.0,0.0,0.0,0.0,0.0,0.0,0.0,0.0,0.0,0.0,0.0,0.0,0.0,0.0,0.0,0.0,0.0,0.0,0.0,0.0,0.0,0.0,0.0,0.0,0.0,0.0,0.0,0.0,0.0,0.0,0.0,0.0,0.0,0.0,0.0,0.0,0.0,0.0,0.0,0.0,0.0,0.012031969098006301,0.021468788024274925,0.20570240800091028,0.036041504430631935,0.6008405194760876,0.09506011317078934,0.024571287689381938,0.002902487495519449,0.0010471878146199392,0.00024022550162687426,6.535834362371708e-05,2.179585107322317e-05,4.960418275736367e-06,1.093833345651661e-06,2.2131523476375666e-07,6.840550435471941e-08,8.548154564334703e-09,1.9100253324011886e-09,6.129573071354231e-10,2.5959945792565912e-11,3.39966123875273e-11]",1.0,0.9999999999999999,0.3760792721736443,0.13277649546322945,False,0.12498687564145167,"{""all_recovered_sources_strict_prior"":true,""current_captured_at_utc"":""2026-06-20T18:30:28.388434+00:00"",""recovered_source_captured_at_utc"":[""2026-06-20T18:29:21.604646+00:00""]}",629bba8b564da2a7604065cd695d88154e37457ce6cb8e40c8a7dc3d8ad364b8
B,austin,2026-06-20,20260620T161537-0400,2026-06-20T20:15:37.307181+00:00,15:15:35.860686,915,peak_heating_window,F,M5_cutoff_change,1,DEFINED,DEFINED,hgb,hgb,"[44,45,46,47,48,49,50,51,52,53,54,55,56,57,58,59,60,61,62,63,64,65,66,67,68,69,70,71,72,73,74,75,76,77,78,79,80,81,82,83,84,85,86,87,88,89,90,91,92,93,94,95,96,97,98,99,100,101,102,103,104,105,106]","[0.0,0.0,0.0,0.0,0.0,0.0,0.0,0.0,0.0,0.0,0.0,0.0,0.0,0.0,0.0,0.0,0.0,0.0,0.0,0.0,0.0,0.0,0.0,0.0,0.0,0.0,0.0,0.0,0.0,0.0,0.0,0.0,0.0,0.0,0.0,0.0,0.0,0.0,0.0,0.0,0.0,0.0,0.0,0.006807812789156371,0.052282211093792254,0.2710898955856207,0.5098831557874122,0.07479999733774716,0.07737262033868089,0.004547945520661457,0.002260568416613204,0.000659120834636476,0.0001920518268768435,7.408242284233669e-05,2.2175269052873327e-05,5.907440679806237e-06,1.5423875768309839e-06,7.960342650466873e-07,8.376898660860498e-08,2.3326589825088755e-08,8.464947648056644e-09,6.560067217149571e-10,6.978548517898816e-10]","[0.0,0.0,0.0,0.0,0.0,0.0,0.0,0.0,0.0,0.0,0.0,0.0,0.0,0.0,0.0,0.0,0.0,0.0,0.0,0.0,0.0,0.0,0.0,0.0,0.0,0.0,0.0,0.0,0.0,0.0,0.0,0.0,0.0,0.0,0.0,0.0,0.0,0.0,0.0,0.0,0.0,0.0,0.0,0.0,0.0,0.235420486109329,0.620366735495828,0.11230537445070925,0.02374746870528305,0.004969360158308886,0.0022926990776006803,0.0006166856718678669,0.00018306074705116054,7.003657969173688e-05,2.0349500732156407e-05,5.497890966766654e-06,1.4958093409385575e-06,6.356841304585434e-07,8.176621160452099e-08,2.2768890455386593e-08,8.262565045058007e-09,6.403227088367732e-10,6.81170320793061e-10]",1.0,1.0,0.2968850042400256,0.11048357970841582,False,0.21287663137486834,"{""all_recovered_sources_strict_prior"":true,""current_captured_at_utc"":""2026-06-20T20:15:37.307181+00:00"",""recovered_source_captured_at_utc"":[""2026-06-20T20:14:37.490485+00:00""]}",b7c7eecd86c70d745f3635307ea3f198ec1ad66f909a7ec80e3953c0621f7a37
B,chicago,2026-06-20,20260620T130434-0400,2026-06-20T17:04:34.061008+00:00,12:04:33.456032,724,settlement_window,F,M5_cutoff_change,1,DEFINED,DEFINED,hgb,hgb,"[46,47,48,49,50,51,52,53,54,55,56,57,58,59,60,61,62,63,64,65,66,67,68,69,70,71,72,73,74,75,76,77,78,79,80,81,82,83,84,85,86,87,88,89,90,91,92,93,94,95,96,97,98]","[0.0,0.0,0.0,0.0,0.0,0.0,0.0,0.0,0.0,0.0,0.0,0.0,0.0,0.0,0.0,0.0,0.0,0.0,0.0,0.0,0.0,0.0,0.0,0.0,0.0,0.0,0.0050567592919777814,0.010280541423304602,0.020498702063220124,0.02444599262327605,0.02861342401729517,0.657798224294919,0.18822546237993942,0.04712237164929237,0.014235259107775233,0.0020679955605710128,0.0010915743663224011,0.0003192326061021862,0.00015722918404573305,5.6359052237349775e-05,2.0346765378885885e-05,7.0674852193885894e-06,2.415643559060956e-06,5.845151367495008e-07,2.700811374294152e-07,1.3149490727264538e-07,4.0686879998658406e-08,1.0307082669850619e-08,4.41246373932473e-09,6.871116706139548e-10,2.2210213882242396e-10,6.76203074197101e-11,1.1122256919239349e-11]","[0.0,0.0,0.0,0.0,0.0,0.0,0.0,0.0,0.0,0.0,0.0,0.0,0.0,0.0,0.0,0.0,0.0,0.0,0.0,0.0,0.0,0.0,0.0,0.0,0.0,0.0,0.0,0.009718024356180764,0.022254064548077317,0.10726369983346438,0.01912322713057498,0.2792525817616734,0.505009090792868,0.04036921446727439,0.012153587679622064,0.002199773536885396,0.0011257742128307458,0.001299229764031303,0.0001222027179402518,6.447850990487058e-05,3.104094685590161e-05,9.738178948379166e-06,2.9192762721921253e-06,7.146296575359649e-07,3.5431190335069506e-07,2.1984673242745529e-07,4.5294484313981035e-08,1.1171839830916642e-08,5.122527106886251e-09,1.479827985066046e-09,3.5904704799886637e-10,5.832831719095369e-11,1.2247785385995334e-11]",1.0,0.9999999999999999,0.805049941729272,0.3785456425332456,True,0.6318296722477938,"{""all_recovered_sources_strict_prior"":true,""current_captured_at_utc"":""2026-06-20T17:04:34.061008+00:00"",""recovered_source_captured_at_utc"":[""2026-06-20T17:03:25.414404+00:00""]}",117623395325658632409e74a82a43fd1691247e2fbc484f6be4fd74810b256d
B,chicago,2026-06-20,20260620T131428-0400,2026-06-20T17:14:28.398168+00:00,12:14:27.693113,734,settlement_window,F,M5_cutoff_change,1,DEFINED,DEFINED,hgb,hgb,"[46,47,48,49,50,51,52,53,54,55,56,57,58,59,60,61,62,63,64,65,66,67,68,69,70,71,72,73,74,75,76,77,78,79,80,81,82,83,84,85,86,87,88,89,90,91,92,93,94,95,96,97,98]","[0.0,0.0,0.0,0.0,0.0,0.0,0.0,0.0,0.0,0.0,0.0,0.0,0.0,0.0,0.0,0.0,0.0,0.0,0.0,0.0,0.0,0.0,0.0,0.0,0.0,0.0,0.003926244415267067,0.004016172103616975,0.02028080133594035,0.08479928904954749,0.049226458638263554,0.677600770037486,0.11502739653110983,0.027976892767305674,0.013459690804768035,0.0020473428104212125,0.0010808171566749649,0.0003169825599173151,0.00015459825980052464,5.59437083388279e-05,2.0157612758984067e-05,7.010142678439553e-06,2.4023953578656974e-06,5.778258381519748e-07,2.6664623521408755e-07,1.293439765805196e-07,4.025695141215263e-08,1.0238899340398524e-08,4.382989459752333e-09,6.784469870056394e-10,2.2004986153582405e-10,6.628108528652108e-11,1.107887221163475e-11]","[0.0,0.0,0.0,0.0,0.0,0.0,0.0,0.0,0.0,0.0,0.0,0.0,0.0,0.0,0.0,0.0,0.0,0.0,0.0,0.0,0.0,0.0,0.0,0.0,0.0,0.0,0.0,0.0038290529338369413,0.016718830278290752,0.4210736808809329,0.041255147914762154,0.19460570829350177,0.2765564716736755,0.030465468631894584,0.010980897812512474,0.002246533398736309,0.0010999590158003666,0.0009334389761988802,0.0001248951139485232,6.817852517484419e-05,2.8061706937847902e-05,9.340781148121055e-06,3.104836735667337e-06,6.798077690457181e-07,3.116254045378798e-07,1.7284254811169504e-07,4.5664069219474935e-08,1.2307232192446538e-08,5.444307790892175e-09,1.1509808788647334e-09,3.1802288079920863e-10,5.153693505378905e-11,1.4040711340958366e-11]",1.0,0.9999999999999999,1.0023004065260683,0.4829950617439842,True,0.7772995916119418,"{""all_recovered_sources_strict_prior"":true,""current_captured_at_utc"":""2026-06-20T17:14:28.398168+00:00"",""recovered_source_captured_at_utc"":[""2026-06-20T17:13:19.158258+00:00""]}",6b17e54ecb99e3f587f08ed1516bae9cf459ff52dbd7cc2fc7e5c255d6c34d3d
B,chicago,2026-06-20,20260620T131816-0400,2026-06-20T17:18:16.478384+00:00,12:18:15.846284,738,settlement_window,F,M5_cutoff_change,1,DEFINED,DEFINED,hgb,hgb,"[46,47,48,49,50,51,52,53,54,55,56,57,58,59,60,61,62,63,64,65,66,67,68,69,70,71,72,73,74,75,76,77,78,79,80,81,82,83,84,85,86,87,88,89,90,91,92,93,94,95,96,97,98]","[0.0,0.0,0.0,0.0,0.0,0.0,0.0,0.0,0.0,0.0,0.0,0.0,0.0,0.0,0.0,0.0,0.0,0.0,0.0,0.0,0.0,0.0,0.0,0.0,0.0,0.0,0.003926244415267067,0.004016172103616975,0.02028080133594035,0.08479928904954749,0.049226458638263554,0.677600770037486,0.11502739653110983,0.027976892767305674,0.013459690804768035,0.0020473428104212125,0.0010808171566749649,0.0003169825599173151,0.00015459825980052464,5.59437083388279e-05,2.0157612758984067e-05,7.010142678439553e-06,2.4023953578656974e-06,5.778258381519748e-07,2.6664623521408755e-07,1.293439765805196e-07,4.025695141215263e-08,1.0238899340398524e-08,4.382989459752333e-09,6.784469870056394e-10,2.2004986153582405e-10,6.628108528652108e-11,1.107887221163475e-11]","[0.0,0.0,0.0,0.0,0.0,0.0,0.0,0.0,0.0,0.0,0.0,0.0,0.0,0.0,0.0,0.0,0.0,0.0,0.0,0.0,0.0,0.0,0.0,0.0,0.0,0.0,0.0,0.0038290529338369413,0.016718830278290752,0.4210736808809329,0.041255147914762154,0.19460570829350177,0.2765564716736755,0.030465468631894584,0.010980897812512474,0.002246533398736309,0.0010999590158003666,0.0009334389761988802,0.0001248951139485232,6.817852517484419e-05,2.8061706937847902e-05,9.340781148121055e-06,3.104836735667337e-06,6.798077690457181e-07,3.116254045378798e-07,1.7284254811169504e-07,4.5664069219474935e-08,1.2307232192446538e-08,5.444307790892175e-09,1.1509808788647334e-09,3.1802288079920863e-10,5.153693505378905e-11,1.4040711340958366e-11]",1.0,0.9999999999999999,1.0023004065260683,0.4829950617439842,True,0.7772995916119418,"{""all_recovered_sources_strict_prior"":true,""current_captured_at_utc"":""2026-06-20T17:18:16.478384+00:00"",""recovered_source_captured_at_utc"":[""2026-06-20T17:17:19.009935+00:00""]}",fd48a64eefd2d6ea5570b3eee2ab4b3d64442f3a71f27d815091d5a3f3b83d65
B,chicago,2026-06-20,20260620T132018-0400,2026-06-20T17:20:18.737706+00:00,12:20:18.149157,740,settlement_window,F,M5_cutoff_change,1,DEFINED,DEFINED,hgb,hgb,"[46,47,48,49,50,51,52,53,54,55,56,57,58,59,60,61,62,63,64,65,66,67,68,69,70,71,72,73,74,75,76,77,78,79,80,81,82,83,84,85,86,87,88,89,90,91,92,93,94,95,96,97,98]","[0.0,0.0,0.0,0.0,0.0,0.0,0.0,0.0,0.0,0.0,0.0,0.0,0.0,0.0,0.0,0.0,0.0,0.0,0.0,0.0,0.0,0.0,0.0,0.0,0.0,0.0,0.003926244415267067,0.004016172103616975,0.02028080133594035,0.08479928904954749,0.049226458638263554,0.677600770037486,0.11502739653110983,0.027976892767305674,0.013459690804768035,0.0020473428104212125,0.0010808171566749649,0.0003169825599173151,0.00015459825980052464,5.59437083388279e-05,2.0157612758984067e-05,7.010142678439553e-06,2.4023953578656974e-06,5.778258381519748e-07,2.6664623521408755e-07,1.293439765805196e-07,4.025695141215263e-08,1.0238899340398524e-08,4.382989459752333e-09,6.784469870056394e-10,2.2004986153582405e-10,6.628108528652108e-11,1.107887221163475e-11]","[0.0,0.0,0.0,0.0,0.0,0.0,0.0,0.0,0.0,0.0,0.0,0.0,0.0,0.0,0.0,0.0,0.0,0.0,0.0,0.0,0.0,0.0,0.0,0.0,0.0,0.0,0.0,0.0038290529338369413,0.016718830278290752,0.4210736808809329,0.041255147914762154,0.19460570829350177,0.2765564716736755,0.030465468631894584,0.010980897812512474,0.002246533398736309,0.0010999590158003666,0.0009334389761988802,0.0001248951139485232,6.817852517484419e-05,2.8061706937847902e-05,9.340781148121055e-06,3.104836735667337e-06,6.798077690457181e-07,3.116254045378798e-07,1.7284254811169504e-07,4.5664069219474935e-08,1.2307232192446538e-08,5.444307790892175e-09,1.1509808788647334e-09,3.1802288079920863e-10,5.153693505378905e-11,1.4040711340958366e-11]",1.0,0.9999999999999999,1.0023004065260683,0.4829950617439842,True,0.7772995916119418,"{""all_recovered_sources_strict_prior"":true,""current_captured_at_utc"":""2026-06-20T17:20:18.737706+00:00"",""recovered_source_captured_at_utc"":[""2026-06-20T17:19:18.620800+00:00""]}",198241c72796dbe21667c4ec3f818ca0ef3949f7d672be88043ff9f1d4fe5acd
B,chicago,2026-06-20,20260620T134021-0400,2026-06-20T17:40:21.541672+00:00,12:40:21.047819,760,settlement_window,F,M5_cutoff_change,1,DEFINED,DEFINED,hgb,hgb,"[46,47,48,49,50,51,52,53,54,55,56,57,58,59,60,61,62,63,64,65,66,67,68,69,70,71,72,73,74,75,76,77,78,79,80,81,82,83,84,85,86,87,88,89,90,91,92,93,94,95,96,97,98]","[0.0,0.0,0.0,0.0,0.0,0.0,0.0,0.0,0.0,0.0,0.0,0.0,0.0,0.0,0.0,0.0,0.0,0.0,0.0,0.0,0.0,0.0,0.0,0.0,0.0,0.0,0.003926244415267067,0.004016172103616975,0.02028080133594035,0.08479928904954749,0.049226458638263554,0.677600770037486,0.11502739653110983,0.027976892767305674,0.013459690804768035,0.0020473428104212125,0.0010808171566749649,0.0003169825599173151,0.00015459825980052464,5.59437083388279e-05,2.0157612758984067e-05,7.010142678439553e-06,2.4023953578656974e-06,5.778258381519748e-07,2.6664623521408755e-07,1.293439765805196e-07,4.025695141215263e-08,1.0238899340398524e-08,4.382989459752333e-09,6.784469870056394e-10,2.2004986153582405e-10,6.628108528652108e-11,1.107887221163475e-11]","[0.0,0.0,0.0,0.0,0.0,0.0,0.0,0.0,0.0,0.0,0.0,0.0,0.0,0.0,0.0,0.0,0.0,0.0,0.0,0.0,0.0,0.0,0.0,0.0,0.0,0.0,0.0,0.0038290529338369413,0.016718830278290752,0.4210736808809329,0.041255147914762154,0.19460570829350177,0.2765564716736755,0.030465468631894584,0.010980897812512474,0.002246533398736309,0.0010999590158003666,0.0009334389761988802,0.0001248951139485232,6.817852517484419e-05,2.8061706937847902e-05,9.340781148121055e-06,3.104836735667337e-06,6.798077690457181e-07,3.116254045378798e-07,1.7284254811169504e-07,4.5664069219474935e-08,1.2307232192446538e-08,5.444307790892175e-09,1.1509808788647334e-09,3.1802288079920863e-10,5.153693505378905e-11,1.4040711340958366e-11]",1.0,0.9999999999999999,1.0023004065260683,0.4829950617439842,True,0.7772995916119418,"{""all_recovered_sources_strict_prior"":true,""current_captured_at_utc"":""2026-06-20T17:40:21.541672+00:00"",""recovered_source_captured_at_utc"":[""2026-06-20T17:26:27.795248+00:00""]}",8713e31cf65b46c719902e51644ea0c09d56c6df343856484200de1f21c30cfa
B,chicago,2026-06-20,20260620T134526-0400,2026-06-20T17:45:26.820884+00:00,12:45:26.335910,765,settlement_window,F,M5_cutoff_change,1,DEFINED,DEFINED,hgb,hgb,"[46,47,48,49,50,51,52,53,54,55,56,57,58,59,60,61,62,63,64,65,66,67,68,69,70,71,72,73,74,75,76,77,78,79,80,81,82,83,84,85,86,87,88,89,90,91,92,93,94,95,96,97,98]","[0.0,0.0,0.0,0.0,0.0,0.0,0.0,0.0,0.0,0.0,0.0,0.0,0.0,0.0,0.0,0.0,0.0,0.0,0.0,0.0,0.0,0.0,0.0,0.0,0.0,0.0,0.003926244415267067,0.004016172103616975,0.02028080133594035,0.08479928904954749,0.049226458638263554,0.677600770037486,0.11502739653110983,0.027976892767305674,0.013459690804768035,0.0020473428104212125,0.0010808171566749649,0.0003169825599173151,0.00015459825980052464,5.59437083388279e-05,2.0157612758984067e-05,7.010142678439553e-06,2.4023953578656974e-06,5.778258381519748e-07,2.6664623521408755e-07,1.293439765805196e-07,4.025695141215263e-08,1.0238899340398524e-08,4.382989459752333e-09,6.784469870056394e-10,2.2004986153582405e-10,6.628108528652108e-11,1.107887221163475e-11]","[0.0,0.0,0.0,0.0,0.0,0.0,0.0,0.0,0.0,0.0,0.0,0.0,0.0,0.0,0.0,0.0,0.0,0.0,0.0,0.0,0.0,0.0,0.0,0.0,0.0,0.0,0.0,0.0038290529338369413,0.016718830278290752,0.4210736808809329,0.041255147914762154,0.19460570829350177,0.2765564716736755,0.030465468631894584,0.010980897812512474,0.002246533398736309,0.0010999590158003666,0.0009334389761988802,0.0001248951139485232,6.817852517484419e-05,2.8061706937847902e-05,9.340781148121055e-06,3.104836735667337e-06,6.798077690457181e-07,3.116254045378798e-07,1.7284254811169504e-07,4.5664069219474935e-08,1.2307232192446538e-08,5.444307790892175e-09,1.1509808788647334e-09,3.1802288079920863e-10,5.153693505378905e-11,1.4040711340958366e-11]",1.0,0.9999999999999999,1.0023004065260683,0.4829950617439842,True,0.7772995916119418,"{""all_recovered_sources_strict_prior"":true,""current_captured_at_utc"":""2026-06-20T17:45:26.820884+00:00"",""recovered_source_captured_at_utc"":[""2026-06-20T17:44:22.357816+00:00""]}",d15568240976b3d4e3c157290f0e972df38226199cb37d5b79a7f0be876f89d2
B,chicago,2026-06-20,20260620T140930-0400,2026-06-20T18:09:30.300408+00:00,13:09:29.837474,789,settlement_window,F,M5_cutoff_change,1,DEFINED,DEFINED,hgb,hgb,"[46,47,48,49,50,51,52,53,54,55,56,57,58,59,60,61,62,63,64,65,66,67,68,69,70,71,72,73,74,75,76,77,78,79,80,81,82,83,84,85,86,87,88,89,90,91,92,93,94,95,96,97,98]","[0.0,0.0,0.0,0.0,0.0,0.0,0.0,0.0,0.0,0.0,0.0,0.0,0.0,0.0,0.0,0.0,0.0,0.0,0.0,0.0,0.0,0.0,0.0,0.0,0.0,0.0,0.0,0.003631613252198623,0.006691166464729344,0.42546952820446743,0.04168583579618879,0.19663731706125195,0.2794436149006506,0.030783516410291846,0.0110955341634669,0.0022699863436161823,0.0011114421649857723,0.0009431837201986055,0.00012619897091537173,6.889028276269759e-05,2.8354660368417284e-05,9.438295311732008e-06,3.137250037362995e-06,6.869047007651875e-07,3.1487865393978333e-07,1.7464695785518727e-07,4.614078454407127e-08,1.2435714964345508e-08,5.501144270866469e-09,1.1629966766823787e-09,3.213429173934199e-10,5.2074960839550357e-11,1.4187290968636699e-11]","[0.0,0.0,0.0,0.0,0.0,0.0,0.0,0.0,0.0,0.0,0.0,0.0,0.0,0.0,0.0,0.0,0.0,0.0,0.0,0.0,0.0,0.0,0.0,0.0,0.0,0.0,0.0,0.0,0.00611892750582638,0.1617048566997146,0.0892196424792255,0.276668152141457,0.41897274707751136,0.03371475949120758,0.009877800069457815,0.001979182345463709,0.0011294180027795258,0.00039266338534912356,0.00012492434684749926,5.964054872713009e-05,2.596493450128062e-05,7.486688414545075e-06,2.7609205816473836e-06,6.25460495353288e-07,2.7331057860996964e-07,1.1527778849485285e-07,3.8526051431363714e-08,1.2774424258142213e-08,6.799297519188022e-09,9.132492196949728e-10,2.3619425234198716e-10,5.2888137705815246e-11,1.1967626914123473e-11]",1.0,0.9999999999999998,0.5400859889929756,0.2637646715047528,True,0.5143454494427062,"{""all_recovered_sources_strict_prior"":true,""current_captured_at_utc"":""2026-06-20T18:09:30.300408+00:00"",""recovered_source_captured_at_utc"":[""2026-06-20T18:08:23.554413+00:00""]}",b457dfb43593963e23718c55f74f93afc5eebbf673b9bb4a7eb08ff4834f2af6
B,chicago,2026-06-20,20260620T142225-0400,2026-06-20T18:22:25.804634+00:00,13:22:25.303386,802,settlement_window,F,M5_cutoff_change,1,DEFINED,DEFINED,hgb,hgb,"[46,47,48,49,50,51,52,53,54,55,56,57,58,59,60,61,62,63,64,65,66,67,68,69,70,71,72,73,74,75,76,77,78,79,80,81,82,83,84,85,86,87,88,89,90,91,92,93,94,95,96,97,98]","[0.0,0.0,0.0,0.0,0.0,0.0,0.0,0.0,0.0,0.0,0.0,0.0,0.0,0.0,0.0,0.0,0.0,0.0,0.0,0.0,0.0,0.0,0.0,0.0,0.0,0.0,0.0,0.003631613252198623,0.006691166464729344,0.42546952820446743,0.04168583579618879,0.19663731706125195,0.2794436149006506,0.030783516410291846,0.0110955341634669,0.0022699863436161823,0.0011114421649857723,0.0009431837201986055,0.00012619897091537173,6.889028276269759e-05,2.8354660368417284e-05,9.438295311732008e-06,3.137250037362995e-06,6.869047007651875e-07,3.1487865393978333e-07,1.7464695785518727e-07,4.614078454407127e-08,1.2435714964345508e-08,5.501144270866469e-09,1.1629966766823787e-09,3.213429173934199e-10,5.2074960839550357e-11,1.4187290968636699e-11]","[0.0,0.0,0.0,0.0,0.0,0.0,0.0,0.0,0.0,0.0,0.0,0.0,0.0,0.0,0.0,0.0,0.0,0.0,0.0,0.0,0.0,0.0,0.0,0.0,0.0,0.0,0.0,0.0,0.00611892750582638,0.1617048566997146,0.0892196424792255,0.276668152141457,0.41897274707751136,0.03371475949120758,0.009877800069457815,0.001979182345463709,0.0011294180027795258,0.00039266338534912356,0.00012492434684749926,5.964054872713009e-05,2.596493450128062e-05,7.486688414545075e-06,2.7609205816473836e-06,6.25460495353288e-07,2.7331057860996964e-07,1.1527778849485285e-07,3.8526051431363714e-08,1.2774424258142213e-08,6.799297519188022e-09,9.132492196949728e-10,2.3619425234198716e-10,5.2888137705815246e-11,1.1967626914123473e-11]",1.0,0.9999999999999998,0.5400859889929756,0.2637646715047528,True,0.5143454494427062,"{""all_recovered_sources_strict_prior"":true,""current_captured_at_utc"":""2026-06-20T18:22:25.804634+00:00"",""recovered_source_captured_at_utc"":[""2026-06-20T18:20:26.809393+00:00""]}",960e916efe2f28792c0e68a5ab1c5f01e2d4ed90d480ed9eeb78f5d4ed0fb8de
B,chicago,2026-06-20,20260620T143127-0400,2026-06-20T18:31:27.057290+00:00,13:31:26.577822,811,settlement_window,F,M5_cutoff_change,1,DEFINED,DEFINED,hgb,hgb,"[46,47,48,49,50,51,52,53,54,55,56,57,58,59,60,61,62,63,64,65,66,67,68,69,70,71,72,73,74,75,76,77,78,79,80,81,82,83,84,85,86,87,88,89,90,91,92,93,94,95,96,97,98]","[0.0,0.0,0.0,0.0,0.0,0.0,0.0,0.0,0.0,0.0,0.0,0.0,0.0,0.0,0.0,0.0,0.0,0.0,0.0,0.0,0.0,0.0,0.0,0.0,0.0,0.0,0.0,0.003631613252198623,0.006691166464729344,0.42546952820446743,0.04168583579618879,0.19663731706125195,0.2794436149006506,0.030783516410291846,0.0110955341634669,0.0022699863436161823,0.0011114421649857723,0.0009431837201986055,0.00012619897091537173,6.889028276269759e-05,2.8354660368417284e-05,9.438295311732008e-06,3.137250037362995e-06,6.869047007651875e-07,3.1487865393978333e-07,1.7464695785518727e-07,4.614078454407127e-08,1.2435714964345508e-08,5.501144270866469e-09,1.1629966766823787e-09,3.213429173934199e-10,5.2074960839550357e-11,1.4187290968636699e-11]","[0.0,0.0,0.0,0.0,0.0,0.0,0.0,0.0,0.0,0.0,0.0,0.0,0.0,0.0,0.0,0.0,0.0,0.0,0.0,0.0,0.0,0.0,0.0,0.0,0.0,0.0,0.0,0.0,0.00611892750582638,0.1617048566997146,0.0892196424792255,0.276668152141457,0.41897274707751136,0.03371475949120758,0.009877800069457815,0.001979182345463709,0.0011294180027795258,0.00039266338534912356,0.00012492434684749926,5.964054872713009e-05,2.596493450128062e-05,7.486688414545075e-06,2.7609205816473836e-06,6.25460495353288e-07,2.7331057860996964e-07,1.1527778849485285e-07,3.8526051431363714e-08,1.2774424258142213e-08,6.799297519188022e-09,9.132492196949728e-10,2.3619425234198716e-10,5.2888137705815246e-11,1.1967626914123473e-11]",1.0,0.9999999999999998,0.5400859889929756,0.2637646715047528,True,0.5143454494427062,"{""all_recovered_sources_strict_prior"":true,""current_captured_at_utc"":""2026-06-20T18:31:27.057290+00:00"",""recovered_source_captured_at_utc"":[""2026-06-20T18:30:36.036373+00:00""]}",1f9f93bc18a8c141ae32332ba38e71ab3b07870e289c5d3f87e18c21d0fb65e4
B,chicago,2026-06-20,20260620T144028-0400,2026-06-20T18:40:28.305255+00:00,13:40:27.888270,820,settlement_window,F,M5_cutoff_change,1,DEFINED,DEFINED,hgb,hgb,"[46,47,48,49,50,51,52,53,54,55,56,57,58,59,60,61,62,63,64,65,66,67,68,69,70,71,72,73,74,75,76,77,78,79,80,81,82,83,84,85,86,87,88,89,90,91,92,93,94,95,96,97,98]","[0.0,0.0,0.0,0.0,0.0,0.0,0.0,0.0,0.0,0.0,0.0,0.0,0.0,0.0,0.0,0.0,0.0,0.0,0.0,0.0,0.0,0.0,0.0,0.0,0.0,0.0,0.0,0.0035623479703110034,0.0021840371000555695,0.2810181287641752,0.05269658279697112,0.24857639199451778,0.35325484804225465,0.038914563911542716,0.014026268720638493,0.002869572386390786,0.0014050145079872046,0.001192312881699381,0.00015953271399544422,8.708671471193463e-05,3.5844158555192194e-05,1.1931292748661231e-05,3.965911998430286e-06,8.683412422022448e-07,3.980495710692614e-07,2.2077757826068185e-07,5.832824571232799e-08,1.5720440066553254e-08,6.9541967675817144e-09,1.470186443305004e-09,4.062212818626225e-10,6.58298540287703e-11,1.7934671067860354e-11]","[0.0,0.0,0.0,0.0,0.0,0.0,0.0,0.0,0.0,0.0,0.0,0.0,0.0,0.0,0.0,0.0,0.0,0.0,0.0,0.0,0.0,0.0,0.0,0.0,0.0,0.0,0.0,0.0,0.0036855198757951013,0.07120134422898217,0.09918363643523458,0.307566278598303,0.4657633618301417,0.037480002776921414,0.010980946612705414,0.002200216193841124,0.0012555507000286033,0.0004365157870136534,0.00013887581989040795,6.630116796452013e-05,2.8864682171746497e-05,8.322797101378473e-06,3.0692584680602466e-06,6.953115328854519e-07,3.0383373335156365e-07,1.2815193992504115e-07,4.282861679638843e-08,1.4201063981892091e-08,7.558638820091263e-09,1.0152403222427055e-09,2.625722789444546e-10,5.879465189710474e-11,1.3304164014323847e-11]",0.9999999999999999,1.0,0.4389738748202345,0.20981678453519303,False,0.4775511332393272,"{""all_recovered_sources_strict_prior"":true,""current_captured_at_utc"":""2026-06-20T18:40:28.305255+00:00"",""recovered_source_captured_at_utc"":[""2026-06-20T18:39:22.664832+00:00""]}",1e8719a6263ffdfa2c2a4584a536b6f26eb691c2919adc7d041067ae7ac41479
B,chicago,2026-06-20,20260620T161448-0400,2026-06-20T20:14:48.160719+00:00,15:14:47.432898,914,peak_heating_window,F,M5_cutoff_change,1,DEFINED,DEFINED,hgb,hgb,"[45,46,47,48,49,50,51,52,53,54,55,56,57,58,59,60,61,62,63,64,65,66,67,68,69,70,71,72,73,74,75,76,77,78,79,80,81,82,83,84,85,86,87,88,89,90,91,92,93,94,95,96,97,98]","[0.0,0.0,0.0,0.0,0.0,0.0,0.0,0.0,0.0,0.0,0.0,0.0,0.0,0.0,0.0,0.0,0.0,0.0,0.0,0.0,0.0,0.0,0.0,0.0,0.0,0.0,0.0,0.0,0.0,0.009717084113823694,0.038282175792419715,0.07418556657451168,0.7336817317115684,0.1251651521848374,0.013640126190217351,0.0031978532903830887,0.0013414710426354684,0.0004927335714051367,0.00015638761492085557,8.001783467675907e-05,4.234741251405514e-05,1.17746763035716e-05,4.002372337538202e-06,1.0001633944479563e-06,3.618869981559818e-07,1.3880747452304833e-07,5.10275796268758e-08,1.544112226110953e-08,6.172098094149693e-09,1.2439001123982763e-09,6.897418997294625e-10,1.6027792281951747e-10,2.2892355059397714e-11,1.9659423400853467e-12]","[0.0,0.0,0.0,0.0,0.0,0.0,0.0,0.0,0.0,0.0,0.0,0.0,0.0,0.0,0.0,0.0,0.0,0.0,0.0,0.0,0.0,0.0,0.0,0.0,0.0,0.0,0.0,0.0,0.0,0.0,0.03412672870468177,0.09926016845505874,0.7334316719119669,0.11556546976162624,0.01304341827984442,0.003288215191997041,0.0008740571481026288,0.00026185113596527095,9.720644196559534e-05,3.5053583705111316e-05,1.161979904801285e-05,3.309146897017875e-06,9.379076645724119e-07,1.972587831202163e-07,6.380432912157078e-08,2.2092643533457443e-08,6.959682658976442e-09,1.7094110129082075e-09,5.749110834367704e-10,8.962464226204503e-11,3.2246274441765984e-11,8.725490388830228e-12,1.0681200280774622e-12,5.1531210530072484e-14]",1.0,1.0,0.05032992756432212,0.025074601880547054,False,0.020693566320553372,"{""all_recovered_sources_strict_prior"":true,""current_captured_at_utc"":""2026-06-20T20:14:48.160719+00:00"",""recovered_source_captured_at_utc"":[""2026-06-20T20:13:38.612939+00:00""]}",2109d67fadfe91c7264bdf7031caec0fc1c92464086ace1a7ef596656ff05fc0
B,chicago,2026-06-20,20260620T170233-0400,2026-06-20T21:02:33.141933+00:00,16:02:32.047909,962,peak_heating_window,F,M5_cutoff_change,1,DEFINED,DEFINED,hgb,hgb,"[45,46,47,48,49,50,51,52,53,54,55,56,57,58,59,60,61,62,63,64,65,66,67,68,69,70,71,72,73,74,75,76,77,78,79,80,81,82,83,84,85,86,87,88,89,90,91,92,93,94,95,96,97,98]","[0.0,0.0,0.0,0.0,0.0,0.0,0.0,0.0,0.0,0.0,0.0,0.0,0.0,0.0,0.0,0.0,0.0,0.0,0.0,0.0,0.0,0.0,0.0,0.0,0.0,0.0,0.0,0.0,0.0,0.0,0.050790720103177645,0.09397451790502137,0.6827046279009062,0.15290027167373255,0.014666162859383696,0.0035736988863119745,0.0009541403381742987,0.0002800263547184441,0.000101542138642789,3.6983964653151434e-05,1.2372079148243804e-05,3.5969964505845913e-06,1.0130813392112209e-06,2.2567057354908008e-07,6.647744727829183e-08,2.3457932326381275e-08,7.452284809579442e-09,1.9031419162299055e-09,6.012494482112583e-10,1.1225138656650944e-10,3.223280133199185e-11,9.772242577524585e-12,1.3754743352974394e-12,7.83291814070511e-14]","[0.0,0.0,0.0,0.0,0.0,0.0,0.0,0.0,0.0,0.0,0.0,0.0,0.0,0.0,0.0,0.0,0.0,0.0,0.0,0.0,0.0,0.0,0.0,0.0,0.0,0.0,0.0,0.0,0.0,0.0,0.0,0.20659321049229762,0.6770800258837867,0.10964852352739521,0.005310581037467782,0.0009381026950370426,0.0003153686994330706,8.395772826159436e-05,2.054374362657743e-05,6.946903677441952e-06,1.9568607636855693e-06,6.005246634487222e-07,1.4713745851397697e-07,2.6133575265526394e-08,6.103750031910569e-09,1.8098885615124785e-09,5.500419516523114e-10,1.2882692075815755e-10,3.3889585650876085e-11,5.126682586288651e-12,8.649783054418847e-13,1.4732852121925428e-13,1.8651154524500986e-14,1.4911617233380395e-15]",1.0,1.0,0.22523738517455213,0.11261869258727625,False,0.1136476666785553,"{""all_recovered_sources_strict_prior"":true,""current_captured_at_utc"":""2026-06-20T21:02:33.141933+00:00"",""recovered_source_captured_at_utc"":[""2026-06-20T21:01:30.442676+00:00""]}",742298a09fe272564872d790514fb7aa37fc47c8b7b00968d3ac2a4723893da7
B,chicago,2026-06-20,20260620T170531-0400,2026-06-20T21:05:31.893425+00:00,16:05:31.114204,965,peak_heating_window,F,M5_cutoff_change,1,DEFINED,DEFINED,hgb,hgb,"[45,46,47,48,49,50,51,52,53,54,55,56,57,58,59,60,61,62,63,64,65,66,67,68,69,70,71,72,73,74,75,76,77,78,79,80,81,82,83,84,85,86,87,88,89,90,91,92,93,94,95,96,97,98]","[0.0,0.0,0.0,0.0,0.0,0.0,0.0,0.0,0.0,0.0,0.0,0.0,0.0,0.0,0.0,0.0,0.0,0.0,0.0,0.0,0.0,0.0,0.0,0.0,0.0,0.0,0.0,0.0,0.0,0.0,0.050790720103177645,0.09397451790502137,0.6827046279009062,0.15290027167373255,0.014666162859383696,0.0035736988863119745,0.0009541403381742987,0.0002800263547184441,0.000101542138642789,3.6983964653151434e-05,1.2372079148243804e-05,3.5969964505845913e-06,1.0130813392112209e-06,2.2567057354908008e-07,6.647744727829183e-08,2.3457932326381275e-08,7.452284809579442e-09,1.9031419162299055e-09,6.012494482112583e-10,1.1225138656650944e-10,3.223280133199185e-11,9.772242577524585e-12,1.3754743352974394e-12,7.83291814070511e-14]","[0.0,0.0,0.0,0.0,0.0,0.0,0.0,0.0,0.0,0.0,0.0,0.0,0.0,0.0,0.0,0.0,0.0,0.0,0.0,0.0,0.0,0.0,0.0,0.0,0.0,0.0,0.0,0.0,0.0,0.0,0.0,0.20714022974481267,0.6766132088429573,0.1095729256699373,0.005306919624296187,0.0009374559142912665,0.00031515126651906995,8.389984308293965e-05,2.052957961458373e-05,6.942114091434896e-06,1.955511593844344e-06,6.001106279793251e-07,1.4703601367680433e-07,2.6115557309294678e-08,6.099541763435748e-09,1.808640722571412e-09,5.496627218029783e-10,1.2873810023528217e-10,3.386622026497828e-11,5.123147963049576e-12,8.643819407619477e-13,1.4722694465270949e-13,1.8638295369851113e-14,1.490133632600644e-15]",1.0,1.0,0.22633142367958237,0.1131657118397913,False,0.11322544685828184,"{""all_recovered_sources_strict_prior"":true,""current_captured_at_utc"":""2026-06-20T21:05:31.893425+00:00"",""recovered_source_captured_at_utc"":[""2026-06-20T21:04:35.730266+00:00""]}",64fe77727a97c2392db805abac84aaf1aa6869c15943876006cc9828572c14e9
B,chicago,2026-06-20,20260620T170833-0400,2026-06-20T21:08:33.106281+00:00,16:08:32.081570,968,peak_heating_window,F,M5_cutoff_change,1,DEFINED,DEFINED,hgb,hgb,"[45,46,47,48,49,50,51,52,53,54,55,56,57,58,59,60,61,62,63,64,65,66,67,68,69,70,71,72,73,74,75,76,77,78,79,80,81,82,83,84,85,86,87,88,89,90,91,92,93,94,95,96,97,98]","[0.0,0.0,0.0,0.0,0.0,0.0,0.0,0.0,0.0,0.0,0.0,0.0,0.0,0.0,0.0,0.0,0.0,0.0,0.0,0.0,0.0,0.0,0.0,0.0,0.0,0.0,0.0,0.0,0.0,0.0,0.050790720103177645,0.09397451790502137,0.6827046279009062,0.15290027167373255,0.014666162859383696,0.0035736988863119745,0.0009541403381742987,0.0002800263547184441,0.000101542138642789,3.6983964653151434e-05,1.2372079148243804e-05,3.5969964505845913e-06,1.0130813392112209e-06,2.2567057354908008e-07,6.647744727829183e-08,2.3457932326381275e-08,7.452284809579442e-09,1.9031419162299055e-09,6.012494482112583e-10,1.1225138656650944e-10,3.223280133199185e-11,9.772242577524585e-12,1.3754743352974394e-12,7.83291814070511e-14]","[0.0,0.0,0.0,0.0,0.0,0.0,0.0,0.0,0.0,0.0,0.0,0.0,0.0,0.0,0.0,0.0,0.0,0.0,0.0,0.0,0.0,0.0,0.0,0.0,0.0,0.0,0.0,0.0,0.0,0.0,0.0,0.20768842555146066,0.6761453877505956,0.10949716521313534,0.0053032503359889726,0.0009368077424197557,0.0003149333659403712,8.3841833402184e-05,2.0515385137982473e-05,6.9373142037662705e-06,1.9541595221466563e-06,5.996957019834239e-07,1.4693435064741651e-07,2.609750059921513e-08,6.095324443623803e-09,1.8073901997210376e-09,5.492826762886673e-10,1.2864908867314664e-10,3.384280462373531e-11,5.1196057373804916e-12,8.637842933934658e-13,1.4712514961061998e-13,1.86254085571408e-14,1.48910333059847e-15]",1.0,1.0,0.22742781529287848,0.1137139076464393,False,0.11280336803877666,"{""all_recovered_sources_strict_prior"":true,""current_captured_at_utc"":""2026-06-20T21:08:33.106281+00:00"",""recovered_source_captured_at_utc"":[""2026-06-20T21:07:34.046251+00:00""]}",28412f32cca71e0ca409db80d9f7e62561c7da940c7068a6063da544827d3926
B,chicago,2026-06-20,20260620T171205-0400,2026-06-20T21:12:05.296482+00:00,16:12:00.868355,972,peak_heating_window,F,M5_cutoff_change,1,DEFINED,DEFINED,hgb,hgb,"[45,46,47,48,49,50,51,52,53,54,55,56,57,58,59,60,61,62,63,64,65,66,67,68,69,70,71,72,73,74,75,76,77,78,79,80,81,82,83,84,85,86,87,88,89,90,91,92,93,94,95,96,97,98]","[0.0,0.0,0.0,0.0,0.0,0.0,0.0,0.0,0.0,0.0,0.0,0.0,0.0,0.0,0.0,0.0,0.0,0.0,0.0,0.0,0.0,0.0,0.0,0.0,0.0,0.0,0.0,0.0,0.0,0.0,0.050790720103177645,0.09397451790502137,0.6827046279009062,0.15290027167373255,0.014666162859383696,0.0035736988863119745,0.0009541403381742987,0.0002800263547184441,0.000101542138642789,3.6983964653151434e-05,1.2372079148243804e-05,3.5969964505845913e-06,1.0130813392112209e-06,2.2567057354908008e-07,6.647744727829183e-08,2.3457932326381275e-08,7.452284809579442e-09,1.9031419162299055e-09,6.012494482112583e-10,1.1225138656650944e-10,3.223280133199185e-11,9.772242577524585e-12,1.3754743352974394e-12,7.83291814070511e-14]","[0.0,0.0,0.0,0.0,0.0,0.0,0.0,0.0,0.0,0.0,0.0,0.0,0.0,0.0,0.0,0.0,0.0,0.0,0.0,0.0,0.0,0.0,0.0,0.0,0.0,0.0,0.0,0.0,0.0,0.0,0.0,0.20842111906337205,0.6755201194159026,0.10939590724201435,0.005298346132594085,0.0009359414254594654,0.0003146421299653453,8.376430030871218e-05,2.0496413447968453e-05,6.930898892831646e-06,1.9523524047836256e-06,5.991411308221101e-07,1.4679847247919566e-07,2.6073366824090807e-08,6.089687766315455e-09,1.805718807915675e-09,5.487747247881456e-10,1.2853011987902082e-10,3.3811508345639224e-11,5.114871360112391e-12,8.629855051794976e-13,1.4698909500024313e-13,1.860818463104076e-14,1.4877262759345216e-15]",1.0,1.0,0.22889320231670093,0.11444660115835067,False,0.11224087668121852,"{""all_recovered_sources_strict_prior"":true,""current_captured_at_utc"":""2026-06-20T21:12:05.296482+00:00"",""recovered_source_captured_at_utc"":[""2026-06-20T21:10:43.191500+00:00""]}",14b6e9c59353e9a37364f527067d69a56f20a27e1733d3b92ebb751a0f481148
B,chicago,2026-06-20,20260620T171935-0400,2026-06-20T21:19:35.141344+00:00,16:19:33.893145,979,peak_heating_window,F,M5_cutoff_change,1,DEFINED,DEFINED,hgb,hgb,"[45,46,47,48,49,50,51,52,53,54,55,56,57,58,59,60,61,62,63,64,65,66,67,68,69,70,71,72,73,74,75,76,77,78,79,80,81,82,83,84,85,86,87,88,89,90,91,92,93,94,95,96,97,98]","[0.0,0.0,0.0,0.0,0.0,0.0,0.0,0.0,0.0,0.0,0.0,0.0,0.0,0.0,0.0,0.0,0.0,0.0,0.0,0.0,0.0,0.0,0.0,0.0,0.0,0.0,0.0,0.0,0.0,0.0,0.050790720103177645,0.09397451790502137,0.6827046279009062,0.15290027167373255,0.014666162859383696,0.0035736988863119745,0.0009541403381742987,0.0002800263547184441,0.000101542138642789,3.6983964653151434e-05,1.2372079148243804e-05,3.5969964505845913e-06,1.0130813392112209e-06,2.2567057354908008e-07,6.647744727829183e-08,2.3457932326381275e-08,7.452284809579442e-09,1.9031419162299055e-09,6.012494482112583e-10,1.1225138656650944e-10,3.223280133199185e-11,9.772242577524585e-12,1.3754743352974394e-12,7.83291814070511e-14]","[0.0,0.0,0.0,0.0,0.0,0.0,0.0,0.0,0.0,0.0,0.0,0.0,0.0,0.0,0.0,0.0,0.0,0.0,0.0,0.0,0.0,0.0,0.0,0.0,0.0,0.0,0.0,0.0,0.0,0.0,0.0,0.20970793750668154,0.6744219701733882,0.10921806941125389,0.005289732954947921,0.0009344199261911761,0.0003141306366629944,8.362813011882459e-05,2.0463093758065497e-05,6.919631780053885e-06,1.9491785921127496e-06,5.98167145947255e-07,1.4655983172413618e-07,2.6030981042816917e-08,6.079788155903391e-09,1.8027833679722711e-09,5.478826173127115e-10,1.2832117679986063e-10,3.3756543169605484e-11,5.106556445503302e-12,8.615826056187368e-13,1.4675014436251534e-13,1.8577934512251086e-14,1.485307775824712e-15]",1.0,1.0,0.23146683920331976,0.11573341960166017,False,0.11125752275569278,"{""all_recovered_sources_strict_prior"":true,""current_captured_at_utc"":""2026-06-20T21:19:35.141344+00:00"",""recovered_source_captured_at_utc"":[""2026-06-20T21:17:48.438124+00:00""]}",7c27081496897d348b63bf46ec0f0ff1c8dc724c37e568f7b22245b9a67209f1
B,chicago,2026-06-20,20260620T172121-0400,2026-06-20T21:21:21.964248+00:00,16:21:20.621744,981,peak_heating_window,F,M5_cutoff_change,1,DEFINED,DEFINED,hgb,hgb,"[45,46,47,48,49,50,51,52,53,54,55,56,57,58,59,60,61,62,63,64,65,66,67,68,69,70,71,72,73,74,75,76,77,78,79,80,81,82,83,84,85,86,87,88,89,90,91,92,93,94,95,96,97,98]","[0.0,0.0,0.0,0.0,0.0,0.0,0.0,0.0,0.0,0.0,0.0,0.0,0.0,0.0,0.0,0.0,0.0,0.0,0.0,0.0,0.0,0.0,0.0,0.0,0.0,0.0,0.0,0.0,0.0,0.0,0.050790720103177645,0.09397451790502137,0.6827046279009062,0.15290027167373255,0.014666162859383696,0.0035736988863119745,0.0009541403381742987,0.0002800263547184441,0.000101542138642789,3.6983964653151434e-05,1.2372079148243804e-05,3.5969964505845913e-06,1.0130813392112209e-06,2.2567057354908008e-07,6.647744727829183e-08,2.3457932326381275e-08,7.452284809579442e-09,1.9031419162299055e-09,6.012494482112583e-10,1.1225138656650944e-10,3.223280133199185e-11,9.772242577524585e-12,1.3754743352974394e-12,7.83291814070511e-14]","[0.0,0.0,0.0,0.0,0.0,0.0,0.0,0.0,0.0,0.0,0.0,0.0,0.0,0.0,0.0,0.0,0.0,0.0,0.0,0.0,0.0,0.0,0.0,0.0,0.0,0.0,0.0,0.0,0.0,0.0,0.0,0.2100766212708362,0.6741073416425031,0.10916711745202852,0.0052872652107432624,0.0009339840044958438,0.0003139840897456484,8.358911627158415e-05,2.0453547400723652e-05,6.9164036622322415e-06,1.9482692694275592e-06,5.978880914996296e-07,1.464914592413562e-07,2.6018837177870027e-08,6.0769518384342366e-09,1.8019423409778162e-09,5.476270213941232e-10,1.2826131293847483e-10,3.3740795207565515e-11,5.1041741560415305e-12,8.611806636870818e-13,1.466816830958753e-13,1.856926761155542e-14,1.4846148562223153e-15]",1.0,1.0,0.2322042067316296,0.11610210336581483,False,0.11097685054277329,"{""all_recovered_sources_strict_prior"":true,""current_captured_at_utc"":""2026-06-20T21:21:21.964248+00:00"",""recovered_source_captured_at_utc"":[""2026-06-20T21:21:15.959837+00:00""]}",16753988c0e9dc87af6041f76c2faf6882ddbc062a550238dadb0ab776330fc5
B,dallas,2026-06-20,20260620T130437-0400,2026-06-20T17:04:37.811410+00:00,12:04:37.277944,724,settlement_window,F,M5_cutoff_change,1,DEFINED,DEFINED,hgb,hgb,"[46,47,48,49,50,51,52,53,54,55,56,57,58,59,60,61,62,63,64,65,66,67,68,69,70,71,72,73,74,75,76,77,78,79,80,81,82,83,84,85,86,87,88,89,90,91,92,93,94,95,96,97,98,99,100,101,102,103,104,105]","[0.0,0.0,0.0,0.0,0.0,0.0,0.0,0.0,0.0,0.0,0.0,0.0,0.0,0.0,0.0,0.0,0.0,0.0,0.0,0.0,0.0,0.0,0.0,0.0,0.0,0.0,0.0,0.0,0.0,0.0,0.0,0.0,0.0,0.0,0.0,0.0,0.0,0.0036488726294528016,0.0138527196703884,0.024565024828158775,0.06401271357817209,0.03249075331925956,0.05728881133394436,0.10480370205385114,0.17034483144735613,0.13402338067113775,0.10734349128183858,0.2516353931857283,0.024761883332861806,0.008904713377383711,0.0017545900747716918,0.0004106278219828184,0.00011794733077206039,3.27362686940012e-05,6.175606861771344e-06,1.0987562321844203e-06,4.867378630537562e-07,4.2430918201322564e-08,1.909013532302373e-09,2.3533571792766666e-09]","[0.0,0.0,0.0,0.0,0.0,0.0,0.0,0.0,0.0,0.0,0.0,0.0,0.0,0.0,0.0,0.0,0.0,0.0,0.0,0.0,0.0,0.0,0.0,0.0,0.0,0.0,0.0,0.0,0.0,0.0,0.0,0.0,0.0,0.0,0.0,0.0,0.0,0.0,0.01775061928226601,0.018705588968970108,0.046704681575149835,0.08117818721701185,0.05681838785396118,0.08908365348646405,0.2381973997671744,0.2335859163730959,0.11308411061281198,0.06252698398044532,0.030340707680660106,0.008572515665550095,0.002407663326672916,0.0007003106632206066,0.0002425186704390591,7.426813245566948e-05,2.000200713212951e-05,4.155189444474685e-06,2.0395036698683915e-06,2.517957373288912e-07,1.7404642892674793e-08,2.084302420495309e-08]",1.0000000000000002,1.0,0.4648948389123014,0.189108409205283,True,0.3850695894318504,"{""all_recovered_sources_strict_prior"":true,""current_captured_at_utc"":""2026-06-20T17:04:37.811410+00:00"",""recovered_source_captured_at_utc"":[""2026-06-20T17:03:28.379916+00:00""]}",5debf0b00c2de99d67a16abd645603bce7de8d3597942d74e9f3c4fd4f8911f9
B,dallas,2026-06-20,20260620T130621-0400,2026-06-20T17:06:21.208667+00:00,12:06:20.513134,726,settlement_window,F,M5_cutoff_change,1,DEFINED,DEFINED,hgb,hgb,"[46,47,48,49,50,51,52,53,54,55,56,57,58,59,60,61,62,63,64,65,66,67,68,69,70,71,72,73,74,75,76,77,78,79,80,81,82,83,84,85,86,87,88,89,90,91,92,93,94,95,96,97,98,99,100,101,102,103,104,105]","[0.0,0.0,0.0,0.0,0.0,0.0,0.0,0.0,0.0,0.0,0.0,0.0,0.0,0.0,0.0,0.0,0.0,0.0,0.0,0.0,0.0,0.0,0.0,0.0,0.0,0.0,0.0,0.0,0.0,0.0,0.0,0.0,0.0,0.0,0.0,0.0,0.0,0.0036488726294528016,0.0138527196703884,0.024565024828158775,0.06401271357817209,0.03249075331925956,0.05728881133394436,0.10480370205385114,0.17034483144735613,0.13402338067113775,0.10734349128183858,0.2516353931857283,0.024761883332861806,0.008904713377383711,0.0017545900747716918,0.0004106278219828184,0.00011794733077206039,3.27362686940012e-05,6.175606861771344e-06,1.0987562321844203e-06,4.867378630537562e-07,4.2430918201322564e-08,1.909013532302373e-09,2.3533571792766666e-09]","[0.0,0.0,0.0,0.0,0.0,0.0,0.0,0.0,0.0,0.0,0.0,0.0,0.0,0.0,0.0,0.0,0.0,0.0,0.0,0.0,0.0,0.0,0.0,0.0,0.0,0.0,0.0,0.0,0.0,0.0,0.0,0.0,0.0,0.0,0.0,0.0,0.0,0.0,0.01775061928226601,0.018705588968970108,0.046704681575149835,0.08117818721701185,0.05681838785396118,0.08908365348646405,0.2381973997671744,0.2335859163730959,0.11308411061281198,0.06252698398044532,0.030340707680660106,0.008572515665550095,0.002407663326672916,0.0007003106632206066,0.0002425186704390591,7.426813245566948e-05,2.000200713212951e-05,4.155189444474685e-06,2.0395036698683915e-06,2.517957373288912e-07,1.7404642892674793e-08,2.084302420495309e-08]",1.0000000000000002,1.0,0.4648948389123014,0.189108409205283,True,0.3850695894318504,"{""all_recovered_sources_strict_prior"":true,""current_captured_at_utc"":""2026-06-20T17:06:21.208667+00:00"",""recovered_source_captured_at_utc"":[""2026-06-20T17:05:18.876177+00:00""]}",3bf8f16e8fb4f065bf3ab703ef0f29c1f8a95add83ba9aa6dd2a0640314ae60d
B,dallas,2026-06-20,20260620T131430-0400,2026-06-20T17:14:30.389047+00:00,12:14:29.717135,734,settlement_window,F,M5_cutoff_change,1,DEFINED,DEFINED,hgb,hgb,"[46,47,48,49,50,51,52,53,54,55,56,57,58,59,60,61,62,63,64,65,66,67,68,69,70,71,72,73,74,75,76,77,78,79,80,81,82,83,84,85,86,87,88,89,90,91,92,93,94,95,96,97,98,99,100,101,102,103,104,105]","[0.0,0.0,0.0,0.0,0.0,0.0,0.0,0.0,0.0,0.0,0.0,0.0,0.0,0.0,0.0,0.0,0.0,0.0,0.0,0.0,0.0,0.0,0.0,0.0,0.0,0.0,0.0,0.0,0.0,0.0,0.0,0.0,0.0,0.0,0.0,0.0,0.0,0.0016660925905647996,0.00540851752991731,0.027676689694115856,0.04449039886930763,0.05817404832545303,0.0654724913087222,0.1196954600386608,0.10673002235282902,0.13121802181887796,0.1037282770429431,0.28057542588953616,0.032425315591874754,0.020047073836469496,0.0020357787709243966,0.00047356484367975225,0.00013623731679312924,3.760033970675173e-05,7.105980178671466e-06,1.2669486536617357e-06,5.570699141676043e-07,4.892604302404895e-08,2.2012363195101985e-09,2.71359799611067e-09]","[0.0,0.0,0.0,0.0,0.0,0.0,0.0,0.0,0.0,0.0,0.0,0.0,0.0,0.0,0.0,0.0,0.0,0.0,0.0,0.0,0.0,0.0,0.0,0.0,0.0,0.0,0.0,0.0,0.0,0.0,0.0,0.0,0.0,0.0,0.0,0.0,0.0,0.0,0.007217773953912828,0.019729421706159163,0.04703367246679828,0.08736480703139085,0.05829024017539537,0.09543823326456799,0.24116738915025707,0.22470264828234127,0.10975749164332865,0.06519697565615393,0.03168954837758071,0.008518567841788158,0.0028258820619171095,0.0007188368987168937,0.0002459225069841571,7.549689923669545e-05,2.0497393430072555e-05,4.206759972485503e-06,2.0942869023898466e-06,2.5492080281590317e-07,1.7620653891886516e-08,2.1101709345054468e-08]",1.0,1.0,0.5373911238565976,0.21537845023338223,True,0.43526037612152835,"{""all_recovered_sources_strict_prior"":true,""current_captured_at_utc"":""2026-06-20T17:14:30.389047+00:00"",""recovered_source_captured_at_utc"":[""2026-06-20T17:13:22.216317+00:00""]}",5cadb19f19354c66c87b6373af4aae949bade0b757494b76e8b4723605e76f13
B,dallas,2026-06-20,20260620T131819-0400,2026-06-20T17:18:19.491630+00:00,12:18:19.037088,738,settlement_window,F,M5_cutoff_change,1,DEFINED,DEFINED,hgb,hgb,"[46,47,48,49,50,51,52,53,54,55,56,57,58,59,60,61,62,63,64,65,66,67,68,69,70,71,72,73,74,75,76,77,78,79,80,81,82,83,84,85,86,87,88,89,90,91,92,93,94,95,96,97,98,99,100,101,102,103,104,105]","[0.0,0.0,0.0,0.0,0.0,0.0,0.0,0.0,0.0,0.0,0.0,0.0,0.0,0.0,0.0,0.0,0.0,0.0,0.0,0.0,0.0,0.0,0.0,0.0,0.0,0.0,0.0,0.0,0.0,0.0,0.0,0.0,0.0,0.0,0.0,0.0,0.0,0.0016660925905647996,0.00540851752991731,0.027676689694115856,0.04449039886930763,0.05817404832545303,0.0654724913087222,0.1196954600386608,0.10673002235282902,0.13121802181887796,0.1037282770429431,0.28057542588953616,0.032425315591874754,0.020047073836469496,0.0020357787709243966,0.00047356484367975225,0.00013623731679312924,3.760033970675173e-05,7.105980178671466e-06,1.2669486536617357e-06,5.570699141676043e-07,4.892604302404895e-08,2.2012363195101985e-09,2.71359799611067e-09]","[0.0,0.0,0.0,0.0,0.0,0.0,0.0,0.0,0.0,0.0,0.0,0.0,0.0,0.0,0.0,0.0,0.0,0.0,0.0,0.0,0.0,0.0,0.0,0.0,0.0,0.0,0.0,0.0,0.0,0.0,0.0,0.0,0.0,0.0,0.0,0.0,0.0,0.0,0.007217773953912828,0.019729421706159163,0.04703367246679828,0.08736480703139085,0.05829024017539537,0.09543823326456799,0.24116738915025707,0.22470264828234127,0.10975749164332865,0.06519697565615393,0.03168954837758071,0.008518567841788158,0.0028258820619171095,0.0007188368987168937,0.0002459225069841571,7.549689923669545e-05,2.0497393430072555e-05,4.206759972485503e-06,2.0942869023898466e-06,2.5492080281590317e-07,1.7620653891886516e-08,2.1101709345054468e-08]",1.0,1.0,0.5373911238565976,0.21537845023338223,True,0.43526037612152835,"{""all_recovered_sources_strict_prior"":true,""current_captured_at_utc"":""2026-06-20T17:18:19.491630+00:00"",""recovered_source_captured_at_utc"":[""2026-06-20T17:17:20.990397+00:00""]}",98857377e207c7d799b912250b4ac00046f5097b6e052ac78190be21848699ad
B,dallas,2026-06-20,20260620T132023-0400,2026-06-20T17:20:23.131835+00:00,12:20:22.633162,740,settlement_window,F,M5_cutoff_change,1,DEFINED,DEFINED,hgb,hgb,"[46,47,48,49,50,51,52,53,54,55,56,57,58,59,60,61,62,63,64,65,66,67,68,69,70,71,72,73,74,75,76,77,78,79,80,81,82,83,84,85,86,87,88,89,90,91,92,93,94,95,96,97,98,99,100,101,102,103,104,105]","[0.0,0.0,0.0,0.0,0.0,0.0,0.0,0.0,0.0,0.0,0.0,0.0,0.0,0.0,0.0,0.0,0.0,0.0,0.0,0.0,0.0,0.0,0.0,0.0,0.0,0.0,0.0,0.0,0.0,0.0,0.0,0.0,0.0,0.0,0.0,0.0,0.0,0.0016660925905647996,0.00540851752991731,0.027676689694115856,0.04449039886930763,0.05817404832545303,0.0654724913087222,0.1196954600386608,0.10673002235282902,0.13121802181887796,0.1037282770429431,0.28057542588953616,0.032425315591874754,0.020047073836469496,0.0020357787709243966,0.00047356484367975225,0.00013623731679312924,3.760033970675173e-05,7.105980178671466e-06,1.2669486536617357e-06,5.570699141676043e-07,4.892604302404895e-08,2.2012363195101985e-09,2.71359799611067e-09]","[0.0,0.0,0.0,0.0,0.0,0.0,0.0,0.0,0.0,0.0,0.0,0.0,0.0,0.0,0.0,0.0,0.0,0.0,0.0,0.0,0.0,0.0,0.0,0.0,0.0,0.0,0.0,0.0,0.0,0.0,0.0,0.0,0.0,0.0,0.0,0.0,0.0,0.0,0.007217773953912828,0.019729421706159163,0.04703367246679828,0.08736480703139085,0.05829024017539537,0.09543823326456799,0.24116738915025707,0.22470264828234127,0.10975749164332865,0.06519697565615393,0.03168954837758071,0.008518567841788158,0.0028258820619171095,0.0007188368987168937,0.0002459225069841571,7.549689923669545e-05,2.0497393430072555e-05,4.206759972485503e-06,2.0942869023898466e-06,2.5492080281590317e-07,1.7620653891886516e-08,2.1101709345054468e-08]",1.0,1.0,0.5373911238565976,0.21537845023338223,True,0.43526037612152835,"{""all_recovered_sources_strict_prior"":true,""current_captured_at_utc"":""2026-06-20T17:20:23.131835+00:00"",""recovered_source_captured_at_utc"":[""2026-06-20T17:19:20.902132+00:00""]}",07f9860a983a637725cd7dec11544d15072f54e1a5643931a482abab4bfc4d3e
B,dallas,2026-06-20,20260620T134022-0400,2026-06-20T17:40:22.981906+00:00,12:40:22.552588,760,settlement_window,F,M5_cutoff_change,1,DEFINED,DEFINED,hgb,hgb,"[46,47,48,49,50,51,52,53,54,55,56,57,58,59,60,61,62,63,64,65,66,67,68,69,70,71,72,73,74,75,76,77,78,79,80,81,82,83,84,85,86,87,88,89,90,91,92,93,94,95,96,97,98,99,100,101,102,103,104,105]","[0.0,0.0,0.0,0.0,0.0,0.0,0.0,0.0,0.0,0.0,0.0,0.0,0.0,0.0,0.0,0.0,0.0,0.0,0.0,0.0,0.0,0.0,0.0,0.0,0.0,0.0,0.0,0.0,0.0,0.0,0.0,0.0,0.0,0.0,0.0,0.0,0.0,0.0016660925905647996,0.00540851752991731,0.027676689694115856,0.04449039886930763,0.05817404832545303,0.0654724913087222,0.1196954600386608,0.10673002235282902,0.13121802181887796,0.1037282770429431,0.28057542588953616,0.032425315591874754,0.020047073836469496,0.0020357787709243966,0.00047356484367975225,0.00013623731679312924,3.760033970675173e-05,7.105980178671466e-06,1.2669486536617357e-06,5.570699141676043e-07,4.892604302404895e-08,2.2012363195101985e-09,2.71359799611067e-09]","[0.0,0.0,0.0,0.0,0.0,0.0,0.0,0.0,0.0,0.0,0.0,0.0,0.0,0.0,0.0,0.0,0.0,0.0,0.0,0.0,0.0,0.0,0.0,0.0,0.0,0.0,0.0,0.0,0.0,0.0,0.0,0.0,0.0,0.0,0.0,0.0,0.0,0.0,0.007173790043282637,0.019348063714898875,0.06784672321542883,0.08495332881203631,0.05787721633295281,0.09406300550224331,0.229771457830085,0.21788660518922484,0.1240443408691965,0.053812453051730935,0.031033823470795592,0.00847211732988498,0.002656628187708982,0.0007135804372536043,0.00024465120087591077,7.527879755684334e-05,2.0361969619971184e-05,4.202151985923422e-06,2.078571722031045e-06,2.546415685259856e-07,1.7601352639407182e-08,2.1078595025783835e-08]",1.0,1.0,0.5659037390948752,0.22676297283780522,True,0.45323984578918747,"{""all_recovered_sources_strict_prior"":true,""current_captured_at_utc"":""2026-06-20T17:40:22.981906+00:00"",""recovered_source_captured_at_utc"":[""2026-06-20T17:26:29.848675+00:00""]}",1c460ddaa14bf9d3e11b95dc608e08258d66495f367ab42de26bb0264c34884c
B,dallas,2026-06-20,20260620T140931-0400,2026-06-20T18:09:31.823108+00:00,13:09:31.426192,789,settlement_window,F,M5_cutoff_change,1,DEFINED,DEFINED,hgb,hgb,"[46,47,48,49,50,51,52,53,54,55,56,57,58,59,60,61,62,63,64,65,66,67,68,69,70,71,72,73,74,75,76,77,78,79,80,81,82,83,84,85,86,87,88,89,90,91,92,93,94,95,96,97,98,99,100,101,102,103,104,105]","[0.0,0.0,0.0,0.0,0.0,0.0,0.0,0.0,0.0,0.0,0.0,0.0,0.0,0.0,0.0,0.0,0.0,0.0,0.0,0.0,0.0,0.0,0.0,0.0,0.0,0.0,0.0,0.0,0.0,0.0,0.0,0.0,0.0,0.0,0.0,0.0,0.0,0.0,0.007615943878187537,0.01933944708040259,0.0678165077672924,0.08491549495980168,0.057851440791474765,0.09402111466758524,0.22966912941629777,0.21778956967878738,0.1239890978866246,0.05378848774718535,0.031020002598701597,0.008468344283676483,0.0026554450618715172,0.0007132626451529519,0.0002445422457883067,7.524527224426296e-05,2.035290144382575e-05,4.200280563113673e-06,2.077646032873361e-06,2.5452816424140804e-07,1.7593513900370098e-08,2.1069207701465043e-08]","[0.0,0.0,0.0,0.0,0.0,0.0,0.0,0.0,0.0,0.0,0.0,0.0,0.0,0.0,0.0,0.0,0.0,0.0,0.0,0.0,0.0,0.0,0.0,0.0,0.0,0.0,0.0,0.0,0.0,0.0,0.0,0.0,0.0,0.0,0.0,0.0,0.0,0.0,0.0,0.018053316229489903,0.08126607960218685,0.05433390623572624,0.08267934450085052,0.09629050916387186,0.12894746278048944,0.240585852671419,0.06107714185691315,0.2063930084515324,0.021955987955998946,0.0061741924785983495,0.0017192635150806968,0.00036743178708859367,0.00012484775904185786,2.5221791942071957e-05,5.1710753481813255e-06,8.762111492247614e-07,3.486973699187161e-07,3.383684434347081e-08,1.5223567266588484e-09,1.8767017998986415e-09]",1.0,0.9999999999999999,0.431895347475071,0.15260452070434705,True,0.204877346810034,"{""all_recovered_sources_strict_prior"":true,""current_captured_at_utc"":""2026-06-20T18:09:31.823108+00:00"",""recovered_source_captured_at_utc"":[""2026-06-20T18:08:25.220633+00:00""]}",25f8dc9cf396e5b1f15bd3d8ca137e77dfb872be0965a20dd561aa15b3f08312
B,dallas,2026-06-20,20260620T141128-0400,2026-06-20T18:11:28.690043+00:00,13:11:28.238943,791,settlement_window,F,M5_cutoff_change,1,DEFINED,DEFINED,hgb,hgb,"[46,47,48,49,50,51,52,53,54,55,56,57,58,59,60,61,62,63,64,65,66,67,68,69,70,71,72,73,74,75,76,77,78,79,80,81,82,83,84,85,86,87,88,89,90,91,92,93,94,95,96,97,98,99,100,101,102,103,104,105]","[0.0,0.0,0.0,0.0,0.0,0.0,0.0,0.0,0.0,0.0,0.0,0.0,0.0,0.0,0.0,0.0,0.0,0.0,0.0,0.0,0.0,0.0,0.0,0.0,0.0,0.0,0.0,0.0,0.0,0.0,0.0,0.0,0.0,0.0,0.0,0.0,0.0,0.0,0.007615943878187537,0.01933944708040259,0.0678165077672924,0.08491549495980168,0.057851440791474765,0.09402111466758524,0.22966912941629777,0.21778956967878738,0.1239890978866246,0.05378848774718535,0.031020002598701597,0.008468344283676483,0.0026554450618715172,0.0007132626451529519,0.0002445422457883067,7.524527224426296e-05,2.035290144382575e-05,4.200280563113673e-06,2.077646032873361e-06,2.5452816424140804e-07,1.7593513900370098e-08,2.1069207701465043e-08]","[0.0,0.0,0.0,0.0,0.0,0.0,0.0,0.0,0.0,0.0,0.0,0.0,0.0,0.0,0.0,0.0,0.0,0.0,0.0,0.0,0.0,0.0,0.0,0.0,0.0,0.0,0.0,0.0,0.0,0.0,0.0,0.0,0.0,0.0,0.0,0.0,0.0,0.0,0.0,0.018053316229489903,0.08126607960218685,0.05433390623572624,0.08267934450085052,0.09629050916387186,0.12894746278048944,0.240585852671419,0.06107714185691315,0.2063930084515324,0.021955987955998946,0.0061741924785983495,0.0017192635150806968,0.00036743178708859367,0.00012484775904185786,2.5221791942071957e-05,5.1710753481813255e-06,8.762111492247614e-07,3.486973699187161e-07,3.383684434347081e-08,1.5223567266588484e-09,1.8767017998986415e-09]",1.0,0.9999999999999999,0.431895347475071,0.15260452070434705,True,0.204877346810034,"{""all_recovered_sources_strict_prior"":true,""current_captured_at_utc"":""2026-06-20T18:11:28.690043+00:00"",""recovered_source_captured_at_utc"":[""2026-06-20T18:10:22.503337+00:00""]}",0857fd51ad818702dfb9eba0c5c84adcb4c3318d11a23698b4d95a1339a71bfb
B,dallas,2026-06-20,20260620T142236-0400,2026-06-20T18:22:36.232490+00:00,13:22:35.688351,802,settlement_window,F,M5_cutoff_change,1,DEFINED,DEFINED,hgb,hgb,"[46,47,48,49,50,51,52,53,54,55,56,57,58,59,60,61,62,63,64,65,66,67,68,69,70,71,72,73,74,75,76,77,78,79,80,81,82,83,84,85,86,87,88,89,90,91,92,93,94,95,96,97,98,99,100,101,102,103,104,105]","[0.0,0.0,0.0,0.0,0.0,0.0,0.0,0.0,0.0,0.0,0.0,0.0,0.0,0.0,0.0,0.0,0.0,0.0,0.0,0.0,0.0,0.0,0.0,0.0,0.0,0.0,0.0,0.0,0.0,0.0,0.0,0.0,0.0,0.0,0.0,0.0,0.0,0.0,0.0030914163673175944,0.0062875264202297745,0.0439225826490322,0.08176540572905483,0.04560608300189177,0.08173190812838696,0.18794333753947617,0.18191490869362018,0.22259199477972097,0.11061794558689111,0.022892871628286394,0.008111202402255047,0.002510483576207442,0.0006767624756265911,0.00023520266029381453,7.39142956179313e-05,2.0014898517048174e-05,4.196302140812558e-06,1.9499522522607663e-06,2.54287080221028e-07,1.7576849673539428e-08,2.1049251366518647e-08]","[0.0,0.0,0.0,0.0,0.0,0.0,0.0,0.0,0.0,0.0,0.0,0.0,0.0,0.0,0.0,0.0,0.0,0.0,0.0,0.0,0.0,0.0,0.0,0.0,0.0,0.0,0.0,0.0,0.0,0.0,0.0,0.0,0.0,0.0,0.0,0.0,0.0,0.0,0.0,0.0062733704879887565,0.08174588567646579,0.03605856848301208,0.05752387897909563,0.09171050462439799,0.1475833740251902,0.14890626902696438,0.2095278907122571,0.18942887726487387,0.022363251247767117,0.006451907157298664,0.001883255767773471,0.00038336570099831705,0.0001267649460380618,2.6284999689628846e-05,5.265722567212394e-06,8.922009983818227e-07,3.5506120782628005e-07,3.445432796882956e-08,1.5501379919897558e-09,1.91094945666461e-09]",1.0,1.0,0.27706125435726275,0.07881093167798275,False,0.08722023209143016,"{""all_recovered_sources_strict_prior"":true,""current_captured_at_utc"":""2026-06-20T18:22:36.232490+00:00"",""recovered_source_captured_at_utc"":[""2026-06-20T18:20:28.226909+00:00""]}",8b59358727236f3ddaee5d4d22039f79101463a20bb21911cdb7ec8e2f835fe9
B,dallas,2026-06-20,20260620T143129-0400,2026-06-20T18:31:29.023611+00:00,13:31:28.570280,811,settlement_window,F,M5_cutoff_change,1,DEFINED,DEFINED,hgb,hgb,"[46,47,48,49,50,51,52,53,54,55,56,57,58,59,60,61,62,63,64,65,66,67,68,69,70,71,72,73,74,75,76,77,78,79,80,81,82,83,84,85,86,87,88,89,90,91,92,93,94,95,96,97,98,99,100,101,102,103,104,105]","[0.0,0.0,0.0,0.0,0.0,0.0,0.0,0.0,0.0,0.0,0.0,0.0,0.0,0.0,0.0,0.0,0.0,0.0,0.0,0.0,0.0,0.0,0.0,0.0,0.0,0.0,0.0,0.0,0.0,0.0,0.0,0.0,0.0,0.0,0.0,0.0,0.0,0.0,0.0030914163673175944,0.0062875264202297745,0.0439225826490322,0.08176540572905483,0.04560608300189177,0.08173190812838696,0.18794333753947617,0.18191490869362018,0.22259199477972097,0.11061794558689111,0.022892871628286394,0.008111202402255047,0.002510483576207442,0.0006767624756265911,0.00023520266029381453,7.39142956179313e-05,2.0014898517048174e-05,4.196302140812558e-06,1.9499522522607663e-06,2.54287080221028e-07,1.7576849673539428e-08,2.1049251366518647e-08]","[0.0,0.0,0.0,0.0,0.0,0.0,0.0,0.0,0.0,0.0,0.0,0.0,0.0,0.0,0.0,0.0,0.0,0.0,0.0,0.0,0.0,0.0,0.0,0.0,0.0,0.0,0.0,0.0,0.0,0.0,0.0,0.0,0.0,0.0,0.0,0.0,0.0,0.0,0.0,0.006256213809555311,0.08129289479142336,0.03599245960591362,0.05980372767555221,0.09159452408342561,0.14717714865550305,0.14822646213035023,0.20835260524825946,0.18829712084058253,0.024119087387058348,0.006464058225447018,0.0018808202833826906,0.0003833093563869716,0.00012667495050454157,2.633135483707952e-05,5.27330824697796e-06,8.945844213418595e-07,3.556924471808913e-07,3.4546369152937733e-08,1.5542790257792664e-09,1.916054361073757e-09]",1.0,1.0,0.28067192756710735,0.07767917525369142,False,0.08636125426249898,"{""all_recovered_sources_strict_prior"":true,""current_captured_at_utc"":""2026-06-20T18:31:29.023611+00:00"",""recovered_source_captured_at_utc"":[""2026-06-20T18:30:37.570123+00:00""]}",067f4312f2bc58f46ca1ddab9c09dd30ca900c318617740ec3c8c21c59b574e0
B,dallas,2026-06-20,20260620T161450-0400,2026-06-20T20:14:50.495738+00:00,15:14:49.768949,914,peak_heating_window,F,M5_cutoff_change,1,DEFINED,DEFINED,hgb,hgb,"[44,45,46,47,48,49,50,51,52,53,54,55,56,57,58,59,60,61,62,63,64,65,66,67,68,69,70,71,72,73,74,75,76,77,78,79,80,81,82,83,84,85,86,87,88,89,90,91,92,93,94,95,96,97,98,99,100,101,102,103,104]","[0.0,0.0,0.0,0.0,0.0,0.0,0.0,0.0,0.0,0.0,0.0,0.0,0.0,0.0,0.0,0.0,0.0,0.0,0.0,0.0,0.0,0.0,0.0,0.0,0.0,0.0,0.0,0.0,0.0,0.0,0.0,0.0,0.0,0.0,0.0,0.0,0.0,0.0,0.0,0.0,0.0,0.0,0.0,0.0,0.001000063400138339,0.11562350329744246,0.43653827831675635,0.285880631341679,0.11240609641126449,0.04357296194603888,0.004208681897571306,0.0006139646975483476,0.00012391516040244466,2.550843878953558e-05,5.317438942817098e-06,9.032081684967351e-07,1.2322426178120905e-07,4.77792088838003e-08,3.2155342549586736e-09,1.0021962352394974e-10,1.2603286011447815e-10]","[0.0,0.0,0.0,0.0,0.0,0.0,0.0,0.0,0.0,0.0,0.0,0.0,0.0,0.0,0.0,0.0,0.0,0.0,0.0,0.0,0.0,0.0,0.0,0.0,0.0,0.0,0.0,0.0,0.0,0.0,0.0,0.0,0.0,0.0,0.0,0.0,0.0,0.0,0.0,0.0,0.0,0.0,0.0,0.0,0.0,0.15277046953819706,0.2755542853289518,0.278476448055912,0.26753339321624436,0.014871071953800427,0.00823526167375973,0.0018336938347478366,0.00048477461128850125,0.00018514943855077372,4.109238608107714e-05,1.0733342958865058e-05,2.208605445952725e-06,1.2640336442197597e-06,1.336448713116797e-07,9.273842206716551e-09,1.1061703900138374e-08]",1.0000000000000002,1.0,0.3961802593318968,0.16098399298780453,True,0.27043777898776244,"{""all_recovered_sources_strict_prior"":true,""current_captured_at_utc"":""2026-06-20T20:14:50.495738+00:00"",""recovered_source_captured_at_utc"":[""2026-06-20T20:13:41.300188+00:00""]}",cb1876564c5e5274473ec68f68f2c13df96c67c85972ae4e488f071a1688b943
B,dallas,2026-06-20,20260620T161941-0400,2026-06-20T20:19:41.303907+00:00,15:19:40.523233,919,peak_heating_window,F,M5_cutoff_change,1,DEFINED,DEFINED,hgb,hgb,"[44,45,46,47,48,49,50,51,52,53,54,55,56,57,58,59,60,61,62,63,64,65,66,67,68,69,70,71,72,73,74,75,76,77,78,79,80,81,82,83,84,85,86,87,88,89,90,91,92,93,94,95,96,97,98,99,100,101,102,103,104]","[0.0,0.0,0.0,0.0,0.0,0.0,0.0,0.0,0.0,0.0,0.0,0.0,0.0,0.0,0.0,0.0,0.0,0.0,0.0,0.0,0.0,0.0,0.0,0.0,0.0,0.0,0.0,0.0,0.0,0.0,0.0,0.0,0.0,0.0,0.0,0.0,0.0,0.0,0.0,0.0,0.0,0.0,0.0,0.0,0.001000063400138339,0.11562350329744246,0.43653827831675635,0.285880631341679,0.11240609641126449,0.04357296194603888,0.004208681897571306,0.0006139646975483476,0.00012391516040244466,2.550843878953558e-05,5.317438942817098e-06,9.032081684967351e-07,1.2322426178120905e-07,4.77792088838003e-08,3.2155342549586736e-09,1.0021962352394974e-10,1.2603286011447815e-10]","[0.0,0.0,0.0,0.0,0.0,0.0,0.0,0.0,0.0,0.0,0.0,0.0,0.0,0.0,0.0,0.0,0.0,0.0,0.0,0.0,0.0,0.0,0.0,0.0,0.0,0.0,0.0,0.0,0.0,0.0,0.0,0.0,0.0,0.0,0.0,0.0,0.0,0.0,0.0,0.0,0.0,0.0,0.0,0.0,0.0,0.15277046953819706,0.2755542853289518,0.278476448055912,0.26753339321624436,0.014871071953800427,0.00823526167375973,0.0018336938347478366,0.00048477461128850125,0.00018514943855077372,4.109238608107714e-05,1.0733342958865058e-05,2.208605445952725e-06,1.2640336442197597e-06,1.336448713116797e-07,9.273842206716551e-09,1.1061703900138374e-08]",1.0000000000000002,1.0,0.3961802593318968,0.16098399298780453,True,0.27043777898776244,"{""all_recovered_sources_strict_prior"":true,""current_captured_at_utc"":""2026-06-20T20:19:41.303907+00:00"",""recovered_source_captured_at_utc"":[""2026-06-20T20:15:46.460776+00:00""]}",89bbbc9804fff73e124507a7f2b3fc3cb23aebc553c5de6407318de52b1a3f2d
B,dallas,2026-06-20,20260620T170235-0400,2026-06-20T21:02:35.788113+00:00,16:02:35.088557,962,peak_heating_window,F,M5_cutoff_change,1,DEFINED,DEFINED,hgb,hgb,"[45,46,47,48,49,50,51,52,53,54,55,56,57,58,59,60,61,62,63,64,65,66,67,68,69,70,71,72,73,74,75,76,77,78,79,80,81,82,83,84,85,86,87,88,89,90,91,92,93,94,95,96,97,98,99,100,101,102,103,104,105]","[0.0,0.0,0.0,0.0,0.0,0.0,0.0,0.0,0.0,0.0,0.0,0.0,0.0,0.0,0.0,0.0,0.0,0.0,0.0,0.0,0.0,0.0,0.0,0.0,0.0,0.0,0.0,0.0,0.0,0.0,0.0,0.0,0.0,0.0,0.0,0.0,0.0,0.0,0.0,0.0,0.0,0.0,0.0,0.0,0.15118297125978658,0.32956247074516154,0.2218121713494806,0.20466180664630207,0.07971670274236826,0.008837683874791554,0.003164008464043387,0.0007042189100421185,0.0002530277856687816,7.988418961937082e-05,1.858043128716573e-05,4.530119234919047e-06,1.4114165223160455e-06,4.708375700142916e-07,4.7767860381315145e-08,9.744164653066924e-09,3.7160962450096413e-09]","[0.0,0.0,0.0,0.0,0.0,0.0,0.0,0.0,0.0,0.0,0.0,0.0,0.0,0.0,0.0,0.0,0.0,0.0,0.0,0.0,0.0,0.0,0.0,0.0,0.0,0.0,0.0,0.0,0.0,0.0,0.0,0.0,0.0,0.0,0.0,0.0,0.0,0.0,0.0,0.0,0.0,0.0,0.0,0.0,0.0,0.37911162205883125,0.38165086879414517,0.16064407148569998,0.054653676444551706,0.015698451862842976,0.005675447398852702,0.0017682784045829295,0.0005631861965216728,0.00017416286657096267,4.395144279938168e-05,1.0697592719634945e-05,3.992961151870716e-06,1.4486350178710729e-06,1.1223077580313885e-07,2.289395316929444e-08,8.730982740430644e-09]",1.0000000000000002,0.9999999999999998,0.4405274654364103,0.15983869744466456,True,0.3918263783017612,"{""all_recovered_sources_strict_prior"":true,""current_captured_at_utc"":""2026-06-20T21:02:35.788113+00:00"",""recovered_source_captured_at_utc"":[""2026-06-20T21:01:32.956439+00:00""]}",59cb1a658b62ae09d85bad5bf69208794ee175fa4dad03391412cc0121a9c86a
B,dallas,2026-06-20,20260620T170533-0400,2026-06-20T21:05:33.957281+00:00,16:05:33.297086,965,peak_heating_window,F,M5_cutoff_change,1,DEFINED,DEFINED,hgb,hgb,"[45,46,47,48,49,50,51,52,53,54,55,56,57,58,59,60,61,62,63,64,65,66,67,68,69,70,71,72,73,74,75,76,77,78,79,80,81,82,83,84,85,86,87,88,89,90,91,92,93,94,95,96,97,98,99,100,101,102,103,104,105]","[0.0,0.0,0.0,0.0,0.0,0.0,0.0,0.0,0.0,0.0,0.0,0.0,0.0,0.0,0.0,0.0,0.0,0.0,0.0,0.0,0.0,0.0,0.0,0.0,0.0,0.0,0.0,0.0,0.0,0.0,0.0,0.0,0.0,0.0,0.0,0.0,0.0,0.0,0.0,0.0,0.0,0.0,0.0,0.0,0.15118297125978658,0.32956247074516154,0.2218121713494806,0.20466180664630207,0.07971670274236826,0.008837683874791554,0.003164008464043387,0.0007042189100421185,0.0002530277856687816,7.988418961937082e-05,1.858043128716573e-05,4.530119234919047e-06,1.4114165223160455e-06,4.708375700142916e-07,4.7767860381315145e-08,9.744164653066924e-09,3.7160962450096413e-09]","[0.0,0.0,0.0,0.0,0.0,0.0,0.0,0.0,0.0,0.0,0.0,0.0,0.0,0.0,0.0,0.0,0.0,0.0,0.0,0.0,0.0,0.0,0.0,0.0,0.0,0.0,0.0,0.0,0.0,0.0,0.0,0.0,0.0,0.0,0.0,0.0,0.0,0.0,0.0,0.0,0.0,0.0,0.0,0.0,0.0,0.3791314642732114,0.38163867207952473,0.1606389376577551,0.054651929834366696,0.015697950175167116,0.005675266024151559,0.0017682218943301468,0.00056316819834093,0.00017415730071233435,4.395003820882833e-05,1.069725084831695e-05,3.992833545695432e-06,1.4485887227114204e-06,1.122271891566616e-07,2.289322152936861e-08,8.730703717602324e-09]",1.0000000000000002,1.0,0.44054122631267023,0.15982650073004412,True,0.3918302555408422,"{""all_recovered_sources_strict_prior"":true,""current_captured_at_utc"":""2026-06-20T21:05:33.957281+00:00"",""recovered_source_captured_at_utc"":[""2026-06-20T21:04:40.612712+00:00""]}",fe807b02e9d0108b545b2a7ec64d10ffffaf54e8be5d21e6eb9046888de24cc0
B,dallas,2026-06-20,20260620T170835-0400,2026-06-20T21:08:35.593426+00:00,16:08:34.661515,968,peak_heating_window,F,M5_cutoff_change,1,DEFINED,DEFINED,hgb,hgb,"[45,46,47,48,49,50,51,52,53,54,55,56,57,58,59,60,61,62,63,64,65,66,67,68,69,70,71,72,73,74,75,76,77,78,79,80,81,82,83,84,85,86,87,88,89,90,91,92,93,94,95,96,97,98,99,100,101,102,103,104,105]","[0.0,0.0,0.0,0.0,0.0,0.0,0.0,0.0,0.0,0.0,0.0,0.0,0.0,0.0,0.0,0.0,0.0,0.0,0.0,0.0,0.0,0.0,0.0,0.0,0.0,0.0,0.0,0.0,0.0,0.0,0.0,0.0,0.0,0.0,0.0,0.0,0.0,0.0,0.0,0.0,0.0,0.0,0.0,0.0,0.15118297125978658,0.32956247074516154,0.2218121713494806,0.20466180664630207,0.07971670274236826,0.008837683874791554,0.003164008464043387,0.0007042189100421185,0.0002530277856687816,7.988418961937082e-05,1.858043128716573e-05,4.530119234919047e-06,1.4114165223160455e-06,4.708375700142916e-07,4.7767860381315145e-08,9.744164653066924e-09,3.7160962450096413e-09]","[0.0,0.0,0.0,0.0,0.0,0.0,0.0,0.0,0.0,0.0,0.0,0.0,0.0,0.0,0.0,0.0,0.0,0.0,0.0,0.0,0.0,0.0,0.0,0.0,0.0,0.0,0.0,0.0,0.0,0.0,0.0,0.0,0.0,0.0,0.0,0.0,0.0,0.0,0.0,0.0,0.0,0.0,0.0,0.0,0.0,0.37905345044673,0.381485783937966,0.16058710663280237,0.05463694401513492,0.015695473255293375,0.00585929457853703,0.0018775452507200023,0.000570039227077557,0.00017413364244620716,4.39480440783634e-05,1.0696763699651477e-05,3.9921285581558624e-06,1.4482221749724732e-06,1.1223004981473248e-07,2.2893805074937452e-08,8.730926262230252e-09]",1.0000000000000002,1.0,0.440674860001039,0.1596736125884854,True,0.39163859797106937,"{""all_recovered_sources_strict_prior"":true,""current_captured_at_utc"":""2026-06-20T21:08:35.593426+00:00"",""recovered_source_captured_at_utc"":[""2026-06-20T21:07:37.008726+00:00""]}",c4640decdeb7bf80f13dddc909721fbd8a7cd63cdc8af794073702eec37fb3bd
B,dallas,2026-06-20,20260620T171214-0400,2026-06-20T21:12:14.279562+00:00,16:12:10.588144,972,peak_heating_window,F,M5_cutoff_change,1,DEFINED,DEFINED,hgb,hgb,"[45,46,47,48,49,50,51,52,53,54,55,56,57,58,59,60,61,62,63,64,65,66,67,68,69,70,71,72,73,74,75,76,77,78,79,80,81,82,83,84,85,86,87,88,89,90,91,92,93,94,95,96,97,98,99,100,101,102,103,104,105]","[0.0,0.0,0.0,0.0,0.0,0.0,0.0,0.0,0.0,0.0,0.0,0.0,0.0,0.0,0.0,0.0,0.0,0.0,0.0,0.0,0.0,0.0,0.0,0.0,0.0,0.0,0.0,0.0,0.0,0.0,0.0,0.0,0.0,0.0,0.0,0.0,0.0,0.0,0.0,0.0,0.0,0.0,0.0,0.0,0.11655498579105816,0.27210539146624985,0.25136938541269455,0.24842299238416768,0.09551974992504197,0.011009815862684865,0.003775209317173728,0.000822850533185622,0.00029753956565478043,9.326266004466091e-05,2.1359561090366186e-05,5.2086751308865945e-06,1.6308395713156036e-06,5.48293278925521e-07,5.4387419963806286e-08,1.1094488447929864e-08,4.2310642655939375e-09]","[0.0,0.0,0.0,0.0,0.0,0.0,0.0,0.0,0.0,0.0,0.0,0.0,0.0,0.0,0.0,0.0,0.0,0.0,0.0,0.0,0.0,0.0,0.0,0.0,0.0,0.0,0.0,0.0,0.0,0.0,0.0,0.0,0.0,0.0,0.0,0.0,0.0,0.0,0.0,0.0,0.0,0.0,0.0,0.0,0.0,0.3422787263489184,0.35867825750131943,0.19995341277605974,0.07189918116565584,0.017875210639984873,0.006399819734605183,0.002051776589015698,0.0006121017267435953,0.0001866908116581546,4.730300569932545e-05,1.1513834856341685e-05,4.2938333220884496e-06,1.5571754671848505e-06,1.2081332543899245e-07,2.4644707256400032e-08,9.39866138920847e-09]",1.0,1.0,0.37729026831710444,0.11655498579105816,True,0.302643527059538,"{""all_recovered_sources_strict_prior"":true,""current_captured_at_utc"":""2026-06-20T21:12:14.279562+00:00"",""recovered_source_captured_at_utc"":[""2026-06-20T21:10:46.109794+00:00""]}",cbf38e43daf6da6c29c30a5290f853c767bd5868e89a5f9d55186cd7e75d2967
B,dallas,2026-06-20,20260620T171938-0400,2026-06-20T21:19:38.743991+00:00,16:19:38.036655,979,peak_heating_window,F,M5_cutoff_change,1,DEFINED,DEFINED,hgb,hgb,"[45,46,47,48,49,50,51,52,53,54,55,56,57,58,59,60,61,62,63,64,65,66,67,68,69,70,71,72,73,74,75,76,77,78,79,80,81,82,83,84,85,86,87,88,89,90,91,92,93,94,95,96,97,98,99,100,101,102,103,104,105]","[0.0,0.0,0.0,0.0,0.0,0.0,0.0,0.0,0.0,0.0,0.0,0.0,0.0,0.0,0.0,0.0,0.0,0.0,0.0,0.0,0.0,0.0,0.0,0.0,0.0,0.0,0.0,0.0,0.0,0.0,0.0,0.0,0.0,0.0,0.0,0.0,0.0,0.0,0.0,0.0,0.0,0.0,0.0,0.0,0.11655498579105816,0.27210539146624985,0.25136938541269455,0.24842299238416768,0.09551974992504197,0.011009815862684865,0.003775209317173728,0.000822850533185622,0.00029753956565478043,9.326266004466091e-05,2.1359561090366186e-05,5.2086751308865945e-06,1.6308395713156036e-06,5.48293278925521e-07,5.4387419963806286e-08,1.1094488447929864e-08,4.2310642655939375e-09]","[0.0,0.0,0.0,0.0,0.0,0.0,0.0,0.0,0.0,0.0,0.0,0.0,0.0,0.0,0.0,0.0,0.0,0.0,0.0,0.0,0.0,0.0,0.0,0.0,0.0,0.0,0.0,0.0,0.0,0.0,0.0,0.0,0.0,0.0,0.0,0.0,0.0,0.0,0.0,0.0,0.0,0.0,0.0,0.0,0.0,0.3423084580187641,0.3586620437889765,0.19994437407062132,0.07189593103098295,0.017874402607946895,0.006399530436790071,0.0020516838403901246,0.0006120740572623416,0.00018668237247609104,4.730086741156664e-05,1.1513314384296275e-05,4.293639223402853e-06,1.557105076536507e-06,1.2080786418656109e-07,2.464359321565216e-08,9.398236531584714e-09]",1.0,1.0,0.3773148459973272,0.11655498579105816,True,0.30264813531111967,"{""all_recovered_sources_strict_prior"":true,""current_captured_at_utc"":""2026-06-20T21:19:38.743991+00:00"",""recovered_source_captured_at_utc"":[""2026-06-20T21:17:52.448996+00:00""]}",af9c86449094acf8de3a632866c8f0d0e92a67c74d271e11641744f7114d85ab
B,denver,2026-06-20,20260620T140933-0400,2026-06-20T18:09:33.607837+00:00,12:09:33.177060,729,settlement_window,F,M5_cutoff_change,1,DEFINED,DEFINED,hgb,hgb,"[46,47,48,49,50,51,52,53,54,55,56,57,58,59,60,61,62,63,64,65,66,67,68,69,70,71,72,73,74,75,76,77,78,79,80,81,82,83,84,85,86,87,88,89,90,91,92,93,94,95,96,97,98,99,100,101,102]","[0.0,0.0,0.0,0.0,0.0,0.0,0.0,0.0,0.0,0.0,0.0,0.0,0.0,0.0,0.0,0.0,0.0,0.0,0.0,0.0,0.0,0.0,0.0,0.0,0.0,0.0,0.0,0.0,0.0,0.0,0.001711123584450224,3.9371242877612426e-06,1.1427408218604186e-05,0.0001816263105827862,0.0007544619258713479,0.008214093671457373,0.02727165739266902,0.016392640808094945,0.05839005533138582,0.12847967431418003,0.025117673750386746,0.020359482724000507,0.040069163919644456,0.4573050643136083,0.07899994909993079,0.06622633606098668,0.008817604762710622,0.02491682195929121,0.012315413563255113,0.018924528541895417,0.0026175827069480095,0.0024297845807731413,0.0003654841958638755,6.180414031999698e-05,6.132022784776797e-05,3.91474934171999e-07,8.961064051841117e-07]","[0.0,0.0,0.0,0.0,0.0,0.0,0.0,0.0,0.0,0.0,0.0,0.0,0.0,0.0,0.0,0.0,0.0,0.0,0.0,0.0,0.0,0.0,0.0,0.0,0.0,0.0,0.0,0.0,0.0,0.0,0.0,0.0,0.0,0.0,0.0,0.0,0.04510563754474204,0.016848809017263402,0.07559638444187483,0.058348170676521864,0.06245655628381241,0.023454796036224676,0.07067525016522706,0.2672439709571967,0.08812375448432899,0.23649895726704265,0.010061523445211197,0.014578103839846222,0.011138433677459899,0.016280621410646068,0.002550695017479712,0.0007385419638540311,0.0002242328523756568,5.133381496801251e-05,2.3007203066691716e-05,3.7089742875755684e-07,8.490034292462179e-07]",1.0,1.0000000000000002,0.5743542096718351,0.19006109335641158,False,0.2922057500447903,"{""all_recovered_sources_strict_prior"":true,""current_captured_at_utc"":""2026-06-20T18:09:33.607837+00:00"",""recovered_source_captured_at_utc"":[""2026-06-20T18:08:27.014945+00:00""]}",714b244ad398d5810fa69eb878fb37ef6ee1d24853ad8c2af119acc122a9f772
B,denver,2026-06-20,20260620T141130-0400,2026-06-20T18:11:30.685039+00:00,12:11:30.139040,731,settlement_window,F,M5_cutoff_change,1,DEFINED,DEFINED,hgb,hgb,"[46,47,48,49,50,51,52,53,54,55,56,57,58,59,60,61,62,63,64,65,66,67,68,69,70,71,72,73,74,75,76,77,78,79,80,81,82,83,84,85,86,87,88,89,90,91,92,93,94,95,96,97,98,99,100,101,102]","[0.0,0.0,0.0,0.0,0.0,0.0,0.0,0.0,0.0,0.0,0.0,0.0,0.0,0.0,0.0,0.0,0.0,0.0,0.0,0.0,0.0,0.0,0.0,0.0,0.0,0.0,0.0,0.0,0.0,0.0,0.00173187238171866,3.941924151669643e-06,1.142431360268507e-05,0.00018553406589444935,0.0007931446763980496,0.008372975749223216,0.02754405941851183,0.017079146239899718,0.06262338036329856,0.05642694008709224,0.025101568724970335,0.020973642383972573,0.03984948007884948,0.5197260313785248,0.07822414250551421,0.06770713748610287,0.008994859722669949,0.026998435207872522,0.01252952845429969,0.019195160938472976,0.002703113257660076,0.002692074991768223,0.0004001157497448828,6.270739770947304e-05,6.831839725792728e-05,3.843371565214832e-07,8.797676623602942e-07]","[0.0,0.0,0.0,0.0,0.0,0.0,0.0,0.0,0.0,0.0,0.0,0.0,0.0,0.0,0.0,0.0,0.0,0.0,0.0,0.0,0.0,0.0,0.0,0.0,0.0,0.0,0.0,0.0,0.0,0.0,0.0,0.0,0.0,0.0,0.0,0.0,0.045106760705695824,0.016849613361327394,0.07559696400593353,0.05834712651796807,0.06245671561486915,0.02345590668901888,0.07067733894011381,0.26723580332237784,0.08812987360952136,0.2364949014891383,0.010061274360462648,0.014577768636045051,0.01113907714505597,0.016281698710454186,0.0025507966466595034,0.000738578294957914,0.0002242369173162242,5.1337410203753e-05,2.3007625421466405e-05,3.7092679920227727e-07,8.490706597157568e-07]",1.0,0.9999999999999999,0.5657633023234792,0.25249022805614696,False,0.36863008445258805,"{""all_recovered_sources_strict_prior"":true,""current_captured_at_utc"":""2026-06-20T18:11:30.685039+00:00"",""recovered_source_captured_at_utc"":[""2026-06-20T18:10:24.045552+00:00""]}",d4092e78b749ff313b574dfb7275ac3d6be713e3004128feaabffd859a66ebbb
B,denver,2026-06-20,20260620T170136-0400,2026-06-20T21:01:36.130125+00:00,15:01:35.167795,901,peak_heating_window,F,M5_cutoff_change,1,DEFINED,DEFINED,hgb,hgb,"[45,46,47,48,49,50,51,52,53,54,55,56,57,58,59,60,61,62,63,64,65,66,67,68,69,70,71,72,73,74,75,76,77,78,79,80,81,82,83,84,85,86,87,88,89,90,91,92,93,94,95,96,97,98,99,100,101,102]","[0.0,0.0,0.0,0.0,0.0,0.0,0.0,0.0,0.0,0.0,0.0,0.0,0.0,0.0,0.0,0.0,0.0,0.0,0.0,0.0,0.0,0.0,0.0,0.0,0.0,0.0,0.0,0.0,0.0,0.0,0.0,0.0,0.0,0.0,0.0,0.0,0.0,0.0017573797201478683,5.474751483669414e-06,8.675899938875103e-05,0.000314789122695955,0.010953289112095223,0.026191658801708703,0.15437355203085917,0.4431612646328253,0.14134764468182356,0.12295140003678712,0.016851868617261255,0.04747668814963168,0.019755811209310848,0.012069504755401588,0.0016028006183061113,0.0008176079532717614,0.00023533739462311081,3.5608425493956734e-05,1.070577973867637e-05,4.118246878251104e-07,4.4338245786973275e-07]","[0.0,0.0,0.0,0.0,0.0,0.0,0.0,0.0,0.0,0.0,0.0,0.0,0.0,0.0,0.0,0.0,0.0,0.0,0.0,0.0,0.0,0.0,0.0,0.0,0.0,0.0,0.0,0.0,0.0,0.0,0.0,0.0,0.0,0.0,0.0,0.0,0.0,0.0,0.0,0.0,0.0,0.0,0.0,0.4877924020377323,0.08346022168134905,0.16282135902317604,0.08778778511480308,0.05524095191683797,0.07678774459514251,0.02503187828711275,0.015293668668576461,0.0030547806130375517,0.00233051346176319,0.00027387913461342244,8.313377908161459e-05,3.779064569973684e-05,1.9787439524952762e-06,1.912297121839325e-06]",1.0,1.0,0.8683480167619609,0.35970104295147626,True,0.7491441135502541,"{""all_recovered_sources_strict_prior"":true,""current_captured_at_utc"":""2026-06-20T21:01:36.130125+00:00"",""recovered_source_captured_at_utc"":[""2026-06-20T21:00:54.146622+00:00""]}",30b570407ded110f6172e3e00ba0451d17d48883ac56808673d76266bbb4a719
B,los-angeles,2026-06-20,20260620T161503-0400,2026-06-20T20:15:03.370006+00:00,13:15:02.401004,795,settlement_window,F,M5_cutoff_change,1,DEFINED,DEFINED,hgb,hgb,"[46,47,48,49,50,51,52,53,54,55,56,57,58,59,60,61,62,63,64,65,66,67,68,69,70,71,72,73,74,75,76,77,78,79,80,81,82,83,84,85,86,87,88,89,90,91,92,93]","[0.0,0.0,0.0,0.0,0.0,0.0,0.0,0.0,0.0,0.0,0.0,0.0,0.0,0.0,0.0,0.0,0.0,0.0,0.0,0.0,0.0,0.0,0.31885359404240476,0.42813918736068846,0.12502862854918181,0.10896349076078858,0.013691798342048552,0.004051518038195365,0.0009358782153201916,0.00026493731601511916,4.1166012527125264e-05,2.0480834806829713e-05,7.555791410666443e-06,1.1568707908997982e-06,4.2726877539805375e-07,1.2626127190011107e-07,2.467172074718851e-08,2.4481328228974305e-08,3.3653639687106688e-09,3.8011245229568283e-10,1.2934173272045518e-09,5.184951484018066e-11,6.261771858269137e-11,2.312669327249341e-11,2.6121228416982886e-12,2.8388561052500928e-12,3.5630851140771353e-13,4.30307326205796e-13]","[0.0,0.0,0.0,0.0,0.0,0.0,0.0,0.0,0.0,0.0,0.0,0.0,0.0,0.0,0.0,0.0,0.0,0.0,0.0,0.0,0.0,0.0,0.0,0.7253700711005046,0.15123210723488048,0.1049775345497797,0.013428995079639964,0.0038802880487029965,0.0008316960285847323,0.00022024761526139283,3.354788641527082e-05,1.6684907954401945e-05,7.411862224634777e-06,9.24159011700716e-07,3.413209947978033e-07,1.162069243044941e-07,1.9708850151661097e-08,1.021226687227178e-08,2.68840000439274e-09,3.0365046037292514e-10,9.661647516086113e-10,4.141966135612572e-11,5.002177371538968e-11,1.8474614595455108e-11,2.0866780307826482e-12,7.157577626981038e-12,2.846348307463031e-13,3.4374832214807837e-13]",1.0,0.9999999999999998,0.646868724859667,0.31885359404240476,False,0.8852756905471694,"{""all_recovered_sources_strict_prior"":true,""current_captured_at_utc"":""2026-06-20T20:15:03.370006+00:00"",""recovered_source_captured_at_utc"":[""2026-06-20T20:13:53.284744+00:00""]}",bd23e346e7c5fa10552ceaaf4ff3e999c5d1f036338bad6a6c3320d75656693e
B,los-angeles,2026-06-20,20260620T161945-0400,2026-06-20T20:19:45.992095+00:00,13:19:45.138157,799,settlement_window,F,M5_cutoff_change,1,DEFINED,DEFINED,hgb,hgb,"[46,47,48,49,50,51,52,53,54,55,56,57,58,59,60,61,62,63,64,65,66,67,68,69,70,71,72,73,74,75,76,77,78,79,80,81,82,83,84,85,86,87,88,89,90,91,92,93]","[0.0,0.0,0.0,0.0,0.0,0.0,0.0,0.0,0.0,0.0,0.0,0.0,0.0,0.0,0.0,0.0,0.0,0.0,0.0,0.0,0.0,0.0,0.31885359404240476,0.42813918736068846,0.12502862854918181,0.10896349076078858,0.013691798342048552,0.004051518038195365,0.0009358782153201916,0.00026493731601511916,4.1166012527125264e-05,2.0480834806829713e-05,7.555791410666443e-06,1.1568707908997982e-06,4.2726877539805375e-07,1.2626127190011107e-07,2.467172074718851e-08,2.4481328228974305e-08,3.3653639687106688e-09,3.8011245229568283e-10,1.2934173272045518e-09,5.184951484018066e-11,6.261771858269137e-11,2.312669327249341e-11,2.6121228416982886e-12,2.8388561052500928e-12,3.5630851140771353e-13,4.30307326205796e-13]","[0.0,0.0,0.0,0.0,0.0,0.0,0.0,0.0,0.0,0.0,0.0,0.0,0.0,0.0,0.0,0.0,0.0,0.0,0.0,0.0,0.0,0.0,0.0,0.7253700711005046,0.15123210723488048,0.1049775345497797,0.013428995079639964,0.0038802880487029965,0.0008316960285847323,0.00022024761526139283,3.354788641527082e-05,1.6684907954401945e-05,7.411862224634777e-06,9.24159011700716e-07,3.413209947978033e-07,1.162069243044941e-07,1.9708850151661097e-08,1.021226687227178e-08,2.68840000439274e-09,3.0365046037292514e-10,9.661647516086113e-10,4.141966135612572e-11,5.002177371538968e-11,1.8474614595455108e-11,2.0866780307826482e-12,7.157577626981038e-12,2.846348307463031e-13,3.4374832214807837e-13]",1.0,0.9999999999999998,0.646868724859667,0.31885359404240476,False,0.8852756905471694,"{""all_recovered_sources_strict_prior"":true,""current_captured_at_utc"":""2026-06-20T20:19:45.992095+00:00"",""recovered_source_captured_at_utc"":[""2026-06-20T20:15:58.363357+00:00""]}",0886f5740a73854d4254184ba132b86c1d01e83718ca22e914dfcdf76fc5a2c9
B,los-angeles,2026-06-20,20260620T163537-0400,2026-06-20T20:35:37.157368+00:00,13:35:36.572869,815,settlement_window,F,M5_cutoff_change,1,DEFINED,DEFINED,hgb,hgb,"[46,47,48,49,50,51,52,53,54,55,56,57,58,59,60,61,62,63,64,65,66,67,68,69,70,71,72,73,74,75,76,77,78,79,80,81,82,83,84,85,86,87,88,89,90,91,92,93]","[0.0,0.0,0.0,0.0,0.0,0.0,0.0,0.0,0.0,0.0,0.0,0.0,0.0,0.0,0.0,0.0,0.0,0.0,0.0,0.0,0.0,0.0,0.264833790572856,0.4315043228366844,0.150277253381135,0.13282281743873908,0.015065339033582854,0.00418337540844644,0.0009662443640661411,0.0002735696876600565,4.2512488032807325e-05,2.115902093499646e-05,7.792215931168673e-06,1.1957260976708564e-06,4.4161926248129437e-07,1.302572152690125e-07,2.550035890258379e-08,2.4911038661614106e-08,3.4783949575031274e-09,3.928791208446922e-10,1.5180581239271272e-09,5.3590961526269785e-11,6.472083215766709e-11,2.3903439274528767e-11,2.6998550544365264e-12,2.897939701456653e-12,3.6827568753904087e-13,4.4475986774896655e-13]","[0.0,0.0,0.0,0.0,0.0,0.0,0.0,0.0,0.0,0.0,0.0,0.0,0.0,0.0,0.0,0.0,0.0,0.0,0.0,0.0,0.0,0.0,0.0,0.6797077041332463,0.17497639381600005,0.12645975809474697,0.013885385695966994,0.003866271809037584,0.0008268294928032648,0.00021894137740248242,3.3353519607154e-05,1.6587010029544387e-05,7.367599731234111e-06,9.187990676199149e-07,3.393413988380637e-07,1.1551738353283445e-07,1.9594542620844092e-08,1.0148532377280351e-08,2.6728078027175626e-09,3.018893462495957e-10,9.604235241746445e-10,4.1179435306383496e-11,4.973165707253666e-11,1.8367465392891188e-11,2.074575700536419e-12,3.405208993665417e-12,2.829840036084052e-13,3.417546481577201e-13]",1.0,1.0,0.5458050434638685,0.264833790572856,False,0.7416838912048369,"{""all_recovered_sources_strict_prior"":true,""current_captured_at_utc"":""2026-06-20T20:35:37.157368+00:00"",""recovered_source_captured_at_utc"":[""2026-06-20T20:34:36.040158+00:00""]}",b674de1fc60c6098b9a67b435ca3284f76e8e88477803cd8cea479ee6f376387
B,los-angeles,2026-06-20,20260620T163938-0400,2026-06-20T20:39:38.462973+00:00,13:39:37.828980,819,settlement_window,F,M5_cutoff_change,1,DEFINED,DEFINED,hgb,hgb,"[46,47,48,49,50,51,52,53,54,55,56,57,58,59,60,61,62,63,64,65,66,67,68,69,70,71,72,73,74,75,76,77,78,79,80,81,82,83,84,85,86,87,88,89,90,91,92,93]","[0.0,0.0,0.0,0.0,0.0,0.0,0.0,0.0,0.0,0.0,0.0,0.0,0.0,0.0,0.0,0.0,0.0,0.0,0.0,0.0,0.0,0.0,0.31885359404240476,0.42813918736068846,0.12502862854918181,0.10896349076078858,0.013691798342048552,0.004051518038195365,0.0009358782153201916,0.00026493731601511916,4.1166012527125264e-05,2.0480834806829713e-05,7.555791410666443e-06,1.1568707908997982e-06,4.2726877539805375e-07,1.2626127190011107e-07,2.467172074718851e-08,2.4481328228974305e-08,3.3653639687106688e-09,3.8011245229568283e-10,1.2934173272045518e-09,5.184951484018066e-11,6.261771858269137e-11,2.312669327249341e-11,2.6121228416982886e-12,2.8388561052500928e-12,3.5630851140771353e-13,4.30307326205796e-13]","[0.0,0.0,0.0,0.0,0.0,0.0,0.0,0.0,0.0,0.0,0.0,0.0,0.0,0.0,0.0,0.0,0.0,0.0,0.0,0.0,0.0,0.0,0.0,0.7253700711005046,0.15123210723488048,0.1049775345497797,0.013428995079639964,0.0038802880487029965,0.0008316960285847323,0.00022024761526139283,3.354788641527082e-05,1.6684907954401945e-05,7.411862224634777e-06,9.24159011700716e-07,3.413209947978033e-07,1.162069243044941e-07,1.9708850151661097e-08,1.021226687227178e-08,2.68840000439274e-09,3.0365046037292514e-10,9.661647516086113e-10,4.141966135612572e-11,5.002177371538968e-11,1.8474614595455108e-11,2.0866780307826482e-12,7.157577626981038e-12,2.846348307463031e-13,3.4374832214807837e-13]",1.0,0.9999999999999998,0.646868724859667,0.31885359404240476,False,0.8852756905471694,"{""all_recovered_sources_strict_prior"":true,""current_captured_at_utc"":""2026-06-20T20:39:38.462973+00:00"",""recovered_source_captured_at_utc"":[""2026-06-20T20:38:48.328769+00:00""]}",13a9f7e0e34388f6e3a15a37de604c4ec742a0d564bb105a235d128cd407b580
B,los-angeles,2026-06-20,20260620T164331-0400,2026-06-20T20:43:31.690598+00:00,13:43:31.003494,823,settlement_window,F,M5_cutoff_change,1,DEFINED,DEFINED,hgb,hgb,"[46,47,48,49,50,51,52,53,54,55,56,57,58,59,60,61,62,63,64,65,66,67,68,69,70,71,72,73,74,75,76,77,78,79,80,81,82,83,84,85,86,87,88,89,90,91,92,93]","[0.0,0.0,0.0,0.0,0.0,0.0,0.0,0.0,0.0,0.0,0.0,0.0,0.0,0.0,0.0,0.0,0.0,0.0,0.0,0.0,0.0,0.0,0.31885359404240476,0.42813918736068846,0.12502862854918181,0.10896349076078858,0.013691798342048552,0.004051518038195365,0.0009358782153201916,0.00026493731601511916,4.1166012527125264e-05,2.0480834806829713e-05,7.555791410666443e-06,1.1568707908997982e-06,4.2726877539805375e-07,1.2626127190011107e-07,2.467172074718851e-08,2.4481328228974305e-08,3.3653639687106688e-09,3.8011245229568283e-10,1.2934173272045518e-09,5.184951484018066e-11,6.261771858269137e-11,2.312669327249341e-11,2.6121228416982886e-12,2.8388561052500928e-12,3.5630851140771353e-13,4.30307326205796e-13]","[0.0,0.0,0.0,0.0,0.0,0.0,0.0,0.0,0.0,0.0,0.0,0.0,0.0,0.0,0.0,0.0,0.0,0.0,0.0,0.0,0.0,0.0,0.0,0.7253700711005046,0.15123210723488048,0.1049775345497797,0.013428995079639964,0.0038802880487029965,0.0008316960285847323,0.00022024761526139283,3.354788641527082e-05,1.6684907954401945e-05,7.411862224634777e-06,9.24159011700716e-07,3.413209947978033e-07,1.162069243044941e-07,1.9708850151661097e-08,1.021226687227178e-08,2.68840000439274e-09,3.0365046037292514e-10,9.661647516086113e-10,4.141966135612572e-11,5.002177371538968e-11,1.8474614595455108e-11,2.0866780307826482e-12,7.157577626981038e-12,2.846348307463031e-13,3.4374832214807837e-13]",1.0,0.9999999999999998,0.646868724859667,0.31885359404240476,False,0.8852756905471694,"{""all_recovered_sources_strict_prior"":true,""current_captured_at_utc"":""2026-06-20T20:43:31.690598+00:00"",""recovered_source_captured_at_utc"":[""2026-06-20T20:42:34.099045+00:00""]}",c39685a0f28fe2f42d134a72b40e10c2d3de7f08fe66374c5ea538507713a37c
B,los-angeles,2026-06-20,20260620T164539-0400,2026-06-20T20:45:39.075180+00:00,13:45:38.396886,825,settlement_window,F,M5_cutoff_change,1,DEFINED,DEFINED,hgb,hgb,"[46,47,48,49,50,51,52,53,54,55,56,57,58,59,60,61,62,63,64,65,66,67,68,69,70,71,72,73,74,75,76,77,78,79,80,81,82,83,84,85,86,87,88,89,90,91,92,93]","[0.0,0.0,0.0,0.0,0.0,0.0,0.0,0.0,0.0,0.0,0.0,0.0,0.0,0.0,0.0,0.0,0.0,0.0,0.0,0.0,0.0,0.0,0.31885359404240476,0.42813918736068846,0.12502862854918181,0.10896349076078858,0.013691798342048552,0.004051518038195365,0.0009358782153201916,0.00026493731601511916,4.1166012527125264e-05,2.0480834806829713e-05,7.555791410666443e-06,1.1568707908997982e-06,4.2726877539805375e-07,1.2626127190011107e-07,2.467172074718851e-08,2.4481328228974305e-08,3.3653639687106688e-09,3.8011245229568283e-10,1.2934173272045518e-09,5.184951484018066e-11,6.261771858269137e-11,2.312669327249341e-11,2.6121228416982886e-12,2.8388561052500928e-12,3.5630851140771353e-13,4.30307326205796e-13]","[0.0,0.0,0.0,0.0,0.0,0.0,0.0,0.0,0.0,0.0,0.0,0.0,0.0,0.0,0.0,0.0,0.0,0.0,0.0,0.0,0.0,0.0,0.0,0.7253700711005046,0.15123210723488048,0.1049775345497797,0.013428995079639964,0.0038802880487029965,0.0008316960285847323,0.00022024761526139283,3.354788641527082e-05,1.6684907954401945e-05,7.411862224634777e-06,9.24159011700716e-07,3.413209947978033e-07,1.162069243044941e-07,1.9708850151661097e-08,1.021226687227178e-08,2.68840000439274e-09,3.0365046037292514e-10,9.661647516086113e-10,4.141966135612572e-11,5.002177371538968e-11,1.8474614595455108e-11,2.0866780307826482e-12,7.157577626981038e-12,2.846348307463031e-13,3.4374832214807837e-13]",1.0,0.9999999999999998,0.646868724859667,0.31885359404240476,False,0.8852756905471694,"{""all_recovered_sources_strict_prior"":true,""current_captured_at_utc"":""2026-06-20T20:45:39.075180+00:00"",""recovered_source_captured_at_utc"":[""2026-06-20T20:44:41.933837+00:00""]}",d9d48735be437b3441a74c0f0cc3399c9ba6b2723ed5491ea666721c3a989df9
B,los-angeles,2026-06-20,20260620T170242-0400,2026-06-20T21:02:42.940481+00:00,14:02:42.141736,842,peak_heating_window,F,M5_cutoff_change,1,DEFINED,DEFINED,hgb,hgb,"[46,47,48,49,50,51,52,53,54,55,56,57,58,59,60,61,62,63,64,65,66,67,68,69,70,71,72,73,74,75,76,77,78,79,80,81,82,83,84,85,86,87,88,89,90,91,92,93]","[0.0,0.0,0.0,0.0,0.0,0.0,0.0,0.0,0.0,0.0,0.0,0.0,0.0,0.0,0.0,0.0,0.0,0.0,0.0,0.0,0.0,0.0,0.0,0.4552179993154058,0.2801042300756541,0.2339361346971373,0.02317184447787819,0.005901836491873429,0.0012487326745919452,0.00033057530813001483,5.0356042142086245e-05,2.5043598749822025e-05,1.1122359874742902e-05,1.3872087130722663e-06,5.123398159226539e-07,1.7439314842018022e-07,2.9583965863954532e-08,1.531776324326521e-08,4.0354223278676065e-09,4.557944672124659e-10,1.4497348521470526e-09,6.217297499483526e-11,7.508517415592724e-11,2.7731316811275045e-11,3.1322076710058513e-12,5.139688053116862e-12,4.2725105988902164e-13,5.159833551914898e-13]","[0.0,0.0,0.0,0.0,0.0,0.0,0.0,0.0,0.0,0.0,0.0,0.0,0.0,0.0,0.0,0.0,0.0,0.0,0.0,0.0,0.0,0.0,0.0,0.0,0.7410874096688306,0.22999407100903635,0.027430937708767283,0.001238999786209524,0.00019406349087198327,4.963983970279918e-05,3.1588966168683036e-06,1.2212780797250433e-06,4.5733110515057103e-07,2.7941687411098907e-08,7.823672475107696e-09,4.246737576308179e-09,2.044586406828145e-10,7.516969212524107e-10,1.602955742953266e-11,9.87420737659212e-13,5.299506612259463e-12,7.741378583248223e-14,9.852663651406829e-14,2.758745822393912e-14,1.6993874265946504e-15,4.733402097610183e-15,1.332319742450206e-16,1.6956796722093534e-16]",1.0000000000000002,1.0,0.9304845456481315,0.4609831795931765,True,1.1723164920235813,"{""all_recovered_sources_strict_prior"":true,""current_captured_at_utc"":""2026-06-20T21:02:42.940481+00:00"",""recovered_source_captured_at_utc"":[""2026-06-20T21:01:38.922098+00:00""]}",946db4e3c975c44c845aed70560044df591e8d36b397d9b1104badb6c40645d2
B,los-angeles,2026-06-20,20260620T170539-0400,2026-06-20T21:05:39.990167+00:00,14:05:39.185129,845,peak_heating_window,F,M5_cutoff_change,1,DEFINED,DEFINED,hgb,hgb,"[46,47,48,49,50,51,52,53,54,55,56,57,58,59,60,61,62,63,64,65,66,67,68,69,70,71,72,73,74,75,76,77,78,79,80,81,82,83,84,85,86,87,88,89,90,91,92,93]","[0.0,0.0,0.0,0.0,0.0,0.0,0.0,0.0,0.0,0.0,0.0,0.0,0.0,0.0,0.0,0.0,0.0,0.0,0.0,0.0,0.0,0.0,0.0,0.4552179993154058,0.2801042300756541,0.2339361346971373,0.02317184447787819,0.005901836491873429,0.0012487326745919452,0.00033057530813001483,5.0356042142086245e-05,2.5043598749822025e-05,1.1122359874742902e-05,1.3872087130722663e-06,5.123398159226539e-07,1.7439314842018022e-07,2.9583965863954532e-08,1.531776324326521e-08,4.0354223278676065e-09,4.557944672124659e-10,1.4497348521470526e-09,6.217297499483526e-11,7.508517415592724e-11,2.7731316811275045e-11,3.1322076710058513e-12,5.139688053116862e-12,4.2725105988902164e-13,5.159833551914898e-13]","[0.0,0.0,0.0,0.0,0.0,0.0,0.0,0.0,0.0,0.0,0.0,0.0,0.0,0.0,0.0,0.0,0.0,0.0,0.0,0.0,0.0,0.0,0.0,0.0,0.7410874096688306,0.22999407100903635,0.027430937708767283,0.001238999786209524,0.00019406349087198327,4.963983970279918e-05,3.1588966168683036e-06,1.2212780797250433e-06,4.5733110515057103e-07,2.7941687411098907e-08,7.823672475107696e-09,4.246737576308179e-09,2.044586406828145e-10,7.516969212524107e-10,1.602955742953266e-11,9.87420737659212e-13,5.299506612259463e-12,7.741378583248223e-14,9.852663651406829e-14,2.758745822393912e-14,1.6993874265946504e-15,4.733402097610183e-15,1.332319742450206e-16,1.6956796722093534e-16]",1.0000000000000002,1.0,0.9304845456481315,0.4609831795931765,True,1.1723164920235813,"{""all_recovered_sources_strict_prior"":true,""current_captured_at_utc"":""2026-06-20T21:05:39.990167+00:00"",""recovered_source_captured_at_utc"":[""2026-06-20T21:04:46.673671+00:00""]}",6980b65dac0d688bbc299e7f4a8def4da71fab47f73d3eb29c397847e5c6d361
B,los-angeles,2026-06-20,20260620T170841-0400,2026-06-20T21:08:41.044191+00:00,14:08:40.461746,848,peak_heating_window,F,M5_cutoff_change,1,DEFINED,DEFINED,hgb,hgb,"[46,47,48,49,50,51,52,53,54,55,56,57,58,59,60,61,62,63,64,65,66,67,68,69,70,71,72,73,74,75,76,77,78,79,80,81,82,83,84,85,86,87,88,89,90,91,92,93]","[0.0,0.0,0.0,0.0,0.0,0.0,0.0,0.0,0.0,0.0,0.0,0.0,0.0,0.0,0.0,0.0,0.0,0.0,0.0,0.0,0.0,0.0,0.0,0.45524461787230674,0.2800882701595223,0.23393085993808757,0.023167986941276728,0.005900671485967608,0.0012484920269729182,0.0003304752766105774,5.034437185286005e-05,2.5036715629732463e-05,1.1120780599451084e-05,1.3868509716487547e-06,5.122076907612829e-07,1.743639074534918e-07,2.9576336579361987e-08,1.5318367730497512e-08,4.034381649767449e-09,4.556769242933704e-10,1.4496796357731273e-09,6.215694146767455e-11,7.506581075600477e-11,2.772416529855858e-11,3.131399919136648e-12,5.139880489610549e-12,4.2714087790925095e-13,5.158502904130934e-13]","[0.0,0.0,0.0,0.0,0.0,0.0,0.0,0.0,0.0,0.0,0.0,0.0,0.0,0.0,0.0,0.0,0.0,0.0,0.0,0.0,0.0,0.0,0.0,0.0,0.7277135599323239,0.23288192711696093,0.037869980203335755,0.0012803272444475958,0.00019804961787793144,5.1075831541186956e-05,3.289816427950647e-06,1.2759254919469817e-06,4.714116170357578e-07,2.9360660251405362e-08,8.220984870393503e-09,4.325937034470638e-09,2.1484173794628358e-10,7.540168677808338e-10,1.6843592254988634e-11,1.0375652829073003e-12,5.432942283364739e-12,8.134511817993235e-14,1.0353015041082298e-13,2.8988442115030436e-14,1.7856880342858754e-15,4.767156222565638e-15,1.3999794188801266e-16,1.7817919876656153e-16]",0.9999999999999999,1.0,0.9246545660697213,0.45524461787230674,True,1.1547320763247613,"{""all_recovered_sources_strict_prior"":true,""current_captured_at_utc"":""2026-06-20T21:08:41.044191+00:00"",""recovered_source_captured_at_utc"":[""2026-06-20T21:07:43.197472+00:00""]}",4e0d8404d2aff429e0d249148a71204f75c420114156268048364f76b9c6e5c8
B,los-angeles,2026-06-20,20260620T171231-0400,2026-06-20T21:12:31.233341+00:00,14:12:30.697972,852,peak_heating_window,F,M5_cutoff_change,1,DEFINED,DEFINED,hgb,hgb,"[46,47,48,49,50,51,52,53,54,55,56,57,58,59,60,61,62,63,64,65,66,67,68,69,70,71,72,73,74,75,76,77,78,79,80,81,82,83,84,85,86,87,88,89,90,91,92,93]","[0.0,0.0,0.0,0.0,0.0,0.0,0.0,0.0,0.0,0.0,0.0,0.0,0.0,0.0,0.0,0.0,0.0,0.0,0.0,0.0,0.0,0.0,0.0,0.45524461787230674,0.2800882701595223,0.23393085993808757,0.023167986941276728,0.005900671485967608,0.0012484920269729182,0.0003304752766105774,5.034437185286005e-05,2.5036715629732463e-05,1.1120780599451084e-05,1.3868509716487547e-06,5.122076907612829e-07,1.743639074534918e-07,2.9576336579361987e-08,1.5318367730497512e-08,4.034381649767449e-09,4.556769242933704e-10,1.4496796357731273e-09,6.215694146767455e-11,7.506581075600477e-11,2.772416529855858e-11,3.131399919136648e-12,5.139880489610549e-12,4.2714087790925095e-13,5.158502904130934e-13]","[0.0,0.0,0.0,0.0,0.0,0.0,0.0,0.0,0.0,0.0,0.0,0.0,0.0,0.0,0.0,0.0,0.0,0.0,0.0,0.0,0.0,0.0,0.0,0.0,0.7277135599323239,0.23288192711696093,0.037869980203335755,0.0012803272444475958,0.00019804961787793144,5.1075831541186956e-05,3.289816427950647e-06,1.2759254919469817e-06,4.714116170357578e-07,2.9360660251405362e-08,8.220984870393503e-09,4.325937034470638e-09,2.1484173794628358e-10,7.540168677808338e-10,1.6843592254988634e-11,1.0375652829073003e-12,5.432942283364739e-12,8.134511817993235e-14,1.0353015041082298e-13,2.8988442115030436e-14,1.7856880342858754e-15,4.767156222565638e-15,1.3999794188801266e-16,1.7817919876656153e-16]",0.9999999999999999,1.0,0.9246545660697213,0.45524461787230674,True,1.1547320763247613,"{""all_recovered_sources_strict_prior"":true,""current_captured_at_utc"":""2026-06-20T21:12:31.233341+00:00"",""recovered_source_captured_at_utc"":[""2026-06-20T21:10:52.327265+00:00""]}",0eee300ade9e2fc298013d9ae57940331c2dab5bd76882dbb83ab436934d7c2a
B,los-angeles,2026-06-20,20260620T171945-0400,2026-06-20T21:19:45.776502+00:00,14:19:45.225003,859,peak_heating_window,F,M5_cutoff_change,1,DEFINED,DEFINED,hgb,hgb,"[46,47,48,49,50,51,52,53,54,55,56,57,58,59,60,61,62,63,64,65,66,67,68,69,70,71,72,73,74,75,76,77,78,79,80,81,82,83,84,85,86,87,88,89,90,91,92,93]","[0.0,0.0,0.0,0.0,0.0,0.0,0.0,0.0,0.0,0.0,0.0,0.0,0.0,0.0,0.0,0.0,0.0,0.0,0.0,0.0,0.0,0.0,0.0,0.4552179993154058,0.2801042300756541,0.2339361346971373,0.02317184447787819,0.005901836491873429,0.0012487326745919452,0.00033057530813001483,5.0356042142086245e-05,2.5043598749822025e-05,1.1122359874742902e-05,1.3872087130722663e-06,5.123398159226539e-07,1.7439314842018022e-07,2.9583965863954532e-08,1.531776324326521e-08,4.0354223278676065e-09,4.557944672124659e-10,1.4497348521470526e-09,6.217297499483526e-11,7.508517415592724e-11,2.7731316811275045e-11,3.1322076710058513e-12,5.139688053116862e-12,4.2725105988902164e-13,5.159833551914898e-13]","[0.0,0.0,0.0,0.0,0.0,0.0,0.0,0.0,0.0,0.0,0.0,0.0,0.0,0.0,0.0,0.0,0.0,0.0,0.0,0.0,0.0,0.0,0.0,0.0,0.7410874096688306,0.22999407100903635,0.027430937708767283,0.001238999786209524,0.00019406349087198327,4.963983970279918e-05,3.1588966168683036e-06,1.2212780797250433e-06,4.5733110515057103e-07,2.7941687411098907e-08,7.823672475107696e-09,4.246737576308179e-09,2.044586406828145e-10,7.516969212524107e-10,1.602955742953266e-11,9.87420737659212e-13,5.299506612259463e-12,7.741378583248223e-14,9.852663651406829e-14,2.758745822393912e-14,1.6993874265946504e-15,4.733402097610183e-15,1.332319742450206e-16,1.6956796722093534e-16]",1.0000000000000002,1.0,0.9304845456481315,0.4609831795931765,True,1.1723164920235813,"{""all_recovered_sources_strict_prior"":true,""current_captured_at_utc"":""2026-06-20T21:19:45.776502+00:00"",""recovered_source_captured_at_utc"":[""2026-06-20T21:17:57.781200+00:00""]}",efb9b9b80485124c4799ff8c8aad87800602400019880d73ce33104d3a5e3915
B,los-angeles,2026-06-20,20260620T173308-0400,2026-06-20T21:33:08.113481+00:00,14:33:07.584130,873,peak_heating_window,F,M5_cutoff_change,1,DEFINED,DEFINED,hgb,hgb,"[46,47,48,49,50,51,52,53,54,55,56,57,58,59,60,61,62,63,64,65,66,67,68,69,70,71,72,73,74,75,76,77,78,79,80,81,82,83,84,85,86,87,88,89,90,91,92,93]","[0.0,0.0,0.0,0.0,0.0,0.0,0.0,0.0,0.0,0.0,0.0,0.0,0.0,0.0,0.0,0.0,0.0,0.0,0.0,0.0,0.0,0.0,0.0,0.43254258991976796,0.2661208963813149,0.22226525267380687,0.05960134440162146,0.015179909861283886,0.003211837242091899,0.0008501718698052193,0.00012951458635966653,6.440878591288221e-05,2.860902314054172e-05,3.5677757676777134e-06,1.3176918244818428e-06,4.4856393115591596e-07,7.608729351725392e-08,3.940762367875169e-08,1.0378742476195503e-08,1.1722622845705084e-09,3.7294071108868604e-09,1.5990328744384837e-10,1.931122997865877e-10,7.132244715068081e-11,8.05575579409352e-12,1.3222719264342405e-11,1.0988512138239868e-12,1.3270626790543647e-12]","[0.0,0.0,0.0,0.0,0.0,0.0,0.0,0.0,0.0,0.0,0.0,0.0,0.0,0.0,0.0,0.0,0.0,0.0,0.0,0.0,0.0,0.0,0.0,0.0,0.6607613298171773,0.2114559633415386,0.12280645581029265,0.004151902122043297,0.0006422441077492077,0.00016563097776809037,1.0668363004517994e-05,4.1376279232966375e-06,1.5287145545130484e-06,9.521205467669149e-08,2.665937530947362e-08,1.402834098167898e-08,6.966983414209107e-10,2.445159428554066e-09,5.46211499673994e-11,3.364662837991804e-12,1.7618186829237697e-11,2.637895664985575e-13,3.3573217554361863e-13,9.400500915221321e-14,5.7907085637763356e-15,1.5459146185022318e-14,4.539915514000647e-16,5.77807429054628e-16]",1.0,1.0,0.9156910896890671,0.43254258991976796,True,1.050394366682639,"{""all_recovered_sources_strict_prior"":true,""current_captured_at_utc"":""2026-06-20T21:33:08.113481+00:00"",""recovered_source_captured_at_utc"":[""2026-06-20T21:32:04.174920+00:00""]}",fbf04aa82c2b023e218cc5365e8d09e76ef4019f072204eb04d5ce6f774e42a0
B,los-angeles,2026-06-20,20260620T173710-0400,2026-06-20T21:37:10.837553+00:00,14:37:10.151837,877,peak_heating_window,F,M5_cutoff_change,1,DEFINED,DEFINED,hgb,hgb,"[46,47,48,49,50,51,52,53,54,55,56,57,58,59,60,61,62,63,64,65,66,67,68,69,70,71,72,73,74,75,76,77,78,79,80,81,82,83,84,85,86,87,88,89,90,91,92,93]","[0.0,0.0,0.0,0.0,0.0,0.0,0.0,0.0,0.0,0.0,0.0,0.0,0.0,0.0,0.0,0.0,0.0,0.0,0.0,0.0,0.0,0.0,0.0,0.4552179993154058,0.2801042300756541,0.2339361346971373,0.02317184447787819,0.005901836491873429,0.0012487326745919452,0.00033057530813001483,5.0356042142086245e-05,2.5043598749822025e-05,1.1122359874742902e-05,1.3872087130722663e-06,5.123398159226539e-07,1.7439314842018022e-07,2.9583965863954532e-08,1.531776324326521e-08,4.0354223278676065e-09,4.557944672124659e-10,1.4497348521470526e-09,6.217297499483526e-11,7.508517415592724e-11,2.7731316811275045e-11,3.1322076710058513e-12,5.139688053116862e-12,4.2725105988902164e-13,5.159833551914898e-13]","[0.0,0.0,0.0,0.0,0.0,0.0,0.0,0.0,0.0,0.0,0.0,0.0,0.0,0.0,0.0,0.0,0.0,0.0,0.0,0.0,0.0,0.0,0.0,0.0,0.7410874096688306,0.22999407100903635,0.027430937708767283,0.001238999786209524,0.00019406349087198327,4.963983970279918e-05,3.1588966168683036e-06,1.2212780797250433e-06,4.5733110515057103e-07,2.7941687411098907e-08,7.823672475107696e-09,4.246737576308179e-09,2.044586406828145e-10,7.516969212524107e-10,1.602955742953266e-11,9.87420737659212e-13,5.299506612259463e-12,7.741378583248223e-14,9.852663651406829e-14,2.758745822393912e-14,1.6993874265946504e-15,4.733402097610183e-15,1.332319742450206e-16,1.6956796722093534e-16]",1.0000000000000002,1.0,0.9304845456481315,0.4609831795931765,True,1.1723164920235813,"{""all_recovered_sources_strict_prior"":true,""current_captured_at_utc"":""2026-06-20T21:37:10.837553+00:00"",""recovered_source_captured_at_utc"":[""2026-06-20T21:36:07.276702+00:00""]}",525afd8e9e75875b5a74223a6bfe8d33708310f61a7530dd660cd78a9f63d79e
B,los-angeles,2026-06-20,20260620T173920-0400,2026-06-20T21:39:20.848691+00:00,14:39:20.447027,879,peak_heating_window,F,M5_cutoff_change,1,DEFINED,DEFINED,hgb,hgb,"[46,47,48,49,50,51,52,53,54,55,56,57,58,59,60,61,62,63,64,65,66,67,68,69,70,71,72,73,74,75,76,77,78,79,80,81,82,83,84,85,86,87,88,89,90,91,92,93]","[0.0,0.0,0.0,0.0,0.0,0.0,0.0,0.0,0.0,0.0,0.0,0.0,0.0,0.0,0.0,0.0,0.0,0.0,0.0,0.0,0.0,0.0,0.0,0.4552179993154058,0.2801042300756541,0.2339361346971373,0.02317184447787819,0.005901836491873429,0.0012487326745919452,0.00033057530813001483,5.0356042142086245e-05,2.5043598749822025e-05,1.1122359874742902e-05,1.3872087130722663e-06,5.123398159226539e-07,1.7439314842018022e-07,2.9583965863954532e-08,1.531776324326521e-08,4.0354223278676065e-09,4.557944672124659e-10,1.4497348521470526e-09,6.217297499483526e-11,7.508517415592724e-11,2.7731316811275045e-11,3.1322076710058513e-12,5.139688053116862e-12,4.2725105988902164e-13,5.159833551914898e-13]","[0.0,0.0,0.0,0.0,0.0,0.0,0.0,0.0,0.0,0.0,0.0,0.0,0.0,0.0,0.0,0.0,0.0,0.0,0.0,0.0,0.0,0.0,0.0,0.0,0.7410874096688306,0.22999407100903635,0.027430937708767283,0.001238999786209524,0.00019406349087198327,4.963983970279918e-05,3.1588966168683036e-06,1.2212780797250433e-06,4.5733110515057103e-07,2.7941687411098907e-08,7.823672475107696e-09,4.246737576308179e-09,2.044586406828145e-10,7.516969212524107e-10,1.602955742953266e-11,9.87420737659212e-13,5.299506612259463e-12,7.741378583248223e-14,9.852663651406829e-14,2.758745822393912e-14,1.6993874265946504e-15,4.733402097610183e-15,1.332319742450206e-16,1.6956796722093534e-16]",1.0000000000000002,1.0,0.9304845456481315,0.4609831795931765,True,1.1723164920235813,"{""all_recovered_sources_strict_prior"":true,""current_captured_at_utc"":""2026-06-20T21:39:20.848691+00:00"",""recovered_source_captured_at_utc"":[""2026-06-20T21:38:15.422030+00:00""]}",45faca02d277e8a3450499a980622a30cbe66adefcd536b479f42fbbe0250580
B,miami,2026-06-20,20260620T123540-0400,2026-06-20T16:35:40.930277+00:00,12:35:40.566628,755,settlement_window,F,M5_cutoff_change,1,DEFINED,DEFINED,hgb,hgb,"[46,47,48,49,50,51,52,53,54,55,56,57,58,59,60,61,62,63,64,65,66,67,68,69,70,71,72,73,74,75,76,77,78,79,80,81,82,83,84,85,86,87,88,89,90,91,92,93,94,95,96,97,98,99,100]","[0.0,0.0,0.0,0.0,0.0,0.0,0.0,0.0,0.0,0.0,0.0,0.0,0.0,0.0,0.0,0.0,0.0,0.0,0.0,0.0,0.0,0.0,0.0,0.0,0.0,0.0,0.0,0.0,0.0,0.0,0.0,0.0,0.0,0.0,0.0,0.0,0.0,0.0,0.0,0.0,0.0,0.0,0.0,0.004001133402195906,0.0016142538156608754,0.01127473858343165,0.1305032803412404,0.8149711884676174,0.033327786648842284,0.003715182530860352,0.00035771713701047135,0.0002055251946274897,2.5253420638145606e-05,2.8776508957336697e-06,1.0628069794020715e-06]","[0.0,0.0,0.0,0.0,0.0,0.0,0.0,0.0,0.0,0.0,0.0,0.0,0.0,0.0,0.0,0.0,0.0,0.0,0.0,0.0,0.0,0.0,0.0,0.0,0.0,0.0,0.0,0.0,0.0,0.0,0.0,0.0,0.0,0.0,0.0,0.0,0.0,0.0,0.0,0.0,0.0,0.0,0.0,0.0,0.0,0.0,0.0,0.3235527578893029,0.6427726441136392,0.03356611439334394,9.199638911541359e-05,1.266135942187939e-05,3.5432999452423773e-06,2.2074627573607627e-07,6.180895570220716e-08]",1.0,1.0,1.2785915786545612,0.6094448574647969,True,0.8193270193673587,"{""all_recovered_sources_strict_prior"":true,""current_captured_at_utc"":""2026-06-20T16:35:40.930277+00:00"",""recovered_source_captured_at_utc"":[""2026-06-20T16:34:10.660600+00:00""]}",ffc0671514796fb1455ddbaa01d33b6db09615254962ce663b2403e927caa0ee
B,nyc,2026-06-20,20260620T122819-0400,2026-06-20T16:28:19.414055+00:00,12:28:18.871132,748,settlement_window,F,M5_cutoff_change,1,DEFINED,DEFINED,hgb,hgb,"[46,47,48,49,50,51,52,53,54,55,56,57,58,59,60,61,62,63,64,65,66,67,68,69,70,71,72,73,74,75,76,77,78,79,80,81,82,83,84,85,86,87,88,89,90,91,92,93,94,95,96,97,98,99,100]","[0.0,0.0,0.0,0.0,0.0,0.0,0.0,0.0,0.0,0.0,0.0,0.0,0.0,0.0,0.0,0.0,0.0,0.0,0.0,0.0,0.0,0.0,0.0,0.0,0.0,0.0,0.0,0.0,0.0,0.0017830037962915418,0.0017429560578965323,0.0077238430926049465,0.05520149296205694,0.0366573183890407,0.04158018721182986,0.5602352642534001,0.09540759725790064,0.07631518755085678,0.04920140956462422,0.0643547630541637,0.006469126396731183,0.0022203724668958514,0.0008485943688941831,0.0001862810401961192,4.699641393766194e-05,2.028236274800331e-05,3.2420729868254856e-06,1.608782806982948e-06,4.4249446570875554e-07,1.5871045612695947e-08,1.123601074080446e-08,1.9418982182223823e-09,1.1571624824790068e-09,5.216692603213495e-11,1.5138756186630433e-10]","[0.0,0.0,0.0,0.0,0.0,0.0,0.0,0.0,0.0,0.0,0.0,0.0,0.0,0.0,0.0,0.0,0.0,0.0,0.0,0.0,0.0,0.0,0.0,0.0,0.0,0.0,0.0,0.0,0.0,0.0,0.0,0.010859928733063488,0.10057318302572109,0.038231201073297,0.163472864451703,0.1571564901074649,0.19977227096284864,0.09413615234358635,0.08211129745966936,0.1378902986312533,0.00978369491794983,0.003458638813661516,0.0015876651557581306,0.0007242462513995126,0.00014490731410242208,7.542574583668476e-05,1.14006029951807e-05,6.600481780093256e-06,3.1815630919726956e-06,4.246161574091757e-07,8.656886646944866e-08,1.9078188829512002e-08,1.2213373126648962e-08,8.456791690287638e-10,9.042552331901157e-09]",1.0,1.0,0.8132094680002463,0.4030787741459352,True,0.6023251753803799,"{""all_recovered_sources_strict_prior"":true,""current_captured_at_utc"":""2026-06-20T16:28:19.414055+00:00"",""recovered_source_captured_at_utc"":[""2026-06-20T16:27:18.777418+00:00""]}",e5592dac1277009aac423c62c81bfb2c2984d70cefeb5a60373e98c6e595e102
B,nyc,2026-06-20,20260620T123325-0400,2026-06-20T16:33:25.979441+00:00,12:33:25.465526,753,settlement_window,F,M5_cutoff_change,1,DEFINED,DEFINED,hgb,hgb,"[46,47,48,49,50,51,52,53,54,55,56,57,58,59,60,61,62,63,64,65,66,67,68,69,70,71,72,73,74,75,76,77,78,79,80,81,82,83,84,85,86,87,88,89,90,91,92,93,94,95,96,97,98,99,100]","[0.0,0.0,0.0,0.0,0.0,0.0,0.0,0.0,0.0,0.0,0.0,0.0,0.0,0.0,0.0,0.0,0.0,0.0,0.0,0.0,0.0,0.0,0.0,0.0,0.0,0.0,0.0,0.0,0.0,0.0017830037962915418,0.0017429560578965323,0.0077238430926049465,0.05520149296205694,0.0366573183890407,0.04158018721182986,0.5602352642534001,0.09540759725790064,0.07631518755085678,0.04920140956462422,0.0643547630541637,0.006469126396731183,0.0022203724668958514,0.0008485943688941831,0.0001862810401961192,4.699641393766194e-05,2.028236274800331e-05,3.2420729868254856e-06,1.608782806982948e-06,4.4249446570875554e-07,1.5871045612695947e-08,1.123601074080446e-08,1.9418982182223823e-09,1.1571624824790068e-09,5.216692603213495e-11,1.5138756186630433e-10]","[0.0,0.0,0.0,0.0,0.0,0.0,0.0,0.0,0.0,0.0,0.0,0.0,0.0,0.0,0.0,0.0,0.0,0.0,0.0,0.0,0.0,0.0,0.0,0.0,0.0,0.0,0.0,0.0,0.0,0.0,0.0,0.010859928733063488,0.10057318302572109,0.038231201073297,0.163472864451703,0.1571564901074649,0.19977227096284864,0.09413615234358635,0.08211129745966936,0.1378902986312533,0.00978369491794983,0.003458638813661516,0.0015876651557581306,0.0007242462513995126,0.00014490731410242208,7.542574583668476e-05,1.14006029951807e-05,6.600481780093256e-06,3.1815630919726956e-06,4.246161574091757e-07,8.656886646944866e-08,1.9078188829512002e-08,1.2213373126648962e-08,8.456791690287638e-10,9.042552331901157e-09]",1.0,1.0,0.8132094680002463,0.4030787741459352,True,0.6023251753803799,"{""all_recovered_sources_strict_prior"":true,""current_captured_at_utc"":""2026-06-20T16:33:25.979441+00:00"",""recovered_source_captured_at_utc"":[""2026-06-20T16:32:18.632828+00:00""]}",d48c47d91bc3d5c990580a4c6990c3ce2f8408c4efa57feda079d07fdbef8be6
B,nyc,2026-06-20,20260620T123518-0400,2026-06-20T16:35:18.106163+00:00,12:35:17.659663,755,settlement_window,F,M5_cutoff_change,1,DEFINED,DEFINED,hgb,hgb,"[46,47,48,49,50,51,52,53,54,55,56,57,58,59,60,61,62,63,64,65,66,67,68,69,70,71,72,73,74,75,76,77,78,79,80,81,82,83,84,85,86,87,88,89,90,91,92,93,94,95,96,97,98,99,100]","[0.0,0.0,0.0,0.0,0.0,0.0,0.0,0.0,0.0,0.0,0.0,0.0,0.0,0.0,0.0,0.0,0.0,0.0,0.0,0.0,0.0,0.0,0.0,0.0,0.0,0.0,0.0,0.0,0.0,0.0017830037962915418,0.0017429560578965323,0.0077238430926049465,0.05520149296205694,0.0366573183890407,0.04158018721182986,0.5602352642534001,0.09540759725790064,0.07631518755085678,0.04920140956462422,0.0643547630541637,0.006469126396731183,0.0022203724668958514,0.0008485943688941831,0.0001862810401961192,4.699641393766194e-05,2.028236274800331e-05,3.2420729868254856e-06,1.608782806982948e-06,4.4249446570875554e-07,1.5871045612695947e-08,1.123601074080446e-08,1.9418982182223823e-09,1.1571624824790068e-09,5.216692603213495e-11,1.5138756186630433e-10]","[0.0,0.0,0.0,0.0,0.0,0.0,0.0,0.0,0.0,0.0,0.0,0.0,0.0,0.0,0.0,0.0,0.0,0.0,0.0,0.0,0.0,0.0,0.0,0.0,0.0,0.0,0.0,0.0,0.0,0.0,0.0,0.010859928733063488,0.10057318302572109,0.038231201073297,0.163472864451703,0.1571564901074649,0.19977227096284864,0.09413615234358635,0.08211129745966936,0.1378902986312533,0.00978369491794983,0.003458638813661516,0.0015876651557581306,0.0007242462513995126,0.00014490731410242208,7.542574583668476e-05,1.14006029951807e-05,6.600481780093256e-06,3.1815630919726956e-06,4.246161574091757e-07,8.656886646944866e-08,1.9078188829512002e-08,1.2213373126648962e-08,8.456791690287638e-10,9.042552331901157e-09]",1.0,1.0,0.8132094680002463,0.4030787741459352,True,0.6023251753803799,"{""all_recovered_sources_strict_prior"":true,""current_captured_at_utc"":""2026-06-20T16:35:18.106163+00:00"",""recovered_source_captured_at_utc"":[""2026-06-20T16:34:23.563878+00:00""]}",6fda0c64132472ca5b08f83325f9ce94ca55335b012f1a4540c82f80287516fd
B,nyc,2026-06-20,20260620T130427-0400,2026-06-20T17:04:27.180394+00:00,13:04:26.505407,784,settlement_window,F,M5_cutoff_change,1,DEFINED,DEFINED,hgb,hgb,"[46,47,48,49,50,51,52,53,54,55,56,57,58,59,60,61,62,63,64,65,66,67,68,69,70,71,72,73,74,75,76,77,78,79,80,81,82,83,84,85,86,87,88,89,90,91,92,93,94,95,96,97,98,99,100]","[0.0,0.0,0.0,0.0,0.0,0.0,0.0,0.0,0.0,0.0,0.0,0.0,0.0,0.0,0.0,0.0,0.0,0.0,0.0,0.0,0.0,0.0,0.0,0.0,0.0,0.0,0.0,0.0,0.0,0.0,0.0,0.0034149088851752603,0.05205135557288977,0.039572879946473974,0.06233879731149189,0.3081777705362249,0.18970122154869046,0.0933545042547633,0.06291895723763759,0.14301280119825574,0.028026216131087415,0.009431860076116775,0.004325398883912737,0.0030020589719637345,0.00039586447572631,0.00020212197704290308,3.245465081363256e-05,2.1813052576675946e-05,1.760395876864754e-05,1.050789009854326e-06,2.4643980092856547e-07,5.43108076721992e-08,3.4768403061623576e-08,2.4074360051651325e-09,2.2614931113641473e-08]","[0.0,0.0,0.0,0.0,0.0,0.0,0.0,0.0,0.0,0.0,0.0,0.0,0.0,0.0,0.0,0.0,0.0,0.0,0.0,0.0,0.0,0.0,0.0,0.0,0.0,0.0,0.0,0.0,0.0,0.0,0.0,0.0,0.0,0.15275734920852932,0.1836219389896221,0.1327513191018285,0.269665122133409,0.1408695502219034,0.056213307506935,0.030681295471314075,0.022041685438871545,0.007420668714965065,0.0028148260132678294,0.000668123382517408,0.00029993157956938296,0.00015227170688758896,2.0832603601295475e-05,1.4204614690226059e-05,6.903674518972081e-06,4.466078446220573e-07,1.5818942911474642e-07,3.4862045935982295e-08,2.2317798548879276e-08,1.5453304452138716e-09,6.115120774861448e-09]",1.0,1.0,0.7238931149840885,0.17542645143439642,True,0.34957970663112414,"{""all_recovered_sources_strict_prior"":true,""current_captured_at_utc"":""2026-06-20T17:04:27.180394+00:00"",""recovered_source_captured_at_utc"":[""2026-06-20T17:03:18.336892+00:00""]}",d28450ccdf82907f5e341e791acf0657e64af1ab869675d1ee30b6bbf1cc567b
B,nyc,2026-06-20,20260620T130717-0400,2026-06-20T17:07:17.729613+00:00,13:07:16.802524,787,settlement_window,F,M5_cutoff_change,1,DEFINED,DEFINED,hgb,hgb,"[46,47,48,49,50,51,52,53,54,55,56,57,58,59,60,61,62,63,64,65,66,67,68,69,70,71,72,73,74,75,76,77,78,79,80,81,82,83,84,85,86,87,88,89,90,91,92,93,94,95,96,97,98,99,100]","[0.0,0.0,0.0,0.0,0.0,0.0,0.0,0.0,0.0,0.0,0.0,0.0,0.0,0.0,0.0,0.0,0.0,0.0,0.0,0.0,0.0,0.0,0.0,0.0,0.0,0.0,0.0,0.0,0.0,0.0,0.0,0.0032498941435988196,0.008488453693633354,0.01780501488323946,0.06692388215864636,0.3297555801870354,0.20303666786825633,0.09996580497795036,0.06892338402624579,0.15305221173852276,0.030014656808174354,0.010103313111429622,0.004755561292721952,0.003213106768993072,0.00041974371748600896,0.00021426246766678787,3.478030037243815e-05,2.336621673376083e-05,1.880588126578082e-05,1.123414650420483e-06,2.64099291939355e-07,5.820263527578475e-08,3.725985249070432e-08,2.5799491070751116e-09,2.4201648320984956e-08]","[0.0,0.0,0.0,0.0,0.0,0.0,0.0,0.0,0.0,0.0,0.0,0.0,0.0,0.0,0.0,0.0,0.0,0.0,0.0,0.0,0.0,0.0,0.0,0.0,0.0,0.0,0.0,0.0,0.0,0.0,0.0,0.0,0.0,0.01599221947547553,0.09512560395557057,0.17698010079323379,0.35955941996540075,0.18070851735627566,0.06312749757942142,0.06985291957550968,0.025435218973124587,0.008751962304009762,0.003171137256984201,0.0007284869537284499,0.0003413858749901558,0.00017875738191110144,2.1300208844575456e-05,1.593404488413214e-05,8.470659806325936e-06,8.364865696280341e-07,1.6174012339670946e-07,3.564455376760633e-08,2.28187402371891e-08,1.580016681875009e-09,9.370825706545056e-09]",1.0,1.0,0.5309343725447879,0.15652275209714442,True,0.3236691197129524,"{""all_recovered_sources_strict_prior"":true,""current_captured_at_utc"":""2026-06-20T17:07:17.729613+00:00"",""recovered_source_captured_at_utc"":[""2026-06-20T17:06:17.836870+00:00""]}",fdeeb319ec9f4a3aef51df05bd356401d47997d93b05d751c42cf3de7b4c0834
B,nyc,2026-06-20,20260620T131421-0400,2026-06-20T17:14:21.431449+00:00,13:14:20.412748,794,settlement_window,F,M5_cutoff_change,1,DEFINED,DEFINED,hgb,hgb,"[46,47,48,49,50,51,52,53,54,55,56,57,58,59,60,61,62,63,64,65,66,67,68,69,70,71,72,73,74,75,76,77,78,79,80,81,82,83,84,85,86,87,88,89,90,91,92,93,94,95,96,97,98,99,100]","[0.0,0.0,0.0,0.0,0.0,0.0,0.0,0.0,0.0,0.0,0.0,0.0,0.0,0.0,0.0,0.0,0.0,0.0,0.0,0.0,0.0,0.0,0.0,0.0,0.0,0.0,0.0,0.0,0.0,0.0,0.0,0.0032498941435988196,0.008488453693633354,0.01780501488323946,0.06692388215864636,0.3297555801870354,0.20303666786825633,0.09996580497795036,0.06892338402624579,0.15305221173852276,0.030014656808174354,0.010103313111429622,0.004755561292721952,0.003213106768993072,0.00041974371748600896,0.00021426246766678787,3.478030037243815e-05,2.336621673376083e-05,1.880588126578082e-05,1.123414650420483e-06,2.64099291939355e-07,5.820263527578475e-08,3.725985249070432e-08,2.5799491070751116e-09,2.4201648320984956e-08]","[0.0,0.0,0.0,0.0,0.0,0.0,0.0,0.0,0.0,0.0,0.0,0.0,0.0,0.0,0.0,0.0,0.0,0.0,0.0,0.0,0.0,0.0,0.0,0.0,0.0,0.0,0.0,0.0,0.0,0.0,0.0,0.0,0.0,0.01610050659294097,0.09689259001879841,0.16249948868941733,0.3669475211147357,0.18398726190857898,0.06354759704577848,0.07101798793751216,0.025665950153711772,0.008847874764365476,0.0031931528166525415,0.0007305478665879467,0.0003448770358821173,0.00018092867025085982,2.1249451846348334e-05,1.6038598966452193e-05,5.342201676114505e-06,8.543535168384547e-07,1.6135470730917695e-07,3.555961513786846e-08,2.276436467842272e-08,1.5762516059311086e-09,9.523842751308896e-09]",1.0,1.0,0.5558020360745198,0.16725609149761805,True,0.35485145674453533,"{""all_recovered_sources_strict_prior"":true,""current_captured_at_utc"":""2026-06-20T17:14:21.431449+00:00"",""recovered_source_captured_at_utc"":[""2026-06-20T17:13:09.392191+00:00""]}",276432d54a8b398159239a7ad5d154c3777dad87e7b774b9a1c5e73cd5420b72
B,nyc,2026-06-20,20260620T131808-0400,2026-06-20T17:18:08.833966+00:00,13:18:08.115776,798,settlement_window,F,M5_cutoff_change,1,DEFINED,DEFINED,hgb,hgb,"[46,47,48,49,50,51,52,53,54,55,56,57,58,59,60,61,62,63,64,65,66,67,68,69,70,71,72,73,74,75,76,77,78,79,80,81,82,83,84,85,86,87,88,89,90,91,92,93,94,95,96,97,98,99,100]","[0.0,0.0,0.0,0.0,0.0,0.0,0.0,0.0,0.0,0.0,0.0,0.0,0.0,0.0,0.0,0.0,0.0,0.0,0.0,0.0,0.0,0.0,0.0,0.0,0.0,0.0,0.0,0.0,0.0,0.0,0.0,0.0032498941435988196,0.008488453693633354,0.01780501488323946,0.06692388215864636,0.3297555801870354,0.20303666786825633,0.09996580497795036,0.06892338402624579,0.15305221173852276,0.030014656808174354,0.010103313111429622,0.004755561292721952,0.003213106768993072,0.00041974371748600896,0.00021426246766678787,3.478030037243815e-05,2.336621673376083e-05,1.880588126578082e-05,1.123414650420483e-06,2.64099291939355e-07,5.820263527578475e-08,3.725985249070432e-08,2.5799491070751116e-09,2.4201648320984956e-08]","[0.0,0.0,0.0,0.0,0.0,0.0,0.0,0.0,0.0,0.0,0.0,0.0,0.0,0.0,0.0,0.0,0.0,0.0,0.0,0.0,0.0,0.0,0.0,0.0,0.0,0.0,0.0,0.0,0.0,0.0,0.0,0.0,0.0,0.01610050659294097,0.09689259001879841,0.16249948868941733,0.3669475211147357,0.18398726190857898,0.06354759704577848,0.07101798793751216,0.025665950153711772,0.008847874764365476,0.0031931528166525415,0.0007305478665879467,0.0003448770358821173,0.00018092867025085982,2.1249451846348334e-05,1.6038598966452193e-05,5.342201676114505e-06,8.543535168384547e-07,1.6135470730917695e-07,3.555961513786846e-08,2.276436467842272e-08,1.5762516059311086e-09,9.523842751308896e-09]",1.0,1.0,0.5558020360745198,0.16725609149761805,True,0.35485145674453533,"{""all_recovered_sources_strict_prior"":true,""current_captured_at_utc"":""2026-06-20T17:18:08.833966+00:00"",""recovered_source_captured_at_utc"":[""2026-06-20T17:17:11.516974+00:00""]}",2373e77e770a3424bb9f73dcbcb5d90864b014d7c6ba6af81b4eb6ba9970461e
B,nyc,2026-06-20,20260620T132013-0400,2026-06-20T17:20:13.035344+00:00,13:20:12.524305,800,settlement_window,F,M5_cutoff_change,1,DEFINED,DEFINED,hgb,hgb,"[46,47,48,49,50,51,52,53,54,55,56,57,58,59,60,61,62,63,64,65,66,67,68,69,70,71,72,73,74,75,76,77,78,79,80,81,82,83,84,85,86,87,88,89,90,91,92,93,94,95,96,97,98,99,100]","[0.0,0.0,0.0,0.0,0.0,0.0,0.0,0.0,0.0,0.0,0.0,0.0,0.0,0.0,0.0,0.0,0.0,0.0,0.0,0.0,0.0,0.0,0.0,0.0,0.0,0.0,0.0,0.0,0.0,0.0,0.0,0.0032498941435988196,0.008488453693633354,0.01780501488323946,0.06692388215864636,0.3297555801870354,0.20303666786825633,0.09996580497795036,0.06892338402624579,0.15305221173852276,0.030014656808174354,0.010103313111429622,0.004755561292721952,0.003213106768993072,0.00041974371748600896,0.00021426246766678787,3.478030037243815e-05,2.336621673376083e-05,1.880588126578082e-05,1.123414650420483e-06,2.64099291939355e-07,5.820263527578475e-08,3.725985249070432e-08,2.5799491070751116e-09,2.4201648320984956e-08]","[0.0,0.0,0.0,0.0,0.0,0.0,0.0,0.0,0.0,0.0,0.0,0.0,0.0,0.0,0.0,0.0,0.0,0.0,0.0,0.0,0.0,0.0,0.0,0.0,0.0,0.0,0.0,0.0,0.0,0.0,0.0,0.0,0.0,0.01610050659294097,0.09689259001879841,0.16249948868941733,0.3669475211147357,0.18398726190857898,0.06354759704577848,0.07101798793751216,0.025665950153711772,0.008847874764365476,0.0031931528166525415,0.0007305478665879467,0.0003448770358821173,0.00018092867025085982,2.1249451846348334e-05,1.6038598966452193e-05,5.342201676114505e-06,8.543535168384547e-07,1.6135470730917695e-07,3.555961513786846e-08,2.276436467842272e-08,1.5762516059311086e-09,9.523842751308896e-09]",1.0,1.0,0.5558020360745198,0.16725609149761805,True,0.35485145674453533,"{""all_recovered_sources_strict_prior"":true,""current_captured_at_utc"":""2026-06-20T17:20:13.035344+00:00"",""recovered_source_captured_at_utc"":[""2026-06-20T17:19:13.142531+00:00""]}",1564002ea6542797dba62777fa3a2cd6e3f2fe90311625e9697612b3a41ae0c3
B,nyc,2026-06-20,20260620T140817-0400,2026-06-20T18:08:17.489385+00:00,14:08:17.023166,848,peak_heating_window,F,M5_cutoff_change,1,DEFINED,DEFINED,hgb,hgb,"[46,47,48,49,50,51,52,53,54,55,56,57,58,59,60,61,62,63,64,65,66,67,68,69,70,71,72,73,74,75,76,77,78,79,80,81,82,83,84,85,86,87,88,89,90,91,92,93,94,95,96,97,98,99,100]","[0.0,0.0,0.0,0.0,0.0,0.0,0.0,0.0,0.0,0.0,0.0,0.0,0.0,0.0,0.0,0.0,0.0,0.0,0.0,0.0,0.0,0.0,0.0,0.0,0.0,0.0,0.0,0.0,0.0,0.0,0.0,0.0,0.0,0.004035500490670497,0.04056009821996679,0.11925124401427525,0.30228908334227067,0.17267048442766655,0.2591640490878476,0.06045578844361056,0.023892972423024787,0.013157091072903705,0.002934022670392455,0.0007314656433362188,0.0006036845315488541,0.00020267188649024484,2.0962011647031975e-05,2.5254271893535443e-05,4.900259699800554e-06,5.008096678504742e-07,1.591720708080122e-07,3.507860212460343e-08,2.2456432334200838e-08,1.5549297347102553e-09,8.131052350763342e-09]","[0.0,0.0,0.0,0.0,0.0,0.0,0.0,0.0,0.0,0.0,0.0,0.0,0.0,0.0,0.0,0.0,0.0,0.0,0.0,0.0,0.0,0.0,0.0,0.0,0.0,0.0,0.0,0.0,0.0,0.0,0.0,0.0,0.0,0.0,0.0,0.24712334668441652,0.416221499078544,0.21136438177741354,0.04734141751619644,0.05595529720926884,0.014136836259365928,0.004451684546112635,0.0025279226297930915,0.000493616247013789,0.00020888703530598952,0.00014574580315802625,1.5325984784106424e-05,9.9602237405297e-06,3.379351185308411e-06,5.298820961317947e-07,1.1637569792132575e-07,2.5647067250127998e-08,1.6418602663452315e-08,1.1368579435885503e-09,1.0193379234796589e-08]",1.0,1.0,0.5609968937818333,0.21182263157165118,False,0.4995785296561258,"{""all_recovered_sources_strict_prior"":true,""current_captured_at_utc"":""2026-06-20T18:08:17.489385+00:00"",""recovered_source_captured_at_utc"":[""2026-06-20T18:07:17.905912+00:00""]}",4449755cf8f731fb776c1fc43a1eef104f66ae4e8e5398cd37484c5fbd77814a
B,nyc,2026-06-20,20260620T141219-0400,2026-06-20T18:12:19.264978+00:00,14:12:18.707817,852,peak_heating_window,F,M5_cutoff_change,1,DEFINED,DEFINED,hgb,hgb,"[46,47,48,49,50,51,52,53,54,55,56,57,58,59,60,61,62,63,64,65,66,67,68,69,70,71,72,73,74,75,76,77,78,79,80,81,82,83,84,85,86,87,88,89,90,91,92,93,94,95,96,97,98,99,100]","[0.0,0.0,0.0,0.0,0.0,0.0,0.0,0.0,0.0,0.0,0.0,0.0,0.0,0.0,0.0,0.0,0.0,0.0,0.0,0.0,0.0,0.0,0.0,0.0,0.0,0.0,0.0,0.0,0.0,0.0,0.0,0.0,0.0,0.004035500490670497,0.04056009821996679,0.11925124401427525,0.30228908334227067,0.17267048442766655,0.2591640490878476,0.06045578844361056,0.023892972423024787,0.013157091072903705,0.002934022670392455,0.0007314656433362188,0.0006036845315488541,0.00020267188649024484,2.0962011647031975e-05,2.5254271893535443e-05,4.900259699800554e-06,5.008096678504742e-07,1.591720708080122e-07,3.507860212460343e-08,2.2456432334200838e-08,1.5549297347102553e-09,8.131052350763342e-09]","[0.0,0.0,0.0,0.0,0.0,0.0,0.0,0.0,0.0,0.0,0.0,0.0,0.0,0.0,0.0,0.0,0.0,0.0,0.0,0.0,0.0,0.0,0.0,0.0,0.0,0.0,0.0,0.0,0.0,0.0,0.0,0.0,0.0,0.0,0.0,0.24712334668441652,0.416221499078544,0.21136438177741354,0.04734141751619644,0.05595529720926884,0.014136836259365928,0.004451684546112635,0.0025279226297930915,0.000493616247013789,0.00020888703530598952,0.00014574580315802625,1.5325984784106424e-05,9.9602237405297e-06,3.379351185308411e-06,5.298820961317947e-07,1.1637569792132575e-07,2.5647067250127998e-08,1.6418602663452315e-08,1.1368579435885503e-09,1.0193379234796589e-08]",1.0,1.0,0.5609968937818333,0.21182263157165118,False,0.4995785296561258,"{""all_recovered_sources_strict_prior"":true,""current_captured_at_utc"":""2026-06-20T18:12:19.264978+00:00"",""recovered_source_captured_at_utc"":[""2026-06-20T18:11:23.363136+00:00""]}",9a96b7a2cd0117fe13bc29403d6d2ecf5daf48315dc2ddb23881a21ba760e264
B,nyc,2026-06-20,20260620T142219-0400,2026-06-20T18:22:19.038112+00:00,14:22:18.539420,862,peak_heating_window,F,M5_cutoff_change,1,DEFINED,DEFINED,hgb,hgb,"[46,47,48,49,50,51,52,53,54,55,56,57,58,59,60,61,62,63,64,65,66,67,68,69,70,71,72,73,74,75,76,77,78,79,80,81,82,83,84,85,86,87,88,89,90,91,92,93,94,95,96,97,98,99,100]","[0.0,0.0,0.0,0.0,0.0,0.0,0.0,0.0,0.0,0.0,0.0,0.0,0.0,0.0,0.0,0.0,0.0,0.0,0.0,0.0,0.0,0.0,0.0,0.0,0.0,0.0,0.0,0.0,0.0,0.0,0.0,0.0,0.0,0.003595121704135983,0.027507411338416842,0.07776916091490785,0.19391917194055677,0.11549028363965044,0.5078167541674594,0.04224348971479979,0.018874809367092397,0.009152901148723275,0.0024094127179765446,0.0006207077092126969,0.0004128796973404277,0.00014599609310250115,1.919082398745971e-05,1.817684188846238e-05,4.006699066895182e-06,3.199403298274709e-07,1.457228078121283e-07,3.211463147883098e-08,2.0558973421473454e-08,1.4235457624085928e-09,5.721394083998928e-09]","[0.0,0.0,0.0,0.0,0.0,0.0,0.0,0.0,0.0,0.0,0.0,0.0,0.0,0.0,0.0,0.0,0.0,0.0,0.0,0.0,0.0,0.0,0.0,0.0,0.0,0.0,0.0,0.0,0.0,0.0,0.0,0.0,0.0,0.0,0.0,0.20018722268595493,0.3354677176601586,0.29603653647933487,0.102318694282303,0.04674478425544058,0.012348906177035572,0.003937408234624664,0.002184087601157734,0.00044353560815119916,0.0001819448016409819,0.00012272353669564985,1.4017221182708128e-05,8.854288147298426e-06,2.9848937966875256e-06,4.2798405644106694e-07,1.064377866110716e-07,2.3456934050048694e-08,1.5016534877633334e-08,1.0397758756178063e-09,8.33928775916437e-09]",1.0,1.0,0.898028531065189,0.4054980598851564,True,0.7462054074124624,"{""all_recovered_sources_strict_prior"":true,""current_captured_at_utc"":""2026-06-20T18:22:19.038112+00:00"",""recovered_source_captured_at_utc"":[""2026-06-20T18:20:21.818625+00:00""]}",622c5fdeb7d6c017d8c497670ebeac53fd06d15c95513e463fcf8b3c3288f7c3
B,nyc,2026-06-20,20260620T142918-0400,2026-06-20T18:29:18.685637+00:00,14:29:18.305284,869,peak_heating_window,F,M5_cutoff_change,1,DEFINED,DEFINED,hgb,hgb,"[46,47,48,49,50,51,52,53,54,55,56,57,58,59,60,61,62,63,64,65,66,67,68,69,70,71,72,73,74,75,76,77,78,79,80,81,82,83,84,85,86,87,88,89,90,91,92,93,94,95,96,97,98,99,100]","[0.0,0.0,0.0,0.0,0.0,0.0,0.0,0.0,0.0,0.0,0.0,0.0,0.0,0.0,0.0,0.0,0.0,0.0,0.0,0.0,0.0,0.0,0.0,0.0,0.0,0.0,0.0,0.0,0.0,0.0,0.0,0.0,0.0,0.0036417057601400133,0.02806285431697776,0.07933951349542977,0.1978348818246164,0.11782231940813674,0.5180708361320531,0.0430964907283567,0.00723271980833512,0.003507339764581795,0.0009232732767169678,0.00023785167077957972,0.0001582131563468893,5.594487414336541e-05,7.353814817031691e-06,6.96526263247286e-06,1.5353443387722432e-06,1.2259931827777134e-07,5.584015277137357e-08,1.2306144486910106e-08,7.878081913970218e-09,5.45494655527227e-10,2.192405736016451e-09]","[0.0,0.0,0.0,0.0,0.0,0.0,0.0,0.0,0.0,0.0,0.0,0.0,0.0,0.0,0.0,0.0,0.0,0.0,0.0,0.0,0.0,0.0,0.0,0.0,0.0,0.0,0.0,0.0,0.0,0.0,0.0,0.0,0.0,0.0,0.0,0.19798731555142063,0.35427282640014246,0.29258318259246663,0.10141699032015553,0.046492379602576336,0.004649048915741808,0.0014853921799726278,0.0008207338002170994,0.00016775151658701668,6.846464573410463e-05,4.591183906909009e-05,5.316399613879979e-06,3.3430723720580272e-06,1.1258037471009045e-06,1.5890082622569532e-07,4.036932857558114e-08,8.89665886704612e-09,5.6954156023270485e-09,3.9436233413192356e-10,3.1035921749341816e-09]",1.0000000000000002,1.0000000000000002,0.9064850718055216,0.41665384581189757,True,0.7656557655804751,"{""all_recovered_sources_strict_prior"":true,""current_captured_at_utc"":""2026-06-20T18:29:18.685637+00:00"",""recovered_source_captured_at_utc"":[""2026-06-20T18:28:28.090721+00:00""]}",3ae3fd88c3aa511077cd96a808bf53cd866eb1ca9a81f9c40a95bfb59bc3320d
B,nyc,2026-06-20,20260620T143120-0400,2026-06-20T18:31:20.379811+00:00,14:31:19.835759,871,peak_heating_window,F,M5_cutoff_change,1,DEFINED,DEFINED,hgb,hgb,"[46,47,48,49,50,51,52,53,54,55,56,57,58,59,60,61,62,63,64,65,66,67,68,69,70,71,72,73,74,75,76,77,78,79,80,81,82,83,84,85,86,87,88,89,90,91,92,93,94,95,96,97,98,99,100]","[0.0,0.0,0.0,0.0,0.0,0.0,0.0,0.0,0.0,0.0,0.0,0.0,0.0,0.0,0.0,0.0,0.0,0.0,0.0,0.0,0.0,0.0,0.0,0.0,0.0,0.0,0.0,0.0,0.0,0.0,0.0,0.0,0.0,0.0036417057601400133,0.02806285431697776,0.07933951349542977,0.1978348818246164,0.11782231940813674,0.5180708361320531,0.0430964907283567,0.00723271980833512,0.003507339764581795,0.0009232732767169678,0.00023785167077957972,0.0001582131563468893,5.594487414336541e-05,7.353814817031691e-06,6.96526263247286e-06,1.5353443387722432e-06,1.2259931827777134e-07,5.584015277137357e-08,1.2306144486910106e-08,7.878081913970218e-09,5.45494655527227e-10,2.192405736016451e-09]","[0.0,0.0,0.0,0.0,0.0,0.0,0.0,0.0,0.0,0.0,0.0,0.0,0.0,0.0,0.0,0.0,0.0,0.0,0.0,0.0,0.0,0.0,0.0,0.0,0.0,0.0,0.0,0.0,0.0,0.0,0.0,0.0,0.0,0.0,0.0,0.19798731555142063,0.35427282640014246,0.29258318259246663,0.10141699032015553,0.046492379602576336,0.004649048915741808,0.0014853921799726278,0.0008207338002170994,0.00016775151658701668,6.846464573410463e-05,4.591183906909009e-05,5.316399613879979e-06,3.3430723720580272e-06,1.1258037471009045e-06,1.5890082622569532e-07,4.036932857558114e-08,8.89665886704612e-09,5.6954156023270485e-09,3.9436233413192356e-10,3.1035921749341816e-09]",1.0000000000000002,1.0000000000000002,0.9064850718055216,0.41665384581189757,True,0.7656557655804751,"{""all_recovered_sources_strict_prior"":true,""current_captured_at_utc"":""2026-06-20T18:31:20.379811+00:00"",""recovered_source_captured_at_utc"":[""2026-06-20T18:30:22.320221+00:00""]}",0de438b3c100389b2cec59a308ea72b9c690108026bb5d2cd98fbb7ff9760a08
B,nyc,2026-06-20,20260620T161432-0400,2026-06-20T20:14:32.243842+00:00,16:14:30.919934,974,peak_heating_window,F,M5_cutoff_change,1,DEFINED,DEFINED,hgb,hgb,"[45,46,47,48,49,50,51,52,53,54,55,56,57,58,59,60,61,62,63,64,65,66,67,68,69,70,71,72,73,74,75,76,77,78,79,80,81,82,83,84,85,86,87,88,89,90,91,92,93,94,95,96,97,98,99,100]","[0.0,0.0,0.0,0.0,0.0,0.0,0.0,0.0,0.0,0.0,0.0,0.0,0.0,0.0,0.0,0.0,0.0,0.0,0.0,0.0,0.0,0.0,0.0,0.0,0.0,0.0,0.0,0.0,0.0,0.0,0.0,0.0,0.0,0.0,0.0,0.0,0.01367248986659839,0.2029728003114871,0.4766622200941756,0.13014738738371986,0.1724279255627178,0.0028053670941663596,0.0009193092088639419,0.00029881166575928907,6.034958766964832e-05,2.232138564777337e-05,8.641733367059506e-06,1.2402591819909359e-06,7.36116884288866e-07,2.2767709553408803e-07,1.6739042988790593e-07,3.499915795625423e-09,7.113666932918688e-10,3.4377794399240263e-10,4.573101769177794e-11,6.144421155741993e-11]","[0.0,0.0,0.0,0.0,0.0,0.0,0.0,0.0,0.0,0.0,0.0,0.0,0.0,0.0,0.0,0.0,0.0,0.0,0.0,0.0,0.0,0.0,0.0,0.0,0.0,0.0,0.0,0.0,0.0,0.0,0.0,0.0,0.0,0.0,0.0,0.0,0.0,0.0,0.4574272088820818,0.40670068504791074,0.13403190004886845,0.0014305380912750037,0.0002806463191592166,9.707835831220413e-05,1.9233344859639018e-05,8.256831666813081e-06,3.880353919605516e-06,3.3819813534883385e-07,1.7759237566989539e-07,4.60404204889999e-08,9.637899653586032e-09,9.105360398484816e-10,1.8066766945298995e-10,8.635635396075937e-11,2.8282537303030107e-11,4.7272622904016906e-11]",1.0,1.0,0.5531065953283821,0.2765532976641909,False,0.48328707719013203,"{""all_recovered_sources_strict_prior"":true,""current_captured_at_utc"":""2026-06-20T20:14:32.243842+00:00"",""recovered_source_captured_at_utc"":[""2026-06-20T20:13:30.917808+00:00""]}",ea0d8f77e78d13f11863d9e761774dab30a44c6b04b4df6f5dd6208889eb5ff2
B,nyc,2026-06-20,20260620T161932-0400,2026-06-20T20:19:32.198339+00:00,16:19:31.367970,979,peak_heating_window,F,M5_cutoff_change,1,DEFINED,DEFINED,hgb,hgb,"[45,46,47,48,49,50,51,52,53,54,55,56,57,58,59,60,61,62,63,64,65,66,67,68,69,70,71,72,73,74,75,76,77,78,79,80,81,82,83,84,85,86,87,88,89,90,91,92,93,94,95,96,97,98,99,100]","[0.0,0.0,0.0,0.0,0.0,0.0,0.0,0.0,0.0,0.0,0.0,0.0,0.0,0.0,0.0,0.0,0.0,0.0,0.0,0.0,0.0,0.0,0.0,0.0,0.0,0.0,0.0,0.0,0.0,0.0,0.0,0.0,0.0,0.0,0.0,0.0,0.01367248986659839,0.2029728003114871,0.4766622200941756,0.13014738738371986,0.1724279255627178,0.0028053670941663596,0.0009193092088639419,0.00029881166575928907,6.034958766964832e-05,2.232138564777337e-05,8.641733367059506e-06,1.2402591819909359e-06,7.36116884288866e-07,2.2767709553408803e-07,1.6739042988790593e-07,3.499915795625423e-09,7.113666932918688e-10,3.4377794399240263e-10,4.573101769177794e-11,6.144421155741993e-11]","[0.0,0.0,0.0,0.0,0.0,0.0,0.0,0.0,0.0,0.0,0.0,0.0,0.0,0.0,0.0,0.0,0.0,0.0,0.0,0.0,0.0,0.0,0.0,0.0,0.0,0.0,0.0,0.0,0.0,0.0,0.0,0.0,0.0,0.0,0.0,0.0,0.0,0.0,0.45747610288758717,0.406664035171877,0.13401982174976065,0.0014304091781808428,0.0002806210286859405,9.706961008548975e-05,1.9231611644695605e-05,8.256087601538186e-06,3.880004241094148e-06,3.3816765858744376e-07,1.7757637191383563e-07,4.6036271551549083e-08,9.63703113322077e-09,9.10453986795188e-10,1.8065138856649967e-10,8.634857194862182e-11,2.8279988619135086e-11,4.726836292651276e-11]",1.0,1.0,0.5530332955763144,0.2765166477881571,False,0.48329876276786776,"{""all_recovered_sources_strict_prior"":true,""current_captured_at_utc"":""2026-06-20T20:19:32.198339+00:00"",""recovered_source_captured_at_utc"":[""2026-06-20T20:18:29.909021+00:00""]}",786b29127b39457822c0e31e7c0b6a5a75c94347cf7ac8130632d251d19ddb33
B,san-francisco,2026-06-20,20260620T161357-0400,2026-06-20T20:13:57.178910+00:00,13:13:56.459524,793,settlement_window,F,M5_cutoff_change,1,DEFINED,DEFINED,hgb,hgb,"[46,47,48,49,50,51,52,53,54,55,56,57,58,59,60,61,62,63,64,65,66,67,68,69,70,71,72,73,74,75,76,77,78,79,80,81,82,83,84,85,86,87,88,89,90,91,92,93,94,95,96,97,98,99,100,101,102,103]","[0.0,0.0,0.0,0.0,0.0,0.0,0.0,0.0,0.0,0.0,0.0,0.0,0.0,0.0,0.0,0.0,0.0,0.0,0.0,0.0,0.0,0.0,0.0,0.0,0.023586777813209083,0.07239692116281347,0.09726836810793124,0.7968181798625434,0.006158822722043374,0.0032895013864853995,0.00039944207126064795,6.531543255035665e-05,1.1537686229258469e-05,3.6497823754811608e-06,1.3538590441672892e-06,6.666166868604005e-08,4.997750466829848e-08,9.347776804188236e-09,3.0627223307074034e-09,9.106933333404074e-10,1.1667532747090648e-10,2.1248122948378595e-11,1.0931345944510444e-11,3.3308133443357947e-12,8.237654000188641e-13,1.0040126611474054e-13,2.8112354512127356e-14,7.871459263395661e-15,4.88187903515799e-16,1.8513672187506597e-15,2.1892774451898097e-16,3.831319160856967e-17,1.3547071062004832e-17,8.401893472655398e-19,2.3525301723435117e-19,6.587084482561835e-20,1.8443836551173134e-20,2.3315007829925406e-20]","[0.0,0.0,0.0,0.0,0.0,0.0,0.0,0.0,0.0,0.0,0.0,0.0,0.0,0.0,0.0,0.0,0.0,0.0,0.0,0.0,0.0,0.0,0.0,0.0,0.0,0.040286187859964934,0.0566129665657952,0.8995397243974785,0.002649804661761326,0.0007278536058054925,0.00015300700328577338,2.346346433159267e-05,5.068570125832627e-06,1.4287398650203149e-06,4.4785172081143927e-07,2.2011967253775427e-08,1.9226911243374468e-08,4.343164739111123e-09,1.2613143237856197e-09,3.5045286882233725e-10,4.017677350716029e-11,3.9057680290991454e-11,4.542780297496927e-12,1.874598362736398e-12,3.553513051994742e-13,3.457285285554397e-14,9.680398799552312e-15,2.710511663874647e-15,1.6810593339350567e-16,6.375123433433176e-16,1.1228814962368843e-16,1.8423854563136567e-17,4.664890320357502e-18,2.8931649766857235e-19,8.100861934720027e-20,2.2682413417216075e-20,6.351075756820501e-21,8.028447909299054e-21]",1.0,1.0,0.20544308910548942,0.1027215445349351,False,0.24509118563391208,"{""all_recovered_sources_strict_prior"":true,""current_captured_at_utc"":""2026-06-20T20:13:57.178910+00:00"",""recovered_source_captured_at_utc"":[""2026-06-20T20:10:54.033416+00:00""]}",7edbe682e5df89153ff9c982426cf9cf3f3917317c91ce5ccff9108b7c8e190a
B,san-francisco,2026-06-20,20260620T161954-0400,2026-06-20T20:19:54.226828+00:00,13:19:53.345653,799,settlement_window,F,M5_cutoff_change,1,DEFINED,DEFINED,hgb,hgb,"[46,47,48,49,50,51,52,53,54,55,56,57,58,59,60,61,62,63,64,65,66,67,68,69,70,71,72,73,74,75,76,77,78,79,80,81,82,83,84,85,86,87,88,89,90,91,92,93,94,95,96,97,98,99,100,101,102,103]","[0.0,0.0,0.0,0.0,0.0,0.0,0.0,0.0,0.0,0.0,0.0,0.0,0.0,0.0,0.0,0.0,0.0,0.0,0.0,0.0,0.0,0.0,0.0,0.0,0.14565733044783538,0.09953369026622992,0.13612522302031102,0.604976376684139,0.008545740427266905,0.004486127875150927,0.0005638851459134263,8.827969823622204e-05,1.636102767272522e-05,5.022428649246235e-06,1.8174608541122463e-06,5.999079843853297e-08,6.685975472976254e-08,1.2888910640940575e-08,4.344556684490094e-09,1.2298352200889643e-09,1.538893781092684e-10,2.8937503932124424e-11,1.5073844332777754e-11,4.675737589519954e-12,1.125657843807741e-12,1.3242464142758273e-13,3.707889959972317e-14,1.0382091887922489e-14,6.438973388889529e-16,2.4418680120393703e-15,3.058405283695183e-16,6.083991421930977e-17,1.7867962200096082e-17,1.1081710156499593e-18,3.1028788438198875e-19,8.688060762695685e-20,2.4326570135547915e-20,3.075142048737434e-20]","[0.0,0.0,0.0,0.0,0.0,0.0,0.0,0.0,0.0,0.0,0.0,0.0,0.0,0.0,0.0,0.0,0.0,0.0,0.0,0.0,0.0,0.0,0.0,0.0,0.0,0.04553820849580345,0.07524565131337609,0.8754026142644963,0.002649003750604956,0.0009577889265555094,0.00017125094617016225,2.6479257781153033e-05,6.840194215365667e-06,1.6075219187992473e-06,5.020178305702382e-07,2.4958714430039054e-08,2.1531511614565136e-08,4.905251454938803e-09,1.42544059390709e-09,3.929830410684512e-10,4.475338378995674e-11,4.4893314669007413e-11,5.116505858523591e-12,2.1297951852333665e-12,4.0041206129673487e-13,3.851111021351952e-14,1.0783110859785469e-14,3.019271040739931e-15,1.872551899466906e-16,7.101325487820321e-16,1.2727185900482666e-16,2.1133568794288943e-17,5.196276570287723e-18,3.222730728892447e-19,9.023646040898853e-20,2.526620891451679e-20,7.074538496064701e-21,8.942983200442961e-21]",1.0,1.0,0.540852475192626,0.27042623758035733,False,0.6496450119113815,"{""all_recovered_sources_strict_prior"":true,""current_captured_at_utc"":""2026-06-20T20:19:54.226828+00:00"",""recovered_source_captured_at_utc"":[""2026-06-20T20:16:02.187785+00:00""]}",926630f9d8de4fe6dd80149eb3b58212ece8bfb6b935d685dc65f16f56545c20
B,san-francisco,2026-06-20,20260620T163334-0400,2026-06-20T20:33:34.588471+00:00,13:33:32.946488,813,settlement_window,F,M5_cutoff_change,1,DEFINED,DEFINED,hgb,hgb,"[46,47,48,49,50,51,52,53,54,55,56,57,58,59,60,61,62,63,64,65,66,67,68,69,70,71,72,73,74,75,76,77,78,79,80,81,82,83,84,85,86,87,88,89,90,91,92,93,94,95,96,97,98,99,100,101,102,103]","[0.0,0.0,0.0,0.0,0.0,0.0,0.0,0.0,0.0,0.0,0.0,0.0,0.0,0.0,0.0,0.0,0.0,0.0,0.0,0.0,0.0,0.0,0.0,0.0,0.14565733044783538,0.09953369026622992,0.13612522302031102,0.604976376684139,0.008545740427266905,0.004486127875150927,0.0005638851459134263,8.827969823622204e-05,1.636102767272522e-05,5.022428649246235e-06,1.8174608541122463e-06,5.999079843853297e-08,6.685975472976254e-08,1.2888910640940575e-08,4.344556684490094e-09,1.2298352200889643e-09,1.538893781092684e-10,2.8937503932124424e-11,1.5073844332777754e-11,4.675737589519954e-12,1.125657843807741e-12,1.3242464142758273e-13,3.707889959972317e-14,1.0382091887922489e-14,6.438973388889529e-16,2.4418680120393703e-15,3.058405283695183e-16,6.083991421930977e-17,1.7867962200096082e-17,1.1081710156499593e-18,3.1028788438198875e-19,8.688060762695685e-20,2.4326570135547915e-20,3.075142048737434e-20]","[0.0,0.0,0.0,0.0,0.0,0.0,0.0,0.0,0.0,0.0,0.0,0.0,0.0,0.0,0.0,0.0,0.0,0.0,0.0,0.0,0.0,0.0,0.0,0.0,0.0,0.04610385215470493,0.07571474354781076,0.8743294016948262,0.002682244801138694,0.0009607012799132258,0.0001733032890484057,2.6702317099161344e-05,6.866228410981366e-06,1.623145354643823e-06,5.077605919999345e-07,2.5121706396031628e-08,2.1781995496730922e-08,4.9453749460152925e-09,1.4365951696298716e-09,3.9736166890808127e-10,4.538219223909079e-11,4.4921884990839305e-11,5.163124595924044e-12,2.1418325534877835e-12,4.0408413571211837e-13,3.905221145407485e-14,1.0934619207140955e-14,3.061693377999468e-15,1.8988622330352702e-16,7.20110282505475e-16,1.2810279336963357e-16,2.1165120489280312e-17,5.269286973853397e-18,3.2680117811838763e-19,9.150432987314858e-20,2.5621212364481604e-20,7.17393946205485e-21,9.068636791762342e-21]",1.0,0.9999999999999999,0.5387060500533435,0.26935302501068725,False,0.6478900121407749,"{""all_recovered_sources_strict_prior"":true,""current_captured_at_utc"":""2026-06-20T20:33:34.588471+00:00"",""recovered_source_captured_at_utc"":[""2026-06-20T20:32:45.289144+00:00""]}",8035a8c5f092c9c25735ccd47213e29d0cf2a5055282f8f26b46ab64c1e9eda6
B,san-francisco,2026-06-20,20260620T164450-0400,2026-06-20T20:44:50.009724+00:00,13:44:49.255998,824,settlement_window,F,M5_cutoff_change,1,DEFINED,DEFINED,hgb,hgb,"[46,47,48,49,50,51,52,53,54,55,56,57,58,59,60,61,62,63,64,65,66,67,68,69,70,71,72,73,74,75,76,77,78,79,80,81,82,83,84,85,86,87,88,89,90,91,92,93,94,95,96,97,98,99,100,101,102,103]","[0.0,0.0,0.0,0.0,0.0,0.0,0.0,0.0,0.0,0.0,0.0,0.0,0.0,0.0,0.0,0.0,0.0,0.0,0.0,0.0,0.0,0.0,0.0,0.0,0.023586777813209083,0.07239692116281347,0.09726836810793124,0.7968181798625434,0.006158822722043374,0.0032895013864853995,0.00039944207126064795,6.531543255035665e-05,1.1537686229258469e-05,3.6497823754811608e-06,1.3538590441672892e-06,6.666166868604005e-08,4.997750466829848e-08,9.347776804188236e-09,3.0627223307074034e-09,9.106933333404074e-10,1.1667532747090648e-10,2.1248122948378595e-11,1.0931345944510444e-11,3.3308133443357947e-12,8.237654000188641e-13,1.0040126611474054e-13,2.8112354512127356e-14,7.871459263395661e-15,4.88187903515799e-16,1.8513672187506597e-15,2.1892774451898097e-16,3.831319160856967e-17,1.3547071062004832e-17,8.401893472655398e-19,2.3525301723435117e-19,6.587084482561835e-20,1.8443836551173134e-20,2.3315007829925406e-20]","[0.0,0.0,0.0,0.0,0.0,0.0,0.0,0.0,0.0,0.0,0.0,0.0,0.0,0.0,0.0,0.0,0.0,0.0,0.0,0.0,0.0,0.0,0.0,0.0,0.0,0.040490450902252645,0.056765188213558644,0.8984375968190069,0.002515154987541592,0.0016073613636383042,0.00015370535583512476,2.3534905492802675e-05,5.075929982263609e-06,1.4338838083289834e-06,4.4979292720782047e-07,2.2060736917061175e-08,1.9311623742075143e-08,4.355936086992436e-09,1.6777672299564677e-09,3.51927103172418e-10,4.039511235288918e-11,3.9043304807567904e-11,6.243837148390002e-12,1.8780569628020017e-12,3.5654761586836853e-13,3.476073744972846e-14,9.733006485923967e-15,2.7252418160587107e-15,1.6901949743196124e-16,6.40976875137009e-16,1.125367370876822e-16,1.8424103178567208e-17,4.690241454335875e-18,2.908887749979109e-19,8.144885699941507e-20,2.2805679959836223e-20,6.385590388754143e-21,8.072078143797564e-21]",1.0,1.0,0.20323883394851747,0.10161941695646348,False,0.24284025883591592,"{""all_recovered_sources_strict_prior"":true,""current_captured_at_utc"":""2026-06-20T20:44:50.009724+00:00"",""recovered_source_captured_at_utc"":[""2026-06-20T20:41:02.007204+00:00""]}",9d1727cfb1c3c8f95dcb6c16539af68d6c5247055ff6cde05d19066dd9dae3d0
B,seattle,2026-06-20,20260620T170545-0400,2026-06-20T21:05:45.964300+00:00,14:05:45.186201,845,peak_heating_window,F,M5_cutoff_change,1,DEFINED,DEFINED,hgb,hgb,"[46,47,48,49,50,51,52,53,54,55,56,57,58,59,60,61,62,63,64,65,66,67,68,69,70,71,72,73,74,75,76,77,78,79,80,81,82,83,84,85,86,87,88,89,90,91,92,93,94,95,96,97,98,99,100,101,102]","[0.0,0.0,0.0,0.0,0.0,0.0,0.0,0.0,0.0,0.0,0.0,0.0,0.0,0.0,0.0,0.0,0.0,0.0,0.0,0.001708680090978244,0.0020566261750403886,0.07622470804493296,0.03238893340605457,0.04345446106836135,0.30482355037304926,0.09152135074146638,0.4074997768415442,0.015140930943891486,0.009591366033587623,0.0105644195442431,0.003506943114598821,0.0011049405821731732,0.00033148606230048495,4.192850712801669e-05,3.258948116332485e-05,5.569484172205173e-06,8.980486488750794e-07,6.46168497280902e-07,1.030177538492208e-07,7.406289241354552e-08,1.204877444714228e-08,4.873462514820914e-09,1.0610257311876136e-09,2.0132154022170916e-10,6.144541477961517e-12,7.572217934004069e-12,8.750699259667528e-12,1.975453824145069e-13,2.434448026535382e-13,1.9973391627202957e-14,6.351031765878852e-15,2.0194669610476552e-15,6.421392550220865e-16,2.0418399052510664e-16,6.492532836249491e-17,8.001064645114697e-17,2.5441355514586525e-17]","[0.0,0.0,0.0,0.0,0.0,0.0,0.0,0.0,0.0,0.0,0.0,0.0,0.0,0.0,0.0,0.0,0.0,0.0,0.0,0.0,0.0,0.0,0.023396226295680205,0.08372178322799456,0.4970579049097028,0.1639363109262017,0.09030267125413584,0.04418447681450392,0.014261295214970108,0.07028432933404707,0.011161953371398355,0.0012289443490961238,0.000379947660000966,5.272528240203195e-05,2.3184241136691795e-05,5.852218724113506e-06,9.98913612000355e-07,8.522001762186957e-07,4.40870172713558e-07,8.076270518747836e-08,1.5614171100393473e-08,5.459776136879357e-09,8.49644194696227e-10,2.0285667756736812e-10,6.191395456350423e-12,7.629958375127041e-12,1.2596107328489662e-11,1.9905172542019334e-13,2.453011425551128e-13,2.012569475071684e-14,6.399460294870485e-15,2.0348660045221623e-15,6.470357601372989e-16,2.0574095491597898e-16,6.542040353497111e-17,8.062075171500597e-17,2.563535350869892e-17]",1.0,1.0,0.8123784649202851,0.3171971055874084,True,0.6547181730087719,"{""all_recovered_sources_strict_prior"":true,""current_captured_at_utc"":""2026-06-20T21:05:45.964300+00:00"",""recovered_source_captured_at_utc"":[""2026-06-20T21:04:51.765667+00:00""]}",985744f9d94a8bd044b305add14994da4cfb1cf93c9b8b36e6c578c15a1bb9c5
B,seattle,2026-06-20,20260620T170844-0400,2026-06-20T21:08:44.492184+00:00,14:08:43.522046,848,peak_heating_window,F,M5_cutoff_change,1,DEFINED,DEFINED,hgb,hgb,"[46,47,48,49,50,51,52,53,54,55,56,57,58,59,60,61,62,63,64,65,66,67,68,69,70,71,72,73,74,75,76,77,78,79,80,81,82,83,84,85,86,87,88,89,90,91,92,93,94,95,96,97,98,99,100,101,102]","[0.0,0.0,0.0,0.0,0.0,0.0,0.0,0.0,0.0,0.0,0.0,0.0,0.0,0.0,0.0,0.0,0.0,0.0,0.0,0.001708680090978244,0.0020566261750403886,0.07622470804493296,0.03238893340605457,0.04345446106836135,0.30482355037304926,0.09152135074146638,0.4074997768415442,0.015140930943891486,0.009591366033587623,0.0105644195442431,0.003506943114598821,0.0011049405821731732,0.00033148606230048495,4.192850712801669e-05,3.258948116332485e-05,5.569484172205173e-06,8.980486488750794e-07,6.46168497280902e-07,1.030177538492208e-07,7.406289241354552e-08,1.204877444714228e-08,4.873462514820914e-09,1.0610257311876136e-09,2.0132154022170916e-10,6.144541477961517e-12,7.572217934004069e-12,8.750699259667528e-12,1.975453824145069e-13,2.434448026535382e-13,1.9973391627202957e-14,6.351031765878852e-15,2.0194669610476552e-15,6.421392550220865e-16,2.0418399052510664e-16,6.492532836249491e-17,8.001064645114697e-17,2.5441355514586525e-17]","[0.0,0.0,0.0,0.0,0.0,0.0,0.0,0.0,0.0,0.0,0.0,0.0,0.0,0.0,0.0,0.0,0.0,0.0,0.0,0.0,0.0,0.0,0.023396226295680205,0.08372178322799456,0.4970579049097028,0.1639363109262017,0.09030267125413584,0.04418447681450392,0.014261295214970108,0.07028432933404707,0.011161953371398355,0.0012289443490961238,0.000379947660000966,5.272528240203195e-05,2.3184241136691795e-05,5.852218724113506e-06,9.98913612000355e-07,8.522001762186957e-07,4.40870172713558e-07,8.076270518747836e-08,1.5614171100393473e-08,5.459776136879357e-09,8.49644194696227e-10,2.0285667756736812e-10,6.191395456350423e-12,7.629958375127041e-12,1.2596107328489662e-11,1.9905172542019334e-13,2.453011425551128e-13,2.012569475071684e-14,6.399460294870485e-15,2.0348660045221623e-15,6.470357601372989e-16,2.0574095491597898e-16,6.542040353497111e-17,8.062075171500597e-17,2.563535350869892e-17]",1.0,1.0,0.8123784649202851,0.3171971055874084,True,0.6547181730087719,"{""all_recovered_sources_strict_prior"":true,""current_captured_at_utc"":""2026-06-20T21:08:44.492184+00:00"",""recovered_source_captured_at_utc"":[""2026-06-20T21:07:47.339431+00:00""]}",91bb61f1bc7687b7da577f253bc784b8b0a35a3b2367a9d44a4a9ea9a956b588
B,seattle,2026-06-20,20260620T171238-0400,2026-06-20T21:12:38.954096+00:00,14:12:37.967547,852,peak_heating_window,F,M5_cutoff_change,1,DEFINED,DEFINED,hgb,hgb,"[46,47,48,49,50,51,52,53,54,55,56,57,58,59,60,61,62,63,64,65,66,67,68,69,70,71,72,73,74,75,76,77,78,79,80,81,82,83,84,85,86,87,88,89,90,91,92,93,94,95,96,97,98,99,100,101,102]","[0.0,0.0,0.0,0.0,0.0,0.0,0.0,0.0,0.0,0.0,0.0,0.0,0.0,0.0,0.0,0.0,0.0,0.0,0.0,0.001708680090978244,0.0020566261750403886,0.07622470804493296,0.03238893340605457,0.04345446106836135,0.30482355037304926,0.09152135074146638,0.4074997768415442,0.015140930943891486,0.009591366033587623,0.0105644195442431,0.003506943114598821,0.0011049405821731732,0.00033148606230048495,4.192850712801669e-05,3.258948116332485e-05,5.569484172205173e-06,8.980486488750794e-07,6.46168497280902e-07,1.030177538492208e-07,7.406289241354552e-08,1.204877444714228e-08,4.873462514820914e-09,1.0610257311876136e-09,2.0132154022170916e-10,6.144541477961517e-12,7.572217934004069e-12,8.750699259667528e-12,1.975453824145069e-13,2.434448026535382e-13,1.9973391627202957e-14,6.351031765878852e-15,2.0194669610476552e-15,6.421392550220865e-16,2.0418399052510664e-16,6.492532836249491e-17,8.001064645114697e-17,2.5441355514586525e-17]","[0.0,0.0,0.0,0.0,0.0,0.0,0.0,0.0,0.0,0.0,0.0,0.0,0.0,0.0,0.0,0.0,0.0,0.0,0.0,0.0,0.0,0.0,0.023396226295680205,0.08372178322799456,0.4970579049097028,0.1639363109262017,0.09030267125413584,0.04418447681450392,0.014261295214970108,0.07028432933404707,0.011161953371398355,0.0012289443490961238,0.000379947660000966,5.272528240203195e-05,2.3184241136691795e-05,5.852218724113506e-06,9.98913612000355e-07,8.522001762186957e-07,4.40870172713558e-07,8.076270518747836e-08,1.5614171100393473e-08,5.459776136879357e-09,8.49644194696227e-10,2.0285667756736812e-10,6.191395456350423e-12,7.629958375127041e-12,1.2596107328489662e-11,1.9905172542019334e-13,2.453011425551128e-13,2.012569475071684e-14,6.399460294870485e-15,2.0348660045221623e-15,6.470357601372989e-16,2.0574095491597898e-16,6.542040353497111e-17,8.062075171500597e-17,2.563535350869892e-17]",1.0,1.0,0.8123784649202851,0.3171971055874084,True,0.6547181730087719,"{""all_recovered_sources_strict_prior"":true,""current_captured_at_utc"":""2026-06-20T21:12:38.954096+00:00"",""recovered_source_captured_at_utc"":[""2026-06-20T21:10:58.926813+00:00""]}",c8a4ba882fe8a8d51abdcabc3ec26e9021a15f7fcf64ae3bbbb72277481603b3
B,seattle,2026-06-20,20260620T171957-0400,2026-06-20T21:19:57.219591+00:00,14:19:56.517006,859,peak_heating_window,F,M5_cutoff_change,1,DEFINED,DEFINED,hgb,hgb,"[46,47,48,49,50,51,52,53,54,55,56,57,58,59,60,61,62,63,64,65,66,67,68,69,70,71,72,73,74,75,76,77,78,79,80,81,82,83,84,85,86,87,88,89,90,91,92,93,94,95,96,97,98,99,100,101,102]","[0.0,0.0,0.0,0.0,0.0,0.0,0.0,0.0,0.0,0.0,0.0,0.0,0.0,0.0,0.0,0.0,0.0,0.0,0.0,0.001741301452672407,0.0002479523464597979,0.009189854455481192,0.012059233966862943,0.04781843707045452,0.335435888577132,0.1007125124425997,0.4484235209928574,0.016661480449373683,0.010554592596955202,0.011625366389138801,0.00385913286029004,0.0012159058102715458,0.00036477602115262515,4.613923703725216e-05,3.586232611918982e-05,6.128807534501738e-06,9.882364605761078e-07,7.110608868334115e-07,1.1336345816897507e-07,8.150076362842165e-08,1.3258789742447497e-08,5.362886913119662e-09,1.1675807479722392e-09,2.2153954197876338e-10,6.761615787351895e-12,8.332668680237645e-12,9.629500667666756e-12,2.1738415815780798e-13,2.6789309289796277e-13,2.1979247863790475e-14,6.988843155858469e-15,2.2222748002972965e-15,7.066270021951535e-16,2.2468945792145526e-16,7.144554672295774e-17,8.804582931707803e-17,2.799633979460588e-17]","[0.0,0.0,0.0,0.0,0.0,0.0,0.0,0.0,0.0,0.0,0.0,0.0,0.0,0.0,0.0,0.0,0.0,0.0,0.0,0.0,0.0,0.0,0.00804050671121875,0.08503819041479435,0.5048734407601144,0.1665139786437299,0.09172255364128516,0.04487921551429016,0.014485534006718427,0.07138945147415703,0.011337459375574335,0.0012482677690108847,0.00038592180210530894,5.355431324686081e-05,2.3548780692302158e-05,5.944236625430391e-06,1.0146201223866476e-06,8.65599824354609e-07,4.478022355701901e-07,8.203258503756066e-08,1.58596819610079e-08,5.545623430950163e-09,8.630036536207335e-10,2.0604631326245108e-10,6.28874643432546e-12,7.749928729946741e-12,1.2794163384794262e-11,2.0218153359896164e-13,2.491581577134064e-13,2.044214296989815e-14,6.5000827995401e-15,2.066861407979262e-15,6.572094866385805e-16,2.089759418121955e-16,6.644904728879863e-17,8.188839954656038e-17,2.6038433355948517e-17]",1.0,1.0,0.7438226025986557,0.35670096735157225,True,0.6923817422913705,"{""all_recovered_sources_strict_prior"":true,""current_captured_at_utc"":""2026-06-20T21:19:57.219591+00:00"",""recovered_source_captured_at_utc"":[""2026-06-20T21:18:02.275319+00:00""]}",e8ecf2a53c3b94ade37f1d0bb0455be8ba86c5a049be04850da567c4d5603305
B,seattle,2026-06-20,20260620T173314-0400,2026-06-20T21:33:14.885812+00:00,14:33:13.925940,873,peak_heating_window,F,M5_cutoff_change,1,DEFINED,DEFINED,hgb,hgb,"[46,47,48,49,50,51,52,53,54,55,56,57,58,59,60,61,62,63,64,65,66,67,68,69,70,71,72,73,74,75,76,77,78,79,80,81,82,83,84,85,86,87,88,89,90,91,92,93,94,95,96,97,98,99,100,101,102]","[0.0,0.0,0.0,0.0,0.0,0.0,0.0,0.0,0.0,0.0,0.0,0.0,0.0,0.0,0.0,0.0,0.0,0.0,0.0,0.001741301452672407,0.0002479523464597979,0.009189854455481192,0.012059233966862943,0.04781843707045452,0.335435888577132,0.1007125124425997,0.4484235209928574,0.016661480449373683,0.010554592596955202,0.011625366389138801,0.00385913286029004,0.0012159058102715458,0.00036477602115262515,4.613923703725216e-05,3.586232611918982e-05,6.128807534501738e-06,9.882364605761078e-07,7.110608868334115e-07,1.1336345816897507e-07,8.150076362842165e-08,1.3258789742447497e-08,5.362886913119662e-09,1.1675807479722392e-09,2.2153954197876338e-10,6.761615787351895e-12,8.332668680237645e-12,9.629500667666756e-12,2.1738415815780798e-13,2.6789309289796277e-13,2.1979247863790475e-14,6.988843155858469e-15,2.2222748002972965e-15,7.066270021951535e-16,2.2468945792145526e-16,7.144554672295774e-17,8.804582931707803e-17,2.799633979460588e-17]","[0.0,0.0,0.0,0.0,0.0,0.0,0.0,0.0,0.0,0.0,0.0,0.0,0.0,0.0,0.0,0.0,0.0,0.0,0.0,0.0,0.0,0.0,0.00804050671121875,0.08503819041479435,0.5048734407601144,0.1665139786437299,0.09172255364128516,0.04487921551429016,0.014485534006718427,0.07138945147415703,0.011337459375574335,0.0012482677690108847,0.00038592180210530894,5.355431324686081e-05,2.3548780692302158e-05,5.944236625430391e-06,1.0146201223866476e-06,8.65599824354609e-07,4.478022355701901e-07,8.203258503756066e-08,1.58596819610079e-08,5.545623430950163e-09,8.630036536207335e-10,2.0604631326245108e-10,6.28874643432546e-12,7.749928729946741e-12,1.2794163384794262e-11,2.0218153359896164e-13,2.491581577134064e-13,2.044214296989815e-14,6.5000827995401e-15,2.066861407979262e-15,6.572094866385805e-16,2.089759418121955e-16,6.644904728879863e-17,8.188839954656038e-17,2.6038433355948517e-17]",1.0,1.0,0.7438226025986557,0.35670096735157225,True,0.6923817422913705,"{""all_recovered_sources_strict_prior"":true,""current_captured_at_utc"":""2026-06-20T21:33:14.885812+00:00"",""recovered_source_captured_at_utc"":[""2026-06-20T21:32:11.251960+00:00""]}",2997f43a4f8e78c79e191c103f10b89c37900d47b2f0001761ee53cdb4c1621b
B,seattle,2026-06-20,20260620T173714-0400,2026-06-20T21:37:14.042215+00:00,14:37:13.270139,877,peak_heating_window,F,M5_cutoff_change,1,DEFINED,DEFINED,hgb,hgb,"[46,47,48,49,50,51,52,53,54,55,56,57,58,59,60,61,62,63,64,65,66,67,68,69,70,71,72,73,74,75,76,77,78,79,80,81,82,83,84,85,86,87,88,89,90,91,92,93,94,95,96,97,98,99,100,101,102]","[0.0,0.0,0.0,0.0,0.0,0.0,0.0,0.0,0.0,0.0,0.0,0.0,0.0,0.0,0.0,0.0,0.0,0.0,0.0,0.001741301452672407,0.0002479523464597979,0.009189854455481192,0.012059233966862943,0.04781843707045452,0.335435888577132,0.1007125124425997,0.4484235209928574,0.016661480449373683,0.010554592596955202,0.011625366389138801,0.00385913286029004,0.0012159058102715458,0.00036477602115262515,4.613923703725216e-05,3.586232611918982e-05,6.128807534501738e-06,9.882364605761078e-07,7.110608868334115e-07,1.1336345816897507e-07,8.150076362842165e-08,1.3258789742447497e-08,5.362886913119662e-09,1.1675807479722392e-09,2.2153954197876338e-10,6.761615787351895e-12,8.332668680237645e-12,9.629500667666756e-12,2.1738415815780798e-13,2.6789309289796277e-13,2.1979247863790475e-14,6.988843155858469e-15,2.2222748002972965e-15,7.066270021951535e-16,2.2468945792145526e-16,7.144554672295774e-17,8.804582931707803e-17,2.799633979460588e-17]","[0.0,0.0,0.0,0.0,0.0,0.0,0.0,0.0,0.0,0.0,0.0,0.0,0.0,0.0,0.0,0.0,0.0,0.0,0.0,0.0,0.0,0.0,0.00804050671121875,0.08503819041479435,0.5048734407601144,0.1665139786437299,0.09172255364128516,0.04487921551429016,0.014485534006718427,0.07138945147415703,0.011337459375574335,0.0012482677690108847,0.00038592180210530894,5.355431324686081e-05,2.3548780692302158e-05,5.944236625430391e-06,1.0146201223866476e-06,8.65599824354609e-07,4.478022355701901e-07,8.203258503756066e-08,1.58596819610079e-08,5.545623430950163e-09,8.630036536207335e-10,2.0604631326245108e-10,6.28874643432546e-12,7.749928729946741e-12,1.2794163384794262e-11,2.0218153359896164e-13,2.491581577134064e-13,2.044214296989815e-14,6.5000827995401e-15,2.066861407979262e-15,6.572094866385805e-16,2.089759418121955e-16,6.644904728879863e-17,8.188839954656038e-17,2.6038433355948517e-17]",1.0,1.0,0.7438226025986557,0.35670096735157225,True,0.6923817422913705,"{""all_recovered_sources_strict_prior"":true,""current_captured_at_utc"":""2026-06-20T21:37:14.042215+00:00"",""recovered_source_captured_at_utc"":[""2026-06-20T21:35:11.572482+00:00""]}",5336f3ca5dfe7f8c4e1cdb1b1fc661a4869e037b10dd04f85f8d08ce5087bf69
B,seattle,2026-06-20,20260620T173924-0400,2026-06-20T21:39:24.205034+00:00,14:39:23.552873,879,peak_heating_window,F,M5_cutoff_change,1,DEFINED,DEFINED,hgb,hgb,"[46,47,48,49,50,51,52,53,54,55,56,57,58,59,60,61,62,63,64,65,66,67,68,69,70,71,72,73,74,75,76,77,78,79,80,81,82,83,84,85,86,87,88,89,90,91,92,93,94,95,96,97,98,99,100,101,102]","[0.0,0.0,0.0,0.0,0.0,0.0,0.0,0.0,0.0,0.0,0.0,0.0,0.0,0.0,0.0,0.0,0.0,0.0,0.0,0.001741301452672407,0.0002479523464597979,0.009189854455481192,0.012059233966862943,0.04781843707045452,0.335435888577132,0.1007125124425997,0.4484235209928574,0.016661480449373683,0.010554592596955202,0.011625366389138801,0.00385913286029004,0.0012159058102715458,0.00036477602115262515,4.613923703725216e-05,3.586232611918982e-05,6.128807534501738e-06,9.882364605761078e-07,7.110608868334115e-07,1.1336345816897507e-07,8.150076362842165e-08,1.3258789742447497e-08,5.362886913119662e-09,1.1675807479722392e-09,2.2153954197876338e-10,6.761615787351895e-12,8.332668680237645e-12,9.629500667666756e-12,2.1738415815780798e-13,2.6789309289796277e-13,2.1979247863790475e-14,6.988843155858469e-15,2.2222748002972965e-15,7.066270021951535e-16,2.2468945792145526e-16,7.144554672295774e-17,8.804582931707803e-17,2.799633979460588e-17]","[0.0,0.0,0.0,0.0,0.0,0.0,0.0,0.0,0.0,0.0,0.0,0.0,0.0,0.0,0.0,0.0,0.0,0.0,0.0,0.0,0.0,0.0,0.00804050671121875,0.08503819041479435,0.5048734407601144,0.1665139786437299,0.09172255364128516,0.04487921551429016,0.014485534006718427,0.07138945147415703,0.011337459375574335,0.0012482677690108847,0.00038592180210530894,5.355431324686081e-05,2.3548780692302158e-05,5.944236625430391e-06,1.0146201223866476e-06,8.65599824354609e-07,4.478022355701901e-07,8.203258503756066e-08,1.58596819610079e-08,5.545623430950163e-09,8.630036536207335e-10,2.0604631326245108e-10,6.28874643432546e-12,7.749928729946741e-12,1.2794163384794262e-11,2.0218153359896164e-13,2.491581577134064e-13,2.044214296989815e-14,6.5000827995401e-15,2.066861407979262e-15,6.572094866385805e-16,2.089759418121955e-16,6.644904728879863e-17,8.188839954656038e-17,2.6038433355948517e-17]",1.0,1.0,0.7438226025986557,0.35670096735157225,True,0.6923817422913705,"{""all_recovered_sources_strict_prior"":true,""current_captured_at_utc"":""2026-06-20T21:39:24.205034+00:00"",""recovered_source_captured_at_utc"":[""2026-06-20T21:38:18.931019+00:00""]}",0e894a41f422d003d0c54ee7c638df388f8ef5f5b45be3c6656bed12de53cbe9
B,seattle,2026-06-20,20260620T174313-0400,2026-06-20T21:43:13.194003+00:00,14:43:12.281914,883,peak_heating_window,F,M5_cutoff_change,1,DEFINED,DEFINED,hgb,hgb,"[46,47,48,49,50,51,52,53,54,55,56,57,58,59,60,61,62,63,64,65,66,67,68,69,70,71,72,73,74,75,76,77,78,79,80,81,82,83,84,85,86,87,88,89,90,91,92,93,94,95,96,97,98,99,100,101,102]","[0.0,0.0,0.0,0.0,0.0,0.0,0.0,0.0,0.0,0.0,0.0,0.0,0.0,0.0,0.0,0.0,0.0,0.0,0.0,0.001741301452672407,0.0002479523464597979,0.009189854455481192,0.012059233966862943,0.04781843707045452,0.335435888577132,0.1007125124425997,0.4484235209928574,0.016661480449373683,0.010554592596955202,0.011625366389138801,0.00385913286029004,0.0012159058102715458,0.00036477602115262515,4.613923703725216e-05,3.586232611918982e-05,6.128807534501738e-06,9.882364605761078e-07,7.110608868334115e-07,1.1336345816897507e-07,8.150076362842165e-08,1.3258789742447497e-08,5.362886913119662e-09,1.1675807479722392e-09,2.2153954197876338e-10,6.761615787351895e-12,8.332668680237645e-12,9.629500667666756e-12,2.1738415815780798e-13,2.6789309289796277e-13,2.1979247863790475e-14,6.988843155858469e-15,2.2222748002972965e-15,7.066270021951535e-16,2.2468945792145526e-16,7.144554672295774e-17,8.804582931707803e-17,2.799633979460588e-17]","[0.0,0.0,0.0,0.0,0.0,0.0,0.0,0.0,0.0,0.0,0.0,0.0,0.0,0.0,0.0,0.0,0.0,0.0,0.0,0.0,0.0,0.0,0.00804050671121875,0.08503819041479435,0.5048734407601144,0.1665139786437299,0.09172255364128516,0.04487921551429016,0.014485534006718427,0.07138945147415703,0.011337459375574335,0.0012482677690108847,0.00038592180210530894,5.355431324686081e-05,2.3548780692302158e-05,5.944236625430391e-06,1.0146201223866476e-06,8.65599824354609e-07,4.478022355701901e-07,8.203258503756066e-08,1.58596819610079e-08,5.545623430950163e-09,8.630036536207335e-10,2.0604631326245108e-10,6.28874643432546e-12,7.749928729946741e-12,1.2794163384794262e-11,2.0218153359896164e-13,2.491581577134064e-13,2.044214296989815e-14,6.5000827995401e-15,2.066861407979262e-15,6.572094866385805e-16,2.089759418121955e-16,6.644904728879863e-17,8.188839954656038e-17,2.6038433355948517e-17]",1.0,1.0,0.7438226025986557,0.35670096735157225,True,0.6923817422913705,"{""all_recovered_sources_strict_prior"":true,""current_captured_at_utc"":""2026-06-20T21:43:13.194003+00:00"",""recovered_source_captured_at_utc"":[""2026-06-20T21:42:13.233337+00:00""]}",8c2dd607cbc9191747cee2bbff0b86192e604581f5e426f34606da9c7da9b509
B,seattle,2026-06-20,20260620T174915-0400,2026-06-20T21:49:15.777207+00:00,14:49:14.816084,889,peak_heating_window,F,M5_cutoff_change,1,DEFINED,DEFINED,hgb,hgb,"[46,47,48,49,50,51,52,53,54,55,56,57,58,59,60,61,62,63,64,65,66,67,68,69,70,71,72,73,74,75,76,77,78,79,80,81,82,83,84,85,86,87,88,89,90,91,92,93,94,95,96,97,98,99,100,101,102]","[0.0,0.0,0.0,0.0,0.0,0.0,0.0,0.0,0.0,0.0,0.0,0.0,0.0,0.0,0.0,0.0,0.0,0.0,0.0,0.0017651075001177434,3.8710656973152604e-05,0.0014347325546161345,0.0018827039796774434,0.017030975440030204,0.353095031286218,0.10601455879595376,0.4720309381506157,0.01753863006579727,0.011110242911226913,0.012237387973895395,0.004062298294383161,0.0012799176079222754,0.00038397978566843515,4.8568253725911646e-05,3.7750311145195555e-05,6.451460806181704e-06,1.0402625236239877e-06,7.484949423505598e-07,1.1933151809927409e-07,8.579140057224658e-08,1.395680348571399e-08,5.6452180188734e-09,1.2290484553791106e-09,2.3320257065498364e-10,7.117583476555787e-12,8.771345012683842e-12,1.0136449185396586e-11,2.2882842516181564e-13,2.819964208940539e-13,2.3136353253769643e-14,7.35677331140694e-15,2.3392672545147625e-15,7.438276342646361e-16,2.3651831505267353e-16,7.520682316496629e-17,9.268103359246249e-17,2.94702171482252e-17]","[0.0,0.0,0.0,0.0,0.0,0.0,0.0,0.0,0.0,0.0,0.0,0.0,0.0,0.0,0.0,0.0,0.0,0.0,0.0,0.0,0.0,0.0,0.0017340089163406579,0.030696484781739385,0.5386356503846407,0.17764920462020314,0.09785628109320177,0.047880406227940105,0.015454219614188126,0.0761634511165657,0.012095624985299014,0.0013317427048709185,0.000411729404029739,5.7135630472452716e-05,2.512354934905403e-05,6.341743300971526e-06,1.0824704280190973e-06,9.234847522621141e-07,4.777479441915231e-07,8.751831890367594e-08,1.6920260442101507e-08,5.916473797910512e-09,9.207149687899527e-10,2.1982517001961015e-10,6.709291383316092e-12,8.268186766974129e-12,1.3649742607812056e-11,2.1570194241527655e-13,2.658200164511444e-13,2.1809162623546678e-14,6.934760364920534e-15,2.20507784498569e-15,7.01158806732964e-16,2.2295071050536286e-16,7.089266916072124e-17,8.736449135116285e-17,2.777969160857958e-17]",1.0,1.0,0.7551492792688252,0.37417465705741393,True,0.729412284171586,"{""all_recovered_sources_strict_prior"":true,""current_captured_at_utc"":""2026-06-20T21:49:15.777207+00:00"",""recovered_source_captured_at_utc"":[""2026-06-20T21:47:14.397478+00:00""]}",d8f5fa3163c3084f756c06a69a1961e1f926e13accc0c2e4bc73846a132a8627
B,seattle,2026-06-20,20260620T175216-0400,2026-06-20T21:52:16.400908+00:00,14:52:15.740601,892,peak_heating_window,F,M5_cutoff_change,1,DEFINED,DEFINED,hgb,hgb,"[46,47,48,49,50,51,52,53,54,55,56,57,58,59,60,61,62,63,64,65,66,67,68,69,70,71,72,73,74,75,76,77,78,79,80,81,82,83,84,85,86,87,88,89,90,91,92,93,94,95,96,97,98,99,100,101,102]","[0.0,0.0,0.0,0.0,0.0,0.0,0.0,0.0,0.0,0.0,0.0,0.0,0.0,0.0,0.0,0.0,0.0,0.0,0.0,0.0017651075001177434,3.8710656973152604e-05,0.0014347325546161345,0.0018827039796774434,0.017030975440030204,0.353095031286218,0.10601455879595376,0.4720309381506157,0.01753863006579727,0.011110242911226913,0.012237387973895395,0.004062298294383161,0.0012799176079222754,0.00038397978566843515,4.8568253725911646e-05,3.7750311145195555e-05,6.451460806181704e-06,1.0402625236239877e-06,7.484949423505598e-07,1.1933151809927409e-07,8.579140057224658e-08,1.395680348571399e-08,5.6452180188734e-09,1.2290484553791106e-09,2.3320257065498364e-10,7.117583476555787e-12,8.771345012683842e-12,1.0136449185396586e-11,2.2882842516181564e-13,2.819964208940539e-13,2.3136353253769643e-14,7.35677331140694e-15,2.3392672545147625e-15,7.438276342646361e-16,2.3651831505267353e-16,7.520682316496629e-17,9.268103359246249e-17,2.94702171482252e-17]","[0.0,0.0,0.0,0.0,0.0,0.0,0.0,0.0,0.0,0.0,0.0,0.0,0.0,0.0,0.0,0.0,0.0,0.0,0.0,0.0,0.0,0.0,0.0017340089163406579,0.030696484781739385,0.5386356503846407,0.17764920462020314,0.09785628109320177,0.047880406227940105,0.015454219614188126,0.0761634511165657,0.012095624985299014,0.0013317427048709185,0.000411729404029739,5.7135630472452716e-05,2.512354934905403e-05,6.341743300971526e-06,1.0824704280190973e-06,9.234847522621141e-07,4.777479441915231e-07,8.751831890367594e-08,1.6920260442101507e-08,5.916473797910512e-09,9.207149687899527e-10,2.1982517001961015e-10,6.709291383316092e-12,8.268186766974129e-12,1.3649742607812056e-11,2.1570194241527655e-13,2.658200164511444e-13,2.1809162623546678e-14,6.934760364920534e-15,2.20507784498569e-15,7.01158806732964e-16,2.2295071050536286e-16,7.089266916072124e-17,8.736449135116285e-17,2.777969160857958e-17]",1.0,1.0,0.7551492792688252,0.37417465705741393,True,0.729412284171586,"{""all_recovered_sources_strict_prior"":true,""current_captured_at_utc"":""2026-06-20T21:52:16.400908+00:00"",""recovered_source_captured_at_utc"":[""2026-06-20T21:51:12.779543+00:00""]}",1f70dff06f511d1c679e33cf865ca7c574be20e897a8b7d9c23dc040a7e7e1cd
B,seattle,2026-06-20,20260620T180412-0400,2026-06-20T22:04:12.870164+00:00,15:04:11.698399,904,peak_heating_window,F,M5_cutoff_change,1,DEFINED,DEFINED,hgb,hgb,"[45,46,47,48,49,50,51,52,53,54,55,56,57,58,59,60,61,62,63,64,65,66,67,68,69,70,71,72,73,74,75,76,77,78,79,80,81,82,83,84,85,86,87,88,89,90,91,92,93,94,95,96,97,98,99,100,101,102]","[0.0,0.0,0.0,0.0,0.0,0.0,0.0,0.0,0.0,0.0,0.0,0.0,0.0,0.0,0.0,0.0,0.0,0.0,0.0,0.0,0.0,0.0,0.0,0.010154374233213253,0.09488979286420253,0.4914229148991391,0.16788903555769308,0.09159439310961659,0.04476253520023689,0.016276033176505056,0.06929945120991082,0.011780424330563467,0.0014376473296383039,0.00040259589534643404,5.8355167530228106e-05,2.386390696067939e-05,6.076914811723094e-06,1.0927437649350993e-06,8.608600186122926e-07,4.435177854781545e-07,8.539471366451614e-08,1.6882615462795148e-08,5.638940886364332e-09,9.197580527045805e-10,2.1549145966423833e-10,1.0334348127483818e-11,8.090451188955383e-12,1.2438395763085542e-11,3.8701548670575083e-13,2.597190773447539e-13,2.347246980206637e-14,6.8489418493469155e-15,2.104751133853199e-15,6.675876148845773e-16,2.123235116125845e-16,6.882953544504782e-17,8.043013556554449e-17,2.654157816365077e-17]","[0.0,0.0,0.0,0.0,0.0,0.0,0.0,0.0,0.0,0.0,0.0,0.0,0.0,0.0,0.0,0.0,0.0,0.0,0.0,0.0,0.0,0.0,0.0,0.0,0.08750510078567772,0.13665271891254588,0.05950824852964405,0.6892804021808785,0.014688195499852506,0.006159436808137511,0.0040946118475850965,0.0015315199041947083,0.0004143502787319305,0.00013481772606572647,1.3926426746611222e-05,1.338365211392699e-05,2.888007118696998e-06,2.2307697350248307e-07,1.507782766328478e-07,1.506898316114041e-08,8.273438415276499e-09,1.4735755882735063e-09,6.871577552433906e-10,6.367265379301304e-11,1.7160948839410517e-11,5.724614398294301e-13,4.4554722959234855e-13,4.278892847193861e-13,1.2291838634324058e-14,9.633372732884903e-15,6.815255043448899e-16,1.7486465405394021e-16,4.714715344723185e-17,1.3164619044512883e-17,3.68701142395399e-18,1.0547449445975372e-18,1.2540068090716953e-18,3.6589983862824546e-19]",1.0,1.0,1.195372018142524,0.5976860090712619,True,0.9204012425087226,"{""all_recovered_sources_strict_prior"":true,""current_captured_at_utc"":""2026-06-20T22:04:12.870164+00:00"",""recovered_source_captured_at_utc"":[""2026-06-20T22:03:10.670449+00:00""]}",8c13f92dff15ee05dcbbaad645e4d8b309492957b7894dd46b9a08fd3c9432bf
B,seattle,2026-06-20,20260620T182314-0400,2026-06-20T22:23:14.474549+00:00,15:23:13.561955,923,peak_heating_window,F,M5_cutoff_change,1,DEFINED,DEFINED,hgb,hgb,"[45,46,47,48,49,50,51,52,53,54,55,56,57,58,59,60,61,62,63,64,65,66,67,68,69,70,71,72,73,74,75,76,77,78,79,80,81,82,83,84,85,86,87,88,89,90,91,92,93,94,95,96,97,98,99,100,101,102]","[0.0,0.0,0.0,0.0,0.0,0.0,0.0,0.0,0.0,0.0,0.0,0.0,0.0,0.0,0.0,0.0,0.0,0.0,0.0,0.0,0.0,0.0,0.0,0.010154374233213253,0.09488979286420253,0.4914229148991391,0.16788903555769308,0.09159439310961659,0.04476253520023689,0.016276033176505056,0.06929945120991082,0.011780424330563467,0.0014376473296383039,0.00040259589534643404,5.8355167530228106e-05,2.386390696067939e-05,6.076914811723094e-06,1.0927437649350993e-06,8.608600186122926e-07,4.435177854781545e-07,8.539471366451614e-08,1.6882615462795148e-08,5.638940886364332e-09,9.197580527045805e-10,2.1549145966423833e-10,1.0334348127483818e-11,8.090451188955383e-12,1.2438395763085542e-11,3.8701548670575083e-13,2.597190773447539e-13,2.347246980206637e-14,6.8489418493469155e-15,2.104751133853199e-15,6.675876148845773e-16,2.123235116125845e-16,6.882953544504782e-17,8.043013556554449e-17,2.654157816365077e-17]","[0.0,0.0,0.0,0.0,0.0,0.0,0.0,0.0,0.0,0.0,0.0,0.0,0.0,0.0,0.0,0.0,0.0,0.0,0.0,0.0,0.0,0.0,0.0,0.0,0.08800073410678833,0.13657849423362245,0.059475925860358304,0.6889060106799466,0.014680217417867627,0.006156091230946869,0.004092387806584511,0.0015306880394937473,0.0004141252190577034,0.00013474449808672942,1.3918862429105918e-05,1.3376382611432754e-05,2.886438460547935e-06,2.229558063799758e-07,1.5069637947587382e-07,1.506079824944792e-08,8.268944590968768e-09,1.4727751967717536e-09,6.867845166853981e-10,6.363806917353674e-11,1.715162764969865e-11,5.721505000478764e-13,4.4530522489368706e-13,4.276568711602136e-13,1.2285162164340354e-14,9.628140242790757e-15,6.81155325016292e-16,1.7476967407179644e-16,4.712154486545885e-17,1.3157468512642726e-17,3.685008776357164e-18,1.0541720463377596e-18,1.25332567917167e-18,3.6570109543267325e-19]",1.0,1.0,1.19462323514066,0.59731161757033,True,0.9200962742731983,"{""all_recovered_sources_strict_prior"":true,""current_captured_at_utc"":""2026-06-20T22:23:14.474549+00:00"",""recovered_source_captured_at_utc"":[""2026-06-20T22:22:18.139340+00:00""]}",6a15da0cae265b037c5c0c94e255a309f8f9feb099cf8dde9e0b3efb974bcad1
B,seattle,2026-06-20,20260620T182813-0400,2026-06-20T22:28:13.427341+00:00,15:28:12.527440,928,peak_heating_window,F,M5_cutoff_change,1,DEFINED,DEFINED,hgb,hgb,"[45,46,47,48,49,50,51,52,53,54,55,56,57,58,59,60,61,62,63,64,65,66,67,68,69,70,71,72,73,74,75,76,77,78,79,80,81,82,83,84,85,86,87,88,89,90,91,92,93,94,95,96,97,98,99,100,101,102]","[0.0,0.0,0.0,0.0,0.0,0.0,0.0,0.0,0.0,0.0,0.0,0.0,0.0,0.0,0.0,0.0,0.0,0.0,0.0,0.0,0.0,0.0,0.0,0.0017279112269331079,0.035479816462237926,0.5247079262983542,0.18272044434954182,0.09930674126341833,0.048551287963679544,0.01821421624452938,0.07396397511084739,0.013072440221544487,0.0016999454451655128,0.0004527135144638179,6.687196399765414e-05,2.6235969938665757e-05,6.7033268081300734e-06,1.23799193217381e-06,9.317412928808353e-07,4.792261411486792e-07,9.504563832233477e-08,1.9099889037737267e-08,6.214610775888529e-09,1.0397803409865144e-09,2.420634213987471e-10,1.4036951016952727e-11,8.99063645602847e-12,1.3301775250832311e-11,5.305040688547249e-13,2.9312385892171515e-13,2.77028714608654e-14,7.733583920237768e-15,2.3178999952270173e-15,7.328995142758746e-16,2.331237955830827e-16,7.590439126051458e-17,8.642251032891049e-17,2.920071556293848e-17]","[0.0,0.0,0.0,0.0,0.0,0.0,0.0,0.0,0.0,0.0,0.0,0.0,0.0,0.0,0.0,0.0,0.0,0.0,0.0,0.0,0.0,0.0,0.0,0.0,0.02255286308599799,0.14583878711292536,0.06846541182862065,0.7290530406195382,0.020212993695458967,0.00719195710625047,0.004398670101896266,0.00165325436300041,0.00045236187154990595,0.00014662109300895315,1.6056415448285877e-05,1.4368450699226861e-05,3.1553604167772174e-06,2.6685387903433445e-07,1.6340872552909475e-07,1.7188720332790357e-08,8.975779327231616e-09,1.6307677493525798e-09,7.431762654839731e-10,7.325584359666578e-11,1.9128428563034346e-11,7.806498406450785e-13,4.915048211892493e-13,4.558564317220287e-13,1.6258792748318953e-14,1.0616645984718063e-14,8.001938273948757e-16,1.9720268928932696e-16,5.1726192389095296e-17,1.4393137396745562e-17,4.031622168491919e-18,1.158957829328692e-18,1.3387009343711077e-18,4.0099898906622688e-19]",1.0,1.0,1.2594925987122396,0.6297462993561199,True,0.9880418638643311,"{""all_recovered_sources_strict_prior"":true,""current_captured_at_utc"":""2026-06-20T22:28:13.427341+00:00"",""recovered_source_captured_at_utc"":[""2026-06-20T22:26:17.972715+00:00""]}",b304fc62bf71cddf7cfdc707d7a341c578669292671dae43c98b93050e8fb095
B,seattle,2026-06-20,20260620T183507-0400,2026-06-20T22:35:07.077142+00:00,15:35:06.279305,935,peak_heating_window,F,M5_cutoff_change,1,DEFINED,DEFINED,hgb,hgb,"[45,46,47,48,49,50,51,52,53,54,55,56,57,58,59,60,61,62,63,64,65,66,67,68,69,70,71,72,73,74,75,76,77,78,79,80,81,82,83,84,85,86,87,88,89,90,91,92,93,94,95,96,97,98,99,100,101,102]","[0.0,0.0,0.0,0.0,0.0,0.0,0.0,0.0,0.0,0.0,0.0,0.0,0.0,0.0,0.0,0.0,0.0,0.0,0.0,0.0,0.0,0.0,0.0,0.010449444398548675,0.09719110720075892,0.4863230513465395,0.1693535766961854,0.09204198185305436,0.04499953083589468,0.0168817598857626,0.06855315931548112,0.012116129180545002,0.001575586368301706,0.00041959537240661296,6.197996247227092e-05,2.4316684227775566e-05,6.21294663966867e-06,1.1474269471104305e-06,8.63579995476807e-07,4.441684746266508e-07,8.80925988143252e-08,1.7702641510948033e-08,5.759982504519436e-09,9.637154744850917e-10,2.243553333461262e-10,1.3010081433922813e-11,8.332928731777988e-12,1.232868726406914e-11,4.916951785677526e-13,2.71680457543201e-13,2.5676274942049185e-14,7.16783555466248e-15,2.1483346103561004e-15,6.792844366341297e-16,2.1606968358428494e-16,7.035162481503155e-17,8.010029355700129e-17,2.7064544639632146e-17]","[0.0,0.0,0.0,0.0,0.0,0.0,0.0,0.0,0.0,0.0,0.0,0.0,0.0,0.0,0.0,0.0,0.0,0.0,0.0,0.0,0.0,0.0,0.0,0.0,0.08916305697698163,0.1359002957924761,0.06379969213442946,0.6793701856000846,0.018835536666506406,0.006701846041200485,0.004098913463112883,0.0015405898622702179,0.000421534719026896,0.00013662928980548892,1.4962217198771128e-05,1.3389282362808946e-05,2.9403317352046847e-06,2.486685593871176e-07,1.5227289374862973e-07,1.6017358782006266e-08,8.364105939761065e-09,1.5196356462718018e-09,6.925309535591196e-10,6.826366983980432e-11,1.7824881509393893e-11,7.274508130122328e-13,4.580101899183109e-13,4.2479113503567946e-13,1.515080307143669e-14,9.893152282801149e-15,7.45662933620484e-16,1.8376389666995571e-16,4.820120206055634e-17,1.3412286733328928e-17,3.756878784224315e-18,1.079978206996595e-18,1.2474723395623576e-18,3.7367206835303057e-19]",1.0,1.0,1.1746564074940595,0.5873282037470302,True,0.9029210418158662,"{""all_recovered_sources_strict_prior"":true,""current_captured_at_utc"":""2026-06-20T22:35:07.077142+00:00"",""recovered_source_captured_at_utc"":[""2026-06-20T22:34:21.757586+00:00""]}",3798324cdc7d9bfa8b00a260b253a6347e42047bc419b7baf6039b166d091d80
B,seattle,2026-06-20,20260620T183808-0400,2026-06-20T22:38:08.813067+00:00,15:38:07.917246,938,peak_heating_window,F,M5_cutoff_change,1,DEFINED,DEFINED,hgb,hgb,"[45,46,47,48,49,50,51,52,53,54,55,56,57,58,59,60,61,62,63,64,65,66,67,68,69,70,71,72,73,74,75,76,77,78,79,80,81,82,83,84,85,86,87,88,89,90,91,92,93,94,95,96,97,98,99,100,101,102]","[0.0,0.0,0.0,0.0,0.0,0.0,0.0,0.0,0.0,0.0,0.0,0.0,0.0,0.0,0.0,0.0,0.0,0.0,0.0,0.0,0.0,0.0,0.0,0.010743363760957378,0.11591261215337895,0.5756619573965799,0.14901798884235415,0.03777080841264034,0.03835610610427796,0.015034911735141423,0.04413930082208367,0.011463501255491457,0.0014113631736688223,0.0003975693407303322,5.9101936765768914e-05,2.3025999383583424e-05,5.917270588981743e-06,1.0933069289104119e-06,8.30894790767445e-07,4.384478557018994e-07,8.552115338154855e-08,1.7031949127372275e-08,5.429474662180328e-09,9.230226197108594e-10,2.0822091320547253e-10,1.2119283017325161e-11,7.722757500554393e-12,1.1965157253702394e-11,4.682045142751065e-13,2.527105804770175e-13,2.3784559519244536e-14,6.626220191121339e-15,1.9859088673443193e-15,6.279267103929213e-16,1.9973359947775526e-16,6.503264604417693e-17,7.404426056431508e-17,2.5018312747198405e-17]","[0.0,0.0,0.0,0.0,0.0,0.0,0.0,0.0,0.0,0.0,0.0,0.0,0.0,0.0,0.0,0.0,0.0,0.0,0.0,0.0,0.0,0.0,0.0,0.0,0.21702956767653453,0.4786482503753831,0.13159419657194152,0.13738858144390215,0.013118035946207127,0.008073638585067202,0.010439332504494117,0.002752153524025813,0.0006733848757065937,0.00023372133528375944,2.5001179008459867e-05,1.614623860031888e-05,7.131679357516053e-06,4.78339028860433e-07,3.2282072289315167e-07,3.52923291430499e-08,1.7496864998384706e-08,2.7416279442401337e-09,1.225936112946039e-09,1.2263243223739603e-10,2.2905162735272814e-11,9.593536922271939e-13,5.69383447925469e-13,8.733115796964773e-13,2.4428478349046413e-14,1.2681610590777091e-14,9.229729961013283e-16,2.2369894053825563e-16,5.86537837407998e-17,1.6320753595991058e-17,4.571561437253048e-18,1.3141724840602408e-18,1.5179878748092856e-18,4.547032033702681e-19]",1.0,1.0,0.40147188592637195,0.10111695552315558,False,0.13443045835357798,"{""all_recovered_sources_strict_prior"":true,""current_captured_at_utc"":""2026-06-20T22:38:08.813067+00:00"",""recovered_source_captured_at_utc"":[""2026-06-20T22:37:18.840257+00:00""]}",40783bf6b451154330cca175c9f74daddca98afaa4ec9ca61c6bde1d051f0ef7
B,seattle,2026-06-20,20260620T191315-0400,2026-06-20T23:13:15.349948+00:00,16:13:14.603895,973,peak_heating_window,F,M5_cutoff_change,1,DEFINED,DEFINED,hgb,hgb,"[46,47,48,49,50,51,52,53,54,55,56,57,58,59,60,61,62,63,64,65,66,67,68,69,70,71,72,73,74,75,76,77,78,79,80,81,82,83,84,85,86,87,88,89,90,91,92,93,94,95,96,97,98,99,100,101,102,103]","[0.0,0.0,0.0,0.0,0.0,0.0,0.0,0.0,0.0,0.0,0.0,0.0,0.0,0.0,0.0,0.0,0.0,0.0,0.0,0.0,0.0,0.0,0.0,0.004577943353628858,0.08371820289709218,0.09106784813219428,0.6654608326494197,0.13717169121024925,0.008261382756745927,0.005965598428450283,0.0026720266294253062,0.0007931050572292594,0.0002400947562263424,4.363873212887252e-05,1.9601522517410224e-05,6.826788848702706e-06,9.136453367347695e-07,2.2377597446047937e-07,5.1682239185795684e-08,1.3096917445073523e-08,3.528205229747064e-09,1.1023643773529194e-09,2.1902572709850034e-10,3.067531184580899e-11,3.831750351756613e-12,5.409827627768948e-13,6.083115051355456e-13,1.0928811049513008e-13,1.1891269040970355e-14,2.5978662447545657e-15,3.0226588337712653e-16,8.35480178930637e-17,2.3322360061634263e-17,6.529514711540007e-18,1.8306283534464203e-18,1.5643075987330215e-18,6.428160307160333e-19,7.523446470792787e-20]","[0.0,0.0,0.0,0.0,0.0,0.0,0.0,0.0,0.0,0.0,0.0,0.0,0.0,0.0,0.0,0.0,0.0,0.0,0.0,0.0,0.0,0.0,0.0,0.0,0.0,0.19469865224873398,0.6296950308056141,0.15266501057217938,0.011176434773252019,0.007769297650106299,0.0027266441489806853,0.0008764799681229489,0.00029945182645020027,6.0650286701395836e-05,2.2564189554864046e-05,7.843411333514937e-06,1.3566855404702754e-06,4.153392506485252e-07,1.1589856314650298e-07,3.540996604250287e-08,1.1393850491565489e-08,4.16118881753353e-09,9.90120275272536e-10,1.971211072456103e-10,3.179580781614665e-11,5.467361445130624e-12,4.862462482324082e-12,1.0147271510151132e-12,1.7511412965028302e-13,4.473466287847845e-14,6.462016775457886e-15,2.031342663738611e-15,6.44149443604182e-16,2.0480211608954378e-16,6.519767087748411e-17,5.65946930668222e-17,2.541727769013948e-17,3.685889386828573e-18]",1.0,1.0,0.2481238961890533,0.1036308041165397,False,0.14827107144597282,"{""all_recovered_sources_strict_prior"":true,""current_captured_at_utc"":""2026-06-20T23:13:15.349948+00:00"",""recovered_source_captured_at_utc"":[""2026-06-20T23:12:17.151295+00:00""]}",86999def65216f0202e3d45d3721ef52e50dfa16e55958e0a8798c881f7dd430
B,seattle,2026-06-20,20260620T192100-0400,2026-06-20T23:21:00.664562+00:00,16:20:59.695797,980,peak_heating_window,F,M5_cutoff_change,1,DEFINED,DEFINED,hgb,hgb,"[46,47,48,49,50,51,52,53,54,55,56,57,58,59,60,61,62,63,64,65,66,67,68,69,70,71,72,73,74,75,76,77,78,79,80,81,82,83,84,85,86,87,88,89,90,91,92,93,94,95,96,97,98,99,100,101,102,103]","[0.0,0.0,0.0,0.0,0.0,0.0,0.0,0.0,0.0,0.0,0.0,0.0,0.0,0.0,0.0,0.0,0.0,0.0,0.0,0.0,0.0,0.0,0.0,0.004577943353628858,0.08371820289709218,0.09106784813219428,0.6654608326494197,0.13717169121024925,0.008261382756745927,0.005965598428450283,0.0026720266294253062,0.0007931050572292594,0.0002400947562263424,4.363873212887252e-05,1.9601522517410224e-05,6.826788848702706e-06,9.136453367347695e-07,2.2377597446047937e-07,5.1682239185795684e-08,1.3096917445073523e-08,3.528205229747064e-09,1.1023643773529194e-09,2.1902572709850034e-10,3.067531184580899e-11,3.831750351756613e-12,5.409827627768948e-13,6.083115051355456e-13,1.0928811049513008e-13,1.1891269040970355e-14,2.5978662447545657e-15,3.0226588337712653e-16,8.35480178930637e-17,2.3322360061634263e-17,6.529514711540007e-18,1.8306283534464203e-18,1.5643075987330215e-18,6.428160307160333e-19,7.523446470792787e-20]","[0.0,0.0,0.0,0.0,0.0,0.0,0.0,0.0,0.0,0.0,0.0,0.0,0.0,0.0,0.0,0.0,0.0,0.0,0.0,0.0,0.0,0.0,0.0,0.0,0.0,0.19487352155043508,0.6295582940043791,0.15263185972266508,0.011174007836615483,0.007767610565316765,0.002726052064589356,0.0008762896425505297,0.00029938680118738316,6.063711663367761e-05,2.255928979394606e-05,7.841708155112619e-06,1.3563909393824308e-06,4.152490607029441e-07,1.1587339604494255e-07,3.540227685130456e-08,1.1391376343614896e-08,4.1602852251270335e-09,9.899052729735573e-10,1.9707830285881667e-10,3.1788903430943077e-11,5.466174220397016e-12,4.8614066099836144e-12,1.0145068053906945e-12,1.7507610402713527e-13,4.472494885120003e-14,6.4606135636487144e-15,2.0309015624364514e-15,6.440095680610593e-16,2.0475764378966805e-16,6.518351335594173e-17,5.658240366176381e-17,2.5411758387814662e-17,3.685089004580333e-18]",1.0,1.0,0.24839736979152313,0.1038056734182408,False,0.14815680447975557,"{""all_recovered_sources_strict_prior"":true,""current_captured_at_utc"":""2026-06-20T23:21:00.664562+00:00"",""recovered_source_captured_at_utc"":[""2026-06-20T23:20:15.863105+00:00""]}",bd61c387e69016970b2c58de9ddd131e094b4c33c6af513eeaa01467f365ec1f
B,seattle,2026-06-20,20260620T192723-0400,2026-06-20T23:27:23.290627+00:00,16:27:22.546530,987,peak_heating_window,F,M5_cutoff_change,1,DEFINED,DEFINED,hgb,hgb,"[46,47,48,49,50,51,52,53,54,55,56,57,58,59,60,61,62,63,64,65,66,67,68,69,70,71,72,73,74,75,76,77,78,79,80,81,82,83,84,85,86,87,88,89,90,91,92,93,94,95,96,97,98,99,100,101,102,103]","[0.0,0.0,0.0,0.0,0.0,0.0,0.0,0.0,0.0,0.0,0.0,0.0,0.0,0.0,0.0,0.0,0.0,0.0,0.0,0.0,0.0,0.0,0.0,0.004577943353628858,0.08371820289709218,0.09106784813219428,0.6654608326494197,0.13717169121024925,0.008261382756745927,0.005965598428450283,0.0026720266294253062,0.0007931050572292594,0.0002400947562263424,4.363873212887252e-05,1.9601522517410224e-05,6.826788848702706e-06,9.136453367347695e-07,2.2377597446047937e-07,5.1682239185795684e-08,1.3096917445073523e-08,3.528205229747064e-09,1.1023643773529194e-09,2.1902572709850034e-10,3.067531184580899e-11,3.831750351756613e-12,5.409827627768948e-13,6.083115051355456e-13,1.0928811049513008e-13,1.1891269040970355e-14,2.5978662447545657e-15,3.0226588337712653e-16,8.35480178930637e-17,2.3322360061634263e-17,6.529514711540007e-18,1.8306283534464203e-18,1.5643075987330215e-18,6.428160307160333e-19,7.523446470792787e-20]","[0.0,0.0,0.0,0.0,0.0,0.0,0.0,0.0,0.0,0.0,0.0,0.0,0.0,0.0,0.0,0.0,0.0,0.0,0.0,0.0,0.0,0.0,0.0,0.0,0.0,0.19504839343333744,0.6294215551848074,0.15259870838381956,0.011171580864155558,0.0077659234556246015,0.0027254599714584206,0.0008760993141687632,0.00029932177496474463,6.062394637155939e-05,2.2554389960703954e-05,7.840004951570122e-06,1.356096333946055e-06,4.151588694260924e-07,1.1584822857189697e-07,3.539458754660806e-08,1.1388902159144036e-08,4.1593816193828405e-09,9.896902675009847e-10,1.9703549784019835e-10,3.1781998943825625e-11,5.464986978139087e-12,4.860350722057685e-12,1.0142864565138107e-12,1.7503807784270097e-13,4.471523468053535e-14,6.459210331127092e-15,2.030460454623308e-15,6.438696904532693e-16,2.047131708333481e-16,6.516935562542379e-17,5.657011407530465e-17,2.5406239004020837e-17,3.6842886105178574e-18]",1.0,1.0,0.2486708474306668,0.10398054530114316,False,0.14804263659776776,"{""all_recovered_sources_strict_prior"":true,""current_captured_at_utc"":""2026-06-20T23:27:23.290627+00:00"",""recovered_source_captured_at_utc"":[""2026-06-20T23:26:14.571190+00:00""]}",979daab8117586417fc6ff02bdaabe17f9853f3be2de284aac30febc193b1332
B,seattle,2026-06-20,20260620T193216-0400,2026-06-20T23:32:16.952445+00:00,16:32:16.044584,992,peak_heating_window,F,M5_cutoff_change,1,DEFINED,DEFINED,hgb,hgb,"[46,47,48,49,50,51,52,53,54,55,56,57,58,59,60,61,62,63,64,65,66,67,68,69,70,71,72,73,74,75,76,77,78,79,80,81,82,83,84,85,86,87,88,89,90,91,92,93,94,95,96,97,98,99,100,101,102,103]","[0.0,0.0,0.0,0.0,0.0,0.0,0.0,0.0,0.0,0.0,0.0,0.0,0.0,0.0,0.0,0.0,0.0,0.0,0.0,0.0,0.0,0.0,0.0,0.004577943353628858,0.08371820289709218,0.09106784813219428,0.6654608326494197,0.13717169121024925,0.008261382756745927,0.005965598428450283,0.0026720266294253062,0.0007931050572292594,0.0002400947562263424,4.363873212887252e-05,1.9601522517410224e-05,6.826788848702706e-06,9.136453367347695e-07,2.2377597446047937e-07,5.1682239185795684e-08,1.3096917445073523e-08,3.528205229747064e-09,1.1023643773529194e-09,2.1902572709850034e-10,3.067531184580899e-11,3.831750351756613e-12,5.409827627768948e-13,6.083115051355456e-13,1.0928811049513008e-13,1.1891269040970355e-14,2.5978662447545657e-15,3.0226588337712653e-16,8.35480178930637e-17,2.3322360061634263e-17,6.529514711540007e-18,1.8306283534464203e-18,1.5643075987330215e-18,6.428160307160333e-19,7.523446470792787e-20]","[0.0,0.0,0.0,0.0,0.0,0.0,0.0,0.0,0.0,0.0,0.0,0.0,0.0,0.0,0.0,0.0,0.0,0.0,0.0,0.0,0.0,0.0,0.0,0.0,0.0,0.19517330313276618,0.6293238836519714,0.15257502862637584,0.011169847295582614,0.007764718365583518,0.0027250370436910083,0.0008759633640059092,0.0002992753272123105,6.061453895022168e-05,2.255089004586709e-05,7.838788365810146e-06,1.3558858994502575e-06,4.1509444646057223e-07,1.1583025163105708e-07,3.5389095132833395e-08,1.138713486737902e-08,4.158736180447571e-09,9.895366906737163e-10,1.9700492253031485e-10,3.1777067119473786e-11,5.464138939728762e-12,4.859596509080336e-12,1.0141290629321541e-12,1.750109160189174e-13,4.470829591989649e-14,6.458208012460448e-15,2.0301453745576e-15,6.437697769071013e-16,2.046814041278353e-16,6.515924286267294e-17,5.656133571411107e-17,2.540229654878289e-17,3.683716894927511e-18]",1.0,1.0,0.24886619049633874,0.1041054550005719,False,0.14796114901736365,"{""all_recovered_sources_strict_prior"":true,""current_captured_at_utc"":""2026-06-20T23:32:16.952445+00:00"",""recovered_source_captured_at_utc"":[""2026-06-20T23:31:08.062989+00:00""]}",15edf5e58e64bdfb5d19936438cccd0c777e4b1975c5f741e83bd42325ff154d
B,seattle,2026-06-20,20260620T194118-0400,2026-06-20T23:41:18.877260+00:00,16:41:18.000873,1001,peak_heating_window,F,M5_cutoff_change,1,DEFINED,DEFINED,hgb,hgb,"[46,47,48,49,50,51,52,53,54,55,56,57,58,59,60,61,62,63,64,65,66,67,68,69,70,71,72,73,74,75,76,77,78,79,80,81,82,83,84,85,86,87,88,89,90,91,92,93,94,95,96,97,98,99,100,101,102,103]","[0.0,0.0,0.0,0.0,0.0,0.0,0.0,0.0,0.0,0.0,0.0,0.0,0.0,0.0,0.0,0.0,0.0,0.0,0.0,0.0,0.0,0.0,0.0,0.004577943353628858,0.08371820289709218,0.09106784813219428,0.6654608326494197,0.13717169121024925,0.008261382756745927,0.005965598428450283,0.0026720266294253062,0.0007931050572292594,0.0002400947562263424,4.363873212887252e-05,1.9601522517410224e-05,6.826788848702706e-06,9.136453367347695e-07,2.2377597446047937e-07,5.1682239185795684e-08,1.3096917445073523e-08,3.528205229747064e-09,1.1023643773529194e-09,2.1902572709850034e-10,3.067531184580899e-11,3.831750351756613e-12,5.409827627768948e-13,6.083115051355456e-13,1.0928811049513008e-13,1.1891269040970355e-14,2.5978662447545657e-15,3.0226588337712653e-16,8.35480178930637e-17,2.3322360061634263e-17,6.529514711540007e-18,1.8306283534464203e-18,1.5643075987330215e-18,6.428160307160333e-19,7.523446470792787e-20]","[0.0,0.0,0.0,0.0,0.0,0.0,0.0,0.0,0.0,0.0,0.0,0.0,0.0,0.0,0.0,0.0,0.0,0.0,0.0,0.0,0.0,0.0,0.0,0.0,0.0,0.1953981422803635,0.6291480735724676,0.15253240474285587,0.011166726848715594,0.0077625491872182276,0.002724275767992203,0.0008757186518748921,0.0002991917206300124,6.059760546463697e-05,2.254459015184616e-05,7.83659849499544e-06,1.355507114513005e-06,4.149784842517167e-07,1.1579789289451899e-07,3.5379208713788294e-08,1.1383953718310377e-08,4.1575743816385424e-09,9.892602503084631e-10,1.9694988655918392e-10,3.1768189768968273e-11,5.4626124591257405e-12,4.8582389155250745e-12,1.0138457523574043e-12,1.7496202436891236e-13,4.469580605694302e-14,6.456403825310369e-15,2.02957822617983e-15,6.435899311732902e-16,2.0462422362846534e-16,6.514103975300924e-17,5.654553454528997e-17,2.539520007605742e-17,3.682687799135995e-18]",1.0,1.0,0.24921781065534615,0.10433029414816923,False,0.14781459983867143,"{""all_recovered_sources_strict_prior"":true,""current_captured_at_utc"":""2026-06-20T23:41:18.877260+00:00"",""recovered_source_captured_at_utc"":[""2026-06-20T23:40:22.785187+00:00""]}",8fa21ce9ac3deacd5354bf04b6b947b153392890b518491e678b9c4ca6f820f0
B,toronto,2026-06-20,20260620T131409-0400,2026-06-20T17:14:09.848723+00:00,13:14:08.859399,794,settlement_window,C,M5_cutoff_change,1,DEFINED,DEFINED,hgb,hgb,"[8,9,10,11,12,13,14,15,16,17,18,19,20,21,22,23,24,25,26,27,28,29,30,31,32,33,34,35,36]","[0.0,0.0,0.0,0.0,0.0,0.0,0.0,0.0,0.0,0.0,0.0,0.0,0.0,0.0032114349607235437,0.2123595623898374,0.5237439412919881,0.23854658566444442,0.016721417238322513,0.0045271809069448,0.0005175934651951782,0.00019122203854975904,0.00015336623238429922,2.0543793627787555e-05,4.988127675597594e-06,1.5234940174570496e-06,4.3436330778717986e-07,1.7500948207212446e-07,2.8527985601306592e-08,2.495513807083102e-09]","[0.0,0.0,0.0,0.0,0.0,0.0,0.0,0.0,0.0,0.0,0.0,0.0,0.0,0.0,0.3552010310788836,0.5500000000000002,0.06661738749299058,0.027170211519469276,0.0008814120464434408,9.647124170683591e-05,2.438685286272118e-05,6.810492020389986e-06,1.8992585774358964e-06,2.9754072472751007e-07,7.399699716080598e-08,1.4123204121388769e-08,3.859995296332205e-09,4.73286596326784e-10,2.2837638788558915e-11]",1.0000000000000002,1.0000000000000002,0.3590926433564103,0.17192919817145386,False,0.40108353614541625,"{""all_recovered_sources_strict_prior"":true,""current_captured_at_utc"":""2026-06-20T17:14:09.848723+00:00"",""recovered_source_captured_at_utc"":[""2026-06-20T17:13:06.354448+00:00""]}",0a079912d88916e212ae4406fd85939823384654db7ad4032444c8a254d7e656
B,toronto,2026-06-20,20260620T131806-0400,2026-06-20T17:18:06.222716+00:00,13:18:05.501644,798,settlement_window,C,M5_cutoff_change,1,DEFINED,DEFINED,hgb,hgb,"[8,9,10,11,12,13,14,15,16,17,18,19,20,21,22,23,24,25,26,27,28,29,30,31,32,33,34,35,36]","[0.0,0.0,0.0,0.0,0.0,0.0,0.0,0.0,0.0,0.0,0.0,0.0,0.0,0.0032114349607235437,0.2123595623898374,0.5237439412919881,0.23854658566444442,0.016721417238322513,0.0045271809069448,0.0005175934651951782,0.00019122203854975904,0.00015336623238429922,2.0543793627787555e-05,4.988127675597594e-06,1.5234940174570496e-06,4.3436330778717986e-07,1.7500948207212446e-07,2.8527985601306592e-08,2.495513807083102e-09]","[0.0,0.0,0.0,0.0,0.0,0.0,0.0,0.0,0.0,0.0,0.0,0.0,0.0,0.0,0.3552010310788836,0.5500000000000002,0.06661738749299058,0.027170211519469276,0.0008814120464434408,9.647124170683591e-05,2.438685286272118e-05,6.810492020389986e-06,1.8992585774358964e-06,2.9754072472751007e-07,7.399699716080598e-08,1.4123204121388769e-08,3.859995296332205e-09,4.73286596326784e-10,2.2837638788558915e-11]",1.0000000000000002,1.0000000000000002,0.3590926433564103,0.17192919817145386,False,0.40108353614541625,"{""all_recovered_sources_strict_prior"":true,""current_captured_at_utc"":""2026-06-20T17:18:06.222716+00:00"",""recovered_source_captured_at_utc"":[""2026-06-20T17:17:07.704142+00:00""]}",81ee7f41314629996257a59595fe27fb934e937331199fef82d9b9bbb7933ab9
B,toronto,2026-06-20,20260620T132009-0400,2026-06-20T17:20:09.882525+00:00,13:20:09.287661,800,settlement_window,C,M5_cutoff_change,1,DEFINED,DEFINED,hgb,hgb,"[8,9,10,11,12,13,14,15,16,17,18,19,20,21,22,23,24,25,26,27,28,29,30,31,32,33,34,35,36]","[0.0,0.0,0.0,0.0,0.0,0.0,0.0,0.0,0.0,0.0,0.0,0.0,0.0,0.0032114349607235437,0.2123595623898374,0.5237439412919881,0.23854658566444442,0.016721417238322513,0.0045271809069448,0.0005175934651951782,0.00019122203854975904,0.00015336623238429922,2.0543793627787555e-05,4.988127675597594e-06,1.5234940174570496e-06,4.3436330778717986e-07,1.7500948207212446e-07,2.8527985601306592e-08,2.495513807083102e-09]","[0.0,0.0,0.0,0.0,0.0,0.0,0.0,0.0,0.0,0.0,0.0,0.0,0.0,0.0,0.3552010310788836,0.5500000000000002,0.06661738749299058,0.027170211519469276,0.0008814120464434408,9.647124170683591e-05,2.438685286272118e-05,6.810492020389986e-06,1.8992585774358964e-06,2.9754072472751007e-07,7.399699716080598e-08,1.4123204121388769e-08,3.859995296332205e-09,4.73286596326784e-10,2.2837638788558915e-11]",1.0000000000000002,1.0000000000000002,0.3590926433564103,0.17192919817145386,False,0.40108353614541625,"{""all_recovered_sources_strict_prior"":true,""current_captured_at_utc"":""2026-06-20T17:20:09.882525+00:00"",""recovered_source_captured_at_utc"":[""2026-06-20T17:19:06.352547+00:00""]}",c46ca89777fd71f2bcf72dc79331ebd50875aa420c47de614340f377f6159a5d
B,toronto,2026-06-20,20260620T134516-0400,2026-06-20T17:45:16.537010+00:00,13:45:16.005813,825,settlement_window,C,M5_cutoff_change,1,DEFINED,DEFINED,hgb,hgb,"[8,9,10,11,12,13,14,15,16,17,18,19,20,21,22,23,24,25,26,27,28,29,30,31,32,33,34,35,36]","[0.0,0.0,0.0,0.0,0.0,0.0,0.0,0.0,0.0,0.0,0.0,0.0,0.0,0.003197241136738064,0.2190805925599061,0.5014056019978566,0.2541039673068575,0.016349381712756458,0.004998447432272348,0.0005065645999395816,0.00018307396618966773,0.00014816963912258076,1.998783220000846e-05,4.863054624450506e-06,1.4852427808568938e-06,4.2302142054523903e-07,1.7002456173381266e-07,2.7981774736734556e-08,2.4909986386848555e-09]","[0.0,0.0,0.0,0.0,0.0,0.0,0.0,0.0,0.0,0.0,0.0,0.0,0.0,0.0,0.36859291291280905,0.5500000000000002,0.052421213617078896,0.02798887566403197,0.0008687322768315255,9.526285542800404e-05,2.4041514901040776e-05,6.709305342963215e-06,1.8679714708165902e-06,2.932640996605256e-07,7.28559344026939e-08,1.3824490242778753e-08,3.446760094938497e-09,4.680031451342187e-10,2.2818240311641866e-11]",1.0,1.0000000000000002,0.4194924246126437,0.20168275368977862,False,0.4809828364585851,"{""all_recovered_sources_strict_prior"":true,""current_captured_at_utc"":""2026-06-20T17:45:16.537010+00:00"",""recovered_source_captured_at_utc"":[""2026-06-20T17:44:17.224361+00:00""]}",ebb780b5bfa3577f6c3dc763ba2edc727ae834d340dafdb78b6600c87c55be54
B,toronto,2026-06-20,20260620T141216-0400,2026-06-20T18:12:16.704697+00:00,14:12:16.166807,852,peak_heating_window,C,M5_cutoff_change,1,DEFINED,DEFINED,hgb,hgb,"[8,9,10,11,12,13,14,15,16,17,18,19,20,21,22,23,24,25,26,27,28,29,30,31,32,33,34,35,36]","[0.0,0.0,0.0,0.0,0.0,0.0,0.0,0.0,0.0,0.0,0.0,0.0,0.0,0.0,0.0016685423081375253,0.6250301713035407,0.2095049662907931,0.16273283804114794,0.000954762387052718,8.120548023662047e-05,2.007902229157696e-05,5.574989845782366e-06,1.540531738640204e-06,2.443150557378265e-07,6.050393817845212e-08,1.148345995792689e-08,2.9261698458381317e-09,3.963537263597851e-10,2.0238134373634796e-11]","[0.0,0.0,0.0,0.0,0.0,0.0,0.0,0.0,0.0,0.0,0.0,0.0,0.0,0.0,0.0,0.8748107187041093,0.09434796246233729,0.02929787992949334,0.001353653980036307,0.00013700036243973125,3.743873328333278e-05,1.116940445778228e-05,3.2667132833316774e-06,6.69597254854185e-07,1.8467939073260628e-07,4.1440119858392394e-08,1.1724710400978362e-08,2.102660066989953e-09,1.66423789848416e-10]",1.0,1.0,0.5005210084964958,0.24978054740056865,False,0.5808847411050038,"{""all_recovered_sources_strict_prior"":true,""current_captured_at_utc"":""2026-06-20T18:12:16.704697+00:00"",""recovered_source_captured_at_utc"":[""2026-06-20T18:11:19.351919+00:00""]}",4c8eef2da1511b26f89da9ddd08c8097ed8378d24c7991196b1242655f3d3ebb
B,toronto,2026-06-20,20260620T142216-0400,2026-06-20T18:22:16.622517+00:00,14:22:16.163500,862,peak_heating_window,C,M5_cutoff_change,1,DEFINED,DEFINED,hgb,hgb,"[8,9,10,11,12,13,14,15,16,17,18,19,20,21,22,23,24,25,26,27,28,29,30,31,32,33,34,35,36]","[0.0,0.0,0.0,0.0,0.0,0.0,0.0,0.0,0.0,0.0,0.0,0.0,0.0,0.0,0.0016685424707015399,0.6250301696990871,0.2095049676717752,0.16273283802711141,0.0009547624524030357,8.120548764998291e-05,2.0079023930305896e-05,5.574990263849721e-06,1.5405318372207943e-06,2.4431507497528176e-07,6.050394248125106e-08,1.1483460813708117e-08,2.9261700887117694e-09,3.9635376694740004e-10,2.023813774973909e-11]","[0.0,0.0,0.0,0.0,0.0,0.0,0.0,0.0,0.0,0.0,0.0,0.0,0.0,0.0,0.0,0.8748106741767822,0.09434799206901022,0.02929789370190786,0.001353654753151444,0.0001370004444611616,3.743875399043099e-05,1.1169410461236593e-05,3.2668610821722777e-06,6.695976191981988e-07,1.84797590182418e-07,4.144014126973526e-08,1.1724717319861616e-08,2.1026614228852825e-09,1.6642393372567223e-10]",1.0,1.0,0.5005209247973403,0.24978050447769506,False,0.580884643452839,"{""all_recovered_sources_strict_prior"":true,""current_captured_at_utc"":""2026-06-20T18:22:16.622517+00:00"",""recovered_source_captured_at_utc"":[""2026-06-20T18:20:19.830807+00:00""]}",9577d5f0ddcc9301934a363ae91b22db992f71edb9dbbf40b0676b4984826f2e
B,toronto,2026-06-20,20260620T142916-0400,2026-06-20T18:29:16.645737+00:00,14:29:16.184000,869,peak_heating_window,C,M5_cutoff_change,1,DEFINED,DEFINED,hgb,hgb,"[8,9,10,11,12,13,14,15,16,17,18,19,20,21,22,23,24,25,26,27,28,29,30,31,32,33,34,35,36]","[0.0,0.0,0.0,0.0,0.0,0.0,0.0,0.0,0.0,0.0,0.0,0.0,0.0,0.0,0.0016732908125769905,0.6572112361319077,0.21552570560964188,0.1245150867857527,0.0009653668321768621,8.157864217637407e-05,2.0226677680831667e-05,5.626513111851437e-06,1.5595986762929162e-06,2.463117951200665e-07,6.112991394247313e-08,1.1591242713749539e-08,2.9465315866445427e-09,3.969197964603957e-10,1.9895443262847975e-11]","[0.0,0.0,0.0,0.0,0.0,0.0,0.0,0.0,0.0,0.0,0.0,0.0,0.0,0.0,0.0,0.863042453445585,0.10634514298261746,0.029073510483556008,0.0013503209184312845,0.0001361470750428466,3.718657152443645e-05,1.1092237607578112e-05,3.242763973881734e-06,6.650205395769048e-07,1.834498023122928e-07,4.1144232323939474e-08,1.1650565882545166e-08,2.0906427221975503e-09,1.6587897582063385e-10]",1.0000000000000002,1.0,0.4125908594835964,0.20583121731367726,False,0.4814741191232951,"{""all_recovered_sources_strict_prior"":true,""current_captured_at_utc"":""2026-06-20T18:29:16.645737+00:00"",""recovered_source_captured_at_utc"":[""2026-06-20T18:28:25.135153+00:00""]}",885084dc3410ec9c90a568c6698acbc3de598e02faaea06c4e9e9a36463a3243
B,toronto,2026-06-20,20260620T143117-0400,2026-06-20T18:31:17.582139+00:00,14:31:17.096026,871,peak_heating_window,C,M5_cutoff_change,1,DEFINED,DEFINED,hgb,hgb,"[8,9,10,11,12,13,14,15,16,17,18,19,20,21,22,23,24,25,26,27,28,29,30,31,32,33,34,35,36]","[0.0,0.0,0.0,0.0,0.0,0.0,0.0,0.0,0.0,0.0,0.0,0.0,0.0,0.0,0.0016732908125769905,0.6572112361319077,0.21552570560964188,0.1245150867857527,0.0009653668321768621,8.157864217637407e-05,2.0226677680831667e-05,5.626513111851437e-06,1.5595986762929162e-06,2.463117951200665e-07,6.112991394247313e-08,1.1591242713749539e-08,2.9465315866445427e-09,3.969197964603957e-10,1.9895443262847975e-11]","[0.0,0.0,0.0,0.0,0.0,0.0,0.0,0.0,0.0,0.0,0.0,0.0,0.0,0.0,0.0,0.863042453445585,0.10634514298261746,0.029073510483556008,0.0013503209184312845,0.0001361470750428466,3.718657152443645e-05,1.1092237607578112e-05,3.242763973881734e-06,6.650205395769048e-07,1.834498023122928e-07,4.1144232323939474e-08,1.1650565882545166e-08,2.0906427221975503e-09,1.6587897582063385e-10]",1.0000000000000002,1.0,0.4125908594835964,0.20583121731367726,False,0.4814741191232951,"{""all_recovered_sources_strict_prior"":true,""current_captured_at_utc"":""2026-06-20T18:31:17.582139+00:00"",""recovered_source_captured_at_utc"":[""2026-06-20T18:30:19.961158+00:00""]}",8e892bbb2b9e1aabc1a458f295cd5ee887b8743c4248066a19a3de96cffde854
B,atlanta,2026-06-21,20260621T131721-0400,2026-06-21T17:17:21.533439+00:00,13:17:21.057767,797,settlement_window,F,M5_cutoff_change,1,DEFINED,DEFINED,hgb,hgb,"[46,47,48,49,50,51,52,53,54,55,56,57,58,59,60,61,62,63,64,65,66,67,68,69,70,71,72,73,74,75,76,77,78,79,80,81,82,83,84,85,86,87,88,89,90,91,92,93,94,95,96,97,98,99]","[0.0,0.0,0.0,0.0,0.0,0.0,0.0,0.0,0.0,0.0,0.0,0.0,0.0,0.0,0.0,0.0,0.0,0.0,0.0,0.0,0.0,0.0,0.0,0.0,0.0,0.0,0.0,0.0,0.0,0.0,0.0,0.0,0.001728501701873959,8.553411511685759e-05,0.0012165753955707325,0.007357071773107267,0.021198712607780352,0.03980273695314991,0.12956790309927407,0.12220855603259513,0.38918645674086666,0.14869992811354985,0.0400948632294854,0.08368713804782124,0.010554754211712983,0.0033092959562468416,0.0010048189383847098,0.0002081653382022349,7.094008435460252e-05,1.500434775717443e-05,2.0774597386933904e-06,8.417551772688648e-07,9.688798103728132e-08,2.7210253233056263e-08]","[0.0,0.0,0.0,0.0,0.0,0.0,0.0,0.0,0.0,0.0,0.0,0.0,0.0,0.0,0.0,0.0,0.0,0.0,0.0,0.0,0.0,0.0,0.0,0.0,0.0,0.0,0.0,0.0,0.0,0.0,0.0,0.0,0.0,0.0,0.0,0.008823737064638026,0.017145215429715952,0.22541690326352262,0.19751096002081647,0.06516248441887768,0.17499060125108942,0.21232967900653313,0.04370820182774867,0.03786934980502836,0.011956445648031567,0.00370005827378693,0.0010560190466346038,0.00022832502910615993,8.125699267797898e-05,1.7409066851430935e-05,2.283041266820863e-06,9.291544103901017e-07,1.1132726776959372e-07,3.033199614919895e-08]",1.0,1.0000000000000002,0.6482876474738272,0.21419585548977724,True,0.38591362366988746,"{""all_recovered_sources_strict_prior"":true,""current_captured_at_utc"":""2026-06-21T17:17:21.533439+00:00"",""recovered_source_captured_at_utc"":[""2026-06-21T17:16:23.342268+00:00""]}",823a311904e7566ec4d92a1fa6bf065abbbf6d74568bfdd5bfc3fe6b9e708a82
B,atlanta,2026-06-21,20260621T131921-0400,2026-06-21T17:19:21.348345+00:00,13:19:20.999235,799,settlement_window,F,M5_cutoff_change,1,DEFINED,DEFINED,hgb,hgb,"[46,47,48,49,50,51,52,53,54,55,56,57,58,59,60,61,62,63,64,65,66,67,68,69,70,71,72,73,74,75,76,77,78,79,80,81,82,83,84,85,86,87,88,89,90,91,92,93,94,95,96,97,98,99]","[0.0,0.0,0.0,0.0,0.0,0.0,0.0,0.0,0.0,0.0,0.0,0.0,0.0,0.0,0.0,0.0,0.0,0.0,0.0,0.0,0.0,0.0,0.0,0.0,0.0,0.0,0.0,0.0,0.0,0.0,0.0,0.0,0.001728501701873959,8.553411511685759e-05,0.0012165753955707325,0.007357071773107267,0.021198712607780352,0.03980273695314991,0.12956790309927407,0.12220855603259513,0.38918645674086666,0.14869992811354985,0.0400948632294854,0.08368713804782124,0.010554754211712983,0.0033092959562468416,0.0010048189383847098,0.0002081653382022349,7.094008435460252e-05,1.500434775717443e-05,2.0774597386933904e-06,8.417551772688648e-07,9.688798103728132e-08,2.7210253233056263e-08]","[0.0,0.0,0.0,0.0,0.0,0.0,0.0,0.0,0.0,0.0,0.0,0.0,0.0,0.0,0.0,0.0,0.0,0.0,0.0,0.0,0.0,0.0,0.0,0.0,0.0,0.0,0.0,0.0,0.0,0.0,0.0,0.0,0.0,0.0,0.0,0.008823737064638026,0.017145215429715952,0.22541690326352262,0.19751096002081647,0.06516248441887768,0.17499060125108942,0.21232967900653313,0.04370820182774867,0.03786934980502836,0.011956445648031567,0.00370005827378693,0.0010560190466346038,0.00022832502910615993,8.125699267797898e-05,1.7409066851430935e-05,2.283041266820863e-06,9.291544103901017e-07,1.1132726776959372e-07,3.033199614919895e-08]",1.0,1.0000000000000002,0.6482876474738272,0.21419585548977724,True,0.38591362366988746,"{""all_recovered_sources_strict_prior"":true,""current_captured_at_utc"":""2026-06-21T17:19:21.348345+00:00"",""recovered_source_captured_at_utc"":[""2026-06-21T17:18:22.031818+00:00""]}",c5fb9c57299691a28679ef517c7ebb4a528ae87be652c8937070038fa48e1d2f
B,atlanta,2026-06-21,20260621T132424-0400,2026-06-21T17:24:24.030577+00:00,13:24:23.532123,804,settlement_window,F,M5_cutoff_change,1,DEFINED,DEFINED,hgb,hgb,"[46,47,48,49,50,51,52,53,54,55,56,57,58,59,60,61,62,63,64,65,66,67,68,69,70,71,72,73,74,75,76,77,78,79,80,81,82,83,84,85,86,87,88,89,90,91,92,93,94,95,96,97,98,99]","[0.0,0.0,0.0,0.0,0.0,0.0,0.0,0.0,0.0,0.0,0.0,0.0,0.0,0.0,0.0,0.0,0.0,0.0,0.0,0.0,0.0,0.0,0.0,0.0,0.0,0.0,0.0,0.0,0.0,0.0,0.0,0.0,0.001728501701873959,8.553411511685759e-05,0.0012165753955707325,0.007357071773107267,0.021198712607780352,0.03980273695314991,0.12956790309927407,0.12220855603259513,0.38918645674086666,0.14869992811354985,0.0400948632294854,0.08368713804782124,0.010554754211712983,0.0033092959562468416,0.0010048189383847098,0.0002081653382022349,7.094008435460252e-05,1.500434775717443e-05,2.0774597386933904e-06,8.417551772688648e-07,9.688798103728132e-08,2.7210253233056263e-08]","[0.0,0.0,0.0,0.0,0.0,0.0,0.0,0.0,0.0,0.0,0.0,0.0,0.0,0.0,0.0,0.0,0.0,0.0,0.0,0.0,0.0,0.0,0.0,0.0,0.0,0.0,0.0,0.0,0.0,0.0,0.0,0.0,0.0,0.0,0.0,0.00854181026678412,0.016841259718067974,0.24688184021053805,0.0884362872961529,0.068497139395537,0.25004080002792756,0.2236938585059801,0.04257316049032534,0.037947794852232666,0.011627277710734019,0.003577676148207357,0.001019058060444113,0.00022122360573939524,8.046611714822325e-05,1.7084794055553198e-05,2.2267111168025327e-06,8.972490375033585e-07,1.0969894557298777e-07,2.914102584586896e-08]",1.0,1.0,0.5742321929019617,0.20707910325738815,False,0.2519449907471221,"{""all_recovered_sources_strict_prior"":true,""current_captured_at_utc"":""2026-06-21T17:24:24.030577+00:00"",""recovered_source_captured_at_utc"":[""2026-06-21T17:23:20.746265+00:00""]}",c69fa486c3f4cb9adde21547fea90445f1b2922824f2023fddb0d9683570e726
B,atlanta,2026-06-21,20260621T150324-0400,2026-06-21T19:03:24.572800+00:00,15:03:24.118013,903,peak_heating_window,F,M5_cutoff_change,1,DEFINED,DEFINED,hgb,hgb,"[45,46,47,48,49,50,51,52,53,54,55,56,57,58,59,60,61,62,63,64,65,66,67,68,69,70,71,72,73,74,75,76,77,78,79,80,81,82,83,84,85,86,87,88,89,90,91,92,93,94,95,96,97,98,99]","[0.0,0.0,0.0,0.0,0.0,0.0,0.0,0.0,0.0,0.0,0.0,0.0,0.0,0.0,0.0,0.0,0.0,0.0,0.0,0.0,0.0,0.0,0.0,0.0,0.0,0.0,0.0,0.0,0.0,0.0,0.0,0.0,0.0,0.0,0.0,0.0,0.0,0.0017785279986967549,0.015484742985160536,0.12274008571972167,0.3056146769907375,0.34556927308001417,0.15285083785791412,0.029289131295989854,0.019560527789750492,0.004799965600040672,0.0017801590556697057,0.0003988500955293223,9.523933513368301e-05,2.795324559343734e-05,8.371836121956016e-06,1.1712508698305286e-06,3.872273611827469e-07,8.862435965840832e-08,1.0011335410605136e-08]","[0.0,0.0,0.0,0.0,0.0,0.0,0.0,0.0,0.0,0.0,0.0,0.0,0.0,0.0,0.0,0.0,0.0,0.0,0.0,0.0,0.0,0.0,0.0,0.0,0.0,0.0,0.0,0.0,0.0,0.0,0.0,0.0,0.0,0.0,0.0,0.0,0.0,0.0,0.0,0.1821470891862604,0.422583284818949,0.32413848986666277,0.03599577202435167,0.01890415975420358,0.011806788052868278,0.0030969394458196012,0.0009660527124154343,0.0002652196725639335,6.75313157843249e-05,2.2770687767877525e-05,4.78859953367311e-06,7.507676000112058e-07,2.712860335319184e-07,8.506732221671873e-08,6.741863781608184e-09]",1.0,1.0000000000000002,0.35275122258950037,0.1169686078282115,True,0.29957640373398475,"{""all_recovered_sources_strict_prior"":true,""current_captured_at_utc"":""2026-06-21T19:03:24.572800+00:00"",""recovered_source_captured_at_utc"":[""2026-06-21T19:02:35.930069+00:00""]}",9fe6838718f21829511e0433023af2bd73db36dfe6d57908adf053570b3b2457
B,atlanta,2026-06-21,20260621T151534-0400,2026-06-21T19:15:34.319121+00:00,15:15:33.810843,915,peak_heating_window,F,M5_cutoff_change,1,DEFINED,DEFINED,hgb,hgb,"[45,46,47,48,49,50,51,52,53,54,55,56,57,58,59,60,61,62,63,64,65,66,67,68,69,70,71,72,73,74,75,76,77,78,79,80,81,82,83,84,85,86,87,88,89,90,91,92,93,94,95,96,97,98,99]","[0.0,0.0,0.0,0.0,0.0,0.0,0.0,0.0,0.0,0.0,0.0,0.0,0.0,0.0,0.0,0.0,0.0,0.0,0.0,0.0,0.0,0.0,0.0,0.0,0.0,0.0,0.0,0.0,0.0,0.0,0.0,0.0,0.0,0.0,0.0,0.0,0.0,0.001776431318278022,0.01802369818102644,0.15200377587201302,0.3267407795156535,0.31973748705948496,0.1263409522175977,0.028094068259585315,0.01994557673133154,0.0049506690981568685,0.0018373563058113114,0.00041169323224832054,9.830671046212277e-05,2.8853543201715626e-05,8.641470107491584e-06,1.2089736627573603e-06,3.9969889733089796e-07,9.147870833281664e-08,1.0333773192592618e-08]","[0.0,0.0,0.0,0.0,0.0,0.0,0.0,0.0,0.0,0.0,0.0,0.0,0.0,0.0,0.0,0.0,0.0,0.0,0.0,0.0,0.0,0.0,0.0,0.0,0.0,0.0,0.0,0.0,0.0,0.0,0.0,0.0,0.0,0.0,0.0,0.0,0.0,0.0,0.0,0.26390572586668953,0.43739626848220775,0.22672172347501304,0.033539550738358924,0.020519527765054574,0.013065818497487676,0.0033991717219628613,0.0010596931564064202,0.00029064930560155445,7.284193475247444e-05,2.2493570025472963e-05,5.324796394920827e-06,8.336137618297789e-07,2.9011103597342905e-07,7.977621183508903e-08,7.18903524712917e-09]",0.9999999999999998,1.0,0.4451148779224613,0.11190194999467651,False,0.25052347173414474,"{""all_recovered_sources_strict_prior"":true,""current_captured_at_utc"":""2026-06-21T19:15:34.319121+00:00"",""recovered_source_captured_at_utc"":[""2026-06-21T19:13:33.526722+00:00""]}",927790db043772cedaf2bccb185ffaa51efe2c1bf834f403d63e3461688134c8
B,atlanta,2026-06-21,20260621T153034-0400,2026-06-21T19:30:34.937097+00:00,15:30:34.604151,930,peak_heating_window,F,M5_cutoff_change,1,DEFINED,DEFINED,hgb,hgb,"[45,46,47,48,49,50,51,52,53,54,55,56,57,58,59,60,61,62,63,64,65,66,67,68,69,70,71,72,73,74,75,76,77,78,79,80,81,82,83,84,85,86,87,88,89,90,91,92,93,94,95,96,97,98,99]","[0.0,0.0,0.0,0.0,0.0,0.0,0.0,0.0,0.0,0.0,0.0,0.0,0.0,0.0,0.0,0.0,0.0,0.0,0.0,0.0,0.0,0.0,0.0,0.0,0.0,0.0,0.0,0.0,0.0,0.0,0.0,0.0,0.0,0.0,0.0,0.0,0.0,0.0017957863464632931,0.004032130445730878,0.08179520889493501,0.3674800554970884,0.34433497442986327,0.13955450812164835,0.030822614455679107,0.022095992902085887,0.005455124524941181,0.0020296994247657246,0.000452736922740159,0.00010798209362384052,3.179530498610673e-05,9.525367254053197e-06,1.3139072602247584e-06,4.399713033591197e-07,1.0038349360511769e-07,1.1006137404906599e-08]","[0.0,0.0,0.0,0.0,0.0,0.0,0.0,0.0,0.0,0.0,0.0,0.0,0.0,0.0,0.0,0.0,0.0,0.0,0.0,0.0,0.0,0.0,0.0,0.0,0.0,0.0,0.0,0.0,0.0,0.0,0.0,0.0,0.0,0.0,0.0,0.0,0.0,0.0,0.0,0.14841459109788033,0.5319310242463776,0.2015299034895,0.0705307954323882,0.025184202661473937,0.015081907611244689,0.005700927518633409,0.0011868534020251407,0.0003242495135182585,8.184208764027678e-05,2.570950304097394e-05,6.444002828441595e-06,1.0086818897144291e-06,4.3830447167928556e-07,9.487086420101398e-08,7.576223278363441e-09]",1.0,1.0,0.4626323078918532,0.16445096874928922,False,0.3558063442026057,"{""all_recovered_sources_strict_prior"":true,""current_captured_at_utc"":""2026-06-21T19:30:34.937097+00:00"",""recovered_source_captured_at_utc"":[""2026-06-21T19:30:33.190448+00:00""]}",15fa8ae56c40fbe503e53ccbdd7edf9b792b89a916c4d2acf17e79eadd48dc2e
B,atlanta,2026-06-21,20260621T160227-0400,2026-06-21T20:02:27.001481+00:00,16:02:26.346229,962,peak_heating_window,F,M5_cutoff_change,1,DEFINED,DEFINED,hgb,hgb,"[45,46,47,48,49,50,51,52,53,54,55,56,57,58,59,60,61,62,63,64,65,66,67,68,69,70,71,72,73,74,75,76,77,78,79,80,81,82,83,84,85,86,87,88,89,90,91,92,93,94,95,96,97,98,99]","[0.0,0.0,0.0,0.0,0.0,0.0,0.0,0.0,0.0,0.0,0.0,0.0,0.0,0.0,0.0,0.0,0.0,0.0,0.0,0.0,0.0,0.0,0.0,0.0,0.0,0.0,0.0,0.0,0.0,0.0,0.0,0.0,0.0,0.0,0.0,0.0,0.0,0.0,0.0,0.022361168648601354,0.16203270838781433,0.3569286621861445,0.23869553320046502,0.10954715824131234,0.09752122308086378,0.010386828161122828,0.00183644927999596,0.0004991054964784594,0.0001322652671494499,4.27591248198095e-05,1.1226471011760652e-05,2.5301983696993653e-06,2.1829902377846424e-06,1.8892479510544028e-07,1.0340817714962888e-08]","[0.0,0.0,0.0,0.0,0.0,0.0,0.0,0.0,0.0,0.0,0.0,0.0,0.0,0.0,0.0,0.0,0.0,0.0,0.0,0.0,0.0,0.0,0.0,0.0,0.0,0.0,0.0,0.0,0.0,0.0,0.0,0.0,0.0,0.0,0.0,0.0,0.0,0.0,0.0,0.0,0.2240624334819899,0.6639491100678994,0.06835204305504823,0.025932800236855298,0.013853925333108584,0.002684287734286902,0.0007991011318689207,0.00029017689144458407,5.481159699657956e-05,1.6842271746607973e-05,3.675570942089061e-06,5.651816076734748e-07,1.970675382320504e-07,2.5183433353258287e-08,5.195233964514036e-09]",1.0,1.0,0.7381003459518604,0.30702044788175487,False,0.6045130057296637,"{""all_recovered_sources_strict_prior"":true,""current_captured_at_utc"":""2026-06-21T20:02:27.001481+00:00"",""recovered_source_captured_at_utc"":[""2026-06-21T20:01:35.451441+00:00""]}",060b856fd62d6669854ba48c68f0eac6a6a7bf585ed0727d9d57e7e7cb77653b
B,atlanta,2026-06-21,20260621T161530-0400,2026-06-21T20:15:30.351910+00:00,16:15:29.909869,975,peak_heating_window,F,M5_cutoff_change,1,DEFINED,DEFINED,hgb,hgb,"[45,46,47,48,49,50,51,52,53,54,55,56,57,58,59,60,61,62,63,64,65,66,67,68,69,70,71,72,73,74,75,76,77,78,79,80,81,82,83,84,85,86,87,88,89,90,91,92,93,94,95,96,97,98,99]","[0.0,0.0,0.0,0.0,0.0,0.0,0.0,0.0,0.0,0.0,0.0,0.0,0.0,0.0,0.0,0.0,0.0,0.0,0.0,0.0,0.0,0.0,0.0,0.0,0.0,0.0,0.0,0.0,0.0,0.0,0.0,0.0,0.0,0.0,0.0,0.0,0.0,0.0,0.0,0.022361168648601354,0.16203270838781433,0.3569286621861445,0.23869553320046502,0.10954715824131234,0.09752122308086378,0.010386828161122828,0.00183644927999596,0.0004991054964784594,0.0001322652671494499,4.27591248198095e-05,1.1226471011760652e-05,2.5301983696993653e-06,2.1829902377846424e-06,1.8892479510544028e-07,1.0340817714962888e-08]","[0.0,0.0,0.0,0.0,0.0,0.0,0.0,0.0,0.0,0.0,0.0,0.0,0.0,0.0,0.0,0.0,0.0,0.0,0.0,0.0,0.0,0.0,0.0,0.0,0.0,0.0,0.0,0.0,0.0,0.0,0.0,0.0,0.0,0.0,0.0,0.0,0.0,0.0,0.0,0.0,0.2301369067801689,0.6576826569477655,0.06820102134884028,0.0261154470851753,0.013948051695207577,0.002730983738145259,0.0008141930020425537,0.0002934815683700852,5.5661489820281125e-05,1.7084740867389926e-05,3.728819892807147e-06,5.657635857073397e-07,1.8616043848247528e-07,2.5540959891616226e-08,5.3187198702806335e-09]",1.0,1.0000000000000002,0.7377163863079512,0.300753994761621,False,0.5992839075174592,"{""all_recovered_sources_strict_prior"":true,""current_captured_at_utc"":""2026-06-21T20:15:30.351910+00:00"",""recovered_source_captured_at_utc"":[""2026-06-21T20:11:38.714421+00:00""]}",bf5a1167f7fcfdc1d58e96cfd488a91d02697977a6bfc41699c27bb0dac291ce
B,atlanta,2026-06-21,20260621T161926-0400,2026-06-21T20:19:26.559266+00:00,16:19:26.168812,979,peak_heating_window,F,M5_cutoff_change,1,DEFINED,DEFINED,hgb,hgb,"[45,46,47,48,49,50,51,52,53,54,55,56,57,58,59,60,61,62,63,64,65,66,67,68,69,70,71,72,73,74,75,76,77,78,79,80,81,82,83,84,85,86,87,88,89,90,91,92,93,94,95,96,97,98,99]","[0.0,0.0,0.0,0.0,0.0,0.0,0.0,0.0,0.0,0.0,0.0,0.0,0.0,0.0,0.0,0.0,0.0,0.0,0.0,0.0,0.0,0.0,0.0,0.0,0.0,0.0,0.0,0.0,0.0,0.0,0.0,0.0,0.0,0.0,0.0,0.0,0.0,0.0,0.0,0.022361168648601354,0.16203270838781433,0.3569286621861445,0.23869553320046502,0.10954715824131234,0.09752122308086378,0.010386828161122828,0.00183644927999596,0.0004991054964784594,0.0001322652671494499,4.27591248198095e-05,1.1226471011760652e-05,2.5301983696993653e-06,2.1829902377846424e-06,1.8892479510544028e-07,1.0340817714962888e-08]","[0.0,0.0,0.0,0.0,0.0,0.0,0.0,0.0,0.0,0.0,0.0,0.0,0.0,0.0,0.0,0.0,0.0,0.0,0.0,0.0,0.0,0.0,0.0,0.0,0.0,0.0,0.0,0.0,0.0,0.0,0.0,0.0,0.0,0.0,0.0,0.0,0.0,0.0,0.0,0.0,0.2301369067801689,0.6576826569477655,0.06820102134884028,0.0261154470851753,0.013948051695207577,0.002730983738145259,0.0008141930020425537,0.0002934815683700852,5.5661489820281125e-05,1.7084740867389926e-05,3.728819892807147e-06,5.657635857073397e-07,1.8616043848247528e-07,2.5540959891616226e-08,5.3187198702806335e-09]",1.0,1.0000000000000002,0.7377163863079512,0.300753994761621,False,0.5992839075174592,"{""all_recovered_sources_strict_prior"":true,""current_captured_at_utc"":""2026-06-21T20:19:26.559266+00:00"",""recovered_source_captured_at_utc"":[""2026-06-21T20:18:33.315645+00:00""]}",c71af5244d29130ae24a9de1dcdce6f94721251a9395203dc6d197a12d0627b7
B,atlanta,2026-06-21,20260621T170132-0400,2026-06-21T21:01:32.378712+00:00,17:01:31.918716,1021,settlement_window,F,M5_cutoff_change,1,DEFINED,DEFINED,hgb,hgb,"[45,46,47,48,49,50,51,52,53,54,55,56,57,58,59,60,61,62,63,64,65,66,67,68,69,70,71,72,73,74,75,76,77,78,79,80,81,82,83,84,85,86,87,88,89,90,91,92,93,94,95,96,97,98,99]","[0.0,0.0,0.0,0.0,0.0,0.0,0.0,0.0,0.0,0.0,0.0,0.0,0.0,0.0,0.0,0.0,0.0,0.0,0.0,0.0,0.0,0.0,0.0,0.0,0.0,0.0,0.0,0.0,0.0,0.0,0.0,0.0,0.0,0.0,0.0,0.0,0.0,0.0,0.0,0.0,0.12616749413258568,0.7532217753180027,0.07423942204088455,0.02664208524364835,0.015480659099623912,0.002959121445054099,0.0008803572832425634,0.00032528473152246967,5.9689825690534145e-05,1.8481413520206007e-05,4.7843864471162535e-06,6.041656377906052e-07,2.0691826252947275e-07,2.7960010652382126e-08,6.035866830782096e-09]","[0.0,0.0,0.0,0.0,0.0,0.0,0.0,0.0,0.0,0.0,0.0,0.0,0.0,0.0,0.0,0.0,0.0,0.0,0.0,0.0,0.0,0.0,0.0,0.0,0.0,0.0,0.0,0.0,0.0,0.0,0.0,0.0,0.0,0.0,0.0,0.0,0.0,0.0,0.0,0.0,0.0,0.6680156349935488,0.23947550337005402,0.05651785191416715,0.027823407405518474,0.0056460045799914885,0.001859567911261805,0.0004903455338741132,0.00012026094043226362,3.459339722529986e-05,1.4908475195003396e-05,1.4197393695716601e-06,4.2257231673770126e-07,6.86633381069756e-08,1.0503707098932788e-08]",0.9999999999999998,1.0,0.4227472689140791,0.16523608132916948,False,0.17020053099040738,"{""all_recovered_sources_strict_prior"":true,""current_captured_at_utc"":""2026-06-21T21:01:32.378712+00:00"",""recovered_source_captured_at_utc"":[""2026-06-21T21:00:40.361781+00:00""]}",a7518b0608737506aca251d2ec58cbe26f84d6b39e9026966d593230530bcc34
B,atlanta,2026-06-21,20260621T171327-0400,2026-06-21T21:13:27.219298+00:00,17:13:26.842488,1033,settlement_window,F,M5_cutoff_change,1,DEFINED,DEFINED,hgb,hgb,"[45,46,47,48,49,50,51,52,53,54,55,56,57,58,59,60,61,62,63,64,65,66,67,68,69,70,71,72,73,74,75,76,77,78,79,80,81,82,83,84,85,86,87,88,89,90,91,92,93,94,95,96,97,98,99]","[0.0,0.0,0.0,0.0,0.0,0.0,0.0,0.0,0.0,0.0,0.0,0.0,0.0,0.0,0.0,0.0,0.0,0.0,0.0,0.0,0.0,0.0,0.0,0.0,0.0,0.0,0.0,0.0,0.0,0.0,0.0,0.0,0.0,0.0,0.0,0.0,0.0,0.0,0.0,0.0,0.14106769197251237,0.8073863667504098,0.045812590599327435,0.004209748208375265,0.0011576407860903924,0.0002538261197222634,7.654957277845223e-05,2.8296210244683427e-05,5.192387402674058e-06,1.6076887397801309e-06,4.161913378328989e-07,5.255606081241648e-08,1.799971416525277e-08,2.4322270719270913e-09,5.250569783715101e-10]","[0.0,0.0,0.0,0.0,0.0,0.0,0.0,0.0,0.0,0.0,0.0,0.0,0.0,0.0,0.0,0.0,0.0,0.0,0.0,0.0,0.0,0.0,0.0,0.0,0.0,0.0,0.0,0.0,0.0,0.0,0.0,0.0,0.0,0.0,0.0,0.0,0.0,0.0,0.0,0.0,0.0,0.7436514442169055,0.2376820675031891,0.014294591617770185,0.003266144599762544,0.0007596515553268092,0.0002535936396459123,6.762394814849801e-05,1.880987074873188e-05,4.491956102380787e-06,1.3188742021185308e-06,1.937673072346883e-07,5.764648938994434e-08,9.372391995726588e-09,1.432009738271514e-09]",1.0,1.0,0.4096052290120335,0.19186947690386166,False,0.21797050340215557,"{""all_recovered_sources_strict_prior"":true,""current_captured_at_utc"":""2026-06-21T21:13:27.219298+00:00"",""recovered_source_captured_at_utc"":[""2026-06-21T21:12:27.044957+00:00""]}",bbce1eca29c100d9ebc35f45829b12ca9102beef9512af31fecc32a3222b4a73
B,austin,2026-06-21,20260621T131725-0400,2026-06-21T17:17:25.454439+00:00,12:17:24.984207,737,settlement_window,F,M5_cutoff_change,1,DEFINED,DEFINED,hgb,hgb,"[46,47,48,49,50,51,52,53,54,55,56,57,58,59,60,61,62,63,64,65,66,67,68,69,70,71,72,73,74,75,76,77,78,79,80,81,82,83,84,85,86,87,88,89,90,91,92,93,94,95,96,97,98,99,100,101,102,103,104,105,106,107]","[0.0,0.0,0.0,0.0,0.0,0.0,0.0,0.0,0.0,0.0,0.0,0.0,0.0,0.0,0.0,0.0,0.0,0.0,0.0,0.0,0.0,0.0,0.0,0.0,0.0,0.0,0.0,0.0,0.0,0.0,0.0,0.0,0.0,0.0,0.0,0.0,0.0018311862142968871,0.0003524009684517884,0.002512598982098608,0.005103129605390315,0.007204902397078635,0.009352461979361267,0.012510632700145517,0.02400871089763532,0.49136314386885693,0.3535947196648524,0.03311747407659174,0.0351400443300126,0.014734372548874367,0.007133430194592047,0.001261657980968506,0.0005710341188303339,0.0001550263780661295,4.5371631321617105e-05,5.867255113849063e-06,1.317547792617664e-06,4.4514696977846516e-07,5.109353847668645e-08,1.6396723763510634e-08,3.663733209429553e-09,1.5550089456068622e-10,2.032025988798101e-10]","[0.0,0.0,0.0,0.0,0.0,0.0,0.0,0.0,0.0,0.0,0.0,0.0,0.0,0.0,0.0,0.0,0.0,0.0,0.0,0.0,0.0,0.0,0.0,0.0,0.0,0.0,0.0,0.0,0.0,0.0,0.0,0.0,0.0,0.0,0.0,0.0,0.0,0.0,0.0,0.002291928910094463,0.002787372534293647,0.00462122642472538,0.0075618593827777,0.017046485144847582,0.43906772843894315,0.187610388765439,0.047407910174765436,0.27222005485681655,0.012215362619611623,0.005994791752812601,0.0008048375078946492,0.00027333768925234033,7.491104729077887e-05,1.892551921702151e-05,2.400811010184808e-06,3.497253203871954e-07,1.1499970633481733e-07,1.0252159067978425e-08,2.870604539033959e-09,5.358461806196724e-10,1.556633154700148e-11,2.1005170280291166e-11]",1.0000000000000002,1.0,0.5027408932499553,0.23708001052680394,False,0.2668894496068205,"{""all_recovered_sources_strict_prior"":true,""current_captured_at_utc"":""2026-06-21T17:17:25.454439+00:00"",""recovered_source_captured_at_utc"":[""2026-06-21T17:16:27.729330+00:00""]}",60657f8a0ca2186bd669c783a40825eb6f0486ae2c6d7c96923dfaa7973a2350
B,austin,2026-06-21,20260621T131925-0400,2026-06-21T17:19:25.589805+00:00,12:19:25.165383,739,settlement_window,F,M5_cutoff_change,1,DEFINED,DEFINED,hgb,hgb,"[46,47,48,49,50,51,52,53,54,55,56,57,58,59,60,61,62,63,64,65,66,67,68,69,70,71,72,73,74,75,76,77,78,79,80,81,82,83,84,85,86,87,88,89,90,91,92,93,94,95,96,97,98,99,100,101,102,103,104,105,106,107]","[0.0,0.0,0.0,0.0,0.0,0.0,0.0,0.0,0.0,0.0,0.0,0.0,0.0,0.0,0.0,0.0,0.0,0.0,0.0,0.0,0.0,0.0,0.0,0.0,0.0,0.0,0.0,0.0,0.0,0.0,0.0,0.0,0.0,0.0,0.0,0.0,0.0018311862142968871,0.0003524009684517884,0.002512598982098608,0.005103129605390315,0.007204902397078635,0.009352461979361267,0.012510632700145517,0.02400871089763532,0.49136314386885693,0.3535947196648524,0.03311747407659174,0.0351400443300126,0.014734372548874367,0.007133430194592047,0.001261657980968506,0.0005710341188303339,0.0001550263780661295,4.5371631321617105e-05,5.867255113849063e-06,1.317547792617664e-06,4.4514696977846516e-07,5.109353847668645e-08,1.6396723763510634e-08,3.663733209429553e-09,1.5550089456068622e-10,2.032025988798101e-10]","[0.0,0.0,0.0,0.0,0.0,0.0,0.0,0.0,0.0,0.0,0.0,0.0,0.0,0.0,0.0,0.0,0.0,0.0,0.0,0.0,0.0,0.0,0.0,0.0,0.0,0.0,0.0,0.0,0.0,0.0,0.0,0.0,0.0,0.0,0.0,0.0,0.0,0.0,0.0,0.002291928910094463,0.002787372534293647,0.00462122642472538,0.0075618593827777,0.017046485144847582,0.43906772843894315,0.187610388765439,0.047407910174765436,0.27222005485681655,0.012215362619611623,0.005994791752812601,0.0008048375078946492,0.00027333768925234033,7.491104729077887e-05,1.892551921702151e-05,2.400811010184808e-06,3.497253203871954e-07,1.1499970633481733e-07,1.0252159067978425e-08,2.870604539033959e-09,5.358461806196724e-10,1.556633154700148e-11,2.1005170280291166e-11]",1.0000000000000002,1.0,0.5027408932499553,0.23708001052680394,False,0.2668894496068205,"{""all_recovered_sources_strict_prior"":true,""current_captured_at_utc"":""2026-06-21T17:19:25.589805+00:00"",""recovered_source_captured_at_utc"":[""2026-06-21T17:18:26.307382+00:00""]}",0642682331696332082087c87582f4bdf16fdd00bfe025a9fbf2492f76d3ab09
B,austin,2026-06-21,20260621T132428-0400,2026-06-21T17:24:28.187152+00:00,12:24:27.609828,744,settlement_window,F,M5_cutoff_change,1,DEFINED,DEFINED,hgb,hgb,"[46,47,48,49,50,51,52,53,54,55,56,57,58,59,60,61,62,63,64,65,66,67,68,69,70,71,72,73,74,75,76,77,78,79,80,81,82,83,84,85,86,87,88,89,90,91,92,93,94,95,96,97,98,99,100,101,102,103,104,105,106,107]","[0.0,0.0,0.0,0.0,0.0,0.0,0.0,0.0,0.0,0.0,0.0,0.0,0.0,0.0,0.0,0.0,0.0,0.0,0.0,0.0,0.0,0.0,0.0,0.0,0.0,0.0,0.0,0.0,0.0,0.0,0.0,0.0,0.0,0.0,0.0,0.0,0.0018311862142968871,0.0003524009684517884,0.002512598982098608,0.005103129605390315,0.007204902397078635,0.009352461979361267,0.012510632700145517,0.02400871089763532,0.49136314386885693,0.3535947196648524,0.03311747407659174,0.0351400443300126,0.014734372548874367,0.007133430194592047,0.001261657980968506,0.0005710341188303339,0.0001550263780661295,4.5371631321617105e-05,5.867255113849063e-06,1.317547792617664e-06,4.4514696977846516e-07,5.109353847668645e-08,1.6396723763510634e-08,3.663733209429553e-09,1.5550089456068622e-10,2.032025988798101e-10]","[0.0,0.0,0.0,0.0,0.0,0.0,0.0,0.0,0.0,0.0,0.0,0.0,0.0,0.0,0.0,0.0,0.0,0.0,0.0,0.0,0.0,0.0,0.0,0.0,0.0,0.0,0.0,0.0,0.0,0.0,0.0,0.0,0.0,0.0,0.0,0.0,0.0,0.0,0.0,0.002291928910094463,0.002787372534293647,0.00462122642472538,0.0075618593827777,0.017046485144847582,0.43906772843894315,0.187610388765439,0.047407910174765436,0.27222005485681655,0.012215362619611623,0.005994791752812601,0.0008048375078946492,0.00027333768925234033,7.491104729077887e-05,1.892551921702151e-05,2.400811010184808e-06,3.497253203871954e-07,1.1499970633481733e-07,1.0252159067978425e-08,2.870604539033959e-09,5.358461806196724e-10,1.556633154700148e-11,2.1005170280291166e-11]",1.0000000000000002,1.0,0.5027408932499553,0.23708001052680394,False,0.2668894496068205,"{""all_recovered_sources_strict_prior"":true,""current_captured_at_utc"":""2026-06-21T17:24:28.187152+00:00"",""recovered_source_captured_at_utc"":[""2026-06-21T17:23:25.250032+00:00""]}",6bb0fd3036c1c9282cd6c8f16362195082d87073db3ead380e0bd766b36571c3
B,austin,2026-06-21,20260621T134921-0400,2026-06-21T17:49:21.071471+00:00,12:49:19.051660,769,settlement_window,F,M5_cutoff_change,1,DEFINED,DEFINED,hgb,hgb,"[46,47,48,49,50,51,52,53,54,55,56,57,58,59,60,61,62,63,64,65,66,67,68,69,70,71,72,73,74,75,76,77,78,79,80,81,82,83,84,85,86,87,88,89,90,91,92,93,94,95,96,97,98,99,100,101,102,103,104,105,106,107]","[0.0,0.0,0.0,0.0,0.0,0.0,0.0,0.0,0.0,0.0,0.0,0.0,0.0,0.0,0.0,0.0,0.0,0.0,0.0,0.0,0.0,0.0,0.0,0.0,0.0,0.0,0.0,0.0,0.0,0.0,0.0,0.0,0.0,0.0,0.0,0.0,0.0018361265632383487,3.210963811403808e-05,0.00022893990443707948,0.0017521947198841639,0.007248195411592072,0.009408659308609338,0.012585806931968459,0.02415297509610131,0.49431566016213907,0.3557194092840389,0.033316471260290935,0.035351194789149824,0.01482290884949982,0.0071762937449810545,0.0012692390659396517,0.0005744653642562556,0.0001559579048052431,4.56442616204122e-05,5.902510436794297e-06,1.325464709817135e-06,4.4782178106127256e-07,5.1400550727638115e-08,1.649524884556508e-08,3.6857479497088256e-09,1.5643527258748612e-10,2.0442360821173923e-10]","[0.0,0.0,0.0,0.0,0.0,0.0,0.0,0.0,0.0,0.0,0.0,0.0,0.0,0.0,0.0,0.0,0.0,0.0,0.0,0.0,0.0,0.0,0.0,0.0,0.0,0.0,0.0,0.0,0.0,0.0,0.0,0.0,0.0,0.0,0.0,0.0,0.0,0.0,0.0,0.0010000000001024354,0.0027909818938491302,0.004627210435670785,0.007571651209698808,0.017068558582570025,0.4396362758008935,0.18785332484271872,0.047469298522210775,0.27257255171330175,0.012231180252616306,0.006002554388997732,0.0008058796893447391,0.0002736916333299398,7.500804936029908e-05,1.8950025809803073e-05,2.4039198124901723e-06,3.501781785578934e-07,1.1514861907749188e-07,1.0265434555141004e-08,2.8743216754394817e-09,5.365400460820367e-10,1.5586488338683166e-11,2.1032369806415847e-11]",1.0,1.0,0.5027483683721437,0.23722135692415192,False,0.26700898237371445,"{""all_recovered_sources_strict_prior"":true,""current_captured_at_utc"":""2026-06-21T17:49:21.071471+00:00"",""recovered_source_captured_at_utc"":[""2026-06-21T17:43:27.077361+00:00""]}",3e82e56b284825f69579a121a810e78ee171ed514b27f50e082763957e904df3
B,austin,2026-06-21,20260621T144027-0400,2026-06-21T18:40:27.654472+00:00,13:40:27.180445,820,settlement_window,F,M5_cutoff_change,1,DEFINED,DEFINED,hgb,hgb,"[46,47,48,49,50,51,52,53,54,55,56,57,58,59,60,61,62,63,64,65,66,67,68,69,70,71,72,73,74,75,76,77,78,79,80,81,82,83,84,85,86,87,88,89,90,91,92,93,94,95,96,97,98,99,100,101,102,103,104,105,106,107]","[0.0,0.0,0.0,0.0,0.0,0.0,0.0,0.0,0.0,0.0,0.0,0.0,0.0,0.0,0.0,0.0,0.0,0.0,0.0,0.0,0.0,0.0,0.0,0.0,0.0,0.0,0.0,0.0,0.0,0.0,0.0,0.0,0.0,0.0,0.0,0.0,0.0,0.0,0.0,0.001000000000000179,1.2200774351850294e-05,0.00016853528589721683,0.002299458625688859,0.017277483648531693,0.4454923942464941,0.19032435122238778,0.04808226899914986,0.27618849435854,0.012375573560325773,0.005588670909348733,0.0008154311792275805,0.0002770215364185678,7.59136400578272e-05,1.9181544944430775e-05,2.433000317134818e-06,4.571050000469828e-07,1.1649157561448567e-07,1.0384332180879123e-08,2.907613010646154e-09,5.427544286539489e-10,1.5767016152397214e-11,2.1275973603234798e-11]","[0.0,0.0,0.0,0.0,0.0,0.0,0.0,0.0,0.0,0.0,0.0,0.0,0.0,0.0,0.0,0.0,0.0,0.0,0.0,0.0,0.0,0.0,0.0,0.0,0.0,0.0,0.0,0.0,0.0,0.0,0.0,0.0,0.0,0.0,0.0,0.0,0.0,0.0,0.0,0.0,0.0,0.0,0.004052271737441227,0.024417043276742285,0.11155862913153634,0.49687305684896715,0.04206033989239924,0.29100857707155653,0.020405186903035437,0.0074779926119963635,0.0013901807173535006,0.0005692511979233641,0.00013884524852774896,3.9803877943496004e-05,6.703358936892664e-06,1.5019159347077803e-06,5.297085116544861e-07,6.18023394181166e-08,1.9833347182246296e-08,4.4316226688802875e-09,1.8809265030343116e-10,2.4579225399203276e-10]",1.0,1.0,0.6822728605639153,0.33393376511495776,True,0.7009691548195696,"{""all_recovered_sources_strict_prior"":true,""current_captured_at_utc"":""2026-06-21T18:40:27.654472+00:00"",""recovered_source_captured_at_utc"":[""2026-06-21T18:29:25.900841+00:00""]}",0a0e65b77442524450e6498b30b5c16c3e1875c33901b2be1e73f8b1d6048d9c
B,austin,2026-06-21,20260621T151538-0400,2026-06-21T19:15:38.652951+00:00,14:15:38.158169,855,peak_heating_window,F,M5_cutoff_change,1,DEFINED,DEFINED,hgb,hgb,"[46,47,48,49,50,51,52,53,54,55,56,57,58,59,60,61,62,63,64,65,66,67,68,69,70,71,72,73,74,75,76,77,78,79,80,81,82,83,84,85,86,87,88,89,90,91,92,93,94,95,96,97,98,99,100,101,102,103,104,105,106,107]","[0.0,0.0,0.0,0.0,0.0,0.0,0.0,0.0,0.0,0.0,0.0,0.0,0.0,0.0,0.0,0.0,0.0,0.0,0.0,0.0,0.0,0.0,0.0,0.0,0.0,0.0,0.0,0.0,0.0,0.0,0.0,0.0,0.0,0.0,0.0,0.0,0.0,0.0,0.0,0.0,0.0,0.0,0.0018520598386508526,0.0017143130075042542,0.07024831991184187,0.551796275037647,0.053796171461566594,0.2811219276548213,0.029883692230066657,0.0074476387008293975,0.0013820310682315232,0.0005719946723135079,0.00013711193179853653,3.9684091540851005e-05,6.671496335928908e-06,1.498984613925279e-06,5.244493796505524e-07,6.106048145782033e-08,1.959527324159939e-08,4.378426712466792e-09,1.8583483884815937e-10,2.4284183266623917e-10]","[0.0,0.0,0.0,0.0,0.0,0.0,0.0,0.0,0.0,0.0,0.0,0.0,0.0,0.0,0.0,0.0,0.0,0.0,0.0,0.0,0.0,0.0,0.0,0.0,0.0,0.0,0.0,0.0,0.0,0.0,0.0,0.0,0.0,0.0,0.0,0.0,0.0,0.0,0.0,0.0,0.0,0.0,0.0,0.0,0.0,0.3919801303230354,0.13792428747001914,0.3406067398587346,0.0815137089734081,0.039323432825072765,0.005533538411188805,0.002135442462615586,0.0006304914215975375,0.00029208158792647874,4.2346613705596586e-05,1.2747975128232554e-05,4.155771231549068e-06,5.998453206500644e-07,2.2530779768133623e-07,6.195243133508511e-08,4.07251859138843e-09,5.128268014268371e-09]",1.0,0.9999999999999998,0.46726167494521725,0.15981614471461164,False,0.22424860353900244,"{""all_recovered_sources_strict_prior"":true,""current_captured_at_utc"":""2026-06-21T19:15:38.652951+00:00"",""recovered_source_captured_at_utc"":[""2026-06-21T19:14:29.413596+00:00""]}",d56a1b559632ae1cdd1685500ecffa749439b2225356f74cc4a197f2e413e67e
B,austin,2026-06-21,20260621T160231-0400,2026-06-21T20:02:31.381122+00:00,15:02:30.815362,902,peak_heating_window,F,M5_cutoff_change,1,DEFINED,DEFINED,hgb,hgb,"[44,45,46,47,48,49,50,51,52,53,54,55,56,57,58,59,60,61,62,63,64,65,66,67,68,69,70,71,72,73,74,75,76,77,78,79,80,81,82,83,84,85,86,87,88,89,90,91,92,93,94,95,96,97,98,99,100,101,102,103,104,105,106]","[0.0,0.0,0.0,0.0,0.0,0.0,0.0,0.0,0.0,0.0,0.0,0.0,0.0,0.0,0.0,0.0,0.0,0.0,0.0,0.0,0.0,0.0,0.0,0.0,0.0,0.0,0.0,0.0,0.0,0.0,0.0,0.0,0.0,0.0,0.0,0.0,0.0,0.0,0.0,0.0,0.0,0.0,0.0,0.0,0.0,0.0,0.0,0.104690511779611,0.5277404718592464,0.16174365059877174,0.19598300891059706,0.006695986819986238,0.0020383352437495844,0.0007353620238892471,0.0003010699268149836,4.995641371388278e-05,1.5239482667413737e-05,5.2049065166928995e-06,8.085528193639219e-07,2.998882737932932e-07,8.068035858802838e-08,6.261717027339628e-09,6.651266936285359e-09]","[0.0,0.0,0.0,0.0,0.0,0.0,0.0,0.0,0.0,0.0,0.0,0.0,0.0,0.0,0.0,0.0,0.0,0.0,0.0,0.0,0.0,0.0,0.0,0.0,0.0,0.0,0.0,0.0,0.0,0.0,0.0,0.0,0.0,0.0,0.0,0.0,0.0,0.0,0.0,0.0,0.0,0.0,0.0,0.0,0.0,0.0,0.0,0.0,0.6374588326173751,0.30240377930412665,0.04379169558250086,0.009913566338281481,0.004402596755560866,0.0013992379798928724,0.0004785748274375299,9.771308890946607e-05,4.0978838371144615e-05,1.0519981606173017e-05,1.6847860730639823e-06,6.248788886292062e-07,1.681141185381705e-07,1.3047575110094453e-08,1.385928245392812e-08]",1.0,1.0,0.5137636502154144,0.1521913133280962,False,0.45013192578331596,"{""all_recovered_sources_strict_prior"":true,""current_captured_at_utc"":""2026-06-21T20:02:31.381122+00:00"",""recovered_source_captured_at_utc"":[""2026-06-21T20:01:40.119681+00:00""]}",4ebfa2654dae2a0b4eb8e3e0935f610bc1d0e3481e1aadfc31086ef25bf8c367
B,austin,2026-06-21,20260621T161533-0400,2026-06-21T20:15:33.364782+00:00,15:15:32.956785,915,peak_heating_window,F,M5_cutoff_change,1,DEFINED,DEFINED,hgb,hgb,"[44,45,46,47,48,49,50,51,52,53,54,55,56,57,58,59,60,61,62,63,64,65,66,67,68,69,70,71,72,73,74,75,76,77,78,79,80,81,82,83,84,85,86,87,88,89,90,91,92,93,94,95,96,97,98,99,100,101,102,103,104,105,106]","[0.0,0.0,0.0,0.0,0.0,0.0,0.0,0.0,0.0,0.0,0.0,0.0,0.0,0.0,0.0,0.0,0.0,0.0,0.0,0.0,0.0,0.0,0.0,0.0,0.0,0.0,0.0,0.0,0.0,0.0,0.0,0.0,0.0,0.0,0.0,0.0,0.0,0.0,0.0,0.0,0.0,0.0,0.0,0.0,0.0,0.0,0.0,0.104690511779611,0.5277404718592464,0.16174365059877174,0.19598300891059706,0.006695986819986238,0.0020383352437495844,0.0007353620238892471,0.0003010699268149836,4.995641371388278e-05,1.5239482667413737e-05,5.2049065166928995e-06,8.085528193639219e-07,2.998882737932932e-07,8.068035858802838e-08,6.261717027339628e-09,6.651266936285359e-09]","[0.0,0.0,0.0,0.0,0.0,0.0,0.0,0.0,0.0,0.0,0.0,0.0,0.0,0.0,0.0,0.0,0.0,0.0,0.0,0.0,0.0,0.0,0.0,0.0,0.0,0.0,0.0,0.0,0.0,0.0,0.0,0.0,0.0,0.0,0.0,0.0,0.0,0.0,0.0,0.0,0.0,0.0,0.0,0.0,0.0,0.0,0.0,0.0,0.6368786840310816,0.3028876943483679,0.04386177228707766,0.009929430306331801,0.004409641914879462,0.001401477079915041,0.0004793406563545,9.786945214623307e-05,4.104441386239329e-05,1.0536815977013495e-05,1.6874821151867354e-06,6.258788374252571e-07,1.683831394852538e-07,1.306845420724453e-08,1.388146046802992e-08]",1.0,1.0,0.5136234968062611,0.1521212366235194,False,0.44955190329513856,"{""all_recovered_sources_strict_prior"":true,""current_captured_at_utc"":""2026-06-21T20:15:33.364782+00:00"",""recovered_source_captured_at_utc"":[""2026-06-21T20:11:50.589525+00:00""]}",853ce48e86478653361e95394f9a44c80ba246074e574afe370eec46598a2756
B,austin,2026-06-21,20260621T161931-0400,2026-06-21T20:19:31.117160+00:00,15:19:30.043255,919,peak_heating_window,F,M5_cutoff_change,1,DEFINED,DEFINED,hgb,hgb,"[44,45,46,47,48,49,50,51,52,53,54,55,56,57,58,59,60,61,62,63,64,65,66,67,68,69,70,71,72,73,74,75,76,77,78,79,80,81,82,83,84,85,86,87,88,89,90,91,92,93,94,95,96,97,98,99,100,101,102,103,104,105,106]","[0.0,0.0,0.0,0.0,0.0,0.0,0.0,0.0,0.0,0.0,0.0,0.0,0.0,0.0,0.0,0.0,0.0,0.0,0.0,0.0,0.0,0.0,0.0,0.0,0.0,0.0,0.0,0.0,0.0,0.0,0.0,0.0,0.0,0.0,0.0,0.0,0.0,0.0,0.0,0.0,0.0,0.0,0.0,0.0,0.0,0.0,0.0,0.104690511779611,0.5277404718592464,0.16174365059877174,0.19598300891059706,0.006695986819986238,0.0020383352437495844,0.0007353620238892471,0.0003010699268149836,4.995641371388278e-05,1.5239482667413737e-05,5.2049065166928995e-06,8.085528193639219e-07,2.998882737932932e-07,8.068035858802838e-08,6.261717027339628e-09,6.651266936285359e-09]","[0.0,0.0,0.0,0.0,0.0,0.0,0.0,0.0,0.0,0.0,0.0,0.0,0.0,0.0,0.0,0.0,0.0,0.0,0.0,0.0,0.0,0.0,0.0,0.0,0.0,0.0,0.0,0.0,0.0,0.0,0.0,0.0,0.0,0.0,0.0,0.0,0.0,0.0,0.0,0.0,0.0,0.0,0.0,0.0,0.0,0.0,0.0,0.0,0.6367649970476666,0.3029825232299829,0.04387550464692339,0.009932539038672514,0.004411022497250135,0.0014019158580713589,0.00047949072959683656,9.7900093373541e-05,4.105726415620099e-05,1.0540114871268783e-05,1.6880104365570465e-06,6.260747892294637e-07,1.684358573245657e-07,1.3072545713502573e-08,1.3885806512441522e-08]",1.0,1.0,0.5135960320865695,0.15210750426367367,False,0.4494383760066834,"{""all_recovered_sources_strict_prior"":true,""current_captured_at_utc"":""2026-06-21T20:19:31.117160+00:00"",""recovered_source_captured_at_utc"":[""2026-06-21T20:18:40.432649+00:00""]}",01e600be33ddc2becc7a92102079c8eb9a765ffad4a1d466deddbab9295064dd
B,austin,2026-06-21,20260621T163037-0400,2026-06-21T20:30:37.670037+00:00,15:30:37.258064,930,peak_heating_window,F,M5_cutoff_change,1,DEFINED,DEFINED,hgb,hgb,"[44,45,46,47,48,49,50,51,52,53,54,55,56,57,58,59,60,61,62,63,64,65,66,67,68,69,70,71,72,73,74,75,76,77,78,79,80,81,82,83,84,85,86,87,88,89,90,91,92,93,94,95,96,97,98,99,100,101,102,103,104,105,106]","[0.0,0.0,0.0,0.0,0.0,0.0,0.0,0.0,0.0,0.0,0.0,0.0,0.0,0.0,0.0,0.0,0.0,0.0,0.0,0.0,0.0,0.0,0.0,0.0,0.0,0.0,0.0,0.0,0.0,0.0,0.0,0.0,0.0,0.0,0.0,0.0,0.0,0.0,0.0,0.0,0.0,0.0,0.0,0.0,0.0,0.0,0.0,0.104690511779611,0.5277404718592464,0.16174365059877174,0.19598300891059706,0.006695986819986238,0.0020383352437495844,0.0007353620238892471,0.0003010699268149836,4.995641371388278e-05,1.5239482667413737e-05,5.2049065166928995e-06,8.085528193639219e-07,2.998882737932932e-07,8.068035858802838e-08,6.261717027339628e-09,6.651266936285359e-09]","[0.0,0.0,0.0,0.0,0.0,0.0,0.0,0.0,0.0,0.0,0.0,0.0,0.0,0.0,0.0,0.0,0.0,0.0,0.0,0.0,0.0,0.0,0.0,0.0,0.0,0.0,0.0,0.0,0.0,0.0,0.0,0.0,0.0,0.0,0.0,0.0,0.0,0.0,0.0,0.0,0.0,0.0,0.0,0.0,0.0,0.0,0.0,0.0,0.6362756837240681,0.303390670529194,0.043934609272933696,0.009945919147002609,0.004416964578990755,0.001403804376805354,0.0004801366508341258,9.803197444138926e-05,4.111257233470485e-05,1.0554313444084872e-05,1.6902843528654073e-06,6.269181736319832e-07,1.6866275701344694e-07,1.3090155720079517e-08,1.3904512061411814e-08]",1.0,1.0,0.5134778228345488,0.15204839963766337,False,0.4489502549351044,"{""all_recovered_sources_strict_prior"":true,""current_captured_at_utc"":""2026-06-21T20:30:37.670037+00:00"",""recovered_source_captured_at_utc"":[""2026-06-21T20:29:20.391969+00:00""]}",9164cf124df338966bb6b1bb11d77986e1610c090133695e67c693c81bfaacc3
B,austin,2026-06-21,20260621T163321-0400,2026-06-21T20:33:21.312420+00:00,15:33:20.891713,933,peak_heating_window,F,M5_cutoff_change,1,DEFINED,DEFINED,hgb,hgb,"[44,45,46,47,48,49,50,51,52,53,54,55,56,57,58,59,60,61,62,63,64,65,66,67,68,69,70,71,72,73,74,75,76,77,78,79,80,81,82,83,84,85,86,87,88,89,90,91,92,93,94,95,96,97,98,99,100,101,102,103,104,105,106]","[0.0,0.0,0.0,0.0,0.0,0.0,0.0,0.0,0.0,0.0,0.0,0.0,0.0,0.0,0.0,0.0,0.0,0.0,0.0,0.0,0.0,0.0,0.0,0.0,0.0,0.0,0.0,0.0,0.0,0.0,0.0,0.0,0.0,0.0,0.0,0.0,0.0,0.0,0.0,0.0,0.0,0.0,0.0,0.0,0.0,0.0,0.0,0.104690511779611,0.5277404718592464,0.16174365059877174,0.19598300891059706,0.006695986819986238,0.0020383352437495844,0.0007353620238892471,0.0003010699268149836,4.995641371388278e-05,1.5239482667413737e-05,5.2049065166928995e-06,8.085528193639219e-07,2.998882737932932e-07,8.068035858802838e-08,6.261717027339628e-09,6.651266936285359e-09]","[0.0,0.0,0.0,0.0,0.0,0.0,0.0,0.0,0.0,0.0,0.0,0.0,0.0,0.0,0.0,0.0,0.0,0.0,0.0,0.0,0.0,0.0,0.0,0.0,0.0,0.0,0.0,0.0,0.0,0.0,0.0,0.0,0.0,0.0,0.0,0.0,0.0,0.0,0.0,0.0,0.0,0.0,0.0,0.0,0.0,0.0,0.0,0.0,0.6361424317068322,0.30350181904758977,0.043950704911993606,0.00994956287861553,0.00441858275356384,0.0014043186667679532,0.00048031255102668814,9.806788889022698e-05,4.1127634108010106e-05,1.0558180063648184e-05,1.6909035960384446e-06,6.27147847886742e-07,1.687245473628927e-07,1.3094951356713032e-08,1.390960604110455e-08]",1.0,1.0,0.5134456315564291,0.15203230399860346,False,0.4488174695604268,"{""all_recovered_sources_strict_prior"":true,""current_captured_at_utc"":""2026-06-21T20:33:21.312420+00:00"",""recovered_source_captured_at_utc"":[""2026-06-21T20:32:23.809238+00:00""]}",da8ed47f6565f3d54c22f121856e9efe7b456f3fe98d1a32229b6f10c8a79aa7
B,austin,2026-06-21,20260621T171330-0400,2026-06-21T21:13:30.344798+00:00,16:13:29.973404,973,peak_heating_window,F,M5_cutoff_change,1,DEFINED,DEFINED,hgb,hgb,"[45,46,47,48,49,50,51,52,53,54,55,56,57,58,59,60,61,62,63,64,65,66,67,68,69,70,71,72,73,74,75,76,77,78,79,80,81,82,83,84,85,86,87,88,89,90,91,92,93,94,95,96,97,98,99,100,101,102,103,104,105,106,107]","[0.0,0.0,0.0,0.0,0.0,0.0,0.0,0.0,0.0,0.0,0.0,0.0,0.0,0.0,0.0,0.0,0.0,0.0,0.0,0.0,0.0,0.0,0.0,0.0,0.0,0.0,0.0,0.0,0.0,0.0,0.0,0.0,0.0,0.0,0.0,0.0,0.0,0.0,0.0,0.0,0.0,0.0,0.0,0.0,0.0,0.0,0.0,0.6001236560220219,0.34249515669099095,0.04505725634529346,0.008092218622318119,0.002779281044607946,0.0009953618361059158,0.00033418994922910134,8.575728638403607e-05,2.6492806707331862e-05,8.332171866306345e-06,1.7142613364282685e-06,4.209747300111712e-07,1.308608051966131e-07,2.2047757902731652e-08,7.48985316182047e-09,1.5899923537862486e-09]","[0.0,0.0,0.0,0.0,0.0,0.0,0.0,0.0,0.0,0.0,0.0,0.0,0.0,0.0,0.0,0.0,0.0,0.0,0.0,0.0,0.0,0.0,0.0,0.0,0.0,0.0,0.0,0.0,0.0,0.0,0.0,0.0,0.0,0.0,0.0,0.0,0.0,0.0,0.0,0.0,0.0,0.0,0.0,0.0,0.0,0.0,0.0,0.0,0.7039077096713051,0.2633919776428167,0.027079372176280096,0.0038241300859973523,0.00127922528322212,0.00038472356772128704,9.482427860425613e-05,2.715894116764559e-05,8.526509024988675e-06,1.7799913271021925e-06,4.1885846933470527e-07,1.2526161309193097e-07,1.9895830693553512e-08,6.521458760748141e-09,1.3151616149296792e-09]",1.0,1.0,1.2002473342652544,0.6001236560220219,True,1.2863026100829853,"{""all_recovered_sources_strict_prior"":true,""current_captured_at_utc"":""2026-06-21T21:13:30.344798+00:00"",""recovered_source_captured_at_utc"":[""2026-06-21T21:12:30.691342+00:00""]}",e68df15b30b3dd899e04efe6baef0b95e26ce9d38de1a30d7fc6ace738336735
B,austin,2026-06-21,20260621T172022-0400,2026-06-21T21:20:22.969102+00:00,16:20:22.585219,980,peak_heating_window,F,M5_cutoff_change,1,DEFINED,DEFINED,hgb,hgb,"[45,46,47,48,49,50,51,52,53,54,55,56,57,58,59,60,61,62,63,64,65,66,67,68,69,70,71,72,73,74,75,76,77,78,79,80,81,82,83,84,85,86,87,88,89,90,91,92,93,94,95,96,97,98,99,100,101,102,103,104,105,106,107]","[0.0,0.0,0.0,0.0,0.0,0.0,0.0,0.0,0.0,0.0,0.0,0.0,0.0,0.0,0.0,0.0,0.0,0.0,0.0,0.0,0.0,0.0,0.0,0.0,0.0,0.0,0.0,0.0,0.0,0.0,0.0,0.0,0.0,0.0,0.0,0.0,0.0,0.0,0.0,0.0,0.0,0.0,0.0,0.0,0.0,0.0,0.0,0.6001236560220219,0.34249515669099095,0.04505725634529346,0.008092218622318119,0.002779281044607946,0.0009953618361059158,0.00033418994922910134,8.575728638403607e-05,2.6492806707331862e-05,8.332171866306345e-06,1.7142613364282685e-06,4.209747300111712e-07,1.308608051966131e-07,2.2047757902731652e-08,7.48985316182047e-09,1.5899923537862486e-09]","[0.0,0.0,0.0,0.0,0.0,0.0,0.0,0.0,0.0,0.0,0.0,0.0,0.0,0.0,0.0,0.0,0.0,0.0,0.0,0.0,0.0,0.0,0.0,0.0,0.0,0.0,0.0,0.0,0.0,0.0,0.0,0.0,0.0,0.0,0.0,0.0,0.0,0.0,0.0,0.0,0.0,0.0,0.0,0.0,0.0,0.0,0.0,0.0,0.7033917014848979,0.2638509980939968,0.02712656414372448,0.003830794502784665,0.001281454624342987,0.0003853940360750139,9.49895314852941e-05,2.7206271802161927e-05,8.541368407019474e-06,1.7830933669948849e-06,4.195884255212805e-07,1.2547990995378525e-07,1.9930503705477753e-08,6.532823886480143e-09,1.3174535832852165e-09]",1.0,1.0,1.200247332272088,0.6001236560220219,True,1.2858210627342714,"{""all_recovered_sources_strict_prior"":true,""current_captured_at_utc"":""2026-06-21T21:20:22.969102+00:00"",""recovered_source_captured_at_utc"":[""2026-06-21T21:19:24.539332+00:00""]}",c6180c8c6133072adce760d9ee5d8e6ec0b5e785727ca67c40ac074feb8aa5d8
B,austin,2026-06-21,20260621T172730-0400,2026-06-21T21:27:30.257112+00:00,16:27:29.857555,987,peak_heating_window,F,M5_cutoff_change,1,DEFINED,DEFINED,hgb,hgb,"[45,46,47,48,49,50,51,52,53,54,55,56,57,58,59,60,61,62,63,64,65,66,67,68,69,70,71,72,73,74,75,76,77,78,79,80,81,82,83,84,85,86,87,88,89,90,91,92,93,94,95,96,97,98,99,100,101,102,103,104,105,106,107]","[0.0,0.0,0.0,0.0,0.0,0.0,0.0,0.0,0.0,0.0,0.0,0.0,0.0,0.0,0.0,0.0,0.0,0.0,0.0,0.0,0.0,0.0,0.0,0.0,0.0,0.0,0.0,0.0,0.0,0.0,0.0,0.0,0.0,0.0,0.0,0.0,0.0,0.0,0.0,0.0,0.0,0.0,0.0,0.0,0.0,0.0,0.0,0.6001236560220219,0.34249515669099095,0.04505725634529346,0.008092218622318119,0.002779281044607946,0.0009953618361059158,0.00033418994922910134,8.575728638403607e-05,2.6492806707331862e-05,8.332171866306345e-06,1.7142613364282685e-06,4.209747300111712e-07,1.308608051966131e-07,2.2047757902731652e-08,7.48985316182047e-09,1.5899923537862486e-09]","[0.0,0.0,0.0,0.0,0.0,0.0,0.0,0.0,0.0,0.0,0.0,0.0,0.0,0.0,0.0,0.0,0.0,0.0,0.0,0.0,0.0,0.0,0.0,0.0,0.0,0.0,0.0,0.0,0.0,0.0,0.0,0.0,0.0,0.0,0.0,0.0,0.0,0.0,0.0,0.0,0.0,0.0,0.0,0.0,0.0,0.0,0.0,0.0,0.6942349621729061,0.27199647082301603,0.027964001523385185,0.003949056826514033,0.001321015034466366,0.0003972917231539059,9.79219995973917e-05,2.8046169875785458e-05,8.8050531530711e-06,1.8381401111765294e-06,4.325417442586921e-07,1.2935366139665158e-07,2.0545787996919963e-08,6.734501875933312e-09,1.3581253348113393e-09]",1.0,1.0,1.2002473200367076,0.6001236560220219,True,1.2774352585107143,"{""all_recovered_sources_strict_prior"":true,""current_captured_at_utc"":""2026-06-21T21:27:30.257112+00:00"",""recovered_source_captured_at_utc"":[""2026-06-21T21:26:21.844622+00:00""]}",04aa57f5a6cb3a0d92edda1d22d35299b81949ac02f63a38217eafe2872f8c45
B,dallas,2026-06-21,20260621T143622-0400,2026-06-21T18:36:22.322503+00:00,13:36:21.257604,816,settlement_window,F,M5_cutoff_change,2,DEFINED,DEFINED,hgb,hgb,"[46,47,48,49,50,51,52,53,54,55,56,57,58,59,60,61,62,63,64,65,66,67,68,69,70,71,72,73,74,75,76,77,78,79,80,81,82,83,84,85,86,87,88,89,90,91,92,93,94,95,96,97,98,99,100,101,102,103,104,105]","[0.0,0.0,0.0,0.0,0.0,0.0,0.0,0.0,0.0,0.0,0.0,0.0,0.0,0.0,0.0,0.0,0.0,0.0,0.0,0.0,0.0,0.0,0.0,0.0,0.0,0.0,0.0,0.0,0.0,0.0,0.0,0.0,0.0,0.0,0.0,0.0,0.0,0.0,0.0,0.0031585219025367733,0.013783093499378304,0.02111089764226954,0.040475128688404555,0.05095968354723692,0.21751012144082957,0.22724212911527622,0.20387349285706038,0.11546010302956076,0.07760981413378891,0.019631155764007542,0.006437584482296316,0.0018261588823455259,0.000676115865923292,0.0001798538453646872,4.687415313930272e-05,1.202908507019049e-05,6.534958155357218e-06,5.842294165558383e-07,4.0453250907160427e-08,8.242468853948855e-08]","[0.0,0.0,0.0,0.0,0.0,0.0,0.0,0.0,0.0,0.0,0.0,0.0,0.0,0.0,0.0,0.0,0.0,0.0,0.0,0.0,0.0,0.0,0.0,0.0,0.0,0.0,0.0,0.0,0.0,0.0,0.0,0.0,0.0,0.0,0.0,0.0,0.0,0.0,0.0,0.0,0.008768486310093866,0.020357895756171532,0.021110004617886147,0.05098619378183775,0.12448729513765838,0.16424835664900866,0.4041464405136024,0.11113302810270628,0.07149363111213258,0.016408191921830902,0.0052397417457255195,0.0012225820198171877,0.00031040903701277776,7.004677681455769e-05,1.3464706418672006e-05,2.9343773170420493e-06,1.1968074409988969e-06,8.764852097989791e-08,3.951349944382003e-09,9.02665389544211e-09]",1.0,1.0,0.4005989157822857,0.200272947656542,True,0.24797157614791193,"{""all_recovered_sources_strict_prior"":true,""current_captured_at_utc"":""2026-06-21T18:36:22.322503+00:00"",""recovered_source_captured_at_utc"":[""2026-06-21T18:29:31.755733+00:00"",""2026-06-21T18:29:31.755733+00:00""]}",15c9e454e986735e069bad0552fd3f707933b5a884a0168595548061eb1098a4
B,dallas,2026-06-21,20260621T144421-0400,2026-06-21T18:44:21.511697+00:00,13:44:21.069614,824,settlement_window,F,M5_cutoff_change,2,DEFINED,DEFINED,hgb,hgb,"[46,47,48,49,50,51,52,53,54,55,56,57,58,59,60,61,62,63,64,65,66,67,68,69,70,71,72,73,74,75,76,77,78,79,80,81,82,83,84,85,86,87,88,89,90,91,92,93,94,95,96,97,98,99,100,101,102,103,104,105]","[0.0,0.0,0.0,0.0,0.0,0.0,0.0,0.0,0.0,0.0,0.0,0.0,0.0,0.0,0.0,0.0,0.0,0.0,0.0,0.0,0.0,0.0,0.0,0.0,0.0,0.0,0.0,0.0,0.0,0.0,0.0,0.0,0.0,0.0,0.0,0.0,0.0,0.0,0.0,0.0031585219025367733,0.013783093499378304,0.02111089764226954,0.040475128688404555,0.05095968354723692,0.21751012144082957,0.22724212911527622,0.20387349285706038,0.11546010302956076,0.07760981413378891,0.019631155764007542,0.006437584482296316,0.0018261588823455259,0.000676115865923292,0.0001798538453646872,4.687415313930272e-05,1.202908507019049e-05,6.534958155357218e-06,5.842294165558383e-07,4.0453250907160427e-08,8.242468853948855e-08]","[0.0,0.0,0.0,0.0,0.0,0.0,0.0,0.0,0.0,0.0,0.0,0.0,0.0,0.0,0.0,0.0,0.0,0.0,0.0,0.0,0.0,0.0,0.0,0.0,0.0,0.0,0.0,0.0,0.0,0.0,0.0,0.0,0.0,0.0,0.0,0.0,0.0,0.0,0.0,0.0,0.008775547714920165,0.020365857860907458,0.021132198762162466,0.051006976104010775,0.12453633746013691,0.164270364419733,0.40399217481300204,0.11112523267499458,0.07150539550787782,0.016424853992343388,0.00524236329685317,0.001223272651478531,0.00031062257873631347,7.013719879451443e-05,1.4427752106847053e-05,2.9387431353594674e-06,1.1976925679626593e-06,8.777892599501519e-08,3.95722883250778e-09,9.040083910284726e-09]",1.0,1.0,0.4003319490254311,0.20011868195594165,True,0.24777229751825797,"{""all_recovered_sources_strict_prior"":true,""current_captured_at_utc"":""2026-06-21T18:44:21.511697+00:00"",""recovered_source_captured_at_utc"":[""2026-06-21T18:43:20.694026+00:00"",""2026-06-21T18:43:20.694026+00:00""]}",29507c9a29139c906f6b7a2c284487d642c51e076b072b5fe6f7f0828e2c70e3
B,dallas,2026-06-21,20260621T151544-0400,2026-06-21T19:15:44.172624+00:00,14:15:43.641656,855,peak_heating_window,F,M5_cutoff_change,1,DEFINED,DEFINED,hgb,hgb,"[46,47,48,49,50,51,52,53,54,55,56,57,58,59,60,61,62,63,64,65,66,67,68,69,70,71,72,73,74,75,76,77,78,79,80,81,82,83,84,85,86,87,88,89,90,91,92,93,94,95,96,97,98,99,100,101,102,103,104,105]","[0.0,0.0,0.0,0.0,0.0,0.0,0.0,0.0,0.0,0.0,0.0,0.0,0.0,0.0,0.0,0.0,0.0,0.0,0.0,0.0,0.0,0.0,0.0,0.0,0.0,0.0,0.0,0.0,0.0,0.0,0.0,0.0,0.0,0.0,0.0,0.0,0.0,0.0,0.0,0.0,0.01072274302933992,0.02321276005365161,0.0252227801301704,0.07068732815636576,0.16949541097631185,0.17424819665326538,0.3799304866818154,0.11227388850355247,0.025726619598226363,0.006010953021663296,0.0019128440792069235,0.0004196269705837409,0.00010379807808844745,2.572507347366315e-05,5.285010190501005e-06,1.0792663055825162e-06,4.3770727308069723e-07,3.223719556389637e-08,1.453309644867233e-09,3.3200104652275134e-09]","[0.0,0.0,0.0,0.0,0.0,0.0,0.0,0.0,0.0,0.0,0.0,0.0,0.0,0.0,0.0,0.0,0.0,0.0,0.0,0.0,0.0,0.0,0.0,0.0,0.0,0.0,0.0,0.0,0.0,0.0,0.0,0.0,0.0,0.0,0.0,0.0,0.0,0.0,0.0,0.0,0.0,0.05263976996075786,0.0658758468580838,0.027747061624197353,0.40896397075696395,0.11735552365258403,0.29501256923350005,0.02188794256427357,0.008032245957287095,0.0018873261980993422,0.0004512797061893453,0.00012193424811752205,1.892382167647874e-05,4.511250227424554e-06,9.261636380946072e-07,1.2664501836221857e-07,3.860538738714376e-08,2.482242359899484e-09,7.7148092545676e-11,1.9460780101611958e-10]",1.0,1.0000000000000002,0.6190972728313435,0.2394685597806521,True,0.23422374549636596,"{""all_recovered_sources_strict_prior"":true,""current_captured_at_utc"":""2026-06-21T19:15:44.172624+00:00"",""recovered_source_captured_at_utc"":[""2026-06-21T19:13:45.717447+00:00""]}",4982e655fb6019dc6efc838a28b80d03d4e3f9fc2754ce80230f659609be5a4f
B,dallas,2026-06-21,20260621T153733-0400,2026-06-21T19:37:33.054127+00:00,14:37:32.708833,877,peak_heating_window,F,M5_cutoff_change,1,DEFINED,DEFINED,hgb,hgb,"[46,47,48,49,50,51,52,53,54,55,56,57,58,59,60,61,62,63,64,65,66,67,68,69,70,71,72,73,74,75,76,77,78,79,80,81,82,83,84,85,86,87,88,89,90,91,92,93,94,95,96,97,98,99,100,101,102,103,104,105]","[0.0,0.0,0.0,0.0,0.0,0.0,0.0,0.0,0.0,0.0,0.0,0.0,0.0,0.0,0.0,0.0,0.0,0.0,0.0,0.0,0.0,0.0,0.0,0.0,0.0,0.0,0.0,0.0,0.0,0.0,0.0,0.0,0.0,0.0,0.0,0.0,0.0,0.0,0.0,0.0,0.01072274302933992,0.02321276005365161,0.0252227801301704,0.07068732815636576,0.16949541097631185,0.17424819665326538,0.3799304866818154,0.11227388850355247,0.025726619598226363,0.006010953021663296,0.0019128440792069235,0.0004196269705837409,0.00010379807808844745,2.572507347366315e-05,5.285010190501005e-06,1.0792663055825162e-06,4.3770727308069723e-07,3.223719556389637e-08,1.453309644867233e-09,3.3200104652275134e-09]","[0.0,0.0,0.0,0.0,0.0,0.0,0.0,0.0,0.0,0.0,0.0,0.0,0.0,0.0,0.0,0.0,0.0,0.0,0.0,0.0,0.0,0.0,0.0,0.0,0.0,0.0,0.0,0.0,0.0,0.0,0.0,0.0,0.0,0.0,0.0,0.0,0.0,0.0,0.0,0.0,0.0,0.05333007759158703,0.06673773540901995,0.028090411251755525,0.3967793440520256,0.11885414066404029,0.3034500049256935,0.022143809817176018,0.008130074051576995,0.0019090783255642373,0.0004102970857451494,0.0001402137502853919,1.9143344166000667e-05,4.562672442727112e-06,9.371608035186976e-07,1.2806040235754184e-07,3.905293894699306e-08,2.509983886207821e-09,7.801029918333907e-11,1.967827366786932e-10]",1.0,1.0000000000000002,0.5978324117849971,0.22728393307571373,True,0.22951732796612306,"{""all_recovered_sources_strict_prior"":true,""current_captured_at_utc"":""2026-06-21T19:37:33.054127+00:00"",""recovered_source_captured_at_utc"":[""2026-06-21T19:36:34.728237+00:00""]}",c7f42ff814e709030c3bbc12addad51e6f65666060e598a7b722a441e27e9e46
B,dallas,2026-06-21,20260621T171334-0400,2026-06-21T21:13:34.325527+00:00,16:13:33.895806,973,peak_heating_window,F,M5_cutoff_change,1,DEFINED,DEFINED,hgb,hgb,"[45,46,47,48,49,50,51,52,53,54,55,56,57,58,59,60,61,62,63,64,65,66,67,68,69,70,71,72,73,74,75,76,77,78,79,80,81,82,83,84,85,86,87,88,89,90,91,92,93,94,95,96,97,98,99,100,101,102,103,104,105]","[0.0,0.0,0.0,0.0,0.0,0.0,0.0,0.0,0.0,0.0,0.0,0.0,0.0,0.0,0.0,0.0,0.0,0.0,0.0,0.0,0.0,0.0,0.0,0.0,0.0,0.0,0.0,0.0,0.0,0.0,0.0,0.0,0.0,0.0,0.0,0.0,0.0,0.0,0.0,0.0,0.0,0.0,0.003342231232221411,0.03256825556285542,0.16192619420328208,0.2939942891813107,0.20674353449839825,0.19311449461873137,0.08868872933531015,0.01458230586330669,0.0033787234085449524,0.0011565424069414482,0.0003830439739391958,8.847261641174419e-05,2.4586806054682332e-05,6.31885695870308e-06,1.696013209112007e-06,5.055089713714168e-07,5.2366853271758985e-08,1.6604282410725616e-08,6.942417274788679e-09]","[0.0,0.0,0.0,0.0,0.0,0.0,0.0,0.0,0.0,0.0,0.0,0.0,0.0,0.0,0.0,0.0,0.0,0.0,0.0,0.0,0.0,0.0,0.0,0.0,0.0,0.0,0.0,0.0,0.0,0.0,0.0,0.0,0.0,0.0,0.0,0.0,0.0,0.0,0.0,0.0,0.0,0.0,0.0,0.0,0.39579815283345754,0.39112853579127016,0.11896429433452167,0.05544588624010613,0.026530040116842173,0.00855280275116801,0.0023983615336076844,0.000831417916936194,0.000255351887959091,6.761259133397907e-05,2.0302510359066745e-05,5.261508516508927e-06,1.4917933262942866e-06,4.160256116802688e-07,4.978100704468806e-08,1.578437213652646e-08,6.599604552710424e-09]",1.0,1.0000000000000002,0.66201241048027,0.23387195863017546,True,0.4011332465325218,"{""all_recovered_sources_strict_prior"":true,""current_captured_at_utc"":""2026-06-21T21:13:34.325527+00:00"",""recovered_source_captured_at_utc"":[""2026-06-21T21:12:37.864408+00:00""]}",c39cfaccb0ddd2894bcd64986c0792bbdc5f97bdb2793aa57cbbe719956a53fb
B,dallas,2026-06-21,20260621T172026-0400,2026-06-21T21:20:26.563655+00:00,16:20:26.176268,980,peak_heating_window,F,M5_cutoff_change,1,DEFINED,DEFINED,hgb,hgb,"[45,46,47,48,49,50,51,52,53,54,55,56,57,58,59,60,61,62,63,64,65,66,67,68,69,70,71,72,73,74,75,76,77,78,79,80,81,82,83,84,85,86,87,88,89,90,91,92,93,94,95,96,97,98,99,100,101,102,103,104,105]","[0.0,0.0,0.0,0.0,0.0,0.0,0.0,0.0,0.0,0.0,0.0,0.0,0.0,0.0,0.0,0.0,0.0,0.0,0.0,0.0,0.0,0.0,0.0,0.0,0.0,0.0,0.0,0.0,0.0,0.0,0.0,0.0,0.0,0.0,0.0,0.0,0.0,0.0,0.0,0.0,0.0,0.0,0.003342231232221411,0.03256825556285542,0.16192619420328208,0.2939942891813107,0.20674353449839825,0.19311449461873137,0.08868872933531015,0.01458230586330669,0.0033787234085449524,0.0011565424069414482,0.0003830439739391958,8.847261641174419e-05,2.4586806054682332e-05,6.31885695870308e-06,1.696013209112007e-06,5.055089713714168e-07,5.2366853271758985e-08,1.6604282410725616e-08,6.942417274788679e-09]","[0.0,0.0,0.0,0.0,0.0,0.0,0.0,0.0,0.0,0.0,0.0,0.0,0.0,0.0,0.0,0.0,0.0,0.0,0.0,0.0,0.0,0.0,0.0,0.0,0.0,0.0,0.0,0.0,0.0,0.0,0.0,0.0,0.0,0.0,0.0,0.0,0.0,0.0,0.0,0.0,0.0,0.0,0.0,0.0,0.3958355366115514,0.39110433549718526,0.11895693365728888,0.0554424556370434,0.026528398623792804,0.00855227356364297,0.0023982131397956145,0.0008313664746192671,0.0002553360885729091,6.760840794042835e-05,2.0301254181937262e-05,5.261182971216835e-06,1.4917010245727128e-06,4.159998709295226e-07,4.977792694466957e-08,1.5783395510142308e-08,6.599196215408477e-09]",1.0,0.9999999999999999,0.6620387774482878,0.23390934240826933,True,0.40114854310318593,"{""all_recovered_sources_strict_prior"":true,""current_captured_at_utc"":""2026-06-21T21:20:26.563655+00:00"",""recovered_source_captured_at_utc"":[""2026-06-21T21:19:29.751678+00:00""]}",3210ebdd1241e5ec3d75450b1838e99705ae542f5fd5b7dab5107396e7644752
B,dallas,2026-06-21,20260621T172734-0400,2026-06-21T21:27:34.390214+00:00,16:27:33.968202,987,peak_heating_window,F,M5_cutoff_change,1,DEFINED,DEFINED,hgb,hgb,"[45,46,47,48,49,50,51,52,53,54,55,56,57,58,59,60,61,62,63,64,65,66,67,68,69,70,71,72,73,74,75,76,77,78,79,80,81,82,83,84,85,86,87,88,89,90,91,92,93,94,95,96,97,98,99,100,101,102,103,104,105]","[0.0,0.0,0.0,0.0,0.0,0.0,0.0,0.0,0.0,0.0,0.0,0.0,0.0,0.0,0.0,0.0,0.0,0.0,0.0,0.0,0.0,0.0,0.0,0.0,0.0,0.0,0.0,0.0,0.0,0.0,0.0,0.0,0.0,0.0,0.0,0.0,0.0,0.0,0.0,0.0,0.0,0.0,0.003538008586523311,0.0012117325290571354,0.02416870636185034,0.32639056275241785,0.18123082060308326,0.3099050628553973,0.1432807153411235,0.007339056724637965,0.002011697655144704,0.0006390165698039859,0.00020545460848380231,5.65319639033873e-05,1.671128058491774e-05,4.269862088813502e-06,1.244471549860887e-06,3.4776473074010863e-07,4.143735608827908e-08,1.313879906575634e-08,5.493463875630265e-09]","[0.0,0.0,0.0,0.0,0.0,0.0,0.0,0.0,0.0,0.0,0.0,0.0,0.0,0.0,0.0,0.0,0.0,0.0,0.0,0.0,0.0,0.0,0.0,0.0,0.0,0.0,0.0,0.0,0.0,0.0,0.0,0.0,0.0,0.0,0.0,0.0,0.0,0.0,0.0,0.0,0.0,0.0,0.0,0.0,0.22744397182619167,0.4978585132336237,0.18252528162435702,0.05471552606534444,0.025684743861113912,0.008277981937871371,0.002349259174923005,0.000801436093826492,0.0002473394031722953,6.655417012947508e-05,2.146563565673666e-05,5.960546162441003e-06,1.4825617346052714e-06,4.1185311987774325e-07,4.9676008727536176e-08,1.5751079669981004e-08,6.5856846380072036e-09]",1.0,1.0,0.7550704987712858,0.25518953679005285,False,0.5904142627396665,"{""all_recovered_sources_strict_prior"":true,""current_captured_at_utc"":""2026-06-21T21:27:34.390214+00:00"",""recovered_source_captured_at_utc"":[""2026-06-21T21:26:27.490968+00:00""]}",53dd5370bfed7ad52dd3ba984cc312b42d9d89abc1fc468af042fc1a06f50b37
B,dallas,2026-06-21,20260621T180928-0400,2026-06-21T22:09:28.734458+00:00,17:09:28.362398,1029,settlement_window,F,M5_cutoff_change,1,DEFINED,DEFINED,hgb,hgb,"[45,46,47,48,49,50,51,52,53,54,55,56,57,58,59,60,61,62,63,64,65,66,67,68,69,70,71,72,73,74,75,76,77,78,79,80,81,82,83,84,85,86,87,88,89,90,91,92,93,94,95,96,97,98,99,100,101,102,103,104,105]","[0.0,0.0,0.0,0.0,0.0,0.0,0.0,0.0,0.0,0.0,0.0,0.0,0.0,0.0,0.0,0.0,0.0,0.0,0.0,0.0,0.0,0.0,0.0,0.0,0.0,0.0,0.0,0.0,0.0,0.0,0.0,0.0,0.0,0.0,0.0,0.0,0.0,0.0,0.0,0.0,0.0,0.0,0.0,0.0,0.007541416457349434,0.12473293381629254,0.5132547785713922,0.14714632738732816,0.17420784300779368,0.027651012978728528,0.003487186857691558,0.0013290153892649217,0.0004943510820467619,0.00011074686258994554,3.005500123990209e-05,1.1738420555553578e-05,1.7823850652422773e-06,7.109967418166756e-07,8.070909607454863e-08,8.777508699965293e-09,1.1299315075096204e-08]","[0.0,0.0,0.0,0.0,0.0,0.0,0.0,0.0,0.0,0.0,0.0,0.0,0.0,0.0,0.0,0.0,0.0,0.0,0.0,0.0,0.0,0.0,0.0,0.0,0.0,0.0,0.0,0.0,0.0,0.0,0.0,0.0,0.0,0.0,0.0,0.0,0.0,0.0,0.0,0.0,0.0,0.0,0.0,0.0,0.0,0.0,0.5085450574909889,0.252688533548839,0.22083636924671465,0.012570737902810682,0.0035854890014623115,0.0011562896853114148,0.0004369071450059881,0.00013878991496183696,3.061757833228579e-05,7.914172725681232e-06,2.0429184812231733e-06,1.1412174766071924e-06,8.822935940206046e-08,9.59537409548768e-09,1.2352155819425196e-08]",1.0,1.0,0.3045966806375745,0.12473293381629254,False,0.2890517447834612,"{""all_recovered_sources_strict_prior"":true,""current_captured_at_utc"":""2026-06-21T22:09:28.734458+00:00"",""recovered_source_captured_at_utc"":[""2026-06-21T22:08:34.540670+00:00""]}",ffa23702ef33347e6bbfac1c7370d757a89138bc1156c60a0a49a73efcaf3f69
B,dallas,2026-06-21,20260621T181147-0400,2026-06-21T22:11:47.069764+00:00,17:11:46.645764,1031,settlement_window,F,M5_cutoff_change,1,DEFINED,DEFINED,hgb,hgb,"[45,46,47,48,49,50,51,52,53,54,55,56,57,58,59,60,61,62,63,64,65,66,67,68,69,70,71,72,73,74,75,76,77,78,79,80,81,82,83,84,85,86,87,88,89,90,91,92,93,94,95,96,97,98,99,100,101,102,103,104,105]","[0.0,0.0,0.0,0.0,0.0,0.0,0.0,0.0,0.0,0.0,0.0,0.0,0.0,0.0,0.0,0.0,0.0,0.0,0.0,0.0,0.0,0.0,0.0,0.0,0.0,0.0,0.0,0.0,0.0,0.0,0.0,0.0,0.0,0.0,0.0,0.0,0.0,0.0,0.0,0.0,0.0,0.0,0.0,0.0,0.007541416457349434,0.12473293381629254,0.5132547785713922,0.14714632738732816,0.17420784300779368,0.027651012978728528,0.003487186857691558,0.0013290153892649217,0.0004943510820467619,0.00011074686258994554,3.005500123990209e-05,1.1738420555553578e-05,1.7823850652422773e-06,7.109967418166756e-07,8.070909607454863e-08,8.777508699965293e-09,1.1299315075096204e-08]","[0.0,0.0,0.0,0.0,0.0,0.0,0.0,0.0,0.0,0.0,0.0,0.0,0.0,0.0,0.0,0.0,0.0,0.0,0.0,0.0,0.0,0.0,0.0,0.0,0.0,0.0,0.0,0.0,0.0,0.0,0.0,0.0,0.0,0.0,0.0,0.0,0.0,0.0,0.0,0.0,0.0,0.0,0.0,0.0,0.0,0.0,0.509335241531303,0.2522822492100118,0.22048129829431204,0.01255052608763377,0.003579724086023242,0.0011544305491500238,0.00043620466544332386,0.00013856676210228993,3.056834997041863e-05,7.901447951873492e-06,2.039633782179791e-06,1.1393825742417006e-06,8.808750014771922e-08,9.579946208177423e-09,1.2332295450655365e-08]",1.0,1.0000000000000002,0.3030618848682958,0.12473293381629254,False,0.28949364271796973,"{""all_recovered_sources_strict_prior"":true,""current_captured_at_utc"":""2026-06-21T22:11:47.069764+00:00"",""recovered_source_captured_at_utc"":[""2026-06-21T22:10:37.576514+00:00""]}",2c660bfe2f6873c8382d28179b35e009af9605e6e828e3fac069755caf9afdbc
B,dallas,2026-06-21,20260621T181733-0400,2026-06-21T22:17:33.097256+00:00,17:17:32.686193,1037,settlement_window,F,M5_cutoff_change,1,DEFINED,DEFINED,hgb,hgb,"[45,46,47,48,49,50,51,52,53,54,55,56,57,58,59,60,61,62,63,64,65,66,67,68,69,70,71,72,73,74,75,76,77,78,79,80,81,82,83,84,85,86,87,88,89,90,91,92,93,94,95,96,97,98,99,100,101,102,103,104,105]","[0.0,0.0,0.0,0.0,0.0,0.0,0.0,0.0,0.0,0.0,0.0,0.0,0.0,0.0,0.0,0.0,0.0,0.0,0.0,0.0,0.0,0.0,0.0,0.0,0.0,0.0,0.0,0.0,0.0,0.0,0.0,0.0,0.0,0.0,0.0,0.0,0.0,0.0,0.0,0.0,0.0,0.0,0.0,0.0,0.007541416457349434,0.12473293381629254,0.5132547785713922,0.14714632738732816,0.17420784300779368,0.027651012978728528,0.003487186857691558,0.0013290153892649217,0.0004943510820467619,0.00011074686258994554,3.005500123990209e-05,1.1738420555553578e-05,1.7823850652422773e-06,7.109967418166756e-07,8.070909607454863e-08,8.777508699965293e-09,1.1299315075096204e-08]","[0.0,0.0,0.0,0.0,0.0,0.0,0.0,0.0,0.0,0.0,0.0,0.0,0.0,0.0,0.0,0.0,0.0,0.0,0.0,0.0,0.0,0.0,0.0,0.0,0.0,0.0,0.0,0.0,0.0,0.0,0.0,0.0,0.0,0.0,0.0,0.0,0.0,0.0,0.0,0.0,0.0,0.0,0.0,0.0,0.0,0.0,0.5117237258553642,0.25105417609679787,0.21940802756183034,0.012489431961141804,0.003562298512418537,0.0011488109499791612,0.00043408128489171206,0.00013789223935859393,3.0419547710919443e-05,7.862984858193533e-06,2.029705143060148e-06,1.1338362264131384e-06,8.765870307269556e-08,9.533312430330829e-09,1.2272263639005576e-08]",1.0,1.0,0.2984226673587896,0.12473293381629254,False,0.2908405025500621,"{""all_recovered_sources_strict_prior"":true,""current_captured_at_utc"":""2026-06-21T22:17:33.097256+00:00"",""recovered_source_captured_at_utc"":[""2026-06-21T22:15:41.397858+00:00""]}",6b64d802582ad7da03373bdb84f9b3b7dcb45268e0863177aac55a17ebf87324
B,houston,2026-06-21,20260621T131737-0400,2026-06-21T17:17:37.102948+00:00,12:17:36.740039,737,settlement_window,F,M5_cutoff_change,1,DEFINED,DEFINED,hgb,hgb,"[46,47,48,49,50,51,52,53,54,55,56,57,58,59,60,61,62,63,64,65,66,67,68,69,70,71,72,73,74,75,76,77,78,79,80,81,82,83,84,85,86,87,88,89,90,91,92,93,94,95,96,97,98,99,100,101,102]","[0.0,0.0,0.0,0.0,0.0,0.0,0.0,0.0,0.0,0.0,0.0,0.0,0.0,0.0,0.0,0.0,0.0,0.0,0.0,0.0,0.0,0.0,0.0,0.0,0.0,0.0,0.0,0.0,0.0,0.0,0.0,0.0,0.0016838934593382262,0.0006359663023210123,0.017284038723940045,0.22165694136109776,0.003459271430384246,0.049095351379503153,0.03772752331492608,0.012524173473942631,0.03321012615603232,0.05352556124958444,0.10249233043147905,0.3226669110613253,0.052866519805104144,0.05001491964059192,0.02935650080135758,0.007931572897745001,0.003070335659196722,0.0006228926441364282,0.00012904461943112725,3.7135192960479534e-05,6.922931752125821e-06,1.7415929779764848e-06,2.7094995767570966e-07,4.682776228818552e-08,8.093152476308344e-09]","[0.0,0.0,0.0,0.0,0.0,0.0,0.0,0.0,0.0,0.0,0.0,0.0,0.0,0.0,0.0,0.0,0.0,0.0,0.0,0.0,0.0,0.0,0.0,0.0,0.0,0.0,0.0,0.0,0.0,0.0,0.0,0.0,0.0,0.0,0.0,0.033426351140127264,0.002177890589302186,0.10044891057105813,0.038086443468562714,0.006434432036343291,0.11621789715025388,0.0995301884427599,0.03543531299063958,0.4239164297286821,0.05529881592872217,0.05029456551339309,0.030024344339158904,0.006287736181214703,0.0020004675214078125,0.0003402211282017755,6.112445271905667e-05,1.578235598907147e-05,2.5820608380937643e-06,4.407918196849787e-07,5.48540931163529e-08,7.679573036289409e-09,1.0751402250805173e-09]",1.0,1.0,0.5707083634683324,0.1882305902209705,False,0.4218177487837502,"{""all_recovered_sources_strict_prior"":true,""current_captured_at_utc"":""2026-06-21T17:17:37.102948+00:00"",""recovered_source_captured_at_utc"":[""2026-06-21T17:16:43.548529+00:00""]}",f14798961b08777c0f0c722c927301508f2f94fdcc3afed2487bb9882074d80e
B,houston,2026-06-21,20260621T131937-0400,2026-06-21T17:19:37.825459+00:00,12:19:37.438366,739,settlement_window,F,M5_cutoff_change,1,DEFINED,DEFINED,hgb,hgb,"[46,47,48,49,50,51,52,53,54,55,56,57,58,59,60,61,62,63,64,65,66,67,68,69,70,71,72,73,74,75,76,77,78,79,80,81,82,83,84,85,86,87,88,89,90,91,92,93,94,95,96,97,98,99,100,101,102]","[0.0,0.0,0.0,0.0,0.0,0.0,0.0,0.0,0.0,0.0,0.0,0.0,0.0,0.0,0.0,0.0,0.0,0.0,0.0,0.0,0.0,0.0,0.0,0.0,0.0,0.0,0.0,0.0,0.0,0.0,0.0,0.0,0.0016838934593382262,0.0006359663023210123,0.017284038723940045,0.22165694136109776,0.003459271430384246,0.049095351379503153,0.03772752331492608,0.012524173473942631,0.03321012615603232,0.05352556124958444,0.10249233043147905,0.3226669110613253,0.052866519805104144,0.05001491964059192,0.02935650080135758,0.007931572897745001,0.003070335659196722,0.0006228926441364282,0.00012904461943112725,3.7135192960479534e-05,6.922931752125821e-06,1.7415929779764848e-06,2.7094995767570966e-07,4.682776228818552e-08,8.093152476308344e-09]","[0.0,0.0,0.0,0.0,0.0,0.0,0.0,0.0,0.0,0.0,0.0,0.0,0.0,0.0,0.0,0.0,0.0,0.0,0.0,0.0,0.0,0.0,0.0,0.0,0.0,0.0,0.0,0.0,0.0,0.0,0.0,0.0,0.0,0.0,0.0,0.033426351140127264,0.002177890589302186,0.10044891057105813,0.038086443468562714,0.006434432036343291,0.11621789715025388,0.0995301884427599,0.03543531299063958,0.4239164297286821,0.05529881592872217,0.05029456551339309,0.030024344339158904,0.006287736181214703,0.0020004675214078125,0.0003402211282017755,6.112445271905667e-05,1.578235598907147e-05,2.5820608380937643e-06,4.407918196849787e-07,5.48540931163529e-08,7.679573036289409e-09,1.0751402250805173e-09]",1.0,1.0,0.5707083634683324,0.1882305902209705,False,0.4218177487837502,"{""all_recovered_sources_strict_prior"":true,""current_captured_at_utc"":""2026-06-21T17:19:37.825459+00:00"",""recovered_source_captured_at_utc"":[""2026-06-21T17:18:42.704064+00:00""]}",3db54186a68c5b551e6f2bac93f43890276ec2ebf494a65865bf4a21fc8ff0bd
B,houston,2026-06-21,20260621T132435-0400,2026-06-21T17:24:35.663432+00:00,12:24:35.074379,744,settlement_window,F,M5_cutoff_change,1,DEFINED,DEFINED,hgb,hgb,"[46,47,48,49,50,51,52,53,54,55,56,57,58,59,60,61,62,63,64,65,66,67,68,69,70,71,72,73,74,75,76,77,78,79,80,81,82,83,84,85,86,87,88,89,90,91,92,93,94,95,96,97,98,99,100,101,102]","[0.0,0.0,0.0,0.0,0.0,0.0,0.0,0.0,0.0,0.0,0.0,0.0,0.0,0.0,0.0,0.0,0.0,0.0,0.0,0.0,0.0,0.0,0.0,0.0,0.0,0.0,0.0,0.0,0.0,0.0,0.0,0.0,0.0016838934593382262,0.0006359663023210123,0.017284038723940045,0.22165694136109776,0.003459271430384246,0.049095351379503153,0.03772752331492608,0.012524173473942631,0.03321012615603232,0.05352556124958444,0.10249233043147905,0.3226669110613253,0.052866519805104144,0.05001491964059192,0.02935650080135758,0.007931572897745001,0.003070335659196722,0.0006228926441364282,0.00012904461943112725,3.7135192960479534e-05,6.922931752125821e-06,1.7415929779764848e-06,2.7094995767570966e-07,4.682776228818552e-08,8.093152476308344e-09]","[0.0,0.0,0.0,0.0,0.0,0.0,0.0,0.0,0.0,0.0,0.0,0.0,0.0,0.0,0.0,0.0,0.0,0.0,0.0,0.0,0.0,0.0,0.0,0.0,0.0,0.0,0.0,0.0,0.0,0.0,0.0,0.0,0.0,0.0,0.0,0.033426351140127264,0.002177890589302186,0.10044891057105813,0.038086443468562714,0.006434432036343291,0.11621789715025388,0.0995301884427599,0.03543531299063958,0.4239164297286821,0.05529881592872217,0.05029456551339309,0.030024344339158904,0.006287736181214703,0.0020004675214078125,0.0003402211282017755,6.112445271905667e-05,1.578235598907147e-05,2.5820608380937643e-06,4.407918196849787e-07,5.48540931163529e-08,7.679573036289409e-09,1.0751402250805173e-09]",1.0,1.0,0.5707083634683324,0.1882305902209705,False,0.4218177487837502,"{""all_recovered_sources_strict_prior"":true,""current_captured_at_utc"":""2026-06-21T17:24:35.663432+00:00"",""recovered_source_captured_at_utc"":[""2026-06-21T17:23:34.333957+00:00""]}",b567ea7f8f6effbd24cfe84297d6b9ba5fcb6321e72db552239c974a21d1df25
B,houston,2026-06-21,20260621T151551-0400,2026-06-21T19:15:51.830716+00:00,14:15:51.362534,855,peak_heating_window,F,M5_cutoff_change,1,DEFINED,DEFINED,hgb,hgb,"[46,47,48,49,50,51,52,53,54,55,56,57,58,59,60,61,62,63,64,65,66,67,68,69,70,71,72,73,74,75,76,77,78,79,80,81,82,83,84,85,86,87,88,89,90,91,92,93,94,95,96,97,98,99,100,101,102]","[0.0,0.0,0.0,0.0,0.0,0.0,0.0,0.0,0.0,0.0,0.0,0.0,0.0,0.0,0.0,0.0,0.0,0.0,0.0,0.0,0.0,0.0,0.0,0.0,0.0,0.0,0.0,0.0,0.0,0.0,0.0,0.0,0.0,0.0,0.0,0.0,0.0,0.0,0.0,0.0,0.0,0.001000000000096553,0.014170117061857102,0.5364398643466596,0.2778800658612616,0.14113207949345838,0.02236051906802046,0.0054400438957036175,0.0012977000674453533,0.00022229606908227793,4.283208626849819e-05,1.0488177452210866e-05,3.6258334340919023e-06,3.2162667308875254e-07,4.0024652651044754e-08,5.603451371146267e-09,7.844831919604775e-10]","[0.0,0.0,0.0,0.0,0.0,0.0,0.0,0.0,0.0,0.0,0.0,0.0,0.0,0.0,0.0,0.0,0.0,0.0,0.0,0.0,0.0,0.0,0.0,0.0,0.0,0.0,0.0,0.0,0.0,0.0,0.0,0.0,0.0,0.0,0.0,0.0,0.0,0.0,0.0,0.0,0.0,0.0,0.030602433025174194,0.546292961854059,0.1166959603355689,0.24144242004123426,0.04713172392618645,0.011579346338076082,0.004444102091560082,0.0012477965168092259,0.0003214321124679418,0.00020113006509788012,3.0719605649976475e-05,7.944759114480042e-06,1.5992194082783985e-06,3.5243859709914557e-07,7.767099628870333e-08]",1.0000000000000002,1.0,0.3243682110515786,0.16118410552569273,False,0.31039360453411724,"{""all_recovered_sources_strict_prior"":true,""current_captured_at_utc"":""2026-06-21T19:15:51.830716+00:00"",""recovered_source_captured_at_utc"":[""2026-06-21T19:13:54.180978+00:00""]}",adaba6ee8e9ba50a4879977c36e1ea882d9344d249e94ffcf13f6f60bc6f916c
B,houston,2026-06-21,20260621T153739-0400,2026-06-21T19:37:39.003374+00:00,14:37:38.569556,877,peak_heating_window,F,M5_cutoff_change,1,DEFINED,DEFINED,hgb,hgb,"[46,47,48,49,50,51,52,53,54,55,56,57,58,59,60,61,62,63,64,65,66,67,68,69,70,71,72,73,74,75,76,77,78,79,80,81,82,83,84,85,86,87,88,89,90,91,92,93,94,95,96,97,98,99,100,101,102]","[0.0,0.0,0.0,0.0,0.0,0.0,0.0,0.0,0.0,0.0,0.0,0.0,0.0,0.0,0.0,0.0,0.0,0.0,0.0,0.0,0.0,0.0,0.0,0.0,0.0,0.0,0.0,0.0,0.0,0.0,0.0,0.0,0.0,0.0,0.0,0.0,0.0,0.0,0.0,0.0,0.0,0.001000000000117145,0.01441290961798848,0.09440353452340111,0.23547382155694863,0.580860614052067,0.039262988589758685,0.027182578270999184,0.0063337708874918125,0.0008478663330422115,0.00016471549279842572,3.998178864467466e-05,1.591115202077751e-05,1.1428192945586781e-06,1.4221751221174372e-07,1.9910451709644123e-08,2.787463239350178e-09]","[0.0,0.0,0.0,0.0,0.0,0.0,0.0,0.0,0.0,0.0,0.0,0.0,0.0,0.0,0.0,0.0,0.0,0.0,0.0,0.0,0.0,0.0,0.0,0.0,0.0,0.0,0.0,0.0,0.0,0.0,0.0,0.0,0.0,0.0,0.0,0.0,0.0,0.0,0.0,0.0,0.0,0.0,0.021103196494866167,0.2329405366208178,0.08179660537729705,0.5602390095444817,0.05971210484801658,0.02906946335856532,0.010895721023343923,0.00293404511559028,0.0007857866030564143,0.0004356907382886312,6.286416009079977e-05,1.989447252036091e-05,4.004605566207172e-06,8.825415451960213e-07,1.9449595375123816e-07]",1.0,1.0,0.3505976413747084,0.15367721617965158,False,0.28286913726426893,"{""all_recovered_sources_strict_prior"":true,""current_captured_at_utc"":""2026-06-21T19:37:39.003374+00:00"",""recovered_source_captured_at_utc"":[""2026-06-21T19:35:50.194738+00:00""]}",9d462072092f798e2f58ac37ce07237ac21c6e651c075c1301e55faedcdd7da3
B,los-angeles,2026-06-21,20260621T151555-0400,2026-06-21T19:15:55.396588+00:00,12:15:55.040627,735,settlement_window,F,M5_cutoff_change,1,DEFINED,DEFINED,hgb,hgb,"[46,47,48,49,50,51,52,53,54,55,56,57,58,59,60,61,62,63,64,65,66,67,68,69,70,71,72,73,74,75,76,77,78,79,80,81,82,83,84,85,86,87,88,89,90,91,92,93]","[0.0,0.0,0.0,0.0,0.0,0.0,0.0,0.0,0.0,0.0,0.0,0.0,0.0,0.0,0.0,0.0,0.0,0.0,0.0,0.0,0.0,0.0010000000000273135,0.2587969435153441,0.10308700153103173,0.24073256986482916,0.33235287350415693,0.05412523592401957,0.008192736453745806,0.001368985841986002,0.00031046805797471297,1.8991248024870703e-05,1.1634269386819904e-05,2.2796068165462747e-06,2.1139160926740807e-07,4.4392237946155705e-08,2.2196219938627834e-08,1.1601171516595355e-09,9.241269357655775e-10,9.095318469010759e-11,5.615449622767243e-12,2.0595930106323813e-11,4.4025125042495195e-13,5.590492068888279e-13,1.5653377792887184e-13,9.664395449328549e-15,1.360444865380302e-14,7.576886032273583e-16,9.62144258066487e-16]","[0.0,0.0,0.0,0.0,0.0,0.0,0.0,0.0,0.0,0.0,0.0,0.0,0.0,0.0,0.0,0.0,0.0,0.0,0.0,0.0,0.0,0.0,0.0,0.1188739190744584,0.31619996423813224,0.27498531162793394,0.27325903800407986,0.012486997776521364,0.003299754576727043,0.0007054809883925568,0.00012054923580467108,4.5779919102059844e-05,1.8711608855507238e-05,3.074897700545997e-06,9.067463831050206e-07,4.249376365591206e-07,5.2358128748465e-08,2.2491532452785525e-08,7.141948539575533e-09,8.081057984329034e-10,3.2618769544676502e-09,1.1023025774406803e-10,1.3288682232921732e-10,4.907928377980913e-11,5.553281934982255e-12,7.2594119748052975e-12,7.574994514402021e-13,9.131947713642246e-13]",1.0,1.0,0.6343290107831887,0.2587969435153441,True,0.5331490410126117,"{""all_recovered_sources_strict_prior"":true,""current_captured_at_utc"":""2026-06-21T19:15:55.396588+00:00"",""recovered_source_captured_at_utc"":[""2026-06-21T19:13:58.442428+00:00""]}",c11644440563d138e2953714d2bd44756fc3a12a5b6c462741427bca869325f9
B,los-angeles,2026-06-21,20260621T153742-0400,2026-06-21T19:37:42.784295+00:00,12:37:42.288115,757,settlement_window,F,M5_cutoff_change,1,DEFINED,DEFINED,hgb,hgb,"[46,47,48,49,50,51,52,53,54,55,56,57,58,59,60,61,62,63,64,65,66,67,68,69,70,71,72,73,74,75,76,77,78,79,80,81,82,83,84,85,86,87,88,89,90,91,92,93]","[0.0,0.0,0.0,0.0,0.0,0.0,0.0,0.0,0.0,0.0,0.0,0.0,0.0,0.0,0.0,0.0,0.0,0.0,0.0,0.0,0.0,0.001000000000027382,0.25961277803992017,0.10074170511890311,0.2412977349612327,0.33321929774499975,0.05420818640534092,0.008204707307339746,0.001371321450200248,0.000311033441846457,1.9013144988155788e-05,1.1657985869754894e-05,2.2839337442336725e-06,2.1157815755193292e-07,4.4431413085905915e-08,2.224940914551297e-08,1.1611409286450076e-09,9.270018417541455e-10,9.103344880576864e-11,5.620405129268156e-12,2.0629142168686383e-11,4.4063976213462335e-13,5.595425550915855e-13,1.5667191542564392e-13,9.672924058379254e-15,1.3644282301127665e-14,7.583572461769338e-16,9.629933284786465e-16]","[0.0,0.0,0.0,0.0,0.0,0.0,0.0,0.0,0.0,0.0,0.0,0.0,0.0,0.0,0.0,0.0,0.0,0.0,0.0,0.0,0.0,0.0,0.0,0.1188688978932182,0.3161951914898144,0.27498552400015075,0.2732716895385713,0.012484554409493616,0.0032993310809283074,0.0007053161682238477,0.00012052676856252524,4.57684858963767e-05,1.8708871136568664e-05,3.0740302736580554e-06,9.064905904673964e-07,4.248952824406164e-07,5.234335855020098e-08,2.2491792808851293e-08,7.139933799965037e-09,8.078778322479675e-10,2.7882989304718085e-09,1.1019916185121444e-10,1.3284933503241366e-10,4.906543854184109e-11,5.551715357315016e-12,7.259987353649481e-12,7.572857612768958e-13,9.12937159639949e-13]",1.0,0.9999999999999999,0.6376931035695931,0.25961277803992017,True,0.5339802835162775,"{""all_recovered_sources_strict_prior"":true,""current_captured_at_utc"":""2026-06-21T19:37:42.784295+00:00"",""recovered_source_captured_at_utc"":[""2026-06-21T19:35:55.051767+00:00""]}",fe20932c84647a670fe61bd4ea10ffc2ec976a3b15222fc72e4f449c171dadbe
B,los-angeles,2026-06-21,20260621T154531-0400,2026-06-21T19:45:31.756706+00:00,12:45:31.363220,765,settlement_window,F,M5_cutoff_change,1,DEFINED,DEFINED,hgb,hgb,"[46,47,48,49,50,51,52,53,54,55,56,57,58,59,60,61,62,63,64,65,66,67,68,69,70,71,72,73,74,75,76,77,78,79,80,81,82,83,84,85,86,87,88,89,90,91,92,93]","[0.0,0.0,0.0,0.0,0.0,0.0,0.0,0.0,0.0,0.0,0.0,0.0,0.0,0.0,0.0,0.0,0.0,0.0,0.0,0.0,0.0,0.001000000000027382,0.25961277803992017,0.10074170511890311,0.2412977349612327,0.33321929774499975,0.05420818640534092,0.008204707307339746,0.001371321450200248,0.000311033441846457,1.9013144988155788e-05,1.1657985869754894e-05,2.2839337442336725e-06,2.1157815755193292e-07,4.4431413085905915e-08,2.224940914551297e-08,1.1611409286450076e-09,9.270018417541455e-10,9.103344880576864e-11,5.620405129268156e-12,2.0629142168686383e-11,4.4063976213462335e-13,5.595425550915855e-13,1.5667191542564392e-13,9.672924058379254e-15,1.3644282301127665e-14,7.583572461769338e-16,9.629933284786465e-16]","[0.0,0.0,0.0,0.0,0.0,0.0,0.0,0.0,0.0,0.0,0.0,0.0,0.0,0.0,0.0,0.0,0.0,0.0,0.0,0.0,0.0,0.0,0.0,0.1188688978932182,0.3161951914898144,0.27498552400015075,0.2732716895385713,0.012484554409493616,0.0032993310809283074,0.0007053161682238477,0.00012052676856252524,4.57684858963767e-05,1.8708871136568664e-05,3.0740302736580554e-06,9.064905904673964e-07,4.248952824406164e-07,5.234335855020098e-08,2.2491792808851293e-08,7.139933799965037e-09,8.078778322479675e-10,2.7882989304718085e-09,1.1019916185121444e-10,1.3284933503241366e-10,4.906543854184109e-11,5.551715357315016e-12,7.259987353649481e-12,7.572857612768958e-13,9.12937159639949e-13]",1.0,0.9999999999999999,0.6376931035695931,0.25961277803992017,True,0.5339802835162775,"{""all_recovered_sources_strict_prior"":true,""current_captured_at_utc"":""2026-06-21T19:45:31.756706+00:00"",""recovered_source_captured_at_utc"":[""2026-06-21T19:40:52.998160+00:00""]}",1de12252ff56e480f277336899603e0b020a6256512e0385f62ad9de33181f74
B,los-angeles,2026-06-21,20260621T160241-0400,2026-06-21T20:02:41.982278+00:00,13:02:41.528032,782,settlement_window,F,M5_cutoff_change,1,DEFINED,DEFINED,hgb,hgb,"[46,47,48,49,50,51,52,53,54,55,56,57,58,59,60,61,62,63,64,65,66,67,68,69,70,71,72,73,74,75,76,77,78,79,80,81,82,83,84,85,86,87,88,89,90,91,92,93]","[0.0,0.0,0.0,0.0,0.0,0.0,0.0,0.0,0.0,0.0,0.0,0.0,0.0,0.0,0.0,0.0,0.0,0.0,0.0,0.0,0.0,0.0,0.0,0.053725277624858084,0.2793108512298554,0.3017577623763058,0.3465476648251228,0.014280273811417646,0.003451978609760481,0.0007301074587231971,0.00012471760978901187,4.7359698910814265e-05,1.9359314491452037e-05,3.180903659873509e-06,9.380061288164596e-07,4.396674412138494e-07,5.4163155844353894e-08,2.3273756367969273e-08,7.388164570200114e-09,8.359649465228562e-10,2.8852385593990277e-09,1.1403040505205771e-10,1.3746804630960723e-10,5.077127390984166e-11,5.744729272833248e-12,7.512392545344479e-12,7.836139644614603e-13,9.446768228725068e-13]","[0.0,0.0,0.0,0.0,0.0,0.0,0.0,0.0,0.0,0.0,0.0,0.0,0.0,0.0,0.0,0.0,0.0,0.0,0.0,0.0,0.0,0.0,0.0,0.0,0.28214694847032074,0.4456495744388681,0.25726466559243316,0.01149681164043888,0.002641639212493573,0.000628691792815701,0.00010084182923973178,4.442850230537348e-05,2.2109497075324123e-05,2.9773180012154236e-06,8.779714292531238e-07,3.5116718580360757e-07,5.0696580639114297e-08,2.0695793322507823e-08,6.9153038642086785e-09,7.824611336284739e-10,3.1786440486169538e-09,1.0673217863532471e-10,1.2866975320019106e-10,4.7521787491804006e-11,5.377052468415771e-12,8.691787086920404e-12,7.334607431926009e-13,8.842151824809285e-13]",1.0,1.0,0.2934613195603926,0.1438918120625623,True,0.23083073134950788,"{""all_recovered_sources_strict_prior"":true,""current_captured_at_utc"":""2026-06-21T20:02:41.982278+00:00"",""recovered_source_captured_at_utc"":[""2026-06-21T20:01:47.741971+00:00""]}",7be39e94bda500e173e660336de2b1e614f1b0ce369ec9868373e4537bfb115f
B,los-angeles,2026-06-21,20260621T161545-0400,2026-06-21T20:15:45.937690+00:00,13:15:45.562988,795,settlement_window,F,M5_cutoff_change,1,DEFINED,DEFINED,hgb,hgb,"[46,47,48,49,50,51,52,53,54,55,56,57,58,59,60,61,62,63,64,65,66,67,68,69,70,71,72,73,74,75,76,77,78,79,80,81,82,83,84,85,86,87,88,89,90,91,92,93]","[0.0,0.0,0.0,0.0,0.0,0.0,0.0,0.0,0.0,0.0,0.0,0.0,0.0,0.0,0.0,0.0,0.0,0.0,0.0,0.0,0.0,0.0,0.0,0.06552663551467042,0.3353371407717735,0.2916327061691225,0.2898151189205804,0.013240349291093152,0.003499067287914729,0.0007480148767534539,0.00012782326564102876,4.853923655710813e-05,1.984147616048296e-05,3.260127131463892e-06,9.613680755598887e-07,4.506177607246798e-07,5.5512141446279984e-08,2.3853409837809916e-08,7.57217392996676e-09,8.567854592679941e-10,2.957098071466182e-09,1.1687044219906349e-10,1.4089182050270385e-10,5.203578142289423e-11,5.887807292479758e-12,7.699495333060673e-12,8.031306255394163e-13,9.682049096810077e-13]","[0.0,0.0,0.0,0.0,0.0,0.0,0.0,0.0,0.0,0.0,0.0,0.0,0.0,0.0,0.0,0.0,0.0,0.0,0.0,0.0,0.0,0.0,0.0,0.0,0.34798662318134876,0.445271062619613,0.19251132883473598,0.01070680178023741,0.0027005714919902586,0.0006469875440713254,0.00010355709866479103,4.5579233545726525e-05,2.3098742853254666e-05,3.0421509395750035e-06,8.970897993872668e-07,3.6504693662946936e-07,5.1800529994298334e-08,2.1884808947329356e-08,7.065888876956164e-09,7.994997080852942e-10,3.329097375245019e-09,1.0905633774618485e-10,1.314716165465219e-10,4.855660376535548e-11,5.494141106948495e-12,9.207396514464945e-12,7.494323038835319e-13,9.034695141979407e-13]",1.0,1.0,0.33258219300053127,0.1536383564504905,True,0.2651762562967598,"{""all_recovered_sources_strict_prior"":true,""current_captured_at_utc"":""2026-06-21T20:15:45.937690+00:00"",""recovered_source_captured_at_utc"":[""2026-06-21T20:12:05.874622+00:00""]}",99db1f3209cda7f37bb6f2ff5669ceccf3747eb250258094f9fe0499f3bb99e2
B,los-angeles,2026-06-21,20260621T161938-0400,2026-06-21T20:19:38.994039+00:00,13:19:38.658904,799,settlement_window,F,M5_cutoff_change,1,DEFINED,DEFINED,hgb,hgb,"[46,47,48,49,50,51,52,53,54,55,56,57,58,59,60,61,62,63,64,65,66,67,68,69,70,71,72,73,74,75,76,77,78,79,80,81,82,83,84,85,86,87,88,89,90,91,92,93]","[0.0,0.0,0.0,0.0,0.0,0.0,0.0,0.0,0.0,0.0,0.0,0.0,0.0,0.0,0.0,0.0,0.0,0.0,0.0,0.0,0.0,0.0,0.0,0.06552663551467042,0.3353371407717735,0.2916327061691225,0.2898151189205804,0.013240349291093152,0.003499067287914729,0.0007480148767534539,0.00012782326564102876,4.853923655710813e-05,1.984147616048296e-05,3.260127131463892e-06,9.613680755598887e-07,4.506177607246798e-07,5.5512141446279984e-08,2.3853409837809916e-08,7.57217392996676e-09,8.567854592679941e-10,2.957098071466182e-09,1.1687044219906349e-10,1.4089182050270385e-10,5.203578142289423e-11,5.887807292479758e-12,7.699495333060673e-12,8.031306255394163e-13,9.682049096810077e-13]","[0.0,0.0,0.0,0.0,0.0,0.0,0.0,0.0,0.0,0.0,0.0,0.0,0.0,0.0,0.0,0.0,0.0,0.0,0.0,0.0,0.0,0.0,0.0,0.0,0.34798662318134876,0.445271062619613,0.19251132883473598,0.01070680178023741,0.0027005714919902586,0.0006469875440713254,0.00010355709866479103,4.5579233545726525e-05,2.3098742853254666e-05,3.0421509395750035e-06,8.970897993872668e-07,3.6504693662946936e-07,5.1800529994298334e-08,2.1884808947329356e-08,7.065888876956164e-09,7.994997080852942e-10,3.329097375245019e-09,1.0905633774618485e-10,1.314716165465219e-10,4.855660376535548e-11,5.494141106948495e-12,9.207396514464945e-12,7.494323038835319e-13,9.034695141979407e-13]",1.0,1.0,0.33258219300053127,0.1536383564504905,True,0.2651762562967598,"{""all_recovered_sources_strict_prior"":true,""current_captured_at_utc"":""2026-06-21T20:19:38.994039+00:00"",""recovered_source_captured_at_utc"":[""2026-06-21T20:18:48.950587+00:00""]}",1d4bacce402954c71fccde8b5e39d80815a9ed458452b8f378c997a98f90b0a1
B,los-angeles,2026-06-21,20260621T162924-0400,2026-06-21T20:29:24.308914+00:00,13:29:23.630361,809,settlement_window,F,M5_cutoff_change,1,DEFINED,DEFINED,hgb,hgb,"[46,47,48,49,50,51,52,53,54,55,56,57,58,59,60,61,62,63,64,65,66,67,68,69,70,71,72,73,74,75,76,77,78,79,80,81,82,83,84,85,86,87,88,89,90,91,92,93]","[0.0,0.0,0.0,0.0,0.0,0.0,0.0,0.0,0.0,0.0,0.0,0.0,0.0,0.0,0.0,0.0,0.0,0.0,0.0,0.0,0.0,0.0,0.0,0.06552663551467042,0.3353371407717735,0.2916327061691225,0.2898151189205804,0.013240349291093152,0.003499067287914729,0.0007480148767534539,0.00012782326564102876,4.853923655710813e-05,1.984147616048296e-05,3.260127131463892e-06,9.613680755598887e-07,4.506177607246798e-07,5.5512141446279984e-08,2.3853409837809916e-08,7.57217392996676e-09,8.567854592679941e-10,2.957098071466182e-09,1.1687044219906349e-10,1.4089182050270385e-10,5.203578142289423e-11,5.887807292479758e-12,7.699495333060673e-12,8.031306255394163e-13,9.682049096810077e-13]","[0.0,0.0,0.0,0.0,0.0,0.0,0.0,0.0,0.0,0.0,0.0,0.0,0.0,0.0,0.0,0.0,0.0,0.0,0.0,0.0,0.0,0.0,0.0,0.0,0.34798662318134876,0.445271062619613,0.19251132883473598,0.01070680178023741,0.0027005714919902586,0.0006469875440713254,0.00010355709866479103,4.5579233545726525e-05,2.3098742853254666e-05,3.0421509395750035e-06,8.970897993872668e-07,3.6504693662946936e-07,5.1800529994298334e-08,2.1884808947329356e-08,7.065888876956164e-09,7.994997080852942e-10,3.329097375245019e-09,1.0905633774618485e-10,1.314716165465219e-10,4.855660376535548e-11,5.494141106948495e-12,9.207396514464945e-12,7.494323038835319e-13,9.034695141979407e-13]",1.0,1.0,0.33258219300053127,0.1536383564504905,True,0.2651762562967598,"{""all_recovered_sources_strict_prior"":true,""current_captured_at_utc"":""2026-06-21T20:29:24.308914+00:00"",""recovered_source_captured_at_utc"":[""2026-06-21T20:28:30.563715+00:00""]}",837d4672f00fcacae545df14b87e0daf2083f12a8196a7a2487ce8483015dc3a
B,los-angeles,2026-06-21,20260621T163832-0400,2026-06-21T20:38:32.187088+00:00,13:38:31.746047,818,settlement_window,F,M5_cutoff_change,1,DEFINED,DEFINED,hgb,hgb,"[46,47,48,49,50,51,52,53,54,55,56,57,58,59,60,61,62,63,64,65,66,67,68,69,70,71,72,73,74,75,76,77,78,79,80,81,82,83,84,85,86,87,88,89,90,91,92,93]","[0.0,0.0,0.0,0.0,0.0,0.0,0.0,0.0,0.0,0.0,0.0,0.0,0.0,0.0,0.0,0.0,0.0,0.0,0.0,0.0,0.0,0.0,0.0,0.06552663551467042,0.3353371407717735,0.2916327061691225,0.2898151189205804,0.013240349291093152,0.003499067287914729,0.0007480148767534539,0.00012782326564102876,4.853923655710813e-05,1.984147616048296e-05,3.260127131463892e-06,9.613680755598887e-07,4.506177607246798e-07,5.5512141446279984e-08,2.3853409837809916e-08,7.57217392996676e-09,8.567854592679941e-10,2.957098071466182e-09,1.1687044219906349e-10,1.4089182050270385e-10,5.203578142289423e-11,5.887807292479758e-12,7.699495333060673e-12,8.031306255394163e-13,9.682049096810077e-13]","[0.0,0.0,0.0,0.0,0.0,0.0,0.0,0.0,0.0,0.0,0.0,0.0,0.0,0.0,0.0,0.0,0.0,0.0,0.0,0.0,0.0,0.0,0.0,0.0,0.34798662318134876,0.445271062619613,0.19251132883473598,0.01070680178023741,0.0027005714919902586,0.0006469875440713254,0.00010355709866479103,4.5579233545726525e-05,2.3098742853254666e-05,3.0421509395750035e-06,8.970897993872668e-07,3.6504693662946936e-07,5.1800529994298334e-08,2.1884808947329356e-08,7.065888876956164e-09,7.994997080852942e-10,3.329097375245019e-09,1.0905633774618485e-10,1.314716165465219e-10,4.855660376535548e-11,5.494141106948495e-12,9.207396514464945e-12,7.494323038835319e-13,9.034695141979407e-13]",1.0,1.0,0.33258219300053127,0.1536383564504905,True,0.2651762562967598,"{""all_recovered_sources_strict_prior"":true,""current_captured_at_utc"":""2026-06-21T20:38:32.187088+00:00"",""recovered_source_captured_at_utc"":[""2026-06-21T20:36:33.617400+00:00""]}",edfe59a78b0aabade2731ca7dc586c3a80e328d6594d2465838c53f8a90f5b10
B,los-angeles,2026-06-21,20260621T164335-0400,2026-06-21T20:43:35.573441+00:00,13:43:35.136844,823,settlement_window,F,M5_cutoff_change,1,DEFINED,DEFINED,hgb,hgb,"[46,47,48,49,50,51,52,53,54,55,56,57,58,59,60,61,62,63,64,65,66,67,68,69,70,71,72,73,74,75,76,77,78,79,80,81,82,83,84,85,86,87,88,89,90,91,92,93]","[0.0,0.0,0.0,0.0,0.0,0.0,0.0,0.0,0.0,0.0,0.0,0.0,0.0,0.0,0.0,0.0,0.0,0.0,0.0,0.0,0.0,0.0,0.0,0.06552663551467042,0.3353371407717735,0.2916327061691225,0.2898151189205804,0.013240349291093152,0.003499067287914729,0.0007480148767534539,0.00012782326564102876,4.853923655710813e-05,1.984147616048296e-05,3.260127131463892e-06,9.613680755598887e-07,4.506177607246798e-07,5.5512141446279984e-08,2.3853409837809916e-08,7.57217392996676e-09,8.567854592679941e-10,2.957098071466182e-09,1.1687044219906349e-10,1.4089182050270385e-10,5.203578142289423e-11,5.887807292479758e-12,7.699495333060673e-12,8.031306255394163e-13,9.682049096810077e-13]","[0.0,0.0,0.0,0.0,0.0,0.0,0.0,0.0,0.0,0.0,0.0,0.0,0.0,0.0,0.0,0.0,0.0,0.0,0.0,0.0,0.0,0.0,0.0,0.0,0.34798662318134876,0.445271062619613,0.19251132883473598,0.01070680178023741,0.0027005714919902586,0.0006469875440713254,0.00010355709866479103,4.5579233545726525e-05,2.3098742853254666e-05,3.0421509395750035e-06,8.970897993872668e-07,3.6504693662946936e-07,5.1800529994298334e-08,2.1884808947329356e-08,7.065888876956164e-09,7.994997080852942e-10,3.329097375245019e-09,1.0905633774618485e-10,1.314716165465219e-10,4.855660376535548e-11,5.494141106948495e-12,9.207396514464945e-12,7.494323038835319e-13,9.034695141979407e-13]",1.0,1.0,0.33258219300053127,0.1536383564504905,True,0.2651762562967598,"{""all_recovered_sources_strict_prior"":true,""current_captured_at_utc"":""2026-06-21T20:43:35.573441+00:00"",""recovered_source_captured_at_utc"":[""2026-06-21T20:42:38.657028+00:00""]}",ff067f4767ae10abe2fb70455dae9002f723ce80ead46b1ed7ac55f71d60494d
B,miami,2026-06-21,20260621T124247-0400,2026-06-21T16:42:47.287831+00:00,12:42:44.685922,762,settlement_window,F,M5_cutoff_change,1,DEFINED,DEFINED,hgb,hgb,"[46,47,48,49,50,51,52,53,54,55,56,57,58,59,60,61,62,63,64,65,66,67,68,69,70,71,72,73,74,75,76,77,78,79,80,81,82,83,84,85,86,87,88,89,90,91,92,93,94,95,96,97,98,99,100]","[0.0,0.0,0.0,0.0,0.0,0.0,0.0,0.0,0.0,0.0,0.0,0.0,0.0,0.0,0.0,0.0,0.0,0.0,0.0,0.0,0.0,0.0,0.0,0.0,0.0,0.0,0.0,0.0,0.0,0.0,0.0,0.0,0.0,0.0,0.0,0.0,0.0,0.0,0.0,0.0,0.0,0.0,0.0,0.0033529866652768758,0.010307090043413585,0.17587060931546855,0.4886533380667727,0.1541933671973518,0.08528719260754526,0.08141060634136124,0.0005590812039086656,0.0003200693469363226,3.949633774201644e-05,4.500644618013979e-06,1.6622296050313983e-06]","[0.0,0.0,0.0,0.0,0.0,0.0,0.0,0.0,0.0,0.0,0.0,0.0,0.0,0.0,0.0,0.0,0.0,0.0,0.0,0.0,0.0,0.0,0.0,0.0,0.0,0.0,0.0,0.0,0.0,0.0,0.0,0.0,0.0,0.0,0.0,0.0,0.0,0.0,0.0,0.0,0.0,0.0,0.0,0.0,0.0,0.028594955341747764,0.45691850936539574,0.1692333017579555,0.29019265889298296,0.05498866255670131,6.098296836770646e-05,8.393017253622473e-06,2.3487981490983166e-06,1.4632925574517672e-07,4.097219061174152e-08]",1.0,1.0,0.4398908016920829,0.2049054662854377,False,0.3125113123389963,"{""all_recovered_sources_strict_prior"":true,""current_captured_at_utc"":""2026-06-21T16:42:47.287831+00:00"",""recovered_source_captured_at_utc"":[""2026-06-21T16:41:00.923011+00:00""]}",2c7ff7cee846d5559f2739cc652c7e30904b482c9d839d5dce42844515e0b3a7
B,miami,2026-06-21,20260621T131743-0400,2026-06-21T17:17:43.488208+00:00,13:17:43.101294,797,settlement_window,F,M5_cutoff_change,1,DEFINED,DEFINED,hgb,hgb,"[46,47,48,49,50,51,52,53,54,55,56,57,58,59,60,61,62,63,64,65,66,67,68,69,70,71,72,73,74,75,76,77,78,79,80,81,82,83,84,85,86,87,88,89,90,91,92,93,94,95,96,97,98,99,100]","[0.0,0.0,0.0,0.0,0.0,0.0,0.0,0.0,0.0,0.0,0.0,0.0,0.0,0.0,0.0,0.0,0.0,0.0,0.0,0.0,0.0,0.0,0.0,0.0,0.0,0.0,0.0,0.0,0.0,0.0,0.0,0.0,0.0,0.0,0.0,0.0,0.0,0.0,0.0,0.0,0.0,0.0,0.0,0.0,0.0,0.010549709124537943,0.26416812248054855,0.22257957519991137,0.429934025101097,0.07266962248126739,8.388074106801261e-05,1.156889266094189e-05,3.237786226671279e-06,2.0171303382223827e-07,5.647964826777979e-08]","[0.0,0.0,0.0,0.0,0.0,0.0,0.0,0.0,0.0,0.0,0.0,0.0,0.0,0.0,0.0,0.0,0.0,0.0,0.0,0.0,0.0,0.0,0.0,0.0,0.0,0.0,0.0,0.0,0.0,0.0,0.0,0.0,0.0,0.0,0.0,0.0,0.0,0.0,0.0,0.0,0.0,0.0,0.0,0.0,0.0,0.0,0.0,0.47194945579103065,0.5118930188476172,0.015687949663316908,0.00036043717717051347,7.649151308716212e-05,2.824045989314671e-05,3.2180286810434593e-06,1.1885192034026748e-06]",1.0,1.0,0.663399008846074,0.26416812248054855,False,0.7037913371220857,"{""all_recovered_sources_strict_prior"":true,""current_captured_at_utc"":""2026-06-21T17:17:43.488208+00:00"",""recovered_source_captured_at_utc"":[""2026-06-21T17:16:52.301346+00:00""]}",0c0e4faf450340d414fdde7e48075f6405d82325e3c77eeda648f47c163c0f17
B,miami,2026-06-21,20260621T131942-0400,2026-06-21T17:19:42.086290+00:00,13:19:41.695081,799,settlement_window,F,M5_cutoff_change,1,DEFINED,DEFINED,hgb,hgb,"[46,47,48,49,50,51,52,53,54,55,56,57,58,59,60,61,62,63,64,65,66,67,68,69,70,71,72,73,74,75,76,77,78,79,80,81,82,83,84,85,86,87,88,89,90,91,92,93,94,95,96,97,98,99,100]","[0.0,0.0,0.0,0.0,0.0,0.0,0.0,0.0,0.0,0.0,0.0,0.0,0.0,0.0,0.0,0.0,0.0,0.0,0.0,0.0,0.0,0.0,0.0,0.0,0.0,0.0,0.0,0.0,0.0,0.0,0.0,0.0,0.0,0.0,0.0,0.0,0.0,0.0,0.0,0.0,0.0,0.0,0.0,0.0,0.0,0.010549709124537943,0.26416812248054855,0.22257957519991137,0.429934025101097,0.07266962248126739,8.388074106801261e-05,1.156889266094189e-05,3.237786226671279e-06,2.0171303382223827e-07,5.647964826777979e-08]","[0.0,0.0,0.0,0.0,0.0,0.0,0.0,0.0,0.0,0.0,0.0,0.0,0.0,0.0,0.0,0.0,0.0,0.0,0.0,0.0,0.0,0.0,0.0,0.0,0.0,0.0,0.0,0.0,0.0,0.0,0.0,0.0,0.0,0.0,0.0,0.0,0.0,0.0,0.0,0.0,0.0,0.0,0.0,0.0,0.0,0.0,0.0,0.47194945579103065,0.5118930188476172,0.015687949663316908,0.00036043717717051347,7.649151308716212e-05,2.824045989314671e-05,3.2180286810434593e-06,1.1885192034026748e-06]",1.0,1.0,0.663399008846074,0.26416812248054855,False,0.7037913371220857,"{""all_recovered_sources_strict_prior"":true,""current_captured_at_utc"":""2026-06-21T17:19:42.086290+00:00"",""recovered_source_captured_at_utc"":[""2026-06-21T17:18:46.430739+00:00""]}",c924af5d571acb1bdcc34ecbd7ab130290bb91fbf7cb28c149343d6b44dd1352
B,miami,2026-06-21,20260621T132439-0400,2026-06-21T17:24:39.824772+00:00,13:24:39.382898,804,settlement_window,F,M5_cutoff_change,1,DEFINED,DEFINED,hgb,hgb,"[46,47,48,49,50,51,52,53,54,55,56,57,58,59,60,61,62,63,64,65,66,67,68,69,70,71,72,73,74,75,76,77,78,79,80,81,82,83,84,85,86,87,88,89,90,91,92,93,94,95,96,97,98,99,100]","[0.0,0.0,0.0,0.0,0.0,0.0,0.0,0.0,0.0,0.0,0.0,0.0,0.0,0.0,0.0,0.0,0.0,0.0,0.0,0.0,0.0,0.0,0.0,0.0,0.0,0.0,0.0,0.0,0.0,0.0,0.0,0.0,0.0,0.0,0.0,0.0,0.0,0.0,0.0,0.0,0.0,0.0,0.0,0.0,0.0,0.011062462254376989,0.18374390978812155,0.266355835985019,0.46075040676523377,0.0779895072593057,8.29756326612977e-05,1.1444059452860066e-05,3.2028491541610365e-06,1.9953646551428245e-07,5.5870209154527086e-08]","[0.0,0.0,0.0,0.0,0.0,0.0,0.0,0.0,0.0,0.0,0.0,0.0,0.0,0.0,0.0,0.0,0.0,0.0,0.0,0.0,0.0,0.0,0.0,0.0,0.0,0.0,0.0,0.0,0.0,0.0,0.0,0.0,0.0,0.0,0.0,0.0,0.0,0.0,0.0,0.0,0.0,0.0,0.0,0.0,0.0,0.0,0.0,0.44649598749429237,0.5366412771078367,0.01638697730421713,0.0003651826638604087,7.749859415492156e-05,2.8612271501459386e-05,3.2603969860931038e-06,1.2041671509998344e-06]",0.9999999999999999,1.0,0.5128178039951744,0.18374390978812155,False,0.5318960785192635,"{""all_recovered_sources_strict_prior"":true,""current_captured_at_utc"":""2026-06-21T17:24:39.824772+00:00"",""recovered_source_captured_at_utc"":[""2026-06-21T17:23:38.591414+00:00""]}",1eec99b6ed25a0b90b14e4fcf31295461b4ecdbb0989a98832c7134c869d549d
B,miami,2026-06-21,20260621T151559-0400,2026-06-21T19:15:59.169134+00:00,15:15:58.791652,915,peak_heating_window,F,M5_cutoff_change,1,DEFINED,DEFINED,hgb,hgb,"[45,46,47,48,49,50,51,52,53,54,55,56,57,58,59,60,61,62,63,64,65,66,67,68,69,70,71,72,73,74,75,76,77,78,79,80,81,82,83,84,85,86,87,88,89,90,91,92,93,94,95,96,97,98,99,100,101]","[0.0,0.0,0.0,0.0,0.0,0.0,0.0,0.0,0.0,0.0,0.0,0.0,0.0,0.0,0.0,0.0,0.0,0.0,0.0,0.0,0.0,0.0,0.0,0.0,0.0,0.0,0.0,0.0,0.0,0.0,0.0,0.0,0.0,0.0,0.0,0.0,0.0,0.0,0.0,0.0,0.0,0.0,0.0,0.0,0.0,0.0,0.0,0.0,0.7999421136767845,0.1397579008425953,0.058873749061467695,0.001088829343133907,0.0002366906885661057,8.575058718463917e-05,9.961331299542633e-06,3.6790330079813824e-06,1.3254359603601726e-06]","[0.0,0.0,0.0,0.0,0.0,0.0,0.0,0.0,0.0,0.0,0.0,0.0,0.0,0.0,0.0,0.0,0.0,0.0,0.0,0.0,0.0,0.0,0.0,0.0,0.0,0.0,0.0,0.0,0.0,0.0,0.0,0.0,0.0,0.0,0.0,0.0,0.0,0.0,0.0,0.0,0.0,0.0,0.0,0.0,0.0,0.0,0.0,0.0,0.0,0.8553957120217828,0.14384146673268094,0.0006440346536730372,9.159634203391722e-05,2.502370479722292e-05,1.5978065904396526e-06,4.473858453231027e-07,1.2135259633638921e-07]",1.0,1.0,1.6012110577008016,0.7999421136767845,True,1.6893698194004423,"{""all_recovered_sources_strict_prior"":true,""current_captured_at_utc"":""2026-06-21T19:15:59.169134+00:00"",""recovered_source_captured_at_utc"":[""2026-06-21T19:14:04.906314+00:00""]}",ce57c1208c19d92be03cbb73f9b8774ca9ef23969dd78676bf691765cdf8fe33
B,nyc,2026-06-21,20260621T124619-0400,2026-06-21T16:46:19.230888+00:00,12:46:18.301839,766,settlement_window,F,M5_cutoff_change,1,DEFINED,DEFINED,hgb,hgb,"[46,47,48,49,50,51,52,53,54,55,56,57,58,59,60,61,62,63,64,65,66,67,68,69,70,71,72,73,74,75,76,77,78,79,80,81,82,83,84,85,86,87,88,89,90,91,92,93,94,95,96,97,98,99,100]","[0.0,0.0,0.0,0.0,0.0,0.0,0.0,0.0,0.0,0.0,0.0,0.0,0.0,0.0,0.0,0.0,0.0,0.0,0.0,0.0,0.0,0.0,0.0,0.0,0.0,0.0,0.0,0.0,0.0,0.0,0.0,0.0018103769080428508,0.016453407221116698,0.041067975868310985,0.09941052829184618,0.5906625565048008,0.10354048189862895,0.033663694474512604,0.03142214088697453,0.0727005017779923,0.006005018836109787,0.002184179109934082,0.000874583482905231,0.00013451914876957345,4.429173653609346e-05,2.1205653241287788e-05,2.782431891485484e-06,1.3006573507344675e-06,3.9835758530521186e-07,4.571663979683092e-08,8.559243395937101e-09,1.479277644292456e-09,8.814903763144231e-10,3.973914117982784e-11,7.706025242400077e-11]","[0.0,0.0,0.0,0.0,0.0,0.0,0.0,0.0,0.0,0.0,0.0,0.0,0.0,0.0,0.0,0.0,0.0,0.0,0.0,0.0,0.0,0.0,0.0,0.0,0.0,0.0,0.0,0.0,0.0,0.0,0.0,0.0,0.0,0.03239985668388557,0.06360910071027878,0.7155263674505205,0.0868306351842034,0.02887330749888325,0.02700543208959717,0.03418900026273564,0.007108986247740383,0.0029540758421738953,0.0010512883539425927,0.00028241207026288384,0.0001054620328923969,4.7039350344282354e-05,1.0116834127225139e-05,4.959723122686699e-06,1.6563897350996226e-06,2.062291058589641e-07,6.932172289716757e-08,1.527723503097974e-08,9.780098805198832e-09,6.771942316699743e-10,1.990197260358465e-09]",0.9999999999999998,1.0,0.2543235497956822,0.12486381094571963,False,0.2255352394013203,"{""all_recovered_sources_strict_prior"":true,""current_captured_at_utc"":""2026-06-21T16:46:19.230888+00:00"",""recovered_source_captured_at_utc"":[""2026-06-21T16:44:19.783969+00:00""]}",cac951295da9b0d82290ae07ba286ba2af3db2350fa41ddcc8af4a2c38b1afa3
B,nyc,2026-06-21,20260621T142920-0400,2026-06-21T18:29:20.003416+00:00,14:29:19.532958,869,peak_heating_window,F,M5_cutoff_change,1,DEFINED,DEFINED,hgb,hgb,"[46,47,48,49,50,51,52,53,54,55,56,57,58,59,60,61,62,63,64,65,66,67,68,69,70,71,72,73,74,75,76,77,78,79,80,81,82,83,84,85,86,87,88,89,90,91,92,93,94,95,96,97,98,99,100]","[0.0,0.0,0.0,0.0,0.0,0.0,0.0,0.0,0.0,0.0,0.0,0.0,0.0,0.0,0.0,0.0,0.0,0.0,0.0,0.0,0.0,0.0,0.0,0.0,0.0,0.0,0.0,0.0,0.0,0.0,0.0,0.0,0.0,0.023105535821893432,0.11807135308830825,0.24825716254976396,0.49016306379643443,0.042356258016729084,0.06734863727600539,0.007139912617184053,0.0022837751451611553,0.000853009192342751,0.00028179498175169966,7.870689824964205e-05,4.208283103578278e-05,1.4046972748954306e-05,2.6705396800634924e-06,1.4247075621986394e-06,4.750622323825241e-07,6.502564883436938e-08,1.829884817317141e-08,4.032730184049947e-09,2.581651691208341e-09,1.7875889275658286e-10,3.8527901922106957e-10]","[0.0,0.0,0.0,0.0,0.0,0.0,0.0,0.0,0.0,0.0,0.0,0.0,0.0,0.0,0.0,0.0,0.0,0.0,0.0,0.0,0.0,0.0,0.0,0.0,0.0,0.0,0.0,0.0,0.0,0.0,0.0,0.0,0.0,0.0,0.2020299640994811,0.17870101371236252,0.527069347155596,0.050748766248502435,0.02781725987837296,0.010404970681230438,0.002108141602084767,0.0007227741138543207,0.00027202153148867084,6.977280491922125e-05,3.413194290757624e-05,1.778818587060853e-05,2.219106373465583e-06,1.2489284119967099e-06,4.82647855773572e-07,7.601491839469686e-08,1.520557470510914e-08,3.3510295019018417e-09,2.145244185958856e-09,1.485411361573e-10,4.953802563371732e-10]",1.0,1.0,0.26505244112853993,0.08395861101117284,False,0.170374041938939,"{""all_recovered_sources_strict_prior"":true,""current_captured_at_utc"":""2026-06-21T18:29:20.003416+00:00"",""recovered_source_captured_at_utc"":[""2026-06-21T18:28:23.414671+00:00""]}",50cc1a5f060a307640c1a7b3210acad44d72c08fc786fe761a71ea915272c0cd
B,nyc,2026-06-21,20260621T150320-0400,2026-06-21T19:03:20.117261+00:00,15:03:19.686108,903,peak_heating_window,F,M5_cutoff_change,1,DEFINED,DEFINED,hgb,hgb,"[45,46,47,48,49,50,51,52,53,54,55,56,57,58,59,60,61,62,63,64,65,66,67,68,69,70,71,72,73,74,75,76,77,78,79,80,81,82,83,84,85,86,87,88,89,90,91,92,93,94,95,96,97,98,99,100]","[0.0,0.0,0.0,0.0,0.0,0.0,0.0,0.0,0.0,0.0,0.0,0.0,0.0,0.0,0.0,0.0,0.0,0.0,0.0,0.0,0.0,0.0,0.0,0.0,0.0,0.0,0.0,0.0,0.0,0.0,0.0,0.0,0.0,0.0,0.0,0.016045184937685416,0.26177444054146876,0.5495398413547097,0.11300696912603998,0.037490377180550344,0.0186224663055009,0.0023389385844296037,0.0007650446435909344,0.0002737068454484225,7.711862129689104e-05,4.0780361694616355e-05,2.074388808153401e-05,2.4978768418713678e-06,1.3203376572066464e-06,4.708603464931365e-07,7.61272977289295e-08,1.4776558478477007e-08,3.885913058662789e-09,1.9764632895172363e-09,7.860316800028594e-10,9.82393023082429e-10]","[0.0,0.0,0.0,0.0,0.0,0.0,0.0,0.0,0.0,0.0,0.0,0.0,0.0,0.0,0.0,0.0,0.0,0.0,0.0,0.0,0.0,0.0,0.0,0.0,0.0,0.0,0.0,0.0,0.0,0.0,0.0,0.0,0.0,0.0,0.0,0.0,0.0,0.6169393693697577,0.27540235383945344,0.09214992456313625,0.009277994662851117,0.003909321953890749,0.002019375111404889,0.0002264674573142384,4.918979119402002e-05,1.8033481233896304e-05,6.322379741895922e-06,1.0089061982003754e-06,5.056386180568065e-07,1.1606877234853508e-07,1.3293175897057391e-08,2.5321098262561224e-09,5.372484159575334e-10,2.451231937315458e-10,7.415989776138193e-11,9.461597760493184e-11]",1.0,1.0,0.5745583478966447,0.26177444054146876,False,0.6033002460797289,"{""all_recovered_sources_strict_prior"":true,""current_captured_at_utc"":""2026-06-21T19:03:20.117261+00:00"",""recovered_source_captured_at_utc"":[""2026-06-21T19:02:31.574571+00:00""]}",2f11f72b2dab3bb232e0374d575dc172a8ccaccebb9dae0f97a487689f1c0aff
B,nyc,2026-06-21,20260621T151529-0400,2026-06-21T19:15:29.603539+00:00,15:15:29.061496,915,peak_heating_window,F,M5_cutoff_change,1,DEFINED,DEFINED,hgb,hgb,"[45,46,47,48,49,50,51,52,53,54,55,56,57,58,59,60,61,62,63,64,65,66,67,68,69,70,71,72,73,74,75,76,77,78,79,80,81,82,83,84,85,86,87,88,89,90,91,92,93,94,95,96,97,98,99,100]","[0.0,0.0,0.0,0.0,0.0,0.0,0.0,0.0,0.0,0.0,0.0,0.0,0.0,0.0,0.0,0.0,0.0,0.0,0.0,0.0,0.0,0.0,0.0,0.0,0.0,0.0,0.0,0.0,0.0,0.0,0.0,0.0,0.0,0.0,0.0,0.016045184937685416,0.26177444054146876,0.5495398413547097,0.11300696912603998,0.037490377180550344,0.0186224663055009,0.0023389385844296037,0.0007650446435909344,0.0002737068454484225,7.711862129689104e-05,4.0780361694616355e-05,2.074388808153401e-05,2.4978768418713678e-06,1.3203376572066464e-06,4.708603464931365e-07,7.61272977289295e-08,1.4776558478477007e-08,3.885913058662789e-09,1.9764632895172363e-09,7.860316800028594e-10,9.82393023082429e-10]","[0.0,0.0,0.0,0.0,0.0,0.0,0.0,0.0,0.0,0.0,0.0,0.0,0.0,0.0,0.0,0.0,0.0,0.0,0.0,0.0,0.0,0.0,0.0,0.0,0.0,0.0,0.0,0.0,0.0,0.0,0.0,0.0,0.0,0.0,0.0,0.0,0.0,0.6182384632254783,0.27481616417447857,0.09183544927991581,0.009204118276611993,0.0037752628704377992,0.0018312151899922417,0.00022475596176824373,4.876110252819701e-05,1.790161649607433e-05,6.275766682325199e-06,9.990180961597395e-07,5.018340004597115e-07,1.1513095927807141e-07,1.3206556037095298e-08,2.505046630758666e-09,5.315063036838111e-10,2.425033164876246e-10,3.2622982629648004e-11,3.431933912974334e-11]",1.0,1.0000000000000002,0.574710767701964,0.26177444054146876,False,0.6045213458250025,"{""all_recovered_sources_strict_prior"":true,""current_captured_at_utc"":""2026-06-21T19:15:29.603539+00:00"",""recovered_source_captured_at_utc"":[""2026-06-21T19:13:23.057080+00:00""]}",185f10462be9476fa60d3dc1c16536eff6d71a6679f71d1e8809958ca107825c
B,nyc,2026-06-21,20260621T160222-0400,2026-06-21T20:02:22.566719+00:00,16:02:22.009372,962,peak_heating_window,F,M5_cutoff_change,1,DEFINED,DEFINED,hgb,hgb,"[45,46,47,48,49,50,51,52,53,54,55,56,57,58,59,60,61,62,63,64,65,66,67,68,69,70,71,72,73,74,75,76,77,78,79,80,81,82,83,84,85,86,87,88,89,90,91,92,93,94,95,96,97,98,99,100]","[0.0,0.0,0.0,0.0,0.0,0.0,0.0,0.0,0.0,0.0,0.0,0.0,0.0,0.0,0.0,0.0,0.0,0.0,0.0,0.0,0.0,0.0,0.0,0.0,0.0,0.0,0.0,0.0,0.0,0.0,0.0,0.0,0.0,0.0,0.0,0.0,0.0,0.6241497894982383,0.3106764067639805,0.048993892484505225,0.013756438641940181,0.0016166995060274095,0.0006477420090831166,0.00011792117512159725,2.6352610765337243e-05,9.826328478996306e-06,4.054108573470405e-06,5.307578610565569e-07,2.732553558326292e-07,6.381572160959554e-08,7.196959936685271e-09,1.393166649119022e-09,2.831646274539054e-10,1.3684328259312806e-10,1.5299314477826997e-11,1.8913427631373513e-11]","[0.0,0.0,0.0,0.0,0.0,0.0,0.0,0.0,0.0,0.0,0.0,0.0,0.0,0.0,0.0,0.0,0.0,0.0,0.0,0.0,0.0,0.0,0.0,0.0,0.0,0.0,0.0,0.0,0.0,0.0,0.0,0.0,0.0,0.0,0.0,0.0,0.0,0.0,0.5127445514045622,0.31414593224979637,0.17073261510429422,0.001739798844666558,0.000492037071098245,0.0001036189475293089,2.477191269823449e-05,1.095643966376327e-05,4.965931768741509e-06,4.135166845838313e-07,2.680004778492652e-07,5.5215190268018625e-08,1.4160864306704001e-08,9.096383342214129e-10,1.8048954758147749e-10,8.627121445887141e-11,1.0496729993146038e-11,1.3809706923031454e-11]",1.0,1.0,1.2486430182103005,0.6241497894982383,True,1.1503716485413844,"{""all_recovered_sources_strict_prior"":true,""current_captured_at_utc"":""2026-06-21T20:02:22.566719+00:00"",""recovered_source_captured_at_utc"":[""2026-06-21T20:01:28.889108+00:00""]}",6e6e6c3dec1ad62a3b070389b514345fbbd8b5aa3f7f46b90f322d66ecba1b92
B,nyc,2026-06-21,20260621T161524-0400,2026-06-21T20:15:24.369510+00:00,16:15:23.738585,975,peak_heating_window,F,M5_cutoff_change,1,DEFINED,DEFINED,hgb,hgb,"[45,46,47,48,49,50,51,52,53,54,55,56,57,58,59,60,61,62,63,64,65,66,67,68,69,70,71,72,73,74,75,76,77,78,79,80,81,82,83,84,85,86,87,88,89,90,91,92,93,94,95,96,97,98,99,100]","[0.0,0.0,0.0,0.0,0.0,0.0,0.0,0.0,0.0,0.0,0.0,0.0,0.0,0.0,0.0,0.0,0.0,0.0,0.0,0.0,0.0,0.0,0.0,0.0,0.0,0.0,0.0,0.0,0.0,0.0,0.0,0.0,0.0,0.0,0.0,0.0,0.0,0.7219528400801196,0.20043150643457214,0.058238041423064324,0.016555173111339562,0.0018749598046920119,0.0007640941306789895,0.00013604604799850883,3.0182499208660483e-05,1.14090219244282e-05,4.745202847304759e-06,6.019923294279917e-07,3.1626771648968413e-07,7.349511364806952e-08,8.403525598226885e-09,1.5708350252384385e-09,3.19276172017514e-10,1.5429469360454279e-10,1.789743337602863e-11,2.256590929733271e-11]","[0.0,0.0,0.0,0.0,0.0,0.0,0.0,0.0,0.0,0.0,0.0,0.0,0.0,0.0,0.0,0.0,0.0,0.0,0.0,0.0,0.0,0.0,0.0,0.0,0.0,0.0,0.0,0.0,0.0,0.0,0.0,0.0,0.0,0.0,0.0,0.0,0.0,0.0,0.5176265680205531,0.3109725951911469,0.1690561861588723,0.0017185978905737726,0.00048544515093987733,0.00010216488751604791,2.4423638587701442e-05,1.0050495026964248e-05,3.2389059835214655e-06,4.071493245979087e-07,2.6451765771996383e-07,5.097698186950724e-08,5.835740368893635e-09,8.947058340067738e-10,1.775266555104134e-10,8.485499783743038e-11,1.0358879731457283e-11,1.3648964050110399e-11]",1.0,1.0,1.4448612568031924,0.7219528400801196,True,1.272071539317405,"{""all_recovered_sources_strict_prior"":true,""current_captured_at_utc"":""2026-06-21T20:15:24.369510+00:00"",""recovered_source_captured_at_utc"":[""2026-06-21T20:11:32.538277+00:00""]}",c4f3327548139bed633ba6fb2d5aab043e67c1187817e3a726f35e66ffd2f956
B,nyc,2026-06-21,20260621T161923-0400,2026-06-21T20:19:23.358523+00:00,16:19:22.855088,979,peak_heating_window,F,M5_cutoff_change,1,DEFINED,DEFINED,hgb,hgb,"[45,46,47,48,49,50,51,52,53,54,55,56,57,58,59,60,61,62,63,64,65,66,67,68,69,70,71,72,73,74,75,76,77,78,79,80,81,82,83,84,85,86,87,88,89,90,91,92,93,94,95,96,97,98,99,100]","[0.0,0.0,0.0,0.0,0.0,0.0,0.0,0.0,0.0,0.0,0.0,0.0,0.0,0.0,0.0,0.0,0.0,0.0,0.0,0.0,0.0,0.0,0.0,0.0,0.0,0.0,0.0,0.0,0.0,0.0,0.0,0.0,0.0,0.0,0.0,0.0,0.0,0.7219528400801196,0.20043150643457214,0.058238041423064324,0.016555173111339562,0.0018749598046920119,0.0007640941306789895,0.00013604604799850883,3.0182499208660483e-05,1.14090219244282e-05,4.745202847304759e-06,6.019923294279917e-07,3.1626771648968413e-07,7.349511364806952e-08,8.403525598226885e-09,1.5708350252384385e-09,3.19276172017514e-10,1.5429469360454279e-10,1.789743337602863e-11,2.256590929733271e-11]","[0.0,0.0,0.0,0.0,0.0,0.0,0.0,0.0,0.0,0.0,0.0,0.0,0.0,0.0,0.0,0.0,0.0,0.0,0.0,0.0,0.0,0.0,0.0,0.0,0.0,0.0,0.0,0.0,0.0,0.0,0.0,0.0,0.0,0.0,0.0,0.0,0.0,0.0,0.5177131676757574,0.31091676682719416,0.16902583579863067,0.0017182893537123025,0.0004853579998243614,0.00010214654603319172,2.441925385475323e-05,1.0048690679240537e-05,3.2383245084177003e-06,4.0707622979461007e-07,2.644701693293613e-07,5.0967830061466794e-08,5.8346926886726535e-09,8.945452090394807e-10,1.7749478446168297e-10,8.483976396867239e-11,1.035702001996909e-11,1.36465136755618e-11]",1.0,1.0,1.444862098665213,0.7219528400801196,True,1.2721162182557222,"{""all_recovered_sources_strict_prior"":true,""current_captured_at_utc"":""2026-06-21T20:19:23.358523+00:00"",""recovered_source_captured_at_utc"":[""2026-06-21T20:18:29.791344+00:00""]}",c0e908ecbb6a19754c02bd6e78b7dcd2a93e306633fad32344741717ca58d662
B,san-francisco,2026-06-21,20260621T154537-0400,2026-06-21T19:45:37.474859+00:00,12:45:37.024357,765,settlement_window,F,M5_cutoff_change,1,DEFINED,DEFINED,hgb,hgb,"[46,47,48,49,50,51,52,53,54,55,56,57,58,59,60,61,62,63,64,65,66,67,68,69,70,71,72,73,74,75,76,77,78,79,80,81,82,83,84,85,86,87,88,89,90,91,92,93,94,95,96,97,98,99,100,101,102,103]","[0.0,0.0,0.0,0.0,0.0,0.0,0.0,0.0,0.0,0.0,0.0,0.0,0.0,0.0,0.0,0.0,0.0,0.0010000000000009747,0.00018077917308707828,0.0012709243450448324,0.03316203464575927,0.08123887521760856,0.2577009345124069,0.4822252253151648,0.08365418580191476,0.04816166701529773,0.010660058130482852,0.0006513342573400469,8.829700442940111e-05,4.979631644017278e-06,6.178902037624409e-07,8.252164984932448e-08,3.914003768121503e-09,4.445919839532109e-10,1.772383965176536e-10,1.5331893725599875e-12,5.108759434123876e-13,7.93966878174912e-14,6.426396565715659e-15,1.0212167924174302e-15,5.3395970767532455e-17,6.1190727658466254e-18,1.1955850012089242e-18,1.7861866145695667e-19,2.8028715489505404e-20,1.8780404719140757e-22,1.068320990795366e-22,1.3460844484021616e-23,3.756787087045592e-25,6.411131010849816e-25,4.905656752602432e-26,6.317690338445332e-27,4.274890868986572e-28,1.1930792926254624e-29,1.5032799087080832e-30,1.8941326849721844e-31,2.3866071830649525e-32,1.3576185330301766e-32]","[0.0,0.0,0.0,0.0,0.0,0.0,0.0,0.0,0.0,0.0,0.0,0.0,0.0,0.0,0.0,0.0,0.0,0.0,0.0,0.0010088348155858492,0.012937095775289105,0.2856873205334129,0.11865263652299228,0.23149932578389176,0.3138620778534815,0.030863703242281174,0.005128921277190156,0.00033466674418762424,2.275079965018266e-05,2.2798708945670475e-06,3.507267774968959e-07,3.153028499045329e-08,3.840364106492624e-09,6.127706180956197e-10,6.912751888532716e-11,1.2474039851476427e-12,4.936399221038845e-13,7.093410462786381e-14,5.5763356905903766e-15,8.585004790357877e-16,4.668532431690946e-17,1.904656118599195e-17,1.6199369743975567e-18,1.1511159689825722e-19,1.5785927947056055e-20,1.6420139432112818e-22,9.340575929779752e-23,1.1769125671522486e-23,3.284645283665212e-25,5.605399174832734e-25,2.957359026013302e-26,1.418870206956095e-27,3.737635326585068e-28,1.043136643296627e-29,1.3143521705537502e-30,1.656083734897726e-31,2.0866655059711347e-32,1.1869970824034442e-32]",1.0,1.0,0.8693126750710988,0.25072589953127306,True,0.43431150604751717,"{""all_recovered_sources_strict_prior"":true,""current_captured_at_utc"":""2026-06-21T19:45:37.474859+00:00"",""recovered_source_captured_at_utc"":[""2026-06-21T19:40:57.445921+00:00""]}",eac42b727d62d582740b4e745d6cd119905249c95469f7df61902386114297e6
B,seattle,2026-06-21,20260621T161552-0400,2026-06-21T20:15:52.631377+00:00,13:15:52.114076,795,settlement_window,F,M5_cutoff_change,1,DEFINED,DEFINED,hgb,hgb,"[46,47,48,49,50,51,52,53,54,55,56,57,58,59,60,61,62,63,64,65,66,67,68,69,70,71,72,73,74,75,76,77,78,79,80,81,82,83,84,85,86,87,88,89,90,91,92,93,94,95,96,97,98,99,100,101,102,103,104,105,106,107]","[0.0,0.0,0.0,0.0,0.0,0.0,0.0,0.0,0.0,0.0,0.0,0.0,0.0,0.0,0.0,0.0,0.0,0.0,0.0015636427512928707,0.0002627305860343086,0.0014401682219489329,0.04791888266996964,0.07168529257148128,0.04157224436098712,0.06419620377344082,0.03069416737074709,0.09358888382729207,0.14810739600257233,0.014341986230252497,0.16116823997563653,0.1023516463073169,0.09206664765358075,0.027255634437362286,0.007078446162151701,0.09184131671971202,0.0020304656018824397,0.0002963265585576549,0.0004344336340475699,4.744375388793816e-05,4.8427570030136255e-05,5.6380487285691416e-06,2.2995278802442865e-06,1.3120126457235941e-06,9.536386058129639e-08,1.624883393235174e-08,2.7686023043925313e-09,9.11712202300371e-09,7.237420039021246e-11,8.900983139857537e-11,7.317600798515162e-12,2.3268113893132747e-12,7.398669851649398e-13,2.352589291298836e-13,7.48063703950799e-14,2.3786527773389664e-14,2.925399956409424e-14,9.302029619122166e-15,7.647305730071238e-16,2.4316491921643264e-16,7.732027464917819e-17,2.4585885542573502e-17,3.0237094366918716e-17]","[0.0,0.0,0.0,0.0,0.0,0.0,0.0,0.0,0.0,0.0,0.0,0.0,0.0,0.0,0.0,0.0,0.0,0.0,0.0,0.0,0.0,0.0,0.035361955580523075,0.03249413637185892,0.041528542245679874,0.0283646452184969,0.11509476529799016,0.3452634931666823,0.013392710803517357,0.12138766143246006,0.0851131605852318,0.06226977187073751,0.08529939641085055,0.007897618773265783,0.022851153435038598,0.00234420382975325,0.0003283946225179589,0.0009064393181761133,4.7535207931106386e-05,4.502792049538885e-05,6.243383844977487e-06,2.5033392775757083e-06,5.189384531165046e-07,9.926808765410316e-08,1.6914066410918896e-08,2.881949771711451e-09,3.0039246755978294e-09,7.533722339299162e-11,9.265392247641122e-11,7.617185724832187e-12,2.4220717947131537e-12,7.701573771032398e-13,2.448905052283092e-13,7.786896721880956e-14,2.4760355858104925e-14,3.045166769948446e-14,9.682857698539808e-15,7.960388882151911e-16,2.5312016908755474e-16,8.048579152026611e-17,2.5592439591026837e-17,3.147501071920081e-17]",1.0,1.0000000000000002,0.5566872609715627,0.19715609716410998,True,0.20988155718378504,"{""all_recovered_sources_strict_prior"":true,""current_captured_at_utc"":""2026-06-21T20:15:52.631377+00:00"",""recovered_source_captured_at_utc"":[""2026-06-21T20:12:11.582293+00:00""]}",885722760b7730468d416c4491b4262c7a68907063e61d1c5dc972b6d7c7be2a
B,seattle,2026-06-21,20260621T161952-0400,2026-06-21T20:19:52.645178+00:00,13:19:52.206330,799,settlement_window,F,M5_cutoff_change,1,DEFINED,DEFINED,hgb,hgb,"[46,47,48,49,50,51,52,53,54,55,56,57,58,59,60,61,62,63,64,65,66,67,68,69,70,71,72,73,74,75,76,77,78,79,80,81,82,83,84,85,86,87,88,89,90,91,92,93,94,95,96,97,98,99,100,101,102,103,104,105,106,107]","[0.0,0.0,0.0,0.0,0.0,0.0,0.0,0.0,0.0,0.0,0.0,0.0,0.0,0.0,0.0,0.0,0.0,0.0,0.001579778688010602,3.169236202281901e-05,0.00017372295077134635,0.0057803036952361235,0.026704487445246308,0.04577154694688844,0.07068080157792792,0.03379465180196594,0.10304250000579163,0.163068045363336,0.0157907013715543,0.17744819351911137,0.11269040813305364,0.10136649945397477,0.03000878519774329,0.007793455364319808,0.10111840735366377,0.00223556733703365,0.0003262591470611074,0.0004783167178430282,5.223615038826878e-05,5.331934393319044e-05,6.207560261305542e-06,2.531808179811753e-06,1.4445418892275282e-06,1.0499677101218903e-07,1.789016389658236e-08,3.048264829110065e-09,1.0038062296392123e-08,7.96848753735523e-11,9.800090755787566e-11,8.05676752930238e-12,2.561847655318131e-12,8.146025543357444e-13,2.590229439103461e-13,8.236272414673699e-14,2.6189256544082303e-14,3.220900952099568e-14,1.024164780991601e-14,8.41977667122645e-16,2.677275352060642e-16,8.51305633229741e-17,2.7069359175584526e-17,3.329140886248878e-17]","[0.0,0.0,0.0,0.0,0.0,0.0,0.0,0.0,0.0,0.0,0.0,0.0,0.0,0.0,0.0,0.0,0.0,0.0,0.0,0.0,0.0,0.0,0.012251251119953174,0.033272627731116285,0.04252347902229827,0.029044202630280385,0.11785219449244123,0.3535352823603183,0.013713572066554347,0.12429585522053893,0.08715229340957949,0.06376162500970195,0.08734299105499764,0.00808682915582024,0.023398619146841545,0.0024003660371409614,0.00033626226894903073,0.0009281557032129645,4.867405182008927e-05,4.610669503581164e-05,6.392962227988498e-06,2.563314036546992e-06,5.31371130111344e-07,1.0164634284465032e-07,1.7319291969158662e-08,2.950995244082709e-09,3.07589241085477e-09,7.714214526476288e-11,9.48737161408354e-11,7.799677519683395e-12,2.480099555232991e-12,7.886087326488029e-13,2.5075756813783505e-13,7.973454436295664e-14,2.5353562055896516e-14,3.1181225792911914e-14,9.914838661657821e-15,8.151103104870892e-16,2.591843974835148e-16,8.24140622865506e-17,2.620558076997458e-17,3.222908596517815e-17]",1.0,1.0,0.5270587376951503,0.1904672369969823,True,0.22167796442199392,"{""all_recovered_sources_strict_prior"":true,""current_captured_at_utc"":""2026-06-21T20:19:52.645178+00:00"",""recovered_source_captured_at_utc"":[""2026-06-21T20:18:52.855242+00:00""]}",97b32d2d20c53661c38ffd3d54c98ac7969b9e42644522005c6b7b282a42abe8
B,seattle,2026-06-21,20260621T162927-0400,2026-06-21T20:29:27.966943+00:00,13:29:27.514026,809,settlement_window,F,M5_cutoff_change,1,DEFINED,DEFINED,hgb,hgb,"[46,47,48,49,50,51,52,53,54,55,56,57,58,59,60,61,62,63,64,65,66,67,68,69,70,71,72,73,74,75,76,77,78,79,80,81,82,83,84,85,86,87,88,89,90,91,92,93,94,95,96,97,98,99,100,101,102,103,104,105,106,107]","[0.0,0.0,0.0,0.0,0.0,0.0,0.0,0.0,0.0,0.0,0.0,0.0,0.0,0.0,0.0,0.0,0.0,0.0,0.001579778688010602,3.169236202281901e-05,0.00017372295077134635,0.0057803036952361235,0.026704487445246308,0.04577154694688844,0.07068080157792792,0.03379465180196594,0.10304250000579163,0.163068045363336,0.0157907013715543,0.17744819351911137,0.11269040813305364,0.10136649945397477,0.03000878519774329,0.007793455364319808,0.10111840735366377,0.00223556733703365,0.0003262591470611074,0.0004783167178430282,5.223615038826878e-05,5.331934393319044e-05,6.207560261305542e-06,2.531808179811753e-06,1.4445418892275282e-06,1.0499677101218903e-07,1.789016389658236e-08,3.048264829110065e-09,1.0038062296392123e-08,7.96848753735523e-11,9.800090755787566e-11,8.05676752930238e-12,2.561847655318131e-12,8.146025543357444e-13,2.590229439103461e-13,8.236272414673699e-14,2.6189256544082303e-14,3.220900952099568e-14,1.024164780991601e-14,8.41977667122645e-16,2.677275352060642e-16,8.51305633229741e-17,2.7069359175584526e-17,3.329140886248878e-17]","[0.0,0.0,0.0,0.0,0.0,0.0,0.0,0.0,0.0,0.0,0.0,0.0,0.0,0.0,0.0,0.0,0.0,0.0,0.0,0.0,0.0,0.0,0.012251251119953174,0.033272627731116285,0.04252347902229827,0.029044202630280385,0.11785219449244123,0.3535352823603183,0.013713572066554347,0.12429585522053893,0.08715229340957949,0.06376162500970195,0.08734299105499764,0.00808682915582024,0.023398619146841545,0.0024003660371409614,0.00033626226894903073,0.0009281557032129645,4.867405182008927e-05,4.610669503581164e-05,6.392962227988498e-06,2.563314036546992e-06,5.31371130111344e-07,1.0164634284465032e-07,1.7319291969158662e-08,2.950995244082709e-09,3.07589241085477e-09,7.714214526476288e-11,9.48737161408354e-11,7.799677519683395e-12,2.480099555232991e-12,7.886087326488029e-13,2.5075756813783505e-13,7.973454436295664e-14,2.5353562055896516e-14,3.1181225792911914e-14,9.914838661657821e-15,8.151103104870892e-16,2.591843974835148e-16,8.24140622865506e-17,2.620558076997458e-17,3.222908596517815e-17]",1.0,1.0,0.5270587376951503,0.1904672369969823,True,0.22167796442199392,"{""all_recovered_sources_strict_prior"":true,""current_captured_at_utc"":""2026-06-21T20:29:27.966943+00:00"",""recovered_source_captured_at_utc"":[""2026-06-21T20:28:34.340683+00:00""]}",559058a58f34912f1b0ca5c35e3f01224847de02023f028a0da4e727d16eb8b6
B,seattle,2026-06-21,20260621T163838-0400,2026-06-21T20:38:38.518261+00:00,13:38:38.046260,818,settlement_window,F,M5_cutoff_change,1,DEFINED,DEFINED,hgb,hgb,"[46,47,48,49,50,51,52,53,54,55,56,57,58,59,60,61,62,63,64,65,66,67,68,69,70,71,72,73,74,75,76,77,78,79,80,81,82,83,84,85,86,87,88,89,90,91,92,93,94,95,96,97,98,99,100,101,102,103,104,105,106,107]","[0.0,0.0,0.0,0.0,0.0,0.0,0.0,0.0,0.0,0.0,0.0,0.0,0.0,0.0,0.0,0.0,0.0,0.0,0.001579778688010602,3.169236202281901e-05,0.00017372295077134635,0.0057803036952361235,0.026704487445246308,0.04577154694688844,0.07068080157792792,0.03379465180196594,0.10304250000579163,0.163068045363336,0.0157907013715543,0.17744819351911137,0.11269040813305364,0.10136649945397477,0.03000878519774329,0.007793455364319808,0.10111840735366377,0.00223556733703365,0.0003262591470611074,0.0004783167178430282,5.223615038826878e-05,5.331934393319044e-05,6.207560261305542e-06,2.531808179811753e-06,1.4445418892275282e-06,1.0499677101218903e-07,1.789016389658236e-08,3.048264829110065e-09,1.0038062296392123e-08,7.96848753735523e-11,9.800090755787566e-11,8.05676752930238e-12,2.561847655318131e-12,8.146025543357444e-13,2.590229439103461e-13,8.236272414673699e-14,2.6189256544082303e-14,3.220900952099568e-14,1.024164780991601e-14,8.41977667122645e-16,2.677275352060642e-16,8.51305633229741e-17,2.7069359175584526e-17,3.329140886248878e-17]","[0.0,0.0,0.0,0.0,0.0,0.0,0.0,0.0,0.0,0.0,0.0,0.0,0.0,0.0,0.0,0.0,0.0,0.0,0.0,0.0,0.0,0.0,0.012251251119953174,0.033272627731116285,0.04252347902229827,0.029044202630280385,0.11785219449244123,0.3535352823603183,0.013713572066554347,0.12429585522053893,0.08715229340957949,0.06376162500970195,0.08734299105499764,0.00808682915582024,0.023398619146841545,0.0024003660371409614,0.00033626226894903073,0.0009281557032129645,4.867405182008927e-05,4.610669503581164e-05,6.392962227988498e-06,2.563314036546992e-06,5.31371130111344e-07,1.0164634284465032e-07,1.7319291969158662e-08,2.950995244082709e-09,3.07589241085477e-09,7.714214526476288e-11,9.48737161408354e-11,7.799677519683395e-12,2.480099555232991e-12,7.886087326488029e-13,2.5075756813783505e-13,7.973454436295664e-14,2.5353562055896516e-14,3.1181225792911914e-14,9.914838661657821e-15,8.151103104870892e-16,2.591843974835148e-16,8.24140622865506e-17,2.620558076997458e-17,3.222908596517815e-17]",1.0,1.0,0.5270587376951503,0.1904672369969823,True,0.22167796442199392,"{""all_recovered_sources_strict_prior"":true,""current_captured_at_utc"":""2026-06-21T20:38:38.518261+00:00"",""recovered_source_captured_at_utc"":[""2026-06-21T20:36:37.345930+00:00""]}",fe93e3d1cc2d4fdfa46a704b68265d001790d854d2ba6e6902004b56bb549674
B,seattle,2026-06-21,20260621T164054-0400,2026-06-21T20:40:54.616815+00:00,13:40:54.228889,820,settlement_window,F,M5_cutoff_change,1,DEFINED,DEFINED,hgb,hgb,"[46,47,48,49,50,51,52,53,54,55,56,57,58,59,60,61,62,63,64,65,66,67,68,69,70,71,72,73,74,75,76,77,78,79,80,81,82,83,84,85,86,87,88,89,90,91,92,93,94,95,96,97,98,99,100,101,102,103,104,105,106,107]","[0.0,0.0,0.0,0.0,0.0,0.0,0.0,0.0,0.0,0.0,0.0,0.0,0.0,0.0,0.0,0.0,0.0,0.0,0.001579778688010602,3.169236202281901e-05,0.00017372295077134635,0.0057803036952361235,0.026704487445246308,0.04577154694688844,0.07068080157792792,0.03379465180196594,0.10304250000579163,0.163068045363336,0.0157907013715543,0.17744819351911137,0.11269040813305364,0.10136649945397477,0.03000878519774329,0.007793455364319808,0.10111840735366377,0.00223556733703365,0.0003262591470611074,0.0004783167178430282,5.223615038826878e-05,5.331934393319044e-05,6.207560261305542e-06,2.531808179811753e-06,1.4445418892275282e-06,1.0499677101218903e-07,1.789016389658236e-08,3.048264829110065e-09,1.0038062296392123e-08,7.96848753735523e-11,9.800090755787566e-11,8.05676752930238e-12,2.561847655318131e-12,8.146025543357444e-13,2.590229439103461e-13,8.236272414673699e-14,2.6189256544082303e-14,3.220900952099568e-14,1.024164780991601e-14,8.41977667122645e-16,2.677275352060642e-16,8.51305633229741e-17,2.7069359175584526e-17,3.329140886248878e-17]","[0.0,0.0,0.0,0.0,0.0,0.0,0.0,0.0,0.0,0.0,0.0,0.0,0.0,0.0,0.0,0.0,0.0,0.0,0.0,0.0,0.0,0.0,0.012251251119953174,0.033272627731116285,0.04252347902229827,0.029044202630280385,0.11785219449244123,0.3535352823603183,0.013713572066554347,0.12429585522053893,0.08715229340957949,0.06376162500970195,0.08734299105499764,0.00808682915582024,0.023398619146841545,0.0024003660371409614,0.00033626226894903073,0.0009281557032129645,4.867405182008927e-05,4.610669503581164e-05,6.392962227988498e-06,2.563314036546992e-06,5.31371130111344e-07,1.0164634284465032e-07,1.7319291969158662e-08,2.950995244082709e-09,3.07589241085477e-09,7.714214526476288e-11,9.48737161408354e-11,7.799677519683395e-12,2.480099555232991e-12,7.886087326488029e-13,2.5075756813783505e-13,7.973454436295664e-14,2.5353562055896516e-14,3.1181225792911914e-14,9.914838661657821e-15,8.151103104870892e-16,2.591843974835148e-16,8.24140622865506e-17,2.620558076997458e-17,3.222908596517815e-17]",1.0,1.0,0.5270587376951503,0.1904672369969823,True,0.22167796442199392,"{""all_recovered_sources_strict_prior"":true,""current_captured_at_utc"":""2026-06-21T20:40:54.616815+00:00"",""recovered_source_captured_at_utc"":[""2026-06-21T20:40:53.580543+00:00""]}",871a727cba9d8f3a9e8bf83eae1497a8307443d92f99fe44cfd93b27add0037a
B,seattle,2026-06-21,20260621T171340-0400,2026-06-21T21:13:40.505677+00:00,14:13:40.078348,853,peak_heating_window,F,M5_cutoff_change,1,DEFINED,DEFINED,hgb,hgb,"[46,47,48,49,50,51,52,53,54,55,56,57,58,59,60,61,62,63,64,65,66,67,68,69,70,71,72,73,74,75,76,77,78,79,80,81,82,83,84,85,86,87,88,89,90,91,92,93,94,95,96,97,98,99,100,101,102,103,104,105,106,107]","[0.0,0.0,0.0,0.0,0.0,0.0,0.0,0.0,0.0,0.0,0.0,0.0,0.0,0.0,0.0,0.0,0.0,0.0,0.0,0.0,0.0,0.0,0.0025301388163903845,0.015675912638357454,0.043740533105143156,0.02987546964339615,0.12122521329939356,0.3636537291271202,0.014106064855426011,0.12785329646370552,0.08964665786333932,0.06558653086950213,0.08984281341938194,0.008318280313337223,0.02406830529718364,0.002469066325851881,0.0003458863490276268,0.0009547202203710914,5.0067139941246505e-05,4.7426303466965474e-05,6.575933634842732e-06,2.636678020057307e-06,5.465793731403018e-07,1.0455553793897602e-07,1.7814983184639735e-08,3.0354549565249428e-09,3.1639267745308782e-09,7.935001171907298e-11,9.758907354429059e-11,8.022910180520632e-12,2.55108187744551e-12,8.111793101251676e-13,2.5793443910707943e-13,8.20166072372061e-14,2.6079200148645448e-14,3.207365602279672e-14,1.019860883172296e-14,8.384393831348626e-16,2.6660245067247393e-16,8.477281498731343e-17,2.6955604281754848e-17,3.315150674452478e-17]","[0.0,0.0,0.0,0.0,0.0,0.0,0.0,0.0,0.0,0.0,0.0,0.0,0.0,0.0,0.0,0.0,0.0,0.0,0.0,0.0,0.0,0.0,0.0,0.0,0.056246593486748896,0.02501624986200647,0.28613038527040796,0.057880391514235824,0.041606834857627215,0.09685403023926875,0.12917731531777482,0.07529210687152167,0.139688984952892,0.00807926341204827,0.07521136755581427,0.007081786787968752,0.0003815798333922569,0.001204894224087533,0.00010760812454932115,3.1843041710881575e-05,5.927166902734444e-06,2.0563672791103374e-06,6.636158168654957e-07,9.546145740549991e-08,1.6265463235938462e-08,2.7714357340664595e-09,2.8272717423232817e-09,7.244826924679291e-11,8.910092541274846e-11,7.32508974238101e-12,2.3291926834506266e-12,7.406241762816268e-13,2.354996966932838e-13,7.488292837140605e-14,2.3810871267406794e-14,2.9283938551833453e-14,9.311549457601226e-15,7.655132098974708e-16,2.434137778902381e-16,7.739940539332282e-17,2.4611047111479795e-17,3.0268039468819645e-17]",1.0,1.0,0.720187431149334,0.3057733376128844,True,0.5717028108805937,"{""all_recovered_sources_strict_prior"":true,""current_captured_at_utc"":""2026-06-21T21:13:40.505677+00:00"",""recovered_source_captured_at_utc"":[""2026-06-21T21:12:47.775050+00:00""]}",edef0cff84150531ccbdaaf787776148742f0c6dc39191b550f0dde5162d529a
B,seattle,2026-06-21,20260621T172039-0400,2026-06-21T21:20:39.102145+00:00,14:20:38.640683,860,peak_heating_window,F,M5_cutoff_change,1,DEFINED,DEFINED,hgb,hgb,"[46,47,48,49,50,51,52,53,54,55,56,57,58,59,60,61,62,63,64,65,66,67,68,69,70,71,72,73,74,75,76,77,78,79,80,81,82,83,84,85,86,87,88,89,90,91,92,93,94,95,96,97,98,99,100,101,102,103,104,105,106,107]","[0.0,0.0,0.0,0.0,0.0,0.0,0.0,0.0,0.0,0.0,0.0,0.0,0.0,0.0,0.0,0.0,0.0,0.0,0.0,0.0,0.0,0.0,0.0016564329930837773,0.0017905571904364688,0.01543366806973209,0.031139326913795215,0.12685833447151929,0.3810159787148349,0.01481971249693159,0.15021563253249848,0.12645361553832554,0.07319531969006748,0.042302995826198245,0.007074612386021086,0.024010026256339682,0.002564340741012498,0.00035912476387269584,0.0009982743740348447,5.2241977160384756e-05,4.953676428422926e-05,6.8277475143029024e-06,2.7368979238491554e-06,5.704810757296385e-07,1.0811492193323507e-07,1.842145862587759e-08,3.1387909442739162e-09,3.303007391947124e-09,8.205132402853651e-11,1.009112982034077e-10,8.296034097692676e-12,2.6379283533148573e-12,8.38794285953792e-13,2.6671530076418055e-13,8.480869845320587e-14,2.6967014313461345e-14,3.316553943839872e-14,1.0545800054253235e-14,8.669823735810357e-16,2.756783974320584e-16,8.765873577890496e-17,2.787325387093356e-17,3.428008343035182e-17]","[0.0,0.0,0.0,0.0,0.0,0.0,0.0,0.0,0.0,0.0,0.0,0.0,0.0,0.0,0.0,0.0,0.0,0.0,0.0,0.0,0.0,0.0,0.0,0.0,0.020272805447015922,0.026538169499892,0.30791976144557937,0.06187951121582754,0.04481435354365829,0.11686001256544498,0.17548571112914518,0.08610540916323335,0.0664124327300462,0.006992594989639371,0.07728187339248951,0.007579929631626859,0.0004040253737536431,0.0012946787883372044,0.00011552339152231464,3.396897477753135e-05,6.24811789886733e-06,2.157442395003208e-06,7.104408445777795e-07,9.96453416863883e-08,1.697834587783169e-08,2.8929022056498364e-09,3.020412480300637e-09,7.562353163139758e-11,9.300604032905948e-11,7.646133739216941e-12,2.431276528808804e-12,7.730842490000647e-13,2.45821176229927e-13,7.816489698402814e-14,2.4854454015015465e-14,3.056739486519221e-14,9.719656000966526e-15,7.990641190575681e-16,2.54082115738262e-16,8.079166614835892e-17,2.5689699962006992e-17,3.159462695227877e-17]",0.9999999999999999,1.0,0.7212779795819645,0.31913646749900737,True,0.5933608873413682,"{""all_recovered_sources_strict_prior"":true,""current_captured_at_utc"":""2026-06-21T21:20:39.102145+00:00"",""recovered_source_captured_at_utc"":[""2026-06-21T21:19:44.393718+00:00""]}",661274bf26d11eedfd46b19e22d2cbd2bb369c152ccf4c7a0bb7528bae31a4cf
B,seattle,2026-06-21,20260621T172752-0400,2026-06-21T21:27:52.805205+00:00,14:27:52.260508,867,peak_heating_window,F,M5_cutoff_change,1,DEFINED,DEFINED,hgb,hgb,"[46,47,48,49,50,51,52,53,54,55,56,57,58,59,60,61,62,63,64,65,66,67,68,69,70,71,72,73,74,75,76,77,78,79,80,81,82,83,84,85,86,87,88,89,90,91,92,93,94,95,96,97,98,99,100,101,102,103,104,105,106,107]","[0.0,0.0,0.0,0.0,0.0,0.0,0.0,0.0,0.0,0.0,0.0,0.0,0.0,0.0,0.0,0.0,0.0,0.0,0.0,0.0,0.0,0.0,0.0016564329930837773,0.0017905571904364688,0.01543366806973209,0.031139326913795215,0.12685833447151929,0.3810159787148349,0.01481971249693159,0.15021563253249848,0.12645361553832554,0.07319531969006748,0.042302995826198245,0.007074612386021086,0.024010026256339682,0.002564340741012498,0.00035912476387269584,0.0009982743740348447,5.2241977160384756e-05,4.953676428422926e-05,6.8277475143029024e-06,2.7368979238491554e-06,5.704810757296385e-07,1.0811492193323507e-07,1.842145862587759e-08,3.1387909442739162e-09,3.303007391947124e-09,8.205132402853651e-11,1.009112982034077e-10,8.296034097692676e-12,2.6379283533148573e-12,8.38794285953792e-13,2.6671530076418055e-13,8.480869845320587e-14,2.6967014313461345e-14,3.316553943839872e-14,1.0545800054253235e-14,8.669823735810357e-16,2.756783974320584e-16,8.765873577890496e-17,2.787325387093356e-17,3.428008343035182e-17]","[0.0,0.0,0.0,0.0,0.0,0.0,0.0,0.0,0.0,0.0,0.0,0.0,0.0,0.0,0.0,0.0,0.0,0.0,0.0,0.0,0.0,0.0,0.0,0.0,0.020272805447015922,0.026538169499892,0.30791976144557937,0.06187951121582754,0.04481435354365829,0.11686001256544498,0.17548571112914518,0.08610540916323335,0.0664124327300462,0.006992594989639371,0.07728187339248951,0.007579929631626859,0.0004040253737536431,0.0012946787883372044,0.00011552339152231464,3.396897477753135e-05,6.24811789886733e-06,2.157442395003208e-06,7.104408445777795e-07,9.96453416863883e-08,1.697834587783169e-08,2.8929022056498364e-09,3.020412480300637e-09,7.562353163139758e-11,9.300604032905948e-11,7.646133739216941e-12,2.431276528808804e-12,7.730842490000647e-13,2.45821176229927e-13,7.816489698402814e-14,2.4854454015015465e-14,3.056739486519221e-14,9.719656000966526e-15,7.990641190575681e-16,2.54082115738262e-16,8.079166614835892e-17,2.5689699962006992e-17,3.159462695227877e-17]",0.9999999999999999,1.0,0.7212779795819645,0.31913646749900737,True,0.5933608873413682,"{""all_recovered_sources_strict_prior"":true,""current_captured_at_utc"":""2026-06-21T21:27:52.805205+00:00"",""recovered_source_captured_at_utc"":[""2026-06-21T21:26:43.083888+00:00""]}",995d60b8a7f9a946a78f7ffa5bb63f3e2d0bec97f13cb5c1e9b63394d361a8ab
B,seattle,2026-06-21,20260621T180435-0400,2026-06-21T22:04:35.995689+00:00,15:04:35.579417,904,peak_heating_window,F,M5_cutoff_change,1,DEFINED,DEFINED,hgb,hgb,"[45,46,47,48,49,50,51,52,53,54,55,56,57,58,59,60,61,62,63,64,65,66,67,68,69,70,71,72,73,74,75,76,77,78,79,80,81,82,83,84,85,86,87,88,89,90,91,92,93,94,95,96,97,98,99,100,101,102,103,104,105,106,107]","[0.0,0.0,0.0,0.0,0.0,0.0,0.0,0.0,0.0,0.0,0.0,0.0,0.0,0.0,0.0,0.0,0.0,0.0,0.0,0.0,0.0,0.0,0.0,0.0,0.0,0.0016615435476201599,8.382169942657736e-05,0.004796450577139996,0.007036517252746947,0.03489058580693694,0.18713452559724933,0.2751022029468338,0.14109709018290276,0.1947678419072446,0.01720782177629755,0.11952615999144625,0.013336457142394972,0.001055107699037345,0.0020223144535521146,0.00020761879422255813,5.807482176368398e-05,1.0869182949790383e-05,3.6207256742668748e-06,1.1566331927408023e-06,1.779805493859908e-07,3.081985949804126e-08,5.311472746222543e-09,4.769838690691288e-09,2.0281184166606428e-10,1.5605200129259018e-10,1.457598817933865e-11,4.2524393297904695e-12,1.3010311990355022e-12,4.1245973941358005e-13,1.3118445800174576e-13,4.256018671533584e-14,4.9348092983909234e-14,1.6067700404626867e-14,1.56141781238936e-15,4.456102349473012e-16,1.360157232438015e-16,4.405768949617314e-17,5.127483661289948e-17]","[0.0,0.0,0.0,0.0,0.0,0.0,0.0,0.0,0.0,0.0,0.0,0.0,0.0,0.0,0.0,0.0,0.0,0.0,0.0,0.0,0.0,0.0,0.0,0.0,0.0,0.0,0.0,0.0,0.0,0.0,0.06465364890056682,0.031325198338577304,0.7084303893757516,0.07768430814104242,0.007353967808072318,0.10817723022501692,0.001916637001036162,0.0003016822715336802,8.987401416940985e-05,3.4108897927648854e-05,2.9938294543391275e-05,2.238384487043979e-06,5.787244618548432e-07,1.8081577851316214e-07,1.5979142070202113e-08,2.2284210612170273e-09,3.078946420792479e-10,2.766942697132956e-10,8.19997388820122e-12,6.092369108869795e-12,4.3711218338609926e-13,1.1119968709326534e-13,2.983036032728206e-14,8.32479912645141e-15,2.331589959763322e-15,6.675868327618773e-16,7.868795022754871e-16,2.2620355984784545e-16,1.6970107725077344e-17,4.213801042103082e-18,1.1274631423598003e-18,3.2225003629414586e-19,3.8140686633806995e-19]",1.0,1.0000000000000002,1.1346665983856978,0.5673332991928489,True,0.8277821926990111,"{""all_recovered_sources_strict_prior"":true,""current_captured_at_utc"":""2026-06-21T22:04:35.995689+00:00"",""recovered_source_captured_at_utc"":[""2026-06-21T22:03:41.216120+00:00""]}",30ce874f08cc7c0b37391520256c6e1254d2887139f27752bb40ff3a44bf66a8
B,seattle,2026-06-21,20260621T180943-0400,2026-06-21T22:09:43.951883+00:00,15:09:43.554450,909,peak_heating_window,F,M5_cutoff_change,1,DEFINED,DEFINED,hgb,hgb,"[45,46,47,48,49,50,51,52,53,54,55,56,57,58,59,60,61,62,63,64,65,66,67,68,69,70,71,72,73,74,75,76,77,78,79,80,81,82,83,84,85,86,87,88,89,90,91,92,93,94,95,96,97,98,99,100,101,102,103,104,105,106,107]","[0.0,0.0,0.0,0.0,0.0,0.0,0.0,0.0,0.0,0.0,0.0,0.0,0.0,0.0,0.0,0.0,0.0,0.0,0.0,0.0,0.0,0.0,0.0,0.0,0.0,0.0016615435476201599,8.382169942657736e-05,0.004796450577139996,0.007036517252746947,0.03489058580693694,0.18713452559724933,0.2751022029468338,0.14109709018290276,0.1947678419072446,0.01720782177629755,0.11952615999144625,0.013336457142394972,0.001055107699037345,0.0020223144535521146,0.00020761879422255813,5.807482176368398e-05,1.0869182949790383e-05,3.6207256742668748e-06,1.1566331927408023e-06,1.779805493859908e-07,3.081985949804126e-08,5.311472746222543e-09,4.769838690691288e-09,2.0281184166606428e-10,1.5605200129259018e-10,1.457598817933865e-11,4.2524393297904695e-12,1.3010311990355022e-12,4.1245973941358005e-13,1.3118445800174576e-13,4.256018671533584e-14,4.9348092983909234e-14,1.6067700404626867e-14,1.56141781238936e-15,4.456102349473012e-16,1.360157232438015e-16,4.405768949617314e-17,5.127483661289948e-17]","[0.0,0.0,0.0,0.0,0.0,0.0,0.0,0.0,0.0,0.0,0.0,0.0,0.0,0.0,0.0,0.0,0.0,0.0,0.0,0.0,0.0,0.0,0.0,0.0,0.0,0.0,0.0,0.0,0.0,0.0,0.06479917984211353,0.03132032443747854,0.7083201643864042,0.0776722212060863,0.007352823601054294,0.10816039888318292,0.0019163387906598285,0.00030163533265914174,8.986003063284366e-05,3.4103590909532306e-05,2.9933636431251236e-05,2.2380362158377454e-06,5.786344178666127e-07,1.807876453083204e-07,1.597665586860647e-08,2.228074340224509e-09,3.078467366193012e-10,2.766512187327207e-10,8.198698050732878e-12,6.0914211945366496e-12,4.3704417291325693e-13,1.1118238548606568e-13,2.9825719008673183e-14,8.323503867370496e-15,2.3312271866774527e-15,6.674829626390916e-16,7.867570713548821e-16,2.261683647385609e-16,1.696746733870872e-17,4.213145414984392e-18,1.127287719883972e-18,3.2219989727223144e-19,3.8134752307949504e-19]",1.0,1.0,1.1344461484070025,0.5672230742035015,True,0.8276487762115086,"{""all_recovered_sources_strict_prior"":true,""current_captured_at_utc"":""2026-06-21T22:09:43.951883+00:00"",""recovered_source_captured_at_utc"":[""2026-06-21T22:08:51.204975+00:00""]}",5bc68d148e239960dfede256578969197c204b48952888437f87a1ad3c245235
B,seattle,2026-06-21,20260621T181203-0400,2026-06-21T22:12:03.487250+00:00,15:12:02.944522,912,peak_heating_window,F,M5_cutoff_change,1,DEFINED,DEFINED,hgb,hgb,"[45,46,47,48,49,50,51,52,53,54,55,56,57,58,59,60,61,62,63,64,65,66,67,68,69,70,71,72,73,74,75,76,77,78,79,80,81,82,83,84,85,86,87,88,89,90,91,92,93,94,95,96,97,98,99,100,101,102,103,104,105,106,107]","[0.0,0.0,0.0,0.0,0.0,0.0,0.0,0.0,0.0,0.0,0.0,0.0,0.0,0.0,0.0,0.0,0.0,0.0,0.0,0.0,0.0,0.0,0.0,0.0,0.0,0.0016615435476201599,8.382169942657736e-05,0.004796450577139996,0.007036517252746947,0.03489058580693694,0.18713452559724933,0.2751022029468338,0.14109709018290276,0.1947678419072446,0.01720782177629755,0.11952615999144625,0.013336457142394972,0.001055107699037345,0.0020223144535521146,0.00020761879422255813,5.807482176368398e-05,1.0869182949790383e-05,3.6207256742668748e-06,1.1566331927408023e-06,1.779805493859908e-07,3.081985949804126e-08,5.311472746222543e-09,4.769838690691288e-09,2.0281184166606428e-10,1.5605200129259018e-10,1.457598817933865e-11,4.2524393297904695e-12,1.3010311990355022e-12,4.1245973941358005e-13,1.3118445800174576e-13,4.256018671533584e-14,4.9348092983909234e-14,1.6067700404626867e-14,1.56141781238936e-15,4.456102349473012e-16,1.360157232438015e-16,4.405768949617314e-17,5.127483661289948e-17]","[0.0,0.0,0.0,0.0,0.0,0.0,0.0,0.0,0.0,0.0,0.0,0.0,0.0,0.0,0.0,0.0,0.0,0.0,0.0,0.0,0.0,0.0,0.0,0.0,0.0,0.0,0.0,0.0,0.0,0.0,0.06488671116869392,0.0313173929713294,0.7082538682473335,0.07766495137439448,0.007352135404048859,0.10815027547119091,0.0019161594284598513,0.00030160710071126275,8.985162006741396e-05,3.410039893996906e-05,2.9930834753953985e-05,2.2378267439524734e-06,5.785802598322e-07,1.8077072425555596e-07,1.5975160512900665e-08,2.2278658007338287e-09,3.0781792330705973e-10,2.766253252051983e-10,8.197930683017684e-12,6.090851060115864e-12,4.370032672003824e-13,1.1117197922734113e-13,2.9822927432046246e-14,8.322724818293974e-15,2.331008992463107e-15,6.674204887105723e-16,7.866834338123694e-16,2.26147196218849e-16,1.696587924672586e-17,4.212751080206985e-18,1.1271822099363414e-18,3.221697405574122e-19,3.8131183036637514e-19]",1.0,1.0,1.134313556128861,0.5671567780644308,True,0.8275685638090484,"{""all_recovered_sources_strict_prior"":true,""current_captured_at_utc"":""2026-06-21T22:12:03.487250+00:00"",""recovered_source_captured_at_utc"":[""2026-06-21T22:10:58.468224+00:00""]}",ff5251c1a2680a730214f6878a807a3627b1399de5e8e69f631d0ab3fb10b1a9
B,seattle,2026-06-21,20260621T181742-0400,2026-06-21T22:17:42.891828+00:00,15:17:42.302426,917,peak_heating_window,F,M5_cutoff_change,1,DEFINED,DEFINED,hgb,hgb,"[45,46,47,48,49,50,51,52,53,54,55,56,57,58,59,60,61,62,63,64,65,66,67,68,69,70,71,72,73,74,75,76,77,78,79,80,81,82,83,84,85,86,87,88,89,90,91,92,93,94,95,96,97,98,99,100,101,102,103,104,105,106,107]","[0.0,0.0,0.0,0.0,0.0,0.0,0.0,0.0,0.0,0.0,0.0,0.0,0.0,0.0,0.0,0.0,0.0,0.0,0.0,0.0,0.0,0.0,0.0,0.0,0.0,0.0016615435476201599,8.382169942657736e-05,0.004796450577139996,0.007036517252746947,0.03489058580693694,0.18713452559724933,0.2751022029468338,0.14109709018290276,0.1947678419072446,0.01720782177629755,0.11952615999144625,0.013336457142394972,0.001055107699037345,0.0020223144535521146,0.00020761879422255813,5.807482176368398e-05,1.0869182949790383e-05,3.6207256742668748e-06,1.1566331927408023e-06,1.779805493859908e-07,3.081985949804126e-08,5.311472746222543e-09,4.769838690691288e-09,2.0281184166606428e-10,1.5605200129259018e-10,1.457598817933865e-11,4.2524393297904695e-12,1.3010311990355022e-12,4.1245973941358005e-13,1.3118445800174576e-13,4.256018671533584e-14,4.9348092983909234e-14,1.6067700404626867e-14,1.56141781238936e-15,4.456102349473012e-16,1.360157232438015e-16,4.405768949617314e-17,5.127483661289948e-17]","[0.0,0.0,0.0,0.0,0.0,0.0,0.0,0.0,0.0,0.0,0.0,0.0,0.0,0.0,0.0,0.0,0.0,0.0,0.0,0.0,0.0,0.0,0.0,0.0,0.0,0.0,0.0,0.0,0.0,0.0,0.06503295174968547,0.031312495304064936,0.7081431057777812,0.07765280550100424,0.007350985617637032,0.10813336205619808,0.0019158597639470723,0.00030155993295291085,8.983756834418573e-05,3.4095066043717246e-05,2.9926153927880544e-05,2.2374767745026717e-06,5.784897767705659e-07,1.8074245386729696e-07,1.597266218806372e-08,2.2275173890569102e-09,3.0776978425002593e-10,2.765820642989977e-10,8.196648624297812e-12,6.089898523553286e-12,4.369349250941864e-13,1.1115459325386991e-13,2.981826348139275e-14,8.32142324325767e-15,2.3306444504194574e-15,6.673161120952461e-16,7.865604058928741e-16,2.2611182949081756e-16,1.6963225985278597e-17,4.212092256112727e-18,1.127005932063667e-18,3.221193570470934e-19,3.8125219773760406e-19]",1.0,1.0,1.1340920311897567,0.5670460155948784,True,0.8274346056533846,"{""all_recovered_sources_strict_prior"":true,""current_captured_at_utc"":""2026-06-21T22:17:42.891828+00:00"",""recovered_source_captured_at_utc"":[""2026-06-21T22:15:47.058841+00:00""]}",9555d1690bda6e9b57dfddd7eb632a3d3ff6fe280453d68240de6c28f1de2306
B,seattle,2026-06-21,20260621T182433-0400,2026-06-21T22:24:33.912406+00:00,15:24:32.587498,924,peak_heating_window,F,M5_cutoff_change,1,DEFINED,DEFINED,hgb,hgb,"[45,46,47,48,49,50,51,52,53,54,55,56,57,58,59,60,61,62,63,64,65,66,67,68,69,70,71,72,73,74,75,76,77,78,79,80,81,82,83,84,85,86,87,88,89,90,91,92,93,94,95,96,97,98,99,100,101,102,103,104,105,106,107]","[0.0,0.0,0.0,0.0,0.0,0.0,0.0,0.0,0.0,0.0,0.0,0.0,0.0,0.0,0.0,0.0,0.0,0.0,0.0,0.0,0.0,0.0,0.0,0.0,0.0,0.0016615435476201599,8.382169942657736e-05,0.004796450577139996,0.007036517252746947,0.03489058580693694,0.18713452559724933,0.2751022029468338,0.14109709018290276,0.1947678419072446,0.01720782177629755,0.11952615999144625,0.013336457142394972,0.001055107699037345,0.0020223144535521146,0.00020761879422255813,5.807482176368398e-05,1.0869182949790383e-05,3.6207256742668748e-06,1.1566331927408023e-06,1.779805493859908e-07,3.081985949804126e-08,5.311472746222543e-09,4.769838690691288e-09,2.0281184166606428e-10,1.5605200129259018e-10,1.457598817933865e-11,4.2524393297904695e-12,1.3010311990355022e-12,4.1245973941358005e-13,1.3118445800174576e-13,4.256018671533584e-14,4.9348092983909234e-14,1.6067700404626867e-14,1.56141781238936e-15,4.456102349473012e-16,1.360157232438015e-16,4.405768949617314e-17,5.127483661289948e-17]","[0.0,0.0,0.0,0.0,0.0,0.0,0.0,0.0,0.0,0.0,0.0,0.0,0.0,0.0,0.0,0.0,0.0,0.0,0.0,0.0,0.0,0.0,0.0,0.0,0.0,0.0,0.0,0.0,0.0,0.0,0.06523843518366891,0.03130561356521251,0.707987472830717,0.07763573926838921,0.007349370046510002,0.1081095969250043,0.0019154387037139187,0.00030149365727967606,8.98178241916205e-05,3.4087572762252754e-05,2.99195768737624e-05,2.236985030529508e-06,5.783626385296217e-07,1.807027309913338e-07,1.5969151778277186e-08,2.2270278339188773e-09,3.0770214379974214e-10,2.765212781649229e-10,8.194847196632922e-12,6.088560109259889e-12,4.368388972298848e-13,1.1113016412819364e-13,2.981171013901876e-14,8.319594393110641e-15,2.330132230415593e-15,6.671694519466103e-16,7.863875386955318e-16,2.26062135509329e-16,1.695949787322008e-17,4.211166538802515e-18,1.126758243068131e-18,3.220485629033184e-19,3.811684076072978e-19]",1.0,1.0,1.1337807652956289,0.5668903826478142,True,0.8272464956063599,"{""all_recovered_sources_strict_prior"":true,""current_captured_at_utc"":""2026-06-21T22:24:33.912406+00:00"",""recovered_source_captured_at_utc"":[""2026-06-21T22:23:27.675526+00:00""]}",be1c817a2f0e16831ae66025e007e42807f3d5d00d468b02f03026062ce93eaf
B,seattle,2026-06-21,20260621T193053-0400,2026-06-21T23:30:53.599061+00:00,16:30:52.931022,990,peak_heating_window,F,M5_cutoff_change,1,DEFINED,DEFINED,hgb,hgb,"[46,47,48,49,50,51,52,53,54,55,56,57,58,59,60,61,62,63,64,65,66,67,68,69,70,71,72,73,74,75,76,77,78,79,80,81,82,83,84,85,86,87,88,89,90,91,92,93,94,95,96,97,98,99,100,101,102,103,104,105,106,107,108]","[0.0,0.0,0.0,0.0,0.0,0.0,0.0,0.0,0.0,0.0,0.0,0.0,0.0,0.0,0.0,0.0,0.0,0.0,0.0,0.0,0.0,0.0,0.0,0.0,0.0,0.0,0.0,0.0,0.0,0.0010000000001930986,0.013645568788635645,0.6790825472928904,0.22876247574763864,0.024609290341618656,0.04319790974281646,0.008840421741578338,0.0003261053991303844,0.00038473256964763385,0.00010208589754684567,3.858636019070003e-05,8.164397839384639e-06,9.636700070789582e-07,9.628696538021072e-07,1.791188864580179e-07,4.946280973289329e-09,6.924793362605062e-10,3.5166577869969995e-10,6.20304865149473e-11,7.376091348968448e-12,1.6311698928887615e-12,1.8837662316431534e-13,5.2745454486008306e-14,1.476872725608233e-14,4.135243631703051e-15,1.1578682168768543e-15,9.952507326961298e-16,4.0798592450851865e-16,6.162592451588936e-17,7.116906467126602e-18,1.9927338107954487e-18,5.579654670227257e-19,4.79601678135161e-19,8.014918496628442e-20]","[0.0,0.0,0.0,0.0,0.0,0.0,0.0,0.0,0.0,0.0,0.0,0.0,0.0,0.0,0.0,0.0,0.0,0.0,0.0,0.0,0.0,0.0,0.0,0.0,0.0,0.0,0.0,0.0,0.0,0.0,0.0,0.18346977115907287,0.5774691378576075,0.1429996196639504,0.07231978369503418,0.017752108468738988,0.00140252712791368,0.0035268043770250814,0.0008117277792197658,0.00014910891161007737,7.993842253336891e-05,1.590100817970568e-05,2.957081573274959e-06,5.568654210673908e-07,4.026367820358483e-08,6.86043766105685e-09,8.447243887186937e-09,1.8598869162893164e-09,1.1504077364386383e-10,2.958001756928682e-11,4.23827445107306e-12,1.3476637405245343e-12,4.285228761117036e-13,1.362594019778062e-13,4.3327032609828735e-14,3.780933734118409e-14,1.694359700099541e-14,3.0912787412387347e-15,4.4292359460059977e-16,1.4083846507742997e-16,4.478305849398882e-17,3.9079938407438875e-17,7.809091471576824e-18]",1.0,1.0,1.0205166898452926,0.49561277613381755,True,0.8681439134143303,"{""all_recovered_sources_strict_prior"":true,""current_captured_at_utc"":""2026-06-21T23:30:53.599061+00:00"",""recovered_source_captured_at_utc"":[""2026-06-21T23:26:51.033729+00:00""]}",2bc54384da1214af92261fd4cf96281534c6df634a094f325466a6c41f0f59d7
B,seattle,2026-06-21,20260621T194336-0400,2026-06-21T23:43:36.897320+00:00,16:43:36.334884,1003,peak_heating_window,F,M5_cutoff_change,1,DEFINED,DEFINED,hgb,hgb,"[46,47,48,49,50,51,52,53,54,55,56,57,58,59,60,61,62,63,64,65,66,67,68,69,70,71,72,73,74,75,76,77,78,79,80,81,82,83,84,85,86,87,88,89,90,91,92,93,94,95,96,97,98,99,100,101,102,103,104,105,106,107,108]","[0.0,0.0,0.0,0.0,0.0,0.0,0.0,0.0,0.0,0.0,0.0,0.0,0.0,0.0,0.0,0.0,0.0,0.0,0.0,0.0,0.0,0.0,0.0,0.0,0.0,0.0,0.0,0.0,0.0,0.0010000000002356245,0.014792295367686963,0.6399206207531015,0.23423414878800541,0.029865823934377617,0.06582228769169922,0.013303358131031107,0.00040746686653391195,0.00046974991214338366,0.00012460824706780497,4.709753954931283e-05,9.96525675381883e-06,1.1762306830830248e-06,1.1752543634191622e-06,2.186279839363075e-07,6.037300211139968e-09,8.452220295595957e-10,4.2923423949055326e-10,7.571282675953719e-11,9.003062725104525e-12,1.99096298651905e-12,2.299275421160411e-13,6.437971179249152e-14,1.802631930189763e-14,5.047369404531337e-15,1.4132634332687745e-15,1.214776817388874e-15,4.979768681720086e-16,7.521897949199085e-17,8.686708488392519e-18,2.432278376749906e-18,6.810379454899739e-19,5.85389169823677e-19,9.782798307105808e-20]","[0.0,0.0,0.0,0.0,0.0,0.0,0.0,0.0,0.0,0.0,0.0,0.0,0.0,0.0,0.0,0.0,0.0,0.0,0.0,0.0,0.0,0.0,0.0,0.0,0.0,0.0,0.0,0.0,0.0,0.0,0.0,0.17339629033888285,0.5914924284553589,0.1519277068910227,0.06112819232989289,0.015388290430974004,0.0016076791897587834,0.0038798174162724504,0.0008931158389555473,0.00016449619306472285,8.809011380165674e-05,1.763169985495905e-05,1.3282921926195947e-05,2.9109644663648406e-06,4.751244191030589e-08,8.095538221871077e-09,9.371111461593079e-09,2.058641125395936e-09,1.357518318975657e-10,3.4905376984198084e-11,5.00130086571707e-12,1.5902867806199726e-12,5.056708469491439e-13,1.6079049927999703e-13,5.1127299140721204e-14,4.46162403496019e-14,1.999399220783938e-14,3.6478088484373034e-15,5.22664160307421e-16,1.6619394176789986e-16,5.284545675392452e-17,4.611559068332847e-17,9.214980386032509e-18]",1.0,1.0,0.9740214422878952,0.4665243304142187,True,0.8700664071376598,"{""all_recovered_sources_strict_prior"":true,""current_captured_at_utc"":""2026-06-21T23:43:36.897320+00:00"",""recovered_source_captured_at_utc"":[""2026-06-21T23:41:08.462033+00:00""]}",79a4ca783aa29bcf854a8c747f79709c86b865004e66fafe4402b419287c8b14
B,seattle,2026-06-21,20260621T194929-0400,2026-06-21T23:49:29.876871+00:00,16:49:28.914916,1009,peak_heating_window,F,M5_cutoff_change,1,DEFINED,DEFINED,hgb,hgb,"[46,47,48,49,50,51,52,53,54,55,56,57,58,59,60,61,62,63,64,65,66,67,68,69,70,71,72,73,74,75,76,77,78,79,80,81,82,83,84,85,86,87,88,89,90,91,92,93,94,95,96,97,98,99,100,101,102,103,104,105,106,107,108]","[0.0,0.0,0.0,0.0,0.0,0.0,0.0,0.0,0.0,0.0,0.0,0.0,0.0,0.0,0.0,0.0,0.0,0.0,0.0,0.0,0.0,0.0,0.0,0.0,0.0,0.0,0.0,0.0,0.0,0.0010000000002356245,0.014792295367686963,0.6399206207531015,0.23423414878800541,0.029865823934377617,0.06582228769169922,0.013303358131031107,0.00040746686653391195,0.00046974991214338366,0.00012460824706780497,4.709753954931283e-05,9.96525675381883e-06,1.1762306830830248e-06,1.1752543634191622e-06,2.186279839363075e-07,6.037300211139968e-09,8.452220295595957e-10,4.2923423949055326e-10,7.571282675953719e-11,9.003062725104525e-12,1.99096298651905e-12,2.299275421160411e-13,6.437971179249152e-14,1.802631930189763e-14,5.047369404531337e-15,1.4132634332687745e-15,1.214776817388874e-15,4.979768681720086e-16,7.521897949199085e-17,8.686708488392519e-18,2.432278376749906e-18,6.810379454899739e-19,5.85389169823677e-19,9.782798307105808e-20]","[0.0,0.0,0.0,0.0,0.0,0.0,0.0,0.0,0.0,0.0,0.0,0.0,0.0,0.0,0.0,0.0,0.0,0.0,0.0,0.0,0.0,0.0,0.0,0.0,0.0,0.0,0.0,0.0,0.0,0.0,0.0,0.17353482629174727,0.5913932963486062,0.15190224432728786,0.06111794745405659,0.01538571140616091,0.0016074097482285186,0.0038791671721513286,0.0008929661557974363,0.0001644686240657183,8.807535020005319e-05,1.7628744842404085e-05,1.3280695753939079e-05,2.9104765986824315e-06,4.75044789876429e-08,8.09418143737034e-09,9.369540895382744e-09,2.058296104188579e-09,1.357290803551213e-10,3.4899526962471735e-11,5.0004626648078596e-12,1.5900202539979576e-12,5.055860982457455e-13,1.6076355134258882e-13,5.111873038035747e-14,4.4608762820408855e-14,1.9990641283170517e-14,3.6471974881581504e-15,5.225765635828598e-16,1.6616608823202282e-16,5.283660003622485e-17,4.6107861868150705e-17,9.213435986856112e-18]",1.0,1.0,0.9737648601338389,0.46638579446135425,True,0.8697110614671735,"{""all_recovered_sources_strict_prior"":true,""current_captured_at_utc"":""2026-06-21T23:49:29.876871+00:00"",""recovered_source_captured_at_utc"":[""2026-06-21T23:44:37.009989+00:00""]}",d46ac26269a8750eed3c3c11474c2d03d7aa88f477a9cdd7df7dc917f57b91ac
B,seattle,2026-06-21,20260621T195845-0400,2026-06-21T23:58:45.549782+00:00,16:58:44.926057,1018,peak_heating_window,F,M5_cutoff_change,1,DEFINED,DEFINED,hgb,hgb,"[46,47,48,49,50,51,52,53,54,55,56,57,58,59,60,61,62,63,64,65,66,67,68,69,70,71,72,73,74,75,76,77,78,79,80,81,82,83,84,85,86,87,88,89,90,91,92,93,94,95,96,97,98,99,100,101,102,103,104,105,106,107,108]","[0.0,0.0,0.0,0.0,0.0,0.0,0.0,0.0,0.0,0.0,0.0,0.0,0.0,0.0,0.0,0.0,0.0,0.0,0.0,0.0,0.0,0.0,0.0,0.0,0.0,0.0,0.0,0.0,0.0,0.0010000000001690185,0.010610815385693655,0.6426393713310465,0.23522931007323228,0.029992711119208187,0.06610193859979602,0.013359878442198426,0.00040919801996600286,0.00047174567974910073,0.00012513765451733146,4.7297636965643606e-05,1.0007594891831841e-05,1.1812279870387331e-06,1.1802475194078189e-06,2.195568412639277e-07,6.0629501322488506e-09,8.48813018514839e-10,4.310578732333061e-10,7.603449836197451e-11,9.041312909882673e-12,1.999421741550097e-12,2.309044064609935e-13,6.465323380907816e-14,1.8102905466541895e-14,5.06881353063173e-15,1.4192677885768844e-15,1.2199378874766973e-15,5.000925601097877e-16,7.553855294740725e-17,8.723614618555138e-18,2.4426120931954387e-18,6.839313860947231e-19,5.878762394572635e-19,9.824361256773005e-20]","[0.0,0.0,0.0,0.0,0.0,0.0,0.0,0.0,0.0,0.0,0.0,0.0,0.0,0.0,0.0,0.0,0.0,0.0,0.0,0.0,0.0,0.0,0.0,0.0,0.0,0.0,0.0,0.0,0.0,0.0,0.0,0.1737427808135757,0.5912444904290505,0.15186402280315275,0.061102569003829946,0.015381840065467754,0.001607005293042494,0.003878191099135746,0.000892741468350409,0.00016442724059892336,8.805318874919191e-05,1.7624309111388727e-05,1.3277354075641052e-05,2.9097442668327356e-06,4.7492525947724424e-08,8.092144785755796e-09,9.367183338816981e-09,2.057778197329653e-09,1.3569492830987928e-10,3.4890745570741755e-11,4.9992044522957534e-12,1.5896201743428964e-12,5.05458883066391e-13,1.607231001433001e-13,5.110586792532502e-14,4.459753839833184e-14,1.9985611253616544e-14,3.646279783173367e-15,5.224450732758807e-16,1.6612427765061948e-16,5.282330533217063e-17,4.609626024394155e-17,9.21111770928557e-18]",1.0,1.0000000000000002,0.9710135509985995,0.46889659051747085,True,0.8707213412008485,"{""all_recovered_sources_strict_prior"":true,""current_captured_at_utc"":""2026-06-21T23:58:45.549782+00:00"",""recovered_source_captured_at_utc"":[""2026-06-21T23:56:37.485575+00:00""]}",787d7dc566cacdda7a78c58b7f231580816cb5f72a9d49caff299ff1e4b5fb74
B,seattle,2026-06-21,20260621T200125-0400,2026-06-22T00:01:25.775034+00:00,17:01:25.248853,1021,settlement_window,F,M5_cutoff_change,1,DEFINED,DEFINED,hgb,hgb,"[45,46,47,48,49,50,51,52,53,54,55,56,57,58,59,60,61,62,63,64,65,66,67,68,69,70,71,72,73,74,75,76,77,78,79,80,81,82,83,84,85,86,87,88,89,90,91,92,93,94,95,96,97,98,99,100,101,102,103,104,105,106,107]","[0.0,0.0,0.0,0.0,0.0,0.0,0.0,0.0,0.0,0.0,0.0,0.0,0.0,0.0,0.0,0.0,0.0,0.0,0.0,0.0,0.0,0.0,0.0,0.0,0.0,0.0,0.0,0.0,0.0,0.0,0.004035439921215161,0.04625605150044636,0.7325419736100943,0.12526054063127703,0.01902663845996129,0.0709290512170841,0.0010554921249642955,0.00031811995250866966,0.00047558261653075353,5.293636287989703e-05,4.323732168118622e-05,2.830907877242792e-06,9.32026105929603e-07,1.1492408406346406e-06,2.0388598021642237e-08,2.8544037230224853e-09,4.4759867485002024e-10,3.9843729542016207e-10,8.041800788988563e-12,8.678758056189047e-12,5.570288751441259e-13,1.5596808504035525e-13,4.3671063811299476e-14,1.2227897867163857e-14,3.4238114028058797e-15,1.085074431535678e-15,1.2064126471010383e-15,3.278852136702882e-16,2.104466221603051e-17,5.892505420488545e-18,1.6499015177367927e-18,5.2288684767535525e-19,5.594215304332666e-19]","[0.0,0.0,0.0,0.0,0.0,0.0,0.0,0.0,0.0,0.0,0.0,0.0,0.0,0.0,0.0,0.0,0.0,0.0,0.0,0.0,0.0,0.0,0.0,0.0,0.0,0.0,0.0,0.0,0.0,0.0,0.0,0.0,0.536020838344888,0.4144425321008775,0.016841947864874116,0.029174011378853486,0.0013309405166198607,0.00057475252192896,0.0015162517903774557,2.6280943741866772e-05,5.03370669394509e-05,1.7223048238218386e-05,1.6883919700587852e-06,3.1680041288891556e-06,2.275953952025416e-08,3.3539424767205663e-09,6.564709625145978e-10,1.2325822326063484e-09,1.1012531935527674e-11,1.1861190508665638e-11,8.177942999015597e-13,2.367102537420108e-13,6.85156942685366e-14,1.98318420384779e-14,5.740319248574689e-15,1.87455472489599e-15,2.0784238143380984e-15,5.844027028857868e-16,4.029285246855298e-17,1.1662751052396282e-17,3.3757789229821513e-18,1.1023920545624253e-18,1.1773422694344702e-18]",1.0,1.0,0.5815580250786472,0.28918199146960044,False,0.29340415791110686,"{""all_recovered_sources_strict_prior"":true,""current_captured_at_utc"":""2026-06-22T00:01:25.775034+00:00"",""recovered_source_captured_at_utc"":[""2026-06-22T00:00:02.353419+00:00""]}",b34f42a736eebf3a640f0553b24c3e4ffa3951d1322f28df4024360d6b0bfb24
B,toronto,2026-06-21,20260621T131716-0400,2026-06-21T17:17:16.211192+00:00,13:17:15.832013,797,settlement_window,C,M5_cutoff_change,1,DEFINED,DEFINED,hgb,hgb,"[8,9,10,11,12,13,14,15,16,17,18,19,20,21,22,23,24,25,26,27,28,29,30,31,32,33,34,35,36]","[0.0,0.0,0.0,0.0,0.0,0.0,0.0,0.0,0.0,0.0,0.0,0.0,0.0,0.0,0.005915024773775481,0.4432481506770243,0.3776572258600586,0.1384344188987503,0.02879891734765111,0.00247526431052126,0.002829605969421565,0.0005036341389110956,9.794192721970696e-05,2.9366620046694195e-05,7.477841317857801e-06,2.043842002778789e-06,8.009835038780109e-07,1.1970626042992898e-07,7.103534784800233e-09]","[0.0,0.0,0.0,0.0,0.0,0.0,0.0,0.0,0.0,0.0,0.0,0.0,0.0,0.0,0.0,0.37812404389168836,0.5500000000000002,0.060757336007201124,0.010666095059369855,0.000344040205300476,7.877228200982825e-05,2.260516526050255e-05,5.3080729061597375e-06,1.5242240128405714e-06,2.188447161269066e-07,4.3042648246985726e-08,1.167041275618092e-08,1.4613585616053255e-09,7.311505528017004e-11]",0.9999999999999998,1.0,0.34468554827988296,0.17234277413994153,True,0.2455005483411979,"{""all_recovered_sources_strict_prior"":true,""current_captured_at_utc"":""2026-06-21T17:17:16.211192+00:00"",""recovered_source_captured_at_utc"":[""2026-06-21T17:16:16.367985+00:00""]}",b72a3c013c4bc0e270979a7649428722b818856ff9ee3b223baa1551c2bcae68
B,toronto,2026-06-21,20260621T131916-0400,2026-06-21T17:19:16.776754+00:00,13:19:16.377273,799,settlement_window,C,M5_cutoff_change,1,DEFINED,DEFINED,hgb,hgb,"[8,9,10,11,12,13,14,15,16,17,18,19,20,21,22,23,24,25,26,27,28,29,30,31,32,33,34,35,36]","[0.0,0.0,0.0,0.0,0.0,0.0,0.0,0.0,0.0,0.0,0.0,0.0,0.0,0.0,0.005915024773775481,0.4432481506770243,0.3776572258600586,0.1384344188987503,0.02879891734765111,0.00247526431052126,0.002829605969421565,0.0005036341389110956,9.794192721970696e-05,2.9366620046694195e-05,7.477841317857801e-06,2.043842002778789e-06,8.009835038780109e-07,1.1970626042992898e-07,7.103534784800233e-09]","[0.0,0.0,0.0,0.0,0.0,0.0,0.0,0.0,0.0,0.0,0.0,0.0,0.0,0.0,0.0,0.37812404389168836,0.5500000000000002,0.060757336007201124,0.010666095059369855,0.000344040205300476,7.877228200982825e-05,2.260516526050255e-05,5.3080729061597375e-06,1.5242240128405714e-06,2.188447161269066e-07,4.3042648246985726e-08,1.167041275618092e-08,1.4613585616053255e-09,7.311505528017004e-11]",0.9999999999999998,1.0,0.34468554827988296,0.17234277413994153,True,0.2455005483411979,"{""all_recovered_sources_strict_prior"":true,""current_captured_at_utc"":""2026-06-21T17:19:16.776754+00:00"",""recovered_source_captured_at_utc"":[""2026-06-21T17:18:17.531664+00:00""]}",f8a5cd411754e4732e404bbc55130c21b49427ef918065a33fa73f0521236101
B,toronto,2026-06-21,20260621T132416-0400,2026-06-21T17:24:16.401615+00:00,13:24:15.801049,804,settlement_window,C,M5_cutoff_change,1,DEFINED,DEFINED,hgb,hgb,"[8,9,10,11,12,13,14,15,16,17,18,19,20,21,22,23,24,25,26,27,28,29,30,31,32,33,34,35,36]","[0.0,0.0,0.0,0.0,0.0,0.0,0.0,0.0,0.0,0.0,0.0,0.0,0.0,0.0,0.005825134531152743,0.4439358863528678,0.3909474756543222,0.1253429370337075,0.02824888447369772,0.0024286216269047327,0.0026440198351949645,0.0004920596337761777,9.58566714303905e-05,2.889035417113064e-05,7.323658697074616e-06,2.0010892191112075e-06,7.84448846714429e-07,1.1756052841117228e-07,7.0754834416067786e-09]","[0.0,0.0,0.0,0.0,0.0,0.0,0.0,0.0,0.0,0.0,0.0,0.0,0.0,0.0,0.0,0.37721280725517226,0.5500000000000002,0.06231534730631971,0.010007953642782374,0.00035242845948470593,8.09216950979648e-05,2.3231256496592143e-05,5.474996974489998e-06,1.5522990041107095e-06,2.2520644118182107e-07,4.4345378607771556e-08,1.1969435652933949e-08,1.4940095543728936e-09,7.340277539166908e-11]",0.9999999999999999,1.0000000000000002,0.31810504869135586,0.15905252434567796,True,0.2157442284340656,"{""all_recovered_sources_strict_prior"":true,""current_captured_at_utc"":""2026-06-21T17:24:16.401615+00:00"",""recovered_source_captured_at_utc"":[""2026-06-21T17:23:16.415249+00:00""]}",917bc4e7ea02350e161a720992f14a136bd6acb8622e61ba32ce05d252bd0356
B,atlanta,2026-06-22,20260622T122222-0400,2026-06-22T16:22:22.843300+00:00,12:22:21.736393,742,settlement_window,F,M5_cutoff_change,1,DEFINED,DEFINED,hgb,hgb,"[46,47,48,49,50,51,52,53,54,55,56,57,58,59,60,61,62,63,64,65,66,67,68,69,70,71,72,73,74,75,76,77,78,79,80,81,82,83,84,85,86,87,88,89,90,91,92,93,94,95,96,97,98,99,100,101,102,103,104]","[0.0,0.0,0.0,0.0,0.0,0.0,0.0,0.0,0.0,0.0,0.0,0.0,0.0,0.0,0.0,0.0,0.0,0.0,0.0,0.0,0.0,0.0,0.0,0.0,0.0,0.0,0.0,0.0,0.0,0.0,0.0,0.0,0.0,0.0,0.0,0.0010000000000044093,0.0003578333690783141,0.017328462138647867,0.023933478790264473,0.022084066770799136,0.05874363967005855,0.04504862697605299,0.1338522554389915,0.5436235000786752,0.10031647729894827,0.02616231348553741,0.021828816395551478,0.00447305844170156,0.0010284485644259217,0.00018468623400651727,2.4199333968523385e-05,8.104892448381157e-06,1.864679260570118e-06,1.6043609915003387e-07,4.975123434642553e-09,1.393034561699915e-09,3.9004967727597625e-10,1.0921390963727336e-10,1.380582153428286e-10]","[0.0,0.0,0.0,0.0,0.0,0.0,0.0,0.0,0.0,0.0,0.0,0.0,0.0,0.0,0.0,0.0,0.0,0.0,0.0,0.0,0.0,0.0,0.0,0.0,0.0,0.0,0.0,0.0,0.0,0.0,0.0,0.0,0.0,0.0,0.0,0.0,0.0,0.009055091158487608,0.027961487200207934,0.02549926955717871,0.030013804704997715,0.14469956531815753,0.17804787974812386,0.43079174645084917,0.089106227082332,0.030549112404735353,0.02567136269291048,0.006122890414257432,0.0017554102061240868,0.000641871651763899,5.5689227956973056e-05,2.18641362180641e-05,5.988726006410193e-06,6.92647071530122e-07,3.116295118542586e-08,1.0000683402977569e-08,3.209377312549425e-09,1.0299398870321458e-09,1.269669589218284e-09]",1.0,1.0,0.32480608631749225,0.11283175362782605,False,0.14434159073117941,"{""all_recovered_sources_strict_prior"":true,""current_captured_at_utc"":""2026-06-22T16:22:22.843300+00:00"",""recovered_source_captured_at_utc"":[""2026-06-22T16:18:30.867825+00:00""]}",91affbc1a22379681428f9aadee8ae8c607d4f5b56b96f8d98dca21fd6bb231f
B,atlanta,2026-06-22,20260622T122621-0400,2026-06-22T16:26:21.499402+00:00,12:26:20.945362,746,settlement_window,F,M5_cutoff_change,1,DEFINED,DEFINED,hgb,hgb,"[46,47,48,49,50,51,52,53,54,55,56,57,58,59,60,61,62,63,64,65,66,67,68,69,70,71,72,73,74,75,76,77,78,79,80,81,82,83,84,85,86,87,88,89,90,91,92,93,94,95,96,97,98,99,100,101,102,103,104]","[0.0,0.0,0.0,0.0,0.0,0.0,0.0,0.0,0.0,0.0,0.0,0.0,0.0,0.0,0.0,0.0,0.0,0.0,0.0,0.0,0.0,0.0,0.0,0.0,0.0,0.0,0.0,0.0,0.0,0.0,0.0,0.0,0.0,0.0,0.0,0.0010000000000044093,0.0003578333690783141,0.017328462138647867,0.023933478790264473,0.022084066770799136,0.05874363967005855,0.04504862697605299,0.1338522554389915,0.5436235000786752,0.10031647729894827,0.02616231348553741,0.021828816395551478,0.00447305844170156,0.0010284485644259217,0.00018468623400651727,2.4199333968523385e-05,8.104892448381157e-06,1.864679260570118e-06,1.6043609915003387e-07,4.975123434642553e-09,1.393034561699915e-09,3.9004967727597625e-10,1.0921390963727336e-10,1.380582153428286e-10]","[0.0,0.0,0.0,0.0,0.0,0.0,0.0,0.0,0.0,0.0,0.0,0.0,0.0,0.0,0.0,0.0,0.0,0.0,0.0,0.0,0.0,0.0,0.0,0.0,0.0,0.0,0.0,0.0,0.0,0.0,0.0,0.0,0.0,0.0,0.0,0.0,0.0,0.00831624092935025,0.026870932044559075,0.0243499428923605,0.028623072088068916,0.11464713366564798,0.2608529990551836,0.39056763184131793,0.08309796190633291,0.02959608561323324,0.02480673123599403,0.00591660861617303,0.0016768169887310862,0.0005969195166723767,5.3512279634924115e-05,2.117063815929116e-05,5.521199967059288e-06,6.740679114291124e-07,3.032705440177967e-08,9.732430918125541e-09,3.123290851831873e-09,1.0023133816412913e-09,1.235612714450361e-09]",1.0,1.0,0.42153001158068515,0.15305586823735728,False,0.21895071043015338,"{""all_recovered_sources_strict_prior"":true,""current_captured_at_utc"":""2026-06-22T16:26:21.499402+00:00"",""recovered_source_captured_at_utc"":[""2026-06-22T16:25:24.678683+00:00""]}",6cfa5f63b4b2e2dbeacd334da62b21ee2ea7df3790b0e41d25881f3a52ba4bee
B,atlanta,2026-06-22,20260622T123226-0400,2026-06-22T16:32:26.693290+00:00,12:32:26.199674,752,settlement_window,F,M5_cutoff_change,1,DEFINED,DEFINED,hgb,hgb,"[46,47,48,49,50,51,52,53,54,55,56,57,58,59,60,61,62,63,64,65,66,67,68,69,70,71,72,73,74,75,76,77,78,79,80,81,82,83,84,85,86,87,88,89,90,91,92,93,94,95,96,97,98,99,100,101,102,103,104]","[0.0,0.0,0.0,0.0,0.0,0.0,0.0,0.0,0.0,0.0,0.0,0.0,0.0,0.0,0.0,0.0,0.0,0.0,0.0,0.0,0.0,0.0,0.0,0.0,0.0,0.0,0.0,0.0,0.0,0.0,0.0,0.0,0.0,0.0,0.0,0.0010000000000044093,0.0003578333690783141,0.017328462138647867,0.023933478790264473,0.022084066770799136,0.05874363967005855,0.04504862697605299,0.1338522554389915,0.5436235000786752,0.10031647729894827,0.02616231348553741,0.021828816395551478,0.00447305844170156,0.0010284485644259217,0.00018468623400651727,2.4199333968523385e-05,8.104892448381157e-06,1.864679260570118e-06,1.6043609915003387e-07,4.975123434642553e-09,1.393034561699915e-09,3.9004967727597625e-10,1.0921390963727336e-10,1.380582153428286e-10]","[0.0,0.0,0.0,0.0,0.0,0.0,0.0,0.0,0.0,0.0,0.0,0.0,0.0,0.0,0.0,0.0,0.0,0.0,0.0,0.0,0.0,0.0,0.0,0.0,0.0,0.0,0.0,0.0,0.0,0.0,0.0,0.0,0.0,0.0,0.0,0.0,0.0,0.00831624092935025,0.026870932044559075,0.0243499428923605,0.028623072088068916,0.11464713366564798,0.2608529990551836,0.39056763184131793,0.08309796190633291,0.02959608561323324,0.02480673123599403,0.00591660861617303,0.0016768169887310862,0.0005969195166723767,5.3512279634924115e-05,2.117063815929116e-05,5.521199967059288e-06,6.740679114291124e-07,3.032705440177967e-08,9.732430918125541e-09,3.123290851831873e-09,1.0023133816412913e-09,1.235612714450361e-09]",1.0,1.0,0.42153001158068515,0.15305586823735728,False,0.21895071043015338,"{""all_recovered_sources_strict_prior"":true,""current_captured_at_utc"":""2026-06-22T16:32:26.693290+00:00"",""recovered_source_captured_at_utc"":[""2026-06-22T16:31:22.620571+00:00""]}",9807ea19619cb9b9747c3c101101adf7fe3761b09d8744f9a37d534d0529c66a
B,atlanta,2026-06-22,20260622T123419-0400,2026-06-22T16:34:19.375788+00:00,12:34:18.693613,754,settlement_window,F,M5_cutoff_change,1,DEFINED,DEFINED,hgb,hgb,"[46,47,48,49,50,51,52,53,54,55,56,57,58,59,60,61,62,63,64,65,66,67,68,69,70,71,72,73,74,75,76,77,78,79,80,81,82,83,84,85,86,87,88,89,90,91,92,93,94,95,96,97,98,99,100,101,102,103,104]","[0.0,0.0,0.0,0.0,0.0,0.0,0.0,0.0,0.0,0.0,0.0,0.0,0.0,0.0,0.0,0.0,0.0,0.0,0.0,0.0,0.0,0.0,0.0,0.0,0.0,0.0,0.0,0.0,0.0,0.0,0.0,0.0,0.0,0.0,0.0,0.0010000000000044093,0.0003578333690783141,0.017328462138647867,0.023933478790264473,0.022084066770799136,0.05874363967005855,0.04504862697605299,0.1338522554389915,0.5436235000786752,0.10031647729894827,0.02616231348553741,0.021828816395551478,0.00447305844170156,0.0010284485644259217,0.00018468623400651727,2.4199333968523385e-05,8.104892448381157e-06,1.864679260570118e-06,1.6043609915003387e-07,4.975123434642553e-09,1.393034561699915e-09,3.9004967727597625e-10,1.0921390963727336e-10,1.380582153428286e-10]","[0.0,0.0,0.0,0.0,0.0,0.0,0.0,0.0,0.0,0.0,0.0,0.0,0.0,0.0,0.0,0.0,0.0,0.0,0.0,0.0,0.0,0.0,0.0,0.0,0.0,0.0,0.0,0.0,0.0,0.0,0.0,0.0,0.0,0.0,0.0,0.0,0.0,0.00831624092935025,0.026870932044559075,0.0243499428923605,0.028623072088068916,0.11464713366564798,0.2608529990551836,0.39056763184131793,0.08309796190633291,0.02959608561323324,0.02480673123599403,0.00591660861617303,0.0016768169887310862,0.0005969195166723767,5.3512279634924115e-05,2.117063815929116e-05,5.521199967059288e-06,6.740679114291124e-07,3.032705440177967e-08,9.732430918125541e-09,3.123290851831873e-09,1.0023133816412913e-09,1.235612714450361e-09]",1.0,1.0,0.42153001158068515,0.15305586823735728,False,0.21895071043015338,"{""all_recovered_sources_strict_prior"":true,""current_captured_at_utc"":""2026-06-22T16:34:19.375788+00:00"",""recovered_source_captured_at_utc"":[""2026-06-22T16:33:18.271884+00:00""]}",5a8600684f8d3f73af0d396a90ead9d2bce4547778db7ccd6ea3c5609ef5ecf7
B,atlanta,2026-06-22,20260622T123826-0400,2026-06-22T16:38:26.793054+00:00,12:38:24.564157,758,settlement_window,F,M5_cutoff_change,1,DEFINED,DEFINED,hgb,hgb,"[46,47,48,49,50,51,52,53,54,55,56,57,58,59,60,61,62,63,64,65,66,67,68,69,70,71,72,73,74,75,76,77,78,79,80,81,82,83,84,85,86,87,88,89,90,91,92,93,94,95,96,97,98,99,100,101,102,103,104]","[0.0,0.0,0.0,0.0,0.0,0.0,0.0,0.0,0.0,0.0,0.0,0.0,0.0,0.0,0.0,0.0,0.0,0.0,0.0,0.0,0.0,0.0,0.0,0.0,0.0,0.0,0.0,0.0,0.0,0.0,0.0,0.0,0.0,0.0,0.0,0.0010000000000044093,0.0003578333690783141,0.017328462138647867,0.023933478790264473,0.022084066770799136,0.05874363967005855,0.04504862697605299,0.1338522554389915,0.5436235000786752,0.10031647729894827,0.02616231348553741,0.021828816395551478,0.00447305844170156,0.0010284485644259217,0.00018468623400651727,2.4199333968523385e-05,8.104892448381157e-06,1.864679260570118e-06,1.6043609915003387e-07,4.975123434642553e-09,1.393034561699915e-09,3.9004967727597625e-10,1.0921390963727336e-10,1.380582153428286e-10]","[0.0,0.0,0.0,0.0,0.0,0.0,0.0,0.0,0.0,0.0,0.0,0.0,0.0,0.0,0.0,0.0,0.0,0.0,0.0,0.0,0.0,0.0,0.0,0.0,0.0,0.0,0.0,0.0,0.0,0.0,0.0,0.0,0.0,0.0,0.0,0.0,0.0,0.007947023703573197,0.027629461282225168,0.02517064105833827,0.029622084451136572,0.14441955141227653,0.2808227711903885,0.3323422933586357,0.0877002642481256,0.030468965946813618,0.02537859754907124,0.006057913752012494,0.001725652136070874,0.0006315279827565383,5.501396073740618e-05,2.1620418886385454e-05,5.886008856136869e-06,6.853585936824061e-07,3.083503457576969e-08,9.895449781930697e-09,3.1756061808880937e-09,1.0191021973057892e-09,1.2563093094231302e-09]",1.0,1.0,0.5275164935878831,0.21128120672003953,False,0.31284315503191035,"{""all_recovered_sources_strict_prior"":true,""current_captured_at_utc"":""2026-06-22T16:38:26.793054+00:00"",""recovered_source_captured_at_utc"":[""2026-06-22T16:36:21.897045+00:00""]}",0f431a1714511653ab2d6f01600849c128d58885e78dbdde6c7d42366131b935
B,atlanta,2026-06-22,20260622T130819-0400,2026-06-22T17:08:19.602738+00:00,13:08:19.058797,788,settlement_window,F,M5_cutoff_change,1,DEFINED,DEFINED,hgb,hgb,"[46,47,48,49,50,51,52,53,54,55,56,57,58,59,60,61,62,63,64,65,66,67,68,69,70,71,72,73,74,75,76,77,78,79,80,81,82,83,84,85,86,87,88,89,90,91,92,93,94,95,96,97,98,99,100,101,102,103,104]","[0.0,0.0,0.0,0.0,0.0,0.0,0.0,0.0,0.0,0.0,0.0,0.0,0.0,0.0,0.0,0.0,0.0,0.0,0.0,0.0,0.0,0.0,0.0,0.0,0.0,0.0,0.0,0.0,0.0,0.0,0.0,0.0,0.0,0.0,0.0,0.0,0.0,0.008466157104969558,0.027615003005745074,0.02515746946284875,0.029606583450862395,0.14434397781414807,0.28067581887646886,0.33216838129012577,0.08765437140009197,0.030453021780214726,0.025365317131610568,0.006054743694115798,0.001724749116086629,0.0006311975092056305,5.4985172371014166e-05,2.160910509381159e-05,5.8829287546996026e-06,6.849999510026142e-07,3.081889884838015e-08,9.890271572070556e-09,3.1739444115294316e-09,1.0185689092630148e-09,1.2556518927925773e-09]","[0.0,0.0,0.0,0.0,0.0,0.0,0.0,0.0,0.0,0.0,0.0,0.0,0.0,0.0,0.0,0.0,0.0,0.0,0.0,0.0,0.0,0.0,0.0,0.0,0.0,0.0,0.0,0.0,0.0,0.0,0.0,0.0,0.0,0.0,0.0,0.0,0.0,0.0,0.03250485776883853,0.05603267856281614,0.13915431693659858,0.17233112182743532,0.3118361057227141,0.16975979006431052,0.051887525288263445,0.031585389140611375,0.026208417773816006,0.0065367068081530425,0.0015590606473455061,0.00051917842534296,5.642368880840516e-05,2.3016091674656125e-05,4.6140721388960185e-06,7.468557677672999e-07,3.360185986504088e-08,1.0783367732471074e-08,3.4605530801191215e-09,1.1105461593655309e-09,1.369037847473488e-09]",1.0,1.0,0.41384114170366576,0.16240859122581525,True,0.28697000134855366,"{""all_recovered_sources_strict_prior"":true,""current_captured_at_utc"":""2026-06-22T17:08:19.602738+00:00"",""recovered_source_captured_at_utc"":[""2026-06-22T17:07:20.944987+00:00""]}",40dfa1c0d7ae81aa07a5c98b799b53927d92201868e8e06a33e4d8035ae89910
B,atlanta,2026-06-22,20260622T131219-0400,2026-06-22T17:12:19.041994+00:00,13:12:18.346086,792,settlement_window,F,M5_cutoff_change,1,DEFINED,DEFINED,hgb,hgb,"[46,47,48,49,50,51,52,53,54,55,56,57,58,59,60,61,62,63,64,65,66,67,68,69,70,71,72,73,74,75,76,77,78,79,80,81,82,83,84,85,86,87,88,89,90,91,92,93,94,95,96,97,98,99,100,101,102,103,104]","[0.0,0.0,0.0,0.0,0.0,0.0,0.0,0.0,0.0,0.0,0.0,0.0,0.0,0.0,0.0,0.0,0.0,0.0,0.0,0.0,0.0,0.0,0.0,0.0,0.0,0.0,0.0,0.0,0.0,0.0,0.0,0.0,0.0,0.0,0.0,0.0,0.0,0.001764022418179681,0.009344096935513918,0.023948097195779394,0.028635554058790116,0.1238600208219753,0.24300547723389654,0.4229353670314699,0.08060292110101842,0.030758218051113156,0.02550336977233874,0.00607250426753893,0.0027271952195295555,0.0007607905503417734,5.4535421916495426e-05,2.1833549148602363e-05,5.248579084015572e-06,7.005848714639293e-07,3.152008150766984e-08,1.0115292165963909e-08,3.246157075384254e-09,1.0417430940377693e-09,1.2842201209327827e-09]","[0.0,0.0,0.0,0.0,0.0,0.0,0.0,0.0,0.0,0.0,0.0,0.0,0.0,0.0,0.0,0.0,0.0,0.0,0.0,0.0,0.0,0.0,0.0,0.0,0.0,0.0,0.0,0.0,0.0,0.0,0.0,0.0,0.0,0.0,0.0,0.0,0.0,0.0,0.011064315946610285,0.037681483069717144,0.04060527016908801,0.20148533581363878,0.3919552299738161,0.2010540572637662,0.052275366881123615,0.029990270713369117,0.025319923429395617,0.0064067526184202524,0.0015160879901687048,0.000562208178545227,5.5492550496904216e-05,2.2275590563593138e-05,5.168079608258468e-06,7.136442017649066e-07,3.210763509651948e-08,1.0303847395839459e-08,3.3066674277812663e-09,1.0611618221718406e-09,1.3081587690845446e-09]",1.0,1.0,0.5086681003741971,0.22188130976770368,True,0.4230291535055454,"{""all_recovered_sources_strict_prior"":true,""current_captured_at_utc"":""2026-06-22T17:12:19.041994+00:00"",""recovered_source_captured_at_utc"":[""2026-06-22T17:11:20.622583+00:00""]}",37f65ada0180c900a900ec2b581f0eecc84d6168bfae5eed7bddcb34bace121a
B,atlanta,2026-06-22,20260622T131421-0400,2026-06-22T17:14:21.707942+00:00,13:14:21.246470,794,settlement_window,F,M5_cutoff_change,1,DEFINED,DEFINED,hgb,hgb,"[46,47,48,49,50,51,52,53,54,55,56,57,58,59,60,61,62,63,64,65,66,67,68,69,70,71,72,73,74,75,76,77,78,79,80,81,82,83,84,85,86,87,88,89,90,91,92,93,94,95,96,97,98,99,100,101,102,103,104]","[0.0,0.0,0.0,0.0,0.0,0.0,0.0,0.0,0.0,0.0,0.0,0.0,0.0,0.0,0.0,0.0,0.0,0.0,0.0,0.0,0.0,0.0,0.0,0.0,0.0,0.0,0.0,0.0,0.0,0.0,0.0,0.0,0.0,0.0,0.0,0.0,0.0,0.001764022418179681,0.009344096935513918,0.023948097195779394,0.028635554058790116,0.1238600208219753,0.24300547723389654,0.4229353670314699,0.08060292110101842,0.030758218051113156,0.02550336977233874,0.00607250426753893,0.0027271952195295555,0.0007607905503417734,5.4535421916495426e-05,2.1833549148602363e-05,5.248579084015572e-06,7.005848714639293e-07,3.152008150766984e-08,1.0115292165963909e-08,3.246157075384254e-09,1.0417430940377693e-09,1.2842201209327827e-09]","[0.0,0.0,0.0,0.0,0.0,0.0,0.0,0.0,0.0,0.0,0.0,0.0,0.0,0.0,0.0,0.0,0.0,0.0,0.0,0.0,0.0,0.0,0.0,0.0,0.0,0.0,0.0,0.0,0.0,0.0,0.0,0.0,0.0,0.0,0.0,0.0,0.0,0.0,0.011064315946610285,0.037681483069717144,0.04060527016908801,0.20148533581363878,0.3919552299738161,0.2010540572637662,0.052275366881123615,0.029990270713369117,0.025319923429395617,0.0064067526184202524,0.0015160879901687048,0.000562208178545227,5.5492550496904216e-05,2.2275590563593138e-05,5.168079608258468e-06,7.136442017649066e-07,3.210763509651948e-08,1.0303847395839459e-08,3.3066674277812663e-09,1.0611618221718406e-09,1.3081587690845446e-09]",1.0,1.0,0.5086681003741971,0.22188130976770368,True,0.4230291535055454,"{""all_recovered_sources_strict_prior"":true,""current_captured_at_utc"":""2026-06-22T17:14:21.707942+00:00"",""recovered_source_captured_at_utc"":[""2026-06-22T17:13:18.573903+00:00""]}",3df3c983552b31a4d3cdf52533683058e1591159c214d7557e8925b3b5222086
B,austin,2026-06-22,20260622T130822-0400,2026-06-22T17:08:22.532750+00:00,12:08:21.976848,728,settlement_window,F,M5_cutoff_change,1,DEFINED,DEFINED,hgb,hgb,"[46,47,48,49,50,51,52,53,54,55,56,57,58,59,60,61,62,63,64,65,66,67,68,69,70,71,72,73,74,75,76,77,78,79,80,81,82,83,84,85,86,87,88,89,90,91,92,93,94,95,96,97,98,99,100,101,102,103,104,105,106]","[0.0,0.0,0.0,0.0,0.0,0.0,0.0,0.0,0.0,0.0,0.0,0.0,0.0,0.0,0.0,0.0,0.0,0.0,0.0,0.0,0.0,0.0,0.0,0.0,0.0,0.0,0.0,0.0,0.0,0.0,0.0,0.0,0.0,0.0,0.0,0.0,0.0,0.0,0.0,0.0,0.0,0.0,0.001842770870510175,0.0013163117028334535,0.006798026851869167,0.021682833056306652,0.02234000392816138,0.06164836698894083,0.09608360952981969,0.1447118891402714,0.6245648730196954,0.014453720778484266,0.003334318808162136,0.001060375253948671,0.0001319699348748707,2.1618979764832042e-05,8.051911221823387e-06,9.588623690822958e-07,2.3800985015669287e-07,5.3181635841849806e-08,9.191280274269809e-09]","[0.0,0.0,0.0,0.0,0.0,0.0,0.0,0.0,0.0,0.0,0.0,0.0,0.0,0.0,0.0,0.0,0.0,0.0,0.0,0.0,0.0,0.0,0.0,0.0,0.0,0.0,0.0,0.0,0.0,0.0,0.0,0.0,0.0,0.0,0.0,0.0,0.0,0.0,0.0,0.0,0.0,0.0,0.0,0.0,0.0,0.023567490423270145,0.021695515318840952,0.08689604988604292,0.15518278267751512,0.5413933469918681,0.1372259098444759,0.026251047605119236,0.007233682710209754,0.000484414570718325,5.8300785798225616e-05,7.683448339180396e-06,3.519656254313801e-06,2.040997823884301e-07,4.286095430157032e-08,8.000711469626463e-09,1.1200996057477048e-09]",1.0,1.0000000000000002,0.9972193239840808,0.4873389631752195,True,0.8947189307716736,"{""all_recovered_sources_strict_prior"":true,""current_captured_at_utc"":""2026-06-22T17:08:22.532750+00:00"",""recovered_source_captured_at_utc"":[""2026-06-22T17:07:24.442262+00:00""]}",74752741d494dd4f332eb9ede63330fa6f92f101a0e5077c8c259123545b7406
B,austin,2026-06-22,20260622T131425-0400,2026-06-22T17:14:25.151468+00:00,12:14:24.737434,734,settlement_window,F,M5_cutoff_change,1,DEFINED,DEFINED,hgb,hgb,"[46,47,48,49,50,51,52,53,54,55,56,57,58,59,60,61,62,63,64,65,66,67,68,69,70,71,72,73,74,75,76,77,78,79,80,81,82,83,84,85,86,87,88,89,90,91,92,93,94,95,96,97,98,99,100,101,102,103,104,105,106]","[0.0,0.0,0.0,0.0,0.0,0.0,0.0,0.0,0.0,0.0,0.0,0.0,0.0,0.0,0.0,0.0,0.0,0.0,0.0,0.0,0.0,0.0,0.0,0.0,0.0,0.0,0.0,0.0,0.0,0.0,0.0,0.0,0.0,0.0,0.0,0.0,0.0,0.0,0.0,0.0,0.0,0.0,0.0018188577950046683,0.0013172250289356004,0.006762761539514962,0.02158543457535994,0.02264809811324139,0.08482236529012135,0.13293993392133202,0.16360148638758037,0.5523286093057719,0.007667872267722577,0.0032625687037351266,0.0010847292025982088,0.00012940037063250933,2.126159778190643e-05,8.20669113089575e-06,9.055331973827159e-07,2.2477242571031937e-07,5.022382596159669e-08,8.680087657174385e-09]","[0.0,0.0,0.0,0.0,0.0,0.0,0.0,0.0,0.0,0.0,0.0,0.0,0.0,0.0,0.0,0.0,0.0,0.0,0.0,0.0,0.0,0.0,0.0,0.0,0.0,0.0,0.0,0.0,0.0,0.0,0.0,0.0,0.0,0.0,0.0,0.0,0.0,0.0,0.0,0.0,0.0,0.0,0.0,0.0,0.0,0.023112496182544837,0.021058760017291435,0.08674193433173881,0.15647722961058325,0.5561957388156247,0.14019673531543722,0.008349359387766585,0.007324891487711735,0.0004743899009538562,5.735232814033723e-05,7.427694763861039e-06,3.443284258526313e-06,1.9259225009044913e-07,4.0444372518994326e-08,7.54961620354561e-09,1.0569462684963853e-09]",1.0000000000000002,1.0,0.8486439773402368,0.4121318739903347,True,0.8285826332863493,"{""all_recovered_sources_strict_prior"":true,""current_captured_at_utc"":""2026-06-22T17:14:25.151468+00:00"",""recovered_source_captured_at_utc"":[""2026-06-22T17:13:21.481591+00:00""]}",c3979365b0008c1075be993bd95f934fda4def0dc238fc90a619452624799988
B,dallas,2026-06-22,20260622T130825-0400,2026-06-22T17:08:25.804195+00:00,12:08:25.357838,728,settlement_window,F,M5_cutoff_change,1,DEFINED,DEFINED,hgb,hgb,"[46,47,48,49,50,51,52,53,54,55,56,57,58,59,60,61,62,63,64,65,66,67,68,69,70,71,72,73,74,75,76,77,78,79,80,81,82,83,84,85,86,87,88,89,90,91,92,93,94,95,96,97,98,99,100,101,102,103,104,105]","[0.0,0.0,0.0,0.0,0.0,0.0,0.0,0.0,0.0,0.0,0.0,0.0,0.0,0.0,0.0,0.0,0.0,0.0,0.0,0.0,0.0,0.0,0.0,0.0,0.0,0.0,0.0,0.0,0.0,0.0,0.0,0.0,0.0,0.0,0.0,0.0,0.0,0.0,0.0,0.0016732460267542743,0.0008310965400536085,0.006304778829016824,0.0166460476136654,0.01871418721604132,0.04310060390761175,0.07898879369298259,0.17595850576919406,0.21500004585271554,0.2045402410379843,0.126917761801815,0.035871108346768835,0.03443109969339293,0.0320886704539513,0.007180341918644572,0.0013557338359752704,0.000292820830851802,9.487513504290062e-05,8.746425549028164e-06,3.9430429310518644e-07,9.007676954575971e-07]","[0.0,0.0,0.0,0.0,0.0,0.0,0.0,0.0,0.0,0.0,0.0,0.0,0.0,0.0,0.0,0.0,0.0,0.0,0.0,0.0,0.0,0.0,0.0,0.0,0.0,0.0,0.0,0.0,0.0,0.0,0.0,0.0,0.0,0.0,0.0,0.0,0.0,0.0,0.0,0.0,0.0,0.0,0.018028347932645638,0.020301000997504294,0.03719011668968051,0.24415139942022218,0.19592510898843726,0.1265591758816145,0.12912774931065665,0.1126320105826773,0.036631174570708476,0.0393432217296404,0.02696661637785062,0.010142037493674178,0.0020925953124153345,0.0005550686621156257,0.00032174737293203377,2.6958612290461288e-05,1.8666699693486886e-06,3.803394965281971e-06]",1.0,1.0,0.3959615512148463,0.1651626057272396,True,0.17864620611239082,"{""all_recovered_sources_strict_prior"":true,""current_captured_at_utc"":""2026-06-22T17:08:25.804195+00:00"",""recovered_source_captured_at_utc"":[""2026-06-22T17:07:28.649259+00:00""]}",18d0ef1f02458d3d8e0f29fdaf8b1d7dea9718c00921f4ad08f69bd561da669f
B,dallas,2026-06-22,20260622T131520-0400,2026-06-22T17:15:20.373311+00:00,12:15:19.856606,735,settlement_window,F,M5_cutoff_change,1,DEFINED,DEFINED,hgb,hgb,"[46,47,48,49,50,51,52,53,54,55,56,57,58,59,60,61,62,63,64,65,66,67,68,69,70,71,72,73,74,75,76,77,78,79,80,81,82,83,84,85,86,87,88,89,90,91,92,93,94,95,96,97,98,99,100,101,102,103,104,105]","[0.0,0.0,0.0,0.0,0.0,0.0,0.0,0.0,0.0,0.0,0.0,0.0,0.0,0.0,0.0,0.0,0.0,0.0,0.0,0.0,0.0,0.0,0.0,0.0,0.0,0.0,0.0,0.0,0.0,0.0,0.0,0.0,0.0,0.0,0.0,0.0,0.0,0.0,0.0,0.0016732460267542743,0.0008310965400536085,0.006304778829016824,0.0166460476136654,0.01871418721604132,0.04310060390761175,0.07898879369298259,0.17595850576919406,0.21500004585271554,0.2045402410379843,0.126917761801815,0.035871108346768835,0.03443109969339293,0.0320886704539513,0.007180341918644572,0.0013557338359752704,0.000292820830851802,9.487513504290062e-05,8.746425549028164e-06,3.9430429310518644e-07,9.007676954575971e-07]","[0.0,0.0,0.0,0.0,0.0,0.0,0.0,0.0,0.0,0.0,0.0,0.0,0.0,0.0,0.0,0.0,0.0,0.0,0.0,0.0,0.0,0.0,0.0,0.0,0.0,0.0,0.0,0.0,0.0,0.0,0.0,0.0,0.0,0.0,0.0,0.0,0.0,0.0,0.0,0.0,0.0,0.0,0.018028347932645638,0.020301000997504294,0.03719011668968051,0.24415139942022218,0.19592510898843726,0.1265591758816145,0.12912774931065665,0.1126320105826773,0.036631174570708476,0.0393432217296404,0.02696661637785062,0.010142037493674178,0.0020925953124153345,0.0005550686621156257,0.00032174737293203377,2.6958612290461288e-05,1.8666699693486886e-06,3.803394965281971e-06]",1.0,1.0,0.3959615512148463,0.1651626057272396,True,0.17864620611239082,"{""all_recovered_sources_strict_prior"":true,""current_captured_at_utc"":""2026-06-22T17:15:20.373311+00:00"",""recovered_source_captured_at_utc"":[""2026-06-22T17:13:24.536500+00:00""]}",1c08c8a30cf4b4e3b9efcdc56ea53568cee7a5a9f92bbe76fc06fb0c3d5e782c
B,houston,2026-06-22,20260622T130831-0400,2026-06-22T17:08:31.938713+00:00,12:08:31.545235,728,settlement_window,F,M5_cutoff_change,1,DEFINED,DEFINED,hgb,hgb,"[46,47,48,49,50,51,52,53,54,55,56,57,58,59,60,61,62,63,64,65,66,67,68,69,70,71,72,73,74,75,76,77,78,79,80,81,82,83,84,85,86,87,88,89,90,91,92,93,94,95,96,97,98,99,100,101,102,103,104]","[0.0,0.0,0.0,0.0,0.0,0.0,0.0,0.0,0.0,0.0,0.0,0.0,0.0,0.0,0.0,0.0,0.0,0.0,0.0,0.0,0.0,0.0,0.0,0.0,0.0,0.0,0.0,0.0,0.0,0.0,0.0,0.0,0.0,0.0,0.0,0.0,0.0,0.0,0.0,0.0,0.0,0.0,0.0,0.0019160438898694846,0.046758568701574535,0.12399783395490911,0.1675893267036652,0.23780574594207798,0.37012145466170776,0.04299872663675986,0.00720334807486757,0.0011389796888409977,0.0004178579197380201,4.575300750149035e-05,5.011347936898691e-06,1.1197506348033815e-06,1.9352435777579986e-07,1.626507522896138e-08,1.9930483463383263e-08]","[0.0,0.0,0.0,0.0,0.0,0.0,0.0,0.0,0.0,0.0,0.0,0.0,0.0,0.0,0.0,0.0,0.0,0.0,0.0,0.0,0.0,0.0,0.0,0.0,0.0,0.0,0.0,0.0,0.0,0.0,0.0,0.0,0.0,0.0,0.0,0.0,0.0,0.0,0.0,0.0,0.0,0.0,0.0,0.0,0.0,0.04268090215498903,0.30648504282239064,0.14849102454485397,0.47133712401867633,0.02692497502277821,0.0029289721150454148,0.000921392871888303,0.0002116278563949025,1.7182781957020625e-05,1.4433530625038804e-06,2.6942590471252545e-07,3.7719626659716756e-08,2.355213488632714e-09,2.9572187301217934e-09]",1.0,1.0,0.4802227709513884,0.13889571611872545,False,0.2782314827905812,"{""all_recovered_sources_strict_prior"":true,""current_captured_at_utc"":""2026-06-22T17:08:31.938713+00:00"",""recovered_source_captured_at_utc"":[""2026-06-22T17:07:40.943065+00:00""]}",f6f24ba3efce18a9a72d4ac90504b9538eeb6c691cb001f366d8f008be7546df
B,houston,2026-06-22,20260622T131526-0400,2026-06-22T17:15:26.585316+00:00,12:15:26.150755,735,settlement_window,F,M5_cutoff_change,1,DEFINED,DEFINED,hgb,hgb,"[46,47,48,49,50,51,52,53,54,55,56,57,58,59,60,61,62,63,64,65,66,67,68,69,70,71,72,73,74,75,76,77,78,79,80,81,82,83,84,85,86,87,88,89,90,91,92,93,94,95,96,97,98,99,100,101,102,103,104]","[0.0,0.0,0.0,0.0,0.0,0.0,0.0,0.0,0.0,0.0,0.0,0.0,0.0,0.0,0.0,0.0,0.0,0.0,0.0,0.0,0.0,0.0,0.0,0.0,0.0,0.0,0.0,0.0,0.0,0.0,0.0,0.0,0.0,0.0,0.0,0.0,0.0,0.0,0.0,0.0,0.0,0.0,0.0,0.0019160438898694846,0.046758568701574535,0.12399783395490911,0.1675893267036652,0.23780574594207798,0.37012145466170776,0.04299872663675986,0.00720334807486757,0.0011389796888409977,0.0004178579197380201,4.575300750149035e-05,5.011347936898691e-06,1.1197506348033815e-06,1.9352435777579986e-07,1.626507522896138e-08,1.9930483463383263e-08]","[0.0,0.0,0.0,0.0,0.0,0.0,0.0,0.0,0.0,0.0,0.0,0.0,0.0,0.0,0.0,0.0,0.0,0.0,0.0,0.0,0.0,0.0,0.0,0.0,0.0,0.0,0.0,0.0,0.0,0.0,0.0,0.0,0.0,0.0,0.0,0.0,0.0,0.0,0.0,0.0,0.0,0.0,0.0,0.0,0.0,0.04268090215498903,0.30648504282239064,0.14849102454485397,0.47133712401867633,0.02692497502277821,0.0029289721150454148,0.000921392871888303,0.0002116278563949025,1.7182781957020625e-05,1.4433530625038804e-06,2.6942590471252545e-07,3.7719626659716756e-08,2.355213488632714e-09,2.9572187301217934e-09]",1.0,1.0,0.4802227709513884,0.13889571611872545,False,0.2782314827905812,"{""all_recovered_sources_strict_prior"":true,""current_captured_at_utc"":""2026-06-22T17:15:26.585316+00:00"",""recovered_source_captured_at_utc"":[""2026-06-22T17:13:30.571387+00:00""]}",584b7ae7342ce10683b9748979c3866d36a2310d6a5335404e745294f0934a68
B,los-angeles,2026-06-22,20260622T151925-0400,2026-06-22T19:19:25.477998+00:00,12:19:20.742479,739,settlement_window,F,M5_cutoff_change,1,DEFINED,DEFINED,hgb,hgb,"[46,47,48,49,50,51,52,53,54,55,56,57,58,59,60,61,62,63,64,65,66,67,68,69,70,71,72,73,74,75,76,77,78,79,80,81,82,83,84,85,86,87,88,89,90,91,92,93]","[0.0,0.0,0.0,0.0,0.0,0.0,0.0,0.0,0.0,0.0,0.0,0.0,0.0,0.0,0.0,0.0,0.0,0.0,0.0,0.0,0.0,0.0,0.0,0.01942822450335887,0.09373023059707719,0.7424759999824115,0.08069737715143509,0.059801802913930786,0.002771165141847797,0.001016140586861336,5.8053370148349845e-05,1.6124182047754584e-05,4.335508848818088e-06,4.2657131560923977e-07,8.957997627793854e-08,2.568153514722707e-08,2.341023380063461e-09,1.4630085375172377e-09,3.670724659939508e-10,1.1357222097852839e-11,4.431741985352999e-11,8.904062124716627e-13,1.1281164682898895e-12,3.1587261112116907e-13,1.9546197176177943e-14,6.890646291475556e-14,1.5324218586123509e-15,1.9415299566129336e-15]","[0.0,0.0,0.0,0.0,0.0,0.0,0.0,0.0,0.0,0.0,0.0,0.0,0.0,0.0,0.0,0.0,0.0,0.0,0.0,0.0,0.0,0.0,0.0,0.0,0.20534952601393802,0.6343984468627557,0.10482115645650798,0.04611357600397953,0.0068727185352609075,0.0019189348071705441,0.00034552823125096494,0.00012354969058776805,4.550250584312501e-05,7.756778968818072e-06,2.287370819937156e-06,7.959879067885446e-07,1.3207933124104947e-07,4.88534294542843e-08,3.09895442025527e-08,2.0421548499846077e-09,6.017791131612328e-09,2.7856161396643206e-10,3.352221143790542e-10,1.238080721060323e-10,1.4033634777584787e-11,1.6915738945326025e-11,1.9142681337259685e-12,2.3036376122999983e-12]",1.0,1.0,0.2823880090659321,0.11161929541686083,False,0.10341945310676803,"{""all_recovered_sources_strict_prior"":true,""current_captured_at_utc"":""2026-06-22T19:19:25.477998+00:00"",""recovered_source_captured_at_utc"":[""2026-06-22T19:15:32.804534+00:00""]}",caadf8e7e22db444cc864f34d7e60bb0ae36616db80520ed745046353db4d46d
B,miami,2026-06-22,20260622T121049-0400,2026-06-22T16:10:49.782326+00:00,12:10:48.237474,730,settlement_window,F,M5_cutoff_change,1,DEFINED,DEFINED,hgb,hgb,"[46,47,48,49,50,51,52,53,54,55,56,57,58,59,60,61,62,63,64,65,66,67,68,69,70,71,72,73,74,75,76,77,78,79,80,81,82,83,84,85,86,87,88,89,90,91,92,93,94,95,96,97,98,99,100]","[0.0,0.0,0.0,0.0,0.0,0.0,0.0,0.0,0.0,0.0,0.0,0.0,0.0,0.0,0.0,0.0,0.0,0.0,0.0,0.0,0.0,0.0,0.0,0.0,0.0,0.0,0.0,0.0,0.0,0.0,0.0,0.0,0.0,0.0,0.0,0.0,0.0,0.0,0.0,0.0,0.0,0.0,0.0,0.0,0.1414168021452316,0.2721428264170271,0.512507173487976,0.041566554259051036,0.027690166114343252,0.004291484254662033,0.0002947279685252332,6.325714710849254e-05,2.3362745786083972e-05,2.6622190477601073e-06,9.832412411938638e-07]","[0.0,0.0,0.0,0.0,0.0,0.0,0.0,0.0,0.0,0.0,0.0,0.0,0.0,0.0,0.0,0.0,0.0,0.0,0.0,0.0,0.0,0.0,0.0,0.0,0.0,0.0,0.0,0.0,0.0,0.0,0.0,0.0,0.0,0.0,0.0,0.0,0.0,0.0,0.0,0.0,0.0,0.0,0.0,0.0,0.0,0.22533101376945688,0.741072178163596,0.02751203951989134,0.005379200591395917,0.0006658721785855396,3.3577062802492164e-05,4.698295057633334e-06,1.315514804246077e-06,8.195657031041808e-08,2.2947839686076815e-08]",1.0,1.0,0.45713000935123976,0.22856500467562002,False,0.524344871194208,"{""all_recovered_sources_strict_prior"":true,""current_captured_at_utc"":""2026-06-22T16:10:49.782326+00:00"",""recovered_source_captured_at_utc"":[""2026-06-22T16:02:52.835107+00:00""]}",7ed5770bfc9f89bb1b2c354ad3f6fcc552ae25cdfe14a3b49c81a549a559c4e7
B,miami,2026-06-22,20260622T122246-0400,2026-06-22T16:22:46.325473+00:00,12:22:45.095565,742,settlement_window,F,M5_cutoff_change,1,DEFINED,DEFINED,hgb,hgb,"[46,47,48,49,50,51,52,53,54,55,56,57,58,59,60,61,62,63,64,65,66,67,68,69,70,71,72,73,74,75,76,77,78,79,80,81,82,83,84,85,86,87,88,89,90,91,92,93,94,95,96,97,98,99,100]","[0.0,0.0,0.0,0.0,0.0,0.0,0.0,0.0,0.0,0.0,0.0,0.0,0.0,0.0,0.0,0.0,0.0,0.0,0.0,0.0,0.0,0.0,0.0,0.0,0.0,0.0,0.0,0.0,0.0,0.0,0.0,0.0,0.0,0.0,0.0,0.0,0.0,0.0,0.0,0.0,0.0,0.0,0.0,0.0,0.02419738228328164,0.3108321856202329,0.5472926043122803,0.06176289676336399,0.0483149726781454,0.006924465739650605,0.0005171169249525633,0.00011098824980098558,4.099126160235403e-05,4.671014204781803e-06,1.7251524844313558e-06]","[0.0,0.0,0.0,0.0,0.0,0.0,0.0,0.0,0.0,0.0,0.0,0.0,0.0,0.0,0.0,0.0,0.0,0.0,0.0,0.0,0.0,0.0,0.0,0.0,0.0,0.0,0.0,0.0,0.0,0.0,0.0,0.0,0.0,0.0,0.0,0.0,0.0,0.0,0.0,0.0,0.0,0.0,0.0,0.0,0.0,0.0134276611854897,0.9165989983036622,0.06273003262090811,0.005723022506416328,0.001480666141690501,3.351232471722075e-05,4.689236533727879e-06,1.312978432614227e-06,8.179855436159858e-08,2.2903595220408972e-08]",1.0,1.0,0.7405470596978522,0.3693063939913819,False,1.0361845008215362,"{""all_recovered_sources_strict_prior"":true,""current_captured_at_utc"":""2026-06-22T16:22:46.325473+00:00"",""recovered_source_captured_at_utc"":[""2026-06-22T16:17:48.220567+00:00""]}",51510f0a63ed4eac731cdde8de572ef1d00bc13df2e9708f23b3f174c32c5f1b
B,miami,2026-06-22,20260622T122639-0400,2026-06-22T16:26:39.812465+00:00,12:26:39.365006,746,settlement_window,F,M5_cutoff_change,1,DEFINED,DEFINED,hgb,hgb,"[46,47,48,49,50,51,52,53,54,55,56,57,58,59,60,61,62,63,64,65,66,67,68,69,70,71,72,73,74,75,76,77,78,79,80,81,82,83,84,85,86,87,88,89,90,91,92,93,94,95,96,97,98,99]","[0.0,0.0,0.0,0.0,0.0,0.0,0.0,0.0,0.0,0.0,0.0,0.0,0.0,0.0,0.0,0.0,0.0,0.0,0.0,0.0,0.0,0.0,0.0,0.0,0.0,0.0,0.0,0.0,0.0,0.0,0.0,0.0,0.0,0.0,0.0,0.0,0.0,0.0,0.0,0.0,0.0,0.0,0.0,0.0,0.025082321759989784,0.3221890339059321,0.5672930465852508,0.0640290565495664,0.01849730456657083,0.002651207654894819,0.00019803739618924293,4.2504553491852386e-05,1.569819575135151e-05,1.7888323627442895e-06]","[0.0,0.0,0.0,0.0,0.0,0.0,0.0,0.0,0.0,0.0,0.0,0.0,0.0,0.0,0.0,0.0,0.0,0.0,0.0,0.0,0.0,0.0,0.0,0.0,0.0,0.0,0.0,0.0,0.0,0.0,0.0,0.0,0.0,0.0,0.0,0.0,0.0,0.0,0.0,0.0,0.0,0.0,0.0,0.0,0.0,0.01348916996169286,0.9216023716934473,0.06305994238377989,0.0014214600619153945,0.000415918643621856,9.426006060543234e-06,1.3189407884773384e-06,3.6930122776068155e-07,2.3007465929688174e-08]",1.0,1.0,0.7086186502163929,0.35430932510819646,False,1.040206129392867,"{""all_recovered_sources_strict_prior"":true,""current_captured_at_utc"":""2026-06-22T16:26:39.812465+00:00"",""recovered_source_captured_at_utc"":[""2026-06-22T16:25:42.317365+00:00""]}",9dffc08d37d3eb9b65ee05faa5dc7e695b273a6f2c9d547fbbadcb23c8ea8749
B,miami,2026-06-22,20260622T123252-0400,2026-06-22T16:32:52.590409+00:00,12:32:50.917123,752,settlement_window,F,M5_cutoff_change,1,DEFINED,DEFINED,hgb,hgb,"[46,47,48,49,50,51,52,53,54,55,56,57,58,59,60,61,62,63,64,65,66,67,68,69,70,71,72,73,74,75,76,77,78,79,80,81,82,83,84,85,86,87,88,89,90,91,92,93,94,95,96,97,98,99]","[0.0,0.0,0.0,0.0,0.0,0.0,0.0,0.0,0.0,0.0,0.0,0.0,0.0,0.0,0.0,0.0,0.0,0.0,0.0,0.0,0.0,0.0,0.0,0.0,0.0,0.0,0.0,0.0,0.0,0.0,0.0,0.0,0.0,0.0,0.0,0.0,0.0,0.0,0.0,0.0,0.0,0.0,0.0,0.0,0.025082321759989784,0.3221890339059321,0.5672930465852508,0.0640290565495664,0.01849730456657083,0.002651207654894819,0.00019803739618924293,4.2504553491852386e-05,1.569819575135151e-05,1.7888323627442895e-06]","[0.0,0.0,0.0,0.0,0.0,0.0,0.0,0.0,0.0,0.0,0.0,0.0,0.0,0.0,0.0,0.0,0.0,0.0,0.0,0.0,0.0,0.0,0.0,0.0,0.0,0.0,0.0,0.0,0.0,0.0,0.0,0.0,0.0,0.0,0.0,0.0,0.0,0.0,0.0,0.0,0.0,0.0,0.0,0.0,0.0,0.01348916996169286,0.9216023716934473,0.06305994238377989,0.0014214600619153945,0.000415918643621856,9.426006060543234e-06,1.3189407884773384e-06,3.6930122776068155e-07,2.3007465929688174e-08]",1.0,1.0,0.7086186502163929,0.35430932510819646,False,1.040206129392867,"{""all_recovered_sources_strict_prior"":true,""current_captured_at_utc"":""2026-06-22T16:32:52.590409+00:00"",""recovered_source_captured_at_utc"":[""2026-06-22T16:31:48.823089+00:00""]}",f19c57d8e3c53400155bbd564ed2ab67647bfdd3870f957f69f22fd2ed40eb9f
B,miami,2026-06-22,20260622T123443-0400,2026-06-22T16:34:43.969587+00:00,12:34:43.502636,754,settlement_window,F,M5_cutoff_change,1,DEFINED,DEFINED,hgb,hgb,"[46,47,48,49,50,51,52,53,54,55,56,57,58,59,60,61,62,63,64,65,66,67,68,69,70,71,72,73,74,75,76,77,78,79,80,81,82,83,84,85,86,87,88,89,90,91,92,93,94,95,96,97,98,99]","[0.0,0.0,0.0,0.0,0.0,0.0,0.0,0.0,0.0,0.0,0.0,0.0,0.0,0.0,0.0,0.0,0.0,0.0,0.0,0.0,0.0,0.0,0.0,0.0,0.0,0.0,0.0,0.0,0.0,0.0,0.0,0.0,0.0,0.0,0.0,0.0,0.0,0.0,0.0,0.0,0.0,0.0,0.0,0.0,0.025082321759989784,0.3221890339059321,0.5672930465852508,0.0640290565495664,0.01849730456657083,0.002651207654894819,0.00019803739618924293,4.2504553491852386e-05,1.569819575135151e-05,1.7888323627442895e-06]","[0.0,0.0,0.0,0.0,0.0,0.0,0.0,0.0,0.0,0.0,0.0,0.0,0.0,0.0,0.0,0.0,0.0,0.0,0.0,0.0,0.0,0.0,0.0,0.0,0.0,0.0,0.0,0.0,0.0,0.0,0.0,0.0,0.0,0.0,0.0,0.0,0.0,0.0,0.0,0.0,0.0,0.0,0.0,0.0,0.0,0.01348916996169286,0.9216023716934473,0.06305994238377989,0.0014214600619153945,0.000415918643621856,9.426006060543234e-06,1.3189407884773384e-06,3.6930122776068155e-07,2.3007465929688174e-08]",1.0,1.0,0.7086186502163929,0.35430932510819646,False,1.040206129392867,"{""all_recovered_sources_strict_prior"":true,""current_captured_at_utc"":""2026-06-22T16:34:43.969587+00:00"",""recovered_source_captured_at_utc"":[""2026-06-22T16:33:42.221202+00:00""]}",42f1bff9b978e5ec8787606d19fa2977631c59cba56144479b07960df06098dc
B,miami,2026-06-22,20260622T123900-0400,2026-06-22T16:39:00.228237+00:00,12:38:57.751637,758,settlement_window,F,M5_cutoff_change,1,DEFINED,DEFINED,hgb,hgb,"[46,47,48,49,50,51,52,53,54,55,56,57,58,59,60,61,62,63,64,65,66,67,68,69,70,71,72,73,74,75,76,77,78,79,80,81,82,83,84,85,86,87,88,89,90,91,92,93,94,95,96,97,98,99]","[0.0,0.0,0.0,0.0,0.0,0.0,0.0,0.0,0.0,0.0,0.0,0.0,0.0,0.0,0.0,0.0,0.0,0.0,0.0,0.0,0.0,0.0,0.0,0.0,0.0,0.0,0.0,0.0,0.0,0.0,0.0,0.0,0.0,0.0,0.0,0.0,0.0,0.0,0.0,0.0,0.0,0.0,0.0,0.0,0.025082321759989784,0.3221890339059321,0.5672930465852508,0.0640290565495664,0.01849730456657083,0.002651207654894819,0.00019803739618924293,4.2504553491852386e-05,1.569819575135151e-05,1.7888323627442895e-06]","[0.0,0.0,0.0,0.0,0.0,0.0,0.0,0.0,0.0,0.0,0.0,0.0,0.0,0.0,0.0,0.0,0.0,0.0,0.0,0.0,0.0,0.0,0.0,0.0,0.0,0.0,0.0,0.0,0.0,0.0,0.0,0.0,0.0,0.0,0.0,0.0,0.0,0.0,0.0,0.0,0.0,0.0,0.0,0.0,0.0,0.01348919588038929,0.92160231952535,0.06305996570152313,0.0014214626306883857,0.0004159189795291129,9.426028892837896e-06,1.3189439833028594e-06,3.6930212230651536e-07,2.300752165989226e-08]",1.0,1.0,0.7086185458801983,0.3543092729400992,False,1.0402059850466512,"{""all_recovered_sources_strict_prior"":true,""current_captured_at_utc"":""2026-06-22T16:39:00.228237+00:00"",""recovered_source_captured_at_utc"":[""2026-06-22T16:36:51.692395+00:00""]}",288cb61eb374dcc804a20889b674521d12874874354ca350d54e37526898ed48
B,miami,2026-06-22,20260622T131532-0400,2026-06-22T17:15:32.420762+00:00,13:15:31.944695,795,settlement_window,F,M5_cutoff_change,1,DEFINED,DEFINED,hgb,hgb,"[46,47,48,49,50,51,52,53,54,55,56,57,58,59,60,61,62,63,64,65,66,67,68,69,70,71,72,73,74,75,76,77,78,79,80,81,82,83,84,85,86,87,88,89,90,91,92,93,94,95,96,97,98,99,100]","[0.0,0.0,0.0,0.0,0.0,0.0,0.0,0.0,0.0,0.0,0.0,0.0,0.0,0.0,0.0,0.0,0.0,0.0,0.0,0.0,0.0,0.0,0.0,0.0,0.0,0.0,0.0,0.0,0.0,0.0,0.0,0.0,0.0,0.0,0.0,0.0,0.0,0.0,0.0,0.0,0.0,0.0,0.0,0.0,0.0,0.028908104587690213,0.9207636072927023,0.043846029887614546,0.004999886417159596,0.0014436963853982237,3.2713991733198896e-05,4.577529207353365e-06,1.281700566965992e-06,7.984994337912584e-08,2.235798414533658e-08]","[0.0,0.0,0.0,0.0,0.0,0.0,0.0,0.0,0.0,0.0,0.0,0.0,0.0,0.0,0.0,0.0,0.0,0.0,0.0,0.0,0.0,0.0,0.0,0.0,0.0,0.0,0.0,0.0,0.0,0.0,0.0,0.0,0.0,0.0,0.0,0.0,0.0,0.0,0.0,0.0,0.0,0.0,0.0,0.0,0.0,0.0,0.74833393256034,0.18017603091084347,0.05451274692909389,0.016578434523552385,0.0003053397025536326,6.553473217742767e-05,2.420392569071119e-05,2.7580727280251015e-06,1.0186430206364865e-06]",1.0,1.0,0.4026755586401053,0.17242967473236237,False,0.08998215081267558,"{""all_recovered_sources_strict_prior"":true,""current_captured_at_utc"":""2026-06-22T17:15:32.420762+00:00"",""recovered_source_captured_at_utc"":[""2026-06-22T17:13:36.530057+00:00""]}",68e7adc9d79da7103175e0cd16d9ac16e2f7efbe828f4867dcb74edd2954c608
B,austin,2026-06-26,20260626T152401-0400,2026-06-26T19:24:01.738531+00:00,14:24:01.346441,864,peak_heating_window,F,M5_cutoff_change,1,DEFINED,DEFINED,hgb,hgb,"[46,47,48,49,50,51,52,53,54,55,56,57,58,59,60,61,62,63,64,65,66,67,68,69,70,71,72,73,74,75,76,77,78,79,80,81,82,83,84,85,86,87,88,89,90,91,92,93,94,95,96,97,98,99,100,101,102,103,104,105,106]","[0.0,0.0,0.0,0.0,0.0,0.0,0.0,0.0,0.0,0.0,0.0,0.0,0.0,0.0,0.0,0.0,0.0,0.0,0.0,0.0,0.0,0.0,0.0,0.0,0.0,0.0,0.0,0.0,0.0,0.0,0.0,0.0,0.0,0.0,0.0,0.0,0.0,0.0,0.0,0.0,0.0,0.0,0.0,0.0017209241057959193,0.0012967072477367506,0.10623894391435318,0.1716267062085229,0.10901892147479346,0.3231625458762402,0.12134171657536331,0.062292061303819264,0.09410959516560338,0.006834514878416047,0.0018880193815656642,0.00037304456648646006,7.250784530407e-05,1.872780200994896e-05,4.482852480832973e-06,3.418733014749896e-07,2.0371971842593714e-07,3.5208488791438175e-08]","[0.0,0.0,0.0,0.0,0.0,0.0,0.0,0.0,0.0,0.0,0.0,0.0,0.0,0.0,0.0,0.0,0.0,0.0,0.0,0.0,0.0,0.0,0.0,0.0,0.0,0.0,0.0,0.0,0.0,0.0,0.0,0.0,0.0,0.0,0.0,0.0,0.0,0.0,0.0,0.0,0.0,0.0,0.0,0.0,0.0,0.04068193265542127,0.04136966453442919,0.07074675690423231,0.13291339611481856,0.6111634510233512,0.057205474083061335,0.033254825036663355,0.009033169749091616,0.002687327506443544,0.000700672594304368,0.00016722821815456516,5.936795708968923e-05,1.4014798031763257e-05,1.5263514956219075e-06,9.771315560946719e-07,2.1534185555066766e-07]",1.0,1.0,0.9865887119364782,0.48982173444798793,True,0.5999469110260915,"{""all_recovered_sources_strict_prior"":true,""current_captured_at_utc"":""2026-06-26T19:24:01.738531+00:00"",""recovered_source_captured_at_utc"":[""2026-06-26T19:22:02.062065+00:00""]}",5f37121f9e9668f2fa94ee23e5206880346876c5d3b6d90b617b95c4b08577e0
B,austin,2026-06-26,20260626T152624-0400,2026-06-26T19:26:24.741277+00:00,14:26:24.389263,866,peak_heating_window,F,M5_cutoff_change,1,DEFINED,DEFINED,hgb,hgb,"[46,47,48,49,50,51,52,53,54,55,56,57,58,59,60,61,62,63,64,65,66,67,68,69,70,71,72,73,74,75,76,77,78,79,80,81,82,83,84,85,86,87,88,89,90,91,92,93,94,95,96,97,98,99,100,101,102,103,104,105,106]","[0.0,0.0,0.0,0.0,0.0,0.0,0.0,0.0,0.0,0.0,0.0,0.0,0.0,0.0,0.0,0.0,0.0,0.0,0.0,0.0,0.0,0.0,0.0,0.0,0.0,0.0,0.0,0.0,0.0,0.0,0.0,0.0,0.0,0.0,0.0,0.0,0.0,0.0,0.0,0.0,0.0,0.0,0.0,0.0017113564746178704,0.0012719368754121401,0.10420951267555585,0.16834820412484006,0.10693638566721518,0.31698932782976535,0.11902378436412206,0.061102126139921505,0.09231186501823276,0.0208900853310055,0.005770839143544258,0.0011402320376506633,0.0002216243731289398,5.724259717182439e-05,1.37020948109508e-05,1.0449552846478347e-06,6.226809623264056e-07,1.0761675822108301e-07]","[0.0,0.0,0.0,0.0,0.0,0.0,0.0,0.0,0.0,0.0,0.0,0.0,0.0,0.0,0.0,0.0,0.0,0.0,0.0,0.0,0.0,0.0,0.0,0.0,0.0,0.0,0.0,0.0,0.0,0.0,0.0,0.0,0.0,0.0,0.0,0.0,0.0,0.0,0.0,0.0,0.0,0.0,0.0,0.0,0.0,0.0398431284877205,0.04051668030376881,0.0692880583943749,0.1301729090404043,0.5985621212338615,0.05602597775768763,0.03256915737005618,0.023553479835208304,0.007007054665388496,0.0018269642085150238,0.00043603813208286665,0.00015479859440371127,3.654279416910634e-05,3.979875300935853e-06,2.5478153341617396e-06,5.614917236442989e-07]",1.0,1.0,0.9689296069030969,0.47953833686973946,True,0.5836758528660013,"{""all_recovered_sources_strict_prior"":true,""current_captured_at_utc"":""2026-06-26T19:26:24.741277+00:00"",""recovered_source_captured_at_utc"":[""2026-06-26T19:25:01.469785+00:00""]}",b1757df29bd8b4b0d765ff4191a4ab9504441d3cf9c46aff9b260586fa115439
B,houston,2026-06-26,20260626T134547-0400,2026-06-26T17:45:47.899768+00:00,12:45:47.430363,765,settlement_window,F,M5_cutoff_change,1,DEFINED,DEFINED,hgb,hgb,"[46,47,48,49,50,51,52,53,54,55,56,57,58,59,60,61,62,63,64,65,66,67,68,69,70,71,72,73,74,75,76,77,78,79,80,81,82,83,84,85,86,87,88,89,90,91,92,93,94,95,96,97,98,99,100,101,102,103,104]","[0.0,0.0,0.0,0.0,0.0,0.0,0.0,0.0,0.0,0.0,0.0,0.0,0.0,0.0,0.0,0.0,0.0,0.0,0.0,0.0,0.0,0.0,0.0,0.0,0.0,0.0,0.0,0.0,0.0,0.0,0.0,0.0,0.0,0.0,0.0,0.0,0.0,0.0,0.0,0.0,0.0,0.0,0.001806140023678328,0.000167189991956448,0.011293421689592449,0.027732374599507857,0.47929163313406586,0.24758667950575997,0.14897014557536997,0.044109756006353425,0.024561550110648814,0.010676004625856382,0.0030214212745686233,0.0007143218231496007,5.003186996151897e-05,1.605601754753657e-05,2.774930763820992e-06,2.1303956195741752e-07,2.8578165733762594e-07]","[0.0,0.0,0.0,0.0,0.0,0.0,0.0,0.0,0.0,0.0,0.0,0.0,0.0,0.0,0.0,0.0,0.0,0.0,0.0,0.0,0.0,0.0,0.0,0.0,0.0,0.0,0.0,0.0,0.0,0.0,0.0,0.0,0.0,0.0,0.0,0.0,0.0,0.0,0.0,0.0,0.0,0.0,0.0,0.0,0.0,0.009731322850990633,0.27174637463447193,0.13746080169965022,0.5360767342019733,0.024968275953273302,0.008869109685424429,0.008004197352777053,0.0028855306201091353,0.0002413773388357106,1.2288295591623168e-05,3.4407227619740238e-06,4.817011866758932e-07,2.7177580952253883e-08,3.776537303539004e-08]",1.0,1.0,0.7742131772532067,0.38710658862660335,True,0.47929535931920253,"{""all_recovered_sources_strict_prior"":true,""current_captured_at_utc"":""2026-06-26T17:45:47.899768+00:00"",""recovered_source_captured_at_utc"":[""2026-06-26T17:44:04.676353+00:00""]}",6bcca9bd5bc414b29131978fbb7b9ec3879d132eed27a3c16d1c227a9ae877b2
B,nyc,2026-06-26,20260626T124447-0400,2026-06-26T16:44:47.672839+00:00,12:44:47.101822,764,settlement_window,F,M5_cutoff_change,1,DEFINED,DEFINED,hgb,hgb,"[46,47,48,49,50,51,52,53,54,55,56,57,58,59,60,61,62,63,64,65,66,67,68,69,70,71,72,73,74,75,76,77,78,79,80,81,82,83,84,85,86,87,88,89,90,91,92,93,94,95,96,97,98,99,100,101]","[0.0,0.0,0.0,0.0,0.0,0.0,0.0,0.0,0.0,0.0,0.0,0.0,0.0,0.0,0.0,0.0,0.0,0.0,0.0,0.0,0.0,0.0,0.0,0.0,0.0,0.0,0.0,0.0,0.01180244654956472,0.014212925760809167,0.02469670922735374,0.02262181514970955,0.05780733602707692,0.06584727702144087,0.11485044977118133,0.09336231246046646,0.08050941878239816,0.10319615436699515,0.052158599990173346,0.21481236579743335,0.04730505889198472,0.03916143126827928,0.036292306036224464,0.01852451613796749,0.0016266931840716481,0.0009635599489078026,0.00013837180814944478,8.889852714751015e-05,1.8371468281944218e-05,2.162829319037766e-06,6.476023634722956e-07,1.1192387625409266e-07,5.158675149769309e-08,1.4817733591522636e-09,5.760990637705466e-09,6.393083230093884e-10]","[0.0,0.0,0.0,0.0,0.0,0.0,0.0,0.0,0.0,0.0,0.0,0.0,0.0,0.0,0.0,0.0,0.0,0.0,0.0,0.0,0.0,0.0,0.0,0.0,0.0,0.0,0.0,0.0,0.0,0.020556909464329424,0.03723548036572933,0.02282458827447771,0.07021187957705098,0.11500242671943957,0.11124940071726028,0.09807820979420508,0.07659325831113807,0.06635437533212966,0.052885260323877255,0.172789046977463,0.04453444248769542,0.03725592925345261,0.034088972269948,0.03503827800475334,0.00278778912429024,0.0018218649412568252,0.0002819044012155079,0.0003239768997606377,7.203058308627315e-05,1.0115774808982028e-05,2.7729493564572555e-06,6.111071288641103e-07,3.135516654146704e-07,1.4724029418762817e-08,1.4093365027967263e-07,7.136801269705152e-09]",1.0,1.0000000000000002,0.21012841222994857,0.049155149697998696,False,0.07274333346950146,"{""all_recovered_sources_strict_prior"":true,""current_captured_at_utc"":""2026-06-26T16:44:47.672839+00:00"",""recovered_source_captured_at_utc"":[""2026-06-26T16:43:58.964795+00:00""]}",ec51e5742d862b8c1f60588d45dc5d5606e3279356db6a01b48da63cfc2b1e71
B,nyc,2026-06-26,20260626T143142-0400,2026-06-26T18:31:42.601417+00:00,14:31:42.121042,871,peak_heating_window,F,M5_cutoff_change,2,DEFINED,DEFINED,hgb,hgb,"[46,47,48,49,50,51,52,53,54,55,56,57,58,59,60,61,62,63,64,65,66,67,68,69,70,71,72,73,74,75,76,77,78,79,80,81,82,83,84,85,86,87,88,89,90,91,92,93,94,95,96,97,98,99,100,101]","[0.0,0.0,0.0,0.0,0.0,0.0,0.0,0.0,0.0,0.0,0.0,0.0,0.0,0.0,0.0,0.0,0.0,0.0,0.0,0.0,0.0,0.0,0.0,0.0,0.0,0.0,0.0,0.0,0.0,0.002973684059348857,0.011811460901568626,0.06761826667826634,0.09274769424159374,0.0649539558868307,0.10422285701973874,0.1485948718721127,0.06074898555551905,0.11081135251598531,0.18518543983768868,0.04470432428016383,0.03517080773863874,0.026712178241484225,0.027527519889842842,0.010736541971472122,0.0030672221580523135,0.0018360417059821077,0.00021179206769074898,0.0002988552306609333,4.679241061742795e-05,1.6515693249246895e-05,2.0832902423600517e-06,4.5911892174828924e-07,2.3556835739282477e-07,1.106202201093237e-08,4.564213908531601e-08,5.36181030937943e-09]","[0.0,0.0,0.0,0.0,0.0,0.0,0.0,0.0,0.0,0.0,0.0,0.0,0.0,0.0,0.0,0.0,0.0,0.0,0.0,0.0,0.0,0.0,0.0,0.0,0.0,0.0,0.0,0.0,0.0,0.0,0.0,0.044671508571210744,0.28820335057478,0.0716631641052076,0.12028972237302964,0.03703243213971343,0.09967863994946059,0.12784709885420395,0.0706226718366622,0.03910067311776449,0.046113735385417465,0.02083769496025252,0.02309817927900518,0.005576394256711486,0.00352856636870809,0.0013873144301681344,0.00017369964565080645,0.0001214084100839224,4.325725105683606e-05,8.165103574787043e-06,1.7085945702844178e-06,3.765428747582012e-07,1.9319958793463105e-07,9.072432808418648e-09,3.1580424587991814e-08,4.397447746465949e-09]",1.0,0.9999999999999999,0.5712028049888976,0.1954556563331863,True,0.2655129725353857,"{""all_recovered_sources_strict_prior"":true,""current_captured_at_utc"":""2026-06-26T18:31:42.601417+00:00"",""recovered_source_captured_at_utc"":[""2026-06-26T18:30:42.303073+00:00"",""2026-06-26T18:30:42.303073+00:00""]}",821dfa50e771139f8b25d285a204cb51861b75d8a45f7843db759a5224ad8291
B,nyc,2026-06-26,20260626T152657-0400,2026-06-26T19:26:57.740701+00:00,15:26:57.275554,926,peak_heating_window,F,M5_cutoff_change,1,DEFINED,DEFINED,hgb,hgb,"[45,46,47,48,49,50,51,52,53,54,55,56,57,58,59,60,61,62,63,64,65,66,67,68,69,70,71,72,73,74,75,76,77,78,79,80,81,82,83,84,85,86,87,88,89,90,91,92,93,94,95,96,97,98,99,100,101]","[0.0,0.0,0.0,0.0,0.0,0.0,0.0,0.0,0.0,0.0,0.0,0.0,0.0,0.0,0.0,0.0,0.0,0.0,0.0,0.0,0.0,0.0,0.0,0.0,0.0,0.0,0.0,0.0,0.0,0.0,0.0,0.0,0.003107302530065866,0.006092325454855801,0.053050877472111374,0.10309886992432535,0.06465981283118276,0.2340145409331356,0.28535729065415893,0.07216970459790249,0.06056353881209339,0.040419865632015876,0.027040209520714408,0.023857988298003882,0.015930982950069617,0.006866212509937741,0.002630669164386172,0.0006338930074214932,0.00038538475419837965,9.38183224722001e-05,2.0137337224110405e-05,4.775449358789577e-06,1.1355309138036504e-06,4.2484002509154046e-07,1.1006260457385891e-07,1.1301569619910389e-07,1.639512616914805e-08]","[0.0,0.0,0.0,0.0,0.0,0.0,0.0,0.0,0.0,0.0,0.0,0.0,0.0,0.0,0.0,0.0,0.0,0.0,0.0,0.0,0.0,0.0,0.0,0.0,0.0,0.0,0.0,0.0,0.0,0.0,0.0,0.0,0.0,0.0,0.0,0.2922921137141017,0.22080281805952448,0.1616567570446957,0.08225552066325625,0.05672375885410479,0.05795770084564953,0.03744505413732478,0.03209762726906545,0.026873500726365122,0.019452914435088592,0.009523162228790545,0.0021219646067525545,0.00046972976820026653,0.0002746444488029827,4.455274922162045e-05,6.339927509934707e-06,1.4470895237792287e-06,2.781635187409689e-07,9.24677143963167e-08,1.2075568537996442e-08,9.240494896773095e-09,1.484725071571709e-09]",1.0,0.9999999999999998,0.7191761207974047,0.20310176999090268,True,0.41751414791364794,"{""all_recovered_sources_strict_prior"":true,""current_captured_at_utc"":""2026-06-26T19:26:57.740701+00:00"",""recovered_source_captured_at_utc"":[""2026-06-26T19:26:16.212391+00:00""]}",1c575f8a9bb059f30ad430202173c17381ce00c16ba6a752db0121c6cc7480b9
