stratum,market_id,target_date,snapshot_id,captured_at_utc,local_time,minute_of_day,window,native_unit,frozen_mechanism,raw_transition_kind,raw_removed_minutes,raw_added_minutes,raw_same_minute_value_changes,served_cutoff_hour,served_high_so_far,previous_served_high_so_far,settled_high,max_captured_at_utc_used,max_prior_captured_at_utc_used,observable_recovered_rows,observable_recovered_minutes,observable_max_recovered_source_captured_at_utc,envelope_max_cutoff_hour,envelope_max_high_so_far,envelope_max_previous_high_so_far,envelope_max_delta_from_served,envelope_max_event_repaired,envelope_max_exceeds_settled_high,envelope_last_cutoff_hour,envelope_last_high_so_far,envelope_last_previous_high_so_far,envelope_last_delta_from_served,envelope_last_event_repaired,envelope_last_exceeds_settled_high,m5_m3_label_gate_cutoff_hour,m5_m3_label_gate_high_so_far,m5_m3_label_gate_previous_high_so_far,m5_m3_label_gate_delta_from_served,m5_m3_label_gate_event_repaired,m5_m3_label_gate_exceeds_settled_high,observable_no_published_at_or_after_cutoff_hour,observable_no_published_at_or_after_high_so_far,observable_no_published_at_or_after_previous_high_so_far,observable_no_published_at_or_after_delta_from_served,observable_no_published_at_or_after_event_repaired,observable_no_published_at_or_after_exceeds_settled_high
B,atlanta,2026-06-07,20260607T003139-0400,2026-06-07T04:31:39.253071+00:00,00:31:39.134150,31,pre_dawn,F,M2_empty_history,no_valid_row_change,,,,9,74,75,84,2026-06-07T04:31:39.253071+00:00,2026-06-07T04:21:26.918644+00:00,0,,,7,74,75,0,false,false,7,74,75,0,false,false,9,74,75,0,false,false,7,74,75,0,false,false
B,atlanta,2026-06-08,20260608T002126-0400,2026-06-08T04:21:26.563214+00:00,00:21:26.295851,21,pre_dawn,F,M2_empty_history,no_valid_row_change,,,,9,71,72,81,2026-06-08T04:21:26.563214+00:00,2026-06-08T04:11:12.698734+00:00,0,,,7,71,72,0,false,false,7,71,72,0,false,false,9,71,72,0,false,false,7,71,72,0,false,false
B,atlanta,2026-06-12,20260612T003214-0400,2026-06-12T04:32:14.040944+00:00,00:32:13.749665,32,pre_dawn,F,M2_empty_history,no_valid_row_change,,,,7,80,81,91,2026-06-12T04:32:14.040944+00:00,2026-06-12T04:21:58.967234+00:00,0,,,7,80,81,0,false,false,7,80,81,0,false,false,7,80,81,0,false,false,7,80,81,0,false,false
B,atlanta,2026-06-13,20260613T001439-0400,2026-06-13T04:14:39.256356+00:00,00:14:39.090032,14,pre_dawn,F,M2_empty_history,no_valid_row_change,,,,7,80,81,93,2026-06-13T04:14:39.256356+00:00,2026-06-13T04:04:21.228329+00:00,0,,,7,80,81,0,false,false,7,80,81,0,false,false,7,80,81,0,false,false,7,80,81,0,false,false
B,atlanta,2026-06-13,20260613T113204-0400,2026-06-13T15:32:04.120502+00:00,11:32:03.518392,692,other,F,M5_cutoff_change,timestamp_set_changed,652,,,9,81,84,93,2026-06-13T15:32:04.120502+00:00,2026-06-13T15:21:44.675351+00:00,1,652,2026-06-13T15:21:44.675351+00:00,10,84,84,3,true,false,10,84,84,3,true,false,10,84,84,3,true,false,10,84,84,3,true,false
B,atlanta,2026-06-14,20260614T124102-0400,2026-06-14T16:41:02.509509+00:00,12:41:02.480497,761,settlement_window,F,M5_cutoff_change,timestamp_set_changed,712,,,10,81,85,90,2026-06-14T16:41:02.509509+00:00,2026-06-14T16:40:05.470755+00:00,1,712,2026-06-14T16:40:05.470755+00:00,11,85,85,4,true,false,11,85,85,4,true,false,11,85,85,4,true,false,11,85,85,4,true,false
B,atlanta,2026-06-17,20260617T003036-0400,2026-06-17T04:30:36.868872+00:00,00:30:36.625130,30,pre_dawn,F,M2_empty_history,no_valid_row_change,,,,7,70,71,85,2026-06-17T04:30:36.868872+00:00,2026-06-17T04:24:28.859401+00:00,0,,,7,70,71,0,false,false,7,70,71,0,false,false,7,70,71,0,false,false,7,70,71,0,false,false
B,atlanta,2026-06-17,20260617T004428-0400,2026-06-17T04:44:28.387032+00:00,00:44:28.204219,44,pre_dawn,F,M2_empty_history,no_valid_row_change,,,,7,70,71,85,2026-06-17T04:44:28.387032+00:00,2026-06-17T04:32:33.309570+00:00,0,,,7,70,71,0,false,false,7,70,71,0,false,false,7,70,71,0,false,false,7,70,71,0,false,false
B,atlanta,2026-06-17,20260617T005328-0400,2026-06-17T04:53:28.606405+00:00,00:53:28.399344,53,pre_dawn,F,M2_empty_history,no_valid_row_change,,,,7,70,71,85,2026-06-17T04:53:28.606405+00:00,2026-06-17T04:52:33.836485+00:00,0,,,7,70,71,0,false,false,7,70,71,0,false,false,7,70,71,0,false,false,7,70,71,0,false,false
B,atlanta,2026-06-17,20260617T090233-0400,2026-06-17T13:02:33.261067+00:00,09:02:32.769557,542,other,F,M5_cutoff_change,timestamp_set_changed,508|532,,,8,72,73,85,2026-06-17T13:02:33.261067+00:00,2026-06-17T13:01:31.280582+00:00,2,508|532,2026-06-17T13:01:31.280582+00:00,8,72,72,0,true,false,8,72,72,0,true,false,8,72,73,0,false,false,8,72,72,0,true,false
B,atlanta,2026-06-17,20260617T110742-0400,2026-06-17T15:07:42.494435+00:00,11:07:42.087119,667,other,F,M5_cutoff_change,timestamp_set_changed,652,,,10,75,77,85,2026-06-17T15:07:42.494435+00:00,2026-06-17T15:05:36.832507+00:00,1,652,2026-06-17T15:05:36.832507+00:00,10,75,75,0,true,false,10,75,75,0,true,false,10,75,77,0,false,false,10,75,75,0,true,false
B,atlanta,2026-06-17,20260617T111535-0400,2026-06-17T15:15:35.355859+00:00,11:15:34.741282,675,other,F,M5_cutoff_change,timestamp_set_changed,652,,,10,75,77,85,2026-06-17T15:15:35.355859+00:00,2026-06-17T15:13:32.517873+00:00,1,652,2026-06-17T15:13:32.517873+00:00,10,75,75,0,true,false,10,75,75,0,true,false,10,75,77,0,false,false,10,75,75,0,true,false
B,atlanta,2026-06-17,20260617T142835-0400,2026-06-17T18:28:35.219830+00:00,14:28:34.576529,868,peak_heating_window,F,M5_cutoff_change,timestamp_set_changed,832,,,13,82,84,85,2026-06-17T18:28:35.219830+00:00,2026-06-17T18:27:31.666726+00:00,1,832,2026-06-17T18:27:31.666726+00:00,13,82,82,0,true,false,13,82,82,0,true,false,13,82,84,0,false,false,13,82,82,0,true,false
B,atlanta,2026-06-19,20260619T040329-0400,2026-06-19T08:03:29.329167+00:00,04:03:29.126549,243,pre_dawn,F,M3_rows_dropped,timestamp_set_changed,232,,,7,72,73,88,2026-06-19T08:03:29.329167+00:00,2026-06-19T08:02:30.598123+00:00,1,232,2026-06-19T08:02:30.598123+00:00,7,73,73,1,true,false,7,73,73,1,true,false,7,73,73,1,true,false,7,73,73,1,true,false
B,atlanta,2026-06-19,20260619T041141-0400,2026-06-19T08:11:41.661328+00:00,04:11:41.293138,251,pre_dawn,F,M3_rows_dropped,timestamp_set_changed,232,,,7,72,73,88,2026-06-19T08:11:41.661328+00:00,2026-06-19T08:10:29.146935+00:00,1,232,2026-06-19T08:10:29.146935+00:00,7,73,73,1,true,false,7,73,73,1,true,false,7,73,73,1,true,false,7,73,73,1,true,false
B,atlanta,2026-06-19,20260619T041829-0400,2026-06-19T08:18:29.003140+00:00,04:18:28.668675,258,pre_dawn,F,M3_rows_dropped,timestamp_set_changed,232,,,7,72,73,88,2026-06-19T08:18:29.003140+00:00,2026-06-19T08:17:29.323046+00:00,1,232,2026-06-19T08:17:29.323046+00:00,7,73,73,1,true,false,7,73,73,1,true,false,7,73,73,1,true,false,7,73,73,1,true,false
B,atlanta,2026-06-19,20260619T042629-0400,2026-06-19T08:26:29.200892+00:00,04:26:28.843027,266,pre_dawn,F,M3_rows_dropped,timestamp_set_changed,232,,,7,72,73,88,2026-06-19T08:26:29.200892+00:00,2026-06-19T08:25:29.107044+00:00,1,232,2026-06-19T08:25:29.107044+00:00,7,73,73,1,true,false,7,73,73,1,true,false,7,73,73,1,true,false,7,73,73,1,true,false
B,atlanta,2026-06-19,20260619T043029-0400,2026-06-19T08:30:29.869965+00:00,04:30:29.523668,270,pre_dawn,F,M3_rows_dropped,timestamp_set_changed,232,,,7,72,73,88,2026-06-19T08:30:29.869965+00:00,2026-06-19T08:28:29.054428+00:00,1,232,2026-06-19T08:28:29.054428+00:00,7,73,73,1,true,false,7,73,73,1,true,false,7,73,73,1,true,false,7,73,73,1,true,false
B,atlanta,2026-06-19,20260619T043329-0400,2026-06-19T08:33:29.111097+00:00,04:33:28.737946,273,pre_dawn,F,M3_rows_dropped,timestamp_set_changed,232,,,7,72,73,88,2026-06-19T08:33:29.111097+00:00,2026-06-19T08:32:34.038707+00:00,1,232,2026-06-19T08:32:34.038707+00:00,7,73,73,1,true,false,7,73,73,1,true,false,7,73,73,1,true,false,7,73,73,1,true,false
B,atlanta,2026-06-19,20260619T080609-0400,2026-06-19T12:06:09.815560+00:00,08:06:09.336740,486,other,F,M5_cutoff_change,timestamp_set_changed,472,,,7,73,74,88,2026-06-19T12:06:09.815560+00:00,2026-06-19T12:04:04.141389+00:00,1,472,2026-06-19T12:04:04.141389+00:00,7,73,73,0,true,false,7,73,73,0,true,false,7,73,74,0,false,false,7,73,73,0,true,false
B,atlanta,2026-06-19,20260619T081300-0400,2026-06-19T12:13:00.040919+00:00,08:12:59.619193,492,other,F,M5_cutoff_change,timestamp_set_changed,472,,,7,73,74,88,2026-06-19T12:13:00.040919+00:00,2026-06-19T12:12:37.099202+00:00,1,472,2026-06-19T12:12:37.099202+00:00,7,73,73,0,true,false,7,73,73,0,true,false,7,73,74,0,false,false,7,73,73,0,true,false
B,atlanta,2026-06-19,20260619T081912-0400,2026-06-19T12:19:12.671068+00:00,08:19:11.948399,499,other,F,M5_cutoff_change,timestamp_set_changed,472,,,7,73,74,88,2026-06-19T12:19:12.671068+00:00,2026-06-19T12:14:59.422059+00:00,1,472,2026-06-19T12:14:59.422059+00:00,7,73,73,0,true,false,7,73,73,0,true,false,7,73,74,0,false,false,7,73,73,0,true,false
B,atlanta,2026-06-19,20260619T090443-0400,2026-06-19T13:04:43.849880+00:00,09:04:42.968977,544,other,F,M5_cutoff_change,timestamp_set_changed,519|532,,,8,74,76,88,2026-06-19T13:04:43.849880+00:00,2026-06-19T13:03:25.861692+00:00,2,519|532,2026-06-19T13:03:25.861692+00:00,8,74,74,0,true,false,8,74,74,0,true,false,8,74,76,0,false,false,8,74,74,0,true,false
B,atlanta,2026-06-19,20260619T090943-0400,2026-06-19T13:09:43.229046+00:00,09:09:35.191028,549,other,F,M5_cutoff_change,timestamp_set_changed,519|532,,,8,74,76,88,2026-06-19T13:09:43.229046+00:00,2026-06-19T13:07:36.856894+00:00,2,519|532,2026-06-19T13:07:36.856894+00:00,8,74,74,0,true,false,8,74,74,0,true,false,8,74,76,0,false,false,8,74,74,0,true,false
B,atlanta,2026-06-19,20260619T100733-0400,2026-06-19T14:07:33.379317+00:00,10:07:32.840193,607,other,F,M5_cutoff_change,timestamp_set_changed,547|570|592,,,9,76,78,88,2026-06-19T14:07:33.379317+00:00,2026-06-19T14:04:34.389706+00:00,3,547|570|592,2026-06-19T14:04:34.389706+00:00,9,76,76,0,true,false,9,76,76,0,true,false,9,76,78,0,false,false,9,76,76,0,true,false
B,atlanta,2026-06-19,20260619T120747-0400,2026-06-19T16:07:47.164919+00:00,12:07:42.942387,727,settlement_window,F,M5_cutoff_change,timestamp_set_changed,712,,,11,79,81,88,2026-06-19T16:07:47.164919+00:00,2026-06-19T16:06:41.401734+00:00,1,712,2026-06-19T16:06:41.401734+00:00,11,79,79,0,true,false,11,79,79,0,true,false,11,79,81,0,false,false,11,79,79,0,true,false
B,atlanta,2026-06-19,20260619T120939-0400,2026-06-19T16:09:39.178348+00:00,12:09:38.501060,729,settlement_window,F,M5_cutoff_change,timestamp_set_changed,712,,,11,79,81,88,2026-06-19T16:09:39.178348+00:00,2026-06-19T16:08:30.495086+00:00,1,712,2026-06-19T16:08:30.495086+00:00,11,79,79,0,true,false,11,79,79,0,true,false,11,79,81,0,false,false,11,79,79,0,true,false
B,atlanta,2026-06-19,20260619T121258-0400,2026-06-19T16:12:58.775281+00:00,12:12:51.266418,732,settlement_window,F,M5_cutoff_change,timestamp_set_changed,712,,,11,79,81,88,2026-06-19T16:12:58.775281+00:00,2026-06-19T16:10:33.406217+00:00,1,712,2026-06-19T16:10:33.406217+00:00,11,79,79,0,true,false,11,79,79,0,true,false,11,79,81,0,false,false,11,79,79,0,true,false
B,atlanta,2026-06-19,20260619T121452-0400,2026-06-19T16:14:52.844409+00:00,12:14:51.860705,734,settlement_window,F,M5_cutoff_change,timestamp_set_changed,712,,,11,79,81,88,2026-06-19T16:14:52.844409+00:00,2026-06-19T16:13:48.903736+00:00,1,712,2026-06-19T16:13:48.903736+00:00,11,79,79,0,true,false,11,79,79,0,true,false,11,79,81,0,false,false,11,79,79,0,true,false
B,atlanta,2026-06-19,20260619T122049-0400,2026-06-19T16:20:49.356638+00:00,12:20:48.594709,740,settlement_window,F,M5_cutoff_change,timestamp_set_changed,712,,,11,79,81,88,2026-06-19T16:20:49.356638+00:00,2026-06-19T16:18:57.812951+00:00,1,712,2026-06-19T16:18:57.812951+00:00,11,79,79,0,true,false,11,79,79,0,true,false,11,79,81,0,false,false,11,79,79,0,true,false
B,atlanta,2026-06-19,20260619T122252-0400,2026-06-19T16:22:52.117049+00:00,12:22:51.387117,742,settlement_window,F,M5_cutoff_change,timestamp_set_changed,712,,,11,79,81,88,2026-06-19T16:22:52.117049+00:00,2026-06-19T16:21:56.558431+00:00,1,712,2026-06-19T16:21:56.558431+00:00,11,79,79,0,true,false,11,79,79,0,true,false,11,79,81,0,false,false,11,79,79,0,true,false
B,atlanta,2026-06-19,20260619T123045-0400,2026-06-19T16:30:45.954239+00:00,12:30:44.988061,750,settlement_window,F,M5_cutoff_change,timestamp_set_changed,712,,,11,79,81,88,2026-06-19T16:30:45.954239+00:00,2026-06-19T16:29:59.831146+00:00,1,712,2026-06-19T16:29:59.831146+00:00,11,79,79,0,true,false,11,79,79,0,true,false,11,79,81,0,false,false,11,79,79,0,true,false
B,atlanta,2026-06-19,20260619T123347-0400,2026-06-19T16:33:47.994276+00:00,12:33:47.567799,753,settlement_window,F,M5_cutoff_change,timestamp_set_changed,712,,,11,79,81,88,2026-06-19T16:33:47.994276+00:00,2026-06-19T16:33:08.555692+00:00,1,712,2026-06-19T16:33:08.555692+00:00,11,79,79,0,true,false,11,79,79,0,true,false,11,79,81,0,false,false,11,79,79,0,true,false
B,atlanta,2026-06-19,20260619T124038-0400,2026-06-19T16:40:38.948202+00:00,12:40:38.170547,760,settlement_window,F,M5_cutoff_change,timestamp_set_changed,712,,,11,79,81,88,2026-06-19T16:40:38.948202+00:00,2026-06-19T16:39:29.761516+00:00,1,712,2026-06-19T16:39:29.761516+00:00,11,79,79,0,true,false,11,79,79,0,true,false,11,79,81,0,false,false,11,79,79,0,true,false
B,atlanta,2026-06-19,20260619T124240-0400,2026-06-19T16:42:40.840802+00:00,12:42:39.642252,762,settlement_window,F,M5_cutoff_change,timestamp_set_changed,712,,,11,79,81,88,2026-06-19T16:42:40.840802+00:00,2026-06-19T16:41:30.518774+00:00,1,712,2026-06-19T16:41:30.518774+00:00,11,79,79,0,true,false,11,79,79,0,true,false,11,79,81,0,false,false,11,79,79,0,true,false
B,atlanta,2026-06-19,20260619T124436-0400,2026-06-19T16:44:36.995266+00:00,12:44:34.216996,764,settlement_window,F,M5_cutoff_change,timestamp_set_changed,712,,,11,79,81,88,2026-06-19T16:44:36.995266+00:00,2026-06-19T16:43:44.729947+00:00,1,712,2026-06-19T16:43:44.729947+00:00,11,79,79,0,true,false,11,79,79,0,true,false,11,79,81,0,false,false,11,79,79,0,true,false
B,atlanta,2026-06-19,20260619T130905-0400,2026-06-19T17:09:05.079101+00:00,13:09:04.556683,789,settlement_window,F,M5_cutoff_change,timestamp_set_changed,772,,,12,81,83,88,2026-06-19T17:09:05.079101+00:00,2026-06-19T17:08:06.456699+00:00,1,772,2026-06-19T17:08:06.456699+00:00,12,81,81,0,true,false,12,81,81,0,true,false,12,81,83,0,false,false,12,81,81,0,true,false
B,atlanta,2026-06-19,20260619T131105-0400,2026-06-19T17:11:05.667827+00:00,13:11:05.256474,791,settlement_window,F,M5_cutoff_change,timestamp_set_changed,772,,,12,81,83,88,2026-06-19T17:11:05.667827+00:00,2026-06-19T17:10:12.074580+00:00,1,772,2026-06-19T17:10:12.074580+00:00,12,81,81,0,true,false,12,81,81,0,true,false,12,81,83,0,false,false,12,81,81,0,true,false
B,atlanta,2026-06-19,20260619T131418-0400,2026-06-19T17:14:18.587347+00:00,13:14:17.966561,794,settlement_window,F,M5_cutoff_change,timestamp_set_changed,772,,,12,81,83,88,2026-06-19T17:14:18.587347+00:00,2026-06-19T17:13:16.812495+00:00,1,772,2026-06-19T17:13:16.812495+00:00,12,81,81,0,true,false,12,81,81,0,true,false,12,81,83,0,false,false,12,81,81,0,true,false
B,atlanta,2026-06-19,20260619T141345-0400,2026-06-19T18:13:45.299290+00:00,14:13:44.128924,853,peak_heating_window,F,M5_cutoff_change,timestamp_set_changed,832,,,13,83,85,88,2026-06-19T18:13:45.299290+00:00,2026-06-19T18:12:36.971133+00:00,1,832,2026-06-19T18:12:36.971133+00:00,13,83,83,0,true,false,13,83,83,0,true,false,13,83,85,0,false,false,13,83,83,0,true,false
B,atlanta,2026-06-19,20260619T141739-0400,2026-06-19T18:17:39.283867+00:00,14:17:38.817544,857,peak_heating_window,F,M5_cutoff_change,timestamp_set_changed,832,,,13,83,85,88,2026-06-19T18:17:39.283867+00:00,2026-06-19T18:16:36.354048+00:00,1,832,2026-06-19T18:16:36.354048+00:00,13,83,83,0,true,false,13,83,83,0,true,false,13,83,85,0,false,false,13,83,83,0,true,false
B,atlanta,2026-06-19,20260619T150343-0400,2026-06-19T19:03:43.787121+00:00,15:03:42.999439,903,peak_heating_window,F,M5_cutoff_change,timestamp_set_changed,892,,,14,85,87,88,2026-06-19T19:03:43.787121+00:00,2026-06-19T19:02:35.495284+00:00,1,892,2026-06-19T19:02:35.495284+00:00,14,85,85,0,true,false,14,85,85,0,true,false,14,85,87,0,false,false,14,85,85,0,true,false
B,atlanta,2026-06-19,20260619T152031-0400,2026-06-19T19:20:31.657157+00:00,15:20:31.164065,920,peak_heating_window,F,M5_cutoff_change,timestamp_set_changed,892,,,14,85,87,88,2026-06-19T19:20:31.657157+00:00,2026-06-19T19:19:33.092909+00:00,1,892,2026-06-19T19:19:33.092909+00:00,14,85,85,0,true,false,14,85,85,0,true,false,14,85,87,0,false,false,14,85,85,0,true,false
B,atlanta,2026-06-19,20260619T153521-0400,2026-06-19T19:35:21.060851+00:00,15:35:14.025551,935,peak_heating_window,F,M5_cutoff_change,timestamp_set_changed,892,,,14,85,87,88,2026-06-19T19:35:21.060851+00:00,2026-06-19T19:28:10.907908+00:00,1,892,2026-06-19T19:28:10.907908+00:00,14,85,85,0,true,false,14,85,85,0,true,false,14,85,87,0,false,false,14,85,85,0,true,false
B,atlanta,2026-06-19,20260619T161236-0400,2026-06-19T20:12:36.805267+00:00,16:12:36.224249,972,peak_heating_window,F,M5_cutoff_change,timestamp_set_changed,952,,,15,87,88,88,2026-06-19T20:12:36.805267+00:00,2026-06-19T20:11:43.695469+00:00,1,952,2026-06-19T20:11:43.695469+00:00,15,87,87,0,true,false,15,87,87,0,true,false,15,87,88,0,false,false,15,87,87,0,true,false
B,atlanta,2026-06-19,20260619T162854-0400,2026-06-19T20:28:54.561460+00:00,16:28:54.198450,988,peak_heating_window,F,M5_cutoff_change,timestamp_set_changed,952,,,15,87,88,88,2026-06-19T20:28:54.561460+00:00,2026-06-19T20:27:37.009114+00:00,1,952,2026-06-19T20:27:37.009114+00:00,15,87,87,0,true,false,15,87,87,0,true,false,15,87,88,0,false,false,15,87,87,0,true,false
B,atlanta,2026-06-20,20260620T002238-0400,2026-06-20T04:22:38.790758+00:00,00:22:38.426143,22,pre_dawn,F,M2_empty_history,no_valid_row_change,,,,7,77,78,86,2026-06-20T04:22:38.790758+00:00,2026-06-20T04:05:43.356411+00:00,0,,,7,77,78,0,false,false,7,77,78,0,false,false,7,77,78,0,false,false,7,77,78,0,false,false
B,atlanta,2026-06-20,20260620T020138-0400,2026-06-20T06:01:38.403228+00:00,02:01:38.215464,121,pre_dawn,F,M3_rows_dropped,timestamp_set_changed,112,,,7,77,78,86,2026-06-20T06:01:38.403228+00:00,2026-06-20T06:00:38.558878+00:00,1,112,2026-06-20T06:00:38.558878+00:00,7,78,78,1,true,false,7,78,78,1,true,false,7,78,78,1,true,false,7,78,78,1,true,false
B,atlanta,2026-06-20,20260620T021340-0400,2026-06-20T06:13:40.967532+00:00,02:13:40.699720,133,pre_dawn,F,M3_rows_dropped,timestamp_set_changed,112,,,7,77,78,86,2026-06-20T06:13:40.967532+00:00,2026-06-20T06:12:39.605447+00:00,1,112,2026-06-20T06:12:39.605447+00:00,7,78,78,1,true,false,7,78,78,1,true,false,7,78,78,1,true,false,7,78,78,1,true,false
B,atlanta,2026-06-20,20260620T021538-0400,2026-06-20T06:15:38.456784+00:00,02:15:38.257140,135,pre_dawn,F,M3_rows_dropped,timestamp_set_changed,112,,,7,77,78,86,2026-06-20T06:15:38.456784+00:00,2026-06-20T06:14:39.699765+00:00,1,112,2026-06-20T06:14:39.699765+00:00,7,78,78,1,true,false,7,78,78,1,true,false,7,78,78,1,true,false,7,78,78,1,true,false
B,atlanta,2026-06-20,20260620T021939-0400,2026-06-20T06:19:39.199112+00:00,02:19:38.988993,139,pre_dawn,F,M3_rows_dropped,timestamp_set_changed,112,,,7,77,78,86,2026-06-20T06:19:39.199112+00:00,2026-06-20T06:18:39.541873+00:00,1,112,2026-06-20T06:18:39.541873+00:00,7,78,78,1,true,false,7,78,78,1,true,false,7,78,78,1,true,false,7,78,78,1,true,false
B,atlanta,2026-06-20,20260620T022438-0400,2026-06-20T06:24:38.539890+00:00,02:24:38.217096,144,pre_dawn,F,M3_rows_dropped,timestamp_set_changed,112,,,7,77,78,86,2026-06-20T06:24:38.539890+00:00,2026-06-20T06:23:38.300065+00:00,1,112,2026-06-20T06:23:38.300065+00:00,7,78,78,1,true,false,7,78,78,1,true,false,7,78,78,1,true,false,7,78,78,1,true,false
B,atlanta,2026-06-20,20260620T023038-0400,2026-06-20T06:30:38.655402+00:00,02:30:38.435810,150,pre_dawn,F,M3_rows_dropped,timestamp_set_changed,112,,,7,77,78,86,2026-06-20T06:30:38.655402+00:00,2026-06-20T06:29:40.962073+00:00,1,112,2026-06-20T06:29:40.962073+00:00,7,78,78,1,true,false,7,78,78,1,true,false,7,78,78,1,true,false,7,78,78,1,true,false
B,atlanta,2026-06-20,20260620T024440-0400,2026-06-20T06:44:40.651732+00:00,02:44:40.486617,164,pre_dawn,F,M3_rows_dropped,timestamp_set_changed,112,,,7,77,78,86,2026-06-20T06:44:40.651732+00:00,2026-06-20T06:43:38.741459+00:00,1,112,2026-06-20T06:43:38.741459+00:00,7,78,78,1,true,false,7,78,78,1,true,false,7,78,78,1,true,false,7,78,78,1,true,false
B,atlanta,2026-06-20,20260620T024739-0400,2026-06-20T06:47:39.502601+00:00,02:47:39.298482,167,pre_dawn,F,M3_rows_dropped,timestamp_set_changed,112,,,7,77,78,86,2026-06-20T06:47:39.502601+00:00,2026-06-20T06:46:38.534456+00:00,1,112,2026-06-20T06:46:38.534456+00:00,7,78,78,1,true,false,7,78,78,1,true,false,7,78,78,1,true,false,7,78,78,1,true,false
B,atlanta,2026-06-20,20260620T090139-0400,2026-06-20T13:01:39.587252+00:00,09:01:39.250162,541,other,F,M5_cutoff_change,timestamp_set_changed,532,,,8,78,79,86,2026-06-20T13:01:39.587252+00:00,2026-06-20T13:00:40.055311+00:00,1,532,2026-06-20T13:00:40.055311+00:00,8,78,78,0,true,false,8,78,78,0,true,false,8,78,79,0,false,false,8,78,78,0,true,false
B,atlanta,2026-06-20,20260620T090339-0400,2026-06-20T13:03:39.942145+00:00,09:03:39.610873,543,other,F,M5_cutoff_change,timestamp_set_changed,532,,,8,78,79,86,2026-06-20T13:03:39.942145+00:00,2026-06-20T13:02:42.791909+00:00,1,532,2026-06-20T13:02:42.791909+00:00,8,78,78,0,true,false,8,78,78,0,true,false,8,78,79,0,false,false,8,78,78,0,true,false
B,atlanta,2026-06-20,20260620T090539-0400,2026-06-20T13:05:39.538946+00:00,09:05:39.246931,545,other,F,M5_cutoff_change,timestamp_set_changed,532,,,8,78,79,86,2026-06-20T13:05:39.538946+00:00,2026-06-20T13:04:38.988206+00:00,1,532,2026-06-20T13:04:38.988206+00:00,8,78,78,0,true,false,8,78,78,0,true,false,8,78,79,0,false,false,8,78,78,0,true,false
B,atlanta,2026-06-20,20260620T130429-0400,2026-06-20T17:04:29.127158+00:00,13:04:28.539062,784,settlement_window,F,M5_cutoff_change,timestamp_set_changed,772,,,12,80,81,86,2026-06-20T17:04:29.127158+00:00,2026-06-20T17:03:21.859447+00:00,1,772,2026-06-20T17:03:21.859447+00:00,12,80,80,0,true,false,12,80,80,0,true,false,12,80,81,0,false,false,12,80,80,0,true,false
B,atlanta,2026-06-20,20260620T131423-0400,2026-06-20T17:14:23.844538+00:00,13:14:23.242854,794,settlement_window,F,M5_cutoff_change,timestamp_set_changed,772,,,12,80,81,86,2026-06-20T17:14:23.844538+00:00,2026-06-20T17:13:11.223162+00:00,1,772,2026-06-20T17:13:11.223162+00:00,12,80,80,0,true,false,12,80,80,0,true,false,12,80,81,0,false,false,12,80,80,0,true,false
B,atlanta,2026-06-20,20260620T131810-0400,2026-06-20T17:18:10.845526+00:00,13:18:10.213378,798,settlement_window,F,M5_cutoff_change,timestamp_set_changed,772,,,12,80,81,86,2026-06-20T17:18:10.845526+00:00,2026-06-20T17:17:13.691334+00:00,1,772,2026-06-20T17:17:13.691334+00:00,12,80,80,0,true,false,12,80,80,0,true,false,12,80,81,0,false,false,12,80,80,0,true,false
B,atlanta,2026-06-20,20260620T132014-0400,2026-06-20T17:20:14.789804+00:00,13:20:14.341760,800,settlement_window,F,M5_cutoff_change,timestamp_set_changed,772,,,12,80,81,86,2026-06-20T17:20:14.789804+00:00,2026-06-20T17:19:14.758562+00:00,1,772,2026-06-20T17:19:14.758562+00:00,12,80,80,0,true,false,12,80,80,0,true,false,12,80,81,0,false,false,12,80,80,0,true,false
B,atlanta,2026-06-20,20260620T142221-0400,2026-06-20T18:22:21.869467+00:00,14:22:21.427132,862,peak_heating_window,F,M5_cutoff_change,timestamp_set_changed,832,,,13,81,83,86,2026-06-20T18:22:21.869467+00:00,2026-06-20T18:20:23.202399+00:00,1,832,2026-06-20T18:20:23.202399+00:00,13,81,81,0,true,false,13,81,81,0,true,false,13,81,83,0,false,false,13,81,81,0,true,false
B,atlanta,2026-06-20,20260620T142920-0400,2026-06-20T18:29:20.133677+00:00,14:29:19.701440,869,peak_heating_window,F,M5_cutoff_change,timestamp_set_changed,832,,,13,81,83,86,2026-06-20T18:29:20.133677+00:00,2026-06-20T18:28:31.734738+00:00,1,832,2026-06-20T18:28:31.734738+00:00,13,81,81,0,true,false,13,81,81,0,true,false,13,81,83,0,false,false,13,81,81,0,true,false
B,atlanta,2026-06-20,20260620T143122-0400,2026-06-20T18:31:22.517894+00:00,14:31:21.884111,871,peak_heating_window,F,M5_cutoff_change,timestamp_set_changed,832,,,13,81,83,86,2026-06-20T18:31:22.517894+00:00,2026-06-20T18:30:26.827279+00:00,1,832,2026-06-20T18:30:26.827279+00:00,13,81,81,0,true,false,13,81,81,0,true,false,13,81,83,0,false,false,13,81,81,0,true,false
B,atlanta,2026-06-20,20260620T143517-0400,2026-06-20T18:35:17.080602+00:00,14:35:16.588736,875,peak_heating_window,F,M5_cutoff_change,timestamp_set_changed,832,,,13,81,83,86,2026-06-20T18:35:17.080602+00:00,2026-06-20T18:34:16.958820+00:00,1,832,2026-06-20T18:34:16.958820+00:00,13,81,81,0,true,false,13,81,81,0,true,false,13,81,83,0,false,false,13,81,81,0,true,false
B,atlanta,2026-06-20,20260620T161434-0400,2026-06-20T20:14:34.800099+00:00,16:14:34.227120,974,peak_heating_window,F,M5_cutoff_change,timestamp_set_changed,952,,,15,85,86,86,2026-06-20T20:14:34.800099+00:00,2026-06-20T20:13:33.617349+00:00,1,952,2026-06-20T20:13:33.617349+00:00,15,85,85,0,true,false,15,85,85,0,true,false,15,85,86,0,false,false,15,85,85,0,true,false
B,atlanta,2026-06-21,20260621T005603-0400,2026-06-21T04:56:03.537332+00:00,00:56:03.148670,56,pre_dawn,F,M6_unexplained,timestamp_set_changed,,52,,7,73,74,86,2026-06-21T04:56:03.537332+00:00,2026-06-21T04:55:02.260754+00:00,0,,,7,73,74,0,false,false,7,73,74,0,false,false,7,73,74,0,false,false,7,73,74,0,false,false
B,atlanta,2026-06-21,20260621T110321-0400,2026-06-21T15:03:21.338782+00:00,11:03:20.415352,663,other,F,M5_cutoff_change,timestamp_set_changed,652,,,10,73,75,86,2026-06-21T15:03:21.338782+00:00,2026-06-21T15:02:11.656015+00:00,1,652,2026-06-21T15:02:11.656015+00:00,10,73,73,0,true,false,10,73,73,0,true,false,10,73,75,0,false,false,10,73,73,0,true,false
B,atlanta,2026-06-21,20260621T110620-0400,2026-06-21T15:06:20.099437+00:00,11:06:19.113175,666,other,F,M5_cutoff_change,timestamp_set_changed,652,,,10,73,75,86,2026-06-21T15:06:20.099437+00:00,2026-06-21T15:05:25.552715+00:00,1,652,2026-06-21T15:05:25.552715+00:00,10,73,73,0,true,false,10,73,73,0,true,false,10,73,75,0,false,false,10,73,73,0,true,false
B,atlanta,2026-06-21,20260621T115244-0400,2026-06-21T15:52:44.376040+00:00,11:52:42.953588,712,other,F,M5_cutoff_change,timestamp_set_changed,652,,,10,73,75,86,2026-06-21T15:52:44.376040+00:00,2026-06-21T15:43:37.781692+00:00,1,652,2026-06-21T15:43:37.781692+00:00,10,73,73,0,true,false,10,73,73,0,true,false,10,73,75,0,false,false,10,73,73,0,true,false
B,atlanta,2026-06-21,20260621T131721-0400,2026-06-21T17:17:21.533439+00:00,13:17:21.057767,797,settlement_window,F,M5_cutoff_change,timestamp_set_changed,772,,,12,78,81,86,2026-06-21T17:17:21.533439+00:00,2026-06-21T17:16:23.342268+00:00,1,772,2026-06-21T17:16:23.342268+00:00,12,78,78,0,true,false,12,78,78,0,true,false,12,78,81,0,false,false,12,78,78,0,true,false
B,atlanta,2026-06-21,20260621T131921-0400,2026-06-21T17:19:21.348345+00:00,13:19:20.999235,799,settlement_window,F,M5_cutoff_change,timestamp_set_changed,772,,,12,78,81,86,2026-06-21T17:19:21.348345+00:00,2026-06-21T17:18:22.031818+00:00,1,772,2026-06-21T17:18:22.031818+00:00,12,78,78,0,true,false,12,78,78,0,true,false,12,78,81,0,false,false,12,78,78,0,true,false
B,atlanta,2026-06-21,20260621T132424-0400,2026-06-21T17:24:24.030577+00:00,13:24:23.532123,804,settlement_window,F,M5_cutoff_change,timestamp_set_changed,772,,,12,78,81,86,2026-06-21T17:24:24.030577+00:00,2026-06-21T17:23:20.746265+00:00,1,772,2026-06-21T17:23:20.746265+00:00,12,78,78,0,true,false,12,78,78,0,true,false,12,78,81,0,false,false,12,78,78,0,true,false
B,atlanta,2026-06-21,20260621T150324-0400,2026-06-21T19:03:24.572800+00:00,15:03:24.118013,903,peak_heating_window,F,M5_cutoff_change,timestamp_set_changed,892,,,14,82,84,86,2026-06-21T19:03:24.572800+00:00,2026-06-21T19:02:35.930069+00:00,1,892,2026-06-21T19:02:35.930069+00:00,14,82,82,0,true,false,14,82,82,0,true,false,14,82,84,0,false,false,14,82,82,0,true,false
B,atlanta,2026-06-21,20260621T151534-0400,2026-06-21T19:15:34.319121+00:00,15:15:33.810843,915,peak_heating_window,F,M5_cutoff_change,timestamp_set_changed,892,,,14,82,84,86,2026-06-21T19:15:34.319121+00:00,2026-06-21T19:13:33.526722+00:00,1,892,2026-06-21T19:13:33.526722+00:00,14,82,82,0,true,false,14,82,82,0,true,false,14,82,84,0,false,false,14,82,82,0,true,false
B,atlanta,2026-06-21,20260621T153034-0400,2026-06-21T19:30:34.937097+00:00,15:30:34.604151,930,peak_heating_window,F,M5_cutoff_change,timestamp_set_changed,892,,,14,82,84,86,2026-06-21T19:30:34.937097+00:00,2026-06-21T19:30:33.190448+00:00,1,892,2026-06-21T19:30:33.190448+00:00,14,82,82,0,true,false,14,82,82,0,true,false,14,82,84,0,false,false,14,82,82,0,true,false
B,atlanta,2026-06-21,20260621T160227-0400,2026-06-21T20:02:27.001481+00:00,16:02:26.346229,962,peak_heating_window,F,M5_cutoff_change,timestamp_set_changed,952,,,15,84,85,86,2026-06-21T20:02:27.001481+00:00,2026-06-21T20:01:35.451441+00:00,1,952,2026-06-21T20:01:35.451441+00:00,15,84,84,0,true,false,15,84,84,0,true,false,15,84,85,0,false,false,15,84,84,0,true,false
B,atlanta,2026-06-21,20260621T161530-0400,2026-06-21T20:15:30.351910+00:00,16:15:29.909869,975,peak_heating_window,F,M5_cutoff_change,timestamp_set_changed,952,,,15,84,85,86,2026-06-21T20:15:30.351910+00:00,2026-06-21T20:11:38.714421+00:00,1,952,2026-06-21T20:11:38.714421+00:00,15,84,84,0,true,false,15,84,84,0,true,false,15,84,85,0,false,false,15,84,84,0,true,false
B,atlanta,2026-06-21,20260621T161926-0400,2026-06-21T20:19:26.559266+00:00,16:19:26.168812,979,peak_heating_window,F,M5_cutoff_change,timestamp_set_changed,952,,,15,84,85,86,2026-06-21T20:19:26.559266+00:00,2026-06-21T20:18:33.315645+00:00,1,952,2026-06-21T20:18:33.315645+00:00,15,84,84,0,true,false,15,84,84,0,true,false,15,84,85,0,false,false,15,84,84,0,true,false
B,atlanta,2026-06-21,20260621T170132-0400,2026-06-21T21:01:32.378712+00:00,17:01:31.918716,1021,settlement_window,F,M5_cutoff_change,timestamp_set_changed,1012,,,16,85,86,86,2026-06-21T21:01:32.378712+00:00,2026-06-21T21:00:40.361781+00:00,1,1012,2026-06-21T21:00:40.361781+00:00,16,85,85,0,true,false,16,85,85,0,true,false,16,85,86,0,false,false,16,85,85,0,true,false
B,atlanta,2026-06-21,20260621T171327-0400,2026-06-21T21:13:27.219298+00:00,17:13:26.842488,1033,settlement_window,F,M5_cutoff_change,timestamp_set_changed,1012,,,16,85,86,86,2026-06-21T21:13:27.219298+00:00,2026-06-21T21:12:27.044957+00:00,1,1012,2026-06-21T21:12:27.044957+00:00,16,85,85,0,true,false,16,85,85,0,true,false,16,85,86,0,false,false,16,85,85,0,true,false
B,atlanta,2026-06-22,20260622T004527-0400,2026-06-22T04:45:27.371070+00:00,00:45:23.671954,45,pre_dawn,F,M2_empty_history,no_valid_row_change,,,,7,76,77,89,2026-06-22T04:45:27.371070+00:00,2026-06-22T04:44:35.219268+00:00,0,,,7,76,77,0,false,false,7,76,77,0,false,false,7,76,77,0,false,false,7,76,77,0,false,false
B,atlanta,2026-06-22,20260622T005827-0400,2026-06-22T04:58:27.821524+00:00,00:58:27.057091,58,pre_dawn,F,M6_unexplained,timestamp_set_changed,,52,,7,75,76,89,2026-06-22T04:58:27.821524+00:00,2026-06-22T04:45:27.371070+00:00,0,,,7,75,76,0,false,false,7,75,76,0,false,false,7,75,76,0,false,false,7,75,76,0,false,false
B,atlanta,2026-06-22,20260622T020723-0400,2026-06-22T06:07:23.367021+00:00,02:07:23.081047,127,pre_dawn,F,M3_rows_dropped,timestamp_set_changed,112,,,7,75,77,89,2026-06-22T06:07:23.367021+00:00,2026-06-22T06:06:28.085520+00:00,1,112,2026-06-22T06:06:28.085520+00:00,7,77,77,2,true,false,7,77,77,2,true,false,7,77,77,2,true,false,7,77,77,2,true,false
B,atlanta,2026-06-22,20260622T021421-0400,2026-06-22T06:14:21.984533+00:00,02:14:20.889986,134,pre_dawn,F,M3_rows_dropped,timestamp_set_changed,112,,,7,75,77,89,2026-06-22T06:14:21.984533+00:00,2026-06-22T06:13:23.859291+00:00,1,112,2026-06-22T06:13:23.859291+00:00,7,77,77,2,true,false,7,77,77,2,true,false,7,77,77,2,true,false,7,77,77,2,true,false
B,atlanta,2026-06-22,20260622T022736-0400,2026-06-22T06:27:36.732170+00:00,02:27:30.682535,147,pre_dawn,F,M3_rows_dropped,timestamp_set_changed,112,,,7,75,77,89,2026-06-22T06:27:36.732170+00:00,2026-06-22T06:24:24.304071+00:00,1,112,2026-06-22T06:24:24.304071+00:00,7,77,77,2,true,false,7,77,77,2,true,false,7,77,77,2,true,false,7,77,77,2,true,false
B,atlanta,2026-06-22,20260622T023928-0400,2026-06-22T06:39:28.949460+00:00,02:39:25.873348,159,pre_dawn,F,M3_rows_dropped,timestamp_set_changed,112,,,7,75,77,89,2026-06-22T06:39:28.949460+00:00,2026-06-22T06:38:22.105057+00:00,1,112,2026-06-22T06:38:22.105057+00:00,7,77,77,2,true,false,7,77,77,2,true,false,7,77,77,2,true,false,7,77,77,2,true,false
B,atlanta,2026-06-22,20260622T024444-0400,2026-06-22T06:44:44.669712+00:00,02:44:34.103268,164,pre_dawn,F,M3_rows_dropped,timestamp_set_changed,112,,,7,75,77,89,2026-06-22T06:44:44.669712+00:00,2026-06-22T06:42:30.868087+00:00,1,112,2026-06-22T06:42:30.868087+00:00,7,77,77,2,true,false,7,77,77,2,true,false,7,77,77,2,true,false,7,77,77,2,true,false
B,atlanta,2026-06-22,20260622T111119-0400,2026-06-22T15:11:19.790689+00:00,11:11:19.082815,671,other,F,M5_cutoff_change,timestamp_set_changed,652,,,10,78,81,89,2026-06-22T15:11:19.790689+00:00,2026-06-22T15:10:19.599435+00:00,1,652,2026-06-22T15:10:19.599435+00:00,10,78,78,0,true,false,10,78,78,0,true,false,10,78,81,0,false,false,10,78,78,0,true,false
B,atlanta,2026-06-22,20260622T111923-0400,2026-06-22T15:19:23.841123+00:00,11:19:22.779146,679,other,F,M5_cutoff_change,timestamp_set_changed,652,,,10,78,81,89,2026-06-22T15:19:23.841123+00:00,2026-06-22T15:18:31.582146+00:00,1,652,2026-06-22T15:18:31.582146+00:00,10,78,78,0,true,false,10,78,78,0,true,false,10,78,81,0,false,false,10,78,78,0,true,false
B,atlanta,2026-06-22,20260622T113030-0400,2026-06-22T15:30:30.600342+00:00,11:30:26.479351,690,other,F,M5_cutoff_change,timestamp_set_changed,652,,,10,78,81,89,2026-06-22T15:30:30.600342+00:00,2026-06-22T15:27:27.258507+00:00,1,652,2026-06-22T15:27:27.258507+00:00,10,78,78,0,true,false,10,78,78,0,true,false,10,78,81,0,false,false,10,78,78,0,true,false
B,atlanta,2026-06-22,20260622T113924-0400,2026-06-22T15:39:24.891044+00:00,11:39:20.318179,699,other,F,M5_cutoff_change,timestamp_set_changed,652,,,10,78,81,89,2026-06-22T15:39:24.891044+00:00,2026-06-22T15:33:26.825335+00:00,1,652,2026-06-22T15:33:26.825335+00:00,10,78,78,0,true,false,10,78,78,0,true,false,10,78,81,0,false,false,10,78,78,0,true,false
B,atlanta,2026-06-22,20260622T114222-0400,2026-06-22T15:42:22.519340+00:00,11:42:21.834403,702,other,F,M5_cutoff_change,timestamp_set_changed,652,,,10,78,81,89,2026-06-22T15:42:22.519340+00:00,2026-06-22T15:41:21.538424+00:00,1,652,2026-06-22T15:41:21.538424+00:00,10,78,78,0,true,false,10,78,78,0,true,false,10,78,81,0,false,false,10,78,78,0,true,false
B,atlanta,2026-06-22,20260622T114950-0400,2026-06-22T15:49:50.539702+00:00,11:49:37.277875,709,other,F,M5_cutoff_change,timestamp_set_changed,652,,,10,78,81,89,2026-06-22T15:49:50.539702+00:00,2026-06-22T15:46:32.905970+00:00,1,652,2026-06-22T15:46:32.905970+00:00,10,78,78,0,true,false,10,78,78,0,true,false,10,78,81,0,false,false,10,78,78,0,true,false
B,atlanta,2026-06-22,20260622T122222-0400,2026-06-22T16:22:22.843300+00:00,12:22:21.736393,742,settlement_window,F,M5_cutoff_change,timestamp_set_changed,712,,,11,81,83,89,2026-06-22T16:22:22.843300+00:00,2026-06-22T16:18:30.867825+00:00,1,712,2026-06-22T16:18:30.867825+00:00,11,81,81,0,true,false,11,81,81,0,true,false,11,81,83,0,false,false,11,81,81,0,true,false
B,atlanta,2026-06-22,20260622T122621-0400,2026-06-22T16:26:21.499402+00:00,12:26:20.945362,746,settlement_window,F,M5_cutoff_change,timestamp_set_changed,712,,,11,81,83,89,2026-06-22T16:26:21.499402+00:00,2026-06-22T16:25:24.678683+00:00,1,712,2026-06-22T16:25:24.678683+00:00,11,81,81,0,true,false,11,81,81,0,true,false,11,81,83,0,false,false,11,81,81,0,true,false
B,atlanta,2026-06-22,20260622T123226-0400,2026-06-22T16:32:26.693290+00:00,12:32:26.199674,752,settlement_window,F,M5_cutoff_change,timestamp_set_changed,712,,,11,81,83,89,2026-06-22T16:32:26.693290+00:00,2026-06-22T16:31:22.620571+00:00,1,712,2026-06-22T16:31:22.620571+00:00,11,81,81,0,true,false,11,81,81,0,true,false,11,81,83,0,false,false,11,81,81,0,true,false
B,atlanta,2026-06-22,20260622T123419-0400,2026-06-22T16:34:19.375788+00:00,12:34:18.693613,754,settlement_window,F,M5_cutoff_change,timestamp_set_changed,712,,,11,81,83,89,2026-06-22T16:34:19.375788+00:00,2026-06-22T16:33:18.271884+00:00,1,712,2026-06-22T16:33:18.271884+00:00,11,81,81,0,true,false,11,81,81,0,true,false,11,81,83,0,false,false,11,81,81,0,true,false
B,atlanta,2026-06-22,20260622T123826-0400,2026-06-22T16:38:26.793054+00:00,12:38:24.564157,758,settlement_window,F,M5_cutoff_change,timestamp_set_changed,712,,,11,81,83,89,2026-06-22T16:38:26.793054+00:00,2026-06-22T16:36:21.897045+00:00,1,712,2026-06-22T16:36:21.897045+00:00,11,81,81,0,true,false,11,81,81,0,true,false,11,81,83,0,false,false,11,81,81,0,true,false
B,atlanta,2026-06-22,20260622T130819-0400,2026-06-22T17:08:19.602738+00:00,13:08:19.058797,788,settlement_window,F,M5_cutoff_change,timestamp_set_changed,772,,,12,83,84,89,2026-06-22T17:08:19.602738+00:00,2026-06-22T17:07:20.944987+00:00,1,772,2026-06-22T17:07:20.944987+00:00,12,83,83,0,true,false,12,83,83,0,true,false,12,83,84,0,false,false,12,83,83,0,true,false
B,atlanta,2026-06-22,20260622T131219-0400,2026-06-22T17:12:19.041994+00:00,13:12:18.346086,792,settlement_window,F,M5_cutoff_change,timestamp_set_changed,772,,,12,83,84,89,2026-06-22T17:12:19.041994+00:00,2026-06-22T17:11:20.622583+00:00,1,772,2026-06-22T17:11:20.622583+00:00,12,83,83,0,true,false,12,83,83,0,true,false,12,83,84,0,false,false,12,83,83,0,true,false
B,atlanta,2026-06-22,20260622T131421-0400,2026-06-22T17:14:21.707942+00:00,13:14:21.246470,794,settlement_window,F,M5_cutoff_change,timestamp_set_changed,772,,,12,83,84,89,2026-06-22T17:14:21.707942+00:00,2026-06-22T17:13:18.573903+00:00,1,772,2026-06-22T17:13:18.573903+00:00,12,83,83,0,true,false,12,83,83,0,true,false,12,83,84,0,false,false,12,83,83,0,true,false
B,atlanta,2026-06-26,20260626T004920-0400,2026-06-26T04:49:20.748889+00:00,00:49:20.357355,49,pre_dawn,F,M2_empty_history,no_valid_row_change,,,,7,75,76,89,2026-06-26T04:49:20.748889+00:00,2026-06-26T04:10:30.337473+00:00,0,,,7,75,76,0,false,false,7,75,76,0,false,false,7,75,76,0,false,false,7,75,76,0,false,false
B,atlanta,2026-06-26,20260626T114949-0400,2026-06-26T15:49:49.234135+00:00,11:49:48.818850,709,other,F,M5_cutoff_change,timestamp_set_changed,652,,,10,79,81,89,2026-06-26T15:49:49.234135+00:00,2026-06-26T15:48:47.530980+00:00,1,652,2026-06-26T15:48:47.530980+00:00,10,79,79,0,true,false,10,79,79,0,true,false,10,79,81,0,false,false,10,79,79,0,true,false
B,austin,2026-06-07,20260607T015331-0400,2026-06-07T05:53:31.173400+00:00,00:53:31.079547,53,pre_dawn,F,M2_empty_history,no_valid_row_change,,,,9,79,80,90,2026-06-07T05:53:31.173400+00:00,2026-06-07T05:43:11.146132+00:00,0,,,7,79,80,0,false,false,7,79,80,0,false,false,9,79,80,0,false,false,7,79,80,0,false,false
B,austin,2026-06-08,20260608T020401-0400,2026-06-08T06:04:01.397893+00:00,01:04:01.078944,64,pre_dawn,F,M6_unexplained,timestamp_set_changed,,53,,9,79,80,88,2026-06-08T06:04:01.397893+00:00,2026-06-08T05:53:48.223018+00:00,0,,,7,79,80,0,false,false,7,79,80,0,false,false,9,79,80,0,false,false,7,79,80,0,false,false
B,austin,2026-06-13,20260613T013642-0400,2026-06-13T05:36:42.711987+00:00,00:36:42.587584,36,pre_dawn,F,M2_empty_history,no_valid_row_change,,,,7,79,80,93,2026-06-13T05:36:42.711987+00:00,2026-06-13T05:26:29.392491+00:00,0,,,7,79,80,0,false,false,7,79,80,0,false,false,7,79,80,0,false,false,7,79,80,0,false,false
B,austin,2026-06-14,20260614T012202-0400,2026-06-14T05:22:02.230465+00:00,00:22:02.000920,22,pre_dawn,F,M2_empty_history,no_valid_row_change,,,,7,78,79,92,2026-06-14T05:22:02.230465+00:00,2026-06-14T05:20:24.789732+00:00,0,,,7,78,79,0,false,false,7,78,79,0,false,false,7,78,79,0,false,false,7,78,79,0,false,false
B,austin,2026-06-16,20260616T013013-0400,2026-06-16T05:30:13.816203+00:00,00:30:12.875372,30,pre_dawn,F,M2_empty_history,no_valid_row_change,,,,7,75,76,90,2026-06-16T05:30:13.816203+00:00,2026-06-16T05:25:11.159804+00:00,0,,,7,75,76,0,false,false,7,75,76,0,false,false,7,75,76,0,false,false,7,75,76,0,false,false
B,austin,2026-06-16,20260616T140819-0400,2026-06-16T18:08:19.457890+00:00,13:08:18.277124,788,settlement_window,F,M5_cutoff_change,timestamp_set_changed,773,,,12,85,87,90,2026-06-16T18:08:19.457890+00:00,2026-06-16T18:07:19.872380+00:00,1,773,2026-06-16T18:07:19.872380+00:00,12,85,85,0,true,false,12,85,85,0,true,false,12,85,87,0,false,false,12,85,85,0,true,false
B,austin,2026-06-16,20260616T142714-0400,2026-06-16T18:27:14.045044+00:00,13:27:13.574779,807,settlement_window,F,M5_cutoff_change,timestamp_set_changed,773,,,12,85,87,90,2026-06-16T18:27:14.045044+00:00,2026-06-16T18:26:12.838925+00:00,1,773,2026-06-16T18:26:12.838925+00:00,12,85,85,0,true,false,12,85,85,0,true,false,12,85,87,0,false,false,12,85,85,0,true,false
B,austin,2026-06-16,20260616T153209-0400,2026-06-16T19:32:09.541501+00:00,14:32:09.181196,872,peak_heating_window,F,M5_cutoff_change,timestamp_set_changed,833,,,13,87,88,90,2026-06-16T19:32:09.541501+00:00,2026-06-16T19:31:13.143268+00:00,1,833,2026-06-16T19:31:13.143268+00:00,13,87,87,0,true,false,13,87,87,0,true,false,13,87,88,0,false,false,13,87,87,0,true,false
B,austin,2026-06-17,20260617T100331-0400,2026-06-17T14:03:31.169763+00:00,09:03:30.763784,543,other,F,M5_cutoff_change,timestamp_set_changed,495|517|533,,,8,77,80,89,2026-06-17T14:03:31.169763+00:00,2026-06-17T14:02:43.899238+00:00,3,495|517|533,2026-06-17T14:02:43.899238+00:00,8,77,77,0,true,false,8,77,77,0,true,false,8,77,80,0,false,false,8,77,77,0,true,false
B,austin,2026-06-17,20260617T100533-0400,2026-06-17T14:05:33.453525+00:00,09:05:33.116497,545,other,F,M5_cutoff_change,timestamp_set_changed,495|517|533,,,8,77,80,89,2026-06-17T14:05:33.453525+00:00,2026-06-17T14:04:29.817172+00:00,3,495|517|533,2026-06-17T14:04:29.817172+00:00,8,77,77,0,true,false,8,77,77,0,true,false,8,77,80,0,false,false,8,77,77,0,true,false
B,austin,2026-06-17,20260617T101229-0400,2026-06-17T14:12:29.284494+00:00,09:12:28.878224,552,other,F,M5_cutoff_change,timestamp_set_changed,495|517|533,,,8,77,80,89,2026-06-17T14:12:29.284494+00:00,2026-06-17T14:11:29.273132+00:00,3,495|517|533,2026-06-17T14:11:29.273132+00:00,8,77,77,0,true,false,8,77,77,0,true,false,8,77,80,0,false,false,8,77,77,0,true,false
B,austin,2026-06-17,20260617T125333-0400,2026-06-17T16:53:33.934156+00:00,11:53:33.112521,713,other,F,M5_cutoff_change,timestamp_set_changed,653|674,,,10,81,82,89,2026-06-17T16:53:33.934156+00:00,2026-06-17T16:52:34.474940+00:00,2,653|674,2026-06-17T16:52:34.474940+00:00,11,82,82,1,true,false,11,82,82,1,true,false,11,82,82,1,true,false,11,82,82,1,true,false
B,austin,2026-06-17,20260617T142836-0400,2026-06-17T18:28:36.969371+00:00,13:28:36.401071,808,settlement_window,F,M5_cutoff_change,timestamp_set_changed,773,,,12,84,86,89,2026-06-17T18:28:36.969371+00:00,2026-06-17T18:27:34.276196+00:00,1,773,2026-06-17T18:27:34.276196+00:00,12,84,84,0,true,false,12,84,84,0,true,false,12,84,86,0,false,false,12,84,84,0,true,false
B,austin,2026-06-17,20260617T143734-0400,2026-06-17T18:37:34.050933+00:00,13:37:33.486195,817,settlement_window,F,M5_cutoff_change,timestamp_set_changed,773,,,12,84,86,89,2026-06-17T18:37:34.050933+00:00,2026-06-17T18:36:31.353198+00:00,1,773,2026-06-17T18:36:31.353198+00:00,12,84,84,0,true,false,12,84,84,0,true,false,12,84,86,0,false,false,12,84,84,0,true,false
B,austin,2026-06-17,20260617T144047-0400,2026-06-17T18:40:47.289602+00:00,13:40:46.711795,820,settlement_window,F,M5_cutoff_change,timestamp_set_changed,773,,,12,84,86,89,2026-06-17T18:40:47.289602+00:00,2026-06-17T18:39:32.584836+00:00,1,773,2026-06-17T18:39:32.584836+00:00,12,84,84,0,true,false,12,84,84,0,true,false,12,84,86,0,false,false,12,84,84,0,true,false
B,austin,2026-06-17,20260617T144431-0400,2026-06-17T18:44:31.386070+00:00,13:44:30.824009,824,settlement_window,F,M5_cutoff_change,timestamp_set_changed,773,,,12,84,86,89,2026-06-17T18:44:31.386070+00:00,2026-06-17T18:42:32.911153+00:00,1,773,2026-06-17T18:42:32.911153+00:00,12,84,84,0,true,false,12,84,84,0,true,false,12,84,86,0,false,false,12,84,84,0,true,false
B,austin,2026-06-17,20260617T151734-0400,2026-06-17T19:17:34.522699+00:00,14:17:34.061853,857,peak_heating_window,F,M5_cutoff_change,timestamp_set_changed,833,,,13,86,87,89,2026-06-17T19:17:34.522699+00:00,2026-06-17T19:16:39.842976+00:00,1,833,2026-06-17T19:16:39.842976+00:00,13,86,86,0,true,false,13,86,86,0,true,false,13,86,87,0,false,false,13,86,86,0,true,false
B,austin,2026-06-17,20260617T152935-0400,2026-06-17T19:29:35.474753+00:00,14:29:35.078817,869,peak_heating_window,F,M5_cutoff_change,timestamp_set_changed,833,,,13,86,87,89,2026-06-17T19:29:35.474753+00:00,2026-06-17T19:28:32.915589+00:00,1,833,2026-06-17T19:28:32.915589+00:00,13,86,86,0,true,false,13,86,86,0,true,false,13,86,87,0,false,false,13,86,86,0,true,false
B,austin,2026-06-19,20260619T130906-0400,2026-06-19T17:09:06.958369+00:00,12:09:06.360527,729,settlement_window,F,M5_cutoff_change,timestamp_set_changed,713,,,11,84,85,88,2026-06-19T17:09:06.958369+00:00,2026-06-19T17:08:09.809857+00:00,1,713,2026-06-19T17:08:09.809857+00:00,11,84,84,0,true,false,11,84,84,0,true,false,11,84,85,0,false,false,11,84,84,0,true,false
B,austin,2026-06-19,20260619T131107-0400,2026-06-19T17:11:07.633137+00:00,12:11:07.178807,731,settlement_window,F,M5_cutoff_change,timestamp_set_changed,713,,,11,84,85,88,2026-06-19T17:11:07.633137+00:00,2026-06-19T17:10:14.119025+00:00,1,713,2026-06-19T17:10:14.119025+00:00,11,84,84,0,true,false,11,84,84,0,true,false,11,84,85,0,false,false,11,84,84,0,true,false
B,austin,2026-06-19,20260619T131422-0400,2026-06-19T17:14:22.503475+00:00,12:14:22.073118,734,settlement_window,F,M5_cutoff_change,timestamp_set_changed,713,,,11,84,85,88,2026-06-19T17:14:22.503475+00:00,2026-06-19T17:13:20.497281+00:00,1,713,2026-06-19T17:13:20.497281+00:00,11,84,84,0,true,false,11,84,84,0,true,false,11,84,85,0,false,false,11,84,84,0,true,false
B,austin,2026-06-19,20260619T134606-0400,2026-06-19T17:46:06.678409+00:00,12:46:06.106972,766,settlement_window,F,M5_cutoff_change,timestamp_set_changed,713,,,11,84,85,88,2026-06-19T17:46:06.678409+00:00,2026-06-19T17:43:39.631748+00:00,1,713,2026-06-19T17:43:39.631748+00:00,11,84,84,0,true,false,11,84,84,0,true,false,11,84,85,0,false,false,11,84,84,0,true,false
B,austin,2026-06-19,20260619T141257-0400,2026-06-19T18:12:57.722799+00:00,13:12:57.327420,792,settlement_window,F,M5_cutoff_change,timestamp_set_changed,773,,,12,85,86,88,2026-06-19T18:12:57.722799+00:00,2026-06-19T18:12:39.161217+00:00,1,773,2026-06-19T18:12:39.161217+00:00,12,85,85,0,true,false,12,85,85,0,true,false,12,85,86,0,false,false,12,85,85,0,true,false
B,austin,2026-06-19,20260619T141741-0400,2026-06-19T18:17:41.099743+00:00,13:17:40.548749,797,settlement_window,F,M5_cutoff_change,timestamp_set_changed,773,,,12,85,86,88,2026-06-19T18:17:41.099743+00:00,2026-06-19T18:16:38.418837+00:00,1,773,2026-06-19T18:16:38.418837+00:00,12,85,85,0,true,false,12,85,85,0,true,false,12,85,86,0,false,false,12,85,85,0,true,false
B,austin,2026-06-19,20260619T144641-0400,2026-06-19T18:46:41.200436+00:00,13:46:40.704017,826,settlement_window,F,M5_cutoff_change,timestamp_set_changed,773,,,12,85,86,88,2026-06-19T18:46:41.200436+00:00,2026-06-19T18:45:30.170777+00:00,1,773,2026-06-19T18:45:30.170777+00:00,12,85,85,0,true,false,12,85,85,0,true,false,12,85,86,0,false,false,12,85,85,0,true,false
B,austin,2026-06-19,20260619T182829-0400,2026-06-19T22:28:29.493068+00:00,17:28:29.093757,1048,settlement_window,F,M5_cutoff_change,timestamp_set_changed,953|1013,,,15,86,88,88,2026-06-19T22:28:29.493068+00:00,2026-06-19T22:27:29.178282+00:00,2,953|1013,2026-06-19T22:27:29.178282+00:00,16,88,88,2,true,false,16,88,88,2,true,false,16,88,88,2,true,false,16,88,88,2,true,false
B,austin,2026-06-20,20260620T132624-0400,2026-06-20T17:26:24.424911+00:00,12:26:23.459708,746,settlement_window,F,M5_cutoff_change,timestamp_set_changed,713,,,11,80,85,89,2026-06-20T17:26:24.424911+00:00,2026-06-20T17:20:16.430078+00:00,1,713,2026-06-20T17:20:16.430078+00:00,11,80,80,0,true,false,11,80,80,0,true,false,11,80,85,0,false,false,11,80,80,0,true,false
B,austin,2026-06-20,20260620T142024-0400,2026-06-20T18:20:24.131136+00:00,13:20:23.721204,800,settlement_window,F,M5_cutoff_change,timestamp_set_changed,773,,,12,85,87,89,2026-06-20T18:20:24.131136+00:00,2026-06-20T18:19:17.593294+00:00,1,773,2026-06-20T18:19:17.593294+00:00,12,85,85,0,true,false,12,85,85,0,true,false,12,85,87,0,false,false,12,85,85,0,true,false
B,austin,2026-06-20,20260620T142838-0400,2026-06-20T18:28:38.335035+00:00,13:28:37.788973,808,settlement_window,F,M5_cutoff_change,timestamp_set_changed,773,,,12,85,87,89,2026-06-20T18:28:38.335035+00:00,2026-06-20T18:22:23.597185+00:00,1,773,2026-06-20T18:22:23.597185+00:00,12,85,85,0,true,false,12,85,85,0,true,false,12,85,87,0,false,false,12,85,85,0,true,false
B,austin,2026-06-20,20260620T143028-0400,2026-06-20T18:30:28.388434+00:00,13:30:27.812257,810,settlement_window,F,M5_cutoff_change,timestamp_set_changed,773,,,12,85,87,89,2026-06-20T18:30:28.388434+00:00,2026-06-20T18:29:21.604646+00:00,1,773,2026-06-20T18:29:21.604646+00:00,12,85,85,0,true,false,12,85,85,0,true,false,12,85,87,0,false,false,12,85,85,0,true,false
B,austin,2026-06-20,20260620T161537-0400,2026-06-20T20:15:37.307181+00:00,15:15:35.860686,915,peak_heating_window,F,M5_cutoff_change,timestamp_set_changed,893,,,14,87,89,89,2026-06-20T20:15:37.307181+00:00,2026-06-20T20:14:37.490485+00:00,1,893,2026-06-20T20:14:37.490485+00:00,14,87,87,0,true,false,14,87,87,0,true,false,14,87,89,0,false,false,14,87,87,0,true,false
B,austin,2026-06-21,20260621T014404-0400,2026-06-21T05:44:04.184747+00:00,00:44:02.960253,44,pre_dawn,F,M2_empty_history,no_valid_row_change,,,,7,74,75,93,2026-06-21T05:44:04.184747+00:00,2026-06-21T05:40:40.291146+00:00,0,,,7,74,75,0,false,false,7,74,75,0,false,false,7,74,75,0,false,false,7,74,75,0,false,false
B,austin,2026-06-21,20260621T060121-0400,2026-06-21T10:01:21.430056+00:00,05:01:21.183709,301,pre_dawn,F,M3_rows_dropped,timestamp_set_changed,293,,,7,74,75,93,2026-06-21T10:01:21.430056+00:00,2026-06-21T10:00:22.564526+00:00,1,293,2026-06-21T10:00:22.564526+00:00,7,75,75,1,true,false,7,75,75,1,true,false,7,75,75,1,true,false,7,75,75,1,true,false
B,austin,2026-06-21,20260621T060429-0400,2026-06-21T10:04:29.928857+00:00,05:04:29.731276,304,pre_dawn,F,M3_rows_dropped,timestamp_set_changed,293,,,7,74,75,93,2026-06-21T10:04:29.928857+00:00,2026-06-21T10:03:22.533462+00:00,1,293,2026-06-21T10:03:22.533462+00:00,7,75,75,1,true,false,7,75,75,1,true,false,7,75,75,1,true,false,7,75,75,1,true,false
B,austin,2026-06-21,20260621T060821-0400,2026-06-21T10:08:21.655476+00:00,05:08:21.427323,308,pre_dawn,F,M3_rows_dropped,timestamp_set_changed,293,,,7,74,75,93,2026-06-21T10:08:21.655476+00:00,2026-06-21T10:07:18.697614+00:00,1,293,2026-06-21T10:07:18.697614+00:00,7,75,75,1,true,false,7,75,75,1,true,false,7,75,75,1,true,false,7,75,75,1,true,false
B,austin,2026-06-21,20260621T061221-0400,2026-06-21T10:12:21.283704+00:00,05:12:21.011727,312,pre_dawn,F,M3_rows_dropped,timestamp_set_changed,293,,,7,74,75,93,2026-06-21T10:12:21.283704+00:00,2026-06-21T10:11:23.203188+00:00,1,293,2026-06-21T10:11:23.203188+00:00,7,75,75,1,true,false,7,75,75,1,true,false,7,75,75,1,true,false,7,75,75,1,true,false
B,austin,2026-06-21,20260621T061823-0400,2026-06-21T10:18:23.151723+00:00,05:18:22.904459,318,pre_dawn,F,M3_rows_dropped,timestamp_set_changed,293,,,7,74,75,93,2026-06-21T10:18:23.151723+00:00,2026-06-21T10:17:19.039693+00:00,1,293,2026-06-21T10:17:19.039693+00:00,7,75,75,1,true,false,7,75,75,1,true,false,7,75,75,1,true,false,7,75,75,1,true,false
B,austin,2026-06-21,20260621T062024-0400,2026-06-21T10:20:24.149391+00:00,05:20:23.794297,320,pre_dawn,F,M3_rows_dropped,timestamp_set_changed,293,,,7,74,75,93,2026-06-21T10:20:24.149391+00:00,2026-06-21T10:19:29.977878+00:00,1,293,2026-06-21T10:19:29.977878+00:00,7,75,75,1,true,false,7,75,75,1,true,false,7,75,75,1,true,false,7,75,75,1,true,false
B,austin,2026-06-21,20260621T062418-0400,2026-06-21T10:24:18.566091+00:00,05:24:18.390986,324,pre_dawn,F,M3_rows_dropped,timestamp_set_changed,293,,,7,74,75,93,2026-06-21T10:24:18.566091+00:00,2026-06-21T10:23:18.921710+00:00,1,293,2026-06-21T10:23:18.921710+00:00,7,75,75,1,true,false,7,75,75,1,true,false,7,75,75,1,true,false,7,75,75,1,true,false
B,austin,2026-06-21,20260621T063118-0400,2026-06-21T10:31:18.898935+00:00,05:31:18.658453,331,pre_dawn,F,M3_rows_dropped,timestamp_set_changed,293,,,7,74,75,93,2026-06-21T10:31:18.898935+00:00,2026-06-21T10:30:29.574860+00:00,1,293,2026-06-21T10:30:29.574860+00:00,7,75,75,1,true,false,7,75,75,1,true,false,7,75,75,1,true,false,7,75,75,1,true,false
B,austin,2026-06-21,20260621T080751-0400,2026-06-21T12:07:51.356749+00:00,07:07:51.175343,427,other,F,M3_rows_dropped,timestamp_set_changed,413,,,7,75,76,93,2026-06-21T12:07:51.356749+00:00,2026-06-21T12:06:57.008313+00:00,1,413,2026-06-21T12:06:57.008313+00:00,7,76,76,1,true,false,7,76,76,1,true,false,7,76,76,1,true,false,7,76,76,1,true,false
B,austin,2026-06-21,20260621T082259-0400,2026-06-21T12:22:59.519589+00:00,07:22:59.074443,442,other,F,M3_rows_dropped,timestamp_set_changed,413,,,7,75,76,93,2026-06-21T12:22:59.519589+00:00,2026-06-21T12:21:56.503361+00:00,1,413,2026-06-21T12:21:56.503361+00:00,7,76,76,1,true,false,7,76,76,1,true,false,7,76,76,1,true,false,7,76,76,1,true,false
B,austin,2026-06-21,20260621T092353-0400,2026-06-21T13:23:53.339927+00:00,08:23:52.792917,503,other,F,M5_cutoff_change,timestamp_set_changed,473,,,7,76,77,93,2026-06-21T13:23:53.339927+00:00,2026-06-21T13:20:52.902462+00:00,1,473,2026-06-21T13:20:52.902462+00:00,7,76,76,0,true,false,7,76,76,0,true,false,7,76,77,0,false,false,7,76,76,0,true,false
B,austin,2026-06-21,20260621T093254-0400,2026-06-21T13:32:54.188801+00:00,08:32:53.421102,512,other,F,M5_cutoff_change,timestamp_set_changed,473,,,7,76,77,93,2026-06-21T13:32:54.188801+00:00,2026-06-21T13:30:23.468508+00:00,1,473,2026-06-21T13:30:23.468508+00:00,7,76,76,0,true,false,7,76,76,0,true,false,7,76,77,0,false,false,7,76,76,0,true,false
B,austin,2026-06-21,20260621T093554-0400,2026-06-21T13:35:54.657716+00:00,08:35:54.241776,515,other,F,M5_cutoff_change,timestamp_set_changed,473,,,7,76,77,93,2026-06-21T13:35:54.657716+00:00,2026-06-21T13:33:52.208911+00:00,1,473,2026-06-21T13:33:52.208911+00:00,7,76,76,0,true,false,7,76,76,0,true,false,7,76,77,0,false,false,7,76,76,0,true,false
B,austin,2026-06-21,20260621T094851-0400,2026-06-21T13:48:51.331225+00:00,08:48:50.778206,528,other,F,M5_cutoff_change,timestamp_set_changed,473,,,7,76,77,93,2026-06-21T13:48:51.331225+00:00,2026-06-21T13:40:25.067972+00:00,1,473,2026-06-21T13:40:25.067972+00:00,7,76,76,0,true,false,7,76,76,0,true,false,7,76,77,0,false,false,7,76,76,0,true,false
B,austin,2026-06-21,20260621T095750-0400,2026-06-21T13:57:50.535676+00:00,08:57:50.139142,537,other,F,M5_cutoff_change,timestamp_set_changed,473,,,7,76,77,93,2026-06-21T13:57:50.535676+00:00,2026-06-21T13:55:56.572555+00:00,1,473,2026-06-21T13:55:56.572555+00:00,7,76,76,0,true,false,7,76,76,0,true,false,7,76,77,0,false,false,7,76,76,0,true,false
B,austin,2026-06-21,20260621T100058-0400,2026-06-21T14:00:58.575040+00:00,09:00:58.148660,540,other,F,M5_cutoff_change,timestamp_set_changed,533,,,8,77,78,93,2026-06-21T14:00:58.575040+00:00,2026-06-21T14:00:28.333099+00:00,1,533,2026-06-21T14:00:28.333099+00:00,8,77,77,0,true,false,8,77,77,0,true,false,8,77,78,0,false,false,8,77,77,0,true,false
B,austin,2026-06-21,20260621T100804-0400,2026-06-21T14:08:04.996559+00:00,09:08:01.105537,548,other,F,M5_cutoff_change,timestamp_set_changed,533,,,8,77,78,93,2026-06-21T14:08:04.996559+00:00,2026-06-21T14:07:07.748826+00:00,1,533,2026-06-21T14:07:07.748826+00:00,8,77,77,0,true,false,8,77,77,0,true,false,8,77,78,0,false,false,8,77,77,0,true,false
B,austin,2026-06-21,20260621T110326-0400,2026-06-21T15:03:26.968231+00:00,10:03:25.961970,603,other,F,M5_cutoff_change,timestamp_set_changed,593,,,9,78,79,93,2026-06-21T15:03:26.968231+00:00,2026-06-21T15:02:21.518577+00:00,1,593,2026-06-21T15:02:21.518577+00:00,9,78,78,0,true,false,9,78,78,0,true,false,9,78,79,0,false,false,9,78,78,0,true,false
B,austin,2026-06-21,20260621T110625-0400,2026-06-21T15:06:25.261360+00:00,10:06:24.626238,606,other,F,M5_cutoff_change,timestamp_set_changed,593,,,9,78,79,93,2026-06-21T15:06:25.261360+00:00,2026-06-21T15:05:32.880971+00:00,1,593,2026-06-21T15:05:32.880971+00:00,9,78,78,0,true,false,9,78,78,0,true,false,9,78,79,0,false,false,9,78,78,0,true,false
B,austin,2026-06-21,20260621T131725-0400,2026-06-21T17:17:25.454439+00:00,12:17:24.984207,737,settlement_window,F,M5_cutoff_change,timestamp_set_changed,713,,,11,82,85,93,2026-06-21T17:17:25.454439+00:00,2026-06-21T17:16:27.729330+00:00,1,713,2026-06-21T17:16:27.729330+00:00,11,82,82,0,true,false,11,82,82,0,true,false,11,82,85,0,false,false,11,82,82,0,true,false
B,austin,2026-06-21,20260621T131925-0400,2026-06-21T17:19:25.589805+00:00,12:19:25.165383,739,settlement_window,F,M5_cutoff_change,timestamp_set_changed,713,,,11,82,85,93,2026-06-21T17:19:25.589805+00:00,2026-06-21T17:18:26.307382+00:00,1,713,2026-06-21T17:18:26.307382+00:00,11,82,82,0,true,false,11,82,82,0,true,false,11,82,85,0,false,false,11,82,82,0,true,false
B,austin,2026-06-21,20260621T132428-0400,2026-06-21T17:24:28.187152+00:00,12:24:27.609828,744,settlement_window,F,M5_cutoff_change,timestamp_set_changed,713,,,11,82,85,93,2026-06-21T17:24:28.187152+00:00,2026-06-21T17:23:25.250032+00:00,1,713,2026-06-21T17:23:25.250032+00:00,11,82,82,0,true,false,11,82,82,0,true,false,11,82,85,0,false,false,11,82,82,0,true,false
B,austin,2026-06-21,20260621T134921-0400,2026-06-21T17:49:21.071471+00:00,12:49:19.051660,769,settlement_window,F,M5_cutoff_change,timestamp_set_changed,713,,,11,82,85,93,2026-06-21T17:49:21.071471+00:00,2026-06-21T17:43:27.077361+00:00,1,713,2026-06-21T17:43:27.077361+00:00,11,82,82,0,true,false,11,82,82,0,true,false,11,82,85,0,false,false,11,82,82,0,true,false
B,austin,2026-06-21,20260621T144027-0400,2026-06-21T18:40:27.654472+00:00,13:40:27.180445,820,settlement_window,F,M5_cutoff_change,timestamp_set_changed,773,,,12,85,88,93,2026-06-21T18:40:27.654472+00:00,2026-06-21T18:29:25.900841+00:00,1,773,2026-06-21T18:29:25.900841+00:00,12,85,85,0,true,false,12,85,85,0,true,false,12,85,88,0,false,false,12,85,85,0,true,false
B,austin,2026-06-21,20260621T151538-0400,2026-06-21T19:15:38.652951+00:00,14:15:38.158169,855,peak_heating_window,F,M5_cutoff_change,timestamp_set_changed,833,,,13,88,91,93,2026-06-21T19:15:38.652951+00:00,2026-06-21T19:14:29.413596+00:00,1,833,2026-06-21T19:14:29.413596+00:00,13,88,88,0,true,false,13,88,88,0,true,false,13,88,91,0,false,false,13,88,88,0,true,false
B,austin,2026-06-21,20260621T160231-0400,2026-06-21T20:02:31.381122+00:00,15:02:30.815362,902,peak_heating_window,F,M5_cutoff_change,timestamp_set_changed,893,,,14,91,92,93,2026-06-21T20:02:31.381122+00:00,2026-06-21T20:01:40.119681+00:00,1,893,2026-06-21T20:01:40.119681+00:00,14,91,91,0,true,false,14,91,91,0,true,false,14,91,92,0,false,false,14,91,91,0,true,false
B,austin,2026-06-21,20260621T161533-0400,2026-06-21T20:15:33.364782+00:00,15:15:32.956785,915,peak_heating_window,F,M5_cutoff_change,timestamp_set_changed,893,,,14,91,92,93,2026-06-21T20:15:33.364782+00:00,2026-06-21T20:11:50.589525+00:00,1,893,2026-06-21T20:11:50.589525+00:00,14,91,91,0,true,false,14,91,91,0,true,false,14,91,92,0,false,false,14,91,91,0,true,false
B,austin,2026-06-21,20260621T161931-0400,2026-06-21T20:19:31.117160+00:00,15:19:30.043255,919,peak_heating_window,F,M5_cutoff_change,timestamp_set_changed,893,,,14,91,92,93,2026-06-21T20:19:31.117160+00:00,2026-06-21T20:18:40.432649+00:00,1,893,2026-06-21T20:18:40.432649+00:00,14,91,91,0,true,false,14,91,91,0,true,false,14,91,92,0,false,false,14,91,91,0,true,false
B,austin,2026-06-21,20260621T163037-0400,2026-06-21T20:30:37.670037+00:00,15:30:37.258064,930,peak_heating_window,F,M5_cutoff_change,timestamp_set_changed,893,,,14,91,92,93,2026-06-21T20:30:37.670037+00:00,2026-06-21T20:29:20.391969+00:00,1,893,2026-06-21T20:29:20.391969+00:00,14,91,91,0,true,false,14,91,91,0,true,false,14,91,92,0,false,false,14,91,91,0,true,false
B,austin,2026-06-21,20260621T163321-0400,2026-06-21T20:33:21.312420+00:00,15:33:20.891713,933,peak_heating_window,F,M5_cutoff_change,timestamp_set_changed,893,,,14,91,92,93,2026-06-21T20:33:21.312420+00:00,2026-06-21T20:32:23.809238+00:00,1,893,2026-06-21T20:32:23.809238+00:00,14,91,91,0,true,false,14,91,91,0,true,false,14,91,92,0,false,false,14,91,91,0,true,false
B,austin,2026-06-21,20260621T171330-0400,2026-06-21T21:13:30.344798+00:00,16:13:29.973404,973,peak_heating_window,F,M5_cutoff_change,timestamp_set_changed,953,,,15,92,93,93,2026-06-21T21:13:30.344798+00:00,2026-06-21T21:12:30.691342+00:00,1,953,2026-06-21T21:12:30.691342+00:00,15,92,92,0,true,false,15,92,92,0,true,false,15,92,93,0,false,false,15,92,92,0,true,false
B,austin,2026-06-21,20260621T172022-0400,2026-06-21T21:20:22.969102+00:00,16:20:22.585219,980,peak_heating_window,F,M5_cutoff_change,timestamp_set_changed,953,,,15,92,93,93,2026-06-21T21:20:22.969102+00:00,2026-06-21T21:19:24.539332+00:00,1,953,2026-06-21T21:19:24.539332+00:00,15,92,92,0,true,false,15,92,92,0,true,false,15,92,93,0,false,false,15,92,92,0,true,false
B,austin,2026-06-21,20260621T172730-0400,2026-06-21T21:27:30.257112+00:00,16:27:29.857555,987,peak_heating_window,F,M5_cutoff_change,timestamp_set_changed,953,,,15,92,93,93,2026-06-21T21:27:30.257112+00:00,2026-06-21T21:26:21.844622+00:00,1,953,2026-06-21T21:26:21.844622+00:00,15,92,92,0,true,false,15,92,92,0,true,false,15,92,93,0,false,false,15,92,92,0,true,false
B,austin,2026-06-22,20260622T100522-0400,2026-06-22T14:05:22.686034+00:00,09:05:22.285764,545,other,F,M5_cutoff_change,timestamp_set_changed,533,,,8,81,82,94,2026-06-22T14:05:22.686034+00:00,2026-06-22T14:02:25.801474+00:00,1,533,2026-06-22T14:02:25.801474+00:00,8,81,81,0,true,false,8,81,81,0,true,false,8,81,82,0,false,false,8,81,81,0,true,false
B,austin,2026-06-22,20260622T100722-0400,2026-06-22T14:07:22.612905+00:00,09:07:22.227469,547,other,F,M5_cutoff_change,timestamp_set_changed,533,,,8,81,82,94,2026-06-22T14:07:22.612905+00:00,2026-06-22T14:06:24.668483+00:00,1,533,2026-06-22T14:06:24.668483+00:00,8,81,81,0,true,false,8,81,81,0,true,false,8,81,82,0,false,false,8,81,81,0,true,false
B,austin,2026-06-22,20260622T110056-0400,2026-06-22T15:00:56.485549+00:00,10:00:54.452681,600,other,F,M5_cutoff_change,timestamp_set_changed,593,,,9,82,85,94,2026-06-22T15:00:56.485549+00:00,2026-06-22T15:00:27.482457+00:00,1,593,2026-06-22T15:00:27.482457+00:00,9,82,82,0,true,false,9,82,82,0,true,false,9,82,85,0,false,false,9,82,82,0,true,false
B,austin,2026-06-22,20260622T122225-0400,2026-06-22T16:22:25.889645+00:00,11:22:24.796222,682,other,F,M5_cutoff_change,timestamp_set_changed,653,,,10,85,88,94,2026-06-22T16:22:25.889645+00:00,2026-06-22T16:17:28.642140+00:00,1,653,2026-06-22T16:17:28.642140+00:00,10,85,85,0,true,false,10,85,85,0,true,false,10,85,88,0,false,false,10,85,85,0,true,false
B,austin,2026-06-22,20260622T122624-0400,2026-06-22T16:26:24.626011+00:00,11:26:23.858329,686,other,F,M5_cutoff_change,timestamp_set_changed,653,,,10,85,88,94,2026-06-22T16:26:24.626011+00:00,2026-06-22T16:25:28.002390+00:00,1,653,2026-06-22T16:25:28.002390+00:00,10,85,85,0,true,false,10,85,85,0,true,false,10,85,88,0,false,false,10,85,85,0,true,false
B,austin,2026-06-22,20260622T123229-0400,2026-06-22T16:32:29.057192+00:00,11:32:28.631290,692,other,F,M5_cutoff_change,timestamp_set_changed,653,,,10,85,88,94,2026-06-22T16:32:29.057192+00:00,2026-06-22T16:31:26.727411+00:00,1,653,2026-06-22T16:31:26.727411+00:00,10,85,85,0,true,false,10,85,85,0,true,false,10,85,88,0,false,false,10,85,85,0,true,false
B,austin,2026-06-22,20260622T123422-0400,2026-06-22T16:34:22.908547+00:00,11:34:22.311896,694,other,F,M5_cutoff_change,timestamp_set_changed,653,,,10,85,88,94,2026-06-22T16:34:22.908547+00:00,2026-06-22T16:33:23.664469+00:00,1,653,2026-06-22T16:33:23.664469+00:00,10,85,85,0,true,false,10,85,85,0,true,false,10,85,88,0,false,false,10,85,85,0,true,false
B,austin,2026-06-22,20260622T123830-0400,2026-06-22T16:38:30.916446+00:00,11:38:29.925416,698,other,F,M5_cutoff_change,timestamp_set_changed,653,,,10,85,88,94,2026-06-22T16:38:30.916446+00:00,2026-06-22T16:36:33.347816+00:00,1,653,2026-06-22T16:36:33.347816+00:00,10,85,85,0,true,false,10,85,85,0,true,false,10,85,88,0,false,false,10,85,85,0,true,false
B,austin,2026-06-22,20260622T130822-0400,2026-06-22T17:08:22.532750+00:00,12:08:21.976848,728,settlement_window,F,M5_cutoff_change,timestamp_set_changed,713,,,11,88,91,94,2026-06-22T17:08:22.532750+00:00,2026-06-22T17:07:24.442262+00:00,1,713,2026-06-22T17:07:24.442262+00:00,11,88,88,0,true,false,11,88,88,0,true,false,11,88,91,0,false,false,11,88,88,0,true,false
B,austin,2026-06-22,20260622T131425-0400,2026-06-22T17:14:25.151468+00:00,12:14:24.737434,734,settlement_window,F,M5_cutoff_change,timestamp_set_changed,713,,,11,88,91,94,2026-06-22T17:14:25.151468+00:00,2026-06-22T17:13:21.481591+00:00,1,713,2026-06-22T17:13:21.481591+00:00,11,88,88,0,true,false,11,88,88,0,true,false,11,88,91,0,false,false,11,88,88,0,true,false
B,austin,2026-06-26,20260626T014925-0400,2026-06-26T05:49:25.502013+00:00,00:49:25.270656,49,pre_dawn,F,M2_empty_history,no_valid_row_change,,,,7,77,78,94,2026-06-26T05:49:25.502013+00:00,2026-06-26T05:29:20.282990+00:00,0,,,7,77,78,0,false,false,7,77,78,0,false,false,7,77,78,0,false,false,7,77,78,0,false,false
B,austin,2026-06-26,20260626T114752-0400,2026-06-26T15:47:52.310147+00:00,10:47:51.976694,647,other,F,M5_cutoff_change,timestamp_set_changed,593,,,9,81,83,94,2026-06-26T15:47:52.310147+00:00,2026-06-26T15:46:54.940537+00:00,1,593,2026-06-26T15:46:54.940537+00:00,9,81,81,0,true,false,9,81,81,0,true,false,9,81,83,0,false,false,9,81,81,0,true,false
B,austin,2026-06-26,20260626T152401-0400,2026-06-26T19:24:01.738531+00:00,14:24:01.346441,864,peak_heating_window,F,M5_cutoff_change,timestamp_set_changed,833,,,13,89,91,94,2026-06-26T19:24:01.738531+00:00,2026-06-26T19:22:02.062065+00:00,1,833,2026-06-26T19:22:02.062065+00:00,13,89,89,0,true,false,13,89,89,0,true,false,13,89,91,0,false,false,13,89,89,0,true,false
B,austin,2026-06-26,20260626T152624-0400,2026-06-26T19:26:24.741277+00:00,14:26:24.389263,866,peak_heating_window,F,M5_cutoff_change,timestamp_set_changed,833,,,13,89,91,94,2026-06-26T19:26:24.741277+00:00,2026-06-26T19:25:01.469785+00:00,1,833,2026-06-26T19:25:01.469785+00:00,13,89,89,0,true,false,13,89,89,0,true,false,13,89,91,0,false,false,13,89,89,0,true,false
B,chicago,2026-06-12,20260612T013413-0400,2026-06-12T05:34:13.600558+00:00,00:34:13.360969,34,pre_dawn,F,M2_empty_history,no_valid_row_change,,,,7,67,68,81,2026-06-12T05:34:13.600558+00:00,2026-06-12T05:23:59.545530+00:00,0,,,7,67,68,0,false,false,7,67,68,0,false,false,7,67,68,0,false,false,7,67,68,0,false,false
B,chicago,2026-06-12,20260612T015440-0400,2026-06-12T05:54:40.526857+00:00,00:54:40.227347,54,pre_dawn,F,M6_unexplained,timestamp_set_changed,,51,,7,66,67,81,2026-06-12T05:54:40.526857+00:00,2026-06-12T05:44:26.081184+00:00,0,,,7,66,67,0,false,false,7,66,67,0,false,false,7,66,67,0,false,false,7,66,67,0,false,false
B,chicago,2026-06-13,20260613T013644-0400,2026-06-13T05:36:44.082257+00:00,00:36:43.855518,36,pre_dawn,F,M2_empty_history,no_valid_row_change,,,,7,69,70,83,2026-06-13T05:36:44.082257+00:00,2026-06-13T05:26:30.293742+00:00,0,,,7,69,70,0,false,false,7,69,70,0,false,false,7,69,70,0,false,false,7,69,70,0,false,false
B,chicago,2026-06-13,20260613T015714-0400,2026-06-13T05:57:14.082035+00:00,00:57:13.863092,57,pre_dawn,F,M6_unexplained,timestamp_set_changed,,51,,7,68,69,83,2026-06-13T05:57:14.082035+00:00,2026-06-13T05:47:01.866828+00:00,0,,,7,68,69,0,false,false,7,68,69,0,false,false,7,68,69,0,false,false,7,68,69,0,false,false
B,chicago,2026-06-14,20260614T011808-0400,2026-06-14T05:18:08.111048+00:00,00:18:07.797818,18,pre_dawn,F,M2_empty_history,no_valid_row_change,,,,7,68,70,69,2026-06-14T05:18:08.111048+00:00,2026-06-14T05:10:02.669255+00:00,0,,,7,68,70,0,false,false,7,68,70,0,false,false,7,68,70,0,false,false,7,68,70,0,false,false
B,chicago,2026-06-15,20260615T012123-0400,2026-06-15T05:21:23.758906+00:00,00:21:23.257793,21,pre_dawn,F,M2_empty_history,no_valid_row_change,,,,7,57,58,76,2026-06-15T05:21:23.758906+00:00,2026-06-15T05:05:38.216350+00:00,0,,,7,57,58,0,false,false,7,57,58,0,false,false,7,57,58,0,false,false,7,57,58,0,false,false
B,chicago,2026-06-15,20260615T015127-0400,2026-06-15T05:51:27.175162+00:00,00:51:26.972806,51,pre_dawn,F,M2_empty_history,no_valid_row_change,,,,7,56,57,76,2026-06-15T05:51:27.175162+00:00,2026-06-15T05:45:33.640762+00:00,0,,,7,56,57,0,false,false,7,56,57,0,false,false,7,56,57,0,false,false,7,56,57,0,false,false
B,chicago,2026-06-15,20260615T100829-0400,2026-06-15T14:08:29.095001+00:00,09:08:28.827157,548,other,F,M5_cutoff_change,timestamp_set_changed,531,,,7,58,61,76,2026-06-15T14:08:29.095001+00:00,2026-06-15T14:05:42.464408+00:00,1,531,2026-06-15T14:05:42.464408+00:00,8,61,61,3,true,false,8,61,61,3,true,false,8,61,61,3,true,false,8,61,61,3,true,false
B,chicago,2026-06-15,20260615T110359-0400,2026-06-15T15:03:59.440028+00:00,10:03:58.984325,603,other,F,M5_cutoff_change,timestamp_set_changed,591,,,8,61,64,76,2026-06-15T15:03:59.440028+00:00,2026-06-15T15:02:01.442985+00:00,1,591,2026-06-15T15:02:01.442985+00:00,9,64,64,3,true,false,9,64,64,3,true,false,9,64,64,3,true,false,9,64,64,3,true,false
B,chicago,2026-06-15,20260615T134459-0400,2026-06-15T17:44:59.135621+00:00,12:44:58.112235,764,settlement_window,F,M5_cutoff_change,timestamp_set_changed,711,,,10,67,70,76,2026-06-15T17:44:59.135621+00:00,2026-06-15T17:42:59.076906+00:00,1,711,2026-06-15T17:42:59.076906+00:00,11,70,70,3,true,false,11,70,70,3,true,false,11,70,70,3,true,false,11,70,70,3,true,false
B,chicago,2026-06-16,20260616T014411-0400,2026-06-16T05:44:11.074734+00:00,00:44:10.368774,44,pre_dawn,F,M2_empty_history,no_valid_row_change,,,,7,66,67,76,2026-06-16T05:44:11.074734+00:00,2026-06-16T05:25:15.045054+00:00,0,,,7,66,67,0,false,false,7,66,67,0,false,false,7,66,67,0,false,false,7,66,67,0,false,false
B,chicago,2026-06-16,20260616T015512-0400,2026-06-16T05:55:12.398305+00:00,00:55:12.116258,55,pre_dawn,F,M6_unexplained,timestamp_set_changed,,51,,7,65,66,76,2026-06-16T05:55:12.398305+00:00,2026-06-16T05:54:27.763049+00:00,0,,,7,65,66,0,false,false,7,65,66,0,false,false,7,65,66,0,false,false,7,65,66,0,false,false
B,chicago,2026-06-16,20260616T113512-0400,2026-06-16T15:35:12.839712+00:00,10:35:11.894032,635,other,F,M5_cutoff_change,timestamp_set_changed,591,,,9,67,69,76,2026-06-16T15:35:12.839712+00:00,2026-06-16T15:34:13.104223+00:00,1,591,2026-06-16T15:34:13.104223+00:00,9,67,67,0,true,false,9,67,67,0,true,false,9,67,69,0,false,false,9,67,67,0,true,false
B,chicago,2026-06-16,20260616T113615-0400,2026-06-16T15:36:15.825385+00:00,10:36:13.520278,636,other,F,M5_cutoff_change,timestamp_set_changed,591,,,9,67,69,76,2026-06-16T15:36:15.825385+00:00,2026-06-16T15:35:12.846756+00:00,1,591,2026-06-16T15:35:12.846756+00:00,9,67,67,0,true,false,9,67,67,0,true,false,9,67,67,0,true,false,9,67,67,0,true,false
B,chicago,2026-06-19,20260619T012434-0400,2026-06-19T05:24:34.534455+00:00,00:24:33.780271,24,pre_dawn,F,M2_empty_history,no_valid_row_change,,,,7,63,64,76,2026-06-19T05:24:34.534455+00:00,2026-06-19T05:22:34.634668+00:00,0,,,7,63,64,0,false,false,7,63,64,0,false,false,7,63,64,0,false,false,7,63,64,0,false,false
B,chicago,2026-06-19,20260619T090354-0400,2026-06-19T13:03:54.788116+00:00,08:03:50.207242,483,other,F,M5_cutoff_change,timestamp_set_changed,471,,,7,63,66,76,2026-06-19T13:03:54.788116+00:00,2026-06-19T13:01:54.450801+00:00,1,471,2026-06-19T13:01:54.450801+00:00,7,63,63,0,true,false,7,63,63,0,true,false,7,63,66,0,false,false,7,63,63,0,true,false
B,chicago,2026-06-19,20260619T090957-0400,2026-06-19T13:09:57.305045+00:00,08:09:56.415300,489,other,F,M5_cutoff_change,timestamp_set_changed,471,,,7,63,66,76,2026-06-19T13:09:57.305045+00:00,2026-06-19T13:07:42.802346+00:00,1,471,2026-06-19T13:07:42.802346+00:00,7,63,63,0,true,false,7,63,63,0,true,false,7,63,66,0,false,false,7,63,63,0,true,false
B,chicago,2026-06-19,20260619T091613-0400,2026-06-19T13:16:13.401857+00:00,08:16:11.045602,496,other,F,M5_cutoff_change,timestamp_set_changed,471,,,7,63,66,76,2026-06-19T13:16:13.401857+00:00,2026-06-19T13:13:47.068698+00:00,1,471,2026-06-19T13:13:47.068698+00:00,7,63,63,0,true,false,7,63,63,0,true,false,7,63,66,0,false,false,7,63,63,0,true,false
B,chicago,2026-06-19,20260619T100632-0400,2026-06-19T14:06:32.832216+00:00,09:06:32.237298,546,other,F,M5_cutoff_change,timestamp_set_changed,531,,,8,66,68,76,2026-06-19T14:06:32.832216+00:00,2026-06-19T14:04:39.567285+00:00,1,531,2026-06-19T14:04:39.567285+00:00,8,66,66,0,true,false,8,66,66,0,true,false,8,66,68,0,false,false,8,66,66,0,true,false
B,chicago,2026-06-19,20260619T101135-0400,2026-06-19T14:11:35.453781+00:00,09:11:34.859501,551,other,F,M5_cutoff_change,timestamp_set_changed,531,,,8,66,68,76,2026-06-19T14:11:35.453781+00:00,2026-06-19T14:09:32.244774+00:00,1,531,2026-06-19T14:09:32.244774+00:00,8,66,66,0,true,false,8,66,66,0,true,false,8,66,68,0,false,false,8,66,66,0,true,false
B,chicago,2026-06-19,20260619T101311-0400,2026-06-19T14:13:11.193301+00:00,09:13:10.624465,553,other,F,M5_cutoff_change,timestamp_set_changed,531,,,8,66,68,76,2026-06-19T14:13:11.193301+00:00,2026-06-19T14:12:32.188745+00:00,1,531,2026-06-19T14:12:32.188745+00:00,8,66,66,0,true,false,8,66,66,0,true,false,8,66,68,0,false,false,8,66,66,0,true,false
B,chicago,2026-06-19,20260619T152035-0400,2026-06-19T19:20:35.015080+00:00,14:20:34.318050,860,peak_heating_window,F,M5_cutoff_change,timestamp_set_changed,831,,,13,73,74,76,2026-06-19T19:20:35.015080+00:00,2026-06-19T19:19:38.473566+00:00,1,831,2026-06-19T19:19:38.473566+00:00,13,73,73,0,true,false,13,73,73,0,true,false,13,73,74,0,false,false,13,73,73,0,true,false
B,chicago,2026-06-19,20260619T153523-0400,2026-06-19T19:35:23.063495+00:00,14:35:12.899285,875,peak_heating_window,F,M5_cutoff_change,timestamp_set_changed,831,,,13,73,74,76,2026-06-19T19:35:23.063495+00:00,2026-06-19T19:28:16.542338+00:00,1,831,2026-06-19T19:28:16.542338+00:00,13,73,73,0,true,false,13,73,73,0,true,false,13,73,74,0,false,false,13,73,73,0,true,false
B,chicago,2026-06-19,20260619T162245-0400,2026-06-19T20:22:45.304610+00:00,15:22:44.699974,922,peak_heating_window,F,M5_cutoff_change,timestamp_set_changed,891,,,14,74,75,76,2026-06-19T20:22:45.304610+00:00,2026-06-19T20:03:36.366361+00:00,1,891,2026-06-19T20:03:36.366361+00:00,14,74,74,0,true,false,14,74,74,0,true,false,14,74,75,0,false,false,14,74,74,0,true,false
B,chicago,2026-06-19,20260619T162647-0400,2026-06-19T20:26:47.763121+00:00,15:26:47.249813,926,peak_heating_window,F,M5_cutoff_change,timestamp_set_changed,891,,,14,74,75,76,2026-06-19T20:26:47.763121+00:00,2026-06-19T20:25:40.643228+00:00,1,891,2026-06-19T20:25:40.643228+00:00,14,74,74,0,true,false,14,74,74,0,true,false,14,74,75,0,false,false,14,74,74,0,true,false
B,chicago,2026-06-19,20260619T162902-0400,2026-06-19T20:29:02.372662+00:00,15:29:01.819164,929,peak_heating_window,F,M5_cutoff_change,timestamp_set_changed,891,,,14,74,75,76,2026-06-19T20:29:02.372662+00:00,2026-06-19T20:27:45.578929+00:00,1,891,2026-06-19T20:27:45.578929+00:00,14,74,74,0,true,false,14,74,74,0,true,false,14,74,75,0,false,false,14,74,74,0,true,false
B,chicago,2026-06-19,20260619T163534-0400,2026-06-19T20:35:34.276058+00:00,15:35:33.099054,935,peak_heating_window,F,M5_cutoff_change,timestamp_set_changed,891,,,14,74,75,76,2026-06-19T20:35:34.276058+00:00,2026-06-19T20:33:41.004411+00:00,1,891,2026-06-19T20:33:41.004411+00:00,14,74,74,0,true,false,14,74,74,0,true,false,14,74,75,0,false,false,14,74,74,0,true,false
B,chicago,2026-06-19,20260619T182831-0400,2026-06-19T22:28:31.802156+00:00,17:28:31.262079,1048,settlement_window,F,M5_cutoff_change,timestamp_set_changed,1011,,,16,75,76,76,2026-06-19T22:28:31.802156+00:00,2026-06-19T22:27:31.897778+00:00,1,1011,2026-06-19T22:27:31.897778+00:00,16,75,75,0,true,false,16,75,75,0,true,false,16,75,76,0,false,false,16,75,75,0,true,false
B,chicago,2026-06-20,20260620T012641-0400,2026-06-20T05:26:41.990188+00:00,00:26:41.551463,26,pre_dawn,F,M2_empty_history,no_valid_row_change,,,,7,65,66,76,2026-06-20T05:26:41.990188+00:00,2026-06-20T05:25:42.837615+00:00,0,,,7,65,66,0,false,false,7,65,66,0,false,false,7,65,66,0,false,false,7,65,66,0,false,false
B,chicago,2026-06-20,20260620T013240-0400,2026-06-20T05:32:40.294224+00:00,00:32:40.089632,32,pre_dawn,F,M2_empty_history,no_valid_row_change,,,,7,65,66,76,2026-06-20T05:32:40.294224+00:00,2026-06-20T05:31:42.666045+00:00,0,,,7,65,66,0,false,false,7,65,66,0,false,false,7,65,66,0,false,false,7,65,66,0,false,false
B,chicago,2026-06-20,20260620T123333-0400,2026-06-20T16:33:33.643607+00:00,11:33:33.095061,693,other,F,M5_cutoff_change,timestamp_set_changed,651,,,10,69,72,76,2026-06-20T16:33:33.643607+00:00,2026-06-20T16:32:24.249352+00:00,1,651,2026-06-20T16:32:24.249352+00:00,10,69,69,0,true,false,10,69,69,0,true,false,10,69,72,0,false,false,10,69,69,0,true,false
B,chicago,2026-06-20,20260620T123523-0400,2026-06-20T16:35:23.680055+00:00,11:35:23.170929,695,other,F,M5_cutoff_change,timestamp_set_changed,651,,,10,69,72,76,2026-06-20T16:35:23.680055+00:00,2026-06-20T16:34:26.920131+00:00,1,651,2026-06-20T16:34:26.920131+00:00,10,69,69,0,true,false,10,69,69,0,true,false,10,69,72,0,false,false,10,69,69,0,true,false
B,chicago,2026-06-20,20260620T124920-0400,2026-06-20T16:49:20.666771+00:00,11:49:20.210022,709,other,F,M5_cutoff_change,timestamp_set_changed,651,,,10,69,72,76,2026-06-20T16:49:20.666771+00:00,2026-06-20T16:48:21.043187+00:00,1,651,2026-06-20T16:48:21.043187+00:00,10,69,69,0,true,false,10,69,69,0,true,false,10,69,72,0,false,false,10,69,69,0,true,false
B,chicago,2026-06-20,20260620T130434-0400,2026-06-20T17:04:34.061008+00:00,12:04:33.456032,724,settlement_window,F,M5_cutoff_change,timestamp_set_changed,711,,,11,72,73,76,2026-06-20T17:04:34.061008+00:00,2026-06-20T17:03:25.414404+00:00,1,711,2026-06-20T17:03:25.414404+00:00,11,72,72,0,true,false,11,72,72,0,true,false,11,72,73,0,false,false,11,72,72,0,true,false
B,chicago,2026-06-20,20260620T131428-0400,2026-06-20T17:14:28.398168+00:00,12:14:27.693113,734,settlement_window,F,M5_cutoff_change,timestamp_set_changed,711,,,11,72,73,76,2026-06-20T17:14:28.398168+00:00,2026-06-20T17:13:19.158258+00:00,1,711,2026-06-20T17:13:19.158258+00:00,11,72,72,0,true,false,11,72,72,0,true,false,11,72,73,0,false,false,11,72,72,0,true,false
B,chicago,2026-06-20,20260620T131816-0400,2026-06-20T17:18:16.478384+00:00,12:18:15.846284,738,settlement_window,F,M5_cutoff_change,timestamp_set_changed,711,,,11,72,73,76,2026-06-20T17:18:16.478384+00:00,2026-06-20T17:17:19.009935+00:00,1,711,2026-06-20T17:17:19.009935+00:00,11,72,72,0,true,false,11,72,72,0,true,false,11,72,73,0,false,false,11,72,72,0,true,false
B,chicago,2026-06-20,20260620T132018-0400,2026-06-20T17:20:18.737706+00:00,12:20:18.149157,740,settlement_window,F,M5_cutoff_change,timestamp_set_changed,711,,,11,72,73,76,2026-06-20T17:20:18.737706+00:00,2026-06-20T17:19:18.620800+00:00,1,711,2026-06-20T17:19:18.620800+00:00,11,72,72,0,true,false,11,72,72,0,true,false,11,72,73,0,false,false,11,72,72,0,true,false
B,chicago,2026-06-20,20260620T134021-0400,2026-06-20T17:40:21.541672+00:00,12:40:21.047819,760,settlement_window,F,M5_cutoff_change,timestamp_set_changed,711,,,11,72,73,76,2026-06-20T17:40:21.541672+00:00,2026-06-20T17:26:27.795248+00:00,1,711,2026-06-20T17:26:27.795248+00:00,11,72,72,0,true,false,11,72,72,0,true,false,11,72,73,0,false,false,11,72,72,0,true,false
B,chicago,2026-06-20,20260620T134526-0400,2026-06-20T17:45:26.820884+00:00,12:45:26.335910,765,settlement_window,F,M5_cutoff_change,timestamp_set_changed,711,,,11,72,73,76,2026-06-20T17:45:26.820884+00:00,2026-06-20T17:44:22.357816+00:00,1,711,2026-06-20T17:44:22.357816+00:00,11,72,72,0,true,false,11,72,72,0,true,false,11,72,73,0,false,false,11,72,72,0,true,false
B,chicago,2026-06-20,20260620T140930-0400,2026-06-20T18:09:30.300408+00:00,13:09:29.837474,789,settlement_window,F,M5_cutoff_change,timestamp_set_changed,771,,,12,73,74,76,2026-06-20T18:09:30.300408+00:00,2026-06-20T18:08:23.554413+00:00,1,771,2026-06-20T18:08:23.554413+00:00,12,73,73,0,true,false,12,73,73,0,true,false,12,73,74,0,false,false,12,73,73,0,true,false
B,chicago,2026-06-20,20260620T142225-0400,2026-06-20T18:22:25.804634+00:00,13:22:25.303386,802,settlement_window,F,M5_cutoff_change,timestamp_set_changed,771,,,12,73,74,76,2026-06-20T18:22:25.804634+00:00,2026-06-20T18:20:26.809393+00:00,1,771,2026-06-20T18:20:26.809393+00:00,12,73,73,0,true,false,12,73,73,0,true,false,12,73,74,0,false,false,12,73,73,0,true,false
B,chicago,2026-06-20,20260620T143127-0400,2026-06-20T18:31:27.057290+00:00,13:31:26.577822,811,settlement_window,F,M5_cutoff_change,timestamp_set_changed,771,,,12,73,74,76,2026-06-20T18:31:27.057290+00:00,2026-06-20T18:30:36.036373+00:00,1,771,2026-06-20T18:30:36.036373+00:00,12,73,73,0,true,false,12,73,73,0,true,false,12,73,74,0,false,false,12,73,73,0,true,false
B,chicago,2026-06-20,20260620T144028-0400,2026-06-20T18:40:28.305255+00:00,13:40:27.888270,820,settlement_window,F,M5_cutoff_change,timestamp_set_changed,771,,,12,73,74,76,2026-06-20T18:40:28.305255+00:00,2026-06-20T18:39:22.664832+00:00,1,771,2026-06-20T18:39:22.664832+00:00,12,73,73,0,true,false,12,73,73,0,true,false,12,73,74,0,false,false,12,73,73,0,true,false
B,chicago,2026-06-20,20260620T161448-0400,2026-06-20T20:14:48.160719+00:00,15:14:47.432898,914,peak_heating_window,F,M5_cutoff_change,timestamp_set_changed,891,,,14,74,75,76,2026-06-20T20:14:48.160719+00:00,2026-06-20T20:13:38.612939+00:00,1,891,2026-06-20T20:13:38.612939+00:00,14,74,74,0,true,false,14,74,74,0,true,false,14,74,75,0,false,false,14,74,74,0,true,false
B,chicago,2026-06-20,20260620T170233-0400,2026-06-20T21:02:33.141933+00:00,16:02:32.047909,962,peak_heating_window,F,M5_cutoff_change,timestamp_set_changed,951,,,15,75,76,76,2026-06-20T21:02:33.141933+00:00,2026-06-20T21:01:30.442676+00:00,1,951,2026-06-20T21:01:30.442676+00:00,15,75,75,0,true,false,15,75,75,0,true,false,15,75,76,0,false,false,15,75,75,0,true,false
B,chicago,2026-06-20,20260620T170531-0400,2026-06-20T21:05:31.893425+00:00,16:05:31.114204,965,peak_heating_window,F,M5_cutoff_change,timestamp_set_changed,951,,,15,75,76,76,2026-06-20T21:05:31.893425+00:00,2026-06-20T21:04:35.730266+00:00,1,951,2026-06-20T21:04:35.730266+00:00,15,75,75,0,true,false,15,75,75,0,true,false,15,75,76,0,false,false,15,75,75,0,true,false
B,chicago,2026-06-20,20260620T170833-0400,2026-06-20T21:08:33.106281+00:00,16:08:32.081570,968,peak_heating_window,F,M5_cutoff_change,timestamp_set_changed,951,,,15,75,76,76,2026-06-20T21:08:33.106281+00:00,2026-06-20T21:07:34.046251+00:00,1,951,2026-06-20T21:07:34.046251+00:00,15,75,75,0,true,false,15,75,75,0,true,false,15,75,76,0,false,false,15,75,75,0,true,false
B,chicago,2026-06-20,20260620T171205-0400,2026-06-20T21:12:05.296482+00:00,16:12:00.868355,972,peak_heating_window,F,M5_cutoff_change,timestamp_set_changed,951,,,15,75,76,76,2026-06-20T21:12:05.296482+00:00,2026-06-20T21:10:43.191500+00:00,1,951,2026-06-20T21:10:43.191500+00:00,15,75,75,0,true,false,15,75,75,0,true,false,15,75,76,0,false,false,15,75,75,0,true,false
B,chicago,2026-06-20,20260620T171935-0400,2026-06-20T21:19:35.141344+00:00,16:19:33.893145,979,peak_heating_window,F,M5_cutoff_change,timestamp_set_changed,951,,,15,75,76,76,2026-06-20T21:19:35.141344+00:00,2026-06-20T21:17:48.438124+00:00,1,951,2026-06-20T21:17:48.438124+00:00,15,75,75,0,true,false,15,75,75,0,true,false,15,75,76,0,false,false,15,75,75,0,true,false
B,chicago,2026-06-20,20260620T172121-0400,2026-06-20T21:21:21.964248+00:00,16:21:20.621744,981,peak_heating_window,F,M5_cutoff_change,timestamp_set_changed,951,,,15,75,76,76,2026-06-20T21:21:21.964248+00:00,2026-06-20T21:21:15.959837+00:00,1,951,2026-06-20T21:21:15.959837+00:00,15,75,75,0,true,false,15,75,75,0,true,false,15,75,76,0,false,false,15,75,75,0,true,false
B,chicago,2026-06-21,20260621T015032-0400,2026-06-21T05:50:32.445524+00:00,00:50:03.864166,50,pre_dawn,F,M2_empty_history,no_valid_row_change,,,,7,64,65,71,2026-06-21T05:50:32.445524+00:00,2026-06-21T05:40:42.451312+00:00,0,,,7,64,65,0,false,false,7,64,65,0,false,false,7,64,65,0,false,false,7,64,65,0,false,false
B,chicago,2026-06-21,20260621T090552-0400,2026-06-21T13:05:52.564552+00:00,08:05:52.040228,485,other,F,M5_cutoff_change,timestamp_set_changed,471,,,7,64,66,71,2026-06-21T13:05:52.564552+00:00,2026-06-21T13:02:55.445070+00:00,1,471,2026-06-21T13:02:55.445070+00:00,7,64,64,0,true,false,7,64,64,0,true,false,7,64,66,0,false,false,7,64,64,0,true,false
B,chicago,2026-06-21,20260621T100102-0400,2026-06-21T14:01:02.288190+00:00,09:01:01.721814,541,other,F,M5_cutoff_change,timestamp_set_changed,531,,,8,66,68,71,2026-06-21T14:01:02.288190+00:00,2026-06-21T14:00:31.874868+00:00,1,531,2026-06-21T14:00:31.874868+00:00,8,66,66,0,true,false,8,66,66,0,true,false,8,66,68,0,false,false,8,66,66,0,true,false
B,chicago,2026-06-21,20260621T100303-0400,2026-06-21T14:03:03.088269+00:00,09:03:02.591630,543,other,F,M5_cutoff_change,timestamp_set_changed,531,,,8,66,68,71,2026-06-21T14:03:03.088269+00:00,2026-06-21T14:01:58.118361+00:00,1,531,2026-06-21T14:01:58.118361+00:00,8,66,66,0,true,false,8,66,66,0,true,false,8,66,68,0,false,false,8,66,66,0,true,false
B,chicago,2026-06-21,20260621T100817-0400,2026-06-21T14:08:17.265029+00:00,09:08:10.325835,548,other,F,M5_cutoff_change,timestamp_set_changed,531,,,8,66,68,71,2026-06-21T14:08:17.265029+00:00,2026-06-21T14:07:11.229145+00:00,1,531,2026-06-21T14:07:11.229145+00:00,8,66,66,0,true,false,8,66,66,0,true,false,8,66,68,0,false,false,8,66,66,0,true,false
B,chicago,2026-06-22,20260622T083429-0400,2026-06-22T12:34:29.722743+00:00,07:34:29.251967,454,other,F,M3_rows_dropped,timestamp_set_changed,411,,,7,59,60,72,2026-06-22T12:34:29.722743+00:00,2026-06-22T12:33:31.210385+00:00,1,411,2026-06-22T12:33:31.210385+00:00,7,60,60,1,true,false,7,60,60,1,true,false,7,60,60,1,true,false,7,60,60,1,true,false
B,chicago,2026-06-22,20260622T083726-0400,2026-06-22T12:37:26.254677+00:00,07:37:25.981879,457,other,F,M3_rows_dropped,timestamp_set_changed,411,,,7,59,60,72,2026-06-22T12:37:26.254677+00:00,2026-06-22T12:36:26.496309+00:00,1,411,2026-06-22T12:36:26.496309+00:00,7,60,60,1,true,false,7,60,60,1,true,false,7,60,60,1,true,false,7,60,60,1,true,false
B,chicago,2026-06-22,20260622T091732-0400,2026-06-22T13:17:32.429171+00:00,08:17:31.591827,497,other,F,M5_cutoff_change,timestamp_set_changed,471,,,7,60,63,72,2026-06-22T13:17:32.429171+00:00,2026-06-22T13:10:40.722185+00:00,1,471,2026-06-22T13:10:40.722185+00:00,7,60,60,0,true,false,7,60,60,0,true,false,7,60,63,0,false,false,7,60,60,0,true,false
B,chicago,2026-06-22,20260622T091929-0400,2026-06-22T13:19:29.453034+00:00,08:19:28.906169,499,other,F,M5_cutoff_change,timestamp_set_changed,471,,,7,60,63,72,2026-06-22T13:19:29.453034+00:00,2026-06-22T13:18:21.902324+00:00,1,471,2026-06-22T13:18:21.902324+00:00,7,60,60,0,true,false,7,60,60,0,true,false,7,60,63,0,false,false,7,60,60,0,true,false
B,chicago,2026-06-22,20260622T100825-0400,2026-06-22T14:08:25.403323+00:00,09:08:24.915755,548,other,F,M5_cutoff_change,timestamp_set_changed,531,,,8,63,65,72,2026-06-22T14:08:25.403323+00:00,2026-06-22T14:07:25.689177+00:00,1,531,2026-06-22T14:07:25.689177+00:00,8,63,63,0,true,false,8,63,63,0,true,false,8,63,65,0,false,false,8,63,63,0,true,false
B,chicago,2026-06-22,20260622T102722-0400,2026-06-22T14:27:22.825090+00:00,09:27:22.296023,567,other,F,M5_cutoff_change,timestamp_set_changed,531,,,8,63,65,72,2026-06-22T14:27:22.825090+00:00,2026-06-22T14:26:23.359827+00:00,1,531,2026-06-22T14:26:23.359827+00:00,8,63,63,0,true,false,8,63,63,0,true,false,8,63,65,0,false,false,8,63,63,0,true,false
B,chicago,2026-06-22,20260622T103222-0400,2026-06-22T14:32:22.881200+00:00,09:32:22.296309,572,other,F,M5_cutoff_change,timestamp_set_changed,531,,,8,63,65,72,2026-06-22T14:32:22.881200+00:00,2026-06-22T14:30:30.888567+00:00,1,531,2026-06-22T14:30:30.888567+00:00,8,63,63,0,true,false,8,63,63,0,true,false,8,63,65,0,false,false,8,63,63,0,true,false
B,chicago,2026-06-22,20260622T104130-0400,2026-06-22T14:41:30.957185+00:00,09:41:30.320499,581,other,F,M5_cutoff_change,timestamp_set_changed,531,,,8,63,65,72,2026-06-22T14:41:30.957185+00:00,2026-06-22T14:40:31.685065+00:00,1,531,2026-06-22T14:40:31.685065+00:00,8,63,63,0,true,false,8,63,63,0,true,false,8,63,65,0,false,false,8,63,63,0,true,false
B,chicago,2026-06-22,20260622T113039-0400,2026-06-22T15:30:39.159022+00:00,10:30:36.966577,630,other,F,M5_cutoff_change,timestamp_set_changed,591,,,9,65,68,72,2026-06-22T15:30:39.159022+00:00,2026-06-22T15:27:38.139185+00:00,1,591,2026-06-22T15:27:38.139185+00:00,9,65,65,0,true,false,9,65,65,0,true,false,9,65,68,0,false,false,9,65,65,0,true,false
B,chicago,2026-06-22,20260622T114230-0400,2026-06-22T15:42:30.134278+00:00,10:42:29.173133,642,other,F,M5_cutoff_change,timestamp_set_changed,591,,,9,65,68,72,2026-06-22T15:42:30.134278+00:00,2026-06-22T15:41:44.360102+00:00,1,591,2026-06-22T15:41:44.360102+00:00,9,65,65,0,true,false,9,65,65,0,true,false,9,65,68,0,false,false,9,65,65,0,true,false
B,chicago,2026-06-22,20260622T123231-0400,2026-06-22T16:32:31.673969+00:00,11:32:31.201801,692,other,F,M5_cutoff_change,timestamp_set_changed,651,,,10,68,70,72,2026-06-22T16:32:31.673969+00:00,2026-06-22T16:31:32.611045+00:00,1,651,2026-06-22T16:31:32.611045+00:00,10,68,68,0,true,false,10,68,68,0,true,false,10,68,70,0,false,false,10,68,68,0,true,false
B,chicago,2026-06-22,20260622T123428-0400,2026-06-22T16:34:28.539353+00:00,11:34:27.741294,694,other,F,M5_cutoff_change,timestamp_set_changed,651,,,10,68,70,72,2026-06-22T16:34:28.539353+00:00,2026-06-22T16:33:27.162627+00:00,1,651,2026-06-22T16:33:27.162627+00:00,10,68,68,0,true,false,10,68,68,0,true,false,10,68,70,0,false,false,10,68,68,0,true,false
B,chicago,2026-06-22,20260622T123835-0400,2026-06-22T16:38:35.275970+00:00,11:38:33.799172,698,other,F,M5_cutoff_change,timestamp_set_changed,651,,,10,68,70,72,2026-06-22T16:38:35.275970+00:00,2026-06-22T16:36:36.733194+00:00,1,651,2026-06-22T16:36:36.733194+00:00,10,68,68,0,true,false,10,68,68,0,true,false,10,68,70,0,false,false,10,68,68,0,true,false
B,chicago,2026-06-26,20260626T014527-0400,2026-06-26T05:45:27.689704+00:00,00:45:26.930482,45,pre_dawn,F,M2_empty_history,no_valid_row_change,,,,7,61,62,66,2026-06-26T05:45:27.689704+00:00,2026-06-26T05:29:23.541723+00:00,0,,,7,61,62,0,false,false,7,61,62,0,false,false,7,61,62,0,false,false,7,61,62,0,false,false
B,dallas,2026-06-12,20260612T013414-0400,2026-06-12T05:34:14.571501+00:00,00:34:14.383835,34,pre_dawn,F,M2_empty_history,no_valid_row_change,,,,7,85,86,89,2026-06-12T05:34:14.571501+00:00,2026-06-12T05:24:00.485745+00:00,0,,,7,85,86,0,false,false,7,85,86,0,false,false,7,85,86,0,false,false,7,85,86,0,false,false
B,dallas,2026-06-13,20260613T014702-0400,2026-06-13T05:47:02.825582+00:00,00:47:02.651687,47,pre_dawn,F,M2_empty_history,no_valid_row_change,,,,7,80,81,91,2026-06-13T05:47:02.825582+00:00,2026-06-13T05:36:45.754166+00:00,0,,,7,80,81,0,false,false,7,80,81,0,false,false,7,80,81,0,false,false,7,80,81,0,false,false
B,dallas,2026-06-13,20260613T015714-0400,2026-06-13T05:57:14.942279+00:00,00:57:14.792292,57,pre_dawn,F,M6_unexplained,timestamp_set_changed,,53,,7,79,80,91,2026-06-13T05:57:14.942279+00:00,2026-06-13T05:47:02.825582+00:00,0,,,7,79,80,0,false,false,7,79,80,0,false,false,7,79,80,0,false,false,7,79,80,0,false,false
B,dallas,2026-06-14,20260614T012203-0400,2026-06-14T05:22:03.974489+00:00,00:22:03.706765,22,pre_dawn,F,M2_empty_history,no_valid_row_change,,,,7,83,84,84,2026-06-14T05:22:03.974489+00:00,2026-06-14T05:20:26.315134+00:00,0,,,7,83,84,0,false,false,7,83,84,0,false,false,7,83,84,0,false,false,7,83,84,0,false,false
B,dallas,2026-06-15,20260615T125200-0400,2026-06-15T16:52:00.201211+00:00,11:51:59.258421,711,other,F,M5_cutoff_change,timestamp_set_changed,653,,,9,77,80,86,2026-06-15T16:52:00.201211+00:00,2026-06-15T16:51:03.005566+00:00,1,653,2026-06-15T16:51:03.005566+00:00,10,80,80,3,true,false,10,80,80,3,true,false,10,80,80,3,true,false,10,80,80,3,true,false
B,dallas,2026-06-15,20260615T134402-0400,2026-06-15T17:44:02.740586+00:00,12:44:01.344299,764,settlement_window,F,M5_cutoff_change,timestamp_set_changed,713,,,10,80,82,86,2026-06-15T17:44:02.740586+00:00,2026-06-15T17:43:01.507245+00:00,1,713,2026-06-15T17:43:01.507245+00:00,11,82,82,2,true,false,11,82,82,2,true,false,11,82,82,2,true,false,11,82,82,2,true,false
B,dallas,2026-06-16,20260616T015709-0400,2026-06-16T05:57:09.524884+00:00,00:57:09.386482,57,pre_dawn,F,M6_unexplained,timestamp_set_changed,,53,,7,76,77,89,2026-06-16T05:57:09.524884+00:00,2026-06-16T05:56:11.328351+00:00,0,,,7,76,77,0,false,false,7,76,77,0,false,false,7,76,77,0,false,false,7,76,77,0,false,false
B,dallas,2026-06-16,20260616T134914-0400,2026-06-16T17:49:14.502152+00:00,12:49:14.067278,769,settlement_window,F,M5_cutoff_change,timestamp_set_changed,713,,,11,83,84,89,2026-06-16T17:49:14.502152+00:00,2026-06-16T17:47:21.570282+00:00,1,713,2026-06-16T17:47:21.570282+00:00,11,83,83,0,true,false,11,83,83,0,true,false,11,83,84,0,false,false,11,83,83,0,true,false
B,dallas,2026-06-17,20260617T131730-0400,2026-06-17T17:17:30.557814+00:00,12:17:30.195982,737,settlement_window,F,M5_cutoff_change,timestamp_set_changed,713,,,11,83,85,91,2026-06-17T17:17:30.557814+00:00,2026-06-17T17:16:42.675613+00:00,1,713,2026-06-17T17:16:42.675613+00:00,11,83,83,0,true,false,11,83,83,0,true,false,11,83,85,0,false,false,11,83,83,0,true,false
B,dallas,2026-06-17,20260617T142839-0400,2026-06-17T18:28:39.302223+00:00,13:28:38.721338,808,settlement_window,F,M5_cutoff_change,timestamp_set_changed,773,,,12,85,88,91,2026-06-17T18:28:39.302223+00:00,2026-06-17T18:27:42.764352+00:00,1,773,2026-06-17T18:27:42.764352+00:00,12,85,85,0,true,false,12,85,85,0,true,false,12,85,88,0,false,false,12,85,85,0,true,false
B,dallas,2026-06-17,20260617T143736-0400,2026-06-17T18:37:36.214174+00:00,13:37:35.547853,817,settlement_window,F,M5_cutoff_change,timestamp_set_changed,773,,,12,85,88,91,2026-06-17T18:37:36.214174+00:00,2026-06-17T18:36:33.555159+00:00,1,773,2026-06-17T18:36:33.555159+00:00,12,85,85,0,true,false,12,85,85,0,true,false,12,85,88,0,false,false,12,85,85,0,true,false
B,dallas,2026-06-17,20260617T144050-0400,2026-06-17T18:40:50.067976+00:00,13:40:49.437955,820,settlement_window,F,M5_cutoff_change,timestamp_set_changed,773,,,12,85,88,91,2026-06-17T18:40:50.067976+00:00,2026-06-17T18:39:36.805641+00:00,1,773,2026-06-17T18:39:36.805641+00:00,12,85,85,0,true,false,12,85,85,0,true,false,12,85,88,0,false,false,12,85,85,0,true,false
B,dallas,2026-06-17,20260617T144434-0400,2026-06-17T18:44:34.346907+00:00,13:44:33.818004,824,settlement_window,F,M5_cutoff_change,timestamp_set_changed,773,,,12,85,88,91,2026-06-17T18:44:34.346907+00:00,2026-06-17T18:42:35.072180+00:00,1,773,2026-06-17T18:42:35.072180+00:00,12,85,85,0,true,false,12,85,85,0,true,false,12,85,88,0,false,false,12,85,85,0,true,false
B,dallas,2026-06-17,20260617T152937-0400,2026-06-17T19:29:37.259148+00:00,14:29:36.775929,869,peak_heating_window,F,M5_cutoff_change,timestamp_set_changed,833,,,13,88,89,91,2026-06-17T19:29:37.259148+00:00,2026-06-17T19:28:34.717703+00:00,1,833,2026-06-17T19:28:34.717703+00:00,13,88,88,0,true,false,13,88,88,0,true,false,13,88,89,0,false,false,13,88,88,0,true,false
B,dallas,2026-06-19,20260619T012535-0400,2026-06-19T05:25:35.487820+00:00,00:25:35.167251,25,pre_dawn,F,M2_empty_history,no_valid_row_change,,,,7,84,85,84,2026-06-19T05:25:35.487820+00:00,2026-06-19T05:22:35.366223+00:00,0,,,7,84,85,0,false,false,7,84,85,0,false,false,7,84,85,0,false,false,7,84,85,0,false,false
B,dallas,2026-06-19,20260619T014534-0400,2026-06-19T05:45:34.118107+00:00,00:45:33.924644,45,pre_dawn,F,M2_empty_history,no_valid_row_change,,,,7,83,84,84,2026-06-19T05:45:34.118107+00:00,2026-06-19T05:42:36.366442+00:00,0,,,7,83,84,0,false,false,7,83,84,0,false,false,7,83,84,0,false,false,7,83,84,0,false,false
B,dallas,2026-06-19,20260619T014935-0400,2026-06-19T05:49:35.262106+00:00,00:49:34.982278,49,pre_dawn,F,M2_empty_history,no_valid_row_change,,,,7,83,84,84,2026-06-19T05:49:35.262106+00:00,2026-06-19T05:48:33.771093+00:00,0,,,7,83,84,0,false,false,7,83,84,0,false,false,7,83,84,0,false,false,7,83,84,0,false,false
B,dallas,2026-06-19,20260619T015137-0400,2026-06-19T05:51:37.571695+00:00,00:51:37.315951,51,pre_dawn,F,M2_empty_history,no_valid_row_change,,,,7,83,84,84,2026-06-19T05:51:37.571695+00:00,2026-06-19T05:50:48.291081+00:00,0,,,7,83,84,0,false,false,7,83,84,0,false,false,7,83,84,0,false,false,7,83,84,0,false,false
B,dallas,2026-06-19,20260619T015630-0400,2026-06-19T05:56:30.983821+00:00,00:56:29.320595,56,pre_dawn,F,M2_empty_history,no_valid_row_change,,,,7,82,83,84,2026-06-19T05:56:30.983821+00:00,2026-06-19T05:52:36.994647+00:00,0,,,7,82,83,0,false,false,7,82,83,0,false,false,7,82,83,0,false,false,7,82,83,0,false,false
B,dallas,2026-06-20,20260620T013045-0400,2026-06-20T05:30:45.249995+00:00,00:30:45.080815,30,pre_dawn,F,M2_empty_history,no_valid_row_change,,,,7,76,77,92,2026-06-20T05:30:45.249995+00:00,2026-06-20T05:25:43.935351+00:00,0,,,7,76,77,0,false,false,7,76,77,0,false,false,7,76,77,0,false,false,7,76,77,0,false,false
B,dallas,2026-06-20,20260620T013241-0400,2026-06-20T05:32:41.378908+00:00,00:32:41.218915,32,pre_dawn,F,M2_empty_history,no_valid_row_change,,,,7,76,77,92,2026-06-20T05:32:41.378908+00:00,2026-06-20T05:31:43.928489+00:00,0,,,7,76,77,0,false,false,7,76,77,0,false,false,7,76,77,0,false,false,7,76,77,0,false,false
B,dallas,2026-06-20,20260620T110329-0400,2026-06-20T15:03:29.155788+00:00,10:03:28.532375,603,other,F,M5_cutoff_change,timestamp_set_changed,582|593,,,9,78,81,92,2026-06-20T15:03:29.155788+00:00,2026-06-20T15:00:35.987835+00:00,2,582|593,2026-06-20T15:00:35.987835+00:00,9,78,78,0,true,false,9,78,78,0,true,false,9,78,81,0,false,false,9,78,78,0,true,false
B,dallas,2026-06-20,20260620T123533-0400,2026-06-20T16:35:33.760236+00:00,11:35:33.308791,695,other,F,M5_cutoff_change,timestamp_set_changed,653,,,10,81,83,92,2026-06-20T16:35:33.760236+00:00,2026-06-20T16:32:26.735076+00:00,1,653,2026-06-20T16:32:26.735076+00:00,10,81,81,0,true,false,10,81,81,0,true,false,10,81,83,0,false,false,10,81,81,0,true,false
B,dallas,2026-06-20,20260620T124922-0400,2026-06-20T16:49:22.199125+00:00,11:49:21.799850,709,other,F,M5_cutoff_change,timestamp_set_changed,653,,,10,81,83,92,2026-06-20T16:49:22.199125+00:00,2026-06-20T16:48:23.572833+00:00,1,653,2026-06-20T16:48:23.572833+00:00,10,81,81,0,true,false,10,81,81,0,true,false,10,81,83,0,false,false,10,81,81,0,true,false
B,dallas,2026-06-20,20260620T130437-0400,2026-06-20T17:04:37.811410+00:00,12:04:37.277944,724,settlement_window,F,M5_cutoff_change,timestamp_set_changed,713,,,11,83,84,92,2026-06-20T17:04:37.811410+00:00,2026-06-20T17:03:28.379916+00:00,1,713,2026-06-20T17:03:28.379916+00:00,11,83,83,0,true,false,11,83,83,0,true,false,11,83,84,0,false,false,11,83,83,0,true,false
B,dallas,2026-06-20,20260620T130621-0400,2026-06-20T17:06:21.208667+00:00,12:06:20.513134,726,settlement_window,F,M5_cutoff_change,timestamp_set_changed,713,,,11,83,84,92,2026-06-20T17:06:21.208667+00:00,2026-06-20T17:05:18.876177+00:00,1,713,2026-06-20T17:05:18.876177+00:00,11,83,83,0,true,false,11,83,83,0,true,false,11,83,84,0,false,false,11,83,83,0,true,false
B,dallas,2026-06-20,20260620T131430-0400,2026-06-20T17:14:30.389047+00:00,12:14:29.717135,734,settlement_window,F,M5_cutoff_change,timestamp_set_changed,713,,,11,83,84,92,2026-06-20T17:14:30.389047+00:00,2026-06-20T17:13:22.216317+00:00,1,713,2026-06-20T17:13:22.216317+00:00,11,83,83,0,true,false,11,83,83,0,true,false,11,83,84,0,false,false,11,83,83,0,true,false
B,dallas,2026-06-20,20260620T131819-0400,2026-06-20T17:18:19.491630+00:00,12:18:19.037088,738,settlement_window,F,M5_cutoff_change,timestamp_set_changed,713,,,11,83,84,92,2026-06-20T17:18:19.491630+00:00,2026-06-20T17:17:20.990397+00:00,1,713,2026-06-20T17:17:20.990397+00:00,11,83,83,0,true,false,11,83,83,0,true,false,11,83,84,0,false,false,11,83,83,0,true,false
B,dallas,2026-06-20,20260620T132023-0400,2026-06-20T17:20:23.131835+00:00,12:20:22.633162,740,settlement_window,F,M5_cutoff_change,timestamp_set_changed,713,,,11,83,84,92,2026-06-20T17:20:23.131835+00:00,2026-06-20T17:19:20.902132+00:00,1,713,2026-06-20T17:19:20.902132+00:00,11,83,83,0,true,false,11,83,83,0,true,false,11,83,84,0,false,false,11,83,83,0,true,false
B,dallas,2026-06-20,20260620T134022-0400,2026-06-20T17:40:22.981906+00:00,12:40:22.552588,760,settlement_window,F,M5_cutoff_change,timestamp_set_changed,713,,,11,83,84,92,2026-06-20T17:40:22.981906+00:00,2026-06-20T17:26:29.848675+00:00,1,713,2026-06-20T17:26:29.848675+00:00,11,83,83,0,true,false,11,83,83,0,true,false,11,83,84,0,false,false,11,83,83,0,true,false
B,dallas,2026-06-20,20260620T140931-0400,2026-06-20T18:09:31.823108+00:00,13:09:31.426192,789,settlement_window,F,M5_cutoff_change,timestamp_set_changed,773,,,12,84,85,92,2026-06-20T18:09:31.823108+00:00,2026-06-20T18:08:25.220633+00:00,1,773,2026-06-20T18:08:25.220633+00:00,12,84,84,0,true,false,12,84,84,0,true,false,12,84,85,0,false,false,12,84,84,0,true,false
B,dallas,2026-06-20,20260620T141128-0400,2026-06-20T18:11:28.690043+00:00,13:11:28.238943,791,settlement_window,F,M5_cutoff_change,timestamp_set_changed,773,,,12,84,85,92,2026-06-20T18:11:28.690043+00:00,2026-06-20T18:10:22.503337+00:00,1,773,2026-06-20T18:10:22.503337+00:00,12,84,84,0,true,false,12,84,84,0,true,false,12,84,85,0,false,false,12,84,84,0,true,false
B,dallas,2026-06-20,20260620T142236-0400,2026-06-20T18:22:36.232490+00:00,13:22:35.688351,802,settlement_window,F,M5_cutoff_change,timestamp_set_changed,773,,,12,84,85,92,2026-06-20T18:22:36.232490+00:00,2026-06-20T18:20:28.226909+00:00,1,773,2026-06-20T18:20:28.226909+00:00,12,84,84,0,true,false,12,84,84,0,true,false,12,84,85,0,false,false,12,84,84,0,true,false
B,dallas,2026-06-20,20260620T143129-0400,2026-06-20T18:31:29.023611+00:00,13:31:28.570280,811,settlement_window,F,M5_cutoff_change,timestamp_set_changed,773,,,12,84,85,92,2026-06-20T18:31:29.023611+00:00,2026-06-20T18:30:37.570123+00:00,1,773,2026-06-20T18:30:37.570123+00:00,12,84,84,0,true,false,12,84,84,0,true,false,12,84,85,0,false,false,12,84,84,0,true,false
B,dallas,2026-06-20,20260620T161450-0400,2026-06-20T20:14:50.495738+00:00,15:14:49.768949,914,peak_heating_window,F,M5_cutoff_change,timestamp_set_changed,893,,,14,88,89,92,2026-06-20T20:14:50.495738+00:00,2026-06-20T20:13:41.300188+00:00,1,893,2026-06-20T20:13:41.300188+00:00,14,88,88,0,true,false,14,88,88,0,true,false,14,88,89,0,false,false,14,88,88,0,true,false
B,dallas,2026-06-20,20260620T161941-0400,2026-06-20T20:19:41.303907+00:00,15:19:40.523233,919,peak_heating_window,F,M5_cutoff_change,timestamp_set_changed,893,,,14,88,89,92,2026-06-20T20:19:41.303907+00:00,2026-06-20T20:15:46.460776+00:00,1,893,2026-06-20T20:15:46.460776+00:00,14,88,88,0,true,false,14,88,88,0,true,false,14,88,89,0,false,false,14,88,88,0,true,false
B,dallas,2026-06-20,20260620T170235-0400,2026-06-20T21:02:35.788113+00:00,16:02:35.088557,962,peak_heating_window,F,M5_cutoff_change,timestamp_set_changed,953,,,15,89,90,92,2026-06-20T21:02:35.788113+00:00,2026-06-20T21:01:32.956439+00:00,1,953,2026-06-20T21:01:32.956439+00:00,15,89,89,0,true,false,15,89,89,0,true,false,15,89,90,0,false,false,15,89,89,0,true,false
B,dallas,2026-06-20,20260620T170533-0400,2026-06-20T21:05:33.957281+00:00,16:05:33.297086,965,peak_heating_window,F,M5_cutoff_change,timestamp_set_changed,953,,,15,89,90,92,2026-06-20T21:05:33.957281+00:00,2026-06-20T21:04:40.612712+00:00,1,953,2026-06-20T21:04:40.612712+00:00,15,89,89,0,true,false,15,89,89,0,true,false,15,89,90,0,false,false,15,89,89,0,true,false
B,dallas,2026-06-20,20260620T170835-0400,2026-06-20T21:08:35.593426+00:00,16:08:34.661515,968,peak_heating_window,F,M5_cutoff_change,timestamp_set_changed,953,,,15,89,90,92,2026-06-20T21:08:35.593426+00:00,2026-06-20T21:07:37.008726+00:00,1,953,2026-06-20T21:07:37.008726+00:00,15,89,89,0,true,false,15,89,89,0,true,false,15,89,90,0,false,false,15,89,89,0,true,false
B,dallas,2026-06-20,20260620T171214-0400,2026-06-20T21:12:14.279562+00:00,16:12:10.588144,972,peak_heating_window,F,M5_cutoff_change,timestamp_set_changed,953,,,15,89,90,92,2026-06-20T21:12:14.279562+00:00,2026-06-20T21:10:46.109794+00:00,1,953,2026-06-20T21:10:46.109794+00:00,15,89,89,0,true,false,15,89,89,0,true,false,15,89,90,0,false,false,15,89,89,0,true,false
B,dallas,2026-06-20,20260620T171938-0400,2026-06-20T21:19:38.743991+00:00,16:19:38.036655,979,peak_heating_window,F,M5_cutoff_change,timestamp_set_changed,953,,,15,89,90,92,2026-06-20T21:19:38.743991+00:00,2026-06-20T21:17:52.448996+00:00,1,953,2026-06-20T21:17:52.448996+00:00,15,89,89,0,true,false,15,89,89,0,true,false,15,89,90,0,false,false,15,89,89,0,true,false
B,dallas,2026-06-20,20260620T190311-0400,2026-06-20T23:03:11.594735+00:00,18:03:10.790268,1083,other,F,M5_cutoff_change,timestamp_set_changed,1073,,,17,90,92,92,2026-06-20T23:03:11.594735+00:00,2026-06-20T23:02:10.953946+00:00,1,1073,2026-06-20T23:02:10.953946+00:00,17,90,90,0,true,false,17,90,90,0,true,false,17,90,92,0,false,false,17,90,90,0,true,false
B,dallas,2026-06-20,20260620T190806-0400,2026-06-20T23:08:06.832942+00:00,18:08:06.226661,1088,other,F,M5_cutoff_change,timestamp_set_changed,1073,,,17,90,92,92,2026-06-20T23:08:06.832942+00:00,2026-06-20T23:07:07.312271+00:00,1,1073,2026-06-20T23:07:07.312271+00:00,17,90,90,0,true,false,17,90,90,0,true,false,17,90,92,0,false,false,17,90,90,0,true,false
B,dallas,2026-06-21,20260621T012408-0400,2026-06-21T05:24:08.112920+00:00,00:24:05.976659,24,pre_dawn,F,M2_empty_history,no_valid_row_change,,,,7,80,81,92,2026-06-21T05:24:08.112920+00:00,2026-06-21T05:20:49.728248+00:00,0,,,7,80,81,0,false,false,7,80,81,0,false,false,7,80,81,0,false,false,7,80,81,0,false,false
B,dallas,2026-06-21,20260621T012802-0400,2026-06-21T05:28:02.654619+00:00,00:28:02.191663,28,pre_dawn,F,M2_empty_history,no_valid_row_change,,,,7,80,81,92,2026-06-21T05:28:02.654619+00:00,2026-06-21T05:27:02.637364+00:00,0,,,7,80,81,0,false,false,7,80,81,0,false,false,7,80,81,0,false,false,7,80,81,0,false,false
B,dallas,2026-06-21,20260621T110634-0400,2026-06-21T15:06:34.712805+00:00,10:06:33.931655,606,other,F,M5_cutoff_change,timestamp_set_changed,593,,,9,80,82,92,2026-06-21T15:06:34.712805+00:00,2026-06-21T15:05:44.136993+00:00,1,593,2026-06-21T15:05:44.136993+00:00,9,80,80,0,true,false,9,80,80,0,true,false,9,80,82,0,false,false,9,80,80,0,true,false
B,dallas,2026-06-21,20260621T110930-0400,2026-06-21T15:09:30.338678+00:00,10:09:29.807177,609,other,F,M5_cutoff_change,timestamp_set_changed,593,,,9,80,82,92,2026-06-21T15:09:30.338678+00:00,2026-06-21T15:08:31.441650+00:00,1,593,2026-06-21T15:08:31.441650+00:00,9,80,80,0,true,false,9,80,80,0,true,false,9,80,82,0,false,false,9,80,80,0,true,false
B,dallas,2026-06-21,20260621T143622-0400,2026-06-21T18:36:22.322503+00:00,13:36:21.257604,816,settlement_window,F,M5_cutoff_change,timestamp_set_changed,764|773,,,12,85,86,92,2026-06-21T18:36:22.322503+00:00,2026-06-21T18:29:31.755733+00:00,2,764|773,2026-06-21T18:29:31.755733+00:00,12,85,85,0,true,false,12,85,85,0,true,false,12,85,86,0,false,false,12,85,85,0,true,false
B,dallas,2026-06-21,20260621T144421-0400,2026-06-21T18:44:21.511697+00:00,13:44:21.069614,824,settlement_window,F,M5_cutoff_change,timestamp_set_changed,764|773,,,12,85,86,92,2026-06-21T18:44:21.511697+00:00,2026-06-21T18:43:20.694026+00:00,2,764|773,2026-06-21T18:43:20.694026+00:00,12,85,85,0,true,false,12,85,85,0,true,false,12,85,86,0,false,false,12,85,85,0,true,false
B,dallas,2026-06-21,20260621T151544-0400,2026-06-21T19:15:44.172624+00:00,14:15:43.641656,855,peak_heating_window,F,M5_cutoff_change,timestamp_set_changed,833,,,13,86,87,92,2026-06-21T19:15:44.172624+00:00,2026-06-21T19:13:45.717447+00:00,1,833,2026-06-21T19:13:45.717447+00:00,13,86,86,0,true,false,13,86,86,0,true,false,13,86,87,0,false,false,13,86,86,0,true,false
B,dallas,2026-06-21,20260621T153733-0400,2026-06-21T19:37:33.054127+00:00,14:37:32.708833,877,peak_heating_window,F,M5_cutoff_change,timestamp_set_changed,833,,,13,86,87,92,2026-06-21T19:37:33.054127+00:00,2026-06-21T19:36:34.728237+00:00,1,833,2026-06-21T19:36:34.728237+00:00,13,86,86,0,true,false,13,86,86,0,true,false,13,86,87,0,false,false,13,86,86,0,true,false
B,dallas,2026-06-21,20260621T171334-0400,2026-06-21T21:13:34.325527+00:00,16:13:33.895806,973,peak_heating_window,F,M5_cutoff_change,timestamp_set_changed,953,,,15,87,89,92,2026-06-21T21:13:34.325527+00:00,2026-06-21T21:12:37.864408+00:00,1,953,2026-06-21T21:12:37.864408+00:00,15,87,87,0,true,false,15,87,87,0,true,false,15,87,89,0,false,false,15,87,87,0,true,false
B,dallas,2026-06-21,20260621T172026-0400,2026-06-21T21:20:26.563655+00:00,16:20:26.176268,980,peak_heating_window,F,M5_cutoff_change,timestamp_set_changed,953,,,15,87,89,92,2026-06-21T21:20:26.563655+00:00,2026-06-21T21:19:29.751678+00:00,1,953,2026-06-21T21:19:29.751678+00:00,15,87,87,0,true,false,15,87,87,0,true,false,15,87,89,0,false,false,15,87,87,0,true,false
B,dallas,2026-06-21,20260621T172734-0400,2026-06-21T21:27:34.390214+00:00,16:27:33.968202,987,peak_heating_window,F,M5_cutoff_change,timestamp_set_changed,953,,,15,87,89,92,2026-06-21T21:27:34.390214+00:00,2026-06-21T21:26:27.490968+00:00,1,953,2026-06-21T21:26:27.490968+00:00,15,87,87,0,true,false,15,87,87,0,true,false,15,87,89,0,false,false,15,87,87,0,true,false
B,dallas,2026-06-21,20260621T180928-0400,2026-06-21T22:09:28.734458+00:00,17:09:28.362398,1029,settlement_window,F,M5_cutoff_change,timestamp_set_changed,1013,,,16,89,91,92,2026-06-21T22:09:28.734458+00:00,2026-06-21T22:08:34.540670+00:00,1,1013,2026-06-21T22:08:34.540670+00:00,16,89,89,0,true,false,16,89,89,0,true,false,16,89,91,0,false,false,16,89,89,0,true,false
B,dallas,2026-06-21,20260621T181147-0400,2026-06-21T22:11:47.069764+00:00,17:11:46.645764,1031,settlement_window,F,M5_cutoff_change,timestamp_set_changed,1013,,,16,89,91,92,2026-06-21T22:11:47.069764+00:00,2026-06-21T22:10:37.576514+00:00,1,1013,2026-06-21T22:10:37.576514+00:00,16,89,89,0,true,false,16,89,89,0,true,false,16,89,91,0,false,false,16,89,89,0,true,false
B,dallas,2026-06-21,20260621T181733-0400,2026-06-21T22:17:33.097256+00:00,17:17:32.686193,1037,settlement_window,F,M5_cutoff_change,timestamp_set_changed,1013,,,16,89,91,92,2026-06-21T22:17:33.097256+00:00,2026-06-21T22:15:41.397858+00:00,1,1013,2026-06-21T22:15:41.397858+00:00,16,89,89,0,true,false,16,89,89,0,true,false,16,89,91,0,false,false,16,89,89,0,true,false
B,dallas,2026-06-21,20260621T191835-0400,2026-06-21T23:18:35.239640+00:00,18:18:34.620148,1098,other,F,M5_cutoff_change,timestamp_set_changed,1073,,,17,91,92,92,2026-06-21T23:18:35.239640+00:00,2026-06-21T23:16:24.804120+00:00,1,1073,2026-06-21T23:16:24.804120+00:00,17,91,91,0,true,false,17,91,91,0,true,false,17,91,92,0,false,false,17,91,91,0,true,false
B,dallas,2026-06-21,20260621T192123-0400,2026-06-21T23:21:23.841942+00:00,18:21:22.919832,1101,other,F,M5_cutoff_change,timestamp_set_changed,1073,,,17,91,92,92,2026-06-21T23:21:23.841942+00:00,2026-06-21T23:20:41.613396+00:00,1,1073,2026-06-21T23:20:41.613396+00:00,17,91,91,0,true,false,17,91,91,0,true,false,17,91,92,0,false,false,17,91,91,0,true,false
B,dallas,2026-06-21,20260621T192533-0400,2026-06-21T23:25:33.693764+00:00,18:25:33.226273,1105,other,F,M5_cutoff_change,timestamp_set_changed,1073,,,17,91,92,92,2026-06-21T23:25:33.693764+00:00,2026-06-21T23:24:31.752179+00:00,1,1073,2026-06-21T23:24:31.752179+00:00,17,91,91,0,true,false,17,91,91,0,true,false,17,91,92,0,false,false,17,91,91,0,true,false
B,dallas,2026-06-21,20260621T193031-0400,2026-06-21T23:30:31.299692+00:00,18:30:30.131692,1110,other,F,M5_cutoff_change,timestamp_set_changed,1073,,,17,91,92,92,2026-06-21T23:30:31.299692+00:00,2026-06-21T23:26:32.988591+00:00,1,1073,2026-06-21T23:26:32.988591+00:00,17,91,91,0,true,false,17,91,91,0,true,false,17,91,92,0,false,false,17,91,91,0,true,false
B,dallas,2026-06-21,20260621T193422-0400,2026-06-21T23:34:22.706978+00:00,18:34:22.116046,1114,other,F,M5_cutoff_change,timestamp_set_changed,1073,,,17,91,92,92,2026-06-21T23:34:22.706978+00:00,2026-06-21T23:31:25.059938+00:00,1,1073,2026-06-21T23:31:25.059938+00:00,17,91,91,0,true,false,17,91,91,0,true,false,17,91,92,0,false,false,17,91,91,0,true,false
B,dallas,2026-06-21,20260621T194329-0400,2026-06-21T23:43:29.978470+00:00,18:43:29.420047,1123,other,F,M5_cutoff_change,timestamp_set_changed,1073,,,17,91,92,92,2026-06-21T23:43:29.978470+00:00,2026-06-21T23:40:44.010593+00:00,1,1073,2026-06-21T23:40:44.010593+00:00,17,91,91,0,true,false,17,91,91,0,true,false,17,91,92,0,false,false,17,91,91,0,true,false
B,dallas,2026-06-21,20260621T194923-0400,2026-06-21T23:49:23.823658+00:00,18:49:23.261520,1129,other,F,M5_cutoff_change,timestamp_set_changed,1073,,,17,91,92,92,2026-06-21T23:49:23.823658+00:00,2026-06-21T23:45:27.844656+00:00,1,1073,2026-06-21T23:45:27.844656+00:00,17,91,91,0,true,false,17,91,91,0,true,false,17,91,92,0,false,false,17,91,91,0,true,false
B,dallas,2026-06-21,20260621T195830-0400,2026-06-21T23:58:30.457077+00:00,18:58:29.575393,1138,other,F,M5_cutoff_change,timestamp_set_changed,1073,,,17,91,92,92,2026-06-21T23:58:30.457077+00:00,2026-06-21T23:50:32.508117+00:00,1,1073,2026-06-21T23:50:32.508117+00:00,17,91,91,0,true,false,17,91,91,0,true,false,17,91,92,0,false,false,17,91,91,0,true,false
B,dallas,2026-06-21,20260621T200051-0400,2026-06-22T00:00:51.321456+00:00,19:00:50.808460,1140,other,F,M5_cutoff_change,timestamp_set_changed,1073,,,17,91,92,92,2026-06-22T00:00:51.321456+00:00,2026-06-21T23:59:35.299293+00:00,1,1073,2026-06-21T23:59:35.299293+00:00,17,91,91,0,true,false,17,91,91,0,true,false,17,91,92,0,false,false,17,91,91,0,true,false
B,dallas,2026-06-22,20260622T013724-0400,2026-06-22T05:37:24.145367+00:00,00:37:22.165546,37,pre_dawn,F,M2_empty_history,no_valid_row_change,,,,7,83,84,94,2026-06-22T05:37:24.145367+00:00,2026-06-22T05:30:43.767649+00:00,0,,,7,83,84,0,false,false,7,83,84,0,false,false,7,83,84,0,false,false,7,83,84,0,false,false
B,dallas,2026-06-22,20260622T122232-0400,2026-06-22T16:22:32.379209+00:00,11:22:31.250413,682,other,F,M5_cutoff_change,timestamp_set_changed,653,,,10,83,85,94,2026-06-22T16:22:32.379209+00:00,2026-06-22T16:17:35.947974+00:00,1,653,2026-06-22T16:17:35.947974+00:00,10,83,83,0,true,false,10,83,83,0,true,false,10,83,85,0,false,false,10,83,83,0,true,false
B,dallas,2026-06-22,20260622T122628-0400,2026-06-22T16:26:28.376742+00:00,11:26:27.850091,686,other,F,M5_cutoff_change,timestamp_set_changed,653,,,10,83,85,94,2026-06-22T16:26:28.376742+00:00,2026-06-22T16:25:31.155970+00:00,1,653,2026-06-22T16:25:31.155970+00:00,10,83,83,0,true,false,10,83,83,0,true,false,10,83,85,0,false,false,10,83,83,0,true,false
B,dallas,2026-06-22,20260622T123234-0400,2026-06-22T16:32:34.499494+00:00,11:32:33.811957,692,other,F,M5_cutoff_change,timestamp_set_changed,653,,,10,83,85,94,2026-06-22T16:32:34.499494+00:00,2026-06-22T16:31:36.211608+00:00,1,653,2026-06-22T16:31:36.211608+00:00,10,83,83,0,true,false,10,83,83,0,true,false,10,83,85,0,false,false,10,83,83,0,true,false
B,dallas,2026-06-22,20260622T123433-0400,2026-06-22T16:34:33.569213+00:00,11:34:32.303095,694,other,F,M5_cutoff_change,timestamp_set_changed,653,,,10,83,85,94,2026-06-22T16:34:33.569213+00:00,2026-06-22T16:33:30.257644+00:00,1,653,2026-06-22T16:33:30.257644+00:00,10,83,83,0,true,false,10,83,83,0,true,false,10,83,85,0,false,false,10,83,83,0,true,false
B,dallas,2026-06-22,20260622T123842-0400,2026-06-22T16:38:42.919917+00:00,11:38:41.925317,698,other,F,M5_cutoff_change,timestamp_set_changed,653,,,10,83,85,94,2026-06-22T16:38:42.919917+00:00,2026-06-22T16:36:40.045647+00:00,1,653,2026-06-22T16:36:40.045647+00:00,10,83,83,0,true,false,10,83,83,0,true,false,10,83,85,0,false,false,10,83,83,0,true,false
B,dallas,2026-06-22,20260622T130825-0400,2026-06-22T17:08:25.804195+00:00,12:08:25.357838,728,settlement_window,F,M5_cutoff_change,timestamp_set_changed,713,,,11,85,88,94,2026-06-22T17:08:25.804195+00:00,2026-06-22T17:07:28.649259+00:00,1,713,2026-06-22T17:07:28.649259+00:00,11,85,85,0,true,false,11,85,85,0,true,false,11,85,88,0,false,false,11,85,85,0,true,false
B,dallas,2026-06-22,20260622T131520-0400,2026-06-22T17:15:20.373311+00:00,12:15:19.856606,735,settlement_window,F,M5_cutoff_change,timestamp_set_changed,713,,,11,85,88,94,2026-06-22T17:15:20.373311+00:00,2026-06-22T17:13:24.536500+00:00,1,713,2026-06-22T17:13:24.536500+00:00,11,85,85,0,true,false,11,85,85,0,true,false,11,85,88,0,false,false,11,85,85,0,true,false
B,dallas,2026-06-26,20260626T011241-0400,2026-06-26T05:12:41.355222+00:00,00:12:40.542141,12,pre_dawn,F,M2_empty_history,no_valid_row_change,,,,7,83,84,94,2026-06-26T05:12:41.355222+00:00,2026-06-26T05:09:36.671637+00:00,0,,,7,83,84,0,false,false,7,83,84,0,false,false,7,83,84,0,false,false,7,83,84,0,false,false
B,dallas,2026-06-26,20260626T125457-0400,2026-06-26T16:54:57.915991+00:00,11:54:57.534668,714,other,F,M5_cutoff_change,timestamp_set_changed,653,,,10,84,86,94,2026-06-26T16:54:57.915991+00:00,2026-06-26T16:54:00.686276+00:00,1,653,2026-06-26T16:54:00.686276+00:00,10,84,84,0,true,false,10,84,84,0,true,false,10,84,86,0,false,false,10,84,84,0,true,false
B,denver,2026-06-08,20260608T022441-0400,2026-06-08T06:24:41.236021+00:00,00:24:40.894880,24,pre_dawn,F,M2_empty_history,no_valid_row_change,,,,9,70,71,82,2026-06-08T06:24:41.236021+00:00,2026-06-08T06:14:27.567887+00:00,0,,,7,70,71,0,false,false,7,70,71,0,false,false,9,70,71,0,false,false,7,70,71,0,false,false
B,denver,2026-06-08,20260608T023455-0400,2026-06-08T06:34:55.140571+00:00,00:34:54.821956,34,pre_dawn,F,M2_empty_history,no_valid_row_change,,,,9,69,70,82,2026-06-08T06:34:55.140571+00:00,2026-06-08T06:24:41.236021+00:00,0,,,7,69,70,0,false,false,7,69,70,0,false,false,9,69,70,0,false,false,7,69,70,0,false,false
B,denver,2026-06-08,20260608T024511-0400,2026-06-08T06:45:11.701785+00:00,00:45:11.454967,45,pre_dawn,F,M2_empty_history,no_valid_row_change,,,,9,68,69,82,2026-06-08T06:45:11.701785+00:00,2026-06-08T06:34:55.140571+00:00,0,,,7,68,69,0,false,false,7,68,69,0,false,false,9,68,69,0,false,false,7,68,69,0,false,false
B,denver,2026-06-08,20260608T032618-0400,2026-06-08T07:26:18.298811+00:00,01:26:17.920983,86,pre_dawn,F,M2_empty_history,no_valid_row_change,,,,9,67,68,82,2026-06-08T07:26:18.298811+00:00,2026-06-08T07:16:05.356697+00:00,0,,,7,67,68,0,false,false,7,67,68,0,false,false,9,67,68,0,false,false,7,67,68,0,false,false
B,denver,2026-06-08,20260608T040712-0400,2026-06-08T08:07:12.110178+00:00,02:07:11.709619,127,pre_dawn,F,M2_empty_history,no_valid_row_change,,,,9,66,67,82,2026-06-08T08:07:12.110178+00:00,2026-06-08T07:56:58.200616+00:00,0,,,7,66,67,0,false,false,7,66,67,0,false,false,9,66,67,0,false,false,7,66,67,0,false,false
B,denver,2026-06-08,20260608T042749-0400,2026-06-08T08:27:49.683086+00:00,02:27:49.430893,147,pre_dawn,F,M2_empty_history,no_valid_row_change,,,,9,65,66,82,2026-06-08T08:27:49.683086+00:00,2026-06-08T08:17:31.486685+00:00,0,,,7,65,66,0,false,false,7,65,66,0,false,false,9,65,66,0,false,false,7,65,66,0,false,false
B,denver,2026-06-12,20260612T024545-0400,2026-06-12T06:45:45.879821+00:00,00:45:45.637177,45,pre_dawn,F,M2_empty_history,no_valid_row_change,,,,7,57,58,92,2026-06-12T06:45:45.879821+00:00,2026-06-12T06:35:32.721537+00:00,0,,,7,57,58,0,false,false,7,57,58,0,false,false,7,57,58,0,false,false,7,57,58,0,false,false
B,denver,2026-06-13,20260613T022754-0400,2026-06-13T06:27:54.574860+00:00,00:27:54.305764,27,pre_dawn,F,M2_empty_history,no_valid_row_change,,,,7,67,68,79,2026-06-13T06:27:54.574860+00:00,2026-06-13T06:17:43.587161+00:00,0,,,7,67,68,0,false,false,7,67,68,0,false,false,7,67,68,0,false,false,7,67,68,0,false,false
B,denver,2026-06-13,20260613T024830-0400,2026-06-13T06:48:30.412768+00:00,00:48:30.124732,48,pre_dawn,F,M2_empty_history,no_valid_row_change,,,,7,67,68,79,2026-06-13T06:48:30.412768+00:00,2026-06-13T06:38:06.737624+00:00,0,,,7,67,68,0,false,false,7,67,68,0,false,false,7,67,68,0,false,false,7,67,68,0,false,false
B,denver,2026-06-13,20260613T034952-0400,2026-06-13T07:49:52.766885+00:00,01:49:52.555253,109,pre_dawn,F,M2_empty_history,no_valid_row_change,,,,7,66,67,79,2026-06-13T07:49:52.766885+00:00,2026-06-13T07:39:39.394439+00:00,0,,,7,66,67,0,false,false,7,66,67,0,false,false,7,66,67,0,false,false,7,66,67,0,false,false
B,denver,2026-06-13,20260613T040011-0400,2026-06-13T08:00:11.407932+00:00,02:00:11.165137,120,pre_dawn,F,M2_empty_history,no_valid_row_change,,,,7,65,66,79,2026-06-13T08:00:11.407932+00:00,2026-06-13T07:49:52.766885+00:00,0,,,7,65,66,0,false,false,7,65,66,0,false,false,7,65,66,0,false,false,7,65,66,0,false,false
B,denver,2026-06-13,20260613T042041-0400,2026-06-13T08:20:41.564255+00:00,02:20:41.277542,140,pre_dawn,F,M2_empty_history,no_valid_row_change,,,,7,64,65,79,2026-06-13T08:20:41.564255+00:00,2026-06-13T08:10:27.111751+00:00,0,,,7,64,65,0,false,false,7,64,65,0,false,false,7,64,65,0,false,false,7,64,65,0,false,false
B,denver,2026-06-13,20260613T044112-0400,2026-06-13T08:41:12.684691+00:00,02:41:12.445511,161,pre_dawn,F,M2_empty_history,no_valid_row_change,,,,7,63,64,79,2026-06-13T08:41:12.684691+00:00,2026-06-13T08:30:57.401484+00:00,0,,,7,63,64,0,false,false,7,63,64,0,false,false,7,63,64,0,false,false,7,63,64,0,false,false
B,denver,2026-06-14,20260614T022703-0400,2026-06-14T06:27:03.715261+00:00,00:27:03.371871,27,pre_dawn,F,M2_empty_history,no_valid_row_change,,,,7,53,54,72,2026-06-14T06:27:03.715261+00:00,2026-06-14T06:22:05.474109+00:00,0,,,7,53,54,0,false,false,7,53,54,0,false,false,7,53,54,0,false,false,7,53,54,0,false,false
B,denver,2026-06-14,20260614T032115-0400,2026-06-14T07:21:15.850382+00:00,01:21:15.821384,81,pre_dawn,F,M6_unexplained,timestamp_set_changed,,58,,7,50,53,72,2026-06-14T07:21:15.850382+00:00,2026-06-14T07:17:04.923386+00:00,0,,,7,50,53,0,false,false,7,50,53,0,false,false,7,50,53,0,false,false,7,50,53,0,false,false
B,denver,2026-06-14,20260614T131903-0400,2026-06-14T17:19:03.015707+00:00,11:19:02.984335,679,other,F,M5_cutoff_change,timestamp_set_changed,658,,,9,55,61,72,2026-06-14T17:19:03.015707+00:00,2026-06-14T17:18:05.535279+00:00,1,658,2026-06-14T17:18:05.535279+00:00,10,61,61,6,true,false,10,61,61,6,true,false,10,61,61,6,true,false,10,61,61,6,true,false
B,denver,2026-06-14,20260614T160132-0400,2026-06-14T20:01:32.847317+00:00,14:01:32.821274,841,peak_heating_window,F,M5_cutoff_change,timestamp_set_changed,778,,,11,65,67,72,2026-06-14T20:01:32.847317+00:00,2026-06-14T19:59:15.841035+00:00,1,778,2026-06-14T19:59:15.841035+00:00,12,67,67,2,true,false,12,67,67,2,true,false,12,67,67,2,true,false,12,67,67,2,true,false
B,denver,2026-06-15,20260615T022031-0400,2026-06-15T06:20:31.256684+00:00,00:20:30.745346,20,pre_dawn,F,M2_empty_history,no_valid_row_change,,,,7,56,57,81,2026-06-15T06:20:31.256684+00:00,2026-06-15T06:15:35.818491+00:00,0,,,7,56,57,0,false,false,7,56,57,0,false,false,7,56,57,0,false,false,7,56,57,0,false,false
B,denver,2026-06-15,20260615T025023-0400,2026-06-15T06:50:23.201627+00:00,00:50:22.956753,50,pre_dawn,F,M2_empty_history,no_valid_row_change,,,,7,55,56,81,2026-06-15T06:50:23.201627+00:00,2026-06-15T06:41:23.540298+00:00,0,,,7,55,56,0,false,false,7,55,56,0,false,false,7,55,56,0,false,false,7,55,56,0,false,false
B,denver,2026-06-15,20260615T032022-0400,2026-06-15T07:20:22.489754+00:00,01:20:22.202987,80,pre_dawn,F,M2_empty_history,no_valid_row_change,,,,7,54,55,81,2026-06-15T07:20:22.489754+00:00,2026-06-15T07:05:36.788384+00:00,0,,,7,54,55,0,false,false,7,54,55,0,false,false,7,54,55,0,false,false,7,54,55,0,false,false
B,denver,2026-06-15,20260615T035022-0400,2026-06-15T07:50:22.402726+00:00,01:50:22.072259,110,pre_dawn,F,M2_empty_history,no_valid_row_change,,,,7,53,54,81,2026-06-15T07:50:22.402726+00:00,2026-06-15T07:35:40.864368+00:00,0,,,7,53,54,0,false,false,7,53,54,0,false,false,7,53,54,0,false,false,7,53,54,0,false,false
B,denver,2026-06-15,20260615T130459-0400,2026-06-15T17:04:59.854472+00:00,11:04:59.008006,664,other,F,M5_cutoff_change,timestamp_set_changed,598,,,8,59,62,81,2026-06-15T17:04:59.854472+00:00,2026-06-15T17:04:05.653556+00:00,1,598,2026-06-15T17:04:05.653556+00:00,9,62,62,3,true,false,9,62,62,3,true,false,9,62,62,3,true,false,9,62,62,3,true,false
B,denver,2026-06-16,20260616T022418-0400,2026-06-16T06:24:18.606709+00:00,00:24:17.646830,24,pre_dawn,F,M2_empty_history,no_valid_row_change,,,,7,59,60,94,2026-06-16T06:24:18.606709+00:00,2026-06-16T06:05:11.496931+00:00,0,,,7,59,60,0,false,false,7,59,60,0,false,false,7,59,60,0,false,false,7,59,60,0,false,false
B,denver,2026-06-16,20260616T023409-0400,2026-06-16T06:34:09.178705+00:00,00:34:08.654701,34,pre_dawn,F,M2_empty_history,no_valid_row_change,,,,7,58,59,94,2026-06-16T06:34:09.178705+00:00,2026-06-16T06:25:13.910308+00:00,0,,,7,58,59,0,false,false,7,58,59,0,false,false,7,58,59,0,false,false,7,58,59,0,false,false
B,denver,2026-06-16,20260616T024529-0400,2026-06-16T06:45:29.969021+00:00,00:44:44.569047,44,pre_dawn,F,M2_empty_history,no_valid_row_change,,,,7,57,58,94,2026-06-16T06:45:29.969021+00:00,2026-06-16T06:35:18.287980+00:00,0,,,7,57,58,0,false,false,7,57,58,0,false,false,7,57,58,0,false,false,7,57,58,0,false,false
B,denver,2026-06-16,20260616T030429-0400,2026-06-16T07:04:29.167031+00:00,01:04:28.458287,64,pre_dawn,F,M2_empty_history,no_valid_row_change,,,,7,56,57,94,2026-06-16T07:04:29.167031+00:00,2026-06-16T06:47:48.303028+00:00,0,,,7,56,57,0,false,false,7,56,57,0,false,false,7,56,57,0,false,false,7,56,57,0,false,false
B,denver,2026-06-16,20260616T032522-0400,2026-06-16T07:25:22.037594+00:00,01:25:21.321234,85,pre_dawn,F,M2_empty_history,no_valid_row_change,,,,7,56,57,94,2026-06-16T07:25:22.037594+00:00,2026-06-16T07:14:32.086658+00:00,0,,,7,56,57,0,false,false,7,56,57,0,false,false,7,56,57,0,false,false,7,56,57,0,false,false
B,denver,2026-06-16,20260616T033424-0400,2026-06-16T07:34:24.622046+00:00,01:34:21.395430,94,pre_dawn,F,M2_empty_history,no_valid_row_change,,,,7,55,56,94,2026-06-16T07:34:24.622046+00:00,2026-06-16T07:25:22.037594+00:00,0,,,7,55,56,0,false,false,7,55,56,0,false,false,7,55,56,0,false,false,7,55,56,0,false,false
B,denver,2026-06-16,20260616T035521-0400,2026-06-16T07:55:21.292003+00:00,01:55:20.533179,115,pre_dawn,F,M2_empty_history,no_valid_row_change,,,,7,54,55,94,2026-06-16T07:55:21.292003+00:00,2026-06-16T07:46:29.047989+00:00,0,,,7,54,55,0,false,false,7,54,55,0,false,false,7,54,55,0,false,false,7,54,55,0,false,false
B,denver,2026-06-16,20260616T140828-0400,2026-06-16T18:08:28.111553+00:00,12:08:26.784936,728,settlement_window,F,M5_cutoff_change,timestamp_set_changed,658,,,10,74,79,94,2026-06-16T18:08:28.111553+00:00,2026-06-16T18:07:24.421332+00:00,1,658,2026-06-16T18:07:24.421332+00:00,10,74,74,0,true,false,10,74,74,0,true,false,10,74,79,0,false,false,10,74,74,0,true,false
B,denver,2026-06-16,20260616T142719-0400,2026-06-16T18:27:19.051831+00:00,12:27:18.560598,747,settlement_window,F,M5_cutoff_change,timestamp_set_changed,718,,,11,79,82,94,2026-06-16T18:27:19.051831+00:00,2026-06-16T18:26:20.587005+00:00,1,718,2026-06-16T18:26:20.587005+00:00,11,79,79,0,true,false,11,79,79,0,true,false,11,79,82,0,false,false,11,79,79,0,true,false
B,denver,2026-06-16,20260616T174520-0400,2026-06-16T21:45:20.498621+00:00,15:45:19.655771,945,peak_heating_window,F,M5_cutoff_change,timestamp_set_changed,898,,,14,89,90,94,2026-06-16T21:45:20.498621+00:00,2026-06-16T21:42:14.275848+00:00,1,898,2026-06-16T21:42:14.275848+00:00,14,89,89,0,true,false,14,89,89,0,true,false,14,89,90,0,false,false,14,89,89,0,true,false
B,denver,2026-06-16,20260616T190342-0400,2026-06-16T23:03:42.064001+00:00,17:03:41.551254,1023,settlement_window,F,M5_cutoff_change,timestamp_set_changed,958,,,15,90,91,94,2026-06-16T23:03:42.064001+00:00,2026-06-16T23:02:44.924256+00:00,1,958,2026-06-16T23:02:44.924256+00:00,15,90,90,0,true,false,15,90,90,0,true,false,15,90,91,0,false,false,15,90,90,0,true,false
B,denver,2026-06-17,20260617T022730-0400,2026-06-17T06:27:30.062053+00:00,00:27:29.295592,27,pre_dawn,F,M2_empty_history,no_valid_row_change,,,,7,74,75,93,2026-06-17T06:27:30.062053+00:00,2026-06-17T06:22:38.474539+00:00,0,,,7,74,75,0,false,false,7,74,75,0,false,false,7,74,75,0,false,false,7,74,75,0,false,false
B,denver,2026-06-17,20260617T023729-0400,2026-06-17T06:37:29.460715+00:00,00:37:28.930878,37,pre_dawn,F,M2_empty_history,no_valid_row_change,,,,7,73,74,93,2026-06-17T06:37:29.460715+00:00,2026-06-17T06:27:30.062053+00:00,0,,,7,73,74,0,false,false,7,73,74,0,false,false,7,73,74,0,false,false,7,73,74,0,false,false
B,denver,2026-06-17,20260617T030040-0400,2026-06-17T07:00:40.196621+00:00,01:00:39.793033,60,pre_dawn,F,M2_empty_history,no_valid_row_change,,,,7,73,74,93,2026-06-17T07:00:40.196621+00:00,2026-06-17T06:57:30.761613+00:00,0,,,7,73,74,0,false,false,7,73,74,0,false,false,7,73,74,0,false,false,7,73,74,0,false,false
B,denver,2026-06-17,20260617T093230-0400,2026-06-17T13:32:30.567495+00:00,07:32:30.091954,452,other,F,M3_rows_dropped,timestamp_set_changed,418,,,7,79,80,93,2026-06-17T13:32:30.567495+00:00,2026-06-17T13:31:35.696728+00:00,1,418,2026-06-17T13:31:35.696728+00:00,7,80,80,1,true,false,7,80,80,1,true,false,7,80,80,1,true,false,7,80,80,1,true,false
B,denver,2026-06-17,20260617T094129-0400,2026-06-17T13:41:29.689372+00:00,07:41:29.300129,461,other,F,M3_rows_dropped,timestamp_set_changed,418,,,7,79,80,93,2026-06-17T13:41:29.689372+00:00,2026-06-17T13:40:35.354970+00:00,1,418,2026-06-17T13:40:35.354970+00:00,7,80,80,1,true,false,7,80,80,1,true,false,7,80,80,1,true,false,7,80,80,1,true,false
B,denver,2026-06-17,20260617T094648-0400,2026-06-17T13:46:48.143173+00:00,07:46:47.720046,466,other,F,M3_rows_dropped,timestamp_set_changed,418,,,7,79,80,93,2026-06-17T13:46:48.143173+00:00,2026-06-17T13:45:33.051604+00:00,1,418,2026-06-17T13:45:33.051604+00:00,7,80,80,1,true,false,7,80,80,1,true,false,7,80,80,1,true,false,7,80,80,1,true,false
B,denver,2026-06-17,20260617T165734-0400,2026-06-17T20:57:34.848785+00:00,14:57:34.323312,897,peak_heating_window,F,M5_cutoff_change,timestamp_set_changed,838,,,13,87,91,93,2026-06-17T20:57:34.848785+00:00,2026-06-17T20:56:40.399937+00:00,1,838,2026-06-17T20:56:40.399937+00:00,13,87,87,0,true,false,13,87,87,0,true,false,13,87,91,0,false,false,13,87,87,0,true,false
B,denver,2026-06-17,20260617T170532-0400,2026-06-17T21:05:32.641431+00:00,15:05:32.224764,905,peak_heating_window,F,M5_cutoff_change,timestamp_set_changed,838,,,13,87,91,93,2026-06-17T21:05:32.641431+00:00,2026-06-17T21:04:32.974848+00:00,1,838,2026-06-17T21:04:32.974848+00:00,13,87,87,0,true,false,13,87,87,0,true,false,13,87,91,0,false,false,13,87,87,0,true,false
B,denver,2026-06-17,20260617T185333-0400,2026-06-17T22:53:33.592024+00:00,16:53:32.201127,1013,peak_heating_window,F,M5_cutoff_change,timestamp_set_changed,958,,,15,91,92,93,2026-06-17T22:53:33.592024+00:00,2026-06-17T22:52:52.554343+00:00,1,958,2026-06-17T22:52:52.554343+00:00,15,91,91,0,true,false,15,91,91,0,true,false,15,91,92,0,false,false,15,91,91,0,true,false
B,denver,2026-06-19,20260619T022409-0400,2026-06-19T06:24:09.017504+00:00,00:23:35.614214,23,pre_dawn,F,M2_empty_history,no_valid_row_change,,,,7,69,70,83,2026-06-19T06:24:09.017504+00:00,2026-06-19T06:13:58.814566+00:00,0,,,7,69,70,0,false,false,7,69,70,0,false,false,7,69,70,0,false,false,7,69,70,0,false,false
B,denver,2026-06-19,20260619T022945-0400,2026-06-19T06:29:45.682317+00:00,00:29:42.963838,29,pre_dawn,F,M2_empty_history,no_valid_row_change,,,,7,69,70,83,2026-06-19T06:29:45.682317+00:00,2026-06-19T06:27:21.831316+00:00,0,,,7,69,70,0,false,false,7,69,70,0,false,false,7,69,70,0,false,false,7,69,70,0,false,false
B,denver,2026-06-19,20260619T025433-0400,2026-06-19T06:54:33.675154+00:00,00:53:55.755461,53,pre_dawn,F,M2_empty_history,no_valid_row_change,,,,7,68,69,83,2026-06-19T06:54:33.675154+00:00,2026-06-19T06:36:47.852574+00:00,0,,,7,68,69,0,false,false,7,68,69,0,false,false,7,68,69,0,false,false,7,68,69,0,false,false
B,denver,2026-06-19,20260619T152038-0400,2026-06-19T19:20:38.394193+00:00,13:20:37.641610,800,settlement_window,F,M5_cutoff_change,timestamp_set_changed,778,,,12,75,76,83,2026-06-19T19:20:38.394193+00:00,2026-06-19T19:19:41.916622+00:00,1,778,2026-06-19T19:19:41.916622+00:00,12,75,75,0,true,false,12,75,75,0,true,false,12,75,76,0,false,false,12,75,75,0,true,false
B,denver,2026-06-19,20260619T153537-0400,2026-06-19T19:35:37.318800+00:00,13:35:33.592413,815,settlement_window,F,M5_cutoff_change,timestamp_set_changed,778,,,12,75,76,83,2026-06-19T19:35:37.318800+00:00,2026-06-19T19:28:28.243267+00:00,1,778,2026-06-19T19:28:28.243267+00:00,12,75,75,0,true,false,12,75,75,0,true,false,12,75,76,0,false,false,12,75,75,0,true,false
B,denver,2026-06-19,20260619T162650-0400,2026-06-19T20:26:50.038174+00:00,14:26:49.410610,866,peak_heating_window,F,M5_cutoff_change,timestamp_set_changed,838,,,13,76,78,83,2026-06-19T20:26:50.038174+00:00,2026-06-19T20:25:43.584396+00:00,1,838,2026-06-19T20:25:43.584396+00:00,13,76,76,0,true,false,13,76,76,0,true,false,13,76,78,0,false,false,13,76,76,0,true,false
B,denver,2026-06-19,20260619T162913-0400,2026-06-19T20:29:13.893936+00:00,14:29:13.381528,869,peak_heating_window,F,M5_cutoff_change,timestamp_set_changed,838,,,13,76,78,83,2026-06-19T20:29:13.893936+00:00,2026-06-19T20:27:47.610876+00:00,1,838,2026-06-19T20:27:47.610876+00:00,13,76,76,0,true,false,13,76,76,0,true,false,13,76,78,0,false,false,13,76,76,0,true,false
B,denver,2026-06-19,20260619T163543-0400,2026-06-19T20:35:43.672124+00:00,14:35:42.548929,875,peak_heating_window,F,M5_cutoff_change,timestamp_set_changed,838,,,13,76,78,83,2026-06-19T20:35:43.672124+00:00,2026-06-19T20:33:45.551865+00:00,1,838,2026-06-19T20:33:45.551865+00:00,13,76,76,0,true,false,13,76,76,0,true,false,13,76,78,0,false,false,13,76,76,0,true,false
B,denver,2026-06-19,20260619T165340-0400,2026-06-19T20:53:40.752091+00:00,14:53:40.162365,893,peak_heating_window,F,M5_cutoff_change,timestamp_set_changed,838,,,13,76,78,83,2026-06-19T20:53:40.752091+00:00,2026-06-19T20:51:19.588072+00:00,1,838,2026-06-19T20:51:19.588072+00:00,13,76,76,0,true,false,13,76,76,0,true,false,13,76,78,0,false,false,13,76,76,0,true,false
B,denver,2026-06-19,20260619T165934-0400,2026-06-19T20:59:34.767844+00:00,14:59:34.162307,899,peak_heating_window,F,M5_cutoff_change,timestamp_set_changed,838,,,13,76,78,83,2026-06-19T20:59:34.767844+00:00,2026-06-19T20:57:41.659466+00:00,1,838,2026-06-19T20:57:41.659466+00:00,13,76,76,0,true,false,13,76,76,0,true,false,13,76,78,0,false,false,13,76,76,0,true,false
B,denver,2026-06-19,20260619T172854-0400,2026-06-19T21:28:54.017036+00:00,15:28:53.550525,928,peak_heating_window,F,M5_cutoff_change,timestamp_set_changed,898,,,14,78,82,83,2026-06-19T21:28:54.017036+00:00,2026-06-19T21:27:35.143365+00:00,1,898,2026-06-19T21:27:35.143365+00:00,14,78,78,0,true,false,14,78,78,0,true,false,14,78,82,0,false,false,14,78,78,0,true,false
B,denver,2026-06-19,20260619T174243-0400,2026-06-19T21:42:43.547385+00:00,15:42:42.926524,942,peak_heating_window,F,M5_cutoff_change,timestamp_set_changed,898,,,14,78,82,83,2026-06-19T21:42:43.547385+00:00,2026-06-19T21:39:44.689944+00:00,1,898,2026-06-19T21:39:44.689944+00:00,14,78,78,0,true,false,14,78,78,0,true,false,14,78,82,0,false,false,14,78,78,0,true,false
B,denver,2026-06-19,20260619T175345-0400,2026-06-19T21:53:45.262838+00:00,15:53:44.684581,953,peak_heating_window,F,M5_cutoff_change,timestamp_set_changed,898,,,14,78,82,83,2026-06-19T21:53:45.262838+00:00,2026-06-19T21:52:44.289042+00:00,1,898,2026-06-19T21:52:44.289042+00:00,14,78,78,0,true,false,14,78,78,0,true,false,14,78,82,0,false,false,14,78,78,0,true,false
B,denver,2026-06-19,20260619T203105-0400,2026-06-20T00:31:05.068889+00:00,18:30:43.360864,1110,other,F,M5_cutoff_change,timestamp_set_changed,1078,,,17,82,83,83,2026-06-20T00:31:05.068889+00:00,2026-06-20T00:28:31.095768+00:00,1,1078,2026-06-20T00:28:31.095768+00:00,17,82,82,0,true,false,17,82,82,0,true,false,17,82,83,0,false,false,17,82,82,0,true,false
B,denver,2026-06-20,20260620T022839-0400,2026-06-20T06:28:39.324010+00:00,00:28:38.851283,28,pre_dawn,F,M2_empty_history,no_valid_row_change,,,,7,61,62,88,2026-06-20T06:28:39.324010+00:00,2026-06-20T06:25:45.032012+00:00,0,,,7,61,62,0,false,false,7,61,62,0,false,false,7,61,62,0,false,false,7,61,62,0,false,false
B,denver,2026-06-20,20260620T025840-0400,2026-06-20T06:58:40.677104+00:00,00:58:40.403822,58,pre_dawn,F,M2_empty_history,no_valid_row_change,,,,7,60,61,88,2026-06-20T06:58:40.677104+00:00,2026-06-20T06:45:43.232249+00:00,0,,,7,60,61,0,false,false,7,60,61,0,false,false,7,60,61,0,false,false,7,60,61,0,false,false
B,denver,2026-06-20,20260620T032840-0400,2026-06-20T07:28:40.973241+00:00,01:28:40.727593,88,pre_dawn,F,M2_empty_history,no_valid_row_change,,,,7,59,60,88,2026-06-20T07:28:40.973241+00:00,2026-06-20T07:25:42.392617+00:00,0,,,7,59,60,0,false,false,7,59,60,0,false,false,7,59,60,0,false,false,7,59,60,0,false,false
B,denver,2026-06-20,20260620T033242-0400,2026-06-20T07:32:42.755546+00:00,01:32:42.514576,92,pre_dawn,F,M2_empty_history,no_valid_row_change,,,,7,59,60,88,2026-06-20T07:32:42.755546+00:00,2026-06-20T07:31:44.385415+00:00,0,,,7,59,60,0,false,false,7,59,60,0,false,false,7,59,60,0,false,false,7,59,60,0,false,false
B,denver,2026-06-20,20260620T033440-0400,2026-06-20T07:34:40.175908+00:00,01:34:39.940313,94,pre_dawn,F,M2_empty_history,no_valid_row_change,,,,7,59,60,88,2026-06-20T07:34:40.175908+00:00,2026-06-20T07:33:41.234035+00:00,0,,,7,59,60,0,false,false,7,59,60,0,false,false,7,59,60,0,false,false,7,59,60,0,false,false
B,denver,2026-06-20,20260620T035839-0400,2026-06-20T07:58:39.155877+00:00,01:58:38.873911,118,pre_dawn,F,M2_empty_history,no_valid_row_change,,,,7,58,59,88,2026-06-20T07:58:39.155877+00:00,2026-06-20T07:55:45.095087+00:00,0,,,7,58,59,0,false,false,7,58,59,0,false,false,7,58,59,0,false,false,7,58,59,0,false,false
B,denver,2026-06-20,20260620T043041-0400,2026-06-20T08:30:41.043526+00:00,02:30:40.816740,150,pre_dawn,F,M2_empty_history,no_valid_row_change,,,,7,57,58,88,2026-06-20T08:30:41.043526+00:00,2026-06-20T08:15:46.647690+00:00,0,,,7,57,58,0,false,false,7,57,58,0,false,false,7,57,58,0,false,false,7,57,58,0,false,false
B,denver,2026-06-20,20260620T043541-0400,2026-06-20T08:35:41.410805+00:00,02:35:41.190057,155,pre_dawn,F,M2_empty_history,no_valid_row_change,,,,7,57,58,88,2026-06-20T08:35:41.410805+00:00,2026-06-20T08:34:41.952702+00:00,0,,,7,57,58,0,false,false,7,57,58,0,false,false,7,57,58,0,false,false,7,57,58,0,false,false
B,denver,2026-06-20,20260620T045841-0400,2026-06-20T08:58:41.516421+00:00,02:58:41.303411,178,pre_dawn,F,M2_empty_history,no_valid_row_change,,,,7,56,57,88,2026-06-20T08:58:41.516421+00:00,2026-06-20T08:55:44.514419+00:00,0,,,7,56,57,0,false,false,7,56,57,0,false,false,7,56,57,0,false,false,7,56,57,0,false,false
B,denver,2026-06-20,20260620T090343-0400,2026-06-20T13:03:43.864921+00:00,07:03:43.594222,423,other,F,M3_rows_dropped,timestamp_set_changed,418,,,7,59,61,88,2026-06-20T13:03:43.864921+00:00,2026-06-20T13:02:47.243788+00:00,1,418,2026-06-20T13:02:47.243788+00:00,7,61,61,2,true,false,7,61,61,2,true,false,7,61,61,2,true,false,7,61,61,2,true,false
B,denver,2026-06-20,20260620T090551-0400,2026-06-20T13:05:51.124454+00:00,07:05:50.866056,425,other,F,M3_rows_dropped,timestamp_set_changed,418,,,7,59,61,88,2026-06-20T13:05:51.124454+00:00,2026-06-20T13:04:53.552804+00:00,1,418,2026-06-20T13:04:53.552804+00:00,7,61,61,2,true,false,7,61,61,2,true,false,7,61,61,2,true,false,7,61,61,2,true,false
B,denver,2026-06-20,20260620T091948-0400,2026-06-20T13:19:48.503285+00:00,07:19:48.235646,439,other,F,M3_rows_dropped,timestamp_set_changed,418,,,7,59,61,88,2026-06-20T13:19:48.503285+00:00,2026-06-20T13:18:41.365916+00:00,1,418,2026-06-20T13:18:41.365916+00:00,7,61,61,2,true,false,7,61,61,2,true,false,7,61,61,2,true,false,7,61,61,2,true,false
B,denver,2026-06-20,20260620T104332-0400,2026-06-20T14:43:32.026546+00:00,08:43:31.021402,523,other,F,M5_cutoff_change,timestamp_set_changed,478,,,7,61,62,88,2026-06-20T14:43:32.026546+00:00,2026-06-20T14:40:21.724246+00:00,1,478,2026-06-20T14:40:21.724246+00:00,7,61,61,0,true,false,7,61,61,0,true,false,7,61,62,0,false,false,7,61,61,0,true,false
B,denver,2026-06-20,20260620T104624-0400,2026-06-20T14:46:24.724469+00:00,08:46:23.886511,526,other,F,M5_cutoff_change,timestamp_set_changed,478,,,7,61,62,88,2026-06-20T14:46:24.724469+00:00,2026-06-20T14:44:29.422181+00:00,1,478,2026-06-20T14:44:29.422181+00:00,7,61,61,0,true,false,7,61,61,0,true,false,7,61,62,0,false,false,7,61,61,0,true,false
B,denver,2026-06-20,20260620T105331-0400,2026-06-20T14:53:31.254143+00:00,08:53:30.326910,533,other,F,M5_cutoff_change,timestamp_set_changed,478,,,7,61,62,88,2026-06-20T14:53:31.254143+00:00,2026-06-20T14:50:37.472467+00:00,1,478,2026-06-20T14:50:37.472467+00:00,7,61,61,0,true,false,7,61,61,0,true,false,7,61,62,0,false,false,7,61,61,0,true,false
B,denver,2026-06-20,20260620T111134-0400,2026-06-20T15:11:34.410713+00:00,09:11:33.938085,551,other,F,M5_cutoff_change,timestamp_set_changed,538,,,8,62,64,88,2026-06-20T15:11:34.410713+00:00,2026-06-20T15:10:29.454476+00:00,1,538,2026-06-20T15:10:29.454476+00:00,8,62,62,0,true,false,8,62,62,0,true,false,8,62,64,0,false,false,8,62,62,0,true,false
B,denver,2026-06-20,20260620T111620-0400,2026-06-20T15:16:20.114628+00:00,09:16:19.620383,556,other,F,M5_cutoff_change,timestamp_set_changed,538,,,8,62,64,88,2026-06-20T15:16:20.114628+00:00,2026-06-20T15:15:36.391852+00:00,1,538,2026-06-20T15:15:36.391852+00:00,8,62,62,0,true,false,8,62,62,0,true,false,8,62,64,0,false,false,8,62,62,0,true,false
B,denver,2026-06-20,20260620T112933-0400,2026-06-20T15:29:33.580574+00:00,09:29:32.893741,569,other,F,M5_cutoff_change,timestamp_set_changed,538,,,8,62,64,88,2026-06-20T15:29:33.580574+00:00,2026-06-20T15:27:21.502385+00:00,1,538,2026-06-20T15:27:21.502385+00:00,8,62,62,0,true,false,8,62,62,0,true,false,8,62,64,0,false,false,8,62,62,0,true,false
B,denver,2026-06-20,20260620T123230-0400,2026-06-20T16:32:30.508556+00:00,10:32:29.103267,632,other,F,M5_cutoff_change,timestamp_set_changed,598,,,9,64,71,88,2026-06-20T16:32:30.508556+00:00,2026-06-20T16:26:26.515758+00:00,1,598,2026-06-20T16:26:26.515758+00:00,9,64,64,0,true,false,9,64,64,0,true,false,9,64,71,0,false,false,9,64,64,0,true,false
B,denver,2026-06-20,20260620T124825-0400,2026-06-20T16:48:25.403695+00:00,10:48:24.697882,648,other,F,M5_cutoff_change,timestamp_set_changed,598,,,9,64,71,88,2026-06-20T16:48:25.403695+00:00,2026-06-20T16:40:34.190751+00:00,1,598,2026-06-20T16:40:34.190751+00:00,9,64,64,0,true,false,9,64,64,0,true,false,9,64,71,0,false,false,9,64,64,0,true,false
B,denver,2026-06-20,20260620T125220-0400,2026-06-20T16:52:20.569655+00:00,10:52:20.024978,652,other,F,M5_cutoff_change,timestamp_set_changed,598,,,9,64,71,88,2026-06-20T16:52:20.569655+00:00,2026-06-20T16:50:21.622928+00:00,1,598,2026-06-20T16:50:21.622928+00:00,9,64,64,0,true,false,9,64,64,0,true,false,9,64,71,0,false,false,9,64,64,0,true,false
B,denver,2026-06-20,20260620T130440-0400,2026-06-20T17:04:40.234804+00:00,11:04:39.519209,664,other,F,M5_cutoff_change,timestamp_set_changed,658,,,10,71,76,88,2026-06-20T17:04:40.234804+00:00,2026-06-20T17:03:30.537659+00:00,1,658,2026-06-20T17:03:30.537659+00:00,10,71,71,0,true,false,10,71,71,0,true,false,10,71,76,0,false,false,10,71,71,0,true,false
B,denver,2026-06-20,20260620T130623-0400,2026-06-20T17:06:23.547451+00:00,11:06:22.817139,666,other,F,M5_cutoff_change,timestamp_set_changed,658,,,10,71,76,88,2026-06-20T17:06:23.547451+00:00,2026-06-20T17:05:20.998265+00:00,1,658,2026-06-20T17:05:20.998265+00:00,10,71,71,0,true,false,10,71,71,0,true,false,10,71,76,0,false,false,10,71,71,0,true,false
B,denver,2026-06-20,20260620T131730-0400,2026-06-20T17:17:30.258046+00:00,11:17:29.320909,677,other,F,M5_cutoff_change,timestamp_set_changed,658,,,10,71,76,88,2026-06-20T17:17:30.258046+00:00,2026-06-20T17:16:31.266520+00:00,1,658,2026-06-20T17:16:31.266520+00:00,10,71,71,0,true,false,10,71,71,0,true,false,10,71,76,0,false,false,10,71,71,0,true,false
B,denver,2026-06-20,20260620T140933-0400,2026-06-20T18:09:33.607837+00:00,12:09:33.177060,729,settlement_window,F,M5_cutoff_change,timestamp_set_changed,718,,,11,76,82,88,2026-06-20T18:09:33.607837+00:00,2026-06-20T18:08:27.014945+00:00,1,718,2026-06-20T18:08:27.014945+00:00,11,76,76,0,true,false,11,76,76,0,true,false,11,76,82,0,false,false,11,76,76,0,true,false
B,denver,2026-06-20,20260620T141130-0400,2026-06-20T18:11:30.685039+00:00,12:11:30.139040,731,settlement_window,F,M5_cutoff_change,timestamp_set_changed,718,,,11,76,82,88,2026-06-20T18:11:30.685039+00:00,2026-06-20T18:10:24.045552+00:00,1,718,2026-06-20T18:10:24.045552+00:00,11,76,76,0,true,false,11,76,76,0,true,false,11,76,82,0,false,false,11,76,76,0,true,false
B,denver,2026-06-20,20260620T170136-0400,2026-06-20T21:01:36.130125+00:00,15:01:35.167795,901,peak_heating_window,F,M5_cutoff_change,timestamp_set_changed,838,,,13,82,88,88,2026-06-20T21:01:36.130125+00:00,2026-06-20T21:00:54.146622+00:00,1,838,2026-06-20T21:00:54.146622+00:00,13,82,82,0,true,false,13,82,82,0,true,false,13,82,88,0,false,false,13,82,82,0,true,false
B,denver,2026-06-21,20260621T025411-0400,2026-06-21T06:54:11.788085+00:00,00:53:04.719750,53,pre_dawn,F,M2_empty_history,no_valid_row_change,,,,7,62,63,87,2026-06-21T06:54:11.788085+00:00,2026-06-21T06:41:21.367121+00:00,0,,,7,62,63,0,false,false,7,62,63,0,false,false,7,62,63,0,false,false,7,62,63,0,false,false
B,denver,2026-06-21,20260621T031315-0400,2026-06-21T07:13:15.618811+00:00,01:13:14.828134,73,pre_dawn,F,M2_empty_history,no_valid_row_change,,,,7,62,63,87,2026-06-21T07:13:15.618811+00:00,2026-06-21T07:04:44.731022+00:00,0,,,7,62,63,0,false,false,7,62,63,0,false,false,7,62,63,0,false,false,7,62,63,0,false,false
B,denver,2026-06-21,20260621T031515-0400,2026-06-21T07:15:15.476687+00:00,01:15:14.886222,75,pre_dawn,F,M2_empty_history,no_valid_row_change,,,,7,62,63,87,2026-06-21T07:15:15.476687+00:00,2026-06-21T07:14:15.486946+00:00,0,,,7,62,63,0,false,false,7,62,63,0,false,false,7,62,63,0,false,false,7,62,63,0,false,false
B,denver,2026-06-21,20260621T103112-0400,2026-06-21T14:31:12.663631+00:00,08:31:05.147604,511,other,F,M5_cutoff_change,timestamp_set_changed,478,,,7,63,67,87,2026-06-21T14:31:12.663631+00:00,2026-06-21T14:28:27.557780+00:00,1,478,2026-06-21T14:28:27.557780+00:00,7,63,63,0,true,false,7,63,63,0,true,false,7,63,67,0,false,false,7,63,63,0,true,false
B,denver,2026-06-21,20260621T103956-0400,2026-06-21T14:39:56.852847+00:00,08:39:53.418343,519,other,F,M5_cutoff_change,timestamp_set_changed,478,,,7,63,67,87,2026-06-21T14:39:56.852847+00:00,2026-06-21T14:39:32.463730+00:00,1,478,2026-06-21T14:39:32.463730+00:00,7,63,63,0,true,false,7,63,63,0,true,false,7,63,67,0,false,false,7,63,63,0,true,false
B,denver,2026-06-21,20260621T112931-0400,2026-06-21T15:29:31.555450+00:00,09:29:25.808748,569,other,F,M5_cutoff_change,timestamp_set_changed,538,,,8,67,72,87,2026-06-21T15:29:31.555450+00:00,2026-06-21T15:28:10.218983+00:00,1,538,2026-06-21T15:28:10.218983+00:00,8,67,67,0,true,false,8,67,67,0,true,false,8,67,72,0,false,false,8,67,67,0,true,false
B,denver,2026-06-21,20260621T124236-0400,2026-06-21T16:42:36.280668+00:00,10:42:34.939533,642,other,F,M5_cutoff_change,timestamp_set_changed,598,,,9,72,78,87,2026-06-21T16:42:36.280668+00:00,2026-06-21T16:40:47.008621+00:00,1,598,2026-06-21T16:40:47.008621+00:00,9,72,72,0,true,false,9,72,72,0,true,false,9,72,78,0,false,false,9,72,72,0,true,false
B,denver,2026-06-21,20260621T125236-0400,2026-06-21T16:52:36.351283+00:00,10:52:35.673466,652,other,F,M5_cutoff_change,timestamp_set_changed,598,,,9,72,78,87,2026-06-21T16:52:36.351283+00:00,2026-06-21T16:44:27.655235+00:00,1,598,2026-06-21T16:44:27.655235+00:00,9,72,72,0,true,false,9,72,72,0,true,false,9,72,78,0,false,false,9,72,72,0,true,false
B,denver,2026-06-21,20260621T132524-0400,2026-06-21T17:25:24.089967+00:00,11:25:23.372038,685,other,F,M5_cutoff_change,timestamp_set_changed,598,,,9,72,78,87,2026-06-21T17:25:24.089967+00:00,2026-06-21T17:23:29.549251+00:00,1,598,2026-06-21T17:23:29.549251+00:00,9,72,72,0,true,false,9,72,72,0,true,false,9,72,78,0,false,false,9,72,72,0,true,false
B,denver,2026-06-22,20260622T025729-0400,2026-06-22T06:57:29.096482+00:00,00:57:28.068436,57,pre_dawn,F,M2_empty_history,no_valid_row_change,,,,7,60,61,89,2026-06-22T06:57:29.096482+00:00,2026-06-22T06:41:10.582895+00:00,0,,,7,60,61,0,false,false,7,60,61,0,false,false,7,60,61,0,false,false,7,60,61,0,false,false
B,denver,2026-06-22,20260622T030544-0400,2026-06-22T07:05:44.982192+00:00,01:05:44.689730,65,pre_dawn,F,M2_empty_history,no_valid_row_change,,,,7,60,61,89,2026-06-22T07:05:44.982192+00:00,2026-06-22T07:04:37.742738+00:00,0,,,7,60,61,0,false,false,7,60,61,0,false,false,7,60,61,0,false,false,7,60,61,0,false,false
B,denver,2026-06-22,20260622T031822-0400,2026-06-22T07:18:22.846890+00:00,01:18:22.482490,78,pre_dawn,F,M2_empty_history,no_valid_row_change,,,,7,59,60,89,2026-06-22T07:18:22.846890+00:00,2026-06-22T07:05:44.982192+00:00,0,,,7,59,60,0,false,false,7,59,60,0,false,false,7,59,60,0,false,false,7,59,60,0,false,false
B,denver,2026-06-22,20260622T034825-0400,2026-06-22T07:48:25.265029+00:00,01:48:25.012610,108,pre_dawn,F,M2_empty_history,no_valid_row_change,,,,7,58,59,89,2026-06-22T07:48:25.265029+00:00,2026-06-22T07:40:33.974340+00:00,0,,,7,58,59,0,false,false,7,58,59,0,false,false,7,58,59,0,false,false,7,58,59,0,false,false
B,denver,2026-06-22,20260622T103828-0400,2026-06-22T14:38:28.194519+00:00,08:38:27.694880,518,other,F,M5_cutoff_change,timestamp_set_changed,478,,,7,59,66,89,2026-06-22T14:38:28.194519+00:00,2026-06-22T14:37:42.010183+00:00,1,478,2026-06-22T14:37:42.010183+00:00,7,59,59,0,true,false,7,59,59,0,true,false,7,59,66,0,false,false,7,59,59,0,true,false
B,denver,2026-06-22,20260622T104438-0400,2026-06-22T14:44:38.376956+00:00,08:44:37.815016,524,other,F,M5_cutoff_change,timestamp_set_changed,478,,,7,59,66,89,2026-06-22T14:44:38.376956+00:00,2026-06-22T14:41:34.339884+00:00,1,478,2026-06-22T14:41:34.339884+00:00,7,59,59,0,true,false,7,59,59,0,true,false,7,59,66,0,false,false,7,59,59,0,true,false
B,denver,2026-06-22,20260622T104936-0400,2026-06-22T14:49:36.653177+00:00,08:49:36.033686,529,other,F,M5_cutoff_change,timestamp_set_changed,478,,,7,59,66,89,2026-06-22T14:49:36.653177+00:00,2026-06-22T14:45:45.886586+00:00,1,478,2026-06-22T14:45:45.886586+00:00,7,59,59,0,true,false,7,59,59,0,true,false,7,59,66,0,false,false,7,59,59,0,true,false
B,denver,2026-06-22,20260622T105811-0400,2026-06-22T14:58:11.268810+00:00,08:58:10.647427,538,other,F,M5_cutoff_change,timestamp_set_changed,478,,,7,59,66,89,2026-06-22T14:58:11.268810+00:00,2026-06-22T14:51:39.019894+00:00,1,478,2026-06-22T14:51:39.019894+00:00,7,59,59,0,true,false,7,59,59,0,true,false,7,59,66,0,false,false,7,59,59,0,true,false
B,denver,2026-06-22,20260622T112741-0400,2026-06-22T15:27:41.783703+00:00,09:27:40.876742,567,other,F,M5_cutoff_change,timestamp_set_changed,538,,,8,66,69,89,2026-06-22T15:27:41.783703+00:00,2026-06-22T15:26:27.076477+00:00,1,538,2026-06-22T15:26:27.076477+00:00,8,66,66,0,true,false,8,66,66,0,true,false,8,66,69,0,false,false,8,66,66,0,true,false
B,denver,2026-06-22,20260622T113339-0400,2026-06-22T15:33:39.231866+00:00,09:33:37.444193,573,other,F,M5_cutoff_change,timestamp_set_changed,538,,,8,66,69,89,2026-06-22T15:33:39.231866+00:00,2026-06-22T15:30:49.566108+00:00,1,538,2026-06-22T15:30:49.566108+00:00,8,66,66,0,true,false,8,66,66,0,true,false,8,66,69,0,false,false,8,66,66,0,true,false
B,denver,2026-06-22,20260622T114656-0400,2026-06-22T15:46:56.290020+00:00,09:46:51.533744,586,other,F,M5_cutoff_change,timestamp_set_changed,538,,,8,66,69,89,2026-06-22T15:46:56.290020+00:00,2026-06-22T15:42:40.249211+00:00,1,538,2026-06-22T15:42:40.249211+00:00,8,66,66,0,true,false,8,66,66,0,true,false,8,66,69,0,false,false,8,66,66,0,true,false
B,denver,2026-06-22,20260622T115710-0400,2026-06-22T15:57:10.456239+00:00,09:57:06.288556,597,other,F,M5_cutoff_change,timestamp_set_changed,538,,,8,66,69,89,2026-06-22T15:57:10.456239+00:00,2026-06-22T15:50:11.289653+00:00,1,538,2026-06-22T15:50:11.289653+00:00,8,66,66,0,true,false,8,66,66,0,true,false,8,66,69,0,false,false,8,66,66,0,true,false
B,denver,2026-06-22,20260622T130829-0400,2026-06-22T17:08:29.111260+00:00,11:08:28.460524,668,other,F,M5_cutoff_change,timestamp_set_changed,598,,,9,69,76,89,2026-06-22T17:08:29.111260+00:00,2026-06-22T17:07:32.552374+00:00,1,598,2026-06-22T17:07:32.552374+00:00,9,69,69,0,true,false,9,69,69,0,true,false,9,69,76,0,false,false,9,69,69,0,true,false
B,denver,2026-06-26,20260626T041835-0400,2026-06-26T08:18:35.506439+00:00,02:18:35.153154,138,pre_dawn,F,M2_empty_history,no_valid_row_change,,,,7,55,56,89,2026-06-26T08:18:35.506439+00:00,2026-06-26T08:09:38.400716+00:00,0,,,7,55,56,0,false,false,7,55,56,0,false,false,7,55,56,0,false,false,7,55,56,0,false,false
B,denver,2026-06-26,20260626T051933-0400,2026-06-26T09:19:33.772149+00:00,03:19:33.520146,199,pre_dawn,F,M3_rows_dropped,timestamp_set_changed,118|178,,,7,56,59,89,2026-06-26T09:19:33.772149+00:00,2026-06-26T09:18:31.163005+00:00,2,118|178,2026-06-26T09:18:31.163005+00:00,7,59,59,3,true,false,7,59,59,3,true,false,7,59,59,3,true,false,7,59,59,3,true,false
B,denver,2026-06-26,20260627T012845-0400,2026-06-27T05:28:45.491665+00:00,23:28:44.553170,1408,other,F,M2_empty_history,timestamp_set_changed,58|118|178|238|298|358|418|478|538|598|658|718|778|838|898|899|925|958|1011|1018|1025|1078|1138|1198|1258,,,20,70,89,89,2026-06-27T05:28:45.491665+00:00,2026-06-27T05:18:42.867377+00:00,25,58|118|178|238|298|358|418|478|538|598|658|718|778|838|898|899|925|958|1011|1018|1025|1078|1138|1198|1258,2026-06-27T05:18:42.867377+00:00,20,89,89,19,true,false,20,89,89,19,true,false,20,70,89,0,false,false,20,89,89,19,true,false
B,denver,2026-06-26,20260627T015709-0400,2026-06-27T05:57:09.097732+00:00,23:57:08.415752,1437,other,F,M2_empty_history,no_valid_row_change,,,,20,69,70,89,2026-06-27T05:57:09.097732+00:00,2026-06-27T05:39:02.134665+00:00,25,58|118|178|238|298|358|418|478|538|598|658|718|778|838|898|899|925|958|1011|1018|1025|1078|1138|1198|1258,2026-06-27T05:18:42.867377+00:00,20,89,89,20,true,false,20,89,89,20,true,false,20,69,70,0,false,false,20,89,89,20,true,false
B,denver,2026-06-27,20260627T031650-0400,2026-06-27T07:16:50.036758+00:00,01:16:49.626160,76,pre_dawn,F,M2_empty_history,no_valid_row_change,,,,7,68,69,97,2026-06-27T07:16:50.036758+00:00,2026-06-27T06:57:39.600756+00:00,0,,,7,68,69,0,false,false,7,68,69,0,false,false,7,68,69,0,false,false,7,68,69,0,false,false
B,denver,2026-06-27,20260627T040651-0400,2026-06-27T08:06:51.571601+00:00,02:06:51.190664,126,pre_dawn,F,M2_empty_history,no_valid_row_change,,,,7,67,68,97,2026-06-27T08:06:51.571601+00:00,2026-06-27T07:46:47.078048+00:00,0,,,7,67,68,0,false,false,7,67,68,0,false,false,7,67,68,0,false,false,7,67,68,0,false,false
B,denver,2026-06-27,20260627T050843-0400,2026-06-27T09:08:43.115035+00:00,03:08:42.747179,188,pre_dawn,F,M2_empty_history,no_valid_row_change,,,,7,66,67,97,2026-06-27T09:08:43.115035+00:00,2026-06-27T08:58:37.497106+00:00,0,,,7,66,67,0,false,false,7,66,67,0,false,false,7,66,67,0,false,false,7,66,67,0,false,false
B,denver,2026-06-27,20260627T055837-0400,2026-06-27T09:58:37.257311+00:00,03:58:36.787411,238,pre_dawn,F,M2_empty_history,no_valid_row_change,,,,7,65,66,97,2026-06-27T09:58:37.257311+00:00,2026-06-27T09:38:42.610717+00:00,0,,,7,65,66,0,false,false,7,65,66,0,false,false,7,65,66,0,false,false,7,65,66,0,false,false
B,denver,2026-06-27,20260627T090749-0400,2026-06-27T13:07:49.166537+00:00,07:07:47.693898,427,other,F,M2_empty_history,no_valid_row_change,,,,7,69,70,97,2026-06-27T13:07:49.166537+00:00,2026-06-27T12:50:46.205883+00:00,0,,,7,69,70,0,false,false,7,69,70,0,false,false,7,69,70,0,false,false,7,69,70,0,false,false
B,houston,2026-06-07,20260607T020350-0400,2026-06-07T06:03:50.859660+00:00,01:03:50.778150,63,pre_dawn,F,M6_unexplained,timestamp_set_changed,,53,,9,80,81,85,2026-06-07T06:03:50.859660+00:00,2026-06-07T05:53:34.479106+00:00,0,,,7,80,81,0,false,false,7,80,81,0,false,false,9,80,81,0,false,false,7,80,81,0,false,false
B,houston,2026-06-12,20260612T020454-0400,2026-06-12T06:04:54.983292+00:00,01:04:54.831300,64,pre_dawn,F,M6_unexplained,timestamp_set_changed,,53,,7,81,82,91,2026-06-12T06:04:54.983292+00:00,2026-06-12T05:54:43.302089+00:00,0,,,7,81,82,0,false,false,7,81,82,0,false,false,7,81,82,0,false,false,7,81,82,0,false,false
B,houston,2026-06-13,20260613T014705-0400,2026-06-13T05:47:05.538185+00:00,00:47:05.419637,47,pre_dawn,F,M2_empty_history,no_valid_row_change,,,,7,80,81,92,2026-06-13T05:47:05.538185+00:00,2026-06-13T05:36:48.735786+00:00,0,,,7,80,81,0,false,false,7,80,81,0,false,false,7,80,81,0,false,false,7,80,81,0,false,false
B,houston,2026-06-13,20260613T114238-0400,2026-06-13T15:42:38.519664+00:00,10:42:38.021100,642,other,F,M5_cutoff_change,timestamp_set_changed,593,,,8,82,85,92,2026-06-13T15:42:38.519664+00:00,2026-06-13T15:32:12.674296+00:00,1,593,2026-06-13T15:32:12.674296+00:00,9,85,85,3,true,false,9,85,85,3,true,false,9,85,85,3,true,false,9,85,85,3,true,false
B,houston,2026-06-17,20260617T132150-0400,2026-06-17T17:21:50.243076+00:00,12:21:49.762619,741,settlement_window,F,M5_cutoff_change,timestamp_set_changed,713,,,11,80,83,88,2026-06-17T17:21:50.243076+00:00,2026-06-17T17:20:35.990886+00:00,1,713,2026-06-17T17:20:35.990886+00:00,11,80,80,0,true,false,11,80,80,0,true,false,11,80,83,0,false,false,11,80,80,0,true,false
B,houston,2026-06-17,20260617T143638-0400,2026-06-17T18:36:38.066568+00:00,13:36:37.550394,816,settlement_window,F,M5_cutoff_change,timestamp_set_changed,773,,,12,83,86,88,2026-06-17T18:36:38.066568+00:00,2026-06-17T18:28:44.060386+00:00,1,773,2026-06-17T18:28:44.060386+00:00,12,83,83,0,true,false,12,83,83,0,true,false,12,83,86,0,false,false,12,83,83,0,true,false
B,houston,2026-06-17,20260617T143939-0400,2026-06-17T18:39:39.336085+00:00,13:39:38.879490,819,settlement_window,F,M5_cutoff_change,timestamp_set_changed,773,,,12,83,86,88,2026-06-17T18:39:39.336085+00:00,2026-06-17T18:37:49.496081+00:00,1,773,2026-06-17T18:37:49.496081+00:00,12,83,83,0,true,false,12,83,83,0,true,false,12,83,86,0,false,false,12,83,83,0,true,false
B,houston,2026-06-17,20260617T144239-0400,2026-06-17T18:42:39.886494+00:00,13:42:39.400910,822,settlement_window,F,M5_cutoff_change,timestamp_set_changed,773,,,12,83,86,88,2026-06-17T18:42:39.886494+00:00,2026-06-17T18:40:53.118607+00:00,1,773,2026-06-17T18:40:53.118607+00:00,12,83,83,0,true,false,12,83,83,0,true,false,12,83,86,0,false,false,12,83,83,0,true,false
B,houston,2026-06-19,20260619T100648-0400,2026-06-19T14:06:48.335541+00:00,09:06:47.868103,546,other,F,M5_cutoff_change,timestamp_set_changed,502|533,,,8,83,86,92,2026-06-19T14:06:48.335541+00:00,2026-06-19T14:03:46.463988+00:00,2,502|533,2026-06-19T14:03:46.463988+00:00,8,83,83,0,true,false,8,83,83,0,true,false,8,83,86,0,false,false,8,83,83,0,true,false
B,houston,2026-06-19,20260619T130910-0400,2026-06-19T17:09:10.490125+00:00,12:09:09.986590,729,settlement_window,F,M5_cutoff_change,timestamp_set_changed,713,,,11,89,90,92,2026-06-19T17:09:10.490125+00:00,2026-06-19T17:08:14.410066+00:00,1,713,2026-06-19T17:08:14.410066+00:00,11,89,89,0,true,false,11,89,89,0,true,false,11,89,90,0,false,false,11,89,89,0,true,false
B,houston,2026-06-19,20260619T131111-0400,2026-06-19T17:11:11.438678+00:00,12:11:10.832374,731,settlement_window,F,M5_cutoff_change,timestamp_set_changed,713,,,11,89,90,92,2026-06-19T17:11:11.438678+00:00,2026-06-19T17:10:25.329542+00:00,1,713,2026-06-19T17:10:25.329542+00:00,11,89,89,0,true,false,11,89,89,0,true,false,11,89,90,0,false,false,11,89,89,0,true,false
B,houston,2026-06-19,20260619T131435-0400,2026-06-19T17:14:35.549545+00:00,12:14:35.142545,734,settlement_window,F,M5_cutoff_change,timestamp_set_changed,713,,,11,89,90,92,2026-06-19T17:14:35.549545+00:00,2026-06-19T17:13:30.640013+00:00,1,713,2026-06-19T17:13:30.640013+00:00,11,89,89,0,true,false,11,89,89,0,true,false,11,89,90,0,false,false,11,89,89,0,true,false
B,houston,2026-06-19,20260619T134614-0400,2026-06-19T17:46:14.935145+00:00,12:46:14.408261,766,settlement_window,F,M5_cutoff_change,timestamp_set_changed,713,,,11,89,90,92,2026-06-19T17:46:14.935145+00:00,2026-06-19T17:43:44.406561+00:00,1,713,2026-06-19T17:43:44.406561+00:00,11,89,89,0,true,false,11,89,89,0,true,false,11,89,90,0,false,false,11,89,89,0,true,false
B,houston,2026-06-19,20260619T135125-0400,2026-06-19T17:51:25.319017+00:00,12:51:24.635435,771,settlement_window,F,M5_cutoff_change,timestamp_set_changed,713,,,11,89,90,92,2026-06-19T17:51:25.319017+00:00,2026-06-19T17:50:32.196676+00:00,1,713,2026-06-19T17:50:32.196676+00:00,11,89,89,0,true,false,11,89,89,0,true,false,11,89,90,0,false,false,11,89,89,0,true,false
B,houston,2026-06-19,20260619T141307-0400,2026-06-19T18:13:07.555942+00:00,13:13:07.027195,793,settlement_window,F,M5_cutoff_change,timestamp_set_changed,773,,,12,90,91,92,2026-06-19T18:13:07.555942+00:00,2026-06-19T18:12:45.396865+00:00,1,773,2026-06-19T18:12:45.396865+00:00,12,90,90,0,true,false,12,90,90,0,true,false,12,90,91,0,false,false,12,90,90,0,true,false
B,houston,2026-06-19,20260619T141746-0400,2026-06-19T18:17:46.373807+00:00,13:17:45.939373,797,settlement_window,F,M5_cutoff_change,timestamp_set_changed,773,,,12,90,91,92,2026-06-19T18:17:46.373807+00:00,2026-06-19T18:16:46.969190+00:00,1,773,2026-06-19T18:16:46.969190+00:00,12,90,90,0,true,false,12,90,90,0,true,false,12,90,91,0,false,false,12,90,90,0,true,false
B,houston,2026-06-19,20260619T152040-0400,2026-06-19T19:20:40.951691+00:00,14:20:40.305338,860,peak_heating_window,F,M5_cutoff_change,timestamp_set_changed,833,,,13,91,92,92,2026-06-19T19:20:40.951691+00:00,2026-06-19T19:19:45.089667+00:00,1,833,2026-06-19T19:19:45.089667+00:00,13,91,91,0,true,false,13,91,91,0,true,false,13,91,92,0,false,false,13,91,91,0,true,false
B,houston,2026-06-19,20260619T152613-0400,2026-06-19T19:26:13.175907+00:00,14:26:12.401882,866,peak_heating_window,F,M5_cutoff_change,timestamp_set_changed,833,,,13,91,92,92,2026-06-19T19:26:13.175907+00:00,2026-06-19T19:25:19.739259+00:00,1,833,2026-06-19T19:25:19.739259+00:00,13,91,91,0,true,false,13,91,91,0,true,false,13,91,92,0,false,false,13,91,91,0,true,false
B,houston,2026-06-19,20260619T153542-0400,2026-06-19T19:35:42.238363+00:00,14:35:40.093700,875,peak_heating_window,F,M5_cutoff_change,timestamp_set_changed,833,,,13,91,92,92,2026-06-19T19:35:42.238363+00:00,2026-06-19T19:35:42.227716+00:00,1,833,2026-06-19T19:35:42.227716+00:00,13,91,91,0,true,false,13,91,91,0,true,false,13,91,91,0,true,false,13,91,91,0,true,false
B,houston,2026-06-20,20260620T015642-0400,2026-06-20T05:56:42.502354+00:00,00:56:42.093425,56,pre_dawn,F,M6_unexplained,timestamp_set_changed,,53,,7,83,84,85,2026-06-20T05:56:42.502354+00:00,2026-06-20T05:45:44.530011+00:00,0,,,7,83,84,0,false,false,7,83,84,0,false,false,7,83,84,0,false,false,7,83,84,0,false,false
B,houston,2026-06-21,20260621T060125-0400,2026-06-21T10:01:25.397923+00:00,05:01:25.115742,301,pre_dawn,F,M3_rows_dropped,timestamp_set_changed,293,,,7,77,78,88,2026-06-21T10:01:25.397923+00:00,2026-06-21T10:00:28.150385+00:00,1,293,2026-06-21T10:00:28.150385+00:00,7,78,78,1,true,false,7,78,78,1,true,false,7,78,78,1,true,false,7,78,78,1,true,false
B,houston,2026-06-21,20260621T060442-0400,2026-06-21T10:04:42.499892+00:00,05:04:42.247056,304,pre_dawn,F,M3_rows_dropped,timestamp_set_changed,293,,,7,77,78,88,2026-06-21T10:04:42.499892+00:00,2026-06-21T10:03:31.483622+00:00,1,293,2026-06-21T10:03:31.483622+00:00,7,78,78,1,true,false,7,78,78,1,true,false,7,78,78,1,true,false,7,78,78,1,true,false
B,houston,2026-06-21,20260621T060827-0400,2026-06-21T10:08:27.595294+00:00,05:08:27.416481,308,pre_dawn,F,M3_rows_dropped,timestamp_set_changed,293,,,7,77,78,88,2026-06-21T10:08:27.595294+00:00,2026-06-21T10:06:24.714121+00:00,1,293,2026-06-21T10:06:24.714121+00:00,7,78,78,1,true,false,7,78,78,1,true,false,7,78,78,1,true,false,7,78,78,1,true,false
B,houston,2026-06-21,20260621T061229-0400,2026-06-21T10:12:29.730527+00:00,05:12:29.319353,312,pre_dawn,F,M3_rows_dropped,timestamp_set_changed,293,,,7,77,78,88,2026-06-21T10:12:29.730527+00:00,2026-06-21T10:11:37.785726+00:00,1,293,2026-06-21T10:11:37.785726+00:00,7,78,78,1,true,false,7,78,78,1,true,false,7,78,78,1,true,false,7,78,78,1,true,false
B,houston,2026-06-21,20260621T062034-0400,2026-06-21T10:20:34.193486+00:00,05:20:33.973343,320,pre_dawn,F,M3_rows_dropped,timestamp_set_changed,293,,,7,77,78,88,2026-06-21T10:20:34.193486+00:00,2026-06-21T10:19:41.789502+00:00,1,293,2026-06-21T10:19:41.789502+00:00,7,78,78,1,true,false,7,78,78,1,true,false,7,78,78,1,true,false,7,78,78,1,true,false
B,houston,2026-06-21,20260621T062422-0400,2026-06-21T10:24:22.554457+00:00,05:24:22.339363,324,pre_dawn,F,M3_rows_dropped,timestamp_set_changed,293,,,7,77,78,88,2026-06-21T10:24:22.554457+00:00,2026-06-21T10:23:22.945033+00:00,1,293,2026-06-21T10:23:22.945033+00:00,7,78,78,1,true,false,7,78,78,1,true,false,7,78,78,1,true,false,7,78,78,1,true,false
B,houston,2026-06-21,20260621T063123-0400,2026-06-21T10:31:23.293286+00:00,05:31:23.030238,331,pre_dawn,F,M3_rows_dropped,timestamp_set_changed,293,,,7,77,78,88,2026-06-21T10:31:23.293286+00:00,2026-06-21T10:30:45.957228+00:00,1,293,2026-06-21T10:30:45.957228+00:00,7,78,78,1,true,false,7,78,78,1,true,false,7,78,78,1,true,false,7,78,78,1,true,false
B,houston,2026-06-21,20260621T131737-0400,2026-06-21T17:17:37.102948+00:00,12:17:36.740039,737,settlement_window,F,M5_cutoff_change,timestamp_set_changed,713,,,11,78,81,88,2026-06-21T17:17:37.102948+00:00,2026-06-21T17:16:43.548529+00:00,1,713,2026-06-21T17:16:43.548529+00:00,11,78,78,0,true,false,11,78,78,0,true,false,11,78,81,0,false,false,11,78,78,0,true,false
B,houston,2026-06-21,20260621T131937-0400,2026-06-21T17:19:37.825459+00:00,12:19:37.438366,739,settlement_window,F,M5_cutoff_change,timestamp_set_changed,713,,,11,78,81,88,2026-06-21T17:19:37.825459+00:00,2026-06-21T17:18:42.704064+00:00,1,713,2026-06-21T17:18:42.704064+00:00,11,78,78,0,true,false,11,78,78,0,true,false,11,78,81,0,false,false,11,78,78,0,true,false
B,houston,2026-06-21,20260621T132435-0400,2026-06-21T17:24:35.663432+00:00,12:24:35.074379,744,settlement_window,F,M5_cutoff_change,timestamp_set_changed,713,,,11,78,81,88,2026-06-21T17:24:35.663432+00:00,2026-06-21T17:23:34.333957+00:00,1,713,2026-06-21T17:23:34.333957+00:00,11,78,78,0,true,false,11,78,78,0,true,false,11,78,81,0,false,false,11,78,78,0,true,false
B,houston,2026-06-21,20260621T151551-0400,2026-06-21T19:15:51.830716+00:00,14:15:51.362534,855,peak_heating_window,F,M5_cutoff_change,timestamp_set_changed,833,,,13,87,88,88,2026-06-21T19:15:51.830716+00:00,2026-06-21T19:13:54.180978+00:00,1,833,2026-06-21T19:13:54.180978+00:00,13,87,87,0,true,false,13,87,87,0,true,false,13,87,88,0,false,false,13,87,87,0,true,false
B,houston,2026-06-21,20260621T153739-0400,2026-06-21T19:37:39.003374+00:00,14:37:38.569556,877,peak_heating_window,F,M5_cutoff_change,timestamp_set_changed,833,,,13,87,88,88,2026-06-21T19:37:39.003374+00:00,2026-06-21T19:35:50.194738+00:00,1,833,2026-06-21T19:35:50.194738+00:00,13,87,87,0,true,false,13,87,87,0,true,false,13,87,88,0,false,false,13,87,87,0,true,false
B,houston,2026-06-22,20260622T050527-0400,2026-06-22T09:05:27.275452+00:00,04:05:27.048597,245,pre_dawn,F,M3_rows_dropped,timestamp_set_changed,233,,,7,81,82,92,2026-06-22T09:05:27.275452+00:00,2026-06-22T09:03:26.865812+00:00,1,233,2026-06-22T09:03:26.865812+00:00,7,82,82,1,true,false,7,82,82,1,true,false,7,82,82,1,true,false,7,82,82,1,true,false
B,houston,2026-06-22,20260622T051023-0400,2026-06-22T09:10:23.853183+00:00,04:10:23.644999,250,pre_dawn,F,M3_rows_dropped,timestamp_set_changed,233,,,7,81,82,92,2026-06-22T09:10:23.853183+00:00,2026-06-22T09:09:36.799391+00:00,1,233,2026-06-22T09:09:36.799391+00:00,7,82,82,1,true,false,7,82,82,1,true,false,7,82,82,1,true,false,7,82,82,1,true,false
B,houston,2026-06-22,20260622T052122-0400,2026-06-22T09:21:22.848382+00:00,04:21:22.653895,261,pre_dawn,F,M3_rows_dropped,timestamp_set_changed,233,,,7,81,82,92,2026-06-22T09:21:22.848382+00:00,2026-06-22T09:20:22.075565+00:00,1,233,2026-06-22T09:20:22.075565+00:00,7,82,82,1,true,false,7,82,82,1,true,false,7,82,82,1,true,false,7,82,82,1,true,false
B,houston,2026-06-22,20260622T053132-0400,2026-06-22T09:31:32.212128+00:00,04:31:32.059407,271,pre_dawn,F,M3_rows_dropped,timestamp_set_changed,233,,,7,81,82,92,2026-06-22T09:31:32.212128+00:00,2026-06-22T09:30:36.340460+00:00,1,233,2026-06-22T09:30:36.340460+00:00,7,82,82,1,true,false,7,82,82,1,true,false,7,82,82,1,true,false,7,82,82,1,true,false
B,houston,2026-06-22,20260622T053334-0400,2026-06-22T09:33:34.636247+00:00,04:33:34.410241,273,pre_dawn,F,M3_rows_dropped,timestamp_set_changed,233,,,7,81,82,92,2026-06-22T09:33:34.636247+00:00,2026-06-22T09:32:24.049947+00:00,1,233,2026-06-22T09:32:24.049947+00:00,7,82,82,1,true,false,7,82,82,1,true,false,7,82,82,1,true,false,7,82,82,1,true,false
B,houston,2026-06-22,20260622T053922-0400,2026-06-22T09:39:22.652115+00:00,04:39:22.441633,279,pre_dawn,F,M3_rows_dropped,timestamp_set_changed,233,,,7,81,82,92,2026-06-22T09:39:22.652115+00:00,2026-06-22T09:38:24.196788+00:00,1,233,2026-06-22T09:38:24.196788+00:00,7,82,82,1,true,false,7,82,82,1,true,false,7,82,82,1,true,false,7,82,82,1,true,false
B,houston,2026-06-22,20260622T090432-0400,2026-06-22T13:04:32.220162+00:00,08:04:31.776993,484,other,F,M5_cutoff_change,timestamp_set_changed,447|473,,,7,82,83,92,2026-06-22T13:04:32.220162+00:00,2026-06-22T13:03:37.742935+00:00,2,447|473,2026-06-22T13:03:37.742935+00:00,7,82,82,0,true,false,7,82,82,0,true,false,7,82,83,0,false,false,7,82,82,0,true,false
B,houston,2026-06-22,20260622T100538-0400,2026-06-22T14:05:38.628043+00:00,09:05:38.191490,545,other,F,M5_cutoff_change,timestamp_set_changed,533,,,8,83,86,92,2026-06-22T14:05:38.628043+00:00,2026-06-22T14:03:33.924678+00:00,1,533,2026-06-22T14:03:33.924678+00:00,8,83,83,0,true,false,8,83,83,0,true,false,8,83,86,0,false,false,8,83,83,0,true,false
B,houston,2026-06-22,20260622T100731-0400,2026-06-22T14:07:31.644114+00:00,09:07:31.319993,547,other,F,M5_cutoff_change,timestamp_set_changed,533,,,8,83,86,92,2026-06-22T14:07:31.644114+00:00,2026-06-22T14:06:33.676538+00:00,1,533,2026-06-22T14:06:33.676538+00:00,8,83,83,0,true,false,8,83,83,0,true,false,8,83,86,0,false,false,8,83,83,0,true,false
B,houston,2026-06-22,20260622T102236-0400,2026-06-22T14:22:36.640581+00:00,09:22:36.233380,562,other,F,M5_cutoff_change,timestamp_set_changed,533,,,8,83,86,92,2026-06-22T14:22:36.640581+00:00,2026-06-22T14:20:49.672651+00:00,1,533,2026-06-22T14:20:49.672651+00:00,8,83,83,0,true,false,8,83,83,0,true,false,8,83,86,0,false,false,8,83,83,0,true,false
B,houston,2026-06-22,20260622T102827-0400,2026-06-22T14:28:27.339917+00:00,09:28:26.968535,568,other,F,M5_cutoff_change,timestamp_set_changed,533,,,8,83,86,92,2026-06-22T14:28:27.339917+00:00,2026-06-22T14:26:30.081839+00:00,1,533,2026-06-22T14:26:30.081839+00:00,8,83,83,0,true,false,8,83,83,0,true,false,8,83,86,0,false,false,8,83,83,0,true,false
B,houston,2026-06-22,20260622T122239-0400,2026-06-22T16:22:39.187711+00:00,11:22:38.235787,682,other,F,M5_cutoff_change,timestamp_set_changed,653,,,10,87,89,92,2026-06-22T16:22:39.187711+00:00,2026-06-22T16:17:39.578431+00:00,1,653,2026-06-22T16:17:39.578431+00:00,10,87,87,0,true,false,10,87,87,0,true,false,10,87,89,0,false,false,10,87,87,0,true,false
B,houston,2026-06-22,20260622T122631-0400,2026-06-22T16:26:31.762496+00:00,11:26:31.309679,686,other,F,M5_cutoff_change,timestamp_set_changed,653,,,10,87,89,92,2026-06-22T16:26:31.762496+00:00,2026-06-22T16:25:34.748539+00:00,1,653,2026-06-22T16:25:34.748539+00:00,10,87,87,0,true,false,10,87,87,0,true,false,10,87,89,0,false,false,10,87,87,0,true,false
B,houston,2026-06-22,20260622T123241-0400,2026-06-22T16:32:41.159523+00:00,11:32:40.673824,692,other,F,M5_cutoff_change,timestamp_set_changed,653,,,10,87,89,92,2026-06-22T16:32:41.159523+00:00,2026-06-22T16:31:42.526724+00:00,1,653,2026-06-22T16:31:42.526724+00:00,10,87,87,0,true,false,10,87,87,0,true,false,10,87,89,0,false,false,10,87,87,0,true,false
B,houston,2026-06-22,20260622T123437-0400,2026-06-22T16:34:37.302527+00:00,11:34:36.855011,694,other,F,M5_cutoff_change,timestamp_set_changed,653,,,10,87,89,92,2026-06-22T16:34:37.302527+00:00,2026-06-22T16:33:35.954929+00:00,1,653,2026-06-22T16:33:35.954929+00:00,10,87,87,0,true,false,10,87,87,0,true,false,10,87,89,0,false,false,10,87,87,0,true,false
B,houston,2026-06-22,20260622T123852-0400,2026-06-22T16:38:52.213497+00:00,11:38:50.828925,698,other,F,M5_cutoff_change,timestamp_set_changed,653,,,10,87,89,92,2026-06-22T16:38:52.213497+00:00,2026-06-22T16:36:44.294881+00:00,1,653,2026-06-22T16:36:44.294881+00:00,10,87,87,0,true,false,10,87,87,0,true,false,10,87,89,0,false,false,10,87,87,0,true,false
B,houston,2026-06-22,20260622T125121-0400,2026-06-22T16:51:21.506337+00:00,11:51:20.841703,711,other,F,M5_cutoff_change,timestamp_set_changed,653,,,10,87,89,92,2026-06-22T16:51:21.506337+00:00,2026-06-22T16:49:25.997797+00:00,1,653,2026-06-22T16:49:25.997797+00:00,10,87,87,0,true,false,10,87,87,0,true,false,10,87,89,0,false,false,10,87,87,0,true,false
B,houston,2026-06-22,20260622T130831-0400,2026-06-22T17:08:31.938713+00:00,12:08:31.545235,728,settlement_window,F,M5_cutoff_change,timestamp_set_changed,713,,,11,89,91,92,2026-06-22T17:08:31.938713+00:00,2026-06-22T17:07:40.943065+00:00,1,713,2026-06-22T17:07:40.943065+00:00,11,89,89,0,true,false,11,89,89,0,true,false,11,89,91,0,false,false,11,89,89,0,true,false
B,houston,2026-06-22,20260622T131526-0400,2026-06-22T17:15:26.585316+00:00,12:15:26.150755,735,settlement_window,F,M5_cutoff_change,timestamp_set_changed,713,,,11,89,91,92,2026-06-22T17:15:26.585316+00:00,2026-06-22T17:13:30.571387+00:00,1,713,2026-06-22T17:13:30.571387+00:00,11,89,89,0,true,false,11,89,89,0,true,false,11,89,91,0,false,false,11,89,89,0,true,false
B,houston,2026-06-26,20260626T134547-0400,2026-06-26T17:45:47.899768+00:00,12:45:47.430363,765,settlement_window,F,M5_cutoff_change,timestamp_set_changed,713,,,11,88,91,92,2026-06-26T17:45:47.899768+00:00,2026-06-26T17:44:04.676353+00:00,1,713,2026-06-26T17:44:04.676353+00:00,11,88,88,0,true,false,11,88,88,0,true,false,11,88,91,0,false,false,11,88,88,0,true,false
B,los-angeles,2026-06-09,20260609T143649-0400,2026-06-09T18:36:49.780261+00:00,11:36:49.695892,696,other,F,M3_rows_dropped,timestamp_set_changed,653,,,11,70,71,72,2026-06-09T18:36:49.780261+00:00,2026-06-09T18:26:36.291291+00:00,0,,,11,71,71,1,true,false,11,71,71,1,true,false,11,71,71,1,true,false,11,70,71,0,false,false
B,los-angeles,2026-06-13,20260613T113214-0400,2026-06-13T15:32:14.385103+00:00,08:32:13.876399,512,other,F,M5_cutoff_change,timestamp_set_changed,490,,,7,64,66,72,2026-06-13T15:32:14.385103+00:00,2026-06-13T15:21:52.475981+00:00,1,490,2026-06-13T15:21:52.475981+00:00,8,66,66,2,true,false,8,66,66,2,true,false,8,66,66,2,true,false,8,66,66,2,true,false
B,los-angeles,2026-06-13,20260613T115310-0400,2026-06-13T15:53:10.101476+00:00,08:53:09.541921,533,other,F,M5_cutoff_change,timestamp_set_changed,490,,,7,64,66,72,2026-06-13T15:53:10.101476+00:00,2026-06-13T15:42:40.124765+00:00,1,490,2026-06-13T15:42:40.124765+00:00,8,66,66,2,true,false,8,66,66,2,true,false,8,66,66,2,true,false,8,66,66,2,true,false
B,los-angeles,2026-06-14,20260614T101008-0400,2026-06-14T14:10:08.873068+00:00,07:10:08.845926,430,other,F,M3_rows_dropped,timestamp_set_changed,413,,,7,62,64,71,2026-06-14T14:10:08.873068+00:00,2026-06-14T14:09:11.406350+00:00,1,413,2026-06-14T14:09:11.406350+00:00,7,64,64,2,true,false,7,64,64,2,true,false,7,64,64,2,true,false,7,64,64,2,true,false
B,los-angeles,2026-06-14,20260614T101306-0400,2026-06-14T14:13:06.617166+00:00,07:13:06.590168,433,other,F,M3_rows_dropped,timestamp_set_changed,413,,,7,62,64,71,2026-06-14T14:13:06.617166+00:00,2026-06-14T14:11:06.360232+00:00,1,413,2026-06-14T14:11:06.360232+00:00,7,64,64,2,true,false,7,64,64,2,true,false,7,64,64,2,true,false,7,64,64,2,true,false
B,los-angeles,2026-06-19,20260619T140344-0400,2026-06-19T18:03:44.325961+00:00,11:03:43.686749,663,other,F,M5_cutoff_change,timestamp_set_changed,593|613|653,,,7,63,67,70,2026-06-19T18:03:44.325961+00:00,2026-06-19T18:01:52.228950+00:00,3,593|613|653,2026-06-19T18:01:52.228950+00:00,10,65,65,2,true,false,10,65,65,2,true,false,10,65,67,2,false,false,10,65,65,2,true,false
B,los-angeles,2026-06-19,20260619T152043-0400,2026-06-19T19:20:43.150433+00:00,12:20:42.706911,740,settlement_window,F,M5_cutoff_change,timestamp_set_changed,713,,,11,67,70,70,2026-06-19T19:20:43.150433+00:00,2026-06-19T19:19:47.666410+00:00,1,713,2026-06-19T19:19:47.666410+00:00,11,67,67,0,true,false,11,67,67,0,true,false,11,67,70,0,false,false,11,67,67,0,true,false
B,los-angeles,2026-06-19,20260619T153546-0400,2026-06-19T19:35:46.528576+00:00,12:35:44.340618,755,settlement_window,F,M5_cutoff_change,timestamp_set_changed,713,,,11,67,70,70,2026-06-19T19:35:46.528576+00:00,2026-06-19T19:28:32.436940+00:00,1,713,2026-06-19T19:28:32.436940+00:00,11,67,67,0,true,false,11,67,67,0,true,false,11,67,70,0,false,false,11,67,67,0,true,false
B,los-angeles,2026-06-19,20260619T155153-0400,2026-06-19T19:51:53.927087+00:00,12:51:53.549025,771,settlement_window,F,M5_cutoff_change,timestamp_set_changed,713,,,11,67,70,70,2026-06-19T19:51:53.927087+00:00,2026-06-19T19:50:54.068048+00:00,1,713,2026-06-19T19:50:54.068048+00:00,11,67,67,0,true,false,11,67,67,0,true,false,11,67,70,0,false,false,11,67,67,0,true,false
B,los-angeles,2026-06-20,20260620T111138-0400,2026-06-20T15:11:38.220286+00:00,08:11:37.855068,491,other,F,M5_cutoff_change,timestamp_set_changed,461|473,,,7,61,63,70,2026-06-20T15:11:38.220286+00:00,2026-06-20T15:10:34.920761+00:00,2,461|473,2026-06-20T15:10:34.920761+00:00,7,61,61,0,true,false,7,61,61,0,true,false,7,61,63,0,false,false,7,61,61,0,true,false
B,los-angeles,2026-06-20,20260620T111628-0400,2026-06-20T15:16:28.522232+00:00,08:16:28.161556,496,other,F,M5_cutoff_change,timestamp_set_changed,461|473,,,7,61,63,70,2026-06-20T15:16:28.522232+00:00,2026-06-20T15:16:26.701831+00:00,2,461|473,2026-06-20T15:16:26.701831+00:00,7,61,61,0,true,false,7,61,61,0,true,false,7,61,63,0,false,false,7,61,61,0,true,false
B,los-angeles,2026-06-20,20260620T130445-0400,2026-06-20T17:04:45.244577+00:00,10:04:44.630557,604,other,F,M5_cutoff_change,timestamp_set_changed,593,,,9,65,66,70,2026-06-20T17:04:45.244577+00:00,2026-06-20T17:03:35.984654+00:00,1,593,2026-06-20T17:03:35.984654+00:00,9,65,65,0,true,false,9,65,65,0,true,false,9,65,66,0,false,false,9,65,65,0,true,false
B,los-angeles,2026-06-20,20260620T130626-0400,2026-06-20T17:06:26.324644+00:00,10:06:25.732886,606,other,F,M5_cutoff_change,timestamp_set_changed,593,,,9,65,66,70,2026-06-20T17:06:26.324644+00:00,2026-06-20T17:05:24.205098+00:00,1,593,2026-06-20T17:05:24.205098+00:00,9,65,65,0,true,false,9,65,65,0,true,false,9,65,66,0,false,false,9,65,65,0,true,false
B,los-angeles,2026-06-20,20260620T161503-0400,2026-06-20T20:15:03.370006+00:00,13:15:02.401004,795,settlement_window,F,M5_cutoff_change,timestamp_set_changed,773,,,12,68,69,70,2026-06-20T20:15:03.370006+00:00,2026-06-20T20:13:53.284744+00:00,1,773,2026-06-20T20:13:53.284744+00:00,12,68,68,0,true,false,12,68,68,0,true,false,12,68,69,0,false,false,12,68,68,0,true,false
B,los-angeles,2026-06-20,20260620T161945-0400,2026-06-20T20:19:45.992095+00:00,13:19:45.138157,799,settlement_window,F,M5_cutoff_change,timestamp_set_changed,773,,,12,68,69,70,2026-06-20T20:19:45.992095+00:00,2026-06-20T20:15:58.363357+00:00,1,773,2026-06-20T20:15:58.363357+00:00,12,68,68,0,true,false,12,68,68,0,true,false,12,68,69,0,false,false,12,68,68,0,true,false
B,los-angeles,2026-06-20,20260620T163537-0400,2026-06-20T20:35:37.157368+00:00,13:35:36.572869,815,settlement_window,F,M5_cutoff_change,timestamp_set_changed,773,,,12,68,69,70,2026-06-20T20:35:37.157368+00:00,2026-06-20T20:34:36.040158+00:00,1,773,2026-06-20T20:34:36.040158+00:00,12,68,68,0,true,false,12,68,68,0,true,false,12,68,69,0,false,false,12,68,68,0,true,false
B,los-angeles,2026-06-20,20260620T163938-0400,2026-06-20T20:39:38.462973+00:00,13:39:37.828980,819,settlement_window,F,M5_cutoff_change,timestamp_set_changed,773,,,12,68,69,70,2026-06-20T20:39:38.462973+00:00,2026-06-20T20:38:48.328769+00:00,1,773,2026-06-20T20:38:48.328769+00:00,12,68,68,0,true,false,12,68,68,0,true,false,12,68,69,0,false,false,12,68,68,0,true,false
B,los-angeles,2026-06-20,20260620T164331-0400,2026-06-20T20:43:31.690598+00:00,13:43:31.003494,823,settlement_window,F,M5_cutoff_change,timestamp_set_changed,773,,,12,68,69,70,2026-06-20T20:43:31.690598+00:00,2026-06-20T20:42:34.099045+00:00,1,773,2026-06-20T20:42:34.099045+00:00,12,68,68,0,true,false,12,68,68,0,true,false,12,68,69,0,false,false,12,68,68,0,true,false
B,los-angeles,2026-06-20,20260620T164539-0400,2026-06-20T20:45:39.075180+00:00,13:45:38.396886,825,settlement_window,F,M5_cutoff_change,timestamp_set_changed,773,,,12,68,69,70,2026-06-20T20:45:39.075180+00:00,2026-06-20T20:44:41.933837+00:00,1,773,2026-06-20T20:44:41.933837+00:00,12,68,68,0,true,false,12,68,68,0,true,false,12,68,69,0,false,false,12,68,68,0,true,false
B,los-angeles,2026-06-20,20260620T170242-0400,2026-06-20T21:02:42.940481+00:00,14:02:42.141736,842,peak_heating_window,F,M5_cutoff_change,timestamp_set_changed,833,,,13,69,70,70,2026-06-20T21:02:42.940481+00:00,2026-06-20T21:01:38.922098+00:00,1,833,2026-06-20T21:01:38.922098+00:00,13,69,69,0,true,false,13,69,69,0,true,false,13,69,70,0,false,false,13,69,69,0,true,false
B,los-angeles,2026-06-20,20260620T170539-0400,2026-06-20T21:05:39.990167+00:00,14:05:39.185129,845,peak_heating_window,F,M5_cutoff_change,timestamp_set_changed,833,,,13,69,70,70,2026-06-20T21:05:39.990167+00:00,2026-06-20T21:04:46.673671+00:00,1,833,2026-06-20T21:04:46.673671+00:00,13,69,69,0,true,false,13,69,69,0,true,false,13,69,70,0,false,false,13,69,69,0,true,false
B,los-angeles,2026-06-20,20260620T170841-0400,2026-06-20T21:08:41.044191+00:00,14:08:40.461746,848,peak_heating_window,F,M5_cutoff_change,timestamp_set_changed,833,,,13,69,70,70,2026-06-20T21:08:41.044191+00:00,2026-06-20T21:07:43.197472+00:00,1,833,2026-06-20T21:07:43.197472+00:00,13,69,69,0,true,false,13,69,69,0,true,false,13,69,70,0,false,false,13,69,69,0,true,false
B,los-angeles,2026-06-20,20260620T171231-0400,2026-06-20T21:12:31.233341+00:00,14:12:30.697972,852,peak_heating_window,F,M5_cutoff_change,timestamp_set_changed,833,,,13,69,70,70,2026-06-20T21:12:31.233341+00:00,2026-06-20T21:10:52.327265+00:00,1,833,2026-06-20T21:10:52.327265+00:00,13,69,69,0,true,false,13,69,69,0,true,false,13,69,70,0,false,false,13,69,69,0,true,false
B,los-angeles,2026-06-20,20260620T171945-0400,2026-06-20T21:19:45.776502+00:00,14:19:45.225003,859,peak_heating_window,F,M5_cutoff_change,timestamp_set_changed,833,,,13,69,70,70,2026-06-20T21:19:45.776502+00:00,2026-06-20T21:17:57.781200+00:00,1,833,2026-06-20T21:17:57.781200+00:00,13,69,69,0,true,false,13,69,69,0,true,false,13,69,70,0,false,false,13,69,69,0,true,false
B,los-angeles,2026-06-20,20260620T173308-0400,2026-06-20T21:33:08.113481+00:00,14:33:07.584130,873,peak_heating_window,F,M5_cutoff_change,timestamp_set_changed,833,,,13,69,70,70,2026-06-20T21:33:08.113481+00:00,2026-06-20T21:32:04.174920+00:00,1,833,2026-06-20T21:32:04.174920+00:00,13,69,69,0,true,false,13,69,69,0,true,false,13,69,70,0,false,false,13,69,69,0,true,false
B,los-angeles,2026-06-20,20260620T173710-0400,2026-06-20T21:37:10.837553+00:00,14:37:10.151837,877,peak_heating_window,F,M5_cutoff_change,timestamp_set_changed,833,,,13,69,70,70,2026-06-20T21:37:10.837553+00:00,2026-06-20T21:36:07.276702+00:00,1,833,2026-06-20T21:36:07.276702+00:00,13,69,69,0,true,false,13,69,69,0,true,false,13,69,70,0,false,false,13,69,69,0,true,false
B,los-angeles,2026-06-20,20260620T173920-0400,2026-06-20T21:39:20.848691+00:00,14:39:20.447027,879,peak_heating_window,F,M5_cutoff_change,timestamp_set_changed,833,,,13,69,70,70,2026-06-20T21:39:20.848691+00:00,2026-06-20T21:38:15.422030+00:00,1,833,2026-06-20T21:38:15.422030+00:00,13,69,69,0,true,false,13,69,69,0,true,false,13,69,70,0,false,false,13,69,69,0,true,false
B,los-angeles,2026-06-21,20260621T110426-0400,2026-06-21T15:04:26.229272+00:00,08:04:25.465756,484,other,F,M5_cutoff_change,timestamp_set_changed,443|460|473,,,7,62,64,70,2026-06-21T15:04:26.229272+00:00,2026-06-21T15:03:00.131678+00:00,3,443|460|473,2026-06-21T15:03:00.131678+00:00,7,62,62,0,true,false,7,62,62,0,true,false,7,62,64,0,false,false,7,62,62,0,true,false
B,los-angeles,2026-06-21,20260621T110640-0400,2026-06-21T15:06:40.446341+00:00,08:06:39.509123,486,other,F,M5_cutoff_change,timestamp_set_changed,443|460|473,,,7,62,64,70,2026-06-21T15:06:40.446341+00:00,2026-06-21T15:05:50.313280+00:00,3,443|460|473,2026-06-21T15:05:50.313280+00:00,7,62,62,0,true,false,7,62,62,0,true,false,7,62,64,0,false,false,7,62,62,0,true,false
B,los-angeles,2026-06-21,20260621T111432-0400,2026-06-21T15:14:32.760917+00:00,08:14:32.048194,494,other,F,M5_cutoff_change,timestamp_set_changed,443|460|473,,,7,62,64,70,2026-06-21T15:14:32.760917+00:00,2026-06-21T15:13:45.902763+00:00,3,443|460|473,2026-06-21T15:13:45.902763+00:00,7,62,62,0,true,false,7,62,62,0,true,false,7,62,64,0,false,false,7,62,62,0,true,false
B,los-angeles,2026-06-21,20260621T144429-0400,2026-06-21T18:44:29.196651+00:00,11:44:28.847499,704,other,F,M5_cutoff_change,timestamp_set_changed,653,,,10,66,67,70,2026-06-21T18:44:29.196651+00:00,2026-06-21T18:43:28.633838+00:00,1,653,2026-06-21T18:43:28.633838+00:00,10,66,66,0,true,false,10,66,66,0,true,false,10,66,67,0,false,false,10,66,66,0,true,false
B,los-angeles,2026-06-21,20260621T151555-0400,2026-06-21T19:15:55.396588+00:00,12:15:55.040627,735,settlement_window,F,M5_cutoff_change,timestamp_set_changed,713,,,11,67,69,70,2026-06-21T19:15:55.396588+00:00,2026-06-21T19:13:58.442428+00:00,1,713,2026-06-21T19:13:58.442428+00:00,11,67,67,0,true,false,11,67,67,0,true,false,11,67,69,0,false,false,11,67,67,0,true,false
B,los-angeles,2026-06-21,20260621T153742-0400,2026-06-21T19:37:42.784295+00:00,12:37:42.288115,757,settlement_window,F,M5_cutoff_change,timestamp_set_changed,713,,,11,67,69,70,2026-06-21T19:37:42.784295+00:00,2026-06-21T19:35:55.051767+00:00,1,713,2026-06-21T19:35:55.051767+00:00,11,67,67,0,true,false,11,67,67,0,true,false,11,67,69,0,false,false,11,67,67,0,true,false
B,los-angeles,2026-06-21,20260621T154531-0400,2026-06-21T19:45:31.756706+00:00,12:45:31.363220,765,settlement_window,F,M5_cutoff_change,timestamp_set_changed,713,,,11,67,69,70,2026-06-21T19:45:31.756706+00:00,2026-06-21T19:40:52.998160+00:00,1,713,2026-06-21T19:40:52.998160+00:00,11,67,67,0,true,false,11,67,67,0,true,false,11,67,69,0,false,false,11,67,67,0,true,false
B,los-angeles,2026-06-21,20260621T160241-0400,2026-06-21T20:02:41.982278+00:00,13:02:41.528032,782,settlement_window,F,M5_cutoff_change,timestamp_set_changed,773,,,12,69,70,70,2026-06-21T20:02:41.982278+00:00,2026-06-21T20:01:47.741971+00:00,1,773,2026-06-21T20:01:47.741971+00:00,12,69,69,0,true,false,12,69,69,0,true,false,12,69,70,0,false,false,12,69,69,0,true,false
B,los-angeles,2026-06-21,20260621T161545-0400,2026-06-21T20:15:45.937690+00:00,13:15:45.562988,795,settlement_window,F,M5_cutoff_change,timestamp_set_changed,773,,,12,69,70,70,2026-06-21T20:15:45.937690+00:00,2026-06-21T20:12:05.874622+00:00,1,773,2026-06-21T20:12:05.874622+00:00,12,69,69,0,true,false,12,69,69,0,true,false,12,69,70,0,false,false,12,69,69,0,true,false
B,los-angeles,2026-06-21,20260621T161938-0400,2026-06-21T20:19:38.994039+00:00,13:19:38.658904,799,settlement_window,F,M5_cutoff_change,timestamp_set_changed,773,,,12,69,70,70,2026-06-21T20:19:38.994039+00:00,2026-06-21T20:18:48.950587+00:00,1,773,2026-06-21T20:18:48.950587+00:00,12,69,69,0,true,false,12,69,69,0,true,false,12,69,70,0,false,false,12,69,69,0,true,false
B,los-angeles,2026-06-21,20260621T162924-0400,2026-06-21T20:29:24.308914+00:00,13:29:23.630361,809,settlement_window,F,M5_cutoff_change,timestamp_set_changed,773,,,12,69,70,70,2026-06-21T20:29:24.308914+00:00,2026-06-21T20:28:30.563715+00:00,1,773,2026-06-21T20:28:30.563715+00:00,12,69,69,0,true,false,12,69,69,0,true,false,12,69,70,0,false,false,12,69,69,0,true,false
B,los-angeles,2026-06-21,20260621T163832-0400,2026-06-21T20:38:32.187088+00:00,13:38:31.746047,818,settlement_window,F,M5_cutoff_change,timestamp_set_changed,773,,,12,69,70,70,2026-06-21T20:38:32.187088+00:00,2026-06-21T20:36:33.617400+00:00,1,773,2026-06-21T20:36:33.617400+00:00,12,69,69,0,true,false,12,69,69,0,true,false,12,69,70,0,false,false,12,69,69,0,true,false
B,los-angeles,2026-06-21,20260621T164335-0400,2026-06-21T20:43:35.573441+00:00,13:43:35.136844,823,settlement_window,F,M5_cutoff_change,timestamp_set_changed,773,,,12,69,70,70,2026-06-21T20:43:35.573441+00:00,2026-06-21T20:42:38.657028+00:00,1,773,2026-06-21T20:42:38.657028+00:00,12,69,69,0,true,false,12,69,69,0,true,false,12,69,70,0,false,false,12,69,69,0,true,false
B,los-angeles,2026-06-22,20260622T033023-0400,2026-06-22T07:30:23.128740+00:00,00:30:22.545556,30,pre_dawn,F,M2_empty_history,no_valid_row_change,,,,7,61,62,71,2026-06-22T07:30:23.128740+00:00,2026-06-22T07:20:42.221868+00:00,0,,,7,61,62,0,false,false,7,61,62,0,false,false,7,61,62,0,false,false,7,61,62,0,false,false
B,los-angeles,2026-06-22,20260622T072045-0400,2026-06-22T11:20:45.534921+00:00,04:20:45.267041,260,pre_dawn,F,M3_rows_dropped,timestamp_set_changed,230|233,,,7,62,63,71,2026-06-22T11:20:45.534921+00:00,2026-06-22T11:17:29.233366+00:00,2,230|233,2026-06-22T11:17:29.233366+00:00,7,63,63,1,true,false,7,63,63,1,true,false,7,63,63,1,true,false,7,63,63,1,true,false
B,los-angeles,2026-06-22,20260622T111132-0400,2026-06-22T15:11:32.296298+00:00,08:11:31.490062,491,other,F,M5_cutoff_change,timestamp_set_changed,473,,,7,63,64,71,2026-06-22T15:11:32.296298+00:00,2026-06-22T15:10:39.185432+00:00,1,473,2026-06-22T15:10:39.185432+00:00,7,63,63,0,true,false,7,63,63,0,true,false,7,63,64,0,false,false,7,63,63,0,true,false
B,los-angeles,2026-06-22,20260622T121046-0400,2026-06-22T16:10:46.005335+00:00,09:10:44.772649,550,other,F,M5_cutoff_change,timestamp_set_changed,533,,,8,64,65,71,2026-06-22T16:10:46.005335+00:00,2026-06-22T16:02:47.874766+00:00,1,533,2026-06-22T16:02:47.874766+00:00,8,64,64,0,true,false,8,64,64,0,true,false,8,64,65,0,false,false,8,64,64,0,true,false
B,los-angeles,2026-06-22,20260622T122242-0400,2026-06-22T16:22:42.762937+00:00,09:22:41.632684,562,other,F,M5_cutoff_change,timestamp_set_changed,533,,,8,64,65,71,2026-06-22T16:22:42.762937+00:00,2026-06-22T16:17:43.094752+00:00,1,533,2026-06-22T16:17:43.094752+00:00,8,64,64,0,true,false,8,64,64,0,true,false,8,64,65,0,false,false,8,64,64,0,true,false
B,los-angeles,2026-06-22,20260622T122636-0400,2026-06-22T16:26:36.586195+00:00,09:26:35.840373,566,other,F,M5_cutoff_change,timestamp_set_changed,533,,,8,64,65,71,2026-06-22T16:26:36.586195+00:00,2026-06-22T16:25:39.069658+00:00,1,533,2026-06-22T16:25:39.069658+00:00,8,64,64,0,true,false,8,64,64,0,true,false,8,64,65,0,false,false,8,64,64,0,true,false
B,los-angeles,2026-06-22,20260622T123440-0400,2026-06-22T16:34:40.472750+00:00,09:34:40.046729,574,other,F,M5_cutoff_change,timestamp_set_changed,533,,,8,64,65,71,2026-06-22T16:34:40.472750+00:00,2026-06-22T16:33:38.960423+00:00,1,533,2026-06-22T16:33:38.960423+00:00,8,64,64,0,true,false,8,64,64,0,true,false,8,64,65,0,false,false,8,64,64,0,true,false
B,los-angeles,2026-06-22,20260622T131140-0400,2026-06-22T17:11:40.723183+00:00,10:11:39.645172,611,other,F,M5_cutoff_change,timestamp_set_changed,593,,,9,65,69,71,2026-06-22T17:11:40.723183+00:00,2026-06-22T17:04:43.009134+00:00,1,593,2026-06-22T17:04:43.009134+00:00,9,65,65,0,true,false,9,65,65,0,true,false,9,65,69,0,false,false,9,65,65,0,true,false
B,los-angeles,2026-06-22,20260622T131529-0400,2026-06-22T17:15:29.555750+00:00,10:15:28.972507,615,other,F,M5_cutoff_change,timestamp_set_changed,593,,,9,65,69,71,2026-06-22T17:15:29.555750+00:00,2026-06-22T17:13:33.345080+00:00,1,593,2026-06-22T17:13:33.345080+00:00,9,65,65,0,true,false,9,65,65,0,true,false,9,65,69,0,false,false,9,65,65,0,true,false
B,los-angeles,2026-06-22,20260622T151925-0400,2026-06-22T19:19:25.477998+00:00,12:19:20.742479,739,settlement_window,F,M5_cutoff_change,timestamp_set_changed,713,,,11,69,70,71,2026-06-22T19:19:25.477998+00:00,2026-06-22T19:15:32.804534+00:00,1,713,2026-06-22T19:15:32.804534+00:00,11,69,69,0,true,false,11,69,69,0,true,false,11,69,70,0,false,false,11,69,69,0,true,false
B,los-angeles,2026-06-26,20260626T054832-0400,2026-06-26T09:48:32.483707+00:00,02:48:32.318821,168,pre_dawn,F,M3_rows_dropped,timestamp_set_changed,113|146,,,7,62,63,70,2026-06-26T09:48:32.483707+00:00,2026-06-26T09:47:30.928469+00:00,2,113|146,2026-06-26T09:47:30.928469+00:00,7,63,63,1,true,false,7,63,63,1,true,false,7,63,63,1,true,false,7,63,63,1,true,false
B,los-angeles,2026-06-26,20260626T111557-0400,2026-06-26T15:15:57.864499+00:00,08:15:57.425412,495,other,F,M5_cutoff_change,timestamp_set_changed,473|479,,,7,63,65,70,2026-06-26T15:15:57.864499+00:00,2026-06-26T15:14:21.906134+00:00,2,473|479,2026-06-26T15:14:21.906134+00:00,7,63,63,0,true,false,7,63,63,0,true,false,7,63,65,0,false,false,7,63,63,0,true,false
B,los-angeles,2026-06-26,20260626T121003-0400,2026-06-26T16:10:03.018301+00:00,09:10:02.540850,550,other,F,M5_cutoff_change,timestamp_set_changed,533,,,8,65,66,70,2026-06-26T16:10:03.018301+00:00,2026-06-26T16:08:51.588157+00:00,1,533,2026-06-26T16:08:51.588157+00:00,8,65,65,0,true,false,8,65,65,0,true,false,8,65,66,0,false,false,8,65,65,0,true,false
B,los-angeles,2026-06-26,20260627T012856-0400,2026-06-27T05:28:56.538986+00:00,22:28:55.719588,1348,other,F,M2_empty_history,timestamp_set_changed,53|103|113|146|173|233|293|353|413|473|479|533|593|625|653|713|773|833|893|953|1013|1073|1107|1133|1143|1193|1229|1253|1288,,,20,63,70,70,2026-06-27T05:28:56.538986+00:00,2026-06-27T05:18:54.067976+00:00,29,53|103|113|146|173|233|293|353|413|473|479|533|593|625|653|713|773|833|893|953|1013|1073|1107|1133|1143|1193|1229|1253|1288,2026-06-27T05:18:54.067976+00:00,20,70,70,7,true,false,20,70,70,7,true,false,20,63,70,0,false,false,20,70,70,7,true,false
B,los-angeles,2026-06-26,20260627T021924-0400,2026-06-27T06:19:24.987602+00:00,23:19:24.675967,1399,other,F,M2_empty_history,no_valid_row_change,,,,20,62,63,70,2026-06-27T06:19:24.987602+00:00,2026-06-27T05:57:28.888935+00:00,29,53|103|113|146|173|233|293|353|413|473|479|533|593|625|653|713|773|833|893|953|1013|1073|1107|1133|1143|1193|1229|1253|1288,2026-06-27T05:18:54.067976+00:00,20,70,70,8,true,false,20,70,70,8,true,false,20,62,63,0,false,false,20,70,70,8,true,false
B,miami,2026-06-07,20260607T002133-0400,2026-06-07T04:21:33.474788+00:00,00:21:33.368987,21,pre_dawn,F,M2_empty_history,no_valid_row_change,,,,9,80,81,88,2026-06-07T04:21:33.474788+00:00,2026-06-07T04:11:22.922712+00:00,0,,,7,80,81,0,false,false,7,80,81,0,false,false,9,80,81,0,false,false,7,80,81,0,false,false
B,miami,2026-06-07,20260607T010231-0400,2026-06-07T05:02:31.378521+00:00,01:02:31.296011,62,pre_dawn,F,M6_unexplained,timestamp_set_changed,,53,,9,79,80,88,2026-06-07T05:02:31.378521+00:00,2026-06-07T04:52:09.034253+00:00,0,,,7,79,80,0,false,false,7,79,80,0,false,false,9,79,80,0,false,false,7,79,80,0,false,false
B,miami,2026-06-08,20260608T002139-0400,2026-06-08T04:21:39.148051+00:00,00:21:38.778809,21,pre_dawn,F,M2_empty_history,no_valid_row_change,,,,9,80,81,90,2026-06-08T04:21:39.148051+00:00,2026-06-08T04:11:20.211507+00:00,0,,,7,80,81,0,false,false,7,80,81,0,false,false,9,80,81,0,false,false,7,80,81,0,false,false
B,miami,2026-06-13,20260613T001447-0400,2026-06-13T04:14:47.949155+00:00,00:14:47.848472,14,pre_dawn,F,M2_empty_history,no_valid_row_change,,,,7,79,80,90,2026-06-13T04:14:47.949155+00:00,2026-06-13T04:04:28.299311+00:00,0,,,7,79,80,0,false,false,7,79,80,0,false,false,7,79,80,0,false,false,7,79,80,0,false,false
B,miami,2026-06-16,20260616T004124-0400,2026-06-16T04:41:24.204495+00:00,00:41:22.561904,41,pre_dawn,F,M2_empty_history,no_valid_row_change,,,,7,81,82,94,2026-06-16T04:41:24.204495+00:00,2026-06-16T04:36:29.022375+00:00,0,,,7,81,82,0,false,false,7,81,82,0,false,false,7,81,82,0,false,false,7,81,82,0,false,false
B,miami,2026-06-16,20260616T142725-0400,2026-06-16T18:27:25.901651+00:00,14:27:25.602478,867,peak_heating_window,F,M5_cutoff_change,timestamp_set_changed,833,,,13,92,94,94,2026-06-16T18:27:25.901651+00:00,2026-06-16T18:26:27.359935+00:00,1,833,2026-06-16T18:26:27.359935+00:00,13,92,92,0,true,false,13,92,92,0,true,false,13,92,94,0,false,false,13,92,92,0,true,false
B,miami,2026-06-16,20260616T143511-0400,2026-06-16T18:35:11.454064+00:00,14:35:11.101696,875,peak_heating_window,F,M5_cutoff_change,timestamp_set_changed,833,,,13,92,94,94,2026-06-16T18:35:11.454064+00:00,2026-06-16T18:34:18.683414+00:00,1,833,2026-06-16T18:34:18.683414+00:00,13,92,92,0,true,false,13,92,92,0,true,false,13,92,94,0,false,false,13,92,92,0,true,false
B,miami,2026-06-17,20260617T090249-0400,2026-06-17T13:02:49.019846+00:00,09:02:48.648688,542,other,F,M5_cutoff_change,timestamp_set_changed,533,,,8,82,86,93,2026-06-17T13:02:49.019846+00:00,2026-06-17T13:01:36.109201+00:00,1,533,2026-06-17T13:01:36.109201+00:00,8,82,82,0,true,false,8,82,82,0,true,false,8,82,86,0,false,false,8,82,82,0,true,false
B,miami,2026-06-17,20260617T090945-0400,2026-06-17T13:09:45.034977+00:00,09:09:44.715239,549,other,F,M5_cutoff_change,timestamp_set_changed,533,,,8,82,86,93,2026-06-17T13:09:45.034977+00:00,2026-06-17T13:08:44.042271+00:00,1,533,2026-06-17T13:08:44.042271+00:00,8,82,82,0,true,false,8,82,82,0,true,false,8,82,86,0,false,false,8,82,82,0,true,false
B,miami,2026-06-17,20260617T100336-0400,2026-06-17T14:03:36.989744+00:00,10:03:36.584758,603,other,F,M5_cutoff_change,timestamp_set_changed,583|590|593,,,9,86,88,93,2026-06-17T14:03:36.989744+00:00,2026-06-17T14:02:53.342686+00:00,3,583|590|593,2026-06-17T14:02:53.342686+00:00,9,86,86,0,true,false,9,86,86,0,true,false,9,86,88,0,false,false,9,86,86,0,true,false
B,miami,2026-06-17,20260617T100539-0400,2026-06-17T14:05:39.184421+00:00,10:05:38.808010,605,other,F,M5_cutoff_change,timestamp_set_changed,583|590|593,,,9,86,88,93,2026-06-17T14:05:39.184421+00:00,2026-06-17T14:04:41.586302+00:00,3,583|590|593,2026-06-17T14:04:41.586302+00:00,9,86,86,0,true,false,9,86,86,0,true,false,9,86,88,0,false,false,9,86,86,0,true,false
B,miami,2026-06-17,20260617T131737-0400,2026-06-17T17:17:37.971208+00:00,13:17:37.541031,797,settlement_window,F,M5_cutoff_change,timestamp_set_changed,773,,,12,91,92,93,2026-06-17T17:17:37.971208+00:00,2026-06-17T17:16:48.751418+00:00,1,773,2026-06-17T17:16:48.751418+00:00,12,91,91,0,true,false,12,91,91,0,true,false,12,91,92,0,false,false,12,91,91,0,true,false
B,miami,2026-06-17,20260617T142846-0400,2026-06-17T18:28:46.605330+00:00,14:28:46.084897,868,peak_heating_window,F,M5_cutoff_change,timestamp_set_changed,833,,,13,92,93,93,2026-06-17T18:28:46.605330+00:00,2026-06-17T18:27:49.469032+00:00,1,833,2026-06-17T18:27:49.469032+00:00,13,92,92,0,true,false,13,92,92,0,true,false,13,92,93,0,false,false,13,92,92,0,true,false
B,miami,2026-06-17,20260617T143751-0400,2026-06-17T18:37:51.968638+00:00,14:37:51.415609,877,peak_heating_window,F,M5_cutoff_change,timestamp_set_changed,833,,,13,92,93,93,2026-06-17T18:37:51.968638+00:00,2026-06-17T18:36:46.578288+00:00,1,833,2026-06-17T18:36:46.578288+00:00,13,92,92,0,true,false,13,92,92,0,true,false,13,92,93,0,false,false,13,92,92,0,true,false
B,miami,2026-06-17,20260617T144057-0400,2026-06-17T18:40:57.366759+00:00,14:40:56.778120,880,peak_heating_window,F,M5_cutoff_change,timestamp_set_changed,833,,,13,92,93,93,2026-06-17T18:40:57.366759+00:00,2026-06-17T18:39:41.871285+00:00,1,833,2026-06-17T18:39:41.871285+00:00,13,92,92,0,true,false,13,92,92,0,true,false,13,92,93,0,false,false,13,92,92,0,true,false
B,miami,2026-06-19,20260619T005324-0400,2026-06-19T04:53:24.758455+00:00,00:53:23.779402,53,pre_dawn,F,M2_empty_history,no_valid_row_change,,,,7,83,84,92,2026-06-19T04:53:24.758455+00:00,2026-06-19T04:43:09.243855+00:00,0,,,7,83,84,0,false,false,7,83,84,0,false,false,7,83,84,0,false,false,7,83,84,0,false,false
B,miami,2026-06-19,20260619T090345-0400,2026-06-19T13:03:45.665534+00:00,09:03:44.873032,543,other,F,M5_cutoff_change,timestamp_set_changed,533,,,8,84,86,92,2026-06-19T13:03:45.665534+00:00,2026-06-19T13:02:11.778200+00:00,1,533,2026-06-19T13:02:11.778200+00:00,8,84,84,0,true,false,8,84,84,0,true,false,8,84,86,0,false,false,8,84,84,0,true,false
B,miami,2026-06-19,20260619T091007-0400,2026-06-19T13:10:07.178847+00:00,09:10:06.533700,550,other,F,M5_cutoff_change,timestamp_set_changed,533,,,8,84,86,92,2026-06-19T13:10:07.178847+00:00,2026-06-19T13:06:49.676913+00:00,1,533,2026-06-19T13:06:49.676913+00:00,8,84,84,0,true,false,8,84,84,0,true,false,8,84,86,0,false,false,8,84,84,0,true,false
B,miami,2026-06-19,20260619T100651-0400,2026-06-19T14:06:51.204048+00:00,10:06:50.506661,606,other,F,M5_cutoff_change,timestamp_set_changed,593,,,9,86,88,92,2026-06-19T14:06:51.204048+00:00,2026-06-19T14:03:48.913149+00:00,1,593,2026-06-19T14:03:48.913149+00:00,9,86,86,0,true,false,9,86,86,0,true,false,9,86,88,0,false,false,9,86,86,0,true,false
B,miami,2026-06-19,20260619T121323-0400,2026-06-19T16:13:23.840071+00:00,12:13:23.415408,733,settlement_window,F,M5_cutoff_change,timestamp_set_changed,713,,,11,90,91,92,2026-06-19T16:13:23.840071+00:00,2026-06-19T16:07:55.575626+00:00,1,713,2026-06-19T16:07:55.575626+00:00,11,90,90,0,true,false,11,90,90,0,true,false,11,90,91,0,false,false,11,90,90,0,true,false
B,miami,2026-06-19,20260619T122105-0400,2026-06-19T16:21:05.761692+00:00,12:21:05.190930,741,settlement_window,F,M5_cutoff_change,timestamp_set_changed,713,,,11,90,91,92,2026-06-19T16:21:05.761692+00:00,2026-06-19T16:19:31.089199+00:00,1,713,2026-06-19T16:19:31.089199+00:00,11,90,90,0,true,false,11,90,90,0,true,false,11,90,91,0,false,false,11,90,90,0,true,false
B,miami,2026-06-19,20260619T124050-0400,2026-06-19T16:40:50.458853+00:00,12:40:49.816403,760,settlement_window,F,M5_cutoff_change,timestamp_set_changed,713,,,11,90,91,92,2026-06-19T16:40:50.458853+00:00,2026-06-19T16:39:39.628420+00:00,1,713,2026-06-19T16:39:39.628420+00:00,11,90,90,0,true,false,11,90,90,0,true,false,11,90,91,0,false,false,11,90,90,0,true,false
B,miami,2026-06-19,20260619T124249-0400,2026-06-19T16:42:49.233681+00:00,12:42:48.579882,762,settlement_window,F,M5_cutoff_change,timestamp_set_changed,713,,,11,90,91,92,2026-06-19T16:42:49.233681+00:00,2026-06-19T16:41:45.689179+00:00,1,713,2026-06-19T16:41:45.689179+00:00,11,90,90,0,true,false,11,90,90,0,true,false,11,90,91,0,false,false,11,90,90,0,true,false
B,miami,2026-06-19,20260619T124515-0400,2026-06-19T16:45:15.494876+00:00,12:45:01.898927,765,settlement_window,F,M5_cutoff_change,timestamp_set_changed,713,,,11,90,91,92,2026-06-19T16:45:15.494876+00:00,2026-06-19T16:43:54.563615+00:00,1,713,2026-06-19T16:43:54.563615+00:00,11,90,90,0,true,false,11,90,90,0,true,false,11,90,91,0,false,false,11,90,90,0,true,false
B,miami,2026-06-19,20260619T125031-0400,2026-06-19T16:50:31.897831+00:00,12:50:31.320416,770,settlement_window,F,M5_cutoff_change,timestamp_set_changed,713,,,11,90,91,92,2026-06-19T16:50:31.897831+00:00,2026-06-19T16:48:32.275654+00:00,1,713,2026-06-19T16:48:32.275654+00:00,11,90,90,0,true,false,11,90,90,0,true,false,11,90,91,0,false,false,11,90,90,0,true,false
B,miami,2026-06-20,20260620T004842-0400,2026-06-20T04:48:42.481772+00:00,00:48:42.334754,48,pre_dawn,F,M2_empty_history,no_valid_row_change,,,,7,79,80,93,2026-06-20T04:48:42.481772+00:00,2026-06-20T04:47:43.300341+00:00,0,,,7,79,80,0,false,false,7,79,80,0,false,false,7,79,80,0,false,false,7,79,80,0,false,false
B,miami,2026-06-20,20260620T071642-0400,2026-06-20T11:16:42.280741+00:00,07:16:42.136524,436,other,F,M3_rows_dropped,timestamp_set_changed,413,,,7,80,82,93,2026-06-20T11:16:42.280741+00:00,2026-06-20T11:15:53.026863+00:00,1,413,2026-06-20T11:15:53.026863+00:00,7,82,82,2,true,false,7,82,82,2,true,false,7,82,82,2,true,false,7,82,82,2,true,false
B,miami,2026-06-20,20260620T071854-0400,2026-06-20T11:18:54.123331+00:00,07:18:53.976676,438,other,F,M3_rows_dropped,timestamp_set_changed,413,,,7,80,82,93,2026-06-20T11:18:54.123331+00:00,2026-06-20T11:17:44.121263+00:00,1,413,2026-06-20T11:17:44.121263+00:00,7,82,82,2,true,false,7,82,82,2,true,false,7,82,82,2,true,false,7,82,82,2,true,false
B,miami,2026-06-20,20260620T080247-0400,2026-06-20T12:02:47.573355+00:00,08:02:47.311317,482,other,F,M5_cutoff_change,timestamp_set_changed,473,,,7,82,84,93,2026-06-20T12:02:47.573355+00:00,2026-06-20T12:00:47.617483+00:00,1,473,2026-06-20T12:00:47.617483+00:00,7,82,82,0,true,false,7,82,82,0,true,false,7,82,84,0,false,false,7,82,82,0,true,false
B,miami,2026-06-20,20260620T080547-0400,2026-06-20T12:05:47.757326+00:00,08:05:47.485573,485,other,F,M5_cutoff_change,timestamp_set_changed,473,,,7,82,84,93,2026-06-20T12:05:47.757326+00:00,2026-06-20T12:03:51.147101+00:00,1,473,2026-06-20T12:03:51.147101+00:00,7,82,82,0,true,false,7,82,82,0,true,false,7,82,84,0,false,false,7,82,82,0,true,false
B,miami,2026-06-20,20260620T090346-0400,2026-06-20T13:03:46.038721+00:00,09:03:45.772716,543,other,F,M5_cutoff_change,timestamp_set_changed,533,,,8,84,86,93,2026-06-20T13:03:46.038721+00:00,2026-06-20T13:02:49.521405+00:00,1,533,2026-06-20T13:02:49.521405+00:00,8,84,84,0,true,false,8,84,84,0,true,false,8,84,86,0,false,false,8,84,84,0,true,false
B,miami,2026-06-20,20260620T090554-0400,2026-06-20T13:05:54.317295+00:00,09:05:54.044683,545,other,F,M5_cutoff_change,timestamp_set_changed,533,,,8,84,86,93,2026-06-20T13:05:54.317295+00:00,2026-06-20T13:05:03.318311+00:00,1,533,2026-06-20T13:05:03.318311+00:00,8,84,84,0,true,false,8,84,84,0,true,false,8,84,86,0,false,false,8,84,84,0,true,false
B,miami,2026-06-20,20260620T123540-0400,2026-06-20T16:35:40.930277+00:00,12:35:40.566628,755,settlement_window,F,M5_cutoff_change,timestamp_set_changed,713,,,11,89,93,93,2026-06-20T16:35:40.930277+00:00,2026-06-20T16:34:10.660600+00:00,1,713,2026-06-20T16:34:10.660600+00:00,11,89,89,0,true,false,11,89,89,0,true,false,11,89,93,0,false,false,11,89,89,0,true,false
B,miami,2026-06-21,20260621T091301-0400,2026-06-21T13:13:01.647698+00:00,09:13:01.228455,553,other,F,M5_cutoff_change,timestamp_set_changed,533,,,8,81,84,94,2026-06-21T13:13:01.647698+00:00,2026-06-21T13:09:06.749159+00:00,1,533,2026-06-21T13:09:06.749159+00:00,8,81,81,0,true,false,8,81,81,0,true,false,8,81,84,0,false,false,8,81,81,0,true,false
B,miami,2026-06-21,20260621T092002-0400,2026-06-21T13:20:02.659158+00:00,09:20:02.292013,560,other,F,M5_cutoff_change,timestamp_set_changed,533,,,8,81,84,94,2026-06-21T13:20:02.659158+00:00,2026-06-21T13:17:07.876374+00:00,1,533,2026-06-21T13:17:07.876374+00:00,8,81,81,0,true,false,8,81,81,0,true,false,8,81,84,0,false,false,8,81,81,0,true,false
B,miami,2026-06-21,20260621T092359-0400,2026-06-21T13:23:59.581570+00:00,09:23:59.203262,563,other,F,M5_cutoff_change,timestamp_set_changed,533,,,8,81,84,94,2026-06-21T13:23:59.581570+00:00,2026-06-21T13:22:52.827296+00:00,1,533,2026-06-21T13:22:52.827296+00:00,8,81,81,0,true,false,8,81,81,0,true,false,8,81,84,0,false,false,8,81,81,0,true,false
B,miami,2026-06-21,20260621T093302-0400,2026-06-21T13:33:02.273537+00:00,09:33:01.855021,573,other,F,M5_cutoff_change,timestamp_set_changed,533,,,8,81,84,94,2026-06-21T13:33:02.273537+00:00,2026-06-21T13:30:42.269588+00:00,1,533,2026-06-21T13:30:42.269588+00:00,8,81,81,0,true,false,8,81,81,0,true,false,8,81,84,0,false,false,8,81,81,0,true,false
B,miami,2026-06-21,20260621T093606-0400,2026-06-21T13:36:06.663231+00:00,09:36:06.182693,576,other,F,M5_cutoff_change,timestamp_set_changed,533,,,8,81,84,94,2026-06-21T13:36:06.663231+00:00,2026-06-21T13:33:57.365525+00:00,1,533,2026-06-21T13:33:57.365525+00:00,8,81,81,0,true,false,8,81,81,0,true,false,8,81,84,0,false,false,8,81,81,0,true,false
B,miami,2026-06-21,20260621T094910-0400,2026-06-21T13:49:10.196642+00:00,09:49:08.623472,589,other,F,M5_cutoff_change,timestamp_set_changed,533,,,8,81,84,94,2026-06-21T13:49:10.196642+00:00,2026-06-21T13:42:54.485195+00:00,1,533,2026-06-21T13:42:54.485195+00:00,8,81,81,0,true,false,8,81,81,0,true,false,8,81,84,0,false,false,8,81,81,0,true,false
B,miami,2026-06-21,20260621T095657-0400,2026-06-21T13:56:57.658516+00:00,09:56:57.234490,596,other,F,M5_cutoff_change,timestamp_set_changed,533,,,8,81,84,94,2026-06-21T13:56:57.658516+00:00,2026-06-21T13:56:04.273226+00:00,1,533,2026-06-21T13:56:04.273226+00:00,8,81,81,0,true,false,8,81,81,0,true,false,8,81,84,0,false,false,8,81,81,0,true,false
B,miami,2026-06-21,20260621T100106-0400,2026-06-21T14:01:06.860547+00:00,10:01:06.455782,601,other,F,M5_cutoff_change,timestamp_set_changed,593,,,9,84,87,94,2026-06-21T14:01:06.860547+00:00,2026-06-21T14:00:50.662136+00:00,1,593,2026-06-21T14:00:50.662136+00:00,9,84,84,0,true,false,9,84,84,0,true,false,9,84,87,0,false,false,9,84,84,0,true,false
B,miami,2026-06-21,20260621T124247-0400,2026-06-21T16:42:47.287831+00:00,12:42:44.685922,762,settlement_window,F,M5_cutoff_change,timestamp_set_changed,713,,,11,89,91,94,2026-06-21T16:42:47.287831+00:00,2026-06-21T16:41:00.923011+00:00,1,713,2026-06-21T16:41:00.923011+00:00,11,89,89,0,true,false,11,89,89,0,true,false,11,89,91,0,false,false,11,89,89,0,true,false
B,miami,2026-06-21,20260621T131743-0400,2026-06-21T17:17:43.488208+00:00,13:17:43.101294,797,settlement_window,F,M5_cutoff_change,timestamp_set_changed,773,,,12,91,93,94,2026-06-21T17:17:43.488208+00:00,2026-06-21T17:16:52.301346+00:00,1,773,2026-06-21T17:16:52.301346+00:00,12,91,91,0,true,false,12,91,91,0,true,false,12,91,93,0,false,false,12,91,91,0,true,false
B,miami,2026-06-21,20260621T131942-0400,2026-06-21T17:19:42.086290+00:00,13:19:41.695081,799,settlement_window,F,M5_cutoff_change,timestamp_set_changed,773,,,12,91,93,94,2026-06-21T17:19:42.086290+00:00,2026-06-21T17:18:46.430739+00:00,1,773,2026-06-21T17:18:46.430739+00:00,12,91,91,0,true,false,12,91,91,0,true,false,12,91,93,0,false,false,12,91,91,0,true,false
B,miami,2026-06-21,20260621T132439-0400,2026-06-21T17:24:39.824772+00:00,13:24:39.382898,804,settlement_window,F,M5_cutoff_change,timestamp_set_changed,773,,,12,91,93,94,2026-06-21T17:24:39.824772+00:00,2026-06-21T17:23:38.591414+00:00,1,773,2026-06-21T17:23:38.591414+00:00,12,91,91,0,true,false,12,91,91,0,true,false,12,91,93,0,false,false,12,91,91,0,true,false
B,miami,2026-06-21,20260621T151559-0400,2026-06-21T19:15:59.169134+00:00,15:15:58.791652,915,peak_heating_window,F,M5_cutoff_change,timestamp_set_changed,893,,,14,93,94,94,2026-06-21T19:15:59.169134+00:00,2026-06-21T19:14:04.906314+00:00,1,893,2026-06-21T19:14:04.906314+00:00,14,93,93,0,true,false,14,93,93,0,true,false,14,93,94,0,false,false,14,93,93,0,true,false
B,miami,2026-06-22,20260622T002528-0400,2026-06-22T04:25:28.513094+00:00,00:25:27.592738,25,pre_dawn,F,M2_empty_history,no_valid_row_change,,,,7,82,83,93,2026-06-22T04:25:28.513094+00:00,2026-06-22T04:13:28.748505+00:00,0,,,7,82,83,0,false,false,7,82,83,0,false,false,7,82,83,0,false,false,7,82,83,0,false,false
B,miami,2026-06-22,20260622T003044-0400,2026-06-22T04:30:44.028483+00:00,00:30:43.747158,30,pre_dawn,F,M2_empty_history,no_valid_row_change,,,,7,82,83,93,2026-06-22T04:30:44.028483+00:00,2026-06-22T04:29:29.159086+00:00,0,,,7,82,83,0,false,false,7,82,83,0,false,false,7,82,83,0,false,false,7,82,83,0,false,false
B,miami,2026-06-22,20260622T030548-0400,2026-06-22T07:05:48.744801+00:00,03:05:48.546662,185,pre_dawn,F,M3_rows_dropped,timestamp_set_changed,173,,,7,83,84,93,2026-06-22T07:05:48.744801+00:00,2026-06-22T07:04:46.530794+00:00,1,173,2026-06-22T07:04:46.530794+00:00,7,84,84,1,true,false,7,84,84,1,true,false,7,84,84,1,true,false,7,84,84,1,true,false
B,miami,2026-06-22,20260622T031826-0400,2026-06-22T07:18:26.514241+00:00,03:18:26.338053,198,pre_dawn,F,M3_rows_dropped,timestamp_set_changed,173,,,7,83,84,93,2026-06-22T07:18:26.514241+00:00,2026-06-22T07:17:32.650776+00:00,1,173,2026-06-22T07:17:32.650776+00:00,7,84,84,1,true,false,7,84,84,1,true,false,7,84,84,1,true,false,7,84,84,1,true,false
B,miami,2026-06-22,20260622T032025-0400,2026-06-22T07:20:25.281314+00:00,03:20:25.070358,200,pre_dawn,F,M3_rows_dropped,timestamp_set_changed,173,,,7,83,84,93,2026-06-22T07:20:25.281314+00:00,2026-06-22T07:19:22.967080+00:00,1,173,2026-06-22T07:19:22.967080+00:00,7,84,84,1,true,false,7,84,84,1,true,false,7,84,84,1,true,false,7,84,84,1,true,false
B,miami,2026-06-22,20260622T032322-0400,2026-06-22T07:23:22.642535+00:00,03:23:22.481352,203,pre_dawn,F,M3_rows_dropped,timestamp_set_changed,173,,,7,83,84,93,2026-06-22T07:23:22.642535+00:00,2026-06-22T07:21:24.615455+00:00,1,173,2026-06-22T07:21:24.615455+00:00,7,84,84,1,true,false,7,84,84,1,true,false,7,84,84,1,true,false,7,84,84,1,true,false
B,miami,2026-06-22,20260622T032638-0400,2026-06-22T07:26:38.095710+00:00,03:26:37.907829,206,pre_dawn,F,M3_rows_dropped,timestamp_set_changed,173,,,7,83,84,93,2026-06-22T07:26:38.095710+00:00,2026-06-22T07:25:22.716564+00:00,1,173,2026-06-22T07:25:22.716564+00:00,7,84,84,1,true,false,7,84,84,1,true,false,7,84,84,1,true,false,7,84,84,1,true,false
B,miami,2026-06-22,20260622T033625-0400,2026-06-22T07:36:25.113676+00:00,03:36:24.958529,216,pre_dawn,F,M3_rows_dropped,timestamp_set_changed,173,,,7,83,84,93,2026-06-22T07:36:25.113676+00:00,2026-06-22T07:35:35.269726+00:00,1,173,2026-06-22T07:35:35.269726+00:00,7,84,84,1,true,false,7,84,84,1,true,false,7,84,84,1,true,false,7,84,84,1,true,false
B,miami,2026-06-22,20260622T034532-0400,2026-06-22T07:45:32.720720+00:00,03:45:32.555705,225,pre_dawn,F,M3_rows_dropped,timestamp_set_changed,173,,,7,83,84,93,2026-06-22T07:45:32.720720+00:00,2026-06-22T07:44:23.709472+00:00,1,173,2026-06-22T07:44:23.709472+00:00,7,84,84,1,true,false,7,84,84,1,true,false,7,84,84,1,true,false,7,84,84,1,true,false
B,miami,2026-06-22,20260622T091743-0400,2026-06-22T13:17:43.298627+00:00,09:17:42.823053,557,other,F,M5_cutoff_change,timestamp_set_changed,533,,,8,85,86,93,2026-06-22T13:17:43.298627+00:00,2026-06-22T13:12:46.582923+00:00,1,533,2026-06-22T13:12:46.582923+00:00,8,85,85,0,true,false,8,85,85,0,true,false,8,85,86,0,false,false,8,85,85,0,true,false
B,miami,2026-06-22,20260622T091933-0400,2026-06-22T13:19:33.923430+00:00,09:19:33.476582,559,other,F,M5_cutoff_change,timestamp_set_changed,533,,,8,85,86,93,2026-06-22T13:19:33.923430+00:00,2026-06-22T13:18:31.011293+00:00,1,533,2026-06-22T13:18:31.011293+00:00,8,85,85,0,true,false,8,85,85,0,true,false,8,85,86,0,false,false,8,85,85,0,true,false
B,miami,2026-06-22,20260622T092631-0400,2026-06-22T13:26:31.082588+00:00,09:26:30.599130,566,other,F,M5_cutoff_change,timestamp_set_changed,533,,,8,85,86,93,2026-06-22T13:26:31.082588+00:00,2026-06-22T13:21:39.464308+00:00,1,533,2026-06-22T13:21:39.464308+00:00,8,85,85,0,true,false,8,85,85,0,true,false,8,85,86,0,false,false,8,85,85,0,true,false
B,miami,2026-06-22,20260622T093127-0400,2026-06-22T13:31:27.891572+00:00,09:31:27.508040,571,other,F,M5_cutoff_change,timestamp_set_changed,533,,,8,85,86,93,2026-06-22T13:31:27.891572+00:00,2026-06-22T13:30:51.950294+00:00,1,533,2026-06-22T13:30:51.950294+00:00,8,85,85,0,true,false,8,85,85,0,true,false,8,85,86,0,false,false,8,85,85,0,true,false
B,miami,2026-06-22,20260622T093328-0400,2026-06-22T13:33:28.495704+00:00,09:33:28.130689,573,other,F,M5_cutoff_change,timestamp_set_changed,533,,,8,85,86,93,2026-06-22T13:33:28.495704+00:00,2026-06-22T13:32:38.314761+00:00,1,533,2026-06-22T13:32:38.314761+00:00,8,85,85,0,true,false,8,85,85,0,true,false,8,85,86,0,false,false,8,85,85,0,true,false
B,miami,2026-06-22,20260622T093530-0400,2026-06-22T13:35:30.403376+00:00,09:35:29.982846,575,other,F,M5_cutoff_change,timestamp_set_changed,533,,,8,85,86,93,2026-06-22T13:35:30.403376+00:00,2026-06-22T13:34:29.440201+00:00,1,533,2026-06-22T13:34:29.440201+00:00,8,85,85,0,true,false,8,85,85,0,true,false,8,85,86,0,false,false,8,85,85,0,true,false
B,miami,2026-06-22,20260622T094126-0400,2026-06-22T13:41:26.208979+00:00,09:41:25.828501,581,other,F,M5_cutoff_change,timestamp_set_changed,533,,,8,85,86,93,2026-06-22T13:41:26.208979+00:00,2026-06-22T13:38:42.052025+00:00,1,533,2026-06-22T13:38:42.052025+00:00,8,85,85,0,true,false,8,85,85,0,true,false,8,85,86,0,false,false,8,85,85,0,true,false
B,miami,2026-06-22,20260622T094428-0400,2026-06-22T13:44:28.345374+00:00,09:44:27.903638,584,other,F,M5_cutoff_change,timestamp_set_changed,533,,,8,85,86,93,2026-06-22T13:44:28.345374+00:00,2026-06-22T13:42:27.484945+00:00,1,533,2026-06-22T13:42:27.484945+00:00,8,85,85,0,true,false,8,85,85,0,true,false,8,85,86,0,false,false,8,85,85,0,true,false
B,miami,2026-06-22,20260622T094723-0400,2026-06-22T13:47:23.096120+00:00,09:47:22.618511,587,other,F,M5_cutoff_change,timestamp_set_changed,533,,,8,85,86,93,2026-06-22T13:47:23.096120+00:00,2026-06-22T13:45:26.123614+00:00,1,533,2026-06-22T13:45:26.123614+00:00,8,85,85,0,true,false,8,85,85,0,true,false,8,85,86,0,false,false,8,85,85,0,true,false
B,miami,2026-06-22,20260622T094923-0400,2026-06-22T13:49:23.603480+00:00,09:49:23.283402,589,other,F,M5_cutoff_change,timestamp_set_changed,533,,,8,85,86,93,2026-06-22T13:49:23.603480+00:00,2026-06-22T13:48:24.509460+00:00,1,533,2026-06-22T13:48:24.509460+00:00,8,85,85,0,true,false,8,85,85,0,true,false,8,85,86,0,false,false,8,85,85,0,true,false
B,miami,2026-06-22,20260622T095230-0400,2026-06-22T13:52:30.537728+00:00,09:52:30.109557,592,other,F,M5_cutoff_change,timestamp_set_changed,533,,,8,85,86,93,2026-06-22T13:52:30.537728+00:00,2026-06-22T13:50:50.579199+00:00,1,533,2026-06-22T13:50:50.579199+00:00,8,85,85,0,true,false,8,85,85,0,true,false,8,85,86,0,false,false,8,85,85,0,true,false
B,miami,2026-06-22,20260622T095836-0400,2026-06-22T13:58:36.037738+00:00,09:58:35.603660,598,other,F,M5_cutoff_change,timestamp_set_changed,533,,,8,85,86,93,2026-06-22T13:58:36.037738+00:00,2026-06-22T13:56:50.274180+00:00,1,533,2026-06-22T13:56:50.274180+00:00,8,85,85,0,true,false,8,85,85,0,true,false,8,85,86,0,false,false,8,85,85,0,true,false
B,miami,2026-06-22,20260622T111136-0400,2026-06-22T15:11:36.552075+00:00,11:11:35.839104,671,other,F,M5_cutoff_change,timestamp_set_changed,653,,,10,89,90,93,2026-06-22T15:11:36.552075+00:00,2026-06-22T15:10:43.149048+00:00,1,653,2026-06-22T15:10:43.149048+00:00,10,89,89,0,true,false,10,89,89,0,true,false,10,89,90,0,false,false,10,89,89,0,true,false
B,miami,2026-06-22,20260622T113110-0400,2026-06-22T15:31:10.153263+00:00,11:31:06.325703,691,other,F,M5_cutoff_change,timestamp_set_changed,653,,,10,89,90,93,2026-06-22T15:31:10.153263+00:00,2026-06-22T15:27:51.217068+00:00,1,653,2026-06-22T15:27:51.217068+00:00,10,89,89,0,true,false,10,89,89,0,true,false,10,89,90,0,false,false,10,89,89,0,true,false
B,miami,2026-06-22,20260622T114243-0400,2026-06-22T15:42:43.980349+00:00,11:42:43.517837,702,other,F,M5_cutoff_change,timestamp_set_changed,653,,,10,89,90,93,2026-06-22T15:42:43.980349+00:00,2026-06-22T15:42:09.174309+00:00,1,653,2026-06-22T15:42:09.174309+00:00,10,89,89,0,true,false,10,89,89,0,true,false,10,89,90,0,false,false,10,89,89,0,true,false
B,miami,2026-06-22,20260622T114918-0400,2026-06-22T15:49:18.183045+00:00,11:49:09.494008,709,other,F,M5_cutoff_change,timestamp_set_changed,653,,,10,89,90,93,2026-06-22T15:49:18.183045+00:00,2026-06-22T15:47:16.943230+00:00,1,653,2026-06-22T15:47:16.943230+00:00,10,89,89,0,true,false,10,89,89,0,true,false,10,89,90,0,false,false,10,89,89,0,true,false
B,miami,2026-06-22,20260622T121049-0400,2026-06-22T16:10:49.782326+00:00,12:10:48.237474,730,settlement_window,F,M5_cutoff_change,timestamp_set_changed,713,,,11,90,91,93,2026-06-22T16:10:49.782326+00:00,2026-06-22T16:02:52.835107+00:00,1,713,2026-06-22T16:02:52.835107+00:00,11,90,90,0,true,false,11,90,90,0,true,false,11,90,91,0,false,false,11,90,90,0,true,false
B,miami,2026-06-22,20260622T122246-0400,2026-06-22T16:22:46.325473+00:00,12:22:45.095565,742,settlement_window,F,M5_cutoff_change,timestamp_set_changed,713,,,11,90,91,93,2026-06-22T16:22:46.325473+00:00,2026-06-22T16:17:48.220567+00:00,1,713,2026-06-22T16:17:48.220567+00:00,11,90,90,0,true,false,11,90,90,0,true,false,11,90,91,0,false,false,11,90,90,0,true,false
B,miami,2026-06-22,20260622T122639-0400,2026-06-22T16:26:39.812465+00:00,12:26:39.365006,746,settlement_window,F,M5_cutoff_change,timestamp_set_changed,713,,,11,90,91,93,2026-06-22T16:26:39.812465+00:00,2026-06-22T16:25:42.317365+00:00,1,713,2026-06-22T16:25:42.317365+00:00,11,90,90,0,true,false,11,90,90,0,true,false,11,90,91,0,false,false,11,90,90,0,true,false
B,miami,2026-06-22,20260622T123252-0400,2026-06-22T16:32:52.590409+00:00,12:32:50.917123,752,settlement_window,F,M5_cutoff_change,timestamp_set_changed,713,,,11,90,91,93,2026-06-22T16:32:52.590409+00:00,2026-06-22T16:31:48.823089+00:00,1,713,2026-06-22T16:31:48.823089+00:00,11,90,90,0,true,false,11,90,90,0,true,false,11,90,91,0,false,false,11,90,90,0,true,false
B,miami,2026-06-22,20260622T123443-0400,2026-06-22T16:34:43.969587+00:00,12:34:43.502636,754,settlement_window,F,M5_cutoff_change,timestamp_set_changed,713,,,11,90,91,93,2026-06-22T16:34:43.969587+00:00,2026-06-22T16:33:42.221202+00:00,1,713,2026-06-22T16:33:42.221202+00:00,11,90,90,0,true,false,11,90,90,0,true,false,11,90,91,0,false,false,11,90,90,0,true,false
B,miami,2026-06-22,20260622T123900-0400,2026-06-22T16:39:00.228237+00:00,12:38:57.751637,758,settlement_window,F,M5_cutoff_change,timestamp_set_changed,713,,,11,90,91,93,2026-06-22T16:39:00.228237+00:00,2026-06-22T16:36:51.692395+00:00,1,713,2026-06-22T16:36:51.692395+00:00,11,90,90,0,true,false,11,90,90,0,true,false,11,90,91,0,false,false,11,90,90,0,true,false
B,miami,2026-06-22,20260622T131532-0400,2026-06-22T17:15:32.420762+00:00,13:15:31.944695,795,settlement_window,F,M5_cutoff_change,timestamp_set_changed,773,,,12,91,92,93,2026-06-22T17:15:32.420762+00:00,2026-06-22T17:13:36.530057+00:00,1,773,2026-06-22T17:13:36.530057+00:00,12,91,91,0,true,false,12,91,91,0,true,false,12,91,92,0,false,false,12,91,91,0,true,false
B,miami,2026-06-26,20260626T005738-0400,2026-06-26T04:57:38.977416+00:00,00:57:38.297746,57,pre_dawn,F,M6_unexplained,timestamp_set_changed,,53,,7,80,81,91,2026-06-26T04:57:38.977416+00:00,2026-06-26T04:48:44.505090+00:00,0,,,7,80,81,0,false,false,7,80,81,0,false,false,7,80,81,0,false,false,7,80,81,0,false,false
B,miami,2026-06-26,20260626T071950-0400,2026-06-26T11:19:50.578529+00:00,07:19:50.383850,439,other,F,M3_rows_dropped,timestamp_set_changed,413,,,7,82,83,91,2026-06-26T11:19:50.578529+00:00,2026-06-26T11:19:36.412097+00:00,1,413,2026-06-26T11:19:36.412097+00:00,7,83,83,1,true,false,7,83,83,1,true,false,7,83,83,1,true,false,7,83,83,1,true,false
B,nyc,2026-06-08,20260608T003145-0400,2026-06-08T04:31:45.278813+00:00,00:31:45.041625,31,pre_dawn,F,M2_empty_history,no_valid_row_change,,,,9,68,69,74,2026-06-08T04:31:45.278813+00:00,2026-06-08T04:21:25.549472+00:00,0,,,7,68,69,0,false,false,7,68,69,0,false,false,9,68,69,0,false,false,7,68,69,0,false,false
B,nyc,2026-06-12,20260612T002157-0400,2026-06-12T04:21:57.915169+00:00,00:21:57.617431,21,pre_dawn,F,M2_empty_history,no_valid_row_change,,,,7,75,76,94,2026-06-12T04:21:57.915169+00:00,2026-06-12T04:11:43.924727+00:00,0,,,7,75,76,0,false,false,7,75,76,0,false,false,7,75,76,0,false,false,7,75,76,0,false,false
B,nyc,2026-06-12,20260612T162945-0400,2026-06-12T20:29:45.547591+00:00,16:29:45.225785,989,peak_heating_window,F,M5_cutoff_change,timestamp_set_changed,951,,,14,89,93,94,2026-06-12T20:29:45.547591+00:00,2026-06-12T20:19:26.157789+00:00,1,951,2026-06-12T20:19:26.157789+00:00,15,93,93,4,true,false,15,93,93,4,true,false,15,93,93,4,true,false,15,93,93,4,true,false
B,nyc,2026-06-14,20260614T002901-0400,2026-06-14T04:29:01.355820+00:00,00:29:01.079297,29,pre_dawn,F,M2_empty_history,no_valid_row_change,,,,7,77,78,90,2026-06-14T04:29:01.355820+00:00,2026-06-14T04:18:57.731784+00:00,0,,,7,77,78,0,false,false,7,77,78,0,false,false,7,77,78,0,false,false,7,77,78,0,false,false
B,nyc,2026-06-14,20260614T152037-0400,2026-06-14T19:20:37.740857+00:00,15:20:37.712857,920,peak_heating_window,F,M5_cutoff_change,timestamp_set_changed,891,,,13,88,90,90,2026-06-14T19:20:37.740857+00:00,2026-06-14T19:20:08.695445+00:00,1,891,2026-06-14T19:20:08.695445+00:00,14,90,90,2,true,false,14,90,90,2,true,false,14,90,90,2,true,false,14,90,90,2,true,false
B,nyc,2026-06-16,20260616T003522-0400,2026-06-16T04:35:22.905736+00:00,00:35:14.174086,35,pre_dawn,F,M2_empty_history,no_valid_row_change,,,,7,64,65,78,2026-06-16T04:35:22.905736+00:00,2026-06-16T04:25:19.777817+00:00,0,,,7,64,65,0,false,false,7,64,65,0,false,false,7,64,65,0,false,false,7,64,65,0,false,false
B,nyc,2026-06-16,20260616T090539-0400,2026-06-16T13:05:39.380764+00:00,09:05:39.103910,545,other,F,M5_cutoff_change,timestamp_set_changed,531,,,8,65,66,78,2026-06-16T13:05:39.380764+00:00,2026-06-16T13:04:40.184582+00:00,1,531,2026-06-16T13:04:40.184582+00:00,8,65,65,0,true,false,8,65,65,0,true,false,8,65,66,0,false,false,8,65,65,0,true,false
B,nyc,2026-06-16,20260616T093339-0400,2026-06-16T13:33:39.232689+00:00,09:33:38.849529,573,other,F,M5_cutoff_change,timestamp_set_changed,531,,,8,65,66,78,2026-06-16T13:33:39.232689+00:00,2026-06-16T13:25:39.613598+00:00,1,531,2026-06-16T13:25:39.613598+00:00,8,65,65,0,true,false,8,65,65,0,true,false,8,65,66,0,false,false,8,65,65,0,true,false
B,nyc,2026-06-16,20260616T143505-0400,2026-06-16T18:35:05.682865+00:00,14:35:05.160286,875,peak_heating_window,F,M5_cutoff_change,timestamp_set_changed,831,,,13,73,74,78,2026-06-16T18:35:05.682865+00:00,2026-06-16T18:34:14.273088+00:00,1,831,2026-06-16T18:34:14.273088+00:00,13,73,73,0,true,false,13,73,73,0,true,false,13,73,74,0,false,false,13,73,73,0,true,false
B,nyc,2026-06-17,20260617T081338-0400,2026-06-17T12:13:38.304635+00:00,08:13:37.791776,493,other,F,M5_cutoff_change,timestamp_set_changed,471,,,7,67,68,77,2026-06-17T12:13:38.304635+00:00,2026-06-17T12:12:37.552981+00:00,1,471,2026-06-17T12:12:37.552981+00:00,7,67,67,0,true,false,7,67,67,0,true,false,7,67,68,0,false,false,7,67,67,0,true,false
B,nyc,2026-06-17,20260617T090231-0400,2026-06-17T13:02:31.388282+00:00,09:02:30.868345,542,other,F,M5_cutoff_change,timestamp_set_changed,531,,,8,68,71,77,2026-06-17T13:02:31.388282+00:00,2026-06-17T13:01:29.686708+00:00,1,531,2026-06-17T13:01:29.686708+00:00,8,68,68,0,true,false,8,68,68,0,true,false,8,68,71,0,false,false,8,68,68,0,true,false
B,nyc,2026-06-17,20260617T100329-0400,2026-06-17T14:03:29.413975+00:00,10:03:29.022060,603,other,F,M5_cutoff_change,timestamp_set_changed,591,,,9,71,74,77,2026-06-17T14:03:29.413975+00:00,2026-06-17T14:02:37.495146+00:00,1,591,2026-06-17T14:02:37.495146+00:00,9,71,71,0,true,false,9,71,71,0,true,false,9,71,74,0,false,false,9,71,71,0,true,false
B,nyc,2026-06-17,20260617T110740-0400,2026-06-17T15:07:40.702337+00:00,11:07:40.245915,667,other,F,M5_cutoff_change,timestamp_set_changed,651,,,10,74,75,77,2026-06-17T15:07:40.702337+00:00,2026-06-17T15:05:32.769236+00:00,1,651,2026-06-17T15:05:32.769236+00:00,10,74,74,0,true,false,10,74,74,0,true,false,10,74,75,0,false,false,10,74,74,0,true,false
B,nyc,2026-06-17,20260617T111533-0400,2026-06-17T15:15:33.416576+00:00,11:15:32.565852,675,other,F,M5_cutoff_change,timestamp_set_changed,651,,,10,74,75,77,2026-06-17T15:15:33.416576+00:00,2026-06-17T15:13:30.650904+00:00,1,651,2026-06-17T15:13:30.650904+00:00,10,74,74,0,true,false,10,74,74,0,true,false,10,74,75,0,false,false,10,74,74,0,true,false
B,nyc,2026-06-19,20260619T003030-0400,2026-06-19T04:30:30.704949+00:00,00:30:29.038604,30,pre_dawn,F,M2_empty_history,no_valid_row_change,,,,7,79,80,82,2026-06-19T04:30:30.704949+00:00,2026-06-19T04:22:35.053030+00:00,0,,,7,79,80,0,false,false,7,79,80,0,false,false,7,79,80,0,false,false,7,79,80,0,false,false
B,nyc,2026-06-19,20260619T150340-0400,2026-06-19T19:03:40.561062+00:00,15:03:37.969654,903,peak_heating_window,F,M5_cutoff_change,timestamp_set_changed,891,,,14,80,82,82,2026-06-19T19:03:40.561062+00:00,2026-06-19T19:02:33.615001+00:00,1,891,2026-06-19T19:02:33.615001+00:00,14,80,80,0,true,false,14,80,80,0,true,false,14,80,82,0,false,false,14,80,80,0,true,false
B,nyc,2026-06-19,20260619T152029-0400,2026-06-19T19:20:29.865564+00:00,15:20:29.311579,920,peak_heating_window,F,M5_cutoff_change,timestamp_set_changed,891,,,14,80,82,82,2026-06-19T19:20:29.865564+00:00,2026-06-19T19:19:31.208144+00:00,1,891,2026-06-19T19:19:31.208144+00:00,14,80,80,0,true,false,14,80,80,0,true,false,14,80,82,0,false,false,14,80,80,0,true,false
B,nyc,2026-06-19,20260619T153510-0400,2026-06-19T19:35:10.304047+00:00,15:34:01.640807,934,peak_heating_window,F,M5_cutoff_change,timestamp_set_changed,891,,,14,80,82,82,2026-06-19T19:35:10.304047+00:00,2026-06-19T19:28:09.063914+00:00,1,891,2026-06-19T19:28:09.063914+00:00,14,80,80,0,true,false,14,80,80,0,true,false,14,80,82,0,false,false,14,80,80,0,true,false
B,nyc,2026-06-20,20260620T112819-0400,2026-06-20T15:28:19.147078+00:00,11:28:18.684588,688,other,F,M5_cutoff_change,timestamp_set_changed,651,,,10,72,75,83,2026-06-20T15:28:19.147078+00:00,2026-06-20T15:27:18.782729+00:00,1,651,2026-06-20T15:27:18.782729+00:00,10,72,72,0,true,false,10,72,72,0,true,false,10,72,75,0,false,false,10,72,72,0,true,false
B,nyc,2026-06-20,20260620T113721-0400,2026-06-20T15:37:21.713232+00:00,11:37:21.172203,697,other,F,M5_cutoff_change,timestamp_set_changed,651,,,10,72,75,83,2026-06-20T15:37:21.713232+00:00,2026-06-20T15:36:19.602108+00:00,1,651,2026-06-20T15:36:19.602108+00:00,10,72,72,0,true,false,10,72,72,0,true,false,10,72,75,0,false,false,10,72,72,0,true,false
B,nyc,2026-06-20,20260620T113919-0400,2026-06-20T15:39:19.451564+00:00,11:39:19.053479,699,other,F,M5_cutoff_change,timestamp_set_changed,651,,,10,72,75,83,2026-06-20T15:39:19.451564+00:00,2026-06-20T15:38:28.592304+00:00,1,651,2026-06-20T15:38:28.592304+00:00,10,72,72,0,true,false,10,72,72,0,true,false,10,72,75,0,false,false,10,72,72,0,true,false
B,nyc,2026-06-20,20260620T122819-0400,2026-06-20T16:28:19.414055+00:00,12:28:18.871132,748,settlement_window,F,M5_cutoff_change,timestamp_set_changed,711,,,11,75,77,83,2026-06-20T16:28:19.414055+00:00,2026-06-20T16:27:18.777418+00:00,1,711,2026-06-20T16:27:18.777418+00:00,11,75,75,0,true,false,11,75,75,0,true,false,11,75,77,0,false,false,11,75,75,0,true,false
B,nyc,2026-06-20,20260620T123325-0400,2026-06-20T16:33:25.979441+00:00,12:33:25.465526,753,settlement_window,F,M5_cutoff_change,timestamp_set_changed,711,,,11,75,77,83,2026-06-20T16:33:25.979441+00:00,2026-06-20T16:32:18.632828+00:00,1,711,2026-06-20T16:32:18.632828+00:00,11,75,75,0,true,false,11,75,75,0,true,false,11,75,77,0,false,false,11,75,75,0,true,false
B,nyc,2026-06-20,20260620T123518-0400,2026-06-20T16:35:18.106163+00:00,12:35:17.659663,755,settlement_window,F,M5_cutoff_change,timestamp_set_changed,711,,,11,75,77,83,2026-06-20T16:35:18.106163+00:00,2026-06-20T16:34:23.563878+00:00,1,711,2026-06-20T16:34:23.563878+00:00,11,75,75,0,true,false,11,75,75,0,true,false,11,75,77,0,false,false,11,75,75,0,true,false
B,nyc,2026-06-20,20260620T130427-0400,2026-06-20T17:04:27.180394+00:00,13:04:26.505407,784,settlement_window,F,M5_cutoff_change,timestamp_set_changed,771,,,12,77,79,83,2026-06-20T17:04:27.180394+00:00,2026-06-20T17:03:18.336892+00:00,1,771,2026-06-20T17:03:18.336892+00:00,12,77,77,0,true,false,12,77,77,0,true,false,12,77,79,0,false,false,12,77,77,0,true,false
B,nyc,2026-06-20,20260620T130717-0400,2026-06-20T17:07:17.729613+00:00,13:07:16.802524,787,settlement_window,F,M5_cutoff_change,timestamp_set_changed,771,,,12,77,79,83,2026-06-20T17:07:17.729613+00:00,2026-06-20T17:06:17.836870+00:00,1,771,2026-06-20T17:06:17.836870+00:00,12,77,77,0,true,false,12,77,77,0,true,false,12,77,79,0,false,false,12,77,77,0,true,false
B,nyc,2026-06-20,20260620T131421-0400,2026-06-20T17:14:21.431449+00:00,13:14:20.412748,794,settlement_window,F,M5_cutoff_change,timestamp_set_changed,771,,,12,77,79,83,2026-06-20T17:14:21.431449+00:00,2026-06-20T17:13:09.392191+00:00,1,771,2026-06-20T17:13:09.392191+00:00,12,77,77,0,true,false,12,77,77,0,true,false,12,77,79,0,false,false,12,77,77,0,true,false
B,nyc,2026-06-20,20260620T131808-0400,2026-06-20T17:18:08.833966+00:00,13:18:08.115776,798,settlement_window,F,M5_cutoff_change,timestamp_set_changed,771,,,12,77,79,83,2026-06-20T17:18:08.833966+00:00,2026-06-20T17:17:11.516974+00:00,1,771,2026-06-20T17:17:11.516974+00:00,12,77,77,0,true,false,12,77,77,0,true,false,12,77,79,0,false,false,12,77,77,0,true,false
B,nyc,2026-06-20,20260620T132013-0400,2026-06-20T17:20:13.035344+00:00,13:20:12.524305,800,settlement_window,F,M5_cutoff_change,timestamp_set_changed,771,,,12,77,79,83,2026-06-20T17:20:13.035344+00:00,2026-06-20T17:19:13.142531+00:00,1,771,2026-06-20T17:19:13.142531+00:00,12,77,77,0,true,false,12,77,77,0,true,false,12,77,79,0,false,false,12,77,77,0,true,false
B,nyc,2026-06-20,20260620T140817-0400,2026-06-20T18:08:17.489385+00:00,14:08:17.023166,848,peak_heating_window,F,M5_cutoff_change,timestamp_set_changed,831,,,13,79,81,83,2026-06-20T18:08:17.489385+00:00,2026-06-20T18:07:17.905912+00:00,1,831,2026-06-20T18:07:17.905912+00:00,13,79,79,0,true,false,13,79,79,0,true,false,13,79,81,0,false,false,13,79,79,0,true,false
B,nyc,2026-06-20,20260620T141219-0400,2026-06-20T18:12:19.264978+00:00,14:12:18.707817,852,peak_heating_window,F,M5_cutoff_change,timestamp_set_changed,831,,,13,79,81,83,2026-06-20T18:12:19.264978+00:00,2026-06-20T18:11:23.363136+00:00,1,831,2026-06-20T18:11:23.363136+00:00,13,79,79,0,true,false,13,79,79,0,true,false,13,79,81,0,false,false,13,79,79,0,true,false
B,nyc,2026-06-20,20260620T142219-0400,2026-06-20T18:22:19.038112+00:00,14:22:18.539420,862,peak_heating_window,F,M5_cutoff_change,timestamp_set_changed,831,,,13,79,81,83,2026-06-20T18:22:19.038112+00:00,2026-06-20T18:20:21.818625+00:00,1,831,2026-06-20T18:20:21.818625+00:00,13,79,79,0,true,false,13,79,79,0,true,false,13,79,81,0,false,false,13,79,79,0,true,false
B,nyc,2026-06-20,20260620T142918-0400,2026-06-20T18:29:18.685637+00:00,14:29:18.305284,869,peak_heating_window,F,M5_cutoff_change,timestamp_set_changed,831,,,13,79,81,83,2026-06-20T18:29:18.685637+00:00,2026-06-20T18:28:28.090721+00:00,1,831,2026-06-20T18:28:28.090721+00:00,13,79,79,0,true,false,13,79,79,0,true,false,13,79,81,0,false,false,13,79,79,0,true,false
B,nyc,2026-06-20,20260620T143120-0400,2026-06-20T18:31:20.379811+00:00,14:31:19.835759,871,peak_heating_window,F,M5_cutoff_change,timestamp_set_changed,831,,,13,79,81,83,2026-06-20T18:31:20.379811+00:00,2026-06-20T18:30:22.320221+00:00,1,831,2026-06-20T18:30:22.320221+00:00,13,79,79,0,true,false,13,79,79,0,true,false,13,79,81,0,false,false,13,79,79,0,true,false
B,nyc,2026-06-20,20260620T161432-0400,2026-06-20T20:14:32.243842+00:00,16:14:30.919934,974,peak_heating_window,F,M5_cutoff_change,timestamp_set_changed,951,,,15,81,83,83,2026-06-20T20:14:32.243842+00:00,2026-06-20T20:13:30.917808+00:00,1,951,2026-06-20T20:13:30.917808+00:00,15,81,81,0,true,false,15,81,81,0,true,false,15,81,83,0,false,false,15,81,81,0,true,false
B,nyc,2026-06-20,20260620T161932-0400,2026-06-20T20:19:32.198339+00:00,16:19:31.367970,979,peak_heating_window,F,M5_cutoff_change,timestamp_set_changed,951,,,15,81,83,83,2026-06-20T20:19:32.198339+00:00,2026-06-20T20:18:29.909021+00:00,1,951,2026-06-20T20:18:29.909021+00:00,15,81,81,0,true,false,15,81,81,0,true,false,15,81,83,0,false,false,15,81,81,0,true,false
B,nyc,2026-06-21,20260621T005704-0400,2026-06-21T04:57:04.029424+00:00,00:57:03.351533,57,pre_dawn,F,M6_unexplained,timestamp_set_changed,,51,,7,71,72,84,2026-06-21T04:57:04.029424+00:00,2026-06-21T04:56:02.088154+00:00,0,,,7,71,72,0,false,false,7,71,72,0,false,false,7,71,72,0,false,false,7,71,72,0,false,false
B,nyc,2026-06-21,20260621T020309-0400,2026-06-21T06:03:09.754011+00:00,02:03:08.391775,123,pre_dawn,F,M3_rows_dropped,timestamp_set_changed,111,,,7,71,72,84,2026-06-21T06:03:09.754011+00:00,2026-06-21T06:00:07.260280+00:00,1,111,2026-06-21T06:00:07.260280+00:00,7,72,72,1,true,false,7,72,72,1,true,false,7,72,72,1,true,false,7,72,72,1,true,false
B,nyc,2026-06-21,20260621T020803-0400,2026-06-21T06:08:03.571397+00:00,02:08:03.174201,128,pre_dawn,F,M3_rows_dropped,timestamp_set_changed,111,,,7,71,72,84,2026-06-21T06:08:03.571397+00:00,2026-06-21T06:07:03.967055+00:00,1,111,2026-06-21T06:07:03.967055+00:00,7,72,72,1,true,false,7,72,72,1,true,false,7,72,72,1,true,false,7,72,72,1,true,false
B,nyc,2026-06-21,20260621T022858-0400,2026-06-21T06:28:58.919685+00:00,02:28:48.792876,148,pre_dawn,F,M3_rows_dropped,timestamp_set_changed,111,,,7,71,72,84,2026-06-21T06:28:58.919685+00:00,2026-06-21T06:10:32.839649+00:00,1,111,2026-06-21T06:10:32.839649+00:00,7,72,72,1,true,false,7,72,72,1,true,false,7,72,72,1,true,false,7,72,72,1,true,false
B,nyc,2026-06-21,20260621T024031-0400,2026-06-21T06:40:31.923753+00:00,02:40:30.964423,160,pre_dawn,F,M3_rows_dropped,timestamp_set_changed,111,,,7,71,72,84,2026-06-21T06:40:31.923753+00:00,2026-06-21T06:31:27.603514+00:00,1,111,2026-06-21T06:31:27.603514+00:00,7,72,72,1,true,false,7,72,72,1,true,false,7,72,72,1,true,false,7,72,72,1,true,false
B,nyc,2026-06-21,20260621T024219-0400,2026-06-21T06:42:19.457896+00:00,02:42:19.050929,162,pre_dawn,F,M3_rows_dropped,timestamp_set_changed,111,,,7,71,72,84,2026-06-21T06:42:19.457896+00:00,2026-06-21T06:41:32.287920+00:00,1,111,2026-06-21T06:41:32.287920+00:00,7,72,72,1,true,false,7,72,72,1,true,false,7,72,72,1,true,false,7,72,72,1,true,false
B,nyc,2026-06-21,20260621T024936-0400,2026-06-21T06:49:36.894359+00:00,02:49:28.152780,169,pre_dawn,F,M3_rows_dropped,timestamp_set_changed,111,,,7,71,72,84,2026-06-21T06:49:36.894359+00:00,2026-06-21T06:44:21.096527+00:00,1,111,2026-06-21T06:44:21.096527+00:00,7,72,72,1,true,false,7,72,72,1,true,false,7,72,72,1,true,false,7,72,72,1,true,false
B,nyc,2026-06-21,20260621T100254-0400,2026-06-21T14:02:54.372144+00:00,10:02:53.752526,602,other,F,M5_cutoff_change,timestamp_set_changed,531|591,,,8,72,76,84,2026-06-21T14:02:54.372144+00:00,2026-06-21T14:00:51.347110+00:00,2,531|591,2026-06-21T14:00:51.347110+00:00,9,72,72,0,true,false,9,72,72,0,true,false,9,72,76,0,false,false,9,72,72,0,true,false
B,nyc,2026-06-21,20260621T110314-0400,2026-06-21T15:03:14.815704+00:00,11:03:14.015733,663,other,F,M5_cutoff_change,timestamp_set_changed,651,,,10,76,77,84,2026-06-21T15:03:14.815704+00:00,2026-06-21T15:02:04.869069+00:00,1,651,2026-06-21T15:02:04.869069+00:00,10,76,76,0,true,false,10,76,76,0,true,false,10,76,77,0,false,false,10,76,76,0,true,false
B,nyc,2026-06-21,20260621T110615-0400,2026-06-21T15:06:15.078686+00:00,11:06:14.170513,666,other,F,M5_cutoff_change,timestamp_set_changed,651,,,10,76,77,84,2026-06-21T15:06:15.078686+00:00,2026-06-21T15:05:19.494798+00:00,1,651,2026-06-21T15:05:19.494798+00:00,10,76,76,0,true,false,10,76,76,0,true,false,10,76,77,0,false,false,10,76,76,0,true,false
B,nyc,2026-06-21,20260621T111319-0400,2026-06-21T15:13:19.552565+00:00,11:13:18.663354,673,other,F,M5_cutoff_change,timestamp_set_changed,651,,,10,76,77,84,2026-06-21T15:13:19.552565+00:00,2026-06-21T15:12:23.670278+00:00,1,651,2026-06-21T15:12:23.670278+00:00,10,76,76,0,true,false,10,76,76,0,true,false,10,76,77,0,false,false,10,76,76,0,true,false
B,nyc,2026-06-21,20260621T112351-0400,2026-06-21T15:23:51.283933+00:00,11:23:50.806013,683,other,F,M5_cutoff_change,timestamp_set_changed,651,,,10,76,77,84,2026-06-21T15:23:51.283933+00:00,2026-06-21T15:23:13.593597+00:00,1,651,2026-06-21T15:23:13.593597+00:00,10,76,76,0,true,false,10,76,76,0,true,false,10,76,77,0,false,false,10,76,76,0,true,false
B,nyc,2026-06-21,20260621T112857-0400,2026-06-21T15:28:57.030849+00:00,11:28:52.169871,688,other,F,M5_cutoff_change,timestamp_set_changed,651,,,10,76,77,84,2026-06-21T15:28:57.030849+00:00,2026-06-21T15:27:53.731282+00:00,1,651,2026-06-21T15:27:53.731282+00:00,10,76,76,0,true,false,10,76,76,0,true,false,10,76,77,0,false,false,10,76,76,0,true,false
B,nyc,2026-06-21,20260621T113236-0400,2026-06-21T15:32:36.209149+00:00,11:32:34.121645,692,other,F,M5_cutoff_change,timestamp_set_changed,651,,,10,76,77,84,2026-06-21T15:32:36.209149+00:00,2026-06-21T15:31:22.711009+00:00,1,651,2026-06-21T15:31:22.711009+00:00,10,76,76,0,true,false,10,76,76,0,true,false,10,76,77,0,false,false,10,76,76,0,true,false
B,nyc,2026-06-21,20260621T114220-0400,2026-06-21T15:42:20.682948+00:00,11:42:19.665496,702,other,F,M5_cutoff_change,timestamp_set_changed,651,,,10,76,77,84,2026-06-21T15:42:20.682948+00:00,2026-06-21T15:36:11.748537+00:00,1,651,2026-06-21T15:36:11.748537+00:00,10,76,76,0,true,false,10,76,76,0,true,false,10,76,77,0,false,false,10,76,76,0,true,false
B,nyc,2026-06-21,20260621T115238-0400,2026-06-21T15:52:38.180853+00:00,11:52:31.144010,712,other,F,M5_cutoff_change,timestamp_set_changed,651,,,10,76,77,84,2026-06-21T15:52:38.180853+00:00,2026-06-21T15:43:28.924893+00:00,1,651,2026-06-21T15:43:28.924893+00:00,10,76,76,0,true,false,10,76,76,0,true,false,10,76,77,0,false,false,10,76,76,0,true,false
B,nyc,2026-06-21,20260621T124619-0400,2026-06-21T16:46:19.230888+00:00,12:46:18.301839,766,settlement_window,F,M5_cutoff_change,timestamp_set_changed,711,,,11,77,79,84,2026-06-21T16:46:19.230888+00:00,2026-06-21T16:44:19.783969+00:00,1,711,2026-06-21T16:44:19.783969+00:00,11,77,77,0,true,false,11,77,77,0,true,false,11,77,79,0,false,false,11,77,77,0,true,false
B,nyc,2026-06-21,20260621T142920-0400,2026-06-21T18:29:20.003416+00:00,14:29:19.532958,869,peak_heating_window,F,M5_cutoff_change,timestamp_set_changed,831,,,13,79,80,84,2026-06-21T18:29:20.003416+00:00,2026-06-21T18:28:23.414671+00:00,1,831,2026-06-21T18:28:23.414671+00:00,13,79,79,0,true,false,13,79,79,0,true,false,13,79,80,0,false,false,13,79,79,0,true,false
B,nyc,2026-06-21,20260621T150320-0400,2026-06-21T19:03:20.117261+00:00,15:03:19.686108,903,peak_heating_window,F,M5_cutoff_change,timestamp_set_changed,891,,,14,80,82,84,2026-06-21T19:03:20.117261+00:00,2026-06-21T19:02:31.574571+00:00,1,891,2026-06-21T19:02:31.574571+00:00,14,80,80,0,true,false,14,80,80,0,true,false,14,80,82,0,false,false,14,80,80,0,true,false
B,nyc,2026-06-21,20260621T151529-0400,2026-06-21T19:15:29.603539+00:00,15:15:29.061496,915,peak_heating_window,F,M5_cutoff_change,timestamp_set_changed,891,,,14,80,82,84,2026-06-21T19:15:29.603539+00:00,2026-06-21T19:13:23.057080+00:00,1,891,2026-06-21T19:13:23.057080+00:00,14,80,80,0,true,false,14,80,80,0,true,false,14,80,82,0,false,false,14,80,80,0,true,false
B,nyc,2026-06-21,20260621T160222-0400,2026-06-21T20:02:22.566719+00:00,16:02:22.009372,962,peak_heating_window,F,M5_cutoff_change,timestamp_set_changed,951,,,15,82,83,84,2026-06-21T20:02:22.566719+00:00,2026-06-21T20:01:28.889108+00:00,1,951,2026-06-21T20:01:28.889108+00:00,15,82,82,0,true,false,15,82,82,0,true,false,15,82,83,0,false,false,15,82,82,0,true,false
B,nyc,2026-06-21,20260621T161524-0400,2026-06-21T20:15:24.369510+00:00,16:15:23.738585,975,peak_heating_window,F,M5_cutoff_change,timestamp_set_changed,951,,,15,82,83,84,2026-06-21T20:15:24.369510+00:00,2026-06-21T20:11:32.538277+00:00,1,951,2026-06-21T20:11:32.538277+00:00,15,82,82,0,true,false,15,82,82,0,true,false,15,82,83,0,false,false,15,82,82,0,true,false
B,nyc,2026-06-21,20260621T161923-0400,2026-06-21T20:19:23.358523+00:00,16:19:22.855088,979,peak_heating_window,F,M5_cutoff_change,timestamp_set_changed,951,,,15,82,83,84,2026-06-21T20:19:23.358523+00:00,2026-06-21T20:18:29.791344+00:00,1,951,2026-06-21T20:18:29.791344+00:00,15,82,82,0,true,false,15,82,82,0,true,false,15,82,83,0,false,false,15,82,82,0,true,false
B,nyc,2026-06-21,20260621T180422-0400,2026-06-21T22:04:22.462637+00:00,18:04:21.939292,1084,other,F,M5_cutoff_change,timestamp_set_changed,1071,,,17,83,84,84,2026-06-21T22:04:22.462637+00:00,2026-06-21T22:03:27.880650+00:00,1,1071,2026-06-21T22:03:27.880650+00:00,17,83,83,0,true,false,17,83,83,0,true,false,17,83,84,0,false,false,17,83,83,0,true,false
B,nyc,2026-06-21,20260621T180921-0400,2026-06-21T22:09:21.100503+00:00,18:09:20.517094,1089,other,F,M5_cutoff_change,timestamp_set_changed,1071,,,17,83,84,84,2026-06-21T22:09:21.100503+00:00,2026-06-21T22:08:23.479354+00:00,1,1071,2026-06-21T22:08:23.479354+00:00,17,83,83,0,true,false,17,83,83,0,true,false,17,83,84,0,false,false,17,83,83,0,true,false
B,nyc,2026-06-21,20260621T181132-0400,2026-06-21T22:11:32.164464+00:00,18:11:31.463395,1091,other,F,M5_cutoff_change,timestamp_set_changed,1071,,,17,83,84,84,2026-06-21T22:11:32.164464+00:00,2026-06-21T22:10:28.443150+00:00,1,1071,2026-06-21T22:10:28.443150+00:00,17,83,83,0,true,false,17,83,83,0,true,false,17,83,84,0,false,false,17,83,83,0,true,false
B,nyc,2026-06-22,20260622T002020-0400,2026-06-22T04:20:20.638468+00:00,00:20:19.319009,20,pre_dawn,F,M2_empty_history,no_valid_row_change,,,,7,73,74,73,2026-06-22T04:20:20.638468+00:00,2026-06-22T04:12:30.769276+00:00,0,,,7,73,74,0,false,false,7,73,74,0,false,false,7,73,74,0,false,false,7,73,74,0,false,false
B,nyc,2026-06-22,20260622T005722-0400,2026-06-22T04:57:22.508961+00:00,00:57:19.719730,57,pre_dawn,F,M6_unexplained,timestamp_set_changed,,51,,7,72,73,73,2026-06-22T04:57:22.508961+00:00,2026-06-22T04:44:21.996054+00:00,0,,,7,72,73,0,false,false,7,72,73,0,false,false,7,72,73,0,false,false,7,72,73,0,false,false
B,nyc,2026-06-26,20260626T004915-0400,2026-06-26T04:49:15.477819+00:00,00:49:15.060816,49,pre_dawn,F,M2_empty_history,no_valid_row_change,,,,7,71,72,83,2026-06-26T04:49:15.477819+00:00,2026-06-26T04:10:21.506103+00:00,0,,,7,71,72,0,false,false,7,71,72,0,false,false,7,71,72,0,false,false,7,71,72,0,false,false
B,nyc,2026-06-26,20260626T124447-0400,2026-06-26T16:44:47.672839+00:00,12:44:47.101822,764,settlement_window,F,M5_cutoff_change,timestamp_set_changed,711,,,11,74,75,83,2026-06-26T16:44:47.672839+00:00,2026-06-26T16:43:58.964795+00:00,1,711,2026-06-26T16:43:58.964795+00:00,11,74,74,0,true,false,11,74,74,0,true,false,11,74,75,0,false,false,11,74,74,0,true,false
B,nyc,2026-06-26,20260626T143142-0400,2026-06-26T18:31:42.601417+00:00,14:31:42.121042,871,peak_heating_window,F,M5_cutoff_change,timestamp_set_changed,817|831,,,13,75,77,83,2026-06-26T18:31:42.601417+00:00,2026-06-26T18:30:42.303073+00:00,2,817|831,2026-06-26T18:30:42.303073+00:00,13,75,75,0,true,false,13,75,75,0,true,false,13,75,77,0,false,false,13,75,75,0,true,false
B,nyc,2026-06-26,20260626T152657-0400,2026-06-26T19:26:57.740701+00:00,15:26:57.275554,926,peak_heating_window,F,M5_cutoff_change,timestamp_set_changed,891,,,14,77,80,83,2026-06-26T19:26:57.740701+00:00,2026-06-26T19:26:16.212391+00:00,1,891,2026-06-26T19:26:16.212391+00:00,14,77,77,0,true,false,14,77,77,0,true,false,14,77,80,0,false,false,14,77,77,0,true,false
B,san-francisco,2026-06-07,20260607T033542-0400,2026-06-07T07:35:42.822803+00:00,00:35:42.746806,35,pre_dawn,F,M2_empty_history,no_valid_row_change,,,,9,52,53,67,2026-06-07T07:35:42.822803+00:00,2026-06-07T07:25:30.425186+00:00,0,,,7,52,53,0,false,false,7,52,53,0,false,false,9,52,53,0,false,false,7,52,53,0,false,false
B,san-francisco,2026-06-07,20260607T040618-0400,2026-06-07T08:06:18.646528+00:00,01:06:18.536109,66,pre_dawn,F,M6_unexplained,timestamp_set_changed,,56,,9,52,53,67,2026-06-07T08:06:18.646528+00:00,2026-06-07T07:56:08.262254+00:00,0,,,7,52,53,0,false,false,7,52,53,0,false,false,9,52,53,0,false,false,7,52,53,0,false,false
B,san-francisco,2026-06-09,20260609T141618-0400,2026-06-09T18:16:18.836623+00:00,11:16:18.692624,676,other,F,M6_unexplained,timestamp_set_changed,,656,660,11,66,67,67,2026-06-09T18:16:18.836623+00:00,2026-06-09T18:06:05.021898+00:00,0,,,11,67,67,1,true,false,11,67,67,1,true,false,11,66,67,0,false,false,11,66,67,0,false,false
B,san-francisco,2026-06-09,20260609T171152-0400,2026-06-09T21:11:52.019691+00:00,14:11:51.609054,851,peak_heating_window,F,M1_restatement,timestamp_set_changed,780,840,,14,67,68,67,2026-06-09T21:11:52.019691+00:00,2026-06-09T21:01:37.254676+00:00,0,,,14,68,68,1,true,true,14,68,68,1,true,true,14,67,68,0,false,false,14,67,68,0,false,false
B,san-francisco,2026-06-12,20260612T032642-0400,2026-06-12T07:26:42.229093+00:00,00:26:42.000925,26,pre_dawn,F,M2_empty_history,no_valid_row_change,,,,7,59,60,71,2026-06-12T07:26:42.229093+00:00,2026-06-12T07:16:30.762532+00:00,0,,,7,59,60,0,false,false,7,59,60,0,false,false,7,59,60,0,false,false,7,59,60,0,false,false
B,san-francisco,2026-06-13,20260613T032931-0400,2026-06-13T07:29:31.719499+00:00,00:29:31.548331,29,pre_dawn,F,M2_empty_history,no_valid_row_change,,,,7,56,57,71,2026-06-13T07:29:31.719499+00:00,2026-06-13T07:19:16.956459+00:00,0,,,7,56,57,0,false,false,7,56,57,0,false,false,7,56,57,0,false,false,7,56,57,0,false,false
B,san-francisco,2026-06-14,20260614T034912-0400,2026-06-14T07:49:12.469618+00:00,00:49:12.441884,49,pre_dawn,F,M2_empty_history,no_valid_row_change,,,,7,59,60,75,2026-06-14T07:49:12.469618+00:00,2026-06-14T07:44:18.965254+00:00,0,,,7,59,60,0,false,false,7,59,60,0,false,false,7,59,60,0,false,false,7,59,60,0,false,false
B,san-francisco,2026-06-14,20260614T151103-0400,2026-06-14T19:11:03.742959+00:00,12:11:03.707969,731,settlement_window,F,M5_cutoff_change,timestamp_set_changed,716,,,10,65,66,75,2026-06-14T19:11:03.742959+00:00,2026-06-14T19:10:34.577746+00:00,1,716,2026-06-14T19:10:34.577746+00:00,11,66,66,1,true,false,11,66,66,1,true,false,11,66,66,1,true,false,11,66,66,1,true,false
B,san-francisco,2026-06-16,20260616T124554-0400,2026-06-16T16:45:54.828348+00:00,09:45:51.988420,585,other,F,M5_cutoff_change,timestamp_set_changed,536|554|572,,,8,60,61,70,2026-06-16T16:45:54.828348+00:00,2026-06-16T16:45:21.058746+00:00,3,536|554|572,2026-06-16T16:45:21.058746+00:00,9,61,61,1,true,false,9,61,61,1,true,false,9,61,61,1,true,false,9,61,61,1,true,false
B,san-francisco,2026-06-16,20260616T140836-0400,2026-06-16T18:08:36.732849+00:00,11:08:35.587192,668,other,F,M5_cutoff_change,timestamp_set_changed,656,,,10,64,67,70,2026-06-16T18:08:36.732849+00:00,2026-06-16T18:07:32.872817+00:00,1,656,2026-06-16T18:07:32.872817+00:00,10,64,64,0,true,false,10,64,64,0,true,false,10,64,67,0,false,false,10,64,64,0,true,false
B,san-francisco,2026-06-16,20260616T142728-0400,2026-06-16T18:27:28.573468+00:00,11:27:28.160869,687,other,F,M5_cutoff_change,timestamp_set_changed,656,,,10,64,67,70,2026-06-16T18:27:28.573468+00:00,2026-06-16T18:26:29.646935+00:00,1,656,2026-06-16T18:26:29.646935+00:00,10,64,64,0,true,false,10,64,64,0,true,false,10,64,67,0,false,false,10,64,64,0,true,false
B,san-francisco,2026-06-16,20260616T143615-0400,2026-06-16T18:36:15.202340+00:00,11:36:14.765829,696,other,F,M5_cutoff_change,timestamp_set_changed,656,,,10,64,67,70,2026-06-16T18:36:15.202340+00:00,2026-06-16T18:35:23.894703+00:00,1,656,2026-06-16T18:35:23.894703+00:00,10,64,64,0,true,false,10,64,64,0,true,false,10,64,67,0,false,false,10,64,64,0,true,false
B,san-francisco,2026-06-19,20260619T121336-0400,2026-06-19T16:13:36.794242+00:00,09:13:36.411331,553,other,F,M5_cutoff_change,timestamp_set_changed,536,,,8,62,63,70,2026-06-19T16:13:36.794242+00:00,2026-06-19T16:13:29.466692+00:00,1,536,2026-06-19T16:13:29.466692+00:00,8,62,62,0,true,false,8,62,62,0,true,false,8,62,63,0,false,false,8,62,62,0,true,false
B,san-francisco,2026-06-19,20260619T123943-0400,2026-06-19T16:39:43.075770+00:00,09:39:42.338769,579,other,F,M5_cutoff_change,timestamp_set_changed,536,,,8,62,63,70,2026-06-19T16:39:43.075770+00:00,2026-06-19T16:34:28.659312+00:00,1,536,2026-06-19T16:34:28.659312+00:00,8,62,62,0,true,false,8,62,62,0,true,false,8,62,63,0,false,false,8,62,62,0,true,false
B,san-francisco,2026-06-19,20260619T124149-0400,2026-06-19T16:41:49.696745+00:00,09:41:48.809200,581,other,F,M5_cutoff_change,timestamp_set_changed,536,,,8,62,63,70,2026-06-19T16:41:49.696745+00:00,2026-06-19T16:40:54.489831+00:00,1,536,2026-06-19T16:40:54.489831+00:00,8,62,62,0,true,false,8,62,62,0,true,false,8,62,63,0,false,false,8,62,62,0,true,false
B,san-francisco,2026-06-19,20260619T124358-0400,2026-06-19T16:43:58.519060+00:00,09:43:57.333629,583,other,F,M5_cutoff_change,timestamp_set_changed,536,,,8,62,63,70,2026-06-19T16:43:58.519060+00:00,2026-06-19T16:42:51.738178+00:00,1,536,2026-06-19T16:42:51.738178+00:00,8,62,62,0,true,false,8,62,62,0,true,false,8,62,63,0,false,false,8,62,62,0,true,false
B,san-francisco,2026-06-19,20260619T124836-0400,2026-06-19T16:48:36.296916+00:00,09:48:35.542886,588,other,F,M5_cutoff_change,timestamp_set_changed,536,,,8,62,63,70,2026-06-19T16:48:36.296916+00:00,2026-06-19T16:45:21.251627+00:00,1,536,2026-06-19T16:45:21.251627+00:00,8,62,62,0,true,false,8,62,62,0,true,false,8,62,63,0,false,false,8,62,62,0,true,false
B,san-francisco,2026-06-19,20260619T165125-0400,2026-06-19T20:51:25.703877+00:00,13:51:24.673773,831,settlement_window,F,M5_cutoff_change,timestamp_set_changed,776,,,12,66,68,70,2026-06-19T20:51:25.703877+00:00,2026-06-19T20:48:52.732426+00:00,1,776,2026-06-19T20:48:52.732426+00:00,12,66,66,0,true,false,12,66,66,0,true,false,12,66,68,0,false,false,12,66,66,0,true,false
B,san-francisco,2026-06-20,20260620T054246-0400,2026-06-20T09:42:46.780934+00:00,02:42:46.583208,162,pre_dawn,F,M3_rows_dropped,timestamp_set_changed,116,,,7,62,63,71,2026-06-20T09:42:46.780934+00:00,2026-06-20T09:39:49.195373+00:00,1,116,2026-06-20T09:39:49.195373+00:00,7,63,63,1,true,false,7,63,63,1,true,false,7,63,63,1,true,false,7,63,63,1,true,false
B,san-francisco,2026-06-20,20260620T124932-0400,2026-06-20T16:49:32.160066+00:00,09:49:31.723465,589,other,F,M5_cutoff_change,timestamp_set_changed,536,,,8,63,64,71,2026-06-20T16:49:32.160066+00:00,2026-06-20T16:48:30.440754+00:00,1,536,2026-06-20T16:48:30.440754+00:00,8,63,63,0,true,false,8,63,63,0,true,false,8,63,64,0,false,false,8,63,63,0,true,false
B,san-francisco,2026-06-20,20260620T125342-0400,2026-06-20T16:53:42.430665+00:00,09:53:41.991327,593,other,F,M5_cutoff_change,timestamp_set_changed,536,,,8,63,64,71,2026-06-20T16:53:42.430665+00:00,2026-06-20T16:52:23.673394+00:00,1,536,2026-06-20T16:52:23.673394+00:00,8,63,63,0,true,false,8,63,63,0,true,false,8,63,64,0,false,false,8,63,63,0,true,false
B,san-francisco,2026-06-20,20260620T134727-0400,2026-06-20T17:47:27.733770+00:00,10:47:27.309204,647,other,F,M5_cutoff_change,timestamp_set_changed,596,,,9,64,66,71,2026-06-20T17:47:27.733770+00:00,2026-06-20T17:46:27.261815+00:00,1,596,2026-06-20T17:46:27.261815+00:00,9,64,64,0,true,false,9,64,64,0,true,false,9,64,66,0,false,false,9,64,64,0,true,false
B,san-francisco,2026-06-20,20260620T161357-0400,2026-06-20T20:13:57.178910+00:00,13:13:56.459524,793,settlement_window,F,M5_cutoff_change,timestamp_set_changed,776,,,12,70,71,71,2026-06-20T20:13:57.178910+00:00,2026-06-20T20:10:54.033416+00:00,1,776,2026-06-20T20:10:54.033416+00:00,12,70,70,0,true,false,12,70,70,0,true,false,12,70,71,0,false,false,12,70,70,0,true,false
B,san-francisco,2026-06-20,20260620T161954-0400,2026-06-20T20:19:54.226828+00:00,13:19:53.345653,799,settlement_window,F,M5_cutoff_change,timestamp_set_changed,776,,,12,70,71,71,2026-06-20T20:19:54.226828+00:00,2026-06-20T20:16:02.187785+00:00,1,776,2026-06-20T20:16:02.187785+00:00,12,70,70,0,true,false,12,70,70,0,true,false,12,70,71,0,false,false,12,70,70,0,true,false
B,san-francisco,2026-06-20,20260620T163334-0400,2026-06-20T20:33:34.588471+00:00,13:33:32.946488,813,settlement_window,F,M5_cutoff_change,timestamp_set_changed,776,,,12,70,71,71,2026-06-20T20:33:34.588471+00:00,2026-06-20T20:32:45.289144+00:00,1,776,2026-06-20T20:32:45.289144+00:00,12,70,70,0,true,false,12,70,70,0,true,false,12,70,71,0,false,false,12,70,70,0,true,false
B,san-francisco,2026-06-20,20260620T164450-0400,2026-06-20T20:44:50.009724+00:00,13:44:49.255998,824,settlement_window,F,M5_cutoff_change,timestamp_set_changed,776,,,12,70,71,71,2026-06-20T20:44:50.009724+00:00,2026-06-20T20:41:02.007204+00:00,1,776,2026-06-20T20:41:02.007204+00:00,12,70,70,0,true,false,12,70,70,0,true,false,12,70,71,0,false,false,12,70,70,0,true,false
B,san-francisco,2026-06-21,20260621T145322-0400,2026-06-21T18:53:22.800607+00:00,11:53:22.123978,713,other,F,M5_cutoff_change,timestamp_set_changed,656,,,10,60,63,69,2026-06-21T18:53:22.800607+00:00,2026-06-21T18:43:32.412379+00:00,1,656,2026-06-21T18:43:32.412379+00:00,10,60,60,0,true,false,10,60,60,0,true,false,10,60,63,0,false,false,10,60,60,0,true,false
B,san-francisco,2026-06-21,20260621T154537-0400,2026-06-21T19:45:37.474859+00:00,12:45:37.024357,765,settlement_window,F,M5_cutoff_change,timestamp_set_changed,716,,,11,63,65,69,2026-06-21T19:45:37.474859+00:00,2026-06-21T19:40:57.445921+00:00,1,716,2026-06-21T19:40:57.445921+00:00,11,63,63,0,true,false,11,63,63,0,true,false,11,63,65,0,false,false,11,63,63,0,true,false
B,san-francisco,2026-06-22,20260622T032641-0400,2026-06-22T07:26:41.309975+00:00,00:26:41.082692,26,pre_dawn,F,M2_empty_history,no_valid_row_change,,,,7,56,57,66,2026-06-22T07:26:41.309975+00:00,2026-06-22T07:25:26.416137+00:00,0,,,7,56,57,0,false,false,7,56,57,0,false,false,7,56,57,0,false,false,7,56,57,0,false,false
B,san-francisco,2026-06-22,20260622T033630-0400,2026-06-22T07:36:30.886432+00:00,00:36:30.609885,36,pre_dawn,F,M2_empty_history,no_valid_row_change,,,,7,56,57,66,2026-06-22T07:36:30.886432+00:00,2026-06-22T07:35:38.740842+00:00,0,,,7,56,57,0,false,false,7,56,57,0,false,false,7,56,57,0,false,false,7,56,57,0,false,false
B,san-francisco,2026-06-22,20260622T034426-0400,2026-06-22T07:44:26.642790+00:00,00:44:26.377693,44,pre_dawn,F,M2_empty_history,no_valid_row_change,,,,7,56,57,66,2026-06-22T07:44:26.642790+00:00,2026-06-22T07:43:33.247428+00:00,0,,,7,56,57,0,false,false,7,56,57,0,false,false,7,56,57,0,false,false,7,56,57,0,false,false
B,san-francisco,2026-06-22,20260622T035535-0400,2026-06-22T07:55:35.764632+00:00,00:55:35.557205,55,pre_dawn,F,M2_empty_history,no_valid_row_change,,,,7,56,57,66,2026-06-22T07:55:35.764632+00:00,2026-06-22T07:54:26.061225+00:00,0,,,7,56,57,0,false,false,7,56,57,0,false,false,7,56,57,0,false,false,7,56,57,0,false,false
B,san-francisco,2026-06-22,20260622T131540-0400,2026-06-22T17:15:40.210093+00:00,10:15:39.579904,615,other,F,M5_cutoff_change,timestamp_set_changed,572|596,,,9,57,61,66,2026-06-22T17:15:40.210093+00:00,2026-06-22T17:13:39.819473+00:00,2,572|596,2026-06-22T17:13:39.819473+00:00,9,57,57,0,true,false,9,57,57,0,true,false,9,57,61,0,false,false,9,57,57,0,true,false
B,san-francisco,2026-06-22,20260622T132658-0400,2026-06-22T17:26:58.944294+00:00,10:26:57.963731,626,other,F,M5_cutoff_change,timestamp_set_changed,572|596,,,9,57,61,66,2026-06-22T17:26:58.944294+00:00,2026-06-22T17:16:53.361569+00:00,2,572|596,2026-06-22T17:16:53.361569+00:00,9,57,57,0,true,false,9,57,57,0,true,false,9,57,61,0,false,false,9,57,57,0,true,false
B,san-francisco,2026-06-22,20260622T141856-0400,2026-06-22T18:18:56.539511+00:00,11:18:55.495758,678,other,F,M5_cutoff_change,timestamp_set_changed,656,,,10,61,63,66,2026-06-22T18:18:56.539511+00:00,2026-06-22T18:05:10.408466+00:00,1,656,2026-06-22T18:05:10.408466+00:00,10,61,61,0,true,false,10,61,61,0,true,false,10,61,63,0,false,false,10,61,61,0,true,false
B,san-francisco,2026-06-26,20260626T121359-0400,2026-06-26T16:13:59.791896+00:00,09:13:59.349906,553,other,F,M5_cutoff_change,timestamp_set_changed,536,,,8,59,62,68,2026-06-26T16:13:59.791896+00:00,2026-06-26T16:12:00.472844+00:00,1,536,2026-06-26T16:12:00.472844+00:00,8,59,59,0,true,false,8,59,59,0,true,false,8,59,62,0,false,false,8,59,59,0,true,false
B,san-francisco,2026-06-26,20260627T012909-0400,2026-06-27T05:29:09.361232+00:00,22:29:08.447667,1349,other,F,M2_empty_history,timestamp_set_changed,56|116|176|236|296|356|416|476|536|581|596|656|716|745|776|828|836|896|956|1016|1076|1110|1136|1196|1256|1279,,,20,60,68,68,2026-06-27T05:29:09.361232+00:00,2026-06-27T05:19:05.422172+00:00,26,56|116|176|236|296|356|416|476|536|581|596|656|716|745|776|828|836|896|956|1016|1076|1110|1136|1196|1256|1279,2026-06-27T05:19:05.422172+00:00,20,68,68,8,true,false,20,68,68,8,true,false,20,60,68,0,false,false,20,68,68,8,true,false
B,san-francisco,2026-06-26,20260627T025838-0400,2026-06-27T06:58:38.048036+00:00,23:58:37.655359,1438,other,F,M2_empty_history,no_valid_row_change,,,,20,59,60,68,2026-06-27T06:58:38.048036+00:00,2026-06-27T06:39:24.131095+00:00,26,56|116|176|236|296|356|416|476|536|581|596|656|716|745|776|828|836|896|956|1016|1076|1110|1136|1196|1256|1279,2026-06-27T05:19:05.422172+00:00,20,68,68,9,true,false,20,68,68,9,true,false,20,59,60,0,false,false,20,68,68,9,true,false
B,seattle,2026-06-07,20260607T032531-0400,2026-06-07T07:25:31.180057+00:00,00:25:31.097057,25,pre_dawn,F,M2_empty_history,no_valid_row_change,,,,9,47,48,65,2026-06-07T07:25:31.180057+00:00,2026-06-07T07:15:13.605094+00:00,0,,,7,47,48,0,false,false,7,47,48,0,false,false,9,47,48,0,false,false,7,47,48,0,false,false
B,seattle,2026-06-08,20260608T033637-0400,2026-06-08T07:36:37.073564+00:00,00:36:36.834744,36,pre_dawn,F,M2_empty_history,no_valid_row_change,,,,9,54,55,61,2026-06-08T07:36:37.073564+00:00,2026-06-08T07:26:23.850679+00:00,0,,,7,54,55,0,false,false,7,54,55,0,false,false,9,54,55,0,false,false,7,54,55,0,false,false
B,seattle,2026-06-09,20260609T181337-0400,2026-06-09T22:13:37.605915+00:00,15:13:37.400485,913,peak_heating_window,F,M1_restatement,timestamp_set_changed,840,900,,15,62,63,63,2026-06-09T22:13:37.605915+00:00,2026-06-09T22:03:21.588718+00:00,0,,,15,63,63,1,true,false,15,63,63,1,true,false,15,62,63,0,false,false,15,62,63,0,false,false
B,seattle,2026-06-13,20260613T032932-0400,2026-06-13T07:29:32.650739+00:00,00:29:32.430873,29,pre_dawn,F,M2_empty_history,no_valid_row_change,,,,7,61,62,82,2026-06-13T07:29:32.650739+00:00,2026-06-13T07:19:18.633011+00:00,0,,,7,61,62,0,false,false,7,61,62,0,false,false,7,61,62,0,false,false,7,61,62,0,false,false
B,seattle,2026-06-14,20260614T031520-0400,2026-06-14T07:15:20.915400+00:00,00:15:20.653808,15,pre_dawn,F,M2_empty_history,no_valid_row_change,,,,7,69,70,88,2026-06-14T07:15:20.915400+00:00,2026-06-14T07:13:41.358365+00:00,0,,,7,69,70,0,false,false,7,69,70,0,false,false,7,69,70,0,false,false,7,69,70,0,false,false
B,seattle,2026-06-14,20260614T034427-0400,2026-06-14T07:44:27.990464+00:00,00:44:27.964464,44,pre_dawn,F,M2_empty_history,no_valid_row_change,,,,7,68,69,88,2026-06-14T07:44:27.990464+00:00,2026-06-14T07:34:09.238089+00:00,0,,,7,68,69,0,false,false,7,68,69,0,false,false,7,68,69,0,false,false,7,68,69,0,false,false
B,seattle,2026-06-14,20260614T130119-0400,2026-06-14T17:01:19.525559+00:00,10:01:19.490287,601,other,F,M5_cutoff_change,timestamp_set_changed,593,,,8,69,74,88,2026-06-14T17:01:19.525559+00:00,2026-06-14T17:00:25.535440+00:00,1,593,2026-06-14T17:00:25.535440+00:00,9,74,74,5,true,false,9,74,74,5,true,false,9,74,74,5,true,false,9,74,74,5,true,false
B,seattle,2026-06-14,20260614T130308-0400,2026-06-14T17:03:08.559386+00:00,10:03:08.531382,603,other,F,M5_cutoff_change,timestamp_set_changed,593,,,8,69,74,88,2026-06-14T17:03:08.559386+00:00,2026-06-14T17:02:08.133519+00:00,1,593,2026-06-14T17:02:08.133519+00:00,9,74,74,5,true,false,9,74,74,5,true,false,9,74,74,5,true,false,9,74,74,5,true,false
B,seattle,2026-06-14,20260614T163704-0400,2026-06-14T20:37:04.299303+00:00,13:37:04.267796,817,settlement_window,F,M5_cutoff_change,timestamp_set_changed,773,,,11,79,81,88,2026-06-14T20:37:04.299303+00:00,2026-06-14T20:36:08.792223+00:00,1,773,2026-06-14T20:36:08.792223+00:00,12,81,81,2,true,false,12,81,81,2,true,false,12,81,81,2,true,false,12,81,81,2,true,false
B,seattle,2026-06-16,20260616T031032-0400,2026-06-16T07:10:32.710287+00:00,00:10:32.086527,10,pre_dawn,F,M2_empty_history,no_valid_row_change,,,,7,65,66,77,2026-06-16T07:10:32.710287+00:00,2026-06-16T07:06:32.898206+00:00,0,,,7,65,66,0,false,false,7,65,66,0,false,false,7,65,66,0,false,false,7,65,66,0,false,false
B,seattle,2026-06-16,20260616T181437-0400,2026-06-16T22:14:37.092083+00:00,15:14:36.687753,914,peak_heating_window,F,M5_cutoff_change,timestamp_set_changed,893,,,14,73,75,77,2026-06-16T22:14:37.092083+00:00,2026-06-16T22:13:48.633532+00:00,1,893,2026-06-16T22:13:48.633532+00:00,14,73,73,0,true,false,14,73,73,0,true,false,14,73,75,0,false,false,14,73,73,0,true,false
B,seattle,2026-06-16,20260616T181743-0400,2026-06-16T22:17:43.680973+00:00,15:17:43.340101,917,peak_heating_window,F,M5_cutoff_change,timestamp_set_changed,893,,,14,73,75,77,2026-06-16T22:17:43.680973+00:00,2026-06-16T22:16:38.765997+00:00,1,893,2026-06-16T22:16:38.765997+00:00,14,73,73,0,true,false,14,73,73,0,true,false,14,73,75,0,false,false,14,73,73,0,true,false
B,seattle,2026-06-16,20260616T182037-0400,2026-06-16T22:20:37.533631+00:00,15:20:37.127796,920,peak_heating_window,F,M5_cutoff_change,timestamp_set_changed,893,,,14,73,75,77,2026-06-16T22:20:37.533631+00:00,2026-06-16T22:19:38.668698+00:00,1,893,2026-06-16T22:19:38.668698+00:00,14,73,73,0,true,false,14,73,73,0,true,false,14,73,75,0,false,false,14,73,73,0,true,false
B,seattle,2026-06-16,20260616T182439-0400,2026-06-16T22:24:39.080029+00:00,15:24:38.652942,924,peak_heating_window,F,M5_cutoff_change,timestamp_set_changed,893,,,14,73,75,77,2026-06-16T22:24:39.080029+00:00,2026-06-16T22:23:40.451771+00:00,1,893,2026-06-16T22:23:40.451771+00:00,14,73,73,0,true,false,14,73,73,0,true,false,14,73,75,0,false,false,14,73,73,0,true,false
B,seattle,2026-06-16,20260616T183036-0400,2026-06-16T22:30:36.760876+00:00,15:30:36.350262,930,peak_heating_window,F,M5_cutoff_change,timestamp_set_changed,893,,,14,73,75,77,2026-06-16T22:30:36.760876+00:00,2026-06-16T22:29:37.261820+00:00,1,893,2026-06-16T22:29:37.261820+00:00,14,73,73,0,true,false,14,73,73,0,true,false,14,73,75,0,false,false,14,73,73,0,true,false
B,seattle,2026-06-16,20260616T183246-0400,2026-06-16T22:32:46.627993+00:00,15:32:46.147919,932,peak_heating_window,F,M5_cutoff_change,timestamp_set_changed,893,,,14,73,75,77,2026-06-16T22:32:46.627993+00:00,2026-06-16T22:31:46.058500+00:00,1,893,2026-06-16T22:31:46.058500+00:00,14,73,73,0,true,false,14,73,73,0,true,false,14,73,75,0,false,false,14,73,73,0,true,false
B,seattle,2026-06-16,20260616T183436-0400,2026-06-16T22:34:36.986927+00:00,15:34:36.509977,934,peak_heating_window,F,M5_cutoff_change,timestamp_set_changed,893,,,14,73,75,77,2026-06-16T22:34:36.986927+00:00,2026-06-16T22:33:46.051993+00:00,1,893,2026-06-16T22:33:46.051993+00:00,14,73,73,0,true,false,14,73,73,0,true,false,14,73,75,0,false,false,14,73,73,0,true,false
B,seattle,2026-06-17,20260617T032332-0400,2026-06-17T07:23:32.669499+00:00,00:23:32.212753,23,pre_dawn,F,M2_empty_history,no_valid_row_change,,,,7,59,60,72,2026-06-17T07:23:32.669499+00:00,2026-06-17T07:12:42.160536+00:00,0,,,7,59,60,0,false,false,7,59,60,0,false,false,7,59,60,0,false,false,7,59,60,0,false,false
B,seattle,2026-06-17,20260617T142855-0400,2026-06-17T18:28:55.487304+00:00,11:28:54.788069,688,other,F,M5_cutoff_change,timestamp_set_changed,653|659,,,10,59,61,72,2026-06-17T18:28:55.487304+00:00,2026-06-17T18:27:52.254534+00:00,2,653|659,2026-06-17T18:27:52.254534+00:00,10,59,59,0,true,false,10,59,59,0,true,false,10,59,61,0,false,false,10,59,59,0,true,false
B,seattle,2026-06-17,20260617T143754-0400,2026-06-17T18:37:54.967230+00:00,11:37:54.189399,697,other,F,M5_cutoff_change,timestamp_set_changed,653|659,,,10,59,61,72,2026-06-17T18:37:54.967230+00:00,2026-06-17T18:36:49.359041+00:00,2,653|659,2026-06-17T18:36:49.359041+00:00,10,59,59,0,true,false,10,59,59,0,true,false,10,59,61,0,false,false,10,59,59,0,true,false
B,seattle,2026-06-17,20260617T144102-0400,2026-06-17T18:41:02.613769+00:00,11:40:59.891872,700,other,F,M5_cutoff_change,timestamp_set_changed,653|659,,,10,59,61,72,2026-06-17T18:41:02.613769+00:00,2026-06-17T18:39:44.476592+00:00,2,653|659,2026-06-17T18:39:44.476592+00:00,10,59,59,0,true,false,10,59,59,0,true,false,10,59,61,0,false,false,10,59,59,0,true,false
B,seattle,2026-06-17,20260617T144446-0400,2026-06-17T18:44:46.766602+00:00,11:44:46.102128,704,other,F,M5_cutoff_change,timestamp_set_changed,653|659,,,10,59,61,72,2026-06-17T18:44:46.766602+00:00,2026-06-17T18:42:45.181855+00:00,2,653|659,2026-06-17T18:42:45.181855+00:00,10,59,59,0,true,false,10,59,59,0,true,false,10,59,61,0,false,false,10,59,59,0,true,false
B,seattle,2026-06-17,20260617T144855-0400,2026-06-17T18:48:55.986746+00:00,11:48:55.292835,708,other,F,M5_cutoff_change,timestamp_set_changed,653|659,,,10,59,61,72,2026-06-17T18:48:55.986746+00:00,2026-06-17T18:46:41.876449+00:00,2,653|659,2026-06-17T18:46:41.876449+00:00,10,59,59,0,true,false,10,59,59,0,true,false,10,59,61,0,false,false,10,59,59,0,true,false
B,seattle,2026-06-17,20260617T145302-0400,2026-06-17T18:53:02.461316+00:00,11:53:01.190330,713,other,F,M5_cutoff_change,timestamp_set_changed,653|659,,,10,59,61,72,2026-06-17T18:53:02.461316+00:00,2026-06-17T18:51:38.377862+00:00,2,653|659,2026-06-17T18:51:38.377862+00:00,10,59,59,0,true,false,10,59,59,0,true,false,10,59,61,0,false,false,10,59,59,0,true,false
B,seattle,2026-06-17,20260617T152341-0400,2026-06-17T19:23:41.433729+00:00,12:23:40.975474,743,settlement_window,F,M5_cutoff_change,timestamp_set_changed,713,,,11,61,64,72,2026-06-17T19:23:41.433729+00:00,2026-06-17T19:21:50.162228+00:00,1,713,2026-06-17T19:21:50.162228+00:00,11,61,61,0,true,false,11,61,61,0,true,false,11,61,64,0,false,false,11,61,61,0,true,false
B,seattle,2026-06-17,20260617T152949-0400,2026-06-17T19:29:49.030094+00:00,12:29:48.447511,749,settlement_window,F,M5_cutoff_change,timestamp_set_changed,713,,,11,61,64,72,2026-06-17T19:29:49.030094+00:00,2026-06-17T19:28:47.691814+00:00,1,713,2026-06-17T19:28:47.691814+00:00,11,61,61,0,true,false,11,61,61,0,true,false,11,61,64,0,false,false,11,61,61,0,true,false
B,seattle,2026-06-17,20260617T154743-0400,2026-06-17T19:47:43.663360+00:00,12:47:43.169451,767,settlement_window,F,M5_cutoff_change,timestamp_set_changed,713,,,11,61,64,72,2026-06-17T19:47:43.663360+00:00,2026-06-17T19:46:53.234727+00:00,1,713,2026-06-17T19:46:53.234727+00:00,11,61,61,0,true,false,11,61,61,0,true,false,11,61,64,0,false,false,11,61,61,0,true,false
B,seattle,2026-06-17,20260617T172350-0400,2026-06-17T21:23:50.377334+00:00,14:23:49.940518,863,peak_heating_window,F,M5_cutoff_change,timestamp_set_changed,833|840,,,13,65,67,72,2026-06-17T21:23:50.377334+00:00,2026-06-17T21:22:41.718362+00:00,2,833|840,2026-06-17T21:22:41.718362+00:00,14,67,67,2,true,false,14,67,67,2,true,false,14,67,67,2,true,false,14,67,67,2,true,false
B,seattle,2026-06-19,20260619T034840-0400,2026-06-19T07:48:40.998778+00:00,00:48:40.605921,48,pre_dawn,F,M2_empty_history,no_valid_row_change,,,,7,65,66,81,2026-06-19T07:48:40.998778+00:00,2026-06-19T07:44:33.463616+00:00,0,,,7,65,66,0,false,false,7,65,66,0,false,false,7,65,66,0,false,false,7,65,66,0,false,false
B,seattle,2026-06-19,20260619T035242-0400,2026-06-19T07:52:42.308215+00:00,00:52:42.110172,52,pre_dawn,F,M2_empty_history,no_valid_row_change,,,,7,65,66,81,2026-06-19T07:52:42.308215+00:00,2026-06-19T07:51:42.412685+00:00,0,,,7,65,66,0,false,false,7,65,66,0,false,false,7,65,66,0,false,false,7,65,66,0,false,false
B,seattle,2026-06-19,20260619T035734-0400,2026-06-19T07:57:34.328108+00:00,00:57:33.922970,57,pre_dawn,F,M6_unexplained,timestamp_set_changed,,53,,7,63,65,81,2026-06-19T07:57:34.328108+00:00,2026-06-19T07:56:36.526584+00:00,0,,,7,63,65,0,false,false,7,63,65,0,false,false,7,63,65,0,false,false,7,63,65,0,false,false
B,seattle,2026-06-19,20260619T050152-0400,2026-06-19T09:01:52.298338+00:00,02:01:51.857508,121,pre_dawn,F,M3_rows_dropped,timestamp_set_changed,113,,,7,63,64,81,2026-06-19T09:01:52.298338+00:00,2026-06-19T09:00:40.623205+00:00,1,113,2026-06-19T09:00:40.623205+00:00,7,64,64,1,true,false,7,64,64,1,true,false,7,64,64,1,true,false,7,64,64,1,true,false
B,seattle,2026-06-19,20260619T050741-0400,2026-06-19T09:07:41.159714+00:00,02:07:40.906153,127,pre_dawn,F,M3_rows_dropped,timestamp_set_changed,113,,,7,63,64,81,2026-06-19T09:07:41.159714+00:00,2026-06-19T09:06:41.458102+00:00,1,113,2026-06-19T09:06:41.458102+00:00,7,64,64,1,true,false,7,64,64,1,true,false,7,64,64,1,true,false,7,64,64,1,true,false
B,seattle,2026-06-19,20260619T051038-0400,2026-06-19T09:10:38.590509+00:00,02:10:38.174160,130,pre_dawn,F,M3_rows_dropped,timestamp_set_changed,113,,,7,63,64,81,2026-06-19T09:10:38.590509+00:00,2026-06-19T09:09:35.909813+00:00,1,113,2026-06-19T09:09:35.909813+00:00,7,64,64,1,true,false,7,64,64,1,true,false,7,64,64,1,true,false,7,64,64,1,true,false
B,seattle,2026-06-19,20260619T052938-0400,2026-06-19T09:29:38.847067+00:00,02:29:38.609361,149,pre_dawn,F,M3_rows_dropped,timestamp_set_changed,113,,,7,63,64,81,2026-06-19T09:29:38.847067+00:00,2026-06-19T09:28:36.755366+00:00,1,113,2026-06-19T09:28:36.755366+00:00,7,64,64,1,true,false,7,64,64,1,true,false,7,64,64,1,true,false,7,64,64,1,true,false
B,seattle,2026-06-19,20260619T121423-0400,2026-06-19T16:14:23.209403+00:00,09:14:19.652924,554,other,F,M5_cutoff_change,timestamp_set_changed,533,,,8,67,70,81,2026-06-19T16:14:23.209403+00:00,2026-06-19T16:13:39.200376+00:00,1,533,2026-06-19T16:13:39.200376+00:00,8,67,67,0,true,false,8,67,67,0,true,false,8,67,70,0,false,false,8,67,67,0,true,false
B,seattle,2026-06-19,20260619T130334-0400,2026-06-19T17:03:34.077424+00:00,10:03:33.062412,603,other,F,M5_cutoff_change,timestamp_set_changed,593,,,9,70,71,81,2026-06-19T17:03:34.077424+00:00,2026-06-19T17:02:54.122578+00:00,1,593,2026-06-19T17:02:54.122578+00:00,9,70,70,0,true,false,9,70,70,0,true,false,9,70,71,0,false,false,9,70,70,0,true,false
B,seattle,2026-06-19,20260619T130913-0400,2026-06-19T17:09:13.891284+00:00,10:09:13.240832,609,other,F,M5_cutoff_change,timestamp_set_changed,593,,,9,70,71,81,2026-06-19T17:09:13.891284+00:00,2026-06-19T17:08:19.836036+00:00,1,593,2026-06-19T17:08:19.836036+00:00,9,70,70,0,true,false,9,70,70,0,true,false,9,70,71,0,false,false,9,70,70,0,true,false
B,seattle,2026-06-19,20260619T152045-0400,2026-06-19T19:20:45.874634+00:00,12:20:45.238712,740,settlement_window,F,M5_cutoff_change,timestamp_set_changed,713,,,11,71,74,81,2026-06-19T19:20:45.874634+00:00,2026-06-19T19:19:51.129636+00:00,1,713,2026-06-19T19:19:51.129636+00:00,11,71,71,0,true,false,11,71,71,0,true,false,11,71,74,0,false,false,11,71,71,0,true,false
B,seattle,2026-06-19,20260619T153555-0400,2026-06-19T19:35:55.487401+00:00,12:35:54.525443,755,settlement_window,F,M5_cutoff_change,timestamp_set_changed,713,,,11,71,74,81,2026-06-19T19:35:55.487401+00:00,2026-06-19T19:32:01.981666+00:00,1,713,2026-06-19T19:32:01.981666+00:00,11,71,71,0,true,false,11,71,71,0,true,false,11,71,74,0,false,false,11,71,71,0,true,false
B,seattle,2026-06-19,20260619T162258-0400,2026-06-19T20:22:58.043487+00:00,13:22:57.540434,802,settlement_window,F,M5_cutoff_change,timestamp_set_changed,773,,,12,74,75,81,2026-06-19T20:22:58.043487+00:00,2026-06-19T20:04:12.211703+00:00,1,773,2026-06-19T20:04:12.211703+00:00,12,74,74,0,true,false,12,74,74,0,true,false,12,74,75,0,false,false,12,74,74,0,true,false
B,seattle,2026-06-19,20260619T162657-0400,2026-06-19T20:26:57.312321+00:00,13:26:56.814389,806,settlement_window,F,M5_cutoff_change,timestamp_set_changed,773,,,12,74,75,81,2026-06-19T20:26:57.312321+00:00,2026-06-19T20:25:48.921181+00:00,1,773,2026-06-19T20:25:48.921181+00:00,12,74,74,0,true,false,12,74,74,0,true,false,12,74,75,0,false,false,12,74,74,0,true,false
B,seattle,2026-06-19,20260619T163723-0400,2026-06-19T20:37:23.208942+00:00,13:37:22.185060,817,settlement_window,F,M5_cutoff_change,timestamp_set_changed,773,,,12,74,75,81,2026-06-19T20:37:23.208942+00:00,2026-06-19T20:33:50.035282+00:00,1,773,2026-06-19T20:33:50.035282+00:00,12,74,74,0,true,false,12,74,74,0,true,false,12,74,75,0,false,false,12,74,74,0,true,false
B,seattle,2026-06-19,20260619T185039-0400,2026-06-19T22:50:39.879163+00:00,15:50:39.150998,950,peak_heating_window,F,M5_cutoff_change,timestamp_set_changed,893,,,14,75,79,81,2026-06-19T22:50:39.879163+00:00,2026-06-19T22:48:06.985288+00:00,1,893,2026-06-19T22:48:06.985288+00:00,14,75,75,0,true,false,14,75,75,0,true,false,14,75,79,0,false,false,14,75,75,0,true,false
B,seattle,2026-06-19,20260619T211540-0400,2026-06-20T01:15:40.916672+00:00,18:15:40.282159,1095,other,F,M5_cutoff_change,timestamp_set_changed,1073,,,17,80,81,81,2026-06-20T01:15:40.916672+00:00,2026-06-20T01:14:52.351602+00:00,1,1073,2026-06-20T01:14:52.351602+00:00,17,80,80,0,true,false,17,80,80,0,true,false,17,80,81,0,false,false,17,80,80,0,true,false
B,seattle,2026-06-20,20260620T031141-0400,2026-06-20T07:11:41.589545+00:00,00:11:41.188867,11,pre_dawn,F,M2_empty_history,no_valid_row_change,,,,7,58,59,71,2026-06-20T07:11:41.589545+00:00,2026-06-20T07:06:00.696446+00:00,0,,,7,58,59,0,false,false,7,58,59,0,false,false,7,58,59,0,false,false,7,58,59,0,false,false
B,seattle,2026-06-20,20260620T033246-0400,2026-06-20T07:32:46.208077+00:00,00:32:46.027916,32,pre_dawn,F,M2_empty_history,no_valid_row_change,,,,7,57,58,71,2026-06-20T07:32:46.208077+00:00,2026-06-20T07:25:49.263879+00:00,0,,,7,57,58,0,false,false,7,57,58,0,false,false,7,57,58,0,false,false,7,57,58,0,false,false
B,seattle,2026-06-20,20260620T033444-0400,2026-06-20T07:34:44.800946+00:00,00:34:44.637576,34,pre_dawn,F,M2_empty_history,no_valid_row_change,,,,7,57,58,71,2026-06-20T07:34:44.800946+00:00,2026-06-20T07:33:43.693248+00:00,0,,,7,57,58,0,false,false,7,57,58,0,false,false,7,57,58,0,false,false,7,57,58,0,false,false
B,seattle,2026-06-20,20260620T130449-0400,2026-06-20T17:04:49.479878+00:00,10:04:48.698294,604,other,F,M5_cutoff_change,timestamp_set_changed,593,,,9,58,59,71,2026-06-20T17:04:49.479878+00:00,2026-06-20T17:03:39.570062+00:00,1,593,2026-06-20T17:03:39.570062+00:00,9,58,58,0,true,false,9,58,58,0,true,false,9,58,59,0,false,false,9,58,58,0,true,false
B,seattle,2026-06-20,20260620T130629-0400,2026-06-20T17:06:29.650529+00:00,10:06:28.949602,606,other,F,M5_cutoff_change,timestamp_set_changed,593,,,9,58,59,71,2026-06-20T17:06:29.650529+00:00,2026-06-20T17:05:28.321638+00:00,1,593,2026-06-20T17:05:28.321638+00:00,9,58,58,0,true,false,9,58,58,0,true,false,9,58,59,0,false,false,9,58,58,0,true,false
B,seattle,2026-06-20,20260620T132029-0400,2026-06-20T17:20:29.055928+00:00,10:20:28.445744,620,other,F,M5_cutoff_change,timestamp_set_changed,593,,,9,58,59,71,2026-06-20T17:20:29.055928+00:00,2026-06-20T17:18:48.027643+00:00,1,593,2026-06-20T17:18:48.027643+00:00,9,58,58,0,true,false,9,58,58,0,true,false,9,58,59,0,false,false,9,58,58,0,true,false
B,seattle,2026-06-20,20260620T140941-0400,2026-06-20T18:09:41.647624+00:00,11:09:41.175642,669,other,F,M5_cutoff_change,timestamp_set_changed,631|653,,,10,59,61,71,2026-06-20T18:09:41.647624+00:00,2026-06-20T18:08:35.698707+00:00,2,631|653,2026-06-20T18:08:35.698707+00:00,10,59,59,0,true,false,10,59,59,0,true,false,10,59,61,0,false,false,10,59,59,0,true,false
B,seattle,2026-06-20,20260620T141138-0400,2026-06-20T18:11:38.960106+00:00,11:11:38.282907,671,other,F,M5_cutoff_change,timestamp_set_changed,631|653,,,10,59,61,71,2026-06-20T18:11:38.960106+00:00,2026-06-20T18:10:30.540215+00:00,2,631|653,2026-06-20T18:10:30.540215+00:00,10,59,59,0,true,false,10,59,59,0,true,false,10,59,61,0,false,false,10,59,59,0,true,false
B,seattle,2026-06-20,20260620T170545-0400,2026-06-20T21:05:45.964300+00:00,14:05:45.186201,845,peak_heating_window,F,M5_cutoff_change,timestamp_set_changed,833,,,13,65,68,71,2026-06-20T21:05:45.964300+00:00,2026-06-20T21:04:51.765667+00:00,1,833,2026-06-20T21:04:51.765667+00:00,13,65,65,0,true,false,13,65,65,0,true,false,13,65,68,0,false,false,13,65,65,0,true,false
B,seattle,2026-06-20,20260620T170844-0400,2026-06-20T21:08:44.492184+00:00,14:08:43.522046,848,peak_heating_window,F,M5_cutoff_change,timestamp_set_changed,833,,,13,65,68,71,2026-06-20T21:08:44.492184+00:00,2026-06-20T21:07:47.339431+00:00,1,833,2026-06-20T21:07:47.339431+00:00,13,65,65,0,true,false,13,65,65,0,true,false,13,65,68,0,false,false,13,65,65,0,true,false
B,seattle,2026-06-20,20260620T171238-0400,2026-06-20T21:12:38.954096+00:00,14:12:37.967547,852,peak_heating_window,F,M5_cutoff_change,timestamp_set_changed,833,,,13,65,68,71,2026-06-20T21:12:38.954096+00:00,2026-06-20T21:10:58.926813+00:00,1,833,2026-06-20T21:10:58.926813+00:00,13,65,65,0,true,false,13,65,65,0,true,false,13,65,68,0,false,false,13,65,65,0,true,false
B,seattle,2026-06-20,20260620T171957-0400,2026-06-20T21:19:57.219591+00:00,14:19:56.517006,859,peak_heating_window,F,M5_cutoff_change,timestamp_set_changed,833,,,13,65,68,71,2026-06-20T21:19:57.219591+00:00,2026-06-20T21:18:02.275319+00:00,1,833,2026-06-20T21:18:02.275319+00:00,13,65,65,0,true,false,13,65,65,0,true,false,13,65,68,0,false,false,13,65,65,0,true,false
B,seattle,2026-06-20,20260620T173314-0400,2026-06-20T21:33:14.885812+00:00,14:33:13.925940,873,peak_heating_window,F,M5_cutoff_change,timestamp_set_changed,833,,,13,65,68,71,2026-06-20T21:33:14.885812+00:00,2026-06-20T21:32:11.251960+00:00,1,833,2026-06-20T21:32:11.251960+00:00,13,65,65,0,true,false,13,65,65,0,true,false,13,65,68,0,false,false,13,65,65,0,true,false
B,seattle,2026-06-20,20260620T173714-0400,2026-06-20T21:37:14.042215+00:00,14:37:13.270139,877,peak_heating_window,F,M5_cutoff_change,timestamp_set_changed,833,,,13,65,68,71,2026-06-20T21:37:14.042215+00:00,2026-06-20T21:35:11.572482+00:00,1,833,2026-06-20T21:35:11.572482+00:00,13,65,65,0,true,false,13,65,65,0,true,false,13,65,68,0,false,false,13,65,65,0,true,false
B,seattle,2026-06-20,20260620T173924-0400,2026-06-20T21:39:24.205034+00:00,14:39:23.552873,879,peak_heating_window,F,M5_cutoff_change,timestamp_set_changed,833,,,13,65,68,71,2026-06-20T21:39:24.205034+00:00,2026-06-20T21:38:18.931019+00:00,1,833,2026-06-20T21:38:18.931019+00:00,13,65,65,0,true,false,13,65,65,0,true,false,13,65,68,0,false,false,13,65,65,0,true,false
B,seattle,2026-06-20,20260620T174313-0400,2026-06-20T21:43:13.194003+00:00,14:43:12.281914,883,peak_heating_window,F,M5_cutoff_change,timestamp_set_changed,833,,,13,65,68,71,2026-06-20T21:43:13.194003+00:00,2026-06-20T21:42:13.233337+00:00,1,833,2026-06-20T21:42:13.233337+00:00,13,65,65,0,true,false,13,65,65,0,true,false,13,65,68,0,false,false,13,65,65,0,true,false
B,seattle,2026-06-20,20260620T174915-0400,2026-06-20T21:49:15.777207+00:00,14:49:14.816084,889,peak_heating_window,F,M5_cutoff_change,timestamp_set_changed,833,,,13,65,68,71,2026-06-20T21:49:15.777207+00:00,2026-06-20T21:47:14.397478+00:00,1,833,2026-06-20T21:47:14.397478+00:00,13,65,65,0,true,false,13,65,65,0,true,false,13,65,68,0,false,false,13,65,65,0,true,false
B,seattle,2026-06-20,20260620T175216-0400,2026-06-20T21:52:16.400908+00:00,14:52:15.740601,892,peak_heating_window,F,M5_cutoff_change,timestamp_set_changed,833,,,13,65,68,71,2026-06-20T21:52:16.400908+00:00,2026-06-20T21:51:12.779543+00:00,1,833,2026-06-20T21:51:12.779543+00:00,13,65,65,0,true,false,13,65,65,0,true,false,13,65,68,0,false,false,13,65,65,0,true,false
B,seattle,2026-06-20,20260620T180412-0400,2026-06-20T22:04:12.870164+00:00,15:04:11.698399,904,peak_heating_window,F,M5_cutoff_change,timestamp_set_changed,893,,,14,68,69,71,2026-06-20T22:04:12.870164+00:00,2026-06-20T22:03:10.670449+00:00,1,893,2026-06-20T22:03:10.670449+00:00,14,68,68,0,true,false,14,68,68,0,true,false,14,68,69,0,false,false,14,68,68,0,true,false
B,seattle,2026-06-20,20260620T182314-0400,2026-06-20T22:23:14.474549+00:00,15:23:13.561955,923,peak_heating_window,F,M5_cutoff_change,timestamp_set_changed,893,,,14,68,69,71,2026-06-20T22:23:14.474549+00:00,2026-06-20T22:22:18.139340+00:00,1,893,2026-06-20T22:22:18.139340+00:00,14,68,68,0,true,false,14,68,68,0,true,false,14,68,69,0,false,false,14,68,68,0,true,false
B,seattle,2026-06-20,20260620T182813-0400,2026-06-20T22:28:13.427341+00:00,15:28:12.527440,928,peak_heating_window,F,M5_cutoff_change,timestamp_set_changed,893,,,14,68,69,71,2026-06-20T22:28:13.427341+00:00,2026-06-20T22:26:17.972715+00:00,1,893,2026-06-20T22:26:17.972715+00:00,14,68,68,0,true,false,14,68,68,0,true,false,14,68,69,0,false,false,14,68,68,0,true,false
B,seattle,2026-06-20,20260620T183507-0400,2026-06-20T22:35:07.077142+00:00,15:35:06.279305,935,peak_heating_window,F,M5_cutoff_change,timestamp_set_changed,893,,,14,68,69,71,2026-06-20T22:35:07.077142+00:00,2026-06-20T22:34:21.757586+00:00,1,893,2026-06-20T22:34:21.757586+00:00,14,68,68,0,true,false,14,68,68,0,true,false,14,68,69,0,false,false,14,68,68,0,true,false
B,seattle,2026-06-20,20260620T183808-0400,2026-06-20T22:38:08.813067+00:00,15:38:07.917246,938,peak_heating_window,F,M5_cutoff_change,timestamp_set_changed,893,,,14,68,69,71,2026-06-20T22:38:08.813067+00:00,2026-06-20T22:37:18.840257+00:00,1,893,2026-06-20T22:37:18.840257+00:00,14,68,68,0,true,false,14,68,68,0,true,false,14,68,69,0,false,false,14,68,68,0,true,false
B,seattle,2026-06-20,20260620T191315-0400,2026-06-20T23:13:15.349948+00:00,16:13:14.603895,973,peak_heating_window,F,M5_cutoff_change,timestamp_set_changed,953,,,15,69,71,71,2026-06-20T23:13:15.349948+00:00,2026-06-20T23:12:17.151295+00:00,1,953,2026-06-20T23:12:17.151295+00:00,15,69,69,0,true,false,15,69,69,0,true,false,15,69,71,0,false,false,15,69,69,0,true,false
B,seattle,2026-06-20,20260620T192100-0400,2026-06-20T23:21:00.664562+00:00,16:20:59.695797,980,peak_heating_window,F,M5_cutoff_change,timestamp_set_changed,953,,,15,69,71,71,2026-06-20T23:21:00.664562+00:00,2026-06-20T23:20:15.863105+00:00,1,953,2026-06-20T23:20:15.863105+00:00,15,69,69,0,true,false,15,69,69,0,true,false,15,69,71,0,false,false,15,69,69,0,true,false
B,seattle,2026-06-20,20260620T192723-0400,2026-06-20T23:27:23.290627+00:00,16:27:22.546530,987,peak_heating_window,F,M5_cutoff_change,timestamp_set_changed,953,,,15,69,71,71,2026-06-20T23:27:23.290627+00:00,2026-06-20T23:26:14.571190+00:00,1,953,2026-06-20T23:26:14.571190+00:00,15,69,69,0,true,false,15,69,69,0,true,false,15,69,71,0,false,false,15,69,69,0,true,false
B,seattle,2026-06-20,20260620T193216-0400,2026-06-20T23:32:16.952445+00:00,16:32:16.044584,992,peak_heating_window,F,M5_cutoff_change,timestamp_set_changed,953,,,15,69,71,71,2026-06-20T23:32:16.952445+00:00,2026-06-20T23:31:08.062989+00:00,1,953,2026-06-20T23:31:08.062989+00:00,15,69,69,0,true,false,15,69,69,0,true,false,15,69,71,0,false,false,15,69,69,0,true,false
B,seattle,2026-06-20,20260620T194118-0400,2026-06-20T23:41:18.877260+00:00,16:41:18.000873,1001,peak_heating_window,F,M5_cutoff_change,timestamp_set_changed,953,,,15,69,71,71,2026-06-20T23:41:18.877260+00:00,2026-06-20T23:40:22.785187+00:00,1,953,2026-06-20T23:40:22.785187+00:00,15,69,69,0,true,false,15,69,69,0,true,false,15,69,71,0,false,false,15,69,69,0,true,false
B,seattle,2026-06-21,20260621T035535-0400,2026-06-21T07:55:35.119651+00:00,00:55:34.553960,55,pre_dawn,F,M2_empty_history,no_valid_row_change,,,,7,54,55,77,2026-06-21T07:55:35.119651+00:00,2026-06-21T07:46:34.661671+00:00,0,,,7,54,55,0,false,false,7,54,55,0,false,false,7,54,55,0,false,false,7,54,55,0,false,false
B,seattle,2026-06-21,20260621T111401-0400,2026-06-21T15:14:01.901817+00:00,08:14:00.818626,494,other,F,M5_cutoff_change,timestamp_set_changed,473,,,7,55,56,77,2026-06-21T15:14:01.901817+00:00,2026-06-21T15:12:57.792665+00:00,1,473,2026-06-21T15:12:57.792665+00:00,7,55,55,0,true,false,7,55,55,0,true,false,7,55,56,0,false,false,7,55,55,0,true,false
B,seattle,2026-06-21,20260621T161552-0400,2026-06-21T20:15:52.631377+00:00,13:15:52.114076,795,settlement_window,F,M5_cutoff_change,timestamp_set_changed,773,,,12,64,68,77,2026-06-21T20:15:52.631377+00:00,2026-06-21T20:12:11.582293+00:00,1,773,2026-06-21T20:12:11.582293+00:00,12,64,64,0,true,false,12,64,64,0,true,false,12,64,68,0,false,false,12,64,64,0,true,false
B,seattle,2026-06-21,20260621T161952-0400,2026-06-21T20:19:52.645178+00:00,13:19:52.206330,799,settlement_window,F,M5_cutoff_change,timestamp_set_changed,773,,,12,64,68,77,2026-06-21T20:19:52.645178+00:00,2026-06-21T20:18:52.855242+00:00,1,773,2026-06-21T20:18:52.855242+00:00,12,64,64,0,true,false,12,64,64,0,true,false,12,64,68,0,false,false,12,64,64,0,true,false
B,seattle,2026-06-21,20260621T162927-0400,2026-06-21T20:29:27.966943+00:00,13:29:27.514026,809,settlement_window,F,M5_cutoff_change,timestamp_set_changed,773,,,12,64,68,77,2026-06-21T20:29:27.966943+00:00,2026-06-21T20:28:34.340683+00:00,1,773,2026-06-21T20:28:34.340683+00:00,12,64,64,0,true,false,12,64,64,0,true,false,12,64,68,0,false,false,12,64,64,0,true,false
B,seattle,2026-06-21,20260621T163838-0400,2026-06-21T20:38:38.518261+00:00,13:38:38.046260,818,settlement_window,F,M5_cutoff_change,timestamp_set_changed,773,,,12,64,68,77,2026-06-21T20:38:38.518261+00:00,2026-06-21T20:36:37.345930+00:00,1,773,2026-06-21T20:36:37.345930+00:00,12,64,64,0,true,false,12,64,64,0,true,false,12,64,68,0,false,false,12,64,64,0,true,false
B,seattle,2026-06-21,20260621T164054-0400,2026-06-21T20:40:54.616815+00:00,13:40:54.228889,820,settlement_window,F,M5_cutoff_change,timestamp_set_changed,773,,,12,64,68,77,2026-06-21T20:40:54.616815+00:00,2026-06-21T20:40:53.580543+00:00,1,773,2026-06-21T20:40:53.580543+00:00,12,64,64,0,true,false,12,64,64,0,true,false,12,64,68,0,false,false,12,64,64,0,true,false
B,seattle,2026-06-21,20260621T171340-0400,2026-06-21T21:13:40.505677+00:00,14:13:40.078348,853,peak_heating_window,F,M5_cutoff_change,timestamp_set_changed,833,,,13,68,70,77,2026-06-21T21:13:40.505677+00:00,2026-06-21T21:12:47.775050+00:00,1,833,2026-06-21T21:12:47.775050+00:00,13,68,68,0,true,false,13,68,68,0,true,false,13,68,70,0,false,false,13,68,68,0,true,false
B,seattle,2026-06-21,20260621T172039-0400,2026-06-21T21:20:39.102145+00:00,14:20:38.640683,860,peak_heating_window,F,M5_cutoff_change,timestamp_set_changed,833,,,13,68,70,77,2026-06-21T21:20:39.102145+00:00,2026-06-21T21:19:44.393718+00:00,1,833,2026-06-21T21:19:44.393718+00:00,13,68,68,0,true,false,13,68,68,0,true,false,13,68,70,0,false,false,13,68,68,0,true,false
B,seattle,2026-06-21,20260621T172752-0400,2026-06-21T21:27:52.805205+00:00,14:27:52.260508,867,peak_heating_window,F,M5_cutoff_change,timestamp_set_changed,833,,,13,68,70,77,2026-06-21T21:27:52.805205+00:00,2026-06-21T21:26:43.083888+00:00,1,833,2026-06-21T21:26:43.083888+00:00,13,68,68,0,true,false,13,68,68,0,true,false,13,68,70,0,false,false,13,68,68,0,true,false
B,seattle,2026-06-21,20260621T180435-0400,2026-06-21T22:04:35.995689+00:00,15:04:35.579417,904,peak_heating_window,F,M5_cutoff_change,timestamp_set_changed,893,,,14,70,75,77,2026-06-21T22:04:35.995689+00:00,2026-06-21T22:03:41.216120+00:00,1,893,2026-06-21T22:03:41.216120+00:00,14,70,70,0,true,false,14,70,70,0,true,false,14,70,75,0,false,false,14,70,70,0,true,false
B,seattle,2026-06-21,20260621T180943-0400,2026-06-21T22:09:43.951883+00:00,15:09:43.554450,909,peak_heating_window,F,M5_cutoff_change,timestamp_set_changed,893,,,14,70,75,77,2026-06-21T22:09:43.951883+00:00,2026-06-21T22:08:51.204975+00:00,1,893,2026-06-21T22:08:51.204975+00:00,14,70,70,0,true,false,14,70,70,0,true,false,14,70,75,0,false,false,14,70,70,0,true,false
B,seattle,2026-06-21,20260621T181203-0400,2026-06-21T22:12:03.487250+00:00,15:12:02.944522,912,peak_heating_window,F,M5_cutoff_change,timestamp_set_changed,893,,,14,70,75,77,2026-06-21T22:12:03.487250+00:00,2026-06-21T22:10:58.468224+00:00,1,893,2026-06-21T22:10:58.468224+00:00,14,70,70,0,true,false,14,70,70,0,true,false,14,70,75,0,false,false,14,70,70,0,true,false
B,seattle,2026-06-21,20260621T181742-0400,2026-06-21T22:17:42.891828+00:00,15:17:42.302426,917,peak_heating_window,F,M5_cutoff_change,timestamp_set_changed,893,,,14,70,75,77,2026-06-21T22:17:42.891828+00:00,2026-06-21T22:15:47.058841+00:00,1,893,2026-06-21T22:15:47.058841+00:00,14,70,70,0,true,false,14,70,70,0,true,false,14,70,75,0,false,false,14,70,70,0,true,false
B,seattle,2026-06-21,20260621T182433-0400,2026-06-21T22:24:33.912406+00:00,15:24:32.587498,924,peak_heating_window,F,M5_cutoff_change,timestamp_set_changed,893,,,14,70,75,77,2026-06-21T22:24:33.912406+00:00,2026-06-21T22:23:27.675526+00:00,1,893,2026-06-21T22:23:27.675526+00:00,14,70,70,0,true,false,14,70,70,0,true,false,14,70,75,0,false,false,14,70,70,0,true,false
B,seattle,2026-06-21,20260621T193053-0400,2026-06-21T23:30:53.599061+00:00,16:30:52.931022,990,peak_heating_window,F,M5_cutoff_change,timestamp_set_changed,953,,,15,75,77,77,2026-06-21T23:30:53.599061+00:00,2026-06-21T23:26:51.033729+00:00,1,953,2026-06-21T23:26:51.033729+00:00,15,75,75,0,true,false,15,75,75,0,true,false,15,75,77,0,false,false,15,75,75,0,true,false
B,seattle,2026-06-21,20260621T194336-0400,2026-06-21T23:43:36.897320+00:00,16:43:36.334884,1003,peak_heating_window,F,M5_cutoff_change,timestamp_set_changed,953,,,15,75,77,77,2026-06-21T23:43:36.897320+00:00,2026-06-21T23:41:08.462033+00:00,1,953,2026-06-21T23:41:08.462033+00:00,15,75,75,0,true,false,15,75,75,0,true,false,15,75,77,0,false,false,15,75,75,0,true,false
B,seattle,2026-06-21,20260621T194929-0400,2026-06-21T23:49:29.876871+00:00,16:49:28.914916,1009,peak_heating_window,F,M5_cutoff_change,timestamp_set_changed,953,,,15,75,77,77,2026-06-21T23:49:29.876871+00:00,2026-06-21T23:44:37.009989+00:00,1,953,2026-06-21T23:44:37.009989+00:00,15,75,75,0,true,false,15,75,75,0,true,false,15,75,77,0,false,false,15,75,75,0,true,false
B,seattle,2026-06-21,20260621T195845-0400,2026-06-21T23:58:45.549782+00:00,16:58:44.926057,1018,peak_heating_window,F,M5_cutoff_change,timestamp_set_changed,953,,,15,75,77,77,2026-06-21T23:58:45.549782+00:00,2026-06-21T23:56:37.485575+00:00,1,953,2026-06-21T23:56:37.485575+00:00,15,75,75,0,true,false,15,75,75,0,true,false,15,75,77,0,false,false,15,75,75,0,true,false
B,seattle,2026-06-21,20260621T200125-0400,2026-06-22T00:01:25.775034+00:00,17:01:25.248853,1021,settlement_window,F,M5_cutoff_change,timestamp_set_changed,953,,,15,75,77,77,2026-06-22T00:01:25.775034+00:00,2026-06-22T00:00:02.353419+00:00,1,953,2026-06-22T00:00:02.353419+00:00,15,75,75,0,true,false,15,75,75,0,true,false,15,75,77,0,false,false,15,75,75,0,true,false
B,seattle,2026-06-22,20260622T032325-0400,2026-06-22T07:23:25.909899+00:00,00:23:25.631682,23,pre_dawn,F,M2_empty_history,no_valid_row_change,,,,7,64,65,85,2026-06-22T07:23:25.909899+00:00,2026-06-22T07:21:31.123466+00:00,0,,,7,64,65,0,false,false,7,64,65,0,false,false,7,64,65,0,false,false,7,64,65,0,false,false
B,seattle,2026-06-22,20260622T032646-0400,2026-06-22T07:26:46.094982+00:00,00:26:45.797415,26,pre_dawn,F,M2_empty_history,no_valid_row_change,,,,7,64,65,85,2026-06-22T07:26:46.094982+00:00,2026-06-22T07:25:29.727133+00:00,0,,,7,64,65,0,false,false,7,64,65,0,false,false,7,64,65,0,false,false,7,64,65,0,false,false
B,seattle,2026-06-22,20260622T034927-0400,2026-06-22T07:49:27.908583+00:00,00:49:27.671230,49,pre_dawn,F,M2_empty_history,no_valid_row_change,,,,7,63,64,85,2026-06-22T07:49:27.908583+00:00,2026-06-22T07:40:47.424081+00:00,0,,,7,63,64,0,false,false,7,63,64,0,false,false,7,63,64,0,false,false,7,63,64,0,false,false
B,seattle,2026-06-22,20260622T121100-0400,2026-06-22T16:11:00.714468+00:00,09:10:59.287277,550,other,F,M5_cutoff_change,timestamp_set_changed,533,,,8,65,70,85,2026-06-22T16:11:00.714468+00:00,2026-06-22T16:02:58.998238+00:00,1,533,2026-06-22T16:02:58.998238+00:00,8,65,65,0,true,false,8,65,65,0,true,false,8,65,70,0,false,false,8,65,65,0,true,false
B,seattle,2026-06-26,20260626T035744-0400,2026-06-26T07:57:44.745319+00:00,00:57:44.183972,57,pre_dawn,F,M6_unexplained,timestamp_set_changed,,53,,7,55,56,64,2026-06-26T07:57:44.745319+00:00,2026-06-26T07:56:48.109188+00:00,0,,,7,55,56,0,false,false,7,55,56,0,false,false,7,55,56,0,false,false,7,55,56,0,false,false
B,seattle,2026-06-26,20260627T012916-0400,2026-06-27T05:29:16.996515+00:00,22:29:16.156026,1349,other,F,M2_empty_history,timestamp_set_changed,53|113|173|190|233|293|319|324|353|413|473|490|509|533|575|593|653|713|773|833|893|953|1013|1073|1133|1193|1253,,,20,57,64,64,2026-06-27T05:29:16.996515+00:00,2026-06-27T05:19:12.041063+00:00,27,53|113|173|190|233|293|319|324|353|413|473|490|509|533|575|593|653|713|773|833|893|953|1013|1073|1133|1193|1253,2026-06-27T05:19:12.041063+00:00,20,64,64,7,true,false,20,64,64,7,true,false,20,57,64,0,false,false,20,64,64,7,true,false
B,seattle,2026-06-26,20260627T015802-0400,2026-06-27T05:58:02.287334+00:00,22:58:01.839042,1378,other,F,M2_empty_history,no_valid_row_change,,,,20,56,57,64,2026-06-27T05:58:02.287334+00:00,2026-06-27T05:39:47.130663+00:00,27,53|113|173|190|233|293|319|324|353|413|473|490|509|533|575|593|653|713|773|833|893|953|1013|1073|1133|1193|1253,2026-06-27T05:19:12.041063+00:00,20,64,64,8,true,false,20,64,64,8,true,false,20,56,57,0,false,false,20,64,64,8,true,false
B,seattle,2026-06-26,20260627T025851-0400,2026-06-27T06:58:51.899825+00:00,23:58:51.422625,1438,other,F,M2_empty_history,no_valid_row_change,,,,20,55,56,64,2026-06-27T06:58:51.899825+00:00,2026-06-27T06:39:42.228445+00:00,27,53|113|173|190|233|293|319|324|353|413|473|490|509|533|575|593|653|713|773|833|893|953|1013|1073|1133|1193|1253,2026-06-27T05:19:12.041063+00:00,20,64,64,9,true,false,20,64,64,9,true,false,20,55,56,0,false,false,20,64,64,9,true,false
B,toronto,2026-06-08,20260608T092611-0400,2026-06-08T13:26:11.332032+00:00,09:26:10.930174,566,other,C,M3_rows_dropped,timestamp_set_changed,540,,,9,19,21,23,2026-06-08T13:26:11.332032+00:00,2026-06-08T13:15:47.560873+00:00,1,540,2026-06-08T13:15:47.560873+00:00,9,21,21,2,true,false,9,21,21,2,true,false,9,21,21,2,true,false,9,21,21,2,true,false
B,toronto,2026-06-08,20260608T101754-0400,2026-06-08T14:17:54.864946+00:00,10:17:54.502073,617,other,C,M5_cutoff_change,timestamp_set_changed,600,,,9,20,21,23,2026-06-08T14:17:54.864946+00:00,2026-06-08T14:07:10.055592+00:00,1,600,2026-06-08T14:07:10.055592+00:00,10,21,21,1,true,false,10,21,21,1,true,false,10,21,21,1,true,false,10,21,21,1,true,false
B,toronto,2026-06-13,20260613T113158-0400,2026-06-13T15:31:58.337009+00:00,11:31:57.285660,691,other,C,M5_cutoff_change,timestamp_set_changed,660,,,10,25,27,29,2026-06-13T15:31:58.337009+00:00,2026-06-13T15:21:42.003326+00:00,1,660,2026-06-13T15:21:42.003326+00:00,11,27,27,2,true,false,11,27,27,2,true,false,11,27,27,2,true,false,11,27,27,2,true,false
B,toronto,2026-06-13,20260613T115253-0400,2026-06-13T15:52:53.019832+00:00,11:52:51.667667,712,other,C,M5_cutoff_change,timestamp_set_changed,660,,,10,25,27,29,2026-06-13T15:52:53.019832+00:00,2026-06-13T15:42:26.113136+00:00,1,660,2026-06-13T15:42:26.113136+00:00,11,27,27,2,true,false,11,27,27,2,true,false,11,27,27,2,true,false,11,27,27,2,true,false
B,toronto,2026-06-15,20260615T000821-0400,2026-06-15T04:08:21.182447+00:00,00:08:21.018013,8,pre_dawn,C,M4_source_switch,timestamp_set_changed,,0,,7,13,17,20,2026-06-15T04:08:21.182447+00:00,2026-06-15T04:05:30.146922+00:00,0,,,7,13,17,0,false,false,7,13,17,0,false,false,7,13,17,0,false,false,7,13,17,0,false,false
B,toronto,2026-06-15,20260615T105538-0400,2026-06-15T14:55:38.122510+00:00,10:55:37.897546,655,other,C,M5_cutoff_change,timestamp_set_changed,,0|60|120|180|240|300|360|420|480|540,,9,13,24,20,2026-06-15T14:55:38.122510+00:00,2026-06-15T14:43:52.985979+00:00,0,,,9,13,13,0,true,false,9,13,13,0,true,false,9,13,24,0,false,false,9,13,13,0,true,false
B,toronto,2026-06-15,20260615T110159-0400,2026-06-15T15:01:59.096276+00:00,11:01:58.841329,661,other,C,M5_cutoff_change,timestamp_set_changed,600,,,9,13,14,20,2026-06-15T15:01:59.096276+00:00,2026-06-15T15:00:57.824332+00:00,1,600,2026-06-15T15:00:57.824332+00:00,10,14,14,1,true,false,10,14,14,1,true,false,10,14,14,1,true,false,10,14,14,1,true,false
B,toronto,2026-06-16,20260616T124711-0400,2026-06-16T16:47:11.763211+00:00,12:47:10.671275,767,settlement_window,C,M5_cutoff_change,timestamp_set_changed,720,,,11,21,22,24,2026-06-16T16:47:11.763211+00:00,2026-06-16T16:46:16.886294+00:00,1,720,2026-06-16T16:46:16.886294+00:00,12,22,22,1,true,false,12,22,22,1,true,false,12,22,22,1,true,false,12,22,22,1,true,false
B,toronto,2026-06-16,20260616T134710-0400,2026-06-16T17:47:10.396826+00:00,13:47:09.834181,827,settlement_window,C,M5_cutoff_change,timestamp_set_changed,780,,,12,22,24,24,2026-06-16T17:47:10.396826+00:00,2026-06-16T17:45:09.490621+00:00,1,780,2026-06-16T17:45:09.490621+00:00,13,24,24,2,true,false,13,24,24,2,true,false,13,24,24,2,true,false,13,24,24,2,true,false
B,toronto,2026-06-17,20260617T000830-0400,2026-06-17T04:08:30.201098+00:00,00:08:29.580194,8,pre_dawn,C,M4_source_switch,timestamp_set_changed,,0,,7,15,17,22,2026-06-17T04:08:30.201098+00:00,2026-06-17T04:02:28.416848+00:00,0,,,7,15,17,0,false,false,7,15,17,0,false,false,7,15,17,0,false,false,7,15,17,0,false,false
B,toronto,2026-06-17,20260617T104739-0400,2026-06-17T14:47:39.147891+00:00,10:47:38.260284,647,other,C,M5_cutoff_change,timestamp_set_changed,600,,,9,16,17,22,2026-06-17T14:47:39.147891+00:00,2026-06-17T14:46:31.550226+00:00,1,600,2026-06-17T14:46:31.550226+00:00,10,17,17,1,true,false,10,17,17,1,true,false,10,17,17,1,true,false,10,17,17,1,true,false
B,toronto,2026-06-17,20260617T104930-0400,2026-06-17T14:49:30.090123+00:00,10:49:29.297328,649,other,C,M5_cutoff_change,timestamp_set_changed,600,,,9,16,17,22,2026-06-17T14:49:30.090123+00:00,2026-06-17T14:48:30.242022+00:00,1,600,2026-06-17T14:48:30.242022+00:00,10,17,17,1,true,false,10,17,17,1,true,false,10,17,17,1,true,false,10,17,17,1,true,false
B,toronto,2026-06-17,20260617T111530-0400,2026-06-17T15:15:30.247019+00:00,11:15:29.491072,675,other,C,M5_cutoff_change,timestamp_set_changed,660,,,10,17,20,22,2026-06-17T15:15:30.247019+00:00,2026-06-17T15:14:29.607754+00:00,1,660,2026-06-17T15:14:29.607754+00:00,11,20,20,3,true,false,11,20,20,3,true,false,11,20,20,3,true,false,11,20,20,3,true,false
B,toronto,2026-06-17,20260617T151730-0400,2026-06-17T19:17:30.177564+00:00,15:17:29.666238,917,peak_heating_window,C,M5_cutoff_change,timestamp_set_changed,900,,,14,21,22,22,2026-06-17T19:17:30.177564+00:00,2026-06-17T19:16:32.389223+00:00,1,900,2026-06-17T19:16:32.389223+00:00,15,22,22,1,true,false,15,22,22,1,true,false,15,22,22,1,true,false,15,22,22,1,true,false
B,toronto,2026-06-17,20260617T152930-0400,2026-06-17T19:29:30.920782+00:00,15:29:30.422366,929,peak_heating_window,C,M5_cutoff_change,timestamp_set_changed,900,,,14,21,22,22,2026-06-17T19:29:30.920782+00:00,2026-06-17T19:28:30.468313+00:00,1,900,2026-06-17T19:28:30.468313+00:00,15,22,22,1,true,false,15,22,22,1,true,false,15,22,22,1,true,false,15,22,22,1,true,false
B,toronto,2026-06-19,20260619T000838-0400,2026-06-19T04:08:38.336357+00:00,00:08:38.062571,8,pre_dawn,C,M4_source_switch,timestamp_set_changed,,0,,7,16,17,22,2026-06-19T04:08:38.336357+00:00,2026-06-19T04:03:07.187128+00:00,0,,,7,16,17,0,false,false,7,16,17,0,false,false,7,16,17,0,false,false,7,16,17,0,false,false
B,toronto,2026-06-19,20260619T081257-0400,2026-06-19T12:12:57.049055+00:00,08:12:56.483315,492,other,C,M5_cutoff_change,timestamp_set_changed,480,,,7,16,17,22,2026-06-19T12:12:57.049055+00:00,2026-06-19T12:12:33.484119+00:00,1,480,2026-06-19T12:12:33.484119+00:00,8,17,17,1,true,false,8,17,17,1,true,false,8,17,17,1,true,false,8,17,17,1,true,false
B,toronto,2026-06-19,20260619T081907-0400,2026-06-19T12:19:07.776585+00:00,08:19:05.744825,499,other,C,M5_cutoff_change,timestamp_set_changed,480,,,7,16,17,22,2026-06-19T12:19:07.776585+00:00,2026-06-19T12:16:56.995292+00:00,1,480,2026-06-19T12:16:56.995292+00:00,8,17,17,1,true,false,8,17,17,1,true,false,8,17,17,1,true,false,8,17,17,1,true,false
B,toronto,2026-06-19,20260619T082257-0400,2026-06-19T12:22:57.304871+00:00,08:22:56.883138,502,other,C,M5_cutoff_change,timestamp_set_changed,480,,,7,16,17,22,2026-06-19T12:22:57.304871+00:00,2026-06-19T12:21:58.588490+00:00,1,480,2026-06-19T12:21:58.588490+00:00,8,17,17,1,true,false,8,17,17,1,true,false,8,17,17,1,true,false,8,17,17,1,true,false
B,toronto,2026-06-19,20260619T091451-0400,2026-06-19T13:14:51.241500+00:00,09:14:45.131676,554,other,C,M5_cutoff_change,timestamp_set_changed,540,,,8,17,19,22,2026-06-19T13:14:51.241500+00:00,2026-06-19T13:13:34.756207+00:00,1,540,2026-06-19T13:13:34.756207+00:00,9,19,19,2,true,false,9,19,19,2,true,false,9,19,19,2,true,false,9,19,19,2,true,false
B,toronto,2026-06-19,20260619T101532-0400,2026-06-19T14:15:32.104598+00:00,10:15:31.641454,615,other,C,M5_cutoff_change,timestamp_set_changed,600,,,9,19,20,22,2026-06-19T14:15:32.104598+00:00,2026-06-19T14:14:28.657897+00:00,1,600,2026-06-19T14:14:28.657897+00:00,10,20,20,1,true,false,10,20,20,1,true,false,10,20,20,1,true,false,10,20,20,1,true,false
B,toronto,2026-06-19,20260619T112338-0400,2026-06-19T15:23:38.442922+00:00,11:23:36.630444,683,other,C,M5_cutoff_change,timestamp_set_changed,660,,,10,20,21,22,2026-06-19T15:23:38.442922+00:00,2026-06-19T15:22:41.911704+00:00,1,660,2026-06-19T15:22:41.911704+00:00,11,21,21,1,true,false,11,21,21,1,true,false,11,21,21,1,true,false,11,21,21,1,true,false
B,toronto,2026-06-19,20260619T112938-0400,2026-06-19T15:29:38.975627+00:00,11:29:36.774376,689,other,C,M5_cutoff_change,timestamp_set_changed,660,,,10,20,21,22,2026-06-19T15:29:38.975627+00:00,2026-06-19T15:28:36.191873+00:00,1,660,2026-06-19T15:28:36.191873+00:00,11,21,21,1,true,false,11,21,21,1,true,false,11,21,21,1,true,false,11,21,21,1,true,false
B,toronto,2026-06-19,20260619T113344-0400,2026-06-19T15:33:44.948302+00:00,11:33:37.799596,693,other,C,M5_cutoff_change,timestamp_set_changed,660,,,10,20,21,22,2026-06-19T15:33:44.948302+00:00,2026-06-19T15:32:46.422794+00:00,1,660,2026-06-19T15:32:46.422794+00:00,11,21,21,1,true,false,11,21,21,1,true,false,11,21,21,1,true,false,11,21,21,1,true,false
B,toronto,2026-06-19,20260619T113941-0400,2026-06-19T15:39:41.136666+00:00,11:39:37.259343,699,other,C,M5_cutoff_change,timestamp_set_changed,660,,,10,20,21,22,2026-06-19T15:39:41.136666+00:00,2026-06-19T15:38:38.142435+00:00,1,660,2026-06-19T15:38:38.142435+00:00,11,21,21,1,true,false,11,21,21,1,true,false,11,21,21,1,true,false,11,21,21,1,true,false
B,toronto,2026-06-19,20260619T114736-0400,2026-06-19T15:47:36.445797+00:00,11:47:35.976207,707,other,C,M5_cutoff_change,timestamp_set_changed,660,,,10,20,21,22,2026-06-19T15:47:36.445797+00:00,2026-06-19T15:45:32.946873+00:00,1,660,2026-06-19T15:45:32.946873+00:00,11,21,21,1,true,false,11,21,21,1,true,false,11,21,21,1,true,false,11,21,21,1,true,false
B,toronto,2026-06-19,20260619T114927-0400,2026-06-19T15:49:27.704808+00:00,11:49:27.288693,709,other,C,M5_cutoff_change,timestamp_set_changed,660,,,10,20,21,22,2026-06-19T15:49:27.704808+00:00,2026-06-19T15:48:27.909919+00:00,1,660,2026-06-19T15:48:27.909919+00:00,11,21,21,1,true,false,11,21,21,1,true,false,11,21,21,1,true,false,11,21,21,1,true,false
B,toronto,2026-06-19,20260619T120229-0400,2026-06-19T16:02:29.453651+00:00,12:02:27.886347,722,settlement_window,C,M5_cutoff_change,timestamp_set_changed,660,,,10,20,21,22,2026-06-19T16:02:29.453651+00:00,2026-06-19T15:57:29.966434+00:00,1,660,2026-06-19T15:57:29.966434+00:00,11,21,21,1,true,false,11,21,21,1,true,false,11,21,21,1,true,false,11,21,21,1,true,false
B,toronto,2026-06-19,20260619T121439-0400,2026-06-19T16:14:39.437666+00:00,12:14:35.743821,734,settlement_window,C,M5_cutoff_change,timestamp_set_changed,720,,,11,21,22,22,2026-06-19T16:14:39.437666+00:00,2026-06-19T16:13:36.289041+00:00,1,720,2026-06-19T16:13:36.289041+00:00,12,22,22,1,true,false,12,22,22,1,true,false,12,22,22,1,true,false,12,22,22,1,true,false
B,toronto,2026-06-19,20260619T122244-0400,2026-06-19T16:22:44.443522+00:00,12:22:43.828308,742,settlement_window,C,M5_cutoff_change,timestamp_set_changed,720,,,11,21,22,22,2026-06-19T16:22:44.443522+00:00,2026-06-19T16:21:49.618685+00:00,1,720,2026-06-19T16:21:49.618685+00:00,12,22,22,1,true,false,12,22,22,1,true,false,12,22,22,1,true,false,12,22,22,1,true,false
B,toronto,2026-06-19,20260619T123345-0400,2026-06-19T16:33:45.692053+00:00,12:33:44.030698,753,settlement_window,C,M5_cutoff_change,timestamp_set_changed,720,,,11,21,22,22,2026-06-19T16:33:45.692053+00:00,2026-06-19T16:32:58.895925+00:00,1,720,2026-06-19T16:32:58.895925+00:00,12,22,22,1,true,false,12,22,22,1,true,false,12,22,22,1,true,false,12,22,22,1,true,false
B,toronto,2026-06-19,20260619T124027-0400,2026-06-19T16:40:27.624213+00:00,12:40:25.995547,760,settlement_window,C,M5_cutoff_change,timestamp_set_changed,720,,,11,21,22,22,2026-06-19T16:40:27.624213+00:00,2026-06-19T16:39:27.188051+00:00,1,720,2026-06-19T16:39:27.188051+00:00,12,22,22,1,true,false,12,22,22,1,true,false,12,22,22,1,true,false,12,22,22,1,true,false
B,toronto,2026-06-19,20260619T124228-0400,2026-06-19T16:42:28.764922+00:00,12:42:25.910604,762,settlement_window,C,M5_cutoff_change,timestamp_set_changed,720,,,11,21,22,22,2026-06-19T16:42:28.764922+00:00,2026-06-19T16:41:27.010964+00:00,1,720,2026-06-19T16:41:27.010964+00:00,12,22,22,1,true,false,12,22,22,1,true,false,12,22,22,1,true,false,12,22,22,1,true,false
B,toronto,2026-06-19,20260619T124428-0400,2026-06-19T16:44:28.917750+00:00,12:44:26.562796,764,settlement_window,C,M5_cutoff_change,timestamp_set_changed,720,,,11,21,22,22,2026-06-19T16:44:28.917750+00:00,2026-06-19T16:43:30.449345+00:00,1,720,2026-06-19T16:43:30.449345+00:00,12,22,22,1,true,false,12,22,22,1,true,false,12,22,22,1,true,false,12,22,22,1,true,false
B,toronto,2026-06-19,20260619T125126-0400,2026-06-19T16:51:26.888044+00:00,12:51:26.193383,771,settlement_window,C,M5_cutoff_change,timestamp_set_changed,720,,,11,21,22,22,2026-06-19T16:51:26.888044+00:00,2026-06-19T16:48:26.718370+00:00,1,720,2026-06-19T16:48:26.718370+00:00,12,22,22,1,true,false,12,22,22,1,true,false,12,22,22,1,true,false,12,22,22,1,true,false
B,toronto,2026-06-19,20260619T125508-0400,2026-06-19T16:55:08.400520+00:00,12:54:16.329058,774,settlement_window,C,M5_cutoff_change,timestamp_set_changed,720,,,11,21,22,22,2026-06-19T16:55:08.400520+00:00,2026-06-19T16:52:31.859334+00:00,1,720,2026-06-19T16:52:31.859334+00:00,12,22,22,1,true,false,12,22,22,1,true,false,12,22,22,1,true,false,12,22,22,1,true,false
B,toronto,2026-06-20,20260620T000839-0400,2026-06-20T04:08:39.216430+00:00,00:08:38.720363,8,pre_dawn,C,M4_source_switch,timestamp_set_changed,,0,,7,16,17,23,2026-06-20T04:08:39.216430+00:00,2026-06-20T04:05:36.884966+00:00,0,,,7,16,17,0,false,false,7,16,17,0,false,false,7,16,17,0,false,false,7,16,17,0,false,false
B,toronto,2026-06-20,20260620T101207-0400,2026-06-20T14:12:07.140568+00:00,10:12:00.107938,612,other,C,M5_cutoff_change,timestamp_set_changed,600,,,9,18,20,23,2026-06-20T14:12:07.140568+00:00,2026-06-20T14:10:53.772819+00:00,1,600,2026-06-20T14:10:53.772819+00:00,10,20,20,2,true,false,10,20,20,2,true,false,10,20,20,2,true,false,10,20,20,2,true,false
B,toronto,2026-06-20,20260620T102820-0400,2026-06-20T14:28:20.082193+00:00,10:28:19.285118,628,other,C,M5_cutoff_change,timestamp_set_changed,600,,,9,18,20,23,2026-06-20T14:28:20.082193+00:00,2026-06-20T14:26:18.716929+00:00,1,600,2026-06-20T14:26:18.716929+00:00,10,20,20,2,true,false,10,20,20,2,true,false,10,20,20,2,true,false,10,20,20,2,true,false
B,toronto,2026-06-20,20260620T103120-0400,2026-06-20T14:31:20.576314+00:00,10:31:19.880168,631,other,C,M5_cutoff_change,timestamp_set_changed,600,,,9,18,20,23,2026-06-20T14:31:20.576314+00:00,2026-06-20T14:30:17.174357+00:00,1,600,2026-06-20T14:30:17.174357+00:00,10,20,20,2,true,false,10,20,20,2,true,false,10,20,20,2,true,false,10,20,20,2,true,false
B,toronto,2026-06-20,20260620T104419-0400,2026-06-20T14:44:19.458252+00:00,10:44:18.817169,644,other,C,M5_cutoff_change,timestamp_set_changed,600,,,9,18,20,23,2026-06-20T14:44:19.458252+00:00,2026-06-20T14:43:18.826461+00:00,1,600,2026-06-20T14:43:18.826461+00:00,10,20,20,2,true,false,10,20,20,2,true,false,10,20,20,2,true,false,10,20,20,2,true,false
B,toronto,2026-06-20,20260620T104718-0400,2026-06-20T14:47:18.751822+00:00,10:47:18.113009,647,other,C,M5_cutoff_change,timestamp_set_changed,600,,,9,18,20,23,2026-06-20T14:47:18.751822+00:00,2026-06-20T14:46:19.351305+00:00,1,600,2026-06-20T14:46:19.351305+00:00,10,20,20,2,true,false,10,20,20,2,true,false,10,20,20,2,true,false,10,20,20,2,true,false
B,toronto,2026-06-20,20260620T105518-0400,2026-06-20T14:55:18.885477+00:00,10:55:18.112984,655,other,C,M5_cutoff_change,timestamp_set_changed,600,,,9,18,20,23,2026-06-20T14:55:18.885477+00:00,2026-06-20T14:53:19.059854+00:00,1,600,2026-06-20T14:53:19.059854+00:00,10,20,20,2,true,false,10,20,20,2,true,false,10,20,20,2,true,false,10,20,20,2,true,false
B,toronto,2026-06-20,20260620T111216-0400,2026-06-20T15:12:16.519602+00:00,11:12:16.021714,672,other,C,M5_cutoff_change,timestamp_set_changed,660,,,10,20,21,23,2026-06-20T15:12:16.519602+00:00,2026-06-20T15:11:18.070267+00:00,1,660,2026-06-20T15:11:18.070267+00:00,11,21,21,1,true,false,11,21,21,1,true,false,11,21,21,1,true,false,11,21,21,1,true,false
B,toronto,2026-06-20,20260620T112816-0400,2026-06-20T15:28:16.690753+00:00,11:28:16.094588,688,other,C,M5_cutoff_change,timestamp_set_changed,660,,,10,20,21,23,2026-06-20T15:28:16.690753+00:00,2026-06-20T15:27:16.498142+00:00,1,660,2026-06-20T15:27:16.498142+00:00,11,21,21,1,true,false,11,21,21,1,true,false,11,21,21,1,true,false,11,21,21,1,true,false
B,toronto,2026-06-20,20260620T113717-0400,2026-06-20T15:37:17.180599+00:00,11:37:16.662048,697,other,C,M5_cutoff_change,timestamp_set_changed,660,,,10,20,21,23,2026-06-20T15:37:17.180599+00:00,2026-06-20T15:36:17.449448+00:00,1,660,2026-06-20T15:36:17.449448+00:00,11,21,21,1,true,false,11,21,21,1,true,false,11,21,21,1,true,false,11,21,21,1,true,false
B,toronto,2026-06-20,20260620T113916-0400,2026-06-20T15:39:16.689536+00:00,11:39:16.303695,699,other,C,M5_cutoff_change,timestamp_set_changed,660,,,10,20,21,23,2026-06-20T15:39:16.689536+00:00,2026-06-20T15:38:25.163437+00:00,1,660,2026-06-20T15:38:25.163437+00:00,11,21,21,1,true,false,11,21,21,1,true,false,11,21,21,1,true,false,11,21,21,1,true,false
B,toronto,2026-06-20,20260620T131409-0400,2026-06-20T17:14:09.848723+00:00,13:14:08.859399,794,settlement_window,C,M5_cutoff_change,timestamp_set_changed,780,,,12,21,22,23,2026-06-20T17:14:09.848723+00:00,2026-06-20T17:13:06.354448+00:00,1,780,2026-06-20T17:13:06.354448+00:00,13,22,22,1,true,false,13,22,22,1,true,false,13,22,22,1,true,false,13,22,22,1,true,false
B,toronto,2026-06-20,20260620T131806-0400,2026-06-20T17:18:06.222716+00:00,13:18:05.501644,798,settlement_window,C,M5_cutoff_change,timestamp_set_changed,780,,,12,21,22,23,2026-06-20T17:18:06.222716+00:00,2026-06-20T17:17:07.704142+00:00,1,780,2026-06-20T17:17:07.704142+00:00,13,22,22,1,true,false,13,22,22,1,true,false,13,22,22,1,true,false,13,22,22,1,true,false
B,toronto,2026-06-20,20260620T132009-0400,2026-06-20T17:20:09.882525+00:00,13:20:09.287661,800,settlement_window,C,M5_cutoff_change,timestamp_set_changed,780,,,12,21,22,23,2026-06-20T17:20:09.882525+00:00,2026-06-20T17:19:06.352547+00:00,1,780,2026-06-20T17:19:06.352547+00:00,13,22,22,1,true,false,13,22,22,1,true,false,13,22,22,1,true,false,13,22,22,1,true,false
B,toronto,2026-06-20,20260620T134516-0400,2026-06-20T17:45:16.537010+00:00,13:45:16.005813,825,settlement_window,C,M5_cutoff_change,timestamp_set_changed,780,,,12,21,22,23,2026-06-20T17:45:16.537010+00:00,2026-06-20T17:44:17.224361+00:00,1,780,2026-06-20T17:44:17.224361+00:00,13,22,22,1,true,false,13,22,22,1,true,false,13,22,22,1,true,false,13,22,22,1,true,false
B,toronto,2026-06-20,20260620T141216-0400,2026-06-20T18:12:16.704697+00:00,14:12:16.166807,852,peak_heating_window,C,M5_cutoff_change,timestamp_set_changed,840,,,13,22,23,23,2026-06-20T18:12:16.704697+00:00,2026-06-20T18:11:19.351919+00:00,1,840,2026-06-20T18:11:19.351919+00:00,14,23,23,1,true,false,14,23,23,1,true,false,14,23,23,1,true,false,14,23,23,1,true,false
B,toronto,2026-06-20,20260620T142216-0400,2026-06-20T18:22:16.622517+00:00,14:22:16.163500,862,peak_heating_window,C,M5_cutoff_change,timestamp_set_changed,840,,,13,22,23,23,2026-06-20T18:22:16.622517+00:00,2026-06-20T18:20:19.830807+00:00,1,840,2026-06-20T18:20:19.830807+00:00,14,23,23,1,true,false,14,23,23,1,true,false,14,23,23,1,true,false,14,23,23,1,true,false
B,toronto,2026-06-20,20260620T142916-0400,2026-06-20T18:29:16.645737+00:00,14:29:16.184000,869,peak_heating_window,C,M5_cutoff_change,timestamp_set_changed,840,,,13,22,23,23,2026-06-20T18:29:16.645737+00:00,2026-06-20T18:28:25.135153+00:00,1,840,2026-06-20T18:28:25.135153+00:00,14,23,23,1,true,false,14,23,23,1,true,false,14,23,23,1,true,false,14,23,23,1,true,false
B,toronto,2026-06-20,20260620T143117-0400,2026-06-20T18:31:17.582139+00:00,14:31:17.096026,871,peak_heating_window,C,M5_cutoff_change,timestamp_set_changed,840,,,13,22,23,23,2026-06-20T18:31:17.582139+00:00,2026-06-20T18:30:19.961158+00:00,1,840,2026-06-20T18:30:19.961158+00:00,14,23,23,1,true,false,14,23,23,1,true,false,14,23,23,1,true,false,14,23,23,1,true,false
B,toronto,2026-06-21,20260621T091448-0400,2026-06-21T13:14:48.643662+00:00,09:14:48.160232,554,other,C,M5_cutoff_change,timestamp_set_changed,540,,,8,17,19,24,2026-06-21T13:14:48.643662+00:00,2026-06-21T13:13:50.291323+00:00,1,540,2026-06-21T13:13:50.291323+00:00,9,19,19,2,true,false,9,19,19,2,true,false,9,19,19,2,true,false,9,19,19,2,true,false
B,toronto,2026-06-21,20260621T091648-0400,2026-06-21T13:16:48.781834+00:00,09:16:48.284937,556,other,C,M5_cutoff_change,timestamp_set_changed,540,,,8,17,19,24,2026-06-21T13:16:48.781834+00:00,2026-06-21T13:15:48.688400+00:00,1,540,2026-06-21T13:15:48.688400+00:00,9,19,19,2,true,false,9,19,19,2,true,false,9,19,19,2,true,false,9,19,19,2,true,false
B,toronto,2026-06-21,20260621T111314-0400,2026-06-21T15:13:14.257221+00:00,11:13:11.984246,673,other,C,M5_cutoff_change,timestamp_set_changed,660,,,10,21,22,24,2026-06-21T15:13:14.257221+00:00,2026-06-21T15:12:14.724870+00:00,1,660,2026-06-21T15:12:14.724870+00:00,11,22,22,1,true,false,11,22,22,1,true,false,11,22,22,1,true,false,11,22,22,1,true,false
B,toronto,2026-06-21,20260621T112345-0400,2026-06-21T15:23:45.025507+00:00,11:23:41.091518,683,other,C,M5_cutoff_change,timestamp_set_changed,660,,,10,21,22,24,2026-06-21T15:23:45.025507+00:00,2026-06-21T15:22:53.729959+00:00,1,660,2026-06-21T15:22:53.729959+00:00,11,22,22,1,true,false,11,22,22,1,true,false,11,22,22,1,true,false,11,22,22,1,true,false
B,toronto,2026-06-21,20260621T112847-0400,2026-06-21T15:28:47.302793+00:00,11:28:41.114939,688,other,C,M5_cutoff_change,timestamp_set_changed,660,,,10,21,22,24,2026-06-21T15:28:47.302793+00:00,2026-06-21T15:27:47.778905+00:00,1,660,2026-06-21T15:27:47.778905+00:00,11,22,22,1,true,false,11,22,22,1,true,false,11,22,22,1,true,false,11,22,22,1,true,false
B,toronto,2026-06-21,20260621T113229-0400,2026-06-21T15:32:29.939637+00:00,11:32:09.463960,692,other,C,M5_cutoff_change,timestamp_set_changed,660,,,10,21,22,24,2026-06-21T15:32:29.939637+00:00,2026-06-21T15:31:18.177466+00:00,1,660,2026-06-21T15:31:18.177466+00:00,11,22,22,1,true,false,11,22,22,1,true,false,11,22,22,1,true,false,11,22,22,1,true,false
B,toronto,2026-06-21,20260621T114216-0400,2026-06-21T15:42:16.863467+00:00,11:42:14.181819,702,other,C,M5_cutoff_change,timestamp_set_changed,660,,,10,21,22,24,2026-06-21T15:42:16.863467+00:00,2026-06-21T15:36:07.535268+00:00,1,660,2026-06-21T15:36:07.535268+00:00,11,22,22,1,true,false,11,22,22,1,true,false,11,22,22,1,true,false,11,22,22,1,true,false
B,toronto,2026-06-21,20260621T115227-0400,2026-06-21T15:52:27.814347+00:00,11:52:23.269309,712,other,C,M5_cutoff_change,timestamp_set_changed,660,,,10,21,22,24,2026-06-21T15:52:27.814347+00:00,2026-06-21T15:43:23.091475+00:00,1,660,2026-06-21T15:43:23.091475+00:00,11,22,22,1,true,false,11,22,22,1,true,false,11,22,22,1,true,false,11,22,22,1,true,false
B,toronto,2026-06-21,20260621T131716-0400,2026-06-21T17:17:16.211192+00:00,13:17:15.832013,797,settlement_window,C,M5_cutoff_change,timestamp_set_changed,780,,,12,22,23,24,2026-06-21T17:17:16.211192+00:00,2026-06-21T17:16:16.367985+00:00,1,780,2026-06-21T17:16:16.367985+00:00,13,23,23,1,true,false,13,23,23,1,true,false,13,23,23,1,true,false,13,23,23,1,true,false
B,toronto,2026-06-21,20260621T131916-0400,2026-06-21T17:19:16.776754+00:00,13:19:16.377273,799,settlement_window,C,M5_cutoff_change,timestamp_set_changed,780,,,12,22,23,24,2026-06-21T17:19:16.776754+00:00,2026-06-21T17:18:17.531664+00:00,1,780,2026-06-21T17:18:17.531664+00:00,13,23,23,1,true,false,13,23,23,1,true,false,13,23,23,1,true,false,13,23,23,1,true,false
B,toronto,2026-06-21,20260621T132416-0400,2026-06-21T17:24:16.401615+00:00,13:24:15.801049,804,settlement_window,C,M5_cutoff_change,timestamp_set_changed,780,,,12,22,23,24,2026-06-21T17:24:16.401615+00:00,2026-06-21T17:23:16.415249+00:00,1,780,2026-06-21T17:23:16.415249+00:00,13,23,23,1,true,false,13,23,23,1,true,false,13,23,23,1,true,false,13,23,23,1,true,false
B,toronto,2026-06-21,20260621T181719-0400,2026-06-21T22:17:19.336849+00:00,18:17:18.516630,1097,other,C,M5_cutoff_change,timestamp_set_changed,1080,,,17,23,24,24,2026-06-21T22:17:19.336849+00:00,2026-06-21T22:15:18.848370+00:00,1,1080,2026-06-21T22:15:18.848370+00:00,18,24,24,1,true,false,18,24,24,1,true,false,18,24,24,1,true,false,18,24,24,1,true,false
B,toronto,2026-06-26,20260626T081425-0400,2026-06-26T12:14:25.248682+00:00,08:14:24.768015,494,other,C,M5_cutoff_change,timestamp_set_changed,480,,,7,17,18,24,2026-06-26T12:14:25.248682+00:00,2026-06-26T12:13:24.942083+00:00,1,480,2026-06-26T12:13:24.942083+00:00,8,18,18,1,true,false,8,18,18,1,true,false,8,18,18,1,true,false,8,18,18,1,true,false
B,toronto,2026-06-26,20260626T081730-0400,2026-06-26T12:17:30.451378+00:00,08:17:29.988081,497,other,C,M5_cutoff_change,timestamp_set_changed,480,,,7,17,18,24,2026-06-26T12:17:30.451378+00:00,2026-06-26T12:16:24.746307+00:00,1,480,2026-06-26T12:16:24.746307+00:00,8,18,18,1,true,false,8,18,18,1,true,false,8,18,18,1,true,false,8,18,18,1,true,false
C,atlanta,2026-07-03,20260703T015857-0400,2026-07-03T05:58:57.370072+00:00,01:58:56.659154,118,pre_dawn,F,M2_empty_history,no_valid_row_change,,,,7,82.94,84.02,93,2026-07-03T05:58:57.370072+00:00,2026-07-03T05:50:17.436860+00:00,0,,,7,82.94,84.02,0,false,false,7,82.94,84.02,0,false,false,7,82.94,84.02,0,false,false,7,82.94,84.02,0,false,false
C,atlanta,2026-07-03,20260703T025511-0400,2026-07-03T06:55:11.134754+00:00,02:55:10.954797,175,pre_dawn,F,M2_empty_history,no_valid_row_change,,,,7,82.04,82.94,93,2026-07-03T06:55:11.134754+00:00,2026-07-03T06:51:29.254285+00:00,0,,,7,82.04,82.94,0,false,false,7,82.04,82.94,0,false,false,7,82.04,82.94,0,false,false,7,82.04,82.94,0,false,false
C,atlanta,2026-07-03,20260703T035511-0400,2026-07-03T07:55:11.690030+00:00,03:55:11.496058,235,pre_dawn,F,M2_empty_history,no_valid_row_change,,,,7,80.96,82.04,93,2026-07-03T07:55:11.690030+00:00,2026-07-03T07:46:20.277851+00:00,0,,,7,80.96,82.04,0,false,false,7,80.96,82.04,0,false,false,7,80.96,82.04,0,false,false,7,80.96,82.04,0,false,false
C,atlanta,2026-07-03,20260703T045511-0400,2026-07-03T08:55:11.741912+00:00,04:55:11.471277,295,pre_dawn,F,M2_empty_history,no_valid_row_change,,,,7,80.06,80.96,93,2026-07-03T08:55:11.741912+00:00,2026-07-03T08:49:53.952768+00:00,0,,,7,80.06,80.96,0,false,false,7,80.06,80.96,0,false,false,7,80.06,80.96,0,false,false,7,80.06,80.96,0,false,false
C,atlanta,2026-07-05,20260705T015444054535-0400,2026-07-05T05:54:44.054535+00:00,01:54:43.791535,114,pre_dawn,F,M2_empty_history,no_valid_row_change,,,,7,78.98,82.04,93,2026-07-05T05:54:44.054535+00:00,2026-07-05T05:50:11.611009+00:00,0,,,7,78.98,82.04,0,false,false,7,78.98,82.04,0,false,false,7,78.98,82.04,0,false,false,7,78.98,82.04,0,false,false
C,atlanta,2026-07-05,20260705T025543489191-0400,2026-07-05T06:55:43.489191+00:00,02:55:43.317193,175,pre_dawn,F,M2_empty_history,no_valid_row_change,,,,7,75.92,78.98,93,2026-07-05T06:55:43.489191+00:00,2026-07-05T06:53:45.566004+00:00,0,,,7,75.92,78.98,0,false,false,7,75.92,78.98,0,false,false,7,75.92,78.98,0,false,false,7,75.92,78.98,0,false,false
C,atlanta,2026-07-05,20260705T045543271299-0400,2026-07-05T08:55:43.271299+00:00,04:55:43.061601,295,pre_dawn,F,M2_empty_history,no_valid_row_change,,,,7,75.02,75.92,93,2026-07-05T08:55:43.271299+00:00,2026-07-05T08:51:42.291316+00:00,0,,,7,75.02,75.92,0,false,false,7,75.02,75.92,0,false,false,7,75.02,75.92,0,false,false,7,75.02,75.92,0,false,false
C,atlanta,2026-07-05,20260705T140029921655-0400,2026-07-05T18:00:29.921655+00:00,14:00:29.669005,840,peak_heating_window,F,M2_empty_history,no_valid_row_change,,,,14,89.96,93.02,93,2026-07-05T18:00:29.921655+00:00,2026-07-05T17:58:02.974800+00:00,0,,,14,89.96,93.02,0,false,false,14,89.96,93.02,0,false,false,14,89.96,93.02,0,false,false,14,89.96,93.02,0,false,false
C,atlanta,2026-07-07,20260707T015450326147-0400,2026-07-07T05:54:50.326147+00:00,01:54:49.255178,114,pre_dawn,F,M2_empty_history,no_valid_row_change,,,,7,75.02,77,92,2026-07-07T05:54:50.326147+00:00,2026-07-07T05:52:01.354627+00:00,0,,,7,75.02,77,0,false,false,7,75.02,77,0,false,false,7,75.02,77,0,false,false,7,75.02,77,0,false,false
C,atlanta,2026-07-07,20260707T030959170157-0400,2026-07-07T07:09:59.170157+00:00,03:09:58.997954,189,pre_dawn,F,M2_empty_history,no_valid_row_change,,,,7,73.94,75.02,92,2026-07-07T07:09:59.170157+00:00,2026-07-07T07:08:36.318172+00:00,0,,,7,73.94,75.02,0,false,false,7,73.94,75.02,0,false,false,7,73.94,75.02,0,false,false,7,73.94,75.02,0,false,false
C,atlanta,2026-07-07,20260707T035557198123-0400,2026-07-07T07:55:57.198123+00:00,03:55:56.997925,235,pre_dawn,F,M2_empty_history,no_valid_row_change,,,,7,73.04,73.94,92,2026-07-07T07:55:57.198123+00:00,2026-07-07T07:54:02.940797+00:00,0,,,7,73.04,73.94,0,false,false,7,73.04,73.94,0,false,false,7,73.04,73.94,0,false,false,7,73.04,73.94,0,false,false
C,atlanta,2026-07-07,20260707T055431604131-0400,2026-07-07T09:54:31.604131+00:00,05:54:31.422431,354,pre_dawn,F,M2_empty_history,no_valid_row_change,,,,7,71.96,73.04,92,2026-07-07T09:54:31.604131+00:00,2026-07-07T09:52:06.872772+00:00,0,,,7,71.96,73.04,0,false,false,7,71.96,73.04,0,false,false,7,71.96,73.04,0,false,false,7,71.96,73.04,0,false,false
C,atlanta,2026-07-08,20260708T005549841108-0400,2026-07-08T04:55:49.841108+00:00,00:55:49.648174,55,pre_dawn,F,M2_empty_history,no_valid_row_change,,,,7,77,78.98,93,2026-07-08T04:55:49.841108+00:00,2026-07-08T04:47:11.842015+00:00,0,,,7,77,78.98,0,false,false,7,77,78.98,0,false,false,7,77,78.98,0,false,false,7,77,78.98,0,false,false
C,atlanta,2026-07-08,20260708T025449056403-0400,2026-07-08T06:54:49.056403+00:00,02:54:48.877189,174,pre_dawn,F,M2_empty_history,no_valid_row_change,,,,7,75.92,77,93,2026-07-08T06:54:49.056403+00:00,2026-07-08T06:54:15.450299+00:00,0,,,7,75.92,77,0,false,false,7,75.92,77,0,false,false,7,75.92,77,0,false,false,7,75.92,77,0,false,false
C,atlanta,2026-07-08,20260708T035449219103-0400,2026-07-08T07:54:49.219103+00:00,03:54:49.012675,234,pre_dawn,F,M2_empty_history,no_valid_row_change,,,,7,75.02,75.92,93,2026-07-08T07:54:49.219103+00:00,2026-07-08T07:48:41.978156+00:00,0,,,7,75.02,75.92,0,false,false,7,75.02,75.92,0,false,false,7,75.02,75.92,0,false,false,7,75.02,75.92,0,false,false
C,atlanta,2026-07-08,20260708T045450843821-0400,2026-07-08T08:54:50.843821+00:00,04:54:50.656833,294,pre_dawn,F,M2_empty_history,no_valid_row_change,,,,7,73.94,75.02,93,2026-07-08T08:54:50.843821+00:00,2026-07-08T08:52:10.324439+00:00,0,,,7,73.94,75.02,0,false,false,7,73.94,75.02,0,false,false,7,73.94,75.02,0,false,false,7,73.94,75.02,0,false,false
C,atlanta,2026-07-08,20260708T065451777417-0400,2026-07-08T10:54:51.777417+00:00,06:54:51.517969,414,pre_dawn,F,M2_empty_history,no_valid_row_change,,,,7,73.04,73.94,93,2026-07-08T10:54:51.777417+00:00,2026-07-08T10:50:06.836293+00:00,0,,,7,73.04,73.94,0,false,false,7,73.04,73.94,0,false,false,7,73.04,73.94,0,false,false,7,73.04,73.94,0,false,false
C,atlanta,2026-07-09,20260709T005437180914-0400,2026-07-09T04:54:37.180914+00:00,00:54:36.804252,54,pre_dawn,F,M2_empty_history,no_valid_row_change,,,,7,80.06,80.96,95,2026-07-09T04:54:37.180914+00:00,2026-07-09T04:45:33.123456+00:00,0,,,7,80.06,80.96,0,false,false,7,80.06,80.96,0,false,false,7,80.06,80.96,0,false,false,7,80.06,80.96,0,false,false
C,atlanta,2026-07-09,20260709T025645640888-0400,2026-07-09T06:56:45.640888+00:00,02:56:45.400784,176,pre_dawn,F,M2_empty_history,no_valid_row_change,,,,7,78.98,80.06,95,2026-07-09T06:56:45.640888+00:00,2026-07-09T06:52:51.304783+00:00,0,,,7,78.98,80.06,0,false,false,7,78.98,80.06,0,false,false,7,78.98,80.06,0,false,false,7,78.98,80.06,0,false,false
C,atlanta,2026-07-09,20260709T035438200202-0400,2026-07-09T07:54:38.200202+00:00,03:54:38.018034,234,pre_dawn,F,M2_empty_history,no_valid_row_change,,,,7,78.08,78.98,95,2026-07-09T07:54:38.200202+00:00,2026-07-09T07:47:21.918668+00:00,0,,,7,78.08,78.98,0,false,false,7,78.08,78.98,0,false,false,7,78.08,78.98,0,false,false,7,78.08,78.98,0,false,false
C,atlanta,2026-07-09,20260709T060317907903-0400,2026-07-09T10:03:17.907903+00:00,06:03:17.694789,363,pre_dawn,F,M2_empty_history,no_valid_row_change,,,,7,75.92,78.08,95,2026-07-09T10:03:17.907903+00:00,2026-07-09T09:54:37.862312+00:00,0,,,7,75.92,78.08,0,false,false,7,75.92,78.08,0,false,false,7,75.92,78.08,0,false,false,7,75.92,78.08,0,false,false
C,atlanta,2026-07-09,20260709T105748085057-0400,2026-07-09T14:57:48.085057+00:00,10:57:43.987780,657,other,F,M2_empty_history,no_valid_row_change,,,,10,84.92,87.98,95,2026-07-09T14:57:48.085057+00:00,2026-07-09T14:55:06.034975+00:00,0,,,10,84.92,87.98,0,false,false,10,84.92,87.98,0,false,false,10,84.92,87.98,0,false,false,10,84.92,87.98,0,false,false
C,atlanta,2026-07-10,20260710T015520808476-0400,2026-07-10T05:55:20.808476+00:00,01:55:19.088528,115,pre_dawn,F,M2_empty_history,no_valid_row_change,,,,7,77,78.08,92,2026-07-10T05:55:20.808476+00:00,2026-07-10T05:46:46.392790+00:00,0,,,7,77,78.08,0,false,false,7,77,78.08,0,false,false,7,77,78.08,0,false,false,7,77,78.08,0,false,false
C,atlanta,2026-07-10,20260710T025651737313-0400,2026-07-10T06:56:51.737313+00:00,02:56:48.127442,176,pre_dawn,F,M2_empty_history,no_valid_row_change,,,,7,75.92,77,92,2026-07-10T06:56:51.737313+00:00,2026-07-10T06:35:46.622579+00:00,0,,,7,75.92,77,0,false,false,7,75.92,77,0,false,false,7,75.92,77,0,false,false,7,75.92,77,0,false,false
C,atlanta,2026-07-10,20260710T035918988631-0400,2026-07-10T07:59:18.988631+00:00,03:59:16.555394,239,pre_dawn,F,M2_empty_history,no_valid_row_change,,,,7,75.02,75.92,92,2026-07-10T07:59:18.988631+00:00,2026-07-10T07:52:37.025878+00:00,0,,,7,75.02,75.92,0,false,false,7,75.02,75.92,0,false,false,7,75.02,75.92,0,false,false,7,75.02,75.92,0,false,false
C,atlanta,2026-07-10,20260710T045509586462-0400,2026-07-10T08:55:09.586462+00:00,04:55:09.330316,295,pre_dawn,F,M2_empty_history,no_valid_row_change,,,,7,73.94,75.02,92,2026-07-10T08:55:09.586462+00:00,2026-07-10T08:50:52.814381+00:00,0,,,7,73.94,75.02,0,false,false,7,73.94,75.02,0,false,false,7,73.94,75.02,0,false,false,7,73.94,75.02,0,false,false
C,atlanta,2026-07-10,20260710T065447244856-0400,2026-07-10T10:54:47.244856+00:00,06:54:47.025159,414,pre_dawn,F,M2_empty_history,no_valid_row_change,,,,7,73.94,75.02,92,2026-07-10T10:54:47.244856+00:00,2026-07-10T10:52:36.426938+00:00,0,,,7,73.94,75.02,0,false,false,7,73.94,75.02,0,false,false,7,73.94,75.02,0,false,false,7,73.94,75.02,0,false,false
C,atlanta,2026-07-10,20260710T120537916558-0400,2026-07-10T16:05:37.916558+00:00,12:05:37.703637,725,settlement_window,F,M2_empty_history,no_valid_row_change,,,,12,87.08,89.96,92,2026-07-10T16:05:37.916558+00:00,2026-07-10T16:00:31.887849+00:00,0,,,12,87.08,89.96,0,false,false,12,87.08,89.96,0,false,false,12,87.08,89.96,0,false,false,12,87.08,89.96,0,false,false
C,atlanta,2026-07-11,20260711T015530305586-0400,2026-07-11T05:55:30.305586+00:00,01:55:30.125996,115,pre_dawn,F,M2_empty_history,no_valid_row_change,,,,7,78.08,78.98,94,2026-07-11T05:55:30.305586+00:00,2026-07-11T05:46:13.969421+00:00,0,,,7,78.08,78.98,0,false,false,7,78.08,78.98,0,false,false,7,78.08,78.98,0,false,false,7,78.08,78.98,0,false,false
C,atlanta,2026-07-11,20260711T035554825995-0400,2026-07-11T07:55:54.825995+00:00,03:55:54.274832,235,pre_dawn,F,M2_empty_history,no_valid_row_change,,,,7,77,78.08,94,2026-07-11T07:55:54.825995+00:00,2026-07-11T07:46:55.010035+00:00,0,,,7,77,78.08,0,false,false,7,77,78.08,0,false,false,7,77,78.08,0,false,false,7,77,78.08,0,false,false
C,atlanta,2026-07-11,20260711T050007634319-0400,2026-07-11T09:00:07.634319+00:00,04:59:57.285855,299,pre_dawn,F,M2_empty_history,no_valid_row_change,,,,7,75.92,77,94,2026-07-11T09:00:07.634319+00:00,2026-07-11T08:40:47.028683+00:00,0,,,7,75.92,77,0,false,false,7,75.92,77,0,false,false,7,75.92,77,0,false,false,7,75.92,77,0,false,false
C,atlanta,2026-07-11,20260711T055507880655-0400,2026-07-11T09:55:07.880655+00:00,05:55:07.703003,355,pre_dawn,F,M2_empty_history,no_valid_row_change,,,,7,75.02,75.92,94,2026-07-11T09:55:07.880655+00:00,2026-07-11T09:46:24.247235+00:00,0,,,7,75.02,75.92,0,false,false,7,75.02,75.92,0,false,false,7,75.02,75.92,0,false,false,7,75.02,75.92,0,false,false
C,atlanta,2026-07-14,20260714T011726801803-0400,2026-07-14T05:17:26.801803+00:00,01:17:26.477145,77,pre_dawn,F,M2_empty_history,no_valid_row_change,,,,7,73.94,75.02,84,2026-07-14T05:17:26.801803+00:00,2026-07-14T05:07:21.004483+00:00,0,,,7,73.94,75.02,0,false,false,7,73.94,75.02,0,false,false,7,73.94,75.02,0,false,false,7,73.94,75.02,0,false,false
C,atlanta,2026-07-14,20260714T025119437907-0400,2026-07-14T06:51:19.437907+00:00,02:51:19.174723,171,pre_dawn,F,M2_empty_history,no_valid_row_change,,,,7,73.4,73.94,84,2026-07-14T06:51:19.437907+00:00,2026-07-14T06:42:54.890090+00:00,0,,,7,73.4,73.94,0,false,false,7,73.4,73.94,0,false,false,7,73.4,73.94,0,false,false,7,73.4,73.94,0,false,false
C,atlanta,2026-07-14,20260714T030111538878-0400,2026-07-14T07:01:11.538878+00:00,03:01:10.315073,181,pre_dawn,F,M2_empty_history,no_valid_row_change,,,,7,73.04,73.4,84,2026-07-14T07:01:11.538878+00:00,2026-07-14T06:52:01.931362+00:00,0,,,7,73.04,73.4,0,false,false,7,73.04,73.4,0,false,false,7,73.04,73.4,0,false,false,7,73.04,73.4,0,false,false
C,atlanta,2026-07-14,20260714T043222506918-0400,2026-07-14T08:32:22.506918+00:00,04:32:21.389782,272,pre_dawn,F,M2_empty_history,no_valid_row_change,,,,7,73.04,73.94,84,2026-07-14T08:32:22.506918+00:00,2026-07-14T08:31:30.325438+00:00,0,,,7,73.04,73.94,0,false,false,7,73.04,73.94,0,false,false,7,73.04,73.94,0,false,false,7,73.04,73.94,0,false,false
C,atlanta,2026-07-14,20260714T065523888276-0400,2026-07-14T10:55:23.888276+00:00,06:55:23.614150,415,pre_dawn,F,M2_empty_history,no_valid_row_change,,,,7,71.96,73.04,84,2026-07-14T10:55:23.888276+00:00,2026-07-14T10:48:49.016571+00:00,0,,,7,71.96,73.04,0,false,false,7,71.96,73.04,0,false,false,7,71.96,73.04,0,false,false,7,71.96,73.04,0,false,false
C,atlanta,2026-07-15,20260715T110047759992-0400,2026-07-15T15:00:47.759992+00:00,11:00:47.532537,660,other,F,M2_empty_history,no_valid_row_change,,,,11,75.02,80.96,89,2026-07-15T15:00:47.759992+00:00,2026-07-15T14:57:31.541473+00:00,0,,,11,75.02,80.96,0,false,false,11,75.02,80.96,0,false,false,11,75.02,80.96,0,false,false,11,75.02,80.96,0,false,false
C,atlanta,2026-07-15,20260715T115838759824-0400,2026-07-15T15:58:38.759824+00:00,11:58:38.521809,718,other,F,M2_empty_history,no_valid_row_change,,,,11,80.96,82.04,89,2026-07-15T15:58:38.759824+00:00,2026-07-15T15:54:36.610860+00:00,0,,,11,80.96,82.04,0,false,false,11,80.96,82.04,0,false,false,11,80.96,82.04,0,false,false,11,80.96,82.04,0,false,false
C,atlanta,2026-07-15,20260715T120140651379-0400,2026-07-15T16:01:40.651379+00:00,12:01:40.452495,721,settlement_window,F,M2_empty_history,no_valid_row_change,,,,12,80.96,82.04,89,2026-07-15T16:01:40.651379+00:00,2026-07-15T16:01:07.259864+00:00,0,,,12,80.96,82.04,0,false,false,12,80.96,82.04,0,false,false,12,80.96,82.04,0,false,false,12,80.96,82.04,0,false,false
C,atlanta,2026-07-16,20260716T014039716544-0400,2026-07-16T05:40:39.716544+00:00,01:40:39.416169,100,pre_dawn,F,M2_empty_history,no_valid_row_change,,,,7,78.98,80.06,92,2026-07-16T05:40:39.716544+00:00,2026-07-16T05:33:13.560042+00:00,0,,,7,78.98,80.06,0,false,false,7,78.98,80.06,0,false,false,7,78.98,80.06,0,false,false,7,78.98,80.06,0,false,false
C,atlanta,2026-07-16,20260716T025441073495-0400,2026-07-16T06:54:41.073495+00:00,02:54:40.893040,174,pre_dawn,F,M2_empty_history,no_valid_row_change,,,,7,77,78.98,92,2026-07-16T06:54:41.073495+00:00,2026-07-16T06:46:59.888582+00:00,0,,,7,77,78.98,0,false,false,7,77,78.98,0,false,false,7,77,78.98,0,false,false,7,77,78.98,0,false,false
C,atlanta,2026-07-16,20260716T045539582105-0400,2026-07-16T08:55:39.582105+00:00,04:55:39.352691,295,pre_dawn,F,M2_empty_history,no_valid_row_change,,,,7,75.92,77,92,2026-07-16T08:55:39.582105+00:00,2026-07-16T08:54:31.067504+00:00,0,,,7,75.92,77,0,false,false,7,75.92,77,0,false,false,7,75.92,77,0,false,false,7,75.92,77,0,false,false
C,atlanta,2026-07-16,20260716T055445964983-0400,2026-07-16T09:54:45.964983+00:00,05:54:45.790430,354,pre_dawn,F,M2_empty_history,no_valid_row_change,,,,7,75.02,75.92,92,2026-07-16T09:54:45.964983+00:00,2026-07-16T09:49:05.575635+00:00,0,,,7,75.02,75.92,0,false,false,7,75.02,75.92,0,false,false,7,75.02,75.92,0,false,false,7,75.02,75.92,0,false,false
C,atlanta,2026-07-16,20260716T125810555681-0400,2026-07-16T16:58:10.555681+00:00,12:58:09.327555,778,settlement_window,F,M2_empty_history,no_valid_row_change,,,,12,86,87.08,92,2026-07-16T16:58:10.555681+00:00,2026-07-16T16:55:55.961182+00:00,0,,,12,86,87.08,0,false,false,12,86,87.08,0,false,false,12,86,87.08,0,false,false,12,86,87.08,0,false,false
C,atlanta,2026-07-17,20260717T005545361698-0400,2026-07-17T04:55:45.361698+00:00,00:55:45.072631,55,pre_dawn,F,M2_empty_history,no_valid_row_change,,,,7,77,78.08,89,2026-07-17T04:55:45.361698+00:00,2026-07-17T04:46:33.341366+00:00,0,,,7,77,78.08,0,false,false,7,77,78.08,0,false,false,7,77,78.08,0,false,false,7,77,78.08,0,false,false
C,atlanta,2026-07-17,20260717T025443076815-0400,2026-07-17T06:54:43.076815+00:00,02:54:42.645052,174,pre_dawn,F,M2_empty_history,no_valid_row_change,,,,7,75.92,77,89,2026-07-17T06:54:43.076815+00:00,2026-07-17T06:46:02.484590+00:00,0,,,7,75.92,77,0,false,false,7,75.92,77,0,false,false,7,75.92,77,0,false,false,7,75.92,77,0,false,false
C,atlanta,2026-07-18,20260718T025532068713-0400,2026-07-18T06:55:32.068713+00:00,02:55:31.739531,175,pre_dawn,F,M2_empty_history,no_valid_row_change,,,,7,75.92,77,93,2026-07-18T06:55:32.068713+00:00,2026-07-18T06:54:22.079778+00:00,0,,,7,75.92,77,0,false,false,7,75.92,77,0,false,false,7,75.92,77,0,false,false,7,75.92,77,0,false,false
C,atlanta,2026-07-18,20260718T035431105857-0400,2026-07-18T07:54:31.105857+00:00,03:54:30.847086,234,pre_dawn,F,M2_empty_history,no_valid_row_change,,,,7,75.02,75.92,93,2026-07-18T07:54:31.105857+00:00,2026-07-18T07:49:01.113236+00:00,0,,,7,75.02,75.92,0,false,false,7,75.02,75.92,0,false,false,7,75.02,75.92,0,false,false,7,75.02,75.92,0,false,false
C,atlanta,2026-07-18,20260718T055538040681-0400,2026-07-18T09:55:38.040681+00:00,05:55:37.842835,355,pre_dawn,F,M2_empty_history,no_valid_row_change,,,,7,73.94,75.02,93,2026-07-18T09:55:38.040681+00:00,2026-07-18T09:47:14.102508+00:00,0,,,7,73.94,75.02,0,false,false,7,73.94,75.02,0,false,false,7,73.94,75.02,0,false,false,7,73.94,75.02,0,false,false
C,atlanta,2026-07-18,20260718T065233318121-0400,2026-07-18T10:52:33.318121+00:00,06:52:33.167938,412,pre_dawn,F,M2_empty_history,no_valid_row_change,,,,7,73.94,75.02,93,2026-07-18T10:52:33.318121+00:00,2026-07-18T10:51:40.147979+00:00,0,,,7,73.94,75.02,0,false,false,7,73.94,75.02,0,false,false,7,73.94,75.02,0,false,false,7,73.94,75.02,0,false,false
C,atlanta,2026-07-18,20260718T091349652716-0400,2026-07-18T13:13:49.652716+00:00,09:13:49.393808,553,other,F,M2_empty_history,no_valid_row_change,,,,9,75.92,78.08,93,2026-07-18T13:13:49.652716+00:00,2026-07-18T13:07:38.155705+00:00,0,,,9,75.92,78.08,0,false,false,9,75.92,78.08,0,false,false,9,75.92,78.08,0,false,false,9,75.92,78.08,0,false,false
C,atlanta,2026-07-18,20260718T135939233943-0400,2026-07-18T17:59:39.233943+00:00,13:59:38.045805,839,settlement_window,F,M2_empty_history,no_valid_row_change,,,,13,89.96,91.04,93,2026-07-18T17:59:39.233943+00:00,2026-07-18T17:59:37.937181+00:00,0,,,13,89.96,91.04,0,false,false,13,89.96,91.04,0,false,false,13,89.96,91.04,0,false,false,13,89.96,91.04,0,false,false
C,atlanta,2026-07-19,20260719T015532074008-0400,2026-07-19T05:55:32.074008+00:00,01:55:31.678172,115,pre_dawn,F,M2_empty_history,no_valid_row_change,,,,7,77,78.98,91,2026-07-19T05:55:32.074008+00:00,2026-07-19T05:50:26.368949+00:00,0,,,7,77,78.98,0,false,false,7,77,78.98,0,false,false,7,77,78.98,0,false,false,7,77,78.98,0,false,false
C,atlanta,2026-07-19,20260719T025446207633-0400,2026-07-19T06:54:46.207633+00:00,02:54:45.226415,174,pre_dawn,F,M2_empty_history,no_valid_row_change,,,,7,75.92,77,91,2026-07-19T06:54:46.207633+00:00,2026-07-19T06:45:33.598801+00:00,0,,,7,75.92,77,0,false,false,7,75.92,77,0,false,false,7,75.92,77,0,false,false,7,75.92,77,0,false,false
C,atlanta,2026-07-19,20260719T035537550691-0400,2026-07-19T07:55:37.550691+00:00,03:55:37.338905,235,pre_dawn,F,M2_empty_history,no_valid_row_change,,,,7,75.02,75.92,91,2026-07-19T07:55:37.550691+00:00,2026-07-19T07:49:39.860116+00:00,0,,,7,75.02,75.92,0,false,false,7,75.02,75.92,0,false,false,7,75.02,75.92,0,false,false,7,75.02,75.92,0,false,false
C,atlanta,2026-07-20,20260720T025544963814-0400,2026-07-20T06:55:44.963814+00:00,02:55:44.584421,175,pre_dawn,F,M2_empty_history,no_valid_row_change,,,,7,75.02,75.92,93,2026-07-20T06:55:44.963814+00:00,2026-07-20T06:51:06.927775+00:00,0,,,7,75.02,75.92,0,false,false,7,75.02,75.92,0,false,false,7,75.02,75.92,0,false,false,7,75.02,75.92,0,false,false
C,atlanta,2026-07-20,20260720T035533096421-0400,2026-07-20T07:55:33.096421+00:00,03:55:32.051176,235,pre_dawn,F,M2_empty_history,no_valid_row_change,,,,7,73.94,75.02,93,2026-07-20T07:55:33.096421+00:00,2026-07-20T07:46:26.582845+00:00,0,,,7,73.94,75.02,0,false,false,7,73.94,75.02,0,false,false,7,73.94,75.02,0,false,false,7,73.94,75.02,0,false,false
C,atlanta,2026-07-21,20260721T005548640049-0400,2026-07-21T04:55:48.640049+00:00,00:55:48.445124,55,pre_dawn,F,M2_empty_history,no_valid_row_change,,,,7,78.08,78.98,90,2026-07-21T04:55:48.640049+00:00,2026-07-21T04:46:29.731348+00:00,0,,,7,78.08,78.98,0,false,false,7,78.08,78.98,0,false,false,7,78.08,78.98,0,false,false,7,78.08,78.98,0,false,false
C,atlanta,2026-07-21,20260721T015722211434-0400,2026-07-21T05:57:22.211434+00:00,01:57:20.884677,117,pre_dawn,F,M2_empty_history,no_valid_row_change,,,,7,77,78.08,90,2026-07-21T05:57:22.211434+00:00,2026-07-21T05:47:58.976371+00:00,0,,,7,77,78.08,0,false,false,7,77,78.08,0,false,false,7,77,78.08,0,false,false,7,77,78.08,0,false,false
C,atlanta,2026-07-21,20260721T030138791255-0400,2026-07-21T07:01:38.791255+00:00,03:01:37.492285,181,pre_dawn,F,M2_empty_history,no_valid_row_change,,,,7,75.92,77,90,2026-07-21T07:01:38.791255+00:00,2026-07-21T06:52:31.758299+00:00,0,,,7,75.92,77,0,false,false,7,75.92,77,0,false,false,7,75.92,77,0,false,false,7,75.92,77,0,false,false
C,atlanta,2026-07-21,20260721T035620563767-0400,2026-07-21T07:56:20.563767+00:00,03:56:19.571647,236,pre_dawn,F,M2_empty_history,no_valid_row_change,,,,7,75.02,75.92,90,2026-07-21T07:56:20.563767+00:00,2026-07-21T07:47:13.931134+00:00,0,,,7,75.02,75.92,0,false,false,7,75.02,75.92,0,false,false,7,75.02,75.92,0,false,false,7,75.02,75.92,0,false,false
C,atlanta,2026-07-21,20260721T065825657487-0400,2026-07-21T10:58:25.657487+00:00,06:58:24.623735,418,pre_dawn,F,M2_empty_history,no_valid_row_change,,,,7,73.04,75.02,90,2026-07-21T10:58:25.657487+00:00,2026-07-21T10:49:20.117982+00:00,0,,,7,73.04,75.02,0,false,false,7,73.04,75.02,0,false,false,7,73.04,75.02,0,false,false,7,73.04,75.02,0,false,false
C,atlanta,2026-07-22,20260722T005428015006-0400,2026-07-22T04:54:28.015006+00:00,00:54:27.839011,54,pre_dawn,F,M2_empty_history,no_valid_row_change,,,,7,78.98,80.06,88,2026-07-22T04:54:28.015006+00:00,2026-07-22T04:46:16.374993+00:00,0,,,7,78.98,80.06,0,false,false,7,78.98,80.06,0,false,false,7,78.98,80.06,0,false,false,7,78.98,80.06,0,false,false
C,atlanta,2026-07-22,20260722T015904363098-0400,2026-07-22T05:59:04.363098+00:00,01:59:03.434094,119,pre_dawn,F,M2_empty_history,no_valid_row_change,,,,7,77,78.98,88,2026-07-22T05:59:04.363098+00:00,2026-07-22T05:49:58.863305+00:00,0,,,7,77,78.98,0,false,false,7,77,78.98,0,false,false,7,77,78.98,0,false,false,7,77,78.98,0,false,false
C,atlanta,2026-07-22,20260722T035733735876-0400,2026-07-22T07:57:33.735876+00:00,03:57:32.739455,237,pre_dawn,F,M2_empty_history,no_valid_row_change,,,,7,75.92,77,88,2026-07-22T07:57:33.735876+00:00,2026-07-22T07:48:27.078324+00:00,0,,,7,75.92,77,0,false,false,7,75.92,77,0,false,false,7,75.92,77,0,false,false,7,75.92,77,0,false,false
C,atlanta,2026-07-22,20260722T105934029765-0400,2026-07-22T14:59:34.029765+00:00,10:59:33.766710,659,other,F,M2_empty_history,no_valid_row_change,,,,10,80.06,82.04,88,2026-07-22T14:59:34.029765+00:00,2026-07-22T14:54:40.006371+00:00,0,,,10,80.06,82.04,0,false,false,10,80.06,82.04,0,false,false,10,80.06,82.04,0,false,false,10,80.06,82.04,0,false,false
C,atlanta,2026-07-23,20260723T005437430598-0400,2026-07-23T04:54:37.430598+00:00,00:54:37.101885,54,pre_dawn,F,M2_empty_history,no_valid_row_change,,,,7,77,78.08,89,2026-07-23T04:54:37.430598+00:00,2026-07-23T04:47:36.838064+00:00,0,,,7,77,78.08,0,false,false,7,77,78.08,0,false,false,7,77,78.08,0,false,false,7,77,78.08,0,false,false
C,atlanta,2026-07-23,20260723T015523350459-0400,2026-07-23T05:55:23.350459+00:00,01:55:23.102729,115,pre_dawn,F,M2_empty_history,no_valid_row_change,,,,7,75.92,77,89,2026-07-23T05:55:23.350459+00:00,2026-07-23T05:51:21.871808+00:00,0,,,7,75.92,77,0,false,false,7,75.92,77,0,false,false,7,75.92,77,0,false,false,7,75.92,77,0,false,false
C,atlanta,2026-07-23,20260723T050338189075-0400,2026-07-23T09:03:38.189075+00:00,05:03:37.306974,303,pre_dawn,F,M2_empty_history,no_valid_row_change,,,,7,75.02,75.92,89,2026-07-23T09:03:38.189075+00:00,2026-07-23T08:54:14.794927+00:00,0,,,7,75.02,75.92,0,false,false,7,75.02,75.92,0,false,false,7,75.02,75.92,0,false,false,7,75.02,75.92,0,false,false
C,atlanta,2026-07-23,20260723T110540371049-0400,2026-07-23T15:05:40.371049+00:00,11:05:40.181516,665,other,F,M2_empty_history,no_valid_row_change,,,,11,80.96,82.04,89,2026-07-23T15:05:40.371049+00:00,2026-07-23T14:58:53.170606+00:00,0,,,11,80.96,82.04,0,false,false,11,80.96,82.04,0,false,false,11,80.96,82.04,0,false,false,11,80.96,82.04,0,false,false
C,atlanta,2026-07-24,20260724T030131670853-0400,2026-07-24T07:01:31.670853+00:00,03:01:31.539447,181,pre_dawn,F,M2_empty_history,no_valid_row_change,,,,7,80.06,80.96,88,2026-07-24T07:01:31.670853+00:00,2026-07-24T06:57:21.792378+00:00,0,,,7,80.06,80.96,0,false,false,7,80.06,80.96,0,false,false,7,80.06,80.96,0,false,false,7,80.06,80.96,0,false,false
C,atlanta,2026-07-24,20260724T035522442840-0400,2026-07-24T07:55:22.442840+00:00,03:55:22.313502,235,pre_dawn,F,M2_empty_history,no_valid_row_change,,,,7,80.06,80.96,88,2026-07-24T07:55:22.442840+00:00,2026-07-24T07:47:59.289037+00:00,0,,,7,80.06,80.96,0,false,false,7,80.06,80.96,0,false,false,7,80.06,80.96,0,false,false,7,80.06,80.96,0,false,false
C,atlanta,2026-07-24,20260724T045539649967-0400,2026-07-24T08:55:39.649967+00:00,04:55:39.419431,295,pre_dawn,F,M2_empty_history,no_valid_row_change,,,,7,78.98,80.06,88,2026-07-24T08:55:39.649967+00:00,2026-07-24T08:46:23.806194+00:00,0,,,7,78.98,80.06,0,false,false,7,78.98,80.06,0,false,false,7,78.98,80.06,0,false,false,7,78.98,80.06,0,false,false
C,atlanta,2026-07-24,20260724T045915246737-0400,2026-07-24T08:59:15.246737+00:00,04:59:15.053317,299,pre_dawn,F,M2_empty_history,no_valid_row_change,,,,7,78.98,80.06,88,2026-07-24T08:59:15.246737+00:00,2026-07-24T08:58:27.972146+00:00,0,,,7,78.98,80.06,0,false,false,7,78.98,80.06,0,false,false,7,78.98,80.06,0,false,false,7,78.98,80.06,0,false,false
C,atlanta,2026-07-24,20260724T052516213204-0400,2026-07-24T09:25:16.213204+00:00,05:25:15.123379,325,pre_dawn,F,M2_empty_history,no_valid_row_change,,,,7,78.08,78.98,88,2026-07-24T09:25:16.213204+00:00,2026-07-24T09:18:13.194166+00:00,0,,,7,78.08,78.98,0,false,false,7,78.08,78.98,0,false,false,7,78.08,78.98,0,false,false,7,78.08,78.98,0,false,false
C,atlanta,2026-07-24,20260724T053412980196-0400,2026-07-24T09:34:12.980196+00:00,05:34:12.847112,334,pre_dawn,F,M2_empty_history,no_valid_row_change,,,,7,78.08,78.98,88,2026-07-24T09:34:12.980196+00:00,2026-07-24T09:33:23.219805+00:00,0,,,7,78.08,78.98,0,false,false,7,78.08,78.98,0,false,false,7,78.08,78.98,0,false,false,7,78.08,78.98,0,false,false
C,atlanta,2026-07-24,20260724T114733535705-0400,2026-07-24T15:47:33.535705+00:00,11:47:32.563035,707,other,F,M2_empty_history,no_valid_row_change,,,,11,82.94,84.02,88,2026-07-24T15:47:33.535705+00:00,2026-07-24T15:38:21.622387+00:00,0,,,11,82.94,84.02,0,false,false,11,82.94,84.02,0,false,false,11,82.94,84.02,0,false,false,11,82.94,84.02,0,false,false
C,atlanta,2026-07-25,20260725T005517276012-0400,2026-07-25T04:55:17.276012+00:00,00:55:16.346020,55,pre_dawn,F,M2_empty_history,no_valid_row_change,,,,7,75.02,75.92,88,2026-07-25T04:55:17.276012+00:00,2026-07-25T04:46:05.433942+00:00,0,,,7,75.02,75.92,0,false,false,7,75.02,75.92,0,false,false,7,75.02,75.92,0,false,false,7,75.02,75.92,0,false,false
C,atlanta,2026-07-25,20260725T035522941263-0400,2026-07-25T07:55:22.941263+00:00,03:55:22.777445,235,pre_dawn,F,M2_empty_history,no_valid_row_change,,,,7,75.02,75.92,88,2026-07-25T07:55:22.941263+00:00,2026-07-25T07:49:09.083661+00:00,0,,,7,75.02,75.92,0,false,false,7,75.02,75.92,0,false,false,7,75.02,75.92,0,false,false,7,75.02,75.92,0,false,false
C,atlanta,2026-07-26,20260726T035532967755-0400,2026-07-26T07:55:32.967755+00:00,03:55:32.656245,235,pre_dawn,F,M2_empty_history,no_valid_row_change,,,,7,73.04,73.94,91,2026-07-26T07:55:32.967755+00:00,2026-07-26T07:53:21.781318+00:00,0,,,7,73.04,73.94,0,false,false,7,73.04,73.94,0,false,false,7,73.04,73.94,0,false,false,7,73.04,73.94,0,false,false
C,atlanta,2026-07-26,20260726T063521436832-0400,2026-07-26T10:35:21.436832+00:00,06:35:21.259918,395,pre_dawn,F,M2_empty_history,no_valid_row_change,,,,7,73.04,73.94,91,2026-07-26T10:35:21.436832+00:00,2026-07-26T10:29:39.622578+00:00,0,,,7,73.04,73.94,0,false,false,7,73.04,73.94,0,false,false,7,73.04,73.94,0,false,false,7,73.04,73.94,0,false,false
C,atlanta,2026-07-26,20260726T065532467210-0400,2026-07-26T10:55:32.467210+00:00,06:55:32.291232,415,pre_dawn,F,M2_empty_history,no_valid_row_change,,,,7,73.04,73.94,91,2026-07-26T10:55:32.467210+00:00,2026-07-26T10:47:51.936351+00:00,0,,,7,73.04,73.94,0,false,false,7,73.04,73.94,0,false,false,7,73.04,73.94,0,false,false,7,73.04,73.94,0,false,false
C,atlanta,2026-07-26,20260726T113541426364-0400,2026-07-26T15:35:41.426364+00:00,11:35:41.239350,695,other,F,M2_empty_history,no_valid_row_change,,,,11,73.94,78.98,91,2026-07-26T15:35:41.426364+00:00,2026-07-26T15:30:02.502361+00:00,0,,,11,73.94,78.98,0,false,false,11,73.94,78.98,0,false,false,11,73.94,78.98,0,false,false,11,73.94,78.98,0,false,false
C,atlanta,2026-07-26,20260726T145937622296-0400,2026-07-26T18:59:37.622296+00:00,14:59:36.513615,899,peak_heating_window,F,M2_empty_history,no_valid_row_change,,,,14,87.08,89.96,91,2026-07-26T18:59:37.622296+00:00,2026-07-26T18:55:23.737359+00:00,0,,,14,87.08,89.96,0,false,false,14,87.08,89.96,0,false,false,14,87.08,89.96,0,false,false,14,87.08,89.96,0,false,false
C,atlanta,2026-07-27,20260727T005606443296-0400,2026-07-27T04:56:06.443296+00:00,00:56:05.437207,56,pre_dawn,F,M2_empty_history,no_valid_row_change,,,,7,80.06,80.96,91,2026-07-27T04:56:06.443296+00:00,2026-07-27T04:55:34.205795+00:00,0,,,7,80.06,80.96,0,false,false,7,80.06,80.96,0,false,false,7,80.06,80.96,0,false,false,7,80.06,80.96,0,false,false
C,atlanta,2026-07-27,20260727T015951311503-0400,2026-07-27T05:59:51.311503+00:00,01:59:50.186538,119,pre_dawn,F,M2_empty_history,no_valid_row_change,,,,7,78.98,80.06,91,2026-07-27T05:59:51.311503+00:00,2026-07-27T05:50:45.864052+00:00,0,,,7,78.98,80.06,0,false,false,7,78.98,80.06,0,false,false,7,78.98,80.06,0,false,false,7,78.98,80.06,0,false,false
C,atlanta,2026-07-27,20260727T035818480312-0400,2026-07-27T07:58:18.480312+00:00,03:58:17.436451,238,pre_dawn,F,M2_empty_history,no_valid_row_change,,,,7,78.08,78.98,91,2026-07-27T07:58:18.480312+00:00,2026-07-27T07:49:11.588381+00:00,0,,,7,78.08,78.98,0,false,false,7,78.08,78.98,0,false,false,7,78.08,78.98,0,false,false,7,78.08,78.98,0,false,false
C,atlanta,2026-07-28,20260728T010444061757-0400,2026-07-28T05:04:44.061757+00:00,01:04:42.779347,64,pre_dawn,F,M2_empty_history,no_valid_row_change,,,,7,80.06,80.96,94,2026-07-28T05:04:44.061757+00:00,2026-07-28T04:55:37.798638+00:00,0,,,7,80.06,80.96,0,false,false,7,80.06,80.96,0,false,false,7,80.06,80.96,0,false,false,7,80.06,80.96,0,false,false
C,atlanta,2026-07-28,20260728T015953948802-0400,2026-07-28T05:59:53.948802+00:00,01:59:52.918852,119,pre_dawn,F,M2_empty_history,no_valid_row_change,,,,7,78.98,80.06,94,2026-07-28T05:59:53.948802+00:00,2026-07-28T05:50:38.449181+00:00,0,,,7,78.98,80.06,0,false,false,7,78.98,80.06,0,false,false,7,78.98,80.06,0,false,false,7,78.98,80.06,0,false,false
C,atlanta,2026-07-28,20260728T035942774623-0400,2026-07-28T07:59:42.774623+00:00,03:59:41.604167,239,pre_dawn,F,M2_empty_history,no_valid_row_change,,,,7,78.08,78.98,94,2026-07-28T07:59:42.774623+00:00,2026-07-28T07:50:35.812409+00:00,0,,,7,78.08,78.98,0,false,false,7,78.08,78.98,0,false,false,7,78.08,78.98,0,false,false,7,78.08,78.98,0,false,false
C,atlanta,2026-07-28,20260728T090327904284-0400,2026-07-28T13:03:27.904284+00:00,09:03:27.731240,543,other,F,M2_empty_history,no_valid_row_change,,,,9,78.08,78.98,94,2026-07-28T13:03:27.904284+00:00,2026-07-28T13:01:42.746213+00:00,0,,,9,78.08,78.98,0,false,false,9,78.08,78.98,0,false,false,9,78.08,78.98,0,false,false,9,78.08,78.98,0,false,false
C,atlanta,2026-07-28,20260728T105936236160-0400,2026-07-28T14:59:36.236160+00:00,10:59:36.074199,659,other,F,M2_empty_history,no_valid_row_change,,,,10,82.94,86,94,2026-07-28T14:59:36.236160+00:00,2026-07-28T14:54:34.552400+00:00,0,,,10,82.94,86,0,false,false,10,82.94,86,0,false,false,10,82.94,86,0,false,false,10,82.94,86,0,false,false
C,atlanta,2026-07-28,20260728T110329517042-0400,2026-07-28T15:03:29.517042+00:00,11:03:29.377457,663,other,F,M2_empty_history,no_valid_row_change,,,,11,78.08,86,94,2026-07-28T15:03:29.517042+00:00,2026-07-28T15:00:29.641852+00:00,0,,,11,78.08,86,0,false,false,11,78.08,86,0,false,false,11,78.08,86,0,false,false,11,78.08,86,0,false,false
C,atlanta,2026-07-29,20260729T005444016534-0400,2026-07-29T04:54:44.016534+00:00,00:54:43.834840,54,pre_dawn,F,M2_empty_history,no_valid_row_change,,,,7,80.06,84.92,89,2026-07-29T04:54:44.016534+00:00,2026-07-29T04:45:53.321063+00:00,0,,,7,80.06,84.92,0,false,false,7,80.06,84.92,0,false,false,7,80.06,84.92,0,false,false,7,80.06,84.92,0,false,false
C,atlanta,2026-07-29,20260729T010522012376-0400,2026-07-29T05:05:22.012376+00:00,01:05:21.730601,65,pre_dawn,F,M2_empty_history,no_valid_row_change,,,,7,75.92,80.06,89,2026-07-29T05:05:22.012376+00:00,2026-07-29T05:04:07.401926+00:00,0,,,7,75.92,80.06,0,false,false,7,75.92,80.06,0,false,false,7,75.92,80.06,0,false,false,7,75.92,80.06,0,false,false
C,atlanta,2026-07-29,20260729T012220451968-0400,2026-07-29T05:22:20.451968+00:00,01:22:19.371797,82,pre_dawn,F,M2_empty_history,no_valid_row_change,,,,7,73.94,75.92,89,2026-07-29T05:22:20.451968+00:00,2026-07-29T05:13:14.213245+00:00,0,,,7,73.94,75.92,0,false,false,7,73.94,75.92,0,false,false,7,73.94,75.92,0,false,false,7,73.94,75.92,0,false,false
C,atlanta,2026-07-29,20260729T030241114457-0400,2026-07-29T07:02:41.114457+00:00,03:02:39.985845,182,pre_dawn,F,M2_empty_history,no_valid_row_change,,,,7,73.94,75.92,89,2026-07-29T07:02:41.114457+00:00,2026-07-29T06:53:26.053319+00:00,0,,,7,73.94,75.92,0,false,false,7,73.94,75.92,0,false,false,7,73.94,75.92,0,false,false,7,73.94,75.92,0,false,false
C,atlanta,2026-07-29,20260729T063630624859-0400,2026-07-29T10:36:30.624859+00:00,06:36:30.446105,396,pre_dawn,F,M2_empty_history,no_valid_row_change,,,,7,73.94,77,89,2026-07-29T10:36:30.624859+00:00,2026-07-29T10:35:19.239301+00:00,0,,,7,73.94,77,0,false,false,7,73.94,77,0,false,false,7,73.94,77,0,false,false,7,73.94,77,0,false,false
C,atlanta,2026-07-29,20260729T090018864160-0400,2026-07-29T13:00:18.864160+00:00,09:00:18.729110,540,other,F,M2_empty_history,no_valid_row_change,,,,9,77,78.08,89,2026-07-29T13:00:18.864160+00:00,2026-07-29T12:51:52.997304+00:00,0,,,9,77,78.08,0,false,false,9,77,78.08,0,false,false,9,77,78.08,0,false,false,9,77,78.08,0,false,false
C,atlanta,2026-07-29,20260729T093829096273-0400,2026-07-29T13:38:29.096273+00:00,09:38:28.952456,578,other,F,M2_empty_history,no_valid_row_change,,,,9,75.92,80.06,89,2026-07-29T13:38:29.096273+00:00,2026-07-29T13:37:27.358210+00:00,0,,,9,75.92,80.06,0,false,false,9,75.92,80.06,0,false,false,9,75.92,80.06,0,false,false,9,75.92,80.06,0,false,false
C,atlanta,2026-07-29,20260729T155838822419-0400,2026-07-29T19:58:38.822419+00:00,15:58:38.624395,958,peak_heating_window,F,M2_empty_history,no_valid_row_change,,,,15,84.92,87.08,89,2026-07-29T19:58:38.822419+00:00,2026-07-29T19:55:26.157170+00:00,0,,,15,84.92,87.08,0,false,false,15,84.92,87.08,0,false,false,15,84.92,87.08,0,false,false,15,84.92,87.08,0,false,false
C,atlanta,2026-07-30,20260730T015446921010-0400,2026-07-30T05:54:46.921010+00:00,01:54:45.994494,114,pre_dawn,F,M2_empty_history,no_valid_row_change,,,,7,78.08,80.06,89,2026-07-30T05:54:46.921010+00:00,2026-07-30T05:45:28.175890+00:00,0,,,7,78.08,80.06,0,false,false,7,78.08,80.06,0,false,false,7,78.08,80.06,0,false,false,7,78.08,80.06,0,false,false
C,atlanta,2026-07-30,20260730T025917111137-0400,2026-07-30T06:59:17.111137+00:00,02:59:16.064681,179,pre_dawn,F,M2_empty_history,no_valid_row_change,,,,7,75.92,78.08,89,2026-07-30T06:59:17.111137+00:00,2026-07-30T06:50:03.362522+00:00,0,,,7,75.92,78.08,0,false,false,7,75.92,78.08,0,false,false,7,75.92,78.08,0,false,false,7,75.92,78.08,0,false,false
C,atlanta,2026-07-30,20260730T045442109168-0400,2026-07-30T08:54:42.109168+00:00,04:54:41.803187,294,pre_dawn,F,M2_empty_history,no_valid_row_change,,,,7,73.94,75.92,89,2026-07-30T08:54:42.109168+00:00,2026-07-30T08:49:00.147991+00:00,0,,,7,73.94,75.92,0,false,false,7,73.94,75.92,0,false,false,7,73.94,75.92,0,false,false,7,73.94,75.92,0,false,false
C,atlanta,2026-07-30,20260730T085236059228-0400,2026-07-30T12:52:36.059228+00:00,08:52:35.914762,532,other,F,M2_empty_history,no_valid_row_change,,,,8,75.92,77,89,2026-07-30T12:52:36.059228+00:00,2026-07-30T12:45:58.582182+00:00,0,,,8,75.92,77,0,false,false,8,75.92,77,0,false,false,8,75.92,77,0,false,false,8,75.92,77,0,false,false
C,atlanta,2026-07-30,20260730T090031794282-0400,2026-07-30T13:00:31.794282+00:00,09:00:31.665669,540,other,F,M2_empty_history,no_valid_row_change,,,,9,73.94,78.98,89,2026-07-30T13:00:31.794282+00:00,2026-07-30T12:55:32.099546+00:00,0,,,9,73.94,78.98,0,false,false,9,73.94,78.98,0,false,false,9,73.94,78.98,0,false,false,9,73.94,78.98,0,false,false
C,austin,2026-07-03,20260703T021131-0400,2026-07-03T06:11:31.934817+00:00,01:11:31.773144,71,pre_dawn,F,M2_empty_history,no_valid_row_change,,,,7,78.98,80.06,97,2026-07-03T06:11:31.934817+00:00,2026-07-03T05:54:31.246747+00:00,0,,,7,78.98,80.06,0,false,false,7,78.98,80.06,0,false,false,7,78.98,80.06,0,false,false,7,78.98,80.06,0,false,false
C,austin,2026-07-03,20260703T030254-0400,2026-07-03T07:02:54.365304+00:00,02:02:54.156711,122,pre_dawn,F,M2_empty_history,no_valid_row_change,,,,7,78.08,78.98,97,2026-07-03T07:02:54.365304+00:00,2026-07-03T06:56:13.495785+00:00,0,,,7,78.08,78.98,0,false,false,7,78.08,78.98,0,false,false,7,78.08,78.98,0,false,false,7,78.08,78.98,0,false,false
C,austin,2026-07-03,20260703T035617-0400,2026-07-03T07:56:17.998634+00:00,02:56:17.853594,176,pre_dawn,F,M2_empty_history,no_valid_row_change,,,,7,77,78.08,97,2026-07-03T07:56:17.998634+00:00,2026-07-03T07:48:14.430938+00:00,0,,,7,77,78.08,0,false,false,7,77,78.08,0,false,false,7,77,78.08,0,false,false,7,77,78.08,0,false,false
C,austin,2026-07-03,20260703T040216-0400,2026-07-03T08:02:16.127626+00:00,03:02:16.004565,182,pre_dawn,F,M2_empty_history,no_valid_row_change,,,,7,77,78.08,97,2026-07-03T08:02:16.127626+00:00,2026-07-03T08:01:28.747749+00:00,0,,,7,77,78.08,0,false,false,7,77,78.08,0,false,false,7,77,78.08,0,false,false,7,77,78.08,0,false,false
C,austin,2026-07-03,20260703T045611-0400,2026-07-03T08:56:11.753552+00:00,03:56:11.542910,236,pre_dawn,F,M2_empty_history,no_valid_row_change,,,,7,75.02,77,97,2026-07-03T08:56:11.753552+00:00,2026-07-03T08:51:44.471220+00:00,0,,,7,75.02,77,0,false,false,7,75.02,77,0,false,false,7,75.02,77,0,false,false,7,75.02,77,0,false,false
C,austin,2026-07-03,20260703T052515-0400,2026-07-03T09:25:15.192127+00:00,04:25:15.016578,265,pre_dawn,F,M2_empty_history,no_valid_row_change,,,,7,73.94,75.02,97,2026-07-03T09:25:15.192127+00:00,2026-07-03T09:18:55.797801+00:00,0,,,7,73.94,75.02,0,false,false,7,73.94,75.02,0,false,false,7,73.94,75.02,0,false,false,7,73.94,75.02,0,false,false
C,austin,2026-07-03,20260703T070930-0400,2026-07-03T11:09:30.721147+00:00,06:09:30.577344,369,pre_dawn,F,M2_empty_history,no_valid_row_change,,,,7,73.04,73.94,97,2026-07-03T11:09:30.721147+00:00,2026-07-03T11:07:55.963782+00:00,0,,,7,73.04,73.94,0,false,false,7,73.04,73.94,0,false,false,7,73.04,73.94,0,false,false,7,73.04,73.94,0,false,false
C,austin,2026-07-03,20260703T080224-0400,2026-07-03T12:02:24.169819+00:00,07:02:24.035819,422,other,F,M2_empty_history,no_valid_row_change,,,,7,75.02,75.2,97,2026-07-03T12:02:24.169819+00:00,2026-07-03T11:53:19.029425+00:00,0,,,7,75.02,75.2,0,false,false,7,75.02,75.2,0,false,false,7,75.02,75.2,0,false,false,7,75.02,75.2,0,false,false
C,austin,2026-07-03,20260703T093322-0400,2026-07-03T13:33:22.686386+00:00,08:33:22.304481,513,other,F,M2_empty_history,no_valid_row_change,,,,8,78.08,78.98,97,2026-07-03T13:33:22.686386+00:00,2026-07-03T13:29:19.937129+00:00,0,,,8,78.08,78.98,0,false,false,8,78.08,78.98,0,false,false,8,78.08,78.98,0,false,false,8,78.08,78.98,0,false,false
C,austin,2026-07-04,20260704T020317876626-0400,2026-07-04T06:03:17.876626+00:00,01:03:17.692626,63,pre_dawn,F,M2_empty_history,no_valid_row_change,,,,7,80.96,82.04,96,2026-07-04T06:03:17.876626+00:00,2026-07-04T05:55:43.704176+00:00,0,,,7,80.96,82.04,0,false,false,7,80.96,82.04,0,false,false,7,80.96,82.04,0,false,false,7,80.96,82.04,0,false,false
C,austin,2026-07-04,20260704T025615132687-0400,2026-07-04T06:56:15.132687+00:00,01:56:14.961936,116,pre_dawn,F,M2_empty_history,no_valid_row_change,,,,7,80.06,80.96,96,2026-07-04T06:56:15.132687+00:00,2026-07-04T06:50:14.320771+00:00,0,,,7,80.06,80.96,0,false,false,7,80.06,80.96,0,false,false,7,80.06,80.96,0,false,false,7,80.06,80.96,0,false,false
C,austin,2026-07-04,20260704T035616464871-0400,2026-07-04T07:56:16.464871+00:00,02:56:16.266362,176,pre_dawn,F,M2_empty_history,no_valid_row_change,,,,7,78.98,80.06,96,2026-07-04T07:56:16.464871+00:00,2026-07-04T07:53:49.775158+00:00,0,,,7,78.98,80.06,0,false,false,7,78.98,80.06,0,false,false,7,78.98,80.06,0,false,false,7,78.98,80.06,0,false,false
C,austin,2026-07-04,20260704T045611654784-0400,2026-07-04T08:56:11.654784+00:00,03:56:11.490353,236,pre_dawn,F,M2_empty_history,no_valid_row_change,,,,7,78.08,78.98,96,2026-07-04T08:56:11.654784+00:00,2026-07-04T08:48:13.979040+00:00,0,,,7,78.08,78.98,0,false,false,7,78.08,78.98,0,false,false,7,78.08,78.98,0,false,false,7,78.08,78.98,0,false,false
C,austin,2026-07-04,20260704T065623507630-0400,2026-07-04T10:56:23.507630+00:00,05:56:23.342079,356,pre_dawn,F,M2_empty_history,no_valid_row_change,,,,7,77,78.08,96,2026-07-04T10:56:23.507630+00:00,2026-07-04T10:55:09.798728+00:00,0,,,7,77,78.08,0,false,false,7,77,78.08,0,false,false,7,77,78.08,0,false,false,7,77,78.08,0,false,false
C,austin,2026-07-04,20260704T075616691487-0400,2026-07-04T11:56:16.691487+00:00,06:56:16.481360,416,pre_dawn,F,M2_empty_history,no_valid_row_change,,,,7,75.92,77,96,2026-07-04T11:56:16.691487+00:00,2026-07-04T11:49:44.689746+00:00,0,,,7,75.92,77,0,false,false,7,75.92,77,0,false,false,7,75.92,77,0,false,false,7,75.92,77,0,false,false
C,austin,2026-07-04,20260704T094719718997-0400,2026-07-04T13:47:19.718997+00:00,08:47:19.478999,527,other,F,M2_empty_history,no_valid_row_change,,,,8,77,78.98,96,2026-07-04T13:47:19.718997+00:00,2026-07-04T13:38:42.461009+00:00,0,,,8,77,78.98,0,false,false,8,77,78.98,0,false,false,8,77,78.98,0,false,false,8,77,78.98,0,false,false
C,austin,2026-07-05,20260705T015608540781-0400,2026-07-05T05:56:08.540781+00:00,00:56:07.918836,56,pre_dawn,F,M2_empty_history,no_valid_row_change,,,,7,80.06,82.94,95,2026-07-05T05:56:08.540781+00:00,2026-07-05T05:55:46.909597+00:00,0,,,7,80.06,82.94,0,false,false,7,80.06,82.94,0,false,false,7,80.06,82.94,0,false,false,7,80.06,82.94,0,false,false
C,austin,2026-07-05,20260705T025547288444-0400,2026-07-05T06:55:47.288444+00:00,01:55:47.138444,115,pre_dawn,F,M2_empty_history,no_valid_row_change,,,,7,78.08,80.06,95,2026-07-05T06:55:47.288444+00:00,2026-07-05T06:50:48.540787+00:00,0,,,7,78.08,80.06,0,false,false,7,78.08,80.06,0,false,false,7,78.08,80.06,0,false,false,7,78.08,80.06,0,false,false
C,austin,2026-07-05,20260705T045546515097-0400,2026-07-05T08:55:46.515097+00:00,03:55:46.331912,235,pre_dawn,F,M2_empty_history,no_valid_row_change,,,,7,78.08,78.8,95,2026-07-05T08:55:46.515097+00:00,2026-07-05T08:51:43.895582+00:00,0,,,7,78.08,78.8,0,false,false,7,78.08,78.8,0,false,false,7,78.08,78.8,0,false,false,7,78.08,78.8,0,false,false
C,austin,2026-07-05,20260705T055651765275-0400,2026-07-05T09:56:51.765275+00:00,04:56:51.624810,296,pre_dawn,F,M2_empty_history,no_valid_row_change,,,,7,77,78.08,95,2026-07-05T09:56:51.765275+00:00,2026-07-05T09:52:05.827929+00:00,0,,,7,77,78.08,0,false,false,7,77,78.08,0,false,false,7,77,78.08,0,false,false,7,77,78.08,0,false,false
C,austin,2026-07-05,20260705T070439518553-0400,2026-07-05T11:04:39.518553+00:00,06:04:39.255100,364,pre_dawn,F,M2_empty_history,no_valid_row_change,,,,7,75.02,77,95,2026-07-05T11:04:39.518553+00:00,2026-07-05T10:55:45.066654+00:00,0,,,7,75.02,77,0,false,false,7,75.02,77,0,false,false,7,75.02,77,0,false,false,7,75.02,77,0,false,false
C,austin,2026-07-05,20260705T125728429102-0400,2026-07-05T16:57:28.429102+00:00,11:57:28.227123,717,other,F,M2_empty_history,no_valid_row_change,,,,11,87.98,91.04,95,2026-07-05T16:57:28.429102+00:00,2026-07-05T16:56:19.636740+00:00,0,,,11,87.98,91.04,0,false,false,11,87.98,91.04,0,false,false,11,87.98,91.04,0,false,false,11,87.98,91.04,0,false,false
C,austin,2026-07-05,20260705T150938648131-0400,2026-07-05T19:09:38.648131+00:00,14:09:38.454111,849,peak_heating_window,F,M2_empty_history,no_valid_row_change,,,,14,87.98,93.92,95,2026-07-05T19:09:38.648131+00:00,2026-07-05T19:02:28.490339+00:00,0,,,14,87.98,93.92,0,false,false,14,87.98,93.92,0,false,false,14,87.98,93.92,0,false,false,14,87.98,93.92,0,false,false
C,austin,2026-07-07,20260707T030859111795-0400,2026-07-07T07:08:59.111795+00:00,02:08:58.899678,128,pre_dawn,F,M2_empty_history,no_valid_row_change,,,,7,78.98,80.96,97,2026-07-07T07:08:59.111795+00:00,2026-07-07T07:08:01.068127+00:00,0,,,7,78.98,80.96,0,false,false,7,78.98,80.96,0,false,false,7,78.98,80.96,0,false,false,7,78.98,80.96,0,false,false
C,austin,2026-07-07,20260707T035601698462-0400,2026-07-07T07:56:01.698462+00:00,02:56:01.551159,176,pre_dawn,F,M2_empty_history,no_valid_row_change,,,,7,75.92,78.98,97,2026-07-07T07:56:01.698462+00:00,2026-07-07T07:53:22.723132+00:00,0,,,7,75.92,78.98,0,false,false,7,75.92,78.98,0,false,false,7,75.92,78.98,0,false,false,7,75.92,78.98,0,false,false
C,austin,2026-07-07,20260707T045528953930-0400,2026-07-07T08:55:28.953930+00:00,03:55:28.770187,235,pre_dawn,F,M2_empty_history,no_valid_row_change,,,,7,75.02,75.92,97,2026-07-07T08:55:28.953930+00:00,2026-07-07T08:47:44.758725+00:00,0,,,7,75.02,75.92,0,false,false,7,75.02,75.92,0,false,false,7,75.02,75.92,0,false,false,7,75.02,75.92,0,false,false
C,austin,2026-07-07,20260707T065629489995-0400,2026-07-07T10:56:29.489995+00:00,05:56:29.358368,356,pre_dawn,F,M2_empty_history,no_valid_row_change,,,,7,73.94,75.02,97,2026-07-07T10:56:29.489995+00:00,2026-07-07T10:54:33.466832+00:00,0,,,7,73.94,75.02,0,false,false,7,73.94,75.02,0,false,false,7,73.94,75.02,0,false,false,7,73.94,75.02,0,false,false
C,austin,2026-07-08,20260708T025901458890-0400,2026-07-08T06:59:01.458890+00:00,01:59:01.274309,119,pre_dawn,F,M2_empty_history,no_valid_row_change,,,,7,78.08,80.06,98,2026-07-08T06:59:01.458890+00:00,2026-07-08T06:55:52.616616+00:00,0,,,7,78.08,80.06,0,false,false,7,78.08,80.06,0,false,false,7,78.08,80.06,0,false,false,7,78.08,80.06,0,false,false
C,austin,2026-07-08,20260708T035555139796-0400,2026-07-08T07:55:55.139796+00:00,02:55:54.951348,175,pre_dawn,F,M2_empty_history,no_valid_row_change,,,,7,77,78.08,98,2026-07-08T07:55:55.139796+00:00,2026-07-08T07:53:33.633679+00:00,0,,,7,77,78.08,0,false,false,7,77,78.08,0,false,false,7,77,78.08,0,false,false,7,77,78.08,0,false,false
C,austin,2026-07-08,20260708T065559573739-0400,2026-07-08T10:55:59.573739+00:00,05:55:59.325398,355,pre_dawn,F,M2_empty_history,no_valid_row_change,,,,7,75.02,77,98,2026-07-08T10:55:59.573739+00:00,2026-07-08T10:54:59.712027+00:00,0,,,7,75.02,77,0,false,false,7,75.02,77,0,false,false,7,75.02,77,0,false,false,7,75.02,77,0,false,false
C,austin,2026-07-09,20260709T015641113054-0400,2026-07-09T05:56:41.113054+00:00,00:56:40.942639,56,pre_dawn,F,M2_empty_history,no_valid_row_change,,,,7,80.96,82.94,97,2026-07-09T05:56:41.113054+00:00,2026-07-09T05:48:09.785487+00:00,0,,,7,80.96,82.94,0,false,false,7,80.96,82.94,0,false,false,7,80.96,82.94,0,false,false,7,80.96,82.94,0,false,false
C,austin,2026-07-09,20260709T025650074906-0400,2026-07-09T06:56:50.074906+00:00,01:56:49.859960,116,pre_dawn,F,M2_empty_history,no_valid_row_change,,,,7,78.98,80.96,97,2026-07-09T06:56:50.074906+00:00,2026-07-09T06:51:47.496860+00:00,0,,,7,78.98,80.96,0,false,false,7,78.98,80.96,0,false,false,7,78.98,80.96,0,false,false,7,78.98,80.96,0,false,false
C,austin,2026-07-09,20260709T035639590837-0400,2026-07-09T07:56:39.590837+00:00,02:56:39.385371,176,pre_dawn,F,M2_empty_history,no_valid_row_change,,,,7,78.08,78.98,97,2026-07-09T07:56:39.590837+00:00,2026-07-09T07:55:44.480248+00:00,0,,,7,78.08,78.98,0,false,false,7,78.08,78.98,0,false,false,7,78.08,78.98,0,false,false,7,78.08,78.98,0,false,false
C,austin,2026-07-09,20260709T045542051203-0400,2026-07-09T08:55:42.051203+00:00,03:55:41.844139,235,pre_dawn,F,M2_empty_history,no_valid_row_change,,,,7,77,78.08,97,2026-07-09T08:55:42.051203+00:00,2026-07-09T08:50:07.690083+00:00,0,,,7,77,78.08,0,false,false,7,77,78.08,0,false,false,7,77,78.08,0,false,false,7,77,78.08,0,false,false
C,austin,2026-07-09,20260709T055637364012-0400,2026-07-09T09:56:37.364012+00:00,04:56:37.105190,296,pre_dawn,F,M2_empty_history,no_valid_row_change,,,,7,75.92,77,97,2026-07-09T09:56:37.364012+00:00,2026-07-09T09:53:44.595862+00:00,0,,,7,75.92,77,0,false,false,7,75.92,77,0,false,false,7,75.92,77,0,false,false,7,75.92,77,0,false,false
C,austin,2026-07-09,20260709T065638174902-0400,2026-07-09T10:56:38.174902+00:00,05:56:37.946421,356,pre_dawn,F,M2_empty_history,no_valid_row_change,,,,7,73.94,75.92,97,2026-07-09T10:56:38.174902+00:00,2026-07-09T10:48:11.058518+00:00,0,,,7,73.94,75.92,0,false,false,7,73.94,75.92,0,false,false,7,73.94,75.92,0,false,false,7,73.94,75.92,0,false,false
C,austin,2026-07-09,20260709T075545081822-0400,2026-07-09T11:55:45.081822+00:00,06:55:44.944197,415,pre_dawn,F,M2_empty_history,no_valid_row_change,,,,7,73.04,73.94,97,2026-07-09T11:55:45.081822+00:00,2026-07-09T11:51:36.343169+00:00,0,,,7,73.04,73.94,0,false,false,7,73.04,73.94,0,false,false,7,73.04,73.94,0,false,false,7,73.04,73.94,0,false,false
C,austin,2026-07-10,20260710T015623064938-0400,2026-07-10T05:56:23.064938+00:00,00:56:22.701782,56,pre_dawn,F,M2_empty_history,no_valid_row_change,,,,7,75.92,78.08,94,2026-07-10T05:56:23.064938+00:00,2026-07-10T05:54:27.575415+00:00,0,,,7,75.92,78.08,0,false,false,7,75.92,78.08,0,false,false,7,75.92,78.08,0,false,false,7,75.92,78.08,0,false,false
C,austin,2026-07-10,20260710T035918754835-0400,2026-07-10T07:59:18.754835+00:00,02:59:16.405187,179,pre_dawn,F,M2_empty_history,no_valid_row_change,,,,7,75.92,77,94,2026-07-10T07:59:18.754835+00:00,2026-07-10T07:42:08.314278+00:00,0,,,7,75.92,77,0,false,false,7,75.92,77,0,false,false,7,75.92,77,0,false,false,7,75.92,77,0,false,false
C,austin,2026-07-10,20260710T045610646193-0400,2026-07-10T08:56:10.646193+00:00,03:56:10.489168,236,pre_dawn,F,M2_empty_history,no_valid_row_change,,,,7,75.02,75.92,94,2026-07-10T08:56:10.646193+00:00,2026-07-10T08:52:10.660917+00:00,0,,,7,75.02,75.92,0,false,false,7,75.02,75.92,0,false,false,7,75.02,75.92,0,false,false,7,75.02,75.92,0,false,false
C,austin,2026-07-10,20260710T055648997961-0400,2026-07-10T09:56:48.997961+00:00,04:56:48.530204,296,pre_dawn,F,M2_empty_history,no_valid_row_change,,,,7,71.96,75.02,94,2026-07-10T09:56:48.997961+00:00,2026-07-10T09:49:13.701254+00:00,0,,,7,71.96,75.02,0,false,false,7,71.96,75.02,0,false,false,7,71.96,75.02,0,false,false,7,71.96,75.02,0,false,false
C,austin,2026-07-10,20260710T065549326842-0400,2026-07-10T10:55:49.326842+00:00,05:55:49.139841,355,pre_dawn,F,M2_empty_history,no_valid_row_change,,,,7,71.06,71.96,94,2026-07-10T10:55:49.326842+00:00,2026-07-10T10:52:55.367519+00:00,0,,,7,71.06,71.96,0,false,false,7,71.06,71.96,0,false,false,7,71.06,71.96,0,false,false,7,71.06,71.96,0,false,false
C,austin,2026-07-10,20260710T125805199336-0400,2026-07-10T16:58:05.199336+00:00,11:58:02.824694,718,other,F,M2_empty_history,no_valid_row_change,,,,11,87.98,91.04,94,2026-07-10T16:58:05.199336+00:00,2026-07-10T16:55:58.116825+00:00,0,,,11,87.98,91.04,0,false,false,11,87.98,91.04,0,false,false,11,87.98,91.04,0,false,false,11,87.98,91.04,0,false,false
C,austin,2026-07-11,20260711T015633673963-0400,2026-07-11T05:56:33.673963+00:00,00:56:33.467317,56,pre_dawn,F,M2_empty_history,no_valid_row_change,,,,7,75.92,77,90,2026-07-11T05:56:33.673963+00:00,2026-07-11T05:54:54.623343+00:00,0,,,7,75.92,77,0,false,false,7,75.92,77,0,false,false,7,75.92,77,0,false,false,7,75.92,77,0,false,false
C,austin,2026-07-11,20260711T045505362672-0400,2026-07-11T08:55:05.362672+00:00,03:54:56.844639,234,pre_dawn,F,M2_empty_history,no_valid_row_change,,,,7,75.2,77,90,2026-07-11T08:55:05.362672+00:00,2026-07-11T08:40:22.360232+00:00,0,,,7,75.2,77,0,false,false,7,75.2,77,0,false,false,7,75.2,77,0,false,false,7,75.2,77,0,false,false
C,austin,2026-07-11,20260711T050037183814-0400,2026-07-11T09:00:37.183814+00:00,04:00:29.723395,240,pre_dawn,F,M2_empty_history,no_valid_row_change,,,,7,75.92,77,90,2026-07-11T09:00:37.183814+00:00,2026-07-11T08:56:16.164181+00:00,0,,,7,75.92,77,0,false,false,7,75.92,77,0,false,false,7,75.92,77,0,false,false,7,75.92,77,0,false,false
C,austin,2026-07-11,20260711T055607178575-0400,2026-07-11T09:56:07.178575+00:00,04:56:07.047575,296,pre_dawn,F,M2_empty_history,no_valid_row_change,,,,7,75.02,75.92,90,2026-07-11T09:56:07.178575+00:00,2026-07-11T09:50:49.721368+00:00,0,,,7,75.02,75.92,0,false,false,7,75.02,75.92,0,false,false,7,75.02,75.92,0,false,false,7,75.02,75.92,0,false,false
C,austin,2026-07-11,20260711T121337550417-0400,2026-07-11T16:13:37.550417+00:00,11:13:36.276390,673,other,F,M2_empty_history,no_valid_row_change,,,,11,82.94,87.08,90,2026-07-11T16:13:37.550417+00:00,2026-07-11T16:04:26.507472+00:00,0,,,11,82.94,87.08,0,false,false,11,82.94,87.08,0,false,false,11,82.94,87.08,0,false,false,11,82.94,87.08,0,false,false
C,austin,2026-07-14,20260714T012356245489-0400,2026-07-14T05:23:56.245489+00:00,00:23:55.165245,23,pre_dawn,F,M2_empty_history,no_valid_row_change,,,,7,75.92,77,79,2026-07-14T05:23:56.245489+00:00,2026-07-14T05:14:43.559510+00:00,0,,,7,75.92,77,0,false,false,7,75.92,77,0,false,false,7,75.92,77,0,false,false,7,75.92,77,0,false,false
C,austin,2026-07-14,20260714T074920489581-0400,2026-07-14T11:49:20.489581+00:00,06:49:20.296249,409,pre_dawn,F,M2_empty_history,no_valid_row_change,,,,7,71.96,77,79,2026-07-14T11:49:20.489581+00:00,2026-07-14T11:48:11.039036+00:00,0,,,7,71.96,77,0,false,false,7,71.96,77,0,false,false,7,71.96,77,0,false,false,7,71.96,77,0,false,false
C,austin,2026-07-14,20260714T132659237857-0400,2026-07-14T17:26:59.237857+00:00,12:26:58.251725,746,settlement_window,F,M2_empty_history,no_valid_row_change,,,,12,77,78.08,79,2026-07-14T17:26:59.237857+00:00,2026-07-14T17:17:53.419733+00:00,0,,,12,77,78.08,0,false,false,12,77,78.08,0,false,false,12,77,78.08,0,false,false,12,77,78.08,0,false,false
C,austin,2026-07-15,20260715T015036008233-0400,2026-07-15T05:50:36.008233+00:00,00:50:35.652940,50,pre_dawn,F,M2_empty_history,no_valid_row_change,,,,7,75.2,75.92,80,2026-07-15T05:50:36.008233+00:00,2026-07-15T05:45:08.802536+00:00,0,,,7,75.2,75.92,0,false,false,7,75.2,75.92,0,false,false,7,75.2,75.92,0,false,false,7,75.2,75.92,0,false,false
C,austin,2026-07-15,20260715T020327380035-0400,2026-07-15T06:03:27.380035+00:00,01:03:26.145053,63,pre_dawn,F,M2_empty_history,no_valid_row_change,,,,7,75.02,75.2,80,2026-07-15T06:03:27.380035+00:00,2026-07-15T05:54:20.149798+00:00,0,,,7,75.02,75.2,0,false,false,7,75.02,75.2,0,false,false,7,75.02,75.2,0,false,false,7,75.02,75.2,0,false,false
C,austin,2026-07-15,20260715T040406550762-0400,2026-07-15T08:04:06.550762+00:00,03:04:05.449121,184,pre_dawn,F,M2_empty_history,no_valid_row_change,,,,7,75.02,75.2,80,2026-07-15T08:04:06.550762+00:00,2026-07-15T07:54:56.922336+00:00,0,,,7,75.02,75.2,0,false,false,7,75.02,75.2,0,false,false,7,75.02,75.2,0,false,false,7,75.02,75.2,0,false,false
C,austin,2026-07-17,20260717T035547441932-0400,2026-07-17T07:55:47.441932+00:00,02:55:47.227796,175,pre_dawn,F,M2_empty_history,no_valid_row_change,,,,7,78.98,80.06,94,2026-07-17T07:55:47.441932+00:00,2026-07-17T07:46:44.641053+00:00,0,,,7,78.98,80.06,0,false,false,7,78.98,80.06,0,false,false,7,78.98,80.06,0,false,false,7,78.98,80.06,0,false,false
C,austin,2026-07-17,20260717T065549734212-0400,2026-07-17T10:55:49.734212+00:00,05:55:49.520055,355,pre_dawn,F,M2_empty_history,no_valid_row_change,,,,7,78.08,78.98,94,2026-07-17T10:55:49.734212+00:00,2026-07-17T10:48:54.264371+00:00,0,,,7,78.08,78.98,0,false,false,7,78.08,78.98,0,false,false,7,78.08,78.98,0,false,false,7,78.08,78.98,0,false,false
C,austin,2026-07-17,20260717T093406208153-0400,2026-07-17T13:34:06.208153+00:00,08:34:05.248725,514,other,F,M2_empty_history,no_valid_row_change,,,,8,78.08,78.98,94,2026-07-17T13:34:06.208153+00:00,2026-07-17T13:29:38.408371+00:00,0,,,8,78.08,78.98,0,false,false,8,78.08,78.98,0,false,false,8,78.08,78.98,0,false,false,8,78.08,78.98,0,false,false
C,austin,2026-07-18,20260718T015634522667-0400,2026-07-18T05:56:34.522667+00:00,00:56:34.270393,56,pre_dawn,F,M2_empty_history,no_valid_row_change,,,,7,78.08,78.98,94,2026-07-18T05:56:34.522667+00:00,2026-07-18T05:55:07.569401+00:00,0,,,7,78.08,78.98,0,false,false,7,78.08,78.98,0,false,false,7,78.08,78.98,0,false,false,7,78.08,78.98,0,false,false
C,austin,2026-07-18,20260718T065545898095-0400,2026-07-18T10:55:45.898095+00:00,05:55:45.740701,355,pre_dawn,F,M2_empty_history,no_valid_row_change,,,,7,78.08,78.98,94,2026-07-18T10:55:45.898095+00:00,2026-07-18T10:46:56.543185+00:00,0,,,7,78.08,78.98,0,false,false,7,78.08,78.98,0,false,false,7,78.08,78.98,0,false,false,7,78.08,78.98,0,false,false
C,austin,2026-07-18,20260718T071413773062-0400,2026-07-18T11:14:13.773062+00:00,06:14:12.870845,374,pre_dawn,F,M2_empty_history,no_valid_row_change,,,,7,77,78.08,94,2026-07-18T11:14:13.773062+00:00,2026-07-18T11:12:32.653381+00:00,0,,,7,77,78.08,0,false,false,7,77,78.08,0,false,false,7,77,78.08,0,false,false,7,77,78.08,0,false,false
C,austin,2026-07-19,20260719T015539355230-0400,2026-07-19T05:55:39.355230+00:00,00:55:39.069958,55,pre_dawn,F,M2_empty_history,no_valid_row_change,,,,7,78.98,80.06,95,2026-07-19T05:55:39.355230+00:00,2026-07-19T05:55:14.029460+00:00,0,,,7,78.98,80.06,0,false,false,7,78.98,80.06,0,false,false,7,78.98,80.06,0,false,false,7,78.98,80.06,0,false,false
C,austin,2026-07-19,20260719T025900130128-0400,2026-07-19T06:59:00.130128+00:00,01:58:59.173717,118,pre_dawn,F,M2_empty_history,no_valid_row_change,,,,7,77,78.98,95,2026-07-19T06:59:00.130128+00:00,2026-07-19T06:56:32.334855+00:00,0,,,7,77,78.98,0,false,false,7,77,78.98,0,false,false,7,77,78.98,0,false,false,7,77,78.98,0,false,false
C,austin,2026-07-19,20260719T055632538051-0400,2026-07-19T09:56:32.538051+00:00,04:56:32.392523,296,pre_dawn,F,M2_empty_history,no_valid_row_change,,,,7,77,78.08,95,2026-07-19T09:56:32.538051+00:00,2026-07-19T09:52:03.762178+00:00,0,,,7,77,78.08,0,false,false,7,77,78.08,0,false,false,7,77,78.08,0,false,false,7,77,78.08,0,false,false
C,austin,2026-07-19,20260719T064432951737-0400,2026-07-19T10:44:32.951737+00:00,05:44:32.809293,344,pre_dawn,F,M2_empty_history,no_valid_row_change,,,,7,75.02,77,95,2026-07-19T10:44:32.951737+00:00,2026-07-19T10:37:33.057786+00:00,0,,,7,75.02,77,0,false,false,7,75.02,77,0,false,false,7,75.02,77,0,false,false,7,75.02,77,0,false,false
C,austin,2026-07-19,20260719T075635299485-0400,2026-07-19T11:56:35.299485+00:00,06:56:35.115637,416,pre_dawn,F,M2_empty_history,no_valid_row_change,,,,7,75.02,75.92,95,2026-07-19T11:56:35.299485+00:00,2026-07-19T11:50:32.355121+00:00,0,,,7,75.02,75.92,0,false,false,7,75.02,75.92,0,false,false,7,75.02,75.92,0,false,false,7,75.02,75.92,0,false,false
C,austin,2026-07-20,20260720T015635635484-0400,2026-07-20T05:56:35.635484+00:00,00:56:35.065731,56,pre_dawn,F,M2_empty_history,no_valid_row_change,,,,7,75.92,78.08,97,2026-07-20T05:56:35.635484+00:00,2026-07-20T05:55:15.122766+00:00,0,,,7,75.92,78.08,0,false,false,7,75.92,78.08,0,false,false,7,75.92,78.08,0,false,false,7,75.92,78.08,0,false,false
C,austin,2026-07-20,20260720T025549813542-0400,2026-07-20T06:55:49.813542+00:00,01:55:49.603629,115,pre_dawn,F,M2_empty_history,no_valid_row_change,,,,7,77,78.08,97,2026-07-20T06:55:49.813542+00:00,2026-07-20T06:50:25.529279+00:00,0,,,7,77,78.08,0,false,false,7,77,78.08,0,false,false,7,77,78.08,0,false,false,7,77,78.08,0,false,false
C,austin,2026-07-20,20260720T045641537671-0400,2026-07-20T08:56:41.537671+00:00,03:56:41.365630,236,pre_dawn,F,M2_empty_history,no_valid_row_change,,,,7,75.92,77,97,2026-07-20T08:56:41.537671+00:00,2026-07-20T08:48:53.714165+00:00,0,,,7,75.92,77,0,false,false,7,75.92,77,0,false,false,7,75.92,77,0,false,false,7,75.92,77,0,false,false
C,austin,2026-07-20,20260720T055643875678-0400,2026-07-20T09:56:43.875678+00:00,04:56:43.693726,296,pre_dawn,F,M2_empty_history,no_valid_row_change,,,,7,75.02,77,97,2026-07-20T09:56:43.875678+00:00,2026-07-20T09:52:31.305528+00:00,0,,,7,75.02,77,0,false,false,7,75.02,77,0,false,false,7,75.02,77,0,false,false,7,75.02,77,0,false,false
C,austin,2026-07-21,20260721T025927077243-0400,2026-07-21T06:59:27.077243+00:00,01:59:26.004873,119,pre_dawn,F,M2_empty_history,no_valid_row_change,,,,7,77,78.98,100,2026-07-21T06:59:27.077243+00:00,2026-07-21T06:50:18.815578+00:00,0,,,7,77,78.98,0,false,false,7,77,78.98,0,false,false,7,77,78.98,0,false,false,7,77,78.98,0,false,false
C,austin,2026-07-21,20260721T040316672804-0400,2026-07-21T08:03:16.672804+00:00,03:03:15.726413,183,pre_dawn,F,M2_empty_history,no_valid_row_change,,,,7,75.02,77,100,2026-07-21T08:03:16.672804+00:00,2026-07-21T07:54:08.447431+00:00,0,,,7,75.02,77,0,false,false,7,75.02,77,0,false,false,7,75.02,77,0,false,false,7,75.02,77,0,false,false
C,austin,2026-07-21,20260721T045752706415-0400,2026-07-21T08:57:52.706415+00:00,03:57:51.727303,237,pre_dawn,F,M2_empty_history,no_valid_row_change,,,,7,73.94,75.02,100,2026-07-21T08:57:52.706415+00:00,2026-07-21T08:48:47.249378+00:00,0,,,7,73.94,75.02,0,false,false,7,73.94,75.02,0,false,false,7,73.94,75.02,0,false,false,7,73.94,75.02,0,false,false
C,austin,2026-07-21,20260721T070528547428-0400,2026-07-21T11:05:28.547428+00:00,06:05:27.469840,365,pre_dawn,F,M2_empty_history,no_valid_row_change,,,,7,71.96,73.94,100,2026-07-21T11:05:28.547428+00:00,2026-07-21T10:56:16.945368+00:00,0,,,7,71.96,73.94,0,false,false,7,71.96,73.94,0,false,false,7,71.96,73.94,0,false,false,7,71.96,73.94,0,false,false
C,austin,2026-07-22,20260722T045752347243-0400,2026-07-22T08:57:52.347243+00:00,03:57:51.144961,237,pre_dawn,F,M2_empty_history,no_valid_row_change,,,,7,80.06,80.96,103,2026-07-22T08:57:52.347243+00:00,2026-07-22T08:48:35.208090+00:00,0,,,7,80.06,80.96,0,false,false,7,80.06,80.96,0,false,false,7,80.06,80.96,0,false,false,7,80.06,80.96,0,false,false
C,austin,2026-07-22,20260722T055737175999-0400,2026-07-22T09:57:37.175999+00:00,04:57:36.849939,297,pre_dawn,F,M2_empty_history,no_valid_row_change,,,,7,78.98,80.06,103,2026-07-22T09:57:37.175999+00:00,2026-07-22T09:52:30.582158+00:00,0,,,7,78.98,80.06,0,false,false,7,78.98,80.06,0,false,false,7,78.98,80.06,0,false,false,7,78.98,80.06,0,false,false
C,austin,2026-07-22,20260722T065614233194-0400,2026-07-22T10:56:14.233194+00:00,05:56:13.196444,356,pre_dawn,F,M2_empty_history,no_valid_row_change,,,,7,75.92,78.98,103,2026-07-22T10:56:14.233194+00:00,2026-07-22T10:47:07.660099+00:00,0,,,7,75.92,78.98,0,false,false,7,75.92,78.98,0,false,false,7,75.92,78.98,0,false,false,7,75.92,78.98,0,false,false
C,austin,2026-07-22,20260722T160138876623-0400,2026-07-22T20:01:38.876623+00:00,15:01:38.650777,901,peak_heating_window,F,M2_empty_history,no_valid_row_change,,,,15,100.94,102.92,103,2026-07-22T20:01:38.876623+00:00,2026-07-22T19:55:38.511142+00:00,0,,,15,100.94,102.92,0,false,false,15,100.94,102.92,0,false,false,15,100.94,102.92,0,false,false,15,100.94,102.92,0,false,false
C,austin,2026-07-23,20260723T015635796489-0400,2026-07-23T05:56:35.796489+00:00,00:56:35.519999,56,pre_dawn,F,M2_empty_history,no_valid_row_change,,,,7,82.94,84.92,98,2026-07-23T05:56:35.796489+00:00,2026-07-23T05:55:38.338239+00:00,0,,,7,82.94,84.92,0,false,false,7,82.94,84.92,0,false,false,7,82.94,84.92,0,false,false,7,82.94,84.92,0,false,false
C,austin,2026-07-23,20260723T050026625771-0400,2026-07-23T09:00:26.625771+00:00,04:00:25.689753,240,pre_dawn,F,M2_empty_history,no_valid_row_change,,,,7,86,87.08,98,2026-07-23T09:00:26.625771+00:00,2026-07-23T08:51:15.689965+00:00,0,,,7,86,87.08,0,false,false,7,86,87.08,0,false,false,7,86,87.08,0,false,false,7,86,87.08,0,false,false
C,austin,2026-07-23,20260723T055621386346-0400,2026-07-23T09:56:21.386346+00:00,04:56:21.141875,296,pre_dawn,F,M2_empty_history,no_valid_row_change,,,,7,84.02,86,98,2026-07-23T09:56:21.386346+00:00,2026-07-23T09:55:02.941029+00:00,0,,,7,84.02,86,0,false,false,7,84.02,86,0,false,false,7,84.02,86,0,false,false,7,84.02,86,0,false,false
C,austin,2026-07-23,20260723T065622633115-0400,2026-07-23T10:56:22.633115+00:00,05:56:22.507093,356,pre_dawn,F,M2_empty_history,no_valid_row_change,,,,7,82.94,84.02,98,2026-07-23T10:56:22.633115+00:00,2026-07-23T10:49:41.062442+00:00,0,,,7,82.94,84.02,0,false,false,7,82.94,84.02,0,false,false,7,82.94,84.02,0,false,false,7,82.94,84.02,0,false,false
C,austin,2026-07-23,20260723T075548309583-0400,2026-07-23T11:55:48.309583+00:00,06:55:48.121410,415,pre_dawn,F,M2_empty_history,no_valid_row_change,,,,7,82.04,82.94,98,2026-07-23T11:55:48.309583+00:00,2026-07-23T11:53:22.886077+00:00,0,,,7,82.04,82.94,0,false,false,7,82.04,82.94,0,false,false,7,82.04,82.94,0,false,false,7,82.04,82.94,0,false,false
C,austin,2026-07-24,20260724T015621682144-0400,2026-07-24T05:56:21.682144+00:00,00:56:21.420531,56,pre_dawn,F,M2_empty_history,no_valid_row_change,,,,7,80.06,82.04,95,2026-07-24T05:56:21.682144+00:00,2026-07-24T05:55:09.213484+00:00,0,,,7,80.06,82.04,0,false,false,7,80.06,82.04,0,false,false,7,80.06,82.04,0,false,false,7,80.06,82.04,0,false,false
C,austin,2026-07-24,20260724T045548430345-0400,2026-07-24T08:55:48.430345+00:00,03:55:48.183673,235,pre_dawn,F,M2_empty_history,no_valid_row_change,,,,7,78.98,80.06,95,2026-07-24T08:55:48.430345+00:00,2026-07-24T08:48:21.449052+00:00,0,,,7,78.98,80.06,0,false,false,7,78.98,80.06,0,false,false,7,78.98,80.06,0,false,false,7,78.98,80.06,0,false,false
C,austin,2026-07-24,20260724T055612909302-0400,2026-07-24T09:56:12.909302+00:00,04:56:12.778731,296,pre_dawn,F,M2_empty_history,no_valid_row_change,,,,7,78.08,78.98,95,2026-07-24T09:56:12.909302+00:00,2026-07-24T09:53:19.798974+00:00,0,,,7,78.08,78.98,0,false,false,7,78.08,78.98,0,false,false,7,78.08,78.98,0,false,false,7,78.08,78.98,0,false,false
C,austin,2026-07-24,20260724T075629949006-0400,2026-07-24T11:56:29.949006+00:00,06:56:29.822840,416,pre_dawn,F,M2_empty_history,no_valid_row_change,,,,7,77,78.08,95,2026-07-24T11:56:29.949006+00:00,2026-07-24T11:51:49.408599+00:00,0,,,7,77,78.08,0,false,false,7,77,78.08,0,false,false,7,77,78.08,0,false,false,7,77,78.08,0,false,false
C,austin,2026-07-24,20260724T095727446745-0400,2026-07-24T13:57:27.446745+00:00,08:57:27.276997,537,other,F,M2_empty_history,no_valid_row_change,,,,8,78.08,80.06,95,2026-07-24T13:57:27.446745+00:00,2026-07-24T13:56:14.862843+00:00,0,,,8,78.08,80.06,0,false,false,8,78.08,80.06,0,false,false,8,78.08,80.06,0,false,false,8,78.08,80.06,0,false,false
C,austin,2026-07-25,20260725T015633467468-0400,2026-07-25T05:56:33.467468+00:00,00:56:33.180227,56,pre_dawn,F,M2_empty_history,no_valid_row_change,,,,7,78.98,80.96,96,2026-07-25T05:56:33.467468+00:00,2026-07-25T05:55:07.677900+00:00,0,,,7,78.98,80.96,0,false,false,7,78.98,80.96,0,false,false,7,78.98,80.96,0,false,false,7,78.98,80.96,0,false,false
C,austin,2026-07-25,20260725T025636091838-0400,2026-07-25T06:56:36.091838+00:00,01:56:35.902647,116,pre_dawn,F,M2_empty_history,no_valid_row_change,,,,7,78.08,78.98,96,2026-07-25T06:56:36.091838+00:00,2026-07-25T06:49:49.459629+00:00,0,,,7,78.08,78.98,0,false,false,7,78.08,78.98,0,false,false,7,78.08,78.98,0,false,false,7,78.08,78.98,0,false,false
C,austin,2026-07-25,20260725T035623946023-0400,2026-07-25T07:56:23.946023+00:00,02:56:23.796194,176,pre_dawn,F,M2_empty_history,no_valid_row_change,,,,7,77,78.08,96,2026-07-25T07:56:23.946023+00:00,2026-07-25T07:53:39.673942+00:00,0,,,7,77,78.08,0,false,false,7,77,78.08,0,false,false,7,77,78.08,0,false,false,7,77,78.08,0,false,false
C,austin,2026-07-25,20260725T055629427032-0400,2026-07-25T09:56:29.427032+00:00,04:56:29.169443,296,pre_dawn,F,M2_empty_history,no_valid_row_change,,,,7,75.92,77,96,2026-07-25T09:56:29.427032+00:00,2026-07-25T09:52:14.832208+00:00,0,,,7,75.92,77,0,false,false,7,75.92,77,0,false,false,7,75.92,77,0,false,false,7,75.92,77,0,false,false
C,austin,2026-07-25,20260725T065624123441-0400,2026-07-25T10:56:24.123441+00:00,05:56:23.989639,356,pre_dawn,F,M2_empty_history,no_valid_row_change,,,,7,75.02,75.92,96,2026-07-25T10:56:24.123441+00:00,2026-07-25T10:55:55.558474+00:00,0,,,7,75.02,75.92,0,false,false,7,75.02,75.92,0,false,false,7,75.02,75.92,0,false,false,7,75.02,75.92,0,false,false
C,austin,2026-07-25,20260725T075734816697-0400,2026-07-25T11:57:34.816697+00:00,06:57:34.668089,417,pre_dawn,F,M2_empty_history,no_valid_row_change,,,,7,73.94,75.02,96,2026-07-25T11:57:34.816697+00:00,2026-07-25T11:50:35.947359+00:00,0,,,7,73.94,75.02,0,false,false,7,73.94,75.02,0,false,false,7,73.94,75.02,0,false,false,7,73.94,75.02,0,false,false
C,austin,2026-07-25,20260725T095732107221-0400,2026-07-25T13:57:32.107221+00:00,08:57:31.976907,537,other,F,M2_empty_history,no_valid_row_change,,,,8,75.92,80.06,96,2026-07-25T13:57:32.107221+00:00,2026-07-25T13:56:38.683383+00:00,0,,,8,75.92,80.06,0,false,false,8,75.92,80.06,0,false,false,8,75.92,80.06,0,false,false,8,75.92,80.06,0,false,false
C,austin,2026-07-25,20260725T103539326809-0400,2026-07-25T14:35:39.326809+00:00,09:35:39.184054,575,other,F,M2_empty_history,no_valid_row_change,,,,9,80.06,82.04,96,2026-07-25T14:35:39.326809+00:00,2026-07-25T14:34:28.608036+00:00,0,,,9,80.06,82.04,0,false,false,9,80.06,82.04,0,false,false,9,80.06,82.04,0,false,false,9,80.06,82.04,0,false,false
C,austin,2026-07-25,20260725T105042316487-0400,2026-07-25T14:50:42.316487+00:00,09:50:42.166975,590,other,F,M2_empty_history,no_valid_row_change,,,,9,80.06,82.04,96,2026-07-25T14:50:42.316487+00:00,2026-07-25T14:43:34.728416+00:00,0,,,9,80.06,82.04,0,false,false,9,80.06,82.04,0,false,false,9,80.06,82.04,0,false,false,9,80.06,82.04,0,false,false
C,austin,2026-07-25,20260725T110331300827-0400,2026-07-25T15:03:31.300827+00:00,10:03:31.160416,603,other,F,M2_empty_history,no_valid_row_change,,,,10,80.06,82.94,96,2026-07-25T15:03:31.300827+00:00,2026-07-25T15:01:45.379556+00:00,0,,,10,80.06,82.94,0,false,false,10,80.06,82.94,0,false,false,10,80.06,82.94,0,false,false,10,80.06,82.94,0,false,false
C,austin,2026-07-25,20260725T120132202579-0400,2026-07-25T16:01:32.202579+00:00,11:01:32.023196,661,other,F,M2_empty_history,no_valid_row_change,,,,11,82.94,86,96,2026-07-25T16:01:32.202579+00:00,2026-07-25T15:56:32.039132+00:00,0,,,11,82.94,86,0,false,false,11,82.94,86,0,false,false,11,82.94,86,0,false,false,11,82.94,86,0,false,false
C,austin,2026-07-26,20260726T015826375727-0400,2026-07-26T05:58:26.375727+00:00,00:58:26.075649,58,pre_dawn,F,M2_empty_history,no_valid_row_change,,,,7,78.08,80.06,96,2026-07-26T05:58:26.375727+00:00,2026-07-26T05:55:02.209062+00:00,0,,,7,78.08,80.06,0,false,false,7,78.08,80.06,0,false,false,7,78.08,80.06,0,false,false,7,78.08,80.06,0,false,false
C,austin,2026-07-26,20260726T025631464016-0400,2026-07-26T06:56:31.464016+00:00,01:56:31.335858,116,pre_dawn,F,M2_empty_history,no_valid_row_change,,,,7,77,78.08,96,2026-07-26T06:56:31.464016+00:00,2026-07-26T06:49:44.067006+00:00,0,,,7,77,78.08,0,false,false,7,77,78.08,0,false,false,7,77,78.08,0,false,false,7,77,78.08,0,false,false
C,austin,2026-07-26,20260726T035722864854-0400,2026-07-26T07:57:22.864854+00:00,02:57:22.738352,177,pre_dawn,F,M2_empty_history,no_valid_row_change,,,,7,75.92,77,96,2026-07-26T07:57:22.864854+00:00,2026-07-26T07:56:22.939556+00:00,0,,,7,75.92,77,0,false,false,7,75.92,77,0,false,false,7,75.92,77,0,false,false,7,75.92,77,0,false,false
C,austin,2026-07-26,20260726T045945056985-0400,2026-07-26T08:59:45.056985+00:00,03:59:43.837039,239,pre_dawn,F,M2_empty_history,no_valid_row_change,,,,7,73.04,75.92,96,2026-07-26T08:59:45.056985+00:00,2026-07-26T08:50:24.618953+00:00,0,,,7,73.04,75.92,0,false,false,7,73.04,75.92,0,false,false,7,73.04,75.92,0,false,false,7,73.04,75.92,0,false,false
C,austin,2026-07-26,20260726T075530820877-0400,2026-07-26T11:55:30.820877+00:00,06:55:30.673238,415,pre_dawn,F,M2_empty_history,no_valid_row_change,,,,7,73.04,73.94,96,2026-07-26T11:55:30.820877+00:00,2026-07-26T11:46:32.819074+00:00,0,,,7,73.04,73.94,0,false,false,7,73.04,73.94,0,false,false,7,73.04,73.94,0,false,false,7,73.04,73.94,0,false,false
C,austin,2026-07-26,20260726T110034277143-0400,2026-07-26T15:00:34.277143+00:00,10:00:34.107596,600,other,F,M5_cutoff_change,no_valid_row_change,,,,10,80.6,84.02,96,2026-07-26T15:00:34.277143+00:00,2026-07-26T14:57:50.168358+00:00,0,,,10,80.6,84.02,0,false,false,10,80.6,84.02,0,false,false,10,80.6,84.02,0,false,false,10,80.6,84.02,0,false,false
C,austin,2026-07-26,20260726T121951186276-0400,2026-07-26T16:19:51.186276+00:00,11:19:50.228985,679,other,F,M2_empty_history,no_valid_row_change,,,,11,84.02,86,96,2026-07-26T16:19:51.186276+00:00,2026-07-26T16:10:45.311395+00:00,0,,,11,84.02,86,0,false,false,11,84.02,86,0,false,false,11,84.02,86,0,false,false,11,84.02,86,0,false,false
C,austin,2026-07-27,20260727T020422657688-0400,2026-07-27T06:04:22.657688+00:00,01:04:21.580605,64,pre_dawn,F,M2_empty_history,no_valid_row_change,,,,7,80.06,82.94,98,2026-07-27T06:04:22.657688+00:00,2026-07-27T05:55:15.749719+00:00,0,,,7,80.06,82.94,0,false,false,7,80.06,82.94,0,false,false,7,80.06,82.94,0,false,false,7,80.06,82.94,0,false,false
C,austin,2026-07-27,20260727T025920678523-0400,2026-07-27T06:59:20.678523+00:00,01:59:19.731077,119,pre_dawn,F,M2_empty_history,no_valid_row_change,,,,7,78.08,80.06,98,2026-07-27T06:59:20.678523+00:00,2026-07-27T06:50:09.591046+00:00,0,,,7,78.08,80.06,0,false,false,7,78.08,80.06,0,false,false,7,78.08,80.06,0,false,false,7,78.08,80.06,0,false,false
C,austin,2026-07-27,20260727T041222901423-0400,2026-07-27T08:12:22.901423+00:00,03:12:21.887205,192,pre_dawn,F,M2_empty_history,no_valid_row_change,,,,7,77,78.08,98,2026-07-27T08:12:22.901423+00:00,2026-07-27T08:03:15.789456+00:00,0,,,7,77,78.08,0,false,false,7,77,78.08,0,false,false,7,77,78.08,0,false,false,7,77,78.08,0,false,false
C,austin,2026-07-27,20260727T045951039909-0400,2026-07-27T08:59:51.039909+00:00,03:59:49.962216,239,pre_dawn,F,M2_empty_history,no_valid_row_change,,,,7,75.92,77,98,2026-07-27T08:59:51.039909+00:00,2026-07-27T08:50:43.137256+00:00,0,,,7,75.92,77,0,false,false,7,75.92,77,0,false,false,7,75.92,77,0,false,false,7,75.92,77,0,false,false
C,austin,2026-07-27,20260727T060351162655-0400,2026-07-27T10:03:51.162655+00:00,05:03:50.091987,303,pre_dawn,F,M2_empty_history,no_valid_row_change,,,,7,75.02,75.92,98,2026-07-27T10:03:51.162655+00:00,2026-07-27T09:54:44.309716+00:00,0,,,7,75.02,75.92,0,false,false,7,75.02,75.92,0,false,false,7,75.02,75.92,0,false,false,7,75.02,75.92,0,false,false
C,austin,2026-07-27,20260727T065826152780-0400,2026-07-27T10:58:26.152780+00:00,05:58:25.080705,358,pre_dawn,F,M2_empty_history,no_valid_row_change,,,,7,73.94,75.02,98,2026-07-27T10:58:26.152780+00:00,2026-07-27T10:49:20.396968+00:00,0,,,7,73.94,75.02,0,false,false,7,73.94,75.02,0,false,false,7,73.94,75.02,0,false,false,7,73.94,75.02,0,false,false
C,austin,2026-07-28,20260728T020430124281-0400,2026-07-28T06:04:30.124281+00:00,01:04:28.967212,64,pre_dawn,F,M2_empty_history,no_valid_row_change,,,,7,78.98,80.96,97,2026-07-28T06:04:30.124281+00:00,2026-07-28T05:55:22.404823+00:00,0,,,7,78.98,80.96,0,false,false,7,78.98,80.96,0,false,false,7,78.98,80.96,0,false,false,7,78.98,80.96,0,false,false
C,austin,2026-07-28,20260728T023212142486-0400,2026-07-28T06:32:12.142486+00:00,01:32:10.963633,92,pre_dawn,F,M2_empty_history,no_valid_row_change,,,,7,78.08,78.98,97,2026-07-28T06:32:12.142486+00:00,2026-07-28T06:22:50.047715+00:00,0,,,7,78.08,78.98,0,false,false,7,78.08,78.98,0,false,false,7,78.08,78.98,0,false,false,7,78.08,78.98,0,false,false
C,austin,2026-07-28,20260728T052126378502-0400,2026-07-28T09:21:26.378502+00:00,04:21:26.084370,261,pre_dawn,F,M2_empty_history,no_valid_row_change,,,,7,77,78.08,97,2026-07-28T09:21:26.378502+00:00,2026-07-28T09:18:17.122951+00:00,0,,,7,77,78.08,0,false,false,7,77,78.08,0,false,false,7,77,78.08,0,false,false,7,77,78.08,0,false,false
C,austin,2026-07-28,20260728T053826679177-0400,2026-07-28T09:38:26.679177+00:00,04:38:26.541826,278,pre_dawn,F,M2_empty_history,no_valid_row_change,,,,7,77,78.08,97,2026-07-28T09:38:26.679177+00:00,2026-07-28T09:37:35.352610+00:00,0,,,7,77,78.08,0,false,false,7,77,78.08,0,false,false,7,77,78.08,0,false,false,7,77,78.08,0,false,false
C,austin,2026-07-28,20260728T055626378241-0400,2026-07-28T09:56:26.378241+00:00,04:56:26.258097,296,pre_dawn,F,M2_empty_history,no_valid_row_change,,,,7,75.92,77,97,2026-07-28T09:56:26.378241+00:00,2026-07-28T09:54:38.414040+00:00,0,,,7,75.92,77,0,false,false,7,75.92,77,0,false,false,7,75.92,77,0,false,false,7,75.92,77,0,false,false
C,austin,2026-07-28,20260728T085833888133-0400,2026-07-28T12:58:33.888133+00:00,07:58:33.766018,478,other,F,M2_empty_history,no_valid_row_change,,,,7,77,78.98,97,2026-07-28T12:58:33.888133+00:00,2026-07-28T12:57:28.538700+00:00,0,,,7,77,78.98,0,false,false,7,77,78.98,0,false,false,7,77,78.98,0,false,false,7,77,78.98,0,false,false
C,austin,2026-07-28,20260728T161038881380-0400,2026-07-28T20:10:38.881380+00:00,15:10:38.745671,910,peak_heating_window,F,M2_empty_history,no_valid_row_change,,,,15,93.92,96.08,97,2026-07-28T20:10:38.881380+00:00,2026-07-28T20:05:22.426281+00:00,0,,,15,93.92,96.08,0,false,false,15,93.92,96.08,0,false,false,15,93.92,96.08,0,false,false,15,93.92,96.08,0,false,false
C,austin,2026-07-29,20260729T020424638528-0400,2026-07-29T06:04:24.638528+00:00,01:04:23.661887,64,pre_dawn,F,M2_empty_history,no_valid_row_change,,,,7,78.98,80.96,98,2026-07-29T06:04:24.638528+00:00,2026-07-29T05:55:16.800458+00:00,0,,,7,78.98,80.96,0,false,false,7,78.98,80.96,0,false,false,7,78.98,80.96,0,false,false,7,78.98,80.96,0,false,false
C,austin,2026-07-29,20260729T025903187853-0400,2026-07-29T06:59:03.187853+00:00,01:59:02.150451,119,pre_dawn,F,M2_empty_history,no_valid_row_change,,,,7,78.08,78.98,98,2026-07-29T06:59:03.187853+00:00,2026-07-29T06:49:56.741912+00:00,0,,,7,78.08,78.98,0,false,false,7,78.08,78.98,0,false,false,7,78.08,78.98,0,false,false,7,78.08,78.98,0,false,false
C,austin,2026-07-29,20260729T040253678150-0400,2026-07-29T08:02:53.678150+00:00,03:02:52.692886,182,pre_dawn,F,M2_empty_history,no_valid_row_change,,,,7,77,78.08,98,2026-07-29T08:02:53.678150+00:00,2026-07-29T07:53:46.466322+00:00,0,,,7,77,78.08,0,false,false,7,77,78.08,0,false,false,7,77,78.08,0,false,false,7,77,78.08,0,false,false
C,austin,2026-07-29,20260729T045945062643-0400,2026-07-29T08:59:45.062643+00:00,03:59:44.770511,239,pre_dawn,F,M2_empty_history,no_valid_row_change,,,,7,75.92,77,98,2026-07-29T08:59:45.062643+00:00,2026-07-29T08:51:05.227694+00:00,0,,,7,75.92,77,0,false,false,7,75.92,77,0,false,false,7,75.92,77,0,false,false,7,75.92,77,0,false,false
C,austin,2026-07-29,20260729T075620772823-0400,2026-07-29T11:56:20.772823+00:00,06:56:20.613870,416,pre_dawn,F,M2_empty_history,no_valid_row_change,,,,7,75.92,77,98,2026-07-29T11:56:20.772823+00:00,2026-07-29T11:47:30.063297+00:00,0,,,7,75.92,77,0,false,false,7,75.92,77,0,false,false,7,75.92,77,0,false,false,7,75.92,77,0,false,false
C,austin,2026-07-29,20260729T110132092608-0400,2026-07-29T15:01:32.092608+00:00,10:01:31.942418,601,other,F,M2_empty_history,no_valid_row_change,,,,10,82.04,86,98,2026-07-29T15:01:32.092608+00:00,2026-07-29T14:58:39.304328+00:00,0,,,10,82.04,86,0,false,false,10,82.04,86,0,false,false,10,82.04,86,0,false,false,10,82.04,86,0,false,false
C,austin,2026-07-30,20260730T020417381792-0400,2026-07-30T06:04:17.381792+00:00,01:04:16.447608,64,pre_dawn,F,M2_empty_history,no_valid_row_change,,,,7,80.96,82.94,100,2026-07-30T06:04:17.381792+00:00,2026-07-30T05:55:11.079331+00:00,0,,,7,80.96,82.94,0,false,false,7,80.96,82.94,0,false,false,7,80.96,82.94,0,false,false,7,80.96,82.94,0,false,false
C,austin,2026-07-30,20260730T024100538665-0400,2026-07-30T06:41:00.538665+00:00,01:40:59.373800,100,pre_dawn,F,M2_empty_history,no_valid_row_change,,,,7,80.06,80.96,100,2026-07-30T06:41:00.538665+00:00,2026-07-30T06:31:48.885045+00:00,0,,,7,80.06,80.96,0,false,false,7,80.06,80.96,0,false,false,7,80.06,80.96,0,false,false,7,80.06,80.96,0,false,false
C,austin,2026-07-30,20260730T045647931457-0400,2026-07-30T08:56:47.931457+00:00,03:56:47.685998,236,pre_dawn,F,M2_empty_history,no_valid_row_change,,,,7,78.98,80.06,100,2026-07-30T08:56:47.931457+00:00,2026-07-30T08:50:42.464514+00:00,0,,,7,78.98,80.06,0,false,false,7,78.98,80.06,0,false,false,7,78.98,80.06,0,false,false,7,78.98,80.06,0,false,false
C,austin,2026-07-30,20260730T055635044949-0400,2026-07-30T09:56:35.044949+00:00,04:56:34.927276,296,pre_dawn,F,M2_empty_history,no_valid_row_change,,,,7,78.08,78.98,100,2026-07-30T09:56:35.044949+00:00,2026-07-30T09:54:37.339407+00:00,0,,,7,78.08,78.98,0,false,false,7,78.08,78.98,0,false,false,7,78.08,78.98,0,false,false,7,78.08,78.98,0,false,false
C,austin,2026-07-30,20260730T065627648300-0400,2026-07-30T10:56:27.648300+00:00,05:56:27.480815,356,pre_dawn,F,M2_empty_history,no_valid_row_change,,,,7,77,78.08,100,2026-07-30T10:56:27.648300+00:00,2026-07-30T10:49:12.460868+00:00,0,,,7,77,78.08,0,false,false,7,77,78.08,0,false,false,7,77,78.08,0,false,false,7,77,78.08,0,false,false
C,austin,2026-07-30,20260730T075538477620-0400,2026-07-30T11:55:38.477620+00:00,06:55:38.295032,415,pre_dawn,F,M2_empty_history,no_valid_row_change,,,,7,75.92,77,100,2026-07-30T11:55:38.477620+00:00,2026-07-30T11:52:57.250429+00:00,0,,,7,75.92,77,0,false,false,7,75.92,77,0,false,false,7,75.92,77,0,false,false,7,75.92,77,0,false,false
C,austin,2026-07-30,20260730T110230528293-0400,2026-07-30T15:02:30.528293+00:00,10:02:30.389388,602,other,F,M2_empty_history,no_valid_row_change,,,,10,80.96,84.02,100,2026-07-30T15:02:30.528293+00:00,2026-07-30T14:56:26.957550+00:00,0,,,10,80.96,84.02,0,false,false,10,80.96,84.02,0,false,false,10,80.96,84.02,0,false,false,10,80.96,84.02,0,false,false
C,chicago,2026-07-03,20260703T013221-0400,2026-07-03T05:32:21.880595+00:00,00:32:20.887339,32,pre_dawn,F,M2_empty_history,no_valid_row_change,,,,7,71.06,71.96,86,2026-07-03T05:32:21.880595+00:00,2026-07-03T05:21:57.601925+00:00,0,,,7,71.06,71.96,0,false,false,7,71.06,71.96,0,false,false,7,71.06,71.96,0,false,false,7,71.06,71.96,0,false,false
C,chicago,2026-07-03,20260703T045421-0400,2026-07-03T08:54:21.319994+00:00,03:54:21.109580,234,pre_dawn,F,M2_empty_history,no_valid_row_change,,,,7,71.06,71.96,86,2026-07-03T08:54:21.319994+00:00,2026-07-03T08:52:19.903840+00:00,0,,,7,71.06,71.96,0,false,false,7,71.06,71.96,0,false,false,7,71.06,71.96,0,false,false,7,71.06,71.96,0,false,false
C,chicago,2026-07-04,20260704T020323370755-0400,2026-07-04T06:03:23.370755+00:00,01:03:22.413536,63,pre_dawn,F,M2_empty_history,no_valid_row_change,,,,7,69.98,71.06,83,2026-07-04T06:03:23.370755+00:00,2026-07-04T05:55:50.089291+00:00,0,,,7,69.98,71.06,0,false,false,7,69.98,71.06,0,false,false,7,69.98,71.06,0,false,false,7,69.98,71.06,0,false,false
C,chicago,2026-07-04,20260704T035322626035-0400,2026-07-04T07:53:22.626035+00:00,02:53:22.377407,173,pre_dawn,F,M2_empty_history,no_valid_row_change,,,,7,69.08,69.98,83,2026-07-04T07:53:22.626035+00:00,2026-07-04T07:44:52.064121+00:00,0,,,7,69.08,69.98,0,false,false,7,69.08,69.98,0,false,false,7,69.08,69.98,0,false,false,7,69.08,69.98,0,false,false
C,chicago,2026-07-04,20260704T065413517483-0400,2026-07-04T10:54:13.517483+00:00,05:54:13.266714,354,pre_dawn,F,M2_empty_history,no_valid_row_change,,,,7,69.08,69.98,83,2026-07-04T10:54:13.517483+00:00,2026-07-04T10:46:16.720971+00:00,0,,,7,69.08,69.98,0,false,false,7,69.08,69.98,0,false,false,7,69.08,69.98,0,false,false,7,69.08,69.98,0,false,false
C,chicago,2026-07-05,20260705T025346885022-0400,2026-07-05T06:53:46.885022+00:00,01:53:45.742556,113,pre_dawn,F,M2_empty_history,no_valid_row_change,,,,7,66.92,68,76,2026-07-05T06:53:46.885022+00:00,2026-07-05T06:50:57.096137+00:00,0,,,7,66.92,68,0,false,false,7,66.92,68,0,false,false,7,66.92,68,0,false,false,7,66.92,68,0,false,false
C,chicago,2026-07-05,20260705T045344306389-0400,2026-07-05T08:53:44.306389+00:00,03:53:44.079055,233,pre_dawn,F,M2_empty_history,no_valid_row_change,,,,7,66.92,68,76,2026-07-05T08:53:44.306389+00:00,2026-07-05T08:48:45.898548+00:00,0,,,7,66.92,68,0,false,false,7,66.92,68,0,false,false,7,66.92,68,0,false,false,7,66.92,68,0,false,false
C,chicago,2026-07-05,20260705T055348600085-0400,2026-07-05T09:53:48.600085+00:00,04:53:48.358678,293,pre_dawn,F,M2_empty_history,no_valid_row_change,,,,7,66.02,66.92,76,2026-07-05T09:53:48.600085+00:00,2026-07-05T09:52:11.361026+00:00,0,,,7,66.02,66.92,0,false,false,7,66.02,66.92,0,false,false,7,66.02,66.92,0,false,false,7,66.02,66.92,0,false,false
C,chicago,2026-07-07,20260707T025827426868-0400,2026-07-07T06:58:27.426868+00:00,01:58:26.149616,118,pre_dawn,F,M2_empty_history,no_valid_row_change,,,,7,66.02,68,85,2026-07-07T06:58:27.426868+00:00,2026-07-07T06:34:20.351954+00:00,0,,,7,66.02,68,0,false,false,7,66.02,68,0,false,false,7,66.02,68,0,false,false,7,66.02,68,0,false,false
C,chicago,2026-07-07,20260707T035335742537-0400,2026-07-07T07:53:35.742537+00:00,02:53:35.494002,173,pre_dawn,F,M2_empty_history,no_valid_row_change,,,,7,64.94,66.02,85,2026-07-07T07:53:35.742537+00:00,2026-07-07T07:44:32.112522+00:00,0,,,7,64.94,66.02,0,false,false,7,64.94,66.02,0,false,false,7,64.94,66.02,0,false,false,7,64.94,66.02,0,false,false
C,chicago,2026-07-07,20260707T105851666346-0400,2026-07-07T14:58:51.666346+00:00,09:58:47.553870,598,other,F,M2_empty_history,no_valid_row_change,,,,9,78.08,80.96,85,2026-07-07T14:58:51.666346+00:00,2026-07-07T14:56:31.386299+00:00,0,,,9,78.08,80.96,0,false,false,9,78.08,80.96,0,false,false,9,78.08,80.96,0,false,false,9,78.08,80.96,0,false,false
C,chicago,2026-07-07,20260707T135836460561-0400,2026-07-07T17:58:36.460561+00:00,12:58:30.394382,778,settlement_window,F,M2_empty_history,no_valid_row_change,,,,12,82.94,84.02,85,2026-07-07T17:58:36.460561+00:00,2026-07-07T17:55:45.848790+00:00,0,,,12,82.94,84.02,0,false,false,12,82.94,84.02,0,false,false,12,82.94,84.02,0,false,false,12,82.94,84.02,0,false,false
C,chicago,2026-07-08,20260708T015351332126-0400,2026-07-08T05:53:51.332126+00:00,00:53:50.805126,53,pre_dawn,F,M2_empty_history,no_valid_row_change,,,,7,71.96,75.02,88,2026-07-08T05:53:51.332126+00:00,2026-07-08T05:46:01.225961+00:00,0,,,7,71.96,75.02,0,false,false,7,71.96,75.02,0,false,false,7,71.96,75.02,0,false,false,7,71.96,75.02,0,false,false
C,chicago,2026-07-08,20260708T025454386393-0400,2026-07-08T06:54:54.386393+00:00,01:54:54.181950,114,pre_dawn,F,M2_empty_history,no_valid_row_change,,,,7,69.98,71.96,88,2026-07-08T06:54:54.386393+00:00,2026-07-08T06:49:59.952732+00:00,0,,,7,69.98,71.96,0,false,false,7,69.98,71.96,0,false,false,7,69.98,71.96,0,false,false,7,69.98,71.96,0,false,false
C,chicago,2026-07-08,20260708T035339442028-0400,2026-07-08T07:53:39.442028+00:00,02:53:39.249346,173,pre_dawn,F,M2_empty_history,no_valid_row_change,,,,7,69.08,69.98,88,2026-07-08T07:53:39.442028+00:00,2026-07-08T07:44:34.708290+00:00,0,,,7,69.08,69.98,0,false,false,7,69.08,69.98,0,false,false,7,69.08,69.98,0,false,false,7,69.08,69.98,0,false,false
C,chicago,2026-07-09,20260709T015339226979-0400,2026-07-09T05:53:39.226979+00:00,00:53:38.929979,53,pre_dawn,F,M2_empty_history,no_valid_row_change,,,,7,77,78.08,86,2026-07-09T05:53:39.226979+00:00,2026-07-09T05:48:18.541096+00:00,0,,,7,77,78.08,0,false,false,7,77,78.08,0,false,false,7,77,78.08,0,false,false,7,77,78.08,0,false,false
C,chicago,2026-07-09,20260709T025439037534-0400,2026-07-09T06:54:39.037534+00:00,01:54:38.642506,114,pre_dawn,F,M2_empty_history,no_valid_row_change,,,,7,75.92,77,86,2026-07-09T06:54:39.037534+00:00,2026-07-09T06:51:55.568115+00:00,0,,,7,75.92,77,0,false,false,7,75.92,77,0,false,false,7,75.92,77,0,false,false,7,75.92,77,0,false,false
C,chicago,2026-07-09,20260709T035340438056-0400,2026-07-09T07:53:40.438056+00:00,02:53:40.151538,173,pre_dawn,F,M2_empty_history,no_valid_row_change,,,,7,75.02,75.92,86,2026-07-09T07:53:40.438056+00:00,2026-07-09T07:46:57.927318+00:00,0,,,7,75.02,75.92,0,false,false,7,75.02,75.92,0,false,false,7,75.02,75.92,0,false,false,7,75.02,75.92,0,false,false
C,chicago,2026-07-09,20260709T065341799884-0400,2026-07-09T10:53:41.799884+00:00,05:53:41.526791,353,pre_dawn,F,M2_empty_history,no_valid_row_change,,,,7,73.94,75.02,86,2026-07-09T10:53:41.799884+00:00,2026-07-09T10:48:19.143452+00:00,0,,,7,73.94,75.02,0,false,false,7,73.94,75.02,0,false,false,7,73.94,75.02,0,false,false,7,73.94,75.02,0,false,false
C,chicago,2026-07-09,20260709T180133111455-0400,2026-07-09T22:01:33.111455+00:00,17:01:32.411294,1021,settlement_window,F,M2_empty_history,no_valid_row_change,,,,17,84.02,86,86,2026-07-09T22:01:33.111455+00:00,2026-07-09T21:57:00.127373+00:00,0,,,17,84.02,86,0,false,false,17,84.02,86,0,false,false,17,84.02,86,0,false,false,17,84.02,86,0,false,false
C,chicago,2026-07-10,20260710T015443308488-0400,2026-07-10T05:54:43.308488+00:00,00:54:32.181939,54,pre_dawn,F,M2_empty_history,no_valid_row_change,,,,7,71.96,73.04,81,2026-07-10T05:54:43.308488+00:00,2026-07-10T05:43:53.386615+00:00,0,,,7,71.96,73.04,0,false,false,7,71.96,73.04,0,false,false,7,71.96,73.04,0,false,false,7,71.96,73.04,0,false,false
C,chicago,2026-07-10,20260710T025724764786-0400,2026-07-10T06:57:24.764786+00:00,01:57:20.994549,117,pre_dawn,F,M2_empty_history,no_valid_row_change,,,,7,71.06,71.96,81,2026-07-10T06:57:24.764786+00:00,2026-07-10T06:50:02.493485+00:00,0,,,7,71.06,71.96,0,false,false,7,71.06,71.96,0,false,false,7,71.06,71.96,0,false,false,7,71.06,71.96,0,false,false
C,chicago,2026-07-10,20260710T035934058840-0400,2026-07-10T07:59:34.058840+00:00,02:59:32.172350,179,pre_dawn,F,M2_empty_history,no_valid_row_change,,,,7,69.98,71.06,81,2026-07-10T07:59:34.058840+00:00,2026-07-10T07:50:58.455497+00:00,0,,,7,69.98,71.06,0,false,false,7,69.98,71.06,0,false,false,7,69.98,71.06,0,false,false,7,69.98,71.06,0,false,false
C,chicago,2026-07-10,20260710T111928622982-0400,2026-07-10T15:19:28.622982+00:00,10:19:23.119257,619,other,F,M2_empty_history,no_valid_row_change,,,,10,69.98,77,81,2026-07-10T15:19:28.622982+00:00,2026-07-10T15:18:30.640911+00:00,0,,,10,69.98,77,0,false,false,10,69.98,77,0,false,false,10,69.98,77,0,false,false,10,69.98,77,0,false,false
C,chicago,2026-07-10,20260710T112737979969-0400,2026-07-10T15:27:37.979969+00:00,10:27:37.029533,627,other,F,M2_empty_history,no_valid_row_change,,,,10,75.02,77,81,2026-07-10T15:27:37.979969+00:00,2026-07-10T15:19:49.634172+00:00,0,,,10,75.02,77,0,false,false,10,75.02,77,0,false,false,10,75.02,77,0,false,false,10,75.02,77,0,false,false
C,chicago,2026-07-10,20260710T115931162959-0400,2026-07-10T15:59:31.162959+00:00,10:59:30.817059,659,other,F,M2_empty_history,no_valid_row_change,,,,10,77,78.98,81,2026-07-10T15:59:31.162959+00:00,2026-07-10T15:57:20.464593+00:00,0,,,10,77,78.98,0,false,false,10,77,78.98,0,false,false,10,77,78.98,0,false,false,10,77,78.98,0,false,false
C,chicago,2026-07-11,20260711T015442511065-0400,2026-07-11T05:54:42.511065+00:00,00:54:42.178065,54,pre_dawn,F,M2_empty_history,no_valid_row_change,,,,7,68,69.98,82,2026-07-11T05:54:42.511065+00:00,2026-07-11T05:45:45.821222+00:00,0,,,7,68,69.98,0,false,false,7,68,69.98,0,false,false,7,68,69.98,0,false,false,7,68,69.98,0,false,false
C,chicago,2026-07-11,20260711T031906768433-0400,2026-07-11T07:19:06.768433+00:00,02:19:03.203906,139,pre_dawn,F,M2_empty_history,no_valid_row_change,,,,7,66.92,68,82,2026-07-11T07:19:06.768433+00:00,2026-07-11T06:31:40.306567+00:00,0,,,7,66.92,68,0,false,false,7,66.92,68,0,false,false,7,66.92,68,0,false,false,7,66.92,68,0,false,false
C,chicago,2026-07-11,20260711T045555613761-0400,2026-07-11T08:55:55.613761+00:00,03:55:33.105017,235,pre_dawn,F,M2_empty_history,no_valid_row_change,,,,7,66.02,66.92,82,2026-07-11T08:55:55.613761+00:00,2026-07-11T08:40:27.026435+00:00,0,,,7,66.02,66.92,0,false,false,7,66.02,66.92,0,false,false,7,66.02,66.92,0,false,false,7,66.02,66.92,0,false,false
C,chicago,2026-07-14,20260714T015419923350-0400,2026-07-14T05:54:19.923350+00:00,00:54:19.575543,54,pre_dawn,F,M2_empty_history,no_valid_row_change,,,,7,78.98,80.96,96,2026-07-14T05:54:19.923350+00:00,2026-07-14T05:53:18.267081+00:00,0,,,7,78.98,80.96,0,false,false,7,78.98,80.96,0,false,false,7,78.98,80.96,0,false,false,7,78.98,80.96,0,false,false
C,chicago,2026-07-14,20260714T025420059572-0400,2026-07-14T06:54:20.059572+00:00,01:54:19.810593,114,pre_dawn,F,M2_empty_history,no_valid_row_change,,,,7,78.08,78.98,96,2026-07-14T06:54:20.059572+00:00,2026-07-14T06:52:57.990709+00:00,0,,,7,78.08,78.98,0,false,false,7,78.08,78.98,0,false,false,7,78.08,78.98,0,false,false,7,78.08,78.98,0,false,false
C,chicago,2026-07-14,20260714T035642124609-0400,2026-07-14T07:56:42.124609+00:00,02:56:40.953935,176,pre_dawn,F,M2_empty_history,no_valid_row_change,,,,7,77,78.08,96,2026-07-14T07:56:42.124609+00:00,2026-07-14T07:47:37.022368+00:00,0,,,7,77,78.08,0,false,false,7,77,78.08,0,false,false,7,77,78.08,0,false,false,7,77,78.08,0,false,false
C,chicago,2026-07-14,20260714T050020898448-0400,2026-07-14T09:00:20.898448+00:00,04:00:19.737774,240,pre_dawn,F,M2_empty_history,no_valid_row_change,,,,7,75.92,77,96,2026-07-14T09:00:20.898448+00:00,2026-07-14T08:54:19.531231+00:00,0,,,7,75.92,77,0,false,false,7,75.92,77,0,false,false,7,75.92,77,0,false,false,7,75.92,77,0,false,false
C,chicago,2026-07-14,20260714T055330164683-0400,2026-07-14T09:53:30.164683+00:00,04:53:29.892080,293,pre_dawn,F,M2_empty_history,no_valid_row_change,,,,7,75.02,75.92,96,2026-07-14T09:53:30.164683+00:00,2026-07-14T09:45:55.476490+00:00,0,,,7,75.02,75.92,0,false,false,7,75.02,75.92,0,false,false,7,75.02,75.92,0,false,false,7,75.02,75.92,0,false,false
C,chicago,2026-07-14,20260714T140129939714-0400,2026-07-14T18:01:29.939714+00:00,13:01:28.905752,781,settlement_window,F,M2_empty_history,no_valid_row_change,,,,13,87.98,89.96,96,2026-07-14T18:01:29.939714+00:00,2026-07-14T17:52:23.377104+00:00,0,,,13,87.98,89.96,0,false,false,13,87.98,89.96,0,false,false,13,87.98,89.96,0,false,false,13,87.98,89.96,0,false,false
C,chicago,2026-07-15,20260715T015340771636-0400,2026-07-15T05:53:40.771636+00:00,00:53:40.208346,53,pre_dawn,F,M2_empty_history,no_valid_row_change,,,,7,82.04,82.94,94,2026-07-15T05:53:40.771636+00:00,2026-07-15T05:45:29.975458+00:00,0,,,7,82.04,82.94,0,false,false,7,82.04,82.94,0,false,false,7,82.04,82.94,0,false,false,7,82.04,82.94,0,false,false
C,chicago,2026-07-15,20260715T025438250777-0400,2026-07-15T06:54:38.250777+00:00,01:54:37.822120,114,pre_dawn,F,M2_empty_history,no_valid_row_change,,,,7,80.06,82.04,94,2026-07-15T06:54:38.250777+00:00,2026-07-15T06:50:43.374088+00:00,0,,,7,80.06,82.04,0,false,false,7,80.06,82.04,0,false,false,7,80.06,82.04,0,false,false,7,80.06,82.04,0,false,false
C,chicago,2026-07-15,20260715T035437258228-0400,2026-07-15T07:54:37.258228+00:00,02:54:36.919525,174,pre_dawn,F,M2_empty_history,no_valid_row_change,,,,7,78.98,80.06,94,2026-07-15T07:54:37.258228+00:00,2026-07-15T07:45:41.805128+00:00,0,,,7,78.98,80.06,0,false,false,7,78.98,80.06,0,false,false,7,78.98,80.06,0,false,false,7,78.98,80.06,0,false,false
C,chicago,2026-07-15,20260715T045330841348-0400,2026-07-15T08:53:30.841348+00:00,03:53:30.597387,233,pre_dawn,F,M2_empty_history,no_valid_row_change,,,,7,78.08,78.98,94,2026-07-15T08:53:30.841348+00:00,2026-07-15T08:49:34.169761+00:00,0,,,7,78.08,78.98,0,false,false,7,78.08,78.98,0,false,false,7,78.08,78.98,0,false,false,7,78.08,78.98,0,false,false
C,chicago,2026-07-15,20260715T055439335153-0400,2026-07-15T09:54:39.335153+00:00,04:54:39.030761,294,pre_dawn,F,M2_empty_history,no_valid_row_change,,,,7,77,78.08,94,2026-07-15T09:54:39.335153+00:00,2026-07-15T09:53:15.365077+00:00,0,,,7,77,78.08,0,false,false,7,77,78.08,0,false,false,7,77,78.08,0,false,false,7,77,78.08,0,false,false
C,chicago,2026-07-15,20260715T065335614996-0400,2026-07-15T10:53:35.614996+00:00,05:53:35.307953,353,pre_dawn,F,M2_empty_history,no_valid_row_change,,,,7,75.92,77,94,2026-07-15T10:53:35.614996+00:00,2026-07-15T10:47:50.293077+00:00,0,,,7,75.92,77,0,false,false,7,75.92,77,0,false,false,7,75.92,77,0,false,false,7,75.92,77,0,false,false
C,chicago,2026-07-15,20260715T080044056389-0400,2026-07-15T12:00:44.056389+00:00,07:00:42.953286,420,other,F,M2_empty_history,no_valid_row_change,,,,7,77,80.06,94,2026-07-15T12:00:44.056389+00:00,2026-07-15T12:00:35.867539+00:00,0,,,7,77,80.06,0,false,false,7,77,80.06,0,false,false,7,77,80.06,0,false,false,7,77,80.06,0,false,false
C,chicago,2026-07-15,20260715T090040086428-0400,2026-07-15T13:00:40.086428+00:00,08:00:39.883553,480,other,F,M2_empty_history,no_valid_row_change,,,,8,77,80.06,94,2026-07-15T13:00:40.086428+00:00,2026-07-15T12:55:38.747552+00:00,0,,,8,77,80.06,0,false,false,8,77,80.06,0,false,false,8,77,80.06,0,false,false,8,77,80.06,0,false,false
C,chicago,2026-07-15,20260715T134556415611-0400,2026-07-15T17:45:56.415611+00:00,12:45:56.071039,765,settlement_window,F,M2_empty_history,no_valid_row_change,,,,12,80.06,89.96,94,2026-07-15T17:45:56.415611+00:00,2026-07-15T17:38:02.134024+00:00,0,,,12,80.06,89.96,0,false,false,12,80.06,89.96,0,false,false,12,80.06,89.96,0,false,false,12,80.06,89.96,0,false,false
C,chicago,2026-07-15,20260715T155244784698-0400,2026-07-15T19:52:44.784698+00:00,14:52:44.472823,892,peak_heating_window,F,M2_empty_history,no_valid_row_change,,,,14,84.02,91.94,94,2026-07-15T19:52:44.784698+00:00,2026-07-15T19:45:46.046457+00:00,0,,,14,84.02,91.94,0,false,false,14,84.02,91.94,0,false,false,14,84.02,91.94,0,false,false,14,84.02,91.94,0,false,false
C,chicago,2026-07-16,20260716T015442347337-0400,2026-07-16T05:54:42.347337+00:00,00:54:41.970894,54,pre_dawn,F,M2_empty_history,no_valid_row_change,,,,7,78.98,80.06,90,2026-07-16T05:54:42.347337+00:00,2026-07-16T05:45:57.678354+00:00,0,,,7,78.98,80.06,0,false,false,7,78.98,80.06,0,false,false,7,78.98,80.06,0,false,false,7,78.98,80.06,0,false,false
C,chicago,2026-07-16,20260716T035443986612-0400,2026-07-16T07:54:43.986612+00:00,02:54:43.710921,174,pre_dawn,F,M2_empty_history,no_valid_row_change,,,,7,77,78.98,90,2026-07-16T07:54:43.986612+00:00,2026-07-16T07:53:35.013348+00:00,0,,,7,77,78.98,0,false,false,7,77,78.98,0,false,false,7,77,78.98,0,false,false,7,77,78.98,0,false,false
C,chicago,2026-07-16,20260716T055341177401-0400,2026-07-16T09:53:41.177401+00:00,04:53:40.920856,293,pre_dawn,F,M2_empty_history,no_valid_row_change,,,,7,75.92,77,90,2026-07-16T09:53:41.177401+00:00,2026-07-16T09:51:51.854970+00:00,0,,,7,75.92,77,0,false,false,7,75.92,77,0,false,false,7,75.92,77,0,false,false,7,75.92,77,0,false,false
C,chicago,2026-07-16,20260716T063243457722-0400,2026-07-16T10:32:43.457722+00:00,05:32:43.125280,332,pre_dawn,F,M2_empty_history,no_valid_row_change,,,,7,75.02,75.92,90,2026-07-16T10:32:43.457722+00:00,2026-07-16T10:28:16.089565+00:00,0,,,7,75.02,75.92,0,false,false,7,75.02,75.92,0,false,false,7,75.02,75.92,0,false,false,7,75.02,75.92,0,false,false
C,chicago,2026-07-17,20260717T015448633965-0400,2026-07-17T05:54:48.633965+00:00,00:54:48.159296,54,pre_dawn,F,M2_empty_history,no_valid_row_change,,,,7,77,78.08,92,2026-07-17T05:54:48.633965+00:00,2026-07-17T05:47:58.760214+00:00,0,,,7,77,78.08,0,false,false,7,77,78.08,0,false,false,7,77,78.08,0,false,false,7,77,78.08,0,false,false
C,chicago,2026-07-17,20260717T035342793120-0400,2026-07-17T07:53:42.793120+00:00,02:53:42.444813,173,pre_dawn,F,M2_empty_history,no_valid_row_change,,,,7,75.92,77,92,2026-07-17T07:53:42.793120+00:00,2026-07-17T07:46:53.395584+00:00,0,,,7,75.92,77,0,false,false,7,75.92,77,0,false,false,7,75.92,77,0,false,false,7,75.92,77,0,false,false
C,chicago,2026-07-17,20260717T055347432872-0400,2026-07-17T09:53:47.432872+00:00,04:53:47.132465,293,pre_dawn,F,M2_empty_history,no_valid_row_change,,,,7,75.02,77,92,2026-07-17T09:53:47.432872+00:00,2026-07-17T09:45:37.220795+00:00,0,,,7,75.02,77,0,false,false,7,75.02,77,0,false,false,7,75.02,77,0,false,false,7,75.02,77,0,false,false
C,chicago,2026-07-18,20260718T015441279237-0400,2026-07-18T05:54:41.279237+00:00,00:54:40.979018,54,pre_dawn,F,M2_empty_history,no_valid_row_change,,,,7,80.96,82.04,91,2026-07-18T05:54:41.279237+00:00,2026-07-18T05:46:20.099016+00:00,0,,,7,80.96,82.04,0,false,false,7,80.96,82.04,0,false,false,7,80.96,82.04,0,false,false,7,80.96,82.04,0,false,false
C,chicago,2026-07-18,20260718T035331763487-0400,2026-07-18T07:53:31.763487+00:00,02:53:31.489679,173,pre_dawn,F,M2_empty_history,no_valid_row_change,,,,7,80.06,80.96,91,2026-07-18T07:53:31.763487+00:00,2026-07-18T07:45:00.482979+00:00,0,,,7,80.06,80.96,0,false,false,7,80.06,80.96,0,false,false,7,80.06,80.96,0,false,false,7,80.06,80.96,0,false,false
C,chicago,2026-07-18,20260718T045333863738-0400,2026-07-18T08:53:33.863738+00:00,03:53:33.612116,233,pre_dawn,F,M2_empty_history,no_valid_row_change,,,,7,78.98,80.06,91,2026-07-18T08:53:33.863738+00:00,2026-07-18T08:48:40.891699+00:00,0,,,7,78.98,80.06,0,false,false,7,78.98,80.06,0,false,false,7,78.98,80.06,0,false,false,7,78.98,80.06,0,false,false
C,chicago,2026-07-18,20260718T065332672769-0400,2026-07-18T10:53:32.672769+00:00,05:53:32.429300,353,pre_dawn,F,M2_empty_history,no_valid_row_change,,,,7,78.98,80.06,91,2026-07-18T10:53:32.672769+00:00,2026-07-18T10:47:05.803103+00:00,0,,,7,78.98,80.06,0,false,false,7,78.98,80.06,0,false,false,7,78.98,80.06,0,false,false,7,78.98,80.06,0,false,false
C,chicago,2026-07-18,20260718T080238088141-0400,2026-07-18T12:02:38.088141+00:00,07:02:37.877457,422,other,F,M2_empty_history,no_valid_row_change,,,,7,78.98,80.96,91,2026-07-18T12:02:38.088141+00:00,2026-07-18T12:01:40.010722+00:00,0,,,7,78.98,80.96,0,false,false,7,78.98,80.96,0,false,false,7,78.98,80.96,0,false,false,7,78.98,80.96,0,false,false
C,chicago,2026-07-18,20260718T150037683905-0400,2026-07-18T19:00:37.683905+00:00,14:00:36.466407,840,peak_heating_window,F,M5_cutoff_change,no_valid_row_change,,,,14,86,87.08,91,2026-07-18T19:00:37.683905+00:00,2026-07-18T18:54:56.548632+00:00,0,,,14,86,87.08,0,false,false,14,86,87.08,0,false,false,14,86,87.08,0,false,false,14,86,87.08,0,false,false
C,chicago,2026-07-19,20260719T015333892159-0400,2026-07-19T05:53:33.892159+00:00,00:53:33.291939,53,pre_dawn,F,M2_empty_history,no_valid_row_change,,,,7,69.98,71.06,79,2026-07-19T05:53:33.892159+00:00,2026-07-19T05:46:21.386529+00:00,0,,,7,69.98,71.06,0,false,false,7,69.98,71.06,0,false,false,7,69.98,71.06,0,false,false,7,69.98,71.06,0,false,false
C,chicago,2026-07-19,20260719T024935867245-0400,2026-07-19T06:49:35.867245+00:00,01:49:35.586928,109,pre_dawn,F,M2_empty_history,no_valid_row_change,,,,7,69.08,69.98,79,2026-07-19T06:49:35.867245+00:00,2026-07-19T06:40:58.202482+00:00,0,,,7,69.08,69.98,0,false,false,7,69.08,69.98,0,false,false,7,69.08,69.98,0,false,false,7,69.08,69.98,0,false,false
C,chicago,2026-07-19,20260719T053634832179-0400,2026-07-19T09:36:34.832179+00:00,04:36:34.600099,276,pre_dawn,F,M2_empty_history,no_valid_row_change,,,,7,69.08,69.98,79,2026-07-19T09:36:34.832179+00:00,2026-07-19T09:34:01.957110+00:00,0,,,7,69.08,69.98,0,false,false,7,69.08,69.98,0,false,false,7,69.08,69.98,0,false,false,7,69.08,69.98,0,false,false
C,chicago,2026-07-19,20260719T115651155229-0400,2026-07-19T15:56:51.155229+00:00,10:56:50.898745,656,other,F,M2_empty_history,no_valid_row_change,,,,10,75.02,75.92,79,2026-07-19T15:56:51.155229+00:00,2026-07-19T15:53:37.631994+00:00,0,,,10,75.02,75.92,0,false,false,10,75.02,75.92,0,false,false,10,75.02,75.92,0,false,false,10,75.02,75.92,0,false,false
C,chicago,2026-07-20,20260720T015338496158-0400,2026-07-20T05:53:38.496158+00:00,00:53:37.878138,53,pre_dawn,F,M2_empty_history,no_valid_row_change,,,,7,68,69.08,82,2026-07-20T05:53:38.496158+00:00,2026-07-20T05:46:21.165099+00:00,0,,,7,68,69.08,0,false,false,7,68,69.08,0,false,false,7,68,69.08,0,false,false,7,68,69.08,0,false,false
C,chicago,2026-07-20,20260720T025438363359-0400,2026-07-20T06:54:38.363359+00:00,01:54:38.151837,114,pre_dawn,F,M2_empty_history,no_valid_row_change,,,,7,66.92,68,82,2026-07-20T06:54:38.363359+00:00,2026-07-20T06:50:36.625885+00:00,0,,,7,66.92,68,0,false,false,7,66.92,68,0,false,false,7,66.92,68,0,false,false,7,66.92,68,0,false,false
C,chicago,2026-07-20,20260720T035342301799-0400,2026-07-20T07:53:42.301799+00:00,02:53:42.066640,173,pre_dawn,F,M2_empty_history,no_valid_row_change,,,,7,66.02,66.92,82,2026-07-20T07:53:42.301799+00:00,2026-07-20T07:45:26.174802+00:00,0,,,7,66.02,66.92,0,false,false,7,66.02,66.92,0,false,false,7,66.02,66.92,0,false,false,7,66.02,66.92,0,false,false
C,chicago,2026-07-20,20260720T045337499037-0400,2026-07-20T08:53:37.499037+00:00,03:53:37.279334,233,pre_dawn,F,M2_empty_history,no_valid_row_change,,,,7,64.94,66.02,82,2026-07-20T08:53:37.499037+00:00,2026-07-20T08:49:05.058198+00:00,0,,,7,64.94,66.02,0,false,false,7,64.94,66.02,0,false,false,7,64.94,66.02,0,false,false,7,64.94,66.02,0,false,false
C,chicago,2026-07-20,20260720T062942812031-0400,2026-07-20T10:29:42.812031+00:00,05:29:42.529943,329,pre_dawn,F,M2_empty_history,no_valid_row_change,,,,7,64.94,66.02,82,2026-07-20T10:29:42.812031+00:00,2026-07-20T10:29:06.985408+00:00,0,,,7,64.94,66.02,0,false,false,7,64.94,66.02,0,false,false,7,64.94,66.02,0,false,false,7,64.94,66.02,0,false,false
C,chicago,2026-07-20,20260720T105150093236-0400,2026-07-20T14:51:50.093236+00:00,09:51:49.838029,591,other,F,M2_empty_history,no_valid_row_change,,,,9,66.02,73.94,82,2026-07-20T14:51:50.093236+00:00,2026-07-20T14:44:45.177054+00:00,0,,,9,66.02,73.94,0,false,false,9,66.02,73.94,0,false,false,9,66.02,73.94,0,false,false,9,66.02,73.94,0,false,false
C,chicago,2026-07-20,20260720T165237767690-0400,2026-07-20T20:52:37.767690+00:00,15:52:37.465062,952,peak_heating_window,F,M2_empty_history,no_valid_row_change,,,,15,75.92,78.98,82,2026-07-20T20:52:37.767690+00:00,2026-07-20T20:49:17.252372+00:00,0,,,15,75.92,78.98,0,false,false,15,75.92,78.98,0,false,false,15,75.92,78.98,0,false,false,15,75.92,78.98,0,false,false
C,chicago,2026-07-21,20260721T045800830154-0400,2026-07-21T08:58:00.830154+00:00,03:57:59.819580,237,pre_dawn,F,M2_empty_history,no_valid_row_change,,,,7,75.92,77,86,2026-07-21T08:58:00.830154+00:00,2026-07-21T08:48:55.724155+00:00,0,,,7,75.92,77,0,false,false,7,75.92,77,0,false,false,7,75.92,77,0,false,false,7,75.92,77,0,false,false
C,chicago,2026-07-21,20260721T055239418349-0400,2026-07-21T09:52:39.418349+00:00,04:52:38.379961,292,pre_dawn,F,M2_empty_history,no_valid_row_change,,,,7,75.02,75.92,86,2026-07-21T09:52:39.418349+00:00,2026-07-21T09:43:33.885943+00:00,0,,,7,75.02,75.92,0,false,false,7,75.02,75.92,0,false,false,7,75.02,75.92,0,false,false,7,75.02,75.92,0,false,false
C,chicago,2026-07-21,20260721T065625855304-0400,2026-07-21T10:56:25.855304+00:00,05:56:24.808402,356,pre_dawn,F,M2_empty_history,no_valid_row_change,,,,7,73.94,75.02,86,2026-07-21T10:56:25.855304+00:00,2026-07-21T10:47:19.296363+00:00,0,,,7,73.94,75.02,0,false,false,7,73.94,75.02,0,false,false,7,73.94,75.02,0,false,false,7,73.94,75.02,0,false,false
C,chicago,2026-07-21,20260721T120043508343-0400,2026-07-21T16:00:43.508343+00:00,11:00:43.195962,660,other,F,M2_empty_history,no_valid_row_change,,,,11,78.08,82.04,86,2026-07-21T16:00:43.508343+00:00,2026-07-21T15:56:05.423856+00:00,0,,,11,78.08,82.04,0,false,false,11,78.08,82.04,0,false,false,11,78.08,82.04,0,false,false,11,78.08,82.04,0,false,false
C,chicago,2026-07-22,20260722T015525984282-0400,2026-07-22T05:55:25.984282+00:00,00:55:25.020624,55,pre_dawn,F,M2_empty_history,no_valid_row_change,,,,7,66.02,68,74,2026-07-22T05:55:25.984282+00:00,2026-07-22T05:46:18.965862+00:00,0,,,7,66.02,68,0,false,false,7,66.02,68,0,false,false,7,66.02,68,0,false,false,7,66.02,68,0,false,false
C,chicago,2026-07-22,20260722T050003451264-0400,2026-07-22T09:00:03.451264+00:00,04:00:02.235411,240,pre_dawn,F,M2_empty_history,no_valid_row_change,,,,7,64.04,66.02,74,2026-07-22T09:00:03.451264+00:00,2026-07-22T08:50:55.219824+00:00,0,,,7,64.04,66.02,0,false,false,7,64.04,66.02,0,false,false,7,64.04,66.02,0,false,false,7,64.04,66.02,0,false,false
C,chicago,2026-07-22,20260722T055425706605-0400,2026-07-22T09:54:25.706605+00:00,04:54:25.310952,294,pre_dawn,F,M2_empty_history,no_valid_row_change,,,,7,60.98,64.04,74,2026-07-22T09:54:25.706605+00:00,2026-07-22T09:45:36.271631+00:00,0,,,7,60.98,64.04,0,false,false,7,60.98,64.04,0,false,false,7,60.98,64.04,0,false,false,7,60.98,64.04,0,false,false
C,chicago,2026-07-22,20260722T065826320299-0400,2026-07-22T10:58:26.320299+00:00,05:58:25.294315,358,pre_dawn,F,M2_empty_history,no_valid_row_change,,,,7,60.08,60.98,74,2026-07-22T10:58:26.320299+00:00,2026-07-22T10:56:36.175250+00:00,0,,,7,60.08,60.98,0,false,false,7,60.08,60.98,0,false,false,7,60.08,60.98,0,false,false,7,60.08,60.98,0,false,false
C,chicago,2026-07-22,20260722T080220045078-0400,2026-07-22T12:02:20.045078+00:00,07:02:19.065844,422,other,F,M2_empty_history,no_valid_row_change,,,,7,60.98,66.02,74,2026-07-22T12:02:20.045078+00:00,2026-07-22T12:00:40.814349+00:00,0,,,7,60.98,66.02,0,false,false,7,60.98,66.02,0,false,false,7,60.98,66.02,0,false,false,7,60.98,66.02,0,false,false
C,chicago,2026-07-22,20260722T085707379041-0400,2026-07-22T12:57:07.379041+00:00,07:57:06.235184,477,other,F,M2_empty_history,no_valid_row_change,,,,7,60.98,64.04,74,2026-07-22T12:57:07.379041+00:00,2026-07-22T12:54:43.731573+00:00,0,,,7,60.98,64.04,0,false,false,7,60.98,64.04,0,false,false,7,60.98,64.04,0,false,false,7,60.98,64.04,0,false,false
C,chicago,2026-07-22,20260722T170049248419-0400,2026-07-22T21:00:49.248419+00:00,16:00:48.091089,960,peak_heating_window,F,M2_empty_history,no_valid_row_change,,,,16,71.96,73.94,74,2026-07-22T21:00:49.248419+00:00,2026-07-22T20:54:37.070424+00:00,0,,,16,71.96,73.94,0,false,false,16,71.96,73.94,0,false,false,16,71.96,73.94,0,false,false,16,71.96,73.94,0,false,false
C,chicago,2026-07-23,20260723T015505019935-0400,2026-07-23T05:55:05.019935+00:00,00:55:03.904758,55,pre_dawn,F,M2_empty_history,no_valid_row_change,,,,7,62.06,62.96,77,2026-07-23T05:55:05.019935+00:00,2026-07-23T05:45:58.543447+00:00,0,,,7,62.06,62.96,0,false,false,7,62.06,62.96,0,false,false,7,62.06,62.96,0,false,false,7,62.06,62.96,0,false,false
C,chicago,2026-07-23,20260723T025859599308-0400,2026-07-23T06:58:59.599308+00:00,01:58:58.634882,118,pre_dawn,F,M2_empty_history,no_valid_row_change,,,,7,60.98,62.06,77,2026-07-23T06:58:59.599308+00:00,2026-07-23T06:55:28.333939+00:00,0,,,7,60.98,62.06,0,false,false,7,60.98,62.06,0,false,false,7,60.98,62.06,0,false,false,7,60.98,62.06,0,false,false
C,chicago,2026-07-23,20260723T035323342099-0400,2026-07-23T07:53:23.342099+00:00,02:53:23.144825,173,pre_dawn,F,M2_empty_history,no_valid_row_change,,,,7,60.08,60.98,77,2026-07-23T07:53:23.342099+00:00,2026-07-23T07:44:34.583938+00:00,0,,,7,60.08,60.98,0,false,false,7,60.08,60.98,0,false,false,7,60.08,60.98,0,false,false,7,60.08,60.98,0,false,false
C,chicago,2026-07-23,20260723T045342991928-0400,2026-07-23T08:53:42.991928+00:00,03:53:42.789161,233,pre_dawn,F,M2_empty_history,no_valid_row_change,,,,7,59,60.08,77,2026-07-23T08:53:42.991928+00:00,2026-07-23T08:48:27.768982+00:00,0,,,7,59,60.08,0,false,false,7,59,60.08,0,false,false,7,59,60.08,0,false,false,7,59,60.08,0,false,false
C,chicago,2026-07-23,20260723T060134151828-0400,2026-07-23T10:01:34.151828+00:00,05:01:33.292761,301,pre_dawn,F,M2_empty_history,no_valid_row_change,,,,7,59,62.06,77,2026-07-23T10:01:34.151828+00:00,2026-07-23T10:01:25.168707+00:00,0,,,7,59,62.06,0,false,false,7,59,62.06,0,false,false,7,59,62.06,0,false,false,7,59,62.06,0,false,false
C,chicago,2026-07-23,20260723T095826266089-0400,2026-07-23T13:58:26.266089+00:00,08:58:25.245442,538,other,F,M2_empty_history,no_valid_row_change,,,,8,66.92,69.98,77,2026-07-23T13:58:26.266089+00:00,2026-07-23T13:56:25.248846+00:00,0,,,8,66.92,69.98,0,false,false,8,66.92,69.98,0,false,false,8,66.92,69.98,0,false,false,8,66.92,69.98,0,false,false
C,chicago,2026-07-23,20260723T105546779751-0400,2026-07-23T14:55:46.779751+00:00,09:55:46.540589,595,other,F,M2_empty_history,no_valid_row_change,,,,9,69.98,71.96,77,2026-07-23T14:55:46.779751+00:00,2026-07-23T14:54:28.329565+00:00,0,,,9,69.98,71.96,0,false,false,9,69.98,71.96,0,false,false,9,69.98,71.96,0,false,false,9,69.98,71.96,0,false,false
C,chicago,2026-07-24,20260724T015422242416-0400,2026-07-24T05:54:22.242416+00:00,00:54:21.950356,54,pre_dawn,F,M2_empty_history,no_valid_row_change,,,,7,66.92,68,78,2026-07-24T05:54:22.242416+00:00,2026-07-24T05:46:18.526214+00:00,0,,,7,66.92,68,0,false,false,7,66.92,68,0,false,false,7,66.92,68,0,false,false,7,66.92,68,0,false,false
C,chicago,2026-07-24,20260724T025526240672-0400,2026-07-24T06:55:26.240672+00:00,01:55:26.033024,115,pre_dawn,F,M2_empty_history,no_valid_row_change,,,,7,66.02,66.92,78,2026-07-24T06:55:26.240672+00:00,2026-07-24T06:50:05.729632+00:00,0,,,7,66.02,66.92,0,false,false,7,66.02,66.92,0,false,false,7,66.02,66.92,0,false,false,7,66.02,66.92,0,false,false
C,chicago,2026-07-24,20260724T065413689198-0400,2026-07-24T10:54:13.689198+00:00,05:54:13.417037,354,pre_dawn,F,M2_empty_history,no_valid_row_change,,,,7,64.04,66.02,78,2026-07-24T10:54:13.689198+00:00,2026-07-24T10:48:14.688811+00:00,0,,,7,64.04,66.02,0,false,false,7,64.04,66.02,0,false,false,7,64.04,66.02,0,false,false,7,64.04,66.02,0,false,false
C,chicago,2026-07-24,20260724T075922862389-0400,2026-07-24T11:59:22.862389+00:00,06:59:22.665734,419,pre_dawn,F,M2_empty_history,no_valid_row_change,,,,7,64.04,66.92,78,2026-07-24T11:59:22.862389+00:00,2026-07-24T11:54:14.069151+00:00,0,,,7,64.04,66.92,0,false,false,7,64.04,66.92,0,false,false,7,64.04,66.92,0,false,false,7,64.04,66.92,0,false,false
C,chicago,2026-07-24,20260724T093234299649-0400,2026-07-24T13:32:34.299649+00:00,08:32:33.373829,512,other,F,M2_empty_history,no_valid_row_change,,,,8,66.02,68,78,2026-07-24T13:32:34.299649+00:00,2026-07-24T13:23:20.852498+00:00,0,,,8,66.02,68,0,false,false,8,66.02,68,0,false,false,8,66.02,68,0,false,false,8,66.02,68,0,false,false
C,chicago,2026-07-24,20260724T100521646167-0400,2026-07-24T14:05:21.646167+00:00,09:05:21.421708,545,other,F,M2_empty_history,no_valid_row_change,,,,9,66.02,69.98,78,2026-07-24T14:05:21.646167+00:00,2026-07-24T13:59:49.365250+00:00,0,,,9,66.02,69.98,0,false,false,9,66.02,69.98,0,false,false,9,66.02,69.98,0,false,false,9,66.02,69.98,0,false,false
C,chicago,2026-07-24,20260724T150025246539-0400,2026-07-24T19:00:25.246539+00:00,14:00:24.199907,840,peak_heating_window,F,M2_empty_history,no_valid_row_change,,,,14,69.98,78.08,78,2026-07-24T19:00:25.246539+00:00,2026-07-24T18:53:21.354296+00:00,0,,,14,69.98,78.08,0,false,false,14,69.98,78.08,0,false,false,14,69.98,78.08,0,false,false,14,69.98,78.08,0,false,false
C,chicago,2026-07-25,20260725T025426458769-0400,2026-07-25T06:54:26.458769+00:00,01:54:26.076812,114,pre_dawn,F,M2_empty_history,no_valid_row_change,,,,7,66.92,68,80,2026-07-25T06:54:26.458769+00:00,2026-07-25T06:50:09.477092+00:00,0,,,7,66.92,68,0,false,false,7,66.92,68,0,false,false,7,66.92,68,0,false,false,7,66.92,68,0,false,false
C,chicago,2026-07-25,20260725T035355836672-0400,2026-07-25T07:53:55.836672+00:00,02:53:54.650485,173,pre_dawn,F,M2_empty_history,no_valid_row_change,,,,7,64.94,66.92,80,2026-07-25T07:53:55.836672+00:00,2026-07-25T07:44:50.182180+00:00,0,,,7,64.94,66.92,0,false,false,7,64.94,66.92,0,false,false,7,64.94,66.92,0,false,false,7,64.94,66.92,0,false,false
C,chicago,2026-07-25,20260725T050001994362-0400,2026-07-25T09:00:01.994362+00:00,04:00:01.016046,240,pre_dawn,F,M2_empty_history,no_valid_row_change,,,,7,62.96,64.94,80,2026-07-25T09:00:01.994362+00:00,2026-07-25T08:50:54.832242+00:00,0,,,7,62.96,64.94,0,false,false,7,62.96,64.94,0,false,false,7,62.96,64.94,0,false,false,7,62.96,64.94,0,false,false
C,chicago,2026-07-25,20260725T065426143857-0400,2026-07-25T10:54:26.143857+00:00,05:54:25.976597,354,pre_dawn,F,M2_empty_history,no_valid_row_change,,,,7,62.96,64.04,80,2026-07-25T10:54:26.143857+00:00,2026-07-25T10:49:11.782984+00:00,0,,,7,62.96,64.04,0,false,false,7,62.96,64.04,0,false,false,7,62.96,64.04,0,false,false,7,62.96,64.04,0,false,false
C,chicago,2026-07-25,20260725T100027590918-0400,2026-07-25T14:00:27.590918+00:00,09:00:26.631233,540,other,F,M2_empty_history,no_valid_row_change,,,,9,64.04,71.06,80,2026-07-25T14:00:27.590918+00:00,2026-07-25T13:53:39.732219+00:00,0,,,9,64.04,71.06,0,false,false,9,64.04,71.06,0,false,false,9,64.04,71.06,0,false,false,9,64.04,71.06,0,false,false
C,chicago,2026-07-25,20260725T210135715769-0400,2026-07-26T01:01:35.715769+00:00,20:01:35.463935,1201,other,F,M2_empty_history,no_valid_row_change,,,,20,78.08,80.06,80,2026-07-26T01:01:35.715769+00:00,2026-07-26T00:56:56.399523+00:00,0,,,20,78.08,80.06,0,false,false,20,78.08,80.06,0,false,false,20,78.08,80.06,0,false,false,20,78.08,80.06,0,false,false
C,chicago,2026-07-26,20260726T105831089305-0400,2026-07-26T14:58:31.089305+00:00,09:58:30.853164,598,other,F,M2_empty_history,no_valid_row_change,,,,9,78.98,80.96,91,2026-07-26T14:58:31.089305+00:00,2026-07-26T14:53:22.801538+00:00,0,,,9,78.98,80.96,0,false,false,9,78.98,80.96,0,false,false,9,78.98,80.96,0,false,false,9,78.98,80.96,0,false,false
C,chicago,2026-07-27,20260727T015506970882-0400,2026-07-27T05:55:06.970882+00:00,00:55:06.008639,55,pre_dawn,F,M2_empty_history,no_valid_row_change,,,,7,80.06,80.96,85,2026-07-27T05:55:06.970882+00:00,2026-07-27T05:46:01.179696+00:00,0,,,7,80.06,80.96,0,false,false,7,80.06,80.96,0,false,false,7,80.06,80.96,0,false,false,7,80.06,80.96,0,false,false
C,chicago,2026-07-27,20260727T025911726213-0400,2026-07-27T06:59:11.726213+00:00,01:59:10.752818,119,pre_dawn,F,M2_empty_history,no_valid_row_change,,,,7,78.98,80.06,85,2026-07-27T06:59:11.726213+00:00,2026-07-27T06:50:00.742886+00:00,0,,,7,78.98,80.06,0,false,false,7,78.98,80.06,0,false,false,7,78.98,80.06,0,false,false,7,78.98,80.06,0,false,false
C,chicago,2026-07-27,20260727T065617519446-0400,2026-07-27T10:56:17.519446+00:00,05:56:16.352263,356,pre_dawn,F,M2_empty_history,no_valid_row_change,,,,7,78.98,80.06,85,2026-07-27T10:56:17.519446+00:00,2026-07-27T10:47:11.589329+00:00,0,,,7,78.98,80.06,0,false,false,7,78.98,80.06,0,false,false,7,78.98,80.06,0,false,false,7,78.98,80.06,0,false,false
C,chicago,2026-07-28,20260728T015513688635-0400,2026-07-28T05:55:13.688635+00:00,00:55:12.548910,55,pre_dawn,F,M2_empty_history,no_valid_row_change,,,,7,73.94,75.02,79,2026-07-28T05:55:13.688635+00:00,2026-07-28T05:46:07.463516+00:00,0,,,7,73.94,75.02,0,false,false,7,73.94,75.02,0,false,false,7,73.94,75.02,0,false,false,7,73.94,75.02,0,false,false
C,chicago,2026-07-28,20260728T035410915503-0400,2026-07-28T07:54:10.915503+00:00,02:54:09.870381,174,pre_dawn,F,M2_empty_history,no_valid_row_change,,,,7,73.04,73.94,79,2026-07-28T07:54:10.915503+00:00,2026-07-28T07:45:04.539217+00:00,0,,,7,73.04,73.94,0,false,false,7,73.04,73.94,0,false,false,7,73.04,73.94,0,false,false,7,73.04,73.94,0,false,false
C,chicago,2026-07-28,20260728T045506367876-0400,2026-07-28T08:55:06.367876+00:00,03:55:06.077294,235,pre_dawn,F,M2_empty_history,no_valid_row_change,,,,7,71.06,73.04,79,2026-07-28T08:55:06.367876+00:00,2026-07-28T08:49:36.065854+00:00,0,,,7,71.06,73.04,0,false,false,7,71.06,73.04,0,false,false,7,71.06,73.04,0,false,false,7,71.06,73.04,0,false,false
C,chicago,2026-07-28,20260728T051329434583-0400,2026-07-28T09:13:29.434583+00:00,04:13:29.237398,253,pre_dawn,F,M2_empty_history,no_valid_row_change,,,,7,69.98,71.06,79,2026-07-28T09:13:29.434583+00:00,2026-07-28T09:07:54.930027+00:00,0,,,7,69.98,71.06,0,false,false,7,69.98,71.06,0,false,false,7,69.98,71.06,0,false,false,7,69.98,71.06,0,false,false
C,chicago,2026-07-28,20260728T055430886606-0400,2026-07-28T09:54:30.886606+00:00,04:54:30.679570,294,pre_dawn,F,M2_empty_history,no_valid_row_change,,,,7,69.08,69.98,79,2026-07-28T09:54:30.886606+00:00,2026-07-28T09:53:29.035091+00:00,0,,,7,69.08,69.98,0,false,false,7,69.08,69.98,0,false,false,7,69.08,69.98,0,false,false,7,69.08,69.98,0,false,false
C,chicago,2026-07-28,20260728T055926700225-0400,2026-07-28T09:59:26.700225+00:00,04:59:26.493964,299,pre_dawn,F,M2_empty_history,no_valid_row_change,,,,7,69.08,69.98,79,2026-07-28T09:59:26.700225+00:00,2026-07-28T09:58:35.372368+00:00,0,,,7,69.08,69.98,0,false,false,7,69.08,69.98,0,false,false,7,69.08,69.98,0,false,false,7,69.08,69.98,0,false,false
C,chicago,2026-07-28,20260728T070129180471-0400,2026-07-28T11:01:29.180471+00:00,06:01:29.024937,361,pre_dawn,F,M2_empty_history,no_valid_row_change,,,,7,69.08,73.94,79,2026-07-28T11:01:29.180471+00:00,2026-07-28T11:00:39.536618+00:00,0,,,7,69.08,73.94,0,false,false,7,69.08,73.94,0,false,false,7,69.08,73.94,0,false,false,7,69.08,73.94,0,false,false
C,chicago,2026-07-28,20260728T080100924804-0400,2026-07-28T12:01:00.924804+00:00,07:00:59.849878,420,other,F,M2_empty_history,no_valid_row_change,,,,7,69.08,73.04,79,2026-07-28T12:01:00.924804+00:00,2026-07-28T12:00:29.334702+00:00,0,,,7,69.08,73.04,0,false,false,7,69.08,73.04,0,false,false,7,69.08,73.04,0,false,false,7,69.08,73.04,0,false,false
C,chicago,2026-07-28,20260728T090448441479-0400,2026-07-28T13:04:48.441479+00:00,08:04:47.402662,484,other,F,M2_empty_history,no_valid_row_change,,,,8,69.08,71.06,79,2026-07-28T13:04:48.441479+00:00,2026-07-28T13:01:29.565711+00:00,0,,,8,69.08,71.06,0,false,false,8,69.08,71.06,0,false,false,8,69.08,71.06,0,false,false,8,69.08,71.06,0,false,false
C,chicago,2026-07-28,20260728T105731788449-0400,2026-07-28T14:57:31.788449+00:00,09:57:31.613780,597,other,F,M2_empty_history,no_valid_row_change,,,,9,69.08,71.06,79,2026-07-28T14:57:31.788449+00:00,2026-07-28T14:56:41.461341+00:00,0,,,9,69.08,71.06,0,false,false,9,69.08,71.06,0,false,false,9,69.08,71.06,0,false,false,9,69.08,71.06,0,false,false
C,chicago,2026-07-28,20260728T105950397238-0400,2026-07-28T14:59:50.397238+00:00,09:59:50.195999,599,other,F,M2_empty_history,no_valid_row_change,,,,9,69.08,71.06,79,2026-07-28T14:59:50.397238+00:00,2026-07-28T14:58:29.860733+00:00,0,,,9,69.08,71.06,0,false,false,9,69.08,71.06,0,false,false,9,69.08,71.06,0,false,false,9,69.08,71.06,0,false,false
C,chicago,2026-07-28,20260728T111628759912-0400,2026-07-28T15:16:28.759912+00:00,10:16:28.530761,616,other,F,M2_empty_history,no_valid_row_change,,,,10,71.06,71.96,79,2026-07-28T15:16:28.759912+00:00,2026-07-28T15:12:13.305466+00:00,0,,,10,71.06,71.96,0,false,false,10,71.06,71.96,0,false,false,10,71.06,71.96,0,false,false,10,71.06,71.96,0,false,false
C,chicago,2026-07-28,20260728T113932549217-0400,2026-07-28T15:39:32.549217+00:00,10:39:32.306962,639,other,F,M2_empty_history,no_valid_row_change,,,,10,69.08,71.96,79,2026-07-28T15:39:32.549217+00:00,2026-07-28T15:30:26.655372+00:00,0,,,10,69.08,71.96,0,false,false,10,69.08,71.96,0,false,false,10,69.08,71.96,0,false,false,10,69.08,71.96,0,false,false
C,chicago,2026-07-28,20260728T114037005963-0400,2026-07-28T15:40:37.005963+00:00,10:40:36.758167,640,other,F,M2_empty_history,no_valid_row_change,,,,10,71.06,71.96,79,2026-07-28T15:40:37.005963+00:00,2026-07-28T15:39:38.969958+00:00,0,,,10,71.06,71.96,0,false,false,10,71.06,71.96,0,false,false,10,71.06,71.96,0,false,false,10,71.06,71.96,0,false,false
C,chicago,2026-07-28,20260728T120030527049-0400,2026-07-28T16:00:30.527049+00:00,11:00:30.337368,660,other,F,M2_empty_history,no_valid_row_change,,,,11,69.08,73.04,79,2026-07-28T16:00:30.527049+00:00,2026-07-28T15:57:52.501402+00:00,0,,,11,69.08,73.04,0,false,false,11,69.08,73.04,0,false,false,11,69.08,73.04,0,false,false,11,69.08,73.04,0,false,false
C,chicago,2026-07-28,20260728T150011422048-0400,2026-07-28T19:00:11.422048+00:00,14:00:10.358822,840,peak_heating_window,F,M2_empty_history,no_valid_row_change,,,,14,75.02,78.98,79,2026-07-28T19:00:11.422048+00:00,2026-07-28T18:54:57.408705+00:00,0,,,14,75.02,78.98,0,false,false,14,75.02,78.98,0,false,false,14,75.02,78.98,0,false,false,14,75.02,78.98,0,false,false
C,chicago,2026-07-28,20260728T150530755549-0400,2026-07-28T19:05:30.755549+00:00,14:05:30.542888,845,peak_heating_window,F,M2_empty_history,no_valid_row_change,,,,14,75.02,78.98,79,2026-07-28T19:05:30.755549+00:00,2026-07-28T19:01:36.268614+00:00,0,,,14,75.02,78.98,0,false,false,14,75.02,78.98,0,false,false,14,75.02,78.98,0,false,false,14,75.02,78.98,0,false,false
C,chicago,2026-07-29,20260729T020415206372-0400,2026-07-29T06:04:15.206372+00:00,01:04:14.065423,64,pre_dawn,F,M2_empty_history,no_valid_row_change,,,,7,64.94,68,80,2026-07-29T06:04:15.206372+00:00,2026-07-29T05:55:08.088307+00:00,0,,,7,64.94,68,0,false,false,7,64.94,68,0,false,false,7,64.94,68,0,false,false,7,64.94,68,0,false,false
C,chicago,2026-07-29,20260729T040244372159-0400,2026-07-29T08:02:44.372159+00:00,03:02:43.259227,182,pre_dawn,F,M2_empty_history,no_valid_row_change,,,,7,64.04,64.94,80,2026-07-29T08:02:44.372159+00:00,2026-07-29T07:53:37.595712+00:00,0,,,7,64.04,64.94,0,false,false,7,64.04,64.94,0,false,false,7,64.04,64.94,0,false,false,7,64.04,64.94,0,false,false
C,chicago,2026-07-29,20260729T045443761941-0400,2026-07-29T08:54:43.761941+00:00,03:54:42.858295,234,pre_dawn,F,M2_empty_history,no_valid_row_change,,,,7,62.96,64.04,80,2026-07-29T08:54:43.761941+00:00,2026-07-29T08:48:30.071471+00:00,0,,,7,62.96,64.04,0,false,false,7,62.96,64.04,0,false,false,7,62.96,64.04,0,false,false,7,62.96,64.04,0,false,false
C,chicago,2026-07-29,20260729T062117913955-0400,2026-07-29T10:21:17.913955+00:00,05:21:17.705205,321,pre_dawn,F,M2_empty_history,no_valid_row_change,,,,7,62.96,64.94,80,2026-07-29T10:21:17.913955+00:00,2026-07-29T10:20:34.730159+00:00,0,,,7,62.96,64.94,0,false,false,7,62.96,64.94,0,false,false,7,62.96,64.94,0,false,false,7,62.96,64.94,0,false,false
C,chicago,2026-07-29,20260729T090132170974-0400,2026-07-29T13:01:32.170974+00:00,08:01:31.963598,481,other,F,M2_empty_history,no_valid_row_change,,,,8,62.96,64.04,80,2026-07-29T13:01:32.170974+00:00,2026-07-29T12:54:27.342943+00:00,0,,,8,62.96,64.04,0,false,false,8,62.96,64.04,0,false,false,8,62.96,64.04,0,false,false,8,62.96,64.04,0,false,false
C,chicago,2026-07-29,20260729T130007014513-0400,2026-07-29T17:00:07.014513+00:00,12:00:06.130072,720,settlement_window,F,M2_empty_history,no_valid_row_change,,,,12,75.02,75.92,80,2026-07-29T17:00:07.014513+00:00,2026-07-29T16:54:19.766556+00:00,0,,,12,75.02,75.92,0,false,false,12,75.02,75.92,0,false,false,12,75.02,75.92,0,false,false,12,75.02,75.92,0,false,false
C,chicago,2026-07-29,20260729T180631077504-0400,2026-07-29T22:06:31.077504+00:00,17:06:30.849257,1026,settlement_window,F,M2_empty_history,no_valid_row_change,,,,17,78.98,80.06,80,2026-07-29T22:06:31.077504+00:00,2026-07-29T22:01:02.210417+00:00,0,,,17,78.98,80.06,0,false,false,17,78.98,80.06,0,false,false,17,78.98,80.06,0,false,false,17,78.98,80.06,0,false,false
C,chicago,2026-07-30,20260730T015534944090-0400,2026-07-30T05:55:34.944090+00:00,00:55:33.849953,55,pre_dawn,F,M2_empty_history,no_valid_row_change,,,,7,66.02,69.08,86,2026-07-30T05:55:34.944090+00:00,2026-07-30T05:46:29.210286+00:00,0,,,7,66.02,69.08,0,false,false,7,66.02,69.08,0,false,false,7,66.02,69.08,0,false,false,7,66.02,69.08,0,false,false
C,chicago,2026-07-30,20260730T025945308405-0400,2026-07-30T06:59:45.308405+00:00,01:59:44.059903,119,pre_dawn,F,M2_empty_history,no_valid_row_change,,,,7,64.94,66.02,86,2026-07-30T06:59:45.308405+00:00,2026-07-30T06:50:31.230532+00:00,0,,,7,64.94,66.02,0,false,false,7,64.94,66.02,0,false,false,7,64.94,66.02,0,false,false,7,64.94,66.02,0,false,false
C,chicago,2026-07-30,20260730T035428473479-0400,2026-07-30T07:54:28.473479+00:00,02:54:27.365519,174,pre_dawn,F,M2_empty_history,no_valid_row_change,,,,7,64.04,64.94,86,2026-07-30T07:54:28.473479+00:00,2026-07-30T07:45:22.736078+00:00,0,,,7,64.04,64.94,0,false,false,7,64.04,64.94,0,false,false,7,64.04,64.94,0,false,false,7,64.04,64.94,0,false,false
C,chicago,2026-07-30,20260730T055329548484-0400,2026-07-30T09:53:29.548484+00:00,04:53:29.262644,293,pre_dawn,F,M2_empty_history,no_valid_row_change,,,,7,62.96,64.04,86,2026-07-30T09:53:29.548484+00:00,2026-07-30T09:46:34.625625+00:00,0,,,7,62.96,64.04,0,false,false,7,62.96,64.04,0,false,false,7,62.96,64.04,0,false,false,7,62.96,64.04,0,false,false
C,chicago,2026-07-30,20260730T060827173368-0400,2026-07-30T10:08:27.173368+00:00,05:08:26.968430,308,pre_dawn,F,M2_empty_history,no_valid_row_change,,,,7,62.96,66.02,86,2026-07-30T10:08:27.173368+00:00,2026-07-30T10:07:43.838981+00:00,0,,,7,62.96,66.02,0,false,false,7,62.96,66.02,0,false,false,7,62.96,66.02,0,false,false,7,62.96,66.02,0,false,false
C,dallas,2026-07-03,20260703T021418-0400,2026-07-03T06:14:18.961827+00:00,01:14:18.621309,74,pre_dawn,F,M2_empty_history,no_valid_row_change,,,,7,82.94,86,97,2026-07-03T06:14:18.961827+00:00,2026-07-03T05:57:17.743428+00:00,0,,,7,82.94,86,0,false,false,7,82.94,86,0,false,false,7,82.94,86,0,false,false,7,82.94,86,0,false,false
C,dallas,2026-07-03,20260703T035623-0400,2026-07-03T07:56:23.673328+00:00,02:56:23.080216,176,pre_dawn,F,M2_empty_history,no_valid_row_change,,,,7,82.04,82.94,97,2026-07-03T07:56:23.673328+00:00,2026-07-03T07:48:50.466487+00:00,0,,,7,82.04,82.94,0,false,false,7,82.04,82.94,0,false,false,7,82.04,82.94,0,false,false,7,82.04,82.94,0,false,false
C,dallas,2026-07-03,20260703T050128-0400,2026-07-03T09:01:28.377924+00:00,04:01:28.183238,241,pre_dawn,F,M2_empty_history,no_valid_row_change,,,,7,80.96,82.04,97,2026-07-03T09:01:28.377924+00:00,2026-07-03T08:56:15.998264+00:00,0,,,7,80.96,82.04,0,false,false,7,80.96,82.04,0,false,false,7,80.96,82.04,0,false,false,7,80.96,82.04,0,false,false
C,dallas,2026-07-03,20260703T065620-0400,2026-07-03T10:56:20.933080+00:00,05:56:20.733306,356,pre_dawn,F,M2_empty_history,no_valid_row_change,,,,7,80.06,80.96,97,2026-07-03T10:56:20.933080+00:00,2026-07-03T10:50:18.663133+00:00,0,,,7,80.06,80.96,0,false,false,7,80.06,80.96,0,false,false,7,80.06,80.96,0,false,false,7,80.06,80.96,0,false,false
C,dallas,2026-07-04,20260704T020330978464-0400,2026-07-04T06:03:30.978464+00:00,01:03:30.758898,63,pre_dawn,F,M2_empty_history,no_valid_row_change,,,,7,87.98,89.06,98,2026-07-04T06:03:30.978464+00:00,2026-07-04T05:55:56.221211+00:00,0,,,7,87.98,89.06,0,false,false,7,87.98,89.06,0,false,false,7,87.98,89.06,0,false,false,7,87.98,89.06,0,false,false
C,dallas,2026-07-04,20260704T025620225992-0400,2026-07-04T06:56:20.225992+00:00,01:56:20.048997,116,pre_dawn,F,M2_empty_history,no_valid_row_change,,,,7,86,87.98,98,2026-07-04T06:56:20.225992+00:00,2026-07-04T06:50:26.732355+00:00,0,,,7,86,87.98,0,false,false,7,86,87.98,0,false,false,7,86,87.98,0,false,false,7,86,87.98,0,false,false
C,dallas,2026-07-04,20260704T035621692911-0400,2026-07-04T07:56:21.692911+00:00,02:56:21.501408,176,pre_dawn,F,M2_empty_history,no_valid_row_change,,,,7,84.92,86,98,2026-07-04T07:56:21.692911+00:00,2026-07-04T07:54:03.705120+00:00,0,,,7,84.92,86,0,false,false,7,84.92,86,0,false,false,7,84.92,86,0,false,false,7,84.92,86,0,false,false
C,dallas,2026-07-04,20260704T055615582710-0400,2026-07-04T09:56:15.582710+00:00,04:56:15.362499,296,pre_dawn,F,M2_empty_history,no_valid_row_change,,,,7,82.94,84.92,98,2026-07-04T09:56:15.582710+00:00,2026-07-04T09:52:01.398467+00:00,0,,,7,82.94,84.92,0,false,false,7,82.94,84.92,0,false,false,7,82.94,84.92,0,false,false,7,82.94,84.92,0,false,false
C,dallas,2026-07-05,20260705T025553655779-0400,2026-07-05T06:55:53.655779+00:00,01:55:53.445782,115,pre_dawn,F,M2_empty_history,no_valid_row_change,,,,7,87.98,89.96,97,2026-07-05T06:55:53.655779+00:00,2026-07-05T06:51:03.566082+00:00,0,,,7,87.98,89.96,0,false,false,7,87.98,89.96,0,false,false,7,87.98,89.96,0,false,false,7,87.98,89.96,0,false,false
C,dallas,2026-07-05,20260705T035545475936-0400,2026-07-05T07:55:45.475936+00:00,02:55:45.327936,175,pre_dawn,F,M2_empty_history,no_valid_row_change,,,,7,80.96,87.98,97,2026-07-05T07:55:45.475936+00:00,2026-07-05T07:54:57.906888+00:00,0,,,7,80.96,87.98,0,false,false,7,80.96,87.98,0,false,false,7,80.96,87.98,0,false,false,7,80.96,87.98,0,false,false
C,dallas,2026-07-05,20260705T045551698759-0400,2026-07-05T08:55:51.698759+00:00,03:55:51.558758,235,pre_dawn,F,M2_empty_history,no_valid_row_change,,,,7,78.98,80.96,97,2026-07-05T08:55:51.698759+00:00,2026-07-05T08:49:18.052902+00:00,0,,,7,78.98,80.96,0,false,false,7,78.98,80.96,0,false,false,7,78.98,80.96,0,false,false,7,78.98,80.96,0,false,false
C,dallas,2026-07-05,20260705T055548064941-0400,2026-07-05T09:55:48.064941+00:00,04:55:47.911456,295,pre_dawn,F,M2_empty_history,no_valid_row_change,,,,7,78.08,78.98,97,2026-07-05T09:55:48.064941+00:00,2026-07-05T09:52:44.834630+00:00,0,,,7,78.08,78.98,0,false,false,7,78.08,78.98,0,false,false,7,78.08,78.98,0,false,false,7,78.08,78.98,0,false,false
C,dallas,2026-07-07,20260707T015559520352-0400,2026-07-07T05:55:59.520352+00:00,00:55:59.185259,55,pre_dawn,F,M2_empty_history,no_valid_row_change,,,,7,89.96,91.04,101,2026-07-07T05:55:59.520352+00:00,2026-07-07T05:49:08.428339+00:00,0,,,7,89.96,91.04,0,false,false,7,89.96,91.04,0,false,false,7,89.96,91.04,0,false,false,7,89.96,91.04,0,false,false
C,dallas,2026-07-07,20260707T031006188262-0400,2026-07-07T07:10:06.188262+00:00,02:10:05.994414,130,pre_dawn,F,M2_empty_history,no_valid_row_change,,,,7,87.98,89.96,101,2026-07-07T07:10:06.188262+00:00,2026-07-07T07:08:14.094549+00:00,0,,,7,87.98,89.96,0,false,false,7,87.98,89.96,0,false,false,7,87.98,89.96,0,false,false,7,87.98,89.96,0,false,false
C,dallas,2026-07-07,20260707T035609612251-0400,2026-07-07T07:56:09.612251+00:00,02:56:09.405029,176,pre_dawn,F,M2_empty_history,no_valid_row_change,,,,7,86,87.98,101,2026-07-07T07:56:09.612251+00:00,2026-07-07T07:53:41.675575+00:00,0,,,7,86,87.98,0,false,false,7,86,87.98,0,false,false,7,86,87.98,0,false,false,7,86,87.98,0,false,false
C,dallas,2026-07-07,20260707T045630213040-0400,2026-07-07T08:56:30.213040+00:00,03:56:29.902982,236,pre_dawn,F,M2_empty_history,no_valid_row_change,,,,7,84.92,86,101,2026-07-07T08:56:30.213040+00:00,2026-07-07T08:48:04.352622+00:00,0,,,7,84.92,86,0,false,false,7,84.92,86,0,false,false,7,84.92,86,0,false,false,7,84.92,86,0,false,false
C,dallas,2026-07-07,20260707T055733775993-0400,2026-07-07T09:57:33.775993+00:00,04:57:33.526528,297,pre_dawn,F,M2_empty_history,no_valid_row_change,,,,7,82.94,84.92,101,2026-07-07T09:57:33.775993+00:00,2026-07-07T09:51:28.285398+00:00,0,,,7,82.94,84.92,0,false,false,7,82.94,84.92,0,false,false,7,82.94,84.92,0,false,false,7,82.94,84.92,0,false,false
C,dallas,2026-07-07,20260707T065538205585-0400,2026-07-07T10:55:38.205585+00:00,05:55:37.961363,355,pre_dawn,F,M2_empty_history,no_valid_row_change,,,,7,82.04,82.94,101,2026-07-07T10:55:38.205585+00:00,2026-07-07T10:55:04.128963+00:00,0,,,7,82.04,82.94,0,false,false,7,82.04,82.94,0,false,false,7,82.04,82.94,0,false,false,7,82.04,82.94,0,false,false
C,dallas,2026-07-07,20260707T095148175683-0400,2026-07-07T13:51:48.175683+00:00,08:51:45.619765,531,other,F,M2_empty_history,no_valid_row_change,,,,8,82.04,82.94,101,2026-07-07T13:51:48.175683+00:00,2026-07-07T13:47:44.830108+00:00,0,,,8,82.04,82.94,0,false,false,8,82.04,82.94,0,false,false,8,82.04,82.94,0,false,false,8,82.04,82.94,0,false,false
C,dallas,2026-07-08,20260708T015554175323-0400,2026-07-08T05:55:54.175323+00:00,00:55:54.032323,55,pre_dawn,F,M2_empty_history,no_valid_row_change,,,,7,82.94,84.02,101,2026-07-08T05:55:54.175323+00:00,2026-07-08T05:55:18.116661+00:00,0,,,7,82.94,84.02,0,false,false,7,82.94,84.02,0,false,false,7,82.94,84.02,0,false,false,7,82.94,84.02,0,false,false
C,dallas,2026-07-08,20260708T025653184224-0400,2026-07-08T06:56:53.184224+00:00,01:56:52.999812,116,pre_dawn,F,M2_empty_history,no_valid_row_change,,,,7,82.04,82.94,101,2026-07-08T06:56:53.184224+00:00,2026-07-08T06:50:06.619062+00:00,0,,,7,82.04,82.94,0,false,false,7,82.04,82.94,0,false,false,7,82.04,82.94,0,false,false,7,82.04,82.94,0,false,false
C,dallas,2026-07-08,20260708T045551336386-0400,2026-07-08T08:55:51.336386+00:00,03:55:51.132053,235,pre_dawn,F,M2_empty_history,no_valid_row_change,,,,7,82.04,82.94,101,2026-07-08T08:55:51.336386+00:00,2026-07-08T08:48:09.310580+00:00,0,,,7,82.04,82.94,0,false,false,7,82.04,82.94,0,false,false,7,82.04,82.94,0,false,false,7,82.04,82.94,0,false,false
C,dallas,2026-07-08,20260708T065614875640-0400,2026-07-08T10:56:14.875640+00:00,05:56:14.685719,356,pre_dawn,F,M2_empty_history,no_valid_row_change,,,,7,82.04,82.94,101,2026-07-08T10:56:14.875640+00:00,2026-07-08T10:55:14.185589+00:00,0,,,7,82.04,82.94,0,false,false,7,82.04,82.94,0,false,false,7,82.04,82.94,0,false,false,7,82.04,82.94,0,false,false
C,dallas,2026-07-08,20260708T075606971359-0400,2026-07-08T11:56:06.971359+00:00,06:56:06.687774,416,pre_dawn,F,M2_empty_history,no_valid_row_change,,,,7,80.96,82.04,101,2026-07-08T11:56:06.971359+00:00,2026-07-08T11:49:48.915596+00:00,0,,,7,80.96,82.04,0,false,false,7,80.96,82.04,0,false,false,7,80.96,82.04,0,false,false,7,80.96,82.04,0,false,false
C,dallas,2026-07-09,20260709T015646367388-0400,2026-07-09T05:56:46.367388+00:00,00:56:46.160340,56,pre_dawn,F,M2_empty_history,no_valid_row_change,,,,7,89.06,89.96,101,2026-07-09T05:56:46.367388+00:00,2026-07-09T05:48:25.743736+00:00,0,,,7,89.06,89.96,0,false,false,7,89.06,89.96,0,false,false,7,89.06,89.96,0,false,false,7,89.06,89.96,0,false,false
C,dallas,2026-07-09,20260709T025540118603-0400,2026-07-09T06:55:40.118603+00:00,01:55:39.296533,115,pre_dawn,F,M2_empty_history,no_valid_row_change,,,,7,87.08,89.06,101,2026-07-09T06:55:40.118603+00:00,2026-07-09T06:52:02.453884+00:00,0,,,7,87.08,89.06,0,false,false,7,87.08,89.06,0,false,false,7,87.08,89.06,0,false,false,7,87.08,89.06,0,false,false
C,dallas,2026-07-09,20260709T035547963677-0400,2026-07-09T07:55:47.963677+00:00,02:55:47.789719,175,pre_dawn,F,M2_empty_history,no_valid_row_change,,,,7,86,87.08,101,2026-07-09T07:55:47.963677+00:00,2026-07-09T07:47:04.241169+00:00,0,,,7,86,87.08,0,false,false,7,86,87.08,0,false,false,7,86,87.08,0,false,false,7,86,87.08,0,false,false
C,dallas,2026-07-09,20260709T055642265082-0400,2026-07-09T09:56:42.265082+00:00,04:56:42.070667,296,pre_dawn,F,M2_empty_history,no_valid_row_change,,,,7,84.92,86,101,2026-07-09T09:56:42.265082+00:00,2026-07-09T09:53:57.845811+00:00,0,,,7,84.92,86,0,false,false,7,84.92,86,0,false,false,7,84.92,86,0,false,false,7,84.92,86,0,false,false
C,dallas,2026-07-09,20260709T075549581702-0400,2026-07-09T11:55:49.581702+00:00,06:55:49.386433,415,pre_dawn,F,M2_empty_history,no_valid_row_change,,,,7,84.02,84.92,101,2026-07-09T11:55:49.581702+00:00,2026-07-09T11:52:05.266187+00:00,0,,,7,84.02,84.92,0,false,false,7,84.02,84.92,0,false,false,7,84.02,84.92,0,false,false,7,84.02,84.92,0,false,false
C,dallas,2026-07-10,20260710T015540558860-0400,2026-07-10T05:55:40.558860+00:00,00:55:38.996294,55,pre_dawn,F,M2_empty_history,no_valid_row_change,,,,7,89.06,91.04,98,2026-07-10T05:55:40.558860+00:00,2026-07-10T05:45:49.001622+00:00,0,,,7,89.06,91.04,0,false,false,7,89.06,91.04,0,false,false,7,89.06,91.04,0,false,false,7,89.06,91.04,0,false,false
C,dallas,2026-07-10,20260710T025737917501-0400,2026-07-10T06:57:37.917501+00:00,01:57:36.055964,117,pre_dawn,F,M2_empty_history,no_valid_row_change,,,,7,87.08,89.06,98,2026-07-10T06:57:37.917501+00:00,2026-07-10T06:50:32.942502+00:00,0,,,7,87.08,89.06,0,false,false,7,87.08,89.06,0,false,false,7,87.08,89.06,0,false,false,7,87.08,89.06,0,false,false
C,dallas,2026-07-10,20260710T035941435236-0400,2026-07-10T07:59:41.435236+00:00,02:59:39.572439,179,pre_dawn,F,M2_empty_history,no_valid_row_change,,,,7,84.92,87.08,98,2026-07-10T07:59:41.435236+00:00,2026-07-10T07:51:11.025668+00:00,0,,,7,84.92,87.08,0,false,false,7,84.92,87.08,0,false,false,7,84.92,87.08,0,false,false,7,84.92,87.08,0,false,false
C,dallas,2026-07-10,20260710T055653338061-0400,2026-07-10T09:56:53.338061+00:00,04:56:52.777844,296,pre_dawn,F,M2_empty_history,no_valid_row_change,,,,7,84.02,84.92,98,2026-07-10T09:56:53.338061+00:00,2026-07-10T09:48:38.789234+00:00,0,,,7,84.02,84.92,0,false,false,7,84.02,84.92,0,false,false,7,84.02,84.92,0,false,false,7,84.02,84.92,0,false,false
C,dallas,2026-07-10,20260710T075649500001-0400,2026-07-10T11:56:49.500001+00:00,06:56:49.295331,416,pre_dawn,F,M2_empty_history,no_valid_row_change,,,,7,82.04,84.02,98,2026-07-10T11:56:49.500001+00:00,2026-07-10T11:55:38.444136+00:00,0,,,7,82.04,84.02,0,false,false,7,82.04,84.02,0,false,false,7,82.04,84.02,0,false,false,7,82.04,84.02,0,false,false
C,dallas,2026-07-10,20260710T113218353884-0400,2026-07-10T15:32:18.353884+00:00,10:32:17.795457,632,other,F,M2_empty_history,no_valid_row_change,,,,10,84.92,87.98,98,2026-07-10T15:32:18.353884+00:00,2026-07-10T15:23:12.691947+00:00,0,,,10,84.92,87.98,0,false,false,10,84.92,87.98,0,false,false,10,84.92,87.98,0,false,false,10,84.92,87.98,0,false,false
C,dallas,2026-07-10,20260710T130019679916-0400,2026-07-10T17:00:19.679916+00:00,12:00:14.965515,720,settlement_window,F,M2_empty_history,no_valid_row_change,,,,12,91.04,93.02,98,2026-07-10T17:00:19.679916+00:00,2026-07-10T17:00:12.727455+00:00,0,,,12,91.04,93.02,0,false,false,12,91.04,93.02,0,false,false,12,91.04,93.02,0,false,false,12,91.04,93.02,0,false,false
C,dallas,2026-07-11,20260711T015640652674-0400,2026-07-11T05:56:40.652674+00:00,00:56:40.421677,56,pre_dawn,F,M2_empty_history,no_valid_row_change,,,,7,86,87.98,98,2026-07-11T05:56:40.652674+00:00,2026-07-11T05:55:08.166347+00:00,0,,,7,86,87.98,0,false,false,7,86,87.98,0,false,false,7,86,87.98,0,false,false,7,86,87.98,0,false,false
C,dallas,2026-07-11,20260711T031917898521-0400,2026-07-11T07:19:17.898521+00:00,02:19:15.997810,139,pre_dawn,F,M2_empty_history,no_valid_row_change,,,,7,84.92,86,98,2026-07-11T07:19:17.898521+00:00,2026-07-11T06:31:48.742243+00:00,0,,,7,84.92,86,0,false,false,7,84.92,86,0,false,false,7,84.92,86,0,false,false,7,84.92,86,0,false,false
C,dallas,2026-07-11,20260711T035550838344-0400,2026-07-11T07:55:50.838344+00:00,02:55:50.682949,175,pre_dawn,F,M2_empty_history,no_valid_row_change,,,,7,84.02,84.92,98,2026-07-11T07:55:50.838344+00:00,2026-07-11T07:46:42.746978+00:00,0,,,7,84.02,84.92,0,false,false,7,84.02,84.92,0,false,false,7,84.02,84.92,0,false,false,7,84.02,84.92,0,false,false
C,dallas,2026-07-11,20260711T045618779049-0400,2026-07-11T08:56:18.779049+00:00,03:56:15.979196,236,pre_dawn,F,M2_empty_history,no_valid_row_change,,,,7,82.94,84.02,98,2026-07-11T08:56:18.779049+00:00,2026-07-11T08:40:36.093880+00:00,0,,,7,82.94,84.02,0,false,false,7,82.94,84.02,0,false,false,7,82.94,84.02,0,false,false,7,82.94,84.02,0,false,false
C,dallas,2026-07-11,20260711T055612598490-0400,2026-07-11T09:56:12.598490+00:00,04:56:12.408490,296,pre_dawn,F,M2_empty_history,no_valid_row_change,,,,7,82.04,82.94,98,2026-07-11T09:56:12.598490+00:00,2026-07-11T09:55:12.591867+00:00,0,,,7,82.04,82.94,0,false,false,7,82.04,82.94,0,false,false,7,82.04,82.94,0,false,false,7,82.04,82.94,0,false,false
C,dallas,2026-07-11,20260711T065615650796-0400,2026-07-11T10:56:15.650796+00:00,05:56:15.483505,356,pre_dawn,F,M2_empty_history,no_valid_row_change,,,,7,80.96,82.04,98,2026-07-11T10:56:15.650796+00:00,2026-07-11T10:49:34.665377+00:00,0,,,7,80.96,82.04,0,false,false,7,80.96,82.04,0,false,false,7,80.96,82.04,0,false,false,7,80.96,82.04,0,false,false
C,dallas,2026-07-14,20260714T015625649584-0400,2026-07-14T05:56:25.649584+00:00,00:56:25.288414,56,pre_dawn,F,M2_empty_history,no_valid_row_change,,,,7,80.06,80.96,91,2026-07-14T05:56:25.649584+00:00,2026-07-14T05:48:29.185473+00:00,0,,,7,80.06,80.96,0,false,false,7,80.06,80.96,0,false,false,7,80.06,80.96,0,false,false,7,80.06,80.96,0,false,false
C,dallas,2026-07-14,20260714T025628726704-0400,2026-07-14T06:56:28.726704+00:00,01:56:28.539748,116,pre_dawn,F,M2_empty_history,no_valid_row_change,,,,7,78.98,80.06,91,2026-07-14T06:56:28.726704+00:00,2026-07-14T06:53:39.723887+00:00,0,,,7,78.98,80.06,0,false,false,7,78.98,80.06,0,false,false,7,78.98,80.06,0,false,false,7,78.98,80.06,0,false,false
C,dallas,2026-07-14,20260714T055639435535-0400,2026-07-14T09:56:39.435535+00:00,04:56:39.165225,296,pre_dawn,F,M2_empty_history,no_valid_row_change,,,,7,78.08,78.98,91,2026-07-14T09:56:39.435535+00:00,2026-07-14T09:55:30.825802+00:00,0,,,7,78.08,78.98,0,false,false,7,78.08,78.98,0,false,false,7,78.08,78.98,0,false,false,7,78.08,78.98,0,false,false
C,dallas,2026-07-14,20260714T075729748034-0400,2026-07-14T11:57:29.748034+00:00,06:57:29.555651,417,pre_dawn,F,M2_empty_history,no_valid_row_change,,,,7,77,78.08,91,2026-07-14T11:57:29.748034+00:00,2026-07-14T11:53:45.532457+00:00,0,,,7,77,78.08,0,false,false,7,77,78.08,0,false,false,7,77,78.08,0,false,false,7,77,78.08,0,false,false
C,dallas,2026-07-15,20260715T021635365091-0400,2026-07-15T06:16:35.365091+00:00,01:16:34.106535,76,pre_dawn,F,M2_empty_history,no_valid_row_change,,,,7,78.8,78.98,91,2026-07-15T06:16:35.365091+00:00,2026-07-15T06:07:17.452567+00:00,0,,,7,78.8,78.98,0,false,false,7,78.8,78.98,0,false,false,7,78.8,78.98,0,false,false,7,78.8,78.98,0,false,false
C,dallas,2026-07-15,20260715T035332854631-0400,2026-07-15T07:53:32.854631+00:00,02:53:32.529408,173,pre_dawn,F,M2_empty_history,no_valid_row_change,,,,7,77,78.8,91,2026-07-15T07:53:32.854631+00:00,2026-07-15T07:48:39.674917+00:00,0,,,7,77,78.8,0,false,false,7,77,78.8,0,false,false,7,77,78.8,0,false,false,7,77,78.8,0,false,false
C,dallas,2026-07-15,20260715T140350765797-0400,2026-07-15T18:03:50.765797+00:00,13:03:50.575147,783,settlement_window,F,M2_empty_history,no_valid_row_change,,,,13,87.08,89.96,91,2026-07-15T18:03:50.765797+00:00,2026-07-15T17:59:07.090468+00:00,0,,,13,87.08,89.96,0,false,false,13,87.08,89.96,0,false,false,13,87.08,89.96,0,false,false,13,87.08,89.96,0,false,false
C,dallas,2026-07-16,20260716T025542287294-0400,2026-07-16T06:55:42.287294+00:00,01:55:42.022810,115,pre_dawn,F,M2_empty_history,no_valid_row_change,,,,7,78.08,78.98,89,2026-07-16T06:55:42.287294+00:00,2026-07-16T06:50:23.464880+00:00,0,,,7,78.08,78.98,0,false,false,7,78.08,78.98,0,false,false,7,78.08,78.98,0,false,false,7,78.08,78.98,0,false,false
C,dallas,2026-07-16,20260716T055649821139-0400,2026-07-16T09:56:49.821139+00:00,04:56:49.667316,296,pre_dawn,F,M2_empty_history,no_valid_row_change,,,,7,77,78.08,89,2026-07-16T09:56:49.821139+00:00,2026-07-16T09:52:20.408162+00:00,0,,,7,77,78.08,0,false,false,7,77,78.08,0,false,false,7,77,78.08,0,false,false,7,77,78.08,0,false,false
C,dallas,2026-07-17,20260717T055555172276-0400,2026-07-17T09:55:55.172276+00:00,04:55:54.775033,295,pre_dawn,F,M2_empty_history,no_valid_row_change,,,,7,78.08,78.98,94,2026-07-17T09:55:55.172276+00:00,2026-07-17T09:54:56.589641+00:00,0,,,7,78.08,78.98,0,false,false,7,78.08,78.98,0,false,false,7,78.08,78.98,0,false,false,7,78.08,78.98,0,false,false
C,dallas,2026-07-17,20260717T150240914560-0400,2026-07-17T19:02:40.914560+00:00,14:02:40.775881,842,peak_heating_window,F,M2_empty_history,no_valid_row_change,,,,14,89.06,91.94,94,2026-07-17T19:02:40.914560+00:00,2026-07-17T18:58:48.303133+00:00,0,,,14,89.06,91.94,0,false,false,14,89.06,91.94,0,false,false,14,89.06,91.94,0,false,false,14,89.06,91.94,0,false,false
C,dallas,2026-07-18,20260718T015638958096-0400,2026-07-18T05:56:38.958096+00:00,00:56:38.689489,56,pre_dawn,F,M2_empty_history,no_valid_row_change,,,,7,84.92,86,97,2026-07-18T05:56:38.958096+00:00,2026-07-18T05:55:17.386304+00:00,0,,,7,84.92,86,0,false,false,7,84.92,86,0,false,false,7,84.92,86,0,false,false,7,84.92,86,0,false,false
C,dallas,2026-07-18,20260718T035633075050-0400,2026-07-18T07:56:33.075050+00:00,02:56:32.886154,176,pre_dawn,F,M2_empty_history,no_valid_row_change,,,,7,82.94,84.92,97,2026-07-18T07:56:33.075050+00:00,2026-07-18T07:53:42.804346+00:00,0,,,7,82.94,84.92,0,false,false,7,82.94,84.92,0,false,false,7,82.94,84.92,0,false,false,7,82.94,84.92,0,false,false
C,dallas,2026-07-18,20260718T045635433280-0400,2026-07-18T08:56:35.433280+00:00,03:56:35.284628,236,pre_dawn,F,M2_empty_history,no_valid_row_change,,,,7,82.04,82.94,97,2026-07-18T08:56:35.433280+00:00,2026-07-18T08:48:19.339776+00:00,0,,,7,82.04,82.94,0,false,false,7,82.04,82.94,0,false,false,7,82.04,82.94,0,false,false,7,82.04,82.94,0,false,false
C,dallas,2026-07-18,20260718T055548437909-0400,2026-07-18T09:55:48.437909+00:00,04:55:48.279900,295,pre_dawn,F,M2_empty_history,no_valid_row_change,,,,7,80.96,82.04,97,2026-07-18T09:55:48.437909+00:00,2026-07-18T09:52:06.803275+00:00,0,,,7,80.96,82.04,0,false,false,7,80.96,82.04,0,false,false,7,80.96,82.04,0,false,false,7,80.96,82.04,0,false,false
C,dallas,2026-07-18,20260718T065549771296-0400,2026-07-18T10:55:49.771296+00:00,05:55:49.586039,355,pre_dawn,F,M2_empty_history,no_valid_row_change,,,,7,80.06,80.96,97,2026-07-18T10:55:49.771296+00:00,2026-07-18T10:46:47.021655+00:00,0,,,7,80.06,80.96,0,false,false,7,80.06,80.96,0,false,false,7,80.06,80.96,0,false,false,7,80.06,80.96,0,false,false
C,dallas,2026-07-19,20260719T015535952577-0400,2026-07-19T05:55:35.952577+00:00,00:55:34.986310,55,pre_dawn,F,M2_empty_history,no_valid_row_change,,,,7,86,87.08,98,2026-07-19T05:55:35.952577+00:00,2026-07-19T05:46:30.638916+00:00,0,,,7,86,87.08,0,false,false,7,86,87.08,0,false,false,7,86,87.08,0,false,false,7,86,87.08,0,false,false
C,dallas,2026-07-19,20260719T035543407851-0400,2026-07-19T07:55:43.407851+00:00,02:55:43.227957,175,pre_dawn,F,M2_empty_history,no_valid_row_change,,,,7,84.92,86,98,2026-07-19T07:55:43.407851+00:00,2026-07-19T07:53:57.655917+00:00,0,,,7,84.92,86,0,false,false,7,84.92,86,0,false,false,7,84.92,86,0,false,false,7,84.92,86,0,false,false
C,dallas,2026-07-19,20260719T045536970592-0400,2026-07-19T08:55:36.970592+00:00,03:55:36.812764,235,pre_dawn,F,M2_empty_history,no_valid_row_change,,,,7,84.02,84.92,98,2026-07-19T08:55:36.970592+00:00,2026-07-19T08:48:38.612004+00:00,0,,,7,84.02,84.92,0,false,false,7,84.02,84.92,0,false,false,7,84.02,84.92,0,false,false,7,84.02,84.92,0,false,false
C,dallas,2026-07-19,20260719T055538899918-0400,2026-07-19T09:55:38.899918+00:00,04:55:38.708503,295,pre_dawn,F,M2_empty_history,no_valid_row_change,,,,7,82.94,84.02,98,2026-07-19T09:55:38.899918+00:00,2026-07-19T09:52:22.710421+00:00,0,,,7,82.94,84.02,0,false,false,7,82.94,84.02,0,false,false,7,82.94,84.02,0,false,false,7,82.94,84.02,0,false,false
C,dallas,2026-07-19,20260719T065600999912-0400,2026-07-19T10:56:00.999912+00:00,05:56:00.121521,356,pre_dawn,F,M2_empty_history,no_valid_row_change,,,,7,82.04,82.94,98,2026-07-19T10:56:00.999912+00:00,2026-07-19T10:46:55.696235+00:00,0,,,7,82.04,82.94,0,false,false,7,82.04,82.94,0,false,false,7,82.04,82.94,0,false,false,7,82.04,82.94,0,false,false
C,dallas,2026-07-20,20260720T015641462658-0400,2026-07-20T05:56:41.462658+00:00,00:56:41.178517,56,pre_dawn,F,M2_empty_history,no_valid_row_change,,,,7,89.06,91.04,102,2026-07-20T05:56:41.462658+00:00,2026-07-20T05:55:37.529057+00:00,0,,,7,89.06,91.04,0,false,false,7,89.06,91.04,0,false,false,7,89.06,91.04,0,false,false,7,89.06,91.04,0,false,false
C,dallas,2026-07-20,20260720T025554275495-0400,2026-07-20T06:55:54.275495+00:00,01:55:54.105874,115,pre_dawn,F,M2_empty_history,no_valid_row_change,,,,7,87.98,89.06,102,2026-07-20T06:55:54.275495+00:00,2026-07-20T06:50:46.351027+00:00,0,,,7,87.98,89.06,0,false,false,7,87.98,89.06,0,false,false,7,87.98,89.06,0,false,false,7,87.98,89.06,0,false,false
C,dallas,2026-07-20,20260720T035541275564-0400,2026-07-20T07:55:41.275564+00:00,02:55:41.061895,175,pre_dawn,F,M2_empty_history,no_valid_row_change,,,,7,87.08,87.98,102,2026-07-20T07:55:41.275564+00:00,2026-07-20T07:54:40.520249+00:00,0,,,7,87.08,87.98,0,false,false,7,87.08,87.98,0,false,false,7,87.08,87.98,0,false,false,7,87.08,87.98,0,false,false
C,dallas,2026-07-20,20260720T045540581465-0400,2026-07-20T08:55:40.581465+00:00,03:55:40.439715,235,pre_dawn,F,M2_empty_history,no_valid_row_change,,,,7,86,87.08,102,2026-07-20T08:55:40.581465+00:00,2026-07-20T08:49:14.022716+00:00,0,,,7,86,87.08,0,false,false,7,86,87.08,0,false,false,7,86,87.08,0,false,false,7,86,87.08,0,false,false
C,dallas,2026-07-20,20260720T055648480686-0400,2026-07-20T09:56:48.480686+00:00,04:56:48.305416,296,pre_dawn,F,M2_empty_history,no_valid_row_change,,,,7,84.92,86,102,2026-07-20T09:56:48.480686+00:00,2026-07-20T09:52:53.340655+00:00,0,,,7,84.92,86,0,false,false,7,84.92,86,0,false,false,7,84.92,86,0,false,false,7,84.92,86,0,false,false
C,dallas,2026-07-20,20260720T065639651133-0400,2026-07-20T10:56:39.651133+00:00,05:56:38.452049,356,pre_dawn,F,M2_empty_history,no_valid_row_change,,,,7,84.02,84.92,102,2026-07-20T10:56:39.651133+00:00,2026-07-20T10:50:44.424440+00:00,0,,,7,84.02,84.92,0,false,false,7,84.02,84.92,0,false,false,7,84.02,84.92,0,false,false,7,84.02,84.92,0,false,false
C,dallas,2026-07-20,20260720T075655017802-0400,2026-07-20T11:56:55.017802+00:00,06:56:54.845061,416,pre_dawn,F,M2_empty_history,no_valid_row_change,,,,7,82.94,84.02,102,2026-07-20T11:56:55.017802+00:00,2026-07-20T11:51:18.865832+00:00,0,,,7,82.94,84.02,0,false,false,7,82.94,84.02,0,false,false,7,82.94,84.02,0,false,false,7,82.94,84.02,0,false,false
C,dallas,2026-07-20,20260720T095801969620-0400,2026-07-20T13:58:01.969620+00:00,08:58:01.684379,538,other,F,M2_empty_history,no_valid_row_change,,,,8,82.94,84.92,102,2026-07-20T13:58:01.969620+00:00,2026-07-20T13:57:00.931113+00:00,0,,,8,82.94,84.92,0,false,false,8,82.94,84.92,0,false,false,8,82.94,84.92,0,false,false,8,82.94,84.92,0,false,false
C,dallas,2026-07-21,20260721T015545584136-0400,2026-07-21T05:55:45.584136+00:00,00:55:44.244941,55,pre_dawn,F,M2_empty_history,no_valid_row_change,,,,7,89.06,91.04,107,2026-07-21T05:55:45.584136+00:00,2026-07-21T05:46:39.129510+00:00,0,,,7,89.06,91.04,0,false,false,7,89.06,91.04,0,false,false,7,89.06,91.04,0,false,false,7,89.06,91.04,0,false,false
C,dallas,2026-07-21,20260721T040341395103-0400,2026-07-21T08:03:41.395103+00:00,03:03:40.366455,183,pre_dawn,F,M2_empty_history,no_valid_row_change,,,,7,87.98,89.06,107,2026-07-21T08:03:41.395103+00:00,2026-07-21T07:54:34.221310+00:00,0,,,7,87.98,89.06,0,false,false,7,87.98,89.06,0,false,false,7,87.98,89.06,0,false,false,7,87.98,89.06,0,false,false
C,dallas,2026-07-21,20260721T045815090633-0400,2026-07-21T08:58:15.090633+00:00,03:58:14.027396,238,pre_dawn,F,M2_empty_history,no_valid_row_change,,,,7,86,87.98,107,2026-07-21T08:58:15.090633+00:00,2026-07-21T08:49:09.573125+00:00,0,,,7,86,87.98,0,false,false,7,86,87.98,0,false,false,7,86,87.98,0,false,false,7,86,87.98,0,false,false
C,dallas,2026-07-21,20260721T060200485234-0400,2026-07-21T10:02:00.485234+00:00,05:01:59.426732,301,pre_dawn,F,M2_empty_history,no_valid_row_change,,,,7,84.92,86,107,2026-07-21T10:02:00.485234+00:00,2026-07-21T09:52:54.233307+00:00,0,,,7,84.92,86,0,false,false,7,84.92,86,0,false,false,7,84.92,86,0,false,false,7,84.92,86,0,false,false
C,dallas,2026-07-21,20260721T065637086248-0400,2026-07-21T10:56:37.086248+00:00,05:56:36.012356,356,pre_dawn,F,M2_empty_history,no_valid_row_change,,,,7,84.02,84.92,107,2026-07-21T10:56:37.086248+00:00,2026-07-21T10:47:31.995902+00:00,0,,,7,84.02,84.92,0,false,false,7,84.02,84.92,0,false,false,7,84.02,84.92,0,false,false,7,84.02,84.92,0,false,false
C,dallas,2026-07-22,20260722T025903717261-0400,2026-07-22T06:59:03.717261+00:00,01:59:02.725257,119,pre_dawn,F,M2_empty_history,no_valid_row_change,,,,7,93.02,95,108,2026-07-22T06:59:03.717261+00:00,2026-07-22T06:49:57.670830+00:00,0,,,7,93.02,95,0,false,false,7,93.02,95,0,false,false,7,93.02,95,0,false,false,7,93.02,95,0,false,false
C,dallas,2026-07-22,20260722T040256306348-0400,2026-07-22T08:02:56.306348+00:00,03:02:55.357283,182,pre_dawn,F,M2_empty_history,no_valid_row_change,,,,7,91.94,93.02,108,2026-07-22T08:02:56.306348+00:00,2026-07-22T07:53:48.374557+00:00,0,,,7,91.94,93.02,0,false,false,7,91.94,93.02,0,false,false,7,91.94,93.02,0,false,false,7,91.94,93.02,0,false,false
C,dallas,2026-07-22,20260722T050017180451-0400,2026-07-22T09:00:17.180451+00:00,04:00:16.161697,240,pre_dawn,F,M2_empty_history,no_valid_row_change,,,,7,91.04,91.94,108,2026-07-22T09:00:17.180451+00:00,2026-07-22T08:51:07.852474+00:00,0,,,7,91.04,91.94,0,false,false,7,91.04,91.94,0,false,false,7,91.04,91.94,0,false,false,7,91.04,91.94,0,false,false
C,dallas,2026-07-22,20260722T055741929014-0400,2026-07-22T09:57:41.929014+00:00,04:57:41.691666,297,pre_dawn,F,M2_empty_history,no_valid_row_change,,,,7,89.96,91.04,108,2026-07-22T09:57:41.929014+00:00,2026-07-22T09:54:52.999545+00:00,0,,,7,89.96,91.04,0,false,false,7,89.96,91.04,0,false,false,7,89.96,91.04,0,false,false,7,89.96,91.04,0,false,false
C,dallas,2026-07-22,20260722T065640756659-0400,2026-07-22T10:56:40.756659+00:00,05:56:40.629777,356,pre_dawn,F,M2_empty_history,no_valid_row_change,,,,7,89.06,89.96,108,2026-07-22T10:56:40.756659+00:00,2026-07-22T10:49:33.821035+00:00,0,,,7,89.06,89.96,0,false,false,7,89.06,89.96,0,false,false,7,89.06,89.96,0,false,false,7,89.06,89.96,0,false,false
C,dallas,2026-07-23,20260723T015643842133-0400,2026-07-23T05:56:43.842133+00:00,00:56:43.552234,56,pre_dawn,F,M2_empty_history,no_valid_row_change,,,,7,91.94,93.02,97,2026-07-23T05:56:43.842133+00:00,2026-07-23T05:55:25.939629+00:00,0,,,7,91.94,93.02,0,false,false,7,91.94,93.02,0,false,false,7,91.94,93.02,0,false,false,7,91.94,93.02,0,false,false
C,dallas,2026-07-23,20260723T025722316001-0400,2026-07-23T06:57:22.316001+00:00,01:57:22.114575,117,pre_dawn,F,M2_empty_history,no_valid_row_change,,,,7,89.96,91.94,97,2026-07-23T06:57:22.316001+00:00,2026-07-23T06:50:18.349794+00:00,0,,,7,89.96,91.94,0,false,false,7,89.96,91.94,0,false,false,7,89.96,91.94,0,false,false,7,89.96,91.94,0,false,false
C,dallas,2026-07-23,20260723T035625947852-0400,2026-07-23T07:56:25.947852+00:00,02:56:25.807207,176,pre_dawn,F,M2_empty_history,no_valid_row_change,,,,7,89.06,89.96,97,2026-07-23T07:56:25.947852+00:00,2026-07-23T07:54:13.884638+00:00,0,,,7,89.06,89.96,0,false,false,7,89.06,89.96,0,false,false,7,89.06,89.96,0,false,false,7,89.06,89.96,0,false,false
C,dallas,2026-07-23,20260723T040030191923-0400,2026-07-23T08:00:30.191923+00:00,03:00:30.010116,180,pre_dawn,F,M2_empty_history,no_valid_row_change,,,,7,89.06,89.96,97,2026-07-23T08:00:30.191923+00:00,2026-07-23T07:59:39.420935+00:00,0,,,7,89.06,89.96,0,false,false,7,89.06,89.96,0,false,false,7,89.06,89.96,0,false,false,7,89.06,89.96,0,false,false
C,dallas,2026-07-23,20260723T050039703252-0400,2026-07-23T09:00:39.703252+00:00,04:00:38.771129,240,pre_dawn,F,M2_empty_history,no_valid_row_change,,,,7,87.08,89.06,97,2026-07-23T09:00:39.703252+00:00,2026-07-23T08:51:28.143212+00:00,0,,,7,87.08,89.06,0,false,false,7,87.08,89.06,0,false,false,7,87.08,89.06,0,false,false,7,87.08,89.06,0,false,false
C,dallas,2026-07-23,20260723T055625827789-0400,2026-07-23T09:56:25.827789+00:00,04:56:25.426747,296,pre_dawn,F,M2_empty_history,no_valid_row_change,,,,7,84.92,87.08,97,2026-07-23T09:56:25.827789+00:00,2026-07-23T09:55:19.906632+00:00,0,,,7,84.92,87.08,0,false,false,7,84.92,87.08,0,false,false,7,84.92,87.08,0,false,false,7,84.92,87.08,0,false,false
C,dallas,2026-07-23,20260723T075552700330-0400,2026-07-23T11:55:52.700330+00:00,06:55:52.523306,415,pre_dawn,F,M2_empty_history,no_valid_row_change,,,,7,84.02,84.92,97,2026-07-23T11:55:52.700330+00:00,2026-07-23T11:53:46.274655+00:00,0,,,7,84.02,84.92,0,false,false,7,84.02,84.92,0,false,false,7,84.02,84.92,0,false,false,7,84.02,84.92,0,false,false
C,dallas,2026-07-24,20260724T015625880786-0400,2026-07-24T05:56:25.880786+00:00,00:56:25.636371,56,pre_dawn,F,M2_empty_history,no_valid_row_change,,,,7,86,87.08,94,2026-07-24T05:56:25.880786+00:00,2026-07-24T05:55:38.040443+00:00,0,,,7,86,87.08,0,false,false,7,86,87.08,0,false,false,7,86,87.08,0,false,false,7,86,87.08,0,false,false
C,dallas,2026-07-24,20260724T025635384808-0400,2026-07-24T06:56:35.384808+00:00,01:56:35.213357,116,pre_dawn,F,M2_empty_history,no_valid_row_change,,,,7,84.92,86,94,2026-07-24T06:56:35.384808+00:00,2026-07-24T06:50:15.429697+00:00,0,,,7,84.92,86,0,false,false,7,84.92,86,0,false,false,7,84.92,86,0,false,false,7,84.92,86,0,false,false
C,dallas,2026-07-24,20260724T035722822730-0400,2026-07-24T07:57:22.822730+00:00,02:57:22.690043,177,pre_dawn,F,M2_empty_history,no_valid_row_change,,,,7,84.02,84.92,94,2026-07-24T07:57:22.822730+00:00,2026-07-24T07:54:05.565126+00:00,0,,,7,84.02,84.92,0,false,false,7,84.02,84.92,0,false,false,7,84.02,84.92,0,false,false,7,84.02,84.92,0,false,false
C,dallas,2026-07-24,20260724T042931723397-0400,2026-07-24T08:29:31.723397+00:00,03:29:31.581635,209,pre_dawn,F,M2_empty_history,no_valid_row_change,,,,7,82.94,84.02,94,2026-07-24T08:29:31.723397+00:00,2026-07-24T08:21:23.969273+00:00,0,,,7,82.94,84.02,0,false,false,7,82.94,84.02,0,false,false,7,82.94,84.02,0,false,false,7,82.94,84.02,0,false,false
C,dallas,2026-07-24,20260724T065617312251-0400,2026-07-24T10:56:17.312251+00:00,05:56:17.048570,356,pre_dawn,F,M2_empty_history,no_valid_row_change,,,,7,82.04,82.94,94,2026-07-24T10:56:17.312251+00:00,2026-07-24T10:47:16.160568+00:00,0,,,7,82.04,82.94,0,false,false,7,82.04,82.94,0,false,false,7,82.04,82.94,0,false,false,7,82.04,82.94,0,false,false
C,dallas,2026-07-24,20260724T071818051264-0400,2026-07-24T11:18:18.051264+00:00,06:18:17.879300,378,pre_dawn,F,M2_empty_history,no_valid_row_change,,,,7,80.06,82.04,94,2026-07-24T11:18:18.051264+00:00,2026-07-24T11:14:34.809822+00:00,0,,,7,80.06,82.04,0,false,false,7,80.06,82.04,0,false,false,7,80.06,82.04,0,false,false,7,80.06,82.04,0,false,false
C,dallas,2026-07-24,20260724T085933310334-0400,2026-07-24T12:59:33.310334+00:00,07:59:33.136914,479,other,F,M2_empty_history,no_valid_row_change,,,,7,80.96,82.04,94,2026-07-24T12:59:33.310334+00:00,2026-07-24T12:56:19.000961+00:00,0,,,7,80.96,82.04,0,false,false,7,80.96,82.04,0,false,false,7,80.96,82.04,0,false,false,7,80.96,82.04,0,false,false
C,dallas,2026-07-24,20260724T121926549282-0400,2026-07-24T16:19:26.549282+00:00,11:19:26.408126,679,other,F,M2_empty_history,no_valid_row_change,,,,11,84.92,86,94,2026-07-24T16:19:26.549282+00:00,2026-07-24T16:16:29.285984+00:00,0,,,11,84.92,86,0,false,false,11,84.92,86,0,false,false,11,84.92,86,0,false,false,11,84.92,86,0,false,false
C,dallas,2026-07-25,20260725T015639353715-0400,2026-07-25T05:56:39.353715+00:00,00:56:39.064434,56,pre_dawn,F,M2_empty_history,no_valid_row_change,,,,7,87.08,87.98,98,2026-07-25T05:56:39.353715+00:00,2026-07-25T05:55:17.172715+00:00,0,,,7,87.08,87.98,0,false,false,7,87.08,87.98,0,false,false,7,87.08,87.98,0,false,false,7,87.08,87.98,0,false,false
C,dallas,2026-07-25,20260725T025640063833-0400,2026-07-25T06:56:40.063833+00:00,01:56:39.889407,116,pre_dawn,F,M2_empty_history,no_valid_row_change,,,,7,86,87.08,98,2026-07-25T06:56:40.063833+00:00,2026-07-25T06:49:58.961621+00:00,0,,,7,86,87.08,0,false,false,7,86,87.08,0,false,false,7,86,87.08,0,false,false,7,86,87.08,0,false,false
C,dallas,2026-07-25,20260725T035628260289-0400,2026-07-25T07:56:28.260289+00:00,02:56:28.131645,176,pre_dawn,F,M2_empty_history,no_valid_row_change,,,,7,84.92,86,98,2026-07-25T07:56:28.260289+00:00,2026-07-25T07:53:47.780245+00:00,0,,,7,84.92,86,0,false,false,7,84.92,86,0,false,false,7,84.92,86,0,false,false,7,84.92,86,0,false,false
C,dallas,2026-07-25,20260725T050013994617-0400,2026-07-25T09:00:13.994617+00:00,04:00:12.884343,240,pre_dawn,F,M2_empty_history,no_valid_row_change,,,,7,84.02,84.92,98,2026-07-25T09:00:13.994617+00:00,2026-07-25T08:51:06.353775+00:00,0,,,7,84.02,84.92,0,false,false,7,84.02,84.92,0,false,false,7,84.02,84.92,0,false,false,7,84.02,84.92,0,false,false
C,dallas,2026-07-25,20260725T055633333249-0400,2026-07-25T09:56:33.333249+00:00,04:56:33.075079,296,pre_dawn,F,M2_empty_history,no_valid_row_change,,,,7,82.94,84.02,98,2026-07-25T09:56:33.333249+00:00,2026-07-25T09:54:47.055896+00:00,0,,,7,82.94,84.02,0,false,false,7,82.94,84.02,0,false,false,7,82.94,84.02,0,false,false,7,82.94,84.02,0,false,false
C,dallas,2026-07-25,20260725T065629255461-0400,2026-07-25T10:56:29.255461+00:00,05:56:29.085556,356,pre_dawn,F,M2_empty_history,no_valid_row_change,,,,7,82.04,82.94,98,2026-07-25T10:56:29.255461+00:00,2026-07-25T10:49:20.566821+00:00,0,,,7,82.04,82.94,0,false,false,7,82.04,82.94,0,false,false,7,82.04,82.94,0,false,false,7,82.04,82.94,0,false,false
C,dallas,2026-07-26,20260726T015830685817-0400,2026-07-26T05:58:30.685817+00:00,00:58:30.426874,58,pre_dawn,F,M2_empty_history,no_valid_row_change,,,,7,87.08,89.06,98,2026-07-26T05:58:30.685817+00:00,2026-07-26T05:55:12.737168+00:00,0,,,7,87.08,89.06,0,false,false,7,87.08,89.06,0,false,false,7,87.08,89.06,0,false,false,7,87.08,89.06,0,false,false
C,dallas,2026-07-26,20260726T025642850245-0400,2026-07-26T06:56:42.850245+00:00,01:56:42.659227,116,pre_dawn,F,M2_empty_history,no_valid_row_change,,,,7,86,87.08,98,2026-07-26T06:56:42.850245+00:00,2026-07-26T06:49:54.536700+00:00,0,,,7,86,87.08,0,false,false,7,86,87.08,0,false,false,7,86,87.08,0,false,false,7,86,87.08,0,false,false
C,dallas,2026-07-26,20260726T035729233563-0400,2026-07-26T07:57:29.233563+00:00,02:57:29.063302,177,pre_dawn,F,M2_empty_history,no_valid_row_change,,,,7,84.92,86,98,2026-07-26T07:57:29.233563+00:00,2026-07-26T07:53:43.781169+00:00,0,,,7,84.92,86,0,false,false,7,84.92,86,0,false,false,7,84.92,86,0,false,false,7,84.92,86,0,false,false
C,dallas,2026-07-26,20260726T050004367188-0400,2026-07-26T09:00:04.367188+00:00,04:00:03.409861,240,pre_dawn,F,M2_empty_history,no_valid_row_change,,,,7,84.02,84.92,98,2026-07-26T09:00:04.367188+00:00,2026-07-26T08:50:31.309078+00:00,0,,,7,84.02,84.92,0,false,false,7,84.02,84.92,0,false,false,7,84.02,84.92,0,false,false,7,84.02,84.92,0,false,false
C,dallas,2026-07-26,20260726T065546313564-0400,2026-07-26T10:55:46.313564+00:00,05:55:46.051047,355,pre_dawn,F,M2_empty_history,no_valid_row_change,,,,7,82.04,84.02,98,2026-07-26T10:55:46.313564+00:00,2026-07-26T10:52:04.242324+00:00,0,,,7,82.04,84.02,0,false,false,7,82.04,84.02,0,false,false,7,82.04,84.02,0,false,false,7,82.04,84.02,0,false,false
C,dallas,2026-07-26,20260726T155645269133-0400,2026-07-26T19:56:45.269133+00:00,14:56:45.093426,896,peak_heating_window,F,M2_empty_history,no_valid_row_change,,,,14,96.08,96.98,98,2026-07-26T19:56:45.269133+00:00,2026-07-26T19:55:40.207704+00:00,0,,,14,96.08,96.98,0,false,false,14,96.08,96.98,0,false,false,14,96.08,96.98,0,false,false,14,96.08,96.98,0,false,false
C,dallas,2026-07-27,20260727T020431432699-0400,2026-07-27T06:04:31.432699+00:00,01:04:30.444623,64,pre_dawn,F,M2_empty_history,no_valid_row_change,,,,7,87.08,87.98,99,2026-07-27T06:04:31.432699+00:00,2026-07-27T05:55:24.480318+00:00,0,,,7,87.08,87.98,0,false,false,7,87.08,87.98,0,false,false,7,87.08,87.98,0,false,false,7,87.08,87.98,0,false,false
C,dallas,2026-07-27,20260727T025929238332-0400,2026-07-27T06:59:29.238332+00:00,01:59:28.155950,119,pre_dawn,F,M2_empty_history,no_valid_row_change,,,,7,86,87.08,99,2026-07-27T06:59:29.238332+00:00,2026-07-27T06:50:18.780593+00:00,0,,,7,86,87.08,0,false,false,7,86,87.08,0,false,false,7,86,87.08,0,false,false,7,86,87.08,0,false,false
C,dallas,2026-07-27,20260727T050212090731-0400,2026-07-27T09:02:12.090731+00:00,04:02:10.938779,242,pre_dawn,F,M2_empty_history,no_valid_row_change,,,,7,84.92,86,99,2026-07-27T09:02:12.090731+00:00,2026-07-27T08:52:55.000405+00:00,0,,,7,84.92,86,0,false,false,7,84.92,86,0,false,false,7,84.92,86,0,false,false,7,84.92,86,0,false,false
C,dallas,2026-07-27,20260727T060552723539-0400,2026-07-27T10:05:52.723539+00:00,05:05:51.646596,305,pre_dawn,F,M2_empty_history,no_valid_row_change,,,,7,82.94,84.92,99,2026-07-27T10:05:52.723539+00:00,2026-07-27T09:56:47.206500+00:00,0,,,7,82.94,84.92,0,false,false,7,82.94,84.92,0,false,false,7,82.94,84.92,0,false,false,7,82.94,84.92,0,false,false
C,dallas,2026-07-27,20260727T080414962011-0400,2026-07-27T12:04:14.962011+00:00,07:04:13.914028,424,other,F,M2_empty_history,no_valid_row_change,,,,7,82.04,82.94,99,2026-07-27T12:04:14.962011+00:00,2026-07-27T11:55:08.738788+00:00,0,,,7,82.04,82.94,0,false,false,7,82.04,82.94,0,false,false,7,82.04,82.94,0,false,false,7,82.04,82.94,0,false,false
C,dallas,2026-07-28,20260728T020443244764-0400,2026-07-28T06:04:43.244764+00:00,01:04:42.212429,64,pre_dawn,F,M2_empty_history,no_valid_row_change,,,,7,87.98,89.06,99,2026-07-28T06:04:43.244764+00:00,2026-07-28T05:55:36.450028+00:00,0,,,7,87.98,89.06,0,false,false,7,87.98,89.06,0,false,false,7,87.98,89.06,0,false,false,7,87.98,89.06,0,false,false
C,dallas,2026-07-28,20260728T025940177036-0400,2026-07-28T06:59:40.177036+00:00,01:59:39.126935,119,pre_dawn,F,M2_empty_history,no_valid_row_change,,,,7,86,87.98,99,2026-07-28T06:59:40.177036+00:00,2026-07-28T06:50:34.139296+00:00,0,,,7,86,87.98,0,false,false,7,86,87.98,0,false,false,7,86,87.98,0,false,false,7,86,87.98,0,false,false
C,dallas,2026-07-28,20260728T040328511486-0400,2026-07-28T08:03:28.511486+00:00,03:03:27.538450,183,pre_dawn,F,M2_empty_history,no_valid_row_change,,,,7,84.92,86,99,2026-07-28T08:03:28.511486+00:00,2026-07-28T07:54:19.987565+00:00,0,,,7,84.92,86,0,false,false,7,84.92,86,0,false,false,7,84.92,86,0,false,false,7,84.92,86,0,false,false
C,dallas,2026-07-28,20260728T045645832376-0400,2026-07-28T08:56:45.832376+00:00,03:56:45.539903,236,pre_dawn,F,M2_empty_history,no_valid_row_change,,,,7,84.02,84.92,99,2026-07-28T08:56:45.832376+00:00,2026-07-28T08:50:45.249645+00:00,0,,,7,84.02,84.92,0,false,false,7,84.02,84.92,0,false,false,7,84.02,84.92,0,false,false,7,84.02,84.92,0,false,false
C,dallas,2026-07-28,20260728T055635933175-0400,2026-07-28T09:56:35.933175+00:00,04:56:35.761885,296,pre_dawn,F,M2_empty_history,no_valid_row_change,,,,7,82.04,84.02,99,2026-07-28T09:56:35.933175+00:00,2026-07-28T09:54:29.987255+00:00,0,,,7,82.04,84.02,0,false,false,7,82.04,84.02,0,false,false,7,82.04,84.02,0,false,false,7,82.04,84.02,0,false,false
C,dallas,2026-07-28,20260728T065640736049-0400,2026-07-28T10:56:40.736049+00:00,05:56:40.596075,356,pre_dawn,F,M2_empty_history,no_valid_row_change,,,,7,80.96,82.04,99,2026-07-28T10:56:40.736049+00:00,2026-07-28T10:49:10.509597+00:00,0,,,7,80.96,82.04,0,false,false,7,80.96,82.04,0,false,false,7,80.96,82.04,0,false,false,7,80.96,82.04,0,false,false
C,dallas,2026-07-28,20260728T120134058352-0400,2026-07-28T16:01:34.058352+00:00,11:01:33.896577,661,other,F,M2_empty_history,no_valid_row_change,,,,11,86,87.98,99,2026-07-28T16:01:34.058352+00:00,2026-07-28T15:58:56.497717+00:00,0,,,11,86,87.98,0,false,false,11,86,87.98,0,false,false,11,86,87.98,0,false,false,11,86,87.98,0,false,false
C,dallas,2026-07-28,20260728T135847926436-0400,2026-07-28T17:58:47.926436+00:00,12:58:47.754990,778,settlement_window,F,M2_empty_history,no_valid_row_change,,,,12,91.94,95,99,2026-07-28T17:58:47.926436+00:00,2026-07-28T17:57:28.765547+00:00,0,,,12,91.94,95,0,false,false,12,91.94,95,0,false,false,12,91.94,95,0,false,false,12,91.94,95,0,false,false
C,dallas,2026-07-29,20260729T020436785453-0400,2026-07-29T06:04:36.785453+00:00,01:04:35.805124,64,pre_dawn,F,M2_empty_history,no_valid_row_change,,,,7,87.98,89.06,98,2026-07-29T06:04:36.785453+00:00,2026-07-29T05:55:30.528345+00:00,0,,,7,87.98,89.06,0,false,false,7,87.98,89.06,0,false,false,7,87.98,89.06,0,false,false,7,87.98,89.06,0,false,false
C,dallas,2026-07-29,20260729T025912033265-0400,2026-07-29T06:59:12.033265+00:00,01:59:10.957029,119,pre_dawn,F,M2_empty_history,no_valid_row_change,,,,7,87.08,87.98,98,2026-07-29T06:59:12.033265+00:00,2026-07-29T06:50:06.331946+00:00,0,,,7,87.08,87.98,0,false,false,7,87.08,87.98,0,false,false,7,87.08,87.98,0,false,false,7,87.08,87.98,0,false,false
C,dallas,2026-07-29,20260729T040302334765-0400,2026-07-29T08:03:02.334765+00:00,03:03:01.277895,183,pre_dawn,F,M2_empty_history,no_valid_row_change,,,,7,86,87.08,98,2026-07-29T08:03:02.334765+00:00,2026-07-29T07:53:55.011180+00:00,0,,,7,86,87.08,0,false,false,7,86,87.08,0,false,false,7,86,87.08,0,false,false,7,86,87.08,0,false,false
C,dallas,2026-07-29,20260729T045851709553-0400,2026-07-29T08:58:51.709553+00:00,03:58:51.441051,238,pre_dawn,F,M2_empty_history,no_valid_row_change,,,,7,84.92,86,98,2026-07-29T08:58:51.709553+00:00,2026-07-29T08:50:54.517831+00:00,0,,,7,84.92,86,0,false,false,7,84.92,86,0,false,false,7,84.92,86,0,false,false,7,84.92,86,0,false,false
C,dallas,2026-07-29,20260729T055617703398-0400,2026-07-29T09:56:17.703398+00:00,04:56:17.528356,296,pre_dawn,F,M2_empty_history,no_valid_row_change,,,,7,84.02,84.92,98,2026-07-29T09:56:17.703398+00:00,2026-07-29T09:54:51.727958+00:00,0,,,7,84.02,84.92,0,false,false,7,84.02,84.92,0,false,false,7,84.02,84.92,0,false,false,7,84.02,84.92,0,false,false
C,dallas,2026-07-29,20260729T075625097168-0400,2026-07-29T11:56:25.097168+00:00,06:56:24.959029,416,pre_dawn,F,M2_empty_history,no_valid_row_change,,,,7,82.94,84.02,98,2026-07-29T11:56:25.097168+00:00,2026-07-29T11:53:13.404993+00:00,0,,,7,82.94,84.02,0,false,false,7,82.94,84.02,0,false,false,7,82.94,84.02,0,false,false,7,82.94,84.02,0,false,false
C,dallas,2026-07-30,20260730T020431578279-0400,2026-07-30T06:04:31.578279+00:00,01:04:30.529834,64,pre_dawn,F,M2_empty_history,no_valid_row_change,,,,7,87.98,89.96,99,2026-07-30T06:04:31.578279+00:00,2026-07-30T05:55:25.369410+00:00,0,,,7,87.98,89.96,0,false,false,7,87.98,89.96,0,false,false,7,87.98,89.96,0,false,false,7,87.98,89.96,0,false,false
C,dallas,2026-07-30,20260730T025935730189-0400,2026-07-30T06:59:35.730189+00:00,01:59:34.711128,119,pre_dawn,F,M2_empty_history,no_valid_row_change,,,,7,87.08,87.98,99,2026-07-30T06:59:35.730189+00:00,2026-07-30T06:50:21.958381+00:00,0,,,7,87.08,87.98,0,false,false,7,87.08,87.98,0,false,false,7,87.08,87.98,0,false,false,7,87.08,87.98,0,false,false
C,dallas,2026-07-30,20260730T040322465220-0400,2026-07-30T08:03:22.465220+00:00,03:03:21.455010,183,pre_dawn,F,M2_empty_history,no_valid_row_change,,,,7,86,87.08,99,2026-07-30T08:03:22.465220+00:00,2026-07-30T07:54:15.000926+00:00,0,,,7,86,87.08,0,false,false,7,86,87.08,0,false,false,7,86,87.08,0,false,false,7,86,87.08,0,false,false
C,dallas,2026-07-30,20260730T045654306332-0400,2026-07-30T08:56:54.306332+00:00,03:56:54.024505,236,pre_dawn,F,M2_empty_history,no_valid_row_change,,,,7,84.92,86,99,2026-07-30T08:56:54.306332+00:00,2026-07-30T08:51:04.680873+00:00,0,,,7,84.92,86,0,false,false,7,84.92,86,0,false,false,7,84.92,86,0,false,false,7,84.92,86,0,false,false
C,dallas,2026-07-30,20260730T055647355148-0400,2026-07-30T09:56:47.355148+00:00,04:56:47.186717,296,pre_dawn,F,M2_empty_history,no_valid_row_change,,,,7,84.02,84.92,99,2026-07-30T09:56:47.355148+00:00,2026-07-30T09:54:59.494617+00:00,0,,,7,84.02,84.92,0,false,false,7,84.02,84.92,0,false,false,7,84.02,84.92,0,false,false,7,84.02,84.92,0,false,false
C,dallas,2026-07-30,20260730T065738283100-0400,2026-07-30T10:57:38.283100+00:00,05:57:38.119762,357,pre_dawn,F,M2_empty_history,no_valid_row_change,,,,7,82.94,84.02,99,2026-07-30T10:57:38.283100+00:00,2026-07-30T10:50:17.967439+00:00,0,,,7,82.94,84.02,0,false,false,7,82.94,84.02,0,false,false,7,82.94,84.02,0,false,false,7,82.94,84.02,0,false,false
C,dallas,2026-07-30,20260730T070028470082-0400,2026-07-30T11:00:28.470082+00:00,06:00:28.341590,360,pre_dawn,F,M2_empty_history,no_valid_row_change,,,,7,82.94,84.02,99,2026-07-30T11:00:28.470082+00:00,2026-07-30T10:59:40.235786+00:00,0,,,7,82.94,84.02,0,false,false,7,82.94,84.02,0,false,false,7,82.94,84.02,0,false,false,7,82.94,84.02,0,false,false
C,dallas,2026-07-30,20260730T075542641954-0400,2026-07-30T11:55:42.641954+00:00,06:55:42.474595,415,pre_dawn,F,M2_empty_history,no_valid_row_change,,,,7,82.04,82.94,99,2026-07-30T11:55:42.641954+00:00,2026-07-30T11:54:04.391781+00:00,0,,,7,82.04,82.94,0,false,false,7,82.04,82.94,0,false,false,7,82.04,82.94,0,false,false,7,82.04,82.94,0,false,false
C,dallas,2026-07-30,20260730T110030501990-0400,2026-07-30T15:00:30.501990+00:00,10:00:30.360880,600,other,F,M2_empty_history,no_valid_row_change,,,,10,84.02,87.98,99,2026-07-30T15:00:30.501990+00:00,2026-07-30T14:56:30.570170+00:00,0,,,10,84.02,87.98,0,false,false,10,84.02,87.98,0,false,false,10,84.02,87.98,0,false,false,10,84.02,87.98,0,false,false
C,denver,2026-07-03,20260703T031301-0400,2026-07-03T07:13:01.298794+00:00,01:13:01.086535,73,pre_dawn,F,M2_empty_history,no_valid_row_change,,,,7,68.36,69.8,92,2026-07-03T07:13:01.298794+00:00,2026-07-03T07:03:56.317016+00:00,0,,,7,68.36,69.8,0,false,false,7,68.36,69.8,0,false,false,7,68.36,69.8,0,false,false,7,68.36,69.8,0,false,false
C,denver,2026-07-03,20260703T060322-0400,2026-07-03T10:03:22.730896+00:00,04:03:22.435547,243,pre_dawn,F,M2_empty_history,no_valid_row_change,,,,7,62.06,68.36,92,2026-07-03T10:03:22.730896+00:00,2026-07-03T09:56:08.962901+00:00,0,,,7,62.06,68.36,0,false,false,7,62.06,68.36,0,false,false,7,62.06,68.36,0,false,false,7,62.06,68.36,0,false,false
C,denver,2026-07-03,20260703T061534-0400,2026-07-03T10:15:34.779090+00:00,04:15:34.445786,255,pre_dawn,F,M2_empty_history,no_valid_row_change,,,,7,61.16,62.06,92,2026-07-03T10:15:34.779090+00:00,2026-07-03T10:14:17.168919+00:00,0,,,7,61.16,62.06,0,false,false,7,61.16,62.06,0,false,false,7,61.16,62.06,0,false,false,7,61.16,62.06,0,false,false
C,denver,2026-07-03,20260703T080427-0400,2026-07-03T12:04:27.026053+00:00,06:04:26.748378,364,pre_dawn,F,M2_empty_history,no_valid_row_change,,,,7,58.64,61.16,92,2026-07-03T12:04:27.026053+00:00,2026-07-03T12:03:17.050628+00:00,0,,,7,58.64,61.16,0,false,false,7,58.64,61.16,0,false,false,7,58.64,61.16,0,false,false,7,58.64,61.16,0,false,false
C,denver,2026-07-03,20260703T084625-0400,2026-07-03T12:46:25.140471+00:00,06:46:24.898337,406,pre_dawn,F,M2_empty_history,no_valid_row_change,,,,7,58.64,68.36,92,2026-07-03T12:46:25.140471+00:00,2026-07-03T12:45:31.714457+00:00,0,,,7,58.64,68.36,0,false,false,7,58.64,68.36,0,false,false,7,58.64,68.36,0,false,false,7,58.64,68.36,0,false,false
C,denver,2026-07-04,20260704T050215244456-0400,2026-07-04T09:02:15.244456+00:00,03:02:14.939366,182,pre_dawn,F,M2_empty_history,no_valid_row_change,,,,7,60.8,67.46,89,2026-07-04T09:02:15.244456+00:00,2026-07-04T08:53:27.406002+00:00,0,,,7,60.8,67.46,0,false,false,7,60.8,67.46,0,false,false,7,60.8,67.46,0,false,false,7,60.8,67.46,0,false,false
C,denver,2026-07-04,20260704T072915832928-0400,2026-07-04T11:29:15.832928+00:00,05:29:15.472032,329,pre_dawn,F,M2_empty_history,no_valid_row_change,,,,7,59.9,61.16,89,2026-07-04T11:29:15.832928+00:00,2026-07-04T11:27:46.872383+00:00,0,,,7,59.9,61.16,0,false,false,7,59.9,61.16,0,false,false,7,59.9,61.16,0,false,false,7,59.9,61.16,0,false,false
C,denver,2026-07-04,20260704T080216530713-0400,2026-07-04T12:02:16.530713+00:00,06:02:16.234263,362,pre_dawn,F,M2_empty_history,no_valid_row_change,,,,7,59.36,59.9,89,2026-07-04T12:02:16.530713+00:00,2026-07-04T11:55:00.025844+00:00,0,,,7,59.36,59.9,0,false,false,7,59.36,59.9,0,false,false,7,59.36,59.9,0,false,false,7,59.36,59.9,0,false,false
C,denver,2026-07-05,20260705T030151485902-0400,2026-07-05T07:01:51.485902+00:00,01:01:50.803807,61,pre_dawn,F,M2_empty_history,no_valid_row_change,,,,7,70.34,70.7,94,2026-07-05T07:01:51.485902+00:00,2026-07-05T06:54:46.329037+00:00,0,,,7,70.34,70.7,0,false,false,7,70.34,70.7,0,false,false,7,70.34,70.7,0,false,false,7,70.34,70.7,0,false,false
C,denver,2026-07-05,20260705T060446684240-0400,2026-07-05T10:04:46.684240+00:00,04:04:46.427846,244,pre_dawn,F,M2_empty_history,no_valid_row_change,,,,7,64.22,70.34,94,2026-07-05T10:04:46.684240+00:00,2026-07-05T09:56:06.328622+00:00,0,,,7,64.22,70.34,0,false,false,7,64.22,70.34,0,false,false,7,64.22,70.34,0,false,false,7,64.22,70.34,0,false,false
C,denver,2026-07-05,20260705T081152968137-0400,2026-07-05T12:11:52.968137+00:00,06:11:52.699447,371,pre_dawn,F,M2_empty_history,no_valid_row_change,,,,7,62.42,66.2,94,2026-07-05T12:11:52.968137+00:00,2026-07-05T12:03:02.499904+00:00,0,,,7,62.42,66.2,0,false,false,7,62.42,66.2,0,false,false,7,62.42,66.2,0,false,false,7,62.42,66.2,0,false,false
C,denver,2026-07-05,20260705T143348075511-0400,2026-07-05T18:33:48.075511+00:00,12:33:47.764962,753,settlement_window,F,M2_empty_history,no_valid_row_change,,,,12,87.44,91.22,94,2026-07-05T18:33:48.075511+00:00,2026-07-05T18:25:55.968810+00:00,0,,,12,87.44,91.22,0,false,false,12,87.44,91.22,0,false,false,12,87.44,91.22,0,false,false,12,87.44,91.22,0,false,false
C,denver,2026-07-07,20260707T071331977740-0400,2026-07-07T11:13:31.977740+00:00,05:13:31.744907,313,pre_dawn,F,M2_empty_history,no_valid_row_change,,,,7,71.6,71.96,97,2026-07-07T11:13:31.977740+00:00,2026-07-07T11:04:28.219358+00:00,0,,,7,71.6,71.96,0,false,false,7,71.6,71.96,0,false,false,7,71.6,71.96,0,false,false,7,71.6,71.96,0,false,false
C,denver,2026-07-07,20260707T081537575100-0400,2026-07-07T12:15:37.575100+00:00,06:15:37.172790,375,pre_dawn,F,M2_empty_history,no_valid_row_change,,,,7,68.9,71.6,97,2026-07-07T12:15:37.575100+00:00,2026-07-07T12:08:02.401373+00:00,0,,,7,68.9,71.6,0,false,false,7,68.9,71.6,0,false,false,7,68.9,71.6,0,false,false,7,68.9,71.6,0,false,false
C,denver,2026-07-07,20260707T102535978456-0400,2026-07-07T14:25:35.978456+00:00,08:25:31.708079,505,other,F,M2_empty_history,no_valid_row_change,,,,8,68.54,68.9,97,2026-07-07T14:25:35.978456+00:00,2026-07-07T13:59:35.369826+00:00,0,,,8,68.54,68.9,0,false,false,8,68.54,68.9,0,false,false,8,68.54,68.9,0,false,false,8,68.54,68.9,0,false,false
C,denver,2026-07-08,20260708T032253521516-0400,2026-07-08T07:22:53.521516+00:00,01:22:53.028179,82,pre_dawn,F,M2_empty_history,no_valid_row_change,,,,7,71.06,73.04,93,2026-07-08T07:22:53.521516+00:00,2026-07-08T07:21:54.865729+00:00,0,,,7,71.06,73.04,0,false,false,7,71.06,73.04,0,false,false,7,71.06,73.04,0,false,false,7,71.06,73.04,0,false,false
C,denver,2026-07-08,20260708T052355764494-0400,2026-07-08T09:23:55.764494+00:00,03:23:55.419778,203,pre_dawn,F,M2_empty_history,no_valid_row_change,,,,7,70.34,71.06,93,2026-07-08T09:23:55.764494+00:00,2026-07-08T09:19:42.444667+00:00,0,,,7,70.34,71.06,0,false,false,7,70.34,71.06,0,false,false,7,70.34,71.06,0,false,false,7,70.34,71.06,0,false,false
C,denver,2026-07-08,20260708T062955606043-0400,2026-07-08T10:29:55.606043+00:00,04:29:55.234512,269,pre_dawn,F,M2_empty_history,no_valid_row_change,,,,7,66.02,70.34,93,2026-07-08T10:29:55.606043+00:00,2026-07-08T10:23:10.785987+00:00,0,,,7,66.02,70.34,0,false,false,7,66.02,70.34,0,false,false,7,66.02,70.34,0,false,false,7,66.02,70.34,0,false,false
C,denver,2026-07-08,20260708T074054424689-0400,2026-07-08T11:40:54.424689+00:00,05:40:54.127576,340,pre_dawn,F,M2_empty_history,no_valid_row_change,,,,7,65.12,66.02,93,2026-07-08T11:40:54.424689+00:00,2026-07-08T11:35:47.924338+00:00,0,,,7,65.12,66.02,0,false,false,7,65.12,66.02,0,false,false,7,65.12,66.02,0,false,false,7,65.12,66.02,0,false,false
C,denver,2026-07-08,20260708T084259376094-0400,2026-07-08T12:42:59.376094+00:00,06:42:59.061397,402,pre_dawn,F,M2_empty_history,no_valid_row_change,,,,7,62.78,65.12,93,2026-07-08T12:42:59.376094+00:00,2026-07-08T12:39:30.464781+00:00,0,,,7,62.78,65.12,0,false,false,7,62.78,65.12,0,false,false,7,62.78,65.12,0,false,false,7,62.78,65.12,0,false,false
C,denver,2026-07-09,20260709T044239149110-0400,2026-07-09T08:42:39.149110+00:00,02:42:38.803680,162,pre_dawn,F,M2_empty_history,no_valid_row_change,,,,7,64.4,65.48,91,2026-07-09T08:42:39.149110+00:00,2026-07-09T08:34:58.903363+00:00,0,,,7,64.4,65.48,0,false,false,7,64.4,65.48,0,false,false,7,64.4,65.48,0,false,false,7,64.4,65.48,0,false,false
C,denver,2026-07-09,20260709T060751710146-0400,2026-07-09T10:07:51.710146+00:00,04:07:51.411146,247,pre_dawn,F,M2_empty_history,no_valid_row_change,,,,7,62.24,66.2,91,2026-07-09T10:07:51.710146+00:00,2026-07-09T10:05:33.893806+00:00,0,,,7,62.24,66.2,0,false,false,7,62.24,66.2,0,false,false,7,62.24,66.2,0,false,false,7,62.24,66.2,0,false,false
C,denver,2026-07-09,20260709T070445316263-0400,2026-07-09T11:04:45.316263+00:00,05:04:45.058143,304,pre_dawn,F,M2_empty_history,no_valid_row_change,,,,7,58.82,62.24,91,2026-07-09T11:04:45.316263+00:00,2026-07-09T11:00:00.722572+00:00,0,,,7,58.82,62.24,0,false,false,7,58.82,62.24,0,false,false,7,58.82,62.24,0,false,false,7,58.82,62.24,0,false,false
C,denver,2026-07-10,20260710T030923037772-0400,2026-07-10T07:09:23.037772+00:00,01:09:19.924608,69,pre_dawn,F,M2_empty_history,no_valid_row_change,,,,7,62.96,63.68,90,2026-07-10T07:09:23.037772+00:00,2026-07-10T07:06:45.721203+00:00,0,,,7,62.96,63.68,0,false,false,7,62.96,63.68,0,false,false,7,62.96,63.68,0,false,false,7,62.96,63.68,0,false,false
C,denver,2026-07-10,20260710T050513976633-0400,2026-07-10T09:05:13.976633+00:00,03:05:13.659213,185,pre_dawn,F,M2_empty_history,no_valid_row_change,,,,7,58.46,63.68,90,2026-07-10T09:05:13.976633+00:00,2026-07-10T09:01:02.644397+00:00,0,,,7,58.46,63.68,0,false,false,7,58.46,63.68,0,false,false,7,58.46,63.68,0,false,false,7,58.46,63.68,0,false,false
C,denver,2026-07-10,20260710T062532858486-0400,2026-07-10T10:25:32.858486+00:00,04:25:32.529386,265,pre_dawn,F,M2_empty_history,no_valid_row_change,,,,7,57.74,58.46,90,2026-07-10T10:25:32.858486+00:00,2026-07-10T10:16:27.199383+00:00,0,,,7,57.74,58.46,0,false,false,7,57.74,58.46,0,false,false,7,57.74,58.46,0,false,false,7,57.74,58.46,0,false,false
C,denver,2026-07-10,20260710T074256468395-0400,2026-07-10T11:42:56.468395+00:00,05:42:55.867458,342,pre_dawn,F,M2_empty_history,no_valid_row_change,,,,7,56.84,57.74,90,2026-07-10T11:42:56.468395+00:00,2026-07-10T11:38:32.884029+00:00,0,,,7,56.84,57.74,0,false,false,7,56.84,57.74,0,false,false,7,56.84,57.74,0,false,false,7,56.84,57.74,0,false,false
C,denver,2026-07-10,20260710T130020331548-0400,2026-07-10T17:00:20.331548+00:00,11:00:18.775119,660,other,F,M2_empty_history,no_valid_row_change,,,,11,71.42,76.1,90,2026-07-10T17:00:20.331548+00:00,2026-07-10T16:51:48.668712+00:00,0,,,11,71.42,76.1,0,false,false,11,71.42,76.1,0,false,false,11,71.42,76.1,0,false,false,11,71.42,76.1,0,false,false
C,denver,2026-07-11,20260711T060911065367-0400,2026-07-11T10:09:11.065367+00:00,04:09:10.609106,249,pre_dawn,F,M2_empty_history,no_valid_row_change,,,,7,62.6,67.46,96,2026-07-11T10:09:11.065367+00:00,2026-07-11T10:04:55.146325+00:00,0,,,7,62.6,67.46,0,false,false,7,62.6,67.46,0,false,false,7,62.6,67.46,0,false,false,7,62.6,67.46,0,false,false
C,denver,2026-07-11,20260711T063207600803-0400,2026-07-11T10:32:07.600803+00:00,04:32:07.336451,272,pre_dawn,F,M2_empty_history,no_valid_row_change,,,,7,62.6,67.46,96,2026-07-11T10:32:07.600803+00:00,2026-07-11T10:31:24.294332+00:00,0,,,7,62.6,67.46,0,false,false,7,62.6,67.46,0,false,false,7,62.6,67.46,0,false,false,7,62.6,67.46,0,false,false
C,denver,2026-07-11,20260711T080511040510-0400,2026-07-11T12:05:11.040510+00:00,06:05:10.723476,365,pre_dawn,F,M2_empty_history,no_valid_row_change,,,,7,62.06,62.78,96,2026-07-11T12:05:11.040510+00:00,2026-07-11T12:03:05.976602+00:00,0,,,7,62.06,62.78,0,false,false,7,62.06,62.78,0,false,false,7,62.06,62.78,0,false,false,7,62.06,62.78,0,false,false
C,denver,2026-07-11,20260711T110524908793-0400,2026-07-11T15:05:24.908793+00:00,09:01:41.615176,541,other,F,M2_empty_history,no_valid_row_change,,,,9,70.52,74.3,96,2026-07-11T15:05:24.908793+00:00,2026-07-11T15:05:14.223919+00:00,0,,,9,70.52,74.3,0,false,false,9,70.52,74.3,0,false,false,9,70.52,74.3,0,false,false,9,70.52,74.3,0,false,false
C,denver,2026-07-11,20260711T163833368169-0400,2026-07-11T20:38:33.368169+00:00,14:38:32.459500,878,peak_heating_window,F,M2_empty_history,no_valid_row_change,,,,14,90.32,93.38,96,2026-07-11T20:38:33.368169+00:00,2026-07-11T20:33:35.803150+00:00,0,,,14,90.32,93.38,0,false,false,14,90.32,93.38,0,false,false,14,90.32,93.38,0,false,false,14,90.32,93.38,0,false,false
C,denver,2026-07-14,20260714T040333470676-0400,2026-07-14T08:03:33.470676+00:00,02:03:33.181069,123,pre_dawn,F,M2_empty_history,no_valid_row_change,,,,7,72.68,74.66,95,2026-07-14T08:03:33.470676+00:00,2026-07-14T07:59:54.653937+00:00,0,,,7,72.68,74.66,0,false,false,7,72.68,74.66,0,false,false,7,72.68,74.66,0,false,false,7,72.68,74.66,0,false,false
C,denver,2026-07-14,20260714T042121063224-0400,2026-07-14T08:21:21.063224+00:00,02:21:20.841162,141,pre_dawn,F,M2_empty_history,no_valid_row_change,,,,7,71.06,72.68,95,2026-07-14T08:21:21.063224+00:00,2026-07-14T08:18:07.942502+00:00,0,,,7,71.06,72.68,0,false,false,7,71.06,72.68,0,false,false,7,71.06,72.68,0,false,false,7,71.06,72.68,0,false,false
C,denver,2026-07-14,20260714T071427089721-0400,2026-07-14T11:14:27.089721+00:00,05:14:26.850731,314,pre_dawn,F,M2_empty_history,no_valid_row_change,,,,7,69.62,71.06,95,2026-07-14T11:14:27.089721+00:00,2026-07-14T11:10:59.784978+00:00,0,,,7,69.62,71.06,0,false,false,7,69.62,71.06,0,false,false,7,69.62,71.06,0,false,false,7,69.62,71.06,0,false,false
C,denver,2026-07-14,20260714T071630284419-0400,2026-07-14T11:16:30.284419+00:00,05:16:29.954047,316,pre_dawn,F,M2_empty_history,no_valid_row_change,,,,7,67.64,69.62,95,2026-07-14T11:16:30.284419+00:00,2026-07-14T11:14:27.089721+00:00,0,,,7,67.64,69.62,0,false,false,7,67.64,69.62,0,false,false,7,67.64,69.62,0,false,false,7,67.64,69.62,0,false,false
C,denver,2026-07-14,20260714T082525840073-0400,2026-07-14T12:25:25.840073+00:00,06:25:25.507426,385,pre_dawn,F,M2_empty_history,no_valid_row_change,,,,7,65.66,67.64,95,2026-07-14T12:25:25.840073+00:00,2026-07-14T12:23:58.964331+00:00,0,,,7,65.66,67.64,0,false,false,7,65.66,67.64,0,false,false,7,65.66,67.64,0,false,false,7,65.66,67.64,0,false,false
C,denver,2026-07-14,20260714T083628387474-0400,2026-07-14T12:36:28.387474+00:00,06:36:28.060034,396,pre_dawn,F,M2_empty_history,no_valid_row_change,,,,7,65.66,67.64,95,2026-07-14T12:36:28.387474+00:00,2026-07-14T12:35:45.974013+00:00,0,,,7,65.66,67.64,0,false,false,7,65.66,67.64,0,false,false,7,65.66,67.64,0,false,false,7,65.66,67.64,0,false,false
C,denver,2026-07-14,20260714T084345007999-0400,2026-07-14T12:43:45.007999+00:00,06:43:44.686082,403,pre_dawn,F,M2_empty_history,no_valid_row_change,,,,7,65.66,67.64,95,2026-07-14T12:43:45.007999+00:00,2026-07-14T12:42:41.435705+00:00,0,,,7,65.66,67.64,0,false,false,7,65.66,67.64,0,false,false,7,65.66,67.64,0,false,false,7,65.66,67.64,0,false,false
C,denver,2026-07-15,20260715T030737445389-0400,2026-07-15T07:07:37.445389+00:00,01:07:36.859569,67,pre_dawn,F,M2_empty_history,no_valid_row_change,,,,7,72.32,73.76,94,2026-07-15T07:07:37.445389+00:00,2026-07-15T06:59:53.829798+00:00,0,,,7,72.32,73.76,0,false,false,7,72.32,73.76,0,false,false,7,72.32,73.76,0,false,false,7,72.32,73.76,0,false,false
C,denver,2026-07-15,20260715T050736079252-0400,2026-07-15T09:07:36.079252+00:00,03:07:34.809083,187,pre_dawn,F,M2_empty_history,no_valid_row_change,,,,7,68.54,72.32,94,2026-07-15T09:07:36.079252+00:00,2026-07-15T09:06:34.583016+00:00,0,,,7,68.54,72.32,0,false,false,7,68.54,72.32,0,false,false,7,68.54,72.32,0,false,false,7,68.54,72.32,0,false,false
C,denver,2026-07-15,20260715T061540807898-0400,2026-07-15T10:15:40.807898+00:00,04:15:40.505304,255,pre_dawn,F,M2_empty_history,no_valid_row_change,,,,7,67.64,68.54,94,2026-07-15T10:15:40.807898+00:00,2026-07-15T10:11:14.462981+00:00,0,,,7,67.64,68.54,0,false,false,7,67.64,68.54,0,false,false,7,67.64,68.54,0,false,false,7,67.64,68.54,0,false,false
C,denver,2026-07-15,20260715T071044114902-0400,2026-07-15T11:10:44.114902+00:00,05:10:43.807690,310,pre_dawn,F,M2_empty_history,no_valid_row_change,,,,7,67.46,67.64,94,2026-07-15T11:10:44.114902+00:00,2026-07-15T11:05:55.123210+00:00,0,,,7,67.46,67.64,0,false,false,7,67.46,67.64,0,false,false,7,67.46,67.64,0,false,false,7,67.46,67.64,0,false,false
C,denver,2026-07-15,20260715T080943034547-0400,2026-07-15T12:09:43.034547+00:00,06:09:41.850463,369,pre_dawn,F,M2_empty_history,no_valid_row_change,,,,7,67.1,67.46,94,2026-07-15T12:09:43.034547+00:00,2026-07-15T12:00:34.195562+00:00,0,,,7,67.1,67.46,0,false,false,7,67.1,67.46,0,false,false,7,67.1,67.46,0,false,false,7,67.1,67.46,0,false,false
C,denver,2026-07-15,20260715T141246761342-0400,2026-07-15T18:12:46.761342+00:00,12:12:46.490153,732,settlement_window,F,M2_empty_history,no_valid_row_change,,,,12,78.44,87.08,94,2026-07-15T18:12:46.761342+00:00,2026-07-15T18:06:42.176619+00:00,0,,,12,78.44,87.08,0,false,false,12,78.44,87.08,0,false,false,12,78.44,87.08,0,false,false,12,78.44,87.08,0,false,false
C,denver,2026-07-15,20260715T170737858039-0400,2026-07-15T21:07:37.858039+00:00,15:07:36.521852,907,peak_heating_window,F,M2_empty_history,no_valid_row_change,,,,15,91.22,94.46,94,2026-07-15T21:07:37.858039+00:00,2026-07-15T21:06:35.213159+00:00,0,,,15,91.22,94.46,0,false,false,15,91.22,94.46,0,false,false,15,91.22,94.46,0,false,false,15,91.22,94.46,0,false,false
C,denver,2026-07-16,20260716T030746214564-0400,2026-07-16T07:07:46.214564+00:00,01:07:45.850256,67,pre_dawn,F,M2_empty_history,no_valid_row_change,,,,7,74.12,75.02,93,2026-07-16T07:07:46.214564+00:00,2026-07-16T07:05:08.176209+00:00,0,,,7,74.12,75.02,0,false,false,7,74.12,75.02,0,false,false,7,74.12,75.02,0,false,false,7,74.12,75.02,0,false,false
C,denver,2026-07-16,20260716T040749175636-0400,2026-07-16T08:07:49.175636+00:00,02:07:48.891259,127,pre_dawn,F,M2_empty_history,no_valid_row_change,,,,7,72.86,74.12,93,2026-07-16T08:07:49.175636+00:00,2026-07-16T07:59:47.647425+00:00,0,,,7,72.86,74.12,0,false,false,7,72.86,74.12,0,false,false,7,72.86,74.12,0,false,false,7,72.86,74.12,0,false,false
C,denver,2026-07-16,20260716T051543125830-0400,2026-07-16T09:15:43.125830+00:00,03:15:42.909480,195,pre_dawn,F,M2_empty_history,no_valid_row_change,,,,7,70.88,72.86,93,2026-07-16T09:15:43.125830+00:00,2026-07-16T09:12:33.764067+00:00,0,,,7,70.88,72.86,0,false,false,7,70.88,72.86,0,false,false,7,70.88,72.86,0,false,false,7,70.88,72.86,0,false,false
C,denver,2026-07-16,20260716T070647298481-0400,2026-07-16T11:06:47.298481+00:00,05:06:47.032835,306,pre_dawn,F,M2_empty_history,no_valid_row_change,,,,7,69.62,71.06,93,2026-07-16T11:06:47.298481+00:00,2026-07-16T11:01:47.255755+00:00,0,,,7,69.62,71.06,0,false,false,7,69.62,71.06,0,false,false,7,69.62,71.06,0,false,false,7,69.62,71.06,0,false,false
C,denver,2026-07-16,20260716T080745598041-0400,2026-07-16T12:07:45.598041+00:00,06:07:45.286324,367,pre_dawn,F,M2_empty_history,no_valid_row_change,,,,7,68.72,69.62,93,2026-07-16T12:07:45.598041+00:00,2026-07-16T12:05:34.116452+00:00,0,,,7,68.72,69.62,0,false,false,7,68.72,69.62,0,false,false,7,68.72,69.62,0,false,false,7,68.72,69.62,0,false,false
C,denver,2026-07-16,20260716T140200741185-0400,2026-07-16T18:02:00.741185+00:00,12:02:00.406774,722,settlement_window,F,M2_empty_history,no_valid_row_change,,,,12,78.62,81.86,93,2026-07-16T18:02:00.741185+00:00,2026-07-16T17:55:50.351349+00:00,0,,,12,78.62,81.86,0,false,false,12,78.62,81.86,0,false,false,12,78.62,81.86,0,false,false,12,78.62,81.86,0,false,false
C,denver,2026-07-16,20260716T141106928130-0400,2026-07-16T18:11:06.928130+00:00,12:11:06.677162,731,settlement_window,F,M2_empty_history,no_valid_row_change,,,,12,81.86,86,93,2026-07-16T18:11:06.928130+00:00,2026-07-16T18:08:08.363255+00:00,0,,,12,81.86,86,0,false,false,12,81.86,86,0,false,false,12,81.86,86,0,false,false,12,81.86,86,0,false,false
C,denver,2026-07-16,20260716T152057195060-0400,2026-07-16T19:20:57.195060+00:00,13:20:56.885002,800,settlement_window,F,M2_empty_history,no_valid_row_change,,,,13,86,89.24,93,2026-07-16T19:20:57.195060+00:00,2026-07-16T19:20:13.747715+00:00,0,,,13,86,89.24,0,false,false,13,86,89.24,0,false,false,13,86,89.24,0,false,false,13,86,89.24,0,false,false
C,denver,2026-07-17,20260717T030746983659-0400,2026-07-17T07:07:46.983659+00:00,01:07:46.407003,67,pre_dawn,F,M2_empty_history,no_valid_row_change,,,,7,72.86,73.94,93,2026-07-17T07:07:46.983659+00:00,2026-07-17T07:04:46.334985+00:00,0,,,7,72.86,73.94,0,false,false,7,72.86,73.94,0,false,false,7,72.86,73.94,0,false,false,7,72.86,73.94,0,false,false
C,denver,2026-07-17,20260717T042648854396-0400,2026-07-17T08:26:48.854396+00:00,02:26:48.335671,146,pre_dawn,F,M2_empty_history,no_valid_row_change,,,,7,71.42,72.86,93,2026-07-17T08:26:48.854396+00:00,2026-07-17T08:17:43.383558+00:00,0,,,7,71.42,72.86,0,false,false,7,71.42,72.86,0,false,false,7,71.42,72.86,0,false,false,7,71.42,72.86,0,false,false
C,denver,2026-07-17,20260717T043554524557-0400,2026-07-17T08:35:54.524557+00:00,02:35:53.299694,155,pre_dawn,F,M2_empty_history,no_valid_row_change,,,,7,71.42,72.86,93,2026-07-17T08:35:54.524557+00:00,2026-07-17T08:26:48.984169+00:00,0,,,7,71.42,72.86,0,false,false,7,71.42,72.86,0,false,false,7,71.42,72.86,0,false,false,7,71.42,72.86,0,false,false
C,denver,2026-07-17,20260717T051216363539-0400,2026-07-17T09:12:16.363539+00:00,03:12:15.225662,192,pre_dawn,F,M2_empty_history,no_valid_row_change,,,,7,70.52,71.42,93,2026-07-17T09:12:16.363539+00:00,2026-07-17T09:03:10.868469+00:00,0,,,7,70.52,71.42,0,false,false,7,70.52,71.42,0,false,false,7,70.52,71.42,0,false,false,7,70.52,71.42,0,false,false
C,denver,2026-07-17,20260717T070350952143-0400,2026-07-17T11:03:50.952143+00:00,05:03:50.671772,303,pre_dawn,F,M2_empty_history,no_valid_row_change,,,,7,69.8,70.52,93,2026-07-17T11:03:50.952143+00:00,2026-07-17T11:01:43.163464+00:00,0,,,7,69.8,70.52,0,false,false,7,69.8,70.52,0,false,false,7,69.8,70.52,0,false,false,7,69.8,70.52,0,false,false
C,denver,2026-07-17,20260717T071051582643-0400,2026-07-17T11:10:51.582643+00:00,05:10:50.523813,310,pre_dawn,F,M2_empty_history,no_valid_row_change,,,,7,69.62,69.8,93,2026-07-17T11:10:51.582643+00:00,2026-07-17T11:03:50.952143+00:00,0,,,7,69.62,69.8,0,false,false,7,69.62,69.8,0,false,false,7,69.62,69.8,0,false,false,7,69.62,69.8,0,false,false
C,denver,2026-07-17,20260717T080610497599-0400,2026-07-17T12:06:10.497599+00:00,06:06:10.230059,366,pre_dawn,F,M2_empty_history,no_valid_row_change,,,,7,67.28,69.62,93,2026-07-17T12:06:10.497599+00:00,2026-07-17T12:05:31.396173+00:00,0,,,7,67.28,69.62,0,false,false,7,67.28,69.62,0,false,false,7,67.28,69.62,0,false,false,7,67.28,69.62,0,false,false
C,denver,2026-07-18,20260718T045932139533-0400,2026-07-18T08:59:32.139533+00:00,02:59:31.933640,179,pre_dawn,F,M2_empty_history,no_valid_row_change,,,,7,71.78,74.84,94,2026-07-18T08:59:32.139533+00:00,2026-07-18T08:57:24.224646+00:00,0,,,7,71.78,74.84,0,false,false,7,71.78,74.84,0,false,false,7,71.78,74.84,0,false,false,7,71.78,74.84,0,false,false
C,denver,2026-07-18,20260718T050840261187-0400,2026-07-18T09:08:40.261187+00:00,03:08:40.044834,188,pre_dawn,F,M2_empty_history,no_valid_row_change,,,,7,70.52,71.78,94,2026-07-18T09:08:40.261187+00:00,2026-07-18T09:06:30.088597+00:00,0,,,7,70.52,71.78,0,false,false,7,70.52,71.78,0,false,false,7,70.52,71.78,0,false,false,7,70.52,71.78,0,false,false
C,denver,2026-07-18,20260718T070144419851-0400,2026-07-18T11:01:44.419851+00:00,05:01:44.171063,301,pre_dawn,F,M2_empty_history,no_valid_row_change,,,,7,66.02,70.52,94,2026-07-18T11:01:44.419851+00:00,2026-07-18T10:55:41.754253+00:00,0,,,7,66.02,70.52,0,false,false,7,66.02,70.52,0,false,false,7,66.02,70.52,0,false,false,7,66.02,70.52,0,false,false
C,denver,2026-07-18,20260718T073207152722-0400,2026-07-18T11:32:07.152722+00:00,05:32:06.236117,332,pre_dawn,F,M2_empty_history,no_valid_row_change,,,,7,65.48,66.02,94,2026-07-18T11:32:07.152722+00:00,2026-07-18T11:27:32.822402+00:00,0,,,7,65.48,66.02,0,false,false,7,65.48,66.02,0,false,false,7,65.48,66.02,0,false,false,7,65.48,66.02,0,false,false
C,denver,2026-07-18,20260718T081740189173-0400,2026-07-18T12:17:40.189173+00:00,06:17:39.293636,377,pre_dawn,F,M2_empty_history,no_valid_row_change,,,,7,64.76,65.48,94,2026-07-18T12:17:40.189173+00:00,2026-07-18T12:08:33.471866+00:00,0,,,7,64.76,65.48,0,false,false,7,64.76,65.48,0,false,false,7,64.76,65.48,0,false,false,7,64.76,65.48,0,false,false
C,denver,2026-07-18,20260718T140053840015-0400,2026-07-18T18:00:53.840015+00:00,12:00:53.552971,720,settlement_window,F,M2_empty_history,no_valid_row_change,,,,12,78.98,82.4,94,2026-07-18T18:00:53.840015+00:00,2026-07-18T17:57:12.679058+00:00,0,,,12,78.98,82.4,0,false,false,12,78.98,82.4,0,false,false,12,78.98,82.4,0,false,false,12,78.98,82.4,0,false,false
C,denver,2026-07-19,20260719T030935846032-0400,2026-07-19T07:09:35.846032+00:00,01:09:35.433727,69,pre_dawn,F,M2_empty_history,no_valid_row_change,,,,7,75.2,77.72,98,2026-07-19T07:09:35.846032+00:00,2026-07-19T07:04:29.899159+00:00,0,,,7,75.2,77.72,0,false,false,7,75.2,77.72,0,false,false,7,75.2,77.72,0,false,false,7,75.2,77.72,0,false,false
C,denver,2026-07-19,20260719T040049031304-0400,2026-07-19T08:00:49.031304+00:00,02:00:48.733479,120,pre_dawn,F,M2_empty_history,no_valid_row_change,,,,7,74.3,75.2,98,2026-07-19T08:00:49.031304+00:00,2026-07-19T07:59:21.559570+00:00,0,,,7,74.3,75.2,0,false,false,7,74.3,75.2,0,false,false,7,74.3,75.2,0,false,false,7,74.3,75.2,0,false,false
C,denver,2026-07-19,20260719T050833224812-0400,2026-07-19T09:08:33.224812+00:00,03:08:32.962376,188,pre_dawn,F,M2_empty_history,no_valid_row_change,,,,7,73.04,74.3,98,2026-07-19T09:08:33.224812+00:00,2026-07-19T09:03:01.490509+00:00,0,,,7,73.04,74.3,0,false,false,7,73.04,74.3,0,false,false,7,73.04,74.3,0,false,false,7,73.04,74.3,0,false,false
C,denver,2026-07-19,20260719T062240144192-0400,2026-07-19T10:22:40.144192+00:00,04:22:39.853814,262,pre_dawn,F,M2_empty_history,no_valid_row_change,,,,7,71.78,73.04,98,2026-07-19T10:22:40.144192+00:00,2026-07-19T10:15:50.428369+00:00,0,,,7,71.78,73.04,0,false,false,7,71.78,73.04,0,false,false,7,71.78,73.04,0,false,false,7,71.78,73.04,0,false,false
C,denver,2026-07-19,20260719T072835559507-0400,2026-07-19T11:28:35.559507+00:00,05:28:35.339194,328,pre_dawn,F,M2_empty_history,no_valid_row_change,,,,7,69.08,71.78,98,2026-07-19T11:28:35.559507+00:00,2026-07-19T11:19:39.143614+00:00,0,,,7,69.08,71.78,0,false,false,7,69.08,71.78,0,false,false,7,69.08,71.78,0,false,false,7,69.08,71.78,0,false,false
C,denver,2026-07-19,20260719T081243322234-0400,2026-07-19T12:12:43.322234+00:00,06:12:43.072870,372,pre_dawn,F,M2_empty_history,no_valid_row_change,,,,7,67.46,69.08,98,2026-07-19T12:12:43.322234+00:00,2026-07-19T12:05:13.442834+00:00,0,,,7,67.46,69.08,0,false,false,7,67.46,69.08,0,false,false,7,67.46,69.08,0,false,false,7,67.46,69.08,0,false,false
C,denver,2026-07-19,20260719T093349441573-0400,2026-07-19T13:33:49.441573+00:00,07:33:48.853228,453,other,F,M2_empty_history,no_valid_row_change,,,,7,67.46,69.62,98,2026-07-19T13:33:49.441573+00:00,2026-07-19T13:31:38.510226+00:00,0,,,7,67.46,69.62,0,false,false,7,67.46,69.62,0,false,false,7,67.46,69.62,0,false,false,7,67.46,69.62,0,false,false
C,denver,2026-07-19,20260719T111246668154-0400,2026-07-19T15:12:46.668154+00:00,09:12:46.196607,552,other,F,M2_empty_history,no_valid_row_change,,,,9,74.3,78.98,98,2026-07-19T15:12:46.668154+00:00,2026-07-19T15:12:46.396381+00:00,0,,,9,74.3,78.98,0,false,false,9,74.3,78.98,0,false,false,9,74.3,78.98,0,false,false,9,74.3,78.98,0,false,false
C,denver,2026-07-20,20260720T080243579349-0400,2026-07-20T12:02:43.579349+00:00,06:02:43.289229,362,pre_dawn,F,M2_empty_history,no_valid_row_change,,,,7,72.68,75.38,100,2026-07-20T12:02:43.579349+00:00,2026-07-20T11:59:08.843636+00:00,0,,,7,72.68,75.38,0,false,false,7,72.68,75.38,0,false,false,7,72.68,75.38,0,false,false,7,72.68,75.38,0,false,false
C,denver,2026-07-20,20260720T080941478195-0400,2026-07-20T12:09:41.478195+00:00,06:09:41.242249,369,pre_dawn,F,M2_empty_history,no_valid_row_change,,,,7,70.88,72.68,100,2026-07-20T12:09:41.478195+00:00,2026-07-20T12:08:15.985051+00:00,0,,,7,70.88,72.68,0,false,false,7,70.88,72.68,0,false,false,7,70.88,72.68,0,false,false,7,70.88,72.68,0,false,false
C,denver,2026-07-20,20260720T102401093691-0400,2026-07-20T14:24:01.093691+00:00,08:24:00.752799,504,other,F,M2_empty_history,no_valid_row_change,,,,8,73.76,79.88,100,2026-07-20T14:24:01.093691+00:00,2026-07-20T14:18:47.072576+00:00,0,,,8,73.76,79.88,0,false,false,8,73.76,79.88,0,false,false,8,73.76,79.88,0,false,false,8,73.76,79.88,0,false,false
C,denver,2026-07-21,20260721T072337066745-0400,2026-07-21T11:23:37.066745+00:00,05:23:35.883189,323,pre_dawn,F,M2_empty_history,no_valid_row_change,,,,7,76.82,82.22,97,2026-07-21T11:23:37.066745+00:00,2026-07-21T11:14:25.063686+00:00,0,,,7,76.82,82.22,0,false,false,7,76.82,82.22,0,false,false,7,76.82,82.22,0,false,false,7,76.82,82.22,0,false,false
C,denver,2026-07-21,20260721T073243528534-0400,2026-07-21T11:32:43.528534+00:00,05:32:42.501821,332,pre_dawn,F,M2_empty_history,no_valid_row_change,,,,7,71.24,76.82,97,2026-07-21T11:32:43.528534+00:00,2026-07-21T11:23:37.066745+00:00,0,,,7,71.24,76.82,0,false,false,7,71.24,76.82,0,false,false,7,71.24,76.82,0,false,false,7,71.24,76.82,0,false,false
C,denver,2026-07-21,20260721T083634901646-0400,2026-07-21T12:36:34.901646+00:00,06:36:33.651031,396,pre_dawn,F,M2_empty_history,no_valid_row_change,,,,7,67.1,71.24,97,2026-07-21T12:36:34.901646+00:00,2026-07-21T12:27:27.837406+00:00,0,,,7,67.1,71.24,0,false,false,7,67.1,71.24,0,false,false,7,67.1,71.24,0,false,false,7,67.1,71.24,0,false,false
C,denver,2026-07-21,20260721T130748015313-0400,2026-07-21T17:07:48.015313+00:00,11:07:47.779804,667,other,F,M2_empty_history,no_valid_row_change,,,,11,68.9,76.1,97,2026-07-21T17:07:48.015313+00:00,2026-07-21T17:04:32.441755+00:00,0,,,11,68.9,76.1,0,false,false,11,68.9,76.1,0,false,false,11,68.9,76.1,0,false,false,11,68.9,76.1,0,false,false
C,denver,2026-07-21,20260721T150406865783-0400,2026-07-21T19:04:06.865783+00:00,13:04:06.249366,784,settlement_window,F,M2_empty_history,no_valid_row_change,,,,13,79.88,82.4,97,2026-07-21T19:04:06.865783+00:00,2026-07-21T18:55:17.728591+00:00,0,,,13,79.88,82.4,0,false,false,13,79.88,82.4,0,false,false,13,79.88,82.4,0,false,false,13,79.88,82.4,0,false,false
C,denver,2026-07-22,20260722T062627238810-0400,2026-07-22T10:26:27.238810+00:00,04:26:26.890865,266,pre_dawn,F,M2_empty_history,no_valid_row_change,,,,7,67.46,67.64,94,2026-07-22T10:26:27.238810+00:00,2026-07-22T10:17:32.961385+00:00,0,,,7,67.46,67.64,0,false,false,7,67.46,67.64,0,false,false,7,67.46,67.64,0,false,false,7,67.46,67.64,0,false,false
C,denver,2026-07-22,20260722T101338700996-0400,2026-07-22T14:13:38.700996+00:00,08:13:38.365192,493,other,F,M2_empty_history,no_valid_row_change,,,,8,67.46,74.48,94,2026-07-22T14:13:38.700996+00:00,2026-07-22T14:12:33.025055+00:00,0,,,8,67.46,74.48,0,false,false,8,67.46,74.48,0,false,false,8,67.46,74.48,0,false,false,8,67.46,74.48,0,false,false
C,denver,2026-07-22,20260722T160035975787-0400,2026-07-22T20:00:35.975787+00:00,14:00:35.634081,840,peak_heating_window,F,M2_empty_history,no_valid_row_change,,,,14,86.54,90.68,94,2026-07-22T20:00:35.975787+00:00,2026-07-22T19:52:26.099211+00:00,0,,,14,86.54,90.68,0,false,false,14,86.54,90.68,0,false,false,14,86.54,90.68,0,false,false,14,86.54,90.68,0,false,false
C,denver,2026-07-23,20260723T040824778863-0400,2026-07-23T08:08:24.778863+00:00,02:08:23.821627,128,pre_dawn,F,M2_empty_history,no_valid_row_change,,,,7,68.9,69.62,85,2026-07-23T08:08:24.778863+00:00,2026-07-23T07:59:15.737784+00:00,0,,,7,68.9,69.62,0,false,false,7,68.9,69.62,0,false,false,7,68.9,69.62,0,false,false,7,68.9,69.62,0,false,false
C,denver,2026-07-23,20260723T050842507690-0400,2026-07-23T09:08:42.507690+00:00,03:08:42.176442,188,pre_dawn,F,M2_empty_history,no_valid_row_change,,,,7,67.46,68.9,85,2026-07-23T09:08:42.507690+00:00,2026-07-23T09:04:10.661670+00:00,0,,,7,67.46,68.9,0,false,false,7,67.46,68.9,0,false,false,7,67.46,68.9,0,false,false,7,67.46,68.9,0,false,false
C,denver,2026-07-23,20260723T062603505548-0400,2026-07-23T10:26:03.505548+00:00,04:26:02.598257,266,pre_dawn,F,M2_empty_history,no_valid_row_change,,,,7,67.28,67.46,85,2026-07-23T10:26:03.505548+00:00,2026-07-23T10:17:40.690098+00:00,0,,,7,67.28,67.46,0,false,false,7,67.28,67.46,0,false,false,7,67.28,67.46,0,false,false,7,67.28,67.46,0,false,false
C,denver,2026-07-23,20260723T071430727722-0400,2026-07-23T11:14:30.727722+00:00,05:14:30.538511,314,pre_dawn,F,M2_empty_history,no_valid_row_change,,,,7,66.2,67.28,85,2026-07-23T11:14:30.727722+00:00,2026-07-23T11:11:31.715926+00:00,0,,,7,66.2,67.28,0,false,false,7,66.2,67.28,0,false,false,7,66.2,67.28,0,false,false,7,66.2,67.28,0,false,false
C,denver,2026-07-23,20260723T072944214647-0400,2026-07-23T11:29:44.214647+00:00,05:29:43.313293,329,pre_dawn,F,M2_empty_history,no_valid_row_change,,,,7,66.2,67.28,85,2026-07-23T11:29:44.214647+00:00,2026-07-23T11:29:33.966135+00:00,0,,,7,66.2,67.28,0,false,false,7,66.2,67.28,0,false,false,7,66.2,67.28,0,false,false,7,66.2,67.28,0,false,false
C,denver,2026-07-23,20260723T080931622625-0400,2026-07-23T12:09:31.622625+00:00,06:09:31.396573,369,pre_dawn,F,M2_empty_history,no_valid_row_change,,,,7,65.12,66.2,85,2026-07-23T12:09:31.622625+00:00,2026-07-23T12:06:10.483167+00:00,0,,,7,65.12,66.2,0,false,false,7,65.12,66.2,0,false,false,7,65.12,66.2,0,false,false,7,65.12,66.2,0,false,false
C,denver,2026-07-23,20260723T082124749776-0400,2026-07-23T12:21:24.749776+00:00,06:21:24.457515,381,pre_dawn,F,M2_empty_history,no_valid_row_change,,,,7,65.12,66.2,85,2026-07-23T12:21:24.749776+00:00,2026-07-23T12:20:45.110711+00:00,0,,,7,65.12,66.2,0,false,false,7,65.12,66.2,0,false,false,7,65.12,66.2,0,false,false,7,65.12,66.2,0,false,false
C,denver,2026-07-24,20260724T030823319428-0400,2026-07-24T07:08:23.319428+00:00,01:08:23.056890,68,pre_dawn,F,M2_empty_history,no_valid_row_change,,,,7,69.08,69.8,96,2026-07-24T07:08:23.319428+00:00,2026-07-24T07:05:08.451620+00:00,0,,,7,69.08,69.8,0,false,false,7,69.08,69.8,0,false,false,7,69.08,69.8,0,false,false,7,69.08,69.8,0,false,false
C,denver,2026-07-24,20260724T055303629070-0400,2026-07-24T09:53:03.629070+00:00,03:53:02.565573,233,pre_dawn,F,M2_empty_history,no_valid_row_change,,,,7,68.72,69.08,96,2026-07-24T09:53:03.629070+00:00,2026-07-24T09:43:58.339392+00:00,0,,,7,68.72,69.08,0,false,false,7,68.72,69.08,0,false,false,7,68.72,69.08,0,false,false,7,68.72,69.08,0,false,false
C,denver,2026-07-24,20260724T063622492870-0400,2026-07-24T10:36:22.492870+00:00,04:36:22.240316,276,pre_dawn,F,M2_empty_history,no_valid_row_change,,,,7,68,68.72,96,2026-07-24T10:36:22.492870+00:00,2026-07-24T10:29:38.551691+00:00,0,,,7,68,68.72,0,false,false,7,68,68.72,0,false,false,7,68,68.72,0,false,false,7,68,68.72,0,false,false
C,denver,2026-07-24,20260724T081854699086-0400,2026-07-24T12:18:54.699086+00:00,06:18:53.707087,378,pre_dawn,F,M2_empty_history,no_valid_row_change,,,,7,67.82,68,96,2026-07-24T12:18:54.699086+00:00,2026-07-24T12:09:46.601920+00:00,0,,,7,67.82,68,0,false,false,7,67.82,68,0,false,false,7,67.82,68,0,false,false,7,67.82,68,0,false,false
C,denver,2026-07-24,20260724T083824137774-0400,2026-07-24T12:38:24.137774+00:00,06:38:23.966369,398,pre_dawn,F,M2_empty_history,no_valid_row_change,,,,7,66.92,67.82,96,2026-07-24T12:38:24.137774+00:00,2026-07-24T12:37:06.631985+00:00,0,,,7,66.92,67.82,0,false,false,7,66.92,67.82,0,false,false,7,66.92,67.82,0,false,false,7,66.92,67.82,0,false,false
C,denver,2026-07-24,20260724T102626998584-0400,2026-07-24T14:26:26.998584+00:00,08:26:26.764320,506,other,F,M2_empty_history,no_valid_row_change,,,,8,69.98,75.2,96,2026-07-24T14:26:26.998584+00:00,2026-07-24T14:17:17.562978+00:00,0,,,8,69.98,75.2,0,false,false,8,69.98,75.2,0,false,false,8,69.98,75.2,0,false,false,8,69.98,75.2,0,false,false
C,denver,2026-07-24,20260724T182433110514-0400,2026-07-24T22:24:33.110514+00:00,16:24:32.879776,984,peak_heating_window,F,M2_empty_history,no_valid_row_change,,,,16,94.28,95.72,96,2026-07-24T22:24:33.110514+00:00,2026-07-24T22:21:16.079500+00:00,0,,,16,94.28,95.72,0,false,false,16,94.28,95.72,0,false,false,16,94.28,95.72,0,false,false,16,94.28,95.72,0,false,false
C,denver,2026-07-25,20260725T033731631322-0400,2026-07-25T07:37:31.631322+00:00,01:37:31.426015,97,pre_dawn,F,M2_empty_history,no_valid_row_change,,,,7,74.3,74.84,101,2026-07-25T07:37:31.631322+00:00,2026-07-25T07:32:58.135458+00:00,0,,,7,74.3,74.84,0,false,false,7,74.3,74.84,0,false,false,7,74.3,74.84,0,false,false,7,74.3,74.84,0,false,false
C,denver,2026-07-25,20260725T080036411002-0400,2026-07-25T12:00:36.411002+00:00,06:00:36.176833,360,pre_dawn,F,M2_empty_history,no_valid_row_change,,,,7,73.04,75.74,101,2026-07-25T12:00:36.411002+00:00,2026-07-25T11:57:26.131382+00:00,0,,,7,73.04,75.74,0,false,false,7,73.04,75.74,0,false,false,7,73.04,75.74,0,false,false,7,73.04,75.74,0,false,false
C,denver,2026-07-25,20260725T080733870874-0400,2026-07-25T12:07:33.870874+00:00,06:07:33.680470,367,pre_dawn,F,M2_empty_history,no_valid_row_change,,,,7,70.52,73.04,101,2026-07-25T12:07:33.870874+00:00,2026-07-25T12:06:33.879657+00:00,0,,,7,70.52,73.04,0,false,false,7,70.52,73.04,0,false,false,7,70.52,73.04,0,false,false,7,70.52,73.04,0,false,false
C,denver,2026-07-25,20260725T090728496079-0400,2026-07-25T13:07:28.496079+00:00,07:07:28.284145,427,other,F,M2_empty_history,no_valid_row_change,,,,7,69.98,70.52,101,2026-07-25T13:07:28.496079+00:00,2026-07-25T13:01:20.475821+00:00,0,,,7,69.98,70.52,0,false,false,7,69.98,70.52,0,false,false,7,69.98,70.52,0,false,false,7,69.98,70.52,0,false,false
C,denver,2026-07-25,20260725T111441489561-0400,2026-07-25T15:14:41.489561+00:00,09:14:41.270429,554,other,F,M2_empty_history,no_valid_row_change,,,,9,78.98,82.58,101,2026-07-25T15:14:41.489561+00:00,2026-07-25T15:11:29.304370+00:00,0,,,9,78.98,82.58,0,false,false,9,78.98,82.58,0,false,false,9,78.98,82.58,0,false,false,9,78.98,82.58,0,false,false
C,denver,2026-07-25,20260725T130026384694-0400,2026-07-25T17:00:26.384694+00:00,11:00:26.155897,660,other,F,M2_empty_history,no_valid_row_change,,,,11,78.98,86.54,101,2026-07-25T17:00:26.384694+00:00,2026-07-25T16:57:59.194371+00:00,0,,,11,78.98,86.54,0,false,false,11,78.98,86.54,0,false,false,11,78.98,86.54,0,false,false,11,78.98,86.54,0,false,false
C,denver,2026-07-25,20260725T133632851675-0400,2026-07-25T17:36:32.851675+00:00,11:36:32.623893,696,other,F,M2_empty_history,no_valid_row_change,,,,11,86.54,91.58,101,2026-07-25T17:36:32.851675+00:00,2026-07-25T17:34:28.010043+00:00,0,,,11,86.54,91.58,0,false,false,11,86.54,91.58,0,false,false,11,86.54,91.58,0,false,false,11,86.54,91.58,0,false,false
C,denver,2026-07-25,20260725T141052470827-0400,2026-07-25T18:10:52.470827+00:00,12:10:51.489917,730,settlement_window,F,M2_empty_history,no_valid_row_change,,,,12,91.58,95,101,2026-07-25T18:10:52.470827+00:00,2026-07-25T18:10:43.903377+00:00,0,,,12,91.58,95,0,false,false,12,91.58,95,0,false,false,12,91.58,95,0,false,false,12,91.58,95,0,false,false
C,denver,2026-07-25,20260725T150824702108-0400,2026-07-25T19:08:24.702108+00:00,13:08:24.533714,788,settlement_window,F,M2_empty_history,no_valid_row_change,,,,13,86.54,95,101,2026-07-25T19:08:24.702108+00:00,2026-07-25T19:05:37.722489+00:00,0,,,13,86.54,95,0,false,false,13,86.54,95,0,false,false,13,86.54,95,0,false,false,13,86.54,95,0,false,false
C,denver,2026-07-26,20260726T040837443178-0400,2026-07-26T08:08:37.443178+00:00,02:08:37.217483,128,pre_dawn,F,M2_empty_history,no_valid_row_change,,,,7,76.46,79.7,101,2026-07-26T08:08:37.443178+00:00,2026-07-26T08:01:34.181491+00:00,0,,,7,76.46,79.7,0,false,false,7,76.46,79.7,0,false,false,7,76.46,79.7,0,false,false,7,76.46,79.7,0,false,false
C,denver,2026-07-26,20260726T050942250009-0400,2026-07-26T09:09:42.250009+00:00,03:09:41.903323,189,pre_dawn,F,M2_empty_history,no_valid_row_change,,,,7,75.2,76.46,101,2026-07-26T09:09:42.250009+00:00,2026-07-26T09:08:11.631286+00:00,0,,,7,75.2,76.46,0,false,false,7,75.2,76.46,0,false,false,7,75.2,76.46,0,false,false,7,75.2,76.46,0,false,false
C,denver,2026-07-26,20260726T063027308871-0400,2026-07-26T10:30:27.308871+00:00,04:30:27.134323,270,pre_dawn,F,M2_empty_history,no_valid_row_change,,,,7,72.68,75.2,101,2026-07-26T10:30:27.308871+00:00,2026-07-26T10:22:37.377596+00:00,0,,,7,72.68,75.2,0,false,false,7,72.68,75.2,0,false,false,7,72.68,75.2,0,false,false,7,72.68,75.2,0,false,false
C,denver,2026-07-26,20260726T072621732770-0400,2026-07-26T11:26:21.732770+00:00,05:26:20.643067,326,pre_dawn,F,M2_empty_history,no_valid_row_change,,,,7,71.96,72.68,101,2026-07-26T11:26:21.732770+00:00,2026-07-26T11:17:15.525002+00:00,0,,,7,71.96,72.68,0,false,false,7,71.96,72.68,0,false,false,7,71.96,72.68,0,false,false,7,71.96,72.68,0,false,false
C,denver,2026-07-26,20260726T083915659832-0400,2026-07-26T12:39:15.659832+00:00,06:39:14.395077,399,pre_dawn,F,M2_empty_history,no_valid_row_change,,,,7,71.96,72.14,101,2026-07-26T12:39:15.659832+00:00,2026-07-26T12:30:08.568170+00:00,0,,,7,71.96,72.14,0,false,false,7,71.96,72.14,0,false,false,7,71.96,72.14,0,false,false,7,71.96,72.14,0,false,false
C,denver,2026-07-26,20260726T170037547842-0400,2026-07-26T21:00:37.547842+00:00,15:00:37.286846,900,peak_heating_window,F,M2_empty_history,no_valid_row_change,,,,15,99.86,100.76,101,2026-07-26T21:00:37.547842+00:00,2026-07-26T20:51:45.653046+00:00,0,,,15,99.86,100.76,0,false,false,15,99.86,100.76,0,false,false,15,99.86,100.76,0,false,false,15,99.86,100.76,0,false,false
C,denver,2026-07-27,20260727T041655231132-0400,2026-07-27T08:16:55.231132+00:00,02:16:54.276279,136,pre_dawn,F,M2_empty_history,no_valid_row_change,,,,7,81.5,82.22,92,2026-07-27T08:16:55.231132+00:00,2026-07-27T08:07:51.702495+00:00,0,,,7,81.5,82.22,0,false,false,7,81.5,82.22,0,false,false,7,81.5,82.22,0,false,false,7,81.5,82.22,0,false,false
C,denver,2026-07-27,20260727T071105551642-0400,2026-07-27T11:11:05.551642+00:00,05:11:04.473141,311,pre_dawn,F,M2_empty_history,no_valid_row_change,,,,7,79.16,81.5,92,2026-07-27T11:11:05.551642+00:00,2026-07-27T11:01:56.524883+00:00,0,,,7,79.16,81.5,0,false,false,7,79.16,81.5,0,false,false,7,79.16,81.5,0,false,false,7,79.16,81.5,0,false,false
C,denver,2026-07-27,20260727T072011589552-0400,2026-07-27T11:20:11.589552+00:00,05:20:10.458892,320,pre_dawn,F,M2_empty_history,no_valid_row_change,,,,7,77.36,79.16,92,2026-07-27T11:20:11.589552+00:00,2026-07-27T11:11:05.551642+00:00,0,,,7,77.36,79.16,0,false,false,7,77.36,79.16,0,false,false,7,77.36,79.16,0,false,false,7,77.36,79.16,0,false,false
C,denver,2026-07-27,20260727T081452139120-0400,2026-07-27T12:14:52.139120+00:00,06:14:51.047841,374,pre_dawn,F,M2_empty_history,no_valid_row_change,,,,7,74.84,77.36,92,2026-07-27T12:14:52.139120+00:00,2026-07-27T12:05:45.579218+00:00,0,,,7,74.84,77.36,0,false,false,7,74.84,77.36,0,false,false,7,74.84,77.36,0,false,false,7,74.84,77.36,0,false,false
C,denver,2026-07-28,20260728T065931899004-0400,2026-07-28T10:59:31.899004+00:00,04:59:31.568305,299,pre_dawn,F,M2_empty_history,no_valid_row_change,,,,7,69.62,71.6,92,2026-07-28T10:59:31.899004+00:00,2026-07-28T10:55:25.753464+00:00,0,,,7,69.62,71.6,0,false,false,7,69.62,71.6,0,false,false,7,69.62,71.6,0,false,false,7,69.62,71.6,0,false,false
C,denver,2026-07-28,20260728T081003151941-0400,2026-07-28T12:10:03.151941+00:00,06:10:02.942602,370,pre_dawn,F,M2_empty_history,no_valid_row_change,,,,7,68,69.62,92,2026-07-28T12:10:03.151941+00:00,2026-07-28T12:08:20.414277+00:00,0,,,7,68,69.62,0,false,false,7,68,69.62,0,false,false,7,68,69.62,0,false,false,7,68,69.62,0,false,false
C,denver,2026-07-28,20260728T132937646891-0400,2026-07-28T17:29:37.646891+00:00,11:29:37.410370,689,other,F,M2_empty_history,no_valid_row_change,,,,11,82.94,86.54,92,2026-07-28T17:29:37.646891+00:00,2026-07-28T17:27:26.936249+00:00,0,,,11,82.94,86.54,0,false,false,11,82.94,86.54,0,false,false,11,82.94,86.54,0,false,false,11,82.94,86.54,0,false,false
C,denver,2026-07-29,20260729T041908192416-0400,2026-07-29T08:19:08.192416+00:00,02:19:06.970939,139,pre_dawn,F,M2_empty_history,no_valid_row_change,,,,7,67.82,70.7,90,2026-07-29T08:19:08.192416+00:00,2026-07-29T08:09:58.450700+00:00,0,,,7,67.82,70.7,0,false,false,7,67.82,70.7,0,false,false,7,67.82,70.7,0,false,false,7,67.82,70.7,0,false,false
C,denver,2026-07-29,20260729T063631331514-0400,2026-07-29T10:36:31.331514+00:00,04:36:30.146565,276,pre_dawn,F,M2_empty_history,no_valid_row_change,,,,7,67.82,68.36,90,2026-07-29T10:36:31.331514+00:00,2026-07-29T10:27:24.649930+00:00,0,,,7,67.82,68.36,0,false,false,7,67.82,68.36,0,false,false,7,67.82,68.36,0,false,false,7,67.82,68.36,0,false,false
C,denver,2026-07-29,20260729T121325466604-0400,2026-07-29T16:13:25.466604+00:00,10:13:24.433429,613,other,F,M2_empty_history,no_valid_row_change,,,,10,80.24,84.92,90,2026-07-29T16:13:25.466604+00:00,2026-07-29T16:09:25.396960+00:00,0,,,10,80.24,84.92,0,false,false,10,80.24,84.92,0,false,false,10,80.24,84.92,0,false,false,10,80.24,84.92,0,false,false
C,denver,2026-07-30,20260730T050836474022-0400,2026-07-30T09:08:36.474022+00:00,03:08:36.105343,188,pre_dawn,F,M2_empty_history,no_valid_row_change,,,,7,66.2,68.54,94,2026-07-30T09:08:36.474022+00:00,2026-07-30T09:04:12.029464+00:00,0,,,7,66.2,68.54,0,false,false,7,66.2,68.54,0,false,false,7,66.2,68.54,0,false,false,7,66.2,68.54,0,false,false
C,denver,2026-07-30,20260730T062611893557-0400,2026-07-30T10:26:11.893557+00:00,04:26:10.820474,266,pre_dawn,F,M2_empty_history,no_valid_row_change,,,,7,66.02,66.2,94,2026-07-30T10:26:11.893557+00:00,2026-07-30T10:17:05.264708+00:00,0,,,7,66.02,66.2,0,false,false,7,66.02,66.2,0,false,false,7,66.02,66.2,0,false,false,7,66.02,66.2,0,false,false
C,denver,2026-07-30,20260730T080939908246-0400,2026-07-30T12:09:39.908246+00:00,06:09:39.644231,369,pre_dawn,F,M2_empty_history,no_valid_row_change,,,,7,65.66,68,94,2026-07-30T12:09:39.908246+00:00,2026-07-30T12:06:22.697029+00:00,0,,,7,65.66,68,0,false,false,7,65.66,68,0,false,false,7,65.66,68,0,false,false,7,65.66,68,0,false,false
C,houston,2026-07-03,20260703T015840-0400,2026-07-03T05:58:40.578838+00:00,00:58:40.370756,58,pre_dawn,F,M2_empty_history,no_valid_row_change,,,,7,80.06,80.96,96,2026-07-03T05:58:40.578838+00:00,2026-07-03T05:41:43.598678+00:00,0,,,7,80.06,80.96,0,false,false,7,80.06,80.96,0,false,false,7,80.06,80.96,0,false,false,7,80.06,80.96,0,false,false
C,houston,2026-07-03,20260703T025619-0400,2026-07-03T06:56:19.884191+00:00,01:56:19.189074,116,pre_dawn,F,M2_empty_history,no_valid_row_change,,,,7,78.98,80.06,96,2026-07-03T06:56:19.884191+00:00,2026-07-03T06:54:19.647856+00:00,0,,,7,78.98,80.06,0,false,false,7,78.98,80.06,0,false,false,7,78.98,80.06,0,false,false,7,78.98,80.06,0,false,false
C,houston,2026-07-03,20260703T060919-0400,2026-07-03T10:09:19.031817+00:00,05:09:18.924818,309,pre_dawn,F,M2_empty_history,no_valid_row_change,,,,7,78.08,78.98,96,2026-07-03T10:09:19.031817+00:00,2026-07-03T10:05:03.326962+00:00,0,,,7,78.08,78.98,0,false,false,7,78.08,78.98,0,false,false,7,78.08,78.98,0,false,false,7,78.08,78.98,0,false,false
C,houston,2026-07-03,20260703T065626-0400,2026-07-03T10:56:26.652238+00:00,05:56:26.531240,356,pre_dawn,F,M2_empty_history,no_valid_row_change,,,,7,77,78.08,96,2026-07-03T10:56:26.652238+00:00,2026-07-03T10:50:25.070272+00:00,0,,,7,77,78.08,0,false,false,7,77,78.08,0,false,false,7,77,78.08,0,false,false,7,77,78.08,0,false,false
C,houston,2026-07-04,20260704T020336929381-0400,2026-07-04T06:03:36.929381+00:00,01:03:36.794100,63,pre_dawn,F,M2_empty_history,no_valid_row_change,,,,7,80.06,80.96,98,2026-07-04T06:03:36.929381+00:00,2026-07-04T05:56:02.570267+00:00,0,,,7,80.06,80.96,0,false,false,7,80.06,80.96,0,false,false,7,80.06,80.96,0,false,false,7,80.06,80.96,0,false,false
C,houston,2026-07-04,20260704T025626946370-0400,2026-07-04T06:56:26.946370+00:00,01:56:26.826369,116,pre_dawn,F,M2_empty_history,no_valid_row_change,,,,7,78.98,80.06,98,2026-07-04T06:56:26.946370+00:00,2026-07-04T06:50:33.109696+00:00,0,,,7,78.98,80.06,0,false,false,7,78.98,80.06,0,false,false,7,78.98,80.06,0,false,false,7,78.98,80.06,0,false,false
C,houston,2026-07-04,20260704T065636673243-0400,2026-07-04T10:56:36.673243+00:00,05:56:36.508575,356,pre_dawn,F,M2_empty_history,no_valid_row_change,,,,7,78.08,78.98,98,2026-07-04T10:56:36.673243+00:00,2026-07-04T10:55:43.148452+00:00,0,,,7,78.08,78.98,0,false,false,7,78.08,78.98,0,false,false,7,78.08,78.98,0,false,false,7,78.08,78.98,0,false,false
C,houston,2026-07-05,20260705T015554266306-0400,2026-07-05T05:55:54.266306+00:00,00:55:54.038090,55,pre_dawn,F,M2_empty_history,no_valid_row_change,,,,7,80.06,80.96,98,2026-07-05T05:55:54.266306+00:00,2026-07-05T05:47:25.801520+00:00,0,,,7,80.06,80.96,0,false,false,7,80.06,80.96,0,false,false,7,80.06,80.96,0,false,false,7,80.06,80.96,0,false,false
C,houston,2026-07-05,20260705T045555676341-0400,2026-07-05T08:55:55.676341+00:00,03:55:55.512514,235,pre_dawn,F,M2_empty_history,no_valid_row_change,,,,7,78.98,80.06,98,2026-07-05T08:55:55.676341+00:00,2026-07-05T08:49:23.141263+00:00,0,,,7,78.98,80.06,0,false,false,7,78.98,80.06,0,false,false,7,78.98,80.06,0,false,false,7,78.98,80.06,0,false,false
C,houston,2026-07-05,20260705T055553457081-0400,2026-07-05T09:55:53.457081+00:00,04:55:53.293580,295,pre_dawn,F,M2_empty_history,no_valid_row_change,,,,7,78.08,78.98,98,2026-07-05T09:55:53.457081+00:00,2026-07-05T09:52:50.268739+00:00,0,,,7,78.08,78.98,0,false,false,7,78.08,78.98,0,false,false,7,78.08,78.98,0,false,false,7,78.08,78.98,0,false,false
C,houston,2026-07-07,20260707T015605377768-0400,2026-07-07T05:56:05.377768+00:00,00:56:05.179966,56,pre_dawn,F,M2_empty_history,no_valid_row_change,,,,7,80.96,82.04,93,2026-07-07T05:56:05.377768+00:00,2026-07-07T05:49:17.539605+00:00,0,,,7,80.96,82.04,0,false,false,7,80.96,82.04,0,false,false,7,80.96,82.04,0,false,false,7,80.96,82.04,0,false,false
C,houston,2026-07-07,20260707T035614668644-0400,2026-07-07T07:56:14.668644+00:00,02:56:14.506361,176,pre_dawn,F,M2_empty_history,no_valid_row_change,,,,7,80.06,80.96,93,2026-07-07T07:56:14.668644+00:00,2026-07-07T07:53:47.771345+00:00,0,,,7,80.06,80.96,0,false,false,7,80.06,80.96,0,false,false,7,80.06,80.96,0,false,false,7,80.06,80.96,0,false,false
C,houston,2026-07-07,20260707T065635232319-0400,2026-07-07T10:56:35.232319+00:00,05:56:35.002183,356,pre_dawn,F,M2_empty_history,no_valid_row_change,,,,7,78.98,80.06,93,2026-07-07T10:56:35.232319+00:00,2026-07-07T10:55:10.698982+00:00,0,,,7,78.98,80.06,0,false,false,7,78.98,80.06,0,false,false,7,78.98,80.06,0,false,false,7,78.98,80.06,0,false,false
C,houston,2026-07-08,20260708T025658772085-0400,2026-07-08T06:56:58.772085+00:00,01:56:58.491116,116,pre_dawn,F,M2_empty_history,no_valid_row_change,,,,7,75.92,78.08,92,2026-07-08T06:56:58.772085+00:00,2026-07-08T06:50:14.080170+00:00,0,,,7,75.92,78.08,0,false,false,7,75.92,78.08,0,false,false,7,75.92,78.08,0,false,false,7,75.92,78.08,0,false,false
C,houston,2026-07-08,20260708T055602753608-0400,2026-07-08T09:56:02.753608+00:00,04:56:02.611391,296,pre_dawn,F,M2_empty_history,no_valid_row_change,,,,7,78.08,78.98,92,2026-07-08T09:56:02.753608+00:00,2026-07-08T09:51:48.185427+00:00,0,,,7,78.08,78.98,0,false,false,7,78.08,78.98,0,false,false,7,78.08,78.98,0,false,false,7,78.08,78.98,0,false,false
C,houston,2026-07-09,20260709T015654777148-0400,2026-07-09T05:56:54.777148+00:00,00:56:54.596457,56,pre_dawn,F,M2_empty_history,no_valid_row_change,,,,7,80.06,80.96,93,2026-07-09T05:56:54.777148+00:00,2026-07-09T05:48:32.586388+00:00,0,,,7,80.06,80.96,0,false,false,7,80.06,80.96,0,false,false,7,80.06,80.96,0,false,false,7,80.06,80.96,0,false,false
C,houston,2026-07-09,20260709T025656547055-0400,2026-07-09T06:56:56.547055+00:00,01:56:56.397056,116,pre_dawn,F,M2_empty_history,no_valid_row_change,,,,7,78.98,80.06,93,2026-07-09T06:56:56.547055+00:00,2026-07-09T06:52:09.336276+00:00,0,,,7,78.98,80.06,0,false,false,7,78.98,80.06,0,false,false,7,78.98,80.06,0,false,false,7,78.98,80.06,0,false,false
C,houston,2026-07-09,20260709T045547744901-0400,2026-07-09T08:55:47.744901+00:00,03:55:47.606539,235,pre_dawn,F,M2_empty_history,no_valid_row_change,,,,7,78.08,78.98,93,2026-07-09T08:55:47.744901+00:00,2026-07-09T08:50:37.787401+00:00,0,,,7,78.08,78.98,0,false,false,7,78.08,78.98,0,false,false,7,78.08,78.98,0,false,false,7,78.08,78.98,0,false,false
C,houston,2026-07-10,20260710T025749462348-0400,2026-07-10T06:57:49.462348+00:00,01:57:47.756482,117,pre_dawn,F,M2_empty_history,no_valid_row_change,,,,7,80.96,82.04,92,2026-07-10T06:57:49.462348+00:00,2026-07-10T06:55:37.423847+00:00,0,,,7,80.96,82.04,0,false,false,7,80.96,82.04,0,false,false,7,80.96,82.04,0,false,false,7,80.96,82.04,0,false,false
C,houston,2026-07-10,20260710T035951652817-0400,2026-07-10T07:59:51.652817+00:00,02:59:50.884826,179,pre_dawn,F,M2_empty_history,no_valid_row_change,,,,7,80.06,80.96,92,2026-07-10T07:59:51.652817+00:00,2026-07-10T07:51:20.166167+00:00,0,,,7,80.06,80.96,0,false,false,7,80.06,80.96,0,false,false,7,80.06,80.96,0,false,false,7,80.06,80.96,0,false,false
C,houston,2026-07-11,20260711T015645590331-0400,2026-07-11T05:56:45.590331+00:00,00:56:45.343340,56,pre_dawn,F,M2_empty_history,no_valid_row_change,,,,7,80.06,80.96,89,2026-07-11T05:56:45.590331+00:00,2026-07-11T05:55:11.998015+00:00,0,,,7,80.06,80.96,0,false,false,7,80.06,80.96,0,false,false,7,80.06,80.96,0,false,false,7,80.06,80.96,0,false,false
C,houston,2026-07-11,20260711T045749110583-0400,2026-07-11T08:57:49.110583+00:00,03:56:59.668601,236,pre_dawn,F,M2_empty_history,no_valid_row_change,,,,7,78.98,80.06,89,2026-07-11T08:57:49.110583+00:00,2026-07-11T08:40:41.746723+00:00,0,,,7,78.98,80.06,0,false,false,7,78.98,80.06,0,false,false,7,78.98,80.06,0,false,false,7,78.98,80.06,0,false,false
C,houston,2026-07-11,20260711T075632809954-0400,2026-07-11T11:56:32.809954+00:00,06:56:32.696266,416,pre_dawn,F,M2_empty_history,no_valid_row_change,,,,7,78.98,80.06,89,2026-07-11T11:56:32.809954+00:00,2026-07-11T11:53:16.392278+00:00,0,,,7,78.98,80.06,0,false,false,7,78.98,80.06,0,false,false,7,78.98,80.06,0,false,false,7,78.98,80.06,0,false,false
C,houston,2026-07-14,20260714T015640016747-0400,2026-07-14T05:56:40.016747+00:00,00:56:39.761046,56,pre_dawn,F,M2_empty_history,no_valid_row_change,,,,7,78.98,80.06,81,2026-07-14T05:56:40.016747+00:00,2026-07-14T05:49:02.911610+00:00,0,,,7,78.98,80.06,0,false,false,7,78.98,80.06,0,false,false,7,78.98,80.06,0,false,false,7,78.98,80.06,0,false,false
C,houston,2026-07-14,20260714T025633987552-0400,2026-07-14T06:56:33.987552+00:00,01:56:33.844718,116,pre_dawn,F,M2_empty_history,no_valid_row_change,,,,7,78.08,78.98,81,2026-07-14T06:56:33.987552+00:00,2026-07-14T06:53:44.772174+00:00,0,,,7,78.08,78.98,0,false,false,7,78.08,78.98,0,false,false,7,78.08,78.98,0,false,false,7,78.08,78.98,0,false,false
C,houston,2026-07-14,20260714T045633812721-0400,2026-07-14T08:56:33.812721+00:00,03:56:33.666045,236,pre_dawn,F,M2_empty_history,no_valid_row_change,,,,7,78.08,78.98,81,2026-07-14T08:56:33.812721+00:00,2026-07-14T08:52:07.858635+00:00,0,,,7,78.08,78.98,0,false,false,7,78.08,78.98,0,false,false,7,78.08,78.98,0,false,false,7,78.08,78.98,0,false,false
C,houston,2026-07-14,20260714T055650333565-0400,2026-07-14T09:56:50.333565+00:00,04:56:50.115105,296,pre_dawn,F,M2_empty_history,no_valid_row_change,,,,7,75.92,78.08,81,2026-07-14T09:56:50.333565+00:00,2026-07-14T09:55:43.752376+00:00,0,,,7,75.92,78.08,0,false,false,7,75.92,78.08,0,false,false,7,75.92,78.08,0,false,false,7,75.92,78.08,0,false,false
C,houston,2026-07-14,20260714T075753144926-0400,2026-07-14T11:57:53.144926+00:00,06:57:52.994366,417,pre_dawn,F,M2_empty_history,no_valid_row_change,,,,7,73.94,75.92,81,2026-07-14T11:57:53.144926+00:00,2026-07-14T11:54:03.618513+00:00,0,,,7,73.94,75.92,0,false,false,7,73.94,75.92,0,false,false,7,73.94,75.92,0,false,false,7,73.94,75.92,0,false,false
C,houston,2026-07-15,20260715T065637456871-0400,2026-07-15T10:56:37.456871+00:00,05:56:37.262792,356,pre_dawn,F,M2_empty_history,no_valid_row_change,,,,7,78.08,78.98,87,2026-07-15T10:56:37.456871+00:00,2026-07-15T10:50:49.479862+00:00,0,,,7,78.08,78.98,0,false,false,7,78.08,78.98,0,false,false,7,78.08,78.98,0,false,false,7,78.08,78.98,0,false,false
C,houston,2026-07-16,20260716T025548443924-0400,2026-07-16T06:55:48.443924+00:00,01:55:48.184928,115,pre_dawn,F,M2_empty_history,no_valid_row_change,,,,7,78.98,80.06,91,2026-07-16T06:55:48.443924+00:00,2026-07-16T06:49:54.450640+00:00,0,,,7,78.98,80.06,0,false,false,7,78.98,80.06,0,false,false,7,78.98,80.06,0,false,false,7,78.98,80.06,0,false,false
C,houston,2026-07-16,20260716T035649777661-0400,2026-07-16T07:56:49.777661+00:00,02:56:49.642976,176,pre_dawn,F,M2_empty_history,no_valid_row_change,,,,7,78.08,78.98,91,2026-07-16T07:56:49.777661+00:00,2026-07-16T07:53:43.521369+00:00,0,,,7,78.08,78.98,0,false,false,7,78.08,78.98,0,false,false,7,78.08,78.98,0,false,false,7,78.08,78.98,0,false,false
C,houston,2026-07-16,20260716T055658050518-0400,2026-07-16T09:56:58.050518+00:00,04:56:57.878500,296,pre_dawn,F,M2_empty_history,no_valid_row_change,,,,7,78.08,78.98,91,2026-07-16T09:56:58.050518+00:00,2026-07-16T09:52:00.509868+00:00,0,,,7,78.08,78.98,0,false,false,7,78.08,78.98,0,false,false,7,78.08,78.98,0,false,false,7,78.08,78.98,0,false,false
C,houston,2026-07-17,20260717T015648603587-0400,2026-07-17T05:56:48.603587+00:00,00:56:48.207909,56,pre_dawn,F,M2_empty_history,no_valid_row_change,,,,7,80.96,82.04,92,2026-07-17T05:56:48.603587+00:00,2026-07-17T05:48:21.521285+00:00,0,,,7,80.96,82.04,0,false,false,7,80.96,82.04,0,false,false,7,80.96,82.04,0,false,false,7,80.96,82.04,0,false,false
C,houston,2026-07-17,20260717T025642158204-0400,2026-07-17T06:56:42.158204+00:00,01:56:42.001801,116,pre_dawn,F,M2_empty_history,no_valid_row_change,,,,7,80.06,80.96,92,2026-07-17T06:56:42.158204+00:00,2026-07-17T06:52:12.514025+00:00,0,,,7,80.06,80.96,0,false,false,7,80.06,80.96,0,false,false,7,80.06,80.96,0,false,false,7,80.06,80.96,0,false,false
C,houston,2026-07-18,20260718T045549180144-0400,2026-07-18T08:55:49.180144+00:00,03:55:48.959938,235,pre_dawn,F,M2_empty_history,no_valid_row_change,,,,7,80.06,80.96,93,2026-07-18T08:55:49.180144+00:00,2026-07-18T08:48:49.171930+00:00,0,,,7,80.06,80.96,0,false,false,7,80.06,80.96,0,false,false,7,80.06,80.96,0,false,false,7,80.06,80.96,0,false,false
C,houston,2026-07-18,20260718T065553930950-0400,2026-07-18T10:55:53.930950+00:00,05:55:53.821091,355,pre_dawn,F,M2_empty_history,no_valid_row_change,,,,7,78.98,80.06,93,2026-07-18T10:55:53.930950+00:00,2026-07-18T10:47:14.094373+00:00,0,,,7,78.98,80.06,0,false,false,7,78.98,80.06,0,false,false,7,78.98,80.06,0,false,false,7,78.98,80.06,0,false,false
C,houston,2026-07-18,20260718T155808990203-0400,2026-07-18T19:58:08.990203+00:00,14:58:08.758461,898,peak_heating_window,F,M2_empty_history,no_valid_row_change,,,,14,91.94,93.02,93,2026-07-18T19:58:08.990203+00:00,2026-07-18T19:56:54.578460+00:00,0,,,14,91.94,93.02,0,false,false,14,91.94,93.02,0,false,false,14,91.94,93.02,0,false,false,14,91.94,93.02,0,false,false
C,houston,2026-07-19,20260719T015545536583-0400,2026-07-19T05:55:45.536583+00:00,00:55:44.637627,55,pre_dawn,F,M2_empty_history,no_valid_row_change,,,,7,80.96,82.04,95,2026-07-19T05:55:45.536583+00:00,2026-07-19T05:46:39.779865+00:00,0,,,7,80.96,82.04,0,false,false,7,80.96,82.04,0,false,false,7,80.96,82.04,0,false,false,7,80.96,82.04,0,false,false
C,houston,2026-07-19,20260719T025931753935-0400,2026-07-19T06:59:31.753935+00:00,01:59:30.777446,119,pre_dawn,F,M2_empty_history,no_valid_row_change,,,,7,80.06,80.96,95,2026-07-19T06:59:31.753935+00:00,2026-07-19T06:56:38.405755+00:00,0,,,7,80.06,80.96,0,false,false,7,80.06,80.96,0,false,false,7,80.06,80.96,0,false,false,7,80.06,80.96,0,false,false
C,houston,2026-07-19,20260719T035548606812-0400,2026-07-19T07:55:48.606812+00:00,02:55:48.474716,175,pre_dawn,F,M2_empty_history,no_valid_row_change,,,,7,78.98,80.06,95,2026-07-19T07:55:48.606812+00:00,2026-07-19T07:54:07.463837+00:00,0,,,7,78.98,80.06,0,false,false,7,78.98,80.06,0,false,false,7,78.98,80.06,0,false,false,7,78.98,80.06,0,false,false
C,houston,2026-07-19,20260719T045542631240-0400,2026-07-19T08:55:42.631240+00:00,03:55:42.464988,235,pre_dawn,F,M2_empty_history,no_valid_row_change,,,,7,78.08,78.98,95,2026-07-19T08:55:42.631240+00:00,2026-07-19T08:48:46.941026+00:00,0,,,7,78.08,78.98,0,false,false,7,78.08,78.98,0,false,false,7,78.08,78.98,0,false,false,7,78.08,78.98,0,false,false
C,houston,2026-07-20,20260720T025600457445-0400,2026-07-20T06:56:00.457445+00:00,01:56:00.077114,116,pre_dawn,F,M2_empty_history,no_valid_row_change,,,,7,78.98,80.06,95,2026-07-20T06:56:00.457445+00:00,2026-07-20T06:50:55.822131+00:00,0,,,7,78.98,80.06,0,false,false,7,78.98,80.06,0,false,false,7,78.98,80.06,0,false,false,7,78.98,80.06,0,false,false
C,houston,2026-07-20,20260720T045646728085-0400,2026-07-20T08:56:46.728085+00:00,03:56:46.603830,236,pre_dawn,F,M2_empty_history,no_valid_row_change,,,,7,78.08,78.98,95,2026-07-20T08:56:46.728085+00:00,2026-07-20T08:49:52.050101+00:00,0,,,7,78.08,78.98,0,false,false,7,78.08,78.98,0,false,false,7,78.08,78.98,0,false,false,7,78.08,78.98,0,false,false
C,houston,2026-07-20,20260720T055653016410-0400,2026-07-20T09:56:53.016410+00:00,04:56:52.826322,296,pre_dawn,F,M2_empty_history,no_valid_row_change,,,,7,77,78.08,95,2026-07-20T09:56:53.016410+00:00,2026-07-20T09:53:33.267055+00:00,0,,,7,77,78.08,0,false,false,7,77,78.08,0,false,false,7,77,78.08,0,false,false,7,77,78.08,0,false,false
C,houston,2026-07-20,20260720T075557430218-0400,2026-07-20T11:55:57.430218+00:00,06:55:57.252907,415,pre_dawn,F,M2_empty_history,no_valid_row_change,,,,7,75.92,77,95,2026-07-20T11:55:57.430218+00:00,2026-07-20T11:52:08.786006+00:00,0,,,7,75.92,77,0,false,false,7,75.92,77,0,false,false,7,75.92,77,0,false,false,7,75.92,77,0,false,false
C,houston,2026-07-20,20260720T105415901155-0400,2026-07-20T14:54:15.901155+00:00,09:54:15.573409,594,other,F,M6_unexplained,no_valid_row_change,,,,9,82.4,82.94,95,2026-07-20T14:54:15.901155+00:00,2026-07-20T14:46:16.981296+00:00,0,,,9,82.4,82.94,0,false,false,9,82.4,82.94,0,false,false,9,82.4,82.94,0,false,false,9,82.4,82.94,0,false,false
C,houston,2026-07-20,20260720T105804331489-0400,2026-07-20T14:58:04.331489+00:00,09:58:04.189938,598,other,F,M2_empty_history,no_valid_row_change,,,,9,82.94,84.92,95,2026-07-20T14:58:04.331489+00:00,2026-07-20T14:55:57.954485+00:00,0,,,9,82.94,84.92,0,false,false,9,82.94,84.92,0,false,false,9,82.94,84.92,0,false,false,9,82.94,84.92,0,false,false
C,houston,2026-07-20,20260720T140020130957-0400,2026-07-20T18:00:20.130957+00:00,13:00:19.952641,780,settlement_window,F,M2_empty_history,no_valid_row_change,,,,13,89.06,89.96,95,2026-07-20T18:00:20.130957+00:00,2026-07-20T17:56:01.310803+00:00,0,,,13,89.06,89.96,0,false,false,13,89.06,89.96,0,false,false,13,89.06,89.96,0,false,false,13,89.06,89.96,0,false,false
C,houston,2026-07-20,20260720T155948934105-0400,2026-07-20T19:59:48.934105+00:00,14:59:45.338133,899,peak_heating_window,F,M2_empty_history,no_valid_row_change,,,,14,91.94,93.92,95,2026-07-20T19:59:48.934105+00:00,2026-07-20T19:56:30.887812+00:00,0,,,14,91.94,93.92,0,false,false,14,91.94,93.92,0,false,false,14,91.94,93.92,0,false,false,14,91.94,93.92,0,false,false
C,houston,2026-07-21,20260721T015559930900-0400,2026-07-21T05:55:59.930900+00:00,00:55:58.585678,55,pre_dawn,F,M2_empty_history,no_valid_row_change,,,,7,80.06,80.96,97,2026-07-21T05:55:59.930900+00:00,2026-07-21T05:46:53.207448+00:00,0,,,7,80.06,80.96,0,false,false,7,80.06,80.96,0,false,false,7,80.06,80.96,0,false,false,7,80.06,80.96,0,false,false
C,houston,2026-07-21,20260721T025956172558-0400,2026-07-21T06:59:56.172558+00:00,01:59:55.133355,119,pre_dawn,F,M2_empty_history,no_valid_row_change,,,,7,78.98,80.06,97,2026-07-21T06:59:56.172558+00:00,2026-07-21T06:50:50.130191+00:00,0,,,7,78.98,80.06,0,false,false,7,78.98,80.06,0,false,false,7,78.98,80.06,0,false,false,7,78.98,80.06,0,false,false
C,houston,2026-07-21,20260721T040352158884-0400,2026-07-21T08:03:52.158884+00:00,03:03:51.160076,183,pre_dawn,F,M2_empty_history,no_valid_row_change,,,,7,78.08,78.98,97,2026-07-21T08:03:52.158884+00:00,2026-07-21T07:54:42.563067+00:00,0,,,7,78.08,78.98,0,false,false,7,78.08,78.98,0,false,false,7,78.08,78.98,0,false,false,7,78.08,78.98,0,false,false
C,houston,2026-07-21,20260721T060209141200-0400,2026-07-21T10:02:09.141200+00:00,05:02:08.163378,302,pre_dawn,F,M2_empty_history,no_valid_row_change,,,,7,77,78.08,97,2026-07-21T10:02:09.141200+00:00,2026-07-21T09:53:03.467208+00:00,0,,,7,77,78.08,0,false,false,7,77,78.08,0,false,false,7,77,78.08,0,false,false,7,77,78.08,0,false,false
C,houston,2026-07-22,20260722T020442633275-0400,2026-07-22T06:04:42.633275+00:00,01:04:41.666729,64,pre_dawn,F,M2_empty_history,no_valid_row_change,,,,7,82.94,84.02,102,2026-07-22T06:04:42.633275+00:00,2026-07-22T05:55:35.427666+00:00,0,,,7,82.94,84.02,0,false,false,7,82.94,84.02,0,false,false,7,82.94,84.02,0,false,false,7,82.94,84.02,0,false,false
C,houston,2026-07-22,20260722T025925162935-0400,2026-07-22T06:59:25.162935+00:00,01:59:24.166664,119,pre_dawn,F,M2_empty_history,no_valid_row_change,,,,7,82.04,82.94,102,2026-07-22T06:59:25.162935+00:00,2026-07-22T06:50:19.364029+00:00,0,,,7,82.04,82.94,0,false,false,7,82.04,82.94,0,false,false,7,82.04,82.94,0,false,false,7,82.04,82.94,0,false,false
C,houston,2026-07-22,20260722T050032478053-0400,2026-07-22T09:00:32.478053+00:00,04:00:31.324223,240,pre_dawn,F,M2_empty_history,no_valid_row_change,,,,7,80.96,82.04,102,2026-07-22T09:00:32.478053+00:00,2026-07-22T08:51:22.727782+00:00,0,,,7,80.96,82.04,0,false,false,7,80.96,82.04,0,false,false,7,80.96,82.04,0,false,false,7,80.96,82.04,0,false,false
C,houston,2026-07-22,20260722T065645833966-0400,2026-07-22T10:56:45.833966+00:00,05:56:45.615936,356,pre_dawn,F,M2_empty_history,no_valid_row_change,,,,7,80.06,80.96,102,2026-07-22T10:56:45.833966+00:00,2026-07-22T10:49:46.316252+00:00,0,,,7,80.06,80.96,0,false,false,7,80.06,80.96,0,false,false,7,80.06,80.96,0,false,false,7,80.06,80.96,0,false,false
C,houston,2026-07-23,20260723T025909017402-0400,2026-07-23T06:59:09.017402+00:00,01:59:08.131256,119,pre_dawn,F,M2_empty_history,no_valid_row_change,,,,7,89.06,89.96,90,2026-07-23T06:59:09.017402+00:00,2026-07-23T06:56:32.285301+00:00,0,,,7,89.06,89.96,0,false,false,7,89.06,89.96,0,false,false,7,89.06,89.96,0,false,false,7,89.06,89.96,0,false,false
C,houston,2026-07-23,20260723T035638377199-0400,2026-07-23T07:56:38.377199+00:00,02:56:38.196710,176,pre_dawn,F,M2_empty_history,no_valid_row_change,,,,7,87.98,89.06,90,2026-07-23T07:56:38.377199+00:00,2026-07-23T07:53:48.402623+00:00,0,,,7,87.98,89.06,0,false,false,7,87.98,89.06,0,false,false,7,87.98,89.06,0,false,false,7,87.98,89.06,0,false,false
C,houston,2026-07-23,20260723T045631168912-0400,2026-07-23T08:56:31.168912+00:00,03:56:31.044108,236,pre_dawn,F,M2_empty_history,no_valid_row_change,,,,7,86,87.98,90,2026-07-23T08:56:31.168912+00:00,2026-07-23T08:50:42.351938+00:00,0,,,7,86,87.98,0,false,false,7,86,87.98,0,false,false,7,86,87.98,0,false,false,7,86,87.98,0,false,false
C,houston,2026-07-23,20260723T055630196374-0400,2026-07-23T09:56:30.196374+00:00,04:56:29.941308,296,pre_dawn,F,M2_empty_history,no_valid_row_change,,,,7,84.92,86,90,2026-07-23T09:56:30.196374+00:00,2026-07-23T09:54:38.183373+00:00,0,,,7,84.92,86,0,false,false,7,84.92,86,0,false,false,7,84.92,86,0,false,false,7,84.92,86,0,false,false
C,houston,2026-07-23,20260723T065627288909-0400,2026-07-23T10:56:27.288909+00:00,05:56:27.116956,356,pre_dawn,F,M2_empty_history,no_valid_row_change,,,,7,84.02,84.92,90,2026-07-23T10:56:27.288909+00:00,2026-07-23T10:49:16.880029+00:00,0,,,7,84.02,84.92,0,false,false,7,84.02,84.92,0,false,false,7,84.02,84.92,0,false,false,7,84.02,84.92,0,false,false
C,houston,2026-07-24,20260724T015630264989-0400,2026-07-24T05:56:30.264989+00:00,00:56:30.028322,56,pre_dawn,F,M2_empty_history,no_valid_row_change,,,,7,78.08,78.98,93,2026-07-24T05:56:30.264989+00:00,2026-07-24T05:55:18.742315+00:00,0,,,7,78.08,78.98,0,false,false,7,78.08,78.98,0,false,false,7,78.08,78.98,0,false,false,7,78.08,78.98,0,false,false
C,houston,2026-07-24,20260724T055626435005-0400,2026-07-24T09:56:26.435005+00:00,04:56:26.312936,296,pre_dawn,F,M2_empty_history,no_valid_row_change,,,,7,78.08,78.98,93,2026-07-24T09:56:26.435005+00:00,2026-07-24T09:47:52.735738+00:00,0,,,7,78.08,78.98,0,false,false,7,78.08,78.98,0,false,false,7,78.08,78.98,0,false,false,7,78.08,78.98,0,false,false
C,houston,2026-07-24,20260724T090529692710-0400,2026-07-24T13:05:29.692710+00:00,08:05:29.540755,485,other,F,M2_empty_history,no_valid_row_change,,,,8,78.98,80.96,93,2026-07-24T13:05:29.692710+00:00,2026-07-24T12:59:09.754739+00:00,0,,,8,78.98,80.96,0,false,false,8,78.98,80.96,0,false,false,8,78.98,80.96,0,false,false,8,78.98,80.96,0,false,false
C,houston,2026-07-24,20260724T091828300190-0400,2026-07-24T13:18:28.300190+00:00,08:18:28.172483,498,other,F,M2_empty_history,no_valid_row_change,,,,8,78.98,80.96,93,2026-07-24T13:18:28.300190+00:00,2026-07-24T13:17:22.809993+00:00,0,,,8,78.98,80.96,0,false,false,8,78.98,80.96,0,false,false,8,78.98,80.96,0,false,false,8,78.98,80.96,0,false,false
C,houston,2026-07-24,20260724T093924215033-0400,2026-07-24T13:39:24.215033+00:00,08:39:24.072388,519,other,F,M2_empty_history,no_valid_row_change,,,,8,78.98,80.96,93,2026-07-24T13:39:24.215033+00:00,2026-07-24T13:35:33.942428+00:00,0,,,8,78.98,80.96,0,false,false,8,78.98,80.96,0,false,false,8,78.98,80.96,0,false,false,8,78.98,80.96,0,false,false
C,houston,2026-07-24,20260724T135741470031-0400,2026-07-24T17:57:41.470031+00:00,12:57:41.320597,777,settlement_window,F,M2_empty_history,no_valid_row_change,,,,12,91.04,91.94,93,2026-07-24T17:57:41.470031+00:00,2026-07-24T17:56:45.159879+00:00,0,,,12,91.04,91.94,0,false,false,12,91.04,91.94,0,false,false,12,91.04,91.94,0,false,false,12,91.04,91.94,0,false,false
C,houston,2026-07-25,20260725T015643496747-0400,2026-07-25T05:56:43.496747+00:00,00:56:43.248770,56,pre_dawn,F,M2_empty_history,no_valid_row_change,,,,7,80.96,82.04,92,2026-07-25T05:56:43.496747+00:00,2026-07-25T05:55:41.583005+00:00,0,,,7,80.96,82.04,0,false,false,7,80.96,82.04,0,false,false,7,80.96,82.04,0,false,false,7,80.96,82.04,0,false,false
C,houston,2026-07-25,20260725T025644293431-0400,2026-07-25T06:56:44.293431+00:00,01:56:44.180184,116,pre_dawn,F,M2_empty_history,no_valid_row_change,,,,7,80.06,80.96,92,2026-07-25T06:56:44.293431+00:00,2026-07-25T06:50:22.052962+00:00,0,,,7,80.06,80.96,0,false,false,7,80.06,80.96,0,false,false,7,80.06,80.96,0,false,false,7,80.06,80.96,0,false,false
C,houston,2026-07-25,20260725T055623746227-0400,2026-07-25T09:56:23.746227+00:00,04:56:22.794385,296,pre_dawn,F,M2_empty_history,no_valid_row_change,,,,7,78.98,80.06,92,2026-07-25T09:56:23.746227+00:00,2026-07-25T09:47:18.543159+00:00,0,,,7,78.98,80.06,0,false,false,7,78.98,80.06,0,false,false,7,78.98,80.06,0,false,false,7,78.98,80.06,0,false,false
C,houston,2026-07-25,20260725T065634702938-0400,2026-07-25T10:56:34.702938+00:00,05:56:34.590828,356,pre_dawn,F,M2_empty_history,no_valid_row_change,,,,7,78.08,78.98,92,2026-07-25T10:56:34.702938+00:00,2026-07-25T10:51:01.197985+00:00,0,,,7,78.08,78.98,0,false,false,7,78.08,78.98,0,false,false,7,78.08,78.98,0,false,false,7,78.08,78.98,0,false,false
C,houston,2026-07-25,20260725T140425779008-0400,2026-07-25T18:04:25.779008+00:00,13:04:25.603698,784,settlement_window,F,M2_empty_history,no_valid_row_change,,,,13,89.06,89.96,92,2026-07-25T18:04:25.779008+00:00,2026-07-25T18:03:39.109493+00:00,0,,,13,89.06,89.96,0,false,false,13,89.06,89.96,0,false,false,13,89.06,89.96,0,false,false,13,89.06,89.96,0,false,false
C,houston,2026-07-26,20260726T035628090781-0400,2026-07-26T07:56:28.090781+00:00,02:56:27.818764,176,pre_dawn,F,M2_empty_history,no_valid_row_change,,,,7,78.98,80.06,94,2026-07-26T07:56:28.090781+00:00,2026-07-26T07:54:05.132463+00:00,0,,,7,78.98,80.06,0,false,false,7,78.98,80.06,0,false,false,7,78.98,80.06,0,false,false,7,78.98,80.06,0,false,false
C,houston,2026-07-26,20260726T050042860099-0400,2026-07-26T09:00:42.860099+00:00,04:00:41.712972,240,pre_dawn,F,M2_empty_history,no_valid_row_change,,,,7,78.08,78.98,94,2026-07-26T09:00:42.860099+00:00,2026-07-26T08:51:19.730778+00:00,0,,,7,78.08,78.98,0,false,false,7,78.08,78.98,0,false,false,7,78.08,78.98,0,false,false,7,78.08,78.98,0,false,false
C,houston,2026-07-26,20260726T065550994065-0400,2026-07-26T10:55:50.994065+00:00,05:55:50.757310,355,pre_dawn,F,M2_empty_history,no_valid_row_change,,,,7,77,78.08,94,2026-07-26T10:55:50.994065+00:00,2026-07-26T10:52:38.426402+00:00,0,,,7,77,78.08,0,false,false,7,77,78.08,0,false,false,7,77,78.08,0,false,false,7,77,78.08,0,false,false
C,houston,2026-07-26,20260726T101030869847-0400,2026-07-26T14:10:30.869847+00:00,09:10:30.685117,550,other,F,M2_empty_history,no_valid_row_change,,,,9,80.96,84.02,94,2026-07-26T14:10:30.869847+00:00,2026-07-26T14:03:49.498779+00:00,0,,,9,80.96,84.02,0,false,false,9,80.96,84.02,0,false,false,9,80.96,84.02,0,false,false,9,80.96,84.02,0,false,false
C,houston,2026-07-27,20260727T020445275888-0400,2026-07-27T06:04:45.275888+00:00,01:04:44.309650,64,pre_dawn,F,M2_empty_history,no_valid_row_change,,,,7,80.06,80.96,94,2026-07-27T06:04:45.275888+00:00,2026-07-27T05:55:38.963856+00:00,0,,,7,80.06,80.96,0,false,false,7,80.06,80.96,0,false,false,7,80.06,80.96,0,false,false,7,80.06,80.96,0,false,false
C,houston,2026-07-27,20260727T041240562314-0400,2026-07-27T08:12:40.562314+00:00,03:12:39.529079,192,pre_dawn,F,M2_empty_history,no_valid_row_change,,,,7,78.98,80.06,94,2026-07-27T08:12:40.562314+00:00,2026-07-27T08:03:34.580959+00:00,0,,,7,78.98,80.06,0,false,false,7,78.98,80.06,0,false,false,7,78.98,80.06,0,false,false,7,78.98,80.06,0,false,false
C,houston,2026-07-27,20260727T065852673552-0400,2026-07-27T10:58:52.673552+00:00,05:58:51.695181,358,pre_dawn,F,M2_empty_history,no_valid_row_change,,,,7,78.08,78.98,94,2026-07-27T10:58:52.673552+00:00,2026-07-27T10:49:47.171369+00:00,0,,,7,78.08,78.98,0,false,false,7,78.08,78.98,0,false,false,7,78.08,78.98,0,false,false,7,78.08,78.98,0,false,false
C,houston,2026-07-28,20260728T030001027304-0400,2026-07-28T07:00:01.027304+00:00,02:00:00.082550,120,pre_dawn,F,M2_empty_history,no_valid_row_change,,,,7,78.98,80.06,95,2026-07-28T07:00:01.027304+00:00,2026-07-28T06:50:54.867117+00:00,0,,,7,78.98,80.06,0,false,false,7,78.98,80.06,0,false,false,7,78.98,80.06,0,false,false,7,78.98,80.06,0,false,false
C,houston,2026-07-28,20260728T045652963838-0400,2026-07-28T08:56:52.963838+00:00,03:56:52.703978,236,pre_dawn,F,M2_empty_history,no_valid_row_change,,,,7,78.08,78.98,95,2026-07-28T08:56:52.963838+00:00,2026-07-28T08:50:56.316817+00:00,0,,,7,78.08,78.98,0,false,false,7,78.08,78.98,0,false,false,7,78.08,78.98,0,false,false,7,78.08,78.98,0,false,false
C,houston,2026-07-28,20260728T075546733267-0400,2026-07-28T11:55:46.733267+00:00,06:55:46.614988,415,pre_dawn,F,M2_empty_history,no_valid_row_change,,,,7,77,78.08,95,2026-07-28T11:55:46.733267+00:00,2026-07-28T11:53:22.147287+00:00,0,,,7,77,78.08,0,false,false,7,77,78.08,0,false,false,7,77,78.08,0,false,false,7,77,78.08,0,false,false
C,houston,2026-07-28,20260728T104037409314-0400,2026-07-28T14:40:37.409314+00:00,09:40:37.266824,580,other,F,M2_empty_history,no_valid_row_change,,,,9,80.06,84.02,95,2026-07-28T14:40:37.409314+00:00,2026-07-28T14:37:17.708328+00:00,0,,,9,80.06,84.02,0,false,false,9,80.06,84.02,0,false,false,9,80.06,84.02,0,false,false,9,80.06,84.02,0,false,false
C,houston,2026-07-28,20260728T112138336529-0400,2026-07-28T15:21:38.336529+00:00,10:21:38.214060,621,other,F,M2_empty_history,no_valid_row_change,,,,10,80.06,86,95,2026-07-28T15:21:38.336529+00:00,2026-07-28T15:13:40.964943+00:00,0,,,10,80.06,86,0,false,false,10,80.06,86,0,false,false,10,80.06,86,0,false,false,10,80.06,86,0,false,false
C,houston,2026-07-29,20260729T025923016259-0400,2026-07-29T06:59:23.016259+00:00,01:59:22.052738,119,pre_dawn,F,M2_empty_history,no_valid_row_change,,,,7,78.98,80.06,95,2026-07-29T06:59:23.016259+00:00,2026-07-29T06:50:17.309753+00:00,0,,,7,78.98,80.06,0,false,false,7,78.98,80.06,0,false,false,7,78.98,80.06,0,false,false,7,78.98,80.06,0,false,false
C,houston,2026-07-29,20260729T055622601858-0400,2026-07-29T09:56:22.601858+00:00,04:56:22.351857,296,pre_dawn,F,M2_empty_history,no_valid_row_change,,,,7,78.08,78.98,95,2026-07-29T09:56:22.601858+00:00,2026-07-29T09:54:59.314841+00:00,0,,,7,78.08,78.98,0,false,false,7,78.08,78.98,0,false,false,7,78.08,78.98,0,false,false,7,78.08,78.98,0,false,false
C,houston,2026-07-29,20260729T093234964372-0400,2026-07-29T13:32:34.964372+00:00,08:32:34.840530,512,other,F,M2_empty_history,no_valid_row_change,,,,8,78.08,80.06,95,2026-07-29T13:32:34.964372+00:00,2026-07-29T13:24:33.132403+00:00,0,,,8,78.08,80.06,0,false,false,8,78.08,80.06,0,false,false,8,78.08,80.06,0,false,false,8,78.08,80.06,0,false,false
C,houston,2026-07-29,20260729T110031835539-0400,2026-07-29T15:00:31.835539+00:00,10:00:31.688103,600,other,F,M2_empty_history,no_valid_row_change,,,,10,84.02,87.08,95,2026-07-29T15:00:31.835539+00:00,2026-07-29T14:56:39.990958+00:00,0,,,10,84.02,87.08,0,false,false,10,84.02,87.08,0,false,false,10,84.02,87.08,0,false,false,10,84.02,87.08,0,false,false
C,houston,2026-07-29,20260729T151545479838-0400,2026-07-29T19:15:45.479838+00:00,14:15:45.316594,855,peak_heating_window,F,M2_empty_history,no_valid_row_change,,,,14,91.04,95,95,2026-07-29T19:15:45.479838+00:00,2026-07-29T19:10:35.696920+00:00,0,,,14,91.04,95,0,false,false,14,91.04,95,0,false,false,14,91.04,95,0,false,false,14,91.04,95,0,false,false
C,houston,2026-07-30,20260730T020452708002-0400,2026-07-30T06:04:52.708002+00:00,01:04:51.626873,64,pre_dawn,F,M2_empty_history,no_valid_row_change,,,,7,80.96,82.04,96,2026-07-30T06:04:52.708002+00:00,2026-07-30T05:55:46.421748+00:00,0,,,7,80.96,82.04,0,false,false,7,80.96,82.04,0,false,false,7,80.96,82.04,0,false,false,7,80.96,82.04,0,false,false
C,houston,2026-07-30,20260730T040344492697-0400,2026-07-30T08:03:44.492697+00:00,03:03:43.565184,183,pre_dawn,F,M2_empty_history,no_valid_row_change,,,,7,80.06,80.96,96,2026-07-30T08:03:44.492697+00:00,2026-07-30T07:54:37.294180+00:00,0,,,7,80.06,80.96,0,false,false,7,80.06,80.96,0,false,false,7,80.06,80.96,0,false,false,7,80.06,80.96,0,false,false
C,houston,2026-07-30,20260730T055651046663-0400,2026-07-30T09:56:51.046663+00:00,04:56:50.780539,296,pre_dawn,F,M2_empty_history,no_valid_row_change,,,,7,78.98,80.06,96,2026-07-30T09:56:51.046663+00:00,2026-07-30T09:55:11.535475+00:00,0,,,7,78.98,80.06,0,false,false,7,78.98,80.06,0,false,false,7,78.98,80.06,0,false,false,7,78.98,80.06,0,false,false
C,houston,2026-07-30,20260730T111431043557-0400,2026-07-30T15:14:31.043557+00:00,10:14:30.185195,614,other,F,M2_empty_history,no_valid_row_change,,,,10,84.02,86,96,2026-07-30T15:14:31.043557+00:00,2026-07-30T15:05:25.897807+00:00,0,,,10,84.02,86,0,false,false,10,84.02,86,0,false,false,10,84.02,86,0,false,false,10,84.02,86,0,false,false
C,los-angeles,2026-07-03,20260703T035629-0400,2026-07-03T07:56:29.915224+00:00,00:56:29.293976,56,pre_dawn,F,M2_empty_history,no_valid_row_change,,,,7,62.96,64.04,72,2026-07-03T07:56:29.915224+00:00,2026-07-03T07:55:08.918535+00:00,0,,,7,62.96,64.04,0,false,false,7,62.96,64.04,0,false,false,7,62.96,64.04,0,false,false,7,62.96,64.04,0,false,false
C,los-angeles,2026-07-03,20260703T060923-0400,2026-07-03T10:09:23.271773+00:00,03:09:23.084238,189,pre_dawn,F,M2_empty_history,no_valid_row_change,,,,7,62.96,64.04,72,2026-07-03T10:09:23.271773+00:00,2026-07-03T10:02:04.958687+00:00,0,,,7,62.96,64.04,0,false,false,7,62.96,64.04,0,false,false,7,62.96,64.04,0,false,false,7,62.96,64.04,0,false,false
C,los-angeles,2026-07-03,20260703T085652-0400,2026-07-03T12:56:52.144699+00:00,05:56:52.022107,356,pre_dawn,F,M2_empty_history,no_valid_row_change,,,,7,62.06,62.96,72,2026-07-03T12:56:52.144699+00:00,2026-07-03T12:54:41.112008+00:00,0,,,7,62.06,62.96,0,false,false,7,62.06,62.96,0,false,false,7,62.06,62.96,0,false,false,7,62.06,62.96,0,false,false
C,los-angeles,2026-07-03,20260703T091250-0400,2026-07-03T13:12:50.199422+00:00,06:12:50.079107,372,pre_dawn,F,M2_empty_history,no_valid_row_change,,,,7,62.06,62.96,72,2026-07-03T13:12:50.199422+00:00,2026-07-03T13:12:30.212626+00:00,0,,,7,62.06,62.96,0,false,false,7,62.06,62.96,0,false,false,7,62.06,62.96,0,false,false,7,62.06,62.96,0,false,false
C,los-angeles,2026-07-03,20260703T091935-0400,2026-07-03T13:19:35.256575+00:00,06:19:35.093575,379,pre_dawn,F,M2_empty_history,no_valid_row_change,,,,7,62.06,62.96,72,2026-07-03T13:19:35.256575+00:00,2026-07-03T13:14:29.269719+00:00,0,,,7,62.06,62.96,0,false,false,7,62.06,62.96,0,false,false,7,62.06,62.96,0,false,false,7,62.06,62.96,0,false,false
C,los-angeles,2026-07-04,20260704T035627489527-0400,2026-07-04T07:56:27.489527+00:00,00:56:26.968666,56,pre_dawn,F,M2_empty_history,no_valid_row_change,,,,7,62.96,64.04,75,2026-07-04T07:56:27.489527+00:00,2026-07-04T07:47:42.495593+00:00,0,,,7,62.96,64.04,0,false,false,7,62.96,64.04,0,false,false,7,62.96,64.04,0,false,false,7,62.96,64.04,0,false,false
C,los-angeles,2026-07-04,20260704T075623627382-0400,2026-07-04T11:56:23.627382+00:00,04:56:23.422667,296,pre_dawn,F,M2_empty_history,no_valid_row_change,,,,7,62.06,62.96,75,2026-07-04T11:56:23.627382+00:00,2026-07-04T11:52:34.712667+00:00,0,,,7,62.06,62.96,0,false,false,7,62.06,62.96,0,false,false,7,62.06,62.96,0,false,false,7,62.06,62.96,0,false,false
C,los-angeles,2026-07-04,20260704T160332770469-0400,2026-07-04T20:03:32.770469+00:00,13:03:29.890703,783,settlement_window,F,M2_empty_history,no_valid_row_change,,,,13,71.06,71.96,75,2026-07-04T20:03:32.770469+00:00,2026-07-04T19:55:47.884669+00:00,0,,,13,71.06,71.96,0,false,false,13,71.06,71.96,0,false,false,13,71.06,71.96,0,false,false,13,71.06,71.96,0,false,false
C,los-angeles,2026-07-05,20260705T125931928510-0400,2026-07-05T16:59:31.928510+00:00,09:59:31.806498,599,other,F,M2_empty_history,no_valid_row_change,,,,9,69.98,71.96,75,2026-07-05T16:59:31.928510+00:00,2026-07-05T16:56:32.517266+00:00,0,,,9,69.98,71.96,0,false,false,9,69.98,71.96,0,false,false,9,69.98,71.96,0,false,false,9,69.98,71.96,0,false,false
C,los-angeles,2026-07-07,20260707T035801957864-0400,2026-07-07T07:58:01.957864+00:00,00:58:01.022673,58,pre_dawn,F,M2_empty_history,no_valid_row_change,,,,7,64.04,64.94,74,2026-07-07T07:58:01.957864+00:00,2026-07-07T07:51:14.391354+00:00,0,,,7,64.04,64.94,0,false,false,7,64.04,64.94,0,false,false,7,64.04,64.94,0,false,false,7,64.04,64.94,0,false,false
C,los-angeles,2026-07-07,20260707T065747930658-0400,2026-07-07T10:57:47.930658+00:00,03:57:47.795495,237,pre_dawn,F,M2_empty_history,no_valid_row_change,,,,7,62.96,64.04,74,2026-07-07T10:57:47.930658+00:00,2026-07-07T10:52:33.293326+00:00,0,,,7,62.96,64.04,0,false,false,7,62.96,64.04,0,false,false,7,62.96,64.04,0,false,false,7,62.96,64.04,0,false,false
C,los-angeles,2026-07-08,20260708T035653309411-0400,2026-07-08T07:56:53.309411+00:00,00:56:53.174411,56,pre_dawn,F,M2_empty_history,no_valid_row_change,,,,7,64.94,66.02,74,2026-07-08T07:56:53.309411+00:00,2026-07-08T07:47:49.495848+00:00,0,,,7,64.94,66.02,0,false,false,7,64.94,66.02,0,false,false,7,64.94,66.02,0,false,false,7,64.94,66.02,0,false,false
C,los-angeles,2026-07-08,20260708T085618167990-0400,2026-07-08T12:56:18.167990+00:00,05:56:17.960218,356,pre_dawn,F,M2_empty_history,no_valid_row_change,,,,7,64.04,64.94,74,2026-07-08T12:56:18.167990+00:00,2026-07-08T12:47:17.097376+00:00,0,,,7,64.04,64.94,0,false,false,7,64.04,64.94,0,false,false,7,64.04,64.94,0,false,false,7,64.04,64.94,0,false,false
C,los-angeles,2026-07-09,20260709T035555455635-0400,2026-07-09T07:55:55.455635+00:00,00:55:55.185838,55,pre_dawn,F,M2_empty_history,no_valid_row_change,,,,7,66.02,66.92,74,2026-07-09T07:55:55.455635+00:00,2026-07-09T07:55:27.016140+00:00,0,,,7,66.02,66.92,0,false,false,7,66.02,66.92,0,false,false,7,66.02,66.92,0,false,false,7,66.02,66.92,0,false,false
C,los-angeles,2026-07-09,20260709T055647795594-0400,2026-07-09T09:56:47.795594+00:00,02:56:47.667594,176,pre_dawn,F,M2_empty_history,no_valid_row_change,,,,7,64.94,66.02,74,2026-07-09T09:56:47.795594+00:00,2026-07-09T09:53:17.687454+00:00,0,,,7,64.94,66.02,0,false,false,7,64.94,66.02,0,false,false,7,64.94,66.02,0,false,false,7,64.94,66.02,0,false,false
C,los-angeles,2026-07-09,20260709T074550863279-0400,2026-07-09T11:45:50.863279+00:00,04:45:50.658276,285,pre_dawn,F,M2_empty_history,no_valid_row_change,,,,7,64.04,64.94,74,2026-07-09T11:45:50.863279+00:00,2026-07-09T11:42:10.541674+00:00,0,,,7,64.04,64.94,0,false,false,7,64.04,64.94,0,false,false,7,64.04,64.94,0,false,false,7,64.04,64.94,0,false,false
C,los-angeles,2026-07-09,20260709T085559599161-0400,2026-07-09T12:55:59.599161+00:00,05:55:59.390647,355,pre_dawn,F,M2_empty_history,no_valid_row_change,,,,7,64.04,64.94,74,2026-07-09T12:55:59.599161+00:00,2026-07-09T12:51:53.146151+00:00,0,,,7,64.04,64.94,0,false,false,7,64.04,64.94,0,false,false,7,64.04,64.94,0,false,false,7,64.04,64.94,0,false,false
C,los-angeles,2026-07-09,20260709T094653040843-0400,2026-07-09T13:46:53.040843+00:00,06:46:52.254618,406,pre_dawn,F,M2_empty_history,no_valid_row_change,,,,7,64.04,64.94,74,2026-07-09T13:46:53.040843+00:00,2026-07-09T13:46:08.248794+00:00,0,,,7,64.04,64.94,0,false,false,7,64.04,64.94,0,false,false,7,64.04,64.94,0,false,false,7,64.04,64.94,0,false,false
C,los-angeles,2026-07-10,20260710T075653932583-0400,2026-07-10T11:56:53.932583+00:00,04:56:53.794445,296,pre_dawn,F,M2_empty_history,no_valid_row_change,,,,7,64.94,66.02,74,2026-07-10T11:56:53.932583+00:00,2026-07-10T11:47:50.555994+00:00,0,,,7,64.94,66.02,0,false,false,7,64.94,66.02,0,false,false,7,64.94,66.02,0,false,false,7,64.94,66.02,0,false,false
C,los-angeles,2026-07-14,20260714T063927075083-0400,2026-07-14T10:39:27.075083+00:00,03:39:26.564809,219,pre_dawn,F,M2_empty_history,no_valid_row_change,,,,7,66.92,68,77,2026-07-14T10:39:27.075083+00:00,2026-07-14T10:31:10.944752+00:00,0,,,7,66.92,68,0,false,false,7,66.92,68,0,false,false,7,66.92,68,0,false,false,7,66.92,68,0,false,false
C,los-angeles,2026-07-14,20260714T072225302891-0400,2026-07-14T11:22:25.302891+00:00,04:22:25.107568,262,pre_dawn,F,M2_empty_history,no_valid_row_change,,,,7,66.92,68,77,2026-07-14T11:22:25.302891+00:00,2026-07-14T11:16:40.481743+00:00,0,,,7,66.92,68,0,false,false,7,66.92,68,0,false,false,7,66.92,68,0,false,false,7,66.92,68,0,false,false
C,los-angeles,2026-07-15,20260715T045536072235-0400,2026-07-15T08:55:36.072235+00:00,01:55:35.922101,115,pre_dawn,F,M2_empty_history,no_valid_row_change,,,,7,69.08,69.98,80,2026-07-15T08:55:36.072235+00:00,2026-07-15T08:49:47.172065+00:00,0,,,7,69.08,69.98,0,false,false,7,69.08,69.98,0,false,false,7,69.08,69.98,0,false,false,7,69.08,69.98,0,false,false
C,los-angeles,2026-07-15,20260715T060235752305-0400,2026-07-15T10:02:35.752305+00:00,03:02:34.834266,182,pre_dawn,F,M2_empty_history,no_valid_row_change,,,,7,68,69.08,80,2026-07-15T10:02:35.752305+00:00,2026-07-15T09:56:41.244324+00:00,0,,,7,68,69.08,0,false,false,7,68,69.08,0,false,false,7,68,69.08,0,false,false,7,68,69.08,0,false,false
C,los-angeles,2026-07-15,20260715T103204345390-0400,2026-07-15T14:32:04.345390+00:00,07:32:04.149251,452,other,F,M2_empty_history,no_valid_row_change,,,,7,68,69.08,80,2026-07-15T14:32:04.345390+00:00,2026-07-15T14:26:54.560064+00:00,0,,,7,68,69.08,0,false,false,7,68,69.08,0,false,false,7,68,69.08,0,false,false,7,68,69.08,0,false,false
C,los-angeles,2026-07-15,20260715T155703053927-0400,2026-07-15T19:57:03.053927+00:00,12:57:02.851946,777,settlement_window,F,M2_empty_history,no_valid_row_change,,,,12,78.98,80.06,80,2026-07-15T19:57:03.053927+00:00,2026-07-15T19:56:12.457484+00:00,0,,,12,78.98,80.06,0,false,false,12,78.98,80.06,0,false,false,12,78.98,80.06,0,false,false,12,78.98,80.06,0,false,false
C,los-angeles,2026-07-16,20260716T035544529176-0400,2026-07-16T07:55:44.529176+00:00,00:55:44.355266,55,pre_dawn,F,M2_empty_history,no_valid_row_change,,,,7,71.06,71.96,82,2026-07-16T07:55:44.529176+00:00,2026-07-16T07:48:30.570532+00:00,0,,,7,71.06,71.96,0,false,false,7,71.06,71.96,0,false,false,7,71.06,71.96,0,false,false,7,71.06,71.96,0,false,false
C,los-angeles,2026-07-16,20260716T055702472822-0400,2026-07-16T09:57:02.472822+00:00,02:57:02.310579,177,pre_dawn,F,M2_empty_history,no_valid_row_change,,,,7,69.98,71.06,82,2026-07-16T09:57:02.472822+00:00,2026-07-16T09:55:51.357977+00:00,0,,,7,69.98,71.06,0,false,false,7,69.98,71.06,0,false,false,7,69.98,71.06,0,false,false,7,69.98,71.06,0,false,false
C,los-angeles,2026-07-16,20260716T085702766085-0400,2026-07-16T12:57:02.766085+00:00,05:57:02.598332,357,pre_dawn,F,M2_empty_history,no_valid_row_change,,,,7,69.08,69.98,82,2026-07-16T12:57:02.766085+00:00,2026-07-16T12:49:02.061964+00:00,0,,,7,69.08,69.98,0,false,false,7,69.08,69.98,0,false,false,7,69.08,69.98,0,false,false,7,69.08,69.98,0,false,false
C,los-angeles,2026-07-17,20260717T055600553820-0400,2026-07-17T09:56:00.553820+00:00,02:56:00.336434,176,pre_dawn,F,M2_empty_history,no_valid_row_change,,,,7,69.08,69.98,86,2026-07-17T09:56:00.553820+00:00,2026-07-17T09:53:52.635797+00:00,0,,,7,69.08,69.98,0,false,false,7,69.08,69.98,0,false,false,7,69.08,69.98,0,false,false,7,69.08,69.98,0,false,false
C,los-angeles,2026-07-18,20260718T055556849199-0400,2026-07-18T09:55:56.849199+00:00,02:55:56.011716,175,pre_dawn,F,M2_empty_history,no_valid_row_change,,,,7,69.98,71.06,78,2026-07-18T09:55:56.849199+00:00,2026-07-18T09:46:52.021489+00:00,0,,,7,69.98,71.06,0,false,false,7,69.98,71.06,0,false,false,7,69.98,71.06,0,false,false,7,69.98,71.06,0,false,false
C,los-angeles,2026-07-18,20260718T075539094036-0400,2026-07-18T11:55:39.094036+00:00,04:55:38.965618,295,pre_dawn,F,M2_empty_history,no_valid_row_change,,,,7,69.08,69.98,78,2026-07-18T11:55:39.094036+00:00,2026-07-18T11:54:20.636865+00:00,0,,,7,69.08,69.98,0,false,false,7,69.08,69.98,0,false,false,7,69.08,69.98,0,false,false,7,69.08,69.98,0,false,false
C,los-angeles,2026-07-19,20260719T045638876657-0400,2026-07-19T08:56:38.876657+00:00,01:56:38.624315,116,pre_dawn,F,M2_empty_history,no_valid_row_change,,,,7,68,69.08,77,2026-07-19T08:56:38.876657+00:00,2026-07-19T08:53:03.000414+00:00,0,,,7,68,69.08,0,false,false,7,68,69.08,0,false,false,7,68,69.08,0,false,false,7,68,69.08,0,false,false
C,los-angeles,2026-07-20,20260720T035546558325-0400,2026-07-20T07:55:46.558325+00:00,00:55:46.442156,55,pre_dawn,F,M2_empty_history,no_valid_row_change,,,,7,69.08,69.8,81,2026-07-20T07:55:46.558325+00:00,2026-07-20T07:54:53.174895+00:00,0,,,7,69.08,69.8,0,false,false,7,69.08,69.8,0,false,false,7,69.08,69.8,0,false,false,7,69.08,69.8,0,false,false
C,los-angeles,2026-07-20,20260720T055658501172-0400,2026-07-20T09:56:58.501172+00:00,02:56:58.336569,176,pre_dawn,F,M2_empty_history,no_valid_row_change,,,,7,68,69.08,81,2026-07-20T09:56:58.501172+00:00,2026-07-20T09:53:06.029710+00:00,0,,,7,68,69.08,0,false,false,7,68,69.08,0,false,false,7,68,69.08,0,false,false,7,68,69.08,0,false,false
C,los-angeles,2026-07-20,20260720T091258528755-0400,2026-07-20T13:12:58.528755+00:00,06:12:58.344998,372,pre_dawn,F,M2_empty_history,no_valid_row_change,,,,7,68,69.08,81,2026-07-20T13:12:58.528755+00:00,2026-07-20T13:04:42.896265+00:00,0,,,7,68,69.08,0,false,false,7,68,69.08,0,false,false,7,68,69.08,0,false,false,7,68,69.08,0,false,false
C,los-angeles,2026-07-21,20260721T045918551838-0400,2026-07-21T08:59:18.551838+00:00,01:59:17.589914,119,pre_dawn,F,M2_empty_history,no_valid_row_change,,,,7,71.06,71.96,81,2026-07-21T08:59:18.551838+00:00,2026-07-21T08:50:12.962178+00:00,0,,,7,71.06,71.96,0,false,false,7,71.06,71.96,0,false,false,7,71.06,71.96,0,false,false,7,71.06,71.96,0,false,false
C,los-angeles,2026-07-21,20260721T060301583823-0400,2026-07-21T10:03:01.583823+00:00,03:03:00.473252,183,pre_dawn,F,M2_empty_history,no_valid_row_change,,,,7,71.06,71.6,81,2026-07-21T10:03:01.583823+00:00,2026-07-21T09:53:54.150830+00:00,0,,,7,71.06,71.6,0,false,false,7,71.06,71.6,0,false,false,7,71.06,71.6,0,false,false,7,71.06,71.6,0,false,false
C,los-angeles,2026-07-21,20260721T065738814407-0400,2026-07-21T10:57:38.814407+00:00,03:57:37.842289,237,pre_dawn,F,M2_empty_history,no_valid_row_change,,,,7,69.98,71.06,81,2026-07-21T10:57:38.814407+00:00,2026-07-21T10:48:32.660669+00:00,0,,,7,69.98,71.06,0,false,false,7,69.98,71.06,0,false,false,7,69.98,71.06,0,false,false,7,69.98,71.06,0,false,false
C,los-angeles,2026-07-21,20260721T085613230138-0400,2026-07-21T12:56:13.230138+00:00,05:56:12.144359,356,pre_dawn,F,M2_empty_history,no_valid_row_change,,,,7,69.98,71.06,81,2026-07-21T12:56:13.230138+00:00,2026-07-21T12:47:07.012743+00:00,0,,,7,69.98,71.06,0,false,false,7,69.98,71.06,0,false,false,7,69.98,71.06,0,false,false,7,69.98,71.06,0,false,false
C,los-angeles,2026-07-21,20260721T115950733376-0400,2026-07-21T15:59:50.733376+00:00,08:59:50.460215,539,other,F,M2_empty_history,no_valid_row_change,,,,8,73.04,75.92,81,2026-07-21T15:59:50.733376+00:00,2026-07-21T15:56:04.304124+00:00,0,,,8,73.04,75.92,0,false,false,8,73.04,75.92,0,false,false,8,73.04,75.92,0,false,false,8,73.04,75.92,0,false,false
C,los-angeles,2026-07-22,20260722T035703953973-0400,2026-07-22T07:57:03.953973+00:00,00:57:02.971057,57,pre_dawn,F,M2_empty_history,no_valid_row_change,,,,7,71.06,71.96,77,2026-07-22T07:57:03.953973+00:00,2026-07-22T07:47:58.377419+00:00,0,,,7,71.06,71.96,0,false,false,7,71.06,71.96,0,false,false,7,71.06,71.96,0,false,false,7,71.06,71.96,0,false,false
C,los-angeles,2026-07-22,20260722T045212858937-0400,2026-07-22T08:52:12.858937+00:00,01:52:11.674222,112,pre_dawn,F,M2_empty_history,no_valid_row_change,,,,7,69.98,71.06,77,2026-07-22T08:52:12.858937+00:00,2026-07-22T08:43:01.180556+00:00,0,,,7,69.98,71.06,0,false,false,7,69.98,71.06,0,false,false,7,69.98,71.06,0,false,false,7,69.98,71.06,0,false,false
C,los-angeles,2026-07-22,20260722T085658979196-0400,2026-07-22T12:56:58.979196+00:00,05:56:58.702359,356,pre_dawn,F,M2_empty_history,no_valid_row_change,,,,7,69.08,69.98,77,2026-07-22T12:56:58.979196+00:00,2026-07-22T12:49:18.477101+00:00,0,,,7,69.08,69.98,0,false,false,7,69.08,69.98,0,false,false,7,69.08,69.98,0,false,false,7,69.08,69.98,0,false,false
C,los-angeles,2026-07-22,20260722T130037810860-0400,2026-07-22T17:00:37.810860+00:00,10:00:37.656317,600,other,F,M2_empty_history,no_valid_row_change,,,,10,69.98,71.96,77,2026-07-22T17:00:37.810860+00:00,2026-07-22T16:56:35.229630+00:00,0,,,10,69.98,71.96,0,false,false,10,69.98,71.96,0,false,false,10,69.98,71.96,0,false,false,10,69.98,71.96,0,false,false
C,los-angeles,2026-07-22,20260722T132938487535-0400,2026-07-22T17:29:38.487535+00:00,10:29:38.124776,629,other,F,M2_empty_history,no_valid_row_change,,,,10,69.98,71.96,77,2026-07-22T17:29:38.487535+00:00,2026-07-22T17:22:47.697093+00:00,0,,,10,69.98,71.96,0,false,false,10,69.98,71.96,0,false,false,10,69.98,71.96,0,false,false,10,69.98,71.96,0,false,false
C,los-angeles,2026-07-23,20260723T045644587620-0400,2026-07-23T08:56:44.587620+00:00,01:56:44.334497,116,pre_dawn,F,M2_empty_history,no_valid_row_change,,,,7,69.08,69.98,80,2026-07-23T08:56:44.587620+00:00,2026-07-23T08:55:58.987877+00:00,0,,,7,69.08,69.98,0,false,false,7,69.08,69.98,0,false,false,7,69.08,69.98,0,false,false,7,69.08,69.98,0,false,false
C,los-angeles,2026-07-24,20260724T045701215512-0400,2026-07-24T08:57:01.215512+00:00,01:57:01.010908,117,pre_dawn,F,M2_empty_history,no_valid_row_change,,,,7,69.98,71.06,78,2026-07-24T08:57:01.215512+00:00,2026-07-24T08:52:49.928052+00:00,0,,,7,69.98,71.06,0,false,false,7,69.98,71.06,0,false,false,7,69.98,71.06,0,false,false,7,69.98,71.06,0,false,false
C,los-angeles,2026-07-24,20260724T055629938794-0400,2026-07-24T09:56:29.938794+00:00,02:56:29.785046,176,pre_dawn,F,M2_empty_history,no_valid_row_change,,,,7,69.08,69.98,78,2026-07-24T09:56:29.938794+00:00,2026-07-24T09:47:43.329884+00:00,0,,,7,69.08,69.98,0,false,false,7,69.08,69.98,0,false,false,7,69.08,69.98,0,false,false,7,69.08,69.98,0,false,false
C,los-angeles,2026-07-24,20260724T074828287449-0400,2026-07-24T11:48:28.287449+00:00,04:48:28.125520,288,pre_dawn,F,M2_empty_history,no_valid_row_change,,,,7,68,69.08,78,2026-07-24T11:48:28.287449+00:00,2026-07-24T11:46:03.377529+00:00,0,,,7,68,69.08,0,false,false,7,68,69.08,0,false,false,7,68,69.08,0,false,false,7,68,69.08,0,false,false
C,los-angeles,2026-07-25,20260725T055642908699-0400,2026-07-25T09:56:42.908699+00:00,02:56:42.660487,176,pre_dawn,F,M2_empty_history,no_valid_row_change,,,,7,71.06,71.96,78,2026-07-25T09:56:42.908699+00:00,2026-07-25T09:55:22.571453+00:00,0,,,7,71.06,71.96,0,false,false,7,71.06,71.96,0,false,false,7,71.06,71.96,0,false,false,7,71.06,71.96,0,false,false
C,los-angeles,2026-07-25,20260725T075626428105-0400,2026-07-25T11:56:26.428105+00:00,04:56:26.278073,296,pre_dawn,F,M2_empty_history,no_valid_row_change,,,,7,69.98,71.06,78,2026-07-25T11:56:26.428105+00:00,2026-07-25T11:53:43.472094+00:00,0,,,7,69.98,71.06,0,false,false,7,69.98,71.06,0,false,false,7,69.98,71.06,0,false,false,7,69.98,71.06,0,false,false
C,los-angeles,2026-07-26,20260726T055626946249-0400,2026-07-26T09:56:26.946249+00:00,02:56:26.709551,176,pre_dawn,F,M2_empty_history,no_valid_row_change,,,,7,69.98,71.06,79,2026-07-26T09:56:26.946249+00:00,2026-07-26T09:48:53.750389+00:00,0,,,7,69.98,71.06,0,false,false,7,69.98,71.06,0,false,false,7,69.98,71.06,0,false,false,7,69.98,71.06,0,false,false
C,los-angeles,2026-07-27,20260727T050226007364-0400,2026-07-27T09:02:26.007364+00:00,02:02:25.065469,122,pre_dawn,F,M2_empty_history,no_valid_row_change,,,,7,69.98,71.06,79,2026-07-27T09:02:26.007364+00:00,2026-07-27T08:52:57.551518+00:00,0,,,7,69.98,71.06,0,false,false,7,69.98,71.06,0,false,false,7,69.98,71.06,0,false,false,7,69.98,71.06,0,false,false
C,los-angeles,2026-07-27,20260727T080425430252-0400,2026-07-27T12:04:25.430252+00:00,05:04:24.379346,304,pre_dawn,F,M2_empty_history,no_valid_row_change,,,,7,69.08,69.98,79,2026-07-27T12:04:25.430252+00:00,2026-07-27T11:55:19.631417+00:00,0,,,7,69.08,69.98,0,false,false,7,69.08,69.98,0,false,false,7,69.08,69.98,0,false,false,7,69.08,69.98,0,false,false
C,los-angeles,2026-07-28,20260728T045700732204-0400,2026-07-28T08:57:00.732204+00:00,01:57:00.436496,117,pre_dawn,F,M2_empty_history,no_valid_row_change,,,,7,69.98,71.96,78,2026-07-28T08:57:00.732204+00:00,2026-07-28T08:51:09.321987+00:00,0,,,7,69.98,71.96,0,false,false,7,69.98,71.96,0,false,false,7,69.98,71.96,0,false,false,7,69.98,71.96,0,false,false
C,los-angeles,2026-07-28,20260728T091742454437-0400,2026-07-28T13:17:42.454437+00:00,06:17:42.307133,377,pre_dawn,F,M2_empty_history,no_valid_row_change,,,,7,69.08,69.98,78,2026-07-28T13:17:42.454437+00:00,2026-07-28T13:15:43.698559+00:00,0,,,7,69.08,69.98,0,false,false,7,69.08,69.98,0,false,false,7,69.08,69.98,0,false,false,7,69.08,69.98,0,false,false
C,los-angeles,2026-07-28,20260728T130802503381-0400,2026-07-28T17:08:02.503381+00:00,10:08:02.354240,608,other,F,M2_empty_history,no_valid_row_change,,,,10,73.94,75.92,78,2026-07-28T17:08:02.503381+00:00,2026-07-28T17:03:18.430530+00:00,0,,,10,73.94,75.92,0,false,false,10,73.94,75.92,0,false,false,10,73.94,75.92,0,false,false,10,73.94,75.92,0,false,false
C,los-angeles,2026-07-28,20260728T210556569415-0400,2026-07-29T01:05:56.569415+00:00,18:05:56.445170,1085,other,F,M2_empty_history,no_valid_row_change,,,,18,71.06,78.08,78,2026-07-29T01:05:56.569415+00:00,2026-07-29T00:57:25.692707+00:00,0,,,18,71.06,78.08,0,false,false,18,71.06,78.08,0,false,false,18,71.06,78.08,0,false,false,18,71.06,78.08,0,false,false
C,los-angeles,2026-07-29,20260729T045511297364-0400,2026-07-29T08:55:11.297364+00:00,01:55:10.274724,115,pre_dawn,F,M2_empty_history,no_valid_row_change,,,,7,69.8,69.98,79,2026-07-29T08:55:11.297364+00:00,2026-07-29T08:45:28.518076+00:00,0,,,7,69.8,69.98,0,false,false,7,69.8,69.98,0,false,false,7,69.8,69.98,0,false,false,7,69.8,69.98,0,false,false
C,los-angeles,2026-07-29,20260729T045906212791-0400,2026-07-29T08:59:06.212791+00:00,01:59:05.971007,119,pre_dawn,F,M2_empty_history,no_valid_row_change,,,,7,69.08,69.8,79,2026-07-29T08:59:06.212791+00:00,2026-07-29T08:55:11.297364+00:00,0,,,7,69.08,69.8,0,false,false,7,69.08,69.8,0,false,false,7,69.08,69.8,0,false,false,7,69.08,69.8,0,false,false
C,los-angeles,2026-07-29,20260729T093246484484-0400,2026-07-29T13:32:46.484484+00:00,06:32:46.366114,392,pre_dawn,F,M2_empty_history,no_valid_row_change,,,,7,69.98,71.06,79,2026-07-29T13:32:46.484484+00:00,2026-07-29T13:28:43.712335+00:00,0,,,7,69.98,71.06,0,false,false,7,69.98,71.06,0,false,false,7,69.98,71.06,0,false,false,7,69.98,71.06,0,false,false
C,los-angeles,2026-07-30,20260730T075547131667-0400,2026-07-30T11:55:47.131667+00:00,04:55:47.026788,295,pre_dawn,F,M2_empty_history,no_valid_row_change,,,,7,69.98,71.06,77,2026-07-30T11:55:47.131667+00:00,2026-07-30T11:54:24.407869+00:00,0,,,7,69.98,71.06,0,false,false,7,69.98,71.06,0,false,false,7,69.98,71.06,0,false,false,7,69.98,71.06,0,false,false
C,miami,2026-07-03,20260703T020844-0400,2026-07-03T06:08:44.301086+00:00,02:08:44.101130,128,pre_dawn,F,M2_empty_history,no_valid_row_change,,,,7,80.96,82.94,91,2026-07-03T06:08:44.301086+00:00,2026-07-03T05:51:40.340878+00:00,0,,,7,80.96,82.94,0,false,false,7,80.96,82.94,0,false,false,7,80.96,82.94,0,false,false,7,80.96,82.94,0,false,false
C,miami,2026-07-03,20260703T045625-0400,2026-07-03T08:56:25.188142+00:00,04:56:24.525724,296,pre_dawn,F,M2_empty_history,no_valid_row_change,,,,7,80.06,80.96,91,2026-07-03T08:56:25.188142+00:00,2026-07-03T08:50:49.530876+00:00,0,,,7,80.06,80.96,0,false,false,7,80.06,80.96,0,false,false,7,80.06,80.96,0,false,false,7,80.06,80.96,0,false,false
C,miami,2026-07-03,20260703T065631-0400,2026-07-03T10:56:31.157103+00:00,06:56:30.955559,416,pre_dawn,F,M2_empty_history,no_valid_row_change,,,,7,78.98,80.06,91,2026-07-03T10:56:31.157103+00:00,2026-07-03T10:48:41.373310+00:00,0,,,7,78.98,80.06,0,false,false,7,78.98,80.06,0,false,false,7,78.98,80.06,0,false,false,7,78.98,80.06,0,false,false
C,miami,2026-07-04,20260704T020344829582-0400,2026-07-04T06:03:44.829582+00:00,02:03:44.651581,123,pre_dawn,F,M2_empty_history,no_valid_row_change,,,,7,82.04,82.94,91,2026-07-04T06:03:44.829582+00:00,2026-07-04T05:58:42.813500+00:00,0,,,7,82.04,82.94,0,false,false,7,82.04,82.94,0,false,false,7,82.04,82.94,0,false,false,7,82.04,82.94,0,false,false
C,miami,2026-07-04,20260704T035632226647-0400,2026-07-04T07:56:32.226647+00:00,03:56:32.069698,236,pre_dawn,F,M2_empty_history,no_valid_row_change,,,,7,80.96,82.04,91,2026-07-04T07:56:32.226647+00:00,2026-07-04T07:48:06.609742+00:00,0,,,7,80.96,82.04,0,false,false,7,80.96,82.04,0,false,false,7,80.96,82.04,0,false,false,7,80.96,82.04,0,false,false
C,miami,2026-07-04,20260704T055623027638-0400,2026-07-04T09:56:23.027638+00:00,05:56:22.895922,356,pre_dawn,F,M2_empty_history,no_valid_row_change,,,,7,80.06,80.96,91,2026-07-04T09:56:23.027638+00:00,2026-07-04T09:55:07.913243+00:00,0,,,7,80.06,80.96,0,false,false,7,80.06,80.96,0,false,false,7,80.06,80.96,0,false,false,7,80.06,80.96,0,false,false
C,miami,2026-07-05,20260705T015607231279-0400,2026-07-05T05:56:07.231279+00:00,01:56:07.076284,116,pre_dawn,F,M2_empty_history,no_valid_row_change,,,,7,82.04,82.94,94,2026-07-05T05:56:07.231279+00:00,2026-07-05T05:50:19.162722+00:00,0,,,7,82.04,82.94,0,false,false,7,82.04,82.94,0,false,false,7,82.04,82.94,0,false,false,7,82.04,82.94,0,false,false
C,miami,2026-07-05,20260705T035552610759-0400,2026-07-05T07:55:52.610759+00:00,03:55:52.499759,235,pre_dawn,F,M2_empty_history,no_valid_row_change,,,,7,82.04,82.94,94,2026-07-05T07:55:52.610759+00:00,2026-07-05T07:48:17.494138+00:00,0,,,7,82.04,82.94,0,false,false,7,82.04,82.94,0,false,false,7,82.04,82.94,0,false,false,7,82.04,82.94,0,false,false
C,miami,2026-07-05,20260705T055558813040-0400,2026-07-05T09:55:58.813040+00:00,05:55:58.654105,355,pre_dawn,F,M2_empty_history,no_valid_row_change,,,,7,80.96,82.04,94,2026-07-05T09:55:58.813040+00:00,2026-07-05T09:55:10.659895+00:00,0,,,7,80.96,82.04,0,false,false,7,80.96,82.04,0,false,false,7,80.96,82.04,0,false,false,7,80.96,82.04,0,false,false
C,miami,2026-07-05,20260705T141630009981-0400,2026-07-05T18:16:30.009981+00:00,14:16:29.844577,856,peak_heating_window,F,M2_empty_history,no_valid_row_change,,,,14,87.08,93.92,94,2026-07-05T18:16:30.009981+00:00,2026-07-05T18:07:18.786750+00:00,0,,,14,87.08,93.92,0,false,false,14,87.08,93.92,0,false,false,14,87.08,93.92,0,false,false,14,87.08,93.92,0,false,false
C,miami,2026-07-07,20260707T055739603441-0400,2026-07-07T09:57:39.603441+00:00,05:57:39.488441,357,pre_dawn,F,M2_empty_history,no_valid_row_change,,,,7,80.06,80.96,92,2026-07-07T09:57:39.603441+00:00,2026-07-07T09:50:39.158201+00:00,0,,,7,80.06,80.96,0,false,false,7,80.06,80.96,0,false,false,7,80.06,80.96,0,false,false,7,80.06,80.96,0,false,false
C,miami,2026-07-08,20260708T035614820121-0400,2026-07-08T07:56:14.820121+00:00,03:56:14.484678,236,pre_dawn,F,M2_empty_history,no_valid_row_change,,,,7,84.02,84.92,92,2026-07-08T07:56:14.820121+00:00,2026-07-08T07:48:59.953299+00:00,0,,,7,84.02,84.92,0,false,false,7,84.02,84.92,0,false,false,7,84.02,84.92,0,false,false,7,84.02,84.92,0,false,false
C,miami,2026-07-08,20260708T055610205877-0400,2026-07-08T09:56:10.205877+00:00,05:56:09.947161,356,pre_dawn,F,M2_empty_history,no_valid_row_change,,,,7,84.02,84.92,92,2026-07-08T09:56:10.205877+00:00,2026-07-08T09:55:48.728438+00:00,0,,,7,84.02,84.92,0,false,false,7,84.02,84.92,0,false,false,7,84.02,84.92,0,false,false,7,84.02,84.92,0,false,false
C,miami,2026-07-09,20260709T005644450879-0400,2026-07-09T04:56:44.450879+00:00,00:56:44.001615,56,pre_dawn,F,M2_empty_history,no_valid_row_change,,,,7,84.92,86,91,2026-07-09T04:56:44.450879+00:00,2026-07-09T04:54:49.860090+00:00,0,,,7,84.92,86,0,false,false,7,84.92,86,0,false,false,7,84.92,86,0,false,false,7,84.92,86,0,false,false
C,miami,2026-07-09,20260709T025701356212-0400,2026-07-09T06:57:01.356212+00:00,02:57:01.152839,177,pre_dawn,F,M2_empty_history,no_valid_row_change,,,,7,84.02,84.92,91,2026-07-09T06:57:01.356212+00:00,2026-07-09T06:52:58.387813+00:00,0,,,7,84.02,84.92,0,false,false,7,84.02,84.92,0,false,false,7,84.02,84.92,0,false,false,7,84.02,84.92,0,false,false
C,miami,2026-07-09,20260709T045643810383-0400,2026-07-09T08:56:43.810383+00:00,04:56:43.656734,296,pre_dawn,F,M2_empty_history,no_valid_row_change,,,,7,82.94,84.02,91,2026-07-09T08:56:43.810383+00:00,2026-07-09T08:50:55.700001+00:00,0,,,7,82.94,84.02,0,false,false,7,82.94,84.02,0,false,false,7,82.94,84.02,0,false,false,7,82.94,84.02,0,false,false
C,miami,2026-07-10,20260710T025616301261-0400,2026-07-10T06:56:16.301261+00:00,02:56:09.090040,176,pre_dawn,F,M2_empty_history,no_valid_row_change,,,,7,84.92,86,92,2026-07-10T06:56:16.301261+00:00,2026-07-10T06:35:08.755014+00:00,0,,,7,84.92,86,0,false,false,7,84.92,86,0,false,false,7,84.92,86,0,false,false,7,84.92,86,0,false,false
C,miami,2026-07-10,20260710T055557525158-0400,2026-07-10T09:55:57.525158+00:00,05:55:57.069584,355,pre_dawn,F,M2_empty_history,no_valid_row_change,,,,7,84.02,84.92,92,2026-07-10T09:55:57.525158+00:00,2026-07-10T09:48:49.030952+00:00,0,,,7,84.02,84.92,0,false,false,7,84.02,84.92,0,false,false,7,84.02,84.92,0,false,false,7,84.02,84.92,0,false,false
C,miami,2026-07-11,20260711T000704703288-0400,2026-07-11T04:07:04.703288+00:00,00:07:04.504318,7,pre_dawn,F,M2_empty_history,no_valid_row_change,,,,7,75.02,77,90,2026-07-11T04:07:04.703288+00:00,2026-07-11T04:01:12.135446+00:00,0,,,7,75.02,77,0,false,false,7,75.02,77,0,false,false,7,75.02,77,0,false,false,7,75.02,77,0,false,false
C,miami,2026-07-11,20260711T001835739501-0400,2026-07-11T04:18:35.739501+00:00,00:18:35.546996,18,pre_dawn,F,M2_empty_history,no_valid_row_change,,,,7,73.94,75.02,90,2026-07-11T04:18:35.739501+00:00,2026-07-11T04:11:02.942945+00:00,0,,,7,73.94,75.02,0,false,false,7,73.94,75.02,0,false,false,7,73.94,75.02,0,false,false,7,73.94,75.02,0,false,false
C,miami,2026-07-11,20260711T002108436174-0400,2026-07-11T04:21:08.436174+00:00,00:21:08.265175,21,pre_dawn,F,M2_empty_history,no_valid_row_change,,,,7,73.04,73.94,90,2026-07-11T04:21:08.436174+00:00,2026-07-11T04:18:35.739501+00:00,0,,,7,73.04,73.94,0,false,false,7,73.04,73.94,0,false,false,7,73.04,73.94,0,false,false,7,73.04,73.94,0,false,false
C,miami,2026-07-11,20260711T092627900004-0400,2026-07-11T13:26:27.900004+00:00,09:26:27.744587,566,other,F,M2_empty_history,no_valid_row_change,,,,9,78.98,82.94,90,2026-07-11T13:26:27.900004+00:00,2026-07-11T13:24:54.840701+00:00,0,,,9,78.98,82.94,0,false,false,9,78.98,82.94,0,false,false,9,78.98,82.94,0,false,false,9,78.98,82.94,0,false,false
C,miami,2026-07-14,20260714T065642458105-0400,2026-07-14T10:56:42.458105+00:00,06:56:42.284609,416,pre_dawn,F,M2_empty_history,no_valid_row_change,,,,7,80.96,82.04,94,2026-07-14T10:56:42.458105+00:00,2026-07-14T10:49:13.774153+00:00,0,,,7,80.96,82.04,0,false,false,7,80.96,82.04,0,false,false,7,80.96,82.04,0,false,false,7,80.96,82.04,0,false,false
C,miami,2026-07-15,20260715T005618574123-0400,2026-07-15T04:56:18.574123+00:00,00:56:18.423129,56,pre_dawn,F,M2_empty_history,no_valid_row_change,,,,7,84.02,84.92,93,2026-07-15T04:56:18.574123+00:00,2026-07-15T04:49:32.242785+00:00,0,,,7,84.02,84.92,0,false,false,7,84.02,84.92,0,false,false,7,84.02,84.92,0,false,false,7,84.02,84.92,0,false,false
C,miami,2026-07-15,20260715T025638583371-0400,2026-07-15T06:56:38.583371+00:00,02:56:38.143509,176,pre_dawn,F,M2_empty_history,no_valid_row_change,,,,7,82.04,84.02,93,2026-07-15T06:56:38.583371+00:00,2026-07-15T06:51:07.055774+00:00,0,,,7,82.04,84.02,0,false,false,7,82.04,84.02,0,false,false,7,82.04,84.02,0,false,false,7,82.04,84.02,0,false,false
C,miami,2026-07-15,20260715T031633487274-0400,2026-07-15T07:16:33.487274+00:00,03:16:33.365326,196,pre_dawn,F,M2_empty_history,no_valid_row_change,,,,7,82.04,84.02,93,2026-07-15T07:16:33.487274+00:00,2026-07-15T07:15:42.331350+00:00,0,,,7,82.04,84.02,0,false,false,7,82.04,84.02,0,false,false,7,82.04,84.02,0,false,false,7,82.04,84.02,0,false,false
C,miami,2026-07-15,20260715T065650977659-0400,2026-07-15T10:56:50.977659+00:00,06:56:50.816655,416,pre_dawn,F,M2_empty_history,no_valid_row_change,,,,7,80.96,82.04,93,2026-07-15T10:56:50.977659+00:00,2026-07-15T10:48:16.194628+00:00,0,,,7,80.96,82.04,0,false,false,7,80.96,82.04,0,false,false,7,80.96,82.04,0,false,false,7,80.96,82.04,0,false,false
C,miami,2026-07-15,20260715T165044598795-0400,2026-07-15T20:50:44.598795+00:00,16:50:44.057648,1010,peak_heating_window,F,M2_empty_history,no_valid_row_change,,,,16,91.94,93.2,93,2026-07-15T20:50:44.598795+00:00,2026-07-15T20:50:19.245104+00:00,0,,,16,91.94,93.2,0,false,false,16,91.94,93.2,0,false,false,16,91.94,93.2,0,false,false,16,91.94,93.2,0,false,false
C,miami,2026-07-16,20260716T013958959124-0400,2026-07-16T05:39:58.959124+00:00,01:39:58.628676,99,pre_dawn,F,M2_empty_history,no_valid_row_change,,,,7,80.96,84.92,97,2026-07-16T05:39:58.959124+00:00,2026-07-16T05:32:08.718316+00:00,0,,,7,80.96,84.92,0,false,false,7,80.96,84.92,0,false,false,7,80.96,84.92,0,false,false,7,80.96,84.92,0,false,false
C,miami,2026-07-16,20260716T085900072226-0400,2026-07-16T12:59:00.072226+00:00,08:58:59.061047,538,other,F,M2_empty_history,no_valid_row_change,,,,8,84.02,84.92,97,2026-07-16T12:59:00.072226+00:00,2026-07-16T12:57:09.039433+00:00,0,,,8,84.02,84.92,0,false,false,8,84.02,84.92,0,false,false,8,84.02,84.92,0,false,false,8,84.02,84.92,0,false,false
C,miami,2026-07-16,20260716T153129660131-0400,2026-07-16T19:31:29.660131+00:00,15:31:28.412156,931,peak_heating_window,F,M2_empty_history,no_valid_row_change,,,,15,93.02,95,97,2026-07-16T19:31:29.660131+00:00,2026-07-16T19:22:17.156532+00:00,0,,,15,93.02,95,0,false,false,15,93.02,95,0,false,false,15,93.02,95,0,false,false,15,93.02,95,0,false,false
C,miami,2026-07-17,20260717T025647040172-0400,2026-07-17T06:56:47.040172+00:00,02:56:46.855145,176,pre_dawn,F,M2_empty_history,no_valid_row_change,,,,7,82.94,84.02,92,2026-07-17T06:56:47.040172+00:00,2026-07-17T06:55:03.451105+00:00,0,,,7,82.94,84.02,0,false,false,7,82.94,84.02,0,false,false,7,82.94,84.02,0,false,false,7,82.94,84.02,0,false,false
C,miami,2026-07-17,20260717T045551066538-0400,2026-07-17T08:55:51.066538+00:00,04:55:50.926410,295,pre_dawn,F,M2_empty_history,no_valid_row_change,,,,7,82.04,82.94,92,2026-07-17T08:55:51.066538+00:00,2026-07-17T08:53:35.494757+00:00,0,,,7,82.04,82.94,0,false,false,7,82.04,82.94,0,false,false,7,82.04,82.94,0,false,false,7,82.04,82.94,0,false,false
C,miami,2026-07-17,20260717T065559647772-0400,2026-07-17T10:55:59.647772+00:00,06:55:59.494454,415,pre_dawn,F,M2_empty_history,no_valid_row_change,,,,7,82.04,82.94,92,2026-07-17T10:55:59.647772+00:00,2026-07-17T10:51:57.073322+00:00,0,,,7,82.04,82.94,0,false,false,7,82.04,82.94,0,false,false,7,82.04,82.94,0,false,false,7,82.04,82.94,0,false,false
C,miami,2026-07-18,20260718T005754107785-0400,2026-07-18T04:57:54.107785+00:00,00:57:53.981625,57,pre_dawn,F,M2_empty_history,no_valid_row_change,,,,7,82.94,84.02,91,2026-07-18T04:57:54.107785+00:00,2026-07-18T04:56:55.132035+00:00,0,,,7,82.94,84.02,0,false,false,7,82.94,84.02,0,false,false,7,82.94,84.02,0,false,false,7,82.94,84.02,0,false,false
C,miami,2026-07-18,20260718T035640046183-0400,2026-07-18T07:56:40.046183+00:00,03:56:39.819079,236,pre_dawn,F,M2_empty_history,no_valid_row_change,,,,7,80.96,82.94,91,2026-07-18T07:56:40.046183+00:00,2026-07-18T07:49:09.386206+00:00,0,,,7,80.96,82.94,0,false,false,7,80.96,82.94,0,false,false,7,80.96,82.94,0,false,false,7,80.96,82.94,0,false,false
C,miami,2026-07-18,20260718T055602059094-0400,2026-07-18T09:56:02.059094+00:00,05:56:01.904759,356,pre_dawn,F,M2_empty_history,no_valid_row_change,,,,7,80.96,82.04,91,2026-07-18T09:56:02.059094+00:00,2026-07-18T09:47:25.358921+00:00,0,,,7,80.96,82.04,0,false,false,7,80.96,82.04,0,false,false,7,80.96,82.04,0,false,false,7,80.96,82.04,0,false,false
C,miami,2026-07-19,20260719T025643465077-0400,2026-07-19T06:56:43.465077+00:00,02:56:43.244245,176,pre_dawn,F,M2_empty_history,no_valid_row_change,,,,7,82.94,84.02,91,2026-07-19T06:56:43.465077+00:00,2026-07-19T06:54:55.659994+00:00,0,,,7,82.94,84.02,0,false,false,7,82.94,84.02,0,false,false,7,82.94,84.02,0,false,false,7,82.94,84.02,0,false,false
C,miami,2026-07-20,20260720T015539658762-0400,2026-07-20T05:55:39.658762+00:00,01:55:39.222182,115,pre_dawn,F,M2_empty_history,no_valid_row_change,,,,7,82.94,84.02,93,2026-07-20T05:55:39.658762+00:00,2026-07-20T05:47:05.560979+00:00,0,,,7,82.94,84.02,0,false,false,7,82.94,84.02,0,false,false,7,82.94,84.02,0,false,false,7,82.94,84.02,0,false,false
C,miami,2026-07-20,20260720T035542302464-0400,2026-07-20T07:55:42.302464+00:00,03:55:41.071562,235,pre_dawn,F,M2_empty_history,no_valid_row_change,,,,7,82.94,84.02,93,2026-07-20T07:55:42.302464+00:00,2026-07-20T07:46:35.192424+00:00,0,,,7,82.94,84.02,0,false,false,7,82.94,84.02,0,false,false,7,82.94,84.02,0,false,false,7,82.94,84.02,0,false,false
C,miami,2026-07-21,20260721T005554616294-0400,2026-07-21T04:55:54.616294+00:00,00:55:54.300962,55,pre_dawn,F,M2_empty_history,no_valid_row_change,,,,7,82.94,84.02,91,2026-07-21T04:55:54.616294+00:00,2026-07-21T04:46:41.404681+00:00,0,,,7,82.94,84.02,0,false,false,7,82.94,84.02,0,false,false,7,82.94,84.02,0,false,false,7,82.94,84.02,0,false,false
C,miami,2026-07-21,20260721T015727601601-0400,2026-07-21T05:57:27.601601+00:00,01:57:26.404582,117,pre_dawn,F,M2_empty_history,no_valid_row_change,,,,7,82.04,82.94,91,2026-07-21T05:57:27.601601+00:00,2026-07-21T05:48:08.681849+00:00,0,,,7,82.04,82.94,0,false,false,7,82.04,82.94,0,false,false,7,82.04,82.94,0,false,false,7,82.04,82.94,0,false,false
C,miami,2026-07-21,20260721T060402568701-0400,2026-07-21T10:04:02.568701+00:00,06:04:01.510777,364,pre_dawn,F,M2_empty_history,no_valid_row_change,,,,7,82.94,84.02,91,2026-07-21T10:04:02.568701+00:00,2026-07-21T09:54:56.451857+00:00,0,,,7,82.94,84.02,0,false,false,7,82.94,84.02,0,false,false,7,82.94,84.02,0,false,false,7,82.94,84.02,0,false,false
C,miami,2026-07-22,20260722T005647626455-0400,2026-07-22T04:56:47.626455+00:00,00:56:47.353908,56,pre_dawn,F,M2_empty_history,no_valid_row_change,,,,7,84.02,84.92,92,2026-07-22T04:56:47.626455+00:00,2026-07-22T04:55:11.415486+00:00,0,,,7,84.02,84.92,0,false,false,7,84.02,84.92,0,false,false,7,84.02,84.92,0,false,false,7,84.02,84.92,0,false,false
C,miami,2026-07-22,20260722T015854882410-0400,2026-07-22T05:58:54.882410+00:00,01:58:54.015956,118,pre_dawn,F,M2_empty_history,no_valid_row_change,,,,7,82.94,84.02,92,2026-07-22T05:58:54.882410+00:00,2026-07-22T05:49:49.161631+00:00,0,,,7,82.94,84.02,0,false,false,7,82.94,84.02,0,false,false,7,82.94,84.02,0,false,false,7,82.94,84.02,0,false,false
C,miami,2026-07-22,20260722T135850716000-0400,2026-07-22T17:58:50.716000+00:00,13:58:50.525166,838,settlement_window,F,M2_empty_history,no_valid_row_change,,,,13,89.96,91.04,92,2026-07-22T17:58:50.716000+00:00,2026-07-22T17:55:37.355922+00:00,0,,,13,89.96,91.04,0,false,false,13,89.96,91.04,0,false,false,13,89.96,91.04,0,false,false,13,89.96,91.04,0,false,false
C,miami,2026-07-23,20260723T015706433446-0400,2026-07-23T05:57:06.433446+00:00,01:57:06.176000,117,pre_dawn,F,M2_empty_history,no_valid_row_change,,,,7,82.94,84.92,92,2026-07-23T05:57:06.433446+00:00,2026-07-23T05:51:48.739422+00:00,0,,,7,82.94,84.92,0,false,false,7,82.94,84.92,0,false,false,7,82.94,84.92,0,false,false,7,82.94,84.92,0,false,false
C,miami,2026-07-23,20260723T045615162505-0400,2026-07-23T08:56:15.162505+00:00,04:56:14.244542,296,pre_dawn,F,M2_empty_history,no_valid_row_change,,,,7,82.94,84.02,92,2026-07-23T08:56:15.162505+00:00,2026-07-23T08:45:38.286925+00:00,0,,,7,82.94,84.02,0,false,false,7,82.94,84.02,0,false,false,7,82.94,84.02,0,false,false,7,82.94,84.02,0,false,false
C,miami,2026-07-23,20260723T160654314128-0400,2026-07-23T20:06:54.314128+00:00,16:06:54.191352,966,peak_heating_window,F,M6_unexplained,no_valid_row_change,,,,16,89.06,91.94,92,2026-07-23T20:06:54.314128+00:00,2026-07-23T20:02:08.891953+00:00,0,,,16,89.06,91.94,0,false,false,16,89.06,91.94,0,false,false,16,89.06,91.94,0,false,false,16,89.06,91.94,0,false,false
C,miami,2026-07-24,20260724T010433743614-0400,2026-07-24T05:04:33.743614+00:00,01:04:32.909774,64,pre_dawn,F,M2_empty_history,no_valid_row_change,,,,7,84.92,86,92,2026-07-24T05:04:33.743614+00:00,2026-07-24T04:56:02.525438+00:00,0,,,7,84.92,86,0,false,false,7,84.92,86,0,false,false,7,84.92,86,0,false,false,7,84.92,86,0,false,false
C,miami,2026-07-24,20260724T015633981878-0400,2026-07-24T05:56:33.981878+00:00,01:56:33.785579,116,pre_dawn,F,M2_empty_history,no_valid_row_change,,,,7,82.94,84.92,92,2026-07-24T05:56:33.981878+00:00,2026-07-24T05:50:10.997358+00:00,0,,,7,82.94,84.92,0,false,false,7,82.94,84.92,0,false,false,7,82.94,84.92,0,false,false,7,82.94,84.92,0,false,false
C,miami,2026-07-24,20260724T055633695613-0400,2026-07-24T09:56:33.695613+00:00,05:56:33.475253,356,pre_dawn,F,M2_empty_history,no_valid_row_change,,,,7,82.04,82.94,92,2026-07-24T09:56:33.695613+00:00,2026-07-24T09:53:11.664173+00:00,0,,,7,82.04,82.94,0,false,false,7,82.04,82.94,0,false,false,7,82.04,82.94,0,false,false,7,82.04,82.94,0,false,false
C,miami,2026-07-25,20260725T015823260556-0400,2026-07-25T05:58:23.260556+00:00,01:58:22.984454,118,pre_dawn,F,M2_empty_history,no_valid_row_change,,,,7,84.02,84.92,92,2026-07-25T05:58:23.260556+00:00,2026-07-25T05:50:12.499987+00:00,0,,,7,84.02,84.92,0,false,false,7,84.02,84.92,0,false,false,7,84.02,84.92,0,false,false,7,84.02,84.92,0,false,false
C,miami,2026-07-25,20260725T035806948867-0400,2026-07-25T07:58:06.948867+00:00,03:58:05.917358,238,pre_dawn,F,M2_empty_history,no_valid_row_change,,,,7,82.94,84.02,92,2026-07-25T07:58:06.948867+00:00,2026-07-25T07:57:24.221549+00:00,0,,,7,82.94,84.02,0,false,false,7,82.94,84.02,0,false,false,7,82.94,84.02,0,false,false,7,82.94,84.02,0,false,false
C,miami,2026-07-25,20260725T065647986406-0400,2026-07-25T10:56:47.986406+00:00,06:56:47.755474,416,pre_dawn,F,M2_empty_history,no_valid_row_change,,,,7,82.94,84.02,92,2026-07-25T10:56:47.986406+00:00,2026-07-25T10:51:24.914424+00:00,0,,,7,82.94,84.02,0,false,false,7,82.94,84.02,0,false,false,7,82.94,84.02,0,false,false,7,82.94,84.02,0,false,false
C,miami,2026-07-25,20260725T133645686552-0400,2026-07-25T17:36:45.686552+00:00,13:36:45.566278,816,settlement_window,F,M2_empty_history,no_valid_row_change,,,,13,89.96,91.94,92,2026-07-25T17:36:45.686552+00:00,2026-07-25T17:32:14.858734+00:00,0,,,13,89.96,91.94,0,false,false,13,89.96,91.94,0,false,false,13,89.96,91.94,0,false,false,13,89.96,91.94,0,false,false
C,miami,2026-07-26,20260726T025648127459-0400,2026-07-26T06:56:48.127459+00:00,02:56:47.894167,176,pre_dawn,F,M2_empty_history,no_valid_row_change,,,,7,82.94,84.02,94,2026-07-26T06:56:48.127459+00:00,2026-07-26T06:49:21.658030+00:00,0,,,7,82.94,84.02,0,false,false,7,82.94,84.02,0,false,false,7,82.94,84.02,0,false,false,7,82.94,84.02,0,false,false
C,miami,2026-07-26,20260726T040219076847-0400,2026-07-26T08:02:19.076847+00:00,04:02:18.067227,242,pre_dawn,F,M2_empty_history,no_valid_row_change,,,,7,82.04,82.94,94,2026-07-26T08:02:19.076847+00:00,2026-07-26T07:56:32.673569+00:00,0,,,7,82.04,82.94,0,false,false,7,82.04,82.94,0,false,false,7,82.04,82.94,0,false,false,7,82.04,82.94,0,false,false
C,miami,2026-07-26,20260726T065557159736-0400,2026-07-26T10:55:57.159736+00:00,06:55:56.866733,415,pre_dawn,F,M2_empty_history,no_valid_row_change,,,,7,80.96,82.04,94,2026-07-26T10:55:57.159736+00:00,2026-07-26T10:51:44.455480+00:00,0,,,7,80.96,82.04,0,false,false,7,80.96,82.04,0,false,false,7,80.96,82.04,0,false,false,7,80.96,82.04,0,false,false
C,miami,2026-07-27,20260727T005644228704-0400,2026-07-27T04:56:44.228704+00:00,00:56:44.080772,56,pre_dawn,F,M2_empty_history,no_valid_row_change,,,,7,78.08,78.98,90,2026-07-27T04:56:44.228704+00:00,2026-07-27T04:56:16.679587+00:00,0,,,7,78.08,78.98,0,false,false,7,78.08,78.98,0,false,false,7,78.08,78.98,0,false,false,7,78.08,78.98,0,false,false
C,miami,2026-07-28,20260728T010410848930-0400,2026-07-28T05:04:10.848930+00:00,01:04:09.851899,64,pre_dawn,F,M2_empty_history,no_valid_row_change,,,,7,78.98,80.06,89,2026-07-28T05:04:10.848930+00:00,2026-07-28T04:55:04.963495+00:00,0,,,7,78.98,80.06,0,false,false,7,78.98,80.06,0,false,false,7,78.98,80.06,0,false,false,7,78.98,80.06,0,false,false
C,miami,2026-07-28,20260728T045706425330-0400,2026-07-28T08:57:06.425330+00:00,04:57:06.156364,297,pre_dawn,F,M2_empty_history,no_valid_row_change,,,,7,78.08,78.98,89,2026-07-28T08:57:06.425330+00:00,2026-07-28T08:52:19.052786+00:00,0,,,7,78.08,78.98,0,false,false,7,78.08,78.98,0,false,false,7,78.08,78.98,0,false,false,7,78.08,78.98,0,false,false
C,miami,2026-07-29,20260729T030249567236-0400,2026-07-29T07:02:49.567236+00:00,03:02:48.575194,182,pre_dawn,F,M2_empty_history,no_valid_row_change,,,,7,80.06,80.96,94,2026-07-29T07:02:49.567236+00:00,2026-07-29T06:53:40.343950+00:00,0,,,7,80.06,80.96,0,false,false,7,80.06,80.96,0,false,false,7,80.06,80.96,0,false,false,7,80.06,80.96,0,false,false
C,miami,2026-07-29,20260729T110236251939-0400,2026-07-29T15:02:36.251939+00:00,11:02:36.127594,662,other,F,M2_empty_history,no_valid_row_change,,,,11,87.98,89.96,94,2026-07-29T15:02:36.251939+00:00,2026-07-29T15:00:47.510021+00:00,0,,,11,87.98,89.96,0,false,false,11,87.98,89.96,0,false,false,11,87.98,89.96,0,false,false,11,87.98,89.96,0,false,false
C,miami,2026-07-30,20260730T005642874375-0400,2026-07-30T04:56:42.874375+00:00,00:56:42.599227,56,pre_dawn,F,M2_empty_history,no_valid_row_change,,,,7,82.94,84.02,96,2026-07-30T04:56:42.874375+00:00,2026-07-30T04:49:01.217550+00:00,0,,,7,82.94,84.02,0,false,false,7,82.94,84.02,0,false,false,7,82.94,84.02,0,false,false,7,82.94,84.02,0,false,false
C,miami,2026-07-30,20260730T020209430876-0400,2026-07-30T06:02:09.430876+00:00,02:02:08.368700,122,pre_dawn,F,M2_empty_history,no_valid_row_change,,,,7,82.04,82.94,96,2026-07-30T06:02:09.430876+00:00,2026-07-30T05:53:01.350245+00:00,0,,,7,82.04,82.94,0,false,false,7,82.04,82.94,0,false,false,7,82.04,82.94,0,false,false,7,82.04,82.94,0,false,false
C,miami,2026-07-30,20260730T025648404233-0400,2026-07-30T06:56:48.404233+00:00,02:56:47.346807,176,pre_dawn,F,M2_empty_history,no_valid_row_change,,,,7,80.96,82.04,96,2026-07-30T06:56:48.404233+00:00,2026-07-30T06:47:42.572822+00:00,0,,,7,80.96,82.04,0,false,false,7,80.96,82.04,0,false,false,7,80.96,82.04,0,false,false,7,80.96,82.04,0,false,false
C,nyc,2026-07-03,20260703T010229-0400,2026-07-03T05:02:29.980425+00:00,01:02:29.781478,62,pre_dawn,F,M2_empty_history,no_valid_row_change,,,,7,91.04,93.92,100,2026-07-03T05:02:29.980425+00:00,2026-07-03T04:46:58.919456+00:00,0,,,7,91.04,93.92,0,false,false,7,91.04,93.92,0,false,false,7,91.04,93.92,0,false,false,7,91.04,93.92,0,false,false
C,nyc,2026-07-03,20260703T015733-0400,2026-07-03T05:57:33.826623+00:00,01:57:33.087323,117,pre_dawn,F,M2_empty_history,no_valid_row_change,,,,7,87.98,91.04,100,2026-07-03T05:57:33.826623+00:00,2026-07-03T05:53:04.431639+00:00,0,,,7,87.98,91.04,0,false,false,7,87.98,91.04,0,false,false,7,87.98,91.04,0,false,false,7,87.98,91.04,0,false,false
C,nyc,2026-07-03,20260703T035612-0400,2026-07-03T07:56:12.921412+00:00,03:56:12.142512,236,pre_dawn,F,M2_empty_history,no_valid_row_change,,,,7,87.08,87.98,100,2026-07-03T07:56:12.921412+00:00,2026-07-03T07:48:03.748886+00:00,0,,,7,87.08,87.98,0,false,false,7,87.08,87.98,0,false,false,7,87.08,87.98,0,false,false,7,87.08,87.98,0,false,false
C,nyc,2026-07-03,20260703T045709-0400,2026-07-03T08:57:09.933135+00:00,04:57:09.773701,297,pre_dawn,F,M2_empty_history,no_valid_row_change,,,,7,86,87.08,100,2026-07-03T08:57:09.933135+00:00,2026-07-03T08:51:39.545566+00:00,0,,,7,86,87.08,0,false,false,7,86,87.08,0,false,false,7,86,87.08,0,false,false,7,86,87.08,0,false,false
C,nyc,2026-07-03,20260703T060911-0400,2026-07-03T10:09:11.881413+00:00,06:09:11.685255,369,pre_dawn,F,M2_empty_history,no_valid_row_change,,,,7,84.02,86,100,2026-07-03T10:09:11.881413+00:00,2026-07-03T10:04:17.161639+00:00,0,,,7,84.02,86,0,false,false,7,84.02,86,0,false,false,7,84.02,86,0,false,false,7,84.02,86,0,false,false
C,nyc,2026-07-03,20260703T065614-0400,2026-07-03T10:56:14.478763+00:00,06:56:14.183029,416,pre_dawn,F,M2_empty_history,no_valid_row_change,,,,7,82.94,84.02,100,2026-07-03T10:56:14.478763+00:00,2026-07-03T10:49:39.087743+00:00,0,,,7,82.94,84.02,0,false,false,7,82.94,84.02,0,false,false,7,82.94,84.02,0,false,false,7,82.94,84.02,0,false,false
C,nyc,2026-07-05,20260705T015931211243-0400,2026-07-05T05:59:31.211243+00:00,01:59:30.926545,119,pre_dawn,F,M2_empty_history,no_valid_row_change,,,,7,75.02,75.92,78,2026-07-05T05:59:31.211243+00:00,2026-07-05T05:55:42.118600+00:00,0,,,7,75.02,75.92,0,false,false,7,75.02,75.92,0,false,false,7,75.02,75.92,0,false,false,7,75.02,75.92,0,false,false
C,nyc,2026-07-05,20260705T055542804883-0400,2026-07-05T09:55:42.804883+00:00,05:55:42.615894,355,pre_dawn,F,M2_empty_history,no_valid_row_change,,,,7,73.94,75.92,78,2026-07-05T09:55:42.804883+00:00,2026-07-05T09:55:16.042569+00:00,0,,,7,73.94,75.92,0,false,false,7,73.94,75.92,0,false,false,7,73.94,75.92,0,false,false,7,73.94,75.92,0,false,false
C,nyc,2026-07-07,20260707T005604720438-0400,2026-07-07T04:56:04.720438+00:00,00:54:44.715675,54,pre_dawn,F,M2_empty_history,no_valid_row_change,,,,7,64.94,66.92,72,2026-07-07T04:56:04.720438+00:00,2026-07-07T04:37:53.012264+00:00,0,,,7,64.94,66.92,0,false,false,7,64.94,66.92,0,false,false,7,64.94,66.92,0,false,false,7,64.94,66.92,0,false,false
C,nyc,2026-07-07,20260707T035252824028-0400,2026-07-07T07:52:52.824028+00:00,03:52:52.496602,232,pre_dawn,F,M2_empty_history,no_valid_row_change,,,,7,64.04,64.94,72,2026-07-07T07:52:52.824028+00:00,2026-07-07T07:43:48.522240+00:00,0,,,7,64.04,64.94,0,false,false,7,64.04,64.94,0,false,false,7,64.04,64.94,0,false,false,7,64.04,64.94,0,false,false
C,nyc,2026-07-07,20260707T045621585577-0400,2026-07-07T08:56:21.585577+00:00,04:56:21.340783,296,pre_dawn,F,M2_empty_history,no_valid_row_change,,,,7,64.04,64.4,72,2026-07-07T08:56:21.585577+00:00,2026-07-07T08:47:18.241776+00:00,0,,,7,64.04,64.4,0,false,false,7,64.04,64.4,0,false,false,7,64.04,64.4,0,false,false,7,64.04,64.4,0,false,false
C,nyc,2026-07-07,20260707T055427905035-0400,2026-07-07T09:54:27.905035+00:00,05:54:27.657937,354,pre_dawn,F,M2_empty_history,no_valid_row_change,,,,7,62.96,64.04,72,2026-07-07T09:54:27.905035+00:00,2026-07-07T09:50:46.829522+00:00,0,,,7,62.96,64.04,0,false,false,7,62.96,64.04,0,false,false,7,62.96,64.04,0,false,false,7,62.96,64.04,0,false,false
C,nyc,2026-07-07,20260707T115653745234-0400,2026-07-07T15:56:53.745234+00:00,11:56:53.530920,716,other,F,M2_empty_history,no_valid_row_change,,,,11,66.02,69.08,72,2026-07-07T15:56:53.745234+00:00,2026-07-07T15:56:08.205691+00:00,0,,,11,66.02,69.08,0,false,false,11,66.02,69.08,0,false,false,11,66.02,69.08,0,false,false,11,66.02,69.08,0,false,false
C,nyc,2026-07-08,20260708T005639793520-0400,2026-07-08T04:56:39.793520+00:00,00:56:39.541523,56,pre_dawn,F,M2_empty_history,no_valid_row_change,,,,7,68,69.08,87,2026-07-08T04:56:39.793520+00:00,2026-07-08T04:52:48.476417+00:00,0,,,7,68,69.08,0,false,false,7,68,69.08,0,false,false,7,68,69.08,0,false,false,7,68,69.08,0,false,false
C,nyc,2026-07-08,20260708T013350269449-0400,2026-07-08T05:33:50.269449+00:00,01:33:49.865267,93,pre_dawn,F,M2_empty_history,no_valid_row_change,,,,7,66.92,68,87,2026-07-08T05:33:50.269449+00:00,2026-07-08T05:32:54.731505+00:00,0,,,7,66.92,68,0,false,false,7,66.92,68,0,false,false,7,66.92,68,0,false,false,7,66.92,68,0,false,false
C,nyc,2026-07-08,20260708T025249846276-0400,2026-07-08T06:52:49.846276+00:00,02:52:49.159429,172,pre_dawn,F,M2_empty_history,no_valid_row_change,,,,7,66.02,66.92,87,2026-07-08T06:52:49.846276+00:00,2026-07-08T06:45:47.058240+00:00,0,,,7,66.02,66.92,0,false,false,7,66.02,66.92,0,false,false,7,66.02,66.92,0,false,false,7,66.02,66.92,0,false,false
C,nyc,2026-07-09,20260709T005439404702-0400,2026-07-09T04:54:39.404702+00:00,00:54:37.930299,54,pre_dawn,F,M2_empty_history,no_valid_row_change,,,,7,75.02,75.92,87,2026-07-09T04:54:39.404702+00:00,2026-07-09T04:45:56.199720+00:00,0,,,7,75.02,75.92,0,false,false,7,75.02,75.92,0,false,false,7,75.02,75.92,0,false,false,7,75.02,75.92,0,false,false
C,nyc,2026-07-09,20260709T015538018096-0400,2026-07-09T05:55:38.018096+00:00,01:55:37.741791,115,pre_dawn,F,M2_empty_history,no_valid_row_change,,,,7,73.94,75.02,87,2026-07-09T05:55:38.018096+00:00,2026-07-09T05:49:22.953419+00:00,0,,,7,73.94,75.02,0,false,false,7,73.94,75.02,0,false,false,7,73.94,75.02,0,false,false,7,73.94,75.02,0,false,false
C,nyc,2026-07-10,20260710T005613958862-0400,2026-07-10T04:56:13.958862+00:00,00:56:13.647648,56,pre_dawn,F,M2_empty_history,no_valid_row_change,,,,7,75.92,77,88,2026-07-10T04:56:13.958862+00:00,2026-07-10T04:55:14.219244+00:00,0,,,7,75.92,77,0,false,false,7,75.92,77,0,false,false,7,75.92,77,0,false,false,7,75.92,77,0,false,false
C,nyc,2026-07-10,20260710T010213945358-0400,2026-07-10T05:02:13.945358+00:00,01:02:13.577052,62,pre_dawn,F,M2_empty_history,no_valid_row_change,,,,7,75.92,77,88,2026-07-10T05:02:13.945358+00:00,2026-07-10T05:01:24.627962+00:00,0,,,7,75.92,77,0,false,false,7,75.92,77,0,false,false,7,75.92,77,0,false,false,7,75.92,77,0,false,false
C,nyc,2026-07-10,20260710T090851000888-0400,2026-07-10T13:08:51.000888+00:00,09:08:50.830562,548,other,F,M2_empty_history,no_valid_row_change,,,,9,78.08,80.96,88,2026-07-10T13:08:51.000888+00:00,2026-07-10T12:59:45.667293+00:00,0,,,9,78.08,80.96,0,false,false,9,78.08,80.96,0,false,false,9,78.08,80.96,0,false,false,9,78.08,80.96,0,false,false
C,nyc,2026-07-11,20260711T005356975375-0400,2026-07-11T04:53:56.975375+00:00,00:53:56.627375,53,pre_dawn,F,M2_empty_history,no_valid_row_change,,,,7,80.06,82.04,82,2026-07-11T04:53:56.975375+00:00,2026-07-11T04:46:02.129914+00:00,0,,,7,80.06,82.04,0,false,false,7,80.06,82.04,0,false,false,7,80.06,82.04,0,false,false,7,80.06,82.04,0,false,false
C,nyc,2026-07-11,20260711T015434562174-0400,2026-07-11T05:54:34.562174+00:00,01:54:34.312567,114,pre_dawn,F,M2_empty_history,no_valid_row_change,,,,7,78.08,80.06,82,2026-07-11T05:54:34.562174+00:00,2026-07-11T05:46:29.425237+00:00,0,,,7,78.08,80.06,0,false,false,7,78.08,80.06,0,false,false,7,78.08,80.06,0,false,false,7,78.08,80.06,0,false,false
C,nyc,2026-07-11,20260711T035548692811-0400,2026-07-11T07:55:48.692811+00:00,03:55:40.676551,235,pre_dawn,F,M2_empty_history,no_valid_row_change,,,,7,75.92,78.08,82,2026-07-11T07:55:48.692811+00:00,2026-07-11T07:47:08.648057+00:00,0,,,7,75.92,78.08,0,false,false,7,75.92,78.08,0,false,false,7,75.92,78.08,0,false,false,7,75.92,78.08,0,false,false
C,nyc,2026-07-11,20260711T045421869281-0400,2026-07-11T08:54:21.869281+00:00,04:54:08.771026,294,pre_dawn,F,M2_empty_history,no_valid_row_change,,,,7,73.94,75.92,82,2026-07-11T08:54:21.869281+00:00,2026-07-11T08:40:59.304288+00:00,0,,,7,73.94,75.92,0,false,false,7,73.94,75.92,0,false,false,7,73.94,75.92,0,false,false,7,73.94,75.92,0,false,false
C,nyc,2026-07-11,20260711T055503469078-0400,2026-07-11T09:55:03.469078+00:00,05:55:03.165334,355,pre_dawn,F,M2_empty_history,no_valid_row_change,,,,7,73.04,73.94,82,2026-07-11T09:55:03.469078+00:00,2026-07-11T09:46:43.153194+00:00,0,,,7,73.04,73.94,0,false,false,7,73.04,73.94,0,false,false,7,73.04,73.94,0,false,false,7,73.04,73.94,0,false,false
C,nyc,2026-07-11,20260711T162412991518-0400,2026-07-11T20:24:12.991518+00:00,16:24:12.752502,984,peak_heating_window,F,M2_empty_history,no_valid_row_change,,,,16,73.04,80.96,82,2026-07-11T20:24:12.991518+00:00,2026-07-11T20:15:08.133491+00:00,0,,,16,73.04,80.96,0,false,false,16,73.04,80.96,0,false,false,16,73.04,80.96,0,false,false,16,73.04,80.96,0,false,false
C,nyc,2026-07-14,20260714T005729171092-0400,2026-07-14T04:57:29.171092+00:00,00:57:27.691939,57,pre_dawn,F,M2_empty_history,no_valid_row_change,,,,7,75.92,77,92,2026-07-14T04:57:29.171092+00:00,2026-07-14T04:48:05.088034+00:00,0,,,7,75.92,77,0,false,false,7,75.92,77,0,false,false,7,75.92,77,0,false,false,7,75.92,77,0,false,false
C,nyc,2026-07-14,20260714T015519052491-0400,2026-07-14T05:55:19.052491+00:00,01:55:18.737373,115,pre_dawn,F,M2_empty_history,no_valid_row_change,,,,7,75.02,75.92,92,2026-07-14T05:55:19.052491+00:00,2026-07-14T05:47:18.291876+00:00,0,,,7,75.02,75.92,0,false,false,7,75.02,75.92,0,false,false,7,75.02,75.92,0,false,false,7,75.02,75.92,0,false,false
C,nyc,2026-07-14,20260714T025519307018-0400,2026-07-14T06:55:19.307018+00:00,02:55:19.058041,175,pre_dawn,F,M2_empty_history,no_valid_row_change,,,,7,73.94,75.02,92,2026-07-14T06:55:19.307018+00:00,2026-07-14T06:46:57.584656+00:00,0,,,7,73.94,75.02,0,false,false,7,73.94,75.02,0,false,false,7,73.94,75.02,0,false,false,7,73.94,75.02,0,false,false
C,nyc,2026-07-14,20260714T045627422974-0400,2026-07-14T08:56:27.422974+00:00,04:56:27.247067,296,pre_dawn,F,M2_empty_history,no_valid_row_change,,,,7,73.94,75.02,92,2026-07-14T08:56:27.422974+00:00,2026-07-14T08:54:23.446120+00:00,0,,,7,73.94,75.02,0,false,false,7,73.94,75.02,0,false,false,7,73.94,75.02,0,false,false,7,73.94,75.02,0,false,false
C,nyc,2026-07-15,20260715T005510137033-0400,2026-07-15T04:55:10.137033+00:00,00:55:09.790684,55,pre_dawn,F,M2_empty_history,no_valid_row_change,,,,7,86,87.08,98,2026-07-15T04:55:10.137033+00:00,2026-07-15T04:52:11.437774+00:00,0,,,7,86,87.08,0,false,false,7,86,87.08,0,false,false,7,86,87.08,0,false,false,7,86,87.08,0,false,false
C,nyc,2026-07-15,20260715T015541473526-0400,2026-07-15T05:55:41.473526+00:00,01:55:40.998724,115,pre_dawn,F,M2_empty_history,no_valid_row_change,,,,7,84.02,86,98,2026-07-15T05:55:41.473526+00:00,2026-07-15T05:49:48.825664+00:00,0,,,7,84.02,86,0,false,false,7,84.02,86,0,false,false,7,84.02,86,0,false,false,7,84.02,86,0,false,false
C,nyc,2026-07-15,20260715T025432178355-0400,2026-07-15T06:54:32.178355+00:00,02:54:31.436399,174,pre_dawn,F,M2_empty_history,no_valid_row_change,,,,7,82.94,84.02,98,2026-07-15T06:54:32.178355+00:00,2026-07-15T06:50:37.615204+00:00,0,,,7,82.94,84.02,0,false,false,7,82.94,84.02,0,false,false,7,82.94,84.02,0,false,false,7,82.94,84.02,0,false,false
C,nyc,2026-07-15,20260715T035429048092-0400,2026-07-15T07:54:29.048092+00:00,03:54:28.824516,234,pre_dawn,F,M2_empty_history,no_valid_row_change,,,,7,82.04,82.94,98,2026-07-15T07:54:29.048092+00:00,2026-07-15T07:45:32.004045+00:00,0,,,7,82.04,82.94,0,false,false,7,82.04,82.94,0,false,false,7,82.04,82.94,0,false,false,7,82.04,82.94,0,false,false
C,nyc,2026-07-15,20260715T055528448546-0400,2026-07-15T09:55:28.448546+00:00,05:55:28.171422,355,pre_dawn,F,M2_empty_history,no_valid_row_change,,,,7,80.96,82.04,98,2026-07-15T09:55:28.448546+00:00,2026-07-15T09:52:45.145402+00:00,0,,,7,80.96,82.04,0,false,false,7,80.96,82.04,0,false,false,7,80.96,82.04,0,false,false,7,80.96,82.04,0,false,false
C,nyc,2026-07-15,20260715T085839602037-0400,2026-07-15T12:58:39.602037+00:00,08:58:39.259244,538,other,F,M2_empty_history,no_valid_row_change,,,,8,84.02,86,98,2026-07-15T12:58:39.602037+00:00,2026-07-15T12:55:13.165400+00:00,0,,,8,84.02,86,0,false,false,8,84.02,86,0,false,false,8,84.02,86,0,false,false,8,84.02,86,0,false,false
C,nyc,2026-07-15,20260715T091439353811-0400,2026-07-15T13:14:39.353811+00:00,09:14:39.131042,554,other,F,M2_empty_history,no_valid_row_change,,,,9,84.02,86,98,2026-07-15T13:14:39.353811+00:00,2026-07-15T13:13:26.987499+00:00,0,,,9,84.02,86,0,false,false,9,84.02,86,0,false,false,9,84.02,86,0,false,false,9,84.02,86,0,false,false
C,nyc,2026-07-16,20260716T015538980512-0400,2026-07-16T05:55:38.980512+00:00,01:55:38.660048,115,pre_dawn,F,M2_empty_history,no_valid_row_change,,,,7,80.06,80.96,88,2026-07-16T05:55:38.980512+00:00,2026-07-16T05:50:04.634155+00:00,0,,,7,80.06,80.96,0,false,false,7,80.06,80.96,0,false,false,7,80.06,80.96,0,false,false,7,80.06,80.96,0,false,false
C,nyc,2026-07-16,20260716T035640303231-0400,2026-07-16T07:56:40.303231+00:00,03:56:40.115152,236,pre_dawn,F,M2_empty_history,no_valid_row_change,,,,7,78.98,80.06,88,2026-07-16T07:56:40.303231+00:00,2026-07-16T07:49:04.156235+00:00,0,,,7,78.98,80.06,0,false,false,7,78.98,80.06,0,false,false,7,78.98,80.06,0,false,false,7,78.98,80.06,0,false,false
C,nyc,2026-07-16,20260716T055441825187-0400,2026-07-16T09:54:41.825187+00:00,05:54:41.657651,354,pre_dawn,F,M2_empty_history,no_valid_row_change,,,,7,78.08,78.98,88,2026-07-16T09:54:41.825187+00:00,2026-07-16T09:47:36.328068+00:00,0,,,7,78.08,78.98,0,false,false,7,78.08,78.98,0,false,false,7,78.08,78.98,0,false,false,7,78.08,78.98,0,false,false
C,nyc,2026-07-16,20260716T141154210399-0400,2026-07-16T18:11:54.210399+00:00,14:11:53.905302,851,peak_heating_window,F,M6_unexplained,no_valid_row_change,,,,14,84.02,84.92,88,2026-07-16T18:11:54.210399+00:00,2026-07-16T18:10:34.737812+00:00,0,,,14,84.02,84.92,0,false,false,14,84.02,84.92,0,false,false,14,84.02,84.92,0,false,false,14,84.02,84.92,0,false,false
C,nyc,2026-07-16,20260716T155503849117-0400,2026-07-16T19:55:03.849117+00:00,15:55:03.480135,955,peak_heating_window,F,M2_empty_history,no_valid_row_change,,,,15,86,87.08,88,2026-07-16T19:55:03.849117+00:00,2026-07-16T19:51:09.174440+00:00,0,,,15,86,87.08,0,false,false,15,86,87.08,0,false,false,15,86,87.08,0,false,false,15,86,87.08,0,false,false
C,nyc,2026-07-17,20260717T005540392621-0400,2026-07-17T04:55:40.392621+00:00,00:55:40.123736,55,pre_dawn,F,M2_empty_history,no_valid_row_change,,,,7,78.98,80.96,87,2026-07-17T04:55:40.392621+00:00,2026-07-17T04:46:46.838607+00:00,0,,,7,78.98,80.96,0,false,false,7,78.98,80.96,0,false,false,7,78.98,80.96,0,false,false,7,78.98,80.96,0,false,false
C,nyc,2026-07-17,20260717T015443337063-0400,2026-07-17T05:54:43.337063+00:00,01:54:43.030006,114,pre_dawn,F,M2_empty_history,no_valid_row_change,,,,7,78.08,78.98,87,2026-07-17T05:54:43.337063+00:00,2026-07-17T05:50:55.821866+00:00,0,,,7,78.08,78.98,0,false,false,7,78.08,78.98,0,false,false,7,78.08,78.98,0,false,false,7,78.08,78.98,0,false,false
C,nyc,2026-07-17,20260717T025524103916-0400,2026-07-17T06:55:24.103916+00:00,02:55:23.074312,175,pre_dawn,F,M2_empty_history,no_valid_row_change,,,,7,77,78.08,87,2026-07-17T06:55:24.103916+00:00,2026-07-17T06:46:12.385125+00:00,0,,,7,77,78.08,0,false,false,7,77,78.08,0,false,false,7,77,78.08,0,false,false,7,77,78.08,0,false,false
C,nyc,2026-07-17,20260717T035542645372-0400,2026-07-17T07:55:42.645372+00:00,03:55:42.365248,235,pre_dawn,F,M2_empty_history,no_valid_row_change,,,,7,75.92,77,87,2026-07-17T07:55:42.645372+00:00,2026-07-17T07:50:06.466451+00:00,0,,,7,75.92,77,0,false,false,7,75.92,77,0,false,false,7,75.92,77,0,false,false,7,75.92,77,0,false,false
C,nyc,2026-07-17,20260717T045541848495-0400,2026-07-17T08:55:41.848495+00:00,04:55:41.606769,295,pre_dawn,F,M2_empty_history,no_valid_row_change,,,,7,75.02,75.92,87,2026-07-17T08:55:41.848495+00:00,2026-07-17T08:53:55.851177+00:00,0,,,7,75.02,75.92,0,false,false,7,75.02,75.92,0,false,false,7,75.02,75.92,0,false,false,7,75.02,75.92,0,false,false
C,nyc,2026-07-17,20260717T055549568641-0400,2026-07-17T09:55:49.568641+00:00,05:55:49.341717,355,pre_dawn,F,M2_empty_history,no_valid_row_change,,,,7,73.94,75.02,87,2026-07-17T09:55:49.568641+00:00,2026-07-17T09:48:30.132942+00:00,0,,,7,73.94,75.02,0,false,false,7,73.94,75.02,0,false,false,7,73.94,75.02,0,false,false,7,73.94,75.02,0,false,false
C,nyc,2026-07-18,20260718T015630056454-0400,2026-07-18T05:56:30.056454+00:00,01:56:29.756633,116,pre_dawn,F,M2_empty_history,no_valid_row_change,,,,7,75.02,75.92,80,2026-07-18T05:56:30.056454+00:00,2026-07-18T05:50:36.134834+00:00,0,,,7,75.02,75.92,0,false,false,7,75.02,75.92,0,false,false,7,75.02,75.92,0,false,false,7,75.02,75.92,0,false,false
C,nyc,2026-07-19,20260719T035532645255-0400,2026-07-19T07:55:32.645255+00:00,03:55:32.198412,235,pre_dawn,F,M2_empty_history,no_valid_row_change,,,,7,77,78.08,81,2026-07-19T07:55:32.645255+00:00,2026-07-19T07:49:58.727294+00:00,0,,,7,77,78.08,0,false,false,7,77,78.08,0,false,false,7,77,78.08,0,false,false,7,77,78.08,0,false,false
C,nyc,2026-07-19,20260719T045531728826-0400,2026-07-19T08:55:31.728826+00:00,04:55:31.517408,295,pre_dawn,F,M2_empty_history,no_valid_row_change,,,,7,75.92,77,81,2026-07-19T08:55:31.728826+00:00,2026-07-19T08:53:41.475702+00:00,0,,,7,75.92,77,0,false,false,7,75.92,77,0,false,false,7,75.92,77,0,false,false,7,75.92,77,0,false,false
C,nyc,2026-07-19,20260719T055532579157-0400,2026-07-19T09:55:32.579157+00:00,05:55:32.259228,355,pre_dawn,F,M2_empty_history,no_valid_row_change,,,,7,75.02,75.92,81,2026-07-19T09:55:32.579157+00:00,2026-07-19T09:48:12.910696+00:00,0,,,7,75.02,75.92,0,false,false,7,75.02,75.92,0,false,false,7,75.02,75.92,0,false,false,7,75.02,75.92,0,false,false
C,nyc,2026-07-19,20260719T065639452598-0400,2026-07-19T10:56:39.452598+00:00,06:56:39.195806,416,pre_dawn,F,M2_empty_history,no_valid_row_change,,,,7,73.94,75.02,81,2026-07-19T10:56:39.452598+00:00,2026-07-19T10:52:09.137706+00:00,0,,,7,73.94,75.02,0,false,false,7,73.94,75.02,0,false,false,7,73.94,75.02,0,false,false,7,73.94,75.02,0,false,false
C,nyc,2026-07-19,20260719T101436310278-0400,2026-07-19T14:14:36.310278+00:00,10:14:36.053747,614,other,F,M2_empty_history,no_valid_row_change,,,,10,73.94,77,81,2026-07-19T14:14:36.310278+00:00,2026-07-19T14:13:42.351302+00:00,0,,,10,73.94,77,0,false,false,10,73.94,77,0,false,false,10,73.94,77,0,false,false,10,73.94,77,0,false,false
C,nyc,2026-07-20,20260720T005617530760-0400,2026-07-20T04:56:17.530760+00:00,00:56:17.290206,56,pre_dawn,F,M2_empty_history,no_valid_row_change,,,,7,71.96,73.94,82,2026-07-20T04:56:17.530760+00:00,2026-07-20T04:51:04.500327+00:00,0,,,7,71.96,73.94,0,false,false,7,71.96,73.94,0,false,false,7,71.96,73.94,0,false,false,7,71.96,73.94,0,false,false
C,nyc,2026-07-20,20260720T015735735319-0400,2026-07-20T05:57:35.735319+00:00,01:57:35.147865,117,pre_dawn,F,M2_empty_history,no_valid_row_change,,,,7,71.06,71.96,82,2026-07-20T05:57:35.735319+00:00,2026-07-20T05:56:21.153731+00:00,0,,,7,71.06,71.96,0,false,false,7,71.06,71.96,0,false,false,7,71.06,71.96,0,false,false,7,71.06,71.96,0,false,false
C,nyc,2026-07-20,20260720T025538701757-0400,2026-07-20T06:55:38.701757+00:00,02:55:38.327369,175,pre_dawn,F,M2_empty_history,no_valid_row_change,,,,7,69.08,71.06,82,2026-07-20T06:55:38.701757+00:00,2026-07-20T06:51:31.994863+00:00,0,,,7,69.08,71.06,0,false,false,7,69.08,71.06,0,false,false,7,69.08,71.06,0,false,false,7,69.08,71.06,0,false,false
C,nyc,2026-07-20,20260720T045637093989-0400,2026-07-20T08:56:37.093989+00:00,04:56:36.853500,296,pre_dawn,F,M2_empty_history,no_valid_row_change,,,,7,68,69.08,82,2026-07-20T08:56:37.093989+00:00,2026-07-20T08:50:29.546890+00:00,0,,,7,68,69.08,0,false,false,7,68,69.08,0,false,false,7,68,69.08,0,false,false,7,68,69.08,0,false,false
C,nyc,2026-07-20,20260720T055639571375-0400,2026-07-20T09:56:39.571375+00:00,05:56:39.334363,356,pre_dawn,F,M2_empty_history,no_valid_row_change,,,,7,66.92,68,82,2026-07-20T09:56:39.571375+00:00,2026-07-20T09:54:05.236129+00:00,0,,,7,66.92,68,0,false,false,7,66.92,68,0,false,false,7,66.92,68,0,false,false,7,66.92,68,0,false,false
C,nyc,2026-07-20,20260720T125859204383-0400,2026-07-20T16:58:59.204383+00:00,12:58:58.890608,778,settlement_window,F,M2_empty_history,no_valid_row_change,,,,12,75.92,78.08,82,2026-07-20T16:58:59.204383+00:00,2026-07-20T16:52:52.485212+00:00,0,,,12,75.92,78.08,0,false,false,12,75.92,78.08,0,false,false,12,75.92,78.08,0,false,false,12,75.92,78.08,0,false,false
C,nyc,2026-07-21,20260721T050030698443-0400,2026-07-21T09:00:30.698443+00:00,05:00:29.653270,300,pre_dawn,F,M2_empty_history,no_valid_row_change,,,,7,73.94,75.02,82,2026-07-21T09:00:30.698443+00:00,2026-07-21T08:51:22.828745+00:00,0,,,7,73.94,75.02,0,false,false,7,73.94,75.02,0,false,false,7,73.94,75.02,0,false,false,7,73.94,75.02,0,false,false
C,nyc,2026-07-21,20260721T140058515718-0400,2026-07-21T18:00:58.515718+00:00,14:00:58.301707,840,peak_heating_window,F,M2_empty_history,no_valid_row_change,,,,14,80.96,82.04,82,2026-07-21T18:00:58.515718+00:00,2026-07-21T17:58:51.028977+00:00,0,,,14,80.96,82.04,0,false,false,14,80.96,82.04,0,false,false,14,80.96,82.04,0,false,false,14,80.96,82.04,0,false,false
C,nyc,2026-07-21,20260721T160154865694-0400,2026-07-21T20:01:54.865694+00:00,16:01:53.211621,961,peak_heating_window,F,M2_empty_history,no_valid_row_change,,,,16,73.94,82.04,82,2026-07-21T20:01:54.865694+00:00,2026-07-21T19:52:32.763990+00:00,0,,,16,73.94,82.04,0,false,false,16,73.94,82.04,0,false,false,16,73.94,82.04,0,false,false,16,73.94,82.04,0,false,false
C,nyc,2026-07-22,20260722T015019200264-0400,2026-07-22T05:50:19.200264+00:00,01:50:18.280764,110,pre_dawn,F,M2_empty_history,no_valid_row_change,,,,7,75.02,75.92,88,2026-07-22T05:50:19.200264+00:00,2026-07-22T05:41:09.986857+00:00,0,,,7,75.02,75.92,0,false,false,7,75.02,75.92,0,false,false,7,75.02,75.92,0,false,false,7,75.02,75.92,0,false,false
C,nyc,2026-07-22,20260722T070148058248-0400,2026-07-22T11:01:48.058248+00:00,07:01:47.037167,421,other,F,M2_empty_history,no_valid_row_change,,,,7,75.02,75.2,88,2026-07-22T11:01:48.058248+00:00,2026-07-22T10:52:41.383392+00:00,0,,,7,75.02,75.2,0,false,false,7,75.02,75.2,0,false,false,7,75.02,75.2,0,false,false,7,75.02,75.2,0,false,false
C,nyc,2026-07-23,20260723T005340753243-0400,2026-07-23T04:53:40.753243+00:00,00:53:40.483591,53,pre_dawn,F,M2_empty_history,no_valid_row_change,,,,7,73.04,75.02,81,2026-07-23T04:53:40.753243+00:00,2026-07-23T04:47:49.253998+00:00,0,,,7,73.04,75.02,0,false,false,7,73.04,75.02,0,false,false,7,73.04,75.02,0,false,false,7,73.04,75.02,0,false,false
C,nyc,2026-07-23,20260723T015423853462-0400,2026-07-23T05:54:23.853462+00:00,01:54:23.569322,114,pre_dawn,F,M2_empty_history,no_valid_row_change,,,,7,71.96,73.04,81,2026-07-23T05:54:23.853462+00:00,2026-07-23T05:51:37.328412+00:00,0,,,7,71.96,73.04,0,false,false,7,71.96,73.04,0,false,false,7,71.96,73.04,0,false,false,7,71.96,73.04,0,false,false
C,nyc,2026-07-23,20260723T025537048936-0400,2026-07-23T06:55:37.048936+00:00,02:55:35.988998,175,pre_dawn,F,M2_empty_history,no_valid_row_change,,,,7,71.06,71.96,81,2026-07-23T06:55:37.048936+00:00,2026-07-23T06:46:31.640648+00:00,0,,,7,71.06,71.96,0,false,false,7,71.06,71.96,0,false,false,7,71.06,71.96,0,false,false,7,71.06,71.96,0,false,false
C,nyc,2026-07-23,20260723T035422087135-0400,2026-07-23T07:54:22.087135+00:00,03:54:21.832526,234,pre_dawn,F,M2_empty_history,no_valid_row_change,,,,7,69.08,71.06,81,2026-07-23T07:54:22.087135+00:00,2026-07-23T07:50:16.634953+00:00,0,,,7,69.08,71.06,0,false,false,7,69.08,71.06,0,false,false,7,69.08,71.06,0,false,false,7,69.08,71.06,0,false,false
C,nyc,2026-07-23,20260723T045432437926-0400,2026-07-23T08:54:32.437926+00:00,04:54:32.244610,294,pre_dawn,F,M2_empty_history,no_valid_row_change,,,,7,68,69.08,81,2026-07-23T08:54:32.437926+00:00,2026-07-23T08:45:23.260256+00:00,0,,,7,68,69.08,0,false,false,7,68,69.08,0,false,false,7,68,69.08,0,false,false,7,68,69.08,0,false,false
C,nyc,2026-07-23,20260723T055523349954-0400,2026-07-23T09:55:23.349954+00:00,05:55:22.979611,355,pre_dawn,F,M2_empty_history,no_valid_row_change,,,,7,66.92,68,81,2026-07-23T09:55:23.349954+00:00,2026-07-23T09:50:53.825316+00:00,0,,,7,66.92,68,0,false,false,7,66.92,68,0,false,false,7,66.92,68,0,false,false,7,66.92,68,0,false,false
C,nyc,2026-07-23,20260723T085631701469-0400,2026-07-23T12:56:31.701469+00:00,08:56:31.502508,536,other,F,M2_empty_history,no_valid_row_change,,,,8,68,69.98,81,2026-07-23T12:56:31.701469+00:00,2026-07-23T12:54:23.677183+00:00,0,,,8,68,69.98,0,false,false,8,68,69.98,0,false,false,8,68,69.98,0,false,false,8,68,69.98,0,false,false
C,nyc,2026-07-24,20260724T035223556913-0400,2026-07-24T07:52:23.556913+00:00,03:52:23.272220,232,pre_dawn,F,M2_empty_history,no_valid_row_change,,,,7,71.06,71.96,82,2026-07-24T07:52:23.556913+00:00,2026-07-24T07:48:07.773204+00:00,0,,,7,71.06,71.96,0,false,false,7,71.06,71.96,0,false,false,7,71.06,71.96,0,false,false,7,71.06,71.96,0,false,false
C,nyc,2026-07-24,20260724T045443826852-0400,2026-07-24T08:54:43.826852+00:00,04:54:43.526396,294,pre_dawn,F,M2_empty_history,no_valid_row_change,,,,7,69.98,71.06,82,2026-07-24T08:54:43.826852+00:00,2026-07-24T08:46:29.985160+00:00,0,,,7,69.98,71.06,0,false,false,7,69.98,71.06,0,false,false,7,69.98,71.06,0,false,false,7,69.98,71.06,0,false,false
C,nyc,2026-07-24,20260724T055255535127-0400,2026-07-24T09:52:55.535127+00:00,05:52:54.506112,352,pre_dawn,F,M2_empty_history,no_valid_row_change,,,,7,69.08,69.98,82,2026-07-24T09:52:55.535127+00:00,2026-07-24T09:43:50.607651+00:00,0,,,7,69.08,69.98,0,false,false,7,69.08,69.98,0,false,false,7,69.08,69.98,0,false,false,7,69.08,69.98,0,false,false
C,nyc,2026-07-24,20260724T060118241731-0400,2026-07-24T10:01:18.241731+00:00,06:01:18.049613,361,pre_dawn,F,M2_empty_history,no_valid_row_change,,,,7,69.08,69.98,82,2026-07-24T10:01:18.241731+00:00,2026-07-24T10:00:13.945565+00:00,0,,,7,69.08,69.98,0,false,false,7,69.08,69.98,0,false,false,7,69.08,69.98,0,false,false,7,69.08,69.98,0,false,false
C,nyc,2026-07-24,20260724T100313523418-0400,2026-07-24T14:03:13.523418+00:00,10:03:13.301054,603,other,F,M2_empty_history,no_valid_row_change,,,,10,73.04,75.02,82,2026-07-24T14:03:13.523418+00:00,2026-07-24T13:58:55.009490+00:00,0,,,10,73.04,75.02,0,false,false,10,73.04,75.02,0,false,false,10,73.04,75.02,0,false,false,10,73.04,75.02,0,false,false
C,nyc,2026-07-24,20260724T120025629966-0400,2026-07-24T16:00:25.629966+00:00,12:00:25.422089,720,settlement_window,F,M2_empty_history,no_valid_row_change,,,,12,78.08,78.98,82,2026-07-24T16:00:25.629966+00:00,2026-07-24T15:57:22.947064+00:00,0,,,12,78.08,78.98,0,false,false,12,78.08,78.98,0,false,false,12,78.08,78.98,0,false,false,12,78.08,78.98,0,false,false
C,nyc,2026-07-25,20260725T015423443007-0400,2026-07-25T05:54:23.443007+00:00,01:54:23.103080,114,pre_dawn,F,M2_empty_history,no_valid_row_change,,,,7,71.06,71.96,79,2026-07-25T05:54:23.443007+00:00,2026-07-25T05:50:31.585778+00:00,0,,,7,71.06,71.96,0,false,false,7,71.06,71.96,0,false,false,7,71.06,71.96,0,false,false,7,71.06,71.96,0,false,false
C,nyc,2026-07-25,20260725T025434987879-0400,2026-07-25T06:54:34.987879+00:00,02:54:34.038168,174,pre_dawn,F,M2_empty_history,no_valid_row_change,,,,7,69.98,71.06,79,2026-07-25T06:54:34.987879+00:00,2026-07-25T06:54:22.006121+00:00,0,,,7,69.98,71.06,0,false,false,7,69.98,71.06,0,false,false,7,69.98,71.06,0,false,false,7,69.98,71.06,0,false,false
C,nyc,2026-07-25,20260725T035423767894-0400,2026-07-25T07:54:23.767894+00:00,03:54:23.613912,234,pre_dawn,F,M2_empty_history,no_valid_row_change,,,,7,69.08,69.98,79,2026-07-25T07:54:23.767894+00:00,2026-07-25T07:49:17.675585+00:00,0,,,7,69.08,69.98,0,false,false,7,69.08,69.98,0,false,false,7,69.08,69.98,0,false,false,7,69.08,69.98,0,false,false
C,nyc,2026-07-25,20260725T045444401842-0400,2026-07-25T08:54:44.401842+00:00,04:54:40.540121,294,pre_dawn,F,M2_empty_history,no_valid_row_change,,,,7,68,69.08,79,2026-07-25T08:54:44.401842+00:00,2026-07-25T08:46:30.483918+00:00,0,,,7,68,69.08,0,false,false,7,68,69.08,0,false,false,7,68,69.08,0,false,false,7,68,69.08,0,false,false
C,nyc,2026-07-25,20260725T055322670508-0400,2026-07-25T09:53:22.670508+00:00,05:53:22.367082,353,pre_dawn,F,M2_empty_history,no_valid_row_change,,,,7,66.92,68,79,2026-07-25T09:53:22.670508+00:00,2026-07-25T09:50:12.546372+00:00,0,,,7,66.92,68,0,false,false,7,66.92,68,0,false,false,7,66.92,68,0,false,false,7,66.92,68,0,false,false
C,nyc,2026-07-25,20260725T160036606276-0400,2026-07-25T20:00:36.606276+00:00,16:00:36.388057,960,peak_heating_window,F,M2_empty_history,no_valid_row_change,,,,16,78.08,78.98,79,2026-07-25T20:00:36.606276+00:00,2026-07-25T19:53:34.908006+00:00,0,,,16,78.08,78.98,0,false,false,16,78.08,78.98,0,false,false,16,78.08,78.98,0,false,false,16,78.08,78.98,0,false,false
C,nyc,2026-07-25,20260725T161433102550-0400,2026-07-25T20:14:33.102550+00:00,16:14:32.890757,974,peak_heating_window,F,M2_empty_history,no_valid_row_change,,,,16,75.92,78.98,79,2026-07-25T20:14:33.102550+00:00,2026-07-25T20:09:45.831932+00:00,0,,,16,75.92,78.98,0,false,false,16,75.92,78.98,0,false,false,16,75.92,78.98,0,false,false,16,75.92,78.98,0,false,false
C,nyc,2026-07-26,20260726T005923136141-0400,2026-07-26T04:59:23.136141+00:00,00:59:22.160298,59,pre_dawn,F,M2_empty_history,no_valid_row_change,,,,7,69.98,71.06,82,2026-07-26T04:59:23.136141+00:00,2026-07-26T04:50:17.241312+00:00,0,,,7,69.98,71.06,0,false,false,7,69.98,71.06,0,false,false,7,69.98,71.06,0,false,false,7,69.98,71.06,0,false,false
C,nyc,2026-07-26,20260726T025522840024-0400,2026-07-26T06:55:22.840024+00:00,02:55:22.507845,175,pre_dawn,F,M2_empty_history,no_valid_row_change,,,,7,69.08,69.98,82,2026-07-26T06:55:22.840024+00:00,2026-07-26T06:49:00.350030+00:00,0,,,7,69.08,69.98,0,false,false,7,69.08,69.98,0,false,false,7,69.08,69.98,0,false,false,7,69.08,69.98,0,false,false
C,nyc,2026-07-26,20260726T045929805725-0400,2026-07-26T08:59:29.805725+00:00,04:59:28.523685,299,pre_dawn,F,M2_empty_history,no_valid_row_change,,,,7,68,69.08,82,2026-07-26T08:59:29.805725+00:00,2026-07-26T08:50:17.757056+00:00,0,,,7,68,69.08,0,false,false,7,68,69.08,0,false,false,7,68,69.08,0,false,false,7,68,69.08,0,false,false
C,nyc,2026-07-26,20260726T085731507156-0400,2026-07-26T12:57:31.507156+00:00,08:57:31.303752,537,other,F,M2_empty_history,no_valid_row_change,,,,8,71.06,71.96,82,2026-07-26T12:57:31.507156+00:00,2026-07-26T12:54:29.437020+00:00,0,,,8,71.06,71.96,0,false,false,8,71.06,71.96,0,false,false,8,71.06,71.96,0,false,false,8,71.06,71.96,0,false,false
C,nyc,2026-07-27,20260727T020024828329-0400,2026-07-27T06:00:24.828329+00:00,02:00:23.779597,120,pre_dawn,F,M2_empty_history,no_valid_row_change,,,,7,73.94,75.02,84,2026-07-27T06:00:24.828329+00:00,2026-07-27T05:51:09.962320+00:00,0,,,7,73.94,75.02,0,false,false,7,73.94,75.02,0,false,false,7,73.94,75.02,0,false,false,7,73.94,75.02,0,false,false
C,nyc,2026-07-27,20260727T025506852392-0400,2026-07-27T06:55:06.852392+00:00,02:55:05.892609,175,pre_dawn,F,M2_empty_history,no_valid_row_change,,,,7,73.04,73.94,84,2026-07-27T06:55:06.852392+00:00,2026-07-27T06:46:01.491071+00:00,0,,,7,73.04,73.94,0,false,false,7,73.04,73.94,0,false,false,7,73.04,73.94,0,false,false,7,73.04,73.94,0,false,false
C,nyc,2026-07-28,20260728T005521648565-0400,2026-07-28T04:55:21.648565+00:00,00:55:20.434405,55,pre_dawn,F,M2_empty_history,no_valid_row_change,,,,7,75.02,75.92,80,2026-07-28T04:55:21.648565+00:00,2026-07-28T04:46:15.575536+00:00,0,,,7,75.02,75.92,0,false,false,7,75.02,75.92,0,false,false,7,75.02,75.92,0,false,false,7,75.02,75.92,0,false,false
C,nyc,2026-07-28,20260728T030040164926-0400,2026-07-28T07:00:40.164926+00:00,03:00:39.189616,180,pre_dawn,F,M2_empty_history,no_valid_row_change,,,,7,73.94,75.02,80,2026-07-28T07:00:40.164926+00:00,2026-07-28T06:51:04.121519+00:00,0,,,7,73.94,75.02,0,false,false,7,73.94,75.02,0,false,false,7,73.94,75.02,0,false,false,7,73.94,75.02,0,false,false
C,nyc,2026-07-28,20260728T045441453084-0400,2026-07-28T08:54:41.453084+00:00,04:54:40.558197,294,pre_dawn,F,M2_empty_history,no_valid_row_change,,,,7,73.04,73.94,80,2026-07-28T08:54:41.453084+00:00,2026-07-28T08:51:42.498558+00:00,0,,,7,73.04,73.94,0,false,false,7,73.04,73.94,0,false,false,7,73.04,73.94,0,false,false,7,73.04,73.94,0,false,false
C,nyc,2026-07-28,20260728T055426693742-0400,2026-07-28T09:54:26.693742+00:00,05:54:26.493153,354,pre_dawn,F,M2_empty_history,no_valid_row_change,,,,7,71.96,73.04,80,2026-07-28T09:54:26.693742+00:00,2026-07-28T09:46:37.722475+00:00,0,,,7,71.96,73.04,0,false,false,7,71.96,73.04,0,false,false,7,71.96,73.04,0,false,false,7,71.96,73.04,0,false,false
C,nyc,2026-07-28,20260728T065635864343-0400,2026-07-28T10:56:35.864343+00:00,06:56:35.653585,416,pre_dawn,F,M2_empty_history,no_valid_row_change,,,,7,71.96,73.04,80,2026-07-28T10:56:35.864343+00:00,2026-07-28T10:54:26.620212+00:00,0,,,7,71.96,73.04,0,false,false,7,71.96,73.04,0,false,false,7,71.96,73.04,0,false,false,7,71.96,73.04,0,false,false
C,nyc,2026-07-28,20260728T065839759369-0400,2026-07-28T10:58:39.759369+00:00,06:58:39.551046,418,pre_dawn,F,M2_empty_history,no_valid_row_change,,,,7,71.96,73.04,80,2026-07-28T10:58:39.759369+00:00,2026-07-28T10:57:26.420143+00:00,0,,,7,71.96,73.04,0,false,false,7,71.96,73.04,0,false,false,7,71.96,73.04,0,false,false,7,71.96,73.04,0,false,false
C,nyc,2026-07-28,20260728T105627006307-0400,2026-07-28T14:56:27.006307+00:00,10:56:26.824885,656,other,F,M2_empty_history,no_valid_row_change,,,,10,78.8,80.06,80,2026-07-28T14:56:27.006307+00:00,2026-07-28T14:54:30.062709+00:00,0,,,10,78.8,80.06,0,false,false,10,78.8,80.06,0,false,false,10,78.8,80.06,0,false,false,10,78.8,80.06,0,false,false
C,nyc,2026-07-29,20260729T001544242628-0400,2026-07-29T04:15:44.242628+00:00,00:15:43.941036,15,pre_dawn,F,M2_empty_history,no_valid_row_change,,,,7,73.94,75.02,81,2026-07-29T04:15:44.242628+00:00,2026-07-29T04:09:41.043427+00:00,0,,,7,73.94,75.02,0,false,false,7,73.94,75.02,0,false,false,7,73.94,75.02,0,false,false,7,73.94,75.02,0,false,false
C,nyc,2026-07-29,20260729T015002456847-0400,2026-07-29T05:50:02.456847+00:00,01:50:01.374253,110,pre_dawn,F,M2_empty_history,no_valid_row_change,,,,7,71.6,73.94,81,2026-07-29T05:50:02.456847+00:00,2026-07-29T05:40:56.914632+00:00,0,,,7,71.6,73.94,0,false,false,7,71.6,73.94,0,false,false,7,71.6,73.94,0,false,false,7,71.6,73.94,0,false,false
C,nyc,2026-07-29,20260729T015907956749-0400,2026-07-29T05:59:07.956749+00:00,01:59:06.886064,119,pre_dawn,F,M2_empty_history,no_valid_row_change,,,,7,71.06,71.6,81,2026-07-29T05:59:07.956749+00:00,2026-07-29T05:50:02.456847+00:00,0,,,7,71.06,71.6,0,false,false,7,71.06,71.6,0,false,false,7,71.06,71.6,0,false,false,7,71.06,71.6,0,false,false
C,nyc,2026-07-29,20260729T021727283868-0400,2026-07-29T06:17:27.283868+00:00,02:17:26.223557,137,pre_dawn,F,M2_empty_history,no_valid_row_change,,,,7,69.98,71.06,81,2026-07-29T06:17:27.283868+00:00,2026-07-29T06:08:20.939537+00:00,0,,,7,69.98,71.06,0,false,false,7,69.98,71.06,0,false,false,7,69.98,71.06,0,false,false,7,69.98,71.06,0,false,false
C,nyc,2026-07-29,20260729T035757024392-0400,2026-07-29T07:57:57.024392+00:00,03:57:56.013432,237,pre_dawn,F,M2_empty_history,no_valid_row_change,,,,7,69.98,71.06,81,2026-07-29T07:57:57.024392+00:00,2026-07-29T07:48:50.148649+00:00,0,,,7,69.98,71.06,0,false,false,7,69.98,71.06,0,false,false,7,69.98,71.06,0,false,false,7,69.98,71.06,0,false,false
C,nyc,2026-07-29,20260729T135534601557-0400,2026-07-29T17:55:34.601557+00:00,13:55:34.390628,835,settlement_window,F,M2_empty_history,no_valid_row_change,,,,13,78.08,78.98,81,2026-07-29T17:55:34.601557+00:00,2026-07-29T17:53:13.499426+00:00,0,,,13,78.08,78.98,0,false,false,13,78.08,78.98,0,false,false,13,78.08,78.98,0,false,false,13,78.08,78.98,0,false,false
C,nyc,2026-07-30,20260730T025637902854-0400,2026-07-30T06:56:37.902854+00:00,02:56:36.858790,176,pre_dawn,F,M2_empty_history,no_valid_row_change,,,,7,71.06,71.96,76,2026-07-30T06:56:37.902854+00:00,2026-07-30T06:47:32.442172+00:00,0,,,7,71.06,71.96,0,false,false,7,71.06,71.96,0,false,false,7,71.06,71.96,0,false,false,7,71.06,71.96,0,false,false
C,nyc,2026-07-30,20260730T045435073086-0400,2026-07-30T08:54:35.073086+00:00,04:54:34.204905,294,pre_dawn,F,M2_empty_history,no_valid_row_change,,,,7,69.98,71.06,76,2026-07-30T08:54:35.073086+00:00,2026-07-30T08:46:04.880004+00:00,0,,,7,69.98,71.06,0,false,false,7,69.98,71.06,0,false,false,7,69.98,71.06,0,false,false,7,69.98,71.06,0,false,false
C,nyc,2026-07-30,20260730T054526115288-0400,2026-07-30T09:45:26.115288+00:00,05:45:25.961792,345,pre_dawn,F,M2_empty_history,no_valid_row_change,,,,7,69.08,69.98,76,2026-07-30T09:45:26.115288+00:00,2026-07-30T09:40:48.501616+00:00,0,,,7,69.08,69.98,0,false,false,7,69.08,69.98,0,false,false,7,69.08,69.98,0,false,false,7,69.08,69.98,0,false,false
C,nyc,2026-07-30,20260730T055226030751-0400,2026-07-30T09:52:26.030751+00:00,05:52:25.872347,352,pre_dawn,F,M2_empty_history,no_valid_row_change,,,,7,69.08,69.98,76,2026-07-30T09:52:26.030751+00:00,2026-07-30T09:51:34.652584+00:00,0,,,7,69.08,69.98,0,false,false,7,69.08,69.98,0,false,false,7,69.08,69.98,0,false,false,7,69.08,69.98,0,false,false
C,san-francisco,2026-07-03,20260703T035918-0400,2026-07-03T07:59:18.766953+00:00,00:59:18.589237,59,pre_dawn,F,M2_empty_history,no_valid_row_change,,,,7,55.94,57.02,69,2026-07-03T07:59:18.766953+00:00,2026-07-03T07:55:14.554180+00:00,0,,,7,55.94,57.02,0,false,false,7,55.94,57.02,0,false,false,7,55.94,57.02,0,false,false,7,55.94,57.02,0,false,false
C,san-francisco,2026-07-03,20260703T075920-0400,2026-07-03T11:59:20.529057+00:00,04:59:20.319552,299,pre_dawn,F,M2_empty_history,no_valid_row_change,,,,7,55.94,57.02,69,2026-07-03T11:59:20.529057+00:00,2026-07-03T11:51:06.901356+00:00,0,,,7,55.94,57.02,0,false,false,7,55.94,57.02,0,false,false,7,55.94,57.02,0,false,false,7,55.94,57.02,0,false,false
C,san-francisco,2026-07-04,20260704T152741720694-0400,2026-07-04T19:27:41.720694+00:00,12:27:41.451111,747,settlement_window,F,M2_empty_history,no_valid_row_change,,,,12,55.04,66.02,68,2026-07-04T19:27:41.720694+00:00,2026-07-04T19:22:33.295632+00:00,0,,,12,55.04,66.02,0,false,false,12,55.04,66.02,0,false,false,12,55.04,66.02,0,false,false,12,55.04,66.02,0,false,false
C,san-francisco,2026-07-05,20260705T075858092793-0400,2026-07-05T11:58:58.092793+00:00,04:58:57.830201,298,pre_dawn,F,M2_empty_history,no_valid_row_change,,,,7,55.94,57.02,68,2026-07-05T11:58:58.092793+00:00,2026-07-05T11:50:24.408636+00:00,0,,,7,55.94,57.02,0,false,false,7,55.94,57.02,0,false,false,7,55.94,57.02,0,false,false,7,55.94,57.02,0,false,false
C,san-francisco,2026-07-05,20260705T113327065752-0400,2026-07-05T15:33:27.065752+00:00,08:33:26.802530,513,other,F,M2_empty_history,no_valid_row_change,,,,8,57.02,57.92,68,2026-07-05T15:33:27.065752+00:00,2026-07-05T15:24:18.935896+00:00,0,,,8,57.02,57.92,0,false,false,8,57.02,57.92,0,false,false,8,57.02,57.92,0,false,false,8,57.02,57.92,0,false,false
C,san-francisco,2026-07-05,20260705T131247354274-0400,2026-07-05T17:12:47.354274+00:00,10:12:47.090363,612,other,F,M2_empty_history,no_valid_row_change,,,,10,60.08,62.96,68,2026-07-05T17:12:47.354274+00:00,2026-07-05T17:04:36.852959+00:00,0,,,10,60.08,62.96,0,false,false,10,60.08,62.96,0,false,false,10,60.08,62.96,0,false,false,10,60.08,62.96,0,false,false
C,san-francisco,2026-07-05,20260705T142625655377-0400,2026-07-05T18:26:25.655377+00:00,11:26:25.407492,686,other,F,M2_empty_history,no_valid_row_change,,,,11,62.96,64.94,68,2026-07-05T18:26:25.655377+00:00,2026-07-05T18:26:24.538522+00:00,0,,,11,62.96,64.94,0,false,false,11,62.96,64.94,0,false,false,11,62.96,64.94,0,false,false,11,62.96,64.94,0,false,false
C,san-francisco,2026-07-08,20260708T065955778697-0400,2026-07-08T10:59:55.778697+00:00,03:59:55.442846,239,pre_dawn,F,M2_empty_history,no_valid_row_change,,,,7,55.04,55.94,64,2026-07-08T10:59:55.778697+00:00,2026-07-08T10:58:18.946267+00:00,0,,,7,55.04,55.94,0,false,false,7,55.04,55.94,0,false,false,7,55.04,55.94,0,false,false,7,55.04,55.94,0,false,false
C,san-francisco,2026-07-09,20260709T055943660610-0400,2026-07-09T09:59:43.660610+00:00,02:59:42.957887,179,pre_dawn,F,M2_empty_history,no_valid_row_change,,,,7,55.04,55.94,67,2026-07-09T09:59:43.660610+00:00,2026-07-09T09:53:30.975398+00:00,0,,,7,55.04,55.94,0,false,false,7,55.04,55.94,0,false,false,7,55.04,55.94,0,false,false,7,55.04,55.94,0,false,false
C,san-francisco,2026-07-09,20260709T090413158520-0400,2026-07-09T13:04:13.158520+00:00,06:04:12.833050,364,pre_dawn,F,M2_empty_history,no_valid_row_change,,,,7,55.04,55.94,67,2026-07-09T13:04:13.158520+00:00,2026-07-09T12:58:49.700517+00:00,0,,,7,55.04,55.94,0,false,false,7,55.04,55.94,0,false,false,7,55.04,55.94,0,false,false,7,55.04,55.94,0,false,false
C,san-francisco,2026-07-09,20260709T115639342341-0400,2026-07-09T15:56:39.342341+00:00,08:56:39.038079,536,other,F,M2_empty_history,no_valid_row_change,,,,8,55.04,55.94,67,2026-07-09T15:56:39.342341+00:00,2026-07-09T15:47:15.184198+00:00,0,,,8,55.04,55.94,0,false,false,8,55.04,55.94,0,false,false,8,55.04,55.94,0,false,false,8,55.04,55.94,0,false,false
C,san-francisco,2026-07-09,20260709T121735047322-0400,2026-07-09T16:17:35.047322+00:00,09:17:33.433642,557,other,F,M2_empty_history,no_valid_row_change,,,,9,55.94,57.02,67,2026-07-09T16:17:35.047322+00:00,2026-07-09T16:06:14.220714+00:00,0,,,9,55.94,57.02,0,false,false,9,55.94,57.02,0,false,false,9,55.94,57.02,0,false,false,9,55.94,57.02,0,false,false
C,san-francisco,2026-07-09,20260709T150020114535-0400,2026-07-09T19:00:20.114535+00:00,12:00:19.820510,720,settlement_window,F,M2_empty_history,no_valid_row_change,,,,12,62.06,62.96,67,2026-07-09T19:00:20.114535+00:00,2026-07-09T18:59:19.424710+00:00,0,,,12,62.06,62.96,0,false,false,12,62.06,62.96,0,false,false,12,62.06,62.96,0,false,false,12,62.06,62.96,0,false,false
C,san-francisco,2026-07-10,20260710T035932851953-0400,2026-07-10T07:59:32.851953+00:00,00:59:31.306741,59,pre_dawn,F,M2_empty_history,no_valid_row_change,,,,7,55.94,57.02,65,2026-07-10T07:59:32.851953+00:00,2026-07-10T07:45:01.108079+00:00,0,,,7,55.94,57.02,0,false,false,7,55.94,57.02,0,false,false,7,55.94,57.02,0,false,false,7,55.94,57.02,0,false,false
C,san-francisco,2026-07-10,20260710T085900070611-0400,2026-07-10T12:59:00.070611+00:00,05:58:59.520378,358,pre_dawn,F,M2_empty_history,no_valid_row_change,,,,7,55.04,55.94,65,2026-07-10T12:59:00.070611+00:00,2026-07-10T12:51:32.454632+00:00,0,,,7,55.04,55.94,0,false,false,7,55.04,55.94,0,false,false,7,55.04,55.94,0,false,false,7,55.04,55.94,0,false,false
C,san-francisco,2026-07-10,20260710T130423711566-0400,2026-07-10T17:04:23.711566+00:00,10:04:23.340565,604,other,F,M2_empty_history,no_valid_row_change,,,,10,57.92,60.08,65,2026-07-10T17:04:23.711566+00:00,2026-07-10T17:01:40.046479+00:00,0,,,10,57.92,60.08,0,false,false,10,57.92,60.08,0,false,false,10,57.92,60.08,0,false,false,10,57.92,60.08,0,false,false
C,san-francisco,2026-07-11,20260711T050056180518-0400,2026-07-11T09:00:56.180518+00:00,02:00:55.439624,120,pre_dawn,F,M2_empty_history,no_valid_row_change,,,,7,53.96,55.04,67,2026-07-11T09:00:56.180518+00:00,2026-07-11T08:41:16.226484+00:00,0,,,7,53.96,55.04,0,false,false,7,53.96,55.04,0,false,false,7,53.96,55.04,0,false,false,7,53.96,55.04,0,false,false
C,san-francisco,2026-07-11,20260711T055914659725-0400,2026-07-11T09:59:14.659725+00:00,02:59:14.355500,179,pre_dawn,F,M2_empty_history,no_valid_row_change,,,,7,53.06,53.96,67,2026-07-11T09:59:14.659725+00:00,2026-07-11T09:56:02.639169+00:00,0,,,7,53.06,53.96,0,false,false,7,53.06,53.96,0,false,false,7,53.06,53.96,0,false,false,7,53.06,53.96,0,false,false
C,san-francisco,2026-07-11,20260711T121703140852-0400,2026-07-11T16:17:03.140852+00:00,09:17:01.767237,557,other,F,M2_empty_history,no_valid_row_change,,,,9,57.02,60.08,67,2026-07-11T16:17:03.140852+00:00,2026-07-11T16:15:59.275357+00:00,0,,,9,57.02,60.08,0,false,false,9,57.02,60.08,0,false,false,9,57.02,60.08,0,false,false,9,57.02,60.08,0,false,false
C,san-francisco,2026-07-14,20260714T035924104835-0400,2026-07-14T07:59:24.104835+00:00,00:59:23.804078,59,pre_dawn,F,M2_empty_history,no_valid_row_change,,,,7,60.98,62.96,81,2026-07-14T07:59:24.104835+00:00,2026-07-14T07:55:52.526274+00:00,0,,,7,60.98,62.96,0,false,false,7,60.98,62.96,0,false,false,7,60.98,62.96,0,false,false,7,60.98,62.96,0,false,false
C,san-francisco,2026-07-14,20260714T060039108513-0400,2026-07-14T10:00:39.108513+00:00,03:00:38.872929,180,pre_dawn,F,M2_empty_history,no_valid_row_change,,,,7,60.98,62.06,81,2026-07-14T10:00:39.108513+00:00,2026-07-14T09:54:07.112396+00:00,0,,,7,60.98,62.06,0,false,false,7,60.98,62.06,0,false,false,7,60.98,62.06,0,false,false,7,60.98,62.06,0,false,false
C,san-francisco,2026-07-14,20260714T065931734161-0400,2026-07-14T10:59:31.734161+00:00,03:59:31.331904,239,pre_dawn,F,M2_empty_history,no_valid_row_change,,,,7,60.08,60.98,81,2026-07-14T10:59:31.734161+00:00,2026-07-14T10:57:46.055976+00:00,0,,,7,60.08,60.98,0,false,false,7,60.08,60.98,0,false,false,7,60.08,60.98,0,false,false,7,60.08,60.98,0,false,false
C,san-francisco,2026-07-15,20260715T035845472403-0400,2026-07-15T07:58:45.472403+00:00,00:58:45.155809,58,pre_dawn,F,M2_empty_history,no_valid_row_change,,,,7,62.96,64.04,73,2026-07-15T07:58:45.472403+00:00,2026-07-15T07:55:12.874615+00:00,0,,,7,62.96,64.04,0,false,false,7,62.96,64.04,0,false,false,7,62.96,64.04,0,false,false,7,62.96,64.04,0,false,false
C,san-francisco,2026-07-15,20260715T045904697458-0400,2026-07-15T08:59:04.697458+00:00,01:59:03.706213,119,pre_dawn,F,M2_empty_history,no_valid_row_change,,,,7,60.98,62.96,73,2026-07-15T08:59:04.697458+00:00,2026-07-15T08:50:00.156721+00:00,0,,,7,60.98,62.96,0,false,false,7,60.98,62.96,0,false,false,7,60.98,62.96,0,false,false,7,60.98,62.96,0,false,false
C,san-francisco,2026-07-15,20260715T065939107199-0400,2026-07-15T10:59:39.107199+00:00,03:59:38.911481,239,pre_dawn,F,M2_empty_history,no_valid_row_change,,,,7,59,60.98,73,2026-07-15T10:59:39.107199+00:00,2026-07-15T10:57:28.693740+00:00,0,,,7,59,60.98,0,false,false,7,59,60.98,0,false,false,7,59,60.98,0,false,false,7,59,60.98,0,false,false
C,san-francisco,2026-07-15,20260715T140046482891-0400,2026-07-15T18:00:46.482891+00:00,11:00:46.217778,660,other,F,M2_empty_history,no_valid_row_change,,,,11,66.92,69.08,73,2026-07-15T18:00:46.482891+00:00,2026-07-15T17:59:14.764051+00:00,0,,,11,66.92,69.08,0,false,false,11,66.92,69.08,0,false,false,11,66.92,69.08,0,false,false,11,66.92,69.08,0,false,false
C,san-francisco,2026-07-16,20260716T051051559937-0400,2026-07-16T09:10:51.559937+00:00,02:10:50.601566,130,pre_dawn,F,M2_empty_history,no_valid_row_change,,,,7,57.92,59,69,2026-07-16T09:10:51.559937+00:00,2026-07-16T09:01:44.173078+00:00,0,,,7,57.92,59,0,false,false,7,57.92,59,0,false,false,7,57.92,59,0,false,false,7,57.92,59,0,false,false
C,san-francisco,2026-07-17,20260717T040045508985-0400,2026-07-17T08:00:45.508985+00:00,01:00:45.018417,60,pre_dawn,F,M2_empty_history,no_valid_row_change,,,,7,57.02,57.92,67,2026-07-17T08:00:45.508985+00:00,2026-07-17T07:55:43.424558+00:00,0,,,7,57.02,57.92,0,false,false,7,57.02,57.92,0,false,false,7,57.02,57.92,0,false,false,7,57.02,57.92,0,false,false
C,san-francisco,2026-07-17,20260717T064951982557-0400,2026-07-17T10:49:51.982557+00:00,03:49:51.565750,229,pre_dawn,F,M2_empty_history,no_valid_row_change,,,,7,55.94,57.02,67,2026-07-17T10:49:51.982557+00:00,2026-07-17T10:48:45.389055+00:00,0,,,7,55.94,57.02,0,false,false,7,55.94,57.02,0,false,false,7,55.94,57.02,0,false,false,7,55.94,57.02,0,false,false
C,san-francisco,2026-07-17,20260717T075954529924-0400,2026-07-17T11:59:54.529924+00:00,04:59:54.257060,299,pre_dawn,F,M2_empty_history,no_valid_row_change,,,,7,55.94,57.02,67,2026-07-17T11:59:54.529924+00:00,2026-07-17T11:52:31.096765+00:00,0,,,7,55.94,57.02,0,false,false,7,55.94,57.02,0,false,false,7,55.94,57.02,0,false,false,7,55.94,57.02,0,false,false
C,san-francisco,2026-07-17,20260717T093707639979-0400,2026-07-17T13:37:07.639979+00:00,06:37:07.154472,397,pre_dawn,F,M2_empty_history,no_valid_row_change,,,,7,55.94,57.02,67,2026-07-17T13:37:07.639979+00:00,2026-07-17T13:29:21.624775+00:00,0,,,7,55.94,57.02,0,false,false,7,55.94,57.02,0,false,false,7,55.94,57.02,0,false,false,7,55.94,57.02,0,false,false
C,san-francisco,2026-07-18,20260718T085953391563-0400,2026-07-18T12:59:53.391563+00:00,05:59:53.233761,359,pre_dawn,F,M2_empty_history,no_valid_row_change,,,,7,57.92,59,71,2026-07-18T12:59:53.391563+00:00,2026-07-18T12:58:17.137860+00:00,0,,,7,57.92,59,0,false,false,7,57.92,59,0,false,false,7,57.92,59,0,false,false,7,57.92,59,0,false,false
C,san-francisco,2026-07-19,20260719T090038968687-0400,2026-07-19T13:00:38.968687+00:00,06:00:38.757068,360,pre_dawn,F,M2_empty_history,no_valid_row_change,,,,7,55.04,55.94,65,2026-07-19T13:00:38.968687+00:00,2026-07-19T12:58:46.273335+00:00,0,,,7,55.04,55.94,0,false,false,7,55.04,55.94,0,false,false,7,55.04,55.94,0,false,false,7,55.04,55.94,0,false,false
C,san-francisco,2026-07-20,20260720T045945030132-0400,2026-07-20T08:59:45.030132+00:00,01:59:44.873912,119,pre_dawn,F,M2_empty_history,no_valid_row_change,,,,7,59,60.08,70,2026-07-20T08:59:45.030132+00:00,2026-07-20T08:58:39.630667+00:00,0,,,7,59,60.08,0,false,false,7,59,60.08,0,false,false,7,59,60.08,0,false,false,7,59,60.08,0,false,false
C,san-francisco,2026-07-20,20260720T050156175655-0400,2026-07-20T09:01:56.175655+00:00,02:01:55.970286,121,pre_dawn,F,M2_empty_history,no_valid_row_change,,,,7,59,60.08,70,2026-07-20T09:01:56.175655+00:00,2026-07-20T09:00:41.842199+00:00,0,,,7,59,60.08,0,false,false,7,59,60.08,0,false,false,7,59,60.08,0,false,false,7,59,60.08,0,false,false
C,san-francisco,2026-07-20,20260720T065848546910-0400,2026-07-20T10:58:48.546910+00:00,03:58:48.312315,238,pre_dawn,F,M2_empty_history,no_valid_row_change,,,,7,59,60.08,70,2026-07-20T10:58:48.546910+00:00,2026-07-20T10:57:04.108114+00:00,0,,,7,59,60.08,0,false,false,7,59,60.08,0,false,false,7,59,60.08,0,false,false,7,59,60.08,0,false,false
C,san-francisco,2026-07-20,20260720T113410341314-0400,2026-07-20T15:34:10.341314+00:00,08:34:09.761020,514,other,F,M2_empty_history,no_valid_row_change,,,,8,60.08,60.98,70,2026-07-20T15:34:10.341314+00:00,2026-07-20T15:27:45.778483+00:00,0,,,8,60.08,60.98,0,false,false,8,60.08,60.98,0,false,false,8,60.08,60.98,0,false,false,8,60.08,60.98,0,false,false
C,san-francisco,2026-07-20,20260720T131811286257-0400,2026-07-20T17:18:11.286257+00:00,10:18:11.066433,618,other,F,M2_empty_history,no_valid_row_change,,,,10,62.96,64.04,70,2026-07-20T17:18:11.286257+00:00,2026-07-20T17:16:37.765616+00:00,0,,,10,62.96,64.04,0,false,false,10,62.96,64.04,0,false,false,10,62.96,64.04,0,false,false,10,62.96,64.04,0,false,false
C,san-francisco,2026-07-22,20260722T055938224624-0400,2026-07-22T09:59:38.224624+00:00,02:59:37.927385,179,pre_dawn,F,M2_empty_history,no_valid_row_change,,,,7,68,69.98,73,2026-07-22T09:59:38.224624+00:00,2026-07-22T09:55:54.301713+00:00,0,,,7,68,69.98,0,false,false,7,68,69.98,0,false,false,7,68,69.98,0,false,false,7,68,69.98,0,false,false
C,san-francisco,2026-07-22,20260722T065938892911-0400,2026-07-22T10:59:38.892911+00:00,03:59:38.628758,239,pre_dawn,F,M2_empty_history,no_valid_row_change,,,,7,66.92,68,73,2026-07-22T10:59:38.892911+00:00,2026-07-22T10:50:33.114881+00:00,0,,,7,66.92,68,0,false,false,7,66.92,68,0,false,false,7,66.92,68,0,false,false,7,66.92,68,0,false,false
C,san-francisco,2026-07-22,20260722T075846935029-0400,2026-07-22T11:58:46.935029+00:00,04:58:46.780934,298,pre_dawn,F,M2_empty_history,no_valid_row_change,,,,7,66.02,66.92,73,2026-07-22T11:58:46.935029+00:00,2026-07-22T11:54:24.900734+00:00,0,,,7,66.02,66.92,0,false,false,7,66.02,66.92,0,false,false,7,66.02,66.92,0,false,false,7,66.02,66.92,0,false,false
C,san-francisco,2026-07-22,20260722T080557690214-0400,2026-07-22T12:05:57.690214+00:00,05:05:57.364321,305,pre_dawn,F,M2_empty_history,no_valid_row_change,,,,7,66.02,66.92,73,2026-07-22T12:05:57.690214+00:00,2026-07-22T12:04:47.149565+00:00,0,,,7,66.02,66.92,0,false,false,7,66.02,66.92,0,false,false,7,66.02,66.92,0,false,false,7,66.02,66.92,0,false,false
C,san-francisco,2026-07-22,20260722T085902530774-0400,2026-07-22T12:59:02.530774+00:00,05:59:02.350907,359,pre_dawn,F,M2_empty_history,no_valid_row_change,,,,7,64.94,66.02,73,2026-07-22T12:59:02.530774+00:00,2026-07-22T12:58:15.342538+00:00,0,,,7,64.94,66.02,0,false,false,7,64.94,66.02,0,false,false,7,64.94,66.02,0,false,false,7,64.94,66.02,0,false,false
C,san-francisco,2026-07-22,20260722T130042279388-0400,2026-07-22T17:00:42.279388+00:00,10:00:42.040539,600,other,F,M2_empty_history,no_valid_row_change,,,,10,68,69.08,73,2026-07-22T17:00:42.279388+00:00,2026-07-22T16:58:44.792321+00:00,0,,,10,68,69.08,0,false,false,10,68,69.08,0,false,false,10,68,69.08,0,false,false,10,68,69.08,0,false,false
C,san-francisco,2026-07-22,20260722T134756079302-0400,2026-07-22T17:47:56.079302+00:00,10:47:55.802844,647,other,F,M2_empty_history,no_valid_row_change,,,,10,68,69.08,73,2026-07-22T17:47:56.079302+00:00,2026-07-22T17:40:46.614646+00:00,0,,,10,68,69.08,0,false,false,10,68,69.08,0,false,false,10,68,69.08,0,false,false,10,68,69.08,0,false,false
C,san-francisco,2026-07-22,20260722T135900376886-0400,2026-07-22T17:59:00.376886+00:00,10:58:59.328620,658,other,F,M2_empty_history,no_valid_row_change,,,,10,69.08,71.06,73,2026-07-22T17:59:00.376886+00:00,2026-07-22T17:58:58.362331+00:00,0,,,10,69.08,71.06,0,false,false,10,69.08,71.06,0,false,false,10,69.08,71.06,0,false,false,10,69.08,71.06,0,false,false
C,san-francisco,2026-07-22,20260722T140050424904-0400,2026-07-22T18:00:50.424904+00:00,11:00:50.168108,660,other,F,M2_empty_history,no_valid_row_change,,,,11,68,69.08,73,2026-07-22T18:00:50.424904+00:00,2026-07-22T17:59:00.376886+00:00,0,,,11,68,69.08,0,false,false,11,68,69.08,0,false,false,11,68,69.08,0,false,false,11,68,69.08,0,false,false
C,san-francisco,2026-07-23,20260723T044348886628-0400,2026-07-23T08:43:48.886628+00:00,01:43:48.584949,103,pre_dawn,F,M2_empty_history,no_valid_row_change,,,,7,60.98,62.06,69,2026-07-23T08:43:48.886628+00:00,2026-07-23T08:41:55.042501+00:00,0,,,7,60.98,62.06,0,false,false,7,60.98,62.06,0,false,false,7,60.98,62.06,0,false,false,7,60.98,62.06,0,false,false
C,san-francisco,2026-07-23,20260723T055932622772-0400,2026-07-23T09:59:32.622772+00:00,02:59:32.328989,179,pre_dawn,F,M2_empty_history,no_valid_row_change,,,,7,60.08,60.98,69,2026-07-23T09:59:32.622772+00:00,2026-07-23T09:55:52.402863+00:00,0,,,7,60.08,60.98,0,false,false,7,60.08,60.98,0,false,false,7,60.08,60.98,0,false,false,7,60.08,60.98,0,false,false
C,san-francisco,2026-07-23,20260723T075841871428-0400,2026-07-23T11:58:41.871428+00:00,04:58:41.667111,298,pre_dawn,F,M2_empty_history,no_valid_row_change,,,,7,59,60.08,69,2026-07-23T11:58:41.871428+00:00,2026-07-23T11:54:11.691369+00:00,0,,,7,59,60.08,0,false,false,7,59,60.08,0,false,false,7,59,60.08,0,false,false,7,59,60.08,0,false,false
C,san-francisco,2026-07-23,20260723T140132417662-0400,2026-07-23T18:01:32.417662+00:00,11:01:32.232509,661,other,F,M2_empty_history,no_valid_row_change,,,,11,62.06,62.96,69,2026-07-23T18:01:32.417662+00:00,2026-07-23T17:59:49.768819+00:00,0,,,11,62.06,62.96,0,false,false,11,62.06,62.96,0,false,false,11,62.06,62.96,0,false,false,11,62.06,62.96,0,false,false
C,san-francisco,2026-07-23,20260723T140428597941-0400,2026-07-23T18:04:28.597941+00:00,11:04:28.383026,664,other,F,M2_empty_history,no_valid_row_change,,,,11,62.06,62.96,69,2026-07-23T18:04:28.597941+00:00,2026-07-23T18:02:45.790486+00:00,0,,,11,62.06,62.96,0,false,false,11,62.06,62.96,0,false,false,11,62.06,62.96,0,false,false,11,62.06,62.96,0,false,false
C,san-francisco,2026-07-23,20260723T163300854606-0400,2026-07-23T20:33:00.854606+00:00,13:33:00.645879,813,settlement_window,F,M2_empty_history,no_valid_row_change,,,,13,64.94,68,69,2026-07-23T20:33:00.854606+00:00,2026-07-23T20:24:15.771085+00:00,0,,,13,64.94,68,0,false,false,13,64.94,68,0,false,false,13,64.94,68,0,false,false,13,64.94,68,0,false,false
C,san-francisco,2026-07-24,20260724T045104198589-0400,2026-07-24T08:51:04.198589+00:00,01:51:00.301757,111,pre_dawn,F,M2_empty_history,no_valid_row_change,,,,7,60.08,60.98,70,2026-07-24T08:51:04.198589+00:00,2026-07-24T08:46:16.986318+00:00,0,,,7,60.08,60.98,0,false,false,7,60.08,60.98,0,false,false,7,60.08,60.98,0,false,false,7,60.08,60.98,0,false,false
C,san-francisco,2026-07-25,20260725T065933243021-0400,2026-07-25T10:59:33.243021+00:00,03:59:32.937824,239,pre_dawn,F,M2_empty_history,no_valid_row_change,,,,7,60.08,60.98,70,2026-07-25T10:59:33.243021+00:00,2026-07-25T10:50:43.530040+00:00,0,,,7,60.08,60.98,0,false,false,7,60.08,60.98,0,false,false,7,60.08,60.98,0,false,false,7,60.08,60.98,0,false,false
C,san-francisco,2026-07-26,20260726T035923936278-0400,2026-07-26T07:59:23.936278+00:00,00:59:23.790399,59,pre_dawn,F,M2_empty_history,no_valid_row_change,,,,7,60.98,62.06,68,2026-07-26T07:59:23.936278+00:00,2026-07-26T07:55:57.967494+00:00,0,,,7,60.98,62.06,0,false,false,7,60.98,62.06,0,false,false,7,60.98,62.06,0,false,false,7,60.98,62.06,0,false,false
C,san-francisco,2026-07-26,20260726T050002779040-0400,2026-07-26T09:00:02.779040+00:00,01:59:58.411448,119,pre_dawn,F,M2_empty_history,no_valid_row_change,,,,7,60.08,60.98,68,2026-07-26T09:00:02.779040+00:00,2026-07-26T08:51:55.039145+00:00,0,,,7,60.08,60.98,0,false,false,7,60.08,60.98,0,false,false,7,60.08,60.98,0,false,false,7,60.08,60.98,0,false,false
C,san-francisco,2026-07-26,20260726T123334272822-0400,2026-07-26T16:33:34.272822+00:00,09:33:34.126429,573,other,F,M2_empty_history,no_valid_row_change,,,,9,60.08,60.98,68,2026-07-26T16:33:34.272822+00:00,2026-07-26T16:31:32.387986+00:00,0,,,9,60.08,60.98,0,false,false,9,60.08,60.98,0,false,false,9,60.08,60.98,0,false,false,9,60.08,60.98,0,false,false
C,san-francisco,2026-07-27,20260727T041336298620-0400,2026-07-27T08:13:36.298620+00:00,01:13:35.199950,73,pre_dawn,F,M2_empty_history,no_valid_row_change,,,,7,59,60.08,69,2026-07-27T08:13:36.298620+00:00,2026-07-27T08:04:30.163446+00:00,0,,,7,59,60.08,0,false,false,7,59,60.08,0,false,false,7,59,60.08,0,false,false,7,59,60.08,0,false,false
C,san-francisco,2026-07-27,20260727T091736336360-0400,2026-07-27T13:17:36.336360+00:00,06:17:35.151703,377,pre_dawn,F,M2_empty_history,no_valid_row_change,,,,7,57.92,59,69,2026-07-27T13:17:36.336360+00:00,2026-07-27T13:08:28.436584+00:00,0,,,7,57.92,59,0,false,false,7,57.92,59,0,false,false,7,57.92,59,0,false,false,7,57.92,59,0,false,false
C,san-francisco,2026-07-28,20260728T065938991529-0400,2026-07-28T10:59:38.991529+00:00,03:59:38.584995,239,pre_dawn,F,M2_empty_history,no_valid_row_change,,,,7,59,60.08,70,2026-07-28T10:59:38.991529+00:00,2026-07-28T10:59:14.862965+00:00,0,,,7,59,60.08,0,false,false,7,59,60.08,0,false,false,7,59,60.08,0,false,false,7,59,60.08,0,false,false
C,san-francisco,2026-07-28,20260728T100234508008-0400,2026-07-28T14:02:34.508008+00:00,07:02:34.357831,422,other,F,M2_empty_history,no_valid_row_change,,,,7,59,60.08,70,2026-07-28T14:02:34.508008+00:00,2026-07-28T14:01:43.148215+00:00,0,,,7,59,60.08,0,false,false,7,59,60.08,0,false,false,7,59,60.08,0,false,false,7,59,60.08,0,false,false
C,san-francisco,2026-07-28,20260728T125238510993-0400,2026-07-28T16:52:38.510993+00:00,09:52:38.343164,592,other,F,M2_empty_history,no_valid_row_change,,,,9,60.08,62.06,70,2026-07-28T16:52:38.510993+00:00,2026-07-28T16:50:34.329561+00:00,0,,,9,60.08,62.06,0,false,false,9,60.08,62.06,0,false,false,9,60.08,62.06,0,false,false,9,60.08,62.06,0,false,false
C,san-francisco,2026-07-28,20260728T135039687969-0400,2026-07-28T17:50:39.687969+00:00,10:50:39.496453,650,other,F,M2_empty_history,no_valid_row_change,,,,10,60.08,62.06,70,2026-07-28T17:50:39.687969+00:00,2026-07-28T17:49:20.176383+00:00,0,,,10,60.08,62.06,0,false,false,10,60.08,62.06,0,false,false,10,60.08,62.06,0,false,false,10,60.08,62.06,0,false,false
C,san-francisco,2026-07-29,20260729T032048338226-0400,2026-07-29T07:20:48.338226+00:00,00:20:47.245646,20,pre_dawn,F,M2_empty_history,no_valid_row_change,,,,7,60.08,60.98,69,2026-07-29T07:20:48.338226+00:00,2026-07-29T07:11:42.003102+00:00,0,,,7,60.08,60.98,0,false,false,7,60.08,60.98,0,false,false,7,60.08,60.98,0,false,false,7,60.08,60.98,0,false,false
C,san-francisco,2026-07-29,20260729T050007498972-0400,2026-07-29T09:00:07.498972+00:00,02:00:07.178829,120,pre_dawn,F,M2_empty_history,no_valid_row_change,,,,7,59,60.08,69,2026-07-29T09:00:07.498972+00:00,2026-07-29T08:54:40.611123+00:00,0,,,7,59,60.08,0,false,false,7,59,60.08,0,false,false,7,59,60.08,0,false,false,7,59,60.08,0,false,false
C,san-francisco,2026-07-29,20260729T073919404351-0400,2026-07-29T11:39:19.404351+00:00,04:39:19.191135,279,pre_dawn,F,M2_empty_history,no_valid_row_change,,,,7,57.92,59,69,2026-07-29T11:39:19.404351+00:00,2026-07-29T11:38:41.710472+00:00,0,,,7,57.92,59,0,false,false,7,57.92,59,0,false,false,7,57.92,59,0,false,false,7,57.92,59,0,false,false
C,san-francisco,2026-07-29,20260729T132950682365-0400,2026-07-29T17:29:50.682365+00:00,10:29:50.524296,629,other,F,M2_empty_history,no_valid_row_change,,,,10,62.06,64.04,69,2026-07-29T17:29:50.682365+00:00,2026-07-29T17:24:43.160103+00:00,0,,,10,62.06,64.04,0,false,false,10,62.06,64.04,0,false,false,10,62.06,64.04,0,false,false,10,62.06,64.04,0,false,false
C,san-francisco,2026-07-30,20260730T040515009049-0400,2026-07-30T08:05:15.009049+00:00,01:05:13.893737,65,pre_dawn,F,M2_empty_history,no_valid_row_change,,,,7,59,60.08,73,2026-07-30T08:05:15.009049+00:00,2026-07-30T07:56:07.363235+00:00,0,,,7,59,60.08,0,false,false,7,59,60.08,0,false,false,7,59,60.08,0,false,false,7,59,60.08,0,false,false
C,san-francisco,2026-07-30,20260730T045910234918-0400,2026-07-30T08:59:10.234918+00:00,01:59:09.926629,119,pre_dawn,F,M2_empty_history,no_valid_row_change,,,,7,57.92,59,73,2026-07-30T08:59:10.234918+00:00,2026-07-30T08:51:26.326379+00:00,0,,,7,57.92,59,0,false,false,7,57.92,59,0,false,false,7,57.92,59,0,false,false,7,57.92,59,0,false,false
C,seattle,2026-07-03,20260703T065637-0400,2026-07-03T10:56:37.904107+00:00,03:56:36.874399,236,pre_dawn,F,M2_empty_history,no_valid_row_change,,,,7,59,60.08,72,2026-07-03T10:56:37.904107+00:00,2026-07-03T10:47:39.118692+00:00,0,,,7,59,60.08,0,false,false,7,59,60.08,0,false,false,7,59,60.08,0,false,false,7,59,60.08,0,false,false
C,seattle,2026-07-03,20260703T082531-0400,2026-07-03T12:25:31.395260+00:00,05:25:31.163224,325,pre_dawn,F,M2_empty_history,no_valid_row_change,,,,7,57.92,59,72,2026-07-03T12:25:31.395260+00:00,2026-07-03T12:18:27.420743+00:00,0,,,7,57.92,59,0,false,false,7,57.92,59,0,false,false,7,57.92,59,0,false,false,7,57.92,59,0,false,false
C,seattle,2026-07-03,20260703T153731-0400,2026-07-03T19:37:31.210797+00:00,12:37:30.949280,757,settlement_window,F,M2_empty_history,no_valid_row_change,,,,12,64.04,66.02,72,2026-07-03T19:37:31.210797+00:00,2026-07-03T19:28:20.486735+00:00,0,,,12,64.04,66.02,0,false,false,12,64.04,66.02,0,false,false,12,64.04,66.02,0,false,false,12,64.04,66.02,0,false,false
C,seattle,2026-07-05,20260705T035558282216-0400,2026-07-05T07:55:58.282216+00:00,00:55:57.484989,55,pre_dawn,F,M2_empty_history,no_valid_row_change,,,,7,59,60.08,76,2026-07-05T07:55:58.282216+00:00,2026-07-05T07:54:52.307300+00:00,0,,,7,59,60.08,0,false,false,7,59,60.08,0,false,false,7,59,60.08,0,false,false,7,59,60.08,0,false,false
C,seattle,2026-07-05,20260705T055604043668-0400,2026-07-05T09:56:04.043668+00:00,02:56:03.880120,176,pre_dawn,F,M2_empty_history,no_valid_row_change,,,,7,57.92,59,76,2026-07-05T09:56:04.043668+00:00,2026-07-05T09:52:34.906376+00:00,0,,,7,57.92,59,0,false,false,7,57.92,59,0,false,false,7,57.92,59,0,false,false,7,57.92,59,0,false,false
C,seattle,2026-07-05,20260705T065602442608-0400,2026-07-05T10:56:02.442608+00:00,03:56:02.175224,236,pre_dawn,F,M2_empty_history,no_valid_row_change,,,,7,55.94,57.92,76,2026-07-05T10:56:02.442608+00:00,2026-07-05T10:46:55.565501+00:00,0,,,7,55.94,57.92,0,false,false,7,55.94,57.92,0,false,false,7,55.94,57.92,0,false,false,7,55.94,57.92,0,false,false
C,seattle,2026-07-05,20260705T075611413472-0400,2026-07-05T11:56:11.413472+00:00,04:56:11.162441,296,pre_dawn,F,M2_empty_history,no_valid_row_change,,,,7,55.04,55.94,76,2026-07-05T11:56:11.413472+00:00,2026-07-05T11:50:40.807749+00:00,0,,,7,55.04,55.94,0,false,false,7,55.04,55.94,0,false,false,7,55.04,55.94,0,false,false,7,55.04,55.94,0,false,false
C,seattle,2026-07-05,20260705T142043876349-0400,2026-07-05T18:20:43.876349+00:00,11:20:43.550349,680,other,F,M2_empty_history,no_valid_row_change,,,,11,60.98,64.94,76,2026-07-05T18:20:43.876349+00:00,2026-07-05T18:11:34.963167+00:00,0,,,11,60.98,64.94,0,false,false,11,60.98,64.94,0,false,false,11,60.98,64.94,0,false,false,11,60.98,64.94,0,false,false
C,seattle,2026-07-07,20260707T035622144087-0400,2026-07-07T07:56:22.144087+00:00,00:56:21.112780,56,pre_dawn,F,M2_empty_history,no_valid_row_change,,,,7,60.08,62.06,74,2026-07-07T07:56:22.144087+00:00,2026-07-07T07:51:26.860129+00:00,0,,,7,60.08,62.06,0,false,false,7,60.08,62.06,0,false,false,7,60.08,62.06,0,false,false,7,60.08,62.06,0,false,false
C,seattle,2026-07-07,20260707T045640520188-0400,2026-07-07T08:56:40.520188+00:00,01:56:40.259273,116,pre_dawn,F,M2_empty_history,no_valid_row_change,,,,7,59,60.08,74,2026-07-07T08:56:40.520188+00:00,2026-07-07T08:54:55.681088+00:00,0,,,7,59,60.08,0,false,false,7,59,60.08,0,false,false,7,59,60.08,0,false,false,7,59,60.08,0,false,false
C,seattle,2026-07-07,20260707T055543952045-0400,2026-07-07T09:55:43.952045+00:00,02:55:43.750572,175,pre_dawn,F,M2_empty_history,no_valid_row_change,,,,7,57.02,59,74,2026-07-07T09:55:43.952045+00:00,2026-07-07T09:49:18.441463+00:00,0,,,7,57.02,59,0,false,false,7,57.02,59,0,false,false,7,57.02,59,0,false,false,7,57.02,59,0,false,false
C,seattle,2026-07-07,20260707T065547933509-0400,2026-07-07T10:55:47.933509+00:00,03:55:47.730935,235,pre_dawn,F,M2_empty_history,no_valid_row_change,,,,7,55.04,57.02,74,2026-07-07T10:55:47.933509+00:00,2026-07-07T10:52:44.880575+00:00,0,,,7,55.04,57.02,0,false,false,7,55.04,57.02,0,false,false,7,55.04,57.02,0,false,false,7,55.04,57.02,0,false,false
C,seattle,2026-07-07,20260707T075600175282-0400,2026-07-07T11:56:00.175282+00:00,04:55:59.865265,295,pre_dawn,F,M2_empty_history,no_valid_row_change,,,,7,53.96,55.04,74,2026-07-07T11:56:00.175282+00:00,2026-07-07T11:47:15.497594+00:00,0,,,7,53.96,55.04,0,false,false,7,53.96,55.04,0,false,false,7,53.96,55.04,0,false,false,7,53.96,55.04,0,false,false
C,seattle,2026-07-07,20260707T083355818206-0400,2026-07-07T12:33:55.818206+00:00,05:33:55.507688,333,pre_dawn,F,M2_empty_history,no_valid_row_change,,,,7,53.06,53.96,74,2026-07-07T12:33:55.818206+00:00,2026-07-07T12:32:40.505650+00:00,0,,,7,53.06,53.96,0,false,false,7,53.06,53.96,0,false,false,7,53.06,53.96,0,false,false,7,53.06,53.96,0,false,false
C,seattle,2026-07-07,20260707T085445384153-0400,2026-07-07T12:54:45.384153+00:00,05:54:45.183833,354,pre_dawn,F,M2_empty_history,no_valid_row_change,,,,7,53.06,53.96,74,2026-07-07T12:54:45.384153+00:00,2026-07-07T12:54:01.461054+00:00,0,,,7,53.06,53.96,0,false,false,7,53.06,53.96,0,false,false,7,53.06,53.96,0,false,false,7,53.06,53.96,0,false,false
C,seattle,2026-07-08,20260708T035620696388-0400,2026-07-08T07:56:20.696388+00:00,00:56:20.437321,56,pre_dawn,F,M2_empty_history,no_valid_row_change,,,,7,62.06,62.96,69,2026-07-08T07:56:20.696388+00:00,2026-07-08T07:48:01.253494+00:00,0,,,7,62.06,62.96,0,false,false,7,62.06,62.96,0,false,false,7,62.06,62.96,0,false,false,7,62.06,62.96,0,false,false
C,seattle,2026-07-08,20260708T045605594865-0400,2026-07-08T08:56:05.594865+00:00,01:56:05.059355,116,pre_dawn,F,M2_empty_history,no_valid_row_change,,,,7,60.08,62.06,69,2026-07-08T08:56:05.594865+00:00,2026-07-08T08:51:28.163328+00:00,0,,,7,60.08,62.06,0,false,false,7,60.08,62.06,0,false,false,7,60.08,62.06,0,false,false,7,60.08,62.06,0,false,false
C,seattle,2026-07-08,20260708T055615016425-0400,2026-07-08T09:56:15.016425+00:00,02:56:14.543393,176,pre_dawn,F,M2_empty_history,no_valid_row_change,,,,7,59,60.08,69,2026-07-08T09:56:15.016425+00:00,2026-07-08T09:54:59.509784+00:00,0,,,7,59,60.08,0,false,false,7,59,60.08,0,false,false,7,59,60.08,0,false,false,7,59,60.08,0,false,false
C,seattle,2026-07-08,20260708T065628481417-0400,2026-07-08T10:56:28.481417+00:00,03:56:28.189684,236,pre_dawn,F,M2_empty_history,no_valid_row_change,,,,7,57.92,59,69,2026-07-08T10:56:28.481417+00:00,2026-07-08T10:49:21.818685+00:00,0,,,7,57.92,59,0,false,false,7,57.92,59,0,false,false,7,57.92,59,0,false,false,7,57.92,59,0,false,false
C,seattle,2026-07-08,20260708T094626381326-0400,2026-07-08T13:46:26.381326+00:00,06:46:23.869795,406,pre_dawn,F,M2_empty_history,no_valid_row_change,,,,7,57.02,57.92,69,2026-07-08T13:46:26.381326+00:00,2026-07-08T13:24:00.970371+00:00,0,,,7,57.02,57.92,0,false,false,7,57.02,57.92,0,false,false,7,57.02,57.92,0,false,false,7,57.02,57.92,0,false,false
C,seattle,2026-07-09,20260709T035602969597-0400,2026-07-09T07:56:02.969597+00:00,00:56:02.743444,56,pre_dawn,F,M2_empty_history,no_valid_row_change,,,,7,57.92,60.98,78,2026-07-09T07:56:02.969597+00:00,2026-07-09T07:55:39.019548+00:00,0,,,7,57.92,60.98,0,false,false,7,57.92,60.98,0,false,false,7,57.92,60.98,0,false,false,7,57.92,60.98,0,false,false
C,seattle,2026-07-09,20260709T045553249285-0400,2026-07-09T08:55:53.249285+00:00,01:55:52.982297,115,pre_dawn,F,M2_empty_history,no_valid_row_change,,,,7,55.04,57.92,78,2026-07-09T08:55:53.249285+00:00,2026-07-09T08:50:02.571834+00:00,0,,,7,55.04,57.92,0,false,false,7,55.04,57.92,0,false,false,7,55.04,57.92,0,false,false,7,55.04,57.92,0,false,false
C,seattle,2026-07-09,20260709T055652884215-0400,2026-07-09T09:56:52.884215+00:00,02:56:52.674194,176,pre_dawn,F,M2_empty_history,no_valid_row_change,,,,7,53.96,55.04,78,2026-07-09T09:56:52.884215+00:00,2026-07-09T09:53:38.430279+00:00,0,,,7,53.96,55.04,0,false,false,7,53.96,55.04,0,false,false,7,53.96,55.04,0,false,false,7,53.96,55.04,0,false,false
C,seattle,2026-07-09,20260709T083308180362-0400,2026-07-09T12:33:08.180362+00:00,05:33:07.540582,333,pre_dawn,F,M2_empty_history,no_valid_row_change,,,,7,53.96,55.04,78,2026-07-09T12:33:08.180362+00:00,2026-07-09T12:15:30.830722+00:00,0,,,7,53.96,55.04,0,false,false,7,53.96,55.04,0,false,false,7,53.96,55.04,0,false,false,7,53.96,55.04,0,false,false
C,seattle,2026-07-09,20260709T145933311670-0400,2026-07-09T18:59:33.311670+00:00,11:59:33.090669,719,other,F,M2_empty_history,no_valid_row_change,,,,11,62.96,66.02,78,2026-07-09T18:59:33.311670+00:00,2026-07-09T18:57:45.665806+00:00,0,,,11,62.96,66.02,0,false,false,11,62.96,66.02,0,false,false,11,62.96,66.02,0,false,false,11,62.96,66.02,0,false,false
C,seattle,2026-07-09,20260709T174604521338-0400,2026-07-09T21:46:04.521338+00:00,14:45:43.665503,885,peak_heating_window,F,M2_empty_history,no_valid_row_change,,,,14,69.08,71.96,78,2026-07-09T21:46:04.521338+00:00,2026-07-09T21:04:42.754431+00:00,0,,,14,69.08,71.96,0,false,false,14,69.08,71.96,0,false,false,14,69.08,71.96,0,false,false,14,69.08,71.96,0,false,false
C,seattle,2026-07-10,20260710T035841030208-0400,2026-07-10T07:58:41.030208+00:00,00:58:33.555970,58,pre_dawn,F,M2_empty_history,no_valid_row_change,,,,7,59,62.06,76,2026-07-10T07:58:41.030208+00:00,2026-07-10T07:49:45.798090+00:00,0,,,7,59,62.06,0,false,false,7,59,62.06,0,false,false,7,59,62.06,0,false,false,7,59,62.06,0,false,false
C,seattle,2026-07-10,20260710T055602914763-0400,2026-07-10T09:56:02.914763+00:00,02:56:02.427930,176,pre_dawn,F,M2_empty_history,no_valid_row_change,,,,7,59,64.04,76,2026-07-10T09:56:02.914763+00:00,2026-07-10T09:49:35.358191+00:00,0,,,7,59,64.04,0,false,false,7,59,64.04,0,false,false,7,59,64.04,0,false,false,7,59,64.04,0,false,false
C,seattle,2026-07-10,20260710T065559278204-0400,2026-07-10T10:55:59.278204+00:00,03:55:59.061192,235,pre_dawn,F,M2_empty_history,no_valid_row_change,,,,7,57.02,59,76,2026-07-10T10:55:59.278204+00:00,2026-07-10T10:53:13.485472+00:00,0,,,7,57.02,59,0,false,false,7,57.02,59,0,false,false,7,57.02,59,0,false,false,7,57.02,59,0,false,false
C,seattle,2026-07-10,20260710T075556731119-0400,2026-07-10T11:55:56.731119+00:00,04:55:56.474185,295,pre_dawn,F,M2_empty_history,no_valid_row_change,,,,7,55.94,57.02,76,2026-07-10T11:55:56.731119+00:00,2026-07-10T11:48:03.875158+00:00,0,,,7,55.94,57.02,0,false,false,7,55.94,57.02,0,false,false,7,55.94,57.02,0,false,false,7,55.94,57.02,0,false,false
C,seattle,2026-07-10,20260710T150239701498-0400,2026-07-10T19:02:39.701498+00:00,12:02:29.708240,722,settlement_window,F,M2_empty_history,no_valid_row_change,,,,12,66.92,69.08,76,2026-07-10T19:02:39.701498+00:00,2026-07-10T18:58:15.002292+00:00,0,,,12,66.92,69.08,0,false,false,12,66.92,69.08,0,false,false,12,66.92,69.08,0,false,false,12,66.92,69.08,0,false,false
C,seattle,2026-07-14,20260714T035642950826-0400,2026-07-14T07:56:42.950826+00:00,00:56:42.690049,56,pre_dawn,F,M2_empty_history,no_valid_row_change,,,,7,60.08,62.96,85,2026-07-14T07:56:42.950826+00:00,2026-07-14T07:55:44.374764+00:00,0,,,7,60.08,62.96,0,false,false,7,60.08,62.96,0,false,false,7,60.08,62.96,0,false,false,7,60.08,62.96,0,false,false
C,seattle,2026-07-14,20260714T065650680120-0400,2026-07-14T10:56:50.680120+00:00,03:56:50.419922,236,pre_dawn,F,M2_empty_history,no_valid_row_change,,,,7,57.02,60.98,85,2026-07-14T10:56:50.680120+00:00,2026-07-14T10:48:31.396574+00:00,0,,,7,57.02,60.98,0,false,false,7,57.02,60.98,0,false,false,7,57.02,60.98,0,false,false,7,57.02,60.98,0,false,false
C,seattle,2026-07-14,20260714T090832546859-0400,2026-07-14T13:08:32.546859+00:00,06:08:30.889297,368,pre_dawn,F,M2_empty_history,no_valid_row_change,,,,7,57.02,59,85,2026-07-14T13:08:32.546859+00:00,2026-07-14T12:47:13.266520+00:00,0,,,7,57.02,59,0,false,false,7,57.02,59,0,false,false,7,57.02,59,0,false,false,7,57.02,59,0,false,false
C,seattle,2026-07-14,20260714T191323382549-0400,2026-07-14T23:13:23.382549+00:00,16:13:23.103979,973,peak_heating_window,F,M2_empty_history,no_valid_row_change,,,,16,82.04,82.94,85,2026-07-14T23:13:23.382549+00:00,2026-07-14T23:11:39.031807+00:00,0,,,16,82.04,82.94,0,false,false,16,82.04,82.94,0,false,false,16,82.04,82.94,0,false,false,16,82.04,82.94,0,false,false
C,seattle,2026-07-15,20260715T044244441686-0400,2026-07-15T08:42:44.441686+00:00,01:42:43.983849,102,pre_dawn,F,M2_empty_history,no_valid_row_change,,,,7,60.98,66.92,83,2026-07-15T08:42:44.441686+00:00,2026-07-15T08:33:53.989806+00:00,0,,,7,60.98,66.92,0,false,false,7,60.98,66.92,0,false,false,7,60.98,66.92,0,false,false,7,60.98,66.92,0,false,false
C,seattle,2026-07-15,20260715T045641777240-0400,2026-07-15T08:56:41.777240+00:00,01:56:41.570414,116,pre_dawn,F,M2_empty_history,no_valid_row_change,,,,7,60.08,60.98,83,2026-07-15T08:56:41.777240+00:00,2026-07-15T08:52:02.069541+00:00,0,,,7,60.08,60.98,0,false,false,7,60.08,60.98,0,false,false,7,60.08,60.98,0,false,false,7,60.08,60.98,0,false,false
C,seattle,2026-07-15,20260715T075737615223-0400,2026-07-15T11:57:37.615223+00:00,04:57:37.269125,297,pre_dawn,F,M2_empty_history,no_valid_row_change,,,,7,57.92,60.08,83,2026-07-15T11:57:37.615223+00:00,2026-07-15T11:53:57.146709+00:00,0,,,7,57.92,60.08,0,false,false,7,57.92,60.08,0,false,false,7,57.92,60.08,0,false,false,7,57.92,60.08,0,false,false
C,seattle,2026-07-15,20260715T085650712961-0400,2026-07-15T12:56:50.712961+00:00,05:56:50.324085,356,pre_dawn,F,M2_empty_history,no_valid_row_change,,,,7,57.02,57.92,83,2026-07-15T12:56:50.712961+00:00,2026-07-15T12:48:34.522528+00:00,0,,,7,57.02,57.92,0,false,false,7,57.02,57.92,0,false,false,7,57.02,57.92,0,false,false,7,57.02,57.92,0,false,false
C,seattle,2026-07-16,20260716T035846384662-0400,2026-07-16T07:58:46.384662+00:00,00:58:46.148815,58,pre_dawn,F,M2_empty_history,no_valid_row_change,,,,7,62.96,68,64,2026-07-16T07:58:46.384662+00:00,2026-07-16T07:57:45.796413+00:00,0,,,7,62.96,68,0,false,false,7,62.96,68,0,false,false,7,62.96,68,0,false,false,7,62.96,68,0,false,false
C,seattle,2026-07-16,20260716T045651042591-0400,2026-07-16T08:56:51.042591+00:00,01:56:50.826509,116,pre_dawn,F,M2_empty_history,no_valid_row_change,,,,7,60.08,62.96,64,2026-07-16T08:56:51.042591+00:00,2026-07-16T08:52:20.803058+00:00,0,,,7,60.08,62.96,0,false,false,7,60.08,62.96,0,false,false,7,60.08,62.96,0,false,false,7,60.08,62.96,0,false,false
C,seattle,2026-07-16,20260716T055548080405-0400,2026-07-16T09:55:48.080405+00:00,02:55:47.891424,175,pre_dawn,F,M2_empty_history,no_valid_row_change,,,,7,59,60.08,64,2026-07-16T09:55:48.080405+00:00,2026-07-16T09:46:56.615931+00:00,0,,,7,59,60.08,0,false,false,7,59,60.08,0,false,false,7,59,60.08,0,false,false,7,59,60.08,0,false,false
C,seattle,2026-07-16,20260716T065558455294-0400,2026-07-16T10:55:58.455294+00:00,03:55:58.201991,235,pre_dawn,F,M2_empty_history,no_valid_row_change,,,,7,57.92,59,64,2026-07-16T10:55:58.455294+00:00,2026-07-16T10:50:41.934716+00:00,0,,,7,57.92,59,0,false,false,7,57.92,59,0,false,false,7,57.92,59,0,false,false,7,57.92,59,0,false,false
C,seattle,2026-07-16,20260716T075653298752-0400,2026-07-16T11:56:53.298752+00:00,04:56:53.079327,296,pre_dawn,F,M2_empty_history,no_valid_row_change,,,,7,57.02,57.92,64,2026-07-16T11:56:53.298752+00:00,2026-07-16T11:54:30.936546+00:00,0,,,7,57.02,57.92,0,false,false,7,57.02,57.92,0,false,false,7,57.02,57.92,0,false,false,7,57.02,57.92,0,false,false
C,seattle,2026-07-16,20260716T095624276925-0400,2026-07-16T13:56:24.276925+00:00,06:56:23.945207,416,pre_dawn,F,M2_empty_history,no_valid_row_change,,,,7,55.94,57.02,64,2026-07-16T13:56:24.276925+00:00,2026-07-16T13:53:55.814713+00:00,0,,,7,55.94,57.02,0,false,false,7,55.94,57.02,0,false,false,7,55.94,57.02,0,false,false,7,55.94,57.02,0,false,false
C,seattle,2026-07-17,20260717T170052777038-0400,2026-07-17T21:00:52.777038+00:00,14:00:52.367420,840,peak_heating_window,F,M2_empty_history,no_valid_row_change,,,,14,66.02,66.92,71,2026-07-17T21:00:52.777038+00:00,2026-07-17T20:56:57.350664+00:00,0,,,14,66.02,66.92,0,false,false,14,66.02,66.92,0,false,false,14,66.02,66.92,0,false,false,14,66.02,66.92,0,false,false
C,seattle,2026-07-18,20260718T035645091051-0400,2026-07-18T07:56:45.091051+00:00,00:56:44.879593,56,pre_dawn,F,M2_empty_history,no_valid_row_change,,,,7,60.98,62.06,74,2026-07-18T07:56:45.091051+00:00,2026-07-18T07:48:14.737916+00:00,0,,,7,60.98,62.06,0,false,false,7,60.98,62.06,0,false,false,7,60.98,62.06,0,false,false,7,60.98,62.06,0,false,false
C,seattle,2026-07-18,20260718T045559626812-0400,2026-07-18T08:55:59.626812+00:00,01:55:59.408198,115,pre_dawn,F,M2_empty_history,no_valid_row_change,,,,7,60.08,60.98,74,2026-07-18T08:55:59.626812+00:00,2026-07-18T08:51:54.743808+00:00,0,,,7,60.08,60.98,0,false,false,7,60.08,60.98,0,false,false,7,60.08,60.98,0,false,false,7,60.08,60.98,0,false,false
C,seattle,2026-07-18,20260718T065602385032-0400,2026-07-18T10:56:02.385032+00:00,03:56:02.116074,236,pre_dawn,F,M2_empty_history,no_valid_row_change,,,,7,59,60.08,74,2026-07-18T10:56:02.385032+00:00,2026-07-18T10:50:16.292275+00:00,0,,,7,59,60.08,0,false,false,7,59,60.08,0,false,false,7,59,60.08,0,false,false,7,59,60.08,0,false,false
C,seattle,2026-07-18,20260718T075653767681-0400,2026-07-18T11:56:53.767681+00:00,04:56:53.555851,296,pre_dawn,F,M2_empty_history,no_valid_row_change,,,,7,57.02,59,74,2026-07-18T11:56:53.767681+00:00,2026-07-18T11:54:03.338394+00:00,0,,,7,57.02,59,0,false,false,7,57.02,59,0,false,false,7,57.02,59,0,false,false,7,57.02,59,0,false,false
C,seattle,2026-07-18,20260718T083056357757-0400,2026-07-18T12:30:56.357757+00:00,05:30:56.177471,330,pre_dawn,F,M2_empty_history,no_valid_row_change,,,,7,55.94,57.02,74,2026-07-18T12:30:56.357757+00:00,2026-07-18T12:30:30.634506+00:00,0,,,7,55.94,57.02,0,false,false,7,55.94,57.02,0,false,false,7,55.94,57.02,0,false,false,7,55.94,57.02,0,false,false
C,seattle,2026-07-18,20260718T120013693228-0400,2026-07-18T16:00:13.693228+00:00,09:00:12.731783,540,other,F,M2_empty_history,no_valid_row_change,,,,9,57.92,59,74,2026-07-18T16:00:13.693228+00:00,2026-07-18T15:57:29.240097+00:00,0,,,9,57.92,59,0,false,false,9,57.92,59,0,false,false,9,57.92,59,0,false,false,9,57.92,59,0,false,false
C,seattle,2026-07-18,20260718T155830173365-0400,2026-07-18T19:58:30.173365+00:00,12:58:29.808114,778,settlement_window,F,M2_empty_history,no_valid_row_change,,,,12,66.02,69.08,74,2026-07-18T19:58:30.173365+00:00,2026-07-18T19:57:24.314399+00:00,0,,,12,66.02,69.08,0,false,false,12,66.02,69.08,0,false,false,12,66.02,69.08,0,false,false,12,66.02,69.08,0,false,false
C,seattle,2026-07-19,20260719T035553595465-0400,2026-07-19T07:55:53.595465+00:00,00:55:53.376473,55,pre_dawn,F,M2_empty_history,no_valid_row_change,,,,7,62.06,64.04,78,2026-07-19T07:55:53.595465+00:00,2026-07-19T07:49:30.979891+00:00,0,,,7,62.06,64.04,0,false,false,7,62.06,64.04,0,false,false,7,62.06,64.04,0,false,false,7,62.06,64.04,0,false,false
C,seattle,2026-07-19,20260719T045548326120-0400,2026-07-19T08:55:48.326120+00:00,01:55:48.057323,115,pre_dawn,F,M2_empty_history,no_valid_row_change,,,,7,60.08,62.06,78,2026-07-19T08:55:48.326120+00:00,2026-07-19T08:53:12.557265+00:00,0,,,7,60.08,62.06,0,false,false,7,60.08,62.06,0,false,false,7,60.08,62.06,0,false,false,7,60.08,62.06,0,false,false
C,seattle,2026-07-19,20260719T055545418995-0400,2026-07-19T09:55:45.418995+00:00,02:55:45.139091,175,pre_dawn,F,M2_empty_history,no_valid_row_change,,,,7,59,60.08,78,2026-07-19T09:55:45.418995+00:00,2026-07-19T09:47:48.749552+00:00,0,,,7,59,60.08,0,false,false,7,59,60.08,0,false,false,7,59,60.08,0,false,false,7,59,60.08,0,false,false
C,seattle,2026-07-19,20260719T065706766259-0400,2026-07-19T10:57:06.766259+00:00,03:57:06.539407,237,pre_dawn,F,M2_empty_history,no_valid_row_change,,,,7,57.92,59,78,2026-07-19T10:57:06.766259+00:00,2026-07-19T10:51:29.234838+00:00,0,,,7,57.92,59,0,false,false,7,57.92,59,0,false,false,7,57.92,59,0,false,false,7,57.92,59,0,false,false
C,seattle,2026-07-19,20260719T075652314658-0400,2026-07-19T11:56:52.314658+00:00,04:56:52.029093,296,pre_dawn,F,M2_empty_history,no_valid_row_change,,,,7,57.02,57.92,78,2026-07-19T11:56:52.314658+00:00,2026-07-19T11:55:23.535035+00:00,0,,,7,57.02,57.92,0,false,false,7,57.02,57.92,0,false,false,7,57.02,57.92,0,false,false,7,57.02,57.92,0,false,false
C,seattle,2026-07-19,20260719T104344670344-0400,2026-07-19T14:43:44.670344+00:00,07:43:43.645060,463,other,F,M2_empty_history,no_valid_row_change,,,,7,57.02,57.92,78,2026-07-19T14:43:44.670344+00:00,2026-07-19T14:34:37.268745+00:00,0,,,7,57.02,57.92,0,false,false,7,57.02,57.92,0,false,false,7,57.02,57.92,0,false,false,7,57.02,57.92,0,false,false
C,seattle,2026-07-19,20260719T195830726006-0400,2026-07-19T23:58:30.726006+00:00,16:58:30.343119,1018,peak_heating_window,F,M2_empty_history,no_valid_row_change,,,,16,75.92,78.08,78,2026-07-19T23:58:30.726006+00:00,2026-07-19T23:56:57.760688+00:00,0,,,16,75.92,78.08,0,false,false,16,75.92,78.08,0,false,false,16,75.92,78.08,0,false,false,16,75.92,78.08,0,false,false
C,seattle,2026-07-20,20260720T035556531976-0400,2026-07-20T07:55:56.531976+00:00,00:55:56.232136,55,pre_dawn,F,M2_empty_history,no_valid_row_change,,,,7,66.02,66.92,82,2026-07-20T07:55:56.531976+00:00,2026-07-20T07:55:11.368790+00:00,0,,,7,66.02,66.92,0,false,false,7,66.02,66.92,0,false,false,7,66.02,66.92,0,false,false,7,66.02,66.92,0,false,false
C,seattle,2026-07-20,20260720T045546186285-0400,2026-07-20T08:55:46.186285+00:00,01:55:45.852620,115,pre_dawn,F,M2_empty_history,no_valid_row_change,,,,7,64.04,66.02,82,2026-07-20T08:55:46.186285+00:00,2026-07-20T08:49:43.997571+00:00,0,,,7,64.04,66.02,0,false,false,7,64.04,66.02,0,false,false,7,64.04,66.02,0,false,false,7,64.04,66.02,0,false,false
C,seattle,2026-07-20,20260720T065605930267-0400,2026-07-20T10:56:05.930267+00:00,03:56:05.636681,236,pre_dawn,F,M2_empty_history,no_valid_row_change,,,,7,62.06,64.04,82,2026-07-20T10:56:05.930267+00:00,2026-07-20T10:48:09.236445+00:00,0,,,7,62.06,64.04,0,false,false,7,62.06,64.04,0,false,false,7,62.06,64.04,0,false,false,7,62.06,64.04,0,false,false
C,seattle,2026-07-20,20260720T075704757208-0400,2026-07-20T11:57:04.757208+00:00,04:57:04.309857,297,pre_dawn,F,M2_empty_history,no_valid_row_change,,,,7,60.08,62.06,82,2026-07-20T11:57:04.757208+00:00,2026-07-20T11:51:55.586432+00:00,0,,,7,60.08,62.06,0,false,false,7,60.08,62.06,0,false,false,7,60.08,62.06,0,false,false,7,60.08,62.06,0,false,false
C,seattle,2026-07-21,20260721T040502309537-0400,2026-07-21T08:05:02.309537+00:00,01:05:01.147536,65,pre_dawn,F,M2_empty_history,no_valid_row_change,,,,7,69.08,71.06,92,2026-07-21T08:05:02.309537+00:00,2026-07-21T07:55:53.136166+00:00,0,,,7,69.08,71.06,0,false,false,7,69.08,71.06,0,false,false,7,69.08,71.06,0,false,false,7,69.08,71.06,0,false,false
C,seattle,2026-07-21,20260721T045942434252-0400,2026-07-21T08:59:42.434252+00:00,01:59:41.391662,119,pre_dawn,F,M2_empty_history,no_valid_row_change,,,,7,66.92,69.08,92,2026-07-21T08:59:42.434252+00:00,2026-07-21T08:50:37.048880+00:00,0,,,7,66.92,69.08,0,false,false,7,66.92,69.08,0,false,false,7,66.92,69.08,0,false,false,7,66.92,69.08,0,false,false
C,seattle,2026-07-21,20260721T065805645833-0400,2026-07-21T10:58:05.645833+00:00,03:58:04.635497,238,pre_dawn,F,M2_empty_history,no_valid_row_change,,,,7,68,69.98,92,2026-07-21T10:58:05.645833+00:00,2026-07-21T10:48:59.717050+00:00,0,,,7,68,69.98,0,false,false,7,68,69.98,0,false,false,7,68,69.98,0,false,false,7,68,69.98,0,false,false
C,seattle,2026-07-21,20260721T080205890500-0400,2026-07-21T12:02:05.890500+00:00,05:02:04.864720,302,pre_dawn,F,M2_empty_history,no_valid_row_change,,,,7,66.02,68,92,2026-07-21T12:02:05.890500+00:00,2026-07-21T11:52:59.597614+00:00,0,,,7,66.02,68,0,false,false,7,66.02,68,0,false,false,7,66.02,68,0,false,false,7,66.02,68,0,false,false
C,seattle,2026-07-21,20260721T085646436810-0400,2026-07-21T12:56:46.436810+00:00,05:56:45.378799,356,pre_dawn,F,M2_empty_history,no_valid_row_change,,,,7,64.94,66.02,92,2026-07-21T12:56:46.436810+00:00,2026-07-21T12:47:39.482867+00:00,0,,,7,64.94,66.02,0,false,false,7,64.94,66.02,0,false,false,7,64.94,66.02,0,false,false,7,64.94,66.02,0,false,false
C,seattle,2026-07-21,20260721T100947338617-0400,2026-07-21T14:09:47.338617+00:00,07:09:46.184386,429,other,F,M2_empty_history,no_valid_row_change,,,,7,64.04,64.94,92,2026-07-21T14:09:47.338617+00:00,2026-07-21T14:00:41.602674+00:00,0,,,7,64.04,64.94,0,false,false,7,64.04,64.94,0,false,false,7,64.04,64.94,0,false,false,7,64.04,64.94,0,false,false
C,seattle,2026-07-22,20260722T050640834030-0400,2026-07-22T09:06:40.834030+00:00,02:06:39.787175,126,pre_dawn,F,M2_empty_history,no_valid_row_change,,,,7,73.94,75.92,94,2026-07-22T09:06:40.834030+00:00,2026-07-22T09:01:48.093946+00:00,0,,,7,73.94,75.92,0,false,false,7,73.94,75.92,0,false,false,7,73.94,75.92,0,false,false,7,73.94,75.92,0,false,false
C,seattle,2026-07-22,20260722T061637928021-0400,2026-07-22T10:16:37.928021+00:00,03:16:37.683136,196,pre_dawn,F,M2_empty_history,no_valid_row_change,,,,7,73.04,73.94,94,2026-07-22T10:16:37.928021+00:00,2026-07-22T10:14:34.030691+00:00,0,,,7,73.04,73.94,0,false,false,7,73.04,73.94,0,false,false,7,73.04,73.94,0,false,false,7,73.04,73.94,0,false,false
C,seattle,2026-07-22,20260722T072838659319-0400,2026-07-22T11:28:38.659319+00:00,04:28:38.416279,268,pre_dawn,F,M2_empty_history,no_valid_row_change,,,,7,69.08,73.04,94,2026-07-22T11:28:38.659319+00:00,2026-07-22T11:27:26.064619+00:00,0,,,7,69.08,73.04,0,false,false,7,69.08,73.04,0,false,false,7,69.08,73.04,0,false,false,7,69.08,73.04,0,false,false
C,seattle,2026-07-22,20260722T100230967395-0400,2026-07-22T14:02:30.967395+00:00,07:02:29.925072,422,other,F,M2_empty_history,no_valid_row_change,,,,7,66.92,69.08,94,2026-07-22T14:02:30.967395+00:00,2026-07-22T14:01:30.124259+00:00,0,,,7,66.92,69.08,0,false,false,7,66.92,69.08,0,false,false,7,66.92,69.08,0,false,false,7,66.92,69.08,0,false,false
C,seattle,2026-07-22,20260722T120445381897-0400,2026-07-22T16:04:45.381897+00:00,09:04:45.111875,544,other,F,M2_empty_history,no_valid_row_change,,,,9,73.94,78.98,94,2026-07-22T16:04:45.381897+00:00,2026-07-22T16:01:53.988180+00:00,0,,,9,73.94,78.98,0,false,false,9,73.94,78.98,0,false,false,9,73.94,78.98,0,false,false,9,73.94,78.98,0,false,false
C,seattle,2026-07-23,20260723T043344594665-0400,2026-07-23T08:33:44.594665+00:00,01:33:44.235546,93,pre_dawn,F,M2_empty_history,no_valid_row_change,,,,7,64.94,66.92,75,2026-07-23T08:33:44.594665+00:00,2026-07-23T08:32:36.225104+00:00,0,,,7,64.94,66.92,0,false,false,7,64.94,66.92,0,false,false,7,64.94,66.92,0,false,false,7,64.94,66.92,0,false,false
C,seattle,2026-07-23,20260723T053823664411-0400,2026-07-23T09:38:23.664411+00:00,02:38:23.292687,158,pre_dawn,F,M2_empty_history,no_valid_row_change,,,,7,62.96,64.94,75,2026-07-23T09:38:23.664411+00:00,2026-07-23T09:37:51.215703+00:00,0,,,7,62.96,64.94,0,false,false,7,62.96,64.94,0,false,false,7,62.96,64.94,0,false,false,7,62.96,64.94,0,false,false
C,seattle,2026-07-23,20260723T054432821227-0400,2026-07-23T09:44:32.821227+00:00,02:44:32.616596,164,pre_dawn,F,M2_empty_history,no_valid_row_change,,,,7,62.96,64.94,75,2026-07-23T09:44:32.821227+00:00,2026-07-23T09:43:32.042754+00:00,0,,,7,62.96,64.94,0,false,false,7,62.96,64.94,0,false,false,7,62.96,64.94,0,false,false,7,62.96,64.94,0,false,false
C,seattle,2026-07-23,20260723T060138456293-0400,2026-07-23T10:01:38.456293+00:00,03:01:38.261097,181,pre_dawn,F,M2_empty_history,no_valid_row_change,,,,7,62.06,62.96,75,2026-07-23T10:01:38.456293+00:00,2026-07-23T09:56:01.527563+00:00,0,,,7,62.06,62.96,0,false,false,7,62.06,62.96,0,false,false,7,62.06,62.96,0,false,false,7,62.06,62.96,0,false,false
C,seattle,2026-07-23,20260723T070201648990-0400,2026-07-23T11:02:01.648990+00:00,04:02:01.431411,242,pre_dawn,F,M2_empty_history,no_valid_row_change,,,,7,60.98,62.06,75,2026-07-23T11:02:01.648990+00:00,2026-07-23T10:59:46.931053+00:00,0,,,7,60.98,62.06,0,false,false,7,60.98,62.06,0,false,false,7,60.98,62.06,0,false,false,7,60.98,62.06,0,false,false
C,seattle,2026-07-24,20260724T035736844097-0400,2026-07-24T07:57:36.844097+00:00,00:57:36.614444,57,pre_dawn,F,M2_empty_history,no_valid_row_change,,,,7,62.06,62.96,82,2026-07-24T07:57:36.844097+00:00,2026-07-24T07:55:25.734976+00:00,0,,,7,62.06,62.96,0,false,false,7,62.06,62.96,0,false,false,7,62.06,62.96,0,false,false,7,62.06,62.96,0,false,false
C,seattle,2026-07-24,20260724T045706587482-0400,2026-07-24T08:57:06.587482+00:00,01:57:06.302593,117,pre_dawn,F,M2_empty_history,no_valid_row_change,,,,7,60.98,62.06,82,2026-07-24T08:57:06.587482+00:00,2026-07-24T08:55:26.597806+00:00,0,,,7,60.98,62.06,0,false,false,7,60.98,62.06,0,false,false,7,60.98,62.06,0,false,false,7,60.98,62.06,0,false,false
C,seattle,2026-07-24,20260724T055642928241-0400,2026-07-24T09:56:42.928241+00:00,02:56:42.733330,176,pre_dawn,F,M2_empty_history,no_valid_row_change,,,,7,60.08,60.98,82,2026-07-24T09:56:42.928241+00:00,2026-07-24T09:50:05.576125+00:00,0,,,7,60.08,60.98,0,false,false,7,60.08,60.98,0,false,false,7,60.08,60.98,0,false,false,7,60.08,60.98,0,false,false
C,seattle,2026-07-24,20260724T065630875188-0400,2026-07-24T10:56:30.875188+00:00,03:56:30.684677,236,pre_dawn,F,M2_empty_history,no_valid_row_change,,,,7,59,60.08,82,2026-07-24T10:56:30.875188+00:00,2026-07-24T10:53:46.783948+00:00,0,,,7,59,60.08,0,false,false,7,59,60.08,0,false,false,7,59,60.08,0,false,false,7,59,60.08,0,false,false
C,seattle,2026-07-24,20260724T075641590305-0400,2026-07-24T11:56:41.590305+00:00,04:56:41.392282,296,pre_dawn,F,M2_empty_history,no_valid_row_change,,,,7,57.02,59,82,2026-07-24T11:56:41.590305+00:00,2026-07-24T11:48:28.685499+00:00,0,,,7,57.02,59,0,false,false,7,57.02,59,0,false,false,7,57.02,59,0,false,false,7,57.02,59,0,false,false
C,seattle,2026-07-24,20260724T104534389508-0400,2026-07-24T14:45:34.389508+00:00,07:45:34.212223,465,other,F,M2_empty_history,no_valid_row_change,,,,7,59,62.06,82,2026-07-24T14:45:34.389508+00:00,2026-07-24T14:44:30.530060+00:00,0,,,7,59,62.06,0,false,false,7,59,62.06,0,false,false,7,59,62.06,0,false,false,7,59,62.06,0,false,false
C,seattle,2026-07-24,20260724T105035340670-0400,2026-07-24T14:50:35.340670+00:00,07:50:34.457592,470,other,F,M2_empty_history,no_valid_row_change,,,,7,57.92,59,82,2026-07-24T14:50:35.340670+00:00,2026-07-24T14:45:34.389508+00:00,0,,,7,57.92,59,0,false,false,7,57.92,59,0,false,false,7,57.92,59,0,false,false,7,57.92,59,0,false,false
C,seattle,2026-07-24,20260724T105535255260-0400,2026-07-24T14:55:35.255260+00:00,07:55:35.095335,475,other,F,M2_empty_history,no_valid_row_change,,,,7,57.92,59,82,2026-07-24T14:55:35.255260+00:00,2026-07-24T14:52:27.640486+00:00,0,,,7,57.92,59,0,false,false,7,57.92,59,0,false,false,7,57.92,59,0,false,false,7,57.92,59,0,false,false
C,seattle,2026-07-24,20260724T112123747989-0400,2026-07-24T15:21:23.747989+00:00,08:21:23.546879,501,other,F,M6_unexplained,no_valid_row_change,,,,8,59,62.06,82,2026-07-24T15:21:23.747989+00:00,2026-07-24T15:20:38.936774+00:00,0,,,8,59,62.06,0,false,false,8,59,62.06,0,false,false,8,59,62.06,0,false,false,8,59,62.06,0,false,false
C,seattle,2026-07-24,20260724T125730275471-0400,2026-07-24T16:57:30.275471+00:00,09:57:30.067727,597,other,F,M2_empty_history,no_valid_row_change,,,,9,60.98,62.06,82,2026-07-24T16:57:30.275471+00:00,2026-07-24T16:56:55.832109+00:00,0,,,9,60.98,62.06,0,false,false,9,60.98,62.06,0,false,false,9,60.98,62.06,0,false,false,9,60.98,62.06,0,false,false
C,seattle,2026-07-24,20260724T130725821592-0400,2026-07-24T17:07:25.821592+00:00,10:07:24.841227,607,other,F,M2_empty_history,no_valid_row_change,,,,10,60.98,62.06,82,2026-07-24T17:07:25.821592+00:00,2026-07-24T16:58:46.450520+00:00,0,,,10,60.98,62.06,0,false,false,10,60.98,62.06,0,false,false,10,60.98,62.06,0,false,false,10,60.98,62.06,0,false,false
C,seattle,2026-07-24,20260724T203233420372-0400,2026-07-25T00:32:33.420372+00:00,17:32:33.211845,1052,settlement_window,F,M2_empty_history,no_valid_row_change,,,,17,78.98,80.96,82,2026-07-25T00:32:33.420372+00:00,2026-07-25T00:27:10.885025+00:00,0,,,17,78.98,80.96,0,false,false,17,78.98,80.96,0,false,false,17,78.98,80.96,0,false,false,17,78.98,80.96,0,false,false
C,seattle,2026-07-25,20260725T035648079283-0400,2026-07-25T07:56:48.079283+00:00,00:56:47.873060,56,pre_dawn,F,M2_empty_history,no_valid_row_change,,,,7,60.98,62.96,72,2026-07-25T07:56:48.079283+00:00,2026-07-25T07:55:31.840448+00:00,0,,,7,60.98,62.96,0,false,false,7,60.98,62.96,0,false,false,7,60.98,62.96,0,false,false,7,60.98,62.96,0,false,false
C,seattle,2026-07-25,20260725T035835870659-0400,2026-07-25T07:58:35.870659+00:00,00:58:35.669513,58,pre_dawn,F,M2_empty_history,no_valid_row_change,,,,7,60.98,62.96,72,2026-07-25T07:58:35.870659+00:00,2026-07-25T07:57:28.727631+00:00,0,,,7,60.98,62.96,0,false,false,7,60.98,62.96,0,false,false,7,60.98,62.96,0,false,false,7,60.98,62.96,0,false,false
C,seattle,2026-07-25,20260725T050141398336-0400,2026-07-25T09:01:41.398336+00:00,02:01:39.966856,121,pre_dawn,F,M2_empty_history,no_valid_row_change,,,,7,60.08,60.98,72,2026-07-25T09:01:41.398336+00:00,2026-07-25T08:51:47.056528+00:00,0,,,7,60.08,60.98,0,false,false,7,60.08,60.98,0,false,false,7,60.08,60.98,0,false,false,7,60.08,60.98,0,false,false
C,seattle,2026-07-25,20260725T055649177538-0400,2026-07-25T09:56:49.177538+00:00,02:56:48.879491,176,pre_dawn,F,M2_empty_history,no_valid_row_change,,,,7,59,60.08,72,2026-07-25T09:56:49.177538+00:00,2026-07-25T09:56:15.607366+00:00,0,,,7,59,60.08,0,false,false,7,59,60.08,0,false,false,7,59,60.08,0,false,false,7,59,60.08,0,false,false
C,seattle,2026-07-25,20260725T065651960761-0400,2026-07-25T10:56:51.960761+00:00,03:56:51.753988,236,pre_dawn,F,M2_empty_history,no_valid_row_change,,,,7,57.92,59,72,2026-07-25T10:56:51.960761+00:00,2026-07-25T10:50:52.598897+00:00,0,,,7,57.92,59,0,false,false,7,57.92,59,0,false,false,7,57.92,59,0,false,false,7,57.92,59,0,false,false
C,seattle,2026-07-25,20260725T075438596519-0400,2026-07-25T11:54:38.596519+00:00,04:54:37.541615,294,pre_dawn,F,M2_empty_history,no_valid_row_change,,,,7,57.2,57.92,72,2026-07-25T11:54:38.596519+00:00,2026-07-25T11:45:32.536409+00:00,0,,,7,57.2,57.92,0,false,false,7,57.2,57.92,0,false,false,7,57.2,57.92,0,false,false,7,57.2,57.92,0,false,false
C,seattle,2026-07-25,20260725T090241534752-0400,2026-07-25T13:02:41.534752+00:00,06:02:41.338426,362,pre_dawn,F,M2_empty_history,no_valid_row_change,,,,7,57.92,62.96,72,2026-07-25T13:02:41.534752+00:00,2026-07-25T13:00:33.852008+00:00,0,,,7,57.92,62.96,0,false,false,7,57.92,62.96,0,false,false,7,57.92,62.96,0,false,false,7,57.92,62.96,0,false,false
C,seattle,2026-07-25,20260725T145736697171-0400,2026-07-25T18:57:36.697171+00:00,11:57:36.525197,717,other,F,M2_empty_history,no_valid_row_change,,,,11,64.94,68,72,2026-07-25T18:57:36.697171+00:00,2026-07-25T18:56:50.141675+00:00,0,,,11,64.94,68,0,false,false,11,64.94,68,0,false,false,11,64.94,68,0,false,false,11,64.94,68,0,false,false
C,seattle,2026-07-26,20260726T050128591348-0400,2026-07-26T09:01:28.591348+00:00,02:01:27.497028,121,pre_dawn,F,M2_empty_history,no_valid_row_change,,,,7,62.06,62.96,72,2026-07-26T09:01:28.591348+00:00,2026-07-26T08:51:40.468372+00:00,0,,,7,62.06,62.96,0,false,false,7,62.06,62.96,0,false,false,7,62.06,62.96,0,false,false,7,62.06,62.96,0,false,false
C,seattle,2026-07-26,20260726T075609951795-0400,2026-07-26T11:56:09.951795+00:00,04:56:09.641163,296,pre_dawn,F,M2_empty_history,no_valid_row_change,,,,7,60.98,62.06,72,2026-07-26T11:56:09.951795+00:00,2026-07-26T11:48:54.362066+00:00,0,,,7,60.98,62.06,0,false,false,7,60.98,62.06,0,false,false,7,60.98,62.06,0,false,false,7,60.98,62.06,0,false,false
C,seattle,2026-07-26,20260726T084332779335-0400,2026-07-26T12:43:32.779335+00:00,05:43:31.723423,343,pre_dawn,F,M2_empty_history,no_valid_row_change,,,,7,60.08,60.98,72,2026-07-26T12:43:32.779335+00:00,2026-07-26T12:34:25.970931+00:00,0,,,7,60.08,60.98,0,false,false,7,60.08,60.98,0,false,false,7,60.08,60.98,0,false,false,7,60.08,60.98,0,false,false
C,seattle,2026-07-26,20260726T090237793520-0400,2026-07-26T13:02:37.793520+00:00,06:02:37.629648,362,pre_dawn,F,M2_empty_history,no_valid_row_change,,,,7,60.08,62.96,72,2026-07-26T13:02:37.793520+00:00,2026-07-26T13:01:46.045432+00:00,0,,,7,60.08,62.96,0,false,false,7,60.08,62.96,0,false,false,7,60.08,62.96,0,false,false,7,60.08,62.96,0,false,false
C,seattle,2026-07-26,20260726T125830800643-0400,2026-07-26T16:58:30.800643+00:00,09:58:29.796254,598,other,F,M2_empty_history,no_valid_row_change,,,,9,62.06,64.94,72,2026-07-26T16:58:30.800643+00:00,2026-07-26T16:56:53.790643+00:00,0,,,9,62.06,64.94,0,false,false,9,62.06,64.94,0,false,false,9,62.06,64.94,0,false,false,9,62.06,64.94,0,false,false
C,seattle,2026-07-26,20260726T143045247016-0400,2026-07-26T18:30:45.247016+00:00,11:30:45.040406,690,other,F,M2_empty_history,no_valid_row_change,,,,11,66.02,68,72,2026-07-26T18:30:45.247016+00:00,2026-07-26T18:29:40.054097+00:00,0,,,11,66.02,68,0,false,false,11,66.02,68,0,false,false,11,66.02,68,0,false,false,11,66.02,68,0,false,false
C,seattle,2026-07-27,20260727T041345014344-0400,2026-07-27T08:13:45.014344+00:00,01:13:43.730166,73,pre_dawn,F,M2_empty_history,no_valid_row_change,,,,7,59,60.08,78,2026-07-27T08:13:45.014344+00:00,2026-07-27T08:04:38.745920+00:00,0,,,7,59,60.08,0,false,false,7,59,60.08,0,false,false,7,59,60.08,0,false,false,7,59,60.08,0,false,false
C,seattle,2026-07-27,20260727T070147529743-0400,2026-07-27T11:01:47.529743+00:00,04:01:46.436797,241,pre_dawn,F,M2_empty_history,no_valid_row_change,,,,7,60.08,60.8,78,2026-07-27T11:01:47.529743+00:00,2026-07-27T10:52:41.728101+00:00,0,,,7,60.08,60.8,0,false,false,7,60.08,60.8,0,false,false,7,60.08,60.8,0,false,false,7,60.08,60.8,0,false,false
C,seattle,2026-07-27,20260727T074721008495-0400,2026-07-27T11:47:21.008495+00:00,04:47:19.922794,287,pre_dawn,F,M2_empty_history,no_valid_row_change,,,,7,59,60.08,78,2026-07-27T11:47:21.008495+00:00,2026-07-27T11:38:15.224623+00:00,0,,,7,59,60.08,0,false,false,7,59,60.08,0,false,false,7,59,60.08,0,false,false,7,59,60.08,0,false,false
C,seattle,2026-07-28,20260728T040424564424-0400,2026-07-28T08:04:24.564424+00:00,01:04:23.550337,64,pre_dawn,F,M2_empty_history,no_valid_row_change,,,,7,62.96,66.02,72,2026-07-28T08:04:24.564424+00:00,2026-07-28T07:55:17.399185+00:00,0,,,7,62.96,66.02,0,false,false,7,62.96,66.02,0,false,false,7,62.96,66.02,0,false,false,7,62.96,66.02,0,false,false
C,seattle,2026-07-28,20260728T045712556860-0400,2026-07-28T08:57:12.556860+00:00,01:57:12.211223,117,pre_dawn,F,M2_empty_history,no_valid_row_change,,,,7,62.06,62.96,72,2026-07-28T08:57:12.556860+00:00,2026-07-28T08:51:24.269403+00:00,0,,,7,62.06,62.96,0,false,false,7,62.06,62.96,0,false,false,7,62.06,62.96,0,false,false,7,62.06,62.96,0,false,false
C,seattle,2026-07-28,20260728T055646409622-0400,2026-07-28T09:56:46.409622+00:00,02:56:46.212321,176,pre_dawn,F,M2_empty_history,no_valid_row_change,,,,7,60.98,62.06,72,2026-07-28T09:56:46.409622+00:00,2026-07-28T09:55:11.224275+00:00,0,,,7,60.98,62.06,0,false,false,7,60.98,62.06,0,false,false,7,60.98,62.06,0,false,false,7,60.98,62.06,0,false,false
C,seattle,2026-07-28,20260728T085738724842-0400,2026-07-28T12:57:38.724842+00:00,05:57:37.588214,357,pre_dawn,F,M2_empty_history,no_valid_row_change,,,,7,60.98,62.06,72,2026-07-28T12:57:38.724842+00:00,2026-07-28T12:48:27.397264+00:00,0,,,7,60.98,62.06,0,false,false,7,60.98,62.06,0,false,false,7,60.98,62.06,0,false,false,7,60.98,62.06,0,false,false
C,seattle,2026-07-28,20260728T110019114532-0400,2026-07-28T15:00:19.114532+00:00,08:00:18.913717,480,other,F,M2_empty_history,no_valid_row_change,,,,8,62.06,62.96,72,2026-07-28T15:00:19.114532+00:00,2026-07-28T14:57:04.295955+00:00,0,,,8,62.06,62.96,0,false,false,8,62.06,62.96,0,false,false,8,62.06,62.96,0,false,false,8,62.06,62.96,0,false,false
C,seattle,2026-07-28,20260728T190013493914-0400,2026-07-28T23:00:13.493914+00:00,16:00:13.278674,960,peak_heating_window,F,M2_empty_history,no_valid_row_change,,,,16,69.08,71.96,72,2026-07-28T23:00:13.493914+00:00,2026-07-28T22:59:07.862157+00:00,0,,,16,69.08,71.96,0,false,false,16,69.08,71.96,0,false,false,16,69.08,71.96,0,false,false,16,69.08,71.96,0,false,false
C,seattle,2026-07-29,20260729T075724593832-0400,2026-07-29T11:57:24.593832+00:00,04:57:23.547150,297,pre_dawn,F,M2_empty_history,no_valid_row_change,,,,7,60.08,60.98,75,2026-07-29T11:57:24.593832+00:00,2026-07-29T11:48:18.774414+00:00,0,,,7,60.08,60.98,0,false,false,7,60.08,60.98,0,false,false,7,60.08,60.98,0,false,false,7,60.08,60.98,0,false,false
C,seattle,2026-07-29,20260729T090649723070-0400,2026-07-29T13:06:49.723070+00:00,06:06:49.531511,366,pre_dawn,F,M2_empty_history,no_valid_row_change,,,,7,59,60.08,75,2026-07-29T13:06:49.723070+00:00,2026-07-29T13:01:09.941198+00:00,0,,,7,59,60.08,0,false,false,7,59,60.08,0,false,false,7,59,60.08,0,false,false,7,59,60.08,0,false,false
C,seattle,2026-07-30,20260730T035616254574-0400,2026-07-30T07:56:16.254574+00:00,00:56:15.172784,56,pre_dawn,F,M2_empty_history,no_valid_row_change,,,,7,55.94,60.08,78,2026-07-30T07:56:16.254574+00:00,2026-07-30T07:47:09.467672+00:00,0,,,7,55.94,60.08,0,false,false,7,55.94,60.08,0,false,false,7,55.94,60.08,0,false,false,7,55.94,60.08,0,false,false
C,seattle,2026-07-30,20260730T055551110752-0400,2026-07-30T09:55:51.110752+00:00,02:55:50.107344,175,pre_dawn,F,M2_empty_history,no_valid_row_change,,,,7,55.04,55.94,78,2026-07-30T09:55:51.110752+00:00,2026-07-30T09:46:42.660522+00:00,0,,,7,55.04,55.94,0,false,false,7,55.04,55.94,0,false,false,7,55.04,55.94,0,false,false,7,55.04,55.94,0,false,false
C,seattle,2026-07-30,20260730T060143805680-0400,2026-07-30T10:01:43.805680+00:00,03:01:43.627969,181,pre_dawn,F,M2_empty_history,no_valid_row_change,,,,7,55.04,55.94,78,2026-07-30T10:01:43.805680+00:00,2026-07-30T10:00:37.933698+00:00,0,,,7,55.04,55.94,0,false,false,7,55.04,55.94,0,false,false,7,55.04,55.94,0,false,false,7,55.04,55.94,0,false,false
C,seattle,2026-07-30,20260730T085641824690-0400,2026-07-30T12:56:41.824690+00:00,05:56:41.622934,356,pre_dawn,F,M2_empty_history,no_valid_row_change,,,,7,53.96,55.04,78,2026-07-30T12:56:41.824690+00:00,2026-07-30T12:49:42.090644+00:00,0,,,7,53.96,55.04,0,false,false,7,53.96,55.04,0,false,false,7,53.96,55.04,0,false,false,7,53.96,55.04,0,false,false
C,seattle,2026-07-30,20260730T190220092038-0400,2026-07-30T23:02:20.092038+00:00,16:02:19.928715,962,peak_heating_window,F,M2_empty_history,no_valid_row_change,,,,16,60.08,75.02,78,2026-07-30T23:02:20.092038+00:00,2026-07-30T23:00:32.239262+00:00,0,,,16,60.08,75.02,0,false,false,16,60.08,75.02,0,false,false,16,60.08,75.02,0,false,false,16,60.08,75.02,0,false,false
C,toronto,2026-07-03,20260703T010931-0400,2026-07-03T05:09:31.809075+00:00,01:09:31.641521,69,pre_dawn,C,M2_empty_history,no_valid_row_change,,,,7,26,26.8,35,2026-07-03T05:09:31.809075+00:00,2026-07-03T04:48:18.170739+00:00,0,,,7,26,26.8,0,false,false,7,26,26.8,0,false,false,7,26,26.8,0,false,false,7,26,26.8,0,false,false
C,toronto,2026-07-03,20260703T021706-0400,2026-07-03T06:17:06.229698+00:00,02:17:05.960179,137,pre_dawn,C,M2_empty_history,no_valid_row_change,,,,7,25.5,26,35,2026-07-03T06:17:06.229698+00:00,2026-07-03T05:59:59.969761+00:00,0,,,7,25.5,26,0,false,false,7,25.5,26,0,false,false,7,25.5,26,0,false,false,7,25.5,26,0,false,false
C,toronto,2026-07-03,20260703T030308-0400,2026-07-03T07:03:08.645557+00:00,03:03:07.346043,183,pre_dawn,C,M2_empty_history,no_valid_row_change,,,,7,25.2,25.5,35,2026-07-03T07:03:08.645557+00:00,2026-07-03T06:54:23.653601+00:00,0,,,7,25.2,25.5,0,false,false,7,25.2,25.5,0,false,false,7,25.2,25.5,0,false,false,7,25.2,25.5,0,false,false
C,toronto,2026-07-03,20260703T040112-0400,2026-07-03T08:01:12.254257+00:00,04:01:12.115507,241,pre_dawn,C,M2_empty_history,no_valid_row_change,,,,7,23.8,25.2,35,2026-07-03T08:01:12.254257+00:00,2026-07-03T07:58:05.790882+00:00,0,,,7,23.8,25.2,0,false,false,7,23.8,25.2,0,false,false,7,23.8,25.2,0,false,false,7,23.8,25.2,0,false,false
C,toronto,2026-07-03,20260703T060110-0400,2026-07-03T10:01:10.835820+00:00,06:01:10.701864,361,pre_dawn,C,M2_empty_history,no_valid_row_change,,,,7,24.4,24.5,35,2026-07-03T10:01:10.835820+00:00,2026-07-03T09:56:03.803273+00:00,0,,,7,24.4,24.5,0,false,false,7,24.4,24.5,0,false,false,7,24.4,24.5,0,false,false,7,24.4,24.5,0,false,false
C,toronto,2026-07-04,20260704T010106981646-0400,2026-07-04T05:01:06.981646+00:00,01:01:06.111399,61,pre_dawn,C,M2_empty_history,no_valid_row_change,,,,7,25.8,26.7,27,2026-07-04T05:01:06.981646+00:00,2026-07-04T04:55:22.505346+00:00,0,,,7,25.8,26.7,0,false,false,7,25.8,26.7,0,false,false,7,25.8,26.7,0,false,false,7,25.8,26.7,0,false,false
C,toronto,2026-07-04,20260704T015607761484-0400,2026-07-04T05:56:07.761484+00:00,01:56:07.552389,116,pre_dawn,C,M2_empty_history,no_valid_row_change,,,,7,25.1,25.8,27,2026-07-04T05:56:07.761484+00:00,2026-07-04T05:49:51.675136+00:00,0,,,7,25.1,25.8,0,false,false,7,25.1,25.8,0,false,false,7,25.1,25.8,0,false,false,7,25.1,25.8,0,false,false
C,toronto,2026-07-04,20260704T022305358821-0400,2026-07-04T06:23:05.358821+00:00,02:23:05.183539,143,pre_dawn,C,M2_empty_history,no_valid_row_change,,,,7,23.3,25.1,27,2026-07-04T06:23:05.358821+00:00,2026-07-04T06:17:08.779521+00:00,0,,,7,23.3,25.1,0,false,false,7,23.3,25.1,0,false,false,7,23.3,25.1,0,false,false,7,23.3,25.1,0,false,false
C,toronto,2026-07-04,20260704T024423694235-0400,2026-07-04T06:44:23.694235+00:00,02:44:23.579124,164,pre_dawn,C,M2_empty_history,no_valid_row_change,,,,7,23.1,23.3,27,2026-07-04T06:44:23.694235+00:00,2026-07-04T06:35:21.591003+00:00,0,,,7,23.1,23.3,0,false,false,7,23.1,23.3,0,false,false,7,23.1,23.3,0,false,false,7,23.1,23.3,0,false,false
C,toronto,2026-07-04,20260704T050205602257-0400,2026-07-04T09:02:05.602257+00:00,05:02:05.408922,302,pre_dawn,C,M2_empty_history,no_valid_row_change,,,,7,23.1,23.6,27,2026-07-04T09:02:05.602257+00:00,2026-07-04T09:00:54.040567+00:00,0,,,7,23.1,23.6,0,false,false,7,23.1,23.6,0,false,false,7,23.1,23.6,0,false,false,7,23.1,23.6,0,false,false
C,toronto,2026-07-05,20260705T010513147419-0400,2026-07-05T05:05:13.147419+00:00,01:05:12.966718,65,pre_dawn,C,M2_empty_history,no_valid_row_change,,,,7,22.8,23.1,26,2026-07-05T05:05:13.147419+00:00,2026-07-05T04:56:11.292830+00:00,0,,,7,22.8,23.1,0,false,false,7,22.8,23.1,0,false,false,7,22.8,23.1,0,false,false,7,22.8,23.1,0,false,false
C,toronto,2026-07-05,20260705T020844771357-0400,2026-07-05T06:08:44.771357+00:00,02:08:44.535441,128,pre_dawn,C,M2_empty_history,no_valid_row_change,,,,7,22.5,22.8,26,2026-07-05T06:08:44.771357+00:00,2026-07-05T05:59:35.401405+00:00,0,,,7,22.5,22.8,0,false,false,7,22.5,22.8,0,false,false,7,22.5,22.8,0,false,false,7,22.5,22.8,0,false,false
C,toronto,2026-07-05,20260705T030140071087-0400,2026-07-05T07:01:40.071087+00:00,03:01:38.941852,181,pre_dawn,C,M2_empty_history,no_valid_row_change,,,,7,22.1,22.5,26,2026-07-05T07:01:40.071087+00:00,2026-07-05T06:54:07.427930+00:00,0,,,7,22.1,22.5,0,false,false,7,22.1,22.5,0,false,false,7,22.1,22.5,0,false,false,7,22.1,22.5,0,false,false
C,toronto,2026-07-05,20260705T040640704763-0400,2026-07-05T08:06:40.704763+00:00,04:06:40.592802,246,pre_dawn,C,M2_empty_history,no_valid_row_change,,,,7,21.5,22.1,26,2026-07-05T08:06:40.704763+00:00,2026-07-05T07:57:33.484573+00:00,0,,,7,21.5,22.1,0,false,false,7,21.5,22.1,0,false,false,7,21.5,22.1,0,false,false,7,21.5,22.1,0,false,false
C,toronto,2026-07-05,20260705T050141151852-0400,2026-07-05T09:01:41.151852+00:00,05:01:41.019716,301,pre_dawn,C,M2_empty_history,no_valid_row_change,,,,7,21.2,21.5,26,2026-07-05T09:01:41.151852+00:00,2026-07-05T09:01:01.697501+00:00,0,,,7,21.2,21.5,0,false,false,7,21.2,21.5,0,false,false,7,21.2,21.5,0,false,false,7,21.2,21.5,0,false,false
C,toronto,2026-07-05,20260705T060425702027-0400,2026-07-05T10:04:25.702027+00:00,06:04:25.576937,364,pre_dawn,C,M2_empty_history,no_valid_row_change,,,,7,21,21.2,26,2026-07-05T10:04:25.702027+00:00,2026-07-05T09:55:21.277976+00:00,0,,,7,21,21.2,0,false,false,7,21,21.2,0,false,false,7,21,21.2,0,false,false,7,21,21.2,0,false,false
C,toronto,2026-07-07,20260707T010544934317-0400,2026-07-07T05:05:44.934317+00:00,01:05:44.640630,65,pre_dawn,C,M2_empty_history,no_valid_row_change,,,,7,21.7,22,27,2026-07-07T05:05:44.934317+00:00,2026-07-07T04:56:33.088865+00:00,0,,,7,21.7,22,0,false,false,7,21.7,22,0,false,false,7,21.7,22,0,false,false,7,21.7,22,0,false,false
C,toronto,2026-07-07,20260707T020148691410-0400,2026-07-07T06:01:48.691410+00:00,02:01:47.750299,121,pre_dawn,C,M2_empty_history,no_valid_row_change,,,,7,21.4,21.7,27,2026-07-07T06:01:48.691410+00:00,2026-07-07T05:55:57.443320+00:00,0,,,7,21.4,21.7,0,false,false,7,21.4,21.7,0,false,false,7,21.4,21.7,0,false,false,7,21.4,21.7,0,false,false
C,toronto,2026-07-07,20260707T030730785901-0400,2026-07-07T07:07:30.785901+00:00,03:07:30.610720,187,pre_dawn,C,M2_empty_history,no_valid_row_change,,,,7,21.1,21.4,27,2026-07-07T07:07:30.785901+00:00,2026-07-07T06:58:27.062037+00:00,0,,,7,21.1,21.4,0,false,false,7,21.1,21.4,0,false,false,7,21.1,21.4,0,false,false,7,21.1,21.4,0,false,false
C,toronto,2026-07-07,20260707T050538402519-0400,2026-07-07T09:05:38.402519+00:00,05:05:38.240233,305,pre_dawn,C,M2_empty_history,no_valid_row_change,,,,7,20.6,21.3,27,2026-07-07T09:05:38.402519+00:00,2026-07-07T08:56:31.414999+00:00,0,,,7,20.6,21.3,0,false,false,7,20.6,21.3,0,false,false,7,20.6,21.3,0,false,false,7,20.6,21.3,0,false,false
C,toronto,2026-07-07,20260707T051439442634-0400,2026-07-07T09:14:39.442634+00:00,05:14:39.186382,314,pre_dawn,C,M2_empty_history,no_valid_row_change,,,,7,20.5,20.6,27,2026-07-07T09:14:39.442634+00:00,2026-07-07T09:05:38.402519+00:00,0,,,7,20.5,20.6,0,false,false,7,20.5,20.6,0,false,false,7,20.5,20.6,0,false,false,7,20.5,20.6,0,false,false
C,toronto,2026-07-08,20260708T020933276976-0400,2026-07-08T06:09:33.276976+00:00,02:09:33.060297,129,pre_dawn,C,M2_empty_history,no_valid_row_change,,,,7,21.6,21.7,29,2026-07-08T06:09:33.276976+00:00,2026-07-08T06:00:25.169980+00:00,0,,,7,21.6,21.7,0,false,false,7,21.6,21.7,0,false,false,7,21.6,21.7,0,false,false,7,21.6,21.7,0,false,false
C,toronto,2026-07-08,20260708T030145873725-0400,2026-07-08T07:01:45.873725+00:00,03:01:44.547188,181,pre_dawn,C,M2_empty_history,no_valid_row_change,,,,7,21.4,21.6,29,2026-07-08T07:01:45.873725+00:00,2026-07-08T06:54:56.328601+00:00,0,,,7,21.4,21.6,0,false,false,7,21.4,21.6,0,false,false,7,21.4,21.6,0,false,false,7,21.4,21.6,0,false,false
C,toronto,2026-07-08,20260708T040728748634-0400,2026-07-08T08:07:28.748634+00:00,04:07:28.516717,247,pre_dawn,C,M2_empty_history,no_valid_row_change,,,,7,20.9,21.4,29,2026-07-08T08:07:28.748634+00:00,2026-07-08T07:58:24.301096+00:00,0,,,7,20.9,21.4,0,false,false,7,20.9,21.4,0,false,false,7,20.9,21.4,0,false,false,7,20.9,21.4,0,false,false
C,toronto,2026-07-08,20260708T050153005264-0400,2026-07-08T09:01:53.005264+00:00,05:01:52.635209,301,pre_dawn,C,M2_empty_history,no_valid_row_change,,,,7,20.5,20.9,29,2026-07-08T09:01:53.005264+00:00,2026-07-08T08:52:48.163036+00:00,0,,,7,20.5,20.9,0,false,false,7,20.5,20.9,0,false,false,7,20.5,20.9,0,false,false,7,20.5,20.9,0,false,false
C,toronto,2026-07-08,20260708T060146592118-0400,2026-07-08T10:01:46.592118+00:00,06:01:46.315379,361,pre_dawn,C,M2_empty_history,no_valid_row_change,,,,7,20.2,20.5,29,2026-07-08T10:01:46.592118+00:00,2026-07-08T09:56:13.764706+00:00,0,,,7,20.2,20.5,0,false,false,7,20.2,20.5,0,false,false,7,20.2,20.5,0,false,false,7,20.2,20.5,0,false,false
C,toronto,2026-07-09,20260709T012834592371-0400,2026-07-09T05:28:34.592371+00:00,01:28:32.906216,88,pre_dawn,C,M2_empty_history,no_valid_row_change,,,,7,23,23.7,29,2026-07-09T05:28:34.592371+00:00,2026-07-09T05:22:15.131419+00:00,0,,,7,23,23.7,0,false,false,7,23,23.7,0,false,false,7,23,23.7,0,false,false,7,23,23.7,0,false,false
C,toronto,2026-07-09,20260709T020738471212-0400,2026-07-09T06:07:38.471212+00:00,02:07:38.290250,127,pre_dawn,C,M2_empty_history,no_valid_row_change,,,,7,22.7,23,29,2026-07-09T06:07:38.471212+00:00,2026-07-09T05:58:33.737392+00:00,0,,,7,22.7,23,0,false,false,7,22.7,23,0,false,false,7,22.7,23,0,false,false,7,22.7,23,0,false,false
C,toronto,2026-07-09,20260709T032133176150-0400,2026-07-09T07:21:33.176150+00:00,03:21:33.037199,201,pre_dawn,C,M2_empty_history,no_valid_row_change,,,,7,22.1,22.7,29,2026-07-09T07:21:33.176150+00:00,2026-07-09T07:20:26.989362+00:00,0,,,7,22.1,22.7,0,false,false,7,22.1,22.7,0,false,false,7,22.1,22.7,0,false,false,7,22.1,22.7,0,false,false
C,toronto,2026-07-09,20260709T050921259511-0400,2026-07-09T09:09:21.259511+00:00,05:09:21.099145,309,pre_dawn,C,M2_empty_history,no_valid_row_change,,,,7,22.1,22.4,29,2026-07-09T09:09:21.259511+00:00,2026-07-09T09:00:20.214554+00:00,0,,,7,22.1,22.4,0,false,false,7,22.1,22.4,0,false,false,7,22.1,22.4,0,false,false,7,22.1,22.4,0,false,false
C,toronto,2026-07-09,20260709T060340421627-0400,2026-07-09T10:03:40.421627+00:00,06:03:40.195132,363,pre_dawn,C,M2_empty_history,no_valid_row_change,,,,7,21.9,22.1,29,2026-07-09T10:03:40.421627+00:00,2026-07-09T09:54:36.316045+00:00,0,,,7,21.9,22.1,0,false,false,7,21.9,22.1,0,false,false,7,21.9,22.1,0,false,false,7,21.9,22.1,0,false,false
C,toronto,2026-07-10,20260710T010646668822-0400,2026-07-10T05:06:46.668822+00:00,01:06:46.237313,66,pre_dawn,C,M2_empty_history,no_valid_row_change,,,,7,20.9,21,26,2026-07-10T05:06:46.668822+00:00,2026-07-10T04:57:35.922224+00:00,0,,,7,20.9,21,0,false,false,7,20.9,21,0,false,false,7,20.9,21,0,false,false,7,20.9,21,0,false,false
C,toronto,2026-07-10,20260710T020508021249-0400,2026-07-10T06:05:08.021249+00:00,02:04:27.621063,124,pre_dawn,C,M2_empty_history,no_valid_row_change,,,,7,20.4,20.9,26,2026-07-10T06:05:08.021249+00:00,2026-07-10T05:57:11.349527+00:00,0,,,7,20.4,20.9,0,false,false,7,20.4,20.9,0,false,false,7,20.4,20.9,0,false,false,7,20.4,20.9,0,false,false
C,toronto,2026-07-10,20260710T040518692614-0400,2026-07-10T08:05:18.692614+00:00,04:05:14.814395,245,pre_dawn,C,M2_empty_history,no_valid_row_change,,,,7,20.1,20.4,26,2026-07-10T08:05:18.692614+00:00,2026-07-10T07:56:06.876850+00:00,0,,,7,20.1,20.4,0,false,false,7,20.1,20.4,0,false,false,7,20.1,20.4,0,false,false,7,20.1,20.4,0,false,false
C,toronto,2026-07-10,20260710T060715916060-0400,2026-07-10T10:07:15.916060+00:00,06:07:15.713888,367,pre_dawn,C,M2_empty_history,no_valid_row_change,,,,7,19.5,20.2,26,2026-07-10T10:07:15.916060+00:00,2026-07-10T09:58:07.947100+00:00,0,,,7,19.5,20.2,0,false,false,7,19.5,20.2,0,false,false,7,19.5,20.2,0,false,false,7,19.5,20.2,0,false,false
C,toronto,2026-07-11,20260711T010054394141-0400,2026-07-11T05:00:54.394141+00:00,01:00:52.606335,60,pre_dawn,C,M2_empty_history,no_valid_row_change,,,,7,22.4,23.5,26,2026-07-11T05:00:54.394141+00:00,2026-07-11T04:55:15.051032+00:00,0,,,7,22.4,23.5,0,false,false,7,22.4,23.5,0,false,false,7,22.4,23.5,0,false,false,7,22.4,23.5,0,false,false
C,toronto,2026-07-11,20260711T020338015955-0400,2026-07-11T06:03:38.015955+00:00,02:03:37.764569,123,pre_dawn,C,M2_empty_history,no_valid_row_change,,,,7,21.5,22.4,26,2026-07-11T06:03:38.015955+00:00,2026-07-11T05:54:23.397968+00:00,0,,,7,21.5,22.4,0,false,false,7,21.5,22.4,0,false,false,7,21.5,22.4,0,false,false,7,21.5,22.4,0,false,false
C,toronto,2026-07-11,20260711T031850222104-0400,2026-07-11T07:18:50.222104+00:00,03:18:37.417977,198,pre_dawn,C,M2_empty_history,no_valid_row_change,,,,7,20.6,21.5,26,2026-07-11T07:18:50.222104+00:00,2026-07-11T06:31:10.436768+00:00,0,,,7,20.6,21.5,0,false,false,7,20.6,21.5,0,false,false,7,20.6,21.5,0,false,false,7,20.6,21.5,0,false,false
C,toronto,2026-07-11,20260711T040145926982-0400,2026-07-11T08:01:45.926982+00:00,04:01:44.773394,241,pre_dawn,C,M2_empty_history,no_valid_row_change,,,,7,19.9,20.6,26,2026-07-11T08:01:45.926982+00:00,2026-07-11T07:55:26.428142+00:00,0,,,7,19.9,20.6,0,false,false,7,19.9,20.6,0,false,false,7,19.9,20.6,0,false,false,7,19.9,20.6,0,false,false
C,toronto,2026-07-11,20260711T051037441399-0400,2026-07-11T09:10:37.441399+00:00,05:10:37.176655,310,pre_dawn,C,M2_empty_history,no_valid_row_change,,,,7,19.6,19.9,26,2026-07-11T09:10:37.441399+00:00,2026-07-11T09:01:20.172031+00:00,0,,,7,19.6,19.9,0,false,false,7,19.6,19.9,0,false,false,7,19.6,19.9,0,false,false,7,19.6,19.9,0,false,false
C,toronto,2026-07-14,20260714T010735630846-0400,2026-07-14T05:07:35.630846+00:00,01:07:34.179439,67,pre_dawn,C,M2_empty_history,no_valid_row_change,,,,7,24.1,24.6,36,2026-07-14T05:07:35.630846+00:00,2026-07-14T04:58:26.224989+00:00,0,,,7,24.1,24.6,0,false,false,7,24.1,24.6,0,false,false,7,24.1,24.6,0,false,false,7,24.1,24.6,0,false,false
C,toronto,2026-07-14,20260714T040329219031-0400,2026-07-14T08:03:29.219031+00:00,04:03:27.988147,243,pre_dawn,C,M2_empty_history,no_valid_row_change,,,,7,23.8,24.4,36,2026-07-14T08:03:29.219031+00:00,2026-07-14T07:54:26.660300+00:00,0,,,7,23.8,24.4,0,false,false,7,23.8,24.4,0,false,false,7,23.8,24.4,0,false,false,7,23.8,24.4,0,false,false
C,toronto,2026-07-14,20260714T060215635633-0400,2026-07-14T10:02:15.635633+00:00,06:02:15.417736,362,pre_dawn,C,M2_empty_history,no_valid_row_change,,,,7,23.2,23.9,36,2026-07-14T10:02:15.635633+00:00,2026-07-14T10:01:15.916527+00:00,0,,,7,23.2,23.9,0,false,false,7,23.2,23.9,0,false,false,7,23.2,23.9,0,false,false,7,23.2,23.9,0,false,false
C,toronto,2026-07-15,20260715T010807371412-0400,2026-07-15T05:08:07.371412+00:00,01:08:06.247586,68,pre_dawn,C,M2_empty_history,no_valid_row_change,,,,7,27.1,27.6,28,2026-07-15T05:08:07.371412+00:00,2026-07-15T04:59:02.090179+00:00,0,,,7,27.1,27.6,0,false,false,7,27.1,27.6,0,false,false,7,27.1,27.6,0,false,false,7,27.1,27.6,0,false,false
C,toronto,2026-07-15,20260715T020432727477-0400,2026-07-15T06:04:32.727477+00:00,02:04:29.567654,124,pre_dawn,C,M2_empty_history,no_valid_row_change,,,,7,26.5,27.1,28,2026-07-15T06:04:32.727477+00:00,2026-07-15T05:54:50.922250+00:00,0,,,7,26.5,27.1,0,false,false,7,26.5,27.1,0,false,false,7,26.5,27.1,0,false,false,7,26.5,27.1,0,false,false
C,toronto,2026-07-15,20260715T040125153103-0400,2026-07-15T08:01:25.153103+00:00,04:01:24.935080,241,pre_dawn,C,M2_empty_history,no_valid_row_change,,,,7,27.4,28,28,2026-07-15T08:01:25.153103+00:00,2026-07-15T07:54:42.578055+00:00,0,,,7,27.4,28,0,false,false,7,27.4,28,0,false,false,7,27.4,28,0,false,false,7,27.4,28,0,false,false
C,toronto,2026-07-15,20260715T050225490840-0400,2026-07-15T09:02:25.490840+00:00,05:02:25.234359,302,pre_dawn,C,M2_empty_history,no_valid_row_change,,,,7,26.3,27.4,28,2026-07-15T09:02:25.490840+00:00,2026-07-15T08:58:20.916189+00:00,0,,,7,26.3,27.4,0,false,false,7,26.3,27.4,0,false,false,7,26.3,27.4,0,false,false,7,26.3,27.4,0,false,false
C,toronto,2026-07-15,20260715T060155868708-0400,2026-07-15T10:01:55.868708+00:00,06:01:54.569965,361,pre_dawn,C,M2_empty_history,no_valid_row_change,,,,7,25.7,26.3,28,2026-07-15T10:01:55.868708+00:00,2026-07-15T09:52:50.624135+00:00,0,,,7,25.7,26.3,0,false,false,7,25.7,26.3,0,false,false,7,25.7,26.3,0,false,false,7,25.7,26.3,0,false,false
C,toronto,2026-07-15,20260715T070547513356-0400,2026-07-15T11:05:47.513356+00:00,07:05:46.202952,425,other,C,M2_empty_history,no_valid_row_change,,,,7,25.5,25.7,28,2026-07-15T11:05:47.513356+00:00,2026-07-15T10:56:40.566185+00:00,0,,,7,25.5,25.7,0,false,false,7,25.5,25.7,0,false,false,7,25.5,25.7,0,false,false,7,25.5,25.7,0,false,false
C,toronto,2026-07-16,20260716T010437251259-0400,2026-07-16T05:04:37.251259+00:00,01:04:36.056088,64,pre_dawn,C,M2_empty_history,no_valid_row_change,,,,7,22.7,23.2,30,2026-07-16T05:04:37.251259+00:00,2026-07-16T04:55:32.444129+00:00,0,,,7,22.7,23.2,0,false,false,7,22.7,23.2,0,false,false,7,22.7,23.2,0,false,false,7,22.7,23.2,0,false,false
C,toronto,2026-07-16,20260716T020239706879-0400,2026-07-16T06:02:39.706879+00:00,02:02:39.151996,122,pre_dawn,C,M2_empty_history,no_valid_row_change,,,,7,21.8,22.7,30,2026-07-16T06:02:39.706879+00:00,2026-07-16T05:59:16.440275+00:00,0,,,7,21.8,22.7,0,false,false,7,21.8,22.7,0,false,false,7,21.8,22.7,0,false,false,7,21.8,22.7,0,false,false
C,toronto,2026-07-16,20260716T030245200378-0400,2026-07-16T07:02:45.200378+00:00,03:02:45.076438,182,pre_dawn,C,M2_empty_history,no_valid_row_change,,,,7,19.7,21.8,30,2026-07-16T07:02:45.200378+00:00,2026-07-16T06:53:57.685969+00:00,0,,,7,19.7,21.8,0,false,false,7,19.7,21.8,0,false,false,7,19.7,21.8,0,false,false,7,19.7,21.8,0,false,false
C,toronto,2026-07-16,20260716T060513809432-0400,2026-07-16T10:05:13.809432+00:00,06:05:12.716502,365,pre_dawn,C,M2_empty_history,no_valid_row_change,,,,7,19.7,20.4,30,2026-07-16T10:05:13.809432+00:00,2026-07-16T09:56:09.204982+00:00,0,,,7,19.7,20.4,0,false,false,7,19.7,20.4,0,false,false,7,19.7,20.4,0,false,false,7,19.7,20.4,0,false,false
C,toronto,2026-07-17,20260717T010338860065-0400,2026-07-17T05:03:38.860065+00:00,01:03:36.480376,63,pre_dawn,C,M2_empty_history,no_valid_row_change,,,,7,20.4,21.5,26,2026-07-17T05:03:38.860065+00:00,2026-07-17T04:55:32.748593+00:00,0,,,7,20.4,21.5,0,false,false,7,20.4,21.5,0,false,false,7,20.4,21.5,0,false,false,7,20.4,21.5,0,false,false
C,toronto,2026-07-17,20260717T030237510277-0400,2026-07-17T07:02:37.510277+00:00,03:02:37.324522,182,pre_dawn,C,M2_empty_history,no_valid_row_change,,,,7,20.2,20.5,26,2026-07-17T07:02:37.510277+00:00,2026-07-17T06:54:59.742058+00:00,0,,,7,20.2,20.5,0,false,false,7,20.2,20.5,0,false,false,7,20.2,20.5,0,false,false,7,20.2,20.5,0,false,false
C,toronto,2026-07-17,20260717T040724535268-0400,2026-07-17T08:07:24.535268+00:00,04:07:22.831163,247,pre_dawn,C,M2_empty_history,no_valid_row_change,,,,7,19.6,20.2,26,2026-07-17T08:07:24.535268+00:00,2026-07-17T07:58:19.198412+00:00,0,,,7,19.6,20.2,0,false,false,7,19.6,20.2,0,false,false,7,19.6,20.2,0,false,false,7,19.6,20.2,0,false,false
C,toronto,2026-07-17,20260717T050338964197-0400,2026-07-17T09:03:38.964197+00:00,05:03:38.759176,303,pre_dawn,C,M2_empty_history,no_valid_row_change,,,,7,19.2,19.6,26,2026-07-17T09:03:38.964197+00:00,2026-07-17T09:01:42.262479+00:00,0,,,7,19.2,19.6,0,false,false,7,19.2,19.6,0,false,false,7,19.2,19.6,0,false,false,7,19.2,19.6,0,false,false
C,toronto,2026-07-17,20260717T060502450347-0400,2026-07-17T10:05:02.450347+00:00,06:05:01.000663,365,pre_dawn,C,M2_empty_history,no_valid_row_change,,,,7,18.9,19.2,26,2026-07-17T10:05:02.450347+00:00,2026-07-17T09:55:59.010112+00:00,0,,,7,18.9,19.2,0,false,false,7,18.9,19.2,0,false,false,7,18.9,19.2,0,false,false,7,18.9,19.2,0,false,false
C,toronto,2026-07-18,20260718T002743882642-0400,2026-07-18T04:27:43.882642+00:00,00:27:42.623082,27,pre_dawn,C,M2_empty_history,no_valid_row_change,,,,7,23.6,23.9,28,2026-07-18T04:27:43.882642+00:00,2026-07-18T04:18:32.542440+00:00,0,,,7,23.6,23.9,0,false,false,7,23.6,23.9,0,false,false,7,23.6,23.9,0,false,false,7,23.6,23.9,0,false,false
C,toronto,2026-07-18,20260718T010230995061-0400,2026-07-18T05:02:30.995061+00:00,01:02:26.092620,62,pre_dawn,C,M2_empty_history,no_valid_row_change,,,,7,22.8,23.6,28,2026-07-18T05:02:30.995061+00:00,2026-07-18T04:55:23.485040+00:00,0,,,7,22.8,23.6,0,false,false,7,22.8,23.6,0,false,false,7,22.8,23.6,0,false,false,7,22.8,23.6,0,false,false
C,toronto,2026-07-18,20260718T020831078949-0400,2026-07-18T06:08:31.078949+00:00,02:08:29.848420,128,pre_dawn,C,M2_empty_history,no_valid_row_change,,,,7,22.5,22.8,28,2026-07-18T06:08:31.078949+00:00,2026-07-18T05:59:26.456907+00:00,0,,,7,22.5,22.8,0,false,false,7,22.5,22.8,0,false,false,7,22.5,22.8,0,false,false,7,22.5,22.8,0,false,false
C,toronto,2026-07-18,20260718T030227612691-0400,2026-07-18T07:02:27.612691+00:00,03:02:27.432207,182,pre_dawn,C,M2_empty_history,no_valid_row_change,,,,7,22,22.5,28,2026-07-18T07:02:27.612691+00:00,2026-07-18T06:53:45.573381+00:00,0,,,7,22,22.5,0,false,false,7,22,22.5,0,false,false,7,22,22.5,0,false,false,7,22,22.5,0,false,false
C,toronto,2026-07-18,20260718T040632760123-0400,2026-07-18T08:06:32.760123+00:00,04:06:31.651796,246,pre_dawn,C,M2_empty_history,no_valid_row_change,,,,7,21.5,22,28,2026-07-18T08:06:32.760123+00:00,2026-07-18T07:57:25.867894+00:00,0,,,7,21.5,22,0,false,false,7,21.5,22,0,false,false,7,21.5,22,0,false,false,7,21.5,22,0,false,false
C,toronto,2026-07-18,20260718T050327879820-0400,2026-07-18T09:03:27.879820+00:00,05:03:27.733104,303,pre_dawn,C,M2_empty_history,no_valid_row_change,,,,7,21.1,21.5,28,2026-07-18T09:03:27.879820+00:00,2026-07-18T09:01:07.005439+00:00,0,,,7,21.1,21.5,0,false,false,7,21.1,21.5,0,false,false,7,21.1,21.5,0,false,false,7,21.1,21.5,0,false,false
C,toronto,2026-07-19,20260719T010451753407-0400,2026-07-19T05:04:51.753407+00:00,01:04:50.464402,64,pre_dawn,C,M2_empty_history,no_valid_row_change,,,,7,18.5,19.3,25,2026-07-19T05:04:51.753407+00:00,2026-07-19T04:55:37.721543+00:00,0,,,7,18.5,19.3,0,false,false,7,18.5,19.3,0,false,false,7,18.5,19.3,0,false,false,7,18.5,19.3,0,false,false
C,toronto,2026-07-19,20260719T020230896270-0400,2026-07-19T06:02:30.896270+00:00,02:02:30.396811,122,pre_dawn,C,M2_empty_history,no_valid_row_change,,,,7,17.5,18.5,25,2026-07-19T06:02:30.896270+00:00,2026-07-19T05:59:58.133441+00:00,0,,,7,17.5,18.5,0,false,false,7,17.5,18.5,0,false,false,7,17.5,18.5,0,false,false,7,17.5,18.5,0,false,false
C,toronto,2026-07-19,20260719T030129984996-0400,2026-07-19T07:01:29.984996+00:00,03:01:29.744557,181,pre_dawn,C,M2_empty_history,no_valid_row_change,,,,7,16.9,17.5,25,2026-07-19T07:01:29.984996+00:00,2026-07-19T06:55:09.206898+00:00,0,,,7,16.9,17.5,0,false,false,7,16.9,17.5,0,false,false,7,16.9,17.5,0,false,false,7,16.9,17.5,0,false,false
C,toronto,2026-07-19,20260719T050253215413-0400,2026-07-19T09:02:53.215413+00:00,05:02:52.182083,302,pre_dawn,C,M2_empty_history,no_valid_row_change,,,,7,16.5,17.1,25,2026-07-19T09:02:53.215413+00:00,2026-07-19T08:53:47.142391+00:00,0,,,7,16.5,17.1,0,false,false,7,16.5,17.1,0,false,false,7,16.5,17.1,0,false,false,7,16.5,17.1,0,false,false
C,toronto,2026-07-19,20260719T060129396486-0400,2026-07-19T10:01:29.396486+00:00,06:01:29.191085,361,pre_dawn,C,M2_empty_history,no_valid_row_change,,,,7,16.2,16.5,25,2026-07-19T10:01:29.396486+00:00,2026-07-19T09:57:23.671232+00:00,0,,,7,16.2,16.5,0,false,false,7,16.2,16.5,0,false,false,7,16.2,16.5,0,false,false,7,16.2,16.5,0,false,false
C,toronto,2026-07-20,20260720T010236950646-0400,2026-07-20T05:02:36.950646+00:00,01:02:31.537554,62,pre_dawn,C,M2_empty_history,no_valid_row_change,,,,7,17,17.8,27,2026-07-20T05:02:36.950646+00:00,2026-07-20T05:01:23.518041+00:00,0,,,7,17,17.8,0,false,false,7,17,17.8,0,false,false,7,17,17.8,0,false,false,7,17,17.8,0,false,false
C,toronto,2026-07-20,20260720T020541896358-0400,2026-07-20T06:05:41.896358+00:00,02:05:40.354556,125,pre_dawn,C,M2_empty_history,no_valid_row_change,,,,7,16.7,17,27,2026-07-20T06:05:41.896358+00:00,2026-07-20T05:56:27.582588+00:00,0,,,7,16.7,17,0,false,false,7,16.7,17,0,false,false,7,16.7,17,0,false,false,7,16.7,17,0,false,false
C,toronto,2026-07-20,20260720T030132132163-0400,2026-07-20T07:01:32.132163+00:00,03:01:31.905207,181,pre_dawn,C,M2_empty_history,no_valid_row_change,,,,7,15.1,16.7,27,2026-07-20T07:01:32.132163+00:00,2026-07-20T06:58:05.842617+00:00,0,,,7,15.1,16.7,0,false,false,7,15.1,16.7,0,false,false,7,15.1,16.7,0,false,false,7,15.1,16.7,0,false,false
C,toronto,2026-07-20,20260720T041026814289-0400,2026-07-20T08:10:26.814289+00:00,04:10:25.731113,250,pre_dawn,C,M2_empty_history,no_valid_row_change,,,,7,15,15.1,27,2026-07-20T08:10:26.814289+00:00,2026-07-20T08:01:24.383987+00:00,0,,,7,15,15.1,0,false,false,7,15,15.1,0,false,false,7,15,15.1,0,false,false,7,15,15.1,0,false,false
C,toronto,2026-07-20,20260720T050133964041-0400,2026-07-20T09:01:33.964041+00:00,05:01:33.748396,301,pre_dawn,C,M2_empty_history,no_valid_row_change,,,,7,13.9,15,27,2026-07-20T09:01:33.964041+00:00,2026-07-20T08:55:43.035784+00:00,0,,,7,13.9,15,0,false,false,7,13.9,15,0,false,false,7,13.9,15,0,false,false,7,13.9,15,0,false,false
C,toronto,2026-07-20,20260720T060803649911-0400,2026-07-20T10:08:03.649911+00:00,06:08:02.576018,368,pre_dawn,C,M2_empty_history,no_valid_row_change,,,,7,13.5,13.9,27,2026-07-20T10:08:03.649911+00:00,2026-07-20T09:59:01.070984+00:00,0,,,7,13.5,13.9,0,false,false,7,13.5,13.9,0,false,false,7,13.5,13.9,0,false,false,7,13.5,13.9,0,false,false
C,toronto,2026-07-21,20260721T010132978833-0400,2026-07-21T05:01:32.978833+00:00,01:01:27.471349,61,pre_dawn,C,M2_empty_history,no_valid_row_change,,,,7,21.1,21.9,24,2026-07-21T05:01:32.978833+00:00,2026-07-21T04:46:56.235998+00:00,0,,,7,21.1,21.9,0,false,false,7,21.1,21.9,0,false,false,7,21.1,21.9,0,false,false,7,21.1,21.9,0,false,false
C,toronto,2026-07-21,20260721T020702283456-0400,2026-07-21T06:07:02.283456+00:00,02:07:00.575623,127,pre_dawn,C,M2_empty_history,no_valid_row_change,,,,7,20.6,21.1,24,2026-07-21T06:07:02.283456+00:00,2026-07-21T05:57:43.674270+00:00,0,,,7,20.6,21.1,0,false,false,7,20.6,21.1,0,false,false,7,20.6,21.1,0,false,false,7,20.6,21.1,0,false,false
C,toronto,2026-07-21,20260721T030201692279-0400,2026-07-21T07:02:01.692279+00:00,03:02:00.433348,182,pre_dawn,C,M2_empty_history,no_valid_row_change,,,,7,20.3,20.6,24,2026-07-21T07:02:01.692279+00:00,2026-07-21T06:52:56.943307+00:00,0,,,7,20.3,20.6,0,false,false,7,20.3,20.6,0,false,false,7,20.3,20.6,0,false,false,7,20.3,20.6,0,false,false
C,toronto,2026-07-21,20260721T060420758250-0400,2026-07-21T10:04:20.758250+00:00,06:04:19.399698,364,pre_dawn,C,M2_empty_history,no_valid_row_change,,,,7,20.5,21.3,24,2026-07-21T10:04:20.758250+00:00,2026-07-21T09:55:14.731562+00:00,0,,,7,20.5,21.3,0,false,false,7,20.5,21.3,0,false,false,7,20.5,21.3,0,false,false,7,20.5,21.3,0,false,false
C,toronto,2026-07-21,20260721T062234548699-0400,2026-07-21T10:22:34.548699+00:00,06:22:33.471264,382,pre_dawn,C,M2_empty_history,no_valid_row_change,,,,7,19.8,20.5,24,2026-07-21T10:22:34.548699+00:00,2026-07-21T10:13:29.440481+00:00,0,,,7,19.8,20.5,0,false,false,7,19.8,20.5,0,false,false,7,19.8,20.5,0,false,false,7,19.8,20.5,0,false,false
C,toronto,2026-07-21,20260721T064052511477-0400,2026-07-21T10:40:52.511477+00:00,06:40:51.426363,400,pre_dawn,C,M2_empty_history,no_valid_row_change,,,,7,19.7,19.8,24,2026-07-21T10:40:52.511477+00:00,2026-07-21T10:31:47.905031+00:00,0,,,7,19.7,19.8,0,false,false,7,19.7,19.8,0,false,false,7,19.7,19.8,0,false,false,7,19.7,19.8,0,false,false
C,toronto,2026-07-22,20260722T010127545962-0400,2026-07-22T05:01:27.545962+00:00,01:01:22.944845,61,pre_dawn,C,M2_empty_history,no_valid_row_change,,,,7,15.7,17.8,22,2026-07-22T05:01:27.545962+00:00,2026-07-22T04:55:29.362774+00:00,0,,,7,15.7,17.8,0,false,false,7,15.7,17.8,0,false,false,7,15.7,17.8,0,false,false,7,15.7,17.8,0,false,false
C,toronto,2026-07-22,20260722T030259521441-0400,2026-07-22T07:02:59.521441+00:00,03:02:58.480112,182,pre_dawn,C,M2_empty_history,no_valid_row_change,,,,7,15.2,15.7,22,2026-07-22T07:02:59.521441+00:00,2026-07-22T06:53:53.502134+00:00,0,,,7,15.2,15.7,0,false,false,7,15.2,15.7,0,false,false,7,15.2,15.7,0,false,false,7,15.2,15.7,0,false,false
C,toronto,2026-07-22,20260722T040645787449-0400,2026-07-22T08:06:45.787449+00:00,04:06:44.771663,246,pre_dawn,C,M2_empty_history,no_valid_row_change,,,,7,15.1,15.2,22,2026-07-22T08:06:45.787449+00:00,2026-07-22T07:57:38.506212+00:00,0,,,7,15.1,15.2,0,false,false,7,15.1,15.2,0,false,false,7,15.1,15.2,0,false,false,7,15.1,15.2,0,false,false
C,toronto,2026-07-22,20260722T050230287879-0400,2026-07-22T09:02:30.287879+00:00,05:02:26.665905,302,pre_dawn,C,M2_empty_history,no_valid_row_change,,,,7,14.5,15.1,22,2026-07-22T09:02:30.287879+00:00,2026-07-22T08:53:13.411865+00:00,0,,,7,14.5,15.1,0,false,false,7,14.5,15.1,0,false,false,7,14.5,15.1,0,false,false,7,14.5,15.1,0,false,false
C,toronto,2026-07-22,20260722T061222240151-0400,2026-07-22T10:12:22.240151+00:00,06:12:21.660784,372,pre_dawn,C,M2_empty_history,no_valid_row_change,,,,7,14.3,14.7,22,2026-07-22T10:12:22.240151+00:00,2026-07-22T10:06:09.804207+00:00,0,,,7,14.3,14.7,0,false,false,7,14.3,14.7,0,false,false,7,14.3,14.7,0,false,false,7,14.3,14.7,0,false,false
C,toronto,2026-07-23,20260723T010220428001-0400,2026-07-23T05:02:20.428001+00:00,01:02:19.223451,62,pre_dawn,C,M2_empty_history,no_valid_row_change,,,,7,12.4,13.7,26,2026-07-23T05:02:20.428001+00:00,2026-07-23T04:57:16.552508+00:00,0,,,7,12.4,13.7,0,false,false,7,12.4,13.7,0,false,false,7,12.4,13.7,0,false,false,7,12.4,13.7,0,false,false
C,toronto,2026-07-23,20260723T040118748097-0400,2026-07-23T08:01:18.748097+00:00,04:01:18.632660,241,pre_dawn,C,M2_empty_history,no_valid_row_change,,,,7,13.3,14.5,26,2026-07-23T08:01:18.748097+00:00,2026-07-23T07:59:41.672275+00:00,0,,,7,13.3,14.5,0,false,false,7,13.3,14.5,0,false,false,7,13.3,14.5,0,false,false,7,13.3,14.5,0,false,false
C,toronto,2026-07-23,20260723T060119905355-0400,2026-07-23T10:01:19.905355+00:00,06:01:19.788977,361,pre_dawn,C,M2_empty_history,no_valid_row_change,,,,7,13,13.8,26,2026-07-23T10:01:19.905355+00:00,2026-07-23T09:59:51.148671+00:00,0,,,7,13,13.8,0,false,false,7,13,13.8,0,false,false,7,13,13.8,0,false,false,7,13,13.8,0,false,false
C,toronto,2026-07-24,20260724T010119202158-0400,2026-07-24T05:01:19.202158+00:00,01:01:17.911362,61,pre_dawn,C,M2_empty_history,no_valid_row_change,,,,7,16.9,18,25,2026-07-24T05:01:19.202158+00:00,2026-07-24T04:55:17.801104+00:00,0,,,7,16.9,18,0,false,false,7,16.9,18,0,false,false,7,16.9,18,0,false,false,7,16.9,18,0,false,false
C,toronto,2026-07-24,20260724T030218830106-0400,2026-07-24T07:02:18.830106+00:00,03:02:18.692612,182,pre_dawn,C,M2_empty_history,no_valid_row_change,,,,7,16.1,17,25,2026-07-24T07:02:18.830106+00:00,2026-07-24T06:53:38.513812+00:00,0,,,7,16.1,17,0,false,false,7,16.1,17,0,false,false,7,16.1,17,0,false,false,7,16.1,17,0,false,false
C,toronto,2026-07-24,20260724T040218678286-0400,2026-07-24T08:02:18.678286+00:00,04:02:18.562868,242,pre_dawn,C,M2_empty_history,no_valid_row_change,,,,7,13.9,16.1,25,2026-07-24T08:02:18.678286+00:00,2026-07-24T07:57:18.102851+00:00,0,,,7,13.9,16.1,0,false,false,7,13.9,16.1,0,false,false,7,13.9,16.1,0,false,false,7,13.9,16.1,0,false,false
C,toronto,2026-07-24,20260724T060153314216-0400,2026-07-24T10:01:53.314216+00:00,06:01:52.302674,361,pre_dawn,C,M2_empty_history,no_valid_row_change,,,,7,12.8,15.5,25,2026-07-24T10:01:53.314216+00:00,2026-07-24T09:52:47.402358+00:00,0,,,7,12.8,15.5,0,false,false,7,12.8,15.5,0,false,false,7,12.8,15.5,0,false,false,7,12.8,15.5,0,false,false
C,toronto,2026-07-25,20260725T020121195817-0400,2026-07-25T06:01:21.195817+00:00,02:01:20.649798,121,pre_dawn,C,M2_empty_history,no_valid_row_change,,,,7,18.9,19.8,26,2026-07-25T06:01:21.195817+00:00,2026-07-25T05:59:24.178401+00:00,0,,,7,18.9,19.8,0,false,false,7,18.9,19.8,0,false,false,7,18.9,19.8,0,false,false,7,18.9,19.8,0,false,false
C,toronto,2026-07-25,20260725T030220277736-0400,2026-07-25T07:02:20.277736+00:00,03:02:20.161586,182,pre_dawn,C,M2_empty_history,no_valid_row_change,,,,7,17.6,18.9,26,2026-07-25T07:02:20.277736+00:00,2026-07-25T06:53:45.566574+00:00,0,,,7,17.6,18.9,0,false,false,7,17.6,18.9,0,false,false,7,17.6,18.9,0,false,false,7,17.6,18.9,0,false,false
C,toronto,2026-07-25,20260725T040221349325-0400,2026-07-25T08:02:21.349325+00:00,04:02:21.205231,242,pre_dawn,C,M2_empty_history,no_valid_row_change,,,,7,17.2,17.6,26,2026-07-25T08:02:21.349325+00:00,2026-07-25T07:57:07.022027+00:00,0,,,7,17.2,17.6,0,false,false,7,17.2,17.6,0,false,false,7,17.2,17.6,0,false,false,7,17.2,17.6,0,false,false
C,toronto,2026-07-26,20260726T020119682853-0400,2026-07-26T06:01:19.682853+00:00,02:01:19.132190,121,pre_dawn,C,M2_empty_history,no_valid_row_change,,,,7,19.9,20.5,27,2026-07-26T06:01:19.682853+00:00,2026-07-26T05:54:11.231651+00:00,0,,,7,19.9,20.5,0,false,false,7,19.9,20.5,0,false,false,7,19.9,20.5,0,false,false,7,19.9,20.5,0,false,false
C,toronto,2026-07-26,20260726T030222359662-0400,2026-07-26T07:02:22.359662+00:00,03:02:22.212714,182,pre_dawn,C,M2_empty_history,no_valid_row_change,,,,7,18,19.9,27,2026-07-26T07:02:22.359662+00:00,2026-07-26T06:58:12.523560+00:00,0,,,7,18,19.9,0,false,false,7,18,19.9,0,false,false,7,18,19.9,0,false,false,7,18,19.9,0,false,false
C,toronto,2026-07-26,20260726T040202160432-0400,2026-07-26T08:02:02.160432+00:00,04:02:01.021432,242,pre_dawn,C,M2_empty_history,no_valid_row_change,,,,7,17.9,18,27,2026-07-26T08:02:02.160432+00:00,2026-07-26T07:52:59.164716+00:00,0,,,7,17.9,18,0,false,false,7,17.9,18,0,false,false,7,17.9,18,0,false,false,7,17.9,18,0,false,false
C,toronto,2026-07-26,20260726T050900506082-0400,2026-07-26T09:09:00.506082+00:00,05:08:58.954415,308,pre_dawn,C,M2_empty_history,no_valid_row_change,,,,7,17.6,17.9,27,2026-07-26T09:09:00.506082+00:00,2026-07-26T08:59:34.768795+00:00,0,,,7,17.6,17.9,0,false,false,7,17.6,17.9,0,false,false,7,17.6,17.9,0,false,false,7,17.6,17.9,0,false,false
C,toronto,2026-07-27,20260727T010530991901-0400,2026-07-27T05:05:30.991901+00:00,01:05:29.568508,65,pre_dawn,C,M2_empty_history,no_valid_row_change,,,,7,21.1,21.3,29,2026-07-27T05:05:30.991901+00:00,2026-07-27T04:56:23.823099+00:00,0,,,7,21.1,21.3,0,false,false,7,21.1,21.3,0,false,false,7,21.1,21.3,0,false,false,7,21.1,21.3,0,false,false
C,toronto,2026-07-27,20260727T020917232763-0400,2026-07-27T06:09:17.232763+00:00,02:09:16.066660,129,pre_dawn,C,M2_empty_history,no_valid_row_change,,,,7,19.9,21.1,29,2026-07-27T06:09:17.232763+00:00,2026-07-27T06:00:13.207590+00:00,0,,,7,19.9,21.1,0,false,false,7,19.9,21.1,0,false,false,7,19.9,21.1,0,false,false,7,19.9,21.1,0,false,false
C,toronto,2026-07-27,20260727T030354023387-0400,2026-07-27T07:03:54.023387+00:00,03:03:52.903824,183,pre_dawn,C,M2_empty_history,no_valid_row_change,,,,7,19.7,19.9,29,2026-07-27T07:03:54.023387+00:00,2026-07-27T06:54:47.690219+00:00,0,,,7,19.7,19.9,0,false,false,7,19.7,19.9,0,false,false,7,19.7,19.9,0,false,false,7,19.7,19.9,0,false,false
C,toronto,2026-07-27,20260727T050239836624-0400,2026-07-27T09:02:39.836624+00:00,05:02:38.663068,302,pre_dawn,C,M2_empty_history,no_valid_row_change,,,,7,18.2,20.2,29,2026-07-27T09:02:39.836624+00:00,2026-07-27T08:53:33.377486+00:00,0,,,7,18.2,20.2,0,false,false,7,18.2,20.2,0,false,false,7,18.2,20.2,0,false,false,7,18.2,20.2,0,false,false
C,toronto,2026-07-27,20260727T060635033495-0400,2026-07-27T10:06:35.033495+00:00,06:06:33.690715,366,pre_dawn,C,M2_empty_history,no_valid_row_change,,,,7,17.9,18.2,29,2026-07-27T10:06:35.033495+00:00,2026-07-27T09:57:17.260989+00:00,0,,,7,17.9,18.2,0,false,false,7,17.9,18.2,0,false,false,7,17.9,18.2,0,false,false,7,17.9,18.2,0,false,false
C,toronto,2026-07-28,20260728T020901330409-0400,2026-07-28T06:09:01.330409+00:00,02:08:59.965109,128,pre_dawn,C,M2_empty_history,no_valid_row_change,,,,7,22.2,23.2,27,2026-07-28T06:09:01.330409+00:00,2026-07-28T05:59:44.910989+00:00,0,,,7,22.2,23.2,0,false,false,7,22.2,23.2,0,false,false,7,22.2,23.2,0,false,false,7,22.2,23.2,0,false,false
C,toronto,2026-07-28,20260728T023657711643-0400,2026-07-28T06:36:57.711643+00:00,02:36:56.267278,156,pre_dawn,C,M2_empty_history,no_valid_row_change,,,,7,21.7,22.2,27,2026-07-28T06:36:57.711643+00:00,2026-07-28T06:27:41.606503+00:00,0,,,7,21.7,22.2,0,false,false,7,21.7,22.2,0,false,false,7,21.7,22.2,0,false,false,7,21.7,22.2,0,false,false
C,toronto,2026-07-28,20260728T025516418321-0400,2026-07-28T06:55:16.418321+00:00,02:55:14.880257,175,pre_dawn,C,M2_empty_history,no_valid_row_change,,,,7,20.8,21.7,27,2026-07-28T06:55:16.418321+00:00,2026-07-28T06:46:05.577068+00:00,0,,,7,20.8,21.7,0,false,false,7,20.8,21.7,0,false,false,7,20.8,21.7,0,false,false,7,20.8,21.7,0,false,false
C,toronto,2026-07-28,20260728T030435386722-0400,2026-07-28T07:04:35.386722+00:00,03:04:34.097398,184,pre_dawn,C,M2_empty_history,no_valid_row_change,,,,7,20.7,20.8,27,2026-07-28T07:04:35.386722+00:00,2026-07-28T06:55:16.418321+00:00,0,,,7,20.7,20.8,0,false,false,7,20.7,20.8,0,false,false,7,20.7,20.8,0,false,false,7,20.7,20.8,0,false,false
C,toronto,2026-07-28,20260728T031345921591-0400,2026-07-28T07:13:45.921591+00:00,03:13:44.637854,193,pre_dawn,C,M2_empty_history,no_valid_row_change,,,,7,20.6,20.7,27,2026-07-28T07:13:45.921591+00:00,2026-07-28T07:04:35.386722+00:00,0,,,7,20.6,20.7,0,false,false,7,20.6,20.7,0,false,false,7,20.6,20.7,0,false,false,7,20.6,20.7,0,false,false
C,toronto,2026-07-28,20260728T033209675939-0400,2026-07-28T07:32:09.675939+00:00,03:32:08.515677,212,pre_dawn,C,M2_empty_history,no_valid_row_change,,,,7,20.7,20.9,27,2026-07-28T07:32:09.675939+00:00,2026-07-28T07:23:07.189974+00:00,0,,,7,20.7,20.9,0,false,false,7,20.7,20.9,0,false,false,7,20.7,20.9,0,false,false,7,20.7,20.9,0,false,false
C,toronto,2026-07-28,20260728T035014683609-0400,2026-07-28T07:50:14.683609+00:00,03:50:13.532783,230,pre_dawn,C,M2_empty_history,no_valid_row_change,,,,7,20.5,20.7,27,2026-07-28T07:50:14.683609+00:00,2026-07-28T07:41:12.163245+00:00,0,,,7,20.5,20.7,0,false,false,7,20.5,20.7,0,false,false,7,20.5,20.7,0,false,false,7,20.5,20.7,0,false,false
C,toronto,2026-07-28,20260728T040822482369-0400,2026-07-28T08:08:22.482369+00:00,04:08:21.055523,248,pre_dawn,C,M2_empty_history,no_valid_row_change,,,,7,20.4,20.5,27,2026-07-28T08:08:22.482369+00:00,2026-07-28T07:59:17.232958+00:00,0,,,7,20.4,20.5,0,false,false,7,20.4,20.5,0,false,false,7,20.4,20.5,0,false,false,7,20.4,20.5,0,false,false
C,toronto,2026-07-28,20260728T052959241535-0400,2026-07-28T09:29:59.241535+00:00,05:29:58.105431,329,pre_dawn,C,M2_empty_history,no_valid_row_change,,,,7,20.2,20.4,27,2026-07-28T09:29:59.241535+00:00,2026-07-28T09:20:56.623358+00:00,0,,,7,20.2,20.4,0,false,false,7,20.2,20.4,0,false,false,7,20.2,20.4,0,false,false,7,20.2,20.4,0,false,false
C,toronto,2026-07-28,20260728T054805300594-0400,2026-07-28T09:48:05.300594+00:00,05:48:04.116352,348,pre_dawn,C,M2_empty_history,no_valid_row_change,,,,7,20.1,20.2,27,2026-07-28T09:48:05.300594+00:00,2026-07-28T09:39:01.872659+00:00,0,,,7,20.1,20.2,0,false,false,7,20.1,20.2,0,false,false,7,20.1,20.2,0,false,false,7,20.1,20.2,0,false,false
C,toronto,2026-07-28,20260728T070124132170-0400,2026-07-28T11:01:24.132170+00:00,07:01:24.020286,421,other,C,M2_empty_history,no_valid_row_change,,,,7,20.2,20.5,27,2026-07-28T11:01:24.132170+00:00,2026-07-28T11:00:29.117145+00:00,0,,,7,20.2,20.5,0,false,false,7,20.2,20.5,0,false,false,7,20.2,20.5,0,false,false,7,20.2,20.5,0,false,false
C,toronto,2026-07-29,20260729T020758767986-0400,2026-07-29T06:07:58.767986+00:00,02:07:57.555160,127,pre_dawn,C,M2_empty_history,no_valid_row_change,,,,7,20.1,20.5,27,2026-07-29T06:07:58.767986+00:00,2026-07-29T05:58:50.143485+00:00,0,,,7,20.1,20.5,0,false,false,7,20.1,20.5,0,false,false,7,20.1,20.5,0,false,false,7,20.1,20.5,0,false,false
C,toronto,2026-07-29,20260729T030246847055-0400,2026-07-29T07:02:46.847055+00:00,03:02:45.696823,182,pre_dawn,C,M2_empty_history,no_valid_row_change,,,,7,19.1,20.1,27,2026-07-29T07:02:46.847055+00:00,2026-07-29T06:53:31.719538+00:00,0,,,7,19.1,20.1,0,false,false,7,19.1,20.1,0,false,false,7,19.1,20.1,0,false,false,7,19.1,20.1,0,false,false
C,toronto,2026-07-29,20260729T040646844016-0400,2026-07-29T08:06:46.844016+00:00,04:06:45.527337,246,pre_dawn,C,M2_empty_history,no_valid_row_change,,,,7,18.8,19.1,27,2026-07-29T08:06:46.844016+00:00,2026-07-29T07:57:36.626788+00:00,0,,,7,18.8,19.1,0,false,false,7,18.8,19.1,0,false,false,7,18.8,19.1,0,false,false,7,18.8,19.1,0,false,false
C,toronto,2026-07-29,20260729T060215759084-0400,2026-07-29T10:02:15.759084+00:00,06:02:15.644155,362,pre_dawn,C,M2_empty_history,no_valid_row_change,,,,7,19.4,19.6,27,2026-07-29T10:02:15.759084+00:00,2026-07-29T09:57:42.141149+00:00,0,,,7,19.4,19.6,0,false,false,7,19.4,19.6,0,false,false,7,19.4,19.6,0,false,false,7,19.4,19.6,0,false,false
C,toronto,2026-07-30,20260730T010230434473-0400,2026-07-30T05:02:30.434473+00:00,01:02:28.985340,62,pre_dawn,C,M2_empty_history,no_valid_row_change,,,,7,18.9,19.6,28,2026-07-30T05:02:30.434473+00:00,2026-07-30T04:58:02.520652+00:00,0,,,7,18.9,19.6,0,false,false,7,18.9,19.6,0,false,false,7,18.9,19.6,0,false,false,7,18.9,19.6,0,false,false
C,toronto,2026-07-30,20260730T020137350062-0400,2026-07-30T06:01:37.350062+00:00,02:01:36.001756,121,pre_dawn,C,M2_empty_history,no_valid_row_change,,,,7,18.4,18.9,28,2026-07-30T06:01:37.350062+00:00,2026-07-30T05:52:30.127854+00:00,0,,,7,18.4,18.9,0,false,false,7,18.4,18.9,0,false,false,7,18.4,18.9,0,false,false,7,18.4,18.9,0,false,false
C,toronto,2026-07-30,20260730T030454582893-0400,2026-07-30T07:04:54.582893+00:00,03:04:53.454441,184,pre_dawn,C,M2_empty_history,no_valid_row_change,,,,7,17.7,18.4,28,2026-07-30T07:04:54.582893+00:00,2026-07-30T06:55:51.866767+00:00,0,,,7,17.7,18.4,0,false,false,7,17.7,18.4,0,false,false,7,17.7,18.4,0,false,false,7,17.7,18.4,0,false,false
C,toronto,2026-07-30,20260730T040810806479-0400,2026-07-30T08:08:10.806479+00:00,04:08:09.651180,248,pre_dawn,C,M2_empty_history,no_valid_row_change,,,,7,17.6,17.7,28,2026-07-30T08:08:10.806479+00:00,2026-07-30T07:59:08.434223+00:00,0,,,7,17.6,17.7,0,false,false,7,17.6,17.7,0,false,false,7,17.6,17.7,0,false,false,7,17.6,17.7,0,false,false
