stratum,market_id,target_date,snapshot_id,served_floor_bucket,served_high_so_far,raw_wu_max_since_7am,raw_station_max_since_7am
B,atlanta,2026-06-07,20260607T000105-0400,17,17.0,,
B,atlanta,2026-06-07,20260607T010213-0400,75,75.0,86.0,
B,atlanta,2026-06-07,20260607T020343-0400,75,75.0,86.0,
B,atlanta,2026-06-07,20260607T030453-0400,75,75.0,86.0,
B,atlanta,2026-06-07,20260607T040612-0400,75,75.0,86.0,
B,atlanta,2026-06-07,20260607T050729-0400,75,75.0,86.0,
B,atlanta,2026-06-07,20260607T060832-0400,75,75.0,86.0,
B,atlanta,2026-06-07,20260607T071004-0400,75,75.0,71.0,
B,atlanta,2026-06-07,20260607T080104-0400,75,75.0,73.0,
B,atlanta,2026-06-07,20260607T090231-0400,75,75.0,74.0,
B,atlanta,2026-06-07,20260607T100353-0400,75,75.0,77.0,
B,atlanta,2026-06-07,20260607T110455-0400,75,75.0,78.0,
B,atlanta,2026-06-07,20260607T120659-0400,76,76.0,80.0,
B,atlanta,2026-06-07,20260607T130914-0400,76,76.0,82.0,
B,atlanta,2026-06-07,20260607T140124-0400,81,81.0,83.0,
B,atlanta,2026-06-07,20260607T150313-0400,82,82.0,83.0,
B,atlanta,2026-06-07,20260607T160456-0400,82,82.0,83.0,
B,atlanta,2026-06-07,20260607T170736-0400,84,84.0,83.0,
B,atlanta,2026-06-07,20260607T181013-0400,84,84.0,83.0,
B,atlanta,2026-06-07,20260607T190208-0400,84,84.0,83.0,
B,atlanta,2026-06-07,20260607T200346-0400,84,84.0,83.0,
B,atlanta,2026-06-07,20260607T210530-0400,84,84.0,83.0,
B,atlanta,2026-06-07,20260607T220711-0400,84,84.0,83.0,
B,atlanta,2026-06-07,20260607T230918-0400,84,84.0,83.0,
B,atlanta,2026-06-08,20260608T000048-0400,17,17.0,,
B,atlanta,2026-06-08,20260608T010230-0400,71,71.0,83.0,
B,atlanta,2026-06-08,20260608T020400-0400,71,71.0,83.0,
B,atlanta,2026-06-08,20260608T030547-0400,71,71.0,83.0,
B,atlanta,2026-06-08,20260608T040707-0400,71,71.0,83.0,
B,atlanta,2026-06-08,20260608T050848-0400,71,71.0,83.0,
B,atlanta,2026-06-08,20260608T060031-0400,71,71.0,83.0,
B,atlanta,2026-06-08,20260608T070217-0400,71,71.0,70.0,
B,atlanta,2026-06-08,20260608T080351-0400,71,71.0,71.0,
B,atlanta,2026-06-08,20260608T090544-0400,72,72.0,72.0,
B,atlanta,2026-06-08,20260608T100734-0400,73,73.0,73.0,
B,atlanta,2026-06-08,20260608T110924-0400,74,74.0,76.0,
B,atlanta,2026-06-08,20260608T120105-0400,74,74.0,78.0,
B,atlanta,2026-06-08,20260608T130300-0400,74,74.0,81.0,
B,atlanta,2026-06-08,20260608T140508-0400,79,79.0,82.0,
B,atlanta,2026-06-08,20260608T150710-0400,80,80.0,82.0,
B,atlanta,2026-06-08,20260608T160955-0400,81,81.0,82.0,
B,atlanta,2026-06-08,20260608T170217-0400,81,81.0,82.0,
B,atlanta,2026-06-08,20260608T180442-0400,81,81.0,82.0,
B,atlanta,2026-06-08,20260608T191524-0400,81,81.0,82.0,
B,atlanta,2026-06-08,20260608T200643-0400,81,81.0,82.0,
B,atlanta,2026-06-08,20260608T210809-0400,81,81.0,82.0,
B,atlanta,2026-06-08,20260608T220943-0400,81,81.0,82.0,
B,atlanta,2026-06-08,20260608T230129-0400,81,81.0,82.0,
B,atlanta,2026-06-11,20260611T050110-0400,78,78.0,89.0,
B,atlanta,2026-06-11,20260611T061006-0400,78,78.0,89.0,
B,atlanta,2026-06-11,20260611T070044-0400,78,78.0,89.0,
B,atlanta,2026-06-11,20260611T080359-0400,78,78.0,77.0,
B,atlanta,2026-06-11,20260611T090601-0400,78,78.0,82.0,
B,atlanta,2026-06-11,20260611T100747-0400,82,82.0,85.0,
B,atlanta,2026-06-11,20260611T110315-0400,82,82.0,87.0,
B,atlanta,2026-06-11,20260611T120523-0400,85,85.0,88.0,
B,atlanta,2026-06-11,20260611T130708-0400,87,87.0,89.0,
B,atlanta,2026-06-11,20260611T140946-0400,87,87.0,90.0,
B,atlanta,2026-06-11,20260611T150135-0400,89,89.0,91.0,
B,atlanta,2026-06-11,20260611T160410-0400,90,90.0,91.0,
B,atlanta,2026-06-11,20260611T170617-0400,90,90.0,92.0,
B,atlanta,2026-06-11,20260611T180817-0400,91,91.0,93.0,
B,atlanta,2026-06-11,20260611T190957-0400,92,92.0,93.0,
B,atlanta,2026-06-11,20260611T200212-0400,92,92.0,93.0,
B,atlanta,2026-06-11,20260611T210543-0400,92,92.0,93.0,
B,atlanta,2026-06-11,20260611T220726-0400,92,92.0,93.0,
B,atlanta,2026-06-11,20260611T231000-0400,92,92.0,93.0,
B,atlanta,2026-06-12,20260612T000128-0400,81,81.0,93.0,
B,atlanta,2026-06-12,20260612T010259-0400,80,80.0,93.0,
B,atlanta,2026-06-12,20260612T020449-0400,80,80.0,93.0,
B,atlanta,2026-06-12,20260612T030610-0400,80,80.0,93.0,
B,atlanta,2026-06-12,20260612T040733-0400,80,80.0,93.0,
B,atlanta,2026-06-12,20260612T050851-0400,80,80.0,93.0,
B,atlanta,2026-06-12,20260612T060032-0400,80,80.0,93.0,
B,atlanta,2026-06-12,20260612T070208-0400,80,80.0,76.0,
B,atlanta,2026-06-12,20260612T080348-0400,80,80.0,79.0,
B,atlanta,2026-06-12,20260612T090617-0400,80,80.0,83.0,
B,atlanta,2026-06-12,20260612T100818-0400,83,83.0,85.0,
B,atlanta,2026-06-12,20260612T111007-0400,83,83.0,87.0,
B,atlanta,2026-06-12,20260612T120140-0400,85,85.0,88.0,
B,atlanta,2026-06-12,20260612T130330-0400,86,86.0,90.0,
B,atlanta,2026-06-12,20260612T140510-0400,89,89.0,90.0,
B,atlanta,2026-06-12,20260612T150658-0400,90,90.0,90.0,
B,atlanta,2026-06-12,20260612T160858-0400,90,90.0,92.0,
B,atlanta,2026-06-12,20260612T170048-0400,91,91.0,92.0,
B,atlanta,2026-06-12,20260612T180248-0400,91,91.0,92.0,
B,atlanta,2026-06-12,20260612T190411-0400,91,91.0,92.0,
B,atlanta,2026-06-12,20260612T200647-0400,91,91.0,92.0,
B,atlanta,2026-06-12,20260612T210910-0400,91,91.0,92.0,
B,atlanta,2026-06-12,20260612T220049-0400,91,91.0,92.0,
B,atlanta,2026-06-12,20260612T230251-0400,91,91.0,92.0,
B,atlanta,2026-06-13,20260613T000421-0400,81,81.0,92.0,
B,atlanta,2026-06-13,20260613T010552-0400,80,80.0,92.0,
B,atlanta,2026-06-13,20260613T020723-0400,80,80.0,92.0,
B,atlanta,2026-06-13,20260613T030849-0400,80,80.0,92.0,
B,atlanta,2026-06-13,20260613T040003-0400,80,80.0,92.0,
B,atlanta,2026-06-13,20260613T050149-0400,80,80.0,92.0,
B,atlanta,2026-06-13,20260613T060300-0400,80,80.0,92.0,
B,atlanta,2026-06-13,20260613T070420-0400,80,80.0,92.0,
B,atlanta,2026-06-13,20260613T080607-0400,80,80.0,78.0,
B,atlanta,2026-06-13,20260613T090735-0400,80,80.0,81.0,
B,atlanta,2026-06-13,20260613T100902-0400,81,81.0,84.0,
B,atlanta,2026-06-13,20260613T110056-0400,81,81.0,87.0,
B,atlanta,2026-06-13,20260613T120719-0400,84,84.0,88.0,
B,atlanta,2026-06-13,20260613T130945-0400,87,87.0,90.0,
B,atlanta,2026-06-13,20260613T140114-0400,88,88.0,91.0,
B,atlanta,2026-06-13,20260613T150248-0400,90,90.0,92.0,
B,atlanta,2026-06-13,20260613T160418-0400,91,91.0,92.0,
B,atlanta,2026-06-13,20260613T170615-0400,91,91.0,93.0,
B,atlanta,2026-06-13,20260613T180834-0400,93,93.0,93.0,
B,atlanta,2026-06-13,20260613T190047-0400,93,93.0,93.0,
B,atlanta,2026-06-13,20260613T200330-0400,93,93.0,93.0,
B,atlanta,2026-06-13,20260613T210527-0400,93,93.0,93.0,
B,atlanta,2026-06-13,20260613T220048-0400,93,93.0,93.0,
B,atlanta,2026-06-13,20260613T230232-0400,93,93.0,93.0,
B,atlanta,2026-06-14,20260614T000849-0400,81,81.0,93.0,
B,atlanta,2026-06-14,20260614T010958-0400,81,81.0,93.0,
B,atlanta,2026-06-14,20260614T020131-0400,81,81.0,93.0,
B,atlanta,2026-06-14,20260614T030315-0400,81,81.0,93.0,
B,atlanta,2026-06-14,20260614T040444-0400,81,81.0,93.0,
B,atlanta,2026-06-14,20260614T050550-0400,81,81.0,93.0,
B,atlanta,2026-06-14,20260614T060712-0400,81,81.0,93.0,
B,atlanta,2026-06-14,20260614T070804-0400,81,81.0,78.0,
B,atlanta,2026-06-14,20260614T080801-0400,81,81.0,78.0,
B,atlanta,2026-06-14,20260614T090106-0400,81,81.0,78.0,
B,atlanta,2026-06-14,20260614T100242-0400,81,81.0,80.0,
B,atlanta,2026-06-14,20260614T110407-0400,81,81.0,84.0,
B,atlanta,2026-06-14,20260614T120010-0400,81,81.0,87.0,
B,atlanta,2026-06-14,20260614T130710-0400,85,85.0,88.0,
B,atlanta,2026-06-14,20260614T140802-0400,87,87.0,88.0,
B,atlanta,2026-06-14,20260614T150904-0400,87,87.0,88.0,
B,atlanta,2026-06-14,20260614T160129-0400,87,87.0,88.0,
B,atlanta,2026-06-14,20260614T170219-0400,87,87.0,89.0,
B,atlanta,2026-06-14,20260614T180355-0400,89,89.0,90.0,
B,atlanta,2026-06-14,20260614T190607-0400,89,89.0,90.0,
B,atlanta,2026-06-14,20260614T200742-0400,90,90.0,90.0,
B,atlanta,2026-06-14,20260614T210045-0400,90,90.0,90.0,
B,atlanta,2026-06-14,20260614T220325-0400,90,90.0,90.0,
B,atlanta,2026-06-14,20260614T230532-0400,90,90.0,90.0,
B,atlanta,2026-06-15,20260615T000532-0400,17,17.0,,
B,atlanta,2026-06-15,20260615T010535-0400,73,73.0,90.0,
B,atlanta,2026-06-15,20260615T021531-0400,73,73.0,90.0,
B,atlanta,2026-06-15,20260615T030531-0400,73,73.0,90.0,
B,atlanta,2026-06-15,20260615T040723-0400,73,73.0,90.0,
B,atlanta,2026-06-15,20260615T050021-0400,73,73.0,90.0,
B,atlanta,2026-06-15,20260615T061531-0400,73,73.0,90.0,
B,atlanta,2026-06-15,20260615T071022-0400,73,73.0,70.0,
B,atlanta,2026-06-15,20260615T080536-0400,73,73.0,71.0,
B,atlanta,2026-06-15,20260615T090022-0400,73,73.0,73.0,
B,atlanta,2026-06-15,20260615T100022-0400,73,73.0,75.0,
B,atlanta,2026-06-15,20260615T110059-0400,73,73.0,77.0,
B,atlanta,2026-06-15,20260615T120058-0400,74,74.0,78.0,
B,atlanta,2026-06-15,20260615T130058-0400,77,77.0,79.0,
B,atlanta,2026-06-15,20260615T140533-0400,78,78.0,79.0,
B,atlanta,2026-06-15,20260615T150103-0400,78,78.0,80.0,
B,atlanta,2026-06-15,20260615T161506-0400,80,80.0,81.0,
B,atlanta,2026-06-15,20260615T170515-0400,80,80.0,81.0,
B,atlanta,2026-06-15,20260615T180706-0400,80,80.0,81.0,
B,atlanta,2026-06-15,20260615T190529-0400,80,80.0,81.0,
B,atlanta,2026-06-15,20260615T202510-0400,80,80.0,81.0,
B,atlanta,2026-06-15,20260615T211602-0400,80,80.0,81.0,
B,atlanta,2026-06-15,20260615T221607-0400,80,80.0,81.0,
B,atlanta,2026-06-15,20260615T231027-0400,80,80.0,81.0,
B,atlanta,2026-06-16,20260616T000515-0400,73,73.0,81.0,
B,atlanta,2026-06-16,20260616T010508-0400,73,73.0,81.0,
B,atlanta,2026-06-16,20260616T020503-0400,73,73.0,81.0,
B,atlanta,2026-06-16,20260616T030608-0400,73,73.0,81.0,
B,atlanta,2026-06-16,20260616T040207-0400,73,73.0,81.0,
B,atlanta,2026-06-16,20260616T050508-0400,73,73.0,81.0,
B,atlanta,2026-06-16,20260616T061308-0400,73,73.0,81.0,
B,atlanta,2026-06-16,20260616T070309-0400,73,73.0,70.0,
B,atlanta,2026-06-16,20260616T081506-0400,73,73.0,70.0,
B,atlanta,2026-06-16,20260616T090238-0400,73,73.0,70.0,
B,atlanta,2026-06-16,20260616T100231-0400,73,73.0,70.0,
B,atlanta,2026-06-16,20260616T111518-0400,73,73.0,70.0,
B,atlanta,2026-06-16,20260616T121510-0400,73,73.0,70.0,
B,atlanta,2026-06-16,20260616T130511-0400,73,73.0,70.0,
B,atlanta,2026-06-16,20260616T140512-0400,73,73.0,70.0,
B,atlanta,2026-06-16,20260616T151509-0400,73,73.0,70.0,
B,atlanta,2026-06-16,20260616T161509-0400,73,73.0,70.0,
B,atlanta,2026-06-16,20260616T170507-0400,73,73.0,70.0,
B,atlanta,2026-06-16,20260616T180243-0400,73,73.0,70.0,
B,atlanta,2026-06-16,20260616T190237-0400,73,73.0,70.0,
B,atlanta,2026-06-16,20260616T200356-0400,73,73.0,71.0,
B,atlanta,2026-06-16,20260616T210123-0400,73,73.0,70.0,
B,atlanta,2026-06-16,20260616T221232-0400,73,73.0,70.0,
B,atlanta,2026-06-16,20260616T231234-0400,73,73.0,70.0,
B,atlanta,2026-06-17,20260617T000232-0400,17,17.0,,
B,atlanta,2026-06-17,20260617T011231-0400,71,71.0,71.0,
B,atlanta,2026-06-17,20260617T020234-0400,71,71.0,71.0,
B,atlanta,2026-06-17,20260617T030429-0400,71,71.0,71.0,
B,atlanta,2026-06-17,20260617T040237-0400,71,71.0,71.0,
B,atlanta,2026-06-17,20260617T050233-0400,71,71.0,71.0,
B,atlanta,2026-06-17,20260617T060231-0400,71,71.0,71.0,
B,atlanta,2026-06-17,20260617T070232-0400,71,71.0,71.0,
B,atlanta,2026-06-17,20260617T081232-0400,71,71.0,71.0,
B,atlanta,2026-06-17,20260617T090131-0400,73,73.0,72.0,
B,atlanta,2026-06-17,20260617T100030-0400,73,73.0,74.0,
B,atlanta,2026-06-17,20260617T110235-0400,75,75.0,76.0,
B,atlanta,2026-06-17,20260617T124232-0400,77,77.0,80.0,
B,atlanta,2026-06-17,20260617T131231-0400,79,79.0,82.0,
B,atlanta,2026-06-17,20260617T142631-0400,82,82.0,85.0,
B,atlanta,2026-06-17,20260617T150631-0400,84,84.0,85.0,
B,atlanta,2026-06-17,20260617T160243-0400,84,84.0,86.0,
B,atlanta,2026-06-17,20260617T171232-0400,85,85.0,86.0,
B,atlanta,2026-06-17,20260617T181235-0400,85,85.0,86.0,
B,atlanta,2026-06-17,20260617T191244-0400,85,85.0,86.0,
B,atlanta,2026-06-17,20260617T201238-0400,85,85.0,86.0,
B,atlanta,2026-06-17,20260617T211233-0400,85,85.0,86.0,
B,atlanta,2026-06-17,20260617T221237-0400,85,85.0,86.0,
B,atlanta,2026-06-17,20260617T230231-0400,85,85.0,86.0,
B,atlanta,2026-06-19,20260619T000319-0400,17,17.0,,
B,atlanta,2026-06-19,20260619T011133-0400,72,72.0,87.0,
B,atlanta,2026-06-19,20260619T020128-0400,72,72.0,87.0,
B,atlanta,2026-06-19,20260619T030732-0400,72,72.0,86.0,
B,atlanta,2026-06-19,20260619T040027-0400,72,72.0,86.0,
B,atlanta,2026-06-19,20260619T051314-0400,73,73.0,86.0,
B,atlanta,2026-06-19,20260619T060030-0400,73,73.0,86.0,
B,atlanta,2026-06-19,20260619T070238-0400,73,73.0,87.0,
B,atlanta,2026-06-19,20260619T080404-0400,74,74.0,73.0,
B,atlanta,2026-06-19,20260619T090143-0400,76,76.0,75.0,
B,atlanta,2026-06-19,20260619T100434-0400,78,78.0,77.0,
B,atlanta,2026-06-19,20260619T110236-0400,78,78.0,79.0,
B,atlanta,2026-06-19,20260619T120233-0400,79,79.0,81.0,
B,atlanta,2026-06-19,20260619T130045-0400,81,81.0,82.0,
B,atlanta,2026-06-19,20260619T140257-0400,83,83.0,83.0,
B,atlanta,2026-06-19,20260619T150235-0400,87,87.0,86.0,
B,atlanta,2026-06-19,20260619T160325-0400,87,87.0,88.0,
B,atlanta,2026-06-19,20260619T170231-0400,88,88.0,88.0,
B,atlanta,2026-06-19,20260619T180132-0400,88,88.0,88.0,
B,atlanta,2026-06-19,20260619T190008-0400,88,88.0,88.0,
B,atlanta,2026-06-19,20260619T201450-0400,88,88.0,88.0,
B,atlanta,2026-06-19,20260619T210139-0400,88,88.0,88.0,
B,atlanta,2026-06-19,20260619T220655-0400,88,88.0,88.0,
B,atlanta,2026-06-19,20260619T230655-0400,88,88.0,88.0,
B,atlanta,2026-06-20,20260620T000543-0400,78,78.0,88.0,
B,atlanta,2026-06-20,20260620T010238-0400,77,77.0,88.0,
B,atlanta,2026-06-20,20260620T020038-0400,78,78.0,88.0,
B,atlanta,2026-06-20,20260620T030537-0400,78,78.0,88.0,
B,atlanta,2026-06-20,20260620T040238-0400,78,78.0,88.0,
B,atlanta,2026-06-20,20260620T050038-0400,78,78.0,88.0,
B,atlanta,2026-06-20,20260620T060544-0400,78,78.0,88.0,
B,atlanta,2026-06-20,20260620T070244-0400,78,78.0,73.0,
B,atlanta,2026-06-20,20260620T080538-0400,78,78.0,74.0,
B,atlanta,2026-06-20,20260620T090040-0400,79,79.0,77.0,
B,atlanta,2026-06-20,20260620T100649-0400,80,80.0,80.0,
B,atlanta,2026-06-20,20260620T110029-0400,80,80.0,82.0,
B,atlanta,2026-06-20,20260620T121020-0400,80,80.0,81.0,
B,atlanta,2026-06-20,20260620T130321-0400,81,81.0,81.0,
B,atlanta,2026-06-20,20260620T140020-0400,81,81.0,81.0,
B,atlanta,2026-06-20,20260620T150027-0400,83,83.0,85.0,
B,atlanta,2026-06-20,20260620T160449-0400,85,85.0,86.0,
B,atlanta,2026-06-20,20260620T170042-0400,86,86.0,86.0,
B,atlanta,2026-06-20,20260620T180036-0400,86,86.0,86.0,
B,atlanta,2026-06-20,20260620T190006-0400,86,86.0,86.0,
B,atlanta,2026-06-20,20260620T201031-0400,86,86.0,86.0,
B,atlanta,2026-06-20,20260620T210032-0400,86,86.0,86.0,
B,atlanta,2026-06-20,20260620T221037-0400,86,86.0,86.0,
B,atlanta,2026-06-20,20260620T230035-0400,86,86.0,86.0,
B,atlanta,2026-06-21,20260621T000038-0400,17,17.0,,
B,atlanta,2026-06-21,20260621T010502-0400,73,73.0,86.0,
B,atlanta,2026-06-21,20260621T021035-0400,73,73.0,86.0,
B,atlanta,2026-06-21,20260621T030433-0400,73,73.0,86.0,
B,atlanta,2026-06-21,20260621T041220-0400,73,73.0,86.0,
B,atlanta,2026-06-21,20260621T050020-0400,73,73.0,86.0,
B,atlanta,2026-06-21,20260621T060021-0400,73,73.0,86.0,
B,atlanta,2026-06-21,20260621T070030-0400,73,73.0,86.0,
B,atlanta,2026-06-21,20260621T080023-0400,73,73.0,72.0,
B,atlanta,2026-06-21,20260621T090024-0400,73,73.0,72.0,
B,atlanta,2026-06-21,20260621T100551-0400,73,73.0,74.0,
B,atlanta,2026-06-21,20260621T110211-0400,75,75.0,75.0,
B,atlanta,2026-06-21,20260621T120623-0400,75,75.0,78.0,
B,atlanta,2026-06-21,20260621T130228-0400,78,78.0,81.0,
B,atlanta,2026-06-21,20260621T140823-0400,81,81.0,83.0,
B,atlanta,2026-06-21,20260621T150024-0400,82,82.0,84.0,
B,atlanta,2026-06-21,20260621T160030-0400,84,84.0,86.0,
B,atlanta,2026-06-21,20260621T170022-0400,85,85.0,87.0,
B,atlanta,2026-06-21,20260621T180031-0400,86,86.0,87.0,
B,atlanta,2026-06-21,20260621T190034-0400,86,86.0,87.0,
B,atlanta,2026-06-21,20260621T200029-0400,86,86.0,87.0,
B,atlanta,2026-06-21,20260621T210042-0400,86,86.0,87.0,
B,atlanta,2026-06-21,20260621T224936-0400,86,86.0,87.0,
B,atlanta,2026-06-21,20260621T230656-0400,86,86.0,87.0,
B,atlanta,2026-06-22,20260622T000109-0400,,,,
B,atlanta,2026-06-22,20260622T010237-0400,75,75.0,87.0,
B,atlanta,2026-06-22,20260622T020628-0400,77,77.0,87.0,
B,atlanta,2026-06-22,20260622T030027-0400,77,77.0,87.0,
B,atlanta,2026-06-22,20260622T040024-0400,77,77.0,87.0,
B,atlanta,2026-06-22,20260622T051021-0400,77,77.0,87.0,
B,atlanta,2026-06-22,20260622T061028-0400,77,77.0,87.0,
B,atlanta,2026-06-22,20260622T070027-0400,77,77.0,87.0,
B,atlanta,2026-06-22,20260622T080837-0400,77,77.0,76.0,
B,atlanta,2026-06-22,20260622T090027-0400,77,77.0,77.0,
B,atlanta,2026-06-22,20260622T100031-0400,77,77.0,78.0,
B,atlanta,2026-06-22,20260622T110047-0400,78,78.0,81.0,
B,atlanta,2026-06-22,20260622T120843-0400,81,81.0,83.0,
B,atlanta,2026-06-22,20260622T130018-0400,83,83.0,84.0,
B,atlanta,2026-06-22,20260622T140435-0400,84,84.0,87.0,
B,atlanta,2026-06-22,20260622T151500-0400,87,87.0,89.0,
B,atlanta,2026-06-22,20260622T160428-0400,89,89.0,89.0,
B,atlanta,2026-06-22,20260622T171516-0400,89,89.0,91.0,
B,atlanta,2026-06-22,20260622T180029-0400,89,89.0,91.0,
B,atlanta,2026-06-22,20260622T190022-0400,89,89.0,91.0,
B,atlanta,2026-06-22,20260622T200502-0400,89,89.0,91.0,
B,atlanta,2026-06-22,20260622T211437-0400,89,89.0,91.0,
B,atlanta,2026-06-22,20260622T220840-0400,89,89.0,91.0,
B,atlanta,2026-06-22,20260622T230700-0400,89,89.0,91.0,
B,atlanta,2026-06-26,20260626T001030-0400,76,76.0,83.0,
B,atlanta,2026-06-26,20260626T010916-0400,75,75.0,83.0,
B,atlanta,2026-06-26,20260626T020921-0400,75,75.0,83.0,
B,atlanta,2026-06-26,20260626T030919-0400,75,75.0,83.0,
B,atlanta,2026-06-26,20260626T040918-0400,75,75.0,83.0,
B,atlanta,2026-06-26,20260626T050916-0400,75,75.0,83.0,
B,atlanta,2026-06-26,20260626T060918-0400,75,75.0,83.0,
B,atlanta,2026-06-26,20260626T070919-0400,75,75.0,70.0,
B,atlanta,2026-06-26,20260626T080928-0400,75,75.0,73.0,
B,atlanta,2026-06-26,20260626T090832-0400,76,76.0,77.0,
B,atlanta,2026-06-26,20260626T100146-0400,79,79.0,80.0,
B,atlanta,2026-06-26,20260626T110408-0400,79,79.0,82.0,
B,atlanta,2026-06-26,20260626T120948-0400,81,81.0,84.0,
B,atlanta,2026-06-26,20260626T130412-0400,82,82.0,86.0,
B,atlanta,2026-06-26,20260626T141622-0400,85,85.0,88.0,
B,atlanta,2026-06-26,20260626T150624-0400,88,88.0,89.0,
B,atlanta,2026-06-26,20260626T160631-0400,88,88.0,90.0,
B,atlanta,2026-06-26,20260626T170634-0400,88,88.0,90.0,
B,atlanta,2026-06-26,20260626T180620-0400,89,89.0,90.0,
B,atlanta,2026-06-26,20260626T190621-0400,89,89.0,90.0,
B,atlanta,2026-06-26,20260626T200630-0400,89,89.0,90.0,
B,atlanta,2026-06-26,20260626T211628-0400,89,89.0,90.0,
B,atlanta,2026-06-26,20260626T220637-0400,89,89.0,90.0,
B,atlanta,2026-06-26,20260626T231632-0400,89,89.0,90.0,
B,atlanta,2026-06-28,20260628T000232-0400,,,,
B,atlanta,2026-06-28,20260628T010226-0400,,,,
B,atlanta,2026-06-28,20260628T020236-0400,,,,
B,atlanta,2026-06-28,20260628T030229-0400,,,,
B,atlanta,2026-06-28,20260628T040239-0400,,,,
B,atlanta,2026-06-28,20260628T050224-0400,,,,
B,atlanta,2026-06-28,20260628T060228-0400,,,,
B,atlanta,2026-06-28,20260628T070222-0400,,,,
B,atlanta,2026-06-28,20260628T080224-0400,,,,
B,atlanta,2026-06-28,20260628T090224-0400,,,,
B,atlanta,2026-06-28,20260628T101228-0400,,,,
B,atlanta,2026-06-28,20260628T110310-0400,,,,
B,atlanta,2026-06-28,20260628T120234-0400,,,,
B,atlanta,2026-06-28,20260628T130033-0400,,,,
B,atlanta,2026-06-28,20260628T140223-0400,,,,
B,atlanta,2026-06-28,20260628T150230-0400,,,,
B,atlanta,2026-06-28,20260628T160233-0400,,,,
B,atlanta,2026-06-28,20260628T170225-0400,,,,
B,atlanta,2026-06-28,20260628T180414-0400,,,,
B,atlanta,2026-06-28,20260628T190431-0400,,,,
B,atlanta,2026-06-28,20260628T200349-0400,,,,
B,atlanta,2026-06-28,20260628T210502-0400,,,,
B,atlanta,2026-06-29,20260629T104052-0400,,,,
B,atlanta,2026-06-29,20260629T110057-0400,,,,
B,atlanta,2026-06-29,20260629T121100-0400,,,,
B,atlanta,2026-06-29,20260629T131404-0400,,,,
B,atlanta,2026-06-29,20260629T140513-0400,,,,
B,atlanta,2026-06-29,20260629T150412-0400,,,,
B,atlanta,2026-06-29,20260629T160754-0400,,,,
B,atlanta,2026-06-29,20260629T170220-0400,,,,
B,atlanta,2026-06-29,20260629T180655-0400,,,,
B,atlanta,2026-06-29,20260629T190535-0400,,,,
B,atlanta,2026-06-29,20260629T200450-0400,,,,
B,atlanta,2026-06-29,20260629T210303-0400,,,,
B,atlanta,2026-06-29,20260629T220240-0400,,,,
B,atlanta,2026-06-29,20260629T230836-0400,,,,
B,atlanta,2026-06-30,20260630T000220-0400,,,,
B,atlanta,2026-06-30,20260630T010546-0400,,,,
B,atlanta,2026-06-30,20260630T020021-0400,,,,
B,atlanta,2026-06-30,20260630T030419-0400,,,,
B,atlanta,2026-06-30,20260630T040751-0400,,,,
B,atlanta,2026-06-30,20260630T050211-0400,,,,
B,atlanta,2026-06-30,20260630T060534-0400,,,,
B,atlanta,2026-06-30,20260630T070902-0400,,,,
B,atlanta,2026-06-30,20260630T080613-0400,,,,
B,atlanta,2026-06-30,20260630T090047-0400,,,,
B,atlanta,2026-06-30,20260630T100339-0400,,,,
B,atlanta,2026-06-30,20260630T110012-0400,,,,
B,atlanta,2026-06-30,20260630T121134-0400,,,,
B,atlanta,2026-06-30,20260630T131247-0400,,,,
B,atlanta,2026-06-30,20260630T141021-0400,,,,
B,atlanta,2026-06-30,20260630T150508-0400,,,,
B,atlanta,2026-06-30,20260630T160901-0400,,,,
B,atlanta,2026-06-30,20260630T170335-0400,,,,
B,atlanta,2026-06-30,20260630T180702-0400,,,,
B,atlanta,2026-06-30,20260630T190129-0400,,,,
B,atlanta,2026-06-30,20260630T200005-0400,,,,
B,atlanta,2026-06-30,20260630T210340-0400,,,,
B,atlanta,2026-06-30,20260630T220715-0400,,,,
B,atlanta,2026-06-30,20260630T230159-0400,,,,
B,austin,2026-06-07,20260607T010214-0400,80,80.0,91.0,
B,austin,2026-06-07,20260607T020344-0400,80,80.0,91.0,
B,austin,2026-06-07,20260607T030454-0400,80,80.0,91.0,
B,austin,2026-06-07,20260607T040613-0400,80,80.0,91.0,
B,austin,2026-06-07,20260607T050730-0400,80,80.0,91.0,
B,austin,2026-06-07,20260607T060833-0400,80,80.0,91.0,
B,austin,2026-06-07,20260607T071007-0400,80,80.0,91.0,
B,austin,2026-06-07,20260607T080105-0400,80,80.0,91.0,
B,austin,2026-06-07,20260607T090232-0400,80,80.0,80.0,
B,austin,2026-06-07,20260607T100354-0400,80,80.0,81.0,
B,austin,2026-06-07,20260607T110456-0400,81,81.0,83.0,
B,austin,2026-06-07,20260607T120700-0400,81,81.0,86.0,
B,austin,2026-06-07,20260607T130915-0400,83,83.0,86.0,
B,austin,2026-06-07,20260607T140126-0400,83,83.0,88.0,
B,austin,2026-06-07,20260607T150314-0400,87,87.0,89.0,
B,austin,2026-06-07,20260607T160457-0400,88,88.0,90.0,
B,austin,2026-06-07,20260607T170737-0400,88,88.0,90.0,
B,austin,2026-06-07,20260607T181015-0400,89,89.0,90.0,
B,austin,2026-06-07,20260607T190209-0400,89,89.0,90.0,
B,austin,2026-06-07,20260607T200347-0400,90,90.0,90.0,
B,austin,2026-06-07,20260607T210532-0400,90,90.0,90.0,
B,austin,2026-06-07,20260607T220712-0400,90,90.0,90.0,
B,austin,2026-06-07,20260607T230919-0400,90,90.0,90.0,
B,austin,2026-06-07,20260608T000050-0400,90,90.0,90.0,
B,austin,2026-06-08,20260608T010232-0400,17,17.0,,
B,austin,2026-06-08,20260608T020401-0400,79,79.0,90.0,
B,austin,2026-06-08,20260608T030548-0400,79,79.0,90.0,
B,austin,2026-06-08,20260608T040708-0400,79,79.0,90.0,
B,austin,2026-06-08,20260608T050849-0400,79,79.0,90.0,
B,austin,2026-06-08,20260608T060033-0400,79,79.0,90.0,
B,austin,2026-06-08,20260608T070218-0400,79,79.0,90.0,
B,austin,2026-06-08,20260608T080352-0400,79,79.0,90.0,
B,austin,2026-06-08,20260608T090545-0400,79,79.0,80.0,
B,austin,2026-06-08,20260608T100735-0400,80,80.0,83.0,
B,austin,2026-06-08,20260608T110925-0400,83,83.0,85.0,
B,austin,2026-06-08,20260608T120106-0400,86,86.0,86.0,
B,austin,2026-06-08,20260608T130301-0400,86,86.0,88.0,
B,austin,2026-06-08,20260608T140510-0400,86,86.0,88.0,
B,austin,2026-06-08,20260608T150712-0400,87,87.0,88.0,
B,austin,2026-06-08,20260608T160956-0400,88,88.0,88.0,
B,austin,2026-06-08,20260608T170219-0400,88,88.0,88.0,
B,austin,2026-06-08,20260608T180443-0400,88,88.0,88.0,
B,austin,2026-06-08,20260608T191525-0400,88,88.0,88.0,
B,austin,2026-06-08,20260608T200644-0400,88,88.0,88.0,
B,austin,2026-06-08,20260608T210810-0400,88,88.0,88.0,
B,austin,2026-06-08,20260608T220944-0400,88,88.0,88.0,
B,austin,2026-06-08,20260608T230130-0400,88,88.0,88.0,
B,austin,2026-06-08,20260609T000253-0400,88,88.0,88.0,
B,austin,2026-06-11,20260611T050119-0400,79,79.0,91.0,
B,austin,2026-06-11,20260611T061017-0400,79,79.0,91.0,
B,austin,2026-06-11,20260611T070046-0400,79,79.0,91.0,
B,austin,2026-06-11,20260611T080401-0400,79,79.0,91.0,
B,austin,2026-06-11,20260611T090609-0400,79,79.0,79.0,
B,austin,2026-06-11,20260611T100748-0400,79,79.0,81.0,
B,austin,2026-06-11,20260611T110326-0400,79,79.0,84.0,
B,austin,2026-06-11,20260611T120524-0400,84,84.0,87.0,
B,austin,2026-06-11,20260611T130710-0400,84,84.0,88.0,
B,austin,2026-06-11,20260611T140947-0400,86,86.0,89.0,
B,austin,2026-06-11,20260611T150151-0400,87,87.0,91.0,
B,austin,2026-06-11,20260611T160415-0400,88,88.0,92.0,
B,austin,2026-06-11,20260611T170618-0400,91,91.0,93.0,
B,austin,2026-06-11,20260611T180825-0400,92,92.0,93.0,
B,austin,2026-06-11,20260611T190958-0400,93,93.0,93.0,
B,austin,2026-06-11,20260611T200213-0400,93,93.0,93.0,
B,austin,2026-06-11,20260611T210544-0400,93,93.0,93.0,
B,austin,2026-06-11,20260611T220727-0400,93,93.0,93.0,
B,austin,2026-06-11,20260611T231002-0400,93,93.0,93.0,
B,austin,2026-06-11,20260612T000129-0400,93,93.0,93.0,
B,austin,2026-06-12,20260612T010301-0400,80,80.0,93.0,
B,austin,2026-06-12,20260612T020450-0400,80,80.0,93.0,
B,austin,2026-06-12,20260612T030611-0400,80,80.0,93.0,
B,austin,2026-06-12,20260612T040734-0400,80,80.0,93.0,
B,austin,2026-06-12,20260612T050852-0400,80,80.0,93.0,
B,austin,2026-06-12,20260612T060033-0400,80,80.0,93.0,
B,austin,2026-06-12,20260612T070209-0400,80,80.0,93.0,
B,austin,2026-06-12,20260612T080352-0400,80,80.0,78.0,
B,austin,2026-06-12,20260612T090629-0400,80,80.0,80.0,
B,austin,2026-06-12,20260612T100819-0400,80,80.0,82.0,
B,austin,2026-06-12,20260612T111009-0400,80,80.0,83.0,
B,austin,2026-06-12,20260612T120141-0400,82,82.0,85.0,
B,austin,2026-06-12,20260612T130330-0400,82,82.0,88.0,
B,austin,2026-06-12,20260612T140511-0400,86,86.0,89.0,
B,austin,2026-06-12,20260612T150659-0400,88,88.0,91.0,
B,austin,2026-06-12,20260612T160903-0400,89,89.0,93.0,
B,austin,2026-06-12,20260612T170050-0400,92,92.0,93.0,
B,austin,2026-06-12,20260612T180249-0400,93,93.0,94.0,
B,austin,2026-06-12,20260612T190413-0400,94,94.0,95.0,
B,austin,2026-06-12,20260612T200648-0400,94,94.0,95.0,
B,austin,2026-06-12,20260612T210911-0400,94,94.0,95.0,
B,austin,2026-06-12,20260612T220050-0400,94,94.0,95.0,
B,austin,2026-06-12,20260612T230251-0400,94,94.0,95.0,
B,austin,2026-06-12,20260613T000422-0400,94,94.0,95.0,
B,austin,2026-06-13,20260613T010553-0400,17,17.0,,
B,austin,2026-06-13,20260613T020724-0400,79,79.0,95.0,
B,austin,2026-06-13,20260613T030850-0400,79,79.0,95.0,
B,austin,2026-06-13,20260613T040005-0400,79,79.0,95.0,
B,austin,2026-06-13,20260613T050150-0400,79,79.0,95.0,
B,austin,2026-06-13,20260613T060301-0400,79,79.0,95.0,
B,austin,2026-06-13,20260613T070421-0400,79,79.0,95.0,
B,austin,2026-06-13,20260613T080609-0400,79,79.0,95.0,
B,austin,2026-06-13,20260613T090736-0400,79,79.0,78.0,
B,austin,2026-06-13,20260613T100903-0400,79,79.0,81.0,
B,austin,2026-06-13,20260613T110057-0400,81,81.0,84.0,
B,austin,2026-06-13,20260613T120723-0400,81,81.0,86.0,
B,austin,2026-06-13,20260613T130947-0400,84,84.0,89.0,
B,austin,2026-06-13,20260613T140115-0400,86,86.0,90.0,
B,austin,2026-06-13,20260613T150249-0400,88,88.0,91.0,
B,austin,2026-06-13,20260613T160419-0400,89,89.0,92.0,
B,austin,2026-06-13,20260613T170617-0400,91,91.0,93.0,
B,austin,2026-06-13,20260613T180837-0400,93,93.0,93.0,
B,austin,2026-06-13,20260613T190048-0400,93,93.0,93.0,
B,austin,2026-06-13,20260613T200331-0400,93,93.0,93.0,
B,austin,2026-06-13,20260613T210528-0400,93,93.0,93.0,
B,austin,2026-06-13,20260613T220049-0400,93,93.0,93.0,
B,austin,2026-06-13,20260613T230233-0400,93,93.0,93.0,
B,austin,2026-06-13,20260614T000207-0400,93,93.0,93.0,
B,austin,2026-06-14,20260614T010959-0400,79,79.0,93.0,
B,austin,2026-06-14,20260614T020133-0400,78,78.0,93.0,
B,austin,2026-06-14,20260614T030316-0400,78,78.0,93.0,
B,austin,2026-06-14,20260614T040445-0400,78,78.0,93.0,
B,austin,2026-06-14,20260614T050306-0400,78,78.0,93.0,
B,austin,2026-06-14,20260614T060713-0400,78,78.0,93.0,
B,austin,2026-06-14,20260614T070829-0400,78,78.0,93.0,
B,austin,2026-06-14,20260614T080301-0400,78,78.0,77.0,
B,austin,2026-06-14,20260614T090107-0400,78,78.0,78.0,
B,austin,2026-06-14,20260614T100242-0400,78,78.0,80.0,
B,austin,2026-06-14,20260614T110201-0400,78,78.0,83.0,
B,austin,2026-06-14,20260614T120012-0400,81,81.0,85.0,
B,austin,2026-06-14,20260614T130710-0400,83,83.0,88.0,
B,austin,2026-06-14,20260614T140403-0400,85,85.0,89.0,
B,austin,2026-06-14,20260614T150402-0400,86,86.0,89.0,
B,austin,2026-06-14,20260614T160130-0400,89,89.0,90.0,
B,austin,2026-06-14,20260614T170525-0400,92,92.0,90.0,
B,austin,2026-06-14,20260614T180356-0400,92,92.0,90.0,
B,austin,2026-06-14,20260614T190532-0400,92,92.0,90.0,
B,austin,2026-06-14,20260614T200033-0400,92,92.0,90.0,
B,austin,2026-06-14,20260614T210046-0400,92,92.0,90.0,
B,austin,2026-06-14,20260614T220326-0400,92,92.0,90.0,
B,austin,2026-06-14,20260614T230533-0400,92,92.0,90.0,
B,austin,2026-06-14,20260615T000533-0400,92,92.0,90.0,
B,austin,2026-06-15,20260615T010536-0400,17,17.0,,
B,austin,2026-06-15,20260615T020621-0400,81,81.0,90.0,
B,austin,2026-06-15,20260615T030532-0400,81,81.0,90.0,
B,austin,2026-06-15,20260615T040534-0400,81,81.0,90.0,
B,austin,2026-06-15,20260615T050533-0400,81,81.0,90.0,
B,austin,2026-06-15,20260615T060727-0400,81,81.0,90.0,
B,austin,2026-06-15,20260615T071538-0400,81,81.0,90.0,
B,austin,2026-06-15,20260615T080537-0400,81,81.0,90.0,
B,austin,2026-06-15,20260615T090023-0400,81,81.0,72.0,
B,austin,2026-06-15,20260615T100541-0400,81,81.0,72.0,
B,austin,2026-06-15,20260615T111542-0400,81,81.0,73.0,
B,austin,2026-06-15,20260615T121532-0400,81,81.0,75.0,
B,austin,2026-06-15,20260615T130543-0400,81,81.0,76.0,
B,austin,2026-06-15,20260615T140534-0400,81,81.0,78.0,
B,austin,2026-06-15,20260615T150543-0400,81,81.0,82.0,
B,austin,2026-06-15,20260615T160511-0400,83,83.0,83.0,
B,austin,2026-06-15,20260615T170517-0400,83,83.0,84.0,
B,austin,2026-06-15,20260615T180713-0400,83,83.0,84.0,
B,austin,2026-06-15,20260615T190532-0400,83,83.0,84.0,
B,austin,2026-06-15,20260615T202513-0400,83,83.0,84.0,
B,austin,2026-06-15,20260615T211607-0400,83,83.0,84.0,
B,austin,2026-06-15,20260615T220028-0400,83,83.0,84.0,
B,austin,2026-06-15,20260615T231050-0400,83,83.0,84.0,
B,austin,2026-06-15,20260616T001034-0400,83,83.0,83.0,
B,austin,2026-06-16,20260616T010510-0400,17,17.0,,
B,austin,2026-06-16,20260616T020506-0400,75,75.0,84.0,
B,austin,2026-06-16,20260616T030130-0400,75,75.0,84.0,
B,austin,2026-06-16,20260616T040107-0400,75,75.0,84.0,
B,austin,2026-06-16,20260616T050518-0400,75,75.0,84.0,
B,austin,2026-06-16,20260616T060109-0400,75,75.0,84.0,
B,austin,2026-06-16,20260616T070211-0400,75,75.0,84.0,
B,austin,2026-06-16,20260616T080209-0400,75,75.0,74.0,
B,austin,2026-06-16,20260616T090446-0400,75,75.0,75.0,
B,austin,2026-06-16,20260616T100233-0400,75,75.0,78.0,
B,austin,2026-06-16,20260616T111220-0400,80,80.0,81.0,
B,austin,2026-06-16,20260616T120217-0400,80,80.0,83.0,
B,austin,2026-06-16,20260616T130317-0400,83,83.0,85.0,
B,austin,2026-06-16,20260616T140514-0400,85,85.0,87.0,
B,austin,2026-06-16,20260616T151512-0400,87,87.0,89.0,
B,austin,2026-06-16,20260616T160307-0400,88,88.0,90.0,
B,austin,2026-06-16,20260616T170312-0400,90,90.0,90.0,
B,austin,2026-06-16,20260616T180035-0400,90,90.0,90.0,
B,austin,2026-06-16,20260616T190239-0400,90,90.0,90.0,
B,austin,2026-06-16,20260616T200251-0400,90,90.0,90.0,
B,austin,2026-06-16,20260616T210125-0400,90,90.0,90.0,
B,austin,2026-06-16,20260616T220233-0400,90,90.0,90.0,
B,austin,2026-06-16,20260616T230233-0400,90,90.0,90.0,
B,austin,2026-06-16,20260617T000233-0400,90,90.0,90.0,
B,austin,2026-06-17,20260617T010234-0400,17,17.0,,
B,austin,2026-06-17,20260617T020236-0400,77,77.0,90.0,
B,austin,2026-06-17,20260617T030533-0400,77,77.0,90.0,
B,austin,2026-06-17,20260617T040244-0400,77,77.0,90.0,
B,austin,2026-06-17,20260617T050234-0400,77,77.0,90.0,
B,austin,2026-06-17,20260617T060232-0400,77,77.0,90.0,
B,austin,2026-06-17,20260617T070233-0400,77,77.0,90.0,
B,austin,2026-06-17,20260617T080633-0400,77,77.0,75.0,
B,austin,2026-06-17,20260617T091232-0400,77,77.0,76.0,
B,austin,2026-06-17,20260617T100237-0400,80,80.0,79.0,
B,austin,2026-06-17,20260617T110236-0400,80,80.0,82.0,
B,austin,2026-06-17,20260617T124234-0400,81,81.0,85.0,
B,austin,2026-06-17,20260617T131232-0400,82,82.0,85.0,
B,austin,2026-06-17,20260617T142734-0400,86,86.0,87.0,
B,austin,2026-06-17,20260617T150739-0400,86,86.0,88.0,
B,austin,2026-06-17,20260617T160248-0400,87,87.0,88.0,
B,austin,2026-06-17,20260617T171233-0400,87,87.0,89.0,
B,austin,2026-06-17,20260617T181237-0400,88,88.0,90.0,
B,austin,2026-06-17,20260617T190840-0400,89,89.0,90.0,
B,austin,2026-06-17,20260617T201240-0400,89,89.0,90.0,
B,austin,2026-06-17,20260617T211234-0400,89,89.0,90.0,
B,austin,2026-06-17,20260617T221239-0400,89,89.0,90.0,
B,austin,2026-06-17,20260617T230232-0400,89,89.0,90.0,
B,austin,2026-06-17,20260618T000240-0400,89,89.0,90.0,
B,austin,2026-06-19,20260619T010233-0400,17,17.0,,
B,austin,2026-06-19,20260619T020231-0400,84,84.0,97.0,
B,austin,2026-06-19,20260619T030738-0400,84,84.0,97.0,
B,austin,2026-06-19,20260619T041232-0400,84,84.0,97.0,
B,austin,2026-06-19,20260619T050434-0400,84,84.0,97.0,
B,austin,2026-06-19,20260619T060528-0400,84,84.0,97.0,
B,austin,2026-06-19,20260619T070239-0400,84,84.0,97.0,
B,austin,2026-06-19,20260619T080612-0400,84,84.0,82.0,
B,austin,2026-06-19,20260619T090345-0400,84,84.0,82.0,
B,austin,2026-06-19,20260619T100630-0400,84,84.0,84.0,
B,austin,2026-06-19,20260619T110238-0400,84,84.0,85.0,
B,austin,2026-06-19,20260619T120235-0400,84,84.0,85.0,
B,austin,2026-06-19,20260619T130312-0400,84,84.0,85.0,
B,austin,2026-06-19,20260619T140643-0400,85,85.0,86.0,
B,austin,2026-06-19,20260619T150238-0400,86,86.0,86.0,
B,austin,2026-06-19,20260619T160333-0400,86,86.0,86.0,
B,austin,2026-06-19,20260619T170233-0400,86,86.0,86.0,
B,austin,2026-06-19,20260619T180735-0400,86,86.0,88.0,
B,austin,2026-06-19,20260619T190011-0400,88,88.0,88.0,
B,austin,2026-06-19,20260619T201453-0400,88,88.0,88.0,
B,austin,2026-06-19,20260619T210303-0400,88,88.0,88.0,
B,austin,2026-06-19,20260619T220659-0400,88,88.0,88.0,
B,austin,2026-06-19,20260619T230140-0400,88,88.0,88.0,
B,austin,2026-06-19,20260620T000544-0400,88,88.0,88.0,
B,austin,2026-06-20,20260620T010541-0400,17,17.0,,
B,austin,2026-06-20,20260620T020538-0400,79,79.0,88.0,
B,austin,2026-06-20,20260620T030139-0400,79,79.0,88.0,
B,austin,2026-06-20,20260620T041541-0400,79,79.0,88.0,
B,austin,2026-06-20,20260620T050040-0400,79,79.0,88.0,
B,austin,2026-06-20,20260620T060138-0400,79,79.0,88.0,
B,austin,2026-06-20,20260620T071540-0400,79,79.0,88.0,
B,austin,2026-06-20,20260620T080239-0400,79,79.0,72.0,
B,austin,2026-06-20,20260620T090546-0400,79,79.0,73.0,
B,austin,2026-06-20,20260620T100854-0400,79,79.0,74.0,
B,austin,2026-06-20,20260620T110031-0400,79,79.0,77.0,
B,austin,2026-06-20,20260620T120120-0400,79,79.0,80.0,
B,austin,2026-06-20,20260620T130119-0400,80,80.0,84.0,
B,austin,2026-06-20,20260620T140024-0400,85,85.0,86.0,
B,austin,2026-06-20,20260620T150029-0400,87,87.0,87.0,
B,austin,2026-06-20,20260620T160138-0400,87,87.0,87.0,
B,austin,2026-06-20,20260620T170046-0400,89,89.0,89.0,
B,austin,2026-06-20,20260620T180038-0400,89,89.0,89.0,
B,austin,2026-06-20,20260620T190207-0400,89,89.0,89.0,
B,austin,2026-06-20,20260620T201034-0400,89,89.0,89.0,
B,austin,2026-06-20,20260620T210034-0400,89,89.0,89.0,
B,austin,2026-06-20,20260620T220109-0400,89,89.0,89.0,
B,austin,2026-06-20,20260620T230309-0400,89,89.0,89.0,
B,austin,2026-06-20,20260621T000039-0400,89,89.0,89.0,
B,austin,2026-06-21,20260621T010037-0400,17,17.0,,
B,austin,2026-06-21,20260621T021037-0400,74,74.0,89.0,
B,austin,2026-06-21,20260621T030437-0400,74,74.0,89.0,
B,austin,2026-06-21,20260621T041221-0400,74,74.0,89.0,
B,austin,2026-06-21,20260621T050023-0400,74,74.0,89.0,
B,austin,2026-06-21,20260621T060022-0400,75,75.0,89.0,
B,austin,2026-06-21,20260621T070041-0400,75,75.0,89.0,
B,austin,2026-06-21,20260621T080027-0400,75,75.0,89.0,
B,austin,2026-06-21,20260621T090028-0400,76,76.0,77.0,
B,austin,2026-06-21,20260621T100028-0400,78,78.0,78.0,
B,austin,2026-06-21,20260621T110221-0400,79,79.0,80.0,
B,austin,2026-06-21,20260621T120122-0400,79,79.0,82.0,
B,austin,2026-06-21,20260621T130231-0400,82,82.0,85.0,
B,austin,2026-06-21,20260621T141227-0400,85,85.0,88.0,
B,austin,2026-06-21,20260621T150027-0400,88,88.0,90.0,
B,austin,2026-06-21,20260621T160034-0400,91,91.0,91.0,
B,austin,2026-06-21,20260621T170025-0400,92,92.0,92.0,
B,austin,2026-06-21,20260621T180035-0400,93,93.0,92.0,
B,austin,2026-06-21,20260621T190038-0400,93,93.0,92.0,
B,austin,2026-06-21,20260621T200041-0400,93,93.0,92.0,
B,austin,2026-06-21,20260621T210052-0400,93,93.0,92.0,
B,austin,2026-06-21,20260621T225337-0400,93,93.0,92.0,
B,austin,2026-06-21,20260621T230009-0400,93,93.0,92.0,
B,austin,2026-06-21,20260622T000000-0400,93,93.0,92.0,
B,austin,2026-06-22,20260622T010241-0400,,,,
B,austin,2026-06-22,20260622T021031-0400,81,81.0,92.0,
B,austin,2026-06-22,20260622T030030-0400,81,81.0,92.0,
B,austin,2026-06-22,20260622T040023-0400,81,81.0,92.0,
B,austin,2026-06-22,20260622T050120-0400,81,81.0,92.0,
B,austin,2026-06-22,20260622T061030-0400,81,81.0,92.0,
B,austin,2026-06-22,20260622T070025-0400,81,81.0,92.0,
B,austin,2026-06-22,20260622T081032-0400,81,81.0,92.0,
B,austin,2026-06-22,20260622T090032-0400,81,81.0,80.0,
B,austin,2026-06-22,20260622T100023-0400,81,81.0,82.0,
B,austin,2026-06-22,20260622T110027-0400,85,85.0,85.0,
B,austin,2026-06-22,20260622T120037-0400,85,85.0,88.0,
B,austin,2026-06-22,20260622T130022-0400,88,88.0,91.0,
B,austin,2026-06-22,20260622T140119-0400,91,91.0,92.0,
B,austin,2026-06-22,20260622T150129-0400,91,91.0,93.0,
B,austin,2026-06-22,20260622T160124-0400,94,94.0,93.0,
B,austin,2026-06-22,20260622T171529-0400,94,94.0,94.0,
B,austin,2026-06-22,20260622T180043-0400,94,94.0,94.0,
B,austin,2026-06-22,20260622T190848-0400,94,94.0,94.0,
B,austin,2026-06-22,20260622T200531-0400,94,94.0,94.0,
B,austin,2026-06-22,20260622T211445-0400,94,94.0,94.0,
B,austin,2026-06-22,20260622T220235-0400,94,94.0,94.0,
B,austin,2026-06-22,20260622T231042-0400,94,94.0,94.0,
B,austin,2026-06-22,20260623T000233-0400,94,94.0,94.0,
B,austin,2026-06-26,20260626T010923-0400,78,78.0,92.0,
B,austin,2026-06-26,20260626T020925-0400,77,77.0,92.0,
B,austin,2026-06-26,20260626T030925-0400,77,77.0,92.0,
B,austin,2026-06-26,20260626T040923-0400,77,77.0,92.0,
B,austin,2026-06-26,20260626T051920-0400,77,77.0,92.0,
B,austin,2026-06-26,20260626T060028-0400,77,77.0,92.0,
B,austin,2026-06-26,20260626T070923-0400,77,77.0,92.0,
B,austin,2026-06-26,20260626T081031-0400,77,77.0,77.0,
B,austin,2026-06-26,20260626T090110-0400,77,77.0,79.0,
B,austin,2026-06-26,20260626T101049-0400,79,79.0,82.0,
B,austin,2026-06-26,20260626T110412-0400,81,81.0,84.0,
B,austin,2026-06-26,20260626T121048-0400,83,83.0,87.0,
B,austin,2026-06-26,20260626T130050-0400,86,86.0,89.0,
B,austin,2026-06-26,20260626T140151-0400,88,88.0,90.0,
B,austin,2026-06-26,20260626T150628-0400,89,89.0,91.0,
B,austin,2026-06-26,20260626T160203-0400,91,91.0,94.0,
B,austin,2026-06-26,20260626T170638-0400,94,94.0,94.0,
B,austin,2026-06-26,20260626T180209-0400,94,94.0,94.0,
B,austin,2026-06-26,20260626T190626-0400,94,94.0,94.0,
B,austin,2026-06-26,20260626T201623-0400,94,94.0,94.0,
B,austin,2026-06-26,20260626T210234-0400,94,94.0,94.0,
B,austin,2026-06-26,20260626T220234-0400,94,94.0,94.0,
B,austin,2026-06-26,20260626T230633-0400,94,94.0,94.0,
B,austin,2026-06-26,20260627T000637-0400,94,94.0,94.0,
B,austin,2026-06-28,20260628T010232-0400,,,,
B,austin,2026-06-28,20260628T020240-0400,,,,
B,austin,2026-06-28,20260628T030236-0400,,,,
B,austin,2026-06-28,20260628T040243-0400,,,,
B,austin,2026-06-28,20260628T050228-0400,,,,
B,austin,2026-06-28,20260628T060232-0400,,,,
B,austin,2026-06-28,20260628T070226-0400,,,,
B,austin,2026-06-28,20260628T080228-0400,,,,
B,austin,2026-06-28,20260628T090234-0400,,,,
B,austin,2026-06-28,20260628T101232-0400,,,,
B,austin,2026-06-28,20260628T110314-0400,,,,
B,austin,2026-06-28,20260628T120238-0400,,,,
B,austin,2026-06-28,20260628T130233-0400,,,,
B,austin,2026-06-28,20260628T140230-0400,,,,
B,austin,2026-06-28,20260628T150235-0400,,,,
B,austin,2026-06-28,20260628T160239-0400,,,,
B,austin,2026-06-28,20260628T170229-0400,,,,
B,austin,2026-06-28,20260628T180419-0400,,,,
B,austin,2026-06-28,20260628T190437-0400,,,,
B,austin,2026-06-28,20260628T200354-0400,,,,
B,austin,2026-06-28,20260628T210508-0400,,,,
B,austin,2026-06-29,20260629T104059-0400,,,,
B,austin,2026-06-29,20260629T110103-0400,,,,
B,austin,2026-06-29,20260629T121104-0400,,,,
B,austin,2026-06-29,20260629T131408-0400,,,,
B,austin,2026-06-29,20260629T140517-0400,,,,
B,austin,2026-06-29,20260629T150416-0400,,,,
B,austin,2026-06-29,20260629T160800-0400,,,,
B,austin,2026-06-29,20260629T170228-0400,,,,
B,austin,2026-06-29,20260629T180658-0400,,,,
B,austin,2026-06-29,20260629T190751-0400,,,,
B,austin,2026-06-29,20260629T200453-0400,,,,
B,austin,2026-06-29,20260629T210310-0400,,,,
B,austin,2026-06-29,20260629T220249-0400,,,,
B,austin,2026-06-29,20260629T230846-0400,,,,
B,austin,2026-06-29,20260630T000406-0400,,,,
B,austin,2026-06-30,20260630T010024-0400,,,,
B,austin,2026-06-30,20260630T020351-0400,,,,
B,austin,2026-06-30,20260630T030720-0400,,,,
B,austin,2026-06-30,20260630T040145-0400,,,,
B,austin,2026-06-30,20260630T050507-0400,,,,
B,austin,2026-06-30,20260630T060833-0400,,,,
B,austin,2026-06-30,20260630T070259-0400,,,,
B,austin,2026-06-30,20260630T080706-0400,,,,
B,austin,2026-06-30,20260630T090146-0400,,,,
B,austin,2026-06-30,20260630T100039-0400,,,,
B,austin,2026-06-30,20260630T110830-0400,,,,
B,austin,2026-06-30,20260630T120940-0400,,,,
B,austin,2026-06-30,20260630T131531-0400,,,,
B,austin,2026-06-30,20260630T141430-0400,,,,
B,austin,2026-06-30,20260630T150542-0400,,,,
B,austin,2026-06-30,20260630T160032-0400,,,,
B,austin,2026-06-30,20260630T170405-0400,,,,
B,austin,2026-06-30,20260630T180759-0400,,,,
B,austin,2026-06-30,20260630T190228-0400,,,,
B,austin,2026-06-30,20260630T200217-0400,,,,
B,austin,2026-06-30,20260630T210556-0400,,,,
B,austin,2026-06-30,20260630T220030-0400,,,,
B,austin,2026-06-30,20260630T230430-0400,,,,
B,austin,2026-06-30,20260701T000822-0400,,,,
B,chicago,2026-06-07,20260607T010223-0400,17,17.0,,
B,chicago,2026-06-07,20260607T020346-0400,71,71.0,86.0,
B,chicago,2026-06-07,20260607T030455-0400,71,71.0,86.0,
B,chicago,2026-06-07,20260607T040614-0400,71,71.0,86.0,
B,chicago,2026-06-07,20260607T050731-0400,71,71.0,86.0,
B,chicago,2026-06-07,20260607T060834-0400,71,71.0,86.0,
B,chicago,2026-06-07,20260607T071011-0400,71,71.0,86.0,
B,chicago,2026-06-07,20260607T080105-0400,71,71.0,86.0,
B,chicago,2026-06-07,20260607T090233-0400,71,71.0,69.0,
B,chicago,2026-06-07,20260607T100354-0400,71,71.0,71.0,
B,chicago,2026-06-07,20260607T110457-0400,72,72.0,76.0,
B,chicago,2026-06-07,20260607T120701-0400,72,72.0,79.0,
B,chicago,2026-06-07,20260607T130916-0400,77,77.0,81.0,
B,chicago,2026-06-07,20260607T140056-0400,77,77.0,82.0,
B,chicago,2026-06-07,20260607T150315-0400,82,82.0,82.0,
B,chicago,2026-06-07,20260607T160459-0400,83,83.0,82.0,
B,chicago,2026-06-07,20260607T170738-0400,83,83.0,82.0,
B,chicago,2026-06-07,20260607T181017-0400,83,83.0,82.0,
B,chicago,2026-06-07,20260607T190212-0400,83,83.0,82.0,
B,chicago,2026-06-07,20260607T200348-0400,83,83.0,82.0,
B,chicago,2026-06-07,20260607T210533-0400,83,83.0,82.0,
B,chicago,2026-06-07,20260607T220713-0400,83,83.0,82.0,
B,chicago,2026-06-07,20260607T230920-0400,83,83.0,82.0,
B,chicago,2026-06-07,20260608T000052-0400,83,83.0,82.0,
B,chicago,2026-06-08,20260608T010234-0400,66,66.0,82.0,
B,chicago,2026-06-08,20260608T020402-0400,67,67.0,82.0,
B,chicago,2026-06-08,20260608T030549-0400,67,67.0,82.0,
B,chicago,2026-06-08,20260608T040709-0400,67,67.0,82.0,
B,chicago,2026-06-08,20260608T050850-0400,67,67.0,82.0,
B,chicago,2026-06-08,20260608T060035-0400,67,67.0,82.0,
B,chicago,2026-06-08,20260608T070219-0400,69,69.0,82.0,
B,chicago,2026-06-08,20260608T080353-0400,69,69.0,69.0,
B,chicago,2026-06-08,20260608T090546-0400,69,69.0,70.0,
B,chicago,2026-06-08,20260608T100736-0400,71,71.0,74.0,
B,chicago,2026-06-08,20260608T110927-0400,74,74.0,75.0,
B,chicago,2026-06-08,20260608T120107-0400,74,74.0,76.0,
B,chicago,2026-06-08,20260608T130303-0400,74,74.0,80.0,
B,chicago,2026-06-08,20260608T140511-0400,74,74.0,82.0,
B,chicago,2026-06-08,20260608T150713-0400,80,80.0,83.0,
B,chicago,2026-06-08,20260608T160957-0400,84,84.0,83.0,
B,chicago,2026-06-08,20260608T170222-0400,84,84.0,83.0,
B,chicago,2026-06-08,20260608T180444-0400,84,84.0,83.0,
B,chicago,2026-06-08,20260608T191527-0400,84,84.0,83.0,
B,chicago,2026-06-08,20260608T200645-0400,84,84.0,83.0,
B,chicago,2026-06-08,20260608T210811-0400,84,84.0,83.0,
B,chicago,2026-06-08,20260608T220945-0400,84,84.0,83.0,
B,chicago,2026-06-08,20260608T230132-0400,84,84.0,83.0,
B,chicago,2026-06-08,20260609T000254-0400,84,84.0,83.0,
B,chicago,2026-06-11,20260611T050130-0400,68,68.0,91.0,
B,chicago,2026-06-11,20260611T061036-0400,68,68.0,91.0,
B,chicago,2026-06-11,20260611T070047-0400,68,68.0,91.0,
B,chicago,2026-06-11,20260611T080402-0400,68,68.0,91.0,
B,chicago,2026-06-11,20260611T090610-0400,68,68.0,70.0,
B,chicago,2026-06-11,20260611T100749-0400,70,70.0,72.0,
B,chicago,2026-06-11,20260611T110328-0400,70,70.0,76.0,
B,chicago,2026-06-11,20260611T120533-0400,72,72.0,81.0,
B,chicago,2026-06-11,20260611T130711-0400,81,81.0,83.0,
B,chicago,2026-06-11,20260611T140948-0400,82,82.0,83.0,
B,chicago,2026-06-11,20260611T150152-0400,82,82.0,83.0,
B,chicago,2026-06-11,20260611T160416-0400,82,82.0,83.0,
B,chicago,2026-06-11,20260611T170619-0400,82,82.0,83.0,
B,chicago,2026-06-11,20260611T180826-0400,82,82.0,83.0,
B,chicago,2026-06-11,20260611T190959-0400,82,82.0,83.0,
B,chicago,2026-06-11,20260611T200215-0400,82,82.0,83.0,
B,chicago,2026-06-11,20260611T210546-0400,82,82.0,83.0,
B,chicago,2026-06-11,20260611T220731-0400,82,82.0,83.0,
B,chicago,2026-06-11,20260611T231004-0400,82,82.0,83.0,
B,chicago,2026-06-11,20260612T000130-0400,82,82.0,83.0,
B,chicago,2026-06-12,20260612T010302-0400,68,68.0,83.0,
B,chicago,2026-06-12,20260612T020451-0400,66,66.0,83.0,
B,chicago,2026-06-12,20260612T030612-0400,66,66.0,83.0,
B,chicago,2026-06-12,20260612T040735-0400,66,66.0,83.0,
B,chicago,2026-06-12,20260612T050853-0400,66,66.0,83.0,
B,chicago,2026-06-12,20260612T060034-0400,66,66.0,83.0,
B,chicago,2026-06-12,20260612T070210-0400,66,66.0,83.0,
B,chicago,2026-06-12,20260612T080353-0400,66,66.0,63.0,
B,chicago,2026-06-12,20260612T090632-0400,66,66.0,65.0,
B,chicago,2026-06-12,20260612T100820-0400,66,66.0,68.0,
B,chicago,2026-06-12,20260612T111010-0400,68,68.0,71.0,
B,chicago,2026-06-12,20260612T120142-0400,68,68.0,74.0,
B,chicago,2026-06-12,20260612T130332-0400,70,70.0,77.0,
B,chicago,2026-06-12,20260612T140512-0400,74,74.0,79.0,
B,chicago,2026-06-12,20260612T150700-0400,75,75.0,80.0,
B,chicago,2026-06-12,20260612T160905-0400,78,78.0,81.0,
B,chicago,2026-06-12,20260612T170051-0400,79,79.0,81.0,
B,chicago,2026-06-12,20260612T180250-0400,80,80.0,82.0,
B,chicago,2026-06-12,20260612T190415-0400,81,81.0,82.0,
B,chicago,2026-06-12,20260612T200649-0400,81,81.0,82.0,
B,chicago,2026-06-12,20260612T210912-0400,81,81.0,82.0,
B,chicago,2026-06-12,20260612T220051-0400,81,81.0,82.0,
B,chicago,2026-06-12,20260612T230252-0400,81,81.0,82.0,
B,chicago,2026-06-12,20260613T000423-0400,81,81.0,82.0,
B,chicago,2026-06-13,20260613T010559-0400,70,70.0,82.0,
B,chicago,2026-06-13,20260613T020725-0400,68,68.0,82.0,
B,chicago,2026-06-13,20260613T030851-0400,68,68.0,82.0,
B,chicago,2026-06-13,20260613T040008-0400,68,68.0,82.0,
B,chicago,2026-06-13,20260613T050151-0400,68,68.0,82.0,
B,chicago,2026-06-13,20260613T060302-0400,68,68.0,82.0,
B,chicago,2026-06-13,20260613T070423-0400,68,68.0,82.0,
B,chicago,2026-06-13,20260613T080610-0400,68,68.0,69.0,
B,chicago,2026-06-13,20260613T090737-0400,68,68.0,73.0,
B,chicago,2026-06-13,20260613T100904-0400,72,72.0,77.0,
B,chicago,2026-06-13,20260613T110059-0400,72,72.0,79.0,
B,chicago,2026-06-13,20260613T120724-0400,75,75.0,81.0,
B,chicago,2026-06-13,20260613T130948-0400,78,78.0,82.0,
B,chicago,2026-06-13,20260613T140115-0400,80,80.0,83.0,
B,chicago,2026-06-13,20260613T150250-0400,81,81.0,83.0,
B,chicago,2026-06-13,20260613T160420-0400,82,82.0,83.0,
B,chicago,2026-06-13,20260613T170619-0400,83,83.0,83.0,
B,chicago,2026-06-13,20260613T180839-0400,83,83.0,83.0,
B,chicago,2026-06-13,20260613T190049-0400,83,83.0,83.0,
B,chicago,2026-06-13,20260613T200333-0400,83,83.0,83.0,
B,chicago,2026-06-13,20260613T210529-0400,83,83.0,83.0,
B,chicago,2026-06-13,20260613T220050-0400,83,83.0,83.0,
B,chicago,2026-06-13,20260613T230234-0400,83,83.0,83.0,
B,chicago,2026-06-13,20260614T000101-0400,83,83.0,83.0,
B,chicago,2026-06-14,20260614T011002-0400,70,70.0,83.0,
B,chicago,2026-06-14,20260614T020135-0400,68,68.0,83.0,
B,chicago,2026-06-14,20260614T030317-0400,68,68.0,83.0,
B,chicago,2026-06-14,20260614T040445-0400,69,69.0,83.0,
B,chicago,2026-06-14,20260614T050551-0400,69,69.0,83.0,
B,chicago,2026-06-14,20260614T060714-0400,69,69.0,83.0,
B,chicago,2026-06-14,20260614T070831-0400,69,69.0,83.0,
B,chicago,2026-06-14,20260614T080013-0400,69,69.0,83.0,
B,chicago,2026-06-14,20260614T090107-0400,69,69.0,62.0,
B,chicago,2026-06-14,20260614T100243-0400,69,69.0,62.0,
B,chicago,2026-06-14,20260614T110411-0400,69,69.0,62.0,
B,chicago,2026-06-14,20260614T120013-0400,69,69.0,64.0,
B,chicago,2026-06-14,20260614T130014-0400,69,69.0,66.0,
B,chicago,2026-06-14,20260614T140851-0400,69,69.0,68.0,
B,chicago,2026-06-14,20260614T150013-0400,69,69.0,68.0,
B,chicago,2026-06-14,20260614T160131-0400,69,69.0,68.0,
B,chicago,2026-06-14,20260614T171021-0400,69,69.0,68.0,
B,chicago,2026-06-14,20260614T180358-0400,69,69.0,69.0,
B,chicago,2026-06-14,20260614T190610-0400,69,69.0,69.0,
B,chicago,2026-06-14,20260614T200040-0400,69,69.0,69.0,
B,chicago,2026-06-14,20260614T210024-0400,69,69.0,69.0,
B,chicago,2026-06-14,20260614T220328-0400,69,69.0,69.0,
B,chicago,2026-06-14,20260614T230534-0400,69,69.0,69.0,
B,chicago,2026-06-14,20260615T000022-0400,69,69.0,69.0,
B,chicago,2026-06-15,20260615T010538-0400,58,58.0,69.0,
B,chicago,2026-06-15,20260615T020121-0400,56,56.0,69.0,
B,chicago,2026-06-15,20260615T030130-0400,56,56.0,69.0,
B,chicago,2026-06-15,20260615T040536-0400,56,56.0,69.0,
B,chicago,2026-06-15,20260615T050534-0400,56,56.0,69.0,
B,chicago,2026-06-15,20260615T061537-0400,56,56.0,69.0,
B,chicago,2026-06-15,20260615T071539-0400,56,56.0,69.0,
B,chicago,2026-06-15,20260615T080225-0400,56,56.0,58.0,
B,chicago,2026-06-15,20260615T090025-0400,58,58.0,61.0,
B,chicago,2026-06-15,20260615T100542-0400,61,61.0,65.0,
B,chicago,2026-06-15,20260615T110201-0400,64,64.0,68.0,
B,chicago,2026-06-15,20260615T121207-0400,64,64.0,71.0,
B,chicago,2026-06-15,20260615T130544-0400,67,67.0,72.0,
B,chicago,2026-06-15,20260615T140304-0400,70,70.0,74.0,
B,chicago,2026-06-15,20260615T150545-0400,71,71.0,74.0,
B,chicago,2026-06-15,20260615T160514-0400,73,73.0,76.0,
B,chicago,2026-06-15,20260615T170522-0400,75,75.0,76.0,
B,chicago,2026-06-15,20260615T180722-0400,75,75.0,76.0,
B,chicago,2026-06-15,20260615T190536-0400,75,75.0,76.0,
B,chicago,2026-06-15,20260615T202517-0400,76,76.0,76.0,
B,chicago,2026-06-15,20260615T211610-0400,76,76.0,76.0,
B,chicago,2026-06-15,20260615T221614-0400,76,76.0,76.0,
B,chicago,2026-06-15,20260615T231142-0400,76,76.0,76.0,
B,chicago,2026-06-15,20260616T000336-0400,76,76.0,76.0,
B,chicago,2026-06-16,20260616T010512-0400,67,67.0,76.0,
B,chicago,2026-06-16,20260616T020411-0400,65,65.0,76.0,
B,chicago,2026-06-16,20260616T030612-0400,65,65.0,76.0,
B,chicago,2026-06-16,20260616T041517-0400,65,65.0,76.0,
B,chicago,2026-06-16,20260616T050520-0400,65,65.0,76.0,
B,chicago,2026-06-16,20260616T061508-0400,65,65.0,76.0,
B,chicago,2026-06-16,20260616T070509-0400,65,65.0,76.0,
B,chicago,2026-06-16,20260616T080512-0400,65,65.0,65.0,
B,chicago,2026-06-16,20260616T090546-0400,65,65.0,66.0,
B,chicago,2026-06-16,20260616T100235-0400,65,65.0,67.0,
B,chicago,2026-06-16,20260616T111513-0400,67,67.0,70.0,
B,chicago,2026-06-16,20260616T121524-0400,69,69.0,71.0,
B,chicago,2026-06-16,20260616T131512-0400,70,70.0,72.0,
B,chicago,2026-06-16,20260616T140516-0400,72,72.0,75.0,
B,chicago,2026-06-16,20260616T151516-0400,76,76.0,76.0,
B,chicago,2026-06-16,20260616T161514-0400,76,76.0,76.0,
B,chicago,2026-06-16,20260616T170609-0400,76,76.0,76.0,
B,chicago,2026-06-16,20260616T180249-0400,76,76.0,76.0,
B,chicago,2026-06-16,20260616T190241-0400,76,76.0,76.0,
B,chicago,2026-06-16,20260616T200255-0400,76,76.0,76.0,
B,chicago,2026-06-16,20260616T210127-0400,76,76.0,76.0,
B,chicago,2026-06-16,20260616T220235-0400,76,76.0,76.0,
B,chicago,2026-06-16,20260616T230234-0400,76,76.0,76.0,
B,chicago,2026-06-16,20260617T000235-0400,76,76.0,76.0,
B,chicago,2026-06-19,20260619T010235-0400,17,17.0,,
B,chicago,2026-06-19,20260619T021321-0400,63,63.0,74.0,
B,chicago,2026-06-19,20260619T030740-0400,63,63.0,74.0,
B,chicago,2026-06-19,20260619T041237-0400,63,63.0,74.0,
B,chicago,2026-06-19,20260619T051319-0400,63,63.0,74.0,
B,chicago,2026-06-19,20260619T061235-0400,63,63.0,74.0,
B,chicago,2026-06-19,20260619T070242-0400,63,63.0,74.0,
B,chicago,2026-06-19,20260619T080408-0400,63,63.0,74.0,
B,chicago,2026-06-19,20260619T090154-0400,66,66.0,64.0,
B,chicago,2026-06-19,20260619T100439-0400,68,68.0,68.0,
B,chicago,2026-06-19,20260619T110240-0400,70,70.0,69.0,
B,chicago,2026-06-19,20260619T120236-0400,70,70.0,71.0,
B,chicago,2026-06-19,20260619T130211-0400,73,73.0,73.0,
B,chicago,2026-06-19,20260619T141300-0400,73,73.0,74.0,
B,chicago,2026-06-19,20260619T150241-0400,73,73.0,75.0,
B,chicago,2026-06-19,20260619T160336-0400,75,75.0,77.0,
B,chicago,2026-06-19,20260619T170236-0400,75,75.0,77.0,
B,chicago,2026-06-19,20260619T180535-0400,75,75.0,78.0,
B,chicago,2026-06-19,20260619T190014-0400,76,76.0,77.0,
B,chicago,2026-06-19,20260619T201455-0400,76,76.0,77.0,
B,chicago,2026-06-19,20260619T210309-0400,76,76.0,77.0,
B,chicago,2026-06-19,20260619T220703-0400,76,76.0,77.0,
B,chicago,2026-06-19,20260619T230700-0400,76,76.0,77.0,
B,chicago,2026-06-19,20260620T000546-0400,76,76.0,77.0,
B,chicago,2026-06-20,20260620T010544-0400,66,66.0,77.0,
B,chicago,2026-06-20,20260620T020543-0400,65,65.0,77.0,
B,chicago,2026-06-20,20260620T030540-0400,65,65.0,77.0,
B,chicago,2026-06-20,20260620T041543-0400,65,65.0,77.0,
B,chicago,2026-06-20,20260620T051542-0400,65,65.0,77.0,
B,chicago,2026-06-20,20260620T060040-0400,65,65.0,77.0,
B,chicago,2026-06-20,20260620T071543-0400,65,65.0,77.0,
B,chicago,2026-06-20,20260620T080540-0400,65,65.0,77.0,
B,chicago,2026-06-20,20260620T090548-0400,65,65.0,65.0,
B,chicago,2026-06-20,20260620T100901-0400,67,67.0,67.0,
B,chicago,2026-06-20,20260620T110034-0400,67,67.0,69.0,
B,chicago,2026-06-20,20260620T121024-0400,69,69.0,72.0,
B,chicago,2026-06-20,20260620T130325-0400,73,73.0,73.0,
B,chicago,2026-06-20,20260620T140026-0400,73,73.0,75.0,
B,chicago,2026-06-20,20260620T150033-0400,74,74.0,75.0,
B,chicago,2026-06-20,20260620T161037-0400,74,74.0,76.0,
B,chicago,2026-06-20,20260620T170042-0400,75,75.0,76.0,
B,chicago,2026-06-20,20260620T181056-0400,76,76.0,77.0,
B,chicago,2026-06-20,20260620T191033-0400,76,76.0,77.0,
B,chicago,2026-06-20,20260620T201036-0400,76,76.0,77.0,
B,chicago,2026-06-20,20260620T210037-0400,76,76.0,77.0,
B,chicago,2026-06-20,20260620T221013-0400,76,76.0,77.0,
B,chicago,2026-06-20,20260620T230906-0400,76,76.0,77.0,
B,chicago,2026-06-20,20260621T000044-0400,76,76.0,77.0,
B,chicago,2026-06-21,20260621T010042-0400,17,17.0,,
B,chicago,2026-06-21,20260621T021040-0400,64,64.0,77.0,
B,chicago,2026-06-21,20260621T030440-0400,64,64.0,77.0,
B,chicago,2026-06-21,20260621T041223-0400,64,64.0,77.0,
B,chicago,2026-06-21,20260621T050024-0400,64,64.0,77.0,
B,chicago,2026-06-21,20260621T061019-0400,64,64.0,77.0,
B,chicago,2026-06-21,20260621T070044-0400,64,64.0,77.0,
B,chicago,2026-06-21,20260621T080030-0400,64,64.0,63.0,
B,chicago,2026-06-21,20260621T090032-0400,66,66.0,65.0,
B,chicago,2026-06-21,20260621T100005-0400,68,68.0,67.0,
B,chicago,2026-06-21,20260621T110103-0400,68,68.0,70.0,
B,chicago,2026-06-21,20260621T121035-0400,70,70.0,71.0,
B,chicago,2026-06-21,20260621T130236-0400,71,71.0,71.0,
B,chicago,2026-06-21,20260621T141231-0400,71,71.0,71.0,
B,chicago,2026-06-21,20260621T150031-0400,71,71.0,71.0,
B,chicago,2026-06-21,20260621T160039-0400,71,71.0,71.0,
B,chicago,2026-06-21,20260621T170028-0400,71,71.0,71.0,
B,chicago,2026-06-21,20260621T180039-0400,71,71.0,71.0,
B,chicago,2026-06-21,20260621T190041-0400,71,71.0,71.0,
B,chicago,2026-06-21,20260621T200047-0400,71,71.0,71.0,
B,chicago,2026-06-21,20260621T210106-0400,71,71.0,71.0,
B,chicago,2026-06-21,20260621T225351-0400,71,71.0,71.0,
B,chicago,2026-06-21,20260621T230722-0400,71,71.0,71.0,
B,chicago,2026-06-21,20260622T000135-0400,71,71.0,71.0,
B,chicago,2026-06-22,20260622T010245-0400,58,58.0,71.0,
B,chicago,2026-06-22,20260622T020031-0400,59,59.0,71.0,
B,chicago,2026-06-22,20260622T030033-0400,59,59.0,71.0,
B,chicago,2026-06-22,20260622T040031-0400,59,59.0,71.0,
B,chicago,2026-06-22,20260622T051029-0400,59,59.0,71.0,
B,chicago,2026-06-22,20260622T061033-0400,59,59.0,71.0,
B,chicago,2026-06-22,20260622T070037-0400,59,59.0,71.0,
B,chicago,2026-06-22,20260622T080323-0400,59,59.0,60.0,
B,chicago,2026-06-22,20260622T090030-0400,60,60.0,62.0,
B,chicago,2026-06-22,20260622T100038-0400,63,63.0,64.0,
B,chicago,2026-06-22,20260622T110103-0400,65,65.0,67.0,
B,chicago,2026-06-22,20260622T120926-0400,68,68.0,69.0,
B,chicago,2026-06-22,20260622T130428-0400,70,70.0,70.0,
B,chicago,2026-06-22,20260622T140444-0400,70,70.0,71.0,
B,chicago,2026-06-22,20260622T151511-0400,71,71.0,71.0,
B,chicago,2026-06-22,20260622T160436-0400,71,71.0,71.0,
B,chicago,2026-06-22,20260622T171542-0400,72,72.0,72.0,
B,chicago,2026-06-22,20260622T180053-0400,72,72.0,72.0,
B,chicago,2026-06-22,20260622T190526-0400,72,72.0,71.0,
B,chicago,2026-06-22,20260622T200548-0400,72,72.0,71.0,
B,chicago,2026-06-22,20260622T211455-0400,72,72.0,71.0,
B,chicago,2026-06-22,20260622T221037-0400,72,72.0,71.0,
B,chicago,2026-06-22,20260622T231048-0400,72,72.0,71.0,
B,chicago,2026-06-22,20260623T000447-0400,72,72.0,71.0,
B,chicago,2026-06-26,20260626T010929-0400,62,62.0,79.0,
B,chicago,2026-06-26,20260626T020928-0400,62,62.0,79.0,
B,chicago,2026-06-26,20260626T030930-0400,62,62.0,79.0,
B,chicago,2026-06-26,20260626T040640-0400,62,62.0,79.0,
B,chicago,2026-06-26,20260626T051925-0400,62,62.0,79.0,
B,chicago,2026-06-26,20260626T060925-0400,62,62.0,79.0,
B,chicago,2026-06-26,20260626T070926-0400,62,62.0,79.0,
B,chicago,2026-06-26,20260626T080629-0400,62,62.0,62.0,
B,chicago,2026-06-26,20260626T090842-0400,63,63.0,64.0,
B,chicago,2026-06-26,20260626T101156-0400,65,65.0,65.0,
B,chicago,2026-06-26,20260626T110415-0400,65,65.0,65.0,
B,chicago,2026-06-26,20260626T121413-0400,65,65.0,65.0,
B,chicago,2026-06-26,20260626T130420-0400,65,65.0,65.0,
B,chicago,2026-06-26,20260626T141630-0400,66,66.0,65.0,
B,chicago,2026-06-26,20260626T150633-0400,66,66.0,65.0,
B,chicago,2026-06-26,20260626T160648-0400,66,66.0,65.0,
B,chicago,2026-06-26,20260626T170642-0400,66,66.0,65.0,
B,chicago,2026-06-26,20260626T180628-0400,66,66.0,65.0,
B,chicago,2026-06-26,20260626T190631-0400,66,66.0,65.0,
B,chicago,2026-06-26,20260626T201627-0400,66,66.0,65.0,
B,chicago,2026-06-26,20260626T210830-0400,66,66.0,65.0,
B,chicago,2026-06-26,20260626T220657-0400,66,66.0,65.0,
B,chicago,2026-06-26,20260626T231646-0400,66,66.0,65.0,
B,chicago,2026-06-26,20260627T000646-0400,66,66.0,65.0,
B,chicago,2026-06-28,20260628T010239-0400,,,,
B,chicago,2026-06-28,20260628T020244-0400,,,,
B,chicago,2026-06-28,20260628T030242-0400,,,,
B,chicago,2026-06-28,20260628T040248-0400,,,,
B,chicago,2026-06-28,20260628T050231-0400,,,,
B,chicago,2026-06-28,20260628T060237-0400,,,,
B,chicago,2026-06-28,20260628T070229-0400,,,,
B,chicago,2026-06-28,20260628T080235-0400,,,,
B,chicago,2026-06-28,20260628T090239-0400,,,,
B,chicago,2026-06-28,20260628T101236-0400,,,,
B,chicago,2026-06-28,20260628T110318-0400,,,,
B,chicago,2026-06-28,20260628T120244-0400,,,,
B,chicago,2026-06-28,20260628T130251-0400,,,,
B,chicago,2026-06-28,20260628T140234-0400,,,,
B,chicago,2026-06-28,20260628T150247-0400,,,,
B,chicago,2026-06-28,20260628T160244-0400,,,,
B,chicago,2026-06-28,20260628T170232-0400,,,,
B,chicago,2026-06-28,20260628T180517-0400,,,,
B,chicago,2026-06-28,20260628T190503-0400,,,,
B,chicago,2026-06-28,20260628T200434-0400,,,,
B,chicago,2026-06-28,20260628T211509-0400,,,,
B,chicago,2026-06-29,20260629T104105-0400,,,,
B,chicago,2026-06-29,20260629T110108-0400,,,,
B,chicago,2026-06-29,20260629T121108-0400,,,,
B,chicago,2026-06-29,20260629T131412-0400,,,,
B,chicago,2026-06-29,20260629T140623-0400,,,,
B,chicago,2026-06-29,20260629T150425-0400,,,,
B,chicago,2026-06-29,20260629T160808-0400,,,,
B,chicago,2026-06-29,20260629T170239-0400,,,,
B,chicago,2026-06-29,20260629T180844-0400,,,,
B,chicago,2026-06-29,20260629T190914-0400,,,,
B,chicago,2026-06-29,20260629T200550-0400,,,,
B,chicago,2026-06-29,20260629T210319-0400,,,,
B,chicago,2026-06-29,20260629T220303-0400,,,,
B,chicago,2026-06-29,20260629T230048-0400,,,,
B,chicago,2026-06-29,20260630T000439-0400,,,,
B,chicago,2026-06-30,20260630T010031-0400,,,,
B,chicago,2026-06-30,20260630T020358-0400,,,,
B,chicago,2026-06-30,20260630T030728-0400,,,,
B,chicago,2026-06-30,20260630T040157-0400,,,,
B,chicago,2026-06-30,20260630T050521-0400,,,,
B,chicago,2026-06-30,20260630T060847-0400,,,,
B,chicago,2026-06-30,20260630T070309-0400,,,,
B,chicago,2026-06-30,20260630T080810-0400,,,,
B,chicago,2026-06-30,20260630T090245-0400,,,,
B,chicago,2026-06-30,20260630T102231-0400,,,,
B,chicago,2026-06-30,20260630T110835-0400,,,,
B,chicago,2026-06-30,20260630T121003-0400,,,,
B,chicago,2026-06-30,20260630T131702-0400,,,,
B,chicago,2026-06-30,20260630T140029-0400,,,,
B,chicago,2026-06-30,20260630T150555-0400,,,,
B,chicago,2026-06-30,20260630T160043-0400,,,,
B,chicago,2026-06-30,20260630T170417-0400,,,,
B,chicago,2026-06-30,20260630T180807-0400,,,,
B,chicago,2026-06-30,20260630T190236-0400,,,,
B,chicago,2026-06-30,20260630T200220-0400,,,,
B,chicago,2026-06-30,20260630T210605-0400,,,,
B,chicago,2026-06-30,20260630T220042-0400,,,,
B,chicago,2026-06-30,20260630T230444-0400,,,,
B,chicago,2026-06-30,20260701T000839-0400,,,,
B,dallas,2026-06-07,20260607T010227-0400,17,17.0,,
B,dallas,2026-06-07,20260607T020347-0400,73,73.0,89.0,
B,dallas,2026-06-07,20260607T030455-0400,74,74.0,89.0,
B,dallas,2026-06-07,20260607T040614-0400,74,74.0,89.0,
B,dallas,2026-06-07,20260607T050732-0400,74,74.0,89.0,
B,dallas,2026-06-07,20260607T060834-0400,74,74.0,89.0,
B,dallas,2026-06-07,20260607T071013-0400,74,74.0,89.0,
B,dallas,2026-06-07,20260607T080106-0400,74,74.0,89.0,
B,dallas,2026-06-07,20260607T090234-0400,74,74.0,73.0,
B,dallas,2026-06-07,20260607T100355-0400,74,74.0,74.0,
B,dallas,2026-06-07,20260607T110458-0400,74,74.0,78.0,
B,dallas,2026-06-07,20260607T120703-0400,74,74.0,81.0,
B,dallas,2026-06-07,20260607T130917-0400,78,78.0,80.0,
B,dallas,2026-06-07,20260607T140129-0400,82,82.0,80.0,
B,dallas,2026-06-07,20260607T150317-0400,82,82.0,81.0,
B,dallas,2026-06-07,20260607T160503-0400,82,82.0,84.0,
B,dallas,2026-06-07,20260607T170740-0400,82,82.0,90.0,
B,dallas,2026-06-07,20260607T181020-0400,86,86.0,91.0,
B,dallas,2026-06-07,20260607T190214-0400,91,91.0,91.0,
B,dallas,2026-06-07,20260607T200349-0400,92,92.0,91.0,
B,dallas,2026-06-07,20260607T210534-0400,92,92.0,91.0,
B,dallas,2026-06-07,20260607T220714-0400,92,92.0,91.0,
B,dallas,2026-06-07,20260607T230921-0400,92,92.0,91.0,
B,dallas,2026-06-07,20260608T000054-0400,92,92.0,91.0,
B,dallas,2026-06-08,20260608T010235-0400,81,81.0,91.0,
B,dallas,2026-06-08,20260608T020403-0400,81,81.0,91.0,
B,dallas,2026-06-08,20260608T030551-0400,81,81.0,91.0,
B,dallas,2026-06-08,20260608T040710-0400,81,81.0,91.0,
B,dallas,2026-06-08,20260608T050851-0400,81,81.0,91.0,
B,dallas,2026-06-08,20260608T060037-0400,81,81.0,91.0,
B,dallas,2026-06-08,20260608T070220-0400,81,81.0,91.0,
B,dallas,2026-06-08,20260608T080354-0400,81,81.0,79.0,
B,dallas,2026-06-08,20260608T090547-0400,81,81.0,79.0,
B,dallas,2026-06-08,20260608T100737-0400,81,81.0,80.0,
B,dallas,2026-06-08,20260608T110928-0400,81,81.0,82.0,
B,dallas,2026-06-08,20260608T120109-0400,81,81.0,84.0,
B,dallas,2026-06-08,20260608T130312-0400,82,82.0,87.0,
B,dallas,2026-06-08,20260608T140512-0400,82,82.0,89.0,
B,dallas,2026-06-08,20260608T150715-0400,86,86.0,91.0,
B,dallas,2026-06-08,20260608T160958-0400,89,89.0,92.0,
B,dallas,2026-06-08,20260608T170225-0400,89,89.0,93.0,
B,dallas,2026-06-08,20260608T180446-0400,92,92.0,93.0,
B,dallas,2026-06-08,20260608T191529-0400,94,94.0,93.0,
B,dallas,2026-06-08,20260608T200646-0400,94,94.0,93.0,
B,dallas,2026-06-08,20260608T210812-0400,94,94.0,93.0,
B,dallas,2026-06-08,20260608T220947-0400,94,94.0,93.0,
B,dallas,2026-06-08,20260608T230133-0400,94,94.0,93.0,
B,dallas,2026-06-08,20260609T000255-0400,94,94.0,93.0,
B,dallas,2026-06-11,20260611T050133-0400,84,84.0,93.0,
B,dallas,2026-06-11,20260611T061048-0400,84,84.0,93.0,
B,dallas,2026-06-11,20260611T070048-0400,84,84.0,93.0,
B,dallas,2026-06-11,20260611T080403-0400,84,84.0,80.0,
B,dallas,2026-06-11,20260611T090611-0400,84,84.0,80.0,
B,dallas,2026-06-11,20260611T100749-0400,84,84.0,83.0,
B,dallas,2026-06-11,20260611T110332-0400,84,84.0,84.0,
B,dallas,2026-06-11,20260611T120534-0400,84,84.0,86.0,
B,dallas,2026-06-11,20260611T130713-0400,84,84.0,88.0,
B,dallas,2026-06-11,20260611T140952-0400,86,86.0,89.0,
B,dallas,2026-06-11,20260611T150153-0400,88,88.0,91.0,
B,dallas,2026-06-11,20260611T160421-0400,89,89.0,92.0,
B,dallas,2026-06-11,20260611T170620-0400,90,90.0,93.0,
B,dallas,2026-06-11,20260611T180827-0400,91,91.0,93.0,
B,dallas,2026-06-11,20260611T191000-0400,92,92.0,93.0,
B,dallas,2026-06-11,20260611T200217-0400,93,93.0,93.0,
B,dallas,2026-06-11,20260611T210551-0400,93,93.0,93.0,
B,dallas,2026-06-11,20260611T220732-0400,93,93.0,93.0,
B,dallas,2026-06-11,20260611T231005-0400,93,93.0,93.0,
B,dallas,2026-06-11,20260612T000131-0400,93,93.0,93.0,
B,dallas,2026-06-12,20260612T010304-0400,17,17.0,,
B,dallas,2026-06-12,20260612T020452-0400,85,85.0,93.0,
B,dallas,2026-06-12,20260612T030613-0400,85,85.0,93.0,
B,dallas,2026-06-12,20260612T040736-0400,85,85.0,93.0,
B,dallas,2026-06-12,20260612T050854-0400,85,85.0,93.0,
B,dallas,2026-06-12,20260612T060035-0400,85,85.0,93.0,
B,dallas,2026-06-12,20260612T070211-0400,85,85.0,93.0,
B,dallas,2026-06-12,20260612T080354-0400,85,85.0,93.0,
B,dallas,2026-06-12,20260612T090634-0400,85,85.0,81.0,
B,dallas,2026-06-12,20260612T100829-0400,85,85.0,83.0,
B,dallas,2026-06-12,20260612T111013-0400,85,85.0,85.0,
B,dallas,2026-06-12,20260612T120143-0400,85,85.0,87.0,
B,dallas,2026-06-12,20260612T130332-0400,85,85.0,89.0,
B,dallas,2026-06-12,20260612T140513-0400,87,87.0,90.0,
B,dallas,2026-06-12,20260612T150702-0400,89,89.0,91.0,
B,dallas,2026-06-12,20260612T160909-0400,89,89.0,91.0,
B,dallas,2026-06-12,20260612T170052-0400,89,89.0,91.0,
B,dallas,2026-06-12,20260612T180251-0400,89,89.0,91.0,
B,dallas,2026-06-12,20260612T190417-0400,89,89.0,91.0,
B,dallas,2026-06-12,20260612T200651-0400,89,89.0,91.0,
B,dallas,2026-06-12,20260612T210914-0400,89,89.0,91.0,
B,dallas,2026-06-12,20260612T220052-0400,89,89.0,91.0,
B,dallas,2026-06-12,20260612T230253-0400,89,89.0,91.0,
B,dallas,2026-06-12,20260613T000424-0400,89,89.0,91.0,
B,dallas,2026-06-13,20260613T010600-0400,17,17.0,,
B,dallas,2026-06-13,20260613T020726-0400,79,79.0,91.0,
B,dallas,2026-06-13,20260613T030852-0400,79,79.0,91.0,
B,dallas,2026-06-13,20260613T040010-0400,79,79.0,91.0,
B,dallas,2026-06-13,20260613T050152-0400,80,80.0,91.0,
B,dallas,2026-06-13,20260613T060303-0400,80,80.0,91.0,
B,dallas,2026-06-13,20260613T070424-0400,80,80.0,91.0,
B,dallas,2026-06-13,20260613T080612-0400,80,80.0,91.0,
B,dallas,2026-06-13,20260613T090737-0400,80,80.0,80.0,
B,dallas,2026-06-13,20260613T100905-0400,80,80.0,82.0,
B,dallas,2026-06-13,20260613T110101-0400,80,80.0,85.0,
B,dallas,2026-06-13,20260613T120726-0400,82,82.0,87.0,
B,dallas,2026-06-13,20260613T130949-0400,85,85.0,89.0,
B,dallas,2026-06-13,20260613T140116-0400,87,87.0,90.0,
B,dallas,2026-06-13,20260613T150251-0400,88,88.0,90.0,
B,dallas,2026-06-13,20260613T160421-0400,88,88.0,92.0,
B,dallas,2026-06-13,20260613T170621-0400,90,90.0,93.0,
B,dallas,2026-06-13,20260613T180841-0400,91,91.0,93.0,
B,dallas,2026-06-13,20260613T190051-0400,91,91.0,93.0,
B,dallas,2026-06-13,20260613T200335-0400,91,91.0,93.0,
B,dallas,2026-06-13,20260613T210530-0400,91,91.0,93.0,
B,dallas,2026-06-13,20260613T220051-0400,91,91.0,93.0,
B,dallas,2026-06-13,20260613T230235-0400,91,91.0,93.0,
B,dallas,2026-06-13,20260614T000851-0400,91,91.0,93.0,
B,dallas,2026-06-14,20260614T011005-0400,84,84.0,93.0,
B,dallas,2026-06-14,20260614T020136-0400,83,83.0,93.0,
B,dallas,2026-06-14,20260614T030318-0400,83,83.0,93.0,
B,dallas,2026-06-14,20260614T040201-0400,83,83.0,93.0,
B,dallas,2026-06-14,20260614T050552-0400,83,83.0,93.0,
B,dallas,2026-06-14,20260614T060714-0400,83,83.0,93.0,
B,dallas,2026-06-14,20260614T070836-0400,83,83.0,93.0,
B,dallas,2026-06-14,20260614T080215-0400,83,83.0,79.0,
B,dallas,2026-06-14,20260614T090108-0400,83,83.0,80.0,
B,dallas,2026-06-14,20260614T100244-0400,83,83.0,81.0,
B,dallas,2026-06-14,20260614T110304-0400,83,83.0,81.0,
B,dallas,2026-06-14,20260614T120112-0400,83,83.0,81.0,
B,dallas,2026-06-14,20260614T130306-0400,83,83.0,81.0,
B,dallas,2026-06-14,20260614T140325-0400,83,83.0,83.0,
B,dallas,2026-06-14,20260614T150306-0400,83,83.0,85.0,
B,dallas,2026-06-14,20260614T160132-0400,83,83.0,85.0,
B,dallas,2026-06-14,20260614T171332-0400,84,84.0,86.0,
B,dallas,2026-06-14,20260614T180358-0400,84,84.0,86.0,
B,dallas,2026-06-14,20260614T190324-0400,84,84.0,86.0,
B,dallas,2026-06-14,20260614T200745-0400,84,84.0,86.0,
B,dallas,2026-06-14,20260614T210049-0400,84,84.0,86.0,
B,dallas,2026-06-14,20260614T220329-0400,84,84.0,86.0,
B,dallas,2026-06-14,20260614T230535-0400,84,84.0,86.0,
B,dallas,2026-06-14,20260615T000542-0400,84,84.0,86.0,
B,dallas,2026-06-15,20260615T010539-0400,77,77.0,86.0,
B,dallas,2026-06-15,20260615T021534-0400,77,77.0,86.0,
B,dallas,2026-06-15,20260615T030422-0400,77,77.0,86.0,
B,dallas,2026-06-15,20260615T040537-0400,77,77.0,86.0,
B,dallas,2026-06-15,20260615T050535-0400,77,77.0,86.0,
B,dallas,2026-06-15,20260615T060524-0400,77,77.0,86.0,
B,dallas,2026-06-15,20260615T071541-0400,77,77.0,86.0,
B,dallas,2026-06-15,20260615T080533-0400,77,77.0,75.0,
B,dallas,2026-06-15,20260615T090535-0400,77,77.0,75.0,
B,dallas,2026-06-15,20260615T100527-0400,77,77.0,77.0,
B,dallas,2026-06-15,20260615T110400-0400,77,77.0,79.0,
B,dallas,2026-06-15,20260615T120601-0400,77,77.0,82.0,
B,dallas,2026-06-15,20260615T130545-0400,80,80.0,83.0,
B,dallas,2026-06-15,20260615T140536-0400,82,82.0,84.0,
B,dallas,2026-06-15,20260615T151538-0400,83,83.0,84.0,
B,dallas,2026-06-15,20260615T160516-0400,83,83.0,84.0,
B,dallas,2026-06-15,20260615T170524-0400,83,83.0,84.0,
B,dallas,2026-06-15,20260615T180739-0400,83,83.0,85.0,
B,dallas,2026-06-15,20260615T190540-0400,86,86.0,85.0,
B,dallas,2026-06-15,20260615T200745-0400,86,86.0,85.0,
B,dallas,2026-06-15,20260615T211614-0400,86,86.0,85.0,
B,dallas,2026-06-15,20260615T221618-0400,86,86.0,85.0,
B,dallas,2026-06-15,20260615T231237-0400,86,86.0,85.0,
B,dallas,2026-06-15,20260616T001510-0400,86,86.0,85.0,
B,dallas,2026-06-16,20260616T010514-0400,17,17.0,,
B,dallas,2026-06-16,20260616T020509-0400,76,76.0,85.0,
B,dallas,2026-06-16,20260616T030613-0400,76,76.0,85.0,
B,dallas,2026-06-16,20260616T041519-0400,76,76.0,85.0,
B,dallas,2026-06-16,20260616T050530-0400,76,76.0,85.0,
B,dallas,2026-06-16,20260616T061509-0400,76,76.0,85.0,
B,dallas,2026-06-16,20260616T070510-0400,76,76.0,85.0,
B,dallas,2026-06-16,20260616T080812-0400,76,76.0,75.0,
B,dallas,2026-06-16,20260616T090550-0400,76,76.0,76.0,
B,dallas,2026-06-16,20260616T100236-0400,76,76.0,77.0,
B,dallas,2026-06-16,20260616T111537-0400,79,79.0,79.0,
B,dallas,2026-06-16,20260616T120019-0400,79,79.0,83.0,
B,dallas,2026-06-16,20260616T131514-0400,83,83.0,84.0,
B,dallas,2026-06-16,20260616T140027-0400,84,84.0,85.0,
B,dallas,2026-06-16,20260616T151519-0400,85,85.0,88.0,
B,dallas,2026-06-16,20260616T160914-0400,88,88.0,89.0,
B,dallas,2026-06-16,20260616T171926-0400,88,88.0,89.0,
B,dallas,2026-06-16,20260616T180252-0400,88,88.0,89.0,
B,dallas,2026-06-16,20260616T190243-0400,88,88.0,89.0,
B,dallas,2026-06-16,20260616T200300-0400,89,89.0,89.0,
B,dallas,2026-06-16,20260616T210130-0400,89,89.0,89.0,
B,dallas,2026-06-16,20260616T220236-0400,89,89.0,89.0,
B,dallas,2026-06-16,20260616T230230-0400,89,89.0,89.0,
B,dallas,2026-06-16,20260617T000236-0400,89,89.0,89.0,
B,dallas,2026-06-17,20260617T010238-0400,17,17.0,,
B,dallas,2026-06-17,20260617T020238-0400,81,81.0,89.0,
B,dallas,2026-06-17,20260617T031234-0400,81,81.0,89.0,
B,dallas,2026-06-17,20260617T040029-0400,81,81.0,89.0,
B,dallas,2026-06-17,20260617T050031-0400,81,81.0,90.0,
B,dallas,2026-06-17,20260617T060235-0400,81,81.0,90.0,
B,dallas,2026-06-17,20260617T070032-0400,81,81.0,89.0,
B,dallas,2026-06-17,20260617T080049-0400,81,81.0,77.0,
B,dallas,2026-06-17,20260617T090034-0400,81,81.0,78.0,
B,dallas,2026-06-17,20260617T100246-0400,81,81.0,79.0,
B,dallas,2026-06-17,20260617T110244-0400,81,81.0,81.0,
B,dallas,2026-06-17,20260617T124238-0400,83,83.0,85.0,
B,dallas,2026-06-17,20260617T130236-0400,83,83.0,85.0,
B,dallas,2026-06-17,20260617T142742-0400,88,88.0,89.0,
B,dallas,2026-06-17,20260617T151131-0400,88,88.0,90.0,
B,dallas,2026-06-17,20260617T160252-0400,89,89.0,90.0,
B,dallas,2026-06-17,20260617T171136-0400,90,90.0,92.0,
B,dallas,2026-06-17,20260617T181240-0400,91,91.0,92.0,
B,dallas,2026-06-17,20260617T190142-0400,91,91.0,92.0,
B,dallas,2026-06-17,20260617T200231-0400,91,91.0,92.0,
B,dallas,2026-06-17,20260617T211239-0400,91,91.0,92.0,
B,dallas,2026-06-17,20260617T220234-0400,91,91.0,92.0,
B,dallas,2026-06-17,20260617T230235-0400,91,91.0,92.0,
B,dallas,2026-06-17,20260618T000238-0400,91,91.0,92.0,
B,dallas,2026-06-19,20260619T010236-0400,17,17.0,,
B,dallas,2026-06-19,20260619T020908-0400,84,84.0,95.0,
B,dallas,2026-06-19,20260619T030742-0400,84,84.0,95.0,
B,dallas,2026-06-19,20260619T040134-0400,84,84.0,95.0,
B,dallas,2026-06-19,20260619T050532-0400,84,84.0,95.0,
B,dallas,2026-06-19,20260619T060531-0400,84,84.0,95.0,
B,dallas,2026-06-19,20260619T070243-0400,84,84.0,95.0,
B,dallas,2026-06-19,20260619T080616-0400,84,84.0,82.0,
B,dallas,2026-06-19,20260619T090400-0400,84,84.0,81.0,
B,dallas,2026-06-19,20260619T101321-0400,84,84.0,81.0,
B,dallas,2026-06-19,20260619T110241-0400,84,84.0,81.0,
B,dallas,2026-06-19,20260619T120238-0400,84,84.0,81.0,
B,dallas,2026-06-19,20260619T130318-0400,84,84.0,81.0,
B,dallas,2026-06-19,20260619T140845-0400,84,84.0,81.0,
B,dallas,2026-06-19,20260619T150245-0400,84,84.0,81.0,
B,dallas,2026-06-19,20260619T160339-0400,84,84.0,81.0,
B,dallas,2026-06-19,20260619T170239-0400,84,84.0,81.0,
B,dallas,2026-06-19,20260619T180931-0400,84,84.0,81.0,
B,dallas,2026-06-19,20260619T190015-0400,84,84.0,81.0,
B,dallas,2026-06-19,20260619T201458-0400,84,84.0,81.0,
B,dallas,2026-06-19,20260619T210317-0400,84,84.0,81.0,
B,dallas,2026-06-19,20260619T220707-0400,84,84.0,81.0,
B,dallas,2026-06-19,20260619T230704-0400,84,84.0,81.0,
B,dallas,2026-06-19,20260620T000547-0400,84,84.0,81.0,
B,dallas,2026-06-20,20260620T010046-0400,77,77.0,81.0,
B,dallas,2026-06-20,20260620T020140-0400,77,77.0,81.0,
B,dallas,2026-06-20,20260620T030542-0400,77,77.0,81.0,
B,dallas,2026-06-20,20260620T040540-0400,77,77.0,81.0,
B,dallas,2026-06-20,20260620T051544-0400,77,77.0,81.0,
B,dallas,2026-06-20,20260620T060143-0400,77,77.0,81.0,
B,dallas,2026-06-20,20260620T070140-0400,77,77.0,81.0,
B,dallas,2026-06-20,20260620T080243-0400,77,77.0,74.0,
B,dallas,2026-06-20,20260620T090150-0400,77,77.0,76.0,
B,dallas,2026-06-20,20260620T100755-0400,77,77.0,78.0,
B,dallas,2026-06-20,20260620T110025-0400,78,78.0,81.0,
B,dallas,2026-06-20,20260620T120220-0400,81,81.0,84.0,
B,dallas,2026-06-20,20260620T130328-0400,84,84.0,84.0,
B,dallas,2026-06-20,20260620T140027-0400,84,84.0,85.0,
B,dallas,2026-06-20,20260620T150036-0400,85,85.0,87.0,
B,dallas,2026-06-20,20260620T161035-0400,89,89.0,90.0,
B,dallas,2026-06-20,20260620T170052-0400,89,89.0,91.0,
B,dallas,2026-06-20,20260620T180405-0400,90,90.0,91.0,
B,dallas,2026-06-20,20260620T190210-0400,92,92.0,91.0,
B,dallas,2026-06-20,20260620T200305-0400,92,92.0,91.0,
B,dallas,2026-06-20,20260620T210039-0400,92,92.0,91.0,
B,dallas,2026-06-20,20260620T220402-0400,92,92.0,91.0,
B,dallas,2026-06-20,20260620T231045-0400,92,92.0,91.0,
B,dallas,2026-06-20,20260621T000046-0400,92,92.0,91.0,
B,dallas,2026-06-21,20260621T010045-0400,17,17.0,,
B,dallas,2026-06-21,20260621T021041-0400,80,80.0,91.0,
B,dallas,2026-06-21,20260621T030442-0400,80,80.0,91.0,
B,dallas,2026-06-21,20260621T041225-0400,80,80.0,91.0,
B,dallas,2026-06-21,20260621T050029-0400,80,80.0,91.0,
B,dallas,2026-06-21,20260621T061027-0400,80,80.0,91.0,
B,dallas,2026-06-21,20260621T070047-0400,80,80.0,91.0,
B,dallas,2026-06-21,20260621T080033-0400,80,80.0,91.0,
B,dallas,2026-06-21,20260621T090036-0400,80,80.0,76.0,
B,dallas,2026-06-21,20260621T100036-0400,80,80.0,80.0,
B,dallas,2026-06-21,20260621T110544-0400,82,82.0,82.0,
B,dallas,2026-06-21,20260621T120027-0400,82,82.0,85.0,
B,dallas,2026-06-21,20260621T130239-0400,85,85.0,87.0,
B,dallas,2026-06-21,20260621T141236-0400,85,85.0,87.0,
B,dallas,2026-06-21,20260621T150034-0400,86,86.0,88.0,
B,dallas,2026-06-21,20260621T160044-0400,87,87.0,88.0,
B,dallas,2026-06-21,20260621T170031-0400,87,87.0,88.0,
B,dallas,2026-06-21,20260621T180042-0400,89,89.0,90.0,
B,dallas,2026-06-21,20260621T190046-0400,91,91.0,91.0,
B,dallas,2026-06-21,20260621T200051-0400,91,91.0,92.0,
B,dallas,2026-06-21,20260621T210114-0400,92,92.0,92.0,
B,dallas,2026-06-21,20260621T225406-0400,92,92.0,92.0,
B,dallas,2026-06-21,20260621T230733-0400,92,92.0,92.0,
B,dallas,2026-06-21,20260622T000142-0400,92,92.0,92.0,
B,dallas,2026-06-22,20260622T010257-0400,,,,
B,dallas,2026-06-22,20260622T020034-0400,83,83.0,92.0,
B,dallas,2026-06-22,20260622T030036-0400,83,83.0,92.0,
B,dallas,2026-06-22,20260622T040027-0400,83,83.0,92.0,
B,dallas,2026-06-22,20260622T050029-0400,83,83.0,92.0,
B,dallas,2026-06-22,20260622T060426-0400,83,83.0,92.0,
B,dallas,2026-06-22,20260622T070041-0400,83,83.0,92.0,
B,dallas,2026-06-22,20260622T080843-0400,83,83.0,78.0,
B,dallas,2026-06-22,20260622T090040-0400,83,83.0,80.0,
B,dallas,2026-06-22,20260622T100041-0400,83,83.0,80.0,
B,dallas,2026-06-22,20260622T110107-0400,83,83.0,81.0,
B,dallas,2026-06-22,20260622T120946-0400,83,83.0,86.0,
B,dallas,2026-06-22,20260622T130432-0400,85,85.0,88.0,
B,dallas,2026-06-22,20260622T140451-0400,88,88.0,89.0,
B,dallas,2026-06-22,20260622T151516-0400,89,89.0,92.0,
B,dallas,2026-06-22,20260622T160440-0400,91,91.0,93.0,
B,dallas,2026-06-22,20260622T170119-0400,93,93.0,94.0,
B,dallas,2026-06-22,20260622T180034-0400,93,93.0,95.0,
B,dallas,2026-06-22,20260622T190030-0400,93,93.0,95.0,
B,dallas,2026-06-22,20260622T200600-0400,94,94.0,95.0,
B,dallas,2026-06-22,20260622T211503-0400,94,94.0,95.0,
B,dallas,2026-06-22,20260622T221042-0400,94,94.0,95.0,
B,dallas,2026-06-22,20260622T231053-0400,94,94.0,95.0,
B,dallas,2026-06-22,20260623T000135-0400,94,94.0,95.0,
B,dallas,2026-06-26,20260626T010936-0400,84,84.0,92.0,
B,dallas,2026-06-26,20260626T020932-0400,83,83.0,92.0,
B,dallas,2026-06-26,20260626T030140-0400,83,83.0,92.0,
B,dallas,2026-06-26,20260626T040230-0400,83,83.0,92.0,
B,dallas,2026-06-26,20260626T050731-0400,83,83.0,92.0,
B,dallas,2026-06-26,20260626T060928-0400,83,83.0,92.0,
B,dallas,2026-06-26,20260626T070930-0400,83,83.0,92.0,
B,dallas,2026-06-26,20260626T080332-0400,83,83.0,79.0,
B,dallas,2026-06-26,20260626T090445-0400,83,83.0,79.0,
B,dallas,2026-06-26,20260626T100348-0400,83,83.0,81.0,
B,dallas,2026-06-26,20260626T110349-0400,83,83.0,85.0,
B,dallas,2026-06-26,20260626T121417-0400,84,84.0,87.0,
B,dallas,2026-06-26,20260626T130424-0400,86,86.0,89.0,
B,dallas,2026-06-26,20260626T140446-0400,89,89.0,90.0,
B,dallas,2026-06-26,20260626T150404-0400,90,90.0,92.0,
B,dallas,2026-06-26,20260626T160410-0400,92,92.0,94.0,
B,dallas,2026-06-26,20260626T170501-0400,94,94.0,95.0,
B,dallas,2026-06-26,20260626T180632-0400,94,94.0,95.0,
B,dallas,2026-06-26,20260626T190637-0400,94,94.0,95.0,
B,dallas,2026-06-26,20260626T201632-0400,94,94.0,95.0,
B,dallas,2026-06-26,20260626T210139-0400,94,94.0,95.0,
B,dallas,2026-06-26,20260626T220705-0400,94,94.0,95.0,
B,dallas,2026-06-26,20260626T230534-0400,94,94.0,95.0,
B,dallas,2026-06-26,20260627T000654-0400,94,94.0,95.0,
B,dallas,2026-06-28,20260628T010245-0400,,,,
B,dallas,2026-06-28,20260628T020247-0400,,,,
B,dallas,2026-06-28,20260628T030248-0400,,,,
B,dallas,2026-06-28,20260628T040253-0400,,,,
B,dallas,2026-06-28,20260628T050235-0400,,,,
B,dallas,2026-06-28,20260628T060241-0400,,,,
B,dallas,2026-06-28,20260628T070233-0400,,,,
B,dallas,2026-06-28,20260628T080240-0400,,,,
B,dallas,2026-06-28,20260628T090244-0400,,,,
B,dallas,2026-06-28,20260628T101240-0400,,,,
B,dallas,2026-06-28,20260628T110321-0400,,,,
B,dallas,2026-06-28,20260628T120247-0400,,,,
B,dallas,2026-06-28,20260628T130256-0400,,,,
B,dallas,2026-06-28,20260628T140238-0400,,,,
B,dallas,2026-06-28,20260628T150251-0400,,,,
B,dallas,2026-06-28,20260628T160250-0400,,,,
B,dallas,2026-06-28,20260628T170236-0400,,,,
B,dallas,2026-06-28,20260628T180521-0400,,,,
B,dallas,2026-06-28,20260628T190509-0400,,,,
B,dallas,2026-06-28,20260628T200440-0400,,,,
B,dallas,2026-06-28,20260628T211514-0400,,,,
B,dallas,2026-06-29,20260629T104112-0400,,,,
B,dallas,2026-06-29,20260629T110117-0400,,,,
B,dallas,2026-06-29,20260629T121112-0400,,,,
B,dallas,2026-06-29,20260629T131415-0400,,,,
B,dallas,2026-06-29,20260629T140627-0400,,,,
B,dallas,2026-06-29,20260629T150428-0400,,,,
B,dallas,2026-06-29,20260629T160818-0400,,,,
B,dallas,2026-06-29,20260629T170247-0400,,,,
B,dallas,2026-06-29,20260629T180848-0400,,,,
B,dallas,2026-06-29,20260629T190920-0400,,,,
B,dallas,2026-06-29,20260629T200601-0400,,,,
B,dallas,2026-06-29,20260629T210326-0400,,,,
B,dallas,2026-06-29,20260629T220312-0400,,,,
B,dallas,2026-06-29,20260629T230059-0400,,,,
B,dallas,2026-06-29,20260630T000449-0400,,,,
B,dallas,2026-06-30,20260630T010041-0400,,,,
B,dallas,2026-06-30,20260630T020404-0400,,,,
B,dallas,2026-06-30,20260630T030736-0400,,,,
B,dallas,2026-06-30,20260630T040204-0400,,,,
B,dallas,2026-06-30,20260630T050527-0400,,,,
B,dallas,2026-06-30,20260630T060854-0400,,,,
B,dallas,2026-06-30,20260630T070316-0400,,,,
B,dallas,2026-06-30,20260630T080814-0400,,,,
B,dallas,2026-06-30,20260630T090253-0400,,,,
B,dallas,2026-06-30,20260630T102235-0400,,,,
B,dallas,2026-06-30,20260630T110841-0400,,,,
B,dallas,2026-06-30,20260630T121016-0400,,,,
B,dallas,2026-06-30,20260630T131708-0400,,,,
B,dallas,2026-06-30,20260630T140038-0400,,,,
B,dallas,2026-06-30,20260630T150600-0400,,,,
B,dallas,2026-06-30,20260630T160054-0400,,,,
B,dallas,2026-06-30,20260630T170424-0400,,,,
B,dallas,2026-06-30,20260630T180817-0400,,,,
B,dallas,2026-06-30,20260630T190244-0400,,,,
B,dallas,2026-06-30,20260630T200224-0400,,,,
B,dallas,2026-06-30,20260630T210615-0400,,,,
B,dallas,2026-06-30,20260630T220052-0400,,,,
B,dallas,2026-06-30,20260630T230457-0400,,,,
B,dallas,2026-06-30,20260701T000855-0400,,,,
B,denver,2026-06-07,20260607T020349-0400,70,70.0,91.0,
B,denver,2026-06-07,20260607T030456-0400,71,71.0,91.0,
B,denver,2026-06-07,20260607T040615-0400,73,73.0,91.0,
B,denver,2026-06-07,20260607T050732-0400,73,73.0,91.0,
B,denver,2026-06-07,20260607T060835-0400,73,73.0,91.0,
B,denver,2026-06-07,20260607T071015-0400,73,73.0,91.0,
B,denver,2026-06-07,20260607T080108-0400,73,73.0,91.0,
B,denver,2026-06-07,20260607T090236-0400,73,73.0,91.0,
B,denver,2026-06-07,20260607T100356-0400,73,73.0,75.0,
B,denver,2026-06-07,20260607T110459-0400,75,75.0,80.0,
B,denver,2026-06-07,20260607T120704-0400,82,82.0,86.0,
B,denver,2026-06-07,20260607T130918-0400,82,82.0,88.0,
B,denver,2026-06-07,20260607T140131-0400,85,85.0,89.0,
B,denver,2026-06-07,20260607T150320-0400,85,85.0,91.0,
B,denver,2026-06-07,20260607T160504-0400,89,89.0,91.0,
B,denver,2026-06-07,20260607T170741-0400,90,90.0,91.0,
B,denver,2026-06-07,20260607T181022-0400,90,90.0,91.0,
B,denver,2026-06-07,20260607T190215-0400,91,91.0,91.0,
B,denver,2026-06-07,20260607T200350-0400,91,91.0,91.0,
B,denver,2026-06-07,20260607T210536-0400,93,93.0,91.0,
B,denver,2026-06-07,20260607T220715-0400,93,93.0,91.0,
B,denver,2026-06-07,20260607T230922-0400,93,93.0,91.0,
B,denver,2026-06-07,20260608T000057-0400,93,93.0,91.0,
B,denver,2026-06-07,20260608T010236-0400,93,93.0,91.0,
B,denver,2026-06-08,20260608T020404-0400,17,17.0,,
B,denver,2026-06-08,20260608T030552-0400,68,68.0,91.0,
B,denver,2026-06-08,20260608T040712-0400,66,66.0,91.0,
B,denver,2026-06-08,20260608T050852-0400,69,69.0,91.0,
B,denver,2026-06-08,20260608T060039-0400,69,69.0,91.0,
B,denver,2026-06-08,20260608T070221-0400,69,69.0,91.0,
B,denver,2026-06-08,20260608T080356-0400,69,69.0,91.0,
B,denver,2026-06-08,20260608T090547-0400,69,69.0,91.0,
B,denver,2026-06-08,20260608T100745-0400,69,69.0,66.0,
B,denver,2026-06-08,20260608T110929-0400,69,69.0,67.0,
B,denver,2026-06-08,20260608T120110-0400,69,69.0,67.0,
B,denver,2026-06-08,20260608T130313-0400,69,69.0,67.0,
B,denver,2026-06-08,20260608T140513-0400,69,69.0,67.0,
B,denver,2026-06-08,20260608T150717-0400,69,69.0,72.0,
B,denver,2026-06-08,20260608T160959-0400,69,69.0,77.0,
B,denver,2026-06-08,20260608T170227-0400,76,76.0,80.0,
B,denver,2026-06-08,20260608T180447-0400,82,82.0,81.0,
B,denver,2026-06-08,20260608T191531-0400,82,82.0,81.0,
B,denver,2026-06-08,20260608T200647-0400,82,82.0,81.0,
B,denver,2026-06-08,20260608T210813-0400,82,82.0,81.0,
B,denver,2026-06-08,20260608T220948-0400,82,82.0,81.0,
B,denver,2026-06-08,20260608T230134-0400,82,82.0,81.0,
B,denver,2026-06-08,20260609T000256-0400,82,82.0,81.0,
B,denver,2026-06-08,20260609T010433-0400,82,82.0,81.0,
B,denver,2026-06-11,20260611T050141-0400,63,63.0,87.0,
B,denver,2026-06-11,20260611T061107-0400,63,63.0,87.0,
B,denver,2026-06-11,20260611T070049-0400,63,63.0,87.0,
B,denver,2026-06-11,20260611T080405-0400,63,63.0,87.0,
B,denver,2026-06-11,20260611T090611-0400,63,63.0,52.0,
B,denver,2026-06-11,20260611T100750-0400,63,63.0,59.0,
B,denver,2026-06-11,20260611T110335-0400,63,63.0,63.0,
B,denver,2026-06-11,20260611T120544-0400,63,63.0,70.0,
B,denver,2026-06-11,20260611T130714-0400,63,63.0,71.0,
B,denver,2026-06-11,20260611T140953-0400,71,71.0,71.0,
B,denver,2026-06-11,20260611T150154-0400,71,71.0,73.0,
B,denver,2026-06-11,20260611T160423-0400,74,74.0,74.0,
B,denver,2026-06-11,20260611T170622-0400,75,75.0,77.0,
B,denver,2026-06-11,20260611T180829-0400,77,77.0,77.0,
B,denver,2026-06-11,20260611T191003-0400,77,77.0,77.0,
B,denver,2026-06-11,20260611T200225-0400,78,78.0,77.0,
B,denver,2026-06-11,20260611T210552-0400,78,78.0,77.0,
B,denver,2026-06-11,20260611T220733-0400,78,78.0,77.0,
B,denver,2026-06-11,20260611T231009-0400,78,78.0,77.0,
B,denver,2026-06-11,20260612T000132-0400,78,78.0,77.0,
B,denver,2026-06-11,20260612T010305-0400,78,78.0,77.0,
B,denver,2026-06-12,20260612T020454-0400,17,17.0,,
B,denver,2026-06-12,20260612T030614-0400,57,57.0,77.0,
B,denver,2026-06-12,20260612T040737-0400,59,59.0,77.0,
B,denver,2026-06-12,20260612T050855-0400,60,60.0,77.0,
B,denver,2026-06-12,20260612T060036-0400,60,60.0,77.0,
B,denver,2026-06-12,20260612T070212-0400,60,60.0,77.0,
B,denver,2026-06-12,20260612T080357-0400,60,60.0,77.0,
B,denver,2026-06-12,20260612T090638-0400,60,60.0,77.0,
B,denver,2026-06-12,20260612T100831-0400,60,60.0,65.0,
B,denver,2026-06-12,20260612T111015-0400,61,61.0,70.0,
B,denver,2026-06-12,20260612T120145-0400,65,65.0,74.0,
B,denver,2026-06-12,20260612T130333-0400,69,69.0,80.0,
B,denver,2026-06-12,20260612T140515-0400,76,76.0,84.0,
B,denver,2026-06-12,20260612T150703-0400,81,81.0,86.0,
B,denver,2026-06-12,20260612T160910-0400,84,84.0,87.0,
B,denver,2026-06-12,20260612T170054-0400,87,87.0,89.0,
B,denver,2026-06-12,20260612T180252-0400,87,87.0,90.0,
B,denver,2026-06-12,20260612T190426-0400,88,88.0,90.0,
B,denver,2026-06-12,20260612T200652-0400,90,90.0,90.0,
B,denver,2026-06-12,20260612T210916-0400,92,92.0,90.0,
B,denver,2026-06-12,20260612T220100-0400,92,92.0,90.0,
B,denver,2026-06-12,20260612T230254-0400,92,92.0,90.0,
B,denver,2026-06-12,20260613T000425-0400,92,92.0,90.0,
B,denver,2026-06-12,20260613T010601-0400,92,92.0,90.0,
B,denver,2026-06-13,20260613T020727-0400,67,67.0,90.0,
B,denver,2026-06-13,20260613T030853-0400,67,67.0,90.0,
B,denver,2026-06-13,20260613T040011-0400,65,65.0,90.0,
B,denver,2026-06-13,20260613T050153-0400,65,65.0,90.0,
B,denver,2026-06-13,20260613T060304-0400,65,65.0,90.0,
B,denver,2026-06-13,20260613T070424-0400,65,65.0,90.0,
B,denver,2026-06-13,20260613T080613-0400,65,65.0,90.0,
B,denver,2026-06-13,20260613T090738-0400,65,65.0,60.0,
B,denver,2026-06-13,20260613T100906-0400,65,65.0,60.0,
B,denver,2026-06-13,20260613T110102-0400,65,65.0,62.0,
B,denver,2026-06-13,20260613T120729-0400,65,65.0,65.0,
B,denver,2026-06-13,20260613T130950-0400,65,65.0,67.0,
B,denver,2026-06-13,20260613T140123-0400,65,65.0,70.0,
B,denver,2026-06-13,20260613T150252-0400,68,68.0,73.0,
B,denver,2026-06-13,20260613T160431-0400,72,72.0,76.0,
B,denver,2026-06-13,20260613T170629-0400,76,76.0,78.0,
B,denver,2026-06-13,20260613T180842-0400,78,78.0,79.0,
B,denver,2026-06-13,20260613T190053-0400,78,78.0,78.0,
B,denver,2026-06-13,20260613T200336-0400,79,79.0,79.0,
B,denver,2026-06-13,20260613T210532-0400,79,79.0,79.0,
B,denver,2026-06-13,20260613T220052-0400,79,79.0,79.0,
B,denver,2026-06-13,20260613T230236-0400,79,79.0,78.0,
B,denver,2026-06-13,20260614T000502-0400,79,79.0,79.0,
B,denver,2026-06-13,20260614T010707-0400,79,79.0,78.0,
B,denver,2026-06-14,20260614T020137-0400,17,17.0,,
B,denver,2026-06-14,20260614T030323-0400,53,53.0,79.0,
B,denver,2026-06-14,20260614T040447-0400,50,50.0,79.0,
B,denver,2026-06-14,20260614T050103-0400,50,50.0,78.0,
B,denver,2026-06-14,20260614T060715-0400,54,54.0,79.0,
B,denver,2026-06-14,20260614T070103-0400,55,55.0,78.0,
B,denver,2026-06-14,20260614T080802-0400,55,55.0,79.0,
B,denver,2026-06-14,20260614T090109-0400,55,55.0,79.0,
B,denver,2026-06-14,20260614T100203-0400,55,55.0,52.0,
B,denver,2026-06-14,20260614T110107-0400,55,55.0,54.0,
B,denver,2026-06-14,20260614T120527-0400,55,55.0,59.0,
B,denver,2026-06-14,20260614T130713-0400,55,55.0,63.0,
B,denver,2026-06-14,20260614T140852-0400,61,61.0,67.0,
B,denver,2026-06-14,20260614T150003-0400,61,61.0,68.0,
B,denver,2026-06-14,20260614T160132-0400,65,65.0,69.0,
B,denver,2026-06-14,20260614T171550-0400,67,67.0,70.0,
B,denver,2026-06-14,20260614T180359-0400,72,72.0,70.0,
B,denver,2026-06-14,20260614T190612-0400,72,72.0,71.0,
B,denver,2026-06-14,20260614T200041-0400,72,72.0,71.0,
B,denver,2026-06-14,20260614T210054-0400,72,72.0,71.0,
B,denver,2026-06-14,20260614T220023-0400,72,72.0,71.0,
B,denver,2026-06-14,20260614T230536-0400,72,72.0,71.0,
B,denver,2026-06-14,20260615T000543-0400,72,72.0,71.0,
B,denver,2026-06-14,20260615T010023-0400,72,72.0,71.0,
B,denver,2026-06-15,20260615T020535-0400,17,17.0,,
B,denver,2026-06-15,20260615T030536-0400,55,55.0,71.0,
B,denver,2026-06-15,20260615T040127-0400,53,53.0,71.0,
B,denver,2026-06-15,20260615T050537-0400,54,54.0,71.0,
B,denver,2026-06-15,20260615T060137-0400,54,54.0,71.0,
B,denver,2026-06-15,20260615T070023-0400,54,54.0,71.0,
B,denver,2026-06-15,20260615T080540-0400,54,54.0,71.0,
B,denver,2026-06-15,20260615T090231-0400,54,54.0,55.0,
B,denver,2026-06-15,20260615T100231-0400,54,54.0,60.0,
B,denver,2026-06-15,20260615T110958-0400,54,54.0,63.0,
B,denver,2026-06-15,20260615T121217-0400,59,59.0,66.0,
B,denver,2026-06-15,20260615T130204-0400,59,59.0,68.0,
B,denver,2026-06-15,20260615T140058-0400,62,62.0,70.0,
B,denver,2026-06-15,20260615T150547-0400,68,68.0,73.0,
B,denver,2026-06-15,20260615T160519-0400,76,76.0,76.0,
B,denver,2026-06-15,20260615T172629-0400,78,78.0,78.0,
B,denver,2026-06-15,20260615T180743-0400,80,80.0,79.0,
B,denver,2026-06-15,20260615T190545-0400,80,80.0,79.0,
B,denver,2026-06-15,20260615T200639-0400,81,81.0,80.0,
B,denver,2026-06-15,20260615T210333-0400,81,81.0,79.0,
B,denver,2026-06-15,20260615T220041-0400,81,81.0,80.0,
B,denver,2026-06-15,20260615T231244-0400,81,81.0,80.0,
B,denver,2026-06-15,20260616T001337-0400,81,81.0,80.0,
B,denver,2026-06-15,20260616T012413-0400,81,81.0,79.0,
B,denver,2026-06-16,20260616T020511-0400,60,60.0,80.0,
B,denver,2026-06-16,20260616T030429-0400,56,56.0,80.0,
B,denver,2026-06-16,20260616T040120-0400,60,60.0,80.0,
B,denver,2026-06-16,20260616T050533-0400,60,60.0,79.0,
B,denver,2026-06-16,20260616T060512-0400,60,60.0,80.0,
B,denver,2026-06-16,20260616T070214-0400,60,60.0,79.0,
B,denver,2026-06-16,20260616T081011-0400,60,60.0,79.0,
B,denver,2026-06-16,20260616T090547-0400,60,60.0,59.0,
B,denver,2026-06-16,20260616T100238-0400,60,60.0,64.0,
B,denver,2026-06-16,20260616T111519-0400,65,65.0,71.0,
B,denver,2026-06-16,20260616T121529-0400,69,69.0,75.0,
B,denver,2026-06-16,20260616T130615-0400,69,69.0,80.0,
B,denver,2026-06-16,20260616T140418-0400,74,74.0,83.0,
B,denver,2026-06-16,20260616T151524-0400,82,82.0,85.0,
B,denver,2026-06-16,20260616T161019-0400,86,86.0,87.0,
B,denver,2026-06-16,20260616T171118-0400,89,89.0,90.0,
B,denver,2026-06-16,20260616T180255-0400,90,90.0,91.0,
B,denver,2026-06-16,20260616T190244-0400,91,91.0,92.0,
B,denver,2026-06-16,20260616T200305-0400,94,94.0,93.0,
B,denver,2026-06-16,20260616T210027-0400,94,94.0,93.0,
B,denver,2026-06-16,20260616T220238-0400,94,94.0,93.0,
B,denver,2026-06-16,20260616T230134-0400,94,94.0,93.0,
B,denver,2026-06-16,20260617T001235-0400,94,94.0,93.0,
B,denver,2026-06-16,20260617T010029-0400,94,94.0,93.0,
B,denver,2026-06-17,20260617T020240-0400,17,17.0,,
B,denver,2026-06-17,20260617T030040-0400,73,73.0,93.0,
B,denver,2026-06-17,20260617T040251-0400,79,79.0,93.0,
B,denver,2026-06-17,20260617T050032-0400,79,79.0,93.0,
B,denver,2026-06-17,20260617T060241-0400,79,79.0,93.0,
B,denver,2026-06-17,20260617T070831-0400,79,79.0,93.0,
B,denver,2026-06-17,20260617T080236-0400,79,79.0,93.0,
B,denver,2026-06-17,20260617T090241-0400,79,79.0,93.0,
B,denver,2026-06-17,20260617T100248-0400,80,80.0,85.0,
B,denver,2026-06-17,20260617T110247-0400,83,83.0,85.0,
B,denver,2026-06-17,20260617T121833-0400,86,86.0,87.0,
B,denver,2026-06-17,20260617T130238-0400,87,87.0,87.0,
B,denver,2026-06-17,20260617T142841-0400,87,87.0,87.0,
B,denver,2026-06-17,20260617T151241-0400,87,87.0,87.0,
B,denver,2026-06-17,20260617T160254-0400,87,87.0,88.0,
B,denver,2026-06-17,20260617T170234-0400,87,87.0,90.0,
B,denver,2026-06-17,20260617T181242-0400,91,91.0,91.0,
B,denver,2026-06-17,20260617T190937-0400,92,92.0,92.0,
B,denver,2026-06-17,20260617T200042-0400,92,92.0,92.0,
B,denver,2026-06-17,20260617T211241-0400,93,93.0,92.0,
B,denver,2026-06-17,20260617T220939-0400,93,93.0,92.0,
B,denver,2026-06-17,20260617T230236-0400,93,93.0,92.0,
B,denver,2026-06-17,20260618T000245-0400,93,93.0,92.0,
B,denver,2026-06-17,20260618T010030-0400,93,93.0,92.0,
B,denver,2026-06-19,20260619T020240-0400,17,17.0,,
B,denver,2026-06-19,20260619T030956-0400,68,68.0,88.0,
B,denver,2026-06-19,20260619T041038-0400,68,68.0,88.0,
B,denver,2026-06-19,20260619T050033-0400,68,68.0,88.0,
B,denver,2026-06-19,20260619T060430-0400,68,68.0,88.0,
B,denver,2026-06-19,20260619T070244-0400,68,68.0,88.0,
B,denver,2026-06-19,20260619T080618-0400,68,68.0,88.0,
B,denver,2026-06-19,20260619T090406-0400,68,68.0,88.0,
B,denver,2026-06-19,20260619T100449-0400,68,68.0,61.0,
B,denver,2026-06-19,20260619T110244-0400,68,68.0,63.0,
B,denver,2026-06-19,20260619T120243-0400,68,68.0,65.0,
B,denver,2026-06-19,20260619T130322-0400,68,68.0,67.0,
B,denver,2026-06-19,20260619T140543-0400,69,69.0,72.0,
B,denver,2026-06-19,20260619T150247-0400,75,75.0,75.0,
B,denver,2026-06-19,20260619T160343-0400,76,76.0,77.0,
B,denver,2026-06-19,20260619T170040-0400,78,78.0,78.0,
B,denver,2026-06-19,20260619T180631-0400,82,82.0,81.0,
B,denver,2026-06-19,20260619T190017-0400,82,82.0,82.0,
B,denver,2026-06-19,20260619T201131-0400,82,82.0,82.0,
B,denver,2026-06-19,20260619T210321-0400,83,83.0,82.0,
B,denver,2026-06-19,20260619T220711-0400,83,83.0,82.0,
B,denver,2026-06-19,20260619T230035-0400,83,83.0,82.0,
B,denver,2026-06-19,20260620T000042-0400,83,83.0,82.0,
B,denver,2026-06-19,20260620T010546-0400,83,83.0,82.0,
B,denver,2026-06-20,20260620T020547-0400,17,17.0,,
B,denver,2026-06-20,20260620T030543-0400,60,60.0,82.0,
B,denver,2026-06-20,20260620T041546-0400,58,58.0,82.0,
B,denver,2026-06-20,20260620T050044-0400,59,59.0,82.0,
B,denver,2026-06-20,20260620T060548-0400,59,59.0,82.0,
B,denver,2026-06-20,20260620T071046-0400,59,59.0,82.0,
B,denver,2026-06-20,20260620T080142-0400,59,59.0,82.0,
B,denver,2026-06-20,20260620T090045-0400,59,59.0,82.0,
B,denver,2026-06-20,20260620T101100-0400,61,61.0,65.0,
B,denver,2026-06-20,20260620T110027-0400,62,62.0,67.0,
B,denver,2026-06-20,20260620T121235-0400,64,64.0,72.0,
B,denver,2026-06-20,20260620T130131-0400,71,71.0,75.0,
B,denver,2026-06-20,20260620T140029-0400,76,76.0,80.0,
B,denver,2026-06-20,20260620T150040-0400,82,82.0,82.0,
B,denver,2026-06-20,20260620T161040-0400,82,82.0,85.0,
B,denver,2026-06-20,20260620T170051-0400,88,88.0,86.0,
B,denver,2026-06-20,20260620T180106-0400,88,88.0,87.0,
B,denver,2026-06-20,20260620T191038-0400,88,88.0,87.0,
B,denver,2026-06-20,20260620T201041-0400,88,88.0,87.0,
B,denver,2026-06-20,20260620T211050-0400,88,88.0,87.0,
B,denver,2026-06-20,20260620T221052-0400,88,88.0,87.0,
B,denver,2026-06-20,20260620T230314-0400,88,88.0,87.0,
B,denver,2026-06-20,20260621T000051-0400,88,88.0,87.0,
B,denver,2026-06-20,20260621T010008-0400,88,88.0,87.0,
B,denver,2026-06-21,20260621T020043-0400,17,17.0,,
B,denver,2026-06-21,20260621T030444-0400,63,63.0,87.0,
B,denver,2026-06-21,20260621T041226-0400,63,63.0,87.0,
B,denver,2026-06-21,20260621T050028-0400,63,63.0,87.0,
B,denver,2026-06-21,20260621T060439-0400,63,63.0,87.0,
B,denver,2026-06-21,20260621T070030-0400,63,63.0,87.0,
B,denver,2026-06-21,20260621T080038-0400,63,63.0,87.0,
B,denver,2026-06-21,20260621T090040-0400,63,63.0,87.0,
B,denver,2026-06-21,20260621T100039-0400,63,63.0,67.0,
B,denver,2026-06-21,20260621T110116-0400,67,67.0,72.0,
B,denver,2026-06-21,20260621T121046-0400,72,72.0,78.0,
B,denver,2026-06-21,20260621T130244-0400,72,72.0,82.0,
B,denver,2026-06-21,20260621T141240-0400,82,82.0,85.0,
B,denver,2026-06-21,20260621T150038-0400,84,84.0,87.0,
B,denver,2026-06-21,20260621T160037-0400,87,87.0,88.0,
B,denver,2026-06-21,20260621T170035-0400,87,87.0,88.0,
B,denver,2026-06-21,20260621T180045-0400,87,87.0,88.0,
B,denver,2026-06-21,20260621T190049-0400,87,87.0,88.0,
B,denver,2026-06-21,20260621T200056-0400,87,87.0,88.0,
B,denver,2026-06-21,20260621T210119-0400,87,87.0,88.0,
B,denver,2026-06-21,20260621T225421-0400,87,87.0,88.0,
B,denver,2026-06-21,20260621T230220-0400,87,87.0,88.0,
B,denver,2026-06-21,20260622T000012-0400,87,87.0,88.0,
B,denver,2026-06-21,20260622T010306-0400,87,87.0,88.0,
B,denver,2026-06-22,20260622T020041-0400,,,,
B,denver,2026-06-22,20260622T030041-0400,60,60.0,88.0,
B,denver,2026-06-22,20260622T040040-0400,59,59.0,88.0,
B,denver,2026-06-22,20260622T050031-0400,59,59.0,88.0,
B,denver,2026-06-22,20260622T060830-0400,59,59.0,88.0,
B,denver,2026-06-22,20260622T070044-0400,59,59.0,88.0,
B,denver,2026-06-22,20260622T081046-0400,59,59.0,88.0,
B,denver,2026-06-22,20260622T090041-0400,59,59.0,88.0,
B,denver,2026-06-22,20260622T100049-0400,59,59.0,66.0,
B,denver,2026-06-22,20260622T110115-0400,66,66.0,69.0,
B,denver,2026-06-22,20260622T122236-0400,69,69.0,75.0,
B,denver,2026-06-22,20260622T130435-0400,69,69.0,77.0,
B,denver,2026-06-22,20260622T140028-0400,76,76.0,79.0,
B,denver,2026-06-22,20260622T150032-0400,80,80.0,81.0,
B,denver,2026-06-22,20260622T160025-0400,83,83.0,83.0,
B,denver,2026-06-22,20260622T170246-0400,85,85.0,87.0,
B,denver,2026-06-22,20260622T180100-0400,87,87.0,88.0,
B,denver,2026-06-22,20260622T190035-0400,89,89.0,88.0,
B,denver,2026-06-22,20260622T200613-0400,89,89.0,89.0,
B,denver,2026-06-22,20260622T211509-0400,89,89.0,89.0,
B,denver,2026-06-22,20260622T220134-0400,89,89.0,89.0,
B,denver,2026-06-22,20260622T231059-0400,89,89.0,89.0,
B,denver,2026-06-22,20260623T000500-0400,89,89.0,89.0,
B,denver,2026-06-22,20260623T010456-0400,89,89.0,89.0,
B,denver,2026-06-26,20260626T020939-0400,55,55.0,78.0,
B,denver,2026-06-26,20260626T030940-0400,55,55.0,78.0,
B,denver,2026-06-26,20260626T040938-0400,56,56.0,78.0,
B,denver,2026-06-26,20260626T050927-0400,56,56.0,78.0,
B,denver,2026-06-26,20260626T060931-0400,59,59.0,78.0,
B,denver,2026-06-26,20260626T070933-0400,60,60.0,78.0,
B,denver,2026-06-26,20260626T081037-0400,60,60.0,78.0,
B,denver,2026-06-26,20260626T090852-0400,60,60.0,65.0,
B,denver,2026-06-26,20260626T100200-0400,64,64.0,68.0,
B,denver,2026-06-26,20260626T110953-0400,68,68.0,76.0,
B,denver,2026-06-26,20260626T120958-0400,75,75.0,81.0,
B,denver,2026-06-26,20260626T130430-0400,80,80.0,84.0,
B,denver,2026-06-26,20260626T140944-0400,83,83.0,87.0,
B,denver,2026-06-26,20260626T150001-0400,85,85.0,88.0,
B,denver,2026-06-26,20260626T160701-0400,85,85.0,88.0,
B,denver,2026-06-26,20260626T170651-0400,89,89.0,88.0,
B,denver,2026-06-26,20260626T180001-0400,89,89.0,89.0,
B,denver,2026-06-26,20260626T190109-0400,89,89.0,89.0,
B,denver,2026-06-26,20260626T201055-0400,89,89.0,89.0,
B,denver,2026-06-26,20260626T211039-0400,89,89.0,89.0,
B,denver,2026-06-26,20260626T220714-0400,89,89.0,89.0,
B,denver,2026-06-26,20260626T230137-0400,89,89.0,89.0,
B,denver,2026-06-26,20260627T000701-0400,89,89.0,89.0,
B,denver,2026-06-26,20260627T011842-0400,89,89.0,89.0,
B,denver,2026-06-27,20260627T021856-0400,69,69.0,89.0,
B,denver,2026-06-27,20260627T031650-0400,68,68.0,89.0,
B,denver,2026-06-27,20260627T040651-0400,67,67.0,89.0,
B,denver,2026-06-27,20260627T050843-0400,66,66.0,89.0,
B,denver,2026-06-27,20260627T060843-0400,65,65.0,89.0,
B,denver,2026-06-27,20260627T070845-0400,66,66.0,89.0,
B,denver,2026-06-27,20260627T080848-0400,68,68.0,89.0,
B,denver,2026-06-27,20260627T090749-0400,69,69.0,89.0,
B,denver,2026-06-27,20260627T104005-0400,,,,
B,denver,2026-06-27,20260627T110842-0400,,,,
B,denver,2026-06-27,20260627T121030-0400,,,,
B,denver,2026-06-27,20260627T130523-0400,,,,
B,denver,2026-06-27,20260627T140043-0400,,,,
B,denver,2026-06-27,20260627T150011-0400,,,,
B,denver,2026-06-27,20260627T160131-0400,,,,
B,denver,2026-06-27,20260627T170823-0400,,,,
B,denver,2026-06-27,20260627T181831-0400,,,,
B,denver,2026-06-27,20260627T190335-0400,,,,
B,denver,2026-06-27,20260627T200240-0400,,,,
B,denver,2026-06-27,20260627T210239-0400,,,,
B,denver,2026-06-27,20260627T220248-0400,,,,
B,denver,2026-06-27,20260627T230255-0400,,,,
B,denver,2026-06-27,20260628T000300-0400,,,,
B,denver,2026-06-27,20260628T010253-0400,,,,
B,denver,2026-06-28,20260628T020251-0400,,,,
B,denver,2026-06-28,20260628T030252-0400,,,,
B,denver,2026-06-28,20260628T040259-0400,,,,
B,denver,2026-06-28,20260628T050239-0400,,,,
B,denver,2026-06-28,20260628T060244-0400,,,,
B,denver,2026-06-28,20260628T070237-0400,,,,
B,denver,2026-06-28,20260628T080244-0400,,,,
B,denver,2026-06-28,20260628T090250-0400,,,,
B,denver,2026-06-28,20260628T101247-0400,,,,
B,denver,2026-06-28,20260628T110332-0400,,,,
B,denver,2026-06-28,20260628T120251-0400,,,,
B,denver,2026-06-28,20260628T130300-0400,,,,
B,denver,2026-06-28,20260628T140242-0400,,,,
B,denver,2026-06-28,20260628T150256-0400,,,,
B,denver,2026-06-28,20260628T160255-0400,,,,
B,denver,2026-06-28,20260628T170240-0400,,,,
B,denver,2026-06-28,20260628T180525-0400,,,,
B,denver,2026-06-28,20260628T190034-0400,,,,
B,denver,2026-06-28,20260628T200446-0400,,,,
B,denver,2026-06-28,20260628T211208-0400,,,,
B,denver,2026-06-29,20260629T104119-0400,,,,
B,denver,2026-06-29,20260629T110121-0400,,,,
B,denver,2026-06-29,20260629T121117-0400,,,,
B,denver,2026-06-29,20260629T131419-0400,,,,
B,denver,2026-06-29,20260629T140630-0400,,,,
B,denver,2026-06-29,20260629T150434-0400,,,,
B,denver,2026-06-29,20260629T160825-0400,,,,
B,denver,2026-06-29,20260629T170253-0400,,,,
B,denver,2026-06-29,20260629T180852-0400,,,,
B,denver,2026-06-29,20260629T190927-0400,,,,
B,denver,2026-06-29,20260629T200756-0400,,,,
B,denver,2026-06-29,20260629T210006-0400,,,,
B,denver,2026-06-29,20260629T220321-0400,,,,
B,denver,2026-06-29,20260629T230108-0400,,,,
B,denver,2026-06-29,20260630T000458-0400,,,,
B,denver,2026-06-29,20260630T010849-0400,,,,
B,denver,2026-06-30,20260630T020018-0400,,,,
B,denver,2026-06-30,20260630T030413-0400,,,,
B,denver,2026-06-30,20260630T040001-0400,,,,
B,denver,2026-06-30,20260630T050202-0400,,,,
B,denver,2026-06-30,20260630T060528-0400,,,,
B,denver,2026-06-30,20260630T070001-0400,,,,
B,denver,2026-06-30,20260630T080608-0400,,,,
B,denver,2026-06-30,20260630T090037-0400,,,,
B,denver,2026-06-30,20260630T100146-0400,,,,
B,denver,2026-06-30,20260630T110006-0400,,,,
B,denver,2026-06-30,20260630T121124-0400,,,,
B,denver,2026-06-30,20260630T131243-0400,,,,
B,denver,2026-06-30,20260630T141010-0400,,,,
B,denver,2026-06-30,20260630T150503-0400,,,,
B,denver,2026-06-30,20260630T160847-0400,,,,
B,denver,2026-06-30,20260630T170325-0400,,,,
B,denver,2026-06-30,20260630T180654-0400,,,,
B,denver,2026-06-30,20260630T190119-0400,,,,
B,denver,2026-06-30,20260630T200859-0400,,,,
B,denver,2026-06-30,20260630T210326-0400,,,,
B,denver,2026-06-30,20260630T220703-0400,,,,
B,denver,2026-06-30,20260630T230108-0400,,,,
B,denver,2026-06-30,20260701T000536-0400,,,,
B,denver,2026-06-30,20260701T010045-0400,,,,
B,houston,2026-06-07,20260607T010229-0400,17,17.0,,
B,houston,2026-06-07,20260607T020350-0400,80,80.0,88.0,
B,houston,2026-06-07,20260607T030457-0400,80,80.0,88.0,
B,houston,2026-06-07,20260607T040616-0400,80,80.0,88.0,
B,houston,2026-06-07,20260607T050735-0400,80,80.0,88.0,
B,houston,2026-06-07,20260607T060836-0400,80,80.0,88.0,
B,houston,2026-06-07,20260607T071017-0400,80,80.0,88.0,
B,houston,2026-06-07,20260607T080116-0400,80,80.0,88.0,
B,houston,2026-06-07,20260607T090237-0400,80,80.0,81.0,
B,houston,2026-06-07,20260607T100357-0400,80,80.0,81.0,
B,houston,2026-06-07,20260607T110501-0400,81,81.0,83.0,
B,houston,2026-06-07,20260607T120706-0400,81,81.0,84.0,
B,houston,2026-06-07,20260607T130919-0400,83,83.0,85.0,
B,houston,2026-06-07,20260607T140133-0400,83,83.0,86.0,
B,houston,2026-06-07,20260607T150321-0400,85,85.0,86.0,
B,houston,2026-06-07,20260607T160505-0400,85,85.0,86.0,
B,houston,2026-06-07,20260607T170746-0400,85,85.0,86.0,
B,houston,2026-06-07,20260607T181023-0400,85,85.0,86.0,
B,houston,2026-06-07,20260607T190217-0400,85,85.0,86.0,
B,houston,2026-06-07,20260607T200351-0400,85,85.0,86.0,
B,houston,2026-06-07,20260607T210537-0400,85,85.0,86.0,
B,houston,2026-06-07,20260607T220716-0400,85,85.0,86.0,
B,houston,2026-06-07,20260607T230926-0400,85,85.0,86.0,
B,houston,2026-06-07,20260608T000100-0400,85,85.0,86.0,
B,houston,2026-06-08,20260608T010238-0400,17,17.0,,
B,houston,2026-06-08,20260608T020407-0400,81,81.0,86.0,
B,houston,2026-06-08,20260608T030553-0400,81,81.0,86.0,
B,houston,2026-06-08,20260608T040713-0400,81,81.0,86.0,
B,houston,2026-06-08,20260608T050853-0400,81,81.0,86.0,
B,houston,2026-06-08,20260608T060041-0400,81,81.0,86.0,
B,houston,2026-06-08,20260608T070222-0400,81,81.0,86.0,
B,houston,2026-06-08,20260608T080357-0400,81,81.0,86.0,
B,houston,2026-06-08,20260608T090548-0400,81,81.0,80.0,
B,houston,2026-06-08,20260608T100746-0400,81,81.0,81.0,
B,houston,2026-06-08,20260608T110930-0400,81,81.0,83.0,
B,houston,2026-06-08,20260608T120112-0400,81,81.0,84.0,
B,houston,2026-06-08,20260608T130314-0400,83,83.0,87.0,
B,houston,2026-06-08,20260608T140514-0400,83,83.0,88.0,
B,houston,2026-06-08,20260608T150719-0400,87,87.0,90.0,
B,houston,2026-06-08,20260608T161005-0400,88,88.0,89.0,
B,houston,2026-06-08,20260608T170229-0400,88,88.0,89.0,
B,houston,2026-06-08,20260608T180448-0400,90,90.0,89.0,
B,houston,2026-06-08,20260608T191532-0400,90,90.0,89.0,
B,houston,2026-06-08,20260608T200648-0400,90,90.0,89.0,
B,houston,2026-06-08,20260608T210814-0400,90,90.0,89.0,
B,houston,2026-06-08,20260608T220949-0400,90,90.0,89.0,
B,houston,2026-06-08,20260608T230135-0400,90,90.0,89.0,
B,houston,2026-06-08,20260609T000257-0400,90,90.0,89.0,
B,houston,2026-06-11,20260611T050144-0400,81,81.0,91.0,
B,houston,2026-06-11,20260611T061126-0400,81,81.0,91.0,
B,houston,2026-06-11,20260611T070050-0400,81,81.0,91.0,
B,houston,2026-06-11,20260611T080406-0400,81,81.0,91.0,
B,houston,2026-06-11,20260611T090612-0400,81,81.0,82.0,
B,houston,2026-06-11,20260611T100751-0400,81,81.0,84.0,
B,houston,2026-06-11,20260611T110339-0400,82,82.0,87.0,
B,houston,2026-06-11,20260611T120544-0400,84,84.0,88.0,
B,houston,2026-06-11,20260611T130715-0400,87,87.0,90.0,
B,houston,2026-06-11,20260611T140954-0400,88,88.0,91.0,
B,houston,2026-06-11,20260611T150155-0400,90,90.0,92.0,
B,houston,2026-06-11,20260611T160423-0400,91,91.0,92.0,
B,houston,2026-06-11,20260611T170623-0400,92,92.0,91.0,
B,houston,2026-06-11,20260611T180830-0400,92,92.0,91.0,
B,houston,2026-06-11,20260611T191005-0400,92,92.0,91.0,
B,houston,2026-06-11,20260611T200226-0400,92,92.0,91.0,
B,houston,2026-06-11,20260611T210554-0400,92,92.0,91.0,
B,houston,2026-06-11,20260611T220734-0400,92,92.0,91.0,
B,houston,2026-06-11,20260611T231011-0400,92,92.0,91.0,
B,houston,2026-06-11,20260612T000133-0400,92,92.0,91.0,
B,houston,2026-06-12,20260612T010306-0400,82,82.0,91.0,
B,houston,2026-06-12,20260612T020454-0400,81,81.0,91.0,
B,houston,2026-06-12,20260612T030615-0400,81,81.0,91.0,
B,houston,2026-06-12,20260612T040738-0400,81,81.0,91.0,
B,houston,2026-06-12,20260612T050856-0400,81,81.0,91.0,
B,houston,2026-06-12,20260612T060037-0400,81,81.0,91.0,
B,houston,2026-06-12,20260612T070217-0400,81,81.0,91.0,
B,houston,2026-06-12,20260612T080357-0400,81,81.0,79.0,
B,houston,2026-06-12,20260612T090640-0400,81,81.0,82.0,
B,houston,2026-06-12,20260612T100832-0400,81,81.0,84.0,
B,houston,2026-06-12,20260612T111016-0400,84,84.0,86.0,
B,houston,2026-06-12,20260612T120146-0400,84,84.0,88.0,
B,houston,2026-06-12,20260612T130334-0400,86,86.0,90.0,
B,houston,2026-06-12,20260612T140516-0400,88,88.0,90.0,
B,houston,2026-06-12,20260612T150704-0400,90,90.0,91.0,
B,houston,2026-06-12,20260612T160911-0400,90,90.0,91.0,
B,houston,2026-06-12,20260612T170055-0400,91,91.0,91.0,
B,houston,2026-06-12,20260612T180253-0400,91,91.0,91.0,
B,houston,2026-06-12,20260612T190427-0400,91,91.0,91.0,
B,houston,2026-06-12,20260612T200654-0400,91,91.0,91.0,
B,houston,2026-06-12,20260612T210917-0400,91,91.0,91.0,
B,houston,2026-06-12,20260612T220101-0400,91,91.0,91.0,
B,houston,2026-06-12,20260612T230257-0400,91,91.0,91.0,
B,houston,2026-06-12,20260613T000426-0400,91,91.0,91.0,
B,houston,2026-06-13,20260613T010602-0400,81,81.0,91.0,
B,houston,2026-06-13,20260613T020728-0400,80,80.0,91.0,
B,houston,2026-06-13,20260613T030853-0400,80,80.0,91.0,
B,houston,2026-06-13,20260613T040015-0400,80,80.0,91.0,
B,houston,2026-06-13,20260613T050154-0400,80,80.0,91.0,
B,houston,2026-06-13,20260613T060305-0400,80,80.0,91.0,
B,houston,2026-06-13,20260613T070425-0400,80,80.0,91.0,
B,houston,2026-06-13,20260613T080614-0400,80,80.0,79.0,
B,houston,2026-06-13,20260613T090739-0400,80,80.0,82.0,
B,houston,2026-06-13,20260613T100907-0400,80,80.0,85.0,
B,houston,2026-06-13,20260613T110104-0400,82,82.0,88.0,
B,houston,2026-06-13,20260613T120734-0400,85,85.0,90.0,
B,houston,2026-06-13,20260613T130951-0400,86,86.0,90.0,
B,houston,2026-06-13,20260613T140132-0400,89,89.0,91.0,
B,houston,2026-06-13,20260613T150252-0400,90,90.0,92.0,
B,houston,2026-06-13,20260613T160432-0400,91,91.0,92.0,
B,houston,2026-06-13,20260613T170631-0400,92,92.0,91.0,
B,houston,2026-06-13,20260613T180844-0400,92,92.0,91.0,
B,houston,2026-06-13,20260613T190055-0400,92,92.0,91.0,
B,houston,2026-06-13,20260613T200338-0400,92,92.0,91.0,
B,houston,2026-06-13,20260613T210533-0400,92,92.0,91.0,
B,houston,2026-06-13,20260613T220052-0400,92,92.0,91.0,
B,houston,2026-06-13,20260613T230237-0400,92,92.0,91.0,
B,houston,2026-06-13,20260614T000852-0400,92,92.0,91.0,
B,houston,2026-06-14,20260614T011008-0400,82,82.0,91.0,
B,houston,2026-06-14,20260614T020138-0400,82,82.0,91.0,
B,houston,2026-06-14,20260614T030324-0400,82,82.0,91.0,
B,houston,2026-06-14,20260614T040448-0400,82,82.0,91.0,
B,houston,2026-06-14,20260614T050554-0400,82,82.0,91.0,
B,houston,2026-06-14,20260614T060716-0400,82,82.0,91.0,
B,houston,2026-06-14,20260614T070838-0400,82,82.0,91.0,
B,houston,2026-06-14,20260614T080225-0400,82,82.0,91.0,
B,houston,2026-06-14,20260614T090110-0400,82,82.0,82.0,
B,houston,2026-06-14,20260614T100245-0400,82,82.0,85.0,
B,houston,2026-06-14,20260614T110413-0400,85,85.0,84.0,
B,houston,2026-06-14,20260614T120014-0400,85,85.0,86.0,
B,houston,2026-06-14,20260614T130021-0400,85,85.0,88.0,
B,houston,2026-06-14,20260614T140015-0400,86,86.0,88.0,
B,houston,2026-06-14,20260614T150006-0400,86,86.0,88.0,
B,houston,2026-06-14,20260614T160025-0400,86,86.0,89.0,
B,houston,2026-06-14,20260614T171553-0400,86,86.0,90.0,
B,houston,2026-06-14,20260614T180400-0400,89,89.0,90.0,
B,houston,2026-06-14,20260614T190027-0400,90,90.0,90.0,
B,houston,2026-06-14,20260614T200746-0400,90,90.0,90.0,
B,houston,2026-06-14,20260614T210055-0400,90,90.0,90.0,
B,houston,2026-06-14,20260614T220332-0400,90,90.0,90.0,
B,houston,2026-06-14,20260614T230537-0400,90,90.0,90.0,
B,houston,2026-06-14,20260615T000544-0400,90,90.0,90.0,
B,houston,2026-06-17,20260617T010241-0400,17,17.0,,
B,houston,2026-06-17,20260617T020243-0400,79,79.0,82.0,
B,houston,2026-06-17,20260617T031236-0400,79,79.0,82.0,
B,houston,2026-06-17,20260617T040252-0400,79,79.0,82.0,
B,houston,2026-06-17,20260617T051237-0400,79,79.0,82.0,
B,houston,2026-06-17,20260617T060242-0400,79,79.0,82.0,
B,houston,2026-06-17,20260617T071041-0400,79,79.0,82.0,
B,houston,2026-06-17,20260617T080237-0400,79,79.0,82.0,
B,houston,2026-06-17,20260617T090133-0400,79,79.0,77.0,
B,houston,2026-06-17,20260617T100249-0400,79,79.0,77.0,
B,houston,2026-06-17,20260617T110251-0400,79,79.0,78.0,
B,houston,2026-06-17,20260617T122834-0400,79,79.0,81.0,
B,houston,2026-06-17,20260617T130242-0400,80,80.0,83.0,
B,houston,2026-06-17,20260617T142746-0400,83,83.0,86.0,
B,houston,2026-06-17,20260617T150635-0400,86,86.0,88.0,
B,houston,2026-06-17,20260617T160257-0400,88,88.0,89.0,
B,houston,2026-06-17,20260617T171244-0400,88,88.0,88.0,
B,houston,2026-06-17,20260617T181244-0400,88,88.0,88.0,
B,houston,2026-06-17,20260617T191309-0400,88,88.0,88.0,
B,houston,2026-06-17,20260617T200240-0400,88,88.0,88.0,
B,houston,2026-06-17,20260617T211243-0400,88,88.0,88.0,
B,houston,2026-06-17,20260617T221245-0400,88,88.0,88.0,
B,houston,2026-06-17,20260617T230238-0400,88,88.0,88.0,
B,houston,2026-06-17,20260618T000246-0400,88,88.0,88.0,
B,houston,2026-06-19,20260619T010239-0400,17,17.0,,
B,houston,2026-06-19,20260619T020241-0400,83,83.0,94.0,
B,houston,2026-06-19,20260619T031657-0400,83,83.0,94.0,
B,houston,2026-06-19,20260619T040034-0400,83,83.0,94.0,
B,houston,2026-06-19,20260619T050036-0400,83,83.0,94.0,
B,houston,2026-06-19,20260619T060134-0400,83,83.0,94.0,
B,houston,2026-06-19,20260619T070246-0400,83,83.0,94.0,
B,houston,2026-06-19,20260619T080116-0400,83,83.0,81.0,
B,houston,2026-06-19,20260619T090253-0400,83,83.0,83.0,
B,houston,2026-06-19,20260619T100346-0400,86,86.0,86.0,
B,houston,2026-06-19,20260619T110252-0400,88,88.0,88.0,
B,houston,2026-06-19,20260619T120244-0400,89,89.0,89.0,
B,houston,2026-06-19,20260619T130325-0400,89,89.0,90.0,
B,houston,2026-06-19,20260619T140245-0400,90,90.0,92.0,
B,houston,2026-06-19,20260619T150250-0400,91,91.0,92.0,
B,houston,2026-06-19,20260619T160352-0400,92,92.0,93.0,
B,houston,2026-06-19,20260619T170242-0400,92,92.0,93.0,
B,houston,2026-06-19,20260619T180235-0400,92,92.0,93.0,
B,houston,2026-06-19,20260619T190019-0400,92,92.0,93.0,
B,houston,2026-06-19,20260619T201134-0400,92,92.0,93.0,
B,houston,2026-06-19,20260619T210324-0400,92,92.0,93.0,
B,houston,2026-06-19,20260619T220715-0400,92,92.0,93.0,
B,houston,2026-06-19,20260619T230332-0400,92,92.0,93.0,
B,houston,2026-06-19,20260620T000550-0400,92,92.0,93.0,
B,houston,2026-06-20,20260620T010549-0400,84,84.0,93.0,
B,houston,2026-06-20,20260620T020440-0400,83,83.0,93.0,
B,houston,2026-06-20,20260620T030545-0400,83,83.0,93.0,
B,houston,2026-06-20,20260620T041548-0400,83,83.0,93.0,
B,houston,2026-06-20,20260620T050445-0400,83,83.0,93.0,
B,houston,2026-06-20,20260620T060447-0400,83,83.0,93.0,
B,houston,2026-06-20,20260620T070446-0400,83,83.0,93.0,
B,houston,2026-06-20,20260620T080542-0400,83,83.0,81.0,
B,houston,2026-06-20,20260620T090552-0400,83,83.0,82.0,
B,houston,2026-06-20,20260620T101443-0400,83,83.0,84.0,
B,houston,2026-06-20,20260620T110044-0400,83,83.0,84.0,
B,houston,2026-06-20,20260620T121625-0400,85,85.0,87.0,
B,houston,2026-06-20,20260620T130333-0400,85,85.0,87.0,
B,houston,2026-06-20,20260620T140035-0400,85,85.0,87.0,
B,houston,2026-06-20,20260620T150043-0400,85,85.0,87.0,
B,houston,2026-06-20,20260620T160648-0400,85,85.0,87.0,
B,houston,2026-06-20,20260620T170056-0400,85,85.0,87.0,
B,houston,2026-06-20,20260620T181103-0400,85,85.0,87.0,
B,houston,2026-06-20,20260620T190711-0400,85,85.0,87.0,
B,houston,2026-06-20,20260620T200813-0400,85,85.0,87.0,
B,houston,2026-06-20,20260620T211054-0400,85,85.0,87.0,
B,houston,2026-06-20,20260620T221055-0400,85,85.0,87.0,
B,houston,2026-06-20,20260620T230317-0400,85,85.0,87.0,
B,houston,2026-06-20,20260621T000055-0400,85,85.0,87.0,
B,houston,2026-06-21,20260621T010053-0400,17,17.0,,
B,houston,2026-06-21,20260621T021046-0400,77,77.0,87.0,
B,houston,2026-06-21,20260621T030825-0400,77,77.0,87.0,
B,houston,2026-06-21,20260621T041228-0400,77,77.0,87.0,
B,houston,2026-06-21,20260621T050034-0400,77,77.0,87.0,
B,houston,2026-06-21,20260621T060028-0400,78,78.0,87.0,
B,houston,2026-06-21,20260621T070053-0400,78,78.0,87.0,
B,houston,2026-06-21,20260621T080042-0400,78,78.0,87.0,
B,houston,2026-06-21,20260621T090044-0400,78,78.0,78.0,
B,houston,2026-06-21,20260621T100043-0400,78,78.0,78.0,
B,houston,2026-06-21,20260621T110254-0400,78,78.0,78.0,
B,houston,2026-06-21,20260621T121050-0400,78,78.0,78.0,
B,houston,2026-06-21,20260621T130248-0400,78,78.0,79.0,
B,houston,2026-06-21,20260621T141244-0400,81,81.0,87.0,
B,houston,2026-06-21,20260621T150042-0400,87,87.0,89.0,
B,houston,2026-06-21,20260621T160052-0400,88,88.0,89.0,
B,houston,2026-06-21,20260621T170038-0400,88,88.0,89.0,
B,houston,2026-06-21,20260621T180049-0400,88,88.0,89.0,
B,houston,2026-06-21,20260621T190052-0400,88,88.0,89.0,
B,houston,2026-06-21,20260621T200100-0400,88,88.0,89.0,
B,houston,2026-06-21,20260621T210037-0400,88,88.0,89.0,
B,houston,2026-06-21,20260621T225434-0400,88,88.0,89.0,
B,houston,2026-06-21,20260621T230806-0400,88,88.0,89.0,
B,houston,2026-06-21,20260622T000157-0400,88,88.0,89.0,
B,houston,2026-06-22,20260622T010310-0400,,,,
B,houston,2026-06-22,20260622T021045-0400,81,81.0,89.0,
B,houston,2026-06-22,20260622T030047-0400,81,81.0,89.0,
B,houston,2026-06-22,20260622T040043-0400,81,81.0,89.0,
B,houston,2026-06-22,20260622T050023-0400,81,81.0,89.0,
B,houston,2026-06-22,20260622T060023-0400,82,82.0,89.0,
B,houston,2026-06-22,20260622T070047-0400,82,82.0,89.0,
B,houston,2026-06-22,20260622T080035-0400,82,82.0,81.0,
B,houston,2026-06-22,20260622T090047-0400,82,82.0,82.0,
B,houston,2026-06-22,20260622T100052-0400,83,83.0,86.0,
B,houston,2026-06-22,20260622T110034-0400,86,86.0,88.0,
B,houston,2026-06-22,20260622T120130-0400,87,87.0,90.0,
B,houston,2026-06-22,20260622T130129-0400,89,89.0,91.0,
B,houston,2026-06-22,20260622T140457-0400,91,91.0,92.0,
B,houston,2026-06-22,20260622T151526-0400,91,91.0,92.0,
B,houston,2026-06-22,20260622T160849-0400,92,92.0,92.0,
B,houston,2026-06-22,20260622T171607-0400,92,92.0,92.0,
B,houston,2026-06-22,20260622T180105-0400,92,92.0,92.0,
B,houston,2026-06-22,20260622T190222-0400,92,92.0,92.0,
B,houston,2026-06-22,20260622T200622-0400,92,92.0,92.0,
B,houston,2026-06-22,20260622T211517-0400,92,92.0,92.0,
B,houston,2026-06-22,20260622T221124-0400,92,92.0,92.0,
B,houston,2026-06-22,20260622T231106-0400,92,92.0,92.0,
B,houston,2026-06-22,20260623T000507-0400,92,92.0,92.0,
B,houston,2026-06-26,20260626T010950-0400,81,81.0,92.0,
B,houston,2026-06-26,20260626T020942-0400,81,81.0,92.0,
B,houston,2026-06-26,20260626T030944-0400,81,81.0,92.0,
B,houston,2026-06-26,20260626T040942-0400,81,81.0,92.0,
B,houston,2026-06-26,20260626T050930-0400,81,81.0,92.0,
B,houston,2026-06-26,20260626T060935-0400,81,81.0,92.0,
B,houston,2026-06-26,20260626T070535-0400,81,81.0,92.0,
B,houston,2026-06-26,20260626T080536-0400,81,81.0,81.0,
B,houston,2026-06-26,20260626T090531-0400,81,81.0,82.0,
B,houston,2026-06-26,20260626T100559-0400,82,82.0,85.0,
B,houston,2026-06-26,20260626T110002-0400,84,84.0,86.0,
B,houston,2026-06-26,20260626T121425-0400,87,87.0,89.0,
B,houston,2026-06-26,20260626T130433-0400,88,88.0,90.0,
B,houston,2026-06-26,20260626T141642-0400,91,91.0,92.0,
B,houston,2026-06-26,20260626T150647-0400,91,91.0,92.0,
B,houston,2026-06-26,20260626T160706-0400,92,92.0,92.0,
B,houston,2026-06-26,20260626T170655-0400,92,92.0,92.0,
B,houston,2026-06-26,20260626T180641-0400,92,92.0,92.0,
B,houston,2026-06-26,20260626T190648-0400,92,92.0,92.0,
B,houston,2026-06-26,20260626T200645-0400,92,92.0,92.0,
B,houston,2026-06-26,20260626T210652-0400,92,92.0,92.0,
B,houston,2026-06-26,20260626T220047-0400,92,92.0,92.0,
B,houston,2026-06-26,20260626T230703-0400,92,92.0,92.0,
B,houston,2026-06-26,20260627T000711-0400,92,92.0,92.0,
B,houston,2026-06-28,20260628T010300-0400,,,,
B,houston,2026-06-28,20260628T020254-0400,,,,
B,houston,2026-06-28,20260628T030256-0400,,,,
B,houston,2026-06-28,20260628T040303-0400,,,,
B,houston,2026-06-28,20260628T050243-0400,,,,
B,houston,2026-06-28,20260628T060248-0400,,,,
B,houston,2026-06-28,20260628T070241-0400,,,,
B,houston,2026-06-28,20260628T080248-0400,,,,
B,houston,2026-06-28,20260628T090254-0400,,,,
B,houston,2026-06-28,20260628T101251-0400,,,,
B,houston,2026-06-28,20260628T110147-0400,,,,
B,houston,2026-06-28,20260628T120257-0400,,,,
B,houston,2026-06-28,20260628T130336-0400,,,,
B,houston,2026-06-28,20260628T140246-0400,,,,
B,houston,2026-06-28,20260628T150308-0400,,,,
B,houston,2026-06-28,20260628T160300-0400,,,,
B,houston,2026-06-28,20260628T170243-0400,,,,
B,houston,2026-06-28,20260628T180618-0400,,,,
B,houston,2026-06-28,20260628T190629-0400,,,,
B,houston,2026-06-28,20260628T200644-0400,,,,
B,houston,2026-06-28,20260628T211525-0400,,,,
B,houston,2026-06-29,20260629T104125-0400,,,,
B,houston,2026-06-29,20260629T110125-0400,,,,
B,houston,2026-06-29,20260629T121120-0400,,,,
B,houston,2026-06-29,20260629T131422-0400,,,,
B,houston,2026-06-29,20260629T140752-0400,,,,
B,houston,2026-06-29,20260629T150438-0400,,,,
B,houston,2026-06-29,20260629T160832-0400,,,,
B,houston,2026-06-29,20260629T170302-0400,,,,
B,houston,2026-06-29,20260629T181103-0400,,,,
B,houston,2026-06-29,20260629T191140-0400,,,,
B,houston,2026-06-29,20260629T200806-0400,,,,
B,houston,2026-06-29,20260629T210708-0400,,,,
B,houston,2026-06-29,20260629T220401-0400,,,,
B,houston,2026-06-29,20260629T230118-0400,,,,
B,houston,2026-06-29,20260630T000508-0400,,,,
B,houston,2026-06-30,20260630T010048-0400,,,,
B,houston,2026-06-30,20260630T020412-0400,,,,
B,houston,2026-06-30,20260630T030743-0400,,,,
B,houston,2026-06-30,20260630T040210-0400,,,,
B,houston,2026-06-30,20260630T050532-0400,,,,
B,houston,2026-06-30,20260630T060901-0400,,,,
B,houston,2026-06-30,20260630T070324-0400,,,,
B,houston,2026-06-30,20260630T080836-0400,,,,
B,houston,2026-06-30,20260630T090302-0400,,,,
B,houston,2026-06-30,20260630T102239-0400,,,,
B,houston,2026-06-30,20260630T110847-0400,,,,
B,houston,2026-06-30,20260630T121031-0400,,,,
B,houston,2026-06-30,20260630T130627-0400,,,,
B,houston,2026-06-30,20260630T140401-0400,,,,
B,houston,2026-06-30,20260630T150253-0400,,,,
B,houston,2026-06-30,20260630T160334-0400,,,,
B,houston,2026-06-30,20260630T170702-0400,,,,
B,houston,2026-06-30,20260630T180126-0400,,,,
B,houston,2026-06-30,20260630T190455-0400,,,,
B,houston,2026-06-30,20260630T200233-0400,,,,
B,houston,2026-06-30,20260630T210625-0400,,,,
B,houston,2026-06-30,20260630T220105-0400,,,,
B,houston,2026-06-30,20260630T230508-0400,,,,
B,houston,2026-06-30,20260701T000000-0400,,,,
B,los-angeles,2026-06-07,20260607T030458-0400,17,17.0,,
B,los-angeles,2026-06-07,20260607T040617-0400,63,63.0,71.0,
B,los-angeles,2026-06-07,20260607T050736-0400,63,63.0,71.0,
B,los-angeles,2026-06-07,20260607T060837-0400,64,64.0,71.0,
B,los-angeles,2026-06-07,20260607T071018-0400,64,64.0,71.0,
B,los-angeles,2026-06-07,20260607T080125-0400,64,64.0,71.0,
B,los-angeles,2026-06-07,20260607T090238-0400,64,64.0,71.0,
B,los-angeles,2026-06-07,20260607T100358-0400,64,64.0,71.0,
B,los-angeles,2026-06-07,20260607T110502-0400,65,65.0,65.0,
B,los-angeles,2026-06-07,20260607T120708-0400,66,66.0,66.0,
B,los-angeles,2026-06-07,20260607T130921-0400,66,66.0,66.0,
B,los-angeles,2026-06-07,20260607T140134-0400,66,66.0,67.0,
B,los-angeles,2026-06-07,20260607T150322-0400,67,67.0,70.0,
B,los-angeles,2026-06-07,20260607T160506-0400,67,67.0,70.0,
B,los-angeles,2026-06-07,20260607T170748-0400,71,71.0,70.0,
B,los-angeles,2026-06-07,20260607T181024-0400,71,71.0,70.0,
B,los-angeles,2026-06-07,20260607T190218-0400,71,71.0,70.0,
B,los-angeles,2026-06-07,20260607T200352-0400,71,71.0,70.0,
B,los-angeles,2026-06-07,20260607T210538-0400,71,71.0,70.0,
B,los-angeles,2026-06-07,20260607T220717-0400,71,71.0,70.0,
B,los-angeles,2026-06-07,20260607T230927-0400,71,71.0,70.0,
B,los-angeles,2026-06-07,20260608T000102-0400,71,71.0,70.0,
B,los-angeles,2026-06-07,20260608T010239-0400,71,71.0,70.0,
B,los-angeles,2026-06-07,20260608T020408-0400,71,71.0,70.0,
B,los-angeles,2026-06-08,20260608T030554-0400,17,17.0,,
B,los-angeles,2026-06-08,20260608T040714-0400,63,63.0,70.0,
B,los-angeles,2026-06-08,20260608T050854-0400,63,63.0,70.0,
B,los-angeles,2026-06-08,20260608T060043-0400,63,63.0,70.0,
B,los-angeles,2026-06-08,20260608T070223-0400,63,63.0,70.0,
B,los-angeles,2026-06-08,20260608T080358-0400,64,64.0,70.0,
B,los-angeles,2026-06-08,20260608T090549-0400,64,64.0,70.0,
B,los-angeles,2026-06-08,20260608T100747-0400,65,65.0,65.0,
B,los-angeles,2026-06-08,20260608T110931-0400,65,65.0,66.0,
B,los-angeles,2026-06-08,20260608T120113-0400,66,66.0,66.0,
B,los-angeles,2026-06-08,20260608T130315-0400,67,67.0,67.0,
B,los-angeles,2026-06-08,20260608T140516-0400,68,68.0,69.0,
B,los-angeles,2026-06-08,20260608T150723-0400,68,68.0,70.0,
B,los-angeles,2026-06-08,20260608T161010-0400,68,68.0,70.0,
B,los-angeles,2026-06-08,20260608T170231-0400,71,71.0,70.0,
B,los-angeles,2026-06-08,20260608T180449-0400,72,72.0,70.0,
B,los-angeles,2026-06-08,20260608T191533-0400,72,72.0,70.0,
B,los-angeles,2026-06-08,20260608T200649-0400,72,72.0,70.0,
B,los-angeles,2026-06-08,20260608T210815-0400,72,72.0,70.0,
B,los-angeles,2026-06-08,20260608T220950-0400,72,72.0,70.0,
B,los-angeles,2026-06-08,20260608T230136-0400,72,72.0,70.0,
B,los-angeles,2026-06-08,20260609T000258-0400,72,72.0,70.0,
B,los-angeles,2026-06-08,20260609T010435-0400,72,72.0,70.0,
B,los-angeles,2026-06-08,20260609T020604-0400,72,72.0,70.0,
B,los-angeles,2026-06-09,20260609T083451-0400,63,63.0,70.0,
B,los-angeles,2026-06-09,20260609T090607-0400,63,63.0,70.0,
B,los-angeles,2026-06-09,20260609T100747-0400,63,63.0,62.0,
B,los-angeles,2026-06-09,20260609T111125-0400,65,65.0,65.0,
B,los-angeles,2026-06-09,20260609T120724-0400,67,67.0,67.0,
B,los-angeles,2026-06-09,20260609T130413-0400,70,70.0,68.0,
B,los-angeles,2026-06-09,20260609T140602-0400,70,70.0,69.0,
B,los-angeles,2026-06-09,20260609T150751-0400,71,71.0,70.0,
B,los-angeles,2026-06-09,20260609T160933-0400,71,71.0,71.0,
B,los-angeles,2026-06-09,20260609T170135-0400,71,71.0,71.0,
B,los-angeles,2026-06-09,20260609T180318-0400,71,71.0,71.0,
B,los-angeles,2026-06-09,20260609T190445-0400,72,72.0,71.0,
B,los-angeles,2026-06-09,20260609T200629-0400,72,72.0,71.0,
B,los-angeles,2026-06-09,20260609T210754-0400,72,72.0,71.0,
B,los-angeles,2026-06-09,20260609T220917-0400,72,72.0,71.0,
B,los-angeles,2026-06-09,20260609T230052-0400,72,72.0,71.0,
B,los-angeles,2026-06-09,20260610T000203-0400,72,72.0,71.0,
B,los-angeles,2026-06-09,20260610T010314-0400,72,72.0,71.0,
B,los-angeles,2026-06-09,20260610T020440-0400,72,72.0,71.0,
B,los-angeles,2026-06-10,20260610T093741-0400,66,66.0,71.0,
B,los-angeles,2026-06-10,20260610T100829-0400,66,66.0,65.0,
B,los-angeles,2026-06-10,20260610T111000-0400,66,66.0,67.0,
B,los-angeles,2026-06-10,20260610T120405-0400,66,66.0,70.0,
B,los-angeles,2026-06-10,20260610T130608-0400,71,71.0,72.0,
B,los-angeles,2026-06-10,20260610T143339-0400,71,71.0,72.0,
B,los-angeles,2026-06-10,20260610T150506-0400,72,72.0,72.0,
B,los-angeles,2026-06-10,20260610T160745-0400,73,73.0,72.0,
B,los-angeles,2026-06-10,20260610T170957-0400,73,73.0,72.0,
B,los-angeles,2026-06-10,20260610T180154-0400,73,73.0,72.0,
B,los-angeles,2026-06-10,20260610T190346-0400,73,73.0,72.0,
B,los-angeles,2026-06-10,20260610T200520-0400,74,74.0,72.0,
B,los-angeles,2026-06-11,20260611T050152-0400,67,67.0,72.0,
B,los-angeles,2026-06-11,20260611T061137-0400,67,67.0,72.0,
B,los-angeles,2026-06-11,20260611T070051-0400,67,67.0,72.0,
B,los-angeles,2026-06-11,20260611T080407-0400,67,67.0,72.0,
B,los-angeles,2026-06-11,20260611T090613-0400,67,67.0,72.0,
B,los-angeles,2026-06-11,20260611T100752-0400,67,67.0,72.0,
B,los-angeles,2026-06-11,20260611T110341-0400,67,67.0,68.0,
B,los-angeles,2026-06-11,20260611T120545-0400,67,67.0,70.0,
B,los-angeles,2026-06-11,20260611T130716-0400,71,71.0,71.0,
B,los-angeles,2026-06-11,20260611T140955-0400,71,71.0,72.0,
B,los-angeles,2026-06-11,20260611T150156-0400,72,72.0,73.0,
B,los-angeles,2026-06-11,20260611T160425-0400,73,73.0,74.0,
B,los-angeles,2026-06-11,20260611T170624-0400,74,74.0,74.0,
B,los-angeles,2026-06-11,20260611T180831-0400,74,74.0,74.0,
B,los-angeles,2026-06-11,20260611T191006-0400,74,74.0,74.0,
B,los-angeles,2026-06-11,20260611T200233-0400,74,74.0,74.0,
B,los-angeles,2026-06-11,20260611T210555-0400,74,74.0,74.0,
B,los-angeles,2026-06-11,20260611T220736-0400,74,74.0,74.0,
B,los-angeles,2026-06-11,20260611T231013-0400,74,74.0,74.0,
B,los-angeles,2026-06-11,20260612T000135-0400,74,74.0,74.0,
B,los-angeles,2026-06-11,20260612T010308-0400,74,74.0,74.0,
B,los-angeles,2026-06-11,20260612T020455-0400,74,74.0,74.0,
B,los-angeles,2026-06-12,20260612T030616-0400,65,65.0,74.0,
B,los-angeles,2026-06-12,20260612T040739-0400,65,65.0,74.0,
B,los-angeles,2026-06-12,20260612T050857-0400,65,65.0,74.0,
B,los-angeles,2026-06-12,20260612T060038-0400,65,65.0,74.0,
B,los-angeles,2026-06-12,20260612T070217-0400,65,65.0,74.0,
B,los-angeles,2026-06-12,20260612T080359-0400,65,65.0,74.0,
B,los-angeles,2026-06-12,20260612T090642-0400,65,65.0,74.0,
B,los-angeles,2026-06-12,20260612T100833-0400,65,65.0,65.0,
B,los-angeles,2026-06-12,20260612T111017-0400,66,66.0,66.0,
B,los-angeles,2026-06-12,20260612T120147-0400,66,66.0,68.0,
B,los-angeles,2026-06-12,20260612T130335-0400,70,70.0,71.0,
B,los-angeles,2026-06-12,20260612T140517-0400,70,70.0,72.0,
B,los-angeles,2026-06-12,20260612T150705-0400,72,72.0,72.0,
B,los-angeles,2026-06-12,20260612T160912-0400,73,73.0,72.0,
B,los-angeles,2026-06-12,20260612T170056-0400,73,73.0,72.0,
B,los-angeles,2026-06-12,20260612T180254-0400,73,73.0,72.0,
B,los-angeles,2026-06-12,20260612T190428-0400,73,73.0,72.0,
B,los-angeles,2026-06-12,20260612T200655-0400,73,73.0,72.0,
B,los-angeles,2026-06-12,20260612T210918-0400,73,73.0,72.0,
B,los-angeles,2026-06-12,20260612T220102-0400,73,73.0,72.0,
B,los-angeles,2026-06-12,20260612T230258-0400,73,73.0,72.0,
B,los-angeles,2026-06-12,20260613T000427-0400,73,73.0,72.0,
B,los-angeles,2026-06-12,20260613T010603-0400,73,73.0,72.0,
B,los-angeles,2026-06-12,20260613T020729-0400,73,73.0,72.0,
B,los-angeles,2026-06-13,20260613T030855-0400,63,63.0,72.0,
B,los-angeles,2026-06-13,20260613T040017-0400,63,63.0,72.0,
B,los-angeles,2026-06-13,20260613T050155-0400,63,63.0,72.0,
B,los-angeles,2026-06-13,20260613T060306-0400,63,63.0,72.0,
B,los-angeles,2026-06-13,20260613T070426-0400,63,63.0,72.0,
B,los-angeles,2026-06-13,20260613T080615-0400,64,64.0,72.0,
B,los-angeles,2026-06-13,20260613T090740-0400,64,64.0,72.0,
B,los-angeles,2026-06-13,20260613T100908-0400,64,64.0,64.0,
B,los-angeles,2026-06-13,20260613T110105-0400,64,64.0,65.0,
B,los-angeles,2026-06-13,20260613T120735-0400,64,64.0,68.0,
B,los-angeles,2026-06-13,20260613T130952-0400,69,69.0,69.0,
B,los-angeles,2026-06-13,20260613T140135-0400,69,69.0,69.0,
B,los-angeles,2026-06-13,20260613T150253-0400,70,70.0,69.0,
B,los-angeles,2026-06-13,20260613T160433-0400,70,70.0,69.0,
B,los-angeles,2026-06-13,20260613T170633-0400,71,71.0,70.0,
B,los-angeles,2026-06-13,20260613T180845-0400,71,71.0,70.0,
B,los-angeles,2026-06-13,20260613T190057-0400,72,72.0,70.0,
B,los-angeles,2026-06-13,20260613T200340-0400,72,72.0,70.0,
B,los-angeles,2026-06-13,20260613T210534-0400,72,72.0,70.0,
B,los-angeles,2026-06-13,20260613T220053-0400,72,72.0,70.0,
B,los-angeles,2026-06-13,20260613T230238-0400,72,72.0,70.0,
B,los-angeles,2026-06-13,20260614T000853-0400,72,72.0,70.0,
B,los-angeles,2026-06-13,20260614T011009-0400,72,72.0,70.0,
B,los-angeles,2026-06-13,20260614T020141-0400,72,72.0,70.0,
B,los-angeles,2026-06-14,20260614T030325-0400,17,17.0,,
B,los-angeles,2026-06-14,20260614T040448-0400,62,62.0,70.0,
B,los-angeles,2026-06-14,20260614T050555-0400,62,62.0,70.0,
B,los-angeles,2026-06-14,20260614T060725-0400,62,62.0,70.0,
B,los-angeles,2026-06-14,20260614T070839-0400,62,62.0,70.0,
B,los-angeles,2026-06-14,20260614T080957-0400,62,62.0,70.0,
B,los-angeles,2026-06-14,20260614T090110-0400,62,62.0,70.0,
B,los-angeles,2026-06-14,20260614T100246-0400,62,62.0,70.0,
B,los-angeles,2026-06-14,20260614T110415-0400,64,64.0,66.0,
B,los-angeles,2026-06-14,20260614T120016-0400,64,64.0,68.0,
B,los-angeles,2026-06-14,20260614T130723-0400,66,66.0,69.0,
B,los-angeles,2026-06-14,20260614T140854-0400,69,69.0,69.0,
B,los-angeles,2026-06-14,20260614T150008-0400,69,69.0,70.0,
B,los-angeles,2026-06-14,20260614T160134-0400,69,69.0,70.0,
B,los-angeles,2026-06-14,20260614T171555-0400,70,70.0,70.0,
B,los-angeles,2026-06-14,20260614T180403-0400,71,71.0,70.0,
B,los-angeles,2026-06-14,20260614T190616-0400,71,71.0,70.0,
B,los-angeles,2026-06-14,20260614T200747-0400,71,71.0,70.0,
B,los-angeles,2026-06-14,20260614T210056-0400,71,71.0,70.0,
B,los-angeles,2026-06-14,20260614T220333-0400,71,71.0,70.0,
B,los-angeles,2026-06-14,20260614T230541-0400,71,71.0,70.0,
B,los-angeles,2026-06-14,20260615T000545-0400,71,71.0,70.0,
B,los-angeles,2026-06-14,20260615T010542-0400,71,71.0,70.0,
B,los-angeles,2026-06-14,20260615T021537-0400,71,71.0,70.0,
B,los-angeles,2026-06-19,20260619T030756-0400,17,17.0,,
B,los-angeles,2026-06-19,20260619T040236-0400,63,63.0,69.0,
B,los-angeles,2026-06-19,20260619T051331-0400,63,63.0,69.0,
B,los-angeles,2026-06-19,20260619T061240-0400,63,63.0,69.0,
B,los-angeles,2026-06-19,20260619T070247-0400,63,63.0,69.0,
B,los-angeles,2026-06-19,20260619T080912-0400,63,63.0,69.0,
B,los-angeles,2026-06-19,20260619T090415-0400,63,63.0,69.0,
B,los-angeles,2026-06-19,20260619T101325-0400,63,63.0,62.0,
B,los-angeles,2026-06-19,20260619T110254-0400,63,63.0,63.0,
B,los-angeles,2026-06-19,20260619T120246-0400,63,63.0,63.0,
B,los-angeles,2026-06-19,20260619T130328-0400,63,63.0,64.0,
B,los-angeles,2026-06-19,20260619T140152-0400,67,67.0,66.0,
B,los-angeles,2026-06-19,20260619T150252-0400,67,67.0,68.0,
B,los-angeles,2026-06-19,20260619T160357-0400,70,70.0,69.0,
B,los-angeles,2026-06-19,20260619T170244-0400,70,70.0,69.0,
B,los-angeles,2026-06-19,20260619T180244-0400,70,70.0,69.0,
B,los-angeles,2026-06-19,20260619T190021-0400,70,70.0,69.0,
B,los-angeles,2026-06-19,20260619T201504-0400,70,70.0,69.0,
B,los-angeles,2026-06-19,20260619T210332-0400,70,70.0,69.0,
B,los-angeles,2026-06-19,20260619T220720-0400,70,70.0,69.0,
B,los-angeles,2026-06-19,20260619T230712-0400,70,70.0,69.0,
B,los-angeles,2026-06-19,20260620T000552-0400,70,70.0,69.0,
B,los-angeles,2026-06-19,20260620T010550-0400,70,70.0,69.0,
B,los-angeles,2026-06-19,20260620T020240-0400,70,70.0,69.0,
B,los-angeles,2026-06-20,20260620T030548-0400,61,61.0,69.0,
B,los-angeles,2026-06-20,20260620T040346-0400,61,61.0,69.0,
B,los-angeles,2026-06-20,20260620T051551-0400,61,61.0,69.0,
B,los-angeles,2026-06-20,20260620T060551-0400,61,61.0,69.0,
B,los-angeles,2026-06-20,20260620T070347-0400,61,61.0,69.0,
B,los-angeles,2026-06-20,20260620T080546-0400,61,61.0,69.0,
B,los-angeles,2026-06-20,20260620T090557-0400,61,61.0,69.0,
B,los-angeles,2026-06-20,20260620T100414-0400,61,61.0,60.0,
B,los-angeles,2026-06-20,20260620T110046-0400,61,61.0,63.0,
B,los-angeles,2026-06-20,20260620T121627-0400,65,65.0,65.0,
B,los-angeles,2026-06-20,20260620T130335-0400,66,66.0,65.0,
B,los-angeles,2026-06-20,20260620T140035-0400,66,66.0,66.0,
B,los-angeles,2026-06-20,20260620T150045-0400,68,68.0,68.0,
B,los-angeles,2026-06-20,20260620T160510-0400,68,68.0,68.0,
B,los-angeles,2026-06-20,20260620T170101-0400,69,69.0,69.0,
B,los-angeles,2026-06-20,20260620T181106-0400,70,70.0,69.0,
B,los-angeles,2026-06-20,20260620T190507-0400,70,70.0,69.0,
B,los-angeles,2026-06-20,20260620T201046-0400,70,70.0,69.0,
B,los-angeles,2026-06-20,20260620T211057-0400,70,70.0,69.0,
B,los-angeles,2026-06-20,20260620T220123-0400,70,70.0,69.0,
B,los-angeles,2026-06-20,20260620T231055-0400,70,70.0,69.0,
B,los-angeles,2026-06-20,20260621T000057-0400,70,70.0,69.0,
B,los-angeles,2026-06-20,20260621T010055-0400,70,70.0,69.0,
B,los-angeles,2026-06-20,20260621T021048-0400,70,70.0,69.0,
B,los-angeles,2026-06-21,20260621T030452-0400,,,,
B,los-angeles,2026-06-21,20260621T041230-0400,62,62.0,69.0,
B,los-angeles,2026-06-21,20260621T050036-0400,62,62.0,69.0,
B,los-angeles,2026-06-21,20260621T061037-0400,62,62.0,69.0,
B,los-angeles,2026-06-21,20260621T070055-0400,62,62.0,69.0,
B,los-angeles,2026-06-21,20260621T080049-0400,62,62.0,69.0,
B,los-angeles,2026-06-21,20260621T090048-0400,62,62.0,69.0,
B,los-angeles,2026-06-21,20260621T100046-0400,62,62.0,69.0,
B,los-angeles,2026-06-21,20260621T110300-0400,64,64.0,63.0,
B,los-angeles,2026-06-21,20260621T121033-0400,64,64.0,65.0,
B,los-angeles,2026-06-21,20260621T130251-0400,65,65.0,65.0,
B,los-angeles,2026-06-21,20260621T141249-0400,66,66.0,66.0,
B,los-angeles,2026-06-21,20260621T150047-0400,67,67.0,68.0,
B,los-angeles,2026-06-21,20260621T160041-0400,69,69.0,69.0,
B,los-angeles,2026-06-21,20260621T170041-0400,70,70.0,69.0,
B,los-angeles,2026-06-21,20260621T180053-0400,70,70.0,69.0,
B,los-angeles,2026-06-21,20260621T190032-0400,70,70.0,69.0,
B,los-angeles,2026-06-21,20260621T200107-0400,70,70.0,69.0,
B,los-angeles,2026-06-21,20260621T210137-0400,70,70.0,69.0,
B,los-angeles,2026-06-21,20260621T225458-0400,70,70.0,69.0,
B,los-angeles,2026-06-21,20260621T230821-0400,70,70.0,69.0,
B,los-angeles,2026-06-21,20260622T000205-0400,70,70.0,69.0,
B,los-angeles,2026-06-21,20260622T010318-0400,70,70.0,69.0,
B,los-angeles,2026-06-21,20260622T020640-0400,70,70.0,69.0,
B,los-angeles,2026-06-22,20260622T030054-0400,,,,
B,los-angeles,2026-06-22,20260622T040046-0400,62,62.0,69.0,
B,los-angeles,2026-06-22,20260622T050036-0400,62,62.0,69.0,
B,los-angeles,2026-06-22,20260622T061044-0400,62,62.0,69.0,
B,los-angeles,2026-06-22,20260622T070050-0400,62,62.0,69.0,
B,los-angeles,2026-06-22,20260622T080039-0400,63,63.0,69.0,
B,los-angeles,2026-06-22,20260622T090045-0400,63,63.0,69.0,
B,los-angeles,2026-06-22,20260622T100055-0400,63,63.0,62.0,
B,los-angeles,2026-06-22,20260622T110122-0400,63,63.0,63.0,
B,los-angeles,2026-06-22,20260622T120137-0400,64,64.0,65.0,
B,los-angeles,2026-06-22,20260622T130137-0400,65,65.0,67.0,
B,los-angeles,2026-06-22,20260622T140501-0400,69,69.0,69.0,
B,los-angeles,2026-06-22,20260622T151532-0400,70,70.0,70.0,
B,los-angeles,2026-06-22,20260622T160852-0400,70,70.0,70.0,
B,los-angeles,2026-06-22,20260622T171636-0400,71,71.0,70.0,
B,los-angeles,2026-06-22,20260622T180109-0400,71,71.0,70.0,
B,los-angeles,2026-06-22,20260622T190917-0400,71,71.0,70.0,
B,los-angeles,2026-06-22,20260622T200631-0400,71,71.0,70.0,
B,los-angeles,2026-06-22,20260622T211531-0400,71,71.0,70.0,
B,los-angeles,2026-06-22,20260622T220245-0400,71,71.0,70.0,
B,los-angeles,2026-06-22,20260622T230114-0400,71,71.0,70.0,
B,los-angeles,2026-06-22,20260623T000515-0400,71,71.0,70.0,
B,los-angeles,2026-06-22,20260623T010506-0400,71,71.0,70.0,
B,los-angeles,2026-06-22,20260623T020521-0400,71,71.0,70.0,
B,los-angeles,2026-06-26,20260626T030950-0400,62,62.0,71.0,
B,los-angeles,2026-06-26,20260626T040946-0400,62,62.0,71.0,
B,los-angeles,2026-06-26,20260626T050737-0400,62,62.0,71.0,
B,los-angeles,2026-06-26,20260626T060940-0400,63,63.0,71.0,
B,los-angeles,2026-06-26,20260626T070432-0400,63,63.0,71.0,
B,los-angeles,2026-06-26,20260626T080447-0400,63,63.0,71.0,
B,los-angeles,2026-06-26,20260626T090902-0400,63,63.0,71.0,
B,los-angeles,2026-06-26,20260626T100454-0400,63,63.0,63.0,
B,los-angeles,2026-06-26,20260626T110205-0400,63,63.0,64.0,
B,los-angeles,2026-06-26,20260626T120851-0400,66,66.0,65.0,
B,los-angeles,2026-06-26,20260626T130059-0400,66,66.0,66.0,
B,los-angeles,2026-06-26,20260626T141558-0400,67,67.0,69.0,
B,los-angeles,2026-06-26,20260626T150604-0400,69,69.0,70.0,
B,los-angeles,2026-06-26,20260626T160712-0400,70,70.0,70.0,
B,los-angeles,2026-06-26,20260626T170659-0400,70,70.0,70.0,
B,los-angeles,2026-06-26,20260626T180645-0400,70,70.0,70.0,
B,los-angeles,2026-06-26,20260626T190654-0400,70,70.0,70.0,
B,los-angeles,2026-06-26,20260626T201644-0400,70,70.0,70.0,
B,los-angeles,2026-06-26,20260626T210636-0400,70,70.0,70.0,
B,los-angeles,2026-06-26,20260626T220731-0400,70,70.0,70.0,
B,los-angeles,2026-06-26,20260626T230651-0400,70,70.0,70.0,
B,los-angeles,2026-06-26,20260627T000718-0400,70,70.0,70.0,
B,los-angeles,2026-06-26,20260627T011854-0400,70,70.0,70.0,
B,los-angeles,2026-06-26,20260627T021924-0400,62,62.0,70.0,
B,los-angeles,2026-06-28,20260628T030303-0400,,,,
B,los-angeles,2026-06-28,20260628T040307-0400,,,,
B,los-angeles,2026-06-28,20260628T050246-0400,,,,
B,los-angeles,2026-06-28,20260628T060252-0400,,,,
B,los-angeles,2026-06-28,20260628T070245-0400,,,,
B,los-angeles,2026-06-28,20260628T080252-0400,,,,
B,los-angeles,2026-06-28,20260628T090258-0400,,,,
B,los-angeles,2026-06-28,20260628T101255-0400,,,,
B,los-angeles,2026-06-28,20260628T110344-0400,,,,
B,los-angeles,2026-06-28,20260628T120302-0400,,,,
B,los-angeles,2026-06-28,20260628T130434-0400,,,,
B,los-angeles,2026-06-28,20260628T140250-0400,,,,
B,los-angeles,2026-06-28,20260628T150313-0400,,,,
B,los-angeles,2026-06-28,20260628T160304-0400,,,,
B,los-angeles,2026-06-28,20260628T170247-0400,,,,
B,los-angeles,2026-06-28,20260628T180707-0400,,,,
B,los-angeles,2026-06-28,20260628T190727-0400,,,,
B,los-angeles,2026-06-28,20260628T200825-0400,,,,
B,los-angeles,2026-06-28,20260628T211533-0400,,,,
B,los-angeles,2026-06-29,20260629T104131-0400,,,,
B,los-angeles,2026-06-29,20260629T110129-0400,,,,
B,los-angeles,2026-06-29,20260629T120047-0400,,,,
B,los-angeles,2026-06-29,20260629T131426-0400,,,,
B,los-angeles,2026-06-29,20260629T140843-0400,,,,
B,los-angeles,2026-06-29,20260629T150442-0400,,,,
B,los-angeles,2026-06-29,20260629T160839-0400,,,,
B,los-angeles,2026-06-29,20260629T170308-0400,,,,
B,los-angeles,2026-06-29,20260629T181250-0400,,,,
B,los-angeles,2026-06-29,20260629T191340-0400,,,,
B,los-angeles,2026-06-29,20260629T200852-0400,,,,
B,los-angeles,2026-06-29,20260629T210901-0400,,,,
B,los-angeles,2026-06-29,20260629T220423-0400,,,,
B,los-angeles,2026-06-29,20260629T230157-0400,,,,
B,los-angeles,2026-06-29,20260630T000544-0400,,,,
B,los-angeles,2026-06-29,20260630T010055-0400,,,,
B,los-angeles,2026-06-29,20260630T020446-0400,,,,
B,los-angeles,2026-06-30,20260630T030355-0400,,,,
B,los-angeles,2026-06-30,20260630T040722-0400,,,,
B,los-angeles,2026-06-30,20260630T050143-0400,,,,
B,los-angeles,2026-06-30,20260630T060508-0400,,,,
B,los-angeles,2026-06-30,20260630T070834-0400,,,,
B,los-angeles,2026-06-30,20260630T080418-0400,,,,
B,los-angeles,2026-06-30,20260630T090750-0400,,,,
B,los-angeles,2026-06-30,20260630T102243-0400,,,,
B,los-angeles,2026-06-30,20260630T110852-0400,,,,
B,los-angeles,2026-06-30,20260630T121047-0400,,,,
B,los-angeles,2026-06-30,20260630T130841-0400,,,,
B,los-angeles,2026-06-30,20260630T140615-0400,,,,
B,los-angeles,2026-06-30,20260630T150103-0400,,,,
B,los-angeles,2026-06-30,20260630T160441-0400,,,,
B,los-angeles,2026-06-30,20260630T170813-0400,,,,
B,los-angeles,2026-06-30,20260630T180243-0400,,,,
B,los-angeles,2026-06-30,20260630T190618-0400,,,,
B,los-angeles,2026-06-30,20260630T200400-0400,,,,
B,los-angeles,2026-06-30,20260630T210729-0400,,,,
B,los-angeles,2026-06-30,20260630T220205-0400,,,,
B,los-angeles,2026-06-30,20260630T230557-0400,,,,
B,los-angeles,2026-06-30,20260701T000110-0400,,,,
B,los-angeles,2026-06-30,20260701T010501-0400,,,,
B,los-angeles,2026-06-30,20260701T020850-0400,,,,
B,miami,2026-06-07,20260607T000111-0400,81,81.0,86.0,
B,miami,2026-06-07,20260607T010231-0400,79,79.0,86.0,
B,miami,2026-06-07,20260607T020353-0400,79,79.0,86.0,
B,miami,2026-06-07,20260607T030458-0400,80,80.0,86.0,
B,miami,2026-06-07,20260607T040617-0400,80,80.0,86.0,
B,miami,2026-06-07,20260607T050737-0400,80,80.0,86.0,
B,miami,2026-06-07,20260607T060837-0400,80,80.0,86.0,
B,miami,2026-06-07,20260607T071019-0400,80,80.0,79.0,
B,miami,2026-06-07,20260607T080126-0400,80,80.0,81.0,
B,miami,2026-06-07,20260607T090239-0400,81,81.0,83.0,
B,miami,2026-06-07,20260607T100359-0400,84,84.0,84.0,
B,miami,2026-06-07,20260607T110503-0400,84,84.0,86.0,
B,miami,2026-06-07,20260607T120710-0400,85,85.0,87.0,
B,miami,2026-06-07,20260607T130922-0400,85,85.0,87.0,
B,miami,2026-06-07,20260607T140135-0400,87,87.0,87.0,
B,miami,2026-06-07,20260607T150323-0400,88,88.0,87.0,
B,miami,2026-06-07,20260607T160507-0400,88,88.0,87.0,
B,miami,2026-06-07,20260607T170751-0400,88,88.0,87.0,
B,miami,2026-06-07,20260607T181028-0400,88,88.0,87.0,
B,miami,2026-06-07,20260607T190221-0400,88,88.0,87.0,
B,miami,2026-06-07,20260607T200353-0400,88,88.0,87.0,
B,miami,2026-06-07,20260607T210540-0400,88,88.0,87.0,
B,miami,2026-06-07,20260607T220718-0400,88,88.0,87.0,
B,miami,2026-06-07,20260607T230928-0400,88,88.0,87.0,
B,miami,2026-06-08,20260608T000103-0400,17,17.0,,
B,miami,2026-06-08,20260608T010240-0400,81,81.0,87.0,
B,miami,2026-06-08,20260608T020409-0400,81,81.0,87.0,
B,miami,2026-06-08,20260608T030555-0400,81,81.0,87.0,
B,miami,2026-06-08,20260608T040715-0400,81,81.0,87.0,
B,miami,2026-06-08,20260608T050855-0400,81,81.0,87.0,
B,miami,2026-06-08,20260608T060044-0400,81,81.0,87.0,
B,miami,2026-06-08,20260608T070224-0400,81,81.0,87.0,
B,miami,2026-06-08,20260608T080359-0400,81,81.0,81.0,
B,miami,2026-06-08,20260608T090550-0400,83,83.0,85.0,
B,miami,2026-06-08,20260608T100748-0400,85,85.0,86.0,
B,miami,2026-06-08,20260608T110932-0400,85,85.0,88.0,
B,miami,2026-06-08,20260608T120123-0400,87,87.0,88.0,
B,miami,2026-06-08,20260608T130316-0400,87,87.0,89.0,
B,miami,2026-06-08,20260608T140517-0400,88,88.0,89.0,
B,miami,2026-06-08,20260608T150724-0400,88,88.0,89.0,
B,miami,2026-06-08,20260608T161013-0400,88,88.0,89.0,
B,miami,2026-06-08,20260608T170234-0400,90,90.0,89.0,
B,miami,2026-06-08,20260608T180450-0400,90,90.0,89.0,
B,miami,2026-06-08,20260608T191534-0400,90,90.0,89.0,
B,miami,2026-06-08,20260608T200650-0400,90,90.0,89.0,
B,miami,2026-06-08,20260608T210820-0400,90,90.0,89.0,
B,miami,2026-06-08,20260608T220951-0400,90,90.0,89.0,
B,miami,2026-06-08,20260608T230137-0400,90,90.0,89.0,
B,miami,2026-06-11,20260611T050155-0400,80,80.0,87.0,
B,miami,2026-06-11,20260611T061149-0400,80,80.0,87.0,
B,miami,2026-06-11,20260611T070052-0400,80,80.0,87.0,
B,miami,2026-06-11,20260611T080408-0400,80,80.0,81.0,
B,miami,2026-06-11,20260611T090614-0400,80,80.0,84.0,
B,miami,2026-06-11,20260611T100753-0400,84,84.0,85.0,
B,miami,2026-06-11,20260611T110343-0400,84,84.0,86.0,
B,miami,2026-06-11,20260611T120546-0400,86,86.0,87.0,
B,miami,2026-06-11,20260611T130717-0400,86,86.0,87.0,
B,miami,2026-06-11,20260611T140956-0400,86,86.0,89.0,
B,miami,2026-06-11,20260611T150157-0400,88,88.0,89.0,
B,miami,2026-06-11,20260611T160426-0400,88,88.0,89.0,
B,miami,2026-06-11,20260611T170624-0400,88,88.0,89.0,
B,miami,2026-06-11,20260611T180832-0400,88,88.0,89.0,
B,miami,2026-06-11,20260611T191007-0400,88,88.0,89.0,
B,miami,2026-06-11,20260611T200236-0400,88,88.0,89.0,
B,miami,2026-06-11,20260611T210556-0400,88,88.0,89.0,
B,miami,2026-06-11,20260611T220736-0400,88,88.0,89.0,
B,miami,2026-06-11,20260611T231014-0400,88,88.0,89.0,
B,miami,2026-06-12,20260612T000136-0400,17,17.0,,
B,miami,2026-06-12,20260612T010309-0400,81,81.0,89.0,
B,miami,2026-06-12,20260612T020456-0400,81,81.0,89.0,
B,miami,2026-06-12,20260612T030617-0400,81,81.0,89.0,
B,miami,2026-06-12,20260612T040740-0400,81,81.0,89.0,
B,miami,2026-06-12,20260612T050858-0400,81,81.0,89.0,
B,miami,2026-06-12,20260612T060039-0400,81,81.0,89.0,
B,miami,2026-06-12,20260612T070218-0400,81,81.0,89.0,
B,miami,2026-06-12,20260612T080359-0400,81,81.0,81.0,
B,miami,2026-06-12,20260612T090644-0400,81,81.0,84.0,
B,miami,2026-06-12,20260612T100834-0400,84,84.0,85.0,
B,miami,2026-06-12,20260612T111019-0400,84,84.0,87.0,
B,miami,2026-06-12,20260612T120148-0400,86,86.0,88.0,
B,miami,2026-06-12,20260612T130336-0400,86,86.0,89.0,
B,miami,2026-06-12,20260612T140518-0400,89,89.0,90.0,
B,miami,2026-06-12,20260612T150706-0400,89,89.0,90.0,
B,miami,2026-06-12,20260612T160913-0400,89,89.0,90.0,
B,miami,2026-06-12,20260612T170057-0400,90,90.0,90.0,
B,miami,2026-06-12,20260612T180256-0400,90,90.0,90.0,
B,miami,2026-06-12,20260612T190429-0400,90,90.0,90.0,
B,miami,2026-06-12,20260612T200656-0400,90,90.0,90.0,
B,miami,2026-06-12,20260612T210919-0400,90,90.0,90.0,
B,miami,2026-06-12,20260612T220103-0400,90,90.0,90.0,
B,miami,2026-06-12,20260612T230259-0400,90,90.0,90.0,
B,miami,2026-06-13,20260613T000428-0400,80,80.0,90.0,
B,miami,2026-06-13,20260613T010604-0400,80,80.0,90.0,
B,miami,2026-06-13,20260613T020730-0400,80,80.0,90.0,
B,miami,2026-06-13,20260613T030855-0400,80,80.0,90.0,
B,miami,2026-06-13,20260613T040018-0400,80,80.0,90.0,
B,miami,2026-06-13,20260613T050156-0400,80,80.0,90.0,
B,miami,2026-06-13,20260613T060307-0400,80,80.0,90.0,
B,miami,2026-06-13,20260613T070427-0400,80,80.0,79.0,
B,miami,2026-06-13,20260613T080616-0400,80,80.0,82.0,
B,miami,2026-06-13,20260613T090741-0400,80,80.0,84.0,
B,miami,2026-06-13,20260613T100909-0400,83,83.0,86.0,
B,miami,2026-06-13,20260613T110107-0400,83,83.0,87.0,
B,miami,2026-06-13,20260613T120737-0400,86,86.0,89.0,
B,miami,2026-06-13,20260613T130953-0400,88,88.0,89.0,
B,miami,2026-06-13,20260613T140138-0400,88,88.0,90.0,
B,miami,2026-06-13,20260613T150254-0400,89,89.0,90.0,
B,miami,2026-06-13,20260613T160434-0400,89,89.0,90.0,
B,miami,2026-06-13,20260613T170634-0400,90,90.0,90.0,
B,miami,2026-06-13,20260613T180847-0400,90,90.0,90.0,
B,miami,2026-06-13,20260613T190101-0400,90,90.0,90.0,
B,miami,2026-06-13,20260613T200341-0400,90,90.0,90.0,
B,miami,2026-06-13,20260613T210535-0400,90,90.0,90.0,
B,miami,2026-06-13,20260613T220054-0400,90,90.0,90.0,
B,miami,2026-06-13,20260613T230239-0400,90,90.0,90.0,
B,miami,2026-06-14,20260614T000854-0400,82,82.0,90.0,
B,miami,2026-06-14,20260614T011010-0400,82,82.0,90.0,
B,miami,2026-06-14,20260614T020143-0400,82,82.0,90.0,
B,miami,2026-06-14,20260614T030326-0400,82,82.0,90.0,
B,miami,2026-06-14,20260614T040449-0400,82,82.0,90.0,
B,miami,2026-06-14,20260614T050505-0400,82,82.0,90.0,
B,miami,2026-06-14,20260614T060726-0400,82,82.0,90.0,
B,miami,2026-06-14,20260614T070602-0400,82,82.0,80.0,
B,miami,2026-06-14,20260614T080603-0400,82,82.0,83.0,
B,miami,2026-06-14,20260614T090111-0400,82,82.0,84.0,
B,miami,2026-06-14,20260614T100012-0400,83,83.0,86.0,
B,miami,2026-06-14,20260614T110416-0400,85,85.0,89.0,
B,miami,2026-06-14,20260614T120017-0400,88,88.0,92.0,
B,miami,2026-06-14,20260614T130703-0400,90,90.0,93.0,
B,miami,2026-06-14,20260614T140620-0400,91,91.0,93.0,
B,miami,2026-06-14,20260614T150010-0400,93,93.0,93.0,
B,miami,2026-06-14,20260614T160135-0400,93,93.0,93.0,
B,miami,2026-06-14,20260614T171600-0400,93,93.0,93.0,
B,miami,2026-06-14,20260614T180404-0400,93,93.0,93.0,
B,miami,2026-06-14,20260614T190617-0400,93,93.0,93.0,
B,miami,2026-06-14,20260614T200748-0400,93,93.0,93.0,
B,miami,2026-06-14,20260614T210057-0400,93,93.0,93.0,
B,miami,2026-06-14,20260614T220334-0400,93,93.0,93.0,
B,miami,2026-06-14,20260614T230542-0400,93,93.0,93.0,
B,miami,2026-06-16,20260616T000605-0400,82,82.0,93.0,
B,miami,2026-06-16,20260616T012526-0400,83,83.0,93.0,
B,miami,2026-06-16,20260616T020518-0400,83,83.0,93.0,
B,miami,2026-06-16,20260616T030220-0400,83,83.0,93.0,
B,miami,2026-06-16,20260616T040510-0400,83,83.0,93.0,
B,miami,2026-06-16,20260616T050539-0400,83,83.0,93.0,
B,miami,2026-06-16,20260616T061222-0400,83,83.0,93.0,
B,miami,2026-06-16,20260616T070217-0400,83,83.0,80.0,
B,miami,2026-06-16,20260616T080317-0400,83,83.0,83.0,
B,miami,2026-06-16,20260616T090556-0400,83,83.0,85.0,
B,miami,2026-06-16,20260616T100244-0400,89,89.0,88.0,
B,miami,2026-06-16,20260616T111320-0400,89,89.0,91.0,
B,miami,2026-06-16,20260616T121547-0400,91,91.0,92.0,
B,miami,2026-06-16,20260616T130338-0400,91,91.0,92.0,
B,miami,2026-06-16,20260616T140534-0400,92,92.0,93.0,
B,miami,2026-06-16,20260616T151545-0400,94,94.0,93.0,
B,miami,2026-06-16,20260616T161523-0400,94,94.0,93.0,
B,miami,2026-06-16,20260616T170412-0400,94,94.0,93.0,
B,miami,2026-06-16,20260616T180304-0400,94,94.0,93.0,
B,miami,2026-06-16,20260616T190251-0400,94,94.0,93.0,
B,miami,2026-06-16,20260616T200317-0400,94,94.0,93.0,
B,miami,2026-06-16,20260616T210137-0400,94,94.0,93.0,
B,miami,2026-06-16,20260616T220243-0400,94,94.0,93.0,
B,miami,2026-06-16,20260616T230038-0400,94,94.0,93.0,
B,miami,2026-06-17,20260617T000242-0400,17,17.0,,
B,miami,2026-06-17,20260617T011239-0400,82,82.0,93.0,
B,miami,2026-06-17,20260617T020246-0400,82,82.0,93.0,
B,miami,2026-06-17,20260617T030042-0400,82,82.0,93.0,
B,miami,2026-06-17,20260617T040255-0400,82,82.0,93.0,
B,miami,2026-06-17,20260617T050036-0400,82,82.0,93.0,
B,miami,2026-06-17,20260617T060245-0400,82,82.0,93.0,
B,miami,2026-06-17,20260617T070245-0400,82,82.0,93.0,
B,miami,2026-06-17,20260617T080240-0400,82,82.0,83.0,
B,miami,2026-06-17,20260617T090136-0400,86,86.0,84.0,
B,miami,2026-06-17,20260617T100245-0400,88,88.0,86.0,
B,miami,2026-06-17,20260617T110255-0400,88,88.0,88.0,
B,miami,2026-06-17,20260617T124248-0400,89,89.0,92.0,
B,miami,2026-06-17,20260617T130246-0400,91,91.0,92.0,
B,miami,2026-06-17,20260617T142749-0400,93,93.0,93.0,
B,miami,2026-06-17,20260617T151246-0400,93,93.0,93.0,
B,miami,2026-06-17,20260617T160301-0400,93,93.0,93.0,
B,miami,2026-06-17,20260617T171248-0400,93,93.0,93.0,
B,miami,2026-06-17,20260617T181248-0400,93,93.0,93.0,
B,miami,2026-06-17,20260617T191316-0400,93,93.0,93.0,
B,miami,2026-06-17,20260617T200244-0400,93,93.0,93.0,
B,miami,2026-06-17,20260617T210834-0400,93,93.0,93.0,
B,miami,2026-06-17,20260617T221249-0400,93,93.0,93.0,
B,miami,2026-06-17,20260617T230241-0400,93,93.0,93.0,
B,miami,2026-06-19,20260619T000335-0400,84,84.0,92.0,
B,miami,2026-06-19,20260619T010135-0400,84,84.0,92.0,
B,miami,2026-06-19,20260619T020244-0400,84,84.0,92.0,
B,miami,2026-06-19,20260619T031659-0400,84,84.0,92.0,
B,miami,2026-06-19,20260619T040337-0400,84,84.0,92.0,
B,miami,2026-06-19,20260619T050038-0400,84,84.0,92.0,
B,miami,2026-06-19,20260619T060432-0400,84,84.0,92.0,
B,miami,2026-06-19,20260619T070249-0400,84,84.0,92.0,
B,miami,2026-06-19,20260619T081248-0400,84,84.0,84.0,
B,miami,2026-06-19,20260619T090211-0400,86,86.0,85.0,
B,miami,2026-06-19,20260619T100348-0400,88,88.0,86.0,
B,miami,2026-06-19,20260619T110256-0400,90,90.0,88.0,
B,miami,2026-06-19,20260619T120248-0400,90,90.0,90.0,
B,miami,2026-06-19,20260619T130331-0400,91,91.0,92.0,
B,miami,2026-06-19,20260619T141252-0400,91,91.0,92.0,
B,miami,2026-06-19,20260619T150254-0400,92,92.0,92.0,
B,miami,2026-06-19,20260619T160401-0400,92,92.0,92.0,
B,miami,2026-06-19,20260619T170248-0400,92,92.0,92.0,
B,miami,2026-06-19,20260619T180246-0400,92,92.0,92.0,
B,miami,2026-06-19,20260619T190023-0400,92,92.0,92.0,
B,miami,2026-06-19,20260619T201507-0400,92,92.0,92.0,
B,miami,2026-06-19,20260619T210341-0400,92,92.0,92.0,
B,miami,2026-06-19,20260619T220722-0400,92,92.0,92.0,
B,miami,2026-06-19,20260619T230038-0400,92,92.0,92.0,
B,miami,2026-06-20,20260620T000555-0400,17,17.0,,
B,miami,2026-06-20,20260620T010552-0400,80,80.0,92.0,
B,miami,2026-06-20,20260620T020043-0400,80,80.0,92.0,
B,miami,2026-06-20,20260620T030550-0400,80,80.0,92.0,
B,miami,2026-06-20,20260620T041552-0400,80,80.0,92.0,
B,miami,2026-06-20,20260620T051552-0400,80,80.0,92.0,
B,miami,2026-06-20,20260620T060552-0400,80,80.0,92.0,
B,miami,2026-06-20,20260620T070551-0400,80,80.0,92.0,
B,miami,2026-06-20,20260620T080047-0400,84,84.0,83.0,
B,miami,2026-06-20,20260620T090157-0400,84,84.0,85.0,
B,miami,2026-06-20,20260620T100827-0400,89,89.0,87.0,
B,miami,2026-06-20,20260620T110048-0400,89,89.0,90.0,
B,miami,2026-06-20,20260620T121629-0400,89,89.0,93.0,
B,miami,2026-06-20,20260620T131642-0400,93,93.0,93.0,
B,miami,2026-06-20,20260620T140039-0400,93,93.0,93.0,
B,miami,2026-06-20,20260620T150047-0400,93,93.0,93.0,
B,miami,2026-06-20,20260620T161051-0400,93,93.0,93.0,
B,miami,2026-06-20,20260620T170059-0400,93,93.0,93.0,
B,miami,2026-06-20,20260620T180008-0400,93,93.0,93.0,
B,miami,2026-06-20,20260620T190012-0400,93,93.0,93.0,
B,miami,2026-06-20,20260620T200016-0400,93,93.0,93.0,
B,miami,2026-06-20,20260620T210019-0400,93,93.0,93.0,
B,miami,2026-06-20,20260620T221102-0400,93,93.0,93.0,
B,miami,2026-06-20,20260620T230111-0400,93,93.0,93.0,
B,miami,2026-06-21,20260621T000102-0400,74,74.0,93.0,
B,miami,2026-06-21,20260621T010058-0400,77,77.0,93.0,
B,miami,2026-06-21,20260621T021051-0400,77,77.0,93.0,
B,miami,2026-06-21,20260621T030829-0400,77,77.0,93.0,
B,miami,2026-06-21,20260621T040145-0400,77,77.0,93.0,
B,miami,2026-06-21,20260621T050039-0400,77,77.0,93.0,
B,miami,2026-06-21,20260621T060031-0400,77,77.0,93.0,
B,miami,2026-06-21,20260621T070058-0400,77,77.0,93.0,
B,miami,2026-06-21,20260621T080052-0400,77,77.0,79.0,
B,miami,2026-06-21,20260621T090051-0400,81,81.0,82.0,
B,miami,2026-06-21,20260621T100050-0400,87,87.0,85.0,
B,miami,2026-06-21,20260621T110305-0400,89,89.0,88.0,
B,miami,2026-06-21,20260621T121059-0400,89,89.0,90.0,
B,miami,2026-06-21,20260621T130257-0400,91,91.0,93.0,
B,miami,2026-06-21,20260621T141253-0400,93,93.0,93.0,
B,miami,2026-06-21,20260621T150050-0400,93,93.0,93.0,
B,miami,2026-06-21,20260621T160100-0400,94,94.0,93.0,
B,miami,2026-06-21,20260621T170049-0400,94,94.0,93.0,
B,miami,2026-06-21,20260621T180056-0400,94,94.0,93.0,
B,miami,2026-06-21,20260621T190059-0400,94,94.0,93.0,
B,miami,2026-06-21,20260621T200111-0400,94,94.0,93.0,
B,miami,2026-06-21,20260621T210147-0400,94,94.0,93.0,
B,miami,2026-06-21,20260621T225516-0400,94,94.0,93.0,
B,miami,2026-06-21,20260621T230835-0400,94,94.0,93.0,
B,miami,2026-06-22,20260622T000023-0400,,,,
B,miami,2026-06-22,20260622T010323-0400,83,83.0,93.0,
B,miami,2026-06-22,20260622T021057-0400,83,83.0,93.0,
B,miami,2026-06-22,20260622T030100-0400,83,83.0,93.0,
B,miami,2026-06-22,20260622T040032-0400,84,84.0,93.0,
B,miami,2026-06-22,20260622T050038-0400,84,84.0,93.0,
B,miami,2026-06-22,20260622T060735-0400,84,84.0,93.0,
B,miami,2026-06-22,20260622T070053-0400,84,84.0,93.0,
B,miami,2026-06-22,20260622T080724-0400,84,84.0,85.0,
B,miami,2026-06-22,20260622T090050-0400,85,85.0,87.0,
B,miami,2026-06-22,20260622T100058-0400,86,86.0,88.0,
B,miami,2026-06-22,20260622T110125-0400,89,89.0,90.0,
B,miami,2026-06-22,20260622T120252-0400,91,91.0,91.0,
B,miami,2026-06-22,20260622T130445-0400,92,92.0,92.0,
B,miami,2026-06-22,20260622T140505-0400,92,92.0,93.0,
B,miami,2026-06-22,20260622T151544-0400,92,92.0,93.0,
B,miami,2026-06-22,20260622T160856-0400,93,93.0,93.0,
B,miami,2026-06-22,20260622T171727-0400,93,93.0,93.0,
B,miami,2026-06-22,20260622T180117-0400,93,93.0,93.0,
B,miami,2026-06-22,20260622T190923-0400,93,93.0,93.0,
B,miami,2026-06-22,20260622T200638-0400,93,93.0,93.0,
B,miami,2026-06-22,20260622T211541-0400,93,93.0,93.0,
B,miami,2026-06-22,20260622T220840-0400,93,93.0,93.0,
B,miami,2026-06-22,20260622T230132-0400,93,93.0,93.0,
B,miami,2026-06-26,20260626T001122-0400,81,81.0,92.0,
B,miami,2026-06-26,20260626T010959-0400,80,80.0,92.0,
B,miami,2026-06-26,20260626T020131-0400,80,80.0,92.0,
B,miami,2026-06-26,20260626T030953-0400,81,81.0,92.0,
B,miami,2026-06-26,20260626T040950-0400,81,81.0,92.0,
B,miami,2026-06-26,20260626T050936-0400,82,82.0,92.0,
B,miami,2026-06-26,20260626T060943-0400,82,82.0,92.0,
B,miami,2026-06-26,20260626T070242-0400,82,82.0,82.0,
B,miami,2026-06-26,20260626T081534-0400,84,84.0,84.0,
B,miami,2026-06-26,20260626T090538-0400,84,84.0,86.0,
B,miami,2026-06-26,20260626T100304-0400,88,88.0,88.0,
B,miami,2026-06-26,20260626T111301-0400,88,88.0,88.0,
B,miami,2026-06-26,20260626T120321-0400,88,88.0,88.0,
B,miami,2026-06-26,20260626T130314-0400,88,88.0,88.0,
B,miami,2026-06-26,20260626T141254-0400,90,90.0,90.0,
B,miami,2026-06-26,20260626T150303-0400,91,91.0,90.0,
B,miami,2026-06-26,20260626T160310-0400,91,91.0,90.0,
B,miami,2026-06-26,20260626T170706-0400,91,91.0,90.0,
B,miami,2026-06-26,20260626T180403-0400,91,91.0,90.0,
B,miami,2026-06-26,20260626T190700-0400,91,91.0,90.0,
B,miami,2026-06-26,20260626T200405-0400,91,91.0,90.0,
B,miami,2026-06-26,20260626T210704-0400,91,91.0,90.0,
B,miami,2026-06-26,20260626T220740-0400,91,91.0,90.0,
B,miami,2026-06-26,20260626T230716-0400,91,91.0,90.0,
B,miami,2026-06-28,20260628T000328-0400,,,,
B,miami,2026-06-28,20260628T010310-0400,,,,
B,miami,2026-06-28,20260628T020305-0400,,,,
B,miami,2026-06-28,20260628T030307-0400,,,,
B,miami,2026-06-28,20260628T040311-0400,,,,
B,miami,2026-06-28,20260628T050250-0400,,,,
B,miami,2026-06-28,20260628T060256-0400,,,,
B,miami,2026-06-28,20260628T070248-0400,,,,
B,miami,2026-06-28,20260628T080257-0400,,,,
B,miami,2026-06-28,20260628T090302-0400,,,,
B,miami,2026-06-28,20260628T101300-0400,,,,
B,miami,2026-06-28,20260628T110323-0400,,,,
B,miami,2026-06-28,20260628T120312-0400,,,,
B,miami,2026-06-28,20260628T130556-0400,,,,
B,miami,2026-06-28,20260628T140254-0400,,,,
B,miami,2026-06-28,20260628T150324-0400,,,,
B,miami,2026-06-28,20260628T160309-0400,,,,
B,miami,2026-06-28,20260628T170251-0400,,,,
B,miami,2026-06-28,20260628T180812-0400,,,,
B,miami,2026-06-28,20260628T190758-0400,,,,
B,miami,2026-06-28,20260628T201040-0400,,,,
B,miami,2026-06-28,20260628T210042-0400,,,,
B,miami,2026-06-29,20260629T104137-0400,,,,
B,miami,2026-06-29,20260629T110132-0400,,,,
B,miami,2026-06-29,20260629T120050-0400,,,,
B,miami,2026-06-29,20260629T131430-0400,,,,
B,miami,2026-06-29,20260629T140910-0400,,,,
B,miami,2026-06-29,20260629T150446-0400,,,,
B,miami,2026-06-29,20260629T160845-0400,,,,
B,miami,2026-06-29,20260629T170440-0400,,,,
B,miami,2026-06-29,20260629T181439-0400,,,,
B,miami,2026-06-29,20260629T190056-0400,,,,
B,miami,2026-06-29,20260629T200140-0400,,,,
B,miami,2026-06-29,20260629T210006-0400,,,,
B,miami,2026-06-29,20260629T220720-0400,,,,
B,miami,2026-06-29,20260629T230232-0400,,,,
B,miami,2026-06-30,20260630T000227-0400,,,,
B,miami,2026-06-30,20260630T010552-0400,,,,
B,miami,2026-06-30,20260630T020028-0400,,,,
B,miami,2026-06-30,20260630T030425-0400,,,,
B,miami,2026-06-30,20260630T040758-0400,,,,
B,miami,2026-06-30,20260630T050219-0400,,,,
B,miami,2026-06-30,20260630T060542-0400,,,,
B,miami,2026-06-30,20260630T070010-0400,,,,
B,miami,2026-06-30,20260630T080619-0400,,,,
B,miami,2026-06-30,20260630T090055-0400,,,,
B,miami,2026-06-30,20260630T102218-0400,,,,
B,miami,2026-06-30,20260630T110800-0400,,,,
B,miami,2026-06-30,20260630T121140-0400,,,,
B,miami,2026-06-30,20260630T131402-0400,,,,
B,miami,2026-06-30,20260630T141236-0400,,,,
B,miami,2026-06-30,20260630T150523-0400,,,,
B,miami,2026-06-30,20260630T160007-0400,,,,
B,miami,2026-06-30,20260630T170342-0400,,,,
B,miami,2026-06-30,20260630T180710-0400,,,,
B,miami,2026-06-30,20260630T190140-0400,,,,
B,miami,2026-06-30,20260630T200157-0400,,,,
B,miami,2026-06-30,20260630T210529-0400,,,,
B,miami,2026-06-30,20260630T220002-0400,,,,
B,miami,2026-06-30,20260630T230354-0400,,,,
B,nyc,2026-06-07,20260607T000104-0400,17,17.0,,
B,nyc,2026-06-07,20260607T010212-0400,71,71.0,90.0,
B,nyc,2026-06-07,20260607T020342-0400,71,71.0,90.0,
B,nyc,2026-06-07,20260607T030452-0400,71,71.0,90.0,
B,nyc,2026-06-07,20260607T040611-0400,71,71.0,90.0,
B,nyc,2026-06-07,20260607T050729-0400,71,71.0,90.0,
B,nyc,2026-06-07,20260607T060831-0400,71,71.0,90.0,
B,nyc,2026-06-07,20260607T070959-0400,71,71.0,72.0,
B,nyc,2026-06-07,20260607T080102-0400,72,72.0,74.0,
B,nyc,2026-06-07,20260607T090231-0400,74,74.0,75.0,
B,nyc,2026-06-07,20260607T100350-0400,75,75.0,78.0,
B,nyc,2026-06-07,20260607T110453-0400,75,75.0,79.0,
B,nyc,2026-06-07,20260607T120658-0400,78,78.0,80.0,
B,nyc,2026-06-07,20260607T130912-0400,78,78.0,81.0,
B,nyc,2026-06-07,20260607T140122-0400,79,79.0,81.0,
B,nyc,2026-06-07,20260607T150300-0400,80,80.0,81.0,
B,nyc,2026-06-07,20260607T160455-0400,80,80.0,81.0,
B,nyc,2026-06-07,20260607T170734-0400,80,80.0,81.0,
B,nyc,2026-06-07,20260607T181009-0400,81,81.0,81.0,
B,nyc,2026-06-07,20260607T190207-0400,81,81.0,81.0,
B,nyc,2026-06-07,20260607T200345-0400,81,81.0,81.0,
B,nyc,2026-06-07,20260607T210529-0400,81,81.0,81.0,
B,nyc,2026-06-07,20260607T220709-0400,81,81.0,81.0,
B,nyc,2026-06-07,20260607T230917-0400,81,81.0,81.0,
B,nyc,2026-06-08,20260608T000046-0400,17,17.0,,
B,nyc,2026-06-08,20260608T010228-0400,68,68.0,81.0,
B,nyc,2026-06-08,20260608T020359-0400,68,68.0,81.0,
B,nyc,2026-06-08,20260608T030546-0400,68,68.0,81.0,
B,nyc,2026-06-08,20260608T040706-0400,68,68.0,81.0,
B,nyc,2026-06-08,20260608T050847-0400,68,68.0,81.0,
B,nyc,2026-06-08,20260608T060026-0400,68,68.0,81.0,
B,nyc,2026-06-08,20260608T070215-0400,68,68.0,64.0,
B,nyc,2026-06-08,20260608T080350-0400,68,68.0,65.0,
B,nyc,2026-06-08,20260608T090543-0400,68,68.0,67.0,
B,nyc,2026-06-08,20260608T100733-0400,68,68.0,69.0,
B,nyc,2026-06-08,20260608T110923-0400,68,68.0,69.0,
B,nyc,2026-06-08,20260608T120103-0400,69,69.0,70.0,
B,nyc,2026-06-08,20260608T130259-0400,69,69.0,72.0,
B,nyc,2026-06-08,20260608T140507-0400,69,69.0,73.0,
B,nyc,2026-06-08,20260608T150709-0400,73,73.0,74.0,
B,nyc,2026-06-08,20260608T160953-0400,74,74.0,74.0,
B,nyc,2026-06-08,20260608T170215-0400,74,74.0,74.0,
B,nyc,2026-06-08,20260608T180441-0400,74,74.0,74.0,
B,nyc,2026-06-08,20260608T191523-0400,74,74.0,74.0,
B,nyc,2026-06-08,20260608T200642-0400,74,74.0,74.0,
B,nyc,2026-06-08,20260608T210808-0400,74,74.0,74.0,
B,nyc,2026-06-08,20260608T220942-0400,74,74.0,74.0,
B,nyc,2026-06-08,20260608T230127-0400,74,74.0,74.0,
B,nyc,2026-06-11,20260611T050107-0400,78,78.0,82.0,
B,nyc,2026-06-11,20260611T060955-0400,78,78.0,82.0,
B,nyc,2026-06-11,20260611T070043-0400,78,78.0,82.0,
B,nyc,2026-06-11,20260611T080358-0400,78,78.0,78.0,
B,nyc,2026-06-11,20260611T090600-0400,78,78.0,82.0,
B,nyc,2026-06-11,20260611T100746-0400,81,81.0,85.0,
B,nyc,2026-06-11,20260611T110313-0400,81,81.0,86.0,
B,nyc,2026-06-11,20260611T120522-0400,84,84.0,90.0,
B,nyc,2026-06-11,20260611T130708-0400,86,86.0,91.0,
B,nyc,2026-06-11,20260611T140944-0400,90,90.0,93.0,
B,nyc,2026-06-11,20260611T150126-0400,90,90.0,93.0,
B,nyc,2026-06-11,20260611T160405-0400,93,93.0,93.0,
B,nyc,2026-06-11,20260611T170616-0400,94,94.0,95.0,
B,nyc,2026-06-11,20260611T180815-0400,94,94.0,94.0,
B,nyc,2026-06-11,20260611T190953-0400,95,95.0,94.0,
B,nyc,2026-06-11,20260611T200211-0400,95,95.0,94.0,
B,nyc,2026-06-11,20260611T210541-0400,95,95.0,94.0,
B,nyc,2026-06-11,20260611T220725-0400,95,95.0,94.0,
B,nyc,2026-06-11,20260611T230958-0400,95,95.0,94.0,
B,nyc,2026-06-12,20260612T000126-0400,17,17.0,,
B,nyc,2026-06-12,20260612T010258-0400,76,76.0,94.0,
B,nyc,2026-06-12,20260612T020449-0400,76,76.0,94.0,
B,nyc,2026-06-12,20260612T030609-0400,77,77.0,94.0,
B,nyc,2026-06-12,20260612T040732-0400,77,77.0,94.0,
B,nyc,2026-06-12,20260612T050850-0400,77,77.0,94.0,
B,nyc,2026-06-12,20260612T060023-0400,77,77.0,94.0,
B,nyc,2026-06-12,20260612T070207-0400,77,77.0,94.0,
B,nyc,2026-06-12,20260612T080346-0400,77,77.0,77.0,
B,nyc,2026-06-12,20260612T090614-0400,77,77.0,78.0,
B,nyc,2026-06-12,20260612T100817-0400,78,78.0,78.0,
B,nyc,2026-06-12,20260612T111006-0400,78,78.0,81.0,
B,nyc,2026-06-12,20260612T120139-0400,78,78.0,84.0,
B,nyc,2026-06-12,20260612T130328-0400,80,80.0,89.0,
B,nyc,2026-06-12,20260612T140505-0400,89,89.0,91.0,
B,nyc,2026-06-12,20260612T150657-0400,89,89.0,93.0,
B,nyc,2026-06-12,20260612T160857-0400,89,89.0,94.0,
B,nyc,2026-06-12,20260612T170041-0400,93,93.0,94.0,
B,nyc,2026-06-12,20260612T180246-0400,94,94.0,94.0,
B,nyc,2026-06-12,20260612T190410-0400,94,94.0,94.0,
B,nyc,2026-06-12,20260612T200646-0400,94,94.0,94.0,
B,nyc,2026-06-12,20260612T210908-0400,94,94.0,94.0,
B,nyc,2026-06-12,20260612T220048-0400,94,94.0,94.0,
B,nyc,2026-06-12,20260612T230250-0400,94,94.0,94.0,
B,nyc,2026-06-13,20260613T000419-0400,17,17.0,,
B,nyc,2026-06-13,20260613T010551-0400,77,77.0,94.0,
B,nyc,2026-06-13,20260613T020722-0400,77,77.0,94.0,
B,nyc,2026-06-13,20260613T030848-0400,77,77.0,94.0,
B,nyc,2026-06-13,20260613T041022-0400,77,77.0,94.0,
B,nyc,2026-06-13,20260613T050148-0400,77,77.0,94.0,
B,nyc,2026-06-13,20260613T060259-0400,77,77.0,94.0,
B,nyc,2026-06-13,20260613T070419-0400,77,77.0,94.0,
B,nyc,2026-06-13,20260613T080605-0400,77,77.0,73.0,
B,nyc,2026-06-13,20260613T090734-0400,77,77.0,76.0,
B,nyc,2026-06-13,20260613T100902-0400,77,77.0,77.0,
B,nyc,2026-06-13,20260613T110054-0400,77,77.0,79.0,
B,nyc,2026-06-13,20260613T120718-0400,77,77.0,81.0,
B,nyc,2026-06-13,20260613T130944-0400,80,80.0,82.0,
B,nyc,2026-06-13,20260613T140111-0400,80,80.0,83.0,
B,nyc,2026-06-13,20260613T150247-0400,83,83.0,86.0,
B,nyc,2026-06-13,20260613T160417-0400,84,84.0,87.0,
B,nyc,2026-06-13,20260613T170614-0400,86,86.0,87.0,
B,nyc,2026-06-13,20260613T180832-0400,86,86.0,87.0,
B,nyc,2026-06-13,20260613T190045-0400,88,88.0,87.0,
B,nyc,2026-06-13,20260613T200328-0400,88,88.0,87.0,
B,nyc,2026-06-13,20260613T210526-0400,88,88.0,87.0,
B,nyc,2026-06-13,20260613T220047-0400,88,88.0,87.0,
B,nyc,2026-06-13,20260613T230231-0400,88,88.0,87.0,
B,nyc,2026-06-14,20260614T000848-0400,78,78.0,87.0,
B,nyc,2026-06-14,20260614T010956-0400,81,81.0,87.0,
B,nyc,2026-06-14,20260614T020130-0400,81,81.0,87.0,
B,nyc,2026-06-14,20260614T030314-0400,81,81.0,87.0,
B,nyc,2026-06-14,20260614T040443-0400,81,81.0,87.0,
B,nyc,2026-06-14,20260614T050545-0400,81,81.0,87.0,
B,nyc,2026-06-14,20260614T060711-0400,81,81.0,87.0,
B,nyc,2026-06-14,20260614T070828-0400,81,81.0,87.0,
B,nyc,2026-06-14,20260614T080952-0400,81,81.0,77.0,
B,nyc,2026-06-14,20260614T090003-0400,81,81.0,81.0,
B,nyc,2026-06-14,20260614T100003-0400,81,81.0,82.0,
B,nyc,2026-06-14,20260614T110004-0400,81,81.0,85.0,
B,nyc,2026-06-14,20260614T120008-0400,83,83.0,87.0,
B,nyc,2026-06-14,20260614T130709-0400,85,85.0,88.0,
B,nyc,2026-06-14,20260614T140005-0400,87,87.0,88.0,
B,nyc,2026-06-14,20260614T150006-0400,88,88.0,88.0,
B,nyc,2026-06-14,20260614T160011-0400,90,90.0,89.0,
B,nyc,2026-06-14,20260614T170215-0400,90,90.0,88.0,
B,nyc,2026-06-14,20260614T180050-0400,90,90.0,88.0,
B,nyc,2026-06-14,20260614T190021-0400,90,90.0,88.0,
B,nyc,2026-06-14,20260614T200021-0400,90,90.0,89.0,
B,nyc,2026-06-14,20260614T210022-0400,90,90.0,89.0,
B,nyc,2026-06-14,20260614T220322-0400,90,90.0,88.0,
B,nyc,2026-06-14,20260614T230121-0400,90,90.0,88.0,
B,nyc,2026-06-15,20260615T000531-0400,72,72.0,89.0,
B,nyc,2026-06-15,20260615T010122-0400,72,72.0,89.0,
B,nyc,2026-06-15,20260615T021530-0400,72,72.0,89.0,
B,nyc,2026-06-15,20260615T030530-0400,72,72.0,89.0,
B,nyc,2026-06-15,20260615T040122-0400,72,72.0,89.0,
B,nyc,2026-06-15,20260615T050530-0400,73,73.0,89.0,
B,nyc,2026-06-15,20260615T060122-0400,73,73.0,88.0,
B,nyc,2026-06-15,20260615T070121-0400,73,73.0,68.0,
B,nyc,2026-06-15,20260615T080223-0400,73,73.0,69.0,
B,nyc,2026-06-15,20260615T090530-0400,73,73.0,69.0,
B,nyc,2026-06-15,20260615T100223-0400,73,73.0,72.0,
B,nyc,2026-06-15,20260615T111539-0400,73,73.0,72.0,
B,nyc,2026-06-15,20260615T120157-0400,73,73.0,73.0,
B,nyc,2026-06-15,20260615T130533-0400,73,73.0,73.0,
B,nyc,2026-06-15,20260615T140531-0400,73,73.0,74.0,
B,nyc,2026-06-15,20260615T150534-0400,73,73.0,75.0,
B,nyc,2026-06-15,20260615T160509-0400,74,74.0,75.0,
B,nyc,2026-06-15,20260615T170512-0400,74,74.0,75.0,
B,nyc,2026-06-15,20260615T180655-0400,74,74.0,75.0,
B,nyc,2026-06-15,20260615T190526-0400,74,74.0,75.0,
B,nyc,2026-06-15,20260615T200311-0400,74,74.0,75.0,
B,nyc,2026-06-15,20260615T211318-0400,74,74.0,75.0,
B,nyc,2026-06-15,20260615T221601-0400,74,74.0,75.0,
B,nyc,2026-06-15,20260615T230949-0400,74,74.0,75.0,
B,nyc,2026-06-16,20260616T000512-0400,65,65.0,75.0,
B,nyc,2026-06-16,20260616T010506-0400,65,65.0,75.0,
B,nyc,2026-06-16,20260616T020408-0400,65,65.0,75.0,
B,nyc,2026-06-16,20260616T030329-0400,65,65.0,75.0,
B,nyc,2026-06-16,20260616T040406-0400,65,65.0,75.0,
B,nyc,2026-06-16,20260616T050506-0400,65,65.0,75.0,
B,nyc,2026-06-16,20260616T060502-0400,65,65.0,75.0,
B,nyc,2026-06-16,20260616T070409-0400,65,65.0,61.0,
B,nyc,2026-06-16,20260616T081505-0400,65,65.0,63.0,
B,nyc,2026-06-16,20260616T090440-0400,66,66.0,66.0,
B,nyc,2026-06-16,20260616T100228-0400,68,68.0,68.0,
B,nyc,2026-06-16,20260616T111513-0400,68,68.0,70.0,
B,nyc,2026-06-16,20260616T121506-0400,70,70.0,72.0,
B,nyc,2026-06-16,20260616T130508-0400,71,71.0,73.0,
B,nyc,2026-06-16,20260616T140509-0400,73,73.0,75.0,
B,nyc,2026-06-16,20260616T151505-0400,74,74.0,76.0,
B,nyc,2026-06-16,20260616T161503-0400,76,76.0,77.0,
B,nyc,2026-06-16,20260616T170309-0400,77,77.0,77.0,
B,nyc,2026-06-16,20260616T180240-0400,78,78.0,77.0,
B,nyc,2026-06-16,20260616T190235-0400,78,78.0,77.0,
B,nyc,2026-06-16,20260616T201253-0400,78,78.0,77.0,
B,nyc,2026-06-16,20260616T210122-0400,78,78.0,77.0,
B,nyc,2026-06-16,20260616T221230-0400,78,78.0,77.0,
B,nyc,2026-06-16,20260616T231233-0400,78,78.0,77.0,
B,nyc,2026-06-17,20260617T000230-0400,17,17.0,,
B,nyc,2026-06-17,20260617T010628-0400,67,67.0,77.0,
B,nyc,2026-06-17,20260617T020230-0400,67,67.0,77.0,
B,nyc,2026-06-17,20260617T030037-0400,67,67.0,77.0,
B,nyc,2026-06-17,20260617T040236-0400,67,67.0,77.0,
B,nyc,2026-06-17,20260617T050029-0400,67,67.0,77.0,
B,nyc,2026-06-17,20260617T060229-0400,67,67.0,77.0,
B,nyc,2026-06-17,20260617T070230-0400,67,67.0,77.0,
B,nyc,2026-06-17,20260617T080631-0400,67,67.0,69.0,
B,nyc,2026-06-17,20260617T090129-0400,71,71.0,71.0,
B,nyc,2026-06-17,20260617T100131-0400,71,71.0,74.0,
B,nyc,2026-06-17,20260617T110233-0400,74,74.0,75.0,
B,nyc,2026-06-17,20260617T124230-0400,75,75.0,77.0,
B,nyc,2026-06-17,20260617T131229-0400,77,77.0,77.0,
B,nyc,2026-06-17,20260617T142833-0400,77,77.0,77.0,
B,nyc,2026-06-17,20260617T151233-0400,77,77.0,77.0,
B,nyc,2026-06-17,20260617T160241-0400,77,77.0,77.0,
B,nyc,2026-06-17,20260617T171230-0400,77,77.0,77.0,
B,nyc,2026-06-17,20260617T181231-0400,77,77.0,77.0,
B,nyc,2026-06-17,20260617T191240-0400,77,77.0,77.0,
B,nyc,2026-06-17,20260617T201236-0400,77,77.0,77.0,
B,nyc,2026-06-17,20260617T211231-0400,77,77.0,77.0,
B,nyc,2026-06-17,20260617T221235-0400,77,77.0,77.0,
B,nyc,2026-06-17,20260617T230230-0400,77,77.0,77.0,
B,nyc,2026-06-19,20260619T000315-0400,80,80.0,89.0,
B,nyc,2026-06-19,20260619T011230-0400,80,80.0,89.0,
B,nyc,2026-06-19,20260619T021254-0400,80,80.0,89.0,
B,nyc,2026-06-19,20260619T030319-0400,80,80.0,89.0,
B,nyc,2026-06-19,20260619T040229-0400,80,80.0,89.0,
B,nyc,2026-06-19,20260619T051305-0400,80,80.0,89.0,
B,nyc,2026-06-19,20260619T061231-0400,80,80.0,89.0,
B,nyc,2026-06-19,20260619T070235-0400,80,80.0,89.0,
B,nyc,2026-06-19,20260619T080157-0400,80,80.0,72.0,
B,nyc,2026-06-19,20260619T090321-0400,80,80.0,72.0,
B,nyc,2026-06-19,20260619T101229-0400,80,80.0,74.0,
B,nyc,2026-06-19,20260619T110232-0400,80,80.0,75.0,
B,nyc,2026-06-19,20260619T120231-0400,80,80.0,77.0,
B,nyc,2026-06-19,20260619T130306-0400,80,80.0,78.0,
B,nyc,2026-06-19,20260619T140240-0400,80,80.0,80.0,
B,nyc,2026-06-19,20260619T150233-0400,82,82.0,81.0,
B,nyc,2026-06-19,20260619T160321-0400,82,82.0,82.0,
B,nyc,2026-06-19,20260619T170230-0400,82,82.0,82.0,
B,nyc,2026-06-19,20260619T180234-0400,82,82.0,82.0,
B,nyc,2026-06-19,20260619T190007-0400,82,82.0,82.0,
B,nyc,2026-06-19,20260619T201449-0400,82,82.0,82.0,
B,nyc,2026-06-19,20260619T210254-0400,82,82.0,82.0,
B,nyc,2026-06-19,20260619T220652-0400,82,82.0,82.0,
B,nyc,2026-06-19,20260619T230033-0400,82,82.0,82.0,
B,nyc,2026-06-20,20260620T000540-0400,17,17.0,,
B,nyc,2026-06-20,20260620T010536-0400,71,71.0,82.0,
B,nyc,2026-06-20,20260620T020536-0400,71,71.0,82.0,
B,nyc,2026-06-20,20260620T030445-0400,71,71.0,82.0,
B,nyc,2026-06-20,20260620T041442-0400,71,71.0,82.0,
B,nyc,2026-06-20,20260620T051536-0400,71,71.0,82.0,
B,nyc,2026-06-20,20260620T060443-0400,71,71.0,82.0,
B,nyc,2026-06-20,20260620T070440-0400,71,71.0,69.0,
B,nyc,2026-06-20,20260620T080536-0400,71,71.0,70.0,
B,nyc,2026-06-20,20260620T091537-0400,71,71.0,71.0,
B,nyc,2026-06-20,20260620T100228-0400,71,71.0,73.0,
B,nyc,2026-06-20,20260620T110023-0400,72,72.0,75.0,
B,nyc,2026-06-20,20260620T121018-0400,75,75.0,78.0,
B,nyc,2026-06-20,20260620T130318-0400,79,79.0,79.0,
B,nyc,2026-06-20,20260620T140120-0400,79,79.0,81.0,
B,nyc,2026-06-20,20260620T150024-0400,81,81.0,81.0,
B,nyc,2026-06-20,20260620T160638-0400,81,81.0,82.0,
B,nyc,2026-06-20,20260620T170033-0400,83,83.0,82.0,
B,nyc,2026-06-20,20260620T180034-0400,83,83.0,82.0,
B,nyc,2026-06-20,20260620T190803-0400,83,83.0,82.0,
B,nyc,2026-06-20,20260620T200033-0400,83,83.0,82.0,
B,nyc,2026-06-20,20260620T210030-0400,83,83.0,82.0,
B,nyc,2026-06-20,20260620T221034-0400,83,83.0,83.0,
B,nyc,2026-06-20,20260620T230032-0400,83,83.0,83.0,
B,nyc,2026-06-21,20260621T000020-0400,17,17.0,,
B,nyc,2026-06-21,20260621T010102-0400,71,71.0,82.0,
B,nyc,2026-06-21,20260621T020007-0400,72,72.0,82.0,
B,nyc,2026-06-21,20260621T030430-0400,72,72.0,82.0,
B,nyc,2026-06-21,20260621T040017-0400,72,72.0,83.0,
B,nyc,2026-06-21,20260621T050818-0400,72,72.0,82.0,
B,nyc,2026-06-21,20260621T060018-0400,72,72.0,83.0,
B,nyc,2026-06-21,20260621T070026-0400,72,72.0,82.0,
B,nyc,2026-06-21,20260621T080020-0400,72,72.0,71.0,
B,nyc,2026-06-21,20260621T090020-0400,72,72.0,73.0,
B,nyc,2026-06-21,20260621T100051-0400,76,76.0,74.0,
B,nyc,2026-06-21,20260621T110204-0400,77,77.0,77.0,
B,nyc,2026-06-21,20260621T120622-0400,77,77.0,78.0,
B,nyc,2026-06-21,20260621T130224-0400,79,79.0,79.0,
B,nyc,2026-06-21,20260621T140819-0400,79,79.0,79.0,
B,nyc,2026-06-21,20260621T150019-0400,80,80.0,81.0,
B,nyc,2026-06-21,20260621T160025-0400,82,82.0,82.0,
B,nyc,2026-06-21,20260621T170019-0400,83,83.0,83.0,
B,nyc,2026-06-21,20260621T180020-0400,83,83.0,83.0,
B,nyc,2026-06-21,20260621T190031-0400,84,84.0,83.0,
B,nyc,2026-06-21,20260621T200023-0400,84,84.0,83.0,
B,nyc,2026-06-21,20260621T210030-0400,84,84.0,83.0,
B,nyc,2026-06-21,20260621T224710-0400,84,84.0,83.0,
B,nyc,2026-06-21,20260621T230645-0400,84,84.0,83.0,
B,nyc,2026-06-22,20260622T000103-0400,,,,
B,nyc,2026-06-22,20260622T010034-0400,72,72.0,83.0,
B,nyc,2026-06-22,20260622T021025-0400,72,72.0,83.0,
B,nyc,2026-06-22,20260622T030024-0400,72,72.0,83.0,
B,nyc,2026-06-22,20260622T040020-0400,72,72.0,83.0,
B,nyc,2026-06-22,20260622T050320-0400,72,72.0,83.0,
B,nyc,2026-06-22,20260622T060123-0400,72,72.0,83.0,
B,nyc,2026-06-22,20260622T070024-0400,72,72.0,83.0,
B,nyc,2026-06-22,20260622T080222-0400,72,72.0,69.0,
B,nyc,2026-06-22,20260622T090023-0400,72,72.0,70.0,
B,nyc,2026-06-22,20260622T100028-0400,72,72.0,70.0,
B,nyc,2026-06-22,20260622T110038-0400,72,72.0,70.0,
B,nyc,2026-06-22,20260622T120806-0400,72,72.0,70.0,
B,nyc,2026-06-22,20260622T130419-0400,72,72.0,70.0,
B,nyc,2026-06-22,20260622T140220-0400,72,72.0,72.0,
B,nyc,2026-06-22,20260622T150230-0400,73,73.0,72.0,
B,nyc,2026-06-22,20260622T160422-0400,73,73.0,72.0,
B,nyc,2026-06-22,20260622T171249-0400,73,73.0,72.0,
B,nyc,2026-06-22,20260622T180016-0400,73,73.0,72.0,
B,nyc,2026-06-22,20260622T190324-0400,73,73.0,72.0,
B,nyc,2026-06-22,20260622T200450-0400,73,73.0,72.0,
B,nyc,2026-06-22,20260622T210452-0400,73,73.0,72.0,
B,nyc,2026-06-22,20260622T220335-0400,73,73.0,72.0,
B,nyc,2026-06-22,20260622T230529-0400,73,73.0,72.0,
B,nyc,2026-06-26,20260626T001021-0400,72,72.0,83.0,
B,nyc,2026-06-26,20260626T010913-0400,71,71.0,83.0,
B,nyc,2026-06-26,20260626T020918-0400,71,71.0,83.0,
B,nyc,2026-06-26,20260626T030916-0400,71,71.0,83.0,
B,nyc,2026-06-26,20260626T040914-0400,71,71.0,83.0,
B,nyc,2026-06-26,20260626T050913-0400,71,71.0,83.0,
B,nyc,2026-06-26,20260626T060915-0400,71,71.0,83.0,
B,nyc,2026-06-26,20260626T070527-0400,71,71.0,69.0,
B,nyc,2026-06-26,20260626T080028-0400,71,71.0,69.0,
B,nyc,2026-06-26,20260626T090517-0400,71,71.0,71.0,
B,nyc,2026-06-26,20260626T100254-0400,71,71.0,72.0,
B,nyc,2026-06-26,20260626T110403-0400,72,72.0,73.0,
B,nyc,2026-06-26,20260626T121358-0400,74,74.0,74.0,
B,nyc,2026-06-26,20260626T130400-0400,75,75.0,75.0,
B,nyc,2026-06-26,20260626T140541-0400,75,75.0,77.0,
B,nyc,2026-06-26,20260626T150617-0400,77,77.0,79.0,
B,nyc,2026-06-26,20260626T160620-0400,80,80.0,82.0,
B,nyc,2026-06-26,20260626T170557-0400,82,82.0,83.0,
B,nyc,2026-06-26,20260626T180616-0400,83,83.0,83.0,
B,nyc,2026-06-26,20260626T190616-0400,83,83.0,83.0,
B,nyc,2026-06-26,20260626T200618-0400,83,83.0,83.0,
B,nyc,2026-06-26,20260626T211621-0400,83,83.0,83.0,
B,nyc,2026-06-26,20260626T220628-0400,83,83.0,83.0,
B,nyc,2026-06-26,20260626T230619-0400,83,83.0,83.0,
B,nyc,2026-06-28,20260628T000225-0400,,,,
B,nyc,2026-06-28,20260628T010222-0400,,,,
B,nyc,2026-06-28,20260628T020230-0400,,,,
B,nyc,2026-06-28,20260628T030225-0400,,,,
B,nyc,2026-06-28,20260628T040232-0400,,,,
B,nyc,2026-06-28,20260628T050221-0400,,,,
B,nyc,2026-06-28,20260628T060217-0400,,,,
B,nyc,2026-06-28,20260628T070218-0400,,,,
B,nyc,2026-06-28,20260628T080220-0400,,,,
B,nyc,2026-06-28,20260628T090219-0400,,,,
B,nyc,2026-06-28,20260628T101222-0400,,,,
B,nyc,2026-06-28,20260628T110259-0400,,,,
B,nyc,2026-06-28,20260628T120230-0400,,,,
B,nyc,2026-06-28,20260628T130226-0400,,,,
B,nyc,2026-06-28,20260628T140219-0400,,,,
B,nyc,2026-06-28,20260628T150226-0400,,,,
B,nyc,2026-06-28,20260628T160228-0400,,,,
B,nyc,2026-06-28,20260628T170221-0400,,,,
B,nyc,2026-06-28,20260628T180410-0400,,,,
B,nyc,2026-06-28,20260628T190424-0400,,,,
B,nyc,2026-06-28,20260628T200343-0400,,,,
B,nyc,2026-06-28,20260628T210457-0400,,,,
B,nyc,2026-06-29,20260629T104144-0400,,,,
B,nyc,2026-06-29,20260629T110045-0400,,,,
B,nyc,2026-06-29,20260629T121045-0400,,,,
B,nyc,2026-06-29,20260629T131434-0400,,,,
B,nyc,2026-06-29,20260629T140931-0400,,,,
B,nyc,2026-06-29,20260629T150450-0400,,,,
B,nyc,2026-06-29,20260629T160901-0400,,,,
B,nyc,2026-06-29,20260629T170448-0400,,,,
B,nyc,2026-06-29,20260629T181651-0400,,,,
B,nyc,2026-06-29,20260629T190308-0400,,,,
B,nyc,2026-06-29,20260629T200237-0400,,,,
B,nyc,2026-06-29,20260629T210205-0400,,,,
B,nyc,2026-06-29,20260629T220917-0400,,,,
B,nyc,2026-06-29,20260629T230404-0400,,,,
B,nyc,2026-06-30,20260630T000234-0400,,,,
B,nyc,2026-06-30,20260630T010559-0400,,,,
B,nyc,2026-06-30,20260630T020032-0400,,,,
B,nyc,2026-06-30,20260630T030429-0400,,,,
B,nyc,2026-06-30,20260630T040804-0400,,,,
B,nyc,2026-06-30,20260630T050229-0400,,,,
B,nyc,2026-06-30,20260630T060552-0400,,,,
B,nyc,2026-06-30,20260630T070016-0400,,,,
B,nyc,2026-06-30,20260630T080657-0400,,,,
B,nyc,2026-06-30,20260630T090127-0400,,,,
B,nyc,2026-06-30,20260630T102223-0400,,,,
B,nyc,2026-06-30,20260630T110816-0400,,,,
B,nyc,2026-06-30,20260630T120759-0400,,,,
B,nyc,2026-06-30,20260630T131525-0400,,,,
B,nyc,2026-06-30,20260630T141423-0400,,,,
B,nyc,2026-06-30,20260630T150535-0400,,,,
B,nyc,2026-06-30,20260630T160018-0400,,,,
B,nyc,2026-06-30,20260630T170351-0400,,,,
B,nyc,2026-06-30,20260630T180718-0400,,,,
B,nyc,2026-06-30,20260630T190148-0400,,,,
B,nyc,2026-06-30,20260630T200207-0400,,,,
B,nyc,2026-06-30,20260630T210541-0400,,,,
B,nyc,2026-06-30,20260630T220013-0400,,,,
B,nyc,2026-06-30,20260630T230409-0400,,,,
B,san-francisco,2026-06-07,20260607T030459-0400,17,17.0,,
B,san-francisco,2026-06-07,20260607T040618-0400,52,52.0,62.0,
B,san-francisco,2026-06-07,20260607T050738-0400,52,52.0,62.0,
B,san-francisco,2026-06-07,20260607T060838-0400,52,52.0,62.0,
B,san-francisco,2026-06-07,20260607T071020-0400,52,52.0,62.0,
B,san-francisco,2026-06-07,20260607T080127-0400,52,52.0,62.0,
B,san-francisco,2026-06-07,20260607T090239-0400,52,52.0,62.0,
B,san-francisco,2026-06-07,20260607T100400-0400,52,52.0,62.0,
B,san-francisco,2026-06-07,20260607T110504-0400,52,52.0,56.0,
B,san-francisco,2026-06-07,20260607T120711-0400,55,55.0,59.0,
B,san-francisco,2026-06-07,20260607T130923-0400,57,57.0,61.0,
B,san-francisco,2026-06-07,20260607T140137-0400,57,57.0,63.0,
B,san-francisco,2026-06-07,20260607T150324-0400,59,59.0,66.0,
B,san-francisco,2026-06-07,20260607T160509-0400,59,59.0,67.0,
B,san-francisco,2026-06-07,20260607T170754-0400,66,66.0,68.0,
B,san-francisco,2026-06-07,20260607T181031-0400,67,67.0,68.0,
B,san-francisco,2026-06-07,20260607T190222-0400,67,67.0,68.0,
B,san-francisco,2026-06-07,20260607T200354-0400,67,67.0,68.0,
B,san-francisco,2026-06-07,20260607T210541-0400,67,67.0,68.0,
B,san-francisco,2026-06-07,20260607T220719-0400,67,67.0,68.0,
B,san-francisco,2026-06-07,20260607T230929-0400,67,67.0,68.0,
B,san-francisco,2026-06-07,20260608T000107-0400,67,67.0,68.0,
B,san-francisco,2026-06-07,20260608T010242-0400,67,67.0,68.0,
B,san-francisco,2026-06-07,20260608T020410-0400,67,67.0,68.0,
B,san-francisco,2026-06-08,20260608T030556-0400,17,17.0,,
B,san-francisco,2026-06-08,20260608T040717-0400,53,53.0,68.0,
B,san-francisco,2026-06-08,20260608T050856-0400,53,53.0,68.0,
B,san-francisco,2026-06-08,20260608T060046-0400,53,53.0,68.0,
B,san-francisco,2026-06-08,20260608T070225-0400,53,53.0,68.0,
B,san-francisco,2026-06-08,20260608T080400-0400,53,53.0,68.0,
B,san-francisco,2026-06-08,20260608T090551-0400,53,53.0,68.0,
B,san-francisco,2026-06-08,20260608T100750-0400,53,53.0,52.0,
B,san-francisco,2026-06-08,20260608T110933-0400,54,54.0,56.0,
B,san-francisco,2026-06-08,20260608T120124-0400,56,56.0,58.0,
B,san-francisco,2026-06-08,20260608T130317-0400,57,57.0,60.0,
B,san-francisco,2026-06-08,20260608T140518-0400,57,57.0,62.0,
B,san-francisco,2026-06-08,20260608T150726-0400,60,60.0,63.0,
B,san-francisco,2026-06-08,20260608T161015-0400,60,60.0,64.0,
B,san-francisco,2026-06-08,20260608T170241-0400,63,63.0,64.0,
B,san-francisco,2026-06-08,20260608T180451-0400,64,64.0,64.0,
B,san-francisco,2026-06-08,20260608T191536-0400,64,64.0,64.0,
B,san-francisco,2026-06-08,20260608T200651-0400,64,64.0,64.0,
B,san-francisco,2026-06-08,20260608T210821-0400,64,64.0,64.0,
B,san-francisco,2026-06-08,20260608T220952-0400,64,64.0,64.0,
B,san-francisco,2026-06-08,20260608T230138-0400,64,64.0,64.0,
B,san-francisco,2026-06-08,20260609T000300-0400,64,64.0,64.0,
B,san-francisco,2026-06-08,20260609T010437-0400,64,64.0,64.0,
B,san-francisco,2026-06-08,20260609T020606-0400,64,64.0,64.0,
B,san-francisco,2026-06-09,20260609T083453-0400,60,60.0,64.0,
B,san-francisco,2026-06-09,20260609T090613-0400,60,60.0,64.0,
B,san-francisco,2026-06-09,20260609T100748-0400,60,60.0,60.0,
B,san-francisco,2026-06-09,20260609T111128-0400,61,61.0,61.0,
B,san-francisco,2026-06-09,20260609T120726-0400,62,62.0,62.0,
B,san-francisco,2026-06-09,20260609T130415-0400,66,66.0,66.0,
B,san-francisco,2026-06-09,20260609T140605-0400,67,67.0,67.0,
B,san-francisco,2026-06-09,20260609T150759-0400,67,67.0,67.0,
B,san-francisco,2026-06-09,20260609T160935-0400,67,67.0,67.0,
B,san-francisco,2026-06-09,20260609T170137-0400,68,68.0,68.0,
B,san-francisco,2026-06-09,20260609T180320-0400,67,67.0,67.0,
B,san-francisco,2026-06-09,20260609T190447-0400,67,67.0,67.0,
B,san-francisco,2026-06-09,20260609T200630-0400,67,67.0,67.0,
B,san-francisco,2026-06-09,20260609T210756-0400,67,67.0,67.0,
B,san-francisco,2026-06-09,20260609T220918-0400,67,67.0,67.0,
B,san-francisco,2026-06-09,20260609T230055-0400,67,67.0,67.0,
B,san-francisco,2026-06-09,20260610T000204-0400,67,67.0,67.0,
B,san-francisco,2026-06-09,20260610T010315-0400,67,67.0,67.0,
B,san-francisco,2026-06-09,20260610T020442-0400,67,67.0,67.0,
B,san-francisco,2026-06-10,20260610T093744-0400,55,55.0,67.0,
B,san-francisco,2026-06-10,20260610T100833-0400,55,55.0,56.0,
B,san-francisco,2026-06-10,20260610T111008-0400,57,57.0,62.0,
B,san-francisco,2026-06-10,20260610T120406-0400,57,57.0,66.0,
B,san-francisco,2026-06-10,20260610T130611-0400,61,61.0,71.0,
B,san-francisco,2026-06-10,20260610T143349-0400,64,64.0,73.0,
B,san-francisco,2026-06-10,20260610T150509-0400,66,66.0,74.0,
B,san-francisco,2026-06-10,20260610T160747-0400,68,68.0,79.0,
B,san-francisco,2026-06-10,20260610T170959-0400,71,71.0,80.0,
B,san-francisco,2026-06-10,20260610T180156-0400,79,79.0,80.0,
B,san-francisco,2026-06-10,20260610T190348-0400,79,79.0,80.0,
B,san-francisco,2026-06-10,20260610T200522-0400,79,79.0,80.0,
B,san-francisco,2026-06-11,20260611T050203-0400,61,61.0,80.0,
B,san-francisco,2026-06-11,20260611T061216-0400,62,62.0,80.0,
B,san-francisco,2026-06-11,20260611T070053-0400,62,62.0,80.0,
B,san-francisco,2026-06-11,20260611T080409-0400,62,62.0,80.0,
B,san-francisco,2026-06-11,20260611T090615-0400,62,62.0,80.0,
B,san-francisco,2026-06-11,20260611T100754-0400,62,62.0,80.0,
B,san-francisco,2026-06-11,20260611T110345-0400,64,64.0,69.0,
B,san-francisco,2026-06-11,20260611T120547-0400,64,64.0,74.0,
B,san-francisco,2026-06-11,20260611T130718-0400,68,68.0,76.0,
B,san-francisco,2026-06-11,20260611T140957-0400,68,68.0,79.0,
B,san-francisco,2026-06-11,20260611T150158-0400,70,70.0,85.0,
B,san-francisco,2026-06-11,20260611T160427-0400,71,71.0,91.0,
B,san-francisco,2026-06-11,20260611T170625-0400,79,79.0,92.0,
B,san-francisco,2026-06-11,20260611T180833-0400,90,90.0,92.0,
B,san-francisco,2026-06-11,20260611T191009-0400,90,90.0,92.0,
B,san-francisco,2026-06-11,20260611T200238-0400,90,90.0,92.0,
B,san-francisco,2026-06-11,20260611T210557-0400,90,90.0,92.0,
B,san-francisco,2026-06-11,20260611T220738-0400,90,90.0,92.0,
B,san-francisco,2026-06-11,20260611T231023-0400,90,90.0,92.0,
B,san-francisco,2026-06-11,20260612T000137-0400,90,90.0,92.0,
B,san-francisco,2026-06-11,20260612T010310-0400,90,90.0,92.0,
B,san-francisco,2026-06-11,20260612T020457-0400,90,90.0,92.0,
B,san-francisco,2026-06-12,20260612T030618-0400,60,60.0,92.0,
B,san-francisco,2026-06-12,20260612T040741-0400,60,60.0,92.0,
B,san-francisco,2026-06-12,20260612T050859-0400,60,60.0,92.0,
B,san-francisco,2026-06-12,20260612T060040-0400,60,60.0,92.0,
B,san-francisco,2026-06-12,20260612T070219-0400,60,60.0,92.0,
B,san-francisco,2026-06-12,20260612T080401-0400,60,60.0,92.0,
B,san-francisco,2026-06-12,20260612T090645-0400,60,60.0,92.0,
B,san-francisco,2026-06-12,20260612T100835-0400,60,60.0,60.0,
B,san-francisco,2026-06-12,20260612T110001-0400,60,60.0,63.0,
B,san-francisco,2026-06-12,20260612T120151-0400,60,60.0,66.0,
B,san-francisco,2026-06-12,20260612T130337-0400,62,62.0,70.0,
B,san-francisco,2026-06-12,20260612T140519-0400,65,65.0,71.0,
B,san-francisco,2026-06-12,20260612T150707-0400,66,66.0,75.0,
B,san-francisco,2026-06-12,20260612T160914-0400,68,68.0,76.0,
B,san-francisco,2026-06-12,20260612T170059-0400,71,71.0,76.0,
B,san-francisco,2026-06-12,20260612T180257-0400,71,71.0,76.0,
B,san-francisco,2026-06-12,20260612T190430-0400,71,71.0,76.0,
B,san-francisco,2026-06-12,20260612T200657-0400,71,71.0,76.0,
B,san-francisco,2026-06-12,20260612T210920-0400,71,71.0,76.0,
B,san-francisco,2026-06-12,20260612T220104-0400,71,71.0,76.0,
B,san-francisco,2026-06-12,20260612T230259-0400,71,71.0,76.0,
B,san-francisco,2026-06-12,20260613T000429-0400,71,71.0,76.0,
B,san-francisco,2026-06-12,20260613T010605-0400,71,71.0,76.0,
B,san-francisco,2026-06-12,20260613T020731-0400,71,71.0,76.0,
B,san-francisco,2026-06-13,20260613T030857-0400,57,57.0,76.0,
B,san-francisco,2026-06-13,20260613T040019-0400,56,56.0,76.0,
B,san-francisco,2026-06-13,20260613T050157-0400,56,56.0,76.0,
B,san-francisco,2026-06-13,20260613T060308-0400,56,56.0,76.0,
B,san-francisco,2026-06-13,20260613T070428-0400,56,56.0,76.0,
B,san-francisco,2026-06-13,20260613T080617-0400,56,56.0,77.0,
B,san-francisco,2026-06-13,20260613T090742-0400,56,56.0,76.0,
B,san-francisco,2026-06-13,20260613T100910-0400,57,57.0,57.0,
B,san-francisco,2026-06-13,20260613T110109-0400,57,57.0,59.0,
B,san-francisco,2026-06-13,20260613T120740-0400,57,57.0,61.0,
B,san-francisco,2026-06-13,20260613T130955-0400,60,60.0,64.0,
B,san-francisco,2026-06-13,20260613T140139-0400,60,60.0,67.0,
B,san-francisco,2026-06-13,20260613T150255-0400,63,63.0,69.0,
B,san-francisco,2026-06-13,20260613T160435-0400,64,64.0,70.0,
B,san-francisco,2026-06-13,20260613T170636-0400,66,66.0,71.0,
B,san-francisco,2026-06-13,20260613T180849-0400,67,67.0,73.0,
B,san-francisco,2026-06-13,20260613T190102-0400,71,71.0,74.0,
B,san-francisco,2026-06-13,20260613T200343-0400,71,71.0,74.0,
B,san-francisco,2026-06-13,20260613T210536-0400,71,71.0,74.0,
B,san-francisco,2026-06-13,20260613T220055-0400,71,71.0,74.0,
B,san-francisco,2026-06-13,20260613T230240-0400,71,71.0,74.0,
B,san-francisco,2026-06-13,20260614T000805-0400,71,71.0,74.0,
B,san-francisco,2026-06-13,20260614T011011-0400,71,71.0,74.0,
B,san-francisco,2026-06-13,20260614T020143-0400,71,71.0,74.0,
B,san-francisco,2026-06-14,20260614T030327-0400,17,17.0,,
B,san-francisco,2026-06-14,20260614T040005-0400,60,60.0,74.0,
B,san-francisco,2026-06-14,20260614T050556-0400,60,60.0,74.0,
B,san-francisco,2026-06-14,20260614T060726-0400,60,60.0,74.0,
B,san-francisco,2026-06-14,20260614T070022-0400,60,60.0,74.0,
B,san-francisco,2026-06-14,20260614T080903-0400,60,60.0,74.0,
B,san-francisco,2026-06-14,20260614T090112-0400,60,60.0,74.0,
B,san-francisco,2026-06-14,20260614T100248-0400,60,60.0,74.0,
B,san-francisco,2026-06-14,20260614T110017-0400,60,60.0,61.0,
B,san-francisco,2026-06-14,20260614T120121-0400,60,60.0,63.0,
B,san-francisco,2026-06-14,20260614T130023-0400,63,63.0,66.0,
B,san-francisco,2026-06-14,20260614T140017-0400,65,65.0,68.0,
B,san-francisco,2026-06-14,20260614T150011-0400,65,65.0,70.0,
B,san-francisco,2026-06-14,20260614T160136-0400,66,66.0,70.0,
B,san-francisco,2026-06-14,20260614T170249-0400,67,67.0,72.0,
B,san-francisco,2026-06-14,20260614T180407-0400,69,69.0,73.0,
B,san-francisco,2026-06-14,20260614T190618-0400,72,72.0,74.0,
B,san-francisco,2026-06-14,20260614T200749-0400,75,75.0,74.0,
B,san-francisco,2026-06-14,20260614T210059-0400,75,75.0,74.0,
B,san-francisco,2026-06-14,20260614T220127-0400,75,75.0,74.0,
B,san-francisco,2026-06-14,20260614T230024-0400,75,75.0,74.0,
B,san-francisco,2026-06-14,20260615T000123-0400,75,75.0,74.0,
B,san-francisco,2026-06-14,20260615T010544-0400,75,75.0,74.0,
B,san-francisco,2026-06-14,20260615T020142-0400,75,75.0,74.0,
B,san-francisco,2026-06-16,20260616T030630-0400,57,57.0,71.0,
B,san-francisco,2026-06-16,20260616T040031-0400,58,58.0,71.0,
B,san-francisco,2026-06-16,20260616T050541-0400,58,58.0,71.0,
B,san-francisco,2026-06-16,20260616T060412-0400,58,58.0,71.0,
B,san-francisco,2026-06-16,20260616T070420-0400,58,58.0,70.0,
B,san-francisco,2026-06-16,20260616T080527-0400,58,58.0,70.0,
B,san-francisco,2026-06-16,20260616T090557-0400,58,58.0,70.0,
B,san-francisco,2026-06-16,20260616T100246-0400,58,58.0,71.0,
B,san-francisco,2026-06-16,20260616T111611-0400,58,58.0,60.0,
B,san-francisco,2026-06-16,20260616T121547-0400,60,60.0,62.0,
B,san-francisco,2026-06-16,20260616T130519-0400,61,61.0,65.0,
B,san-francisco,2026-06-16,20260616T140517-0400,64,64.0,68.0,
B,san-francisco,2026-06-16,20260616T151551-0400,67,67.0,69.0,
B,san-francisco,2026-06-16,20260616T160615-0400,67,67.0,70.0,
B,san-francisco,2026-06-16,20260616T170623-0400,70,70.0,70.0,
B,san-francisco,2026-06-16,20260616T180306-0400,70,70.0,71.0,
B,san-francisco,2026-06-16,20260616T190255-0400,70,70.0,71.0,
B,san-francisco,2026-06-16,20260616T200141-0400,70,70.0,71.0,
B,san-francisco,2026-06-16,20260616T210139-0400,70,70.0,71.0,
B,san-francisco,2026-06-16,20260616T220245-0400,70,70.0,71.0,
B,san-francisco,2026-06-16,20260616T230048-0400,70,70.0,71.0,
B,san-francisco,2026-06-16,20260617T000032-0400,70,70.0,71.0,
B,san-francisco,2026-06-16,20260617T010033-0400,70,70.0,71.0,
B,san-francisco,2026-06-16,20260617T020248-0400,70,70.0,71.0,
B,san-francisco,2026-06-19,20260619T030801-0400,60,60.0,70.0,
B,san-francisco,2026-06-19,20260619T040141-0400,61,61.0,71.0,
B,san-francisco,2026-06-19,20260619T050240-0400,61,61.0,70.0,
B,san-francisco,2026-06-19,20260619T060237-0400,62,62.0,70.0,
B,san-francisco,2026-06-19,20260619T070132-0400,62,62.0,71.0,
B,san-francisco,2026-06-19,20260619T080519-0400,62,62.0,71.0,
B,san-francisco,2026-06-19,20260619T090214-0400,62,62.0,71.0,
B,san-francisco,2026-06-19,20260619T100250-0400,62,62.0,61.0,
B,san-francisco,2026-06-19,20260619T110258-0400,62,62.0,63.0,
B,san-francisco,2026-06-19,20260619T120250-0400,62,62.0,62.0,
B,san-francisco,2026-06-19,20260619T130334-0400,63,63.0,63.0,
B,san-francisco,2026-06-19,20260619T140042-0400,63,63.0,64.0,
B,san-francisco,2026-06-19,20260619T150257-0400,64,64.0,65.0,
B,san-francisco,2026-06-19,20260619T160406-0400,66,66.0,67.0,
B,san-francisco,2026-06-19,20260619T170048-0400,68,68.0,69.0,
B,san-francisco,2026-06-19,20260619T180248-0400,68,68.0,70.0,
B,san-francisco,2026-06-19,20260619T190025-0400,70,70.0,70.0,
B,san-francisco,2026-06-19,20260619T201138-0400,70,70.0,70.0,
B,san-francisco,2026-06-19,20260619T210003-0400,70,70.0,70.0,
B,san-francisco,2026-06-19,20260619T220727-0400,70,70.0,70.0,
B,san-francisco,2026-06-19,20260619T230718-0400,70,70.0,70.0,
B,san-francisco,2026-06-19,20260620T000557-0400,70,70.0,70.0,
B,san-francisco,2026-06-19,20260620T010553-0400,70,70.0,70.0,
B,san-francisco,2026-06-19,20260620T020554-0400,70,70.0,70.0,
B,san-francisco,2026-06-20,20260620T030557-0400,62,62.0,70.0,
B,san-francisco,2026-06-20,20260620T040542-0400,62,62.0,70.0,
B,san-francisco,2026-06-20,20260620T051555-0400,62,62.0,70.0,
B,san-francisco,2026-06-20,20260620T060554-0400,63,63.0,70.0,
B,san-francisco,2026-06-20,20260620T070552-0400,63,63.0,70.0,
B,san-francisco,2026-06-20,20260620T080549-0400,63,63.0,70.0,
B,san-francisco,2026-06-20,20260620T090600-0400,63,63.0,70.0,
B,san-francisco,2026-06-20,20260620T100715-0400,63,63.0,62.0,
B,san-francisco,2026-06-20,20260620T110050-0400,63,63.0,63.0,
B,san-francisco,2026-06-20,20260620T121631-0400,63,63.0,64.0,
B,san-francisco,2026-06-20,20260620T130135-0400,64,64.0,66.0,
B,san-francisco,2026-06-20,20260620T140048-0400,66,66.0,68.0,
B,san-francisco,2026-06-20,20260620T150051-0400,67,67.0,69.0,
B,san-francisco,2026-06-20,20260620T161048-0400,71,71.0,70.0,
B,san-francisco,2026-06-20,20260620T170103-0400,71,71.0,71.0,
B,san-francisco,2026-06-20,20260620T180013-0400,71,71.0,71.0,
B,san-francisco,2026-06-20,20260620T190224-0400,71,71.0,71.0,
B,san-francisco,2026-06-20,20260620T200024-0400,71,71.0,70.0,
B,san-francisco,2026-06-20,20260620T210024-0400,71,71.0,70.0,
B,san-francisco,2026-06-20,20260620T220127-0400,71,71.0,71.0,
B,san-francisco,2026-06-20,20260620T230015-0400,71,71.0,71.0,
B,san-francisco,2026-06-20,20260621T000030-0400,71,71.0,70.0,
B,san-francisco,2026-06-20,20260621T010101-0400,71,71.0,71.0,
B,san-francisco,2026-06-20,20260621T020015-0400,71,71.0,71.0,
B,san-francisco,2026-06-21,20260621T030458-0400,,,,
B,san-francisco,2026-06-21,20260621T040021-0400,59,59.0,71.0,
B,san-francisco,2026-06-21,20260621T050035-0400,59,59.0,71.0,
B,san-francisco,2026-06-21,20260621T060034-0400,59,59.0,71.0,
B,san-francisco,2026-06-21,20260621T070102-0400,59,59.0,71.0,
B,san-francisco,2026-06-21,20260621T080003-0400,59,59.0,71.0,
B,san-francisco,2026-06-21,20260621T090054-0400,59,59.0,70.0,
B,san-francisco,2026-06-21,20260621T100024-0400,59,59.0,71.0,
B,san-francisco,2026-06-21,20260621T110359-0400,59,59.0,57.0,
B,san-francisco,2026-06-21,20260621T120034-0400,59,59.0,59.0,
B,san-francisco,2026-06-21,20260621T130301-0400,59,59.0,60.0,
B,san-francisco,2026-06-21,20260621T141257-0400,60,60.0,63.0,
B,san-francisco,2026-06-21,20260621T150024-0400,63,63.0,65.0,
B,san-francisco,2026-06-21,20260621T160106-0400,65,65.0,67.0,
B,san-francisco,2026-06-21,20260621T170053-0400,67,67.0,69.0,
B,san-francisco,2026-06-21,20260621T180100-0400,69,69.0,70.0,
B,san-francisco,2026-06-21,20260621T190036-0400,69,69.0,70.0,
B,san-francisco,2026-06-21,20260621T200118-0400,69,69.0,70.0,
B,san-francisco,2026-06-21,20260621T210154-0400,69,69.0,70.0,
B,san-francisco,2026-06-21,20260621T225532-0400,69,69.0,70.0,
B,san-francisco,2026-06-21,20260621T230846-0400,69,69.0,70.0,
B,san-francisco,2026-06-21,20260622T000221-0400,69,69.0,70.0,
B,san-francisco,2026-06-21,20260622T010331-0400,69,69.0,70.0,
B,san-francisco,2026-06-21,20260622T020650-0400,69,69.0,70.0,
B,san-francisco,2026-06-22,20260622T030107-0400,,,,
B,san-francisco,2026-06-22,20260622T040036-0400,57,57.0,70.0,
B,san-francisco,2026-06-22,20260622T050041-0400,57,57.0,70.0,
B,san-francisco,2026-06-22,20260622T061051-0400,57,57.0,70.0,
B,san-francisco,2026-06-22,20260622T070057-0400,57,57.0,70.0,
B,san-francisco,2026-06-22,20260622T081103-0400,57,57.0,70.0,
B,san-francisco,2026-06-22,20260622T090100-0400,57,57.0,70.0,
B,san-francisco,2026-06-22,20260622T100101-0400,57,57.0,70.0,
B,san-francisco,2026-06-22,20260622T110128-0400,57,57.0,57.0,
B,san-francisco,2026-06-22,20260622T121055-0400,57,57.0,58.0,
B,san-francisco,2026-06-22,20260622T130449-0400,61,61.0,60.0,
B,san-francisco,2026-06-22,20260622T140510-0400,63,63.0,62.0,
B,san-francisco,2026-06-22,20260622T150447-0400,63,63.0,64.0,
B,san-francisco,2026-06-22,20260622T160901-0400,63,63.0,65.0,
B,san-francisco,2026-06-22,20260622T172103-0400,66,66.0,66.0,
B,san-francisco,2026-06-22,20260622T180141-0400,66,66.0,66.0,
B,san-francisco,2026-06-22,20260622T190929-0400,66,66.0,66.0,
B,san-francisco,2026-06-22,20260622T200645-0400,66,66.0,66.0,
B,san-francisco,2026-06-22,20260622T211553-0400,66,66.0,66.0,
B,san-francisco,2026-06-22,20260622T221216-0400,66,66.0,66.0,
B,san-francisco,2026-06-22,20260622T230141-0400,66,66.0,66.0,
B,san-francisco,2026-06-22,20260623T000532-0400,66,66.0,66.0,
B,san-francisco,2026-06-22,20260623T010513-0400,66,66.0,66.0,
B,san-francisco,2026-06-22,20260623T020537-0400,66,66.0,66.0,
B,san-francisco,2026-06-26,20260626T031000-0400,56,56.0,69.0,
B,san-francisco,2026-06-26,20260626T040034-0400,57,57.0,70.0,
B,san-francisco,2026-06-26,20260626T050939-0400,57,57.0,69.0,
B,san-francisco,2026-06-26,20260626T060834-0400,57,57.0,69.0,
B,san-francisco,2026-06-26,20260626T070839-0400,57,57.0,69.0,
B,san-francisco,2026-06-26,20260626T080841-0400,58,58.0,70.0,
B,san-francisco,2026-06-26,20260626T090911-0400,58,58.0,69.0,
B,san-francisco,2026-06-26,20260626T100904-0400,58,58.0,58.0,
B,san-francisco,2026-06-26,20260626T110123-0400,58,58.0,59.0,
B,san-francisco,2026-06-26,20260626T120856-0400,62,62.0,61.0,
B,san-francisco,2026-06-26,20260626T130447-0400,62,62.0,62.0,
B,san-francisco,2026-06-26,20260626T141656-0400,62,62.0,64.0,
B,san-francisco,2026-06-26,20260626T150703-0400,64,64.0,65.0,
B,san-francisco,2026-06-26,20260626T160722-0400,66,66.0,66.0,
B,san-francisco,2026-06-26,20260626T170709-0400,68,68.0,68.0,
B,san-francisco,2026-06-26,20260626T180009-0400,68,68.0,68.0,
B,san-francisco,2026-06-26,20260626T190011-0400,68,68.0,68.0,
B,san-francisco,2026-06-26,20260626T200016-0400,68,68.0,68.0,
B,san-francisco,2026-06-26,20260626T210147-0400,68,68.0,68.0,
B,san-francisco,2026-06-26,20260626T220756-0400,68,68.0,68.0,
B,san-francisco,2026-06-26,20260626T230722-0400,68,68.0,68.0,
B,san-francisco,2026-06-26,20260627T000045-0400,68,68.0,68.0,
B,san-francisco,2026-06-26,20260627T011905-0400,68,68.0,68.0,
B,san-francisco,2026-06-26,20260627T021959-0400,60,60.0,68.0,
B,san-francisco,2026-06-28,20260628T030315-0400,,,,
B,san-francisco,2026-06-28,20260628T040315-0400,,,,
B,san-francisco,2026-06-28,20260628T050253-0400,,,,
B,san-francisco,2026-06-28,20260628T060300-0400,,,,
B,san-francisco,2026-06-28,20260628T070252-0400,,,,
B,san-francisco,2026-06-28,20260628T080301-0400,,,,
B,san-francisco,2026-06-28,20260628T090309-0400,,,,
B,san-francisco,2026-06-28,20260628T101304-0400,,,,
B,san-francisco,2026-06-28,20260628T110014-0400,,,,
B,san-francisco,2026-06-28,20260628T120048-0400,,,,
B,san-francisco,2026-06-28,20260628T130608-0400,,,,
B,san-francisco,2026-06-28,20260628T140258-0400,,,,
B,san-francisco,2026-06-28,20260628T150330-0400,,,,
B,san-francisco,2026-06-28,20260628T160313-0400,,,,
B,san-francisco,2026-06-28,20260628T170254-0400,,,,
B,san-francisco,2026-06-28,20260628T180903-0400,,,,
B,san-francisco,2026-06-28,20260628T190046-0400,,,,
B,san-francisco,2026-06-28,20260628T201255-0400,,,,
B,san-francisco,2026-06-28,20260628T210049-0400,,,,
B,san-francisco,2026-06-29,20260629T104150-0400,,,,
B,san-francisco,2026-06-29,20260629T110048-0400,,,,
B,san-francisco,2026-06-29,20260629T121050-0400,,,,
B,san-francisco,2026-06-29,20260629T130359-0400,,,,
B,san-francisco,2026-06-29,20260629T141042-0400,,,,
B,san-francisco,2026-06-29,20260629T150454-0400,,,,
B,san-francisco,2026-06-29,20260629T160003-0400,,,,
B,san-francisco,2026-06-29,20260629T170455-0400,,,,
B,san-francisco,2026-06-29,20260629T181902-0400,,,,
B,san-francisco,2026-06-29,20260629T190523-0400,,,,
B,san-francisco,2026-06-29,20260629T200005-0400,,,,
B,san-francisco,2026-06-29,20260629T210235-0400,,,,
B,san-francisco,2026-06-29,20260629T220005-0400,,,,
B,san-francisco,2026-06-29,20260629T230006-0400,,,,
B,san-francisco,2026-06-29,20260630T000246-0400,,,,
B,san-francisco,2026-06-29,20260630T010633-0400,,,,
B,san-francisco,2026-06-29,20260630T020116-0400,,,,
B,san-francisco,2026-06-30,20260630T030402-0400,,,,
B,san-francisco,2026-06-30,20260630T040009-0400,,,,
B,san-francisco,2026-06-30,20260630T050150-0400,,,,
B,san-francisco,2026-06-30,20260630T060515-0400,,,,
B,san-francisco,2026-06-30,20260630T070840-0400,,,,
B,san-francisco,2026-06-30,20260630T080004-0400,,,,
B,san-francisco,2026-06-30,20260630T090012-0400,,,,
B,san-francisco,2026-06-30,20260630T102247-0400,,,,
B,san-francisco,2026-06-30,20260630T110858-0400,,,,
B,san-francisco,2026-06-30,20260630T121104-0400,,,,
B,san-francisco,2026-06-30,20260630T131029-0400,,,,
B,san-francisco,2026-06-30,20260630T140751-0400,,,,
B,san-francisco,2026-06-30,20260630T150318-0400,,,,
B,san-francisco,2026-06-30,20260630T160657-0400,,,,
B,san-francisco,2026-06-30,20260630T170123-0400,,,,
B,san-francisco,2026-06-30,20260630T180451-0400,,,,
B,san-francisco,2026-06-30,20260630T191042-0400,,,,
B,san-francisco,2026-06-30,20260630T200617-0400,,,,
B,san-francisco,2026-06-30,20260630T210009-0400,,,,
B,san-francisco,2026-06-30,20260630T220014-0400,,,,
B,san-francisco,2026-06-30,20260630T230016-0400,,,,
B,san-francisco,2026-06-30,20260701T000302-0400,,,,
B,san-francisco,2026-06-30,20260701T010652-0400,,,,
B,san-francisco,2026-06-30,20260701T020141-0400,,,,
B,seattle,2026-06-07,20260607T030500-0400,48,48.0,60.0,
B,seattle,2026-06-07,20260607T040619-0400,48,48.0,60.0,
B,seattle,2026-06-07,20260607T050739-0400,48,48.0,60.0,
B,seattle,2026-06-07,20260607T060839-0400,48,48.0,60.0,
B,seattle,2026-06-07,20260607T071021-0400,48,48.0,60.0,
B,seattle,2026-06-07,20260607T080128-0400,49,49.0,60.0,
B,seattle,2026-06-07,20260607T090240-0400,49,49.0,60.0,
B,seattle,2026-06-07,20260607T100400-0400,49,49.0,49.0,
B,seattle,2026-06-07,20260607T110505-0400,49,49.0,49.0,
B,seattle,2026-06-07,20260607T120712-0400,49,49.0,52.0,
B,seattle,2026-06-07,20260607T130924-0400,52,52.0,55.0,
B,seattle,2026-06-07,20260607T140138-0400,52,52.0,56.0,
B,seattle,2026-06-07,20260607T150325-0400,55,55.0,58.0,
B,seattle,2026-06-07,20260607T160510-0400,55,55.0,59.0,
B,seattle,2026-06-07,20260607T170756-0400,57,57.0,61.0,
B,seattle,2026-06-07,20260607T181033-0400,61,61.0,63.0,
B,seattle,2026-06-07,20260607T190223-0400,61,61.0,64.0,
B,seattle,2026-06-07,20260607T200355-0400,63,63.0,64.0,
B,seattle,2026-06-07,20260607T210542-0400,63,63.0,64.0,
B,seattle,2026-06-07,20260607T220720-0400,65,65.0,64.0,
B,seattle,2026-06-07,20260607T230930-0400,65,65.0,64.0,
B,seattle,2026-06-07,20260608T000109-0400,65,65.0,64.0,
B,seattle,2026-06-07,20260608T010243-0400,65,65.0,64.0,
B,seattle,2026-06-07,20260608T020411-0400,65,65.0,64.0,
B,seattle,2026-06-08,20260608T030557-0400,55,55.0,64.0,
B,seattle,2026-06-08,20260608T040719-0400,54,54.0,64.0,
B,seattle,2026-06-08,20260608T050857-0400,54,54.0,64.0,
B,seattle,2026-06-08,20260608T060047-0400,54,54.0,64.0,
B,seattle,2026-06-08,20260608T070226-0400,54,54.0,64.0,
B,seattle,2026-06-08,20260608T080401-0400,54,54.0,64.0,
B,seattle,2026-06-08,20260608T090552-0400,54,54.0,64.0,
B,seattle,2026-06-08,20260608T100751-0400,54,54.0,53.0,
B,seattle,2026-06-08,20260608T110934-0400,54,54.0,56.0,
B,seattle,2026-06-08,20260608T120133-0400,56,56.0,58.0,
B,seattle,2026-06-08,20260608T130319-0400,57,57.0,58.0,
B,seattle,2026-06-08,20260608T140519-0400,57,57.0,57.0,
B,seattle,2026-06-08,20260608T150727-0400,57,57.0,61.0,
B,seattle,2026-06-08,20260608T161019-0400,57,57.0,61.0,
B,seattle,2026-06-08,20260608T170242-0400,61,61.0,61.0,
B,seattle,2026-06-08,20260608T180453-0400,61,61.0,61.0,
B,seattle,2026-06-08,20260608T191537-0400,61,61.0,61.0,
B,seattle,2026-06-08,20260608T200653-0400,61,61.0,61.0,
B,seattle,2026-06-08,20260608T210822-0400,61,61.0,61.0,
B,seattle,2026-06-08,20260608T220953-0400,61,61.0,61.0,
B,seattle,2026-06-08,20260608T230139-0400,61,61.0,61.0,
B,seattle,2026-06-08,20260609T000301-0400,61,61.0,61.0,
B,seattle,2026-06-08,20260609T010438-0400,61,61.0,61.0,
B,seattle,2026-06-08,20260609T020607-0400,61,61.0,61.0,
B,seattle,2026-06-09,20260609T083455-0400,55,55.0,61.0,
B,seattle,2026-06-09,20260609T090615-0400,55,55.0,61.0,
B,seattle,2026-06-09,20260609T100750-0400,55,55.0,61.0,
B,seattle,2026-06-09,20260609T111130-0400,55,55.0,55.0,
B,seattle,2026-06-09,20260609T120727-0400,56,56.0,56.0,
B,seattle,2026-06-09,20260609T130416-0400,58,58.0,58.0,
B,seattle,2026-06-09,20260609T140606-0400,59,59.0,59.0,
B,seattle,2026-06-09,20260609T150800-0400,60,60.0,60.0,
B,seattle,2026-06-09,20260609T160936-0400,61,61.0,61.0,
B,seattle,2026-06-09,20260609T170138-0400,62,62.0,62.0,
B,seattle,2026-06-09,20260609T180321-0400,63,63.0,63.0,
B,seattle,2026-06-09,20260609T190448-0400,63,63.0,62.0,
B,seattle,2026-06-09,20260609T200631-0400,63,63.0,62.0,
B,seattle,2026-06-09,20260609T210758-0400,63,63.0,62.0,
B,seattle,2026-06-09,20260609T220919-0400,63,63.0,62.0,
B,seattle,2026-06-09,20260609T230057-0400,63,63.0,62.0,
B,seattle,2026-06-09,20260610T000205-0400,63,63.0,62.0,
B,seattle,2026-06-09,20260610T010316-0400,63,63.0,62.0,
B,seattle,2026-06-09,20260610T020443-0400,63,63.0,62.0,
B,seattle,2026-06-10,20260610T093745-0400,51,51.0,62.0,
B,seattle,2026-06-10,20260610T100834-0400,51,51.0,51.0,
B,seattle,2026-06-10,20260610T111013-0400,51,51.0,52.0,
B,seattle,2026-06-10,20260610T120407-0400,51,51.0,52.0,
B,seattle,2026-06-10,20260610T130612-0400,51,51.0,54.0,
B,seattle,2026-06-10,20260610T143351-0400,54,54.0,59.0,
B,seattle,2026-06-10,20260610T150510-0400,54,54.0,60.0,
B,seattle,2026-06-10,20260610T160749-0400,58,58.0,62.0,
B,seattle,2026-06-10,20260610T171000-0400,60,60.0,64.0,
B,seattle,2026-06-10,20260610T180157-0400,62,62.0,65.0,
B,seattle,2026-06-10,20260610T190349-0400,64,64.0,66.0,
B,seattle,2026-06-10,20260610T200523-0400,65,65.0,66.0,
B,seattle,2026-06-11,20260611T050206-0400,55,55.0,66.0,
B,seattle,2026-06-11,20260611T061244-0400,55,55.0,66.0,
B,seattle,2026-06-11,20260611T070053-0400,55,55.0,66.0,
B,seattle,2026-06-11,20260611T080410-0400,55,55.0,66.0,
B,seattle,2026-06-11,20260611T090616-0400,55,55.0,66.0,
B,seattle,2026-06-11,20260611T100755-0400,55,55.0,54.0,
B,seattle,2026-06-11,20260611T110346-0400,55,55.0,56.0,
B,seattle,2026-06-11,20260611T120548-0400,55,55.0,58.0,
B,seattle,2026-06-11,20260611T130719-0400,57,57.0,60.0,
B,seattle,2026-06-11,20260611T140959-0400,57,57.0,62.0,
B,seattle,2026-06-11,20260611T150159-0400,60,60.0,64.0,
B,seattle,2026-06-11,20260611T160429-0400,62,62.0,66.0,
B,seattle,2026-06-11,20260611T170627-0400,64,64.0,68.0,
B,seattle,2026-06-11,20260611T180834-0400,67,67.0,70.0,
B,seattle,2026-06-11,20260611T191010-0400,68,68.0,71.0,
B,seattle,2026-06-11,20260611T200247-0400,70,70.0,72.0,
B,seattle,2026-06-11,20260611T210558-0400,71,71.0,72.0,
B,seattle,2026-06-11,20260611T220739-0400,72,72.0,72.0,
B,seattle,2026-06-11,20260611T231025-0400,72,72.0,72.0,
B,seattle,2026-06-11,20260612T000141-0400,72,72.0,72.0,
B,seattle,2026-06-11,20260612T010319-0400,72,72.0,72.0,
B,seattle,2026-06-11,20260612T020458-0400,72,72.0,72.0,
B,seattle,2026-06-12,20260612T030620-0400,17,17.0,,
B,seattle,2026-06-12,20260612T040742-0400,60,60.0,72.0,
B,seattle,2026-06-12,20260612T050900-0400,60,60.0,72.0,
B,seattle,2026-06-12,20260612T060041-0400,60,60.0,72.0,
B,seattle,2026-06-12,20260612T070220-0400,60,60.0,72.0,
B,seattle,2026-06-12,20260612T080402-0400,60,60.0,72.0,
B,seattle,2026-06-12,20260612T090646-0400,60,60.0,72.0,
B,seattle,2026-06-12,20260612T100837-0400,60,60.0,56.0,
B,seattle,2026-06-12,20260612T110003-0400,60,60.0,58.0,
B,seattle,2026-06-12,20260612T120153-0400,60,60.0,61.0,
B,seattle,2026-06-12,20260612T130338-0400,61,61.0,63.0,
B,seattle,2026-06-12,20260612T140520-0400,61,61.0,66.0,
B,seattle,2026-06-12,20260612T150709-0400,63,63.0,68.0,
B,seattle,2026-06-12,20260612T160915-0400,66,66.0,70.0,
B,seattle,2026-06-12,20260612T170101-0400,68,68.0,70.0,
B,seattle,2026-06-12,20260612T180258-0400,70,70.0,73.0,
B,seattle,2026-06-12,20260612T190431-0400,70,70.0,73.0,
B,seattle,2026-06-12,20260612T200659-0400,73,73.0,74.0,
B,seattle,2026-06-12,20260612T210922-0400,74,74.0,74.0,
B,seattle,2026-06-12,20260612T220105-0400,74,74.0,74.0,
B,seattle,2026-06-12,20260612T230300-0400,74,74.0,74.0,
B,seattle,2026-06-12,20260613T000430-0400,74,74.0,74.0,
B,seattle,2026-06-12,20260613T010606-0400,74,74.0,74.0,
B,seattle,2026-06-12,20260613T020731-0400,74,74.0,74.0,
B,seattle,2026-06-13,20260613T030858-0400,62,62.0,74.0,
B,seattle,2026-06-13,20260613T040020-0400,61,61.0,74.0,
B,seattle,2026-06-13,20260613T050158-0400,61,61.0,74.0,
B,seattle,2026-06-13,20260613T060309-0400,61,61.0,74.0,
B,seattle,2026-06-13,20260613T070429-0400,61,61.0,74.0,
B,seattle,2026-06-13,20260613T080617-0400,61,61.0,74.0,
B,seattle,2026-06-13,20260613T090743-0400,61,61.0,74.0,
B,seattle,2026-06-13,20260613T100911-0400,61,61.0,60.0,
B,seattle,2026-06-13,20260613T110111-0400,61,61.0,63.0,
B,seattle,2026-06-13,20260613T120743-0400,61,61.0,67.0,
B,seattle,2026-06-13,20260613T130956-0400,67,67.0,71.0,
B,seattle,2026-06-13,20260613T140140-0400,67,67.0,74.0,
B,seattle,2026-06-13,20260613T150256-0400,71,71.0,76.0,
B,seattle,2026-06-13,20260613T160436-0400,73,73.0,78.0,
B,seattle,2026-06-13,20260613T170640-0400,76,76.0,79.0,
B,seattle,2026-06-13,20260613T180850-0400,79,79.0,80.0,
B,seattle,2026-06-13,20260613T190106-0400,79,79.0,80.0,
B,seattle,2026-06-13,20260613T200344-0400,80,80.0,82.0,
B,seattle,2026-06-13,20260613T210537-0400,82,82.0,82.0,
B,seattle,2026-06-13,20260613T220056-0400,82,82.0,82.0,
B,seattle,2026-06-13,20260613T230241-0400,82,82.0,82.0,
B,seattle,2026-06-13,20260614T000408-0400,82,82.0,82.0,
B,seattle,2026-06-13,20260614T010403-0400,82,82.0,82.0,
B,seattle,2026-06-13,20260614T020144-0400,82,82.0,82.0,
B,seattle,2026-06-14,20260614T030329-0400,17,17.0,,
B,seattle,2026-06-14,20260614T040451-0400,69,69.0,82.0,
B,seattle,2026-06-14,20260614T050507-0400,69,69.0,82.0,
B,seattle,2026-06-14,20260614T060508-0400,69,69.0,82.0,
B,seattle,2026-06-14,20260614T070511-0400,69,69.0,82.0,
B,seattle,2026-06-14,20260614T080507-0400,69,69.0,82.0,
B,seattle,2026-06-14,20260614T090113-0400,69,69.0,82.0,
B,seattle,2026-06-14,20260614T100249-0400,69,69.0,82.0,
B,seattle,2026-06-14,20260614T110418-0400,69,69.0,68.0,
B,seattle,2026-06-14,20260614T120122-0400,69,69.0,73.0,
B,seattle,2026-06-14,20260614T130025-0400,74,74.0,77.0,
B,seattle,2026-06-14,20260614T140857-0400,74,74.0,79.0,
B,seattle,2026-06-14,20260614T150013-0400,76,76.0,82.0,
B,seattle,2026-06-14,20260614T160137-0400,79,79.0,83.0,
B,seattle,2026-06-14,20260614T171616-0400,81,81.0,86.0,
B,seattle,2026-06-14,20260614T180408-0400,85,85.0,87.0,
B,seattle,2026-06-14,20260614T190619-0400,86,86.0,88.0,
B,seattle,2026-06-14,20260614T200633-0400,87,87.0,88.0,
B,seattle,2026-06-14,20260614T210100-0400,88,88.0,88.0,
B,seattle,2026-06-14,20260614T220337-0400,88,88.0,88.0,
B,seattle,2026-06-14,20260614T230545-0400,88,88.0,88.0,
B,seattle,2026-06-14,20260615T000549-0400,88,88.0,88.0,
B,seattle,2026-06-14,20260615T010545-0400,88,88.0,88.0,
B,seattle,2026-06-14,20260615T021540-0400,88,88.0,88.0,
B,seattle,2026-06-16,20260616T030632-0400,66,66.0,90.0,
B,seattle,2026-06-16,20260616T040513-0400,66,66.0,90.0,
B,seattle,2026-06-16,20260616T050543-0400,66,66.0,90.0,
B,seattle,2026-06-16,20260616T061520-0400,66,66.0,90.0,
B,seattle,2026-06-16,20260616T070521-0400,66,66.0,90.0,
B,seattle,2026-06-16,20260616T080118-0400,66,66.0,90.0,
B,seattle,2026-06-16,20260616T090056-0400,66,66.0,90.0,
B,seattle,2026-06-16,20260616T100248-0400,66,66.0,60.0,
B,seattle,2026-06-16,20260616T110126-0400,66,66.0,62.0,
B,seattle,2026-06-16,20260616T121617-0400,66,66.0,63.0,
B,seattle,2026-06-16,20260616T130529-0400,66,66.0,65.0,
B,seattle,2026-06-16,20260616T140539-0400,66,66.0,67.0,
B,seattle,2026-06-16,20260616T151557-0400,67,67.0,69.0,
B,seattle,2026-06-16,20260616T160230-0400,69,69.0,72.0,
B,seattle,2026-06-16,20260616T170209-0400,72,72.0,73.0,
B,seattle,2026-06-16,20260616T180239-0400,73,73.0,75.0,
B,seattle,2026-06-16,20260616T190250-0400,75,75.0,76.0,
B,seattle,2026-06-16,20260616T200248-0400,75,75.0,77.0,
B,seattle,2026-06-16,20260616T210141-0400,77,77.0,76.0,
B,seattle,2026-06-16,20260616T220247-0400,77,77.0,77.0,
B,seattle,2026-06-16,20260616T230246-0400,77,77.0,77.0,
B,seattle,2026-06-16,20260617T001243-0400,77,77.0,77.0,
B,seattle,2026-06-16,20260617T010332-0400,77,77.0,76.0,
B,seattle,2026-06-16,20260617T020250-0400,77,77.0,76.0,
B,seattle,2026-06-17,20260617T030241-0400,17,17.0,,
B,seattle,2026-06-17,20260617T040258-0400,59,59.0,77.0,
B,seattle,2026-06-17,20260617T050041-0400,59,59.0,77.0,
B,seattle,2026-06-17,20260617T060248-0400,59,59.0,76.0,
B,seattle,2026-06-17,20260617T070248-0400,59,59.0,76.0,
B,seattle,2026-06-17,20260617T080243-0400,59,59.0,76.0,
B,seattle,2026-06-17,20260617T090337-0400,59,59.0,76.0,
B,seattle,2026-06-17,20260617T100248-0400,59,59.0,76.0,
B,seattle,2026-06-17,20260617T110300-0400,59,59.0,55.0,
B,seattle,2026-06-17,20260617T124254-0400,59,59.0,57.0,
B,seattle,2026-06-17,20260617T130250-0400,59,59.0,58.0,
B,seattle,2026-06-17,20260617T142447-0400,59,59.0,62.0,
B,seattle,2026-06-17,20260617T150449-0400,61,61.0,63.0,
B,seattle,2026-06-17,20260617T160306-0400,64,64.0,66.0,
B,seattle,2026-06-17,20260617T171252-0400,65,65.0,67.0,
B,seattle,2026-06-17,20260617T181253-0400,67,67.0,69.0,
B,seattle,2026-06-17,20260617T190438-0400,68,68.0,70.0,
B,seattle,2026-06-17,20260617T200248-0400,70,70.0,71.0,
B,seattle,2026-06-17,20260617T213347-0400,72,72.0,72.0,
B,seattle,2026-06-17,20260617T221253-0400,72,72.0,72.0,
B,seattle,2026-06-17,20260617T230245-0400,72,72.0,72.0,
B,seattle,2026-06-17,20260618T000253-0400,72,72.0,72.0,
B,seattle,2026-06-17,20260618T010249-0400,72,72.0,72.0,
B,seattle,2026-06-17,20260618T020536-0400,72,72.0,72.0,
B,seattle,2026-06-19,20260619T030251-0400,17,17.0,,
B,seattle,2026-06-19,20260619T040835-0400,63,63.0,77.0,
B,seattle,2026-06-19,20260619T050040-0400,64,64.0,78.0,
B,seattle,2026-06-19,20260619T060830-0400,64,64.0,77.0,
B,seattle,2026-06-19,20260619T070252-0400,64,64.0,78.0,
B,seattle,2026-06-19,20260619T080013-0400,64,64.0,77.0,
B,seattle,2026-06-19,20260619T090422-0400,64,64.0,77.0,
B,seattle,2026-06-19,20260619T100117-0400,64,64.0,78.0,
B,seattle,2026-06-19,20260619T110300-0400,67,67.0,66.0,
B,seattle,2026-06-19,20260619T120252-0400,67,67.0,70.0,
B,seattle,2026-06-19,20260619T130254-0400,71,71.0,71.0,
B,seattle,2026-06-19,20260619T140955-0400,71,71.0,71.0,
B,seattle,2026-06-19,20260619T150259-0400,71,71.0,74.0,
B,seattle,2026-06-19,20260619T160412-0400,75,75.0,75.0,
B,seattle,2026-06-19,20260619T170252-0400,75,75.0,76.0,
B,seattle,2026-06-19,20260619T180252-0400,75,75.0,77.0,
B,seattle,2026-06-19,20260619T190027-0400,79,79.0,80.0,
B,seattle,2026-06-19,20260619T201141-0400,79,79.0,80.0,
B,seattle,2026-06-19,20260619T210054-0400,80,80.0,81.0,
B,seattle,2026-06-19,20260619T220731-0400,81,81.0,81.0,
B,seattle,2026-06-19,20260619T230042-0400,81,81.0,81.0,
B,seattle,2026-06-19,20260620T000045-0400,81,81.0,81.0,
B,seattle,2026-06-19,20260620T010145-0400,81,81.0,80.0,
B,seattle,2026-06-19,20260620T020144-0400,81,81.0,81.0,
B,seattle,2026-06-20,20260620T030600-0400,59,59.0,81.0,
B,seattle,2026-06-20,20260620T041151-0400,57,57.0,80.0,
B,seattle,2026-06-20,20260620T050051-0400,57,57.0,81.0,
B,seattle,2026-06-20,20260620T060102-0400,57,57.0,81.0,
B,seattle,2026-06-20,20260620T070254-0400,57,57.0,81.0,
B,seattle,2026-06-20,20260620T080355-0400,57,57.0,81.0,
B,seattle,2026-06-20,20260620T090607-0400,57,57.0,81.0,
B,seattle,2026-06-20,20260620T100441-0400,57,57.0,55.0,
B,seattle,2026-06-20,20260620T110052-0400,57,57.0,56.0,
B,seattle,2026-06-20,20260620T121633-0400,57,57.0,58.0,
B,seattle,2026-06-20,20260620T130339-0400,59,59.0,59.0,
B,seattle,2026-06-20,20260620T140051-0400,59,59.0,60.0,
B,seattle,2026-06-20,20260620T150053-0400,61,61.0,63.0,
B,seattle,2026-06-20,20260620T160517-0400,65,65.0,66.0,
B,seattle,2026-06-20,20260620T170115-0400,65,65.0,67.0,
B,seattle,2026-06-20,20260620T180310-0400,69,69.0,70.0,
B,seattle,2026-06-20,20260620T190419-0400,69,69.0,71.0,
B,seattle,2026-06-20,20260620T200424-0400,71,71.0,71.0,
B,seattle,2026-06-20,20260620T210518-0400,71,71.0,71.0,
B,seattle,2026-06-20,20260620T220514-0400,71,71.0,71.0,
B,seattle,2026-06-20,20260620T230509-0400,71,71.0,71.0,
B,seattle,2026-06-20,20260621T000107-0400,71,71.0,71.0,
B,seattle,2026-06-20,20260621T010104-0400,71,71.0,71.0,
B,seattle,2026-06-20,20260621T020715-0400,71,71.0,71.0,
B,seattle,2026-06-21,20260621T030501-0400,,,,
B,seattle,2026-06-21,20260621T040023-0400,55,55.0,71.0,
B,seattle,2026-06-21,20260621T050044-0400,55,55.0,71.0,
B,seattle,2026-06-21,20260621T061045-0400,55,55.0,71.0,
B,seattle,2026-06-21,20260621T070105-0400,55,55.0,71.0,
B,seattle,2026-06-21,20260621T080102-0400,55,55.0,71.0,
B,seattle,2026-06-21,20260621T090058-0400,55,55.0,71.0,
B,seattle,2026-06-21,20260621T100028-0400,55,55.0,71.0,
B,seattle,2026-06-21,20260621T110652-0400,55,55.0,57.0,
B,seattle,2026-06-21,20260621T121109-0400,59,59.0,59.0,
B,seattle,2026-06-21,20260621T130306-0400,61,61.0,61.0,
B,seattle,2026-06-21,20260621T141302-0400,61,61.0,64.0,
B,seattle,2026-06-21,20260621T150059-0400,64,64.0,65.0,
B,seattle,2026-06-21,20260621T160110-0400,64,64.0,66.0,
B,seattle,2026-06-21,20260621T170056-0400,68,68.0,70.0,
B,seattle,2026-06-21,20260621T180104-0400,70,70.0,74.0,
B,seattle,2026-06-21,20260621T190105-0400,75,75.0,76.0,
B,seattle,2026-06-21,20260621T200002-0400,77,77.0,76.0,
B,seattle,2026-06-21,20260621T210206-0400,77,77.0,76.0,
B,seattle,2026-06-21,20260621T225547-0400,77,77.0,76.0,
B,seattle,2026-06-21,20260621T230854-0400,77,77.0,76.0,
B,seattle,2026-06-21,20260622T000033-0400,77,77.0,76.0,
B,seattle,2026-06-21,20260622T010341-0400,77,77.0,76.0,
B,seattle,2026-06-21,20260622T021110-0400,77,77.0,76.0,
B,seattle,2026-06-22,20260622T030114-0400,,,,
B,seattle,2026-06-22,20260622T040040-0400,65,65.0,76.0,
B,seattle,2026-06-22,20260622T050043-0400,65,65.0,76.0,
B,seattle,2026-06-22,20260622T060438-0400,65,65.0,76.0,
B,seattle,2026-06-22,20260622T070041-0400,65,65.0,76.0,
B,seattle,2026-06-22,20260622T080051-0400,65,65.0,76.0,
B,seattle,2026-06-22,20260622T090104-0400,65,65.0,76.0,
B,seattle,2026-06-22,20260622T100036-0400,65,65.0,62.0,
B,seattle,2026-06-22,20260622T110046-0400,65,65.0,65.0,
B,seattle,2026-06-22,20260622T120048-0400,65,65.0,70.0,
B,seattle,2026-06-22,20260622T130028-0400,70,70.0,70.0,
B,seattle,2026-06-22,20260622T140044-0400,70,70.0,73.0,
B,seattle,2026-06-22,20260622T151600-0400,73,73.0,75.0,
B,seattle,2026-06-22,20260622T160149-0400,75,75.0,78.0,
B,seattle,2026-06-22,20260622T172601-0400,80,80.0,80.0,
B,seattle,2026-06-22,20260622T180158-0400,80,80.0,82.0,
B,seattle,2026-06-22,20260622T190134-0400,82,82.0,84.0,
B,seattle,2026-06-22,20260622T200702-0400,84,84.0,85.0,
B,seattle,2026-06-22,20260622T211610-0400,85,85.0,84.0,
B,seattle,2026-06-22,20260622T220253-0400,85,85.0,84.0,
B,seattle,2026-06-22,20260622T230150-0400,85,85.0,84.0,
B,seattle,2026-06-22,20260623T000241-0400,85,85.0,84.0,
B,seattle,2026-06-22,20260623T010247-0400,85,85.0,84.0,
B,seattle,2026-06-22,20260623T020545-0400,85,85.0,84.0,
B,seattle,2026-06-26,20260626T031009-0400,56,56.0,65.0,
B,seattle,2026-06-26,20260626T040344-0400,55,55.0,65.0,
B,seattle,2026-06-26,20260626T050942-0400,55,55.0,65.0,
B,seattle,2026-06-26,20260626T060951-0400,55,55.0,65.0,
B,seattle,2026-06-26,20260626T070952-0400,55,55.0,65.0,
B,seattle,2026-06-26,20260626T080944-0400,55,55.0,65.0,
B,seattle,2026-06-26,20260626T090916-0400,55,55.0,65.0,
B,seattle,2026-06-26,20260626T100404-0400,55,55.0,56.0,
B,seattle,2026-06-26,20260626T110512-0400,56,56.0,57.0,
B,seattle,2026-06-26,20260626T120453-0400,57,57.0,58.0,
B,seattle,2026-06-26,20260626T130451-0400,58,58.0,60.0,
B,seattle,2026-06-26,20260626T140457-0400,60,60.0,63.0,
B,seattle,2026-06-26,20260626T150707-0400,63,63.0,64.0,
B,seattle,2026-06-26,20260626T160509-0400,64,64.0,65.0,
B,seattle,2026-06-26,20260626T170510-0400,64,64.0,65.0,
B,seattle,2026-06-26,20260626T180658-0400,64,64.0,65.0,
B,seattle,2026-06-26,20260626T190508-0400,64,64.0,65.0,
B,seattle,2026-06-26,20260626T201657-0400,64,64.0,65.0,
B,seattle,2026-06-26,20260626T210541-0400,64,64.0,65.0,
B,seattle,2026-06-26,20260626T220807-0400,64,64.0,65.0,
B,seattle,2026-06-26,20260626T230732-0400,64,64.0,65.0,
B,seattle,2026-06-26,20260627T001643-0400,64,64.0,65.0,
B,seattle,2026-06-26,20260627T011912-0400,64,64.0,65.0,
B,seattle,2026-06-26,20260627T022027-0400,56,56.0,65.0,
B,seattle,2026-06-28,20260628T030322-0400,,,,
B,seattle,2026-06-28,20260628T040319-0400,,,,
B,seattle,2026-06-28,20260628T050256-0400,,,,
B,seattle,2026-06-28,20260628T060303-0400,,,,
B,seattle,2026-06-28,20260628T070256-0400,,,,
B,seattle,2026-06-28,20260628T080305-0400,,,,
B,seattle,2026-06-28,20260628T090313-0400,,,,
B,seattle,2026-06-28,20260628T101308-0400,,,,
B,seattle,2026-06-28,20260628T111256-0400,,,,
B,seattle,2026-06-28,20260628T120329-0400,,,,
B,seattle,2026-06-28,20260628T130612-0400,,,,
B,seattle,2026-06-28,20260628T140303-0400,,,,
B,seattle,2026-06-28,20260628T150339-0400,,,,
B,seattle,2026-06-28,20260628T160318-0400,,,,
B,seattle,2026-06-28,20260628T170258-0400,,,,
B,seattle,2026-06-28,20260628T180933-0400,,,,
B,seattle,2026-06-28,20260628T190816-0400,,,,
B,seattle,2026-06-28,20260628T201428-0400,,,,
B,seattle,2026-06-28,20260628T210203-0400,,,,
B,seattle,2026-06-29,20260629T104156-0400,,,,
B,seattle,2026-06-29,20260629T110051-0400,,,,
B,seattle,2026-06-29,20260629T121054-0400,,,,
B,seattle,2026-06-29,20260629T131359-0400,,,,
B,seattle,2026-06-29,20260629T140501-0400,,,,
B,seattle,2026-06-29,20260629T150404-0400,,,,
B,seattle,2026-06-29,20260629T160744-0400,,,,
B,seattle,2026-06-29,20260629T170207-0400,,,,
B,seattle,2026-06-29,20260629T180644-0400,,,,
B,seattle,2026-06-29,20260629T190737-0400,,,,
B,seattle,2026-06-29,20260629T200431-0400,,,,
B,seattle,2026-06-29,20260629T210252-0400,,,,
B,seattle,2026-06-29,20260629T220221-0400,,,,
B,seattle,2026-06-29,20260629T230822-0400,,,,
B,seattle,2026-06-29,20260630T000343-0400,,,,
B,seattle,2026-06-29,20260630T010730-0400,,,,
B,seattle,2026-06-29,20260630T020214-0400,,,,
B,seattle,2026-06-30,20260630T030409-0400,,,,
B,seattle,2026-06-30,20260630T040736-0400,,,,
B,seattle,2026-06-30,20260630T050155-0400,,,,
B,seattle,2026-06-30,20260630T060522-0400,,,,
B,seattle,2026-06-30,20260630T070847-0400,,,,
B,seattle,2026-06-30,20260630T080604-0400,,,,
B,seattle,2026-06-30,20260630T090027-0400,,,,
B,seattle,2026-06-30,20260630T100025-0400,,,,
B,seattle,2026-06-30,20260630T110000-0400,,,,
B,seattle,2026-06-30,20260630T121114-0400,,,,
B,seattle,2026-06-30,20260630T131239-0400,,,,
B,seattle,2026-06-30,20260630T141005-0400,,,,
B,seattle,2026-06-30,20260630T150457-0400,,,,
B,seattle,2026-06-30,20260630T160837-0400,,,,
B,seattle,2026-06-30,20260630T170317-0400,,,,
B,seattle,2026-06-30,20260630T180646-0400,,,,
B,seattle,2026-06-30,20260630T190110-0400,,,,
B,seattle,2026-06-30,20260630T200830-0400,,,,
B,seattle,2026-06-30,20260630T210258-0400,,,,
B,seattle,2026-06-30,20260630T220639-0400,,,,
B,seattle,2026-06-30,20260630T230119-0400,,,,
B,seattle,2026-06-30,20260701T000514-0400,,,,
B,seattle,2026-06-30,20260701T010903-0400,,,,
B,seattle,2026-06-30,20260701T020343-0400,,,,
B,toronto,2026-06-03,20260603T201740-0400,29,29.0,30.0,
B,toronto,2026-06-03,20260603T210115-0400,29,29.0,30.0,
B,toronto,2026-06-03,20260603T220125-0400,29,29.0,30.0,
B,toronto,2026-06-03,20260603T230136-0400,29,29.0,30.0,
B,toronto,2026-06-04,20260604T000146-0400,17,17.0,,
B,toronto,2026-06-04,20260604T010156-0400,20,20.0,30.0,
B,toronto,2026-06-04,20260604T020203-0400,20,20.0,30.0,
B,toronto,2026-06-04,20260604T030211-0400,20,20.0,30.0,
B,toronto,2026-06-04,20260604T040226-0400,20,20.0,30.0,
B,toronto,2026-06-04,20260604T050243-0400,20,20.0,30.0,
B,toronto,2026-06-04,20260604T060250-0400,20,20.0,30.0,
B,toronto,2026-06-04,20260604T070300-0400,20,20.0,30.0,
B,toronto,2026-06-04,20260604T080414-0400,20,20.0,20.0,
B,toronto,2026-06-04,20260604T090514-0400,20,20.0,23.0,
B,toronto,2026-06-04,20260604T100626-0400,23,23.0,25.0,
B,toronto,2026-06-04,20260604T110647-0400,26,26.0,27.0,
B,toronto,2026-06-04,20260604T120654-0400,26,26.0,28.0,
B,toronto,2026-06-04,20260604T130702-0400,28,28.0,29.0,
B,toronto,2026-06-04,20260604T140712-0400,29,29.0,30.0,
B,toronto,2026-06-04,20260604T150720-0400,29,29.0,30.0,
B,toronto,2026-06-04,20260604T160405-0400,29,29.0,30.0,
B,toronto,2026-06-04,20260604T170455-0400,29,29.0,30.0,
B,toronto,2026-06-04,20260604T180754-0400,30,30.0,31.0,
B,toronto,2026-06-04,20260604T190852-0400,30,30.0,31.0,
B,toronto,2026-06-04,20260604T200920-0400,30,30.0,31.0,
B,toronto,2026-06-04,20260604T210213-0400,30,30.0,31.0,
B,toronto,2026-06-04,20260604T220725-0400,30,30.0,31.0,
B,toronto,2026-06-04,20260604T230741-0400,30,30.0,31.0,
B,toronto,2026-06-05,20260605T000756-0400,23,23.0,,
B,toronto,2026-06-05,20260605T010809-0400,23,23.0,31.0,
B,toronto,2026-06-05,20260605T020822-0400,23,23.0,31.0,
B,toronto,2026-06-05,20260605T030839-0400,23,23.0,31.0,
B,toronto,2026-06-05,20260605T040855-0400,23,23.0,31.0,
B,toronto,2026-06-05,20260605T050907-0400,23,23.0,31.0,
B,toronto,2026-06-05,20260605T060930-0400,23,23.0,31.0,
B,toronto,2026-06-05,20260605T070945-0400,23,23.0,19.0,
B,toronto,2026-06-05,20260605T080015-0400,23,23.0,21.0,
B,toronto,2026-06-05,20260605T090047-0400,23,23.0,23.0,
B,toronto,2026-06-05,20260605T100102-0400,23,23.0,26.0,
B,toronto,2026-06-05,20260605T110126-0400,23,23.0,28.0,
B,toronto,2026-06-05,20260605T120142-0400,26,26.0,29.0,
B,toronto,2026-06-05,20260605T130158-0400,27,27.0,30.0,
B,toronto,2026-06-05,20260605T140215-0400,30,30.0,31.0,
B,toronto,2026-06-05,20260605T150240-0400,30,30.0,31.0,
B,toronto,2026-06-05,20260605T160253-0400,31,31.0,31.0,
B,toronto,2026-06-05,20260605T170308-0400,31,31.0,31.0,
B,toronto,2026-06-05,20260605T180321-0400,31,31.0,31.0,
B,toronto,2026-06-05,20260605T190345-0400,31,31.0,31.0,
B,toronto,2026-06-05,20260605T200402-0400,31,31.0,31.0,
B,toronto,2026-06-05,20260605T210505-0400,31,31.0,31.0,
B,toronto,2026-06-05,20260605T220618-0400,31,31.0,31.0,
B,toronto,2026-06-05,20260605T230634-0400,31,31.0,31.0,
B,toronto,2026-06-07,20260607T000103-0400,17,17.0,,
B,toronto,2026-06-07,20260607T010211-0400,20,20.0,26.0,
B,toronto,2026-06-07,20260607T020340-0400,20,20.0,26.0,
B,toronto,2026-06-07,20260607T030451-0400,20,20.0,26.0,
B,toronto,2026-06-07,20260607T040610-0400,20,20.0,26.0,
B,toronto,2026-06-07,20260607T050728-0400,20,20.0,26.0,
B,toronto,2026-06-07,20260607T060831-0400,20,20.0,26.0,
B,toronto,2026-06-07,20260607T070958-0400,20,20.0,17.0,
B,toronto,2026-06-07,20260607T080101-0400,20,20.0,18.0,
B,toronto,2026-06-07,20260607T090230-0400,20,20.0,19.0,
B,toronto,2026-06-07,20260607T100349-0400,20,20.0,19.0,
B,toronto,2026-06-07,20260607T110452-0400,20,20.0,21.0,
B,toronto,2026-06-07,20260607T120657-0400,20,20.0,22.0,
B,toronto,2026-06-07,20260607T130911-0400,21,21.0,23.0,
B,toronto,2026-06-07,20260607T140120-0400,22,22.0,24.0,
B,toronto,2026-06-07,20260607T150311-0400,22,22.0,24.0,
B,toronto,2026-06-07,20260607T160453-0400,23,23.0,24.0,
B,toronto,2026-06-07,20260607T170733-0400,23,23.0,24.0,
B,toronto,2026-06-07,20260607T181005-0400,24,24.0,25.0,
B,toronto,2026-06-07,20260607T190206-0400,24,24.0,25.0,
B,toronto,2026-06-07,20260607T200344-0400,24,24.0,25.0,
B,toronto,2026-06-07,20260607T210528-0400,24,24.0,25.0,
B,toronto,2026-06-07,20260607T220704-0400,24,24.0,25.0,
B,toronto,2026-06-07,20260607T230907-0400,24,24.0,25.0,
B,toronto,2026-06-08,20260608T000044-0400,17,17.0,,
B,toronto,2026-06-08,20260608T010227-0400,18,18.0,25.0,
B,toronto,2026-06-08,20260608T020358-0400,18,18.0,25.0,
B,toronto,2026-06-08,20260608T030543-0400,18,18.0,25.0,
B,toronto,2026-06-08,20260608T040705-0400,18,18.0,25.0,
B,toronto,2026-06-08,20260608T050846-0400,18,18.0,25.0,
B,toronto,2026-06-08,20260608T060023-0400,18,18.0,25.0,
B,toronto,2026-06-08,20260608T070214-0400,18,18.0,25.0,
B,toronto,2026-06-08,20260608T080349-0400,18,18.0,17.0,
B,toronto,2026-06-08,20260608T090542-0400,19,19.0,21.0,
B,toronto,2026-06-08,20260608T100710-0400,21,21.0,21.0,
B,toronto,2026-06-08,20260608T110922-0400,21,21.0,22.0,
B,toronto,2026-06-08,20260608T120102-0400,21,21.0,23.0,
B,toronto,2026-06-08,20260608T130258-0400,22,22.0,24.0,
B,toronto,2026-06-08,20260608T140506-0400,22,22.0,24.0,
B,toronto,2026-06-08,20260608T150707-0400,22,22.0,24.0,
B,toronto,2026-06-08,20260608T160951-0400,23,23.0,24.0,
B,toronto,2026-06-08,20260608T170057-0400,23,23.0,24.0,
B,toronto,2026-06-08,20260608T180439-0400,23,23.0,24.0,
B,toronto,2026-06-08,20260608T191521-0400,23,23.0,24.0,
B,toronto,2026-06-08,20260608T200641-0400,23,23.0,24.0,
B,toronto,2026-06-08,20260608T210807-0400,23,23.0,24.0,
B,toronto,2026-06-08,20260608T220941-0400,23,23.0,24.0,
B,toronto,2026-06-08,20260608T230126-0400,23,23.0,24.0,
B,toronto,2026-06-11,20260611T050059-0400,24,24.0,29.0,
B,toronto,2026-06-11,20260611T060952-0400,24,24.0,29.0,
B,toronto,2026-06-11,20260611T070042-0400,24,24.0,29.0,
B,toronto,2026-06-11,20260611T080358-0400,24,24.0,24.0,
B,toronto,2026-06-11,20260611T090559-0400,24,24.0,25.0,
B,toronto,2026-06-11,20260611T100744-0400,26,26.0,27.0,
B,toronto,2026-06-11,20260611T110311-0400,26,26.0,27.0,
B,toronto,2026-06-11,20260611T120521-0400,29,29.0,29.0,
B,toronto,2026-06-11,20260611T130707-0400,31,31.0,32.0,
B,toronto,2026-06-11,20260611T140943-0400,31,31.0,31.0,
B,toronto,2026-06-11,20260611T150125-0400,31,31.0,31.0,
B,toronto,2026-06-11,20260611T160404-0400,31,31.0,31.0,
B,toronto,2026-06-11,20260611T170615-0400,31,31.0,31.0,
B,toronto,2026-06-11,20260611T180812-0400,31,31.0,31.0,
B,toronto,2026-06-11,20260611T190951-0400,31,31.0,31.0,
B,toronto,2026-06-11,20260611T200208-0400,31,31.0,31.0,
B,toronto,2026-06-11,20260611T210540-0400,31,31.0,31.0,
B,toronto,2026-06-11,20260611T220724-0400,31,31.0,31.0,
B,toronto,2026-06-11,20260611T230957-0400,31,31.0,31.0,
B,toronto,2026-06-12,20260612T000125-0400,17,17.0,,
B,toronto,2026-06-12,20260612T010257-0400,23,23.0,31.0,
B,toronto,2026-06-12,20260612T020448-0400,24,24.0,31.0,
B,toronto,2026-06-12,20260612T030608-0400,24,24.0,31.0,
B,toronto,2026-06-12,20260612T040730-0400,24,24.0,31.0,
B,toronto,2026-06-12,20260612T050849-0400,24,24.0,31.0,
B,toronto,2026-06-12,20260612T060019-0400,24,24.0,31.0,
B,toronto,2026-06-12,20260612T070206-0400,24,24.0,31.0,
B,toronto,2026-06-12,20260612T080345-0400,24,24.0,24.0,
B,toronto,2026-06-12,20260612T090612-0400,24,24.0,25.0,
B,toronto,2026-06-12,20260612T100816-0400,24,24.0,25.0,
B,toronto,2026-06-12,20260612T111005-0400,24,24.0,25.0,
B,toronto,2026-06-12,20260612T120137-0400,25,25.0,26.0,
B,toronto,2026-06-12,20260612T130323-0400,26,26.0,27.0,
B,toronto,2026-06-12,20260612T140459-0400,26,26.0,27.0,
B,toronto,2026-06-12,20260612T150655-0400,26,26.0,27.0,
B,toronto,2026-06-12,20260612T160855-0400,26,26.0,27.0,
B,toronto,2026-06-12,20260612T171059-0400,26,26.0,27.0,
B,toronto,2026-06-12,20260612T180245-0400,26,26.0,27.0,
B,toronto,2026-06-12,20260612T190359-0400,26,26.0,27.0,
B,toronto,2026-06-12,20260612T200644-0400,26,26.0,27.0,
B,toronto,2026-06-12,20260612T210906-0400,26,26.0,27.0,
B,toronto,2026-06-12,20260612T220047-0400,26,26.0,27.0,
B,toronto,2026-06-12,20260612T230249-0400,26,26.0,27.0,
B,toronto,2026-06-13,20260613T000418-0400,19,19.0,27.0,
B,toronto,2026-06-13,20260613T010550-0400,19,19.0,27.0,
B,toronto,2026-06-13,20260613T020721-0400,19,19.0,27.0,
B,toronto,2026-06-13,20260613T030847-0400,19,19.0,27.0,
B,toronto,2026-06-13,20260613T041021-0400,19,19.0,27.0,
B,toronto,2026-06-13,20260613T050146-0400,19,19.0,27.0,
B,toronto,2026-06-13,20260613T060258-0400,19,19.0,27.0,
B,toronto,2026-06-13,20260613T070418-0400,19,19.0,18.0,
B,toronto,2026-06-13,20260613T080604-0400,19,19.0,21.0,
B,toronto,2026-06-13,20260613T090732-0400,21,21.0,23.0,
B,toronto,2026-06-13,20260613T100900-0400,23,23.0,25.0,
B,toronto,2026-06-13,20260613T110047-0400,23,23.0,26.0,
B,toronto,2026-06-13,20260613T120714-0400,27,27.0,28.0,
B,toronto,2026-06-13,20260613T130943-0400,27,27.0,28.0,
B,toronto,2026-06-13,20260613T140110-0400,28,28.0,28.0,
B,toronto,2026-06-13,20260613T150246-0400,28,28.0,29.0,
B,toronto,2026-06-13,20260613T160415-0400,29,29.0,30.0,
B,toronto,2026-06-13,20260613T170612-0400,29,29.0,30.0,
B,toronto,2026-06-13,20260613T180828-0400,29,29.0,30.0,
B,toronto,2026-06-13,20260613T190044-0400,29,29.0,30.0,
B,toronto,2026-06-13,20260613T200327-0400,29,29.0,30.0,
B,toronto,2026-06-13,20260613T210524-0400,29,29.0,30.0,
B,toronto,2026-06-13,20260613T220046-0400,29,29.0,30.0,
B,toronto,2026-06-13,20260613T230230-0400,29,29.0,30.0,
B,toronto,2026-06-14,20260614T000801-0400,24,24.0,30.0,
B,toronto,2026-06-14,20260614T010200-0400,24,24.0,30.0,
B,toronto,2026-06-14,20260614T020128-0400,24,24.0,30.0,
B,toronto,2026-06-14,20260614T030200-0400,24,24.0,30.0,
B,toronto,2026-06-14,20260614T040442-0400,24,24.0,30.0,
B,toronto,2026-06-14,20260614T050200-0400,24,24.0,30.0,
B,toronto,2026-06-14,20260614T060201-0400,24,24.0,30.0,
B,toronto,2026-06-14,20260614T070701-0400,24,24.0,17.0,
B,toronto,2026-06-14,20260614T080951-0400,24,24.0,18.0,
B,toronto,2026-06-14,20260614T090102-0400,24,24.0,18.0,
B,toronto,2026-06-14,20260614T100101-0400,24,24.0,18.0,
B,toronto,2026-06-14,20260614T110403-0400,24,24.0,19.0,
B,toronto,2026-06-14,20260614T120201-0400,24,24.0,19.0,
B,toronto,2026-06-14,20260614T130301-0400,24,24.0,19.0,
B,toronto,2026-06-14,20260614T140320-0400,24,24.0,19.0,
B,toronto,2026-06-14,20260614T151022-0400,24,24.0,19.0,
B,toronto,2026-06-14,20260614T160127-0400,24,24.0,19.0,
B,toronto,2026-06-14,20260614T171534-0400,24,24.0,19.0,
B,toronto,2026-06-14,20260614T180353-0400,24,24.0,19.0,
B,toronto,2026-06-14,20260614T190221-0400,24,24.0,19.0,
B,toronto,2026-06-14,20260614T200740-0400,24,24.0,19.0,
B,toronto,2026-06-14,20260614T210043-0400,24,24.0,19.0,
B,toronto,2026-06-14,20260614T220321-0400,24,24.0,19.0,
B,toronto,2026-06-14,20260614T230529-0400,24,24.0,19.0,
B,toronto,2026-06-15,20260615T000325-0400,17,17.0,,
B,toronto,2026-06-15,20260615T010121-0400,13,13.0,19.0,
B,toronto,2026-06-15,20260615T020921-0400,13,13.0,19.0,
B,toronto,2026-06-15,20260615T030121-0400,13,13.0,19.0,
B,toronto,2026-06-15,20260615T041529-0400,13,13.0,19.0,
B,toronto,2026-06-15,20260615T050227-0400,13,13.0,19.0,
B,toronto,2026-06-15,20260615T060026-0400,13,13.0,19.0,
B,toronto,2026-06-15,20260615T070221-0400,13,13.0,19.0,
B,toronto,2026-06-15,20260615T080330-0400,13,13.0,11.0,
B,toronto,2026-06-15,20260615T090221-0400,13,13.0,12.0,
B,toronto,2026-06-15,20260615T100221-0400,13,13.0,14.0,
B,toronto,2026-06-15,20260615T110057-0400,14,14.0,16.0,
B,toronto,2026-06-15,20260615T120057-0400,15,15.0,17.0,
B,toronto,2026-06-15,20260615T130357-0400,16,16.0,17.0,
B,toronto,2026-06-15,20260615T140257-0400,18,18.0,19.0,
B,toronto,2026-06-15,20260615T150533-0400,19,19.0,19.0,
B,toronto,2026-06-15,20260615T160506-0400,19,19.0,20.0,
B,toronto,2026-06-15,20260615T170509-0400,20,20.0,21.0,
B,toronto,2026-06-15,20260615T180649-0400,20,20.0,21.0,
B,toronto,2026-06-15,20260615T190524-0400,20,20.0,21.0,
B,toronto,2026-06-15,20260615T200912-0400,20,20.0,21.0,
B,toronto,2026-06-15,20260615T211133-0400,20,20.0,21.0,
B,toronto,2026-06-15,20260615T220512-0400,20,20.0,21.0,
B,toronto,2026-06-15,20260615T230849-0400,20,20.0,21.0,
B,toronto,2026-06-16,20260616T000238-0400,16,16.0,21.0,
B,toronto,2026-06-16,20260616T010503-0400,16,16.0,21.0,
B,toronto,2026-06-16,20260616T020207-0400,16,16.0,21.0,
B,toronto,2026-06-16,20260616T030604-0400,16,16.0,21.0,
B,toronto,2026-06-16,20260616T041509-0400,16,16.0,21.0,
B,toronto,2026-06-16,20260616T050503-0400,16,16.0,21.0,
B,toronto,2026-06-16,20260616T060107-0400,16,16.0,21.0,
B,toronto,2026-06-16,20260616T070209-0400,16,16.0,14.0,
B,toronto,2026-06-16,20260616T080409-0400,16,16.0,17.0,
B,toronto,2026-06-16,20260616T090437-0400,17,17.0,19.0,
B,toronto,2026-06-16,20260616T100226-0400,19,19.0,21.0,
B,toronto,2026-06-16,20260616T110109-0400,19,19.0,22.0,
B,toronto,2026-06-16,20260616T121504-0400,21,21.0,22.0,
B,toronto,2026-06-16,20260616T130505-0400,22,22.0,23.0,
B,toronto,2026-06-16,20260616T140505-0400,24,24.0,24.0,
B,toronto,2026-06-16,20260616T151502-0400,24,24.0,24.0,
B,toronto,2026-06-16,20260616T160406-0400,24,24.0,24.0,
B,toronto,2026-06-16,20260616T170502-0400,24,24.0,24.0,
B,toronto,2026-06-16,20260616T180237-0400,24,24.0,24.0,
B,toronto,2026-06-16,20260616T190232-0400,24,24.0,24.0,
B,toronto,2026-06-16,20260616T200340-0400,24,24.0,24.0,
B,toronto,2026-06-16,20260616T210119-0400,24,24.0,24.0,
B,toronto,2026-06-16,20260616T220831-0400,24,24.0,24.0,
B,toronto,2026-06-16,20260616T230228-0400,24,24.0,24.0,
B,toronto,2026-06-17,20260617T000228-0400,17,17.0,,
B,toronto,2026-06-17,20260617T010427-0400,15,15.0,24.0,
B,toronto,2026-06-17,20260617T020127-0400,15,15.0,24.0,
B,toronto,2026-06-17,20260617T031228-0400,15,15.0,24.0,
B,toronto,2026-06-17,20260617T040228-0400,15,15.0,24.0,
B,toronto,2026-06-17,20260617T050228-0400,15,15.0,24.0,
B,toronto,2026-06-17,20260617T060228-0400,15,15.0,24.0,
B,toronto,2026-06-17,20260617T070528-0400,15,15.0,14.0,
B,toronto,2026-06-17,20260617T080229-0400,15,15.0,16.0,
B,toronto,2026-06-17,20260617T090528-0400,16,16.0,18.0,
B,toronto,2026-06-17,20260617T100129-0400,16,16.0,18.0,
B,toronto,2026-06-17,20260617T110130-0400,16,16.0,19.0,
B,toronto,2026-06-17,20260617T120929-0400,20,20.0,22.0,
B,toronto,2026-06-17,20260617T130228-0400,21,21.0,22.0,
B,toronto,2026-06-17,20260617T143731-0400,21,21.0,23.0,
B,toronto,2026-06-17,20260617T150234-0400,21,21.0,23.0,
B,toronto,2026-06-17,20260617T160238-0400,22,22.0,23.0,
B,toronto,2026-06-17,20260617T171228-0400,22,22.0,23.0,
B,toronto,2026-06-17,20260617T181228-0400,22,22.0,23.0,
B,toronto,2026-06-17,20260617T190232-0400,22,22.0,23.0,
B,toronto,2026-06-17,20260617T201234-0400,22,22.0,23.0,
B,toronto,2026-06-17,20260617T211229-0400,22,22.0,23.0,
B,toronto,2026-06-17,20260617T220228-0400,22,22.0,23.0,
B,toronto,2026-06-17,20260617T230729-0400,22,22.0,23.0,
B,toronto,2026-06-19,20260619T000838-0400,16,16.0,,
B,toronto,2026-06-19,20260619T011228-0400,16,16.0,22.0,
B,toronto,2026-06-19,20260619T020228-0400,16,16.0,22.0,
B,toronto,2026-06-19,20260619T030724-0400,16,16.0,22.0,
B,toronto,2026-06-19,20260619T040127-0400,16,16.0,22.0,
B,toronto,2026-06-19,20260619T050129-0400,16,16.0,22.0,
B,toronto,2026-06-19,20260619T060228-0400,16,16.0,22.0,
B,toronto,2026-06-19,20260619T070232-0400,16,16.0,22.0,
B,toronto,2026-06-19,20260619T080057-0400,16,16.0,18.0,
B,toronto,2026-06-19,20260619T090139-0400,17,17.0,18.0,
B,toronto,2026-06-19,20260619T100240-0400,19,19.0,20.0,
B,toronto,2026-06-19,20260619T110230-0400,20,20.0,21.0,
B,toronto,2026-06-19,20260619T120229-0400,20,20.0,22.0,
B,toronto,2026-06-19,20260619T130204-0400,22,22.0,22.0,
B,toronto,2026-06-19,20260619T140236-0400,22,22.0,23.0,
B,toronto,2026-06-19,20260619T150230-0400,22,22.0,23.0,
B,toronto,2026-06-19,20260619T160315-0400,22,22.0,23.0,
B,toronto,2026-06-19,20260619T170228-0400,22,22.0,23.0,
B,toronto,2026-06-19,20260619T180231-0400,22,22.0,23.0,
B,toronto,2026-06-19,20260619T190004-0400,22,22.0,23.0,
B,toronto,2026-06-19,20260619T201446-0400,22,22.0,23.0,
B,toronto,2026-06-19,20260619T210248-0400,22,22.0,23.0,
B,toronto,2026-06-19,20260619T220647-0400,22,22.0,23.0,
B,toronto,2026-06-19,20260619T230030-0400,22,22.0,23.0,
B,toronto,2026-06-20,20260620T000536-0400,17,17.0,,
B,toronto,2026-06-20,20260620T010138-0400,16,16.0,23.0,
B,toronto,2026-06-20,20260620T020337-0400,16,16.0,23.0,
B,toronto,2026-06-20,20260620T030238-0400,16,16.0,23.0,
B,toronto,2026-06-20,20260620T040138-0400,16,16.0,23.0,
B,toronto,2026-06-20,20260620T050239-0400,16,16.0,23.0,
B,toronto,2026-06-20,20260620T060238-0400,16,16.0,23.0,
B,toronto,2026-06-20,20260620T070238-0400,16,16.0,23.0,
B,toronto,2026-06-20,20260620T080138-0400,16,16.0,16.0,
B,toronto,2026-06-20,20260620T090535-0400,18,18.0,20.0,
B,toronto,2026-06-20,20260620T100225-0400,18,18.0,19.0,
B,toronto,2026-06-20,20260620T110021-0400,18,18.0,22.0,
B,toronto,2026-06-20,20260620T121016-0400,21,21.0,23.0,
B,toronto,2026-06-20,20260620T130217-0400,21,21.0,23.0,
B,toronto,2026-06-20,20260620T140117-0400,22,22.0,23.0,
B,toronto,2026-06-20,20260620T150020-0400,23,23.0,24.0,
B,toronto,2026-06-20,20260620T160633-0400,23,23.0,24.0,
B,toronto,2026-06-20,20260620T170028-0400,23,23.0,24.0,
B,toronto,2026-06-20,20260620T180030-0400,23,23.0,24.0,
B,toronto,2026-06-20,20260620T190202-0400,23,23.0,24.0,
B,toronto,2026-06-20,20260620T200028-0400,23,23.0,24.0,
B,toronto,2026-06-20,20260620T210027-0400,23,23.0,24.0,
B,toronto,2026-06-20,20260620T220703-0400,23,23.0,24.0,
B,toronto,2026-06-20,20260620T230802-0400,23,23.0,24.0,
B,toronto,2026-06-21,20260621T000031-0400,17,17.0,,
B,toronto,2026-06-21,20260621T010301-0400,17,17.0,24.0,
B,toronto,2026-06-21,20260621T020002-0400,17,17.0,24.0,
B,toronto,2026-06-21,20260621T030424-0400,17,17.0,24.0,
B,toronto,2026-06-21,20260621T040219-0400,17,17.0,24.0,
B,toronto,2026-06-21,20260621T050014-0400,17,17.0,24.0,
B,toronto,2026-06-21,20260621T060015-0400,17,17.0,24.0,
B,toronto,2026-06-21,20260621T070023-0400,17,17.0,24.0,
B,toronto,2026-06-21,20260621T080016-0400,17,17.0,17.0,
B,toronto,2026-06-21,20260621T090015-0400,17,17.0,19.0,
B,toronto,2026-06-21,20260621T100149-0400,19,19.0,21.0,
B,toronto,2026-06-21,20260621T110159-0400,21,21.0,22.0,
B,toronto,2026-06-21,20260621T120319-0400,21,21.0,23.0,
B,toronto,2026-06-21,20260621T130220-0400,22,22.0,24.0,
B,toronto,2026-06-21,20260621T140218-0400,23,23.0,24.0,
B,toronto,2026-06-21,20260621T150014-0400,23,23.0,24.0,
B,toronto,2026-06-21,20260621T160020-0400,23,23.0,24.0,
B,toronto,2026-06-21,20260621T170015-0400,23,23.0,25.0,
B,toronto,2026-06-21,20260621T180015-0400,23,23.0,25.0,
B,toronto,2026-06-21,20260621T190019-0400,24,24.0,25.0,
B,toronto,2026-06-21,20260621T200019-0400,24,24.0,25.0,
B,toronto,2026-06-21,20260621T210020-0400,24,24.0,25.0,
B,toronto,2026-06-21,20260621T222916-0400,24,24.0,25.0,
B,toronto,2026-06-21,20260621T230634-0400,24,24.0,25.0,
B,toronto,2026-06-22,20260622T000056-0400,,,,
B,toronto,2026-06-22,20260622T010024-0400,19,19.0,25.0,
B,toronto,2026-06-22,20260622T020019-0400,19,19.0,25.0,
B,toronto,2026-06-22,20260622T030020-0400,19,19.0,25.0,
B,toronto,2026-06-22,20260622T040016-0400,19,19.0,25.0,
B,toronto,2026-06-22,20260622T050218-0400,19,19.0,25.0,
B,toronto,2026-06-22,20260622T060119-0400,19,19.0,25.0,
B,toronto,2026-06-22,20260622T070019-0400,19,19.0,25.0,
B,toronto,2026-06-22,20260622T081019-0400,19,19.0,17.0,
B,toronto,2026-06-22,20260622T090019-0400,19,19.0,17.0,
B,toronto,2026-06-22,20260622T100023-0400,19,19.0,17.0,
B,toronto,2026-06-22,20260622T110029-0400,19,19.0,17.0,
B,toronto,2026-06-22,20260622T120229-0400,19,19.0,17.0,
B,toronto,2026-06-22,20260622T130415-0400,19,19.0,19.0,
B,toronto,2026-06-22,20260622T141016-0400,19,19.0,19.0,
B,toronto,2026-06-22,20260622T151438-0400,19,19.0,19.0,
B,toronto,2026-06-22,20260622T160824-0400,19,19.0,19.0,
B,toronto,2026-06-22,20260622T170745-0400,19,19.0,20.0,
B,toronto,2026-06-22,20260622T180008-0400,19,19.0,20.0,
B,toronto,2026-06-22,20260622T190319-0400,19,19.0,20.0,
B,toronto,2026-06-22,20260622T200439-0400,19,19.0,20.0,
B,toronto,2026-06-22,20260622T210433-0400,19,19.0,20.0,
B,toronto,2026-06-22,20260622T220621-0400,19,19.0,20.0,
B,toronto,2026-06-22,20260622T230634-0400,19,19.0,20.0,
B,toronto,2026-06-26,20260626T000645-0400,,,,
B,toronto,2026-06-26,20260626T010909-0400,16,16.0,19.0,
B,toronto,2026-06-26,20260626T020914-0400,16,16.0,19.0,
B,toronto,2026-06-26,20260626T030912-0400,16,16.0,19.0,
B,toronto,2026-06-26,20260626T041911-0400,16,16.0,19.0,
B,toronto,2026-06-26,20260626T050910-0400,16,16.0,19.0,
B,toronto,2026-06-26,20260626T060911-0400,16,16.0,19.0,
B,toronto,2026-06-26,20260626T070026-0400,16,16.0,19.0,
B,toronto,2026-06-26,20260626T080324-0400,17,17.0,18.0,
B,toronto,2026-06-26,20260626T090324-0400,18,18.0,18.0,
B,toronto,2026-06-26,20260626T100049-0400,18,18.0,20.0,
B,toronto,2026-06-26,20260626T110245-0400,19,19.0,19.0,
B,toronto,2026-06-26,20260626T121127-0400,20,20.0,21.0,
B,toronto,2026-06-26,20260626T130253-0400,20,20.0,22.0,
B,toronto,2026-06-26,20260626T140138-0400,21,21.0,23.0,
B,toronto,2026-06-26,20260626T150154-0400,22,22.0,23.0,
B,toronto,2026-06-26,20260626T160154-0400,23,23.0,24.0,
B,toronto,2026-06-26,20260626T170214-0400,24,24.0,24.0,
B,toronto,2026-06-26,20260626T180157-0400,24,24.0,24.0,
B,toronto,2026-06-26,20260626T191612-0400,24,24.0,24.0,
B,toronto,2026-06-26,20260626T200612-0400,24,24.0,24.0,
B,toronto,2026-06-26,20260626T210224-0400,24,24.0,24.0,
B,toronto,2026-06-26,20260626T220618-0400,24,24.0,24.0,
B,toronto,2026-06-26,20260626T230612-0400,24,24.0,24.0,
B,toronto,2026-06-28,20260628T000218-0400,,,,
B,toronto,2026-06-28,20260628T010214-0400,,,,
B,toronto,2026-06-28,20260628T020225-0400,,,,
B,toronto,2026-06-28,20260628T030214-0400,,,,
B,toronto,2026-06-28,20260628T040222-0400,,,,
B,toronto,2026-06-28,20260628T050215-0400,,,,
B,toronto,2026-06-28,20260628T060214-0400,,,,
B,toronto,2026-06-28,20260628T070215-0400,,,,
B,toronto,2026-06-28,20260628T080215-0400,,,,
B,toronto,2026-06-28,20260628T090214-0400,,,,
B,toronto,2026-06-28,20260628T101216-0400,,,,
B,toronto,2026-06-28,20260628T110203-0400,,,,
B,toronto,2026-06-28,20260628T120128-0400,,,,
B,toronto,2026-06-28,20260628T130215-0400,,,,
B,toronto,2026-06-28,20260628T140215-0400,,,,
B,toronto,2026-06-28,20260628T150128-0400,,,,
B,toronto,2026-06-28,20260628T160215-0400,,,,
B,toronto,2026-06-28,20260628T170216-0400,,,,
B,toronto,2026-06-28,20260628T180215-0400,,,,
B,toronto,2026-06-28,20260628T190219-0400,,,,
B,toronto,2026-06-28,20260628T200231-0400,,,,
B,toronto,2026-06-28,20260628T210443-0400,,,,
B,toronto,2026-06-29,20260629T104201-0400,,,,
B,toronto,2026-06-29,20260629T110054-0400,,,,
B,toronto,2026-06-29,20260629T121056-0400,,,,
B,toronto,2026-06-29,20260629T131400-0400,,,,
B,toronto,2026-06-29,20260629T140508-0400,,,,
B,toronto,2026-06-29,20260629T150406-0400,,,,
B,toronto,2026-06-29,20260629T160748-0400,,,,
B,toronto,2026-06-29,20260629T170212-0400,,,,
B,toronto,2026-06-29,20260629T180648-0400,,,,
B,toronto,2026-06-29,20260629T190740-0400,,,,
B,toronto,2026-06-29,20260629T200443-0400,,,,
B,toronto,2026-06-29,20260629T210256-0400,,,,
B,toronto,2026-06-29,20260629T220229-0400,,,,
B,toronto,2026-06-29,20260629T230830-0400,,,,
B,toronto,2026-06-30,20260630T000239-0400,,,,
B,toronto,2026-06-30,20260630T010602-0400,,,,
B,toronto,2026-06-30,20260630T020034-0400,,,,
B,toronto,2026-06-30,20260630T030156-0400,,,,
B,toronto,2026-06-30,20260630T040807-0400,,,,
B,toronto,2026-06-30,20260630T050233-0400,,,,
B,toronto,2026-06-30,20260630T060154-0400,,,,
B,toronto,2026-06-30,20260630T070020-0400,,,,
B,toronto,2026-06-30,20260630T080154-0400,,,,
B,toronto,2026-06-30,20260630T090131-0400,,,,
B,toronto,2026-06-30,20260630T102225-0400,,,,
B,toronto,2026-06-30,20260630T110821-0400,,,,
B,toronto,2026-06-30,20260630T120924-0400,,,,
B,toronto,2026-06-30,20260630T130145-0400,,,,
B,toronto,2026-06-30,20260630T140201-0400,,,,
B,toronto,2026-06-30,20260630T150301-0400,,,,
B,toronto,2026-06-30,20260630T160021-0400,,,,
B,toronto,2026-06-30,20260630T170357-0400,,,,
B,toronto,2026-06-30,20260630T180738-0400,,,,
B,toronto,2026-06-30,20260630T190155-0400,,,,
B,toronto,2026-06-30,20260630T200209-0400,,,,
B,toronto,2026-06-30,20260630T210548-0400,,,,
B,toronto,2026-06-30,20260630T220020-0400,,,,
B,toronto,2026-06-30,20260630T230418-0400,,,,
C,atlanta,2026-07-01,20260701T000039-0400,,,,
C,atlanta,2026-07-01,20260701T010405-0400,,,,
C,atlanta,2026-07-01,20260701T020733-0400,,,,
C,atlanta,2026-07-01,20260701T030218-0400,,,,
C,atlanta,2026-07-01,20260701T040547-0400,,,,
C,atlanta,2026-07-01,20260701T050008-0400,,,,
C,atlanta,2026-07-01,20260701T060339-0400,,,,
C,atlanta,2026-07-01,20260701T070705-0400,,,,
C,atlanta,2026-07-01,20260701T080139-0400,,,,
C,atlanta,2026-07-01,20260701T090508-0400,,,,
C,atlanta,2026-07-01,20260701T100555-0400,,,,
C,atlanta,2026-07-01,20260701T110627-0400,,,,
C,atlanta,2026-07-01,20260701T121207-0400,,,,
C,atlanta,2026-07-01,20260701T131058-0400,,,,
C,atlanta,2026-07-01,20260701T140544-0400,,,,
C,atlanta,2026-07-01,20260701T150028-0400,,,,
C,atlanta,2026-07-01,20260701T160650-0400,,,,
C,atlanta,2026-07-01,20260701T170452-0400,,,,
C,atlanta,2026-07-01,20260701T180828-0400,,,,
C,atlanta,2026-07-01,20260701T190155-0400,,,,
C,atlanta,2026-07-01,20260701T200600-0400,,,,
C,atlanta,2026-07-01,20260701T210041-0400,,,,
C,atlanta,2026-07-01,20260701T220443-0400,,,,
C,atlanta,2026-07-01,20260701T230839-0400,,,,
C,atlanta,2026-07-02,20260702T000111-0400,,,,
C,atlanta,2026-07-02,20260702T010441-0400,,,,
C,atlanta,2026-07-02,20260702T020814-0400,,,,
C,atlanta,2026-07-02,20260702T030249-0400,,,,
C,atlanta,2026-07-02,20260702T040625-0400,,,,
C,atlanta,2026-07-02,20260702T050048-0400,,,,
C,atlanta,2026-07-02,20260702T060414-0400,,,,
C,atlanta,2026-07-02,20260702T070745-0400,,,,
C,atlanta,2026-07-02,20260702T080213-0400,,,,
C,atlanta,2026-07-02,20260702T090545-0400,,,,
C,atlanta,2026-07-02,20260702T100228-0400,,,,
C,atlanta,2026-07-02,20260702T110322-0400,,,,
C,atlanta,2026-07-02,20260702T120026-0400,,,,
C,atlanta,2026-07-02,20260702T130407-0400,,,,
C,atlanta,2026-07-02,20260702T140756-0400,,,,
C,atlanta,2026-07-02,20260702T150243-0400,,,,
C,atlanta,2026-07-02,20260702T160620-0400,,,,
C,atlanta,2026-07-02,20260702T170042-0400,,,,
C,atlanta,2026-07-02,20260702T181436-0400,98,98.06,,98.06
C,atlanta,2026-07-02,20260702T190019-0400,98,98.06,,98.06
C,atlanta,2026-07-02,20260702T200412-0400,98,98.06,,98.06
C,atlanta,2026-07-02,20260702T210804-0400,98,98.06,,98.06
C,atlanta,2026-07-02,20260702T220551-0400,98,98.06,,98.06
C,atlanta,2026-07-02,20260702T230040-0400,98,98.06,,98.06
C,atlanta,2026-07-03,20260703T000142-0400,84,84.02,,
C,atlanta,2026-07-03,20260703T011621-0400,84,84.02,,
C,atlanta,2026-07-03,20260703T020716-0400,83,82.94,,
C,atlanta,2026-07-03,20260703T030056-0400,82,82.04,,
C,atlanta,2026-07-03,20260703T040434-0400,81,80.96,,
C,atlanta,2026-07-03,20260703T050802-0400,80,80.06,,
C,atlanta,2026-07-03,20260703T060223-0400,80,80.06,,
C,atlanta,2026-07-03,20260703T070554-0400,80,80.06,,80.06
C,atlanta,2026-07-03,20260703T080031-0400,82,82.04,,82.04
C,atlanta,2026-07-03,20260703T090410-0400,86,86.0,,86.0
C,atlanta,2026-07-03,20260703T100418-0400,88,87.98,,87.98
C,atlanta,2026-07-03,20260703T110719-0400,90,89.96000000000001,,89.96000000000001
C,atlanta,2026-07-03,20260703T120156-0400,93,93.02,,93.02
C,atlanta,2026-07-03,20260703T131210-0400,93,93.02,,93.02
C,atlanta,2026-07-03,20260703T140354-0400,93,93.02,,93.02
C,atlanta,2026-07-03,20260703T152826-0400,93,93.02,,93.02
C,atlanta,2026-07-03,20260703T160916-0400,93,93.02,,93.02
C,atlanta,2026-07-03,20260703T170307-0400,93,93.02,,93.02
C,atlanta,2026-07-03,20260703T182659-0400,93,93.02,,93.02
C,atlanta,2026-07-03,20260703T190323-0400,93,93.02,,93.02
C,atlanta,2026-07-03,20260703T204434541684-0400,93,93.02,,93.02
C,atlanta,2026-07-03,20260703T211225103743-0400,93,93.02,,93.02
C,atlanta,2026-07-03,20260703T223010335735-0400,93,93.02,,93.02
C,atlanta,2026-07-03,20260703T231527955213-0400,93,93.02,,93.02
C,atlanta,2026-07-05,20260705T000052812248-0400,82,82.04,,
C,atlanta,2026-07-05,20260705T010450750157-0400,82,82.04,,
C,atlanta,2026-07-05,20260705T020823623335-0400,79,78.98,,
C,atlanta,2026-07-05,20260705T030250193995-0400,76,75.92,,
C,atlanta,2026-07-05,20260705T040625027889-0400,76,75.92,,
C,atlanta,2026-07-05,20260705T050046755303-0400,75,75.02,,
C,atlanta,2026-07-05,20260705T060409585649-0400,75,75.02,,
C,atlanta,2026-07-05,20260705T070745000656-0400,77,77.0,,77.0
C,atlanta,2026-07-05,20260705T080210863288-0400,78,78.08,,78.08
C,atlanta,2026-07-05,20260705T090546147105-0400,82,82.04,,82.04
C,atlanta,2026-07-05,20260705T101135471886-0400,87,87.08000000000001,,87.08000000000001
C,atlanta,2026-07-05,20260705T110646317825-0400,89,89.06,,89.06
C,atlanta,2026-07-05,20260705T120903629957-0400,90,89.96000000000001,,89.96000000000001
C,atlanta,2026-07-05,20260705T130329318979-0400,91,91.03999999999999,,91.03999999999999
C,atlanta,2026-07-05,20260705T140029921655-0400,90,89.96000000000001,,89.96000000000001
C,atlanta,2026-07-05,20260705T150139551421-0400,93,93.02,,93.02
C,atlanta,2026-07-05,20260705T160515384320-0400,93,93.02,,93.02
C,atlanta,2026-07-05,20260705T170854493253-0400,93,93.02,,93.02
C,atlanta,2026-07-05,20260705T180743113796-0400,93,93.02,,93.02
C,atlanta,2026-07-05,20260705T190615073696-0400,93,93.02,,93.02
C,atlanta,2026-07-05,20260705T202704544107-0400,93,93.02,,93.02
C,atlanta,2026-07-05,20260705T210327479383-0400,93,93.02,,93.02
C,atlanta,2026-07-05,20260705T221145281875-0400,93,93.02,,93.02
C,atlanta,2026-07-05,20260705T230409787065-0400,93,93.02,,93.02
C,atlanta,2026-07-07,20260707T001517109010-0400,77,77.0,,
C,atlanta,2026-07-07,20260707T010518419811-0400,77,77.0,,
C,atlanta,2026-07-07,20260707T020114312135-0400,75,75.02,,
C,atlanta,2026-07-07,20260707T030836318172-0400,75,75.02,,
C,atlanta,2026-07-07,20260707T040310998233-0400,73,73.04,,
C,atlanta,2026-07-07,20260707T050650043938-0400,73,73.04,,
C,atlanta,2026-07-07,20260707T060110270913-0400,72,71.96,,
C,atlanta,2026-07-07,20260707T070436493431-0400,72,71.96,,71.96
C,atlanta,2026-07-07,20260707T080808879493-0400,74,73.94,,73.94
C,atlanta,2026-07-07,20260707T090243168961-0400,78,78.08,,78.08
C,atlanta,2026-07-07,20260707T100133822016-0400,81,80.96,,80.96
C,atlanta,2026-07-07,20260707T111010331714-0400,85,84.91999999999999,,84.91999999999999
C,atlanta,2026-07-07,20260707T120813802576-0400,86,86.0,,86.0
C,atlanta,2026-07-07,20260707T130403790603-0400,89,89.06,,89.06
C,atlanta,2026-07-07,20260707T141023952315-0400,91,91.03999999999999,,91.03999999999999
C,atlanta,2026-07-07,20260707T150138072523-0400,91,91.03999999999999,,91.03999999999999
C,atlanta,2026-07-07,20260707T161114859386-0400,92,91.94,,91.94
C,atlanta,2026-07-07,20260707T170942093046-0400,92,91.94,,91.94
C,atlanta,2026-07-07,20260707T180042582494-0400,92,91.94,,91.94
C,atlanta,2026-07-07,20260707T190416264811-0400,92,91.94,,91.94
C,atlanta,2026-07-07,20260707T200748556334-0400,92,91.94,,91.94
C,atlanta,2026-07-07,20260707T210234054077-0400,92,91.94,,91.94
C,atlanta,2026-07-07,20260707T220616493671-0400,92,91.94,,91.94
C,atlanta,2026-07-07,20260707T230059687469-0400,92,91.94,,91.94
C,atlanta,2026-07-08,20260708T000051885643-0400,79,78.98,,
C,atlanta,2026-07-08,20260708T010519863072-0400,77,77.0,,
C,atlanta,2026-07-08,20260708T020852893129-0400,77,77.0,,
C,atlanta,2026-07-08,20260708T030320618067-0400,76,75.92,,
C,atlanta,2026-07-08,20260708T040651070736-0400,75,75.02,,
C,atlanta,2026-07-08,20260708T050113751617-0400,74,73.94,,
C,atlanta,2026-07-08,20260708T060444849283-0400,74,73.94,,
C,atlanta,2026-07-08,20260708T070815742255-0400,73,73.04,,73.04
C,atlanta,2026-07-08,20260708T080248732475-0400,76,75.92,,75.92
C,atlanta,2026-07-08,20260708T090634933453-0400,,,,
C,atlanta,2026-07-08,20260708T100835003123-0400,83,82.94,,82.94
C,atlanta,2026-07-08,20260708T110309777338-0400,85,84.91999999999999,,84.91999999999999
C,atlanta,2026-07-08,20260708T120402326745-0400,88,87.98,,87.98
C,atlanta,2026-07-08,20260708T130342216724-0400,89,89.06,,89.06
C,atlanta,2026-07-08,20260708T141242055811-0400,,,,
C,atlanta,2026-07-08,20260708T150902088155-0400,93,93.02,,93.02
C,atlanta,2026-07-08,20260708T160037933048-0400,93,93.02,,93.02
C,atlanta,2026-07-08,20260708T171343663221-0400,93,93.02,,93.02
C,atlanta,2026-07-08,20260708T180829647753-0400,93,93.02,,93.02
C,atlanta,2026-07-08,20260708T190243771645-0400,93,93.02,,93.02
C,atlanta,2026-07-08,20260708T200014935541-0400,93,93.02,,93.02
C,atlanta,2026-07-08,20260708T210732164985-0400,93,93.02,,93.02
C,atlanta,2026-07-08,20260708T220049234331-0400,93,93.02,,93.02
C,atlanta,2026-07-08,20260708T230445418263-0400,93,93.02,,93.02
C,atlanta,2026-07-09,20260709T000011093767-0400,81,80.96,,
C,atlanta,2026-07-09,20260709T010341725394-0400,80,80.06,,
C,atlanta,2026-07-09,20260709T020713148269-0400,80,80.06,,
C,atlanta,2026-07-09,20260709T030154992779-0400,79,78.98,,
C,atlanta,2026-07-09,20260709T040528739860-0400,78,78.08,,
C,atlanta,2026-07-09,20260709T050853494157-0400,78,78.08,,
C,atlanta,2026-07-09,20260709T060317907903-0400,76,75.92,,
C,atlanta,2026-07-09,20260709T070657104941-0400,76,75.92,,75.92
C,atlanta,2026-07-09,20260709T080123584989-0400,79,78.98,,78.98
C,atlanta,2026-07-09,20260709T090008191577-0400,82,82.04,,82.04
C,atlanta,2026-07-09,20260709T100532543238-0400,85,84.91999999999999,,84.91999999999999
C,atlanta,2026-07-09,20260709T111026187785-0400,88,87.98,,87.98
C,atlanta,2026-07-09,20260709T120036426618-0400,90,89.96000000000001,,89.96000000000001
C,atlanta,2026-07-09,20260709T130058792356-0400,90,89.96000000000001,,89.96000000000001
C,atlanta,2026-07-09,20260709T141647605621-0400,93,93.02,,93.02
C,atlanta,2026-07-09,20260709T150739022997-0400,95,95.0,,95.0
C,atlanta,2026-07-09,20260709T160806135228-0400,95,95.0,,95.0
C,atlanta,2026-07-09,20260709T170437544184-0400,95,95.0,,95.0
C,atlanta,2026-07-09,20260709T180645042702-0400,95,95.0,,95.0
C,atlanta,2026-07-09,20260709T191306374138-0400,95,95.0,,95.0
C,atlanta,2026-07-09,20260709T200403078585-0400,95,95.0,,95.0
C,atlanta,2026-07-09,20260709T213140569548-0400,95,95.0,,95.0
C,atlanta,2026-07-09,20260709T220558225247-0400,95,95.0,,95.0
C,atlanta,2026-07-09,20260709T230624453938-0400,95,95.0,,95.0
C,atlanta,2026-07-10,20260710T000228882522-0400,78,78.08,,
C,atlanta,2026-07-10,20260710T010627651989-0400,78,78.08,,
C,atlanta,2026-07-10,20260710T021134559428-0400,77,77.0,,
C,atlanta,2026-07-10,20260710T030805911318-0400,76,75.92,,
C,atlanta,2026-07-10,20260710T040232147368-0400,75,75.02,,
C,atlanta,2026-07-10,20260710T050900434296-0400,74,73.94,,
C,atlanta,2026-07-10,20260710T060703233558-0400,75,75.02,,
C,atlanta,2026-07-10,20260710T070140450873-0400,74,73.94,,73.94
C,atlanta,2026-07-10,20260710T080504050578-0400,78,78.08,,78.08
C,atlanta,2026-07-10,20260710T090841136933-0400,80,80.06,,80.06
C,atlanta,2026-07-10,20260710T103059844587-0400,84,84.02,,84.02
C,atlanta,2026-07-10,20260710T110620629242-0400,87,87.08000000000001,,87.08000000000001
C,atlanta,2026-07-10,20260710T120031887849-0400,90,89.96000000000001,,89.96000000000001
C,atlanta,2026-07-10,20260710T130058353853-0400,91,91.03999999999999,,91.03999999999999
C,atlanta,2026-07-10,20260710T140107933221-0400,92,91.94,,91.94
C,atlanta,2026-07-10,20260710T151456713287-0400,92,91.94,,91.94
C,atlanta,2026-07-10,20260710T160149653888-0400,92,91.94,,91.94
C,atlanta,2026-07-10,20260710T170106769680-0400,92,91.94,,91.94
C,atlanta,2026-07-10,20260710T181507363691-0400,92,91.94,,91.94
C,atlanta,2026-07-10,20260710T190357807527-0400,92,91.94,,91.94
C,atlanta,2026-07-10,20260710T200854903614-0400,92,91.94,,91.94
C,atlanta,2026-07-10,20260710T210035911243-0400,92,91.94,,91.94
C,atlanta,2026-07-10,20260710T223042526653-0400,92,91.94,,91.94
C,atlanta,2026-07-10,20260710T230739233580-0400,92,91.94,,91.94
C,atlanta,2026-07-11,20260711T000013212275-0400,79,78.98,,
C,atlanta,2026-07-11,20260711T010346342978-0400,79,78.98,,
C,atlanta,2026-07-11,20260711T020455742423-0400,78,78.08,,
C,atlanta,2026-07-11,20260711T031931452671-0400,78,78.08,,
C,atlanta,2026-07-11,20260711T044047028683-0400,77,77.0,,
C,atlanta,2026-07-11,20260711T050054849140-0400,76,75.92,,
C,atlanta,2026-07-11,20260711T060429849904-0400,75,75.02,,
C,atlanta,2026-07-11,20260711T070756084918-0400,75,75.02,,75.02
C,atlanta,2026-07-11,20260711T080246847378-0400,76,75.92,,75.92
C,atlanta,2026-07-11,20260711T090639694412-0400,80,80.06,,80.06
C,atlanta,2026-07-11,20260711T103808276951-0400,83,82.94,,82.94
C,atlanta,2026-07-11,20260711T111159932024-0400,86,86.0,,86.0
C,atlanta,2026-07-11,20260711T120526425934-0400,87,87.08000000000001,,87.08000000000001
C,atlanta,2026-07-11,20260711T130515355735-0400,90,89.96000000000001,,89.96000000000001
C,atlanta,2026-07-11,20260711T140651197420-0400,91,91.03999999999999,,91.03999999999999
C,atlanta,2026-07-11,20260711T150736111848-0400,92,91.94,,91.94
C,atlanta,2026-07-11,20260711T160458950690-0400,94,93.91999999999999,,93.91999999999999
C,atlanta,2026-07-11,20260711T170113765661-0400,94,93.91999999999999,,93.91999999999999
C,atlanta,2026-07-11,20260711T180819740129-0400,94,93.91999999999999,,93.91999999999999
C,atlanta,2026-07-11,20260711T190505197568-0400,94,93.91999999999999,,93.91999999999999
C,atlanta,2026-07-11,20260711T200819519797-0400,94,93.91999999999999,,93.91999999999999
C,atlanta,2026-07-11,20260711T211338923244-0400,94,93.91999999999999,,93.91999999999999
C,atlanta,2026-07-11,20260711T221647441624-0400,94,93.91999999999999,,93.91999999999999
C,atlanta,2026-07-14,20260714T000040565098-0400,75,75.02,,
C,atlanta,2026-07-14,20260714T010721004483-0400,75,75.02,,
C,atlanta,2026-07-14,20260714T020405877078-0400,74,73.94,,
C,atlanta,2026-07-14,20260714T030111538878-0400,73,73.04,,
C,atlanta,2026-07-14,20260714T040508191721-0400,73,73.04,,
C,atlanta,2026-07-14,20260714T050849235993-0400,73,73.04,,
C,atlanta,2026-07-14,20260714T060320259578-0400,73,73.04,,
C,atlanta,2026-07-14,20260714T070659595423-0400,72,71.96,,71.96
C,atlanta,2026-07-14,20260714T080149991499-0400,73,73.04,,73.04
C,atlanta,2026-07-14,20260714T090827121909-0400,73,73.04,,73.04
C,atlanta,2026-07-14,20260714T100536341208-0400,76,75.92,,75.92
C,atlanta,2026-07-14,20260714T110824319115-0400,78,78.08,,78.08
C,atlanta,2026-07-14,20260714T120402032058-0400,80,80.06,,80.06
C,atlanta,2026-07-14,20260714T130029632549-0400,82,82.04,,82.04
C,atlanta,2026-07-14,20260714T140414823641-0400,84,84.02,,84.02
C,atlanta,2026-07-14,20260714T150803202347-0400,84,84.02,,84.02
C,atlanta,2026-07-14,20260714T160253340580-0400,84,84.02,,84.02
C,atlanta,2026-07-14,20260714T170632447782-0400,84,84.02,,84.02
C,atlanta,2026-07-14,20260714T180155888226-0400,84,84.02,,84.02
C,atlanta,2026-07-14,20260714T190540651347-0400,84,84.02,,84.02
C,atlanta,2026-07-14,20260714T200020073351-0400,84,84.02,,84.02
C,atlanta,2026-07-14,20260714T210408946594-0400,84,84.02,,84.02
C,atlanta,2026-07-14,20260714T220541140540-0400,84,84.02,,84.02
C,atlanta,2026-07-14,20260714T230249107616-0400,84,84.02,,84.02
C,atlanta,2026-07-15,20260715T000221582489-0400,75,75.02,,
C,atlanta,2026-07-15,20260715T011134116716-0400,75,75.02,,
C,atlanta,2026-07-15,20260715T021707077455-0400,75,75.02,,
C,atlanta,2026-07-15,20260715T030334133954-0400,75,75.02,,
C,atlanta,2026-07-15,20260715T040715673761-0400,75,75.02,,
C,atlanta,2026-07-15,20260715T050143263213-0400,75,75.02,,
C,atlanta,2026-07-15,20260715T060515069724-0400,75,75.02,,
C,atlanta,2026-07-15,20260715T070850638952-0400,75,75.02,,75.02
C,atlanta,2026-07-15,20260715T080322492638-0400,75,75.02,,75.02
C,atlanta,2026-07-15,20260715T090820194844-0400,77,77.0,,77.0
C,atlanta,2026-07-15,20260715T100259591234-0400,77,77.0,,77.0
C,atlanta,2026-07-15,20260715T110047759992-0400,75,75.02,,75.02
C,atlanta,2026-07-15,20260715T120107259864-0400,82,82.04,,82.04
C,atlanta,2026-07-15,20260715T130451129082-0400,83,82.94,,82.94
C,atlanta,2026-07-15,20260715T140843872849-0400,86,86.0,,86.0
C,atlanta,2026-07-15,20260715T150320093465-0400,89,89.06,,89.06
C,atlanta,2026-07-15,20260715T160717127660-0400,89,89.06,,89.06
C,atlanta,2026-07-15,20260715T170155556588-0400,89,89.06,,89.06
C,atlanta,2026-07-15,20260715T180532161186-0400,89,89.06,,89.06
C,atlanta,2026-07-15,20260715T190004974704-0400,89,89.06,,89.06
C,atlanta,2026-07-15,20260715T200407568588-0400,89,89.06,,89.06
C,atlanta,2026-07-15,20260715T210753855012-0400,89,89.06,,89.06
C,atlanta,2026-07-15,20260715T220147287521-0400,89,89.06,,89.06
C,atlanta,2026-07-15,20260715T230832013814-0400,89,89.06,,89.06
C,atlanta,2026-07-16,20260716T000028372911-0400,80,80.06,,
C,atlanta,2026-07-16,20260716T010539150206-0400,80,80.06,,
C,atlanta,2026-07-16,20260716T020051493805-0400,79,78.98,,
C,atlanta,2026-07-16,20260716T030517537566-0400,77,77.0,,
C,atlanta,2026-07-16,20260716T040905740320-0400,77,77.0,,
C,atlanta,2026-07-16,20260716T050336631572-0400,76,75.92,,
C,atlanta,2026-07-16,20260716T060718422318-0400,75,75.02,,
C,atlanta,2026-07-16,20260716T070157138119-0400,75,75.02,,75.02
C,atlanta,2026-07-16,20260716T080544229981-0400,77,77.0,,77.0
C,atlanta,2026-07-16,20260716T090042238879-0400,80,80.06,,80.06
C,atlanta,2026-07-16,20260716T100437973323-0400,84,84.02,,84.02
C,atlanta,2026-07-16,20260716T110242649255-0400,86,86.0,,86.0
C,atlanta,2026-07-16,20260716T120652601847-0400,86,86.0,,86.0
C,atlanta,2026-07-16,20260716T130136737060-0400,87,87.08000000000001,,87.08000000000001
C,atlanta,2026-07-16,20260716T140530759160-0400,87,87.08000000000001,,87.08000000000001
C,atlanta,2026-07-16,20260716T150027596750-0400,90,89.96000000000001,,89.96000000000001
C,atlanta,2026-07-16,20260716T160439531260-0400,92,91.94,,91.94
C,atlanta,2026-07-16,20260716T170837796954-0400,92,91.94,,91.94
C,atlanta,2026-07-16,20260716T180325899186-0400,92,91.94,,91.94
C,atlanta,2026-07-16,20260716T190731303484-0400,92,91.94,,91.94
C,atlanta,2026-07-16,20260716T200957679897-0400,92,91.94,,91.94
C,atlanta,2026-07-16,20260716T210609234001-0400,92,91.94,,91.94
C,atlanta,2026-07-16,20260716T220138543614-0400,92,91.94,,91.94
C,atlanta,2026-07-16,20260716T230331494112-0400,92,91.94,,91.94
C,atlanta,2026-07-17,20260717T000036774293-0400,78,78.08,,
C,atlanta,2026-07-17,20260717T010455920193-0400,77,77.0,,
C,atlanta,2026-07-17,20260717T020917298140-0400,77,77.0,,
C,atlanta,2026-07-17,20260717T030424355333-0400,76,75.92,,
C,atlanta,2026-07-17,20260717T040813471384-0400,76,75.92,,
C,atlanta,2026-07-17,20260717T050250615693-0400,76,75.92,,
C,atlanta,2026-07-17,20260717T060633178017-0400,76,75.92,,
C,atlanta,2026-07-17,20260717T070114508184-0400,76,75.92,,75.92
C,atlanta,2026-07-17,20260717T080505278309-0400,77,77.0,,77.0
C,atlanta,2026-07-17,20260717T090925274290-0400,80,80.06,,80.06
C,atlanta,2026-07-17,20260717T102630283725-0400,84,84.02,,84.02
C,atlanta,2026-07-17,20260717T110326553102-0400,87,87.08000000000001,,87.08000000000001
C,atlanta,2026-07-17,20260717T121411336397-0400,88,87.98,,87.98
C,atlanta,2026-07-17,20260717T130044736442-0400,88,87.98,,87.98
C,atlanta,2026-07-17,20260717T140435999588-0400,89,89.06,,89.06
C,atlanta,2026-07-17,20260717T150847676610-0400,89,89.06,,89.06
C,atlanta,2026-07-17,20260717T160606907846-0400,89,89.06,,89.06
C,atlanta,2026-07-17,20260717T170037926978-0400,89,89.06,,89.06
C,atlanta,2026-07-17,20260717T180456518973-0400,89,89.06,,89.06
C,atlanta,2026-07-17,20260717T190208706595-0400,89,89.06,,89.06
C,atlanta,2026-07-17,20260717T200856160523-0400,89,89.06,,89.06
C,atlanta,2026-07-17,20260717T210346584276-0400,89,89.06,,89.06
C,atlanta,2026-07-17,20260717T220801205674-0400,89,89.06,,89.06
C,atlanta,2026-07-17,20260717T230317788818-0400,89,89.06,,89.06
C,atlanta,2026-07-18,20260718T000021889661-0400,77,77.0,,
C,atlanta,2026-07-18,20260718T010436228208-0400,77,77.0,,
C,atlanta,2026-07-18,20260718T020842320018-0400,77,77.0,,
C,atlanta,2026-07-18,20260718T030329359971-0400,76,75.92,,
C,atlanta,2026-07-18,20260718T040714320375-0400,75,75.02,,
C,atlanta,2026-07-18,20260718T050148883857-0400,75,75.02,,
C,atlanta,2026-07-18,20260718T060525118637-0400,74,73.94,,
C,atlanta,2026-07-18,20260718T070906631524-0400,76,75.92,,75.92
C,atlanta,2026-07-18,20260718T080351552324-0400,76,75.92,,75.92
C,atlanta,2026-07-18,20260718T090738155705-0400,78,78.08,,78.08
C,atlanta,2026-07-18,20260718T100242239583-0400,80,80.06,,80.06
C,atlanta,2026-07-18,20260718T110633134793-0400,85,84.91999999999999,,84.91999999999999
C,atlanta,2026-07-18,20260718T120106870220-0400,88,87.98,,87.98
C,atlanta,2026-07-18,20260718T130457885166-0400,90,89.96000000000001,,89.96000000000001
C,atlanta,2026-07-18,20260718T140040557109-0400,91,91.03999999999999,,91.03999999999999
C,atlanta,2026-07-18,20260718T150333902873-0400,91,91.03999999999999,,91.03999999999999
C,atlanta,2026-07-18,20260718T160732260761-0400,93,93.02,,93.02
C,atlanta,2026-07-18,20260718T170209923169-0400,93,93.02,,93.02
C,atlanta,2026-07-18,20260718T180612987086-0400,93,93.02,,93.02
C,atlanta,2026-07-18,20260718T190055728861-0400,93,93.02,,93.02
C,atlanta,2026-07-18,20260718T200453387486-0400,93,93.02,,93.02
C,atlanta,2026-07-18,20260718T210847144205-0400,93,93.02,,93.02
C,atlanta,2026-07-18,20260718T220344581383-0400,93,93.02,,93.02
C,atlanta,2026-07-18,20260718T230815952171-0400,93,93.02,,93.02
C,atlanta,2026-07-19,20260719T000013383972-0400,79,78.98,,
C,atlanta,2026-07-19,20260719T010421225846-0400,79,78.98,,
C,atlanta,2026-07-19,20260719T020848962569-0400,77,77.0,,
C,atlanta,2026-07-19,20260719T030355295308-0400,76,75.92,,
C,atlanta,2026-07-19,20260719T040754593113-0400,75,75.02,,
C,atlanta,2026-07-19,20260719T050228589834-0400,75,75.02,,
C,atlanta,2026-07-19,20260719T060613542015-0400,75,75.02,,
C,atlanta,2026-07-19,20260719T070049492552-0400,75,75.02,,75.02
C,atlanta,2026-07-19,20260719T080439450940-0400,75,75.02,,75.02
C,atlanta,2026-07-19,20260719T090825119748-0400,79,78.98,,78.98
C,atlanta,2026-07-19,20260719T100729519784-0400,84,84.02,,84.02
C,atlanta,2026-07-19,20260719T110213005697-0400,87,87.08000000000001,,87.08000000000001
C,atlanta,2026-07-19,20260719T120601692968-0400,89,89.06,,89.06
C,atlanta,2026-07-19,20260719T130040797199-0400,,,,
C,atlanta,2026-07-19,20260719T140434012256-0400,91,91.03999999999999,,91.03999999999999
C,atlanta,2026-07-19,20260719T150826128334-0400,91,91.03999999999999,,91.03999999999999
C,atlanta,2026-07-19,20260719T160308079841-0400,91,91.03999999999999,,91.03999999999999
C,atlanta,2026-07-19,20260719T171205032866-0400,91,91.03999999999999,,91.03999999999999
C,atlanta,2026-07-19,20260719T180500260691-0400,91,91.03999999999999,,91.03999999999999
C,atlanta,2026-07-19,20260719T190621314230-0400,91,91.03999999999999,,91.03999999999999
C,atlanta,2026-07-19,20260719T202640132871-0400,91,91.03999999999999,,91.03999999999999
C,atlanta,2026-07-19,20260719T211351090271-0400,91,91.03999999999999,,91.03999999999999
C,atlanta,2026-07-20,20260720T000030090200-0400,76,75.92,,
C,atlanta,2026-07-20,20260720T010107678460-0400,76,75.92,,
C,atlanta,2026-07-20,20260720T020509025788-0400,76,75.92,,
C,atlanta,2026-07-20,20260720T030041511470-0400,75,75.02,,
C,atlanta,2026-07-20,20260720T040439517956-0400,74,73.94,,
C,atlanta,2026-07-20,20260720T050819056200-0400,74,73.94,,
C,atlanta,2026-07-20,20260720T060251732343-0400,74,73.94,,
C,atlanta,2026-07-20,20260720T070643720158-0400,74,73.94,,73.94
C,atlanta,2026-07-20,20260720T080125089734-0400,77,77.0,,77.0
C,atlanta,2026-07-20,20260720T090049865089-0400,79,78.98,,78.98
C,atlanta,2026-07-20,20260720T100039604729-0400,82,82.04,,82.04
C,atlanta,2026-07-20,20260720T110852657926-0400,85,84.91999999999999,,84.91999999999999
C,atlanta,2026-07-20,20260720T120514341176-0400,87,87.08000000000001,,87.08000000000001
C,atlanta,2026-07-20,20260720T130050692673-0400,88,87.98,,87.98
C,atlanta,2026-07-20,20260720T140316054889-0400,90,89.96000000000001,,89.96000000000001
C,atlanta,2026-07-20,20260720T151006255970-0400,93,93.02,,93.02
C,atlanta,2026-07-20,20260720T162206739522-0400,93,93.02,,93.02
C,atlanta,2026-07-20,20260720T170906103060-0400,93,93.02,,93.02
C,atlanta,2026-07-20,20260720T180924447450-0400,93,93.02,,93.02
C,atlanta,2026-07-20,20260720T190619007927-0400,93,93.02,,93.02
C,atlanta,2026-07-20,20260720T200123462323-0400,93,93.02,,93.02
C,atlanta,2026-07-20,20260720T210632986434-0400,93,93.02,,93.02
C,atlanta,2026-07-20,20260720T220133399206-0400,93,93.02,,93.02
C,atlanta,2026-07-20,20260720T230402945967-0400,93,93.02,,93.02
C,atlanta,2026-07-21,20260721T000028388876-0400,79,78.98,,
C,atlanta,2026-07-21,20260721T010126659450-0400,78,78.08,,
C,atlanta,2026-07-21,20260721T020633682231-0400,77,77.0,,
C,atlanta,2026-07-21,20260721T030138791255-0400,76,75.92,,
C,atlanta,2026-07-21,20260721T040528355656-0400,75,75.02,,
C,atlanta,2026-07-21,20260721T050005803205-0400,75,75.02,,
C,atlanta,2026-07-21,20260721T060347379142-0400,75,75.02,,
C,atlanta,2026-07-21,20260721T070732095395-0400,73,73.04,,73.04
C,atlanta,2026-07-21,20260721T080217406391-0400,75,75.02,,75.02
C,atlanta,2026-07-21,20260721T090605253591-0400,78,78.08,,78.08
C,atlanta,2026-07-21,20260721T100051841211-0400,79,78.98,,78.98
C,atlanta,2026-07-21,20260721T110434478979-0400,83,82.94,,82.94
C,atlanta,2026-07-21,20260721T120557100665-0400,83,82.94,,82.94
C,atlanta,2026-07-21,20260721T130044194112-0400,85,84.91999999999999,,84.91999999999999
C,atlanta,2026-07-21,20260721T140433155309-0400,86,86.0,,86.0
C,atlanta,2026-07-21,20260721T150223093670-0400,89,89.06,,89.06
C,atlanta,2026-07-21,20260721T160804655869-0400,89,89.06,,89.06
C,atlanta,2026-07-21,20260721T171001336945-0400,90,89.96000000000001,,89.96000000000001
C,atlanta,2026-07-21,20260721T180510107381-0400,90,89.96000000000001,,89.96000000000001
C,atlanta,2026-07-21,20260721T190302552804-0400,90,89.96000000000001,,89.96000000000001
C,atlanta,2026-07-21,20260721T200225511278-0400,90,89.96000000000001,,89.96000000000001
C,atlanta,2026-07-21,20260721T210710652246-0400,90,89.96000000000001,,89.96000000000001
C,atlanta,2026-07-21,20260721T220233047049-0400,90,89.96000000000001,,89.96000000000001
C,atlanta,2026-07-21,20260721T230555602197-0400,90,89.96000000000001,,89.96000000000001
C,atlanta,2026-07-22,20260722T000032785153-0400,80,80.06,,
C,atlanta,2026-07-22,20260722T010428471163-0400,79,78.98,,
C,atlanta,2026-07-22,20260722T020815731749-0400,77,77.0,,
C,atlanta,2026-07-22,20260722T030254321567-0400,77,77.0,,
C,atlanta,2026-07-22,20260722T040640900178-0400,76,75.92,,
C,atlanta,2026-07-22,20260722T050428545345-0400,76,75.92,,
C,atlanta,2026-07-22,20260722T060810897849-0400,77,77.0,,
C,atlanta,2026-07-22,20260722T070252114684-0400,77,77.0,,77.0
C,atlanta,2026-07-22,20260722T080645606230-0400,77,77.0,,77.0
C,atlanta,2026-07-22,20260722T090132877737-0400,79,78.8,,78.8
C,atlanta,2026-07-22,20260722T100513184173-0400,80,80.06,,80.06
C,atlanta,2026-07-22,20260722T110026557355-0400,82,82.04,,82.04
C,atlanta,2026-07-22,20260722T120346480907-0400,83,82.94,,82.94
C,atlanta,2026-07-22,20260722T130028051299-0400,85,84.91999999999999,,84.91999999999999
C,atlanta,2026-07-22,20260722T140217559423-0400,87,87.08000000000001,,87.08000000000001
C,atlanta,2026-07-22,20260722T150621225557-0400,87,87.08000000000001,,87.08000000000001
C,atlanta,2026-07-22,20260722T160118600399-0400,88,87.98,,87.98
C,atlanta,2026-07-22,20260722T170506227793-0400,88,87.98,,87.98
C,atlanta,2026-07-22,20260722T180851826934-0400,88,87.98,,87.98
C,atlanta,2026-07-22,20260722T190337540137-0400,88,87.98,,87.98
C,atlanta,2026-07-22,20260722T200729556789-0400,88,87.98,,87.98
C,atlanta,2026-07-22,20260722T210219053120-0400,88,87.98,,87.98
C,atlanta,2026-07-22,20260722T220652868779-0400,88,87.98,,87.98
C,atlanta,2026-07-22,20260722T230159248683-0400,88,87.98,,87.98
C,atlanta,2026-07-23,20260723T000203379374-0400,78,78.08,,
C,atlanta,2026-07-23,20260723T010548907510-0400,77,77.0,,
C,atlanta,2026-07-23,20260723T020028170655-0400,76,75.92,,
C,atlanta,2026-07-23,20260723T030418796420-0400,76,75.92,,
C,atlanta,2026-07-23,20260723T040806123518-0400,76,75.92,,
C,atlanta,2026-07-23,20260723T050338189075-0400,75,75.02,,
C,atlanta,2026-07-23,20260723T060717260170-0400,75,75.02,,
C,atlanta,2026-07-23,20260723T070202886718-0400,77,77.0,,77.0
C,atlanta,2026-07-23,20260723T080553876123-0400,77,77.0,,77.0
C,atlanta,2026-07-23,20260723T090038316221-0400,77,77.0,,77.0
C,atlanta,2026-07-23,20260723T100417994107-0400,79,78.98,,78.98
C,atlanta,2026-07-23,20260723T110540371049-0400,81,80.96,,80.96
C,atlanta,2026-07-23,20260723T120234652408-0400,83,82.94,,82.94
C,atlanta,2026-07-23,20260723T130620338607-0400,86,86.0,,86.0
C,atlanta,2026-07-23,20260723T140104865336-0400,86,86.0,,86.0
C,atlanta,2026-07-23,20260723T150455572530-0400,88,87.98,,87.98
C,atlanta,2026-07-23,20260723T160849502444-0400,89,89.06,,89.06
C,atlanta,2026-07-23,20260723T170330797440-0400,89,89.06,,89.06
C,atlanta,2026-07-23,20260723T180713990337-0400,89,89.06,,89.06
C,atlanta,2026-07-23,20260723T190152871095-0400,89,89.06,,89.06
C,atlanta,2026-07-23,20260723T200549766049-0400,89,89.06,,89.06
C,atlanta,2026-07-23,20260723T210034956434-0400,89,89.06,,89.06
C,atlanta,2026-07-23,20260723T220443859223-0400,89,89.06,,89.06
C,atlanta,2026-07-23,20260723T230855960621-0400,89,89.06,,89.06
C,atlanta,2026-07-24,20260724T000021898120-0400,80,80.06,,
C,atlanta,2026-07-24,20260724T010406256822-0400,80,80.06,,
C,atlanta,2026-07-24,20260724T020751795071-0400,80,80.06,,
C,atlanta,2026-07-24,20260724T030131670853-0400,80,80.06,,
C,atlanta,2026-07-24,20260724T040612231639-0400,80,80.06,,
C,atlanta,2026-07-24,20260724T050705521266-0400,79,78.98,,
C,atlanta,2026-07-24,20260724T060138414360-0400,78,78.08,,
C,atlanta,2026-07-24,20260724T070519530541-0400,79,78.98,,78.98
C,atlanta,2026-07-24,20260724T080901099937-0400,79,78.98,,78.98
C,atlanta,2026-07-24,20260724T090343712423-0400,79,78.98,,78.98
C,atlanta,2026-07-24,20260724T100723705432-0400,82,82.04,,82.04
C,atlanta,2026-07-24,20260724T110158142722-0400,83,82.94,,82.94
C,atlanta,2026-07-24,20260724T120548147321-0400,84,84.02,,84.02
C,atlanta,2026-07-24,20260724T130024243576-0400,85,84.91999999999999,,84.91999999999999
C,atlanta,2026-07-24,20260724T140410985682-0400,88,87.98,,87.98
C,atlanta,2026-07-24,20260724T150801583064-0400,88,87.98,,87.98
C,atlanta,2026-07-24,20260724T160253993357-0400,88,87.98,,87.98
C,atlanta,2026-07-24,20260724T170638259454-0400,88,87.98,,87.98
C,atlanta,2026-07-24,20260724T180125878120-0400,88,87.98,,87.98
C,atlanta,2026-07-24,20260724T190510133316-0400,88,87.98,,87.98
C,atlanta,2026-07-24,20260724T200900510351-0400,88,87.98,,87.98
C,atlanta,2026-07-24,20260724T210346403917-0400,88,87.98,,87.98
C,atlanta,2026-07-24,20260724T220757187154-0400,88,87.98,,87.98
C,atlanta,2026-07-24,20260724T230310926699-0400,88,87.98,,87.98
C,atlanta,2026-07-25,20260725T000014508732-0400,76,75.92,,
C,atlanta,2026-07-25,20260725T010426701266-0400,75,75.02,,
C,atlanta,2026-07-25,20260725T020849425181-0400,75,75.02,,
C,atlanta,2026-07-25,20260725T030332492094-0400,76,75.92,,
C,atlanta,2026-07-25,20260725T040722157753-0400,75,75.02,,
C,atlanta,2026-07-25,20260725T050705405720-0400,75,75.02,,
C,atlanta,2026-07-25,20260725T060144028663-0400,75,75.02,,
C,atlanta,2026-07-25,20260725T070526922848-0400,75,75.02,,75.02
C,atlanta,2026-07-25,20260725T080906863007-0400,76,75.92,,75.92
C,atlanta,2026-07-25,20260725T090352351305-0400,76,75.92,,75.92
C,atlanta,2026-07-25,20260725T100731694186-0400,77,77.0,,77.0
C,atlanta,2026-07-25,20260725T110207393704-0400,79,78.98,,78.98
C,atlanta,2026-07-25,20260725T120549679806-0400,83,82.94,,82.94
C,atlanta,2026-07-25,20260725T130041961413-0400,85,84.91999999999999,,84.91999999999999
C,atlanta,2026-07-25,20260725T140430968208-0400,88,87.98,,87.98
C,atlanta,2026-07-25,20260725T150633267961-0400,88,87.98,,87.98
C,atlanta,2026-07-25,20260725T160306542511-0400,88,87.98,,87.98
C,atlanta,2026-07-25,20260725T170646196115-0400,88,87.98,,87.98
C,atlanta,2026-07-25,20260725T180130302053-0400,88,87.98,,87.98
C,atlanta,2026-07-25,20260725T190527226073-0400,88,87.98,,87.98
C,atlanta,2026-07-25,20260725T200011722473-0400,88,87.98,,87.98
C,atlanta,2026-07-25,20260725T210406257729-0400,88,87.98,,87.98
C,atlanta,2026-07-25,20260725T220818643526-0400,88,87.98,,87.98
C,atlanta,2026-07-25,20260725T230135982227-0400,88,87.98,,87.98
C,atlanta,2026-07-26,20260726T000447537402-0400,74,73.94,,
C,atlanta,2026-07-26,20260726T010853804950-0400,74,73.94,,
C,atlanta,2026-07-26,20260726T020340373958-0400,74,73.94,,
C,atlanta,2026-07-26,20260726T030749701514-0400,74,73.94,,
C,atlanta,2026-07-26,20260726T040228358789-0400,73,73.04,,
C,atlanta,2026-07-26,20260726T050922549294-0400,73,73.04,,
C,atlanta,2026-07-26,20260726T060219882358-0400,73,73.04,,
C,atlanta,2026-07-26,20260726T070604896465-0400,74,73.94,,73.94
C,atlanta,2026-07-26,20260726T080043677027-0400,74,73.94,,73.94
C,atlanta,2026-07-26,20260726T090432892197-0400,76,75.92,,75.92
C,atlanta,2026-07-26,20260726T100811094567-0400,76,75.92,,75.92
C,atlanta,2026-07-26,20260726T110246059405-0400,78,78.08,,78.08
C,atlanta,2026-07-26,20260726T120626310682-0400,81,80.96,,80.96
C,atlanta,2026-07-26,20260726T130110405992-0400,86,86.0,,86.0
C,atlanta,2026-07-26,20260726T140454588182-0400,87,87.08000000000001,,87.08000000000001
C,atlanta,2026-07-26,20260726T150843883641-0400,90,89.96000000000001,,89.96000000000001
C,atlanta,2026-07-26,20260726T160335182297-0400,91,91.03999999999999,,91.03999999999999
C,atlanta,2026-07-26,20260726T170721564714-0400,91,91.03999999999999,,91.03999999999999
C,atlanta,2026-07-26,20260726T180158592203-0400,91,91.03999999999999,,91.03999999999999
C,atlanta,2026-07-26,20260726T190030459764-0400,91,91.03999999999999,,91.03999999999999
C,atlanta,2026-07-26,20260726T200024269377-0400,91,91.03999999999999,,91.03999999999999
C,atlanta,2026-07-26,20260726T210413897525-0400,91,91.03999999999999,,91.03999999999999
C,atlanta,2026-07-26,20260726T220816519952-0400,91,91.03999999999999,,91.03999999999999
C,atlanta,2026-07-26,20260726T230325644729-0400,91,91.03999999999999,,91.03999999999999
C,atlanta,2026-07-27,20260727T000042906900-0400,81,80.96,,
C,atlanta,2026-07-27,20260727T010512865064-0400,80,80.06,,
C,atlanta,2026-07-27,20260727T020859832098-0400,79,78.98,,
C,atlanta,2026-07-27,20260727T030339739014-0400,79,78.98,,
C,atlanta,2026-07-27,20260727T040725743958-0400,78,78.08,,
C,atlanta,2026-07-27,20260727T050230577120-0400,78,78.08,,
C,atlanta,2026-07-27,20260727T060644067120-0400,78,78.08,,
C,atlanta,2026-07-27,20260727T070120992127-0400,78,78.08,,78.08
C,atlanta,2026-07-27,20260727T080504841231-0400,78,78.08,,78.08
C,atlanta,2026-07-27,20260727T090851466377-0400,81,80.96,,80.96
C,atlanta,2026-07-27,20260727T100326210130-0400,81,80.96,,80.96
C,atlanta,2026-07-27,20260727T110719581554-0400,81,80.96,,80.96
C,atlanta,2026-07-27,20260727T120202166403-0400,81,80.96,,80.96
C,atlanta,2026-07-27,20260727T130549762980-0400,82,82.04,,82.04
C,atlanta,2026-07-27,20260727T140033601147-0400,82,82.04,,82.04
C,atlanta,2026-07-27,20260727T150428839565-0400,90,89.96000000000001,,89.96000000000001
C,atlanta,2026-07-27,20260727T160825550604-0400,90,89.96000000000001,,89.96000000000001
C,atlanta,2026-07-27,20260727T170302345849-0400,90,89.96000000000001,,89.96000000000001
C,atlanta,2026-07-27,20260727T180649260693-0400,91,91.03999999999999,,91.03999999999999
C,atlanta,2026-07-27,20260727T190138055894-0400,91,91.03999999999999,,91.03999999999999
C,atlanta,2026-07-27,20260727T200529868318-0400,91,91.03999999999999,,91.03999999999999
C,atlanta,2026-07-27,20260727T210014753411-0400,91,91.03999999999999,,91.03999999999999
C,atlanta,2026-07-27,20260727T220431946675-0400,91,91.03999999999999,,91.03999999999999
C,atlanta,2026-07-27,20260727T230846051766-0400,91,91.03999999999999,,91.03999999999999
C,atlanta,2026-07-28,20260728T000027936624-0400,81,80.96,,
C,atlanta,2026-07-28,20260728T010444061757-0400,80,80.06,,
C,atlanta,2026-07-28,20260728T020913751908-0400,79,78.98,,
C,atlanta,2026-07-28,20260728T030444777382-0400,79,78.98,,
C,atlanta,2026-07-28,20260728T040849894777-0400,78,78.08,,
C,atlanta,2026-07-28,20260728T050455285858-0400,78,78.08,,
C,atlanta,2026-07-28,20260728T060835836914-0400,78,78.08,,
C,atlanta,2026-07-28,20260728T070314497087-0400,78,78.08,,78.08
C,atlanta,2026-07-28,20260728T080659125812-0400,78,78.08,,78.08
C,atlanta,2026-07-28,20260728T090142746213-0400,79,78.98,,78.98
C,atlanta,2026-07-28,20260728T100521128777-0400,83,82.94,,82.94
C,atlanta,2026-07-28,20260728T110029641852-0400,86,86.0,,86.0
C,atlanta,2026-07-28,20260728T120353515455-0400,89,89.06,,89.06
C,atlanta,2026-07-28,20260728T130740600257-0400,91,91.03999999999999,,91.03999999999999
C,atlanta,2026-07-28,20260728T140222389736-0400,92,91.94,,91.94
C,atlanta,2026-07-28,20260728T150610150586-0400,94,93.91999999999999,,93.91999999999999
C,atlanta,2026-07-28,20260728T160100676078-0400,94,93.91999999999999,,93.91999999999999
C,atlanta,2026-07-28,20260728T170445761529-0400,94,93.91999999999999,,93.91999999999999
C,atlanta,2026-07-28,20260728T180843528483-0400,94,93.91999999999999,,93.91999999999999
C,atlanta,2026-07-28,20260728T190035616017-0400,94,93.91999999999999,,93.91999999999999
C,atlanta,2026-07-28,20260728T200715883637-0400,94,93.91999999999999,,93.91999999999999
C,atlanta,2026-07-28,20260728T210205407614-0400,94,93.91999999999999,,93.91999999999999
C,atlanta,2026-07-28,20260728T220611497360-0400,94,93.91999999999999,,93.91999999999999
C,atlanta,2026-07-28,20260728T230122772943-0400,94,93.91999999999999,,93.91999999999999
C,atlanta,2026-07-29,20260729T000022875033-0400,85,84.91999999999999,,
C,atlanta,2026-07-29,20260729T010407401926-0400,80,80.06,,
C,atlanta,2026-07-29,20260729T020753214211-0400,76,75.92,,
C,atlanta,2026-07-29,20260729T030241114457-0400,74,73.94,,
C,atlanta,2026-07-29,20260729T040638706384-0400,76,75.92,,
C,atlanta,2026-07-29,20260729T050421612176-0400,76,75.92,,
C,atlanta,2026-07-29,20260729T060759807880-0400,77,77.0,,
C,atlanta,2026-07-29,20260729T070235573422-0400,77,77.0,,77.0
C,atlanta,2026-07-29,20260729T080618275048-0400,78,78.08,,78.08
C,atlanta,2026-07-29,20260729T090018864160-0400,77,77.0,,
C,atlanta,2026-07-29,20260729T100444990844-0400,82,82.04,,82.04
C,atlanta,2026-07-29,20260729T110829571218-0400,83,82.94,,82.94
C,atlanta,2026-07-29,20260729T120314482113-0400,84,84.02,,84.02
C,atlanta,2026-07-29,20260729T130658512044-0400,84,84.02,,84.02
C,atlanta,2026-07-29,20260729T140138087388-0400,85,84.91999999999999,,84.91999999999999
C,atlanta,2026-07-29,20260729T150527518755-0400,85,84.91999999999999,,84.91999999999999
C,atlanta,2026-07-29,20260729T160009025416-0400,87,87.08000000000001,,87.08000000000001
C,atlanta,2026-07-29,20260729T170353375034-0400,88,87.98,,87.98
C,atlanta,2026-07-29,20260729T180737048668-0400,89,89.06,,89.06
C,atlanta,2026-07-29,20260729T190218028257-0400,89,89.06,,89.06
C,atlanta,2026-07-29,20260729T200609051075-0400,89,89.06,,89.06
C,atlanta,2026-07-29,20260729T210050684086-0400,89,89.06,,89.06
C,atlanta,2026-07-29,20260729T220612942485-0400,89,89.06,,89.06
C,atlanta,2026-07-29,20260729T230257986503-0400,89,89.06,,89.06
C,atlanta,2026-07-30,20260730T000032233229-0400,80,80.06,,
C,atlanta,2026-07-30,20260730T010833847442-0400,80,80.06,,
C,atlanta,2026-07-30,20260730T020406623683-0400,78,78.08,,
C,atlanta,2026-07-30,20260730T030823858362-0400,76,75.92,,
C,atlanta,2026-07-30,20260730T040303012356-0400,76,75.92,,
C,atlanta,2026-07-30,20260730T050716523948-0400,74,73.94,,
C,atlanta,2026-07-30,20260730T060155859249-0400,74,73.94,,
C,atlanta,2026-07-30,20260730T070544849879-0400,75,75.02,,75.02
C,atlanta,2026-07-30,20260730T080023915288-0400,77,77.0,,77.0
C,atlanta,2026-07-30,20260730T090031794282-0400,74,73.94,,
C,atlanta,2026-07-30,20260730T100753128760-0400,80,80.06,,80.06
C,atlanta,2026-07-30,20260730T110229380350-0400,82,82.04,,82.04
C,atlanta,2026-07-30,20260730T120610392833-0400,84,84.02,,84.02
C,atlanta,2026-07-30,20260730T130048656142-0400,85,84.91999999999999,,84.91999999999999
C,atlanta,2026-07-30,20260730T140436631939-0400,87,87.08000000000001,,87.08000000000001
C,atlanta,2026-07-30,20260730T150826006550-0400,89,89.06,,89.06
C,atlanta,2026-07-30,20260730T160313164612-0400,89,89.06,,89.06
C,atlanta,2026-07-30,20260730T170656925861-0400,89,89.06,,89.06
C,atlanta,2026-07-30,20260730T180135517966-0400,89,89.06,,89.06
C,atlanta,2026-07-30,20260730T190523799812-0400,89,89.06,,89.06
C,atlanta,2026-07-30,20260730T200003410611-0400,89,89.06,,89.06
C,atlanta,2026-07-30,20260730T210355063689-0400,89,89.06,,89.06
C,atlanta,2026-07-30,20260730T220758264946-0400,89,89.06,,89.06
C,atlanta,2026-07-30,20260730T230306120591-0400,89,89.06,,89.06
C,austin,2026-07-01,20260701T010019-0400,,,,
C,austin,2026-07-01,20260701T020349-0400,,,,
C,austin,2026-07-01,20260701T030744-0400,,,,
C,austin,2026-07-01,20260701T040208-0400,,,,
C,austin,2026-07-01,20260701T050529-0400,,,,
C,austin,2026-07-01,20260701T060856-0400,,,,
C,austin,2026-07-01,20260701T070318-0400,,,,
C,austin,2026-07-01,20260701T080648-0400,,,,
C,austin,2026-07-01,20260701T090114-0400,,,,
C,austin,2026-07-01,20260701T100626-0400,,,,
C,austin,2026-07-01,20260701T110713-0400,,,,
C,austin,2026-07-01,20260701T120156-0400,,,,
C,austin,2026-07-01,20260701T130049-0400,,,,
C,austin,2026-07-01,20260701T140615-0400,,,,
C,austin,2026-07-01,20260701T150241-0400,,,,
C,austin,2026-07-01,20260701T160630-0400,,,,
C,austin,2026-07-01,20260701T170115-0400,,,,
C,austin,2026-07-01,20260701T180459-0400,,,,
C,austin,2026-07-01,20260701T190306-0400,,,,
C,austin,2026-07-01,20260701T200645-0400,,,,
C,austin,2026-07-01,20260701T210117-0400,,,,
C,austin,2026-07-01,20260701T220508-0400,,,,
C,austin,2026-07-01,20260701T230003-0400,,,,
C,austin,2026-07-01,20260702T000406-0400,,,,
C,austin,2026-07-02,20260702T010039-0400,,,,
C,austin,2026-07-02,20260702T020412-0400,,,,
C,austin,2026-07-02,20260702T030747-0400,,,,
C,austin,2026-07-02,20260702T040219-0400,,,,
C,austin,2026-07-02,20260702T050544-0400,,,,
C,austin,2026-07-02,20260702T060009-0400,,,,
C,austin,2026-07-02,20260702T070339-0400,,,,
C,austin,2026-07-02,20260702T080716-0400,,,,
C,austin,2026-07-02,20260702T090150-0400,,,,
C,austin,2026-07-02,20260702T100715-0400,,,,
C,austin,2026-07-02,20260702T110506-0400,,,,
C,austin,2026-07-02,20260702T120057-0400,,,,
C,austin,2026-07-02,20260702T130447-0400,,,,
C,austin,2026-07-02,20260702T140835-0400,,,,
C,austin,2026-07-02,20260702T150337-0400,,,,
C,austin,2026-07-02,20260702T160717-0400,,,,
C,austin,2026-07-02,20260702T170140-0400,,,,
C,austin,2026-07-02,20260702T181455-0400,95,95.0,,95.0
C,austin,2026-07-02,20260702T190102-0400,95,95.0,,95.0
C,austin,2026-07-02,20260702T200507-0400,95,95.0,,95.0
C,austin,2026-07-02,20260702T210018-0400,95,95.0,,95.0
C,austin,2026-07-02,20260702T220040-0400,95,95.0,,95.0
C,austin,2026-07-02,20260702T230451-0400,95,95.0,,95.0
C,austin,2026-07-02,20260703T000816-0400,95,95.0,,95.0
C,austin,2026-07-03,20260703T010152-0400,80,80.06,,
C,austin,2026-07-03,20260703T021131-0400,79,78.98,,
C,austin,2026-07-03,20260703T030254-0400,78,78.08,,
C,austin,2026-07-03,20260703T040128-0400,78,78.08,,
C,austin,2026-07-03,20260703T050047-0400,75,75.02,,
C,austin,2026-07-03,20260703T060422-0400,74,73.94,,
C,austin,2026-07-03,20260703T070755-0400,74,73.94,,
C,austin,2026-07-03,20260703T080224-0400,75,75.02,,75.02
C,austin,2026-07-03,20260703T090607-0400,78,78.08,,78.08
C,austin,2026-07-03,20260703T100443-0400,81,80.96,,80.96
C,austin,2026-07-03,20260703T110735-0400,85,84.91999999999999,,84.91999999999999
C,austin,2026-07-03,20260703T120252-0400,86,86.0,,86.0
C,austin,2026-07-03,20260703T131257-0400,88,87.98,,87.98
C,austin,2026-07-03,20260703T140412-0400,92,91.94,,91.94
C,austin,2026-07-03,20260703T150341-0400,92,91.94,,91.94
C,austin,2026-07-03,20260703T160951-0400,95,95.0,,95.0
C,austin,2026-07-03,20260703T170331-0400,97,96.98,,96.98
C,austin,2026-07-03,20260703T182715-0400,97,96.98,,96.98
C,austin,2026-07-03,20260703T190411-0400,97,96.98,,96.98
C,austin,2026-07-03,20260703T204705553157-0400,97,96.98,,96.98
C,austin,2026-07-03,20260703T210042999810-0400,97,96.98,,96.98
C,austin,2026-07-03,20260703T224540572070-0400,97,96.98,,96.98
C,austin,2026-07-03,20260703T231953406725-0400,97,96.98,,96.98
C,austin,2026-07-03,20260704T000322654914-0400,97,96.98,,96.98
C,austin,2026-07-04,20260704T010038407486-0400,82,82.04,,
C,austin,2026-07-04,20260704T020317876626-0400,81,80.96,,
C,austin,2026-07-04,20260704T030826164044-0400,80,80.06,,
C,austin,2026-07-04,20260704T040255972299-0400,79,78.98,,
C,austin,2026-07-04,20260704T050620114151-0400,78,78.08,,
C,austin,2026-07-04,20260704T060044740122-0400,78,78.08,,
C,austin,2026-07-04,20260704T070415444899-0400,77,77.0,,
C,austin,2026-07-04,20260704T080753622520-0400,76,75.92,,75.92
C,austin,2026-07-04,20260704T090224995846-0400,79,78.98,,78.98
C,austin,2026-07-04,20260704T101013694321-0400,82,82.04,,82.04
C,austin,2026-07-04,20260704T110428877649-0400,85,84.91999999999999,,84.91999999999999
C,austin,2026-07-04,20260704T120223891662-0400,87,87.08000000000001,,87.08000000000001
C,austin,2026-07-04,20260704T130604326285-0400,90,89.96000000000001,,89.96000000000001
C,austin,2026-07-04,20260704T140011526626-0400,93,93.02,,93.02
C,austin,2026-07-04,20260704T150217776478-0400,93,93.02,,93.02
C,austin,2026-07-04,20260704T161048178976-0400,94,93.91999999999999,,93.91999999999999
C,austin,2026-07-04,20260704T170030189640-0400,96,96.08000000000001,,96.08000000000001
C,austin,2026-07-04,20260704T180824055675-0400,96,96.08000000000001,,96.08000000000001
C,austin,2026-07-04,20260704T190248963994-0400,96,96.08000000000001,,96.08000000000001
C,austin,2026-07-04,20260704T200620646294-0400,96,96.08000000000001,,96.08000000000001
C,austin,2026-07-04,20260704T210045673335-0400,96,96.08000000000001,,96.08000000000001
C,austin,2026-07-04,20260704T220428965308-0400,96,96.08000000000001,,96.08000000000001
C,austin,2026-07-04,20260704T230821439568-0400,96,96.08000000000001,,96.08000000000001
C,austin,2026-07-04,20260705T000308293823-0400,96,96.08000000000001,,96.08000000000001
C,austin,2026-07-05,20260705T010047195352-0400,83,82.94,,
C,austin,2026-07-05,20260705T020513570660-0400,80,80.06,,
C,austin,2026-07-05,20260705T030859419314-0400,78,78.08,,
C,austin,2026-07-05,20260705T040324078091-0400,78,78.08,,
C,austin,2026-07-05,20260705T050646521770-0400,78,78.08,,
C,austin,2026-07-05,20260705T060109343355-0400,77,77.0,,
C,austin,2026-07-05,20260705T070439518553-0400,75,75.02,,
C,austin,2026-07-05,20260705T080810775459-0400,76,75.92,,75.92
C,austin,2026-07-05,20260705T090239356354-0400,78,78.08,,78.08
C,austin,2026-07-05,20260705T101705586928-0400,,,,
C,austin,2026-07-05,20260705T110529964752-0400,84,84.02,,84.02
C,austin,2026-07-05,20260705T120037443744-0400,88,87.98,,87.98
C,austin,2026-07-05,20260705T130411816053-0400,91,91.03999999999999,,91.03999999999999
C,austin,2026-07-05,20260705T140744720657-0400,92,91.94,,91.94
C,austin,2026-07-05,20260705T150228490339-0400,94,93.91999999999999,,93.91999999999999
C,austin,2026-07-05,20260705T160602528385-0400,95,95.0,,95.0
C,austin,2026-07-05,20260705T170044534775-0400,95,95.0,,95.0
C,austin,2026-07-05,20260705T180837558283-0400,95,95.0,,95.0
C,austin,2026-07-05,20260705T190640393847-0400,95,95.0,,95.0
C,austin,2026-07-05,20260705T202749740736-0400,95,95.0,,95.0
C,austin,2026-07-05,20260705T210435441592-0400,95,95.0,,95.0
C,austin,2026-07-05,20260705T220047982317-0400,95,95.0,,95.0
C,austin,2026-07-05,20260705T230429241989-0400,95,95.0,,95.0
C,austin,2026-07-05,20260706T000446084541-0400,95,95.0,,95.0
C,austin,2026-07-07,20260707T010039168323-0400,79,78.98,,
C,austin,2026-07-07,20260707T020653348222-0400,81,80.96,,
C,austin,2026-07-07,20260707T030801068127-0400,81,80.96,,
C,austin,2026-07-07,20260707T040227723378-0400,76,75.92,,
C,austin,2026-07-07,20260707T050553342813-0400,75,75.02,,
C,austin,2026-07-07,20260707T060014973772-0400,75,75.02,,
C,austin,2026-07-07,20260707T070337851583-0400,74,73.94,,
C,austin,2026-07-07,20260707T080705671822-0400,74,73.94,,73.94
C,austin,2026-07-07,20260707T090140028040-0400,78,78.08,,78.08
C,austin,2026-07-07,20260707T102223697792-0400,81,80.96,,80.96
C,austin,2026-07-07,20260707T110825734484-0400,85,84.91999999999999,,84.91999999999999
C,austin,2026-07-07,20260707T120753585967-0400,88,87.98,,87.98
C,austin,2026-07-07,20260707T130307355140-0400,89,89.06,,89.06
C,austin,2026-07-07,20260707T140625480391-0400,91,91.03999999999999,,91.03999999999999
C,austin,2026-07-07,20260707T150808027517-0400,94,93.91999999999999,,93.91999999999999
C,austin,2026-07-07,20260707T160341794928-0400,95,95.0,,95.0
C,austin,2026-07-07,20260707T170710397333-0400,96,96.08000000000001,,96.08000000000001
C,austin,2026-07-07,20260707T180702242480-0400,97,96.98,,96.98
C,austin,2026-07-07,20260707T190147763076-0400,97,96.98,,96.98
C,austin,2026-07-07,20260707T200524223698-0400,97,96.98,,96.98
C,austin,2026-07-07,20260707T210902966497-0400,97,96.98,,96.98
C,austin,2026-07-07,20260707T220348739531-0400,97,96.98,,96.98
C,austin,2026-07-07,20260707T230755168358-0400,97,96.98,,96.98
C,austin,2026-07-07,20260708T000241589276-0400,97,96.98,,96.98
C,austin,2026-07-08,20260708T010017243187-0400,79,78.98,,
C,austin,2026-07-08,20260708T020411683257-0400,80,80.06,,
C,austin,2026-07-08,20260708T030807897505-0400,78,78.08,,
C,austin,2026-07-08,20260708T040239330132-0400,77,77.0,,
C,austin,2026-07-08,20260708T050605255898-0400,77,77.0,,
C,austin,2026-07-08,20260708T060033608014-0400,77,77.0,,
C,austin,2026-07-08,20260708T070405052252-0400,75,75.02,,
C,austin,2026-07-08,20260708T080742088660-0400,77,77.0,,77.0
C,austin,2026-07-08,20260708T090223376112-0400,,,,
C,austin,2026-07-08,20260708T101109999277-0400,82,82.04,,82.04
C,austin,2026-07-08,20260708T110934816678-0400,86,86.0,,86.0
C,austin,2026-07-08,20260708T120630659531-0400,89,89.06,,89.06
C,austin,2026-07-08,20260708T130433055904-0400,90,89.96000000000001,,89.96000000000001
C,austin,2026-07-08,20260708T140715161264-0400,93,93.02,,93.02
C,austin,2026-07-08,20260708T150519190224-0400,95,95.0,,95.0
C,austin,2026-07-08,20260708T160047757334-0400,97,96.98,,96.98
C,austin,2026-07-08,20260708T171411761464-0400,97,96.98,,96.98
C,austin,2026-07-08,20260708T180027358122-0400,97,96.98,,96.98
C,austin,2026-07-08,20260708T190407427195-0400,98,98.06,,98.06
C,austin,2026-07-08,20260708T200150723424-0400,98,98.06,,98.06
C,austin,2026-07-08,20260708T210839137208-0400,98,98.06,,98.06
C,austin,2026-07-08,20260708T220137077295-0400,98,98.06,,98.06
C,austin,2026-07-08,20260708T230554259232-0400,98,98.06,,98.06
C,austin,2026-07-08,20260709T000053961045-0400,98,98.06,,98.06
C,austin,2026-07-09,20260709T010043465851-0400,83,82.94,,
C,austin,2026-07-09,20260709T020620927067-0400,81,80.96,,
C,austin,2026-07-09,20260709T030110754543-0400,79,78.98,,
C,austin,2026-07-09,20260709T040451627819-0400,78,78.08,,
C,austin,2026-07-09,20260709T050823327807-0400,77,77.0,,
C,austin,2026-07-09,20260709T060252711171-0400,76,75.92,,
C,austin,2026-07-09,20260709T070618501647-0400,74,73.94,,
C,austin,2026-07-09,20260709T080050213501-0400,73,73.04,,73.04
C,austin,2026-07-09,20260709T090800055780-0400,76,75.92,,75.92
C,austin,2026-07-09,20260709T100306915975-0400,82,82.04,,82.04
C,austin,2026-07-09,20260709T110136912884-0400,82,82.04,,82.04
C,austin,2026-07-09,20260709T120621815103-0400,89,89.06,,89.06
C,austin,2026-07-09,20260709T130026776794-0400,92,91.94,,91.94
C,austin,2026-07-09,20260709T143011419104-0400,93,93.02,,93.02
C,austin,2026-07-09,20260709T150648747007-0400,95,95.0,,95.0
C,austin,2026-07-09,20260709T160834269198-0400,96,96.08000000000001,,96.08000000000001
C,austin,2026-07-09,20260709T170350961322-0400,97,96.98,,96.98
C,austin,2026-07-09,20260709T180610055036-0400,97,96.98,,96.98
C,austin,2026-07-09,20260709T194501249377-0400,97,96.98,,96.98
C,austin,2026-07-09,20260709T200335136585-0400,97,96.98,,96.98
C,austin,2026-07-09,20260709T213053266807-0400,97,96.98,,96.98
C,austin,2026-07-09,20260709T220612929245-0400,97,96.98,,96.98
C,austin,2026-07-09,20260709T230340684895-0400,97,96.98,,96.98
C,austin,2026-07-09,20260710T000332671146-0400,97,96.98,,96.98
C,austin,2026-07-10,20260710T010024712633-0400,78,78.08,,
C,austin,2026-07-10,20260710T020626122670-0400,76,75.92,,
C,austin,2026-07-10,20260710T030931907619-0400,77,77.0,,
C,austin,2026-07-10,20260710T041241157853-0400,76,75.92,,
C,austin,2026-07-10,20260710T050116567624-0400,75,75.02,,
C,austin,2026-07-10,20260710T060727179636-0400,72,71.96,,
C,austin,2026-07-10,20260710T070205150924-0400,71,71.06,,
C,austin,2026-07-10,20260710T080552271829-0400,71,71.06,,71.06
C,austin,2026-07-10,20260710T090024775053-0400,76,75.92,,75.92
C,austin,2026-07-10,20260710T103728747604-0400,80,80.06,,80.06
C,austin,2026-07-10,20260710T110050414900-0400,84,84.02,,84.02
C,austin,2026-07-10,20260710T120125230095-0400,88,87.98,,87.98
C,austin,2026-07-10,20260710T130119358377-0400,91,91.03999999999999,,91.03999999999999
C,austin,2026-07-10,20260710T141013620553-0400,92,91.94,,91.94
C,austin,2026-07-10,20260710T151240166854-0400,94,93.91999999999999,,93.91999999999999
C,austin,2026-07-10,20260710T160425113459-0400,94,93.91999999999999,,93.91999999999999
C,austin,2026-07-10,20260710T170046411999-0400,94,93.91999999999999,,93.91999999999999
C,austin,2026-07-10,20260710T181606891471-0400,94,93.91999999999999,,93.91999999999999
C,austin,2026-07-10,20260710T190928287104-0400,94,93.91999999999999,,93.91999999999999
C,austin,2026-07-10,20260710T200515275027-0400,94,93.91999999999999,,93.91999999999999
C,austin,2026-07-10,20260710T210053193898-0400,94,93.91999999999999,,93.91999999999999
C,austin,2026-07-10,20260710T224658848672-0400,94,93.91999999999999,,93.91999999999999
C,austin,2026-07-10,20260710T230521137104-0400,94,93.91999999999999,,93.91999999999999
C,austin,2026-07-10,20260711T000543796483-0400,94,93.91999999999999,,93.91999999999999
C,austin,2026-07-11,20260711T010024870429-0400,77,77.0,,
C,austin,2026-07-11,20260711T020358346228-0400,76,75.92,,
C,austin,2026-07-11,20260711T031910802445-0400,76,75.92,,
C,austin,2026-07-11,20260711T044022360232-0400,77,77.0,,
C,austin,2026-07-11,20260711T050037183814-0400,76,75.92,,
C,austin,2026-07-11,20260711T060856384559-0400,75,75.02,,
C,austin,2026-07-11,20260711T070320551287-0400,76,75.92,,
C,austin,2026-07-11,20260711T080654275715-0400,76,75.92,,75.92
C,austin,2026-07-11,20260711T090125533235-0400,77,77.0,,77.0
C,austin,2026-07-11,20260711T103953904250-0400,81,80.96,,80.96
C,austin,2026-07-11,20260711T111054559269-0400,83,82.94,,82.94
C,austin,2026-07-11,20260711T120426507472-0400,87,87.08000000000001,,87.08000000000001
C,austin,2026-07-11,20260711T130437174355-0400,90,89.96000000000001,,89.96000000000001
C,austin,2026-07-11,20260711T140630944203-0400,90,89.96000000000001,,89.96000000000001
C,austin,2026-07-11,20260711T150012468546-0400,90,89.96000000000001,,89.96000000000001
C,austin,2026-07-11,20260711T160405262510-0400,90,89.96000000000001,,89.96000000000001
C,austin,2026-07-11,20260711T170016381618-0400,90,89.96000000000001,,89.96000000000001
C,austin,2026-07-11,20260711T180745868125-0400,90,89.96000000000001,,89.96000000000001
C,austin,2026-07-11,20260711T190005202968-0400,90,89.96000000000001,,89.96000000000001
C,austin,2026-07-11,20260711T200340483580-0400,90,89.96000000000001,,89.96000000000001
C,austin,2026-07-11,20260711T211315672143-0400,90,89.96000000000001,,89.96000000000001
C,austin,2026-07-11,20260711T221634985586-0400,90,89.96000000000001,,89.96000000000001
C,austin,2026-07-14,20260714T010537853370-0400,77,77.0,,
C,austin,2026-07-14,20260714T020045120058-0400,77,77.0,,
C,austin,2026-07-14,20260714T030607794979-0400,77,77.0,,
C,austin,2026-07-14,20260714T040044048425-0400,77,77.0,,
C,austin,2026-07-14,20260714T050419602578-0400,,,,
C,austin,2026-07-14,20260714T060758497797-0400,77,77.0,,
C,austin,2026-07-14,20260714T070231368274-0400,77,77.0,,
C,austin,2026-07-14,20260714T080623482706-0400,72,71.96,,71.96
C,austin,2026-07-14,20260714T090844210235-0400,74,73.94,,73.94
C,austin,2026-07-14,20260714T100525495888-0400,75,75.02,,75.02
C,austin,2026-07-14,20260714T110816040189-0400,77,77.0,,77.0
C,austin,2026-07-14,20260714T120401776610-0400,77,77.0,,77.0
C,austin,2026-07-14,20260714T130846927186-0400,78,78.08,,78.08
C,austin,2026-07-14,20260714T140324180581-0400,78,78.08,,78.08
C,austin,2026-07-14,20260714T150712636716-0400,79,78.98,,78.98
C,austin,2026-07-14,20260714T160153980932-0400,79,78.98,,78.98
C,austin,2026-07-14,20260714T170537752202-0400,79,78.98,,78.98
C,austin,2026-07-14,20260714T180113189118-0400,79,78.98,,78.98
C,austin,2026-07-14,20260714T190456507195-0400,79,78.98,,78.98
C,austin,2026-07-14,20260714T200842617451-0400,79,78.98,,78.98
C,austin,2026-07-14,20260714T210329943665-0400,79,78.98,,78.98
C,austin,2026-07-14,20260714T220514480473-0400,79,78.98,,78.98
C,austin,2026-07-14,20260714T230040815388-0400,79,78.98,,78.98
C,austin,2026-07-14,20260715T000659929173-0400,79,78.98,,78.98
C,austin,2026-07-15,20260715T010226086782-0400,76,75.92,,
C,austin,2026-07-15,20260715T020327380035-0400,75,75.02,,
C,austin,2026-07-15,20260715T030014710485-0400,75,75.02,,
C,austin,2026-07-15,20260715T040406550762-0400,75,75.02,,
C,austin,2026-07-15,20260715T050752457105-0400,75,75.02,,
C,austin,2026-07-15,20260715T060227636053-0400,75,75.02,,
C,austin,2026-07-15,20260715T070611817326-0400,75,75.02,,
C,austin,2026-07-15,20260715T080055043080-0400,75,75.02,,75.02
C,austin,2026-07-15,20260715T090456773708-0400,75,75.02,,75.02
C,austin,2026-07-15,20260715T100856122631-0400,76,75.92,,75.92
C,austin,2026-07-15,20260715T110325181740-0400,76,75.92,,75.92
C,austin,2026-07-15,20260715T120714179256-0400,76,75.92,,75.92
C,austin,2026-07-15,20260715T130154354782-0400,76,75.92,,75.92
C,austin,2026-07-15,20260715T140543243432-0400,76,75.92,,75.92
C,austin,2026-07-15,20260715T150043606138-0400,76,75.92,,75.92
C,austin,2026-07-15,20260715T160430601852-0400,76,75.92,,75.92
C,austin,2026-07-15,20260715T170819466076-0400,76,75.92,,75.92
C,austin,2026-07-15,20260715T180252207788-0400,78,78.08,,78.08
C,austin,2026-07-15,20260715T190633444017-0400,79,78.98,,78.98
C,austin,2026-07-15,20260715T200132834399-0400,80,80.06,,80.06
C,austin,2026-07-15,20260715T210048607542-0400,80,80.06,,80.06
C,austin,2026-07-15,20260715T220213698386-0400,80,80.06,,80.06
C,austin,2026-07-15,20260715T230007758857-0400,80,80.06,,80.06
C,austin,2026-07-15,20260716T000250465857-0400,80,80.06,,80.06
C,austin,2026-07-16,20260716T010048661338-0400,,,,
C,austin,2026-07-16,20260716T020440138255-0400,,,,
C,austin,2026-07-16,20260716T030822526263-0400,,,,
C,austin,2026-07-16,20260716T040300297278-0400,,,,
C,austin,2026-07-16,20260716T050638384183-0400,,,,
C,austin,2026-07-16,20260716T060114635002-0400,,,,
C,austin,2026-07-16,20260716T070503174317-0400,,,,
C,austin,2026-07-16,20260716T080853571621-0400,,,,
C,austin,2026-07-16,20260716T090340452558-0400,,,,
C,austin,2026-07-16,20260716T100751433218-0400,78,78.08,,78.08
C,austin,2026-07-16,20260716T110303638836-0400,79,78.98,,78.98
C,austin,2026-07-16,20260716T120727125597-0400,80,80.06,,80.06
C,austin,2026-07-16,20260716T130207285041-0400,82,82.04,,82.04
C,austin,2026-07-16,20260716T140608464539-0400,84,84.02,,84.02
C,austin,2026-07-16,20260716T150054611600-0400,89,89.06,,89.06
C,austin,2026-07-16,20260716T160514819558-0400,89,89.06,,89.06
C,austin,2026-07-16,20260716T170003394703-0400,89,89.06,,89.06
C,austin,2026-07-16,20260716T180355244686-0400,89,89.06,,89.06
C,austin,2026-07-16,20260716T190803939175-0400,89,89.06,,89.06
C,austin,2026-07-16,20260716T201015643265-0400,89,89.06,,89.06
C,austin,2026-07-16,20260716T210657867954-0400,89,89.06,,89.06
C,austin,2026-07-16,20260716T220226525867-0400,89,89.06,,89.06
C,austin,2026-07-16,20260716T230340327672-0400,89,89.06,,89.06
C,austin,2026-07-16,20260717T000054542945-0400,89,89.06,,89.06
C,austin,2026-07-17,20260717T010215039342-0400,79,78.98,,
C,austin,2026-07-17,20260717T020603294315-0400,80,80.06,,
C,austin,2026-07-17,20260717T030052740061-0400,80,80.06,,
C,austin,2026-07-17,20260717T040459715952-0400,79,78.98,,
C,austin,2026-07-17,20260717T050844938241-0400,79,78.98,,
C,austin,2026-07-17,20260717T060321226590-0400,79,78.98,,
C,austin,2026-07-17,20260717T070707600463-0400,78,78.08,,
C,austin,2026-07-17,20260717T080152467828-0400,78,78.08,,78.08
C,austin,2026-07-17,20260717T091021808958-0400,79,78.98,,78.98
C,austin,2026-07-17,20260717T102756392045-0400,81,80.96,,80.96
C,austin,2026-07-17,20260717T110442114319-0400,83,82.94,,82.94
C,austin,2026-07-17,20260717T120331264286-0400,87,87.08000000000001,,87.08000000000001
C,austin,2026-07-17,20260717T130135033407-0400,88,87.98,,87.98
C,austin,2026-07-17,20260717T140518826849-0400,89,89.06,,89.06
C,austin,2026-07-17,20260717T150024507662-0400,90,89.96000000000001,,89.96000000000001
C,austin,2026-07-17,20260717T160013467737-0400,92,91.94,,91.94
C,austin,2026-07-17,20260717T170624458000-0400,93,93.02,,93.02
C,austin,2026-07-17,20260717T180214828583-0400,94,93.91999999999999,,93.91999999999999
C,austin,2026-07-17,20260717T190415057358-0400,94,93.91999999999999,,93.91999999999999
C,austin,2026-07-17,20260717T200045367951-0400,94,93.91999999999999,,93.91999999999999
C,austin,2026-07-17,20260717T210457023871-0400,94,93.91999999999999,,93.91999999999999
C,austin,2026-07-17,20260717T220003265889-0400,94,93.91999999999999,,93.91999999999999
C,austin,2026-07-17,20260717T230455477400-0400,94,93.91999999999999,,93.91999999999999
C,austin,2026-07-17,20260718T000050053725-0400,94,93.91999999999999,,93.91999999999999
C,austin,2026-07-18,20260718T010031086059-0400,79,78.98,,
C,austin,2026-07-18,20260718T020431399117-0400,78,78.08,,
C,austin,2026-07-18,20260718T030823346742-0400,79,78.98,,
C,austin,2026-07-18,20260718T040300163639-0400,79,78.98,,
C,austin,2026-07-18,20260718T050645863188-0400,79,78.98,,
C,austin,2026-07-18,20260718T060120895917-0400,79,78.98,,
C,austin,2026-07-18,20260718T070508057620-0400,78,78.08,,
C,austin,2026-07-18,20260718T080904667080-0400,77,77.0,,77.0
C,austin,2026-07-18,20260718T090341586493-0400,79,78.98,,78.98
C,austin,2026-07-18,20260718T100740159652-0400,82,82.04,,82.04
C,austin,2026-07-18,20260718T110246107106-0400,84,84.02,,84.02
C,austin,2026-07-18,20260718T120703195488-0400,85,84.91999999999999,,84.91999999999999
C,austin,2026-07-18,20260718T130157075430-0400,88,87.98,,87.98
C,austin,2026-07-18,20260718T140545215940-0400,91,91.03999999999999,,91.03999999999999
C,austin,2026-07-18,20260718T150025603994-0400,92,91.94,,91.94
C,austin,2026-07-18,20260718T160424277472-0400,93,93.02,,93.02
C,austin,2026-07-18,20260718T170808192540-0400,94,93.91999999999999,,93.91999999999999
C,austin,2026-07-18,20260718T180246815782-0400,94,93.91999999999999,,93.91999999999999
C,austin,2026-07-18,20260718T190631836426-0400,94,93.91999999999999,,93.91999999999999
C,austin,2026-07-18,20260718T200117203141-0400,94,93.91999999999999,,93.91999999999999
C,austin,2026-07-18,20260718T210511228599-0400,94,93.91999999999999,,93.91999999999999
C,austin,2026-07-18,20260718T220011986280-0400,94,93.91999999999999,,93.91999999999999
C,austin,2026-07-18,20260718T230452206015-0400,94,93.91999999999999,,93.91999999999999
C,austin,2026-07-18,20260719T000136231376-0400,94,93.91999999999999,,93.91999999999999
C,austin,2026-07-19,20260719T010033948702-0400,80,80.06,,
C,austin,2026-07-19,20260719T020420783442-0400,79,78.98,,
C,austin,2026-07-19,20260719T030808838839-0400,77,77.0,,
C,austin,2026-07-19,20260719T040248819497-0400,77,77.0,,
C,austin,2026-07-19,20260719T050633434269-0400,78,78.08,,
C,austin,2026-07-19,20260719T060109463312-0400,77,77.0,,
C,austin,2026-07-19,20260719T070458882405-0400,76,75.92,,
C,austin,2026-07-19,20260719T080845927858-0400,75,75.02,,75.02
C,austin,2026-07-19,20260719T090326297689-0400,77,77.0,,77.0
C,austin,2026-07-19,20260719T100809873900-0400,81,80.96,,80.96
C,austin,2026-07-19,20260719T110335554626-0400,84,84.02,,84.02
C,austin,2026-07-19,20260719T120737438279-0400,85,84.91999999999999,,84.91999999999999
C,austin,2026-07-19,20260719T130218280088-0400,89,89.06,,89.06
C,austin,2026-07-19,20260719T140605550623-0400,90,89.96000000000001,,89.96000000000001
C,austin,2026-07-19,20260719T150051290908-0400,92,91.94,,91.94
C,austin,2026-07-19,20260719T160445327674-0400,93,93.02,,93.02
C,austin,2026-07-19,20260719T170911124565-0400,94,93.91999999999999,,93.91999999999999
C,austin,2026-07-19,20260719T180202168527-0400,94,93.91999999999999,,93.91999999999999
C,austin,2026-07-19,20260719T190445603953-0400,95,95.0,,95.0
C,austin,2026-07-19,20260719T202626464907-0400,95,95.0,,95.0
C,austin,2026-07-19,20260719T211503088649-0400,95,95.0,,95.0
C,austin,2026-07-19,20260719T225527820210-0400,95,95.0,,95.0
C,austin,2026-07-19,20260719T235625422072-0400,95,95.0,,95.0
C,austin,2026-07-19,20260720T001439567727-0400,95,95.0,,95.0
C,austin,2026-07-20,20260720T010036965403-0400,78,78.08,,
C,austin,2026-07-20,20260720T020425548383-0400,76,75.92,,
C,austin,2026-07-20,20260720T030847793070-0400,77,77.0,,
C,austin,2026-07-20,20260720T040327153292-0400,77,77.0,,
C,austin,2026-07-20,20260720T050704121984-0400,76,75.92,,
C,austin,2026-07-20,20260720T060136997443-0400,75,75.02,,
C,austin,2026-07-20,20260720T070520057838-0400,75,75.02,,
C,austin,2026-07-20,20260720T080002083294-0400,75,75.02,,75.02
C,austin,2026-07-20,20260720T090354465496-0400,76,75.92,,75.92
C,austin,2026-07-20,20260720T100750112851-0400,79,78.98,,78.98
C,austin,2026-07-20,20260720T110258428423-0400,82,82.04,,82.04
C,austin,2026-07-20,20260720T120338777140-0400,86,86.0,,86.0
C,austin,2026-07-20,20260720T130749502701-0400,89,89.06,,89.06
C,austin,2026-07-20,20260720T140012268418-0400,92,91.94,,91.94
C,austin,2026-07-20,20260720T150919689979-0400,95,95.0,,95.0
C,austin,2026-07-20,20260720T162114861279-0400,95,95.0,,95.0
C,austin,2026-07-20,20260720T170739624534-0400,96,96.08000000000001,,96.08000000000001
C,austin,2026-07-20,20260720T180931220357-0400,97,96.98,,96.98
C,austin,2026-07-20,20260720T190452536595-0400,97,96.98,,96.98
C,austin,2026-07-20,20260720T200007898298-0400,97,96.98,,96.98
C,austin,2026-07-20,20260720T210414506494-0400,97,96.98,,96.98
C,austin,2026-07-20,20260720T220834066972-0400,97,96.98,,96.98
C,austin,2026-07-20,20260720T230240800799-0400,97,96.98,,96.98
C,austin,2026-07-20,20260721T000723038008-0400,97,96.98,,96.98
C,austin,2026-07-21,20260721T010032444373-0400,78,78.08,,
C,austin,2026-07-21,20260721T020438532799-0400,79,78.98,,
C,austin,2026-07-21,20260721T030835090995-0400,77,77.0,,
C,austin,2026-07-21,20260721T040316672804-0400,75,75.02,,
C,austin,2026-07-21,20260721T050658929435-0400,74,73.94,,
C,austin,2026-07-21,20260721T060136619904-0400,74,73.94,,
C,austin,2026-07-21,20260721T070528547428-0400,72,71.96,,
C,austin,2026-07-21,20260721T080014081356-0400,75,75.02,,75.02
C,austin,2026-07-21,20260721T090407045140-0400,76,75.92,,75.92
C,austin,2026-07-21,20260721T100757534090-0400,77,77.0,,77.0
C,austin,2026-07-21,20260721T110239943497-0400,84,84.02,,84.02
C,austin,2026-07-21,20260721T120013558749-0400,87,87.08000000000001,,87.08000000000001
C,austin,2026-07-21,20260721T130442914560-0400,91,91.03999999999999,,91.03999999999999
C,austin,2026-07-21,20260721T140924743198-0400,94,93.91999999999999,,93.91999999999999
C,austin,2026-07-21,20260721T150547854135-0400,96,96.08000000000001,,96.08000000000001
C,austin,2026-07-21,20260721T160005786489-0400,96,96.08000000000001,,96.08000000000001
C,austin,2026-07-21,20260721T170037453827-0400,99,98.96000000000001,,98.96000000000001
C,austin,2026-07-21,20260721T180834381848-0400,100,100.03999999999999,,100.03999999999999
C,austin,2026-07-21,20260721T190731950124-0400,100,100.03999999999999,,100.03999999999999
C,austin,2026-07-21,20260721T200140114427-0400,100,100.03999999999999,,100.03999999999999
C,austin,2026-07-21,20260721T210249065309-0400,100,100.03999999999999,,100.03999999999999
C,austin,2026-07-21,20260721T220152222643-0400,100,100.03999999999999,,100.03999999999999
C,austin,2026-07-21,20260721T230925872587-0400,100,100.03999999999999,,100.03999999999999
C,austin,2026-07-21,20260722T000307255468-0400,100,100.03999999999999,,100.03999999999999
C,austin,2026-07-22,20260722T010027438183-0400,79,78.98,,
C,austin,2026-07-22,20260722T020414035356-0400,80,80.06,,
C,austin,2026-07-22,20260722T030803664697-0400,81,80.96,,
C,austin,2026-07-22,20260722T040246954559-0400,81,80.96,,
C,austin,2026-07-22,20260722T050658733896-0400,80,80.06,,
C,austin,2026-07-22,20260722T060136540383-0400,79,78.98,,
C,austin,2026-07-22,20260722T070523299310-0400,76,75.92,,
C,austin,2026-07-22,20260722T080005980301-0400,76,75.92,,75.92
C,austin,2026-07-22,20260722T090405462991-0400,81,80.96,,80.96
C,austin,2026-07-22,20260722T100756926183-0400,89,89.06,,89.06
C,austin,2026-07-22,20260722T110233328174-0400,93,93.02,,93.02
C,austin,2026-07-22,20260722T120625406428-0400,96,96.08000000000001,,96.08000000000001
C,austin,2026-07-22,20260722T130104521409-0400,98,98.06,,98.06
C,austin,2026-07-22,20260722T140456190472-0400,100,100.03999999999999,,100.03999999999999
C,austin,2026-07-22,20260722T150848499363-0400,101,100.94,,100.94
C,austin,2026-07-22,20260722T160138876623-0400,101,100.94,,100.94
C,austin,2026-07-22,20260722T170730473952-0400,103,102.91999999999999,,102.91999999999999
C,austin,2026-07-22,20260722T180211488435-0400,103,102.91999999999999,,102.91999999999999
C,austin,2026-07-22,20260722T190601633867-0400,103,102.91999999999999,,102.91999999999999
C,austin,2026-07-22,20260722T200048060310-0400,103,102.91999999999999,,102.91999999999999
C,austin,2026-07-22,20260722T210446324601-0400,103,102.91999999999999,,102.91999999999999
C,austin,2026-07-22,20260722T221257143599-0400,103,102.91999999999999,,102.91999999999999
C,austin,2026-07-22,20260722T230824500088-0400,103,102.91999999999999,,102.91999999999999
C,austin,2026-07-22,20260723T000334213708-0400,103,102.91999999999999,,102.91999999999999
C,austin,2026-07-23,20260723T010026805333-0400,85,84.91999999999999,,
C,austin,2026-07-23,20260723T020457688324-0400,83,82.94,,
C,austin,2026-07-23,20260723T030848659836-0400,87,87.08000000000001,,
C,austin,2026-07-23,20260723T040330527827-0400,87,87.08000000000001,,
C,austin,2026-07-23,20260723T050026625771-0400,86,86.0,,
C,austin,2026-07-23,20260723T060408243356-0400,84,84.02,,
C,austin,2026-07-23,20260723T070752153082-0400,83,82.94,,
C,austin,2026-07-23,20260723T080229838552-0400,82,82.04,,82.04
C,austin,2026-07-23,20260723T090611760640-0400,83,82.94,,82.94
C,austin,2026-07-23,20260723T100049624254-0400,85,84.91999999999999,,84.91999999999999
C,austin,2026-07-23,20260723T110429443382-0400,87,87.08000000000001,,87.08000000000001
C,austin,2026-07-23,20260723T120820521710-0400,90,89.96000000000001,,89.96000000000001
C,austin,2026-07-23,20260723T130255078075-0400,92,91.94,,91.94
C,austin,2026-07-23,20260723T140650038680-0400,96,96.08000000000001,,96.08000000000001
C,austin,2026-07-23,20260723T150130365966-0400,97,96.98,,96.98
C,austin,2026-07-23,20260723T160523779642-0400,98,98.06,,98.06
C,austin,2026-07-23,20260723T170904249710-0400,98,98.06,,98.06
C,austin,2026-07-23,20260723T180342162378-0400,98,98.06,,98.06
C,austin,2026-07-23,20260723T190731526624-0400,98,98.06,,98.06
C,austin,2026-07-23,20260723T200216420981-0400,98,98.06,,98.06
C,austin,2026-07-23,20260723T210608074323-0400,98,98.06,,98.06
C,austin,2026-07-23,20260723T220108651998-0400,98,98.06,,98.06
C,austin,2026-07-23,20260723T230534220716-0400,98,98.06,,98.06
C,austin,2026-07-23,20260724T000104639550-0400,98,98.06,,98.06
C,austin,2026-07-24,20260724T010025939060-0400,82,82.04,,
C,austin,2026-07-24,20260724T020415315484-0400,80,80.06,,
C,austin,2026-07-24,20260724T030800219455-0400,80,80.06,,
C,austin,2026-07-24,20260724T040238582263-0400,80,80.06,,
C,austin,2026-07-24,20260724T050722540576-0400,79,78.98,,
C,austin,2026-07-24,20260724T060226661544-0400,78,78.08,,
C,austin,2026-07-24,20260724T070618635961-0400,78,78.08,,
C,austin,2026-07-24,20260724T080058478617-0400,77,77.0,,77.0
C,austin,2026-07-24,20260724T090454640701-0400,78,78.08,,78.08
C,austin,2026-07-24,20260724T100834404402-0400,80,80.06,,80.06
C,austin,2026-07-24,20260724T110310242399-0400,83,82.94,,82.94
C,austin,2026-07-24,20260724T120701479392-0400,85,84.91999999999999,,84.91999999999999
C,austin,2026-07-24,20260724T130141630351-0400,89,89.06,,89.06
C,austin,2026-07-24,20260724T140534316809-0400,91,91.03999999999999,,91.03999999999999
C,austin,2026-07-24,20260724T150014310888-0400,93,93.02,,93.02
C,austin,2026-07-24,20260724T160021312733-0400,95,95.0,,95.0
C,austin,2026-07-24,20260724T170804563742-0400,95,95.0,,95.0
C,austin,2026-07-24,20260724T180239769657-0400,95,95.0,,95.0
C,austin,2026-07-24,20260724T190624430673-0400,95,95.0,,95.0
C,austin,2026-07-24,20260724T200113884376-0400,95,95.0,,95.0
C,austin,2026-07-24,20260724T210509645167-0400,95,95.0,,95.0
C,austin,2026-07-24,20260724T220008246437-0400,95,95.0,,95.0
C,austin,2026-07-24,20260724T230454960413-0400,95,95.0,,95.0
C,austin,2026-07-24,20260725T000031554354-0400,95,95.0,,95.0
C,austin,2026-07-25,20260725T010030725796-0400,81,80.96,,
C,austin,2026-07-25,20260725T020414843766-0400,79,78.98,,
C,austin,2026-07-25,20260725T030804416644-0400,78,78.08,,
C,austin,2026-07-25,20260725T040247326319-0400,77,77.0,,
C,austin,2026-07-25,20260725T050645686758-0400,77,77.0,,
C,austin,2026-07-25,20260725T060120979109-0400,76,75.92,,
C,austin,2026-07-25,20260725T070502036495-0400,75,75.02,,
C,austin,2026-07-25,20260725T080848546818-0400,74,73.94,,73.94
C,austin,2026-07-25,20260725T090330832200-0400,76,75.92,,75.92
C,austin,2026-07-25,20260725T100712708442-0400,80,80.06,,80.06
C,austin,2026-07-25,20260725T110145379556-0400,83,82.94,,82.94
C,austin,2026-07-25,20260725T120132202579-0400,83,82.94,,82.94
C,austin,2026-07-25,20260725T130016628847-0400,89,89.06,,89.06
C,austin,2026-07-25,20260725T140402588077-0400,91,91.03999999999999,,91.03999999999999
C,austin,2026-07-25,20260725T150752990638-0400,93,93.02,,93.02
C,austin,2026-07-25,20260725T160243973496-0400,93,93.02,,93.02
C,austin,2026-07-25,20260725T170632400573-0400,94,93.91999999999999,,93.91999999999999
C,austin,2026-07-25,20260725T180119697553-0400,95,95.0,,95.0
C,austin,2026-07-25,20260725T190512317689-0400,96,96.08000000000001,,96.08000000000001
C,austin,2026-07-25,20260725T200904020374-0400,96,96.08000000000001,,96.08000000000001
C,austin,2026-07-25,20260725T210350580060-0400,96,96.08000000000001,,96.08000000000001
C,austin,2026-07-25,20260725T220801640873-0400,96,96.08000000000001,,96.08000000000001
C,austin,2026-07-25,20260725T230922775010-0400,96,96.08000000000001,,96.08000000000001
C,austin,2026-07-25,20260726T000458500680-0400,96,96.08000000000001,,96.08000000000001
C,austin,2026-07-26,20260726T010021244989-0400,80,80.06,,
C,austin,2026-07-26,20260726T020409583726-0400,78,78.08,,
C,austin,2026-07-26,20260726T030801073729-0400,77,77.0,,
C,austin,2026-07-26,20260726T040239099420-0400,76,75.92,,
C,austin,2026-07-26,20260726T050920562235-0400,73,73.04,,
C,austin,2026-07-26,20260726T060621785092-0400,74,73.94,,
C,austin,2026-07-26,20260726T070101148225-0400,74,73.94,,
C,austin,2026-07-26,20260726T080446867486-0400,73,73.04,,73.04
C,austin,2026-07-26,20260726T090837726206-0400,75,75.02,,75.02
C,austin,2026-07-26,20260726T100309072430-0400,81,80.6,,80.6
C,austin,2026-07-26,20260726T110034277143-0400,81,80.6,,80.6
C,austin,2026-07-26,20260726T120139804411-0400,86,86.0,,86.0
C,austin,2026-07-26,20260726T130522876817-0400,89,89.06,,89.06
C,austin,2026-07-26,20260726T140009884359-0400,92,91.94,,91.94
C,austin,2026-07-26,20260726T150406746221-0400,94,93.91999999999999,,93.91999999999999
C,austin,2026-07-26,20260726T160803765293-0400,96,96.08000000000001,,96.08000000000001
C,austin,2026-07-26,20260726T170246708470-0400,96,96.08000000000001,,96.08000000000001
C,austin,2026-07-26,20260726T180630416609-0400,96,96.08000000000001,,96.08000000000001
C,austin,2026-07-26,20260726T190108279109-0400,96,96.08000000000001,,96.08000000000001
C,austin,2026-07-26,20260726T200502920831-0400,96,96.08000000000001,,96.08000000000001
C,austin,2026-07-26,20260726T210853381153-0400,96,96.08000000000001,,96.08000000000001
C,austin,2026-07-26,20260726T220359540979-0400,96,96.08000000000001,,96.08000000000001
C,austin,2026-07-26,20260726T230824627829-0400,96,96.08000000000001,,96.08000000000001
C,austin,2026-07-26,20260727T000334772604-0400,96,96.08000000000001,,96.08000000000001
C,austin,2026-07-27,20260727T010032131320-0400,83,82.94,,
C,austin,2026-07-27,20260727T020422657688-0400,80,80.06,,
C,austin,2026-07-27,20260727T030836694314-0400,78,78.08,,
C,austin,2026-07-27,20260727T040315789456-0400,78,78.08,,
C,austin,2026-07-27,20260727T050859032416-0400,76,75.92,,
C,austin,2026-07-27,20260727T060351162655-0400,75,75.02,,
C,austin,2026-07-27,20260727T070733101936-0400,74,73.94,,
C,austin,2026-07-27,20260727T080214947584-0400,75,75.02,,75.02
C,austin,2026-07-27,20260727T090613427885-0400,76,75.92,,75.92
C,austin,2026-07-27,20260727T100053352907-0400,76,75.92,,75.92
C,austin,2026-07-27,20260727T110437855512-0400,76,75.92,,75.92
C,austin,2026-07-27,20260727T120824435993-0400,86,86.0,,86.0
C,austin,2026-07-27,20260727T130259884976-0400,89,89.06,,89.06
C,austin,2026-07-27,20260727T140648437219-0400,89,89.06,,89.06
C,austin,2026-07-27,20260727T150129416016-0400,94,93.91999999999999,,93.91999999999999
C,austin,2026-07-27,20260727T160525539002-0400,96,96.08000000000001,,96.08000000000001
C,austin,2026-07-27,20260727T170906596284-0400,97,96.98,,96.98
C,austin,2026-07-27,20260727T180346814844-0400,97,96.98,,96.98
C,austin,2026-07-27,20260727T190733635774-0400,98,98.06,,98.06
C,austin,2026-07-27,20260727T200213006269-0400,98,98.06,,98.06
C,austin,2026-07-27,20260727T210604485791-0400,98,98.06,,98.06
C,austin,2026-07-27,20260727T220058262042-0400,98,98.06,,98.06
C,austin,2026-07-27,20260727T230521695156-0400,98,98.06,,98.06
C,austin,2026-07-27,20260728T000045208225-0400,98,98.06,,98.06
C,austin,2026-07-28,20260728T010039133841-0400,81,80.96,,
C,austin,2026-07-28,20260728T020430124281-0400,79,78.98,,
C,austin,2026-07-28,20260728T030900046651-0400,78,78.08,,
C,austin,2026-07-28,20260728T040337375058-0400,78,78.08,,
C,austin,2026-07-28,20260728T050003912068-0400,78,78.08,,
C,austin,2026-07-28,20260728T060345460547-0400,76,75.92,,
C,austin,2026-07-28,20260728T070737616767-0400,76,75.92,,
C,austin,2026-07-28,20260728T080219239827-0400,77,77.0,,77.0
C,austin,2026-07-28,20260728T090609584882-0400,79,78.98,,78.98
C,austin,2026-07-28,20260728T100043412722-0400,81,80.96,,80.96
C,austin,2026-07-28,20260728T110422403735-0400,83,82.94,,82.94
C,austin,2026-07-28,20260728T120814765628-0400,86,86.0,,86.0
C,austin,2026-07-28,20260728T130257247398-0400,89,89.06,,89.06
C,austin,2026-07-28,20260728T140645576117-0400,92,91.94,,91.94
C,austin,2026-07-28,20260728T150129415934-0400,94,93.91999999999999,,93.91999999999999
C,austin,2026-07-28,20260728T160522426281-0400,96,96.08000000000001,,96.08000000000001
C,austin,2026-07-28,20260728T170904336594-0400,97,96.98,,96.98
C,austin,2026-07-28,20260728T180344654497-0400,97,96.98,,96.98
C,austin,2026-07-28,20260728T190726994575-0400,97,96.98,,96.98
C,austin,2026-07-28,20260728T200209929365-0400,97,96.98,,96.98
C,austin,2026-07-28,20260728T210607157918-0400,97,96.98,,96.98
C,austin,2026-07-28,20260728T220105424730-0400,97,96.98,,96.98
C,austin,2026-07-28,20260728T230535337181-0400,97,96.98,,96.98
C,austin,2026-07-28,20260729T000055910522-0400,97,96.98,,96.98
C,austin,2026-07-29,20260729T010032120598-0400,81,80.96,,
C,austin,2026-07-29,20260729T020424638528-0400,79,78.98,,
C,austin,2026-07-29,20260729T030814340000-0400,78,78.08,,
C,austin,2026-07-29,20260729T040253678150-0400,77,77.0,,
C,austin,2026-07-29,20260729T050329585462-0400,76,75.92,,
C,austin,2026-07-29,20260729T060714598783-0400,76,75.92,,
C,austin,2026-07-29,20260729T070150395393-0400,77,77.0,,
C,austin,2026-07-29,20260729T080541242085-0400,76,75.92,,75.92
C,austin,2026-07-29,20260729T090023144305-0400,76,75.92,,75.92
C,austin,2026-07-29,20260729T100405760804-0400,82,82.04,,82.04
C,austin,2026-07-29,20260729T110132092608-0400,82,82.04,,82.04
C,austin,2026-07-29,20260729T120233852628-0400,86,86.0,,86.0
C,austin,2026-07-29,20260729T130616496224-0400,91,91.03999999999999,,91.03999999999999
C,austin,2026-07-29,20260729T140025125580-0400,92,91.94,,91.94
C,austin,2026-07-29,20260729T150446637640-0400,93,93.02,,93.02
C,austin,2026-07-29,20260729T160841020819-0400,95,95.0,,95.0
C,austin,2026-07-29,20260729T170329234858-0400,96,96.08000000000001,,96.08000000000001
C,austin,2026-07-29,20260729T180712861555-0400,97,96.98,,96.98
C,austin,2026-07-29,20260729T190155451188-0400,98,98.06,,98.06
C,austin,2026-07-29,20260729T200543299794-0400,98,98.06,,98.06
C,austin,2026-07-29,20260729T210027670136-0400,98,98.06,,98.06
C,austin,2026-07-29,20260729T220606789523-0400,98,98.06,,98.06
C,austin,2026-07-29,20260729T230153009624-0400,98,98.06,,98.06
C,austin,2026-07-29,20260730T000638584692-0400,98,98.06,,98.06
C,austin,2026-07-30,20260730T010030560672-0400,83,82.94,,
C,austin,2026-07-30,20260730T020417381792-0400,81,80.96,,
C,austin,2026-07-30,20260730T030834443623-0400,80,80.06,,
C,austin,2026-07-30,20260730T040313448191-0400,80,80.06,,
C,austin,2026-07-30,20260730T050900002760-0400,79,78.98,,
C,austin,2026-07-30,20260730T060343100525-0400,78,78.08,,
C,austin,2026-07-30,20260730T070724878242-0400,77,77.0,,
C,austin,2026-07-30,20260730T080204121352-0400,76,75.92,,75.92
C,austin,2026-07-30,20260730T090552890479-0400,78,78.08,,78.08
C,austin,2026-07-30,20260730T100027061733-0400,81,80.96,,80.96
C,austin,2026-07-30,20260730T110230528293-0400,81,80.96,,80.96
C,austin,2026-07-30,20260730T120746954260-0400,89,89.06,,89.06
C,austin,2026-07-30,20260730T130223367712-0400,91,91.03999999999999,,91.03999999999999
C,austin,2026-07-30,20260730T140610849126-0400,94,93.91999999999999,,93.91999999999999
C,austin,2026-07-30,20260730T150052642391-0400,96,96.08000000000001,,96.08000000000001
C,austin,2026-07-30,20260730T160443294111-0400,98,98.06,,98.06
C,austin,2026-07-30,20260730T170833174248-0400,100,100.03999999999999,,100.03999999999999
C,austin,2026-07-30,20260730T180313552471-0400,100,100.03999999999999,,100.03999999999999
C,austin,2026-07-30,20260730T190704463793-0400,100,100.03999999999999,,100.03999999999999
C,austin,2026-07-30,20260730T200146299045-0400,100,100.03999999999999,,100.03999999999999
C,austin,2026-07-30,20260730T210533549588-0400,100,100.03999999999999,,100.03999999999999
C,austin,2026-07-30,20260730T220028932299-0400,100,100.03999999999999,,100.03999999999999
C,austin,2026-07-30,20260730T230450709764-0400,100,100.03999999999999,,100.03999999999999
C,austin,2026-07-30,20260731T000914618693-0400,100,100.03999999999999,,100.03999999999999
C,chicago,2026-07-01,20260701T010025-0400,,,,
C,chicago,2026-07-01,20260701T020355-0400,,,,
C,chicago,2026-07-01,20260701T030752-0400,,,,
C,chicago,2026-07-01,20260701T040214-0400,,,,
C,chicago,2026-07-01,20260701T050537-0400,,,,
C,chicago,2026-07-01,20260701T060903-0400,,,,
C,chicago,2026-07-01,20260701T070328-0400,,,,
C,chicago,2026-07-01,20260701T080657-0400,,,,
C,chicago,2026-07-01,20260701T090123-0400,,,,
C,chicago,2026-07-01,20260701T100725-0400,,,,
C,chicago,2026-07-01,20260701T110720-0400,,,,
C,chicago,2026-07-01,20260701T120236-0400,,,,
C,chicago,2026-07-01,20260701T130316-0400,,,,
C,chicago,2026-07-01,20260701T140623-0400,,,,
C,chicago,2026-07-01,20260701T150307-0400,,,,
C,chicago,2026-07-01,20260701T160638-0400,,,,
C,chicago,2026-07-01,20260701T170203-0400,,,,
C,chicago,2026-07-01,20260701T180605-0400,,,,
C,chicago,2026-07-01,20260701T190452-0400,,,,
C,chicago,2026-07-01,20260701T200830-0400,,,,
C,chicago,2026-07-01,20260701T210305-0400,,,,
C,chicago,2026-07-01,20260701T220657-0400,,,,
C,chicago,2026-07-01,20260701T230149-0400,,,,
C,chicago,2026-07-01,20260702T000548-0400,,,,
C,chicago,2026-07-02,20260702T010046-0400,,,,
C,chicago,2026-07-02,20260702T020420-0400,,,,
C,chicago,2026-07-02,20260702T030755-0400,,,,
C,chicago,2026-07-02,20260702T040225-0400,,,,
C,chicago,2026-07-02,20260702T050550-0400,,,,
C,chicago,2026-07-02,20260702T060015-0400,,,,
C,chicago,2026-07-02,20260702T070345-0400,,,,
C,chicago,2026-07-02,20260702T080723-0400,,,,
C,chicago,2026-07-02,20260702T090158-0400,,,,
C,chicago,2026-07-02,20260702T100756-0400,,,,
C,chicago,2026-07-02,20260702T110514-0400,,,,
C,chicago,2026-07-02,20260702T120102-0400,,,,
C,chicago,2026-07-02,20260702T130454-0400,,,,
C,chicago,2026-07-02,20260702T140843-0400,,,,
C,chicago,2026-07-02,20260702T150346-0400,,,,
C,chicago,2026-07-02,20260702T160726-0400,,,,
C,chicago,2026-07-02,20260702T170150-0400,,,,
C,chicago,2026-07-02,20260702T181500-0400,94,93.91999999999999,,93.91999999999999
C,chicago,2026-07-02,20260702T190111-0400,94,93.91999999999999,,93.91999999999999
C,chicago,2026-07-02,20260702T200519-0400,94,93.91999999999999,,93.91999999999999
C,chicago,2026-07-02,20260702T210029-0400,94,93.91999999999999,,93.91999999999999
C,chicago,2026-07-02,20260702T220045-0400,94,93.91999999999999,,93.91999999999999
C,chicago,2026-07-02,20260702T230502-0400,94,93.91999999999999,,93.91999999999999
C,chicago,2026-07-02,20260703T000851-0400,94,93.91999999999999,,93.91999999999999
C,chicago,2026-07-03,20260703T010523-0400,72,71.96,,
C,chicago,2026-07-03,20260703T021255-0400,71,71.06,,
C,chicago,2026-07-03,20260703T030311-0400,71,71.06,,
C,chicago,2026-07-03,20260703T040653-0400,72,71.96,,
C,chicago,2026-07-03,20260703T050123-0400,71,71.06,,
C,chicago,2026-07-03,20260703T060449-0400,72,71.96,,
C,chicago,2026-07-03,20260703T070818-0400,72,71.96,,
C,chicago,2026-07-03,20260703T080240-0400,74,73.94,,73.94
C,chicago,2026-07-03,20260703T090615-0400,76,75.92,,75.92
C,chicago,2026-07-03,20260703T100451-0400,80,80.06,,80.06
C,chicago,2026-07-03,20260703T110739-0400,83,82.94,,82.94
C,chicago,2026-07-03,20260703T120303-0400,84,84.02,,84.02
C,chicago,2026-07-03,20260703T131324-0400,86,86.0,,86.0
C,chicago,2026-07-03,20260703T140418-0400,86,86.0,,86.0
C,chicago,2026-07-03,20260703T150414-0400,86,86.0,,86.0
C,chicago,2026-07-03,20260703T160958-0400,86,86.0,,86.0
C,chicago,2026-07-03,20260703T170336-0400,86,86.0,,86.0
C,chicago,2026-07-03,20260703T182720-0400,86,86.0,,86.0
C,chicago,2026-07-03,20260703T190429-0400,86,86.0,,86.0
C,chicago,2026-07-03,20260703T204837375302-0400,86,86.0,,86.0
C,chicago,2026-07-03,20260703T210217313392-0400,86,86.0,,86.0
C,chicago,2026-07-03,20260703T224203797102-0400,86,86.0,,86.0
C,chicago,2026-07-03,20260703T230018754296-0400,86,86.0,,86.0
C,chicago,2026-07-03,20260704T000042071283-0400,86,86.0,,86.0
C,chicago,2026-07-04,20260704T010120705985-0400,71,71.06,,
C,chicago,2026-07-04,20260704T020323370755-0400,70,69.98,,
C,chicago,2026-07-04,20260704T030833656145-0400,70,69.98,,
C,chicago,2026-07-04,20260704T040303141056-0400,69,69.08,,
C,chicago,2026-07-04,20260704T050635701816-0400,70,69.98,,
C,chicago,2026-07-04,20260704T060058628533-0400,70,69.98,,
C,chicago,2026-07-04,20260704T070424857579-0400,69,69.08,,
C,chicago,2026-07-04,20260704T080801811828-0400,71,71.06,,71.06
C,chicago,2026-07-04,20260704T090233556048-0400,74,73.94,,73.94
C,chicago,2026-07-04,20260704T101038438591-0400,76,75.92,,75.92
C,chicago,2026-07-04,20260704T110433970310-0400,78,78.08,,78.08
C,chicago,2026-07-04,20260704T120234084724-0400,81,80.96,,80.96
C,chicago,2026-07-04,20260704T131058136045-0400,83,82.94,,82.94
C,chicago,2026-07-04,20260704T140618416093-0400,83,82.94,,82.94
C,chicago,2026-07-04,20260704T150958524618-0400,83,82.94,,82.94
C,chicago,2026-07-04,20260704T161106598925-0400,83,82.94,,82.94
C,chicago,2026-07-04,20260704T170336792922-0400,83,82.94,,82.94
C,chicago,2026-07-04,20260704T180250853274-0400,83,82.94,,82.94
C,chicago,2026-07-04,20260704T190622230780-0400,83,82.94,,82.94
C,chicago,2026-07-04,20260704T200051486902-0400,83,82.94,,82.94
C,chicago,2026-07-04,20260704T210432015108-0400,83,82.94,,82.94
C,chicago,2026-07-04,20260704T220817075203-0400,83,82.94,,82.94
C,chicago,2026-07-04,20260704T230300598834-0400,83,82.94,,82.94
C,chicago,2026-07-04,20260705T000655098661-0400,83,82.94,,82.94
C,chicago,2026-07-05,20260705T010148562909-0400,68,68.0,,
C,chicago,2026-07-05,20260705T020520801994-0400,68,68.0,,
C,chicago,2026-07-05,20260705T030001223321-0400,67,66.92,,
C,chicago,2026-07-05,20260705T040330599261-0400,68,68.0,,
C,chicago,2026-07-05,20260705T050651944088-0400,67,66.92,,
C,chicago,2026-07-05,20260705T060115335531-0400,66,66.02,,
C,chicago,2026-07-05,20260705T070449305737-0400,67,66.92,,
C,chicago,2026-07-05,20260705T080818445414-0400,67,66.92,,66.92
C,chicago,2026-07-05,20260705T090246719082-0400,69,69.08,,69.08
C,chicago,2026-07-05,20260705T101049294587-0400,69,69.08,,69.08
C,chicago,2026-07-05,20260705T110534579346-0400,70,69.98,,69.98
C,chicago,2026-07-05,20260705T120044615012-0400,71,71.06,,71.06
C,chicago,2026-07-05,20260705T130419384385-0400,71,71.06,,71.06
C,chicago,2026-07-05,20260705T140752616791-0400,72,71.96,,71.96
C,chicago,2026-07-05,20260705T150236631660-0400,72,71.96,,71.96
C,chicago,2026-07-05,20260705T160611582591-0400,76,75.92,,75.92
C,chicago,2026-07-05,20260705T170053268659-0400,76,75.92,,75.92
C,chicago,2026-07-05,20260705T180021807496-0400,76,75.92,,75.92
C,chicago,2026-07-05,20260705T190645638292-0400,76,75.92,,75.92
C,chicago,2026-07-05,20260705T202756911554-0400,76,75.92,,75.92
C,chicago,2026-07-05,20260705T210453260231-0400,76,75.92,,75.92
C,chicago,2026-07-05,20260705T220105810677-0400,76,75.92,,75.92
C,chicago,2026-07-05,20260705T230445814435-0400,76,75.92,,75.92
C,chicago,2026-07-05,20260706T000500286248-0400,76,75.92,,75.92
C,chicago,2026-07-07,20260707T010048509955-0400,68,68.0,,
C,chicago,2026-07-07,20260707T020707464561-0400,68,68.0,,
C,chicago,2026-07-07,20260707T030808269246-0400,66,66.02,,
C,chicago,2026-07-07,20260707T040239888384-0400,65,64.94,,
C,chicago,2026-07-07,20260707T050603198963-0400,65,64.94,,
C,chicago,2026-07-07,20260707T060025120698-0400,66,66.02,,
C,chicago,2026-07-07,20260707T070357845744-0400,66,66.02,,
C,chicago,2026-07-07,20260707T080736402725-0400,69,69.08,,69.08
C,chicago,2026-07-07,20260707T090209168879-0400,73,73.04,,73.04
C,chicago,2026-07-07,20260707T102302911827-0400,78,78.08,,78.08
C,chicago,2026-07-07,20260707T110836142100-0400,81,80.96,,80.96
C,chicago,2026-07-07,20260707T120426271781-0400,81,80.96,,80.96
C,chicago,2026-07-07,20260707T130319550356-0400,83,82.94,,82.94
C,chicago,2026-07-07,20260707T140653780778-0400,84,84.02,,84.02
C,chicago,2026-07-07,20260707T150831004300-0400,84,84.02,,84.02
C,chicago,2026-07-07,20260707T160720592810-0400,84,84.02,,84.02
C,chicago,2026-07-07,20260707T170722832670-0400,85,84.91999999999999,,84.91999999999999
C,chicago,2026-07-07,20260707T180713315040-0400,85,84.91999999999999,,84.91999999999999
C,chicago,2026-07-07,20260707T190100668939-0400,85,84.91999999999999,,84.91999999999999
C,chicago,2026-07-07,20260707T200536794116-0400,85,84.91999999999999,,84.91999999999999
C,chicago,2026-07-07,20260707T210008477242-0400,85,84.91999999999999,,84.91999999999999
C,chicago,2026-07-07,20260707T220404650728-0400,85,84.91999999999999,,84.91999999999999
C,chicago,2026-07-07,20260707T230808666456-0400,85,84.91999999999999,,84.91999999999999
C,chicago,2026-07-07,20260708T000254254204-0400,85,84.91999999999999,,84.91999999999999
C,chicago,2026-07-08,20260708T010024190504-0400,75,75.02,,
C,chicago,2026-07-08,20260708T020418618540-0400,72,71.96,,
C,chicago,2026-07-08,20260708T030815790185-0400,70,69.98,,
C,chicago,2026-07-08,20260708T040246242319-0400,69,69.08,,
C,chicago,2026-07-08,20260708T050611789638-0400,69,69.08,,
C,chicago,2026-07-08,20260708T060040801065-0400,69,69.08,,
C,chicago,2026-07-08,20260708T070413638919-0400,70,69.98,,
C,chicago,2026-07-08,20260708T080754968020-0400,73,73.04,,73.04
C,chicago,2026-07-08,20260708T090233367356-0400,77,77.0,,77.0
C,chicago,2026-07-08,20260708T101156046682-0400,80,80.06,,80.06
C,chicago,2026-07-08,20260708T110942410931-0400,82,82.04,,82.04
C,chicago,2026-07-08,20260708T121602202727-0400,84,84.02,,84.02
C,chicago,2026-07-08,20260708T130133772395-0400,85,84.91999999999999,,84.91999999999999
C,chicago,2026-07-08,20260708T140734779573-0400,86,86.0,,86.0
C,chicago,2026-07-08,20260708T150549569008-0400,,,,
C,chicago,2026-07-08,20260708T160055399860-0400,88,87.98,,87.98
C,chicago,2026-07-08,20260708T171416551399-0400,88,87.98,,87.98
C,chicago,2026-07-08,20260708T180034020605-0400,88,87.98,,87.98
C,chicago,2026-07-08,20260708T190421123901-0400,88,87.98,,87.98
C,chicago,2026-07-08,20260708T200209321555-0400,88,87.98,,87.98
C,chicago,2026-07-08,20260708T210908226879-0400,88,87.98,,87.98
C,chicago,2026-07-08,20260708T220149425137-0400,88,87.98,,87.98
C,chicago,2026-07-08,20260708T230607956039-0400,88,87.98,,87.98
C,chicago,2026-07-08,20260709T000106398247-0400,88,87.98,,87.98
C,chicago,2026-07-09,20260709T010051008185-0400,78,78.08,,
C,chicago,2026-07-09,20260709T020628803638-0400,77,77.0,,
C,chicago,2026-07-09,20260709T030135099426-0400,76,75.92,,
C,chicago,2026-07-09,20260709T040507933366-0400,75,75.02,,
C,chicago,2026-07-09,20260709T050831069546-0400,75,75.02,,
C,chicago,2026-07-09,20260709T060258895679-0400,75,75.02,,
C,chicago,2026-07-09,20260709T070628269556-0400,74,73.94,,
C,chicago,2026-07-09,20260709T080056795761-0400,75,75.02,,75.02
C,chicago,2026-07-09,20260709T090849700766-0400,76,75.92,,75.92
C,chicago,2026-07-09,20260709T100454475202-0400,79,78.98,,78.98
C,chicago,2026-07-09,20260709T110447144967-0400,81,80.96,,80.96
C,chicago,2026-07-09,20260709T120625700822-0400,81,80.96,,80.96
C,chicago,2026-07-09,20260709T130038530248-0400,82,82.04,,82.04
C,chicago,2026-07-09,20260709T143024821656-0400,83,82.94,,82.94
C,chicago,2026-07-09,20260709T150700767504-0400,83,82.94,,82.94
C,chicago,2026-07-09,20260709T160839646132-0400,84,84.02,,84.02
C,chicago,2026-07-09,20260709T170404176415-0400,86,86.0,,86.0
C,chicago,2026-07-09,20260709T180133111455-0400,84,84.02,,84.02
C,chicago,2026-07-09,20260709T194505735586-0400,86,86.0,,86.0
C,chicago,2026-07-09,20260709T200342545386-0400,86,86.0,,86.0
C,chicago,2026-07-09,20260709T210237626239-0400,86,86.0,,86.0
C,chicago,2026-07-09,20260709T220630861709-0400,86,86.0,,86.0
C,chicago,2026-07-09,20260709T230537852122-0400,86,86.0,,86.0
C,chicago,2026-07-09,20260710T000217528079-0400,86,86.0,,86.0
C,chicago,2026-07-10,20260710T010552811733-0400,73,73.04,,
C,chicago,2026-07-10,20260710T020646444826-0400,72,71.96,,
C,chicago,2026-07-10,20260710T030226732697-0400,71,71.06,,
C,chicago,2026-07-10,20260710T040013827226-0400,70,69.98,,
C,chicago,2026-07-10,20260710T050226761924-0400,70,69.98,,
C,chicago,2026-07-10,20260710T060248314638-0400,70,69.98,,
C,chicago,2026-07-10,20260710T070616600601-0400,70,69.98,,
C,chicago,2026-07-10,20260710T080047613713-0400,70,69.98,,69.98
C,chicago,2026-07-10,20260710T090422136153-0400,72,71.96,,71.96
C,chicago,2026-07-10,20260710T100252001557-0400,75,75.02,,75.02
C,chicago,2026-07-10,20260710T110504763362-0400,77,77.0,,77.0
C,chicago,2026-07-10,20260710T120120647641-0400,79,78.98,,78.98
C,chicago,2026-07-10,20260710T130144147537-0400,79,78.98,,78.98
C,chicago,2026-07-10,20260710T140006845659-0400,80,80.06,,80.06
C,chicago,2026-07-10,20260710T151258600364-0400,81,80.96,,80.96
C,chicago,2026-07-10,20260710T160446333946-0400,81,80.96,,80.96
C,chicago,2026-07-10,20260710T170244679729-0400,81,80.96,,80.96
C,chicago,2026-07-10,20260710T180317510289-0400,81,80.96,,80.96
C,chicago,2026-07-10,20260710T191624690291-0400,81,80.96,,80.96
C,chicago,2026-07-10,20260710T200739763526-0400,81,80.96,,80.96
C,chicago,2026-07-10,20260710T210105934443-0400,81,80.96,,80.96
C,chicago,2026-07-10,20260710T224750983675-0400,81,80.96,,80.96
C,chicago,2026-07-10,20260710T230609969985-0400,81,80.96,,80.96
C,chicago,2026-07-10,20260711T000749814652-0400,81,80.96,,80.96
C,chicago,2026-07-11,20260711T010031593475-0400,70,69.98,,
C,chicago,2026-07-11,20260711T020408214935-0400,68,68.0,,
C,chicago,2026-07-11,20260711T031906768433-0400,67,66.92,,
C,chicago,2026-07-11,20260711T044027026435-0400,67,66.92,,
C,chicago,2026-07-11,20260711T050947708927-0400,66,66.02,,
C,chicago,2026-07-11,20260711T060409532197-0400,67,66.92,,
C,chicago,2026-07-11,20260711T070737933437-0400,67,66.92,,
C,chicago,2026-07-11,20260711T080230451452-0400,70,69.98,,69.98
C,chicago,2026-07-11,20260711T090609566190-0400,73,73.04,,73.04
C,chicago,2026-07-11,20260711T100559444468-0400,76,75.92,,75.92
C,chicago,2026-07-11,20260711T111107262584-0400,78,78.08,,78.08
C,chicago,2026-07-11,20260711T120450613992-0400,79,78.98,,78.98
C,chicago,2026-07-11,20260711T130446353203-0400,81,80.96,,80.96
C,chicago,2026-07-11,20260711T140636728411-0400,81,80.96,,80.96
C,chicago,2026-07-11,20260711T150658095723-0400,81,80.96,,80.96
C,chicago,2026-07-11,20260711T160419928846-0400,81,80.96,,80.96
C,chicago,2026-07-11,20260711T170049048619-0400,81,80.96,,80.96
C,chicago,2026-07-11,20260711T180754072245-0400,82,82.04,,82.04
C,chicago,2026-07-11,20260711T190015118554-0400,82,82.04,,82.04
C,chicago,2026-07-11,20260711T200435815111-0400,82,82.04,,82.04
C,chicago,2026-07-11,20260711T211321751742-0400,82,82.04,,82.04
C,chicago,2026-07-11,20260711T221634584632-0400,82,82.04,,82.04
C,chicago,2026-07-14,20260714T010638776586-0400,81,80.96,,
C,chicago,2026-07-14,20260714T020403596564-0400,79,78.98,,
C,chicago,2026-07-14,20260714T030203218809-0400,78,78.08,,
C,chicago,2026-07-14,20260714T040551541137-0400,77,77.0,,
C,chicago,2026-07-14,20260714T050020898448-0400,76,75.92,,
C,chicago,2026-07-14,20260714T060405570178-0400,75,75.02,,
C,chicago,2026-07-14,20260714T070748343526-0400,75,75.02,,
C,chicago,2026-07-14,20260714T080222374510-0400,76,75.92,,75.92
C,chicago,2026-07-14,20260714T090838692632-0400,79,78.98,,78.98
C,chicago,2026-07-14,20260714T100518724044-0400,82,82.04,,82.04
C,chicago,2026-07-14,20260714T110742003254-0400,86,86.0,,86.0
C,chicago,2026-07-14,20260714T120229338978-0400,88,87.98,,87.98
C,chicago,2026-07-14,20260714T130652898991-0400,90,89.96000000000001,,89.96000000000001
C,chicago,2026-07-14,20260714T140129939714-0400,88,87.98,,87.98
C,chicago,2026-07-14,20260714T150519521765-0400,93,93.02,,93.02
C,chicago,2026-07-14,20260714T160907062627-0400,94,93.91999999999999,,93.91999999999999
C,chicago,2026-07-14,20260714T170341585910-0400,96,96.08000000000001,,96.08000000000001
C,chicago,2026-07-14,20260714T180755074489-0400,96,96.08000000000001,,96.08000000000001
C,chicago,2026-07-14,20260714T190248316739-0400,96,96.08000000000001,,96.08000000000001
C,chicago,2026-07-14,20260714T200635436539-0400,96,96.08000000000001,,96.08000000000001
C,chicago,2026-07-14,20260714T210119959708-0400,96,96.08000000000001,,96.08000000000001
C,chicago,2026-07-14,20260714T225521013090-0400,96,96.08000000000001,,96.08000000000001
C,chicago,2026-07-14,20260714T235415640526-0400,96,96.08000000000001,,96.08000000000001
C,chicago,2026-07-15,20260715T010755415976-0400,83,82.94,,
C,chicago,2026-07-15,20260715T020418762750-0400,82,82.04,,
C,chicago,2026-07-15,20260715T030008481711-0400,80,80.06,,
C,chicago,2026-07-15,20260715T040406103335-0400,79,78.98,,
C,chicago,2026-07-15,20260715T050744984717-0400,78,78.08,,
C,chicago,2026-07-15,20260715T060220090432-0400,77,77.0,,
C,chicago,2026-07-15,20260715T070602821345-0400,76,75.92,,
C,chicago,2026-07-15,20260715T080035867539-0400,80,80.06,,
C,chicago,2026-07-15,20260715T090040086428-0400,77,77.0,,77.0
C,chicago,2026-07-15,20260715T100836107784-0400,84,84.02,,84.02
C,chicago,2026-07-15,20260715T110308788639-0400,86,86.0,,86.0
C,chicago,2026-07-15,20260715T120654161883-0400,88,87.98,,87.98
C,chicago,2026-07-15,20260715T130133856819-0400,90,89.96000000000001,,89.96000000000001
C,chicago,2026-07-15,20260715T140524836449-0400,92,91.94,,91.94
C,chicago,2026-07-15,20260715T150010155691-0400,92,91.94,,91.94
C,chicago,2026-07-15,20260715T160358724703-0400,94,93.91999999999999,,93.91999999999999
C,chicago,2026-07-15,20260715T170750171863-0400,94,93.91999999999999,,93.91999999999999
C,chicago,2026-07-15,20260715T180229615116-0400,94,93.91999999999999,,93.91999999999999
C,chicago,2026-07-15,20260715T190135908815-0400,94,93.91999999999999,,93.91999999999999
C,chicago,2026-07-15,20260715T200102423589-0400,94,93.91999999999999,,93.91999999999999
C,chicago,2026-07-15,20260715T210507381499-0400,94,93.91999999999999,,93.91999999999999
C,chicago,2026-07-15,20260715T225547109395-0400,94,93.91999999999999,,93.91999999999999
C,chicago,2026-07-15,20260715T230239265319-0400,94,93.91999999999999,,93.91999999999999
C,chicago,2026-07-15,20260716T000106414479-0400,94,93.91999999999999,,93.91999999999999
C,chicago,2026-07-16,20260716T010024110510-0400,,,,
C,chicago,2026-07-16,20260716T020410995812-0400,79,78.98,,
C,chicago,2026-07-16,20260716T030759441166-0400,79,78.98,,
C,chicago,2026-07-16,20260716T040242165789-0400,77,77.0,,
C,chicago,2026-07-16,20260716T050620649266-0400,77,77.0,,
C,chicago,2026-07-16,20260716T060058141891-0400,76,75.92,,
C,chicago,2026-07-16,20260716T070443507704-0400,75,75.02,,
C,chicago,2026-07-16,20260716T080830558350-0400,76,75.92,,75.92
C,chicago,2026-07-16,20260716T090313072897-0400,79,78.98,,78.98
C,chicago,2026-07-16,20260716T100702974671-0400,80,80.06,,80.06
C,chicago,2026-07-16,20260716T110250109799-0400,83,82.94,,82.94
C,chicago,2026-07-16,20260716T120708533398-0400,85,84.91999999999999,,84.91999999999999
C,chicago,2026-07-16,20260716T130150044116-0400,89,89.06,,89.06
C,chicago,2026-07-16,20260716T140549933735-0400,90,89.96000000000001,,89.96000000000001
C,chicago,2026-07-16,20260716T150041339596-0400,90,89.96000000000001,,89.96000000000001
C,chicago,2026-07-16,20260716T160500370226-0400,,,,
C,chicago,2026-07-16,20260716T170850002843-0400,90,89.96000000000001,,89.96000000000001
C,chicago,2026-07-16,20260716T180342949781-0400,90,89.96000000000001,,89.96000000000001
C,chicago,2026-07-16,20260716T190746524214-0400,90,89.96000000000001,,89.96000000000001
C,chicago,2026-07-16,20260716T201006993713-0400,90,89.96000000000001,,89.96000000000001
C,chicago,2026-07-16,20260716T210625806648-0400,90,89.96000000000001,,89.96000000000001
C,chicago,2026-07-16,20260716T220202125641-0400,90,89.96000000000001,,89.96000000000001
C,chicago,2026-07-16,20260716T230340526452-0400,90,89.96000000000001,,89.96000000000001
C,chicago,2026-07-16,20260717T000102093444-0400,90,89.96000000000001,,89.96000000000001
C,chicago,2026-07-17,20260717T010223813269-0400,78,78.08,,
C,chicago,2026-07-17,20260717T020613803751-0400,77,77.0,,
C,chicago,2026-07-17,20260717T030104168806-0400,77,77.0,,
C,chicago,2026-07-17,20260717T040509523652-0400,76,75.92,,
C,chicago,2026-07-17,20260717T050003063060-0400,77,77.0,,
C,chicago,2026-07-17,20260717T060354561004-0400,75,75.02,,
C,chicago,2026-07-17,20260717T070739351079-0400,77,77.0,,
C,chicago,2026-07-17,20260717T080221273740-0400,78,78.08,,78.08
C,chicago,2026-07-17,20260717T091055773026-0400,80,80.06,,80.06
C,chicago,2026-07-17,20260717T102829728624-0400,82,82.04,,82.04
C,chicago,2026-07-17,20260717T110509531900-0400,84,84.02,,84.02
C,chicago,2026-07-17,20260717T121350401349-0400,87,87.08000000000001,,87.08000000000001
C,chicago,2026-07-17,20260717T130843080131-0400,90,89.96000000000001,,89.96000000000001
C,chicago,2026-07-17,20260717T140333714598-0400,90,89.96000000000001,,89.96000000000001
C,chicago,2026-07-17,20260717T150722983942-0400,90,89.96000000000001,,89.96000000000001
C,chicago,2026-07-17,20260717T160602006245-0400,90,89.96000000000001,,89.96000000000001
C,chicago,2026-07-17,20260717T170037871676-0400,90,89.96000000000001,,89.96000000000001
C,chicago,2026-07-17,20260717T180714199280-0400,92,91.94,,91.94
C,chicago,2026-07-17,20260717T190347598049-0400,92,91.94,,91.94
C,chicago,2026-07-17,20260717T200909092948-0400,92,91.94,,91.94
C,chicago,2026-07-17,20260717T210402527269-0400,92,91.94,,91.94
C,chicago,2026-07-17,20260717T220817665804-0400,92,91.94,,91.94
C,chicago,2026-07-17,20260717T230339120066-0400,92,91.94,,91.94
C,chicago,2026-07-17,20260718T000836698041-0400,92,91.94,,91.94
C,chicago,2026-07-18,20260718T010031701795-0400,82,82.04,,
C,chicago,2026-07-18,20260718T020440087777-0400,81,80.96,,
C,chicago,2026-07-18,20260718T030833403455-0400,81,80.96,,
C,chicago,2026-07-18,20260718T040314334880-0400,80,80.06,,
C,chicago,2026-07-18,20260718T050653415287-0400,79,78.98,,
C,chicago,2026-07-18,20260718T060131659231-0400,80,80.06,,
C,chicago,2026-07-18,20260718T070518833127-0400,79,78.98,,
C,chicago,2026-07-18,20260718T080007768743-0400,79,78.98,,78.98
C,chicago,2026-07-18,20260718T090352186485-0400,80,80.06,,80.06
C,chicago,2026-07-18,20260718T100752130959-0400,82,82.04,,82.04
C,chicago,2026-07-18,20260718T110307026682-0400,86,86.0,,86.0
C,chicago,2026-07-18,20260718T120708498253-0400,86,86.0,,86.0
C,chicago,2026-07-18,20260718T130206934767-0400,86,86.0,,86.0
C,chicago,2026-07-18,20260718T140046804635-0400,86,86.0,,86.0
C,chicago,2026-07-18,20260718T150037683905-0400,86,86.0,,86.0
C,chicago,2026-07-18,20260718T160439519080-0400,89,89.06,,89.06
C,chicago,2026-07-18,20260718T170826794770-0400,91,91.03999999999999,,91.03999999999999
C,chicago,2026-07-18,20260718T180307160025-0400,91,91.03999999999999,,91.03999999999999
C,chicago,2026-07-18,20260718T190659156830-0400,91,91.03999999999999,,91.03999999999999
C,chicago,2026-07-18,20260718T200141763043-0400,91,91.03999999999999,,91.03999999999999
C,chicago,2026-07-18,20260718T210538814955-0400,91,91.03999999999999,,91.03999999999999
C,chicago,2026-07-18,20260718T220031287359-0400,91,91.03999999999999,,91.03999999999999
C,chicago,2026-07-18,20260718T230510146539-0400,91,91.03999999999999,,91.03999999999999
C,chicago,2026-07-18,20260719T000153882278-0400,91,91.03999999999999,,91.03999999999999
C,chicago,2026-07-19,20260719T010041799139-0400,71,71.06,,
C,chicago,2026-07-19,20260719T020432978516-0400,70,69.98,,
C,chicago,2026-07-19,20260719T030819101783-0400,69,69.08,,
C,chicago,2026-07-19,20260719T040258087196-0400,69,69.08,,
C,chicago,2026-07-19,20260719T050641131490-0400,70,69.98,,
C,chicago,2026-07-19,20260719T060117661314-0400,69,69.08,,
C,chicago,2026-07-19,20260719T070508503253-0400,69,69.08,,
C,chicago,2026-07-19,20260719T080854909712-0400,71,71.06,,71.06
C,chicago,2026-07-19,20260719T090336151299-0400,72,71.96,,71.96
C,chicago,2026-07-19,20260719T100823058030-0400,73,73.04,,73.04
C,chicago,2026-07-19,20260719T110353064534-0400,75,75.02,,75.02
C,chicago,2026-07-19,20260719T120342095331-0400,76,75.92,,75.92
C,chicago,2026-07-19,20260719T130235037908-0400,76,75.92,,75.92
C,chicago,2026-07-19,20260719T140624350582-0400,77,77.0,,77.0
C,chicago,2026-07-19,20260719T150105606003-0400,78,78.08,,78.08
C,chicago,2026-07-19,20260719T160502051851-0400,79,78.98,,78.98
C,chicago,2026-07-19,20260719T171443960760-0400,79,78.98,,78.98
C,chicago,2026-07-19,20260719T180918355437-0400,79,78.98,,78.98
C,chicago,2026-07-19,20260719T190153474066-0400,79,78.98,,78.98
C,chicago,2026-07-19,20260719T202543331215-0400,79,78.98,,78.98
C,chicago,2026-07-19,20260719T211426711032-0400,79,78.98,,78.98
C,chicago,2026-07-19,20260719T220628656782-0400,79,78.98,,78.98
C,chicago,2026-07-19,20260719T232730058623-0400,79,78.98,,78.98
C,chicago,2026-07-19,20260720T001353891576-0400,79,78.98,,78.98
C,chicago,2026-07-20,20260720T010045047085-0400,69,69.08,,
C,chicago,2026-07-20,20260720T020436403999-0400,68,68.0,,
C,chicago,2026-07-20,20260720T030903193498-0400,67,66.92,,
C,chicago,2026-07-20,20260720T040338321209-0400,66,66.02,,
C,chicago,2026-07-20,20260720T050715366342-0400,65,64.94,,
C,chicago,2026-07-20,20260720T060149190722-0400,66,66.02,,
C,chicago,2026-07-20,20260720T070536562042-0400,65,64.94,,
C,chicago,2026-07-20,20260720T080015121940-0400,67,66.92,,66.92
C,chicago,2026-07-20,20260720T090041093288-0400,71,71.06,,71.06
C,chicago,2026-07-20,20260720T100817972660-0400,74,73.94,,73.94
C,chicago,2026-07-20,20260720T110309922512-0400,76,75.92,,75.92
C,chicago,2026-07-20,20260720T120351661396-0400,77,77.0,,77.0
C,chicago,2026-07-20,20260720T131602228250-0400,78,78.08,,78.08
C,chicago,2026-07-20,20260720T140156557080-0400,78,78.08,,78.08
C,chicago,2026-07-20,20260720T150925816078-0400,78,78.08,,78.08
C,chicago,2026-07-20,20260720T162122036086-0400,,,,
C,chicago,2026-07-20,20260720T170802569216-0400,81,80.96,,80.96
C,chicago,2026-07-20,20260720T180939161158-0400,82,82.04,,82.04
C,chicago,2026-07-20,20260720T190505607863-0400,82,82.04,,82.04
C,chicago,2026-07-20,20260720T200015225524-0400,82,82.04,,82.04
C,chicago,2026-07-20,20260720T210433567850-0400,82,82.04,,82.04
C,chicago,2026-07-20,20260720T220851632410-0400,82,82.04,,82.04
C,chicago,2026-07-20,20260720T230253627117-0400,82,82.04,,82.04
C,chicago,2026-07-20,20260721T000747222460-0400,82,82.04,,82.04
C,chicago,2026-07-21,20260721T010040100684-0400,76,75.92,,
C,chicago,2026-07-21,20260721T020448288376-0400,76,75.92,,
C,chicago,2026-07-21,20260721T030845473152-0400,76,75.92,,
C,chicago,2026-07-21,20260721T040326227955-0400,77,77.0,,
C,chicago,2026-07-21,20260721T050707419687-0400,76,75.92,,
C,chicago,2026-07-21,20260721T060145412725-0400,75,75.02,,
C,chicago,2026-07-21,20260721T070538304174-0400,74,73.94,,
C,chicago,2026-07-21,20260721T080029639746-0400,74,73.94,,73.94
C,chicago,2026-07-21,20260721T090417799223-0400,75,75.02,,75.02
C,chicago,2026-07-21,20260721T100816883991-0400,78,78.08,,78.08
C,chicago,2026-07-21,20260721T110250674199-0400,81,80.96,,80.96
C,chicago,2026-07-21,20260721T120043508343-0400,78,78.08,,78.08
C,chicago,2026-07-21,20260721T130103691246-0400,83,82.94,,82.94
C,chicago,2026-07-21,20260721T140451033368-0400,84,84.02,,84.02
C,chicago,2026-07-21,20260721T150257866394-0400,84,84.02,,84.02
C,chicago,2026-07-21,20260721T160132278390-0400,86,86.0,,86.0
C,chicago,2026-07-21,20260721T171001424153-0400,86,86.0,,86.0
C,chicago,2026-07-21,20260721T180611057681-0400,86,86.0,,86.0
C,chicago,2026-07-21,20260721T190309170558-0400,86,86.0,,86.0
C,chicago,2026-07-21,20260721T200506514262-0400,86,86.0,,86.0
C,chicago,2026-07-21,20260721T210156214924-0400,86,86.0,,86.0
C,chicago,2026-07-21,20260721T220657209965-0400,86,86.0,,86.0
C,chicago,2026-07-21,20260721T230221976990-0400,86,86.0,,86.0
C,chicago,2026-07-21,20260722T000759819377-0400,86,86.0,,86.0
C,chicago,2026-07-22,20260722T010027681570-0400,68,68.0,,
C,chicago,2026-07-22,20260722T020432920437-0400,66,66.02,,
C,chicago,2026-07-22,20260722T030824654304-0400,66,66.02,,
C,chicago,2026-07-22,20260722T040305595438-0400,66,66.02,,
C,chicago,2026-07-22,20260722T050003451264-0400,64,64.04,,
C,chicago,2026-07-22,20260722T060348187474-0400,61,60.980000000000004,,
C,chicago,2026-07-22,20260722T070734033336-0400,60,60.08,,
C,chicago,2026-07-22,20260722T080040814349-0400,66,66.02,,
C,chicago,2026-07-22,20260722T090131465576-0400,61,60.980000000000004,,60.980000000000004
C,chicago,2026-07-22,20260722T100101307268-0400,66,66.02,,66.02
C,chicago,2026-07-22,20260722T110450273766-0400,68,68.0,,68.0
C,chicago,2026-07-22,20260722T120845077196-0400,68,68.0,,68.0
C,chicago,2026-07-22,20260722T130229463564-0400,68,68.0,,68.0
C,chicago,2026-07-22,20260722T140720279417-0400,71,71.06,,71.06
C,chicago,2026-07-22,20260722T150206509503-0400,71,71.06,,71.06
C,chicago,2026-07-22,20260722T160605199548-0400,72,71.96,,71.96
C,chicago,2026-07-22,20260722T170049248419-0400,72,71.96,,71.96
C,chicago,2026-07-22,20260722T180435865504-0400,74,73.94,,73.94
C,chicago,2026-07-22,20260722T190832640664-0400,74,73.94,,73.94
C,chicago,2026-07-22,20260722T200321605201-0400,74,73.94,,73.94
C,chicago,2026-07-22,20260722T210720772313-0400,74,73.94,,73.94
C,chicago,2026-07-22,20260722T220222441201-0400,74,73.94,,73.94
C,chicago,2026-07-22,20260722T230650624509-0400,74,73.94,,73.94
C,chicago,2026-07-22,20260723T000218633117-0400,74,73.94,,73.94
C,chicago,2026-07-23,20260723T010026757372-0400,63,62.959999999999994,,
C,chicago,2026-07-23,20260723T020411517118-0400,62,62.059999999999995,,
C,chicago,2026-07-23,20260723T030808182648-0400,61,60.980000000000004,,
C,chicago,2026-07-23,20260723T040247314962-0400,60,60.08,,
C,chicago,2026-07-23,20260723T050658151852-0400,59,59.0,,
C,chicago,2026-07-23,20260723T060125168707-0400,62,62.059999999999995,,
C,chicago,2026-07-23,20260723T070518594171-0400,59,59.0,,
C,chicago,2026-07-23,20260723T080000881255-0400,61,60.980000000000004,,60.980000000000004
C,chicago,2026-07-23,20260723T090352599537-0400,67,66.92,,66.92
C,chicago,2026-07-23,20260723T100231046032-0400,67,66.92,,66.92
C,chicago,2026-07-23,20260723T110125512210-0400,72,71.96,,71.96
C,chicago,2026-07-23,20260723T120555397544-0400,73,73.04,,73.04
C,chicago,2026-07-23,20260723T130032347648-0400,76,75.92,,75.92
C,chicago,2026-07-23,20260723T140427598304-0400,76,75.92,,75.92
C,chicago,2026-07-23,20260723T150817856813-0400,76,75.92,,75.92
C,chicago,2026-07-23,20260723T160310902312-0400,76,75.92,,75.92
C,chicago,2026-07-23,20260723T170700244163-0400,77,77.0,,77.0
C,chicago,2026-07-23,20260723T180137153262-0400,77,77.0,,77.0
C,chicago,2026-07-23,20260723T190523000409-0400,77,77.0,,77.0
C,chicago,2026-07-23,20260723T200005179446-0400,77,77.0,,77.0
C,chicago,2026-07-23,20260723T210356642534-0400,77,77.0,,77.0
C,chicago,2026-07-23,20260723T220806623246-0400,77,77.0,,77.0
C,chicago,2026-07-23,20260723T230315377088-0400,77,77.0,,77.0
C,chicago,2026-07-23,20260724T000742780286-0400,77,77.0,,77.0
C,chicago,2026-07-24,20260724T010026893878-0400,68,68.0,,
C,chicago,2026-07-24,20260724T020434326467-0400,67,66.92,,
C,chicago,2026-07-24,20260724T030825687434-0400,66,66.02,,
C,chicago,2026-07-24,20260724T040301448038-0400,66,66.02,,
C,chicago,2026-07-24,20260724T050810573819-0400,66,66.02,,
C,chicago,2026-07-24,20260724T060244926010-0400,66,66.02,,
C,chicago,2026-07-24,20260724T070633713027-0400,64,64.04,,
C,chicago,2026-07-24,20260724T080027401422-0400,67,66.92,,66.92
C,chicago,2026-07-24,20260724T090504526778-0400,68,68.0,,68.0
C,chicago,2026-07-24,20260724T100521646167-0400,66,66.02,,
C,chicago,2026-07-24,20260724T110329083559-0400,73,73.04,,73.04
C,chicago,2026-07-24,20260724T120711454610-0400,75,75.02,,75.02
C,chicago,2026-07-24,20260724T130154329427-0400,75,75.02,,75.02
C,chicago,2026-07-24,20260724T140544452017-0400,78,78.08,,78.08
C,chicago,2026-07-24,20260724T150025246539-0400,70,69.98,,69.98
C,chicago,2026-07-24,20260724T160427183347-0400,78,78.08,,78.08
C,chicago,2026-07-24,20260724T170816113445-0400,78,78.08,,78.08
C,chicago,2026-07-24,20260724T180253513292-0400,78,78.08,,78.08
C,chicago,2026-07-24,20260724T190636067857-0400,78,78.08,,78.08
C,chicago,2026-07-24,20260724T200126118107-0400,78,78.08,,78.08
C,chicago,2026-07-24,20260724T210521120879-0400,78,78.08,,78.08
C,chicago,2026-07-24,20260724T220022164365-0400,78,78.08,,78.08
C,chicago,2026-07-24,20260724T230513546517-0400,78,78.08,,78.08
C,chicago,2026-07-24,20260725T000046568859-0400,78,78.08,,78.08
C,chicago,2026-07-25,20260725T010035811012-0400,68,68.0,,
C,chicago,2026-07-25,20260725T020433050337-0400,68,68.0,,
C,chicago,2026-07-25,20260725T030825547647-0400,67,66.92,,
C,chicago,2026-07-25,20260725T040306081698-0400,65,64.94,,
C,chicago,2026-07-25,20260725T050001994362-0400,63,62.959999999999994,,
C,chicago,2026-07-25,20260725T060343250845-0400,64,64.04,,
C,chicago,2026-07-25,20260725T070724540665-0400,63,62.959999999999994,,
C,chicago,2026-07-25,20260725T080204776243-0400,65,64.94,,64.94
C,chicago,2026-07-25,20260725T090553243119-0400,68,68.0,,68.0
C,chicago,2026-07-25,20260725T100027590918-0400,64,64.04,,
C,chicago,2026-07-25,20260725T110409864835-0400,74,73.94,,73.94
C,chicago,2026-07-25,20260725T120754840576-0400,77,77.0,,77.0
C,chicago,2026-07-25,20260725T130234046211-0400,77,77.0,,77.0
C,chicago,2026-07-25,20260725T140035504125-0400,77,77.0,,77.0
C,chicago,2026-07-25,20260725T150104488289-0400,77,77.0,,77.0
C,chicago,2026-07-25,20260725T160457523230-0400,78,78.08,,78.08
C,chicago,2026-07-25,20260725T170845432254-0400,80,80.06,,80.06
C,chicago,2026-07-25,20260725T180324589461-0400,80,80.06,,80.06
C,chicago,2026-07-25,20260725T190716796655-0400,80,80.06,,80.06
C,chicago,2026-07-25,20260725T200210173303-0400,80,80.06,,80.06
C,chicago,2026-07-25,20260725T210135715769-0400,78,78.08,,78.08
C,chicago,2026-07-25,20260725T220105030729-0400,80,80.06,,80.06
C,chicago,2026-07-25,20260725T230141696903-0400,80,80.06,,80.06
C,chicago,2026-07-25,20260726T000652813602-0400,80,80.06,,80.06
C,chicago,2026-07-26,20260726T010021753622-0400,72,71.96,,
C,chicago,2026-07-26,20260726T020429516228-0400,72,71.96,,
C,chicago,2026-07-26,20260726T030822087291-0400,72,71.96,,
C,chicago,2026-07-26,20260726T040301287118-0400,72,71.96,,
C,chicago,2026-07-26,20260726T050021392738-0400,72,71.96,,
C,chicago,2026-07-26,20260726T060854039223-0400,72,71.96,,
C,chicago,2026-07-26,20260726T070334329244-0400,73,73.04,,
C,chicago,2026-07-26,20260726T080724448184-0400,73,73.04,,73.04
C,chicago,2026-07-26,20260726T090203345838-0400,75,75.02,,75.02
C,chicago,2026-07-26,20260726T100542572997-0400,79,78.98,,78.98
C,chicago,2026-07-26,20260726T110017084020-0400,81,80.96,,80.96
C,chicago,2026-07-26,20260726T120358927081-0400,84,84.02,,84.02
C,chicago,2026-07-26,20260726T130747109273-0400,87,87.08000000000001,,87.08000000000001
C,chicago,2026-07-26,20260726T140234387023-0400,88,87.98,,87.98
C,chicago,2026-07-26,20260726T150618128151-0400,89,89.06,,89.06
C,chicago,2026-07-26,20260726T160113138715-0400,89,89.06,,89.06
C,chicago,2026-07-26,20260726T170504622832-0400,91,91.03999999999999,,91.03999999999999
C,chicago,2026-07-26,20260726T180852080281-0400,91,91.03999999999999,,91.03999999999999
C,chicago,2026-07-26,20260726T190328919611-0400,91,91.03999999999999,,91.03999999999999
C,chicago,2026-07-26,20260726T200718135651-0400,91,91.03999999999999,,91.03999999999999
C,chicago,2026-07-26,20260726T210202604829-0400,91,91.03999999999999,,91.03999999999999
C,chicago,2026-07-26,20260726T220609687830-0400,91,91.03999999999999,,91.03999999999999
C,chicago,2026-07-26,20260726T230120571369-0400,91,91.03999999999999,,91.03999999999999
C,chicago,2026-07-26,20260727T000539456750-0400,91,91.03999999999999,,91.03999999999999
C,chicago,2026-07-27,20260727T010030818927-0400,81,80.96,,
C,chicago,2026-07-27,20260727T020413003028-0400,80,80.06,,
C,chicago,2026-07-27,20260727T030825671712-0400,79,78.98,,
C,chicago,2026-07-27,20260727T040306166732-0400,,,,
C,chicago,2026-07-27,20260727T050704981925-0400,79,78.98,,
C,chicago,2026-07-27,20260727T060142132749-0400,80,80.06,,
C,chicago,2026-07-27,20260727T070524285960-0400,79,78.98,,
C,chicago,2026-07-27,20260727T080005886581-0400,79,78.98,,78.98
C,chicago,2026-07-27,20260727T090354714127-0400,80,80.06,,80.06
C,chicago,2026-07-27,20260727T100740835839-0400,80,80.06,,80.06
C,chicago,2026-07-27,20260727T110221700971-0400,80,80.06,,80.06
C,chicago,2026-07-27,20260727T120614444412-0400,85,84.91999999999999,,84.91999999999999
C,chicago,2026-07-27,20260727T130051233868-0400,85,84.91999999999999,,84.91999999999999
C,chicago,2026-07-27,20260727T140440672203-0400,85,84.91999999999999,,84.91999999999999
C,chicago,2026-07-27,20260727T150842447316-0400,85,84.91999999999999,,84.91999999999999
C,chicago,2026-07-27,20260727T160332338103-0400,85,84.91999999999999,,84.91999999999999
C,chicago,2026-07-27,20260727T170716158062-0400,85,84.91999999999999,,84.91999999999999
C,chicago,2026-07-27,20260727T180201356962-0400,85,84.91999999999999,,84.91999999999999
C,chicago,2026-07-27,20260727T190556136446-0400,85,84.91999999999999,,84.91999999999999
C,chicago,2026-07-27,20260727T200049611038-0400,85,84.91999999999999,,84.91999999999999
C,chicago,2026-07-27,20260727T210442002733-0400,85,84.91999999999999,,84.91999999999999
C,chicago,2026-07-27,20260727T220854605554-0400,85,84.91999999999999,,84.91999999999999
C,chicago,2026-07-27,20260727T230400728412-0400,85,84.91999999999999,,84.91999999999999
C,chicago,2026-07-27,20260728T000821794671-0400,85,84.91999999999999,,84.91999999999999
C,chicago,2026-07-28,20260728T010037856995-0400,75,75.02,,
C,chicago,2026-07-28,20260728T020420501024-0400,74,73.94,,
C,chicago,2026-07-28,20260728T030839307984-0400,74,73.94,,
C,chicago,2026-07-28,20260728T040318718211-0400,73,73.04,,
C,chicago,2026-07-28,20260728T050754930027-0400,71,71.06,,
C,chicago,2026-07-28,20260728T060234943450-0400,69,69.08,,
C,chicago,2026-07-28,20260728T070039536618-0400,74,73.94,,
C,chicago,2026-07-28,20260728T080029334702-0400,73,73.04,,
C,chicago,2026-07-28,20260728T090046119053-0400,69,69.08,,69.08
C,chicago,2026-07-28,20260728T100827755953-0400,69,69.08,,69.08
C,chicago,2026-07-28,20260728T110033759962-0400,71,71.06,,71.06
C,chicago,2026-07-28,20260728T120030527049-0400,69,69.08,,69.08
C,chicago,2026-07-28,20260728T130137104762-0400,75,75.02,,75.02
C,chicago,2026-07-28,20260728T140526302108-0400,78,78.08,,78.08
C,chicago,2026-07-28,20260728T150011422048-0400,75,75.02,,75.02
C,chicago,2026-07-28,20260728T160404982291-0400,79,78.98,,78.98
C,chicago,2026-07-28,20260728T170750449480-0400,79,78.98,,78.98
C,chicago,2026-07-28,20260728T180230315052-0400,79,78.98,,78.98
C,chicago,2026-07-28,20260728T190614749127-0400,79,78.98,,78.98
C,chicago,2026-07-28,20260728T200101151519-0400,79,78.98,,78.98
C,chicago,2026-07-28,20260728T210454795898-0400,79,78.98,,78.98
C,chicago,2026-07-28,20260728T220908164741-0400,79,78.98,,78.98
C,chicago,2026-07-28,20260728T230420927984-0400,79,78.98,,78.98
C,chicago,2026-07-28,20260729T000850395316-0400,79,78.98,,78.98
C,chicago,2026-07-29,20260729T010031941670-0400,68,68.0,,
C,chicago,2026-07-29,20260729T020415206372-0400,65,64.94,,
C,chicago,2026-07-29,20260729T030803363958-0400,65,64.94,,
C,chicago,2026-07-29,20260729T040244372159-0400,64,64.04,,
C,chicago,2026-07-29,20260729T050643448972-0400,63,62.959999999999994,,
C,chicago,2026-07-29,20260729T060126752370-0400,63,62.959999999999994,,
C,chicago,2026-07-29,20260729T070507797585-0400,63,62.959999999999994,,
C,chicago,2026-07-29,20260729T080853821136-0400,64,64.04,,64.04
C,chicago,2026-07-29,20260729T090132170974-0400,63,62.959999999999994,,
C,chicago,2026-07-29,20260729T100714868047-0400,71,71.06,,71.06
C,chicago,2026-07-29,20260729T110146048819-0400,74,73.94,,73.94
C,chicago,2026-07-29,20260729T120529483028-0400,75,75.02,,75.02
C,chicago,2026-07-29,20260729T130007014513-0400,75,75.02,,75.02
C,chicago,2026-07-29,20260729T140356099971-0400,77,77.0,,77.0
C,chicago,2026-07-29,20260729T150747030545-0400,78,78.08,,78.08
C,chicago,2026-07-29,20260729T160231914642-0400,79,78.98,,78.98
C,chicago,2026-07-29,20260729T170621131917-0400,80,80.06,,80.06
C,chicago,2026-07-29,20260729T180102210417-0400,80,80.06,,80.06
C,chicago,2026-07-29,20260729T190449111356-0400,80,80.06,,80.06
C,chicago,2026-07-29,20260729T200840390974-0400,80,80.06,,80.06
C,chicago,2026-07-29,20260729T210413103741-0400,80,80.06,,80.06
C,chicago,2026-07-29,20260729T220710366387-0400,80,80.06,,80.06
C,chicago,2026-07-29,20260729T230835216414-0400,80,80.06,,80.06
C,chicago,2026-07-29,20260730T000411562360-0400,80,80.06,,80.06
C,chicago,2026-07-30,20260730T010030995476-0400,69,69.08,,
C,chicago,2026-07-30,20260730T020440500671-0400,66,66.02,,
C,chicago,2026-07-30,20260730T030855792328-0400,65,64.94,,
C,chicago,2026-07-30,20260730T040334914448-0400,64,64.04,,
C,chicago,2026-07-30,20260730T050041779059-0400,64,64.04,,
C,chicago,2026-07-30,20260730T060449157488-0400,63,62.959999999999994,,
C,chicago,2026-07-30,20260730T070859252473-0400,63,62.959999999999994,,
C,chicago,2026-07-30,20260730T080343161935-0400,66,66.02,,66.02
C,chicago,2026-07-30,20260730T090732282818-0400,71,71.06,,71.06
C,chicago,2026-07-30,20260730T100212628856-0400,76,75.92,,75.92
C,chicago,2026-07-30,20260730T110550885005-0400,79,78.98,,78.98
C,chicago,2026-07-30,20260730T120027065867-0400,82,82.04,,82.04
C,chicago,2026-07-30,20260730T130408360503-0400,83,82.94,,82.94
C,chicago,2026-07-30,20260730T140807769785-0400,85,84.91999999999999,,84.91999999999999
C,chicago,2026-07-30,20260730T150253854092-0400,85,84.91999999999999,,84.91999999999999
C,chicago,2026-07-30,20260730T160645891151-0400,86,86.0,,86.0
C,chicago,2026-07-30,20260730T170123720082-0400,86,86.0,,86.0
C,chicago,2026-07-30,20260730T180513860973-0400,86,86.0,,86.0
C,chicago,2026-07-30,20260730T190859790645-0400,86,86.0,,86.0
C,chicago,2026-07-30,20260730T200340700532-0400,86,86.0,,86.0
C,chicago,2026-07-30,20260730T210727667603-0400,86,86.0,,86.0
C,chicago,2026-07-30,20260730T220238992561-0400,86,86.0,,86.0
C,chicago,2026-07-30,20260730T230713002627-0400,86,86.0,,86.0
C,chicago,2026-07-30,20260731T000221650495-0400,86,86.0,,86.0
C,dallas,2026-07-01,20260701T010032-0400,,,,
C,dallas,2026-07-01,20260701T020401-0400,,,,
C,dallas,2026-07-01,20260701T030758-0400,,,,
C,dallas,2026-07-01,20260701T040220-0400,,,,
C,dallas,2026-07-01,20260701T050542-0400,,,,
C,dallas,2026-07-01,20260701T060005-0400,,,,
C,dallas,2026-07-01,20260701T070335-0400,,,,
C,dallas,2026-07-01,20260701T080705-0400,,,,
C,dallas,2026-07-01,20260701T090136-0400,,,,
C,dallas,2026-07-01,20260701T100740-0400,,,,
C,dallas,2026-07-01,20260701T110731-0400,,,,
C,dallas,2026-07-01,20260701T120406-0400,,,,
C,dallas,2026-07-01,20260701T130456-0400,,,,
C,dallas,2026-07-01,20260701T140631-0400,,,,
C,dallas,2026-07-01,20260701T150315-0400,,,,
C,dallas,2026-07-01,20260701T160644-0400,,,,
C,dallas,2026-07-01,20260701T170213-0400,,,,
C,dallas,2026-07-01,20260701T180616-0400,,,,
C,dallas,2026-07-01,20260701T190005-0400,,,,
C,dallas,2026-07-01,20260701T200343-0400,,,,
C,dallas,2026-07-01,20260701T210722-0400,,,,
C,dallas,2026-07-01,20260701T220200-0400,,,,
C,dallas,2026-07-01,20260701T230622-0400,,,,
C,dallas,2026-07-01,20260702T000140-0400,,,,
C,dallas,2026-07-02,20260702T010053-0400,,,,
C,dallas,2026-07-02,20260702T020434-0400,,,,
C,dallas,2026-07-02,20260702T030803-0400,,,,
C,dallas,2026-07-02,20260702T040232-0400,,,,
C,dallas,2026-07-02,20260702T050555-0400,,,,
C,dallas,2026-07-02,20260702T060021-0400,,,,
C,dallas,2026-07-02,20260702T070353-0400,,,,
C,dallas,2026-07-02,20260702T080733-0400,,,,
C,dallas,2026-07-02,20260702T090206-0400,,,,
C,dallas,2026-07-02,20260702T100815-0400,,,,
C,dallas,2026-07-02,20260702T110546-0400,,,,
C,dallas,2026-07-02,20260702T120108-0400,,,,
C,dallas,2026-07-02,20260702T130503-0400,,,,
C,dallas,2026-07-02,20260702T140852-0400,,,,
C,dallas,2026-07-02,20260702T150351-0400,,,,
C,dallas,2026-07-02,20260702T160737-0400,,,,
C,dallas,2026-07-02,20260702T170159-0400,,,,
C,dallas,2026-07-02,20260702T181504-0400,95,95.0,,95.0
C,dallas,2026-07-02,20260702T190119-0400,95,95.0,,95.0
C,dallas,2026-07-02,20260702T200529-0400,95,95.0,,95.0
C,dallas,2026-07-02,20260702T210039-0400,95,95.0,,95.0
C,dallas,2026-07-02,20260702T220053-0400,95,95.0,,95.0
C,dallas,2026-07-02,20260702T230514-0400,95,95.0,,95.0
C,dallas,2026-07-02,20260703T001021-0400,95,95.0,,95.0
C,dallas,2026-07-03,20260703T010647-0400,86,86.0,,
C,dallas,2026-07-03,20260703T021418-0400,83,82.94,,
C,dallas,2026-07-03,20260703T030319-0400,83,82.94,,
C,dallas,2026-07-03,20260703T040700-0400,82,82.04,,
C,dallas,2026-07-03,20260703T050128-0400,81,80.96,,
C,dallas,2026-07-03,20260703T060456-0400,81,80.96,,
C,dallas,2026-07-03,20260703T070827-0400,80,80.06,,
C,dallas,2026-07-03,20260703T080257-0400,80,80.06,,80.06
C,dallas,2026-07-03,20260703T090633-0400,81,80.96,,80.96
C,dallas,2026-07-03,20260703T100501-0400,84,84.02,,84.02
C,dallas,2026-07-03,20260703T110746-0400,87,87.08000000000001,,87.08000000000001
C,dallas,2026-07-03,20260703T120311-0400,90,89.96000000000001,,89.96000000000001
C,dallas,2026-07-03,20260703T131409-0400,92,91.94,,91.94
C,dallas,2026-07-03,20260703T140431-0400,94,93.91999999999999,,93.91999999999999
C,dallas,2026-07-03,20260703T151611-0400,95,95.0,,95.0
C,dallas,2026-07-03,20260703T161004-0400,96,96.08000000000001,,96.08000000000001
C,dallas,2026-07-03,20260703T170342-0400,97,96.98,,96.98
C,dallas,2026-07-03,20260703T182732-0400,97,96.98,,96.98
C,dallas,2026-07-03,20260703T190446-0400,97,96.98,,96.98
C,dallas,2026-07-03,20260703T204920688507-0400,97,96.98,,96.98
C,dallas,2026-07-03,20260703T210250178970-0400,97,96.98,,96.98
C,dallas,2026-07-03,20260703T225603448661-0400,97,96.98,,96.98
C,dallas,2026-07-03,20260703T230155087717-0400,97,96.98,,96.98
C,dallas,2026-07-03,20260704T000333747013-0400,97,96.98,,96.98
C,dallas,2026-07-04,20260704T010050451052-0400,89,89.06,,
C,dallas,2026-07-04,20260704T020330978464-0400,88,87.98,,
C,dallas,2026-07-04,20260704T030841387981-0400,86,86.0,,
C,dallas,2026-07-04,20260704T040310098267-0400,85,84.91999999999999,,
C,dallas,2026-07-04,20260704T050641751615-0400,85,84.91999999999999,,
C,dallas,2026-07-04,20260704T060105233534-0400,83,82.94,,
C,dallas,2026-07-04,20260704T070432917612-0400,83,82.94,,
C,dallas,2026-07-04,20260704T080808892490-0400,83,82.94,,82.94
C,dallas,2026-07-04,20260704T090240777077-0400,84,84.02,,84.02
C,dallas,2026-07-04,20260704T101026196134-0400,87,87.08000000000001,,87.08000000000001
C,dallas,2026-07-04,20260704T110438214768-0400,90,89.96000000000001,,89.96000000000001
C,dallas,2026-07-04,20260704T120249303133-0400,92,91.94,,91.94
C,dallas,2026-07-04,20260704T131109861786-0400,93,93.02,,93.02
C,dallas,2026-07-04,20260704T140632598290-0400,95,95.0,,95.0
C,dallas,2026-07-04,20260704T150247830945-0400,96,96.08000000000001,,96.08000000000001
C,dallas,2026-07-04,20260704T160302075220-0400,96,96.08000000000001,,96.08000000000001
C,dallas,2026-07-04,20260704T170351935682-0400,98,98.06,,98.06
C,dallas,2026-07-04,20260704T180301326545-0400,98,98.06,,98.06
C,dallas,2026-07-04,20260704T190631518539-0400,98,98.06,,98.06
C,dallas,2026-07-04,20260704T200104004635-0400,98,98.06,,98.06
C,dallas,2026-07-04,20260704T210444086535-0400,98,98.06,,98.06
C,dallas,2026-07-04,20260704T220833664093-0400,98,98.06,,98.06
C,dallas,2026-07-04,20260704T230313553878-0400,98,98.06,,98.06
C,dallas,2026-07-04,20260705T000711460080-0400,98,98.06,,98.06
C,dallas,2026-07-05,20260705T010055798243-0400,90,89.96000000000001,,
C,dallas,2026-07-05,20260705T020526536704-0400,90,89.96000000000001,,
C,dallas,2026-07-05,20260705T030028785846-0400,88,87.98,,
C,dallas,2026-07-05,20260705T040403300503-0400,81,80.96,,
C,dallas,2026-07-05,20260705T050726380395-0400,79,78.98,,
C,dallas,2026-07-05,20260705T060148143382-0400,78,78.08,,
C,dallas,2026-07-05,20260705T070515096444-0400,79,78.98,,
C,dallas,2026-07-05,20260705T080855742969-0400,79,78.98,,78.98
C,dallas,2026-07-05,20260705T090330493437-0400,80,80.06,,80.06
C,dallas,2026-07-05,20260705T101120209360-0400,85,84.91999999999999,,84.91999999999999
C,dallas,2026-07-05,20260705T110632367063-0400,89,89.06,,89.06
C,dallas,2026-07-05,20260705T120849335114-0400,91,91.03999999999999,,91.03999999999999
C,dallas,2026-07-05,20260705T130314206897-0400,93,93.02,,93.02
C,dallas,2026-07-05,20260705T140650751867-0400,94,93.91999999999999,,93.91999999999999
C,dallas,2026-07-05,20260705T150119645377-0400,97,96.98,,96.98
C,dallas,2026-07-05,20260705T160454804944-0400,97,96.98,,96.98
C,dallas,2026-07-05,20260705T170834806348-0400,97,96.98,,96.98
C,dallas,2026-07-05,20260705T180734406966-0400,97,96.98,,96.98
C,dallas,2026-07-05,20260705T190455823897-0400,97,96.98,,96.98
C,dallas,2026-07-05,20260705T202816491971-0400,97,96.98,,96.98
C,dallas,2026-07-05,20260705T210546668473-0400,97,96.98,,96.98
C,dallas,2026-07-05,20260705T220143107901-0400,97,96.98,,96.98
C,dallas,2026-07-05,20260705T233741418652-0400,97,96.98,,96.98
C,dallas,2026-07-05,20260706T000609693232-0400,97,96.98,,96.98
C,dallas,2026-07-07,20260707T010056510413-0400,91,91.03999999999999,,
C,dallas,2026-07-07,20260707T020715938196-0400,90,89.96000000000001,,
C,dallas,2026-07-07,20260707T030814094549-0400,90,89.96000000000001,,
C,dallas,2026-07-07,20260707T040246761202-0400,86,86.0,,
C,dallas,2026-07-07,20260707T050609948454-0400,85,84.91999999999999,,
C,dallas,2026-07-07,20260707T060031595781-0400,83,82.94,,
C,dallas,2026-07-07,20260707T070407740830-0400,82,82.04,,
C,dallas,2026-07-07,20260707T080746482112-0400,82,82.04,,82.04
C,dallas,2026-07-07,20260707T090217320492-0400,83,82.94,,82.94
C,dallas,2026-07-07,20260707T102448546307-0400,85,84.91999999999999,,84.91999999999999
C,dallas,2026-07-07,20260707T110843798757-0400,89,89.06,,89.06
C,dallas,2026-07-07,20260707T120801296013-0400,91,91.03999999999999,,91.03999999999999
C,dallas,2026-07-07,20260707T130335216837-0400,94,93.91999999999999,,93.91999999999999
C,dallas,2026-07-07,20260707T140720214822-0400,95,95.0,,95.0
C,dallas,2026-07-07,20260707T151122658244-0400,96,96.08000000000001,,96.08000000000001
C,dallas,2026-07-07,20260707T160739600113-0400,98,98.06,,98.06
C,dallas,2026-07-07,20260707T170447026317-0400,100,100.03999999999999,,100.03999999999999
C,dallas,2026-07-07,20260707T180723317870-0400,101,100.94,,100.94
C,dallas,2026-07-07,20260707T190200801895-0400,101,100.94,,100.94
C,dallas,2026-07-07,20260707T200548640079-0400,101,100.94,,100.94
C,dallas,2026-07-07,20260707T210017870358-0400,101,100.94,,100.94
C,dallas,2026-07-07,20260707T220417404047-0400,101,100.94,,100.94
C,dallas,2026-07-07,20260707T230826227942-0400,101,100.94,,100.94
C,dallas,2026-07-07,20260708T000314285463-0400,101,100.94,,100.94
C,dallas,2026-07-08,20260708T010031553763-0400,84,84.02,,
C,dallas,2026-07-08,20260708T020425190909-0400,83,82.94,,
C,dallas,2026-07-08,20260708T030823510646-0400,82,82.04,,
C,dallas,2026-07-08,20260708T040252736286-0400,83,82.94,,
C,dallas,2026-07-08,20260708T050617724358-0400,82,82.04,,
C,dallas,2026-07-08,20260708T060047032317-0400,83,82.94,,
C,dallas,2026-07-08,20260708T070421053831-0400,82,82.04,,
C,dallas,2026-07-08,20260708T080802726226-0400,81,80.96,,80.96
C,dallas,2026-07-08,20260708T090241292050-0400,82,82.04,,82.04
C,dallas,2026-07-08,20260708T101345596231-0400,85,84.91999999999999,,84.91999999999999
C,dallas,2026-07-08,20260708T110950977622-0400,89,89.06,,89.06
C,dallas,2026-07-08,20260708T121610211834-0400,92,91.94,,91.94
C,dallas,2026-07-08,20260708T130144898817-0400,95,95.0,,95.0
C,dallas,2026-07-08,20260708T140750422223-0400,97,96.98,,96.98
C,dallas,2026-07-08,20260708T150628739016-0400,99,98.96000000000001,,98.96000000000001
C,dallas,2026-07-08,20260708T160104404931-0400,99,98.96000000000001,,98.96000000000001
C,dallas,2026-07-08,20260708T171421112497-0400,100,100.03999999999999,,100.03999999999999
C,dallas,2026-07-08,20260708T180050163251-0400,100,100.03999999999999,,100.03999999999999
C,dallas,2026-07-08,20260708T190433956259-0400,101,100.94,,100.94
C,dallas,2026-07-08,20260708T200246457538-0400,101,100.94,,100.94
C,dallas,2026-07-08,20260708T210913885416-0400,101,100.94,,100.94
C,dallas,2026-07-08,20260708T220155762308-0400,101,100.94,,100.94
C,dallas,2026-07-08,20260708T230619876956-0400,101,100.94,,100.94
C,dallas,2026-07-08,20260709T000059389829-0400,101,100.94,,100.94
C,dallas,2026-07-09,20260709T010100490541-0400,90,89.96000000000001,,
C,dallas,2026-07-09,20260709T020636465877-0400,89,89.06,,
C,dallas,2026-07-09,20260709T030141937515-0400,87,87.08000000000001,,
C,dallas,2026-07-09,20260709T040515622620-0400,86,86.0,,
C,dallas,2026-07-09,20260709T050839535454-0400,86,86.0,,
C,dallas,2026-07-09,20260709T060305204763-0400,85,84.91999999999999,,
C,dallas,2026-07-09,20260709T070643369163-0400,85,84.91999999999999,,
C,dallas,2026-07-09,20260709T080109534793-0400,84,84.02,,84.02
C,dallas,2026-07-09,20260709T090857441466-0400,84,84.02,,84.02
C,dallas,2026-07-09,20260709T100512973655-0400,87,87.08000000000001,,87.08000000000001
C,dallas,2026-07-09,20260709T110546144517-0400,87,87.08000000000001,,87.08000000000001
C,dallas,2026-07-09,20260709T120633826176-0400,91,91.03999999999999,,91.03999999999999
C,dallas,2026-07-09,20260709T130042951709-0400,94,93.91999999999999,,93.91999999999999
C,dallas,2026-07-09,20260709T140230956838-0400,96,96.08000000000001,,96.08000000000001
C,dallas,2026-07-09,20260709T150713162368-0400,98,98.06,,98.06
C,dallas,2026-07-09,20260709T160849235349-0400,99,98.96000000000001,,98.96000000000001
C,dallas,2026-07-09,20260709T170408544483-0400,100,100.03999999999999,,100.03999999999999
C,dallas,2026-07-09,20260709T180627342772-0400,101,100.94,,100.94
C,dallas,2026-07-09,20260709T194510131097-0400,101,100.94,,100.94
C,dallas,2026-07-09,20260709T200346484603-0400,101,100.94,,100.94
C,dallas,2026-07-09,20260709T212601305245-0400,101,100.94,,100.94
C,dallas,2026-07-09,20260709T220640142788-0400,101,100.94,,100.94
C,dallas,2026-07-09,20260709T230552355972-0400,101,100.94,,100.94
C,dallas,2026-07-09,20260710T000255128549-0400,101,100.94,,100.94
C,dallas,2026-07-10,20260710T010037939443-0400,91,91.03999999999999,,
C,dallas,2026-07-10,20260710T020729386533-0400,89,89.06,,
C,dallas,2026-07-10,20260710T030243183288-0400,87,87.08000000000001,,
C,dallas,2026-07-10,20260710T040105090886-0400,85,84.91999999999999,,
C,dallas,2026-07-10,20260710T050254051933-0400,85,84.91999999999999,,
C,dallas,2026-07-10,20260710T060645787361-0400,84,84.02,,
C,dallas,2026-07-10,20260710T070109643075-0400,84,84.02,,
C,dallas,2026-07-10,20260710T080442983218-0400,82,82.04,,82.04
C,dallas,2026-07-10,20260710T090818679192-0400,83,82.94,,82.94
C,dallas,2026-07-10,20260710T100806477934-0400,86,86.0,,86.0
C,dallas,2026-07-10,20260710T110524252275-0400,88,87.98,,87.98
C,dallas,2026-07-10,20260710T120849705385-0400,91,91.03999999999999,,91.03999999999999
C,dallas,2026-07-10,20260710T130012727455-0400,93,93.02,,93.02
C,dallas,2026-07-10,20260710T140033048357-0400,95,95.0,,95.0
C,dallas,2026-07-10,20260710T151311161170-0400,96,96.08000000000001,,96.08000000000001
C,dallas,2026-07-10,20260710T160113228751-0400,97,96.98,,96.98
C,dallas,2026-07-10,20260710T170820444493-0400,98,98.06,,98.06
C,dallas,2026-07-10,20260710T180507247962-0400,98,98.06,,98.06
C,dallas,2026-07-10,20260710T191910635819-0400,98,98.06,,98.06
C,dallas,2026-07-10,20260710T200811456460-0400,98,98.06,,98.06
C,dallas,2026-07-10,20260710T210146857468-0400,98,98.06,,98.06
C,dallas,2026-07-10,20260710T220610701909-0400,98,98.06,,98.06
C,dallas,2026-07-10,20260710T230645632164-0400,98,98.06,,98.06
C,dallas,2026-07-10,20260711T000824626313-0400,98,98.06,,98.06
C,dallas,2026-07-11,20260711T010039140846-0400,88,87.98,,
C,dallas,2026-07-11,20260711T020416958168-0400,86,86.0,,
C,dallas,2026-07-11,20260711T031917898521-0400,85,84.91999999999999,,
C,dallas,2026-07-11,20260711T044036093880-0400,84,84.02,,
C,dallas,2026-07-11,20260711T050047803672-0400,83,82.94,,
C,dallas,2026-07-11,20260711T060415663468-0400,82,82.04,,
C,dallas,2026-07-11,20260711T070744141944-0400,81,80.96,,
C,dallas,2026-07-11,20260711T080238306642-0400,81,80.96,,80.96
C,dallas,2026-07-11,20260711T090616557521-0400,82,82.04,,82.04
C,dallas,2026-07-11,20260711T100635008383-0400,83,82.94,,82.94
C,dallas,2026-07-11,20260711T111123540381-0400,87,87.08000000000001,,87.08000000000001
C,dallas,2026-07-11,20260711T120509988086-0400,90,89.96000000000001,,89.96000000000001
C,dallas,2026-07-11,20260711T130455757410-0400,92,91.94,,91.94
C,dallas,2026-07-11,20260711T140641871815-0400,94,93.91999999999999,,93.91999999999999
C,dallas,2026-07-11,20260711T150705838398-0400,94,93.91999999999999,,93.91999999999999
C,dallas,2026-07-11,20260711T160429455815-0400,95,95.0,,95.0
C,dallas,2026-07-11,20260711T170058427311-0400,95,95.0,,95.0
C,dallas,2026-07-11,20260711T180802733425-0400,98,98.06,,98.06
C,dallas,2026-07-11,20260711T190104788063-0400,98,98.06,,98.06
C,dallas,2026-07-11,20260711T200537938977-0400,98,98.06,,98.06
C,dallas,2026-07-11,20260711T211327256934-0400,98,98.06,,98.06
C,dallas,2026-07-11,20260711T221636376584-0400,98,98.06,,98.06
C,dallas,2026-07-14,20260714T010234916919-0400,81,80.96,,
C,dallas,2026-07-14,20260714T020651187683-0400,80,80.06,,
C,dallas,2026-07-14,20260714T030247853870-0400,79,78.98,,
C,dallas,2026-07-14,20260714T040630632118-0400,79,78.98,,
C,dallas,2026-07-14,20260714T050058131137-0400,79,78.98,,
C,dallas,2026-07-14,20260714T060436604523-0400,78,78.08,,
C,dallas,2026-07-14,20260714T070815389380-0400,,,,
C,dallas,2026-07-14,20260714T080251337389-0400,77,77.0,,77.0
C,dallas,2026-07-14,20260714T090839623339-0400,78,78.08,,78.08
C,dallas,2026-07-14,20260714T100525858028-0400,,,,
C,dallas,2026-07-14,20260714T110741809756-0400,82,82.04,,82.04
C,dallas,2026-07-14,20260714T120336160349-0400,84,84.02,,84.02
C,dallas,2026-07-14,20260714T130800329760-0400,88,87.98,,87.98
C,dallas,2026-07-14,20260714T140235231652-0400,88,87.98,,87.98
C,dallas,2026-07-14,20260714T150624253385-0400,91,91.03999999999999,,91.03999999999999
C,dallas,2026-07-14,20260714T160121241573-0400,91,91.03999999999999,,91.03999999999999
C,dallas,2026-07-14,20260714T170459649092-0400,91,91.03999999999999,,91.03999999999999
C,dallas,2026-07-14,20260714T180030664033-0400,91,91.03999999999999,,91.03999999999999
C,dallas,2026-07-14,20260714T190414966733-0400,91,91.03999999999999,,91.03999999999999
C,dallas,2026-07-14,20260714T200759689001-0400,91,91.03999999999999,,91.03999999999999
C,dallas,2026-07-14,20260714T210244317792-0400,91,91.03999999999999,,91.03999999999999
C,dallas,2026-07-14,20260714T220536467460-0400,91,91.03999999999999,,91.03999999999999
C,dallas,2026-07-14,20260714T230227226602-0400,91,91.03999999999999,,91.03999999999999
C,dallas,2026-07-14,20260715T000719696886-0400,91,91.03999999999999,,91.03999999999999
C,dallas,2026-07-15,20260715T010226037258-0400,79,78.98,,
C,dallas,2026-07-15,20260715T020717452567-0400,79,78.98,,
C,dallas,2026-07-15,20260715T030253200666-0400,79,78.8,,
C,dallas,2026-07-15,20260715T040650590924-0400,77,77.0,,
C,dallas,2026-07-15,20260715T050116697868-0400,77,77.0,,
C,dallas,2026-07-15,20260715T060455187398-0400,77,77.0,,
C,dallas,2026-07-15,20260715T070835943503-0400,77,77.0,,
C,dallas,2026-07-15,20260715T080311890632-0400,77,77.0,,77.0
C,dallas,2026-07-15,20260715T090758898467-0400,78,78.08,,78.08
C,dallas,2026-07-15,20260715T100237240426-0400,80,80.06,,80.06
C,dallas,2026-07-15,20260715T110611225722-0400,82,82.04,,82.04
C,dallas,2026-07-15,20260715T120047415149-0400,84,84.02,,84.02
C,dallas,2026-07-15,20260715T130427021465-0400,87,87.08000000000001,,87.08000000000001
C,dallas,2026-07-15,20260715T140350765797-0400,87,87.08000000000001,,87.08000000000001
C,dallas,2026-07-15,20260715T150257110714-0400,91,91.03999999999999,,91.03999999999999
C,dallas,2026-07-15,20260715T160651970364-0400,91,91.03999999999999,,91.03999999999999
C,dallas,2026-07-15,20260715T170124906236-0400,91,91.03999999999999,,91.03999999999999
C,dallas,2026-07-15,20260715T180504327710-0400,91,91.03999999999999,,91.03999999999999
C,dallas,2026-07-15,20260715T190844726388-0400,91,91.03999999999999,,91.03999999999999
C,dallas,2026-07-15,20260715T200326822264-0400,91,91.03999999999999,,91.03999999999999
C,dallas,2026-07-15,20260715T210717651214-0400,91,91.03999999999999,,91.03999999999999
C,dallas,2026-07-15,20260715T220401762308-0400,91,91.03999999999999,,91.03999999999999
C,dallas,2026-07-15,20260715T230416895612-0400,91,91.03999999999999,,91.03999999999999
C,dallas,2026-07-15,20260716T000230777449-0400,91,91.03999999999999,,91.03999999999999
C,dallas,2026-07-16,20260716T010049160522-0400,,,,
C,dallas,2026-07-16,20260716T020451778738-0400,79,78.98,,
C,dallas,2026-07-16,20260716T030837432364-0400,78,78.08,,
C,dallas,2026-07-16,20260716T040314954137-0400,78,78.08,,
C,dallas,2026-07-16,20260716T050651025290-0400,78,78.08,,
C,dallas,2026-07-16,20260716T060125693564-0400,77,77.0,,
C,dallas,2026-07-16,20260716T070512149432-0400,77,77.0,,
C,dallas,2026-07-16,20260716T080903429397-0400,77,77.0,,77.0
C,dallas,2026-07-16,20260716T090357200988-0400,78,78.08,,78.08
C,dallas,2026-07-16,20260716T100805731152-0400,80,80.06,,80.06
C,dallas,2026-07-16,20260716T110309356841-0400,82,82.04,,82.04
C,dallas,2026-07-16,20260716T120738790783-0400,84,84.02,,84.02
C,dallas,2026-07-16,20260716T130221695794-0400,87,87.08000000000001,,87.08000000000001
C,dallas,2026-07-16,20260716T140625687000-0400,88,87.98,,87.98
C,dallas,2026-07-16,20260716T150116801548-0400,88,87.98,,87.98
C,dallas,2026-07-16,20260716T160532190758-0400,89,89.06,,89.06
C,dallas,2026-07-16,20260716T170018109014-0400,89,89.06,,89.06
C,dallas,2026-07-16,20260716T180412516249-0400,89,89.06,,89.06
C,dallas,2026-07-16,20260716T190821105755-0400,89,89.06,,89.06
C,dallas,2026-07-16,20260716T201023891227-0400,89,89.06,,89.06
C,dallas,2026-07-16,20260716T211238995812-0400,89,89.06,,89.06
C,dallas,2026-07-16,20260716T220747864798-0400,89,89.06,,89.06
C,dallas,2026-07-16,20260716T230304430216-0400,89,89.06,,89.06
C,dallas,2026-07-16,20260717T000737202598-0400,89,89.06,,89.06
C,dallas,2026-07-17,20260717T010231568909-0400,79,78.98,,
C,dallas,2026-07-17,20260717T020623495286-0400,79,78.98,,
C,dallas,2026-07-17,20260717T030112416673-0400,79,78.98,,
C,dallas,2026-07-17,20260717T040520141692-0400,79,78.98,,
C,dallas,2026-07-17,20260717T050012085420-0400,79,78.98,,
C,dallas,2026-07-17,20260717T060403983801-0400,78,78.08,,
C,dallas,2026-07-17,20260717T070749850923-0400,79,78.98,,
C,dallas,2026-07-17,20260717T080234509612-0400,79,78.98,,78.98
C,dallas,2026-07-17,20260717T091105814382-0400,80,80.06,,80.06
C,dallas,2026-07-17,20260717T102849011716-0400,82,82.4,,82.4
C,dallas,2026-07-17,20260717T110522439811-0400,84,84.02,,84.02
C,dallas,2026-07-17,20260717T121401006490-0400,87,87.08000000000001,,87.08000000000001
C,dallas,2026-07-17,20260717T130908438666-0400,89,89.06,,89.06
C,dallas,2026-07-17,20260717T140401811349-0400,89,89.06,,89.06
C,dallas,2026-07-17,20260717T150240914560-0400,89,89.06,,89.06
C,dallas,2026-07-17,20260717T160532276105-0400,92,91.94,,91.94
C,dallas,2026-07-17,20260717T170854503605-0400,92,91.94,,91.94
C,dallas,2026-07-17,20260717T180214378505-0400,94,93.91999999999999,,93.91999999999999
C,dallas,2026-07-17,20260717T190410157206-0400,94,93.91999999999999,,93.91999999999999
C,dallas,2026-07-17,20260717T200027016581-0400,94,93.91999999999999,,93.91999999999999
C,dallas,2026-07-17,20260717T210433529728-0400,94,93.91999999999999,,93.91999999999999
C,dallas,2026-07-17,20260717T220854963167-0400,94,93.91999999999999,,93.91999999999999
C,dallas,2026-07-17,20260717T230421722367-0400,94,93.91999999999999,,93.91999999999999
C,dallas,2026-07-17,20260718T000912887090-0400,94,93.91999999999999,,93.91999999999999
C,dallas,2026-07-18,20260718T010038744992-0400,86,86.0,,
C,dallas,2026-07-18,20260718T020426130129-0400,85,84.91999999999999,,
C,dallas,2026-07-18,20260718T030813131232-0400,85,84.91999999999999,,
C,dallas,2026-07-18,20260718T040251280351-0400,83,82.94,,
C,dallas,2026-07-18,20260718T050637977875-0400,82,82.04,,
C,dallas,2026-07-18,20260718T060111994337-0400,81,80.96,,
C,dallas,2026-07-18,20260718T070458801511-0400,80,80.06,,
C,dallas,2026-07-18,20260718T080853563208-0400,80,80.06,,80.06
C,dallas,2026-07-18,20260718T090329665953-0400,80,80.06,,80.06
C,dallas,2026-07-18,20260718T100724127397-0400,83,82.94,,82.94
C,dallas,2026-07-18,20260718T110220037288-0400,86,86.0,,86.0
C,dallas,2026-07-18,20260718T120653387315-0400,89,89.06,,89.06
C,dallas,2026-07-18,20260718T130144387651-0400,91,91.03999999999999,,91.03999999999999
C,dallas,2026-07-18,20260718T140533823541-0400,93,93.02,,93.02
C,dallas,2026-07-18,20260718T150014144395-0400,93,93.02,,93.02
C,dallas,2026-07-18,20260718T160408201032-0400,94,93.91999999999999,,93.91999999999999
C,dallas,2026-07-18,20260718T170755729641-0400,95,95.0,,95.0
C,dallas,2026-07-18,20260718T180233351338-0400,97,96.98,,96.98
C,dallas,2026-07-18,20260718T190617949430-0400,97,96.98,,96.98
C,dallas,2026-07-18,20260718T200101866506-0400,97,96.98,,96.98
C,dallas,2026-07-18,20260718T210457188662-0400,97,96.98,,96.98
C,dallas,2026-07-18,20260718T220916182681-0400,97,96.98,,96.98
C,dallas,2026-07-18,20260718T230435766255-0400,97,96.98,,96.98
C,dallas,2026-07-18,20260719T000129144439-0400,97,96.98,,96.98
C,dallas,2026-07-19,20260719T010049311298-0400,87,87.08000000000001,,
C,dallas,2026-07-19,20260719T020441996488-0400,86,86.0,,
C,dallas,2026-07-19,20260719T030828838046-0400,86,86.0,,
C,dallas,2026-07-19,20260719T040307125088-0400,85,84.91999999999999,,
C,dallas,2026-07-19,20260719T050649028518-0400,84,84.02,,
C,dallas,2026-07-19,20260719T060128263106-0400,83,82.94,,
C,dallas,2026-07-19,20260719T070513483652-0400,82,82.04,,
C,dallas,2026-07-19,20260719T080903816124-0400,82,82.04,,82.04
C,dallas,2026-07-19,20260719T090345321376-0400,83,82.94,,82.94
C,dallas,2026-07-19,20260719T100828208273-0400,84,84.02,,84.02
C,dallas,2026-07-19,20260719T110358505950-0400,87,87.08000000000001,,87.08000000000001
C,dallas,2026-07-19,20260719T120759233915-0400,90,89.96000000000001,,89.96000000000001
C,dallas,2026-07-19,20260719T130245279848-0400,92,91.94,,91.94
C,dallas,2026-07-19,20260719T140639998168-0400,95,95.0,,95.0
C,dallas,2026-07-19,20260719T150118543876-0400,97,96.98,,96.98
C,dallas,2026-07-19,20260719T160517253902-0400,98,98.06,,98.06
C,dallas,2026-07-19,20260719T171508487288-0400,98,98.06,,98.06
C,dallas,2026-07-19,20260719T180935088260-0400,98,98.06,,98.06
C,dallas,2026-07-19,20260719T190305626278-0400,98,98.06,,98.06
C,dallas,2026-07-19,20260719T202553127464-0400,98,98.06,,98.06
C,dallas,2026-07-19,20260719T211434554305-0400,98,98.06,,98.06
C,dallas,2026-07-19,20260719T225538772044-0400,98,98.06,,98.06
C,dallas,2026-07-19,20260719T232031828421-0400,98,98.06,,98.06
C,dallas,2026-07-19,20260720T001402384808-0400,98,98.06,,98.06
C,dallas,2026-07-20,20260720T010053107867-0400,91,91.03999999999999,,
C,dallas,2026-07-20,20260720T020446221224-0400,89,89.06,,
C,dallas,2026-07-20,20260720T030913367766-0400,88,87.98,,
C,dallas,2026-07-20,20260720T040347566909-0400,87,87.08000000000001,,
C,dallas,2026-07-20,20260720T050723808090-0400,86,86.0,,
C,dallas,2026-07-20,20260720T060158564921-0400,85,84.91999999999999,,
C,dallas,2026-07-20,20260720T070546885094-0400,84,84.02,,
C,dallas,2026-07-20,20260720T080024892118-0400,83,82.94,,82.94
C,dallas,2026-07-20,20260720T090425536255-0400,83,82.94,,82.94
C,dallas,2026-07-20,20260720T100830624565-0400,85,84.91999999999999,,84.91999999999999
C,dallas,2026-07-20,20260720T110323716100-0400,88,87.98,,87.98
C,dallas,2026-07-20,20260720T120403424409-0400,92,91.94,,91.94
C,dallas,2026-07-20,20260720T131608627297-0400,95,95.0,,95.0
C,dallas,2026-07-20,20260720T140211743349-0400,96,96.08000000000001,,96.08000000000001
C,dallas,2026-07-20,20260720T150931587983-0400,98,98.06,,98.06
C,dallas,2026-07-20,20260720T162134897560-0400,99,98.96000000000001,,98.96000000000001
C,dallas,2026-07-20,20260720T170814957757-0400,102,102.02,,102.02
C,dallas,2026-07-20,20260720T181857758301-0400,102,102.02,,102.02
C,dallas,2026-07-20,20260720T190519616392-0400,,,,
C,dallas,2026-07-20,20260720T200033787815-0400,102,102.02,,102.02
C,dallas,2026-07-20,20260720T210449083427-0400,102,102.02,,102.02
C,dallas,2026-07-20,20260720T220908941333-0400,102,102.02,,102.02
C,dallas,2026-07-20,20260720T230314131665-0400,102,102.02,,102.02
C,dallas,2026-07-20,20260721T000817445810-0400,102,102.02,,102.02
C,dallas,2026-07-21,20260721T010048894936-0400,91,91.03999999999999,,
C,dallas,2026-07-21,20260721T020457204232-0400,89,89.06,,
C,dallas,2026-07-21,20260721T030856955245-0400,89,89.06,,
C,dallas,2026-07-21,20260721T040341395103-0400,88,87.98,,
C,dallas,2026-07-21,20260721T050722661305-0400,86,86.0,,
C,dallas,2026-07-21,20260721T060200485234-0400,85,84.91999999999999,,
C,dallas,2026-07-21,20260721T070548543532-0400,84,84.02,,
C,dallas,2026-07-21,20260721T080039780278-0400,84,84.02,,84.02
C,dallas,2026-07-21,20260721T090429648180-0400,85,84.91999999999999,,84.91999999999999
C,dallas,2026-07-21,20260721T100830983410-0400,89,89.06,,89.06
C,dallas,2026-07-21,20260721T110306483780-0400,92,91.94,,91.94
C,dallas,2026-07-21,20260721T120028243922-0400,96,96.08000000000001,,96.08000000000001
C,dallas,2026-07-21,20260721T130526235726-0400,100,100.03999999999999,,100.03999999999999
C,dallas,2026-07-21,20260721T140022815551-0400,102,102.02,,102.02
C,dallas,2026-07-21,20260721T150736296686-0400,104,104.0,,104.0
C,dallas,2026-07-21,20260721T160436206828-0400,104,104.0,,104.0
C,dallas,2026-07-21,20260721T170605157365-0400,106,105.98,,105.98
C,dallas,2026-07-21,20260721T180229924737-0400,107,107.06,,107.06
C,dallas,2026-07-21,20260721T190141666167-0400,107,107.06,,107.06
C,dallas,2026-07-21,20260721T200326945249-0400,107,107.06,,107.06
C,dallas,2026-07-21,20260721T210828367392-0400,107,107.06,,107.06
C,dallas,2026-07-21,20260721T220432591101-0400,107,107.06,,107.06
C,dallas,2026-07-21,20260721T230656436536-0400,107,107.06,,107.06
C,dallas,2026-07-21,20260722T000739271501-0400,107,107.06,,107.06
C,dallas,2026-07-22,20260722T010035108892-0400,95,95.0,,
C,dallas,2026-07-22,20260722T020424143911-0400,95,95.0,,
C,dallas,2026-07-22,20260722T030814195066-0400,93,93.02,,
C,dallas,2026-07-22,20260722T040256306348-0400,92,91.94,,
C,dallas,2026-07-22,20260722T050017180451-0400,91,91.03999999999999,,
C,dallas,2026-07-22,20260722T060358416338-0400,90,89.96000000000001,,
C,dallas,2026-07-22,20260722T070747361357-0400,89,89.06,,
C,dallas,2026-07-22,20260722T080229613837-0400,89,89.06,,89.06
C,dallas,2026-07-22,20260722T090629414393-0400,93,93.02,,93.02
C,dallas,2026-07-22,20260722T100131512555-0400,95,95.0,,95.0
C,dallas,2026-07-22,20260722T110525102937-0400,98,98.06,,98.06
C,dallas,2026-07-22,20260722T120004149515-0400,101,100.94,,100.94
C,dallas,2026-07-22,20260722T130349536208-0400,104,104.0,,104.0
C,dallas,2026-07-22,20260722T140744930168-0400,105,105.08000000000001,,105.08000000000001
C,dallas,2026-07-22,20260722T150231408783-0400,106,105.98,,105.98
C,dallas,2026-07-22,20260722T160635581251-0400,108,107.96000000000001,,107.96000000000001
C,dallas,2026-07-22,20260722T170118498086-0400,108,107.96000000000001,,107.96000000000001
C,dallas,2026-07-22,20260722T180043661480-0400,108,107.96000000000001,,107.96000000000001
C,dallas,2026-07-22,20260722T190859707728-0400,108,107.96000000000001,,107.96000000000001
C,dallas,2026-07-22,20260722T200353117409-0400,108,107.96000000000001,,107.96000000000001
C,dallas,2026-07-22,20260722T210744186492-0400,108,107.96000000000001,,107.96000000000001
C,dallas,2026-07-22,20260722T220344592070-0400,108,107.96000000000001,,107.96000000000001
C,dallas,2026-07-22,20260722T230800893246-0400,108,107.96000000000001,,107.96000000000001
C,dallas,2026-07-22,20260723T000314747722-0400,108,107.96000000000001,,107.96000000000001
C,dallas,2026-07-23,20260723T010042357540-0400,93,93.02,,
C,dallas,2026-07-23,20260723T020447239287-0400,92,91.94,,
C,dallas,2026-07-23,20260723T030832164697-0400,90,89.96000000000001,,
C,dallas,2026-07-23,20260723T040030191923-0400,89,89.06,,
C,dallas,2026-07-23,20260723T050039703252-0400,87,87.08000000000001,,
C,dallas,2026-07-23,20260723T060431407991-0400,85,84.91999999999999,,
C,dallas,2026-07-23,20260723T070811518353-0400,85,84.91999999999999,,
C,dallas,2026-07-23,20260723T080254192072-0400,84,84.02,,84.02
C,dallas,2026-07-23,20260723T090641411140-0400,84,84.02,,84.02
C,dallas,2026-07-23,20260723T100115096363-0400,85,84.91999999999999,,84.91999999999999
C,dallas,2026-07-23,20260723T110236256361-0400,87,87.08000000000001,,87.08000000000001
C,dallas,2026-07-23,20260723T120838130072-0400,89,89.06,,89.06
C,dallas,2026-07-23,20260723T130313089416-0400,91,91.03999999999999,,91.03999999999999
C,dallas,2026-07-23,20260723T140702382407-0400,95,95.0,,95.0
C,dallas,2026-07-23,20260723T150142942464-0400,95,95.0,,95.0
C,dallas,2026-07-23,20260723T160544402978-0400,96,96.08000000000001,,96.08000000000001
C,dallas,2026-07-23,20260723T170022523724-0400,97,96.98,,96.98
C,dallas,2026-07-23,20260723T180406218852-0400,97,96.98,,96.98
C,dallas,2026-07-23,20260723T190750758036-0400,97,96.98,,96.98
C,dallas,2026-07-23,20260723T200234192043-0400,97,96.98,,96.98
C,dallas,2026-07-23,20260723T210620127628-0400,97,96.98,,96.98
C,dallas,2026-07-23,20260723T220127337438-0400,97,96.98,,96.98
C,dallas,2026-07-23,20260723T230611552040-0400,97,96.98,,96.98
C,dallas,2026-07-23,20260724T000126301023-0400,97,96.98,,96.98
C,dallas,2026-07-24,20260724T010036466591-0400,87,87.08000000000001,,
C,dallas,2026-07-24,20260724T020443075350-0400,86,86.0,,
C,dallas,2026-07-24,20260724T030836512842-0400,85,84.91999999999999,,
C,dallas,2026-07-24,20260724T040312272394-0400,84,84.02,,
C,dallas,2026-07-24,20260724T050705884982-0400,83,82.94,,
C,dallas,2026-07-24,20260724T060148198953-0400,83,82.94,,
C,dallas,2026-07-24,20260724T070528574183-0400,82,82.04,,
C,dallas,2026-07-24,20260724T080003682018-0400,81,80.96,,80.96
C,dallas,2026-07-24,20260724T090353133484-0400,82,82.04,,82.04
C,dallas,2026-07-24,20260724T100746723199-0400,82,82.04,,82.04
C,dallas,2026-07-24,20260724T110220122051-0400,84,84.02,,84.02
C,dallas,2026-07-24,20260724T120605415770-0400,85,84.91999999999999,,84.91999999999999
C,dallas,2026-07-24,20260724T130040991563-0400,87,87.08000000000001,,87.08000000000001
C,dallas,2026-07-24,20260724T140428477386-0400,88,87.98,,87.98
C,dallas,2026-07-24,20260724T150812939329-0400,91,91.03999999999999,,91.03999999999999
C,dallas,2026-07-24,20260724T160308611716-0400,94,93.91999999999999,,93.91999999999999
C,dallas,2026-07-24,20260724T170654875196-0400,94,93.91999999999999,,93.91999999999999
C,dallas,2026-07-24,20260724T180136570532-0400,94,93.91999999999999,,93.91999999999999
C,dallas,2026-07-24,20260724T190522110219-0400,94,93.91999999999999,,93.91999999999999
C,dallas,2026-07-24,20260724T200009541136-0400,94,93.91999999999999,,93.91999999999999
C,dallas,2026-07-24,20260724T210357477891-0400,94,93.91999999999999,,93.91999999999999
C,dallas,2026-07-24,20260724T220815180767-0400,94,93.91999999999999,,93.91999999999999
C,dallas,2026-07-24,20260724T230327753785-0400,94,93.91999999999999,,93.91999999999999
C,dallas,2026-07-24,20260725T000754488050-0400,94,93.91999999999999,,93.91999999999999
C,dallas,2026-07-25,20260725T010039144779-0400,88,87.98,,
C,dallas,2026-07-25,20260725T020424322153-0400,87,87.08000000000001,,
C,dallas,2026-07-25,20260725T030814937881-0400,86,86.0,,
C,dallas,2026-07-25,20260725T040030142510-0400,85,84.91999999999999,,
C,dallas,2026-07-25,20260725T050013994617-0400,84,84.02,,
C,dallas,2026-07-25,20260725T060352620906-0400,83,82.94,,
C,dallas,2026-07-25,20260725T070734034436-0400,82,82.04,,
C,dallas,2026-07-25,20260725T080214614696-0400,82,82.04,,82.04
C,dallas,2026-07-25,20260725T090603446320-0400,82,82.04,,82.04
C,dallas,2026-07-25,20260725T100044066620-0400,84,84.02,,84.02
C,dallas,2026-07-25,20260725T110422026213-0400,86,86.0,,86.0
C,dallas,2026-07-25,20260725T120810150681-0400,89,89.06,,89.06
C,dallas,2026-07-25,20260725T130246824592-0400,92,91.94,,91.94
C,dallas,2026-07-25,20260725T140632943502-0400,93,93.02,,93.02
C,dallas,2026-07-25,20260725T150115701734-0400,95,95.0,,95.0
C,dallas,2026-07-25,20260725T160512476411-0400,96,96.08000000000001,,96.08000000000001
C,dallas,2026-07-25,20260725T170859086297-0400,97,96.98,,96.98
C,dallas,2026-07-25,20260725T180338366326-0400,98,98.06,,98.06
C,dallas,2026-07-25,20260725T190734804412-0400,98,98.06,,98.06
C,dallas,2026-07-25,20260725T200222056655-0400,98,98.06,,98.06
C,dallas,2026-07-25,20260725T210617869074-0400,98,98.06,,98.06
C,dallas,2026-07-25,20260725T220135349178-0400,98,98.06,,98.06
C,dallas,2026-07-25,20260725T230010765961-0400,98,98.06,,98.06
C,dallas,2026-07-25,20260726T000515639320-0400,98,98.06,,98.06
C,dallas,2026-07-26,20260726T010028396862-0400,89,89.06,,
C,dallas,2026-07-26,20260726T020419373668-0400,87,87.08000000000001,,
C,dallas,2026-07-26,20260726T030811458707-0400,86,86.0,,
C,dallas,2026-07-26,20260726T040251419193-0400,85,84.91999999999999,,
C,dallas,2026-07-26,20260726T050004367188-0400,84,84.02,,
C,dallas,2026-07-26,20260726T060631062989-0400,84,84.02,,
C,dallas,2026-07-26,20260726T070109847262-0400,82,82.04,,
C,dallas,2026-07-26,20260726T080455628272-0400,82,82.04,,82.04
C,dallas,2026-07-26,20260726T090851752544-0400,82,82.04,,82.04
C,dallas,2026-07-26,20260726T100337999773-0400,84,84.02,,84.02
C,dallas,2026-07-26,20260726T110717302828-0400,86,86.0,,86.0
C,dallas,2026-07-26,20260726T120158218237-0400,89,89.06,,89.06
C,dallas,2026-07-26,20260726T130542198979-0400,91,91.03999999999999,,91.03999999999999
C,dallas,2026-07-26,20260726T140020883844-0400,94,93.91999999999999,,93.91999999999999
C,dallas,2026-07-26,20260726T150417947082-0400,96,96.08000000000001,,96.08000000000001
C,dallas,2026-07-26,20260726T160815964547-0400,97,96.98,,96.98
C,dallas,2026-07-26,20260726T170257061459-0400,98,98.06,,98.06
C,dallas,2026-07-26,20260726T180646789999-0400,98,98.06,,98.06
C,dallas,2026-07-26,20260726T190125134928-0400,98,98.06,,98.06
C,dallas,2026-07-26,20260726T200517723592-0400,98,98.06,,98.06
C,dallas,2026-07-26,20260726T210905262584-0400,98,98.06,,98.06
C,dallas,2026-07-26,20260726T220413154431-0400,98,98.06,,98.06
C,dallas,2026-07-26,20260726T230841062075-0400,98,98.06,,98.06
C,dallas,2026-07-26,20260727T000350308760-0400,98,98.06,,98.06
C,dallas,2026-07-27,20260727T010041206676-0400,88,87.98,,
C,dallas,2026-07-27,20260727T020431432699-0400,87,87.08000000000001,,
C,dallas,2026-07-27,20260727T030846590187-0400,86,86.0,,
C,dallas,2026-07-27,20260727T040325157625-0400,86,86.0,,
C,dallas,2026-07-27,20260727T050212090731-0400,85,84.91999999999999,,
C,dallas,2026-07-27,20260727T060552723539-0400,83,82.94,,
C,dallas,2026-07-27,20260727T070029334128-0400,83,82.94,,
C,dallas,2026-07-27,20260727T080414962011-0400,82,82.04,,82.04
C,dallas,2026-07-27,20260727T090807407680-0400,83,82.94,,82.94
C,dallas,2026-07-27,20260727T100249337401-0400,83,82.94,,82.94
C,dallas,2026-07-27,20260727T110633613009-0400,83,82.94,,82.94
C,dallas,2026-07-27,20260727T120113435944-0400,90,89.96000000000001,,89.96000000000001
C,dallas,2026-07-27,20260727T130457451125-0400,93,93.02,,93.02
C,dallas,2026-07-27,20260727T140846667379-0400,93,93.02,,93.02
C,dallas,2026-07-27,20260727T150327610620-0400,96,96.08000000000001,,96.08000000000001
C,dallas,2026-07-27,20260727T160723617467-0400,98,98.06,,98.06
C,dallas,2026-07-27,20260727T170158347852-0400,99,98.96000000000001,,98.96000000000001
C,dallas,2026-07-27,20260727T180541744232-0400,99,98.96000000000001,,98.96000000000001
C,dallas,2026-07-27,20260727T190021896565-0400,99,98.96000000000001,,98.96000000000001
C,dallas,2026-07-27,20260727T200410092571-0400,99,98.96000000000001,,98.96000000000001
C,dallas,2026-07-27,20260727T210804660441-0400,99,98.96000000000001,,98.96000000000001
C,dallas,2026-07-27,20260727T220259595455-0400,99,98.96000000000001,,98.96000000000001
C,dallas,2026-07-27,20260727T230725419115-0400,99,98.96000000000001,,98.96000000000001
C,dallas,2026-07-27,20260728T000236459973-0400,99,98.96000000000001,,98.96000000000001
C,dallas,2026-07-28,20260728T010046235026-0400,89,89.06,,
C,dallas,2026-07-28,20260728T020443244764-0400,88,87.98,,
C,dallas,2026-07-28,20260728T030849895368-0400,86,86.0,,
C,dallas,2026-07-28,20260728T040328511486-0400,85,84.91999999999999,,
C,dallas,2026-07-28,20260728T050901886308-0400,84,84.02,,
C,dallas,2026-07-28,20260728T060336612795-0400,82,82.04,,
C,dallas,2026-07-28,20260728T070724793934-0400,81,80.96,,
C,dallas,2026-07-28,20260728T080209208383-0400,81,80.96,,80.96
C,dallas,2026-07-28,20260728T090555183636-0400,82,82.04,,82.04
C,dallas,2026-07-28,20260728T100029971379-0400,83,82.94,,82.94
C,dallas,2026-07-28,20260728T110412088448-0400,86,86.0,,86.0
C,dallas,2026-07-28,20260728T120134058352-0400,86,86.0,,86.0
C,dallas,2026-07-28,20260728T130246942952-0400,92,91.94,,91.94
C,dallas,2026-07-28,20260728T140635258216-0400,95,95.0,,95.0
C,dallas,2026-07-28,20260728T150118306624-0400,97,96.98,,96.98
C,dallas,2026-07-28,20260728T160509973838-0400,98,98.06,,98.06
C,dallas,2026-07-28,20260728T170852355324-0400,99,98.96000000000001,,98.96000000000001
C,dallas,2026-07-28,20260728T180331918792-0400,99,98.96000000000001,,98.96000000000001
C,dallas,2026-07-28,20260728T190715162121-0400,99,98.96000000000001,,98.96000000000001
C,dallas,2026-07-28,20260728T200157732949-0400,99,98.96000000000001,,98.96000000000001
C,dallas,2026-07-28,20260728T210554535146-0400,99,98.96000000000001,,98.96000000000001
C,dallas,2026-07-28,20260728T220049057610-0400,99,98.96000000000001,,98.96000000000001
C,dallas,2026-07-28,20260728T230513070971-0400,99,98.96000000000001,,98.96000000000001
C,dallas,2026-07-28,20260729T000040297252-0400,99,98.96000000000001,,98.96000000000001
C,dallas,2026-07-29,20260729T010040760952-0400,89,89.06,,
C,dallas,2026-07-29,20260729T020436785453-0400,88,87.98,,
C,dallas,2026-07-29,20260729T030822848161-0400,87,87.08000000000001,,
C,dallas,2026-07-29,20260729T040302334765-0400,86,86.0,,
C,dallas,2026-07-29,20260729T050014086047-0400,85,84.91999999999999,,
C,dallas,2026-07-29,20260729T060357274376-0400,84,84.02,,
C,dallas,2026-07-29,20260729T070739507235-0400,84,84.02,,
C,dallas,2026-07-29,20260729T080219818454-0400,83,82.94,,82.94
C,dallas,2026-07-29,20260729T090608235534-0400,83,82.94,,82.94
C,dallas,2026-07-29,20260729T100043017670-0400,84,84.02,,84.02
C,dallas,2026-07-29,20260729T110421096808-0400,86,86.0,,86.0
C,dallas,2026-07-29,20260729T120805764202-0400,89,89.06,,89.06
C,dallas,2026-07-29,20260729T130241605928-0400,92,91.94,,91.94
C,dallas,2026-07-29,20260729T140029718127-0400,93,93.02,,93.02
C,dallas,2026-07-29,20260729T150115773216-0400,95,95.0,,95.0
C,dallas,2026-07-29,20260729T160509253358-0400,98,98.06,,98.06
C,dallas,2026-07-29,20260729T170857214859-0400,98,98.06,,98.06
C,dallas,2026-07-29,20260729T180336772224-0400,98,98.06,,98.06
C,dallas,2026-07-29,20260729T190724367381-0400,98,98.06,,98.06
C,dallas,2026-07-29,20260729T200205604392-0400,98,98.06,,98.06
C,dallas,2026-07-29,20260729T210602234466-0400,98,98.06,,98.06
C,dallas,2026-07-29,20260729T220545709282-0400,98,98.06,,98.06
C,dallas,2026-07-29,20260729T230027774950-0400,98,98.06,,98.06
C,dallas,2026-07-29,20260730T000559774029-0400,98,98.06,,98.06
C,dallas,2026-07-30,20260730T010037845505-0400,90,89.96000000000001,,
C,dallas,2026-07-30,20260730T020431578279-0400,88,87.98,,
C,dallas,2026-07-30,20260730T030845043321-0400,87,87.08000000000001,,
C,dallas,2026-07-30,20260730T040322465220-0400,86,86.0,,
C,dallas,2026-07-30,20260730T050016492879-0400,85,84.91999999999999,,
C,dallas,2026-07-30,20260730T060404981298-0400,84,84.02,,
C,dallas,2026-07-30,20260730T070028470082-0400,83,82.94,,
C,dallas,2026-07-30,20260730T080310688235-0400,82,82.04,,82.04
C,dallas,2026-07-30,20260730T090702293204-0400,83,82.94,,82.94
C,dallas,2026-07-30,20260730T100138656908-0400,84,84.02,,84.02
C,dallas,2026-07-30,20260730T110030501990-0400,84,84.02,,84.02
C,dallas,2026-07-30,20260730T120859180381-0400,91,91.03999999999999,,91.03999999999999
C,dallas,2026-07-30,20260730T130335609436-0400,93,93.02,,93.02
C,dallas,2026-07-30,20260730T140726486488-0400,95,95.0,,95.0
C,dallas,2026-07-30,20260730T150218009323-0400,96,96.08000000000001,,96.08000000000001
C,dallas,2026-07-30,20260730T160607839152-0400,97,96.98,,96.98
C,dallas,2026-07-30,20260730T170044282588-0400,99,98.96000000000001,,98.96000000000001
C,dallas,2026-07-30,20260730T180432961959-0400,99,98.96000000000001,,98.96000000000001
C,dallas,2026-07-30,20260730T190818821084-0400,99,98.96000000000001,,98.96000000000001
C,dallas,2026-07-30,20260730T200301157630-0400,99,98.96000000000001,,98.96000000000001
C,dallas,2026-07-30,20260730T210650048319-0400,99,98.96000000000001,,98.96000000000001
C,dallas,2026-07-30,20260730T220147316019-0400,99,98.96000000000001,,98.96000000000001
C,dallas,2026-07-30,20260730T230608029608-0400,99,98.96000000000001,,98.96000000000001
C,dallas,2026-07-30,20260731T000129442583-0400,99,98.96000000000001,,98.96000000000001
C,denver,2026-07-01,20260701T020132-0400,,,,
C,denver,2026-07-01,20260701T030500-0400,,,,
C,denver,2026-07-01,20260701T040829-0400,,,,
C,denver,2026-07-01,20260701T050247-0400,,,,
C,denver,2026-07-01,20260701T060610-0400,,,,
C,denver,2026-07-01,20260701T070035-0400,,,,
C,denver,2026-07-01,20260701T080405-0400,,,,
C,denver,2026-07-01,20260701T090747-0400,,,,
C,denver,2026-07-01,20260701T100618-0400,,,,
C,denver,2026-07-01,20260701T110706-0400,,,,
C,denver,2026-07-01,20260701T120054-0400,,,,
C,denver,2026-07-01,20260701T131223-0400,,,,
C,denver,2026-07-01,20260701T140559-0400,,,,
C,denver,2026-07-01,20260701T150207-0400,,,,
C,denver,2026-07-01,20260701T160843-0400,,,,
C,denver,2026-07-01,20260701T170511-0400,,,,
C,denver,2026-07-01,20260701T180849-0400,,,,
C,denver,2026-07-01,20260701T190140-0400,,,,
C,denver,2026-07-01,20260701T200541-0400,,,,
C,denver,2026-07-01,20260701T210021-0400,,,,
C,denver,2026-07-01,20260701T220417-0400,,,,
C,denver,2026-07-01,20260701T230806-0400,,,,
C,denver,2026-07-01,20260702T000259-0400,,,,
C,denver,2026-07-01,20260702T010657-0400,,,,
C,denver,2026-07-02,20260702T020118-0400,,,,
C,denver,2026-07-02,20260702T030451-0400,,,,
C,denver,2026-07-02,20260702T040829-0400,,,,
C,denver,2026-07-02,20260702T050252-0400,,,,
C,denver,2026-07-02,20260702T060618-0400,,,,
C,denver,2026-07-02,20260702T070051-0400,,,,
C,denver,2026-07-02,20260702T080427-0400,,,,
C,denver,2026-07-02,20260702T090809-0400,,,,
C,denver,2026-07-02,20260702T100456-0400,,,,
C,denver,2026-07-02,20260702T110438-0400,,,,
C,denver,2026-07-02,20260702T120049-0400,,,,
C,denver,2026-07-02,20260702T130439-0400,,,,
C,denver,2026-07-02,20260702T140827-0400,,,,
C,denver,2026-07-02,20260702T150326-0400,,,,
C,denver,2026-07-02,20260702T160704-0400,,,,
C,denver,2026-07-02,20260702T170127-0400,,,,
C,denver,2026-07-02,20260702T181450-0400,88,88.34,,88.34
C,denver,2026-07-02,20260702T190053-0400,90,89.6,,89.6
C,denver,2026-07-02,20260702T200457-0400,90,89.6,,89.6
C,denver,2026-07-02,20260702T210009-0400,90,89.6,,89.6
C,denver,2026-07-02,20260702T220034-0400,90,89.6,,89.6
C,denver,2026-07-02,20260702T230439-0400,90,89.6,,89.6
C,denver,2026-07-02,20260703T000644-0400,90,89.6,,89.6
C,denver,2026-07-02,20260703T011033-0400,90,89.6,,89.6
C,denver,2026-07-03,20260703T020128-0400,,,,
C,denver,2026-07-03,20260703T030356-0400,70,69.8,,
C,denver,2026-07-03,20260703T040729-0400,68,68.36,,
C,denver,2026-07-03,20260703T050149-0400,68,68.36,,
C,denver,2026-07-03,20260703T060322-0400,62,62.059999999999995,,
C,denver,2026-07-03,20260703T070852-0400,61,61.16,,
C,denver,2026-07-03,20260703T080317-0400,61,61.16,,
C,denver,2026-07-03,20260703T090321-0400,64,63.5,,63.5
C,denver,2026-07-03,20260703T100519-0400,69,69.44,,69.44
C,denver,2026-07-03,20260703T110112-0400,69,69.44,,69.44
C,denver,2026-07-03,20260703T120842-0400,75,74.66,,74.66
C,denver,2026-07-03,20260703T131127-0400,75,74.66,,74.66
C,denver,2026-07-03,20260703T140306-0400,79,78.8,,78.8
C,denver,2026-07-03,20260703T152554-0400,84,84.2,,84.2
C,denver,2026-07-03,20260703T160232-0400,84,84.2,,84.2
C,denver,2026-07-03,20260703T170401-0400,89,88.52,,88.52
C,denver,2026-07-03,20260703T182744-0400,92,91.58000000000001,,91.58000000000001
C,denver,2026-07-03,20260703T190512-0400,92,91.58000000000001,,91.58000000000001
C,denver,2026-07-03,20260703T205154305140-0400,92,91.58000000000001,,91.58000000000001
C,denver,2026-07-03,20260703T210621357329-0400,92,91.58000000000001,,91.58000000000001
C,denver,2026-07-03,20260703T230021045932-0400,92,91.58000000000001,,91.58000000000001
C,denver,2026-07-03,20260704T000834704221-0400,92,91.58000000000001,,91.58000000000001
C,denver,2026-07-03,20260704T010326558467-0400,92,91.58000000000001,,91.58000000000001
C,denver,2026-07-04,20260704T020038503571-0400,,,,
C,denver,2026-07-04,20260704T030315567456-0400,67,67.46,,
C,denver,2026-07-04,20260704T040807713390-0400,67,67.46,,
C,denver,2026-07-04,20260704T050215244456-0400,61,60.8,,
C,denver,2026-07-04,20260704T060605656568-0400,61,60.8,,
C,denver,2026-07-04,20260704T070033884937-0400,61,61.16,,
C,denver,2026-07-04,20260704T080216530713-0400,59,59.36,,
C,denver,2026-07-04,20260704T090224496698-0400,65,64.58,,64.58
C,denver,2026-07-04,20260704T100935525891-0400,65,64.58,,64.58
C,denver,2026-07-04,20260704T110311274418-0400,75,74.84,,74.84
C,denver,2026-07-04,20260704T120213495566-0400,75,74.84,,74.84
C,denver,2026-07-04,20260704T130325635353-0400,80,79.88,,79.88
C,denver,2026-07-04,20260704T140214069119-0400,85,85.46000000000001,,85.46000000000001
C,denver,2026-07-04,20260704T152313558099-0400,85,85.46000000000001,,85.46000000000001
C,denver,2026-07-04,20260704T160308964898-0400,87,87.26,,87.26
C,denver,2026-07-04,20260704T170807510226-0400,87,87.26,,87.26
C,denver,2026-07-04,20260704T180748378441-0400,87,87.26,,87.26
C,denver,2026-07-04,20260704T190221769336-0400,88,88.16,,88.16
C,denver,2026-07-04,20260704T200242966921-0400,89,88.52,,88.52
C,denver,2026-07-04,20260704T210028453084-0400,89,88.52,,88.52
C,denver,2026-07-04,20260704T220417731585-0400,89,88.52,,88.52
C,denver,2026-07-04,20260704T230254908822-0400,89,88.52,,88.52
C,denver,2026-07-04,20260705T000256942812-0400,89,88.52,,88.52
C,denver,2026-07-04,20260705T010652516013-0400,89,88.52,,88.52
C,denver,2026-07-05,20260705T020020419737-0400,,,,
C,denver,2026-07-05,20260705T030151485902-0400,70,70.34,,
C,denver,2026-07-05,20260705T040730280946-0400,70,70.34,,
C,denver,2026-07-05,20260705T050147728925-0400,70,70.34,,
C,denver,2026-07-05,20260705T060446684240-0400,64,64.22,,
C,denver,2026-07-05,20260705T070249239888-0400,66,66.2,,
C,denver,2026-07-05,20260705T080302499904-0400,66,66.2,,
C,denver,2026-07-05,20260705T090634111469-0400,62,62.42,,
C,denver,2026-07-05,20260705T101209958815-0400,74,74.48,,74.48
C,denver,2026-07-05,20260705T110341832168-0400,80,80.42,,80.42
C,denver,2026-07-05,20260705T120030281633-0400,80,80.42,,80.42
C,denver,2026-07-05,20260705T130235852935-0400,87,87.44,,87.44
C,denver,2026-07-05,20260705T140737084898-0400,87,87.44,,87.44
C,denver,2026-07-05,20260705T150219901728-0400,91,91.22,,91.22
C,denver,2026-07-05,20260705T160233906101-0400,91,91.22,,91.22
C,denver,2026-07-05,20260705T170034407093-0400,94,93.91999999999999,,93.91999999999999
C,denver,2026-07-05,20260705T180821267898-0400,94,93.91999999999999,,93.91999999999999
C,denver,2026-07-05,20260705T190635608750-0400,94,94.46000000000001,,94.46000000000001
C,denver,2026-07-05,20260705T202744724087-0400,94,94.46000000000001,,94.46000000000001
C,denver,2026-07-05,20260705T210419714949-0400,94,94.46000000000001,,94.46000000000001
C,denver,2026-07-05,20260705T220028641671-0400,94,94.46000000000001,,94.46000000000001
C,denver,2026-07-05,20260705T234116891166-0400,94,94.46000000000001,,94.46000000000001
C,denver,2026-07-05,20260706T000644084894-0400,94,94.46000000000001,,94.46000000000001
C,denver,2026-07-05,20260706T015653898442-0400,94,94.46000000000001,,94.46000000000001
C,denver,2026-07-07,20260707T020109767158-0400,,,,
C,denver,2026-07-07,20260707T030109769046-0400,,,,
C,denver,2026-07-07,20260707T040102290073-0400,,,,
C,denver,2026-07-07,20260707T050033664048-0400,,,,
C,denver,2026-07-07,20260707T060052668306-0400,72,71.96,,
C,denver,2026-07-07,20260707T070428219358-0400,72,71.96,,
C,denver,2026-07-07,20260707T080802401373-0400,72,71.6,,
C,denver,2026-07-07,20260707T090235302505-0400,69,68.9,,
C,denver,2026-07-07,20260707T102535978456-0400,69,68.54,,68.54
C,denver,2026-07-07,20260707T110957808896-0400,69,68.54,,68.54
C,denver,2026-07-07,20260707T120809698896-0400,79,78.62,,78.62
C,denver,2026-07-07,20260707T130352868200-0400,79,78.62,,78.62
C,denver,2026-07-07,20260707T140954137398-0400,89,88.52,,88.52
C,denver,2026-07-07,20260707T150109766358-0400,94,93.56,,93.56
C,denver,2026-07-07,20260707T160117565330-0400,97,96.8,,96.8
C,denver,2026-07-07,20260707T170924433089-0400,97,96.8,,96.8
C,denver,2026-07-07,20260707T180028130264-0400,97,96.8,,96.8
C,denver,2026-07-07,20260707T190402321605-0400,97,96.8,,96.8
C,denver,2026-07-07,20260707T200735149061-0400,97,96.8,,96.8
C,denver,2026-07-07,20260707T210213341465-0400,97,96.8,,96.8
C,denver,2026-07-07,20260707T220306808810-0400,97,96.8,,96.8
C,denver,2026-07-07,20260707T230046441688-0400,97,96.8,,96.8
C,denver,2026-07-07,20260708T000439970023-0400,97,96.8,,96.8
C,denver,2026-07-07,20260708T010837171164-0400,97,96.8,,96.8
C,denver,2026-07-08,20260708T020014301078-0400,,,,
C,denver,2026-07-08,20260708T030347966215-0400,73,73.04,,
C,denver,2026-07-08,20260708T040716418711-0400,71,71.06,,
C,denver,2026-07-08,20260708T050136159714-0400,71,71.06,,
C,denver,2026-07-08,20260708T060459871102-0400,70,70.34,,
C,denver,2026-07-08,20260708T070831694444-0400,66,66.02,,
C,denver,2026-07-08,20260708T080307230586-0400,65,65.12,,
C,denver,2026-07-08,20260708T090656035986-0400,63,62.78,,
C,denver,2026-07-08,20260708T100859051809-0400,70,69.8,,69.8
C,denver,2026-07-08,20260708T110827982962-0400,75,75.02,,75.02
C,denver,2026-07-08,20260708T120457160861-0400,83,82.75999999999999,,82.75999999999999
C,denver,2026-07-08,20260708T130403212323-0400,85,84.56,,84.56
C,denver,2026-07-08,20260708T140046802047-0400,89,89.41999999999999,,89.41999999999999
C,denver,2026-07-08,20260708T150025031276-0400,93,92.84,,92.84
C,denver,2026-07-08,20260708T160134108479-0400,93,92.84,,92.84
C,denver,2026-07-08,20260708T170423187810-0400,93,92.84,,92.84
C,denver,2026-07-08,20260708T180851085509-0400,93,92.84,,92.84
C,denver,2026-07-08,20260708T190316944835-0400,93,92.84,,92.84
C,denver,2026-07-08,20260708T200100633949-0400,93,92.84,,92.84
C,denver,2026-07-08,20260708T210520311245-0400,93,92.84,,92.84
C,denver,2026-07-08,20260708T220112272697-0400,93,92.84,,92.84
C,denver,2026-07-08,20260708T230513588139-0400,93,92.84,,92.84
C,denver,2026-07-08,20260709T000039569267-0400,93,92.84,,92.84
C,denver,2026-07-08,20260709T010443990822-0400,93,92.84,,92.84
C,denver,2026-07-09,20260709T020041919391-0400,,,,
C,denver,2026-07-09,20260709T030412708207-0400,63,62.6,,
C,denver,2026-07-09,20260709T040747761272-0400,63,62.6,,
C,denver,2026-07-09,20260709T050208954290-0400,64,64.4,,
C,denver,2026-07-09,20260709T060533893806-0400,66,66.2,,
C,denver,2026-07-09,20260709T070000722572-0400,62,62.24,,
C,denver,2026-07-09,20260709T080332733366-0400,59,58.82,,
C,denver,2026-07-09,20260709T090047966780-0400,62,61.7,,
C,denver,2026-07-09,20260709T101005870149-0400,62,61.7,,
C,denver,2026-07-09,20260709T110458734810-0400,77,76.64,,76.64
C,denver,2026-07-09,20260709T120606427281-0400,77,76.64,,76.64
C,denver,2026-07-09,20260709T130009024751-0400,81,81.32,,81.32
C,denver,2026-07-09,20260709T140552208990-0400,85,85.1,,85.1
C,denver,2026-07-09,20260709T150608832989-0400,85,85.1,,85.1
C,denver,2026-07-09,20260709T160812668782-0400,89,89.24,,89.24
C,denver,2026-07-09,20260709T170322319953-0400,91,90.68,,90.68
C,denver,2026-07-09,20260709T180534848707-0400,91,90.68,,90.68
C,denver,2026-07-09,20260709T191601020982-0400,91,90.68,,90.68
C,denver,2026-07-09,20260709T200253188340-0400,91,90.68,,90.68
C,denver,2026-07-09,20260709T213227225755-0400,91,90.68,,90.68
C,denver,2026-07-09,20260709T220805139607-0400,91,90.68,,90.68
C,denver,2026-07-09,20260709T230453545833-0400,91,90.68,,90.68
C,denver,2026-07-09,20260710T000314558924-0400,91,90.68,,90.68
C,denver,2026-07-09,20260710T010741786672-0400,91,90.68,,90.68
C,denver,2026-07-10,20260710T020616344105-0400,,,,
C,denver,2026-07-10,20260710T030645721203-0400,64,63.68,,
C,denver,2026-07-10,20260710T040922593550-0400,64,63.68,,
C,denver,2026-07-10,20260710T050102644397-0400,64,63.68,,
C,denver,2026-07-10,20260710T060721692628-0400,58,58.459999999999994,,
C,denver,2026-07-10,20260710T070158199169-0400,58,57.74,,
C,denver,2026-07-10,20260710T080544165841-0400,57,56.84,,
C,denver,2026-07-10,20260710T090016097668-0400,57,57.02,,
C,denver,2026-07-10,20260710T103719946115-0400,68,67.82,,67.82
C,denver,2026-07-10,20260710T110043121096-0400,68,67.82,,67.82
C,denver,2026-07-10,20260710T120115097285-0400,71,71.42,,71.42
C,denver,2026-07-10,20260710T130020331548-0400,71,71.42,,71.42
C,denver,2026-07-10,20260710T140608332136-0400,86,86.18,,86.18
C,denver,2026-07-10,20260710T151230597603-0400,86,86.18,,86.18
C,denver,2026-07-10,20260710T160416096717-0400,87,86.9,,86.9
C,denver,2026-07-10,20260710T170209701248-0400,88,87.61999999999999,,87.61999999999999
C,denver,2026-07-10,20260710T181556144941-0400,90,90.32,,90.32
C,denver,2026-07-10,20260710T190913825110-0400,90,90.32,,90.32
C,denver,2026-07-10,20260710T200525845336-0400,90,90.32,,90.32
C,denver,2026-07-10,20260710T211015839955-0400,90,90.32,,90.32
C,denver,2026-07-10,20260710T221139077498-0400,90,90.32,,90.32
C,denver,2026-07-10,20260710T230503449342-0400,90,90.32,,90.32
C,denver,2026-07-10,20260711T000514660879-0400,90,90.32,,90.32
C,denver,2026-07-10,20260711T010006843046-0400,90,90.32,,90.32
C,denver,2026-07-11,20260711T020333550659-0400,,,,
C,denver,2026-07-11,20260711T031954849500-0400,67,67.46,,
C,denver,2026-07-11,20260711T044104274931-0400,67,67.46,,
C,denver,2026-07-11,20260711T050106349192-0400,67,67.46,,
C,denver,2026-07-11,20260711T060455146325-0400,67,67.46,,
C,denver,2026-07-11,20260711T070832142931-0400,63,62.78,,
C,denver,2026-07-11,20260711T080305976602-0400,63,62.78,,
C,denver,2026-07-11,20260711T090706447987-0400,62,62.059999999999995,,
C,denver,2026-07-11,20260711T100554820272-0400,71,70.52,,70.52
C,denver,2026-07-11,20260711T110524908793-0400,71,70.52,,70.52
C,denver,2026-07-11,20260711T120606387672-0400,74,74.3,,74.3
C,denver,2026-07-11,20260711T130542232938-0400,78,78.25999999999999,,78.25999999999999
C,denver,2026-07-11,20260711T140517398489-0400,86,85.82,,85.82
C,denver,2026-07-11,20260711T150646805062-0400,90,90.32,,90.32
C,denver,2026-07-11,20260711T160611053343-0400,90,90.32,,90.32
C,denver,2026-07-11,20260711T170715778682-0400,95,95.18,,95.18
C,denver,2026-07-11,20260711T180655842385-0400,95,95.18,,95.18
C,denver,2026-07-11,20260711T190751631182-0400,95,95.18,,95.18
C,denver,2026-07-11,20260711T201127439572-0400,96,95.53999999999999,,95.53999999999999
C,denver,2026-07-11,20260711T211236329536-0400,96,95.53999999999999,,95.53999999999999
C,denver,2026-07-11,20260711T221706434653-0400,96,95.53999999999999,,95.53999999999999
C,denver,2026-07-11,20260712T012949882068-0400,96,95.53999999999999,,95.53999999999999
C,denver,2026-07-14,20260714T020042140382-0400,,,,
C,denver,2026-07-14,20260714T030520148828-0400,75,74.66,,
C,denver,2026-07-14,20260714T040333470676-0400,73,72.68,,
C,denver,2026-07-14,20260714T050336996034-0400,71,71.06,,
C,denver,2026-07-14,20260714T060716285869-0400,71,71.06,,
C,denver,2026-07-14,20260714T070154480834-0400,71,71.06,,
C,denver,2026-07-14,20260714T080544142007-0400,68,67.64,,
C,denver,2026-07-14,20260714T090848645312-0400,66,65.66,,
C,denver,2026-07-14,20260714T100533352162-0400,69,68.9,,68.9
C,denver,2026-07-14,20260714T110815978776-0400,69,68.9,,68.9
C,denver,2026-07-14,20260714T120337330438-0400,69,68.9,,68.9
C,denver,2026-07-14,20260714T130815734701-0400,78,78.08,,78.08
C,denver,2026-07-14,20260714T140250877970-0400,83,83.48,,83.48
C,denver,2026-07-14,20260714T150635921713-0400,83,83.48,,83.48
C,denver,2026-07-14,20260714T160143707080-0400,92,92.3,,92.3
C,denver,2026-07-14,20260714T170541038348-0400,92,92.3,,92.3
C,denver,2026-07-14,20260714T180058988493-0400,94,93.56,,93.56
C,denver,2026-07-14,20260714T190445106709-0400,95,94.82,,94.82
C,denver,2026-07-14,20260714T200614288115-0400,95,94.82,,94.82
C,denver,2026-07-14,20260714T210306543596-0400,95,94.82,,94.82
C,denver,2026-07-14,20260714T220717871277-0400,95,94.82,,94.82
C,denver,2026-07-14,20260715T002517985239-0400,95,94.82,,94.82
C,denver,2026-07-14,20260715T011142319349-0400,95,94.82,,94.82
C,denver,2026-07-15,20260715T020329772508-0400,,,,
C,denver,2026-07-15,20260715T030737445389-0400,72,72.32,,
C,denver,2026-07-15,20260715T040358133364-0400,72,72.32,,
C,denver,2026-07-15,20260715T050634583016-0400,72,72.32,,
C,denver,2026-07-15,20260715T060203519643-0400,69,68.54,,
C,denver,2026-07-15,20260715T070555123210-0400,68,67.64,,
C,denver,2026-07-15,20260715T080034195562-0400,67,67.46,,
C,denver,2026-07-15,20260715T090435644762-0400,67,67.1,,
C,denver,2026-07-15,20260715T100817756245-0400,69,69.25999999999999,,69.25999999999999
C,denver,2026-07-15,20260715T110259767949-0400,72,72.32,,72.32
C,denver,2026-07-15,20260715T120637321832-0400,78,78.44,,78.44
C,denver,2026-07-15,20260715T130123710948-0400,78,78.44,,78.44
C,denver,2026-07-15,20260715T140514758668-0400,82,82.22,,82.22
C,denver,2026-07-15,20260715T150742671637-0400,91,91.22,,91.22
C,denver,2026-07-15,20260715T160344187532-0400,91,91.22,,91.22
C,denver,2026-07-15,20260715T170635213159-0400,94,94.46000000000001,,94.46000000000001
C,denver,2026-07-15,20260715T180212145176-0400,94,94.46000000000001,,94.46000000000001
C,denver,2026-07-15,20260715T190556145303-0400,94,94.46000000000001,,94.46000000000001
C,denver,2026-07-15,20260715T200045787275-0400,94,94.46000000000001,,94.46000000000001
C,denver,2026-07-15,20260715T210453026295-0400,94,94.46000000000001,,94.46000000000001
C,denver,2026-07-15,20260715T220649487651-0400,94,94.46000000000001,,94.46000000000001
C,denver,2026-07-15,20260715T230641434843-0400,94,94.46000000000001,,94.46000000000001
C,denver,2026-07-15,20260716T000543769692-0400,94,94.46000000000001,,94.46000000000001
C,denver,2026-07-15,20260716T010052370263-0400,94,94.46000000000001,,94.46000000000001
C,denver,2026-07-16,20260716T020052589717-0400,,,,
C,denver,2026-07-16,20260716T030508176209-0400,75,75.02,,
C,denver,2026-07-16,20260716T040749175636-0400,73,72.86,,
C,denver,2026-07-16,20260716T050328088574-0400,73,72.86,,
C,denver,2026-07-16,20260716T060708709347-0400,71,71.06,,
C,denver,2026-07-16,20260716T070147255755-0400,71,71.06,,
C,denver,2026-07-16,20260716T080534116452-0400,70,69.62,,
C,denver,2026-07-16,20260716T090029710154-0400,69,68.72,,
C,denver,2026-07-16,20260716T100418092384-0400,70,70.16,,70.16
C,denver,2026-07-16,20260716T110209470091-0400,71,71.42,,71.42
C,denver,2026-07-16,20260716T120604224496-0400,75,75.38,,75.38
C,denver,2026-07-16,20260716T130053141559-0400,79,78.62,,78.62
C,denver,2026-07-16,20260716T140200741185-0400,79,78.62,,78.62
C,denver,2026-07-16,20260716T150907468161-0400,86,86.0,,86.0
C,denver,2026-07-16,20260716T160406979047-0400,89,89.24,,89.24
C,denver,2026-07-16,20260716T170609893336-0400,89,89.41999999999999,,89.41999999999999
C,denver,2026-07-16,20260716T180240090977-0400,89,89.41999999999999,,89.41999999999999
C,denver,2026-07-16,20260716T190635124219-0400,93,92.84,,92.84
C,denver,2026-07-16,20260716T200941185025-0400,93,92.84,,92.84
C,denver,2026-07-16,20260716T210502888663-0400,93,92.84,,92.84
C,denver,2026-07-16,20260716T220108371078-0400,93,92.84,,92.84
C,denver,2026-07-16,20260716T230331467440-0400,93,92.84,,92.84
C,denver,2026-07-16,20260717T000054431705-0400,93,92.84,,92.84
C,denver,2026-07-16,20260717T010256795984-0400,93,92.84,,92.84
C,denver,2026-07-17,20260717T020013526518-0400,,,,
C,denver,2026-07-17,20260717T030446334985-0400,74,73.94,,
C,denver,2026-07-17,20260717T040834302479-0400,73,72.86,,
C,denver,2026-07-17,20260717T050310868469-0400,71,71.42,,
C,denver,2026-07-17,20260717T060702801510-0400,71,70.52,,
C,denver,2026-07-17,20260717T070143163464-0400,71,70.52,,
C,denver,2026-07-17,20260717T080531396173-0400,70,69.62,,
C,denver,2026-07-17,20260717T090657838127-0400,70,69.8,,69.8
C,denver,2026-07-17,20260717T100558822086-0400,72,72.14,,72.14
C,denver,2026-07-17,20260717T110352776210-0400,72,72.14,,72.14
C,denver,2026-07-17,20260717T120116743945-0400,78,77.72,,77.72
C,denver,2026-07-17,20260717T130055899258-0400,81,80.6,,80.6
C,denver,2026-07-17,20260717T140453191355-0400,81,80.6,,80.6
C,denver,2026-07-17,20260717T150755239060-0400,92,91.76,,91.76
C,denver,2026-07-17,20260717T160008448962-0400,92,91.76,,91.76
C,denver,2026-07-17,20260717T170614321937-0400,92,91.76,,91.76
C,denver,2026-07-17,20260717T180155138672-0400,92,91.76,,91.76
C,denver,2026-07-17,20260717T190401717463-0400,92,91.76,,91.76
C,denver,2026-07-17,20260717T200012748884-0400,93,93.02,,93.02
C,denver,2026-07-17,20260717T210418580072-0400,93,93.02,,93.02
C,denver,2026-07-17,20260717T220833630351-0400,93,93.02,,93.02
C,denver,2026-07-17,20260717T230402259861-0400,93,93.02,,93.02
C,denver,2026-07-17,20260718T000852983340-0400,93,93.02,,93.02
C,denver,2026-07-17,20260718T010411126138-0400,93,93.02,,93.02
C,denver,2026-07-18,20260718T020416709768-0400,,,,
C,denver,2026-07-18,20260718T030733623327-0400,75,74.84,,
C,denver,2026-07-18,20260718T040242080162-0400,75,74.84,,
C,denver,2026-07-18,20260718T050630088597-0400,72,71.78,,
C,denver,2026-07-18,20260718T060103834965-0400,71,70.52,,
C,denver,2026-07-18,20260718T070144419851-0400,66,66.02,,
C,denver,2026-07-18,20260718T080833471866-0400,65,65.48,,
C,denver,2026-07-18,20260718T090315412222-0400,65,64.75999999999999,,
C,denver,2026-07-18,20260718T100711826857-0400,70,69.8,,69.8
C,denver,2026-07-18,20260718T110157518107-0400,73,72.86,,72.86
C,denver,2026-07-18,20260718T120139771253-0400,79,78.98,,78.98
C,denver,2026-07-18,20260718T130227904613-0400,79,78.98,,78.98
C,denver,2026-07-18,20260718T140053840015-0400,79,78.98,,78.98
C,denver,2026-07-18,20260718T150104908531-0400,86,86.18,,86.18
C,denver,2026-07-18,20260718T160516344302-0400,89,88.7,,88.7
C,denver,2026-07-18,20260718T170841979774-0400,93,92.66,,92.66
C,denver,2026-07-18,20260718T180351020954-0400,93,92.66,,92.66
C,denver,2026-07-18,20260718T190737669585-0400,93,92.66,,92.66
C,denver,2026-07-18,20260718T200218296877-0400,94,93.91999999999999,,93.91999999999999
C,denver,2026-07-18,20260718T210610713957-0400,94,93.91999999999999,,93.91999999999999
C,denver,2026-07-18,20260718T220106606648-0400,94,93.91999999999999,,93.91999999999999
C,denver,2026-07-18,20260718T230546061642-0400,94,93.91999999999999,,93.91999999999999
C,denver,2026-07-18,20260719T000838465941-0400,94,93.91999999999999,,93.91999999999999
C,denver,2026-07-18,20260719T010357335509-0400,94,93.91999999999999,,93.91999999999999
C,denver,2026-07-19,20260719T020031870626-0400,,,,
C,denver,2026-07-19,20260719T030429899159-0400,78,77.72,,
C,denver,2026-07-19,20260719T040049031304-0400,74,74.3,,
C,denver,2026-07-19,20260719T050301490509-0400,74,74.3,,
C,denver,2026-07-19,20260719T060642294860-0400,73,73.04,,
C,denver,2026-07-19,20260719T070124694588-0400,72,71.78,,
C,denver,2026-07-19,20260719T080513442834-0400,69,69.08,,
C,denver,2026-07-19,20260719T090907997351-0400,67,67.46,,
C,denver,2026-07-19,20260719T100804360761-0400,70,69.62,,69.62
C,denver,2026-07-19,20260719T110321583780-0400,74,74.3,,74.3
C,denver,2026-07-19,20260719T120727198341-0400,79,78.98,,78.98
C,denver,2026-07-19,20260719T130206513536-0400,84,84.02,,84.02
C,denver,2026-07-19,20260719T140551339226-0400,90,90.32,,90.32
C,denver,2026-07-19,20260719T150039817732-0400,93,92.66,,92.66
C,denver,2026-07-19,20260719T160430567012-0400,94,94.1,,94.1
C,denver,2026-07-19,20260719T171417636104-0400,96,95.9,,95.9
C,denver,2026-07-19,20260719T180849130085-0400,96,95.9,,95.9
C,denver,2026-07-19,20260719T190138760025-0400,98,97.7,,97.7
C,denver,2026-07-19,20260719T200721064923-0400,98,97.7,,97.7
C,denver,2026-07-19,20260719T210729653813-0400,98,97.7,,97.7
C,denver,2026-07-19,20260719T221731984630-0400,98,97.7,,97.7
C,denver,2026-07-19,20260719T232042974867-0400,98,97.7,,97.7
C,denver,2026-07-19,20260720T001345081907-0400,98,97.7,,97.7
C,denver,2026-07-19,20260720T010134762393-0400,98,97.7,,97.7
C,denver,2026-07-20,20260720T020337898861-0400,,,,
C,denver,2026-07-20,20260720T030037311821-0400,,,,
C,denver,2026-07-20,20260720T040049434781-0400,,,,
C,denver,2026-07-20,20260720T050559056173-0400,75,75.38,,
C,denver,2026-07-20,20260720T060032225171-0400,75,75.38,,
C,denver,2026-07-20,20260720T070427567588-0400,75,75.38,,
C,denver,2026-07-20,20260720T080243579349-0400,73,72.68,,
C,denver,2026-07-20,20260720T090301960387-0400,71,70.88,,
C,denver,2026-07-20,20260720T100732444432-0400,74,73.75999999999999,,73.75999999999999
C,denver,2026-07-20,20260720T110218970089-0400,80,79.88,,79.88
C,denver,2026-07-20,20260720T120325541179-0400,84,83.66,,83.66
C,denver,2026-07-20,20260720T130735049472-0400,88,88.16,,88.16
C,denver,2026-07-20,20260720T140405094051-0400,93,93.02,,93.02
C,denver,2026-07-20,20260720T150914176385-0400,96,95.53999999999999,,95.53999999999999
C,denver,2026-07-20,20260720T162106985775-0400,98,97.7,,97.7
C,denver,2026-07-20,20260720T170726580184-0400,98,97.7,,97.7
C,denver,2026-07-20,20260720T181836314950-0400,100,100.22,,100.22
C,denver,2026-07-20,20260720T190438137856-0400,100,100.22,,100.22
C,denver,2026-07-20,20260720T200903024395-0400,100,100.22,,100.22
C,denver,2026-07-20,20260720T210359964782-0400,100,100.22,,100.22
C,denver,2026-07-20,20260720T220814193246-0400,100,100.22,,100.22
C,denver,2026-07-20,20260720T230217998275-0400,100,100.22,,100.22
C,denver,2026-07-20,20260721T000701941982-0400,100,100.22,,100.22
C,denver,2026-07-20,20260721T010230321176-0400,100,100.22,,100.22
C,denver,2026-07-21,20260721T020433442574-0400,,,,
C,denver,2026-07-21,20260721T030823162384-0400,,,,
C,denver,2026-07-21,20260721T040306543167-0400,,,,
C,denver,2026-07-21,20260721T050650691569-0400,82,82.22,,
C,denver,2026-07-21,20260721T060127651698-0400,82,82.22,,
C,denver,2026-07-21,20260721T070518244699-0400,82,82.22,,
C,denver,2026-07-21,20260721T080004434283-0400,71,71.24000000000001,,
C,denver,2026-07-21,20260721T090356193379-0400,67,67.1,,
C,denver,2026-07-21,20260721T100742802426-0400,69,68.9,,68.9
C,denver,2026-07-21,20260721T110219828867-0400,69,68.9,,68.9
C,denver,2026-07-21,20260721T120014266244-0400,69,68.9,,68.9
C,denver,2026-07-21,20260721T130044827832-0400,76,76.1,,76.1
C,denver,2026-07-21,20260721T140841588068-0400,80,79.88,,79.88
C,denver,2026-07-21,20260721T150406865783-0400,80,79.88,,79.88
C,denver,2026-07-21,20260721T160225027514-0400,82,82.4,,82.4
C,denver,2026-07-21,20260721T171025383054-0400,,,,
C,denver,2026-07-21,20260721T180819255498-0400,91,91.03999999999999,,91.03999999999999
C,denver,2026-07-21,20260721T190729186912-0400,95,95.18,,95.18
C,denver,2026-07-21,20260721T200514179557-0400,97,96.98,,96.98
C,denver,2026-07-21,20260721T210035848752-0400,97,96.98,,96.98
C,denver,2026-07-21,20260721T220601026894-0400,97,96.98,,96.98
C,denver,2026-07-21,20260721T230738679024-0400,97,96.98,,96.98
C,denver,2026-07-21,20260722T000054811112-0400,97,96.98,,96.98
C,denver,2026-07-21,20260722T010521359564-0400,97,96.98,,96.98
C,denver,2026-07-22,20260722T020035184885-0400,,,,
C,denver,2026-07-22,20260722T030424055296-0400,,,,
C,denver,2026-07-22,20260722T040816156265-0400,,,,
C,denver,2026-07-22,20260722T050440369170-0400,68,67.64,,
C,denver,2026-07-22,20260722T060822424457-0400,68,67.64,,
C,denver,2026-07-22,20260722T070303959208-0400,67,67.46,,
C,denver,2026-07-22,20260722T080655736841-0400,67,67.46,,
C,denver,2026-07-22,20260722T090143601814-0400,67,67.46,,
C,denver,2026-07-22,20260722T100532136949-0400,67,67.46,,
C,denver,2026-07-22,20260722T110012041527-0400,74,74.48,,74.48
C,denver,2026-07-22,20260722T120405898462-0400,77,77.0,,77.0
C,denver,2026-07-22,20260722T130751696861-0400,77,77.0,,77.0
C,denver,2026-07-22,20260722T140232677737-0400,84,83.66,,83.66
C,denver,2026-07-22,20260722T150634883905-0400,87,86.53999999999999,,86.53999999999999
C,denver,2026-07-22,20260722T160035975787-0400,87,86.53999999999999,,86.53999999999999
C,denver,2026-07-22,20260722T170519380482-0400,91,90.68,,90.68
C,denver,2026-07-22,20260722T180905447857-0400,94,94.1,,94.1
C,denver,2026-07-22,20260722T190348816993-0400,94,94.1,,94.1
C,denver,2026-07-22,20260722T200741030315-0400,94,94.1,,94.1
C,denver,2026-07-22,20260722T210238745337-0400,94,94.1,,94.1
C,denver,2026-07-22,20260722T220843666288-0400,94,94.1,,94.1
C,denver,2026-07-22,20260722T230041102449-0400,94,94.1,,94.1
C,denver,2026-07-22,20260723T000840252004-0400,94,94.1,,94.1
C,denver,2026-07-22,20260723T010354884718-0400,94,94.1,,94.1
C,denver,2026-07-23,20260723T020033241669-0400,,,,
C,denver,2026-07-23,20260723T030428652946-0400,69,69.44,,
C,denver,2026-07-23,20260723T040824778863-0400,69,68.9,,
C,denver,2026-07-23,20260723T050410661670-0400,69,68.9,,
C,denver,2026-07-23,20260723T060752556393-0400,67,67.46,,
C,denver,2026-07-23,20260723T070226124284-0400,67,67.28,,
C,denver,2026-07-23,20260723T080610483167-0400,66,66.2,,
C,denver,2026-07-23,20260723T090047664608-0400,65,65.12,,
C,denver,2026-07-23,20260723T100433705518-0400,72,71.6,,71.6
C,denver,2026-07-23,20260723T110813912286-0400,72,71.6,,71.6
C,denver,2026-07-23,20260723T120247450923-0400,72,71.6,,71.6
C,denver,2026-07-23,20260723T130631099241-0400,78,78.08,,78.08
C,denver,2026-07-23,20260723T140116335406-0400,82,81.5,,81.5
C,denver,2026-07-23,20260723T150509817167-0400,84,84.38000000000001,,84.38000000000001
C,denver,2026-07-23,20260723T160854043277-0400,85,85.1,,85.1
C,denver,2026-07-23,20260723T170343480251-0400,85,85.1,,85.1
C,denver,2026-07-23,20260723T180047858354-0400,85,85.1,,85.1
C,denver,2026-07-23,20260723T190206142189-0400,85,85.1,,85.1
C,denver,2026-07-23,20260723T200604459556-0400,85,85.1,,85.1
C,denver,2026-07-23,20260723T210051893010-0400,85,85.1,,85.1
C,denver,2026-07-23,20260723T220502422261-0400,85,85.1,,85.1
C,denver,2026-07-23,20260723T230005732006-0400,85,85.1,,85.1
C,denver,2026-07-23,20260724T000112157659-0400,85,85.1,,85.1
C,denver,2026-07-23,20260724T010859970533-0400,85,85.1,,85.1
C,denver,2026-07-24,20260724T020119256800-0400,,,,
C,denver,2026-07-24,20260724T030508451620-0400,70,69.8,,
C,denver,2026-07-24,20260724T040854411134-0400,69,69.08,,
C,denver,2026-07-24,20260724T050718345298-0400,69,69.08,,
C,denver,2026-07-24,20260724T060209934232-0400,69,68.72,,
C,denver,2026-07-24,20260724T070601554656-0400,68,68.0,,
C,denver,2026-07-24,20260724T080039245682-0400,68,68.0,,
C,denver,2026-07-24,20260724T090428579625-0400,67,66.92,,
C,denver,2026-07-24,20260724T100724063087-0400,75,75.2,,75.2
C,denver,2026-07-24,20260724T110249001162-0400,75,75.2,,75.2
C,denver,2026-07-24,20260724T120642303380-0400,80,80.06,,80.06
C,denver,2026-07-24,20260724T130119746142-0400,84,84.02,,84.02
C,denver,2026-07-24,20260724T140506256670-0400,84,84.02,,84.02
C,denver,2026-07-24,20260724T150856155242-0400,84,84.02,,84.02
C,denver,2026-07-24,20260724T160340498232-0400,84,84.02,,84.02
C,denver,2026-07-24,20260724T170728819635-0400,84,84.02,,84.02
C,denver,2026-07-24,20260724T180204419004-0400,94,94.28,,94.28
C,denver,2026-07-24,20260724T190555815092-0400,96,95.72,,95.72
C,denver,2026-07-24,20260724T200049166059-0400,96,95.72,,95.72
C,denver,2026-07-24,20260724T210443789766-0400,96,95.72,,95.72
C,denver,2026-07-24,20260724T220829415261-0400,96,95.72,,95.72
C,denver,2026-07-24,20260724T230422342873-0400,96,95.72,,95.72
C,denver,2026-07-24,20260725T000851316810-0400,96,95.72,,95.72
C,denver,2026-07-24,20260725T010401492821-0400,96,95.72,,95.72
C,denver,2026-07-25,20260725T020147843947-0400,,,,
C,denver,2026-07-25,20260725T030538428753-0400,74,74.3,,
C,denver,2026-07-25,20260725T040018744811-0400,75,74.84,,
C,denver,2026-07-25,20260725T050430353249-0400,75,74.84,,
C,denver,2026-07-25,20260725T060809923421-0400,76,75.74000000000001,,
C,denver,2026-07-25,20260725T070249289607-0400,76,75.74000000000001,,
C,denver,2026-07-25,20260725T080036411002-0400,73,73.04,,
C,denver,2026-07-25,20260725T090120475821-0400,,,,
C,denver,2026-07-25,20260725T100459837457-0400,70,69.98,,69.98
C,denver,2026-07-25,20260725T110729574558-0400,83,82.58,,82.58
C,denver,2026-07-25,20260725T120320898419-0400,83,82.58,,82.58
C,denver,2026-07-25,20260725T130026384694-0400,79,78.98,,78.98
C,denver,2026-07-25,20260725T140146861981-0400,92,91.58000000000001,,91.58000000000001
C,denver,2026-07-25,20260725T150537722489-0400,,,,
C,denver,2026-07-25,20260725T160022335155-0400,98,98.41999999999999,,98.41999999999999
C,denver,2026-07-25,20260725T170408554514-0400,101,101.48,,101.48
C,denver,2026-07-25,20260725T180757905465-0400,101,101.48,,101.48
C,denver,2026-07-25,20260725T190243060456-0400,101,101.48,,101.48
C,denver,2026-07-25,20260725T200640740116-0400,101,101.48,,101.48
C,denver,2026-07-25,20260725T210128048662-0400,101,101.48,,101.48
C,denver,2026-07-25,20260725T220606684332-0400,101,101.48,,101.48
C,denver,2026-07-25,20260725T230117265468-0400,101,101.48,,101.48
C,denver,2026-07-25,20260726T000617047441-0400,101,101.48,,101.48
C,denver,2026-07-25,20260726T010147037502-0400,101,101.48,,101.48
C,denver,2026-07-26,20260726T020304981150-0400,,,,
C,denver,2026-07-26,20260726T030653611066-0400,77,77.0,,
C,denver,2026-07-26,20260726T040134181491-0400,80,79.7,,
C,denver,2026-07-26,20260726T050811631286-0400,76,76.46,,
C,denver,2026-07-26,20260726T060424484409-0400,75,75.2,,
C,denver,2026-07-26,20260726T070808492995-0400,73,72.68,,
C,denver,2026-07-26,20260726T080246691541-0400,72,71.96,,
C,denver,2026-07-26,20260726T090550447355-0400,74,74.48,,74.48
C,denver,2026-07-26,20260726T100123886255-0400,74,74.48,,74.48
C,denver,2026-07-26,20260726T110505510624-0400,77,77.18,,77.18
C,denver,2026-07-26,20260726T120849033469-0400,88,88.16,,88.16
C,denver,2026-07-26,20260726T130240813783-0400,90,89.96000000000001,,89.96000000000001
C,denver,2026-07-26,20260726T140714973385-0400,96,95.72,,95.72
C,denver,2026-07-26,20260726T150204127513-0400,96,95.72,,95.72
C,denver,2026-07-26,20260726T160602122372-0400,100,99.86,,99.86
C,denver,2026-07-26,20260726T170037547842-0400,100,99.86,,99.86
C,denver,2026-07-26,20260726T180441687449-0400,,,,
C,denver,2026-07-26,20260726T190044301083-0400,101,100.76,,100.76
C,denver,2026-07-26,20260726T200313463470-0400,101,100.76,,100.76
C,denver,2026-07-26,20260726T210708261536-0400,101,100.76,,100.76
C,denver,2026-07-26,20260726T220204856828-0400,101,100.76,,100.76
C,denver,2026-07-26,20260726T230625073103-0400,101,100.76,,100.76
C,denver,2026-07-26,20260727T000144582481-0400,101,100.76,,100.76
C,denver,2026-07-26,20260727T010612789896-0400,101,100.76,,100.76
C,denver,2026-07-27,20260727T020015975994-0400,,,,
C,denver,2026-07-27,20260727T030402515145-0400,,,,
C,denver,2026-07-27,20260727T040751702495-0400,82,82.22,,
C,denver,2026-07-27,20260727T050307335322-0400,82,81.5,,
C,denver,2026-07-27,20260727T060704715124-0400,82,81.5,,
C,denver,2026-07-27,20260727T070156524883-0400,82,81.5,,
C,denver,2026-07-27,20260727T080545579218-0400,77,77.36,,
C,denver,2026-07-27,20260727T090024500153-0400,,,,
C,denver,2026-07-27,20260727T100407855915-0400,79,78.8,,78.8
C,denver,2026-07-27,20260727T110753218058-0400,80,80.24000000000001,,80.24000000000001
C,denver,2026-07-27,20260727T120230085366-0400,80,80.24000000000001,,80.24000000000001
C,denver,2026-07-27,20260727T130630492319-0400,81,80.6,,80.6
C,denver,2026-07-27,20260727T140111050439-0400,84,84.02,,84.02
C,denver,2026-07-27,20260727T150504980946-0400,86,86.36,,86.36
C,denver,2026-07-27,20260727T160902809806-0400,89,89.41999999999999,,89.41999999999999
C,denver,2026-07-27,20260727T170340367438-0400,89,89.41999999999999,,89.41999999999999
C,denver,2026-07-27,20260727T180724364191-0400,89,89.41999999999999,,89.41999999999999
C,denver,2026-07-27,20260727T190218205734-0400,92,91.94,,91.94
C,denver,2026-07-27,20260727T200604373905-0400,92,91.94,,91.94
C,denver,2026-07-27,20260727T210057909163-0400,92,91.94,,91.94
C,denver,2026-07-27,20260727T220519083234-0400,92,91.94,,91.94
C,denver,2026-07-27,20260727T230039068108-0400,92,91.94,,91.94
C,denver,2026-07-27,20260728T000459385051-0400,92,91.94,,91.94
C,denver,2026-07-27,20260728T010059699079-0400,92,91.94,,91.94
C,denver,2026-07-28,20260728T020233432223-0400,,,,
C,denver,2026-07-28,20260728T030618683398-0400,,,,
C,denver,2026-07-28,20260728T040058336200-0400,,,,
C,denver,2026-07-28,20260728T050606531620-0400,72,71.6,,
C,denver,2026-07-28,20260728T060046927167-0400,72,71.6,,
C,denver,2026-07-28,20260728T070431589459-0400,70,69.62,,
C,denver,2026-07-28,20260728T080820414277-0400,70,69.62,,
C,denver,2026-07-28,20260728T090302966280-0400,68,68.0,,
C,denver,2026-07-28,20260728T100705026154-0400,71,71.42,,71.42
C,denver,2026-07-28,20260728T110143302225-0400,71,71.42,,71.42
C,denver,2026-07-28,20260728T120528598667-0400,79,78.98,,78.98
C,denver,2026-07-28,20260728T130007463977-0400,83,82.94,,82.94
C,denver,2026-07-28,20260728T140352885324-0400,87,86.53999999999999,,86.53999999999999
C,denver,2026-07-28,20260728T150757216279-0400,89,88.88000000000001,,88.88000000000001
C,denver,2026-07-28,20260728T160249299679-0400,92,91.76,,91.76
C,denver,2026-07-28,20260728T170639439688-0400,,,,
C,denver,2026-07-28,20260728T180123338689-0400,92,92.3,,92.3
C,denver,2026-07-28,20260728T190511644723-0400,92,92.3,,92.3
C,denver,2026-07-28,20260728T200901862778-0400,92,92.3,,92.3
C,denver,2026-07-28,20260728T210347198642-0400,92,92.3,,92.3
C,denver,2026-07-28,20260728T220039968979-0400,92,92.3,,92.3
C,denver,2026-07-28,20260728T230306823760-0400,92,92.3,,92.3
C,denver,2026-07-28,20260729T000735498697-0400,92,92.3,,92.3
C,denver,2026-07-28,20260729T010245435433-0400,92,92.3,,92.3
C,denver,2026-07-29,20260729T020222358702-0400,,,,
C,denver,2026-07-29,20260729T030607141116-0400,71,70.7,,
C,denver,2026-07-29,20260729T040049018138-0400,71,70.7,,
C,denver,2026-07-29,20260729T050530094637-0400,68,68.36,,
C,denver,2026-07-29,20260729T060004960899-0400,68,68.36,,
C,denver,2026-07-29,20260729T070348945355-0400,68,67.82,,
C,denver,2026-07-29,20260729T080734647791-0400,68,67.82,,
C,denver,2026-07-29,20260729T090218405895-0400,68,68.0,,
C,denver,2026-07-29,20260729T100602145350-0400,70,70.34,,70.34
C,denver,2026-07-29,20260729T110036146245-0400,75,75.02,,75.02
C,denver,2026-07-29,20260729T120418554076-0400,80,80.24000000000001,,80.24000000000001
C,denver,2026-07-29,20260729T130802915271-0400,85,84.91999999999999,,84.91999999999999
C,denver,2026-07-29,20260729T140240434908-0400,87,87.26,,87.26
C,denver,2026-07-29,20260729T150627423391-0400,88,88.34,,88.34
C,denver,2026-07-29,20260729T160113050676-0400,90,89.96000000000001,,89.96000000000001
C,denver,2026-07-29,20260729T170454839298-0400,90,89.96000000000001,,89.96000000000001
C,denver,2026-07-29,20260729T180840017570-0400,90,89.96000000000001,,89.96000000000001
C,denver,2026-07-29,20260729T190324023212-0400,90,89.96000000000001,,89.96000000000001
C,denver,2026-07-29,20260729T200708605709-0400,90,89.96000000000001,,89.96000000000001
C,denver,2026-07-29,20260729T210208785866-0400,90,89.96000000000001,,89.96000000000001
C,denver,2026-07-29,20260729T220039490789-0400,90,89.96000000000001,,89.96000000000001
C,denver,2026-07-29,20260729T230258644051-0400,90,89.96000000000001,,89.96000000000001
C,denver,2026-07-29,20260730T000753805650-0400,90,89.96000000000001,,89.96000000000001
C,denver,2026-07-29,20260730T010309672116-0400,90,89.96000000000001,,89.96000000000001
C,denver,2026-07-30,20260730T020140660791-0400,,,,
C,denver,2026-07-30,20260730T030530908796-0400,,,,
C,denver,2026-07-30,20260730T040012199693-0400,68,68.36,,
C,denver,2026-07-30,20260730T050412029464-0400,69,68.54,,
C,denver,2026-07-30,20260730T060757160363-0400,66,66.2,,
C,denver,2026-07-30,20260730T070237027042-0400,66,66.02,,
C,denver,2026-07-30,20260730T080622697029-0400,68,68.0,,
C,denver,2026-07-30,20260730T090108223491-0400,66,65.66,,
C,denver,2026-07-30,20260730T100448103519-0400,68,68.18,,68.18
C,denver,2026-07-30,20260730T110830220162-0400,75,74.84,,74.84
C,denver,2026-07-30,20260730T120308868818-0400,82,81.5,,81.5
C,denver,2026-07-30,20260730T130654799920-0400,83,83.48,,83.48
C,denver,2026-07-30,20260730T140135002694-0400,90,90.32,,90.32
C,denver,2026-07-30,20260730T150526397478-0400,91,91.22,,91.22
C,denver,2026-07-30,20260730T160009553519-0400,93,92.84,,92.84
C,denver,2026-07-30,20260730T170354301033-0400,93,93.2,,93.2
C,denver,2026-07-30,20260730T180739941173-0400,94,94.46000000000001,,94.46000000000001
C,denver,2026-07-30,20260730T190226212249-0400,94,94.46000000000001,,94.46000000000001
C,denver,2026-07-30,20260730T200615325333-0400,94,94.46000000000001,,94.46000000000001
C,denver,2026-07-30,20260730T210058015644-0400,94,94.46000000000001,,94.46000000000001
C,denver,2026-07-30,20260730T220500915628-0400,94,94.46000000000001,,94.46000000000001
C,denver,2026-07-30,20260730T230012783559-0400,94,94.46000000000001,,94.46000000000001
C,denver,2026-07-30,20260731T000437199349-0400,94,94.46000000000001,,94.46000000000001
C,denver,2026-07-30,20260731T010900268090-0400,94,94.46000000000001,,94.46000000000001
C,houston,2026-07-01,20260701T010038-0400,,,,
C,houston,2026-07-01,20260701T020407-0400,,,,
C,houston,2026-07-01,20260701T030808-0400,,,,
C,houston,2026-07-01,20260701T040235-0400,,,,
C,houston,2026-07-01,20260701T050554-0400,,,,
C,houston,2026-07-01,20260701T060014-0400,,,,
C,houston,2026-07-01,20260701T070342-0400,,,,
C,houston,2026-07-01,20260701T080713-0400,,,,
C,houston,2026-07-01,20260701T090146-0400,,,,
C,houston,2026-07-01,20260701T100751-0400,,,,
C,houston,2026-07-01,20260701T110738-0400,,,,
C,houston,2026-07-01,20260701T120600-0400,,,,
C,houston,2026-07-01,20260701T130126-0400,,,,
C,houston,2026-07-01,20260701T140406-0400,,,,
C,houston,2026-07-01,20260701T151052-0400,,,,
C,houston,2026-07-01,20260701T160709-0400,,,,
C,houston,2026-07-01,20260701T170434-0400,,,,
C,houston,2026-07-01,20260701T180813-0400,,,,
C,houston,2026-07-01,20260701T190129-0400,,,,
C,houston,2026-07-01,20260701T200515-0400,,,,
C,houston,2026-07-01,20260701T210852-0400,,,,
C,houston,2026-07-01,20260701T220331-0400,,,,
C,houston,2026-07-01,20260701T230724-0400,,,,
C,houston,2026-07-01,20260702T000216-0400,,,,
C,houston,2026-07-02,20260702T010100-0400,,,,
C,houston,2026-07-02,20260702T020442-0400,,,,
C,houston,2026-07-02,20260702T030811-0400,,,,
C,houston,2026-07-02,20260702T040239-0400,,,,
C,houston,2026-07-02,20260702T050601-0400,,,,
C,houston,2026-07-02,20260702T060034-0400,,,,
C,houston,2026-07-02,20260702T070400-0400,,,,
C,houston,2026-07-02,20260702T080742-0400,,,,
C,houston,2026-07-02,20260702T090214-0400,,,,
C,houston,2026-07-02,20260702T100835-0400,,,,
C,houston,2026-07-02,20260702T110208-0400,,,,
C,houston,2026-07-02,20260702T120614-0400,,,,
C,houston,2026-07-02,20260702T130040-0400,,,,
C,houston,2026-07-02,20260702T140444-0400,,,,
C,houston,2026-07-02,20260702T150825-0400,,,,
C,houston,2026-07-02,20260702T160304-0400,,,,
C,houston,2026-07-02,20260702T170636-0400,,,,
C,houston,2026-07-02,20260702T181419-0400,95,95.0,,95.0
C,houston,2026-07-02,20260702T190849-0400,95,95.0,,95.0
C,houston,2026-07-02,20260702T200323-0400,95,95.0,,95.0
C,houston,2026-07-02,20260702T210711-0400,95,95.0,,95.0
C,houston,2026-07-02,20260702T220202-0400,95,95.0,,95.0
C,houston,2026-07-02,20260702T230557-0400,95,95.0,,95.0
C,houston,2026-07-02,20260703T001125-0400,95,95.0,,95.0
C,houston,2026-07-03,20260703T010812-0400,81,80.96,,
C,houston,2026-07-03,20260703T021544-0400,80,80.06,,
C,houston,2026-07-03,20260703T030325-0400,79,78.98,,
C,houston,2026-07-03,20260703T040707-0400,79,78.98,,
C,houston,2026-07-03,20260703T050133-0400,79,78.98,,
C,houston,2026-07-03,20260703T060503-0400,79,78.98,,
C,houston,2026-07-03,20260703T070834-0400,77,77.0,,
C,houston,2026-07-03,20260703T080304-0400,78,78.08,,78.08
C,houston,2026-07-03,20260703T090641-0400,87,87.08000000000001,,87.08000000000001
C,houston,2026-07-03,20260703T100507-0400,87,87.08000000000001,,87.08000000000001
C,houston,2026-07-03,20260703T110015-0400,88,87.98,,87.98
C,houston,2026-07-03,20260703T120414-0400,93,93.02,,93.02
C,houston,2026-07-03,20260703T131520-0400,96,96.08000000000001,,96.08000000000001
C,houston,2026-07-03,20260703T140436-0400,96,96.08000000000001,,96.08000000000001
C,houston,2026-07-03,20260703T151803-0400,96,96.08000000000001,,96.08000000000001
C,houston,2026-07-03,20260703T161011-0400,96,96.08000000000001,,96.08000000000001
C,houston,2026-07-03,20260703T170347-0400,96,96.08000000000001,,96.08000000000001
C,houston,2026-07-03,20260703T182737-0400,96,96.08000000000001,,96.08000000000001
C,houston,2026-07-03,20260703T190452-0400,96,96.08000000000001,,96.08000000000001
C,houston,2026-07-03,20260703T204954749470-0400,96,96.08000000000001,,96.08000000000001
C,houston,2026-07-03,20260703T210323726444-0400,96,96.08000000000001,,96.08000000000001
C,houston,2026-07-03,20260703T225730445228-0400,96,96.08000000000001,,96.08000000000001
C,houston,2026-07-03,20260703T231241103274-0400,96,96.08000000000001,,96.08000000000001
C,houston,2026-07-03,20260704T000623822366-0400,96,96.08000000000001,,96.08000000000001
C,houston,2026-07-04,20260704T010058257875-0400,81,80.96,,
C,houston,2026-07-04,20260704T020336929381-0400,80,80.06,,
C,houston,2026-07-04,20260704T030849444849-0400,79,78.98,,
C,houston,2026-07-04,20260704T040316765016-0400,79,78.98,,
C,houston,2026-07-04,20260704T050647207067-0400,79,78.98,,
C,houston,2026-07-04,20260704T060114820087-0400,79,78.98,,
C,houston,2026-07-04,20260704T070447152905-0400,78,78.08,,
C,houston,2026-07-04,20260704T080822627114-0400,,,,
C,houston,2026-07-04,20260704T090248456565-0400,82,82.04,,82.04
C,houston,2026-07-04,20260704T100038534447-0400,82,82.04,,82.04
C,houston,2026-07-04,20260704T110447592268-0400,88,87.98,,87.98
C,houston,2026-07-04,20260704T120259208005-0400,90,89.96000000000001,,89.96000000000001
C,houston,2026-07-04,20260704T131121036083-0400,94,93.91999999999999,,93.91999999999999
C,houston,2026-07-04,20260704T140649250688-0400,95,95.0,,95.0
C,houston,2026-07-04,20260704T150312713003-0400,97,96.98,,96.98
C,houston,2026-07-04,20260704T160346286033-0400,98,98.06,,98.06
C,houston,2026-07-04,20260704T170406563354-0400,98,98.06,,98.06
C,houston,2026-07-04,20260704T180353923657-0400,98,98.06,,98.06
C,houston,2026-07-04,20260704T190722852943-0400,98,98.06,,98.06
C,houston,2026-07-04,20260704T200152352414-0400,98,98.06,,98.06
C,houston,2026-07-04,20260704T210528271847-0400,98,98.06,,98.06
C,houston,2026-07-04,20260704T220003284267-0400,98,98.06,,98.06
C,houston,2026-07-04,20260704T230405004042-0400,98,98.06,,98.06
C,houston,2026-07-04,20260705T000800534553-0400,98,98.06,,98.06
C,houston,2026-07-05,20260705T010106757415-0400,81,80.96,,
C,houston,2026-07-05,20260705T020533716269-0400,80,80.06,,
C,houston,2026-07-05,20260705T030034581050-0400,80,80.06,,
C,houston,2026-07-05,20260705T040409177376-0400,80,80.06,,
C,houston,2026-07-05,20260705T050731502173-0400,79,78.98,,
C,houston,2026-07-05,20260705T060153523007-0400,78,78.08,,
C,houston,2026-07-05,20260705T070522080637-0400,78,78.08,,
C,houston,2026-07-05,20260705T080902153117-0400,78,78.08,,78.08
C,houston,2026-07-05,20260705T090334686780-0400,81,80.96,,80.96
C,houston,2026-07-05,20260705T101128147287-0400,85,84.91999999999999,,84.91999999999999
C,houston,2026-07-05,20260705T110636210912-0400,86,86.0,,86.0
C,houston,2026-07-05,20260705T120856506665-0400,91,91.03999999999999,,91.03999999999999
C,houston,2026-07-05,20260705T130321803113-0400,93,93.02,,93.02
C,houston,2026-07-05,20260705T140700877116-0400,95,95.0,,95.0
C,houston,2026-07-05,20260705T150128722861-0400,95,95.0,,95.0
C,houston,2026-07-05,20260705T160504769898-0400,95,95.0,,95.0
C,houston,2026-07-05,20260705T170844048223-0400,98,98.06,,98.06
C,houston,2026-07-05,20260705T180738992781-0400,98,98.06,,98.06
C,houston,2026-07-05,20260705T190605630885-0400,98,98.06,,98.06
C,houston,2026-07-05,20260705T202821304705-0400,98,98.06,,98.06
C,houston,2026-07-05,20260705T210551922520-0400,98,98.06,,98.06
C,houston,2026-07-05,20260705T220200724095-0400,98,98.06,,98.06
C,houston,2026-07-05,20260705T230524098607-0400,98,98.06,,98.06
C,houston,2026-07-05,20260706T000616746880-0400,98,98.06,,98.06
C,houston,2026-07-07,20260707T010105059724-0400,82,82.04,,
C,houston,2026-07-07,20260707T020732670422-0400,81,80.96,,
C,houston,2026-07-07,20260707T030821301628-0400,81,80.96,,
C,houston,2026-07-07,20260707T040254185873-0400,80,80.06,,
C,houston,2026-07-07,20260707T050624989763-0400,80,80.06,,
C,houston,2026-07-07,20260707T060046629215-0400,80,80.06,,
C,houston,2026-07-07,20260707T070421399791-0400,79,78.98,,
C,houston,2026-07-07,20260707T080755129512-0400,80,80.06,,80.06
C,houston,2026-07-07,20260707T090226372841-0400,83,82.94,,82.94
C,houston,2026-07-07,20260707T102519532983-0400,85,84.91999999999999,,84.91999999999999
C,houston,2026-07-07,20260707T110930667347-0400,87,87.08000000000001,,87.08000000000001
C,houston,2026-07-07,20260707T120805198141-0400,89,89.06,,89.06
C,houston,2026-07-07,20260707T130348163766-0400,89,89.06,,89.06
C,houston,2026-07-07,20260707T140930673283-0400,92,91.94,,91.94
C,houston,2026-07-07,20260707T150039068130-0400,92,91.94,,91.94
C,houston,2026-07-07,20260707T161021618114-0400,93,93.02,,93.02
C,houston,2026-07-07,20260707T170913068378-0400,93,93.02,,93.02
C,houston,2026-07-07,20260707T180731794616-0400,93,93.02,,93.02
C,houston,2026-07-07,20260707T190209877655-0400,93,93.02,,93.02
C,houston,2026-07-07,20260707T200558656357-0400,93,93.02,,93.02
C,houston,2026-07-07,20260707T210027706773-0400,93,93.02,,93.02
C,houston,2026-07-07,20260707T220433274043-0400,93,93.02,,93.02
C,houston,2026-07-07,20260707T230844893864-0400,93,93.02,,93.02
C,houston,2026-07-07,20260708T000328393098-0400,93,93.02,,93.02
C,houston,2026-07-08,20260708T010039583209-0400,77,77.0,,
C,houston,2026-07-08,20260708T020432014728-0400,78,78.08,,
C,houston,2026-07-08,20260708T030830916403-0400,76,75.92,,
C,houston,2026-07-08,20260708T040300049205-0400,78,78.08,,
C,houston,2026-07-08,20260708T050623641281-0400,79,78.98,,
C,houston,2026-07-08,20260708T060053419573-0400,78,78.08,,
C,houston,2026-07-08,20260708T070428315394-0400,78,78.08,,
C,houston,2026-07-08,20260708T080810184240-0400,78,78.08,,78.08
C,houston,2026-07-08,20260708T090248901961-0400,81,80.96,,80.96
C,houston,2026-07-08,20260708T101529982895-0400,84,84.02,,84.02
C,houston,2026-07-08,20260708T110957268614-0400,87,87.08000000000001,,87.08000000000001
C,houston,2026-07-08,20260708T121711391204-0400,89,89.06,,89.06
C,houston,2026-07-08,20260708T130237720383-0400,89,89.06,,89.06
C,houston,2026-07-08,20260708T140808930828-0400,92,91.94,,91.94
C,houston,2026-07-08,20260708T150637368264-0400,92,91.94,,91.94
C,houston,2026-07-08,20260708T160224680106-0400,92,91.94,,91.94
C,houston,2026-07-08,20260708T171425790000-0400,92,91.94,,91.94
C,houston,2026-07-08,20260708T180054833065-0400,92,91.94,,91.94
C,houston,2026-07-08,20260708T190438626625-0400,92,91.94,,91.94
C,houston,2026-07-08,20260708T200338307351-0400,92,91.94,,91.94
C,houston,2026-07-08,20260708T210919919464-0400,92,91.94,,91.94
C,houston,2026-07-08,20260708T220210113359-0400,92,91.94,,91.94
C,houston,2026-07-08,20260708T230633024103-0400,92,91.94,,91.94
C,houston,2026-07-08,20260709T000135709735-0400,92,91.94,,91.94
C,houston,2026-07-09,20260709T010108252530-0400,81,80.96,,
C,houston,2026-07-09,20260709T020644570237-0400,80,80.06,,
C,houston,2026-07-09,20260709T030147871151-0400,79,78.98,,
C,houston,2026-07-09,20260709T040522509168-0400,79,78.98,,
C,houston,2026-07-09,20260709T050846760842-0400,78,78.08,,
C,houston,2026-07-09,20260709T060311350854-0400,78,78.08,,
C,houston,2026-07-09,20260709T070650759293-0400,78,78.08,,
C,houston,2026-07-09,20260709T080116954269-0400,79,78.98,,78.98
C,houston,2026-07-09,20260709T090906881176-0400,81,80.96,,80.96
C,houston,2026-07-09,20260709T100525960210-0400,84,84.02,,84.02
C,houston,2026-07-09,20260709T110557493030-0400,84,84.02,,84.02
C,houston,2026-07-09,20260709T120650391201-0400,89,89.06,,89.06
C,houston,2026-07-09,20260709T130047944469-0400,90,89.96000000000001,,89.96000000000001
C,houston,2026-07-09,20260709T141621726697-0400,92,91.94,,91.94
C,houston,2026-07-09,20260709T150726539827-0400,92,91.94,,91.94
C,houston,2026-07-09,20260709T160116922142-0400,92,91.94,,91.94
C,houston,2026-07-09,20260709T170424828299-0400,93,93.02,,93.02
C,houston,2026-07-09,20260709T180640046900-0400,93,93.02,,93.02
C,houston,2026-07-09,20260709T194514365103-0400,93,93.02,,93.02
C,houston,2026-07-09,20260709T200356247162-0400,93,93.02,,93.02
C,houston,2026-07-09,20260709T210744853264-0400,93,93.02,,93.02
C,houston,2026-07-09,20260709T220650250083-0400,93,93.02,,93.02
C,houston,2026-07-09,20260709T230609135154-0400,93,93.02,,93.02
C,houston,2026-07-09,20260710T000154999168-0400,93,93.02,,93.02
C,houston,2026-07-10,20260710T010049322119-0400,82,82.04,,
C,houston,2026-07-10,20260710T020752394089-0400,82,82.04,,
C,houston,2026-07-10,20260710T030633596542-0400,81,80.96,,
C,houston,2026-07-10,20260710T040119028392-0400,80,80.06,,
C,houston,2026-07-10,20260710T050419856883-0400,80,80.06,,
C,houston,2026-07-10,20260710T060651545537-0400,80,80.06,,
C,houston,2026-07-10,20260710T070117884723-0400,80,80.06,,
C,houston,2026-07-10,20260710T080450352600-0400,80,80.06,,80.06
C,houston,2026-07-10,20260710T090827294637-0400,83,82.94,,82.94
C,houston,2026-07-10,20260710T100816093414-0400,85,84.91999999999999,,84.91999999999999
C,houston,2026-07-10,20260710T110530700302-0400,86,86.0,,86.0
C,houston,2026-07-10,20260710T120004770412-0400,86,86.0,,86.0
C,houston,2026-07-10,20260710T130042271597-0400,86,86.0,,86.0
C,houston,2026-07-10,20260710T140045235746-0400,86,86.0,,86.0
C,houston,2026-07-10,20260710T151328084726-0400,87,87.08000000000001,,87.08000000000001
C,houston,2026-07-10,20260710T160123348522-0400,87,87.08000000000001,,87.08000000000001
C,houston,2026-07-10,20260710T170827600690-0400,87,87.08000000000001,,87.08000000000001
C,houston,2026-07-10,20260710T180520157913-0400,92,91.94,,91.94
C,houston,2026-07-10,20260710T191920430104-0400,92,91.94,,91.94
C,houston,2026-07-10,20260710T200827104064-0400,92,91.94,,91.94
C,houston,2026-07-10,20260710T210209169156-0400,92,91.94,,91.94
C,houston,2026-07-10,20260710T221342887590-0400,92,91.94,,91.94
C,houston,2026-07-10,20260710T230701807298-0400,92,91.94,,91.94
C,houston,2026-07-10,20260711T000841836270-0400,92,91.94,,91.94
C,houston,2026-07-11,20260711T010045891614-0400,81,80.96,,
C,houston,2026-07-11,20260711T020421548285-0400,80,80.06,,
C,houston,2026-07-11,20260711T031926151830-0400,80,80.06,,
C,houston,2026-07-11,20260711T044041746723-0400,80,80.06,,
C,houston,2026-07-11,20260711T050051177791-0400,79,78.98,,
C,houston,2026-07-11,20260711T060423584605-0400,79,78.98,,
C,houston,2026-07-11,20260711T070750143311-0400,80,80.06,,
C,houston,2026-07-11,20260711T080242779768-0400,79,78.98,,78.98
C,houston,2026-07-11,20260711T090631914351-0400,83,82.94,,82.94
C,houston,2026-07-11,20260711T100750579147-0400,85,84.91999999999999,,84.91999999999999
C,houston,2026-07-11,20260711T111131866151-0400,85,84.91999999999999,,84.91999999999999
C,houston,2026-07-11,20260711T120514107986-0400,85,84.91999999999999,,84.91999999999999
C,houston,2026-07-11,20260711T130504765292-0400,85,84.91999999999999,,84.91999999999999
C,houston,2026-07-11,20260711T140647279494-0400,87,87.08000000000001,,87.08000000000001
C,houston,2026-07-11,20260711T150334479018-0400,88,87.98,,87.98
C,houston,2026-07-11,20260711T160449477229-0400,89,89.06,,89.06
C,houston,2026-07-11,20260711T170104397190-0400,89,89.06,,89.06
C,houston,2026-07-11,20260711T180811360185-0400,89,89.06,,89.06
C,houston,2026-07-11,20260711T190256208820-0400,89,89.06,,89.06
C,houston,2026-07-11,20260711T200659859222-0400,89,89.06,,89.06
C,houston,2026-07-11,20260711T211333426281-0400,89,89.06,,89.06
C,houston,2026-07-11,20260711T221651207443-0400,89,89.06,,89.06
C,houston,2026-07-14,20260714T010235178680-0400,80,80.06,,
C,houston,2026-07-14,20260714T020716685774-0400,79,78.98,,
C,houston,2026-07-14,20260714T030257835867-0400,78,78.08,,
C,houston,2026-07-14,20260714T040644860412-0400,79,78.98,,
C,houston,2026-07-14,20260714T050112808100-0400,78,78.08,,
C,houston,2026-07-14,20260714T060448483573-0400,76,75.92,,
C,houston,2026-07-14,20260714T070834398819-0400,76,75.92,,
C,houston,2026-07-14,20260714T080309584297-0400,74,73.94,,73.94
C,houston,2026-07-14,20260714T090846975888-0400,74,73.94,,73.94
C,houston,2026-07-14,20260714T100533766584-0400,74,73.94,,73.94
C,houston,2026-07-14,20260714T110833473758-0400,75,75.02,,75.02
C,houston,2026-07-14,20260714T120411334333-0400,75,75.02,,75.02
C,houston,2026-07-14,20260714T130011729789-0400,75,75.02,,75.02
C,houston,2026-07-14,20260714T140355389573-0400,75,75.02,,75.02
C,houston,2026-07-14,20260714T150743569112-0400,77,77.0,,77.0
C,houston,2026-07-14,20260714T160222548253-0400,77,77.0,,77.0
C,houston,2026-07-14,20260714T170602208832-0400,79,78.98,,78.98
C,houston,2026-07-14,20260714T180114027513-0400,80,80.06,,80.06
C,houston,2026-07-14,20260714T190507572849-0400,81,80.96,,80.96
C,houston,2026-07-14,20260714T200854911662-0400,81,80.96,,80.96
C,houston,2026-07-14,20260714T210341774747-0400,81,80.96,,80.96
C,houston,2026-07-14,20260714T220541734983-0400,81,80.96,,80.96
C,houston,2026-07-14,20260714T230456655834-0400,81,80.96,,80.96
C,houston,2026-07-14,20260715T000234308633-0400,81,80.96,,80.96
C,houston,2026-07-15,20260715T010226082772-0400,78,78.08,,
C,houston,2026-07-15,20260715T020800503678-0400,78,78.08,,
C,houston,2026-07-15,20260715T030348195302-0400,78,78.08,,
C,houston,2026-07-15,20260715T040724179723-0400,78,78.08,,
C,houston,2026-07-15,20260715T050150463479-0400,78,78.08,,
C,houston,2026-07-15,20260715T060524885205-0400,79,78.98,,
C,houston,2026-07-15,20260715T070859718573-0400,78,78.08,,
C,houston,2026-07-15,20260715T080331596256-0400,78,78.08,,78.08
C,houston,2026-07-15,20260715T090809183639-0400,78,78.08,,78.08
C,houston,2026-07-15,20260715T100246605014-0400,79,78.98,,78.98
C,houston,2026-07-15,20260715T110621095522-0400,80,80.06,,80.06
C,houston,2026-07-15,20260715T120058800397-0400,81,80.96,,80.96
C,houston,2026-07-15,20260715T130046613711-0400,81,80.96,,80.96
C,houston,2026-07-15,20260715T140824652119-0400,81,80.96,,80.96
C,houston,2026-07-15,20260715T150308585203-0400,81,80.96,,80.96
C,houston,2026-07-15,20260715T160706558309-0400,82,82.04,,82.04
C,houston,2026-07-15,20260715T170138329468-0400,83,82.94,,82.94
C,houston,2026-07-15,20260715T180518469298-0400,87,87.08000000000001,,87.08000000000001
C,houston,2026-07-15,20260715T190858026584-0400,87,87.08000000000001,,87.08000000000001
C,houston,2026-07-15,20260715T200350500322-0400,87,87.08000000000001,,87.08000000000001
C,houston,2026-07-15,20260715T210732916120-0400,87,87.08000000000001,,87.08000000000001
C,houston,2026-07-15,20260715T220423666821-0400,87,87.08000000000001,,87.08000000000001
C,houston,2026-07-15,20260715T230708415227-0400,87,87.08000000000001,,87.08000000000001
C,houston,2026-07-15,20260716T000309241811-0400,87,87.08000000000001,,87.08000000000001
C,houston,2026-07-16,20260716T010026497979-0400,,,,
C,houston,2026-07-16,20260716T020421317519-0400,80,80.06,,
C,houston,2026-07-16,20260716T030809920587-0400,79,78.98,,
C,houston,2026-07-16,20260716T040251339568-0400,78,78.08,,
C,houston,2026-07-16,20260716T050629974076-0400,79,78.98,,
C,houston,2026-07-16,20260716T060106907784-0400,78,78.08,,
C,houston,2026-07-16,20260716T070453588120-0400,78,78.08,,
C,houston,2026-07-16,20260716T080842274472-0400,79,78.98,,78.98
C,houston,2026-07-16,20260716T090329598188-0400,81,80.96,,80.96
C,houston,2026-07-16,20260716T100724727896-0400,84,84.02,,84.02
C,houston,2026-07-16,20260716T110234165164-0400,85,84.91999999999999,,84.91999999999999
C,houston,2026-07-16,20260716T120640120365-0400,88,87.98,,87.98
C,houston,2026-07-16,20260716T130119805352-0400,90,89.96000000000001,,89.96000000000001
C,houston,2026-07-16,20260716T140513479953-0400,91,91.03999999999999,,91.03999999999999
C,houston,2026-07-16,20260716T150014068470-0400,91,91.03999999999999,,91.03999999999999
C,houston,2026-07-16,20260716T160425741877-0400,91,91.03999999999999,,91.03999999999999
C,houston,2026-07-16,20260716T170813930884-0400,91,91.03999999999999,,91.03999999999999
C,houston,2026-07-16,20260716T180257193463-0400,91,91.03999999999999,,91.03999999999999
C,houston,2026-07-16,20260716T190651303531-0400,91,91.03999999999999,,91.03999999999999
C,houston,2026-07-16,20260716T200950345255-0400,91,91.03999999999999,,91.03999999999999
C,houston,2026-07-16,20260716T210535795567-0400,91,91.03999999999999,,91.03999999999999
C,houston,2026-07-16,20260716T220131792269-0400,91,91.03999999999999,,91.03999999999999
C,houston,2026-07-16,20260716T230229085385-0400,91,91.03999999999999,,91.03999999999999
C,houston,2026-07-16,20260717T000657997357-0400,91,91.03999999999999,,91.03999999999999
C,houston,2026-07-17,20260717T010239725888-0400,82,82.04,,
C,houston,2026-07-17,20260717T020634870643-0400,81,80.96,,
C,houston,2026-07-17,20260717T030126781872-0400,80,80.06,,
C,houston,2026-07-17,20260717T040530202015-0400,80,80.06,,
C,houston,2026-07-17,20260717T050020747697-0400,80,80.06,,
C,houston,2026-07-17,20260717T060412912124-0400,80,80.06,,
C,houston,2026-07-17,20260717T070800383868-0400,80,80.06,,
C,houston,2026-07-17,20260717T080248284918-0400,80,80.06,,80.06
C,houston,2026-07-17,20260717T091116726465-0400,82,82.04,,82.04
C,houston,2026-07-17,20260717T102910680752-0400,85,84.91999999999999,,84.91999999999999
C,houston,2026-07-17,20260717T110738467235-0400,85,84.91999999999999,,84.91999999999999
C,houston,2026-07-17,20260717T121406627336-0400,89,89.06,,89.06
C,houston,2026-07-17,20260717T130033442305-0400,91,91.03999999999999,,91.03999999999999
C,houston,2026-07-17,20260717T140429763058-0400,91,91.03999999999999,,91.03999999999999
C,houston,2026-07-17,20260717T150820622434-0400,91,91.03999999999999,,91.03999999999999
C,houston,2026-07-17,20260717T160643238488-0400,92,91.94,,91.94
C,houston,2026-07-17,20260717T170954004910-0400,92,91.94,,91.94
C,houston,2026-07-17,20260717T181252384321-0400,92,91.94,,91.94
C,houston,2026-07-17,20260717T190430165113-0400,92,91.94,,91.94
C,houston,2026-07-17,20260717T200057170887-0400,92,91.94,,91.94
C,houston,2026-07-17,20260717T210510632035-0400,92,91.94,,91.94
C,houston,2026-07-17,20260717T220020357386-0400,92,91.94,,91.94
C,houston,2026-07-17,20260717T230515204860-0400,92,91.94,,91.94
C,houston,2026-07-17,20260718T000108190503-0400,92,91.94,,91.94
C,houston,2026-07-18,20260718T010039309594-0400,81,80.96,,
C,houston,2026-07-18,20260718T020448861002-0400,81,80.96,,
C,houston,2026-07-18,20260718T030844043389-0400,81,80.96,,
C,houston,2026-07-18,20260718T040323199011-0400,81,80.96,,
C,houston,2026-07-18,20260718T050701429661-0400,80,80.06,,
C,houston,2026-07-18,20260718T060142005692-0400,80,80.06,,
C,houston,2026-07-18,20260718T070527940219-0400,79,78.98,,
C,houston,2026-07-18,20260718T080017306310-0400,80,80.06,,80.06
C,houston,2026-07-18,20260718T090402391875-0400,81,80.96,,80.96
C,houston,2026-07-18,20260718T100803611191-0400,85,84.91999999999999,,84.91999999999999
C,houston,2026-07-18,20260718T110313930840-0400,86,86.0,,86.0
C,houston,2026-07-18,20260718T120708829252-0400,89,89.06,,89.06
C,houston,2026-07-18,20260718T130217906801-0400,89,89.06,,89.06
C,houston,2026-07-18,20260718T140608936179-0400,90,89.96000000000001,,89.96000000000001
C,houston,2026-07-18,20260718T150051128854-0400,,,,
C,houston,2026-07-18,20260718T160459623378-0400,93,93.02,,93.02
C,houston,2026-07-18,20260718T170841760348-0400,93,93.02,,93.02
C,houston,2026-07-18,20260718T180326119955-0400,,,,
C,houston,2026-07-18,20260718T190710674577-0400,93,93.02,,93.02
C,houston,2026-07-18,20260718T200201883739-0400,93,93.02,,93.02
C,houston,2026-07-18,20260718T210551762319-0400,93,93.02,,93.02
C,houston,2026-07-18,20260718T220046870926-0400,93,93.02,,93.02
C,houston,2026-07-18,20260718T230527075325-0400,93,93.02,,93.02
C,houston,2026-07-18,20260719T000818102005-0400,93,93.02,,93.02
C,houston,2026-07-19,20260719T010056477687-0400,82,82.04,,
C,houston,2026-07-19,20260719T020452276059-0400,81,80.96,,
C,houston,2026-07-19,20260719T030839321579-0400,80,80.06,,
C,houston,2026-07-19,20260719T040315814666-0400,79,78.98,,
C,houston,2026-07-19,20260719T050656544135-0400,78,78.08,,
C,houston,2026-07-19,20260719T060137085521-0400,78,78.08,,
C,houston,2026-07-19,20260719T070522820685-0400,78,78.08,,
C,houston,2026-07-19,20260719T080007478611-0400,78,78.08,,78.08
C,houston,2026-07-19,20260719T090354795042-0400,80,80.06,,80.06
C,houston,2026-07-19,20260719T100838948981-0400,83,82.94,,82.94
C,houston,2026-07-19,20260719T110403997382-0400,86,86.0,,86.0
C,houston,2026-07-19,20260719T120811813046-0400,87,87.08000000000001,,87.08000000000001
C,houston,2026-07-19,20260719T130255687170-0400,89,89.06,,89.06
C,houston,2026-07-19,20260719T140656869920-0400,91,91.03999999999999,,91.03999999999999
C,houston,2026-07-19,20260719T150140292518-0400,92,91.94,,91.94
C,houston,2026-07-19,20260719T160532765122-0400,93,93.02,,93.02
C,houston,2026-07-19,20260719T171533090488-0400,94,93.91999999999999,,93.91999999999999
C,houston,2026-07-19,20260719T181138239504-0400,95,95.0,,95.0
C,houston,2026-07-19,20260719T190317713635-0400,95,95.0,,95.0
C,houston,2026-07-19,20260719T201126179965-0400,95,95.0,,95.0
C,houston,2026-07-19,20260719T211441731637-0400,95,95.0,,95.0
C,houston,2026-07-19,20260719T225550668494-0400,95,95.0,,95.0
C,houston,2026-07-19,20260719T235636774891-0400,95,95.0,,95.0
C,houston,2026-07-19,20260720T001410597118-0400,95,95.0,,95.0
C,houston,2026-07-20,20260720T010101882995-0400,80,80.06,,
C,houston,2026-07-20,20260720T020456392980-0400,80,80.06,,
C,houston,2026-07-20,20260720T030032139186-0400,79,78.98,,
C,houston,2026-07-20,20260720T040427556190-0400,79,78.98,,
C,houston,2026-07-20,20260720T050805807877-0400,78,78.08,,
C,houston,2026-07-20,20260720T060239287233-0400,77,77.0,,
C,houston,2026-07-20,20260720T070632647187-0400,77,77.0,,
C,houston,2026-07-20,20260720T080115737660-0400,76,75.92,,75.92
C,houston,2026-07-20,20260720T090536555872-0400,79,78.98,,78.98
C,houston,2026-07-20,20260720T100043285793-0400,82,82.4,,82.4
C,houston,2026-07-20,20260720T110839668416-0400,85,84.91999999999999,,84.91999999999999
C,houston,2026-07-20,20260720T120502662802-0400,87,87.08000000000001,,87.08000000000001
C,houston,2026-07-20,20260720T130008065300-0400,89,89.06,,89.06
C,houston,2026-07-20,20260720T140020130957-0400,89,89.06,,89.06
C,houston,2026-07-20,20260720T151000592057-0400,92,91.94,,91.94
C,houston,2026-07-20,20260720T160102128601-0400,94,93.91999999999999,,93.91999999999999
C,houston,2026-07-20,20260720T170853529907-0400,95,95.0,,95.0
C,houston,2026-07-20,20260720T181924073788-0400,95,95.0,,95.0
C,houston,2026-07-20,20260720T190613457844-0400,95,95.0,,95.0
C,houston,2026-07-20,20260720T200117464693-0400,95,95.0,,95.0
C,houston,2026-07-20,20260720T210549647855-0400,95,95.0,,95.0
C,houston,2026-07-20,20260720T220116722959-0400,95,95.0,,95.0
C,houston,2026-07-20,20260720T230344466183-0400,95,95.0,,95.0
C,houston,2026-07-20,20260721T000101520441-0400,95,95.0,,95.0
C,houston,2026-07-21,20260721T010056509976-0400,81,80.96,,
C,houston,2026-07-21,20260721T020507491978-0400,80,80.06,,
C,houston,2026-07-21,20260721T030907738739-0400,79,78.98,,
C,houston,2026-07-21,20260721T040352158884-0400,78,78.08,,
C,houston,2026-07-21,20260721T050731074582-0400,78,78.08,,
C,houston,2026-07-21,20260721T060209141200-0400,77,77.0,,
C,houston,2026-07-21,20260721T070558181395-0400,77,77.0,,
C,houston,2026-07-21,20260721T080049469409-0400,78,78.08,,78.08
C,houston,2026-07-21,20260721T090440298879-0400,79,78.98,,78.98
C,houston,2026-07-21,20260721T100841917348-0400,82,82.04,,82.04
C,houston,2026-07-21,20260721T110346398235-0400,84,84.02,,84.02
C,houston,2026-07-21,20260721T120044450640-0400,87,87.08000000000001,,87.08000000000001
C,houston,2026-07-21,20260721T130513863702-0400,89,89.06,,89.06
C,houston,2026-07-21,20260721T141016029864-0400,91,91.03999999999999,,91.03999999999999
C,houston,2026-07-21,20260721T150043335731-0400,93,93.02,,93.02
C,houston,2026-07-21,20260721T161600304466-0400,96,96.08000000000001,,96.08000000000001
C,houston,2026-07-21,20260721T170444136940-0400,97,96.98,,96.98
C,houston,2026-07-21,20260721T180234298838-0400,97,96.98,,96.98
C,houston,2026-07-21,20260721T190220817836-0400,97,96.98,,96.98
C,houston,2026-07-21,20260721T200142594221-0400,97,96.98,,96.98
C,houston,2026-07-21,20260721T210613644868-0400,97,96.98,,96.98
C,houston,2026-07-21,20260721T220157552486-0400,97,96.98,,96.98
C,houston,2026-07-21,20260721T230340340726-0400,97,96.98,,96.98
C,houston,2026-07-21,20260722T000116228826-0400,97,96.98,,96.98
C,houston,2026-07-22,20260722T010035357375-0400,84,84.02,,
C,houston,2026-07-22,20260722T020442633275-0400,83,82.94,,
C,houston,2026-07-22,20260722T030835796062-0400,82,82.04,,
C,houston,2026-07-22,20260722T040315537097-0400,82,82.04,,
C,houston,2026-07-22,20260722T050032478053-0400,81,80.96,,
C,houston,2026-07-22,20260722T060415999707-0400,81,80.96,,
C,houston,2026-07-22,20260722T070758273992-0400,80,80.06,,
C,houston,2026-07-22,20260722T080239081368-0400,80,80.06,,80.06
C,houston,2026-07-22,20260722T090640038442-0400,82,82.04,,82.04
C,houston,2026-07-22,20260722T100119369331-0400,85,84.91999999999999,,84.91999999999999
C,houston,2026-07-22,20260722T110504600469-0400,88,87.98,,87.98
C,houston,2026-07-22,20260722T120855351393-0400,92,91.94,,91.94
C,houston,2026-07-22,20260722T130338611312-0400,95,95.0,,95.0
C,houston,2026-07-22,20260722T140733358679-0400,97,96.98,,96.98
C,houston,2026-07-22,20260722T150220224173-0400,99,98.96000000000001,,98.96000000000001
C,houston,2026-07-22,20260722T160620511624-0400,100,100.03999999999999,,100.03999999999999
C,houston,2026-07-22,20260722T170102783487-0400,100,100.03999999999999,,100.03999999999999
C,houston,2026-07-22,20260722T180450409240-0400,102,102.02,,102.02
C,houston,2026-07-22,20260722T190916106024-0400,102,102.02,,102.02
C,houston,2026-07-22,20260722T200406583485-0400,102,102.02,,102.02
C,houston,2026-07-22,20260722T210759341127-0400,102,102.02,,102.02
C,houston,2026-07-22,20260722T220321091415-0400,102,102.02,,102.02
C,houston,2026-07-22,20260722T230742553080-0400,102,102.02,,102.02
C,houston,2026-07-22,20260723T000256827646-0400,102,102.02,,102.02
C,houston,2026-07-23,20260723T010035575648-0400,87,87.08000000000001,,
C,houston,2026-07-23,20260723T020421929992-0400,90,89.96000000000001,,
C,houston,2026-07-23,20260723T030818147049-0400,89,89.06,,
C,houston,2026-07-23,20260723T040256330860-0400,88,87.98,,
C,houston,2026-07-23,20260723T050910809012-0400,86,86.0,,
C,houston,2026-07-23,20260723T060344231949-0400,85,84.91999999999999,,
C,houston,2026-07-23,20260723T070729409925-0400,84,84.02,,
C,houston,2026-07-23,20260723T080211517812-0400,84,84.02,,84.02
C,houston,2026-07-23,20260723T090559087787-0400,84,84.02,,84.02
C,houston,2026-07-23,20260723T100036709295-0400,85,84.91999999999999,,84.91999999999999
C,houston,2026-07-23,20260723T110414078425-0400,86,86.0,,86.0
C,houston,2026-07-23,20260723T120759539623-0400,86,86.0,,86.0
C,houston,2026-07-23,20260723T130235792892-0400,86,86.0,,86.0
C,houston,2026-07-23,20260723T140623588135-0400,87,87.08000000000001,,87.08000000000001
C,houston,2026-07-23,20260723T150107292338-0400,88,87.98,,87.98
C,houston,2026-07-23,20260723T160504027104-0400,88,87.98,,87.98
C,houston,2026-07-23,20260723T170849851898-0400,88,87.98,,87.98
C,houston,2026-07-23,20260723T180329585453-0400,88,87.98,,87.98
C,houston,2026-07-23,20260723T190717796797-0400,88,87.98,,87.98
C,houston,2026-07-23,20260723T200201532420-0400,88,87.98,,87.98
C,houston,2026-07-23,20260723T210553708107-0400,88,87.98,,87.98
C,houston,2026-07-23,20260723T220051635151-0400,88,87.98,,87.98
C,houston,2026-07-23,20260723T230514204539-0400,88,87.98,,87.98
C,houston,2026-07-23,20260724T000042523149-0400,88,87.98,,87.98
C,houston,2026-07-24,20260724T010034120882-0400,79,78.98,,
C,houston,2026-07-24,20260724T020424288655-0400,78,78.08,,
C,houston,2026-07-24,20260724T030810140678-0400,78,78.08,,
C,houston,2026-07-24,20260724T040247881287-0400,78,78.08,,
C,houston,2026-07-24,20260724T051122798893-0400,79,78.98,,
C,houston,2026-07-24,20260724T060603848436-0400,78,78.08,,
C,houston,2026-07-24,20260724T070042379187-0400,79,78.98,,
C,houston,2026-07-24,20260724T080424981683-0400,79,78.98,,78.98
C,houston,2026-07-24,20260724T090529692710-0400,79,78.98,,78.98
C,houston,2026-07-24,20260724T100248588265-0400,85,84.91999999999999,,84.91999999999999
C,houston,2026-07-24,20260724T110630601716-0400,87,87.08000000000001,,87.08000000000001
C,houston,2026-07-24,20260724T120105380809-0400,88,87.98,,87.98
C,houston,2026-07-24,20260724T130452817427-0400,91,91.03999999999999,,91.03999999999999
C,houston,2026-07-24,20260724T140849208575-0400,92,91.94,,91.94
C,houston,2026-07-24,20260724T150332602987-0400,92,91.94,,91.94
C,houston,2026-07-24,20260724T160721675311-0400,93,93.02,,93.02
C,houston,2026-07-24,20260724T170159394928-0400,93,93.02,,93.02
C,houston,2026-07-24,20260724T180540111129-0400,93,93.02,,93.02
C,houston,2026-07-24,20260724T190016917105-0400,93,93.02,,93.02
C,houston,2026-07-24,20260724T200406876822-0400,93,93.02,,93.02
C,houston,2026-07-24,20260724T210800638213-0400,93,93.02,,93.02
C,houston,2026-07-24,20260724T220041526515-0400,93,93.02,,93.02
C,houston,2026-07-24,20260724T230721665952-0400,93,93.02,,93.02
C,houston,2026-07-24,20260725T000233092023-0400,93,93.02,,93.02
C,houston,2026-07-25,20260725T010044900442-0400,82,82.04,,
C,houston,2026-07-25,20260725T020448159730-0400,81,80.96,,
C,houston,2026-07-25,20260725T030836434798-0400,80,80.06,,
C,houston,2026-07-25,20260725T040316074710-0400,80,80.06,,
C,houston,2026-07-25,20260725T050134269250-0400,80,80.06,,
C,houston,2026-07-25,20260725T060531289059-0400,79,78.98,,
C,houston,2026-07-25,20260725T070006660933-0400,78,78.08,,
C,houston,2026-07-25,20260725T080354471715-0400,79,78.98,,78.98
C,houston,2026-07-25,20260725T090235644794-0400,79,78.98,,78.98
C,houston,2026-07-25,20260725T100224334283-0400,84,84.02,,84.02
C,houston,2026-07-25,20260725T110602977212-0400,86,86.0,,86.0
C,houston,2026-07-25,20260725T120047348254-0400,87,87.08000000000001,,87.08000000000001
C,houston,2026-07-25,20260725T130428748815-0400,89,89.06,,89.06
C,houston,2026-07-25,20260725T140339109493-0400,90,89.96000000000001,,89.96000000000001
C,houston,2026-07-25,20260725T150306569764-0400,91,91.03999999999999,,91.03999999999999
C,houston,2026-07-25,20260725T160709205757-0400,92,91.94,,91.94
C,houston,2026-07-25,20260725T170144628226-0400,92,91.94,,91.94
C,houston,2026-07-25,20260725T180529284635-0400,92,91.94,,91.94
C,houston,2026-07-25,20260725T190017175705-0400,92,91.94,,91.94
C,houston,2026-07-25,20260725T200135678987-0400,92,91.94,,91.94
C,houston,2026-07-25,20260725T210024565697-0400,92,91.94,,91.94
C,houston,2026-07-25,20260725T220436008642-0400,92,91.94,,91.94
C,houston,2026-07-25,20260725T230050885221-0400,92,91.94,,91.94
C,houston,2026-07-25,20260726T000518080559-0400,92,91.94,,91.94
C,houston,2026-07-26,20260726T010029060088-0400,80,80.06,,
C,houston,2026-07-26,20260726T020438588693-0400,80,80.06,,
C,houston,2026-07-26,20260726T030832967139-0400,80,80.06,,
C,houston,2026-07-26,20260726T040312453271-0400,79,78.98,,
C,houston,2026-07-26,20260726T050042860099-0400,78,78.08,,
C,houston,2026-07-26,20260726T060709861784-0400,78,78.08,,
C,houston,2026-07-26,20260726T070144942066-0400,77,77.0,,
C,houston,2026-07-26,20260726T080529554838-0400,78,78.08,,78.08
C,houston,2026-07-26,20260726T090009727774-0400,81,80.96,,80.96
C,houston,2026-07-26,20260726T100046506014-0400,84,84.02,,84.02
C,houston,2026-07-26,20260726T110742938233-0400,86,86.0,,86.0
C,houston,2026-07-26,20260726T120038004540-0400,88,87.98,,87.98
C,houston,2026-07-26,20260726T130600066690-0400,90,89.96000000000001,,89.96000000000001
C,houston,2026-07-26,20260726T140041402966-0400,92,91.94,,91.94
C,houston,2026-07-26,20260726T150429855806-0400,92,91.94,,91.94
C,houston,2026-07-26,20260726T160828905814-0400,94,93.91999999999999,,93.91999999999999
C,houston,2026-07-26,20260726T170308618520-0400,94,93.91999999999999,,93.91999999999999
C,houston,2026-07-26,20260726T180700613421-0400,94,93.91999999999999,,93.91999999999999
C,houston,2026-07-26,20260726T190139239861-0400,94,93.91999999999999,,93.91999999999999
C,houston,2026-07-26,20260726T200529905918-0400,94,93.91999999999999,,93.91999999999999
C,houston,2026-07-26,20260726T210009871988-0400,94,93.91999999999999,,93.91999999999999
C,houston,2026-07-26,20260726T220430848704-0400,94,93.91999999999999,,93.91999999999999
C,houston,2026-07-26,20260726T230857320082-0400,94,93.91999999999999,,93.91999999999999
C,houston,2026-07-26,20260727T000407729389-0400,94,93.91999999999999,,93.91999999999999
C,houston,2026-07-27,20260727T010044074343-0400,81,80.96,,
C,houston,2026-07-27,20260727T020445275888-0400,80,80.06,,
C,houston,2026-07-27,20260727T030847499184-0400,80,80.06,,
C,houston,2026-07-27,20260727T040334580959-0400,,,,
C,houston,2026-07-27,20260727T050037565660-0400,79,78.98,,
C,houston,2026-07-27,20260727T060419150199-0400,79,78.98,,
C,houston,2026-07-27,20260727T070759315557-0400,78,78.08,,
C,houston,2026-07-27,20260727T080239335423-0400,78,78.08,,78.08
C,houston,2026-07-27,20260727T090631823375-0400,81,80.96,,80.96
C,houston,2026-07-27,20260727T100105979667-0400,81,80.96,,80.96
C,houston,2026-07-27,20260727T110458229210-0400,81,80.96,,80.96
C,houston,2026-07-27,20260727T120846428872-0400,88,87.98,,87.98
C,houston,2026-07-27,20260727T130321869788-0400,89,89.06,,89.06
C,houston,2026-07-27,20260727T140705989347-0400,89,89.06,,89.06
C,houston,2026-07-27,20260727T150145652435-0400,91,91.03999999999999,,91.03999999999999
C,houston,2026-07-27,20260727T160537370275-0400,92,91.94,,91.94
C,houston,2026-07-27,20260727T170012393378-0400,94,93.91999999999999,,93.91999999999999
C,houston,2026-07-27,20260727T180358084614-0400,94,93.91999999999999,,93.91999999999999
C,houston,2026-07-27,20260727T190744141508-0400,94,93.91999999999999,,93.91999999999999
C,houston,2026-07-27,20260727T200229819980-0400,94,93.91999999999999,,93.91999999999999
C,houston,2026-07-27,20260727T210616397118-0400,94,93.91999999999999,,93.91999999999999
C,houston,2026-07-27,20260727T220112065572-0400,94,93.91999999999999,,93.91999999999999
C,houston,2026-07-27,20260727T230537048669-0400,94,93.91999999999999,,93.91999999999999
C,houston,2026-07-27,20260728T000101745666-0400,94,93.91999999999999,,93.91999999999999
C,houston,2026-07-28,20260728T010048340737-0400,80,80.06,,
C,houston,2026-07-28,20260728T020452776865-0400,80,80.06,,
C,houston,2026-07-28,20260728T030001027304-0400,79,78.98,,
C,houston,2026-07-28,20260728T040348286918-0400,79,78.98,,
C,houston,2026-07-28,20260728T050007055791-0400,78,78.08,,
C,houston,2026-07-28,20260728T060355397278-0400,78,78.08,,
C,houston,2026-07-28,20260728T070747573726-0400,78,78.08,,
C,houston,2026-07-28,20260728T080228273478-0400,77,77.0,,77.0
C,houston,2026-07-28,20260728T090619731055-0400,80,80.06,,80.06
C,houston,2026-07-28,20260728T100055311552-0400,84,84.02,,84.02
C,houston,2026-07-28,20260728T110435245049-0400,86,86.0,,86.0
C,houston,2026-07-28,20260728T120827139658-0400,89,89.06,,89.06
C,houston,2026-07-28,20260728T130306977622-0400,89,89.06,,89.06
C,houston,2026-07-28,20260728T140702860646-0400,92,91.94,,91.94
C,houston,2026-07-28,20260728T150141344511-0400,93,93.02,,93.02
C,houston,2026-07-28,20260728T160536893760-0400,94,93.91999999999999,,93.91999999999999
C,houston,2026-07-28,20260728T170015141261-0400,95,95.0,,95.0
C,houston,2026-07-28,20260728T180358775967-0400,95,95.0,,95.0
C,houston,2026-07-28,20260728T190740751627-0400,95,95.0,,95.0
C,houston,2026-07-28,20260728T200221076236-0400,95,95.0,,95.0
C,houston,2026-07-28,20260728T210621082884-0400,95,95.0,,95.0
C,houston,2026-07-28,20260728T220122539793-0400,95,95.0,,95.0
C,houston,2026-07-28,20260728T230554826687-0400,95,95.0,,95.0
C,houston,2026-07-28,20260729T000114986018-0400,95,95.0,,95.0
C,houston,2026-07-29,20260729T010048288264-0400,,,,
C,houston,2026-07-29,20260729T020446382217-0400,80,80.06,,
C,houston,2026-07-29,20260729T030833687019-0400,79,78.98,,
C,houston,2026-07-29,20260729T040311678432-0400,79,78.98,,
C,houston,2026-07-29,20260729T050024340595-0400,79,78.98,,
C,houston,2026-07-29,20260729T060405815647-0400,78,78.08,,
C,houston,2026-07-29,20260729T070748416196-0400,78,78.08,,
C,houston,2026-07-29,20260729T080228530709-0400,78,78.08,,78.08
C,houston,2026-07-29,20260729T090618200217-0400,80,80.06,,80.06
C,houston,2026-07-29,20260729T100051720117-0400,84,84.02,,84.02
C,houston,2026-07-29,20260729T110031835539-0400,84,84.02,,84.02
C,houston,2026-07-29,20260729T120816070720-0400,89,89.06,,89.06
C,houston,2026-07-29,20260729T130257185672-0400,91,91.03999999999999,,91.03999999999999
C,houston,2026-07-29,20260729T140640145143-0400,91,91.03999999999999,,91.03999999999999
C,houston,2026-07-29,20260729T150129412139-0400,95,95.0,,95.0
C,houston,2026-07-29,20260729T160521584527-0400,95,95.0,,95.0
C,houston,2026-07-29,20260729T170001371043-0400,95,95.0,,95.0
C,houston,2026-07-29,20260729T180349538151-0400,95,95.0,,95.0
C,houston,2026-07-29,20260729T190735212739-0400,95,95.0,,95.0
C,houston,2026-07-29,20260729T200217103506-0400,95,95.0,,95.0
C,houston,2026-07-29,20260729T210641948643-0400,95,95.0,,95.0
C,houston,2026-07-29,20260729T220605816202-0400,95,95.0,,95.0
C,houston,2026-07-29,20260729T230209475827-0400,95,95.0,,95.0
C,houston,2026-07-29,20260730T000656961776-0400,95,95.0,,95.0
C,houston,2026-07-30,20260730T010039015375-0400,82,82.04,,
C,houston,2026-07-30,20260730T020452708002-0400,81,80.96,,
C,houston,2026-07-30,20260730T030906199455-0400,81,80.96,,
C,houston,2026-07-30,20260730T040344492697-0400,80,80.06,,
C,houston,2026-07-30,20260730T050027268212-0400,80,80.06,,
C,houston,2026-07-30,20260730T060417332186-0400,79,78.98,,
C,houston,2026-07-30,20260730T070841063105-0400,79,78.98,,
C,houston,2026-07-30,20260730T080319471789-0400,79,78.98,,78.98
C,houston,2026-07-30,20260730T090711730459-0400,81,80.96,,80.96
C,houston,2026-07-30,20260730T100149451762-0400,84,84.02,,84.02
C,houston,2026-07-30,20260730T110525897807-0400,86,86.0,,86.0
C,houston,2026-07-30,20260730T120004551977-0400,88,87.98,,87.98
C,houston,2026-07-30,20260730T130344904528-0400,91,91.03999999999999,,91.03999999999999
C,houston,2026-07-30,20260730T140737479565-0400,92,91.94,,91.94
C,houston,2026-07-30,20260730T150228457533-0400,94,93.91999999999999,,93.91999999999999
C,houston,2026-07-30,20260730T160620200873-0400,94,93.91999999999999,,93.91999999999999
C,houston,2026-07-30,20260730T170056148145-0400,96,96.08000000000001,,96.08000000000001
C,houston,2026-07-30,20260730T180446364507-0400,96,96.08000000000001,,96.08000000000001
C,houston,2026-07-30,20260730T190832239094-0400,96,96.08000000000001,,96.08000000000001
C,houston,2026-07-30,20260730T200312377489-0400,96,96.08000000000001,,96.08000000000001
C,houston,2026-07-30,20260730T210701899696-0400,96,96.08000000000001,,96.08000000000001
C,houston,2026-07-30,20260730T220206036451-0400,96,96.08000000000001,,96.08000000000001
C,houston,2026-07-30,20260730T230627226442-0400,96,96.08000000000001,,96.08000000000001
C,houston,2026-07-30,20260731T000144498346-0400,96,96.08000000000001,,96.08000000000001
C,los-angeles,2026-07-01,20260701T030201-0400,,,,
C,los-angeles,2026-07-01,20260701T040529-0400,,,,
C,los-angeles,2026-07-01,20260701T050850-0400,,,,
C,los-angeles,2026-07-01,20260701T060312-0400,,,,
C,los-angeles,2026-07-01,20260701T070638-0400,,,,
C,los-angeles,2026-07-01,20260701T080106-0400,,,,
C,los-angeles,2026-07-01,20260701T090436-0400,,,,
C,los-angeles,2026-07-01,20260701T100850-0400,,,,
C,los-angeles,2026-07-01,20260701T110745-0400,,,,
C,los-angeles,2026-07-01,20260701T120742-0400,,,,
C,los-angeles,2026-07-01,20260701T130721-0400,,,,
C,los-angeles,2026-07-01,20260701T140639-0400,,,,
C,los-angeles,2026-07-01,20260701T150319-0400,,,,
C,los-angeles,2026-07-01,20260701T160651-0400,,,,
C,los-angeles,2026-07-01,20260701T170230-0400,,,,
C,los-angeles,2026-07-01,20260701T180627-0400,,,,
C,los-angeles,2026-07-01,20260701T190740-0400,,,,
C,los-angeles,2026-07-01,20260701T200211-0400,,,,
C,los-angeles,2026-07-01,20260701T210549-0400,,,,
C,los-angeles,2026-07-01,20260701T220032-0400,,,,
C,los-angeles,2026-07-01,20260701T230427-0400,,,,
C,los-angeles,2026-07-01,20260702T000825-0400,,,,
C,los-angeles,2026-07-01,20260702T010316-0400,,,,
C,los-angeles,2026-07-01,20260702T020711-0400,,,,
C,los-angeles,2026-07-02,20260702T030203-0400,,,,
C,los-angeles,2026-07-02,20260702T040541-0400,,,,
C,los-angeles,2026-07-02,20260702T050002-0400,,,,
C,los-angeles,2026-07-02,20260702T060330-0400,,,,
C,los-angeles,2026-07-02,20260702T070701-0400,,,,
C,los-angeles,2026-07-02,20260702T080134-0400,,,,
C,los-angeles,2026-07-02,20260702T090511-0400,,,,
C,los-angeles,2026-07-02,20260702T100128-0400,,,,
C,los-angeles,2026-07-02,20260702T110249-0400,,,,
C,los-angeles,2026-07-02,20260702T120823-0400,,,,
C,los-angeles,2026-07-02,20260702T130250-0400,,,,
C,los-angeles,2026-07-02,20260702T140639-0400,,,,
C,los-angeles,2026-07-02,20260702T150110-0400,,,,
C,los-angeles,2026-07-02,20260702T160454-0400,,,,
C,los-angeles,2026-07-02,20260702T170822-0400,,,,
C,los-angeles,2026-07-02,20260702T181422-0400,72,71.96,,71.96
C,los-angeles,2026-07-02,20260702T190858-0400,72,71.96,,71.96
C,los-angeles,2026-07-02,20260702T200341-0400,72,71.96,,71.96
C,los-angeles,2026-07-02,20260702T210725-0400,72,71.96,,71.96
C,los-angeles,2026-07-02,20260702T220253-0400,72,71.96,,71.96
C,los-angeles,2026-07-02,20260702T230652-0400,72,71.96,,71.96
C,los-angeles,2026-07-02,20260703T001133-0400,72,71.96,,71.96
C,los-angeles,2026-07-02,20260703T011204-0400,72,71.96,,71.96
C,los-angeles,2026-07-02,20260703T020255-0400,72,71.96,,71.96
C,los-angeles,2026-07-03,20260703T030038-0400,64,64.04,,
C,los-angeles,2026-07-03,20260703T040415-0400,63,62.959999999999994,,
C,los-angeles,2026-07-03,20260703T050742-0400,64,64.04,,
C,los-angeles,2026-07-03,20260703T060204-0400,64,64.04,,
C,los-angeles,2026-07-03,20260703T070533-0400,63,62.959999999999994,,
C,los-angeles,2026-07-03,20260703T080003-0400,63,62.959999999999994,,
C,los-angeles,2026-07-03,20260703T090346-0400,62,62.059999999999995,,
C,los-angeles,2026-07-03,20260703T100821-0400,63,62.959999999999994,,62.959999999999994
C,los-angeles,2026-07-03,20260703T110123-0400,65,64.94,,64.94
C,los-angeles,2026-07-03,20260703T120027-0400,66,66.02,,66.02
C,los-angeles,2026-07-03,20260703T131138-0400,68,68.0,,68.0
C,los-angeles,2026-07-03,20260703T140320-0400,71,71.06,,71.06
C,los-angeles,2026-07-03,20260703T152754-0400,71,71.06,,71.06
C,los-angeles,2026-07-03,20260703T160439-0400,71,71.06,,71.06
C,los-angeles,2026-07-03,20260703T170235-0400,72,71.96,,71.96
C,los-angeles,2026-07-03,20260703T182749-0400,72,71.96,,71.96
C,los-angeles,2026-07-03,20260703T190808-0400,72,71.96,,71.96
C,los-angeles,2026-07-03,20260703T205320922942-0400,72,71.96,,71.96
C,los-angeles,2026-07-03,20260703T210747545200-0400,72,71.96,,71.96
C,los-angeles,2026-07-03,20260703T221427711392-0400,72,71.96,,71.96
C,los-angeles,2026-07-03,20260703T230357095850-0400,72,71.96,,71.96
C,los-angeles,2026-07-03,20260704T000053027644-0400,72,71.96,,71.96
C,los-angeles,2026-07-03,20260704T010500278037-0400,72,71.96,,71.96
C,los-angeles,2026-07-03,20260704T020900224769-0400,72,71.96,,71.96
C,los-angeles,2026-07-04,20260704T030216863099-0400,64,64.04,,
C,los-angeles,2026-07-04,20260704T040552418556-0400,63,62.959999999999994,,
C,los-angeles,2026-07-04,20260704T050013021612-0400,63,62.959999999999994,,
C,los-angeles,2026-07-04,20260704T060341566026-0400,63,62.959999999999994,,
C,los-angeles,2026-07-04,20260704T070711081144-0400,63,62.959999999999994,,
C,los-angeles,2026-07-04,20260704T080139492794-0400,62,62.059999999999995,,
C,los-angeles,2026-07-04,20260704T090514378772-0400,63,62.959999999999994,,
C,los-angeles,2026-07-04,20260704T100056743029-0400,63,62.959999999999994,,
C,los-angeles,2026-07-04,20260704T110450838467-0400,66,66.02,,66.02
C,los-angeles,2026-07-04,20260704T120309105705-0400,69,69.08,,69.08
C,los-angeles,2026-07-04,20260704T131130861429-0400,69,69.08,,69.08
C,los-angeles,2026-07-04,20260704T140704724867-0400,70,69.98,,69.98
C,los-angeles,2026-07-04,20260704T150909232178-0400,71,71.06,,71.06
C,los-angeles,2026-07-04,20260704T160332770469-0400,71,71.06,,71.06
C,los-angeles,2026-07-04,20260704T170421980778-0400,74,73.94,,73.94
C,los-angeles,2026-07-04,20260704T180635743514-0400,75,75.02,,75.02
C,los-angeles,2026-07-04,20260704T190102415921-0400,75,75.02,,75.02
C,los-angeles,2026-07-04,20260704T200435933297-0400,75,75.02,,75.02
C,los-angeles,2026-07-04,20260704T210808758237-0400,75,75.02,,75.02
C,los-angeles,2026-07-04,20260704T220252780442-0400,75,75.02,,75.02
C,los-angeles,2026-07-04,20260704T230641648160-0400,75,75.02,,75.02
C,los-angeles,2026-07-04,20260705T000145635175-0400,75,75.02,,75.02
C,los-angeles,2026-07-04,20260705T010538304940-0400,75,75.02,,75.02
C,los-angeles,2026-07-04,20260705T020029838982-0400,75,75.02,,75.02
C,los-angeles,2026-07-05,20260705T030011286427-0400,65,64.94,,
C,los-angeles,2026-07-05,20260705T040339987639-0400,65,64.94,,
C,los-angeles,2026-07-05,20260705T050701552582-0400,65,64.94,,
C,los-angeles,2026-07-05,20260705T060127823859-0400,65,64.94,,
C,los-angeles,2026-07-05,20260705T070455584017-0400,65,64.94,,
C,los-angeles,2026-07-05,20260705T080824759144-0400,65,64.94,,
C,los-angeles,2026-07-05,20260705T090254530513-0400,65,64.94,,
C,los-angeles,2026-07-05,20260705T101057940092-0400,66,66.02,,66.02
C,los-angeles,2026-07-05,20260705T110539699253-0400,67,66.92,,66.92
C,los-angeles,2026-07-05,20260705T120051585580-0400,70,69.98,,69.98
C,los-angeles,2026-07-05,20260705T130043661403-0400,72,71.96,,71.96
C,los-angeles,2026-07-05,20260705T140800868468-0400,72,71.96,,71.96
C,los-angeles,2026-07-05,20260705T150244977264-0400,72,71.96,,71.96
C,los-angeles,2026-07-05,20260705T160622149018-0400,72,71.96,,71.96
C,los-angeles,2026-07-05,20260705T170102350767-0400,75,75.02,,75.02
C,los-angeles,2026-07-05,20260705T180032085799-0400,75,75.02,,75.02
C,los-angeles,2026-07-05,20260705T190650752007-0400,75,75.02,,75.02
C,los-angeles,2026-07-05,20260705T202801421103-0400,75,75.02,,75.02
C,los-angeles,2026-07-05,20260705T210507996829-0400,75,75.02,,75.02
C,los-angeles,2026-07-05,20260705T220112263269-0400,75,75.02,,75.02
C,los-angeles,2026-07-05,20260705T231607418538-0400,75,75.02,,75.02
C,los-angeles,2026-07-05,20260706T000518422723-0400,75,75.02,,75.02
C,los-angeles,2026-07-05,20260706T015628802656-0400,75,75.02,,75.02
C,los-angeles,2026-07-05,20260706T020541493316-0400,75,75.02,,75.02
C,los-angeles,2026-07-07,20260707T030550487886-0400,,,,
C,los-angeles,2026-07-07,20260707T040018831091-0400,64,64.04,,
C,los-angeles,2026-07-07,20260707T050345980145-0400,64,64.04,,
C,los-angeles,2026-07-07,20260707T060711426804-0400,64,64.04,,
C,los-angeles,2026-07-07,20260707T070137877515-0400,63,62.959999999999994,,
C,los-angeles,2026-07-07,20260707T080511364306-0400,64,64.04,,
C,los-angeles,2026-07-07,20260707T090849118587-0400,64,64.04,,
C,los-angeles,2026-07-07,20260707T100449770913-0400,65,64.94,,64.94
C,los-angeles,2026-07-07,20260707T111020600492-0400,67,66.92,,66.92
C,los-angeles,2026-07-07,20260707T120818034462-0400,70,69.98,,69.98
C,los-angeles,2026-07-07,20260707T130408398810-0400,70,69.98,,69.98
C,los-angeles,2026-07-07,20260707T141039635726-0400,71,71.06,,71.06
C,los-angeles,2026-07-07,20260707T150410414512-0400,72,71.96,,71.96
C,los-angeles,2026-07-07,20260707T161132580259-0400,73,73.04,,73.04
C,los-angeles,2026-07-07,20260707T171131097252-0400,74,73.94,,73.94
C,los-angeles,2026-07-07,20260707T180056076333-0400,74,73.94,,73.94
C,los-angeles,2026-07-07,20260707T190425370881-0400,74,73.94,,73.94
C,los-angeles,2026-07-07,20260707T200802010553-0400,74,73.94,,73.94
C,los-angeles,2026-07-07,20260707T210246275361-0400,74,73.94,,73.94
C,los-angeles,2026-07-07,20260707T220640607902-0400,74,73.94,,73.94
C,los-angeles,2026-07-07,20260707T230121985783-0400,74,73.94,,73.94
C,los-angeles,2026-07-07,20260708T000512112974-0400,74,73.94,,73.94
C,los-angeles,2026-07-07,20260708T010002115763-0400,74,73.94,,73.94
C,los-angeles,2026-07-07,20260708T020402479975-0400,74,73.94,,73.94
C,los-angeles,2026-07-08,20260708T030106936686-0400,65,64.94,,
C,los-angeles,2026-07-08,20260708T040557897750-0400,65,64.94,,
C,los-angeles,2026-07-08,20260708T050019890111-0400,65,64.94,,
C,los-angeles,2026-07-08,20260708T060346912434-0400,65,64.94,,
C,los-angeles,2026-07-08,20260708T070715862645-0400,65,64.94,,
C,los-angeles,2026-07-08,20260708T080146079681-0400,65,64.94,,
C,los-angeles,2026-07-08,20260708T090526955647-0400,64,64.04,,
C,los-angeles,2026-07-08,20260708T100445744719-0400,66,66.02,,66.02
C,los-angeles,2026-07-08,20260708T110215807537-0400,68,68.0,,68.0
C,los-angeles,2026-07-08,20260708T120322319760-0400,70,69.98,,69.98
C,los-angeles,2026-07-08,20260708T130256933094-0400,72,71.96,,71.96
C,los-angeles,2026-07-08,20260708T140829901210-0400,72,71.96,,71.96
C,los-angeles,2026-07-08,20260708T150730856287-0400,72,71.96,,71.96
C,los-angeles,2026-07-08,20260708T160030210176-0400,74,73.94,,73.94
C,los-angeles,2026-07-08,20260708T170426958559-0400,74,73.94,,73.94
C,los-angeles,2026-07-08,20260708T180107783295-0400,74,73.94,,73.94
C,los-angeles,2026-07-08,20260708T190452030748-0400,74,73.94,,73.94
C,los-angeles,2026-07-08,20260708T200345859196-0400,74,73.94,,73.94
C,los-angeles,2026-07-08,20260708T210925187640-0400,74,73.94,,73.94
C,los-angeles,2026-07-08,20260708T220221005690-0400,74,73.94,,73.94
C,los-angeles,2026-07-08,20260708T230646874782-0400,74,73.94,,73.94
C,los-angeles,2026-07-08,20260709T000150602717-0400,74,73.94,,73.94
C,los-angeles,2026-07-08,20260709T010554973122-0400,74,73.94,,73.94
C,los-angeles,2026-07-08,20260709T020049687661-0400,74,73.94,,73.94
C,los-angeles,2026-07-09,20260709T030054004104-0400,67,66.92,,
C,los-angeles,2026-07-09,20260709T040432104065-0400,66,66.02,,
C,los-angeles,2026-07-09,20260709T050759373790-0400,66,66.02,,
C,los-angeles,2026-07-09,20260709T060222324273-0400,65,64.94,,
C,los-angeles,2026-07-09,20260709T070550278883-0400,65,64.94,,
C,los-angeles,2026-07-09,20260709T080021701460-0400,65,64.94,,
C,los-angeles,2026-07-09,20260709T090058093822-0400,64,64.04,,
C,los-angeles,2026-07-09,20260709T100137153427-0400,66,66.02,,66.02
C,los-angeles,2026-07-09,20260709T111042174661-0400,68,68.0,,68.0
C,los-angeles,2026-07-09,20260709T120610256236-0400,71,71.06,,71.06
C,los-angeles,2026-07-09,20260709T130014001659-0400,71,71.06,,71.06
C,los-angeles,2026-07-09,20260709T142950005805-0400,71,71.06,,71.06
C,los-angeles,2026-07-09,20260709T150622911773-0400,72,71.96,,71.96
C,los-angeles,2026-07-09,20260709T160820151113-0400,72,71.96,,71.96
C,los-angeles,2026-07-09,20260709T170334716342-0400,74,73.94,,73.94
C,los-angeles,2026-07-09,20260709T180550531128-0400,74,73.94,,73.94
C,los-angeles,2026-07-09,20260709T194450707017-0400,74,73.94,,73.94
C,los-angeles,2026-07-09,20260709T200306915772-0400,74,73.94,,73.94
C,los-angeles,2026-07-09,20260709T213242739396-0400,74,73.94,,73.94
C,los-angeles,2026-07-09,20260709T220044778958-0400,74,73.94,,73.94
C,los-angeles,2026-07-09,20260709T230731560809-0400,74,73.94,,73.94
C,los-angeles,2026-07-09,20260710T000320614930-0400,74,73.94,,73.94
C,los-angeles,2026-07-09,20260710T010756007454-0400,74,73.94,,73.94
C,los-angeles,2026-07-09,20260710T020253596118-0400,74,73.94,,73.94
C,los-angeles,2026-07-10,20260710T030111441716-0400,65,64.94,,
C,los-angeles,2026-07-10,20260710T041345832299-0400,65,64.94,,
C,los-angeles,2026-07-10,20260710T050125443417-0400,65,64.94,,
C,los-angeles,2026-07-10,20260710T060733170596-0400,66,66.02,,
C,los-angeles,2026-07-10,20260710T070216463408-0400,66,66.02,,
C,los-angeles,2026-07-10,20260710T080558725589-0400,65,64.94,,
C,los-angeles,2026-07-10,20260710T090036582821-0400,65,64.94,,
C,los-angeles,2026-07-10,20260710T103737035817-0400,65,64.94,,64.94
C,los-angeles,2026-07-10,20260710T110056186349-0400,66,66.02,,66.02
C,los-angeles,2026-07-10,20260710T120140636124-0400,68,68.0,,68.0
C,los-angeles,2026-07-10,20260710T130133926492-0400,72,71.96,,71.96
C,los-angeles,2026-07-10,20260710T141025010076-0400,74,73.94,,73.94
C,los-angeles,2026-07-10,20260710T151251093068-0400,74,73.94,,73.94
C,los-angeles,2026-07-10,20260710T160434880333-0400,74,73.94,,73.94
C,los-angeles,2026-07-10,20260710T170234490405-0400,74,73.94,,73.94
C,los-angeles,2026-07-10,20260710T181619012631-0400,74,73.94,,73.94
C,los-angeles,2026-07-10,20260710T190943599433-0400,74,73.94,,73.94
C,los-angeles,2026-07-10,20260710T200710264622-0400,74,73.94,,73.94
C,los-angeles,2026-07-10,20260710T213708904262-0400,74,73.94,,73.94
C,los-angeles,2026-07-10,20260710T221806274642-0400,74,73.94,,73.94
C,los-angeles,2026-07-10,20260710T230536332583-0400,74,73.94,,73.94
C,los-angeles,2026-07-10,20260711T000734040728-0400,74,73.94,,73.94
C,los-angeles,2026-07-10,20260711T010221605115-0400,74,73.94,,73.94
C,los-angeles,2026-07-10,20260711T020432995092-0400,74,73.94,,73.94
C,los-angeles,2026-07-11,20260711T031224480932-0400,,,,
C,los-angeles,2026-07-11,20260711T044108906756-0400,66,66.02,,
C,los-angeles,2026-07-11,20260711T050109624112-0400,66,66.02,,
C,los-angeles,2026-07-11,20260711T060500761126-0400,67,66.92,,
C,los-angeles,2026-07-11,20260711T070839536410-0400,67,66.92,,
C,los-angeles,2026-07-11,20260711T080312001668-0400,67,66.92,,
C,los-angeles,2026-07-11,20260711T090714137039-0400,68,68.0,,
C,los-angeles,2026-07-11,20260711T103854973984-0400,68,68.0,,68.0
C,los-angeles,2026-07-11,20260711T110541744011-0400,69,69.08,,69.08
C,los-angeles,2026-07-11,20260711T120633800728-0400,69,69.08,,69.08
C,los-angeles,2026-07-11,20260711T130551271852-0400,71,71.06,,71.06
C,los-angeles,2026-07-11,20260711T140709820398-0400,75,75.02,,75.02
C,los-angeles,2026-07-11,20260711T151012658731-0400,75,75.02,,75.02
C,los-angeles,2026-07-11,20260711T160628001263-0400,75,75.02,,75.02
C,los-angeles,2026-07-11,20260711T173039900785-0400,75,75.02,,75.02
C,los-angeles,2026-07-11,20260711T180704619277-0400,75,75.02,,75.02
C,los-angeles,2026-07-11,20260711T190804339499-0400,75,75.02,,75.02
C,los-angeles,2026-07-11,20260711T201413896066-0400,75,75.02,,75.02
C,los-angeles,2026-07-11,20260711T211242127322-0400,75,75.02,,75.02
C,los-angeles,2026-07-11,20260711T221706194720-0400,75,75.02,,75.02
C,los-angeles,2026-07-11,20260712T005603485863-0400,75,75.02,,75.02
C,los-angeles,2026-07-11,20260712T015557102132-0400,75,75.02,,75.02
C,los-angeles,2026-07-14,20260714T030152438895-0400,68,68.0,,
C,los-angeles,2026-07-14,20260714T040543277743-0400,68,68.0,,
C,los-angeles,2026-07-14,20260714T050011789663-0400,68,68.0,,
C,los-angeles,2026-07-14,20260714T060355615496-0400,68,68.0,,
C,los-angeles,2026-07-14,20260714T070732045133-0400,68,68.0,,
C,los-angeles,2026-07-14,20260714T080208965987-0400,67,66.92,,
C,los-angeles,2026-07-14,20260714T090836537143-0400,67,66.92,,
C,los-angeles,2026-07-14,20260714T100521274301-0400,67,66.92,,66.92
C,los-angeles,2026-07-14,20260714T110806625696-0400,70,69.98,,69.98
C,los-angeles,2026-07-14,20260714T120317948771-0400,71,71.06,,71.06
C,los-angeles,2026-07-14,20260714T130747565102-0400,71,71.06,,71.06
C,los-angeles,2026-07-14,20260714T140222813169-0400,73,73.04,,73.04
C,los-angeles,2026-07-14,20260714T150611868564-0400,74,73.94,,73.94
C,los-angeles,2026-07-14,20260714T160051215489-0400,75,75.02,,75.02
C,los-angeles,2026-07-14,20260714T170436970069-0400,76,75.92,,75.92
C,los-angeles,2026-07-14,20260714T180849427935-0400,77,77.0,,77.0
C,los-angeles,2026-07-14,20260714T190333352827-0400,77,77.0,,77.0
C,los-angeles,2026-07-14,20260714T200721903682-0400,77,77.0,,77.0
C,los-angeles,2026-07-14,20260714T210201720919-0400,77,77.0,,77.0
C,los-angeles,2026-07-14,20260714T220244534581-0400,77,77.0,,77.0
C,los-angeles,2026-07-14,20260714T230844626394-0400,77,77.0,,77.0
C,los-angeles,2026-07-14,20260715T000608609475-0400,77,77.0,,77.0
C,los-angeles,2026-07-14,20260715T010238404316-0400,77,77.0,,77.0
C,los-angeles,2026-07-14,20260715T020830965967-0400,77,77.0,,77.0
C,los-angeles,2026-07-15,20260715T030027417827-0400,70,69.98,,
C,los-angeles,2026-07-15,20260715T040415054290-0400,70,69.98,,
C,los-angeles,2026-07-15,20260715T050801568246-0400,69,69.08,,
C,los-angeles,2026-07-15,20260715T060235752305-0400,68,68.0,,
C,los-angeles,2026-07-15,20260715T070619363694-0400,68,68.0,,
C,los-angeles,2026-07-15,20260715T080104443802-0400,68,68.0,,
C,los-angeles,2026-07-15,20260715T090506543050-0400,68,68.0,,
C,los-angeles,2026-07-15,20260715T100844881737-0400,68,68.0,,
C,los-angeles,2026-07-15,20260715T110316842210-0400,73,73.04,,73.04
C,los-angeles,2026-07-15,20260715T120705880330-0400,76,75.92,,75.92
C,los-angeles,2026-07-15,20260715T130145402436-0400,77,77.0,,77.0
C,los-angeles,2026-07-15,20260715T140534169632-0400,78,78.08,,78.08
C,los-angeles,2026-07-15,20260715T150027152911-0400,79,78.98,,78.98
C,los-angeles,2026-07-15,20260715T160414818179-0400,80,80.06,,80.06
C,los-angeles,2026-07-15,20260715T170804743449-0400,80,80.06,,80.06
C,los-angeles,2026-07-15,20260715T180241701910-0400,,,,
C,los-angeles,2026-07-15,20260715T190620410145-0400,80,80.06,,80.06
C,los-angeles,2026-07-15,20260715T200118919016-0400,80,80.06,,80.06
C,los-angeles,2026-07-15,20260715T210531128418-0400,80,80.06,,80.06
C,los-angeles,2026-07-15,20260715T220151103322-0400,80,80.06,,80.06
C,los-angeles,2026-07-15,20260715T230109724149-0400,80,80.06,,80.06
C,los-angeles,2026-07-15,20260716T000105150749-0400,80,80.06,,80.06
C,los-angeles,2026-07-15,20260716T010529337153-0400,80,80.06,,80.06
C,los-angeles,2026-07-15,20260716T020038696983-0400,80,80.06,,80.06
C,los-angeles,2026-07-16,20260716T030050275128-0400,72,71.96,,
C,los-angeles,2026-07-16,20260716T040644663072-0400,71,71.06,,
C,los-angeles,2026-07-16,20260716T050119267517-0400,71,71.06,,
C,los-angeles,2026-07-16,20260716T060457488318-0400,70,69.98,,
C,los-angeles,2026-07-16,20260716T070847264158-0400,70,69.98,,
C,los-angeles,2026-07-16,20260716T080327483511-0400,70,69.98,,
C,los-angeles,2026-07-16,20260716T090717300122-0400,69,69.08,,
C,los-angeles,2026-07-16,20260716T100200808307-0400,69,69.08,,
C,los-angeles,2026-07-16,20260716T110549174438-0400,73,73.04,,73.04
C,los-angeles,2026-07-16,20260716T120034134957-0400,76,75.92,,75.92
C,los-angeles,2026-07-16,20260716T130424766741-0400,78,78.08,,78.08
C,los-angeles,2026-07-16,20260716T140820178283-0400,81,80.96,,80.96
C,los-angeles,2026-07-16,20260716T150306804125-0400,82,82.04,,82.04
C,los-angeles,2026-07-16,20260716T160708861798-0400,82,82.04,,82.04
C,los-angeles,2026-07-16,20260716T170159685307-0400,82,82.04,,82.04
C,los-angeles,2026-07-16,20260716T180548867308-0400,82,82.04,,82.04
C,los-angeles,2026-07-16,20260716T190035173122-0400,82,82.04,,82.04
C,los-angeles,2026-07-16,20260716T201038663621-0400,82,82.04,,82.04
C,los-angeles,2026-07-16,20260716T211251338357-0400,82,82.04,,82.04
C,los-angeles,2026-07-16,20260716T220825845080-0400,82,82.04,,82.04
C,los-angeles,2026-07-16,20260716T230304732903-0400,82,82.04,,82.04
C,los-angeles,2026-07-16,20260717T000755233374-0400,82,82.04,,82.04
C,los-angeles,2026-07-16,20260717T010314125847-0400,82,82.04,,82.04
C,los-angeles,2026-07-16,20260717T020736462226-0400,82,82.04,,82.04
C,los-angeles,2026-07-17,20260717T030045664699-0400,70,69.98,,
C,los-angeles,2026-07-17,20260717T040440990411-0400,70,69.98,,
C,los-angeles,2026-07-17,20260717T050823594120-0400,70,69.98,,
C,los-angeles,2026-07-17,20260717T060259090699-0400,69,69.08,,
C,los-angeles,2026-07-17,20260717T070643373860-0400,69,69.08,,
C,los-angeles,2026-07-17,20260717T080126734533-0400,70,69.98,,
C,los-angeles,2026-07-17,20260717T091001161677-0400,70,69.98,,
C,los-angeles,2026-07-17,20260717T102723854556-0400,71,71.06,,71.06
C,los-angeles,2026-07-17,20260717T110410741081-0400,72,71.96,,71.96
C,los-angeles,2026-07-17,20260717T121347937411-0400,74,73.94,,73.94
C,los-angeles,2026-07-17,20260717T130830166560-0400,76,75.92,,75.92
C,los-angeles,2026-07-17,20260717T140312551563-0400,79,78.98,,78.98
C,los-angeles,2026-07-17,20260717T150708565610-0400,81,80.96,,80.96
C,los-angeles,2026-07-17,20260717T160546179828-0400,81,80.96,,80.96
C,los-angeles,2026-07-17,20260717T170023116300-0400,86,86.0,,86.0
C,los-angeles,2026-07-17,20260717T180425247353-0400,86,86.0,,86.0
C,los-angeles,2026-07-17,20260717T190123671448-0400,86,86.0,,86.0
C,los-angeles,2026-07-17,20260717T200522413156-0400,86,86.0,,86.0
C,los-angeles,2026-07-17,20260717T210007808370-0400,86,86.0,,86.0
C,los-angeles,2026-07-17,20260717T220418495119-0400,86,86.0,,86.0
C,los-angeles,2026-07-17,20260717T230839437393-0400,86,86.0,,86.0
C,los-angeles,2026-07-17,20260718T000748877763-0400,86,86.0,,86.0
C,los-angeles,2026-07-17,20260718T010305763936-0400,86,86.0,,86.0
C,los-angeles,2026-07-17,20260718T020722719362-0400,86,86.0,,86.0
C,los-angeles,2026-07-18,20260718T030244067891-0400,71,71.06,,
C,los-angeles,2026-07-18,20260718T040636563179-0400,71,71.06,,
C,los-angeles,2026-07-18,20260718T050115099058-0400,71,71.06,,
C,los-angeles,2026-07-18,20260718T060502553824-0400,70,69.98,,
C,los-angeles,2026-07-18,20260718T070847548614-0400,70,69.98,,
C,los-angeles,2026-07-18,20260718T080327078433-0400,69,69.08,,
C,los-angeles,2026-07-18,20260718T090714096016-0400,69,69.08,,
C,los-angeles,2026-07-18,20260718T100208041218-0400,70,69.98,,69.98
C,los-angeles,2026-07-18,20260718T110603865203-0400,72,71.96,,71.96
C,los-angeles,2026-07-18,20260718T120040934988-0400,75,75.02,,75.02
C,los-angeles,2026-07-18,20260718T130430968407-0400,76,75.92,,75.92
C,los-angeles,2026-07-18,20260718T140817006201-0400,77,77.0,,77.0
C,los-angeles,2026-07-18,20260718T150259664419-0400,77,77.0,,77.0
C,los-angeles,2026-07-18,20260718T160653610045-0400,77,77.0,,77.0
C,los-angeles,2026-07-18,20260718T170142260155-0400,78,78.08,,78.08
C,los-angeles,2026-07-18,20260718T180530993211-0400,78,78.08,,78.08
C,los-angeles,2026-07-18,20260718T190013085789-0400,78,78.08,,78.08
C,los-angeles,2026-07-18,20260718T200422762896-0400,78,78.08,,78.08
C,los-angeles,2026-07-18,20260718T210813031082-0400,78,78.08,,78.08
C,los-angeles,2026-07-18,20260718T220311429813-0400,78,78.08,,78.08
C,los-angeles,2026-07-18,20260718T230742126761-0400,78,78.08,,78.08
C,los-angeles,2026-07-18,20260719T000055573109-0400,78,78.08,,78.08
C,los-angeles,2026-07-18,20260719T010522804621-0400,78,78.08,,78.08
C,los-angeles,2026-07-18,20260719T020041221178-0400,78,78.08,,78.08
C,los-angeles,2026-07-19,20260719T030345101515-0400,69,69.08,,
C,los-angeles,2026-07-19,20260719T040737714589-0400,69,69.08,,
C,los-angeles,2026-07-19,20260719T050210978473-0400,68,68.0,,
C,los-angeles,2026-07-19,20260719T060552127088-0400,68,68.0,,
C,los-angeles,2026-07-19,20260719T070027324553-0400,68,68.0,,
C,los-angeles,2026-07-19,20260719T080415966590-0400,69,69.08,,
C,los-angeles,2026-07-19,20260719T090803922498-0400,69,69.08,,
C,los-angeles,2026-07-19,20260719T100708152140-0400,70,69.98,,69.98
C,los-angeles,2026-07-19,20260719T110146505696-0400,71,71.06,,71.06
C,los-angeles,2026-07-19,20260719T120536599559-0400,72,71.96,,71.96
C,los-angeles,2026-07-19,20260719T130016639154-0400,76,75.92,,75.92
C,los-angeles,2026-07-19,20260719T140405236860-0400,76,75.92,,75.92
C,los-angeles,2026-07-19,20260719T150754803725-0400,77,77.0,,77.0
C,los-angeles,2026-07-19,20260719T160242357278-0400,77,77.0,,77.0
C,los-angeles,2026-07-19,20260719T171802928572-0400,77,77.0,,77.0
C,los-angeles,2026-07-19,20260719T180106008560-0400,77,77.0,,77.0
C,los-angeles,2026-07-19,20260719T190354373490-0400,77,77.0,,77.0
C,los-angeles,2026-07-19,20260719T202606237386-0400,77,77.0,,77.0
C,los-angeles,2026-07-19,20260719T211448725282-0400,77,77.0,,77.0
C,los-angeles,2026-07-19,20260719T220833518284-0400,77,77.0,,77.0
C,los-angeles,2026-07-19,20260719T235646353664-0400,77,77.0,,77.0
C,los-angeles,2026-07-19,20260720T001420995623-0400,77,77.0,,77.0
C,los-angeles,2026-07-19,20260720T010150745118-0400,77,77.0,,77.0
C,los-angeles,2026-07-19,20260720T020347931234-0400,77,77.0,,77.0
C,los-angeles,2026-07-20,20260720T030011380831-0400,69,69.08,,
C,los-angeles,2026-07-20,20260720T040359765388-0400,69,69.08,,
C,los-angeles,2026-07-20,20260720T050739276597-0400,69,69.08,,
C,los-angeles,2026-07-20,20260720T060212071030-0400,68,68.0,,
C,los-angeles,2026-07-20,20260720T070601164768-0400,68,68.0,,
C,los-angeles,2026-07-20,20260720T080041781831-0400,68,68.0,,
C,los-angeles,2026-07-20,20260720T090442896265-0400,69,69.08,,
C,los-angeles,2026-07-20,20260720T100859847712-0400,69,69.08,,69.08
C,los-angeles,2026-07-20,20260720T110340407169-0400,70,69.98,,69.98
C,los-angeles,2026-07-20,20260720T120420632579-0400,74,73.94,,73.94
C,los-angeles,2026-07-20,20260720T131615165475-0400,78,78.08,,78.08
C,los-angeles,2026-07-20,20260720T140229992425-0400,81,80.96,,80.96
C,los-angeles,2026-07-20,20260720T150938983166-0400,81,80.96,,80.96
C,los-angeles,2026-07-20,20260720T162141233130-0400,81,80.96,,80.96
C,los-angeles,2026-07-20,20260720T170031017038-0400,81,80.96,,80.96
C,los-angeles,2026-07-20,20260720T181903671237-0400,81,80.96,,80.96
C,los-angeles,2026-07-20,20260720T190532859394-0400,81,80.96,,80.96
C,los-angeles,2026-07-20,20260720T200041270824-0400,81,80.96,,80.96
C,los-angeles,2026-07-20,20260720T210503074285-0400,81,80.96,,80.96
C,los-angeles,2026-07-20,20260720T220015969308-0400,81,80.96,,80.96
C,los-angeles,2026-07-20,20260720T230321746726-0400,81,80.96,,80.96
C,los-angeles,2026-07-20,20260721T000842158853-0400,81,80.96,,80.96
C,los-angeles,2026-07-20,20260721T010107313851-0400,81,80.96,,80.96
C,los-angeles,2026-07-20,20260721T020543907038-0400,81,80.96,,80.96
C,los-angeles,2026-07-21,20260721T030054629959-0400,72,71.96,,
C,los-angeles,2026-07-21,20260721T040443267619-0400,72,71.96,,
C,los-angeles,2026-07-21,20260721T050826161913-0400,71,71.06,,
C,los-angeles,2026-07-21,20260721T060301583823-0400,71,71.06,,
C,los-angeles,2026-07-21,20260721T070645124011-0400,70,69.98,,
C,los-angeles,2026-07-21,20260721T080128943000-0400,70,69.98,,
C,los-angeles,2026-07-21,20260721T090521627370-0400,70,69.98,,
C,los-angeles,2026-07-21,20260721T100001373431-0400,70,69.98,,69.98
C,los-angeles,2026-07-21,20260721T110357134858-0400,73,73.04,,73.04
C,los-angeles,2026-07-21,20260721T120030821196-0400,76,75.92,,75.92
C,los-angeles,2026-07-21,20260721T130452689620-0400,78,78.08,,78.08
C,los-angeles,2026-07-21,20260721T140925037210-0400,81,80.96,,80.96
C,los-angeles,2026-07-21,20260721T150511457330-0400,81,80.96,,80.96
C,los-angeles,2026-07-21,20260721T160413177857-0400,81,80.96,,80.96
C,los-angeles,2026-07-21,20260721T171022047013-0400,81,80.96,,80.96
C,los-angeles,2026-07-21,20260721T180748106428-0400,81,80.96,,80.96
C,los-angeles,2026-07-21,20260721T190726573691-0400,81,80.96,,80.96
C,los-angeles,2026-07-21,20260721T200545990990-0400,81,80.96,,80.96
C,los-angeles,2026-07-21,20260721T210235289777-0400,81,80.96,,80.96
C,los-angeles,2026-07-21,20260721T220809111315-0400,81,80.96,,80.96
C,los-angeles,2026-07-21,20260721T230927183645-0400,81,80.96,,80.96
C,los-angeles,2026-07-21,20260722T000134122745-0400,81,80.96,,80.96
C,los-angeles,2026-07-21,20260722T010559189543-0400,81,80.96,,80.96
C,los-angeles,2026-07-21,20260722T020111201893-0400,81,80.96,,80.96
C,los-angeles,2026-07-22,20260722T030210600020-0400,72,71.96,,
C,los-angeles,2026-07-22,20260722T040611744317-0400,71,71.06,,
C,los-angeles,2026-07-22,20260722T050128154145-0400,70,69.98,,
C,los-angeles,2026-07-22,20260722T060510033991-0400,70,69.98,,
C,los-angeles,2026-07-22,20260722T070859526286-0400,70,69.98,,
C,los-angeles,2026-07-22,20260722T080342071136-0400,70,69.98,,
C,los-angeles,2026-07-22,20260722T090735553061-0400,69,69.08,,
C,los-angeles,2026-07-22,20260722T100219816807-0400,69,69.08,,69.08
C,los-angeles,2026-07-22,20260722T110602735380-0400,69,69.08,,69.08
C,los-angeles,2026-07-22,20260722T120051398777-0400,70,69.98,,69.98
C,los-angeles,2026-07-22,20260722T130037810860-0400,70,69.98,,69.98
C,los-angeles,2026-07-22,20260722T140820832841-0400,73,73.04,,73.04
C,los-angeles,2026-07-22,20260722T150308415415-0400,75,75.02,,75.02
C,los-angeles,2026-07-22,20260722T160713828789-0400,75,75.02,,75.02
C,los-angeles,2026-07-22,20260722T170158117709-0400,76,75.92,,75.92
C,los-angeles,2026-07-22,20260722T180547137495-0400,77,77.0,,77.0
C,los-angeles,2026-07-22,20260722T190104618179-0400,77,77.0,,77.0
C,los-angeles,2026-07-22,20260722T200531569376-0400,77,77.0,,77.0
C,los-angeles,2026-07-22,20260722T210015770478-0400,77,77.0,,77.0
C,los-angeles,2026-07-22,20260722T220555207723-0400,77,77.0,,77.0
C,los-angeles,2026-07-22,20260722T230102676864-0400,77,77.0,,77.0
C,los-angeles,2026-07-22,20260723T000526785595-0400,77,77.0,,77.0
C,los-angeles,2026-07-22,20260723T010057815903-0400,77,77.0,,77.0
C,los-angeles,2026-07-22,20260723T020516617951-0400,77,77.0,,77.0
C,los-angeles,2026-07-23,20260723T030420508713-0400,70,69.98,,
C,los-angeles,2026-07-23,20260723T040814298853-0400,70,69.98,,
C,los-angeles,2026-07-23,20260723T050514270945-0400,69,69.08,,
C,los-angeles,2026-07-23,20260723T060852313485-0400,69,69.08,,
C,los-angeles,2026-07-23,20260723T070342031520-0400,69,69.08,,
C,los-angeles,2026-07-23,20260723T080731565887-0400,69,69.08,,
C,los-angeles,2026-07-23,20260723T090213022213-0400,69,69.08,,
C,los-angeles,2026-07-23,20260723T100552386225-0400,71,71.06,,71.06
C,los-angeles,2026-07-23,20260723T110030711668-0400,72,71.96,,71.96
C,los-angeles,2026-07-23,20260723T120415130410-0400,76,75.92,,75.92
C,los-angeles,2026-07-23,20260723T130803717985-0400,76,75.92,,75.92
C,los-angeles,2026-07-23,20260723T140251115279-0400,78,78.08,,78.08
C,los-angeles,2026-07-23,20260723T150640196075-0400,79,78.98,,78.98
C,los-angeles,2026-07-23,20260723T160133735587-0400,79,78.98,,78.98
C,los-angeles,2026-07-23,20260723T170517081423-0400,80,80.06,,80.06
C,los-angeles,2026-07-23,20260723T180901228530-0400,80,80.06,,80.06
C,los-angeles,2026-07-23,20260723T190341518079-0400,80,80.06,,80.06
C,los-angeles,2026-07-23,20260723T200731481666-0400,80,80.06,,80.06
C,los-angeles,2026-07-23,20260723T210214561225-0400,80,80.06,,80.06
C,los-angeles,2026-07-23,20260723T220626556533-0400,80,80.06,,80.06
C,los-angeles,2026-07-23,20260723T230132641666-0400,80,80.06,,80.06
C,los-angeles,2026-07-23,20260724T000554484390-0400,80,80.06,,80.06
C,los-angeles,2026-07-23,20260724T010111701142-0400,80,80.06,,80.06
C,los-angeles,2026-07-23,20260724T020536006250-0400,80,80.06,,80.06
C,los-angeles,2026-07-24,20260724T030042021432-0400,71,71.06,,
C,los-angeles,2026-07-24,20260724T040424612412-0400,71,71.06,,
C,los-angeles,2026-07-24,20260724T050214880078-0400,70,69.98,,
C,los-angeles,2026-07-24,20260724T060554755980-0400,69,69.08,,
C,los-angeles,2026-07-24,20260724T070030891005-0400,69,69.08,,
C,los-angeles,2026-07-24,20260724T080415999671-0400,68,68.0,,
C,los-angeles,2026-07-24,20260724T090805231573-0400,68,68.0,,
C,los-angeles,2026-07-24,20260724T100239108098-0400,69,69.08,,69.08
C,los-angeles,2026-07-24,20260724T110618382400-0400,71,71.06,,71.06
C,los-angeles,2026-07-24,20260724T120054480326-0400,73,73.04,,73.04
C,los-angeles,2026-07-24,20260724T130036830976-0400,75,75.02,,75.02
C,los-angeles,2026-07-24,20260724T140831852451-0400,77,77.0,,77.0
C,los-angeles,2026-07-24,20260724T150311054191-0400,78,78.08,,78.08
C,los-angeles,2026-07-24,20260724T160703839234-0400,78,78.08,,78.08
C,los-angeles,2026-07-24,20260724T170139845335-0400,78,78.08,,78.08
C,los-angeles,2026-07-24,20260724T180524037090-0400,78,78.08,,78.08
C,los-angeles,2026-07-24,20260724T190005382503-0400,78,78.08,,78.08
C,los-angeles,2026-07-24,20260724T200355141240-0400,78,78.08,,78.08
C,los-angeles,2026-07-24,20260724T210744692197-0400,78,78.08,,78.08
C,los-angeles,2026-07-24,20260724T220241904358-0400,78,78.08,,78.08
C,los-angeles,2026-07-24,20260724T230702951953-0400,78,78.08,,78.08
C,los-angeles,2026-07-24,20260725T000216614210-0400,78,78.08,,78.08
C,los-angeles,2026-07-24,20260725T010640476293-0400,78,78.08,,78.08
C,los-angeles,2026-07-24,20260725T020150770445-0400,78,78.08,,78.08
C,los-angeles,2026-07-25,20260725T030043421162-0400,72,71.96,,
C,los-angeles,2026-07-25,20260725T040430606198-0400,72,71.96,,
C,los-angeles,2026-07-25,20260725T050049920282-0400,72,71.96,,
C,los-angeles,2026-07-25,20260725T060428627044-0400,71,71.06,,
C,los-angeles,2026-07-25,20260725T070812416965-0400,71,71.06,,
C,los-angeles,2026-07-25,20260725T080250012868-0400,70,69.98,,
C,los-angeles,2026-07-25,20260725T090636608826-0400,70,69.98,,
C,los-angeles,2026-07-25,20260725T100109800619-0400,70,69.98,,69.98
C,los-angeles,2026-07-25,20260725T110450268707-0400,72,71.96,,71.96
C,los-angeles,2026-07-25,20260725T120837440665-0400,75,75.02,,75.02
C,los-angeles,2026-07-25,20260725T130311857194-0400,77,77.0,,77.0
C,los-angeles,2026-07-25,20260725T140659036504-0400,77,77.0,,77.0
C,los-angeles,2026-07-25,20260725T150140275458-0400,78,78.08,,78.08
C,los-angeles,2026-07-25,20260725T160537633164-0400,78,78.08,,78.08
C,los-angeles,2026-07-25,20260725T170014190471-0400,78,78.08,,78.08
C,los-angeles,2026-07-25,20260725T180356693354-0400,78,78.08,,78.08
C,los-angeles,2026-07-25,20260725T190748389946-0400,78,78.08,,78.08
C,los-angeles,2026-07-25,20260725T200238767911-0400,78,78.08,,78.08
C,los-angeles,2026-07-25,20260725T210630883137-0400,78,78.08,,78.08
C,los-angeles,2026-07-25,20260725T220149048342-0400,78,78.08,,78.08
C,los-angeles,2026-07-25,20260725T230031434742-0400,78,78.08,,78.08
C,los-angeles,2026-07-25,20260726T000537939681-0400,78,78.08,,78.08
C,los-angeles,2026-07-25,20260726T010114621004-0400,78,78.08,,78.08
C,los-angeles,2026-07-25,20260726T020549656649-0400,78,78.08,,78.08
C,los-angeles,2026-07-26,20260726T030036857596-0400,71,71.06,,
C,los-angeles,2026-07-26,20260726T040447783553-0400,71,71.06,,
C,los-angeles,2026-07-26,20260726T050959078503-0400,71,71.06,,
C,los-angeles,2026-07-26,20260726T060724650677-0400,70,69.98,,
C,los-angeles,2026-07-26,20260726T070200535397-0400,70,69.98,,
C,los-angeles,2026-07-26,20260726T080542349369-0400,70,69.98,,
C,los-angeles,2026-07-26,20260726T090019856421-0400,70,69.98,,
C,los-angeles,2026-07-26,20260726T100400206576-0400,70,69.98,,69.98
C,los-angeles,2026-07-26,20260726T110754110656-0400,71,71.06,,71.06
C,los-angeles,2026-07-26,20260726T120230364203-0400,73,73.04,,73.04
C,los-angeles,2026-07-26,20260726T130609901226-0400,75,75.02,,75.02
C,los-angeles,2026-07-26,20260726T140053281152-0400,75,75.02,,75.02
C,los-angeles,2026-07-26,20260726T150441514328-0400,77,77.0,,77.0
C,los-angeles,2026-07-26,20260726T160842918754-0400,79,78.98,,78.98
C,los-angeles,2026-07-26,20260726T170319825315-0400,79,78.98,,78.98
C,los-angeles,2026-07-26,20260726T180713770993-0400,79,78.98,,78.98
C,los-angeles,2026-07-26,20260726T190151133233-0400,79,78.98,,78.98
C,los-angeles,2026-07-26,20260726T200545932035-0400,79,78.98,,78.98
C,los-angeles,2026-07-26,20260726T210029119942-0400,79,78.98,,78.98
C,los-angeles,2026-07-26,20260726T220446288025-0400,79,78.98,,78.98
C,los-angeles,2026-07-26,20260726T230913625875-0400,79,78.98,,78.98
C,los-angeles,2026-07-26,20260727T000424357134-0400,79,78.98,,78.98
C,los-angeles,2026-07-26,20260727T010841051003-0400,79,78.98,,78.98
C,los-angeles,2026-07-26,20260727T020350918458-0400,79,78.98,,78.98
C,los-angeles,2026-07-27,20260727T030037398728-0400,71,71.06,,
C,los-angeles,2026-07-27,20260727T040421044590-0400,71,71.06,,
C,los-angeles,2026-07-27,20260727T050226007364-0400,70,69.98,,
C,los-angeles,2026-07-27,20260727T060609914805-0400,70,69.98,,
C,los-angeles,2026-07-27,20260727T070043257463-0400,70,69.98,,
C,los-angeles,2026-07-27,20260727T080425430252-0400,69,69.08,,
C,los-angeles,2026-07-27,20260727T090818090986-0400,69,69.08,,
C,los-angeles,2026-07-27,20260727T100257363195-0400,69,69.08,,
C,los-angeles,2026-07-27,20260727T110642356256-0400,69,69.08,,
C,los-angeles,2026-07-27,20260727T120123196087-0400,74,73.94,,73.94
C,los-angeles,2026-07-27,20260727T130507227040-0400,79,78.98,,78.98
C,los-angeles,2026-07-27,20260727T140856523378-0400,79,78.98,,78.98
C,los-angeles,2026-07-27,20260727T150337975418-0400,79,78.98,,78.98
C,los-angeles,2026-07-27,20260727T160735894880-0400,79,78.98,,78.98
C,los-angeles,2026-07-27,20260727T170211241189-0400,79,78.98,,78.98
C,los-angeles,2026-07-27,20260727T180552364127-0400,79,78.98,,78.98
C,los-angeles,2026-07-27,20260727T190033321417-0400,79,78.98,,78.98
C,los-angeles,2026-07-27,20260727T200421822955-0400,79,78.98,,78.98
C,los-angeles,2026-07-27,20260727T210816337943-0400,79,78.98,,78.98
C,los-angeles,2026-07-27,20260727T220314921020-0400,79,78.98,,78.98
C,los-angeles,2026-07-27,20260727T230745372592-0400,79,78.98,,78.98
C,los-angeles,2026-07-27,20260728T000250985440-0400,79,78.98,,78.98
C,los-angeles,2026-07-27,20260728T010713139394-0400,79,78.98,,78.98
C,los-angeles,2026-07-27,20260728T020235290712-0400,79,78.98,,78.98
C,los-angeles,2026-07-28,20260728T030023171371-0400,71,71.06,,
C,los-angeles,2026-07-28,20260728T040406961692-0400,72,71.96,,
C,los-angeles,2026-07-28,20260728T050019951972-0400,70,69.98,,
C,los-angeles,2026-07-28,20260728T060403986647-0400,70,69.98,,
C,los-angeles,2026-07-28,20260728T070800641882-0400,70,69.98,,
C,los-angeles,2026-07-28,20260728T080241434439-0400,70,69.98,,
C,los-angeles,2026-07-28,20260728T090636195685-0400,70,69.98,,
C,los-angeles,2026-07-28,20260728T100111723622-0400,69,69.08,,69.08
C,los-angeles,2026-07-28,20260728T110455483514-0400,72,71.96,,71.96
C,los-angeles,2026-07-28,20260728T120839953993-0400,74,73.94,,73.94
C,los-angeles,2026-07-28,20260728T130318430530-0400,76,75.92,,75.92
C,los-angeles,2026-07-28,20260728T140714216808-0400,76,75.92,,75.92
C,los-angeles,2026-07-28,20260728T150156955614-0400,77,77.0,,77.0
C,los-angeles,2026-07-28,20260728T160547940234-0400,78,78.08,,78.08
C,los-angeles,2026-07-28,20260728T170026595095-0400,78,78.08,,78.08
C,los-angeles,2026-07-28,20260728T180417630332-0400,78,78.08,,78.08
C,los-angeles,2026-07-28,20260728T190801149025-0400,78,78.08,,78.08
C,los-angeles,2026-07-28,20260728T200243384046-0400,78,78.08,,78.08
C,los-angeles,2026-07-28,20260728T210556569415-0400,71,71.06,,
C,los-angeles,2026-07-28,20260728T220143929706-0400,78,78.08,,78.08
C,los-angeles,2026-07-28,20260728T230614125397-0400,78,78.08,,78.08
C,los-angeles,2026-07-28,20260729T000130292861-0400,78,78.08,,78.08
C,los-angeles,2026-07-28,20260729T010558998816-0400,78,78.08,,78.08
C,los-angeles,2026-07-28,20260729T020227386092-0400,78,78.08,,78.08
C,los-angeles,2026-07-29,20260729T030235825373-0400,70,69.98,,
C,los-angeles,2026-07-29,20260729T040647057600-0400,70,69.98,,
C,los-angeles,2026-07-29,20260729T050441819217-0400,69,69.08,,
C,los-angeles,2026-07-29,20260729T060818885071-0400,70,69.98,,
C,los-angeles,2026-07-29,20260729T070255008856-0400,70,69.98,,
C,los-angeles,2026-07-29,20260729T080640045869-0400,70,69.98,,
C,los-angeles,2026-07-29,20260729T090119498512-0400,70,69.98,,
C,los-angeles,2026-07-29,20260729T100502245897-0400,71,71.06,,71.06
C,los-angeles,2026-07-29,20260729T110847829991-0400,71,71.06,,71.06
C,los-angeles,2026-07-29,20260729T120340028352-0400,73,73.04,,73.04
C,los-angeles,2026-07-29,20260729T130727050564-0400,76,75.92,,75.92
C,los-angeles,2026-07-29,20260729T140205370728-0400,79,78.98,,78.98
C,los-angeles,2026-07-29,20260729T150600013802-0400,79,78.98,,78.98
C,los-angeles,2026-07-29,20260729T160043632583-0400,79,78.98,,78.98
C,los-angeles,2026-07-29,20260729T170423913290-0400,79,78.98,,78.98
C,los-angeles,2026-07-29,20260729T180810483797-0400,79,78.98,,78.98
C,los-angeles,2026-07-29,20260729T190250747349-0400,79,78.98,,78.98
C,los-angeles,2026-07-29,20260729T200644175513-0400,79,78.98,,78.98
C,los-angeles,2026-07-29,20260729T210124642875-0400,79,78.98,,78.98
C,los-angeles,2026-07-29,20260729T220547012823-0400,79,78.98,,78.98
C,los-angeles,2026-07-29,20260729T230136818273-0400,79,78.98,,78.98
C,los-angeles,2026-07-29,20260730T000619809565-0400,79,78.98,,78.98
C,los-angeles,2026-07-29,20260730T010148055729-0400,79,78.98,,78.98
C,los-angeles,2026-07-29,20260730T020614659851-0400,79,78.98,,78.98
C,los-angeles,2026-07-30,20260730T030127750070-0400,69,69.08,,
C,los-angeles,2026-07-30,20260730T040536694591-0400,70,69.98,,
C,los-angeles,2026-07-30,20260730T050050225846-0400,70,69.98,,
C,los-angeles,2026-07-30,20260730T060437743665-0400,71,71.06,,
C,los-angeles,2026-07-30,20260730T070850426641-0400,71,71.06,,
C,los-angeles,2026-07-30,20260730T080330033908-0400,70,69.98,,
C,los-angeles,2026-07-30,20260730T090721995296-0400,70,69.98,,
C,los-angeles,2026-07-30,20260730T100200395365-0400,71,71.06,,71.06
C,los-angeles,2026-07-30,20260730T110538268999-0400,72,71.96,,71.96
C,los-angeles,2026-07-30,20260730T120017143164-0400,75,75.02,,75.02
C,los-angeles,2026-07-30,20260730T130355834238-0400,75,75.02,,75.02
C,los-angeles,2026-07-30,20260730T140747406193-0400,75,75.02,,75.02
C,los-angeles,2026-07-30,20260730T150238742161-0400,77,77.0,,77.0
C,los-angeles,2026-07-30,20260730T160633159509-0400,77,77.0,,77.0
C,los-angeles,2026-07-30,20260730T170107974619-0400,77,77.0,,77.0
C,los-angeles,2026-07-30,20260730T180500813934-0400,77,77.0,,77.0
C,los-angeles,2026-07-30,20260730T190845629750-0400,77,77.0,,77.0
C,los-angeles,2026-07-30,20260730T200325263996-0400,77,77.0,,77.0
C,los-angeles,2026-07-30,20260730T210713671049-0400,77,77.0,,77.0
C,los-angeles,2026-07-30,20260730T220222273883-0400,77,77.0,,77.0
C,los-angeles,2026-07-30,20260730T230647046548-0400,77,77.0,,77.0
C,los-angeles,2026-07-30,20260731T000200013177-0400,77,77.0,,77.0
C,los-angeles,2026-07-30,20260731T010636758998-0400,77,77.0,,77.0
C,los-angeles,2026-07-30,20260731T020245108852-0400,77,77.0,,77.0
C,miami,2026-07-01,20260701T000050-0400,,,,
C,miami,2026-07-01,20260701T010420-0400,,,,
C,miami,2026-07-01,20260701T020746-0400,,,,
C,miami,2026-07-01,20260701T030224-0400,,,,
C,miami,2026-07-01,20260701T040553-0400,,,,
C,miami,2026-07-01,20260701T050014-0400,,,,
C,miami,2026-07-01,20260701T060347-0400,,,,
C,miami,2026-07-01,20260701T070712-0400,,,,
C,miami,2026-07-01,20260701T080147-0400,,,,
C,miami,2026-07-01,20260701T090533-0400,,,,
C,miami,2026-07-01,20260701T100600-0400,,,,
C,miami,2026-07-01,20260701T110638-0400,,,,
C,miami,2026-07-01,20260701T120019-0400,,,,
C,miami,2026-07-01,20260701T130345-0400,,,,
C,miami,2026-07-01,20260701T140826-0400,,,,
C,miami,2026-07-01,20260701T150415-0400,,,,
C,miami,2026-07-01,20260701T160703-0400,,,,
C,miami,2026-07-01,20260701T170422-0400,,,,
C,miami,2026-07-01,20260701T180800-0400,,,,
C,miami,2026-07-01,20260701T190124-0400,,,,
C,miami,2026-07-01,20260701T200500-0400,,,,
C,miami,2026-07-01,20260701T210841-0400,,,,
C,miami,2026-07-01,20260701T220319-0400,,,,
C,miami,2026-07-01,20260701T230710-0400,,,,
C,miami,2026-07-02,20260702T000119-0400,,,,
C,miami,2026-07-02,20260702T010449-0400,,,,
C,miami,2026-07-02,20260702T020823-0400,,,,
C,miami,2026-07-02,20260702T030255-0400,,,,
C,miami,2026-07-02,20260702T040636-0400,,,,
C,miami,2026-07-02,20260702T050056-0400,,,,
C,miami,2026-07-02,20260702T060421-0400,,,,
C,miami,2026-07-02,20260702T070752-0400,,,,
C,miami,2026-07-02,20260702T080220-0400,,,,
C,miami,2026-07-02,20260702T090554-0400,,,,
C,miami,2026-07-02,20260702T100250-0400,,,,
C,miami,2026-07-02,20260702T110329-0400,,,,
C,miami,2026-07-02,20260702T120035-0400,,,,
C,miami,2026-07-02,20260702T130416-0400,,,,
C,miami,2026-07-02,20260702T140804-0400,,,,
C,miami,2026-07-02,20260702T150255-0400,,,,
C,miami,2026-07-02,20260702T160630-0400,,,,
C,miami,2026-07-02,20260702T170056-0400,,,,
C,miami,2026-07-02,20260702T181440-0400,92,91.94,,91.94
C,miami,2026-07-02,20260702T190030-0400,92,91.94,,91.94
C,miami,2026-07-02,20260702T200422-0400,92,91.94,,91.94
C,miami,2026-07-02,20260702T210815-0400,92,91.94,,91.94
C,miami,2026-07-02,20260702T220604-0400,92,91.94,,91.94
C,miami,2026-07-02,20260702T230054-0400,92,91.94,,91.94
C,miami,2026-07-03,20260703T000306-0400,82,82.04,,
C,miami,2026-07-03,20260703T010105-0400,83,82.94,,
C,miami,2026-07-03,20260703T020844-0400,81,80.96,,
C,miami,2026-07-03,20260703T030150-0400,81,80.96,,
C,miami,2026-07-03,20260703T040530-0400,81,80.96,,
C,miami,2026-07-03,20260703T050856-0400,80,80.06,,
C,miami,2026-07-03,20260703T060319-0400,80,80.06,,
C,miami,2026-07-03,20260703T070651-0400,79,78.98,,78.98
C,miami,2026-07-03,20260703T080125-0400,84,84.02,,84.02
C,miami,2026-07-03,20260703T090503-0400,86,86.0,,86.0
C,miami,2026-07-03,20260703T100427-0400,87,87.08000000000001,,87.08000000000001
C,miami,2026-07-03,20260703T110723-0400,89,89.06,,89.06
C,miami,2026-07-03,20260703T120209-0400,89,89.06,,89.06
C,miami,2026-07-03,20260703T131230-0400,89,89.06,,89.06
C,miami,2026-07-03,20260703T140401-0400,89,89.06,,89.06
C,miami,2026-07-03,20260703T150056-0400,89,89.06,,89.06
C,miami,2026-07-03,20260703T160931-0400,91,91.03999999999999,,91.03999999999999
C,miami,2026-07-03,20260703T170313-0400,91,91.03999999999999,,91.03999999999999
C,miami,2026-07-03,20260703T182705-0400,91,91.03999999999999,,91.03999999999999
C,miami,2026-07-03,20260703T190338-0400,91,91.03999999999999,,91.03999999999999
C,miami,2026-07-03,20260703T204506537093-0400,91,91.03999999999999,,91.03999999999999
C,miami,2026-07-03,20260703T211356355084-0400,91,91.03999999999999,,91.03999999999999
C,miami,2026-07-03,20260703T223700807660-0400,91,91.03999999999999,,91.03999999999999
C,miami,2026-07-03,20260703T231656863078-0400,91,91.03999999999999,,91.03999999999999
C,miami,2026-07-04,20260704T000031494008-0400,82,82.04,,
C,miami,2026-07-04,20260704T010419614445-0400,,,,
C,miami,2026-07-04,20260704T020344829582-0400,82,82.04,,
C,miami,2026-07-04,20260704T030237239019-0400,82,82.04,,
C,miami,2026-07-04,20260704T040620239116-0400,81,80.96,,
C,miami,2026-07-04,20260704T050047174798-0400,81,80.96,,
C,miami,2026-07-04,20260704T060418529136-0400,,,,
C,miami,2026-07-04,20260704T070746902009-0400,80,80.06,,80.06
C,miami,2026-07-04,20260704T080214216493-0400,84,84.02,,84.02
C,miami,2026-07-04,20260704T090554576441-0400,86,86.0,,86.0
C,miami,2026-07-04,20260704T100715163451-0400,86,86.0,,86.0
C,miami,2026-07-04,20260704T110529112375-0400,88,87.98,,87.98
C,miami,2026-07-04,20260704T120346969482-0400,90,89.96000000000001,,89.96000000000001
C,miami,2026-07-04,20260704T130400255806-0400,90,89.96000000000001,,89.96000000000001
C,miami,2026-07-04,20260704T140506219701-0400,91,91.03999999999999,,91.03999999999999
C,miami,2026-07-04,20260704T151030560908-0400,91,91.03999999999999,,91.03999999999999
C,miami,2026-07-04,20260704T160937297708-0400,91,91.03999999999999,,91.03999999999999
C,miami,2026-07-04,20260704T170640002507-0400,91,91.03999999999999,,91.03999999999999
C,miami,2026-07-04,20260704T180728455186-0400,,,,
C,miami,2026-07-04,20260704T190153810291-0400,,,,
C,miami,2026-07-04,20260704T200532411683-0400,91,91.03999999999999,,91.03999999999999
C,miami,2026-07-04,20260704T210903025216-0400,91,91.03999999999999,,91.03999999999999
C,miami,2026-07-04,20260704T220348353632-0400,91,91.03999999999999,,91.03999999999999
C,miami,2026-07-04,20260704T230734103222-0400,91,91.03999999999999,,91.03999999999999
C,miami,2026-07-05,20260705T000130172467-0400,82,82.04,,
C,miami,2026-07-05,20260705T010459588175-0400,83,82.94,,
C,miami,2026-07-05,20260705T020832595603-0400,82,82.04,,
C,miami,2026-07-05,20260705T030259636171-0400,83,82.94,,
C,miami,2026-07-05,20260705T040630721922-0400,82,82.04,,
C,miami,2026-07-05,20260705T050051864561-0400,82,82.04,,
C,miami,2026-07-05,20260705T060415667362-0400,81,80.96,,
C,miami,2026-07-05,20260705T070754497618-0400,81,80.96,,80.96
C,miami,2026-07-05,20260705T080217607877-0400,82,82.04,,82.04
C,miami,2026-07-05,20260705T090553641036-0400,85,84.91999999999999,,84.91999999999999
C,miami,2026-07-05,20260705T101142701144-0400,87,87.08000000000001,,87.08000000000001
C,miami,2026-07-05,20260705T110109706661-0400,89,89.06,,89.06
C,miami,2026-07-05,20260705T120009029661-0400,92,91.94,,91.94
C,miami,2026-07-05,20260705T130339434546-0400,94,93.91999999999999,,93.91999999999999
C,miami,2026-07-05,20260705T140718786750-0400,94,93.91999999999999,,93.91999999999999
C,miami,2026-07-05,20260705T150152319290-0400,94,93.91999999999999,,93.91999999999999
C,miami,2026-07-05,20260705T160525963741-0400,94,93.91999999999999,,93.91999999999999
C,miami,2026-07-05,20260705T170903033957-0400,94,93.91999999999999,,93.91999999999999
C,miami,2026-07-05,20260705T180747794439-0400,94,93.91999999999999,,93.91999999999999
C,miami,2026-07-05,20260705T190623362216-0400,94,93.91999999999999,,93.91999999999999
C,miami,2026-07-05,20260705T202711807663-0400,94,93.91999999999999,,93.91999999999999
C,miami,2026-07-05,20260705T210344813796-0400,94,93.91999999999999,,93.91999999999999
C,miami,2026-07-05,20260705T221304936194-0400,94,93.91999999999999,,93.91999999999999
C,miami,2026-07-05,20260705T233030477052-0400,94,93.91999999999999,,93.91999999999999
C,miami,2026-07-07,20260707T001607299469-0400,79,78.98,,
C,miami,2026-07-07,20260707T010527277306-0400,79,78.98,,
C,miami,2026-07-07,20260707T020403928119-0400,79,78.98,,
C,miami,2026-07-07,20260707T030719660476-0400,79,78.98,,
C,miami,2026-07-07,20260707T040149618500-0400,80,80.06,,
C,miami,2026-07-07,20260707T050516109052-0400,81,80.96,,
C,miami,2026-07-07,20260707T060845729534-0400,80,80.06,,
C,miami,2026-07-07,20260707T070311691054-0400,81,80.96,,80.96
C,miami,2026-07-07,20260707T080644657964-0400,83,82.94,,82.94
C,miami,2026-07-07,20260707T090112003578-0400,86,86.0,,86.0
C,miami,2026-07-07,20260707T102104095332-0400,87,87.08000000000001,,87.08000000000001
C,miami,2026-07-07,20260707T110708554972-0400,89,89.06,,89.06
C,miami,2026-07-07,20260707T120743497586-0400,91,91.03999999999999,,91.03999999999999
C,miami,2026-07-07,20260707T130227461367-0400,91,91.03999999999999,,91.03999999999999
C,miami,2026-07-07,20260707T140536220906-0400,92,91.94,,91.94
C,miami,2026-07-07,20260707T150456650563-0400,92,91.94,,91.94
C,miami,2026-07-07,20260707T160222334748-0400,92,91.94,,91.94
C,miami,2026-07-07,20260707T170623686316-0400,92,91.94,,91.94
C,miami,2026-07-07,20260707T180635748658-0400,92,91.94,,91.94
C,miami,2026-07-07,20260707T190117214654-0400,92,91.94,,91.94
C,miami,2026-07-07,20260707T200448583946-0400,92,91.94,,91.94
C,miami,2026-07-07,20260707T210825657868-0400,92,91.94,,91.94
C,miami,2026-07-07,20260707T220307057110-0400,92,91.94,,91.94
C,miami,2026-07-07,20260707T230705957667-0400,92,91.94,,91.94
C,miami,2026-07-08,20260708T000158514832-0400,85,84.91999999999999,,
C,miami,2026-07-08,20260708T010533203690-0400,85,84.91999999999999,,
C,miami,2026-07-08,20260708T020904442508-0400,85,84.91999999999999,,
C,miami,2026-07-08,20260708T030341752569-0400,85,84.91999999999999,,
C,miami,2026-07-08,20260708T040707735915-0400,84,84.02,,
C,miami,2026-07-08,20260708T050129817589-0400,85,84.91999999999999,,
C,miami,2026-07-08,20260708T060452320823-0400,84,84.02,,
C,miami,2026-07-08,20260708T070824780185-0400,85,84.91999999999999,,84.91999999999999
C,miami,2026-07-08,20260708T080259403361-0400,86,86.0,,86.0
C,miami,2026-07-08,20260708T090646398641-0400,87,87.08000000000001,,87.08000000000001
C,miami,2026-07-08,20260708T100846367400-0400,89,89.06,,89.06
C,miami,2026-07-08,20260708T110316871358-0400,90,89.96000000000001,,89.96000000000001
C,miami,2026-07-08,20260708T120414422422-0400,91,91.03999999999999,,91.03999999999999
C,miami,2026-07-08,20260708T130353554637-0400,91,91.03999999999999,,91.03999999999999
C,miami,2026-07-08,20260708T140033162444-0400,92,91.94,,91.94
C,miami,2026-07-08,20260708T150006079631-0400,92,91.94,,91.94
C,miami,2026-07-08,20260708T160125683508-0400,92,91.94,,91.94
C,miami,2026-07-08,20260708T171351316335-0400,92,91.94,,91.94
C,miami,2026-07-08,20260708T180841622427-0400,92,91.94,,91.94
C,miami,2026-07-08,20260708T190300997824-0400,92,91.94,,91.94
C,miami,2026-07-08,20260708T200028624288-0400,92,91.94,,91.94
C,miami,2026-07-08,20260708T210802373717-0400,92,91.94,,91.94
C,miami,2026-07-08,20260708T220100545907-0400,92,91.94,,91.94
C,miami,2026-07-08,20260708T230459880959-0400,92,91.94,,91.94
C,miami,2026-07-09,20260709T000018992076-0400,86,86.0,,
C,miami,2026-07-09,20260709T010352919915-0400,85,84.91999999999999,,
C,miami,2026-07-09,20260709T020722116014-0400,85,84.91999999999999,,
C,miami,2026-07-09,20260709T030206102671-0400,84,84.02,,
C,miami,2026-07-09,20260709T040534959711-0400,84,84.02,,
C,miami,2026-07-09,20260709T050901700012-0400,83,82.94,,
C,miami,2026-07-09,20260709T060325150346-0400,83,82.94,,
C,miami,2026-07-09,20260709T070704313656-0400,83,82.94,,82.94
C,miami,2026-07-09,20260709T080130969576-0400,85,84.91999999999999,,84.91999999999999
C,miami,2026-07-09,20260709T090021410788-0400,87,87.08000000000001,,87.08000000000001
C,miami,2026-07-09,20260709T100944758262-0400,88,87.98,,87.98
C,miami,2026-07-09,20260709T111054977824-0400,90,89.96000000000001,,89.96000000000001
C,miami,2026-07-09,20260709T120556505199-0400,91,91.03999999999999,,91.03999999999999
C,miami,2026-07-09,20260709T130836260738-0400,91,91.03999999999999,,91.03999999999999
C,miami,2026-07-09,20260709T142849989103-0400,91,91.03999999999999,,91.03999999999999
C,miami,2026-07-09,20260709T150513038919-0400,91,91.03999999999999,,91.03999999999999
C,miami,2026-07-09,20260709T160915608283-0400,91,91.03999999999999,,91.03999999999999
C,miami,2026-07-09,20260709T172943338323-0400,91,91.03999999999999,,91.03999999999999
C,miami,2026-07-09,20260709T180655778596-0400,91,91.03999999999999,,91.03999999999999
C,miami,2026-07-09,20260709T194531660648-0400,91,91.03999999999999,,91.03999999999999
C,miami,2026-07-09,20260709T200420957457-0400,91,91.03999999999999,,91.03999999999999
C,miami,2026-07-09,20260709T211121595358-0400,91,91.03999999999999,,91.03999999999999
C,miami,2026-07-09,20260709T220729239362-0400,91,91.03999999999999,,91.03999999999999
C,miami,2026-07-09,20260709T230649289228-0400,91,91.03999999999999,,91.03999999999999
C,miami,2026-07-10,20260710T000209494876-0400,86,86.0,,
C,miami,2026-07-10,20260710T010605237438-0400,86,86.0,,
C,miami,2026-07-10,20260710T020859739702-0400,86,86.0,,
C,miami,2026-07-10,20260710T030707891379-0400,85,84.91999999999999,,
C,miami,2026-07-10,20260710T040151903155-0400,85,84.91999999999999,,
C,miami,2026-07-10,20260710T050829084455-0400,85,84.91999999999999,,
C,miami,2026-07-10,20260710T060657125814-0400,84,84.02,,
C,miami,2026-07-10,20260710T070132417237-0400,84,84.02,,84.02
C,miami,2026-07-10,20260710T080457204279-0400,86,86.0,,86.0
C,miami,2026-07-10,20260710T090834296648-0400,88,87.98,,87.98
C,miami,2026-07-10,20260710T100825667917-0400,90,89.96000000000001,,89.96000000000001
C,miami,2026-07-10,20260710T110540709701-0400,90,89.96000000000001,,89.96000000000001
C,miami,2026-07-10,20260710T120025983665-0400,91,91.03999999999999,,91.03999999999999
C,miami,2026-07-10,20260710T130047227848-0400,92,91.94,,91.94
C,miami,2026-07-10,20260710T140057347228-0400,92,91.94,,91.94
C,miami,2026-07-10,20260710T151338882763-0400,92,91.94,,91.94
C,miami,2026-07-10,20260710T160136887793-0400,92,91.94,,91.94
C,miami,2026-07-10,20260710T171038013374-0400,92,91.94,,91.94
C,miami,2026-07-10,20260710T181453851010-0400,92,91.94,,91.94
C,miami,2026-07-10,20260710T190003564398-0400,92,91.94,,91.94
C,miami,2026-07-10,20260710T200841642044-0400,92,91.94,,91.94
C,miami,2026-07-10,20260710T210316081004-0400,92,91.94,,91.94
C,miami,2026-07-10,20260710T222143810187-0400,92,91.94,,91.94
C,miami,2026-07-10,20260710T230721488872-0400,92,91.94,,91.94
C,miami,2026-07-11,20260711T000020285031-0400,77,77.0,,
C,miami,2026-07-11,20260711T010356437060-0400,73,73.04,,
C,miami,2026-07-11,20260711T020501893419-0400,73,73.04,,
C,miami,2026-07-11,20260711T031822884573-0400,74,73.94,,
C,miami,2026-07-11,20260711T044053944727-0400,74,73.94,,
C,miami,2026-07-11,20260711T050059426471-0400,74,73.94,,
C,miami,2026-07-11,20260711T060443510594-0400,75,75.02,,
C,miami,2026-07-11,20260711T070811404206-0400,77,77.0,,77.0
C,miami,2026-07-11,20260711T080254452060-0400,79,78.98,,78.98
C,miami,2026-07-11,20260711T090646909797-0400,83,82.94,,82.94
C,miami,2026-07-11,20260711T103821443590-0400,85,84.91999999999999,,84.91999999999999
C,miami,2026-07-11,20260711T110120760492-0400,86,86.0,,86.0
C,miami,2026-07-11,20260711T120535477788-0400,87,87.08000000000001,,87.08000000000001
C,miami,2026-07-11,20260711T130524117442-0400,88,87.98,,87.98
C,miami,2026-07-11,20260711T140655303253-0400,90,89.96000000000001,,89.96000000000001
C,miami,2026-07-11,20260711T150826970640-0400,90,89.96000000000001,,89.96000000000001
C,miami,2026-07-11,20260711T160344764958-0400,90,89.96000000000001,,89.96000000000001
C,miami,2026-07-11,20260711T170118431310-0400,90,89.96000000000001,,89.96000000000001
C,miami,2026-07-11,20260711T180827759880-0400,90,89.96000000000001,,89.96000000000001
C,miami,2026-07-11,20260711T190605596491-0400,90,89.96000000000001,,89.96000000000001
C,miami,2026-07-11,20260711T200902784293-0400,90,89.96000000000001,,89.96000000000001
C,miami,2026-07-11,20260711T211344066455-0400,90,89.96000000000001,,89.96000000000001
C,miami,2026-07-11,20260711T221650952526-0400,90,89.96000000000001,,89.96000000000001
C,miami,2026-07-14,20260714T000040672341-0400,79,78.98,,
C,miami,2026-07-14,20260714T010808732194-0400,80,80.06,,
C,miami,2026-07-14,20260714T020523461495-0400,81,80.96,,
C,miami,2026-07-14,20260714T030149940237-0400,81,80.96,,
C,miami,2026-07-14,20260714T040535227485-0400,82,82.04,,
C,miami,2026-07-14,20260714T050004340337-0400,82,82.04,,
C,miami,2026-07-14,20260714T060344205216-0400,82,82.04,,
C,miami,2026-07-14,20260714T070724442998-0400,81,80.96,,80.96
C,miami,2026-07-14,20260714T080200444054-0400,84,84.02,,84.02
C,miami,2026-07-14,20260714T090833147562-0400,87,87.08000000000001,,87.08000000000001
C,miami,2026-07-14,20260714T104026216838-0400,88,87.98,,87.98
C,miami,2026-07-14,20260714T110750363706-0400,89,89.06,,89.06
C,miami,2026-07-14,20260714T120245142094-0400,91,91.03999999999999,,91.03999999999999
C,miami,2026-07-14,20260714T130711628341-0400,92,91.94,,91.94
C,miami,2026-07-14,20260714T140144821059-0400,93,93.02,,93.02
C,miami,2026-07-14,20260714T150530178777-0400,93,93.02,,93.02
C,miami,2026-07-14,20260714T160010145291-0400,94,93.91999999999999,,93.91999999999999
C,miami,2026-07-14,20260714T170352615024-0400,94,93.91999999999999,,93.91999999999999
C,miami,2026-07-14,20260714T180806295229-0400,94,93.91999999999999,,93.91999999999999
C,miami,2026-07-14,20260714T190301156296-0400,94,93.91999999999999,,93.91999999999999
C,miami,2026-07-14,20260714T200646068076-0400,94,93.91999999999999,,93.91999999999999
C,miami,2026-07-14,20260714T210130257748-0400,94,93.91999999999999,,93.91999999999999
C,miami,2026-07-14,20260714T220030328001-0400,94,93.91999999999999,,93.91999999999999
C,miami,2026-07-14,20260714T230824669143-0400,94,93.91999999999999,,93.91999999999999
C,miami,2026-07-15,20260715T000045420006-0400,85,84.91999999999999,,
C,miami,2026-07-15,20260715T010759815342-0400,84,84.02,,
C,miami,2026-07-15,20260715T020437040103-0400,84,84.02,,
C,miami,2026-07-15,20260715T030030875659-0400,82,82.04,,
C,miami,2026-07-15,20260715T040422663322-0400,82,82.04,,
C,miami,2026-07-15,20260715T050808775696-0400,82,82.04,,
C,miami,2026-07-15,20260715T060249341110-0400,82,82.04,,
C,miami,2026-07-15,20260715T070627836316-0400,81,80.96,,80.96
C,miami,2026-07-15,20260715T080113791888-0400,81,80.96,,80.96
C,miami,2026-07-15,20260715T090515871905-0400,84,84.02,,84.02
C,miami,2026-07-15,20260715T100004242311-0400,86,86.0,,86.0
C,miami,2026-07-15,20260715T110341360150-0400,89,89.06,,89.06
C,miami,2026-07-15,20260715T120722543243-0400,90,89.96000000000001,,89.96000000000001
C,miami,2026-07-15,20260715T130209503779-0400,92,91.94,,91.94
C,miami,2026-07-15,20260715T140552491812-0400,92,91.94,,91.94
C,miami,2026-07-15,20260715T150056096556-0400,93,93.02,,93.02
C,miami,2026-07-15,20260715T160444252471-0400,93,93.2,,93.2
C,miami,2026-07-15,20260715T170830611184-0400,93,93.2,,93.2
C,miami,2026-07-15,20260715T180304329627-0400,93,93.2,,93.2
C,miami,2026-07-15,20260715T190645677576-0400,93,93.2,,93.2
C,miami,2026-07-15,20260715T200146862308-0400,93,93.2,,93.2
C,miami,2026-07-15,20260715T210558031879-0400,,,,
C,miami,2026-07-15,20260715T220337994617-0400,93,93.2,,93.2
C,miami,2026-07-15,20260715T230242705144-0400,93,93.2,,93.2
C,miami,2026-07-16,20260716T000048672022-0400,85,84.91999999999999,,
C,miami,2026-07-16,20260716T010448297282-0400,85,84.91999999999999,,
C,miami,2026-07-16,20260716T020836488520-0400,81,80.96,,
C,miami,2026-07-16,20260716T030313275263-0400,81,80.96,,
C,miami,2026-07-16,20260716T040710753042-0400,81,80.96,,
C,miami,2026-07-16,20260716T050154134641-0400,81,80.96,,
C,miami,2026-07-16,20260716T060534787551-0400,81,80.96,,
C,miami,2026-07-16,20260716T070010688769-0400,83,82.94,,82.94
C,miami,2026-07-16,20260716T080411745010-0400,84,84.02,,84.02
C,miami,2026-07-16,20260716T090807574434-0400,85,84.91999999999999,,84.91999999999999
C,miami,2026-07-16,20260716T100249652489-0400,87,87.08000000000001,,87.08000000000001
C,miami,2026-07-16,20260716T110640294268-0400,91,91.03999999999999,,91.03999999999999
C,miami,2026-07-16,20260716T120120839250-0400,93,93.02,,93.02
C,miami,2026-07-16,20260716T130510588554-0400,93,93.02,,93.02
C,miami,2026-07-16,20260716T140908515534-0400,,,,
C,miami,2026-07-16,20260716T150358660758-0400,95,95.0,,95.0
C,miami,2026-07-16,20260716T160803411928-0400,97,96.8,,96.8
C,miami,2026-07-16,20260716T170007586300-0400,97,96.8,,96.8
C,miami,2026-07-16,20260716T180628454018-0400,97,96.8,,96.8
C,miami,2026-07-16,20260716T190114054720-0400,97,96.8,,96.8
C,miami,2026-07-16,20260716T201046237154-0400,97,96.8,,96.8
C,miami,2026-07-16,20260716T211257664888-0400,97,96.8,,96.8
C,miami,2026-07-16,20260716T220850540846-0400,97,96.8,,96.8
C,miami,2026-07-16,20260716T230312775997-0400,97,96.8,,96.8
C,miami,2026-07-17,20260717T000036028116-0400,84,84.02,,
C,miami,2026-07-17,20260717T010433044688-0400,84,84.02,,
C,miami,2026-07-17,20260717T020902405271-0400,84,84.02,,
C,miami,2026-07-17,20260717T030414974929-0400,83,82.94,,
C,miami,2026-07-17,20260717T040804222463-0400,83,82.94,,
C,miami,2026-07-17,20260717T050241075581-0400,82,82.04,,
C,miami,2026-07-17,20260717T060623161584-0400,83,82.94,,
C,miami,2026-07-17,20260717T070103737154-0400,82,82.04,,82.04
C,miami,2026-07-17,20260717T080453474023-0400,83,82.94,,82.94
C,miami,2026-07-17,20260717T090913951063-0400,86,86.0,,86.0
C,miami,2026-07-17,20260717T102614927442-0400,88,87.98,,87.98
C,miami,2026-07-17,20260717T110257351761-0400,91,91.03999999999999,,91.03999999999999
C,miami,2026-07-17,20260717T121406305547-0400,92,91.94,,91.94
C,miami,2026-07-17,20260717T130015025466-0400,92,91.94,,91.94
C,miami,2026-07-17,20260717T140414666323-0400,92,91.94,,91.94
C,miami,2026-07-17,20260717T150809485160-0400,92,91.94,,91.94
C,miami,2026-07-17,20260717T160643175249-0400,92,91.94,,91.94
C,miami,2026-07-17,20260717T170308089815-0400,92,91.94,,91.94
C,miami,2026-07-17,20260717T180344074028-0400,92,91.94,,91.94
C,miami,2026-07-17,20260717T190856463391-0400,92,91.94,,91.94
C,miami,2026-07-17,20260717T200339099101-0400,92,91.94,,91.94
C,miami,2026-07-17,20260717T210744869439-0400,92,91.94,,91.94
C,miami,2026-07-17,20260717T220242460612-0400,92,91.94,,91.94
C,miami,2026-07-17,20260717T230708358984-0400,92,91.94,,91.94
C,miami,2026-07-18,20260718T000029376862-0400,84,84.02,,
C,miami,2026-07-18,20260718T010445164667-0400,83,82.94,,
C,miami,2026-07-18,20260718T020853178493-0400,83,82.94,,
C,miami,2026-07-18,20260718T030338272493-0400,83,82.94,,
C,miami,2026-07-18,20260718T040723191607-0400,81,80.96,,
C,miami,2026-07-18,20260718T050158866724-0400,82,82.04,,
C,miami,2026-07-18,20260718T060536112197-0400,81,80.96,,
C,miami,2026-07-18,20260718T070011127563-0400,83,82.94,,82.94
C,miami,2026-07-18,20260718T080402148897-0400,83,82.94,,82.94
C,miami,2026-07-18,20260718T090748193214-0400,83,82.94,,82.94
C,miami,2026-07-18,20260718T100253009097-0400,86,86.0,,86.0
C,miami,2026-07-18,20260718T110651514944-0400,86,86.0,,86.0
C,miami,2026-07-18,20260718T120127046613-0400,88,87.98,,87.98
C,miami,2026-07-18,20260718T130512417049-0400,88,87.98,,87.98
C,miami,2026-07-18,20260718T140856972459-0400,88,87.98,,87.98
C,miami,2026-07-18,20260718T150344922883-0400,88,87.98,,87.98
C,miami,2026-07-18,20260718T160748413822-0400,91,91.03999999999999,,91.03999999999999
C,miami,2026-07-18,20260718T170043218909-0400,91,91.03999999999999,,91.03999999999999
C,miami,2026-07-18,20260718T180624087100-0400,91,91.03999999999999,,91.03999999999999
C,miami,2026-07-18,20260718T190108956878-0400,91,91.03999999999999,,91.03999999999999
C,miami,2026-07-18,20260718T200506604217-0400,91,91.03999999999999,,91.03999999999999
C,miami,2026-07-18,20260718T210429804164-0400,91,91.03999999999999,,91.03999999999999
C,miami,2026-07-18,20260718T220839237720-0400,91,91.03999999999999,,91.03999999999999
C,miami,2026-07-18,20260718T230347406305-0400,91,91.03999999999999,,91.03999999999999
C,miami,2026-07-19,20260719T000022007280-0400,84,84.02,,
C,miami,2026-07-19,20260719T010430884322-0400,84,84.02,,
C,miami,2026-07-19,20260719T020900015879-0400,84,84.02,,
C,miami,2026-07-19,20260719T030403724208-0400,83,82.94,,
C,miami,2026-07-19,20260719T040803874264-0400,83,82.94,,
C,miami,2026-07-19,20260719T050237645057-0400,83,82.94,,
C,miami,2026-07-19,20260719T060622606584-0400,83,82.94,,
C,miami,2026-07-19,20260719T070059775901-0400,84,84.02,,84.02
C,miami,2026-07-19,20260719T080448390305-0400,85,84.91999999999999,,84.91999999999999
C,miami,2026-07-19,20260719T090836861063-0400,87,87.08000000000001,,87.08000000000001
C,miami,2026-07-19,20260719T100740090022-0400,88,87.98,,87.98
C,miami,2026-07-19,20260719T110243250216-0400,90,89.96000000000001,,89.96000000000001
C,miami,2026-07-19,20260719T120632844703-0400,90,89.96000000000001,,89.96000000000001
C,miami,2026-07-19,20260719T130117191456-0400,91,91.03999999999999,,91.03999999999999
C,miami,2026-07-19,20260719T140506028117-0400,91,91.03999999999999,,91.03999999999999
C,miami,2026-07-19,20260719T150859164507-0400,91,91.03999999999999,,91.03999999999999
C,miami,2026-07-19,20260719T160346079371-0400,91,91.03999999999999,,91.03999999999999
C,miami,2026-07-19,20260719T171250441186-0400,91,91.03999999999999,,91.03999999999999
C,miami,2026-07-19,20260719T180538272411-0400,91,91.03999999999999,,91.03999999999999
C,miami,2026-07-19,20260719T190844497538-0400,91,91.03999999999999,,91.03999999999999
C,miami,2026-07-19,20260719T202646765667-0400,91,91.03999999999999,,91.03999999999999
C,miami,2026-07-19,20260719T211400291730-0400,91,91.03999999999999,,91.03999999999999
C,miami,2026-07-20,20260720T000047296065-0400,84,84.02,,
C,miami,2026-07-20,20260720T010113484469-0400,84,84.02,,
C,miami,2026-07-20,20260720T020521901889-0400,83,82.94,,
C,miami,2026-07-20,20260720T030046529993-0400,84,84.02,,
C,miami,2026-07-20,20260720T040448390610-0400,83,82.94,,
C,miami,2026-07-20,20260720T050829408931-0400,83,82.94,,
C,miami,2026-07-20,20260720T060300852361-0400,84,84.02,,
C,miami,2026-07-20,20260720T070654701625-0400,84,84.02,,84.02
C,miami,2026-07-20,20260720T080135155100-0400,85,84.91999999999999,,84.91999999999999
C,miami,2026-07-20,20260720T090102523289-0400,86,86.0,,86.0
C,miami,2026-07-20,20260720T100655848053-0400,88,87.98,,87.98
C,miami,2026-07-20,20260720T110137152796-0400,90,89.96000000000001,,89.96000000000001
C,miami,2026-07-20,20260720T120526896344-0400,91,91.03999999999999,,91.03999999999999
C,miami,2026-07-20,20260720T130057194892-0400,91,91.03999999999999,,91.03999999999999
C,miami,2026-07-20,20260720T140342179207-0400,93,93.02,,93.02
C,miami,2026-07-20,20260720T151012856687-0400,93,93.02,,93.02
C,miami,2026-07-20,20260720T162044684030-0400,93,93.02,,93.02
C,miami,2026-07-20,20260720T170620193372-0400,93,93.02,,93.02
C,miami,2026-07-20,20260720T180918490048-0400,93,93.02,,93.02
C,miami,2026-07-20,20260720T190632140359-0400,93,93.02,,93.02
C,miami,2026-07-20,20260720T200145057138-0400,93,93.02,,93.02
C,miami,2026-07-20,20260720T210647700870-0400,93,93.02,,93.02
C,miami,2026-07-20,20260720T220151985952-0400,93,93.02,,93.02
C,miami,2026-07-20,20260720T230412212692-0400,93,93.02,,93.02
C,miami,2026-07-21,20260721T000035943735-0400,84,84.02,,
C,miami,2026-07-21,20260721T010131700641-0400,83,82.94,,
C,miami,2026-07-21,20260721T020645067264-0400,82,82.04,,
C,miami,2026-07-21,20260721T030147313684-0400,83,82.94,,
C,miami,2026-07-21,20260721T040537888612-0400,84,84.02,,
C,miami,2026-07-21,20260721T050021964564-0400,84,84.02,,
C,miami,2026-07-21,20260721T060402568701-0400,83,82.94,,
C,miami,2026-07-21,20260721T070747000962-0400,83,82.94,,82.94
C,miami,2026-07-21,20260721T080226968243-0400,83,82.94,,82.94
C,miami,2026-07-21,20260721T090616223722-0400,86,86.0,,86.0
C,miami,2026-07-21,20260721T100101477561-0400,87,87.08000000000001,,87.08000000000001
C,miami,2026-07-21,20260721T110446889567-0400,88,87.98,,87.98
C,miami,2026-07-21,20260721T120905786738-0400,90,89.96000000000001,,89.96000000000001
C,miami,2026-07-21,20260721T130348656942-0400,91,91.03999999999999,,91.03999999999999
C,miami,2026-07-21,20260721T140741154738-0400,91,91.03999999999999,,91.03999999999999
C,miami,2026-07-21,20260721T150346858255-0400,91,91.03999999999999,,91.03999999999999
C,miami,2026-07-21,20260721T160157566853-0400,91,91.03999999999999,,91.03999999999999
C,miami,2026-07-21,20260721T171013024704-0400,91,91.03999999999999,,91.03999999999999
C,miami,2026-07-21,20260721T180315084238-0400,91,91.03999999999999,,91.03999999999999
C,miami,2026-07-21,20260721T190241894377-0400,91,91.03999999999999,,91.03999999999999
C,miami,2026-07-21,20260721T200714132082-0400,91,91.03999999999999,,91.03999999999999
C,miami,2026-07-21,20260721T210245899907-0400,91,91.03999999999999,,91.03999999999999
C,miami,2026-07-21,20260721T220855517254-0400,91,91.03999999999999,,91.03999999999999
C,miami,2026-07-21,20260721T230023480497-0400,91,91.03999999999999,,91.03999999999999
C,miami,2026-07-22,20260722T000031916688-0400,85,84.91999999999999,,
C,miami,2026-07-22,20260722T010417832503-0400,84,84.02,,
C,miami,2026-07-22,20260722T020804158143-0400,83,82.94,,
C,miami,2026-07-22,20260722T030244599056-0400,83,82.94,,
C,miami,2026-07-22,20260722T040629777427-0400,83,82.94,,
C,miami,2026-07-22,20260722T050220391406-0400,83,82.94,,
C,miami,2026-07-22,20260722T060603250647-0400,83,82.94,,
C,miami,2026-07-22,20260722T070043035467-0400,83,82.94,,82.94
C,miami,2026-07-22,20260722T080439482276-0400,85,84.91999999999999,,84.91999999999999
C,miami,2026-07-22,20260722T090832805901-0400,87,87.08000000000001,,87.08000000000001
C,miami,2026-07-22,20260722T100308867836-0400,88,87.98,,87.98
C,miami,2026-07-22,20260722T110656620949-0400,89,89.06,,89.06
C,miami,2026-07-22,20260722T120133352838-0400,90,89.96000000000001,,89.96000000000001
C,miami,2026-07-22,20260722T130525752814-0400,90,89.96000000000001,,89.96000000000001
C,miami,2026-07-22,20260722T140003467177-0400,91,91.03999999999999,,91.03999999999999
C,miami,2026-07-22,20260722T150357251969-0400,92,91.94,,91.94
C,miami,2026-07-22,20260722T160751412524-0400,92,91.94,,91.94
C,miami,2026-07-22,20260722T170234222029-0400,92,91.94,,91.94
C,miami,2026-07-22,20260722T180616936333-0400,92,91.94,,91.94
C,miami,2026-07-22,20260722T190113404132-0400,92,91.94,,91.94
C,miami,2026-07-22,20260722T200513435393-0400,92,91.94,,91.94
C,miami,2026-07-22,20260722T210911153161-0400,92,91.94,,91.94
C,miami,2026-07-22,20260722T220513308883-0400,92,91.94,,91.94
C,miami,2026-07-22,20260722T230023215323-0400,92,91.94,,91.94
C,miami,2026-07-23,20260723T000204012206-0400,85,84.91999999999999,,
C,miami,2026-07-23,20260723T010615009295-0400,85,84.91999999999999,,
C,miami,2026-07-23,20260723T020054981068-0400,83,82.94,,
C,miami,2026-07-23,20260723T030454953796-0400,84,84.02,,
C,miami,2026-07-23,20260723T040845350862-0400,84,84.02,,
C,miami,2026-07-23,20260723T050529329229-0400,83,82.94,,
C,miami,2026-07-23,20260723T060009883166-0400,84,84.02,,
C,miami,2026-07-23,20260723T070404211945-0400,84,84.02,,84.02
C,miami,2026-07-23,20260723T080803467593-0400,84,84.2,,84.2
C,miami,2026-07-23,20260723T090248285109-0400,87,87.08000000000001,,87.08000000000001
C,miami,2026-07-23,20260723T100641174771-0400,87,87.08000000000001,,87.08000000000001
C,miami,2026-07-23,20260723T110119552023-0400,89,89.06,,89.06
C,miami,2026-07-23,20260723T120505680758-0400,89,89.06,,89.06
C,miami,2026-07-23,20260723T130852747756-0400,92,91.94,,91.94
C,miami,2026-07-23,20260723T140334800715-0400,92,91.94,,91.94
C,miami,2026-07-23,20260723T150724269265-0400,92,91.94,,91.94
C,miami,2026-07-23,20260723T160208891953-0400,92,91.94,,91.94
C,miami,2026-07-23,20260723T170557632768-0400,92,91.94,,91.94
C,miami,2026-07-23,20260723T180032945371-0400,92,91.94,,91.94
C,miami,2026-07-23,20260723T190422576007-0400,92,91.94,,91.94
C,miami,2026-07-23,20260723T200813657210-0400,92,91.94,,91.94
C,miami,2026-07-23,20260723T210255031276-0400,92,91.94,,91.94
C,miami,2026-07-23,20260723T220714633983-0400,92,91.94,,91.94
C,miami,2026-07-23,20260723T230222250832-0400,92,91.94,,91.94
C,miami,2026-07-24,20260724T000022521835-0400,86,86.0,,
C,miami,2026-07-24,20260724T010433743614-0400,85,84.91999999999999,,
C,miami,2026-07-24,20260724T020825031321-0400,83,82.94,,
C,miami,2026-07-24,20260724T030302145315-0400,83,82.94,,
C,miami,2026-07-24,20260724T040654060766-0400,83,82.94,,
C,miami,2026-07-24,20260724T050717722209-0400,83,82.94,,
C,miami,2026-07-24,20260724T060218554207-0400,82,82.04,,
C,miami,2026-07-24,20260724T070609945174-0400,82,82.04,,82.04
C,miami,2026-07-24,20260724T080049347394-0400,82,82.04,,82.04
C,miami,2026-07-24,20260724T090439084096-0400,85,84.91999999999999,,84.91999999999999
C,miami,2026-07-24,20260724T100229574498-0400,87,87.08000000000001,,87.08000000000001
C,miami,2026-07-24,20260724T110300868296-0400,87,87.08000000000001,,87.08000000000001
C,miami,2026-07-24,20260724T120652452040-0400,90,89.96000000000001,,89.96000000000001
C,miami,2026-07-24,20260724T130130605226-0400,91,91.03999999999999,,91.03999999999999
C,miami,2026-07-24,20260724T140523368122-0400,92,91.94,,91.94
C,miami,2026-07-24,20260724T150907400862-0400,92,91.94,,91.94
C,miami,2026-07-24,20260724T160354243741-0400,92,91.94,,91.94
C,miami,2026-07-24,20260724T170739466566-0400,92,91.94,,91.94
C,miami,2026-07-24,20260724T180215786296-0400,92,91.94,,91.94
C,miami,2026-07-24,20260724T190040045401-0400,92,91.94,,91.94
C,miami,2026-07-24,20260724T200100294607-0400,92,91.94,,91.94
C,miami,2026-07-24,20260724T210457527827-0400,92,91.94,,91.94
C,miami,2026-07-24,20260724T220921118502-0400,92,91.94,,91.94
C,miami,2026-07-24,20260724T230438894875-0400,92,91.94,,91.94
C,miami,2026-07-25,20260725T000013523630-0400,85,84.91999999999999,,
C,miami,2026-07-25,20260725T010411312830-0400,85,84.91999999999999,,
C,miami,2026-07-25,20260725T020838405702-0400,84,84.02,,
C,miami,2026-07-25,20260725T030323053956-0400,84,84.02,,
C,miami,2026-07-25,20260725T040713683198-0400,83,82.94,,
C,miami,2026-07-25,20260725T050215820977-0400,84,84.02,,
C,miami,2026-07-25,20260725T060554015763-0400,84,84.02,,
C,miami,2026-07-25,20260725T070030655168-0400,83,82.94,,82.94
C,miami,2026-07-25,20260725T080412103788-0400,84,84.02,,84.02
C,miami,2026-07-25,20260725T090803558069-0400,84,84.02,,84.02
C,miami,2026-07-25,20260725T100238845073-0400,86,86.0,,86.0
C,miami,2026-07-25,20260725T110043499887-0400,86,86.0,,86.0
C,miami,2026-07-25,20260725T120104793317-0400,88,87.98,,87.98
C,miami,2026-07-25,20260725T130455788990-0400,90,89.96000000000001,,89.96000000000001
C,miami,2026-07-25,20260725T140846662331-0400,92,91.94,,91.94
C,miami,2026-07-25,20260725T150331226590-0400,92,91.94,,91.94
C,miami,2026-07-25,20260725T160730519225-0400,92,91.94,,91.94
C,miami,2026-07-25,20260725T170038380542-0400,92,91.94,,91.94
C,miami,2026-07-25,20260725T180550646245-0400,92,91.94,,91.94
C,miami,2026-07-25,20260725T190039152140-0400,92,91.94,,91.94
C,miami,2026-07-25,20260725T200436066319-0400,92,91.94,,91.94
C,miami,2026-07-25,20260725T210037283246-0400,92,91.94,,91.94
C,miami,2026-07-25,20260725T220638774068-0400,92,91.94,,91.94
C,miami,2026-07-25,20260725T230031765569-0400,92,91.94,,91.94
C,miami,2026-07-26,20260726T000433407506-0400,84,84.02,,
C,miami,2026-07-26,20260726T010819198871-0400,84,84.02,,
C,miami,2026-07-26,20260726T020317884513-0400,84,84.02,,
C,miami,2026-07-26,20260726T030739823444-0400,83,82.94,,
C,miami,2026-07-26,20260726T040219076847-0400,82,82.04,,
C,miami,2026-07-26,20260726T050917758148-0400,82,82.04,,
C,miami,2026-07-26,20260726T060613108230-0400,82,82.04,,
C,miami,2026-07-26,20260726T070051873873-0400,81,80.96,,80.96
C,miami,2026-07-26,20260726T080438428636-0400,83,82.94,,82.94
C,miami,2026-07-26,20260726T090828263548-0400,86,86.0,,86.0
C,miami,2026-07-26,20260726T100259298854-0400,88,87.98,,87.98
C,miami,2026-07-26,20260726T110640927560-0400,89,89.06,,89.06
C,miami,2026-07-26,20260726T120117036438-0400,91,91.03999999999999,,91.03999999999999
C,miami,2026-07-26,20260726T130512978894-0400,94,93.91999999999999,,93.91999999999999
C,miami,2026-07-26,20260726T140856633199-0400,94,93.91999999999999,,93.91999999999999
C,miami,2026-07-26,20260726T150353547294-0400,94,93.91999999999999,,93.91999999999999
C,miami,2026-07-26,20260726T160751893823-0400,94,93.91999999999999,,93.91999999999999
C,miami,2026-07-26,20260726T170228533130-0400,94,93.91999999999999,,93.91999999999999
C,miami,2026-07-26,20260726T180615897179-0400,94,93.91999999999999,,93.91999999999999
C,miami,2026-07-26,20260726T190056087594-0400,94,93.91999999999999,,93.91999999999999
C,miami,2026-07-26,20260726T200450587452-0400,94,93.91999999999999,,93.91999999999999
C,miami,2026-07-26,20260726T210841611766-0400,94,93.91999999999999,,93.91999999999999
C,miami,2026-07-26,20260726T220345801782-0400,94,93.91999999999999,,93.91999999999999
C,miami,2026-07-26,20260726T230806511890-0400,94,93.91999999999999,,93.91999999999999
C,miami,2026-07-27,20260727T000052906120-0400,79,78.98,,
C,miami,2026-07-27,20260727T010522140182-0400,78,78.08,,
C,miami,2026-07-27,20260727T020911606028-0400,78,78.08,,
C,miami,2026-07-27,20260727T030348734186-0400,78,78.08,,
C,miami,2026-07-27,20260727T040735532995-0400,78,78.08,,
C,miami,2026-07-27,20260727T050247360926-0400,78,78.08,,
C,miami,2026-07-27,20260727T060644786865-0400,78,78.08,,
C,miami,2026-07-27,20260727T070138498953-0400,78,78.08,,78.08
C,miami,2026-07-27,20260727T080522490758-0400,79,78.98,,78.98
C,miami,2026-07-27,20260727T090002300742-0400,83,82.94,,82.94
C,miami,2026-07-27,20260727T100343325412-0400,83,82.94,,82.94
C,miami,2026-07-27,20260727T110728363221-0400,83,82.94,,82.94
C,miami,2026-07-27,20260727T120211200568-0400,86,86.0,,86.0
C,miami,2026-07-27,20260727T130609913728-0400,90,89.96000000000001,,89.96000000000001
C,miami,2026-07-27,20260727T140047793029-0400,90,89.96000000000001,,89.96000000000001
C,miami,2026-07-27,20260727T150444411729-0400,90,89.96000000000001,,89.96000000000001
C,miami,2026-07-27,20260727T160836665233-0400,90,89.96000000000001,,89.96000000000001
C,miami,2026-07-27,20260727T170312833812-0400,90,89.96000000000001,,89.96000000000001
C,miami,2026-07-27,20260727T180659160665-0400,90,89.96000000000001,,89.96000000000001
C,miami,2026-07-27,20260727T190150647320-0400,90,89.96000000000001,,89.96000000000001
C,miami,2026-07-27,20260727T200540577352-0400,90,89.96000000000001,,89.96000000000001
C,miami,2026-07-27,20260727T210030316607-0400,90,89.96000000000001,,89.96000000000001
C,miami,2026-07-27,20260727T220445152252-0400,90,89.96000000000001,,89.96000000000001
C,miami,2026-07-27,20260727T230007182541-0400,90,89.96000000000001,,89.96000000000001
C,miami,2026-07-28,20260728T000027841833-0400,80,80.06,,
C,miami,2026-07-28,20260728T010410848930-0400,79,78.98,,
C,miami,2026-07-28,20260728T020757353100-0400,79,78.98,,
C,miami,2026-07-28,20260728T030238056091-0400,79,78.98,,
C,miami,2026-07-28,20260728T040623476200-0400,79,78.98,,
C,miami,2026-07-28,20260728T050125146190-0400,78,78.08,,
C,miami,2026-07-28,20260728T060501978751-0400,78,78.08,,
C,miami,2026-07-28,20260728T070843643836-0400,78,78.08,,78.08
C,miami,2026-07-28,20260728T080325963588-0400,80,80.06,,80.06
C,miami,2026-07-28,20260728T090725451382-0400,84,84.02,,84.02
C,miami,2026-07-28,20260728T100201128105-0400,86,86.0,,86.0
C,miami,2026-07-28,20260728T110552644234-0400,89,89.06,,89.06
C,miami,2026-07-28,20260728T120027453504-0400,89,89.06,,89.06
C,miami,2026-07-28,20260728T130417189414-0400,89,89.06,,89.06
C,miami,2026-07-28,20260728T140801796025-0400,89,89.06,,89.06
C,miami,2026-07-28,20260728T150255822566-0400,89,89.06,,89.06
C,miami,2026-07-28,20260728T160648897295-0400,89,89.06,,89.06
C,miami,2026-07-28,20260728T170139818969-0400,89,89.06,,89.06
C,miami,2026-07-28,20260728T180522222672-0400,89,89.06,,89.06
C,miami,2026-07-28,20260728T190013561241-0400,,,,
C,miami,2026-07-28,20260728T200401194232-0400,89,89.06,,89.06
C,miami,2026-07-28,20260728T210033322544-0400,89,89.06,,89.06
C,miami,2026-07-28,20260728T220300687351-0400,89,89.06,,89.06
C,miami,2026-07-28,20260728T230747274432-0400,89,89.06,,89.06
C,miami,2026-07-29,20260729T000023347257-0400,81,80.96,,
C,miami,2026-07-29,20260729T010424059870-0400,81,80.96,,
C,miami,2026-07-29,20260729T020809997864-0400,81,80.96,,
C,miami,2026-07-29,20260729T030249567236-0400,80,80.06,,
C,miami,2026-07-29,20260729T040655971153-0400,80,80.06,,
C,miami,2026-07-29,20260729T050530220491-0400,80,80.06,,
C,miami,2026-07-29,20260729T060013687197-0400,80,80.06,,
C,miami,2026-07-29,20260729T070358172052-0400,80,80.06,,80.06
C,miami,2026-07-29,20260729T080744392116-0400,82,82.04,,82.04
C,miami,2026-07-29,20260729T090228608844-0400,82,82.04,,82.04
C,miami,2026-07-29,20260729T100610454465-0400,88,87.98,,87.98
C,miami,2026-07-29,20260729T110047510021-0400,90,89.96000000000001,,89.96000000000001
C,miami,2026-07-29,20260729T120428378104-0400,90,89.96000000000001,,89.96000000000001
C,miami,2026-07-29,20260729T130813933940-0400,91,91.03999999999999,,91.03999999999999
C,miami,2026-07-29,20260729T140039706933-0400,91,91.03999999999999,,91.03999999999999
C,miami,2026-07-29,20260729T150640358040-0400,91,91.03999999999999,,91.03999999999999
C,miami,2026-07-29,20260729T160123808411-0400,92,91.94,,91.94
C,miami,2026-07-29,20260729T170505634132-0400,94,93.91999999999999,,93.91999999999999
C,miami,2026-07-29,20260729T180850936836-0400,94,93.91999999999999,,93.91999999999999
C,miami,2026-07-29,20260729T190334814718-0400,94,93.91999999999999,,93.91999999999999
C,miami,2026-07-29,20260729T200719816063-0400,94,93.91999999999999,,93.91999999999999
C,miami,2026-07-29,20260729T210048745402-0400,94,93.91999999999999,,93.91999999999999
C,miami,2026-07-29,20260729T220702757809-0400,94,93.91999999999999,,93.91999999999999
C,miami,2026-07-29,20260729T230101908531-0400,94,93.91999999999999,,93.91999999999999
C,miami,2026-07-30,20260730T000314262463-0400,84,84.02,,
C,miami,2026-07-30,20260730T010718662955-0400,83,82.94,,
C,miami,2026-07-30,20260730T020209430876-0400,82,82.04,,
C,miami,2026-07-30,20260730T030554707600-0400,81,80.96,,
C,miami,2026-07-30,20260730T040031463543-0400,81,80.96,,
C,miami,2026-07-30,20260730T050730428644-0400,81,80.96,,
C,miami,2026-07-30,20260730T060204488451-0400,81,80.96,,
C,miami,2026-07-30,20260730T070553779245-0400,81,80.96,,80.96
C,miami,2026-07-30,20260730T080032544181-0400,83,82.94,,82.94
C,miami,2026-07-30,20260730T090423166632-0400,85,84.91999999999999,,84.91999999999999
C,miami,2026-07-30,20260730T100807695045-0400,88,87.98,,87.98
C,miami,2026-07-30,20260730T110240931150-0400,90,89.96000000000001,,89.96000000000001
C,miami,2026-07-30,20260730T120619617623-0400,92,91.94,,91.94
C,miami,2026-07-30,20260730T130100061317-0400,93,93.02,,93.02
C,miami,2026-07-30,20260730T140446573012-0400,96,96.08000000000001,,96.08000000000001
C,miami,2026-07-30,20260730T150837522275-0400,96,96.08000000000001,,96.08000000000001
C,miami,2026-07-30,20260730T160328726256-0400,96,96.08000000000001,,96.08000000000001
C,miami,2026-07-30,20260730T170711433904-0400,96,96.08000000000001,,96.08000000000001
C,miami,2026-07-30,20260730T180146841298-0400,96,96.08000000000001,,96.08000000000001
C,miami,2026-07-30,20260730T190538534703-0400,96,96.08000000000001,,96.08000000000001
C,miami,2026-07-30,20260730T200015560228-0400,96,96.08000000000001,,96.08000000000001
C,miami,2026-07-30,20260730T210409177276-0400,96,96.08000000000001,,96.08000000000001
C,miami,2026-07-30,20260730T220814098687-0400,96,96.08000000000001,,96.08000000000001
C,miami,2026-07-30,20260730T230322357896-0400,96,96.08000000000001,,96.08000000000001
C,nyc,2026-07-01,20260701T000058-0400,,,,
C,nyc,2026-07-01,20260701T010429-0400,,,,
C,nyc,2026-07-01,20260701T020755-0400,,,,
C,nyc,2026-07-01,20260701T030229-0400,,,,
C,nyc,2026-07-01,20260701T040559-0400,,,,
C,nyc,2026-07-01,20260701T050021-0400,,,,
C,nyc,2026-07-01,20260701T060354-0400,,,,
C,nyc,2026-07-01,20260701T070724-0400,,,,
C,nyc,2026-07-01,20260701T080154-0400,,,,
C,nyc,2026-07-01,20260701T090548-0400,,,,
C,nyc,2026-07-01,20260701T100608-0400,,,,
C,nyc,2026-07-01,20260701T110647-0400,,,,
C,nyc,2026-07-01,20260701T120041-0400,,,,
C,nyc,2026-07-01,20260701T130852-0400,,,,
C,nyc,2026-07-01,20260701T140607-0400,,,,
C,nyc,2026-07-01,20260701T150227-0400,,,,
C,nyc,2026-07-01,20260701T160413-0400,,,,
C,nyc,2026-07-01,20260701T170755-0400,,,,
C,nyc,2026-07-01,20260701T180447-0400,,,,
C,nyc,2026-07-01,20260701T190201-0400,,,,
C,nyc,2026-07-01,20260701T200610-0400,,,,
C,nyc,2026-07-01,20260701T210050-0400,,,,
C,nyc,2026-07-01,20260701T220456-0400,,,,
C,nyc,2026-07-01,20260701T230857-0400,,,,
C,nyc,2026-07-02,20260702T000125-0400,,,,
C,nyc,2026-07-02,20260702T010456-0400,,,,
C,nyc,2026-07-02,20260702T020831-0400,,,,
C,nyc,2026-07-02,20260702T030302-0400,,,,
C,nyc,2026-07-02,20260702T040644-0400,,,,
C,nyc,2026-07-02,20260702T050105-0400,,,,
C,nyc,2026-07-02,20260702T060429-0400,,,,
C,nyc,2026-07-02,20260702T070759-0400,,,,
C,nyc,2026-07-02,20260702T080227-0400,,,,
C,nyc,2026-07-02,20260702T090602-0400,,,,
C,nyc,2026-07-02,20260702T100256-0400,,,,
C,nyc,2026-07-02,20260702T110409-0400,,,,
C,nyc,2026-07-02,20260702T120040-0400,,,,
C,nyc,2026-07-02,20260702T130425-0400,,,,
C,nyc,2026-07-02,20260702T140812-0400,,,,
C,nyc,2026-07-02,20260702T150303-0400,,,,
C,nyc,2026-07-02,20260702T160639-0400,,,,
C,nyc,2026-07-02,20260702T170106-0400,,,,
C,nyc,2026-07-02,20260702T181444-0400,102,102.02,,102.02
C,nyc,2026-07-02,20260702T190039-0400,102,102.02,,102.02
C,nyc,2026-07-02,20260702T200431-0400,102,102.02,,102.02
C,nyc,2026-07-02,20260702T210828-0400,102,102.02,,102.02
C,nyc,2026-07-02,20260702T220842-0400,102,102.02,,102.02
C,nyc,2026-07-02,20260702T230338-0400,102,102.02,,102.02
C,nyc,2026-07-03,20260703T000436-0400,94,93.91999999999999,,
C,nyc,2026-07-03,20260703T010229-0400,91,91.03999999999999,,
C,nyc,2026-07-03,20260703T021008-0400,88,87.98,,
C,nyc,2026-07-03,20260703T030238-0400,88,87.98,,
C,nyc,2026-07-03,20260703T040613-0400,87,87.08000000000001,,
C,nyc,2026-07-03,20260703T050042-0400,86,86.0,,
C,nyc,2026-07-03,20260703T060417-0400,86,86.0,,
C,nyc,2026-07-03,20260703T070749-0400,83,82.94,,82.94
C,nyc,2026-07-03,20260703T080217-0400,85,84.91999999999999,,84.91999999999999
C,nyc,2026-07-03,20260703T090600-0400,89,89.06,,89.06
C,nyc,2026-07-03,20260703T100435-0400,91,91.03999999999999,,91.03999999999999
C,nyc,2026-07-03,20260703T110727-0400,91,91.03999999999999,,91.03999999999999
C,nyc,2026-07-03,20260703T120220-0400,94,93.91999999999999,,93.91999999999999
C,nyc,2026-07-03,20260703T131242-0400,98,98.06,,98.06
C,nyc,2026-07-03,20260703T140407-0400,99,98.96000000000001,,98.96000000000001
C,nyc,2026-07-03,20260703T150310-0400,100,100.03999999999999,,100.03999999999999
C,nyc,2026-07-03,20260703T160940-0400,100,100.03999999999999,,100.03999999999999
C,nyc,2026-07-03,20260703T170327-0400,100,100.03999999999999,,100.03999999999999
C,nyc,2026-07-03,20260703T182710-0400,100,100.03999999999999,,100.03999999999999
C,nyc,2026-07-03,20260703T190356-0400,100,100.03999999999999,,100.03999999999999
C,nyc,2026-07-03,20260703T204539437487-0400,100,100.03999999999999,,100.03999999999999
C,nyc,2026-07-03,20260703T211810086949-0400,100,100.03999999999999,,100.03999999999999
C,nyc,2026-07-03,20260703T224226377402-0400,100,100.03999999999999,,100.03999999999999
C,nyc,2026-07-03,20260703T231826672860-0400,100,100.03999999999999,,100.03999999999999
C,nyc,2026-07-05,20260705T000045384011-0400,76,75.92,,
C,nyc,2026-07-05,20260705T010509058045-0400,76,75.92,,
C,nyc,2026-07-05,20260705T020841410986-0400,75,75.02,,
C,nyc,2026-07-05,20260705T030306009453-0400,75,75.02,,
C,nyc,2026-07-05,20260705T040636458499-0400,75,75.02,,
C,nyc,2026-07-05,20260705T050057770435-0400,76,75.92,,
C,nyc,2026-07-05,20260705T060421605383-0400,74,73.94,,
C,nyc,2026-07-05,20260705T070800717555-0400,76,75.92,,75.92
C,nyc,2026-07-05,20260705T080239065755-0400,77,77.0,,77.0
C,nyc,2026-07-05,20260705T090607344186-0400,77,77.0,,77.0
C,nyc,2026-07-05,20260705T101201003658-0400,77,77.0,,77.0
C,nyc,2026-07-05,20260705T110429477447-0400,77,77.0,,77.0
C,nyc,2026-07-05,20260705T120016431194-0400,77,77.0,,77.0
C,nyc,2026-07-05,20260705T130349665091-0400,77,77.0,,77.0
C,nyc,2026-07-05,20260705T140727562911-0400,77,77.0,,77.0
C,nyc,2026-07-05,20260705T150203155043-0400,77,77.0,,77.0
C,nyc,2026-07-05,20260705T160535028846-0400,77,77.0,,77.0
C,nyc,2026-07-05,20260705T170015071852-0400,77,77.0,,77.0
C,nyc,2026-07-05,20260705T180751787620-0400,78,78.08,,78.08
C,nyc,2026-07-05,20260705T190628582183-0400,78,78.08,,78.08
C,nyc,2026-07-05,20260705T203631670931-0400,78,78.08,,78.08
C,nyc,2026-07-05,20260705T210403339628-0400,78,78.08,,78.08
C,nyc,2026-07-05,20260705T221313255460-0400,78,78.08,,78.08
C,nyc,2026-07-05,20260705T230350207259-0400,78,78.08,,78.08
C,nyc,2026-07-07,20260707T001637456350-0400,,,,
C,nyc,2026-07-07,20260707T010537783719-0400,65,64.94,,
C,nyc,2026-07-07,20260707T020454864737-0400,65,64.94,,
C,nyc,2026-07-07,20260707T030727987224-0400,65,64.94,,
C,nyc,2026-07-07,20260707T040157468416-0400,64,64.04,,
C,nyc,2026-07-07,20260707T050524649554-0400,64,64.04,,
C,nyc,2026-07-07,20260707T060428702538-0400,64,64.04,,
C,nyc,2026-07-07,20260707T070319242705-0400,64,64.04,,64.04
C,nyc,2026-07-07,20260707T080651562592-0400,65,64.94,,64.94
C,nyc,2026-07-07,20260707T090122081408-0400,65,64.94,,64.94
C,nyc,2026-07-07,20260707T100815160495-0400,65,64.94,,64.94
C,nyc,2026-07-07,20260707T110717699568-0400,66,66.02,,66.02
C,nyc,2026-07-07,20260707T120747994568-0400,69,69.08,,69.08
C,nyc,2026-07-07,20260707T130244110907-0400,69,69.08,,69.08
C,nyc,2026-07-07,20260707T140557870968-0400,70,69.98,,69.98
C,nyc,2026-07-07,20260707T150509794838-0400,71,71.06,,71.06
C,nyc,2026-07-07,20260707T160242532006-0400,72,71.96,,71.96
C,nyc,2026-07-07,20260707T170637797460-0400,72,71.96,,71.96
C,nyc,2026-07-07,20260707T180647004398-0400,72,71.96,,71.96
C,nyc,2026-07-07,20260707T190133002156-0400,72,71.96,,71.96
C,nyc,2026-07-07,20260707T200502659907-0400,72,71.96,,71.96
C,nyc,2026-07-07,20260707T210845590869-0400,72,71.96,,71.96
C,nyc,2026-07-07,20260707T220320509667-0400,72,71.96,,71.96
C,nyc,2026-07-07,20260707T230722103543-0400,72,71.96,,71.96
C,nyc,2026-07-08,20260708T000205213563-0400,69,69.08,,
C,nyc,2026-07-08,20260708T010543165121-0400,68,68.0,,
C,nyc,2026-07-08,20260708T020018783719-0400,67,66.92,,
C,nyc,2026-07-08,20260708T030356182613-0400,66,66.02,,
C,nyc,2026-07-08,20260708T040725267432-0400,66,66.02,,
C,nyc,2026-07-08,20260708T050148242838-0400,66,66.02,,
C,nyc,2026-07-08,20260708T060512683884-0400,66,66.02,,
C,nyc,2026-07-08,20260708T070838615272-0400,68,68.0,,68.0
C,nyc,2026-07-08,20260708T080314008046-0400,69,69.08,,69.08
C,nyc,2026-07-08,20260708T090706270126-0400,73,73.04,,73.04
C,nyc,2026-07-08,20260708T100905225553-0400,74,73.94,,73.94
C,nyc,2026-07-08,20260708T110919793959-0400,77,77.0,,77.0
C,nyc,2026-07-08,20260708T120600511378-0400,79,78.98,,78.98
C,nyc,2026-07-08,20260708T130413520058-0400,81,80.96,,80.96
C,nyc,2026-07-08,20260708T140623183436-0400,82,82.04,,82.04
C,nyc,2026-07-08,20260708T150036374734-0400,,,,
C,nyc,2026-07-08,20260708T160141938469-0400,87,87.08000000000001,,87.08000000000001
C,nyc,2026-07-08,20260708T171405165016-0400,87,87.08000000000001,,87.08000000000001
C,nyc,2026-07-08,20260708T180901999914-0400,87,87.08000000000001,,87.08000000000001
C,nyc,2026-07-08,20260708T190333427982-0400,87,87.08000000000001,,87.08000000000001
C,nyc,2026-07-08,20260708T200108402405-0400,87,87.08000000000001,,87.08000000000001
C,nyc,2026-07-08,20260708T210824609575-0400,87,87.08000000000001,,87.08000000000001
C,nyc,2026-07-08,20260708T220124210723-0400,87,87.08000000000001,,87.08000000000001
C,nyc,2026-07-08,20260708T230531217861-0400,87,87.08000000000001,,87.08000000000001
C,nyc,2026-07-09,20260709T000025785013-0400,76,75.92,,
C,nyc,2026-07-09,20260709T010403102298-0400,75,75.02,,
C,nyc,2026-07-09,20260709T020732242941-0400,74,73.94,,
C,nyc,2026-07-09,20260709T030212788789-0400,74,73.94,,
C,nyc,2026-07-09,20260709T040543300063-0400,74,73.94,,
C,nyc,2026-07-09,20260709T050008640038-0400,74,73.94,,
C,nyc,2026-07-09,20260709T060336082630-0400,74,73.94,,
C,nyc,2026-07-09,20260709T070712145210-0400,75,75.02,,75.02
C,nyc,2026-07-09,20260709T080140053601-0400,77,77.0,,77.0
C,nyc,2026-07-09,20260709T090040910877-0400,79,78.98,,78.98
C,nyc,2026-07-09,20260709T100954843992-0400,82,82.04,,82.04
C,nyc,2026-07-09,20260709T111113415245-0400,83,82.94,,82.94
C,nyc,2026-07-09,20260709T120600889177-0400,85,84.91999999999999,,84.91999999999999
C,nyc,2026-07-09,20260709T130853799354-0400,87,87.08000000000001,,87.08000000000001
C,nyc,2026-07-09,20260709T142924136375-0400,87,87.08000000000001,,87.08000000000001
C,nyc,2026-07-09,20260709T150547864909-0400,87,87.08000000000001,,87.08000000000001
C,nyc,2026-07-09,20260709T160804173355-0400,87,87.08000000000001,,87.08000000000001
C,nyc,2026-07-09,20260709T170256962127-0400,87,87.08000000000001,,87.08000000000001
C,nyc,2026-07-09,20260709T180512962145-0400,87,87.08000000000001,,87.08000000000001
C,nyc,2026-07-09,20260709T194548319856-0400,87,87.08000000000001,,87.08000000000001
C,nyc,2026-07-09,20260709T200436005901-0400,87,87.08000000000001,,87.08000000000001
C,nyc,2026-07-09,20260709T213203119967-0400,87,87.08000000000001,,87.08000000000001
C,nyc,2026-07-09,20260709T220746998709-0400,87,87.08000000000001,,87.08000000000001
C,nyc,2026-07-09,20260709T230711950778-0400,87,87.08000000000001,,87.08000000000001
C,nyc,2026-07-10,20260710T000244896940-0400,77,77.0,,
C,nyc,2026-07-10,20260710T010124627962-0400,77,77.0,,
C,nyc,2026-07-10,20260710T021150007461-0400,76,75.92,,
C,nyc,2026-07-10,20260710T030839529690-0400,76,75.92,,
C,nyc,2026-07-10,20260710T040305496310-0400,76,75.92,,
C,nyc,2026-07-10,20260710T050052094552-0400,76,75.92,,
C,nyc,2026-07-10,20260710T060709232798-0400,76,75.92,,
C,nyc,2026-07-10,20260710T070149646989-0400,77,77.0,,77.0
C,nyc,2026-07-10,20260710T080517881453-0400,78,78.08,,78.08
C,nyc,2026-07-10,20260710T090851000888-0400,78,78.08,,78.08
C,nyc,2026-07-10,20260710T103232350526-0400,81,80.96,,80.96
C,nyc,2026-07-10,20260710T110633856015-0400,82,82.04,,82.04
C,nyc,2026-07-10,20260710T120054406698-0400,85,84.91999999999999,,84.91999999999999
C,nyc,2026-07-10,20260710T130105497354-0400,85,84.91999999999999,,84.91999999999999
C,nyc,2026-07-10,20260710T140454922627-0400,85,84.91999999999999,,84.91999999999999
C,nyc,2026-07-10,20260710T150757045508-0400,85,84.91999999999999,,84.91999999999999
C,nyc,2026-07-10,20260710T160211292649-0400,88,87.98,,87.98
C,nyc,2026-07-10,20260710T170133906110-0400,88,87.98,,87.98
C,nyc,2026-07-10,20260710T181533537792-0400,88,87.98,,87.98
C,nyc,2026-07-10,20260710T190811623752-0400,88,87.98,,87.98
C,nyc,2026-07-10,20260710T200050597369-0400,88,87.98,,87.98
C,nyc,2026-07-10,20260710T212649660561-0400,88,87.98,,87.98
C,nyc,2026-07-10,20260710T224403140363-0400,88,87.98,,87.98
C,nyc,2026-07-10,20260710T230219634625-0400,88,87.98,,87.98
C,nyc,2026-07-11,20260711T000027099703-0400,82,82.04,,
C,nyc,2026-07-11,20260711T010410580399-0400,80,80.06,,
C,nyc,2026-07-11,20260711T020511636905-0400,78,78.08,,
C,nyc,2026-07-11,20260711T031950060531-0400,78,78.08,,
C,nyc,2026-07-11,20260711T044059304288-0400,76,75.92,,
C,nyc,2026-07-11,20260711T050102918364-0400,74,73.94,,
C,nyc,2026-07-11,20260711T060449364685-0400,73,73.04,,
C,nyc,2026-07-11,20260711T070820544888-0400,73,73.04,,73.04
C,nyc,2026-07-11,20260711T080258696401-0400,75,75.02,,75.02
C,nyc,2026-07-11,20260711T090657351258-0400,75,75.02,,75.02
C,nyc,2026-07-11,20260711T103840327770-0400,75,75.02,,75.02
C,nyc,2026-07-11,20260711T110136620806-0400,76,75.92,,75.92
C,nyc,2026-07-11,20260711T120550805220-0400,76,75.92,,75.92
C,nyc,2026-07-11,20260711T130532228596-0400,77,77.0,,77.0
C,nyc,2026-07-11,20260711T140659972370-0400,78,78.08,,78.08
C,nyc,2026-07-11,20260711T150955496378-0400,80,80.06,,80.06
C,nyc,2026-07-11,20260711T160603819125-0400,81,80.96,,80.96
C,nyc,2026-07-11,20260711T171759248761-0400,82,82.04,,82.04
C,nyc,2026-07-11,20260711T180836163706-0400,82,82.04,,82.04
C,nyc,2026-07-11,20260711T190620598127-0400,82,82.04,,82.04
C,nyc,2026-07-11,20260711T201020818161-0400,82,82.04,,82.04
C,nyc,2026-07-11,20260711T212833047197-0400,82,82.04,,82.04
C,nyc,2026-07-11,20260711T221659012970-0400,82,82.04,,82.04
C,nyc,2026-07-14,20260714T000038183216-0400,77,77.0,,
C,nyc,2026-07-14,20260714T010643534463-0400,76,75.92,,
C,nyc,2026-07-14,20260714T020646722989-0400,75,75.02,,
C,nyc,2026-07-14,20260714T030510376170-0400,74,73.94,,
C,nyc,2026-07-14,20260714T040855512963-0400,75,75.02,,
C,nyc,2026-07-14,20260714T050328349974-0400,74,73.94,,
C,nyc,2026-07-14,20260714T060705586462-0400,74,73.94,,
C,nyc,2026-07-14,20260714T070145150111-0400,75,75.02,,75.02
C,nyc,2026-07-14,20260714T080533989404-0400,76,75.92,,75.92
C,nyc,2026-07-14,20260714T090844215239-0400,79,78.98,,78.98
C,nyc,2026-07-14,20260714T100528967825-0400,82,82.04,,82.04
C,nyc,2026-07-14,20260714T110806878952-0400,84,84.02,,84.02
C,nyc,2026-07-14,20260714T120301493057-0400,88,87.98,,87.98
C,nyc,2026-07-14,20260714T130729692981-0400,89,89.06,,89.06
C,nyc,2026-07-14,20260714T140209948284-0400,91,91.03999999999999,,91.03999999999999
C,nyc,2026-07-14,20260714T150558475051-0400,92,91.94,,91.94
C,nyc,2026-07-14,20260714T160034251729-0400,92,91.94,,91.94
C,nyc,2026-07-14,20260714T170415263771-0400,92,91.94,,91.94
C,nyc,2026-07-14,20260714T180816917667-0400,92,91.94,,91.94
C,nyc,2026-07-14,20260714T190321921655-0400,92,91.94,,91.94
C,nyc,2026-07-14,20260714T200709429775-0400,92,91.94,,91.94
C,nyc,2026-07-14,20260714T210146552772-0400,92,91.94,,91.94
C,nyc,2026-07-14,20260714T225511926535-0400,92,91.94,,91.94
C,nyc,2026-07-15,20260715T000016678436-0400,87,87.08000000000001,,
C,nyc,2026-07-15,20260715T010236226655-0400,86,86.0,,
C,nyc,2026-07-15,20260715T020807722958-0400,84,84.02,,
C,nyc,2026-07-15,20260715T030856658452-0400,83,82.94,,
C,nyc,2026-07-15,20260715T040343203142-0400,82,82.04,,
C,nyc,2026-07-15,20260715T050719436154-0400,82,82.04,,
C,nyc,2026-07-15,20260715T060150316669-0400,81,80.96,,
C,nyc,2026-07-15,20260715T070539930103-0400,82,82.04,,82.04
C,nyc,2026-07-15,20260715T080016180544-0400,84,84.02,,84.02
C,nyc,2026-07-15,20260715T090419416040-0400,86,86.0,,86.0
C,nyc,2026-07-15,20260715T100757541277-0400,88,87.98,,87.98
C,nyc,2026-07-15,20260715T110237778566-0400,91,91.03999999999999,,91.03999999999999
C,nyc,2026-07-15,20260715T120618132626-0400,94,93.91999999999999,,93.91999999999999
C,nyc,2026-07-15,20260715T130059280284-0400,96,96.08000000000001,,96.08000000000001
C,nyc,2026-07-15,20260715T140451232076-0400,98,98.06,,98.06
C,nyc,2026-07-15,20260715T150837721387-0400,98,98.06,,98.06
C,nyc,2026-07-15,20260715T160323187317-0400,98,98.06,,98.06
C,nyc,2026-07-15,20260715T170704604974-0400,98,98.06,,98.06
C,nyc,2026-07-15,20260715T180032154782-0400,98,98.06,,98.06
C,nyc,2026-07-15,20260715T190241127692-0400,98,98.06,,98.06
C,nyc,2026-07-15,20260715T200012507893-0400,98,98.06,,98.06
C,nyc,2026-07-15,20260715T210409214685-0400,98,98.06,,98.06
C,nyc,2026-07-15,20260715T225537481922-0400,98,98.06,,98.06
C,nyc,2026-07-15,20260715T233313139789-0400,98,98.06,,98.06
C,nyc,2026-07-16,20260716T000019219356-0400,80,80.06,,
C,nyc,2026-07-16,20260716T010431320337-0400,80,80.06,,
C,nyc,2026-07-16,20260716T020818775137-0400,80,80.06,,
C,nyc,2026-07-16,20260716T030304177901-0400,80,80.06,,
C,nyc,2026-07-16,20260716T040719843810-0400,79,78.98,,
C,nyc,2026-07-16,20260716T050203374173-0400,79,78.98,,
C,nyc,2026-07-16,20260716T060548248148-0400,78,78.08,,
C,nyc,2026-07-16,20260716T070024448574-0400,78,78.08,,78.08
C,nyc,2026-07-16,20260716T080421300984-0400,78,78.08,,78.08
C,nyc,2026-07-16,20260716T090819163743-0400,78,78.08,,78.08
C,nyc,2026-07-16,20260716T100325963513-0400,79,78.98,,78.98
C,nyc,2026-07-16,20260716T110752333315-0400,81,80.96,,80.96
C,nyc,2026-07-16,20260716T120245598550-0400,84,84.02,,84.02
C,nyc,2026-07-16,20260716T130636506623-0400,84,84.02,,84.02
C,nyc,2026-07-16,20260716T140126845930-0400,85,84.91999999999999,,84.91999999999999
C,nyc,2026-07-16,20260716T150525221502-0400,86,86.0,,86.0
C,nyc,2026-07-16,20260716T160017881088-0400,88,87.98,,87.98
C,nyc,2026-07-16,20260716T170409127702-0400,88,87.98,,87.98
C,nyc,2026-07-16,20260716T180759016075-0400,88,87.98,,87.98
C,nyc,2026-07-16,20260716T190246896971-0400,88,87.98,,87.98
C,nyc,2026-07-16,20260716T200833853506-0400,88,87.98,,87.98
C,nyc,2026-07-16,20260716T210330341027-0400,88,87.98,,87.98
C,nyc,2026-07-16,20260716T220030338653-0400,88,87.98,,87.98
C,nyc,2026-07-16,20260716T230322630996-0400,88,87.98,,87.98
C,nyc,2026-07-17,20260717T000043545787-0400,81,80.96,,
C,nyc,2026-07-17,20260717T010510546774-0400,79,78.98,,
C,nyc,2026-07-17,20260717T020011392628-0400,78,78.08,,
C,nyc,2026-07-17,20260717T030437061497-0400,77,77.0,,
C,nyc,2026-07-17,20260717T040822613124-0400,76,75.92,,
C,nyc,2026-07-17,20260717T050301834252-0400,75,75.02,,
C,nyc,2026-07-17,20260717T060646410324-0400,74,73.94,,
C,nyc,2026-07-17,20260717T070126213700-0400,75,75.02,,75.02
C,nyc,2026-07-17,20260717T080515006000-0400,76,75.92,,75.92
C,nyc,2026-07-17,20260717T090937209573-0400,76,75.92,,75.92
C,nyc,2026-07-17,20260717T100159495319-0400,78,78.08,,78.08
C,nyc,2026-07-17,20260717T110341145560-0400,81,80.96,,80.96
C,nyc,2026-07-17,20260717T120131903822-0400,83,82.94,,82.94
C,nyc,2026-07-17,20260717T130111023966-0400,84,84.02,,84.02
C,nyc,2026-07-17,20260717T140459683531-0400,84,84.02,,84.02
C,nyc,2026-07-17,20260717T150858996832-0400,85,84.91999999999999,,84.91999999999999
C,nyc,2026-07-17,20260717T160923750309-0400,86,86.0,,86.0
C,nyc,2026-07-17,20260717T170842294512-0400,87,87.08000000000001,,87.08000000000001
C,nyc,2026-07-17,20260717T180600653016-0400,87,87.08000000000001,,87.08000000000001
C,nyc,2026-07-17,20260717T190856985304-0400,87,87.08000000000001,,87.08000000000001
C,nyc,2026-07-17,20260717T200353100417-0400,87,87.08000000000001,,87.08000000000001
C,nyc,2026-07-17,20260717T210801789223-0400,87,87.08000000000001,,87.08000000000001
C,nyc,2026-07-17,20260717T220257508491-0400,87,87.08000000000001,,87.08000000000001
C,nyc,2026-07-17,20260717T230727536075-0400,87,87.08000000000001,,87.08000000000001
C,nyc,2026-07-18,20260718T000037353419-0400,76,75.92,,
C,nyc,2026-07-18,20260718T010454754528-0400,76,75.92,,
C,nyc,2026-07-18,20260718T020904326207-0400,75,75.02,,
C,nyc,2026-07-18,20260718T030350615396-0400,75,75.02,,
C,nyc,2026-07-18,20260718T040731624139-0400,75,75.02,,
C,nyc,2026-07-18,20260718T050208962136-0400,76,75.92,,
C,nyc,2026-07-18,20260718T060548572654-0400,76,75.92,,
C,nyc,2026-07-18,20260718T070023823586-0400,76,75.92,,75.92
C,nyc,2026-07-18,20260718T080411655401-0400,78,78.08,,78.08
C,nyc,2026-07-18,20260718T090759738840-0400,79,78.98,,78.98
C,nyc,2026-07-18,20260718T100657659117-0400,80,80.06,,80.06
C,nyc,2026-07-18,20260718T110138826246-0400,80,80.06,,80.06
C,nyc,2026-07-18,20260718T120612594013-0400,80,80.06,,80.06
C,nyc,2026-07-18,20260718T130051826525-0400,80,80.06,,80.06
C,nyc,2026-07-18,20260718T140439365136-0400,80,80.06,,80.06
C,nyc,2026-07-18,20260718T150836237817-0400,80,80.06,,80.06
C,nyc,2026-07-18,20260718T160322044307-0400,80,80.06,,80.06
C,nyc,2026-07-18,20260718T170712648413-0400,80,80.06,,80.06
C,nyc,2026-07-18,20260718T180151549154-0400,80,80.06,,80.06
C,nyc,2026-07-18,20260718T190546107304-0400,80,80.06,,80.06
C,nyc,2026-07-18,20260718T200033274566-0400,80,80.06,,80.06
C,nyc,2026-07-18,20260718T210444551858-0400,80,80.06,,80.06
C,nyc,2026-07-18,20260718T220857123733-0400,80,80.06,,80.06
C,nyc,2026-07-18,20260718T230408415902-0400,80,80.06,,80.06
C,nyc,2026-07-19,20260719T000030106021-0400,77,77.0,,
C,nyc,2026-07-19,20260719T010445860225-0400,78,78.08,,
C,nyc,2026-07-19,20260719T020911779630-0400,78,78.08,,
C,nyc,2026-07-19,20260719T030418009987-0400,78,78.08,,
C,nyc,2026-07-19,20260719T040812384300-0400,77,77.0,,
C,nyc,2026-07-19,20260719T050246400323-0400,76,75.92,,
C,nyc,2026-07-19,20260719T060631433929-0400,75,75.02,,
C,nyc,2026-07-19,20260719T070115221679-0400,74,73.94,,73.94
C,nyc,2026-07-19,20260719T080503202301-0400,74,73.94,,73.94
C,nyc,2026-07-19,20260719T090857795927-0400,74,73.94,,73.94
C,nyc,2026-07-19,20260719T100754273679-0400,74,73.94,,73.94
C,nyc,2026-07-19,20260719T110314963844-0400,75,75.02,,75.02
C,nyc,2026-07-19,20260719T120706061133-0400,76,75.92,,75.92
C,nyc,2026-07-19,20260719T130147882731-0400,77,77.0,,77.0
C,nyc,2026-07-19,20260719T140533409727-0400,78,78.08,,78.08
C,nyc,2026-07-19,20260719T150018273278-0400,79,78.98,,78.98
C,nyc,2026-07-19,20260719T160410308151-0400,80,80.06,,80.06
C,nyc,2026-07-19,20260719T171349484000-0400,80,80.06,,80.06
C,nyc,2026-07-19,20260719T180829850253-0400,80,80.06,,80.06
C,nyc,2026-07-19,20260719T190029227887-0400,81,80.96,,80.96
C,nyc,2026-07-19,20260719T202700089807-0400,81,80.96,,80.96
C,nyc,2026-07-19,20260719T211412863551-0400,81,80.96,,80.96
C,nyc,2026-07-19,20260719T225620166105-0400,81,80.96,,80.96
C,nyc,2026-07-19,20260719T231533882151-0400,81,80.96,,80.96
C,nyc,2026-07-20,20260720T000020696394-0400,74,73.94,,
C,nyc,2026-07-20,20260720T010119673653-0400,72,71.96,,
C,nyc,2026-07-20,20260720T020535007099-0400,71,71.06,,
C,nyc,2026-07-20,20260720T030051746043-0400,69,69.08,,
C,nyc,2026-07-20,20260720T040457789970-0400,69,69.08,,
C,nyc,2026-07-20,20260720T050839355571-0400,68,68.0,,
C,nyc,2026-07-20,20260720T060310445937-0400,67,66.92,,
C,nyc,2026-07-20,20260720T070705919982-0400,68,68.0,,68.0
C,nyc,2026-07-20,20260720T080147801034-0400,69,69.08,,69.08
C,nyc,2026-07-20,20260720T090116483961-0400,71,71.06,,71.06
C,nyc,2026-07-20,20260720T100709456779-0400,72,71.96,,71.96
C,nyc,2026-07-20,20260720T110156501209-0400,75,75.02,,75.02
C,nyc,2026-07-20,20260720T120541056596-0400,76,75.92,,75.92
C,nyc,2026-07-20,20260720T130112604392-0400,78,78.08,,78.08
C,nyc,2026-07-20,20260720T140348258974-0400,79,78.98,,78.98
C,nyc,2026-07-20,20260720T151019789697-0400,79,78.98,,78.98
C,nyc,2026-07-20,20260720T162052837669-0400,80,80.06,,80.06
C,nyc,2026-07-20,20260720T170636264366-0400,81,80.96,,80.96
C,nyc,2026-07-20,20260720T180913592211-0400,82,82.04,,82.04
C,nyc,2026-07-20,20260720T190409047126-0400,82,82.04,,82.04
C,nyc,2026-07-20,20260720T200152971627-0400,82,82.04,,82.04
C,nyc,2026-07-20,20260720T210703873389-0400,82,82.04,,82.04
C,nyc,2026-07-20,20260720T220211492993-0400,82,82.04,,82.04
C,nyc,2026-07-20,20260720T230421900019-0400,82,82.04,,82.04
C,nyc,2026-07-21,20260721T000044447521-0400,74,73.94,,
C,nyc,2026-07-21,20260721T010136969215-0400,74,73.94,,
C,nyc,2026-07-21,20260721T020656396760-0400,74,73.94,,
C,nyc,2026-07-21,20260721T030156394248-0400,74,73.94,,
C,nyc,2026-07-21,20260721T040546947510-0400,75,75.02,,
C,nyc,2026-07-21,20260721T050030698443-0400,74,73.94,,
C,nyc,2026-07-21,20260721T060414269262-0400,74,73.94,,
C,nyc,2026-07-21,20260721T070805053897-0400,75,75.02,,75.02
C,nyc,2026-07-21,20260721T080244603875-0400,75,75.02,,75.02
C,nyc,2026-07-21,20260721T090636647317-0400,77,77.0,,77.0
C,nyc,2026-07-21,20260721T100117815469-0400,77,77.0,,77.0
C,nyc,2026-07-21,20260721T110502582949-0400,77,77.0,,77.0
C,nyc,2026-07-21,20260721T120918132239-0400,78,78.08,,78.08
C,nyc,2026-07-21,20260721T130409827914-0400,81,80.96,,80.96
C,nyc,2026-07-21,20260721T140058515718-0400,81,80.96,,80.96
C,nyc,2026-07-21,20260721T150428720560-0400,82,82.04,,82.04
C,nyc,2026-07-21,20260721T160154865694-0400,74,73.94,,
C,nyc,2026-07-21,20260721T171358473201-0400,82,82.04,,82.04
C,nyc,2026-07-21,20260721T180212495379-0400,82,82.04,,82.04
C,nyc,2026-07-21,20260721T190223695366-0400,82,82.04,,82.04
C,nyc,2026-07-21,20260721T200235444478-0400,82,82.04,,82.04
C,nyc,2026-07-21,20260721T210748574248-0400,82,82.04,,82.04
C,nyc,2026-07-21,20260721T220352650599-0400,82,82.04,,82.04
C,nyc,2026-07-21,20260721T230837339553-0400,82,82.04,,82.04
C,nyc,2026-07-22,20260722T000032688705-0400,76,75.92,,
C,nyc,2026-07-22,20260722T010444897052-0400,76,75.92,,
C,nyc,2026-07-22,20260722T020836169132-0400,75,75.02,,
C,nyc,2026-07-22,20260722T030316590650-0400,75,75.02,,
C,nyc,2026-07-22,20260722T040703086713-0400,75,75.02,,
C,nyc,2026-07-22,20260722T050310475685-0400,75,75.02,,
C,nyc,2026-07-22,20260722T060658583204-0400,75,75.02,,
C,nyc,2026-07-22,20260722T070148058248-0400,75,75.02,,75.02
C,nyc,2026-07-22,20260722T080544503345-0400,76,75.92,,75.92
C,nyc,2026-07-22,20260722T090029789651-0400,77,77.0,,77.0
C,nyc,2026-07-22,20260722T100415893084-0400,78,78.08,,78.08
C,nyc,2026-07-22,20260722T110804449480-0400,81,80.96,,80.96
C,nyc,2026-07-22,20260722T120241908085-0400,84,84.02,,84.02
C,nyc,2026-07-22,20260722T130632081596-0400,86,86.0,,86.0
C,nyc,2026-07-22,20260722T140114437133-0400,87,87.08000000000001,,87.08000000000001
C,nyc,2026-07-22,20260722T150509817753-0400,87,87.08000000000001,,87.08000000000001
C,nyc,2026-07-22,20260722T160012852251-0400,88,87.98,,87.98
C,nyc,2026-07-22,20260722T170402902047-0400,88,87.98,,87.98
C,nyc,2026-07-22,20260722T180751135797-0400,88,87.98,,87.98
C,nyc,2026-07-22,20260722T190232541207-0400,88,87.98,,87.98
C,nyc,2026-07-22,20260722T200628091620-0400,88,87.98,,87.98
C,nyc,2026-07-22,20260722T210116088512-0400,88,87.98,,87.98
C,nyc,2026-07-22,20260722T220614728941-0400,88,87.98,,87.98
C,nyc,2026-07-22,20260722T230121085690-0400,88,87.98,,87.98
C,nyc,2026-07-23,20260723T000038401477-0400,75,75.02,,
C,nyc,2026-07-23,20260723T010601086110-0400,73,73.04,,
C,nyc,2026-07-23,20260723T020045768837-0400,72,71.96,,
C,nyc,2026-07-23,20260723T030443037134-0400,71,71.06,,
C,nyc,2026-07-23,20260723T040835445733-0400,69,69.08,,
C,nyc,2026-07-23,20260723T050528740592-0400,68,68.0,,
C,nyc,2026-07-23,20260723T060908628467-0400,67,66.92,,
C,nyc,2026-07-23,20260723T070351390291-0400,67,66.92,,66.92
C,nyc,2026-07-23,20260723T080754102230-0400,68,68.0,,68.0
C,nyc,2026-07-23,20260723T090233733005-0400,70,69.98,,69.98
C,nyc,2026-07-23,20260723T100623610214-0400,72,71.96,,71.96
C,nyc,2026-07-23,20260723T110100554527-0400,73,73.04,,73.04
C,nyc,2026-07-23,20260723T120442555619-0400,74,73.94,,73.94
C,nyc,2026-07-23,20260723T130829279314-0400,76,75.92,,75.92
C,nyc,2026-07-23,20260723T140316701967-0400,77,77.0,,77.0
C,nyc,2026-07-23,20260723T150703691735-0400,81,80.96,,80.96
C,nyc,2026-07-23,20260723T160153735220-0400,81,80.96,,80.96
C,nyc,2026-07-23,20260723T170541205069-0400,81,80.96,,80.96
C,nyc,2026-07-23,20260723T180016349299-0400,81,80.96,,80.96
C,nyc,2026-07-23,20260723T190407082678-0400,81,80.96,,80.96
C,nyc,2026-07-23,20260723T200757469820-0400,81,80.96,,80.96
C,nyc,2026-07-23,20260723T210239125051-0400,81,80.96,,80.96
C,nyc,2026-07-23,20260723T220656244728-0400,81,80.96,,80.96
C,nyc,2026-07-23,20260723T230204419093-0400,81,80.96,,80.96
C,nyc,2026-07-24,20260724T000029789736-0400,72,71.96,,
C,nyc,2026-07-24,20260724T010417337732-0400,72,71.96,,
C,nyc,2026-07-24,20260724T020803097193-0400,72,71.96,,
C,nyc,2026-07-24,20260724T030238669842-0400,,,,
C,nyc,2026-07-24,20260724T040620759958-0400,71,71.06,,
C,nyc,2026-07-24,20260724T050711984261-0400,70,69.98,,
C,nyc,2026-07-24,20260724T060013945565-0400,70,69.98,,
C,nyc,2026-07-24,20260724T070552108587-0400,69,69.08,,69.08
C,nyc,2026-07-24,20260724T080029073457-0400,71,71.06,,71.06
C,nyc,2026-07-24,20260724T090417043720-0400,73,73.04,,73.04
C,nyc,2026-07-24,20260724T100313523418-0400,73,73.04,,73.04
C,nyc,2026-07-24,20260724T110239293624-0400,78,78.08,,78.08
C,nyc,2026-07-24,20260724T120025629966-0400,78,78.08,,78.08
C,nyc,2026-07-24,20260724T130109869640-0400,79,78.98,,78.98
C,nyc,2026-07-24,20260724T140455191254-0400,80,80.06,,80.06
C,nyc,2026-07-24,20260724T150843354124-0400,81,80.96,,80.96
C,nyc,2026-07-24,20260724T160328232260-0400,82,82.04,,82.04
C,nyc,2026-07-24,20260724T170717597197-0400,82,82.04,,82.04
C,nyc,2026-07-24,20260724T180154057155-0400,82,82.04,,82.04
C,nyc,2026-07-24,20260724T190542626064-0400,82,82.04,,82.04
C,nyc,2026-07-24,20260724T200035052085-0400,82,82.04,,82.04
C,nyc,2026-07-24,20260724T210423259216-0400,82,82.04,,82.04
C,nyc,2026-07-24,20260724T220847616710-0400,82,82.04,,82.04
C,nyc,2026-07-24,20260724T230404664907-0400,82,82.04,,82.04
C,nyc,2026-07-25,20260725T000023392377-0400,72,71.96,,
C,nyc,2026-07-25,20260725T010435862863-0400,72,71.96,,
C,nyc,2026-07-25,20260725T020901164327-0400,71,71.06,,
C,nyc,2026-07-25,20260725T030341707252-0400,70,69.98,,
C,nyc,2026-07-25,20260725T040730841417-0400,69,69.08,,
C,nyc,2026-07-25,20260725T050446282832-0400,68,68.0,,
C,nyc,2026-07-25,20260725T060823480683-0400,67,66.92,,
C,nyc,2026-07-25,20260725T070258898558-0400,68,68.0,,68.0
C,nyc,2026-07-25,20260725T080643501181-0400,69,69.08,,69.08
C,nyc,2026-07-25,20260725T090130968844-0400,71,71.06,,71.06
C,nyc,2026-07-25,20260725T100508981453-0400,73,73.04,,73.04
C,nyc,2026-07-25,20260725T110855267176-0400,75,75.02,,75.02
C,nyc,2026-07-25,20260725T120330206260-0400,76,75.92,,75.92
C,nyc,2026-07-25,20260725T130719448121-0400,76,75.92,,75.92
C,nyc,2026-07-25,20260725T140157099741-0400,78,78.08,,78.08
C,nyc,2026-07-25,20260725T150554992474-0400,78,78.08,,78.08
C,nyc,2026-07-25,20260725T160036606276-0400,78,78.08,,78.08
C,nyc,2026-07-25,20260725T170423304441-0400,79,78.98,,78.98
C,nyc,2026-07-25,20260725T180808762848-0400,79,78.98,,78.98
C,nyc,2026-07-25,20260725T190258266225-0400,79,78.98,,78.98
C,nyc,2026-07-25,20260725T200654288806-0400,79,78.98,,78.98
C,nyc,2026-07-25,20260725T210031708646-0400,79,78.98,,78.98
C,nyc,2026-07-25,20260725T220622867928-0400,79,78.98,,78.98
C,nyc,2026-07-25,20260725T230134812723-0400,79,78.98,,78.98
C,nyc,2026-07-26,20260726T000441108070-0400,71,71.06,,
C,nyc,2026-07-26,20260726T010829006538-0400,70,69.98,,
C,nyc,2026-07-26,20260726T020315516286-0400,70,69.98,,
C,nyc,2026-07-26,20260726T030713578061-0400,69,69.08,,
C,nyc,2026-07-26,20260726T040152253605-0400,69,69.08,,
C,nyc,2026-07-26,20260726T050849741123-0400,68,68.0,,
C,nyc,2026-07-26,20260726T060555582413-0400,69,69.08,,
C,nyc,2026-07-26,20260726T070042616223-0400,69,69.08,,69.08
C,nyc,2026-07-26,20260726T080428159678-0400,71,71.06,,71.06
C,nyc,2026-07-26,20260726T090818199702-0400,72,71.96,,71.96
C,nyc,2026-07-26,20260726T100250921697-0400,73,73.04,,73.04
C,nyc,2026-07-26,20260726T110631265798-0400,76,75.92,,75.92
C,nyc,2026-07-26,20260726T120107720747-0400,78,78.08,,78.08
C,nyc,2026-07-26,20260726T130453452045-0400,79,78.98,,78.98
C,nyc,2026-07-26,20260726T140845488390-0400,82,82.04,,82.04
C,nyc,2026-07-26,20260726T150342601527-0400,82,82.04,,82.04
C,nyc,2026-07-26,20260726T160736297410-0400,82,82.04,,82.04
C,nyc,2026-07-26,20260726T170217220179-0400,82,82.04,,82.04
C,nyc,2026-07-26,20260726T180603235282-0400,82,82.04,,82.04
C,nyc,2026-07-26,20260726T190045082277-0400,82,82.04,,82.04
C,nyc,2026-07-26,20260726T200438416076-0400,82,82.04,,82.04
C,nyc,2026-07-26,20260726T210828478354-0400,82,82.04,,82.04
C,nyc,2026-07-26,20260726T220329435768-0400,82,82.04,,82.04
C,nyc,2026-07-26,20260726T230748696839-0400,82,82.04,,82.04
C,nyc,2026-07-27,20260727T000036383217-0400,75,75.02,,
C,nyc,2026-07-27,20260727T010540104238-0400,75,75.02,,
C,nyc,2026-07-27,20260727T020024828329-0400,74,73.94,,
C,nyc,2026-07-27,20260727T030413739139-0400,73,73.04,,
C,nyc,2026-07-27,20260727T040800375079-0400,73,73.04,,
C,nyc,2026-07-27,20260727T050322837396-0400,,,,
C,nyc,2026-07-27,20260727T060713453482-0400,73,73.04,,
C,nyc,2026-07-27,20260727T070205146661-0400,74,73.94,,73.94
C,nyc,2026-07-27,20260727T080554937131-0400,75,75.02,,75.02
C,nyc,2026-07-27,20260727T090035322830-0400,76,75.92,,75.92
C,nyc,2026-07-27,20260727T100416407998-0400,76,75.92,,75.92
C,nyc,2026-07-27,20260727T110826999111-0400,76,75.92,,75.92
C,nyc,2026-07-27,20260727T120302372578-0400,81,80.96,,80.96
C,nyc,2026-07-27,20260727T130645888638-0400,84,84.02,,84.02
C,nyc,2026-07-27,20260727T140121832244-0400,84,84.02,,84.02
C,nyc,2026-07-27,20260727T150516100613-0400,84,84.02,,84.02
C,nyc,2026-07-27,20260727T160007090164-0400,84,84.02,,84.02
C,nyc,2026-07-27,20260727T170351698870-0400,84,84.02,,84.02
C,nyc,2026-07-27,20260727T180734343867-0400,84,84.02,,84.02
C,nyc,2026-07-27,20260727T190231458658-0400,84,84.02,,84.02
C,nyc,2026-07-27,20260727T200617658853-0400,84,84.02,,84.02
C,nyc,2026-07-27,20260727T210109492354-0400,84,84.02,,84.02
C,nyc,2026-07-27,20260727T220534682853-0400,84,84.02,,84.02
C,nyc,2026-07-27,20260727T230055349822-0400,84,84.02,,84.02
C,nyc,2026-07-28,20260728T000036162620-0400,76,75.92,,
C,nyc,2026-07-28,20260728T010427622899-0400,75,75.02,,
C,nyc,2026-07-28,20260728T020914545211-0400,75,75.02,,
C,nyc,2026-07-28,20260728T030040164926-0400,74,73.94,,
C,nyc,2026-07-28,20260728T040433410149-0400,74,73.94,,
C,nyc,2026-07-28,20260728T050110003219-0400,73,73.04,,
C,nyc,2026-07-28,20260728T060449207166-0400,72,71.96,,
C,nyc,2026-07-28,20260728T070831952715-0400,73,73.04,,73.04
C,nyc,2026-07-28,20260728T080316327967-0400,74,73.94,,73.94
C,nyc,2026-07-28,20260728T090715211145-0400,75,75.02,,75.02
C,nyc,2026-07-28,20260728T100030826070-0400,77,77.0,,77.0
C,nyc,2026-07-28,20260728T110427333394-0400,80,80.06,,80.06
C,nyc,2026-07-28,20260728T120013152840-0400,80,80.06,,80.06
C,nyc,2026-07-28,20260728T130407023055-0400,80,80.06,,80.06
C,nyc,2026-07-28,20260728T140751008880-0400,80,80.06,,80.06
C,nyc,2026-07-28,20260728T150237961603-0400,80,80.06,,80.06
C,nyc,2026-07-28,20260728T160627756306-0400,80,80.06,,80.06
C,nyc,2026-07-28,20260728T170109039447-0400,80,80.06,,80.06
C,nyc,2026-07-28,20260728T180501161479-0400,80,80.06,,80.06
C,nyc,2026-07-28,20260728T190853260170-0400,80,80.06,,80.06
C,nyc,2026-07-28,20260728T200336701584-0400,80,80.06,,80.06
C,nyc,2026-07-28,20260728T210729412240-0400,80,80.06,,80.06
C,nyc,2026-07-28,20260728T220235189907-0400,80,80.06,,80.06
C,nyc,2026-07-28,20260728T230730453761-0400,80,80.06,,80.06
C,nyc,2026-07-29,20260729T000031332929-0400,75,75.02,,
C,nyc,2026-07-29,20260729T010434144622-0400,74,73.94,,
C,nyc,2026-07-29,20260729T020820939537-0400,71,71.06,,
C,nyc,2026-07-29,20260729T030258560689-0400,71,71.06,,
C,nyc,2026-07-29,20260729T040704750191-0400,70,69.98,,
C,nyc,2026-07-29,20260729T050442034296-0400,70,69.98,,
C,nyc,2026-07-29,20260729T060833614254-0400,70,69.98,,
C,nyc,2026-07-29,20260729T070311181224-0400,70,69.98,,69.98
C,nyc,2026-07-29,20260729T080657938514-0400,72,71.6,,71.6
C,nyc,2026-07-29,20260729T090140745263-0400,72,71.6,,71.6
C,nyc,2026-07-29,20260729T100521217045-0400,73,73.04,,73.04
C,nyc,2026-07-29,20260729T110901233071-0400,73,73.04,,73.04
C,nyc,2026-07-29,20260729T120350201452-0400,77,77.0,,77.0
C,nyc,2026-07-29,20260729T130741193813-0400,78,78.08,,78.08
C,nyc,2026-07-29,20260729T140020080345-0400,79,78.98,,78.98
C,nyc,2026-07-29,20260729T150613432950-0400,80,80.06,,80.06
C,nyc,2026-07-29,20260729T160059414301-0400,81,80.96,,80.96
C,nyc,2026-07-29,20260729T170440561732-0400,81,80.96,,80.96
C,nyc,2026-07-29,20260729T180827928981-0400,81,80.96,,80.96
C,nyc,2026-07-29,20260729T190312520318-0400,81,80.96,,80.96
C,nyc,2026-07-29,20260729T200656728771-0400,81,80.96,,80.96
C,nyc,2026-07-29,20260729T210138160753-0400,81,80.96,,80.96
C,nyc,2026-07-29,20260729T220641206336-0400,81,80.96,,80.96
C,nyc,2026-07-29,20260729T230317674670-0400,81,80.96,,80.96
C,nyc,2026-07-30,20260730T000025286981-0400,72,71.96,,
C,nyc,2026-07-30,20260730T010702034449-0400,72,71.96,,
C,nyc,2026-07-30,20260730T020200604549-0400,72,71.96,,
C,nyc,2026-07-30,20260730T030544924949-0400,71,71.06,,
C,nyc,2026-07-30,20260730T040022926778-0400,71,71.06,,
C,nyc,2026-07-30,20260730T050425452806-0400,70,69.98,,
C,nyc,2026-07-30,20260730T060806338531-0400,69,69.08,,
C,nyc,2026-07-30,20260730T070245401768-0400,69,69.08,,69.08
C,nyc,2026-07-30,20260730T080639691452-0400,72,71.96,,71.96
C,nyc,2026-07-30,20260730T090119658808-0400,73,73.04,,73.04
C,nyc,2026-07-30,20260730T100027191937-0400,73,73.04,,73.04
C,nyc,2026-07-30,20260730T110839676096-0400,73,73.04,,73.04
C,nyc,2026-07-30,20260730T120319782088-0400,73,73.04,,73.04
C,nyc,2026-07-30,20260730T130705872716-0400,73,73.04,,73.04
C,nyc,2026-07-30,20260730T140145454328-0400,73,73.04,,73.04
C,nyc,2026-07-30,20260730T150540161218-0400,73,73.04,,73.04
C,nyc,2026-07-30,20260730T160021383208-0400,73,73.04,,73.04
C,nyc,2026-07-30,20260730T170406078224-0400,75,75.02,,75.02
C,nyc,2026-07-30,20260730T180751996806-0400,75,75.02,,75.02
C,nyc,2026-07-30,20260730T190245158155-0400,76,75.92,,75.92
C,nyc,2026-07-30,20260730T200629647767-0400,76,75.92,,75.92
C,nyc,2026-07-30,20260730T210110554704-0400,76,75.92,,75.92
C,nyc,2026-07-30,20260730T220516342384-0400,76,75.92,,75.92
C,nyc,2026-07-30,20260730T230030431885-0400,76,75.92,,75.92
C,san-francisco,2026-07-01,20260701T030208-0400,,,,
C,san-francisco,2026-07-01,20260701T040535-0400,,,,
C,san-francisco,2026-07-01,20260701T050900-0400,,,,
C,san-francisco,2026-07-01,20260701T060326-0400,,,,
C,san-francisco,2026-07-01,20260701T070648-0400,,,,
C,san-francisco,2026-07-01,20260701T080114-0400,,,,
C,san-francisco,2026-07-01,20260701T090445-0400,,,,
C,san-francisco,2026-07-01,20260701T100324-0400,,,,
C,san-francisco,2026-07-01,20260701T110005-0400,,,,
C,san-francisco,2026-07-01,20260701T120904-0400,,,,
C,san-francisco,2026-07-01,20260701T130457-0400,,,,
C,san-francisco,2026-07-01,20260701T140724-0400,,,,
C,san-francisco,2026-07-01,20260701T150356-0400,,,,
C,san-francisco,2026-07-01,20260701T160015-0400,,,,
C,san-francisco,2026-07-01,20260701T170404-0400,,,,
C,san-francisco,2026-07-01,20260701T180748-0400,,,,
C,san-francisco,2026-07-01,20260701T190056-0400,,,,
C,san-francisco,2026-07-01,20260701T200551-0400,,,,
C,san-francisco,2026-07-01,20260701T210030-0400,,,,
C,san-francisco,2026-07-01,20260701T220432-0400,,,,
C,san-francisco,2026-07-01,20260701T230826-0400,,,,
C,san-francisco,2026-07-01,20260702T000317-0400,,,,
C,san-francisco,2026-07-01,20260702T010712-0400,,,,
C,san-francisco,2026-07-01,20260702T020157-0400,,,,
C,san-francisco,2026-07-02,20260702T030210-0400,,,,
C,san-francisco,2026-07-02,20260702T040547-0400,,,,
C,san-francisco,2026-07-02,20260702T050009-0400,,,,
C,san-francisco,2026-07-02,20260702T060337-0400,,,,
C,san-francisco,2026-07-02,20260702T070708-0400,,,,
C,san-francisco,2026-07-02,20260702T080142-0400,,,,
C,san-francisco,2026-07-02,20260702T090520-0400,,,,
C,san-francisco,2026-07-02,20260702T100136-0400,,,,
C,san-francisco,2026-07-02,20260702T110308-0400,,,,
C,san-francisco,2026-07-02,20260702T120847-0400,,,,
C,san-francisco,2026-07-02,20260702T130317-0400,,,,
C,san-francisco,2026-07-02,20260702T140700-0400,,,,
C,san-francisco,2026-07-02,20260702T150130-0400,,,,
C,san-francisco,2026-07-02,20260702T160509-0400,,,,
C,san-francisco,2026-07-02,20260702T170835-0400,,,,
C,san-francisco,2026-07-02,20260702T181426-0400,70,69.98,,69.98
C,san-francisco,2026-07-02,20260702T190001-0400,70,69.98,,69.98
C,san-francisco,2026-07-02,20260702T200350-0400,70,69.98,,69.98
C,san-francisco,2026-07-02,20260702T210735-0400,70,69.98,,69.98
C,san-francisco,2026-07-02,20260702T220331-0400,70,69.98,,69.98
C,san-francisco,2026-07-02,20260702T230733-0400,70,69.98,,69.98
C,san-francisco,2026-07-02,20260703T001233-0400,70,69.98,,69.98
C,san-francisco,2026-07-02,20260703T011330-0400,70,69.98,,69.98
C,san-francisco,2026-07-02,20260703T020424-0400,70,69.98,,69.98
C,san-francisco,2026-07-03,20260703T030043-0400,57,57.02,,
C,san-francisco,2026-07-03,20260703T040421-0400,56,55.94,,
C,san-francisco,2026-07-03,20260703T050749-0400,57,57.02,,
C,san-francisco,2026-07-03,20260703T060211-0400,57,57.02,,
C,san-francisco,2026-07-03,20260703T070540-0400,57,57.02,,
C,san-francisco,2026-07-03,20260703T080011-0400,56,55.94,,
C,san-francisco,2026-07-03,20260703T090354-0400,56,55.94,,
C,san-francisco,2026-07-03,20260703T100359-0400,58,57.92,,57.92
C,san-francisco,2026-07-03,20260703T110426-0400,59,59.0,,59.0
C,san-francisco,2026-07-03,20260703T120032-0400,61,60.980000000000004,,60.980000000000004
C,san-francisco,2026-07-03,20260703T131147-0400,63,62.959999999999994,,62.959999999999994
C,san-francisco,2026-07-03,20260703T140341-0400,63,62.959999999999994,,62.959999999999994
C,san-francisco,2026-07-03,20260703T152811-0400,66,66.02,,66.02
C,san-francisco,2026-07-03,20260703T160853-0400,66,66.02,,66.02
C,san-francisco,2026-07-03,20260703T170248-0400,68,68.0,,68.0
C,san-francisco,2026-07-03,20260703T180034-0400,69,69.08,,69.08
C,san-francisco,2026-07-03,20260703T190921-0400,69,69.08,,69.08
C,san-francisco,2026-07-03,20260703T205445522834-0400,69,69.08,,69.08
C,san-francisco,2026-07-03,20260703T210914587910-0400,69,69.08,,69.08
C,san-francisco,2026-07-03,20260703T221736155591-0400,69,69.08,,69.08
C,san-francisco,2026-07-03,20260703T231044164268-0400,69,69.08,,69.08
C,san-francisco,2026-07-03,20260704T000104161550-0400,69,69.08,,69.08
C,san-francisco,2026-07-03,20260704T010514612982-0400,69,69.08,,69.08
C,san-francisco,2026-07-03,20260704T020024681521-0400,69,69.08,,69.08
C,san-francisco,2026-07-04,20260704T030025008533-0400,55,55.04,,
C,san-francisco,2026-07-04,20260704T040558835080-0400,55,55.04,,
C,san-francisco,2026-07-04,20260704T050019837184-0400,55,55.04,,
C,san-francisco,2026-07-04,20260704T060348955844-0400,55,55.04,,
C,san-francisco,2026-07-04,20260704T070718215406-0400,55,55.04,,
C,san-francisco,2026-07-04,20260704T080147678994-0400,55,55.04,,
C,san-francisco,2026-07-04,20260704T090523742228-0400,55,55.04,,
C,san-francisco,2026-07-04,20260704T100114471618-0400,55,55.04,,
C,san-francisco,2026-07-04,20260704T110454402708-0400,57,57.02,,57.02
C,san-francisco,2026-07-04,20260704T120320092956-0400,58,57.92,,57.92
C,san-francisco,2026-07-04,20260704T130045464386-0400,61,60.980000000000004,,60.980000000000004
C,san-francisco,2026-07-04,20260704T140720009265-0400,63,62.959999999999994,,62.959999999999994
C,san-francisco,2026-07-04,20260704T151337992509-0400,66,66.02,,66.02
C,san-francisco,2026-07-04,20260704T160855141591-0400,67,66.92,,66.92
C,san-francisco,2026-07-04,20260704T170615110008-0400,68,68.0,,68.0
C,san-francisco,2026-07-04,20260704T180653951180-0400,68,68.0,,68.0
C,san-francisco,2026-07-04,20260704T190126252896-0400,68,68.0,,68.0
C,san-francisco,2026-07-04,20260704T200458871290-0400,68,68.0,,68.0
C,san-francisco,2026-07-04,20260704T210834910109-0400,68,68.0,,68.0
C,san-francisco,2026-07-04,20260704T220308608530-0400,68,68.0,,68.0
C,san-francisco,2026-07-04,20260704T230656655672-0400,68,68.0,,68.0
C,san-francisco,2026-07-04,20260705T000158182029-0400,68,68.0,,68.0
C,san-francisco,2026-07-04,20260705T010548953027-0400,68,68.0,,68.0
C,san-francisco,2026-07-04,20260705T020040974400-0400,68,68.0,,68.0
C,san-francisco,2026-07-05,20260705T030018058223-0400,56,55.94,,
C,san-francisco,2026-07-05,20260705T040347141151-0400,56,55.94,,
C,san-francisco,2026-07-05,20260705T050708587283-0400,56,55.94,,
C,san-francisco,2026-07-05,20260705T060133682810-0400,56,55.94,,
C,san-francisco,2026-07-05,20260705T070501805967-0400,57,57.02,,
C,san-francisco,2026-07-05,20260705T080831342701-0400,56,55.94,,
C,san-francisco,2026-07-05,20260705T090302173757-0400,56,55.94,,
C,san-francisco,2026-07-05,20260705T101106107144-0400,57,57.02,,57.02
C,san-francisco,2026-07-05,20260705T110602877791-0400,57,57.02,,57.02
C,san-francisco,2026-07-05,20260705T120032475899-0400,60,60.08,,60.08
C,san-francisco,2026-07-05,20260705T130436852959-0400,63,62.959999999999994,,62.959999999999994
C,san-francisco,2026-07-05,20260705T140055921197-0400,65,64.94,,64.94
C,san-francisco,2026-07-05,20260705T150253536260-0400,68,68.0,,68.0
C,san-francisco,2026-07-05,20260705T160631161874-0400,68,68.0,,68.0
C,san-francisco,2026-07-05,20260705T170111497574-0400,68,68.0,,68.0
C,san-francisco,2026-07-05,20260705T180037635862-0400,68,68.0,,68.0
C,san-francisco,2026-07-05,20260705T190655355233-0400,68,68.0,,68.0
C,san-francisco,2026-07-05,20260705T202806504934-0400,68,68.0,,68.0
C,san-francisco,2026-07-05,20260705T210524419840-0400,68,68.0,,68.0
C,san-francisco,2026-07-05,20260705T220119400857-0400,68,68.0,,68.0
C,san-francisco,2026-07-05,20260705T233524895945-0400,68,68.0,,68.0
C,san-francisco,2026-07-05,20260706T000534427655-0400,68,68.0,,68.0
C,san-francisco,2026-07-05,20260706T012724978542-0400,68,68.0,,68.0
C,san-francisco,2026-07-05,20260706T020551447327-0400,68,68.0,,68.0
C,san-francisco,2026-07-07,20260707T030557619120-0400,,,,
C,san-francisco,2026-07-07,20260707T040026231236-0400,56,55.94,,
C,san-francisco,2026-07-07,20260707T050352102390-0400,56,55.94,,
C,san-francisco,2026-07-07,20260707T060717979091-0400,56,55.94,,
C,san-francisco,2026-07-07,20260707T070144829337-0400,56,55.94,,
C,san-francisco,2026-07-07,20260707T080518331364-0400,56,55.94,,
C,san-francisco,2026-07-07,20260707T090856961209-0400,56,55.94,,
C,san-francisco,2026-07-07,20260707T102027648256-0400,56,55.94,,55.94
C,san-francisco,2026-07-07,20260707T110538798264-0400,57,57.02,,57.02
C,san-francisco,2026-07-07,20260707T120439823263-0400,57,57.02,,57.02
C,san-francisco,2026-07-07,20260707T131214629198-0400,57,57.02,,57.02
C,san-francisco,2026-07-07,20260707T141057890718-0400,58,57.92,,57.92
C,san-francisco,2026-07-07,20260707T150425410466-0400,58,57.92,,57.92
C,san-francisco,2026-07-07,20260707T160005931888-0400,60,60.08,,60.08
C,san-francisco,2026-07-07,20260707T170147105640-0400,61,60.980000000000004,,60.980000000000004
C,san-francisco,2026-07-07,20260707T180116027578-0400,62,62.059999999999995,,62.059999999999995
C,san-francisco,2026-07-07,20260707T190447656440-0400,62,62.059999999999995,,62.059999999999995
C,san-francisco,2026-07-07,20260707T200820204250-0400,62,62.059999999999995,,62.059999999999995
C,san-francisco,2026-07-07,20260707T210257406218-0400,62,62.059999999999995,,62.059999999999995
C,san-francisco,2026-07-07,20260707T220654733492-0400,62,62.059999999999995,,62.059999999999995
C,san-francisco,2026-07-07,20260707T230137880130-0400,62,62.059999999999995,,62.059999999999995
C,san-francisco,2026-07-07,20260708T000528468363-0400,62,62.059999999999995,,62.059999999999995
C,san-francisco,2026-07-07,20260708T010053561109-0400,62,62.059999999999995,,62.059999999999995
C,san-francisco,2026-07-07,20260708T020446354668-0400,62,62.059999999999995,,62.059999999999995
C,san-francisco,2026-07-08,20260708T030116241479-0400,56,55.94,,
C,san-francisco,2026-07-08,20260708T040604406002-0400,56,55.94,,
C,san-francisco,2026-07-08,20260708T050026327780-0400,56,55.94,,
C,san-francisco,2026-07-08,20260708T060356509570-0400,56,55.94,,
C,san-francisco,2026-07-08,20260708T070724104104-0400,55,55.04,,
C,san-francisco,2026-07-08,20260708T080155037856-0400,55,55.04,,
C,san-francisco,2026-07-08,20260708T090540635716-0400,55,55.04,,
C,san-francisco,2026-07-08,20260708T100815791954-0400,55,55.04,,55.04
C,san-francisco,2026-07-08,20260708T110221819236-0400,55,55.04,,55.04
C,san-francisco,2026-07-08,20260708T120335200993-0400,55,55.04,,55.04
C,san-francisco,2026-07-08,20260708T130308351668-0400,56,55.94,,55.94
C,san-francisco,2026-07-08,20260708T140851109967-0400,57,57.02,,57.02
C,san-francisco,2026-07-08,20260708T150740984467-0400,59,59.0,,59.0
C,san-francisco,2026-07-08,20260708T160103819905-0400,62,62.059999999999995,,62.059999999999995
C,san-francisco,2026-07-08,20260708T170038368633-0400,63,62.959999999999994,,62.959999999999994
C,san-francisco,2026-07-08,20260708T180111710845-0400,63,62.959999999999994,,62.959999999999994
C,san-francisco,2026-07-08,20260708T190504806788-0400,64,64.04,,64.04
C,san-francisco,2026-07-08,20260708T200509040069-0400,64,64.04,,64.04
C,san-francisco,2026-07-08,20260708T210929610311-0400,64,64.04,,64.04
C,san-francisco,2026-07-08,20260708T220228475779-0400,64,64.04,,64.04
C,san-francisco,2026-07-08,20260708T230659287599-0400,64,64.04,,64.04
C,san-francisco,2026-07-08,20260709T000204631721-0400,64,64.04,,64.04
C,san-francisco,2026-07-08,20260709T010608665605-0400,64,64.04,,64.04
C,san-francisco,2026-07-08,20260709T020102906067-0400,64,64.04,,64.04
C,san-francisco,2026-07-09,20260709T030101131791-0400,56,55.94,,
C,san-francisco,2026-07-09,20260709T040438775558-0400,56,55.94,,
C,san-francisco,2026-07-09,20260709T050807550479-0400,56,55.94,,
C,san-francisco,2026-07-09,20260709T060235253328-0400,55,55.04,,
C,san-francisco,2026-07-09,20260709T070559831524-0400,56,55.94,,
C,san-francisco,2026-07-09,20260709T080029402873-0400,56,55.94,,
C,san-francisco,2026-07-09,20260709T090413158520-0400,55,55.04,,
C,san-francisco,2026-07-09,20260709T100141333222-0400,55,55.04,,55.04
C,san-francisco,2026-07-09,20260709T110051944115-0400,55,55.04,,55.04
C,san-francisco,2026-07-09,20260709T120051907243-0400,57,57.02,,57.02
C,san-francisco,2026-07-09,20260709T130022094219-0400,60,60.08,,60.08
C,san-francisco,2026-07-09,20260709T140917540582-0400,62,62.059999999999995,,62.059999999999995
C,san-francisco,2026-07-09,20260709T150020114535-0400,62,62.059999999999995,,62.059999999999995
C,san-francisco,2026-07-09,20260709T160351663723-0400,67,66.92,,66.92
C,san-francisco,2026-07-09,20260709T170346538958-0400,67,66.92,,66.92
C,san-francisco,2026-07-09,20260709T180052685140-0400,67,66.92,,66.92
C,san-francisco,2026-07-09,20260709T194456687398-0400,67,66.92,,66.92
C,san-francisco,2026-07-09,20260709T200321259376-0400,67,66.92,,66.92
C,san-francisco,2026-07-09,20260709T211401397016-0400,67,66.92,,66.92
C,san-francisco,2026-07-09,20260709T220327709084-0400,67,66.92,,66.92
C,san-francisco,2026-07-09,20260709T230755820269-0400,67,66.92,,66.92
C,san-francisco,2026-07-09,20260710T000326774814-0400,67,66.92,,66.92
C,san-francisco,2026-07-09,20260710T010811156803-0400,67,66.92,,66.92
C,san-francisco,2026-07-09,20260710T020345015836-0400,67,66.92,,66.92
C,san-francisco,2026-07-10,20260710T030058965736-0400,57,57.02,,
C,san-francisco,2026-07-10,20260710T040022662662-0400,56,55.94,,
C,san-francisco,2026-07-10,20260710T050139594836-0400,56,55.94,,
C,san-francisco,2026-07-10,20260710T060739360624-0400,56,55.94,,
C,san-francisco,2026-07-10,20260710T070222420231-0400,56,55.94,,
C,san-francisco,2026-07-10,20260710T080605462473-0400,56,55.94,,
C,san-francisco,2026-07-10,20260710T090046577531-0400,55,55.04,,
C,san-francisco,2026-07-10,20260710T103801743657-0400,55,55.04,,55.04
C,san-francisco,2026-07-10,20260710T110111159003-0400,55,55.04,,55.04
C,san-francisco,2026-07-10,20260710T120158876701-0400,58,57.92,,57.92
C,san-francisco,2026-07-10,20260710T130140046479-0400,60,60.08,,60.08
C,san-francisco,2026-07-10,20260710T140404438701-0400,60,60.08,,60.08
C,san-francisco,2026-07-10,20260710T150536444094-0400,62,62.059999999999995,,62.059999999999995
C,san-francisco,2026-07-10,20260710T160159873132-0400,63,62.959999999999994,,62.959999999999994
C,san-francisco,2026-07-10,20260710T170120123407-0400,65,64.94,,64.94
C,san-francisco,2026-07-10,20260710T181023193473-0400,65,64.94,,64.94
C,san-francisco,2026-07-10,20260710T190038988443-0400,65,64.94,,64.94
C,san-francisco,2026-07-10,20260710T200025820913-0400,65,64.94,,64.94
C,san-francisco,2026-07-10,20260710T211909206789-0400,65,64.94,,64.94
C,san-francisco,2026-07-10,20260710T222245333196-0400,65,64.94,,64.94
C,san-francisco,2026-07-10,20260710T230008471451-0400,65,64.94,,64.94
C,san-francisco,2026-07-10,20260711T000047981504-0400,65,64.94,,64.94
C,san-francisco,2026-07-10,20260711T010457956718-0400,65,64.94,,64.94
C,san-francisco,2026-07-10,20260711T020349960815-0400,65,64.94,,64.94
C,san-francisco,2026-07-11,20260711T031843601251-0400,55,55.04,,
C,san-francisco,2026-07-11,20260711T040620830583-0400,55,55.04,,
C,san-francisco,2026-07-11,20260711T050056180518-0400,54,53.96,,
C,san-francisco,2026-07-11,20260711T060506320004-0400,53,53.06,,
C,san-francisco,2026-07-11,20260711T070846237851-0400,53,53.06,,
C,san-francisco,2026-07-11,20260711T080319701762-0400,53,53.06,,
C,san-francisco,2026-07-11,20260711T090029323652-0400,54,53.96,,
C,san-francisco,2026-07-11,20260711T103202103514-0400,55,55.04,,55.04
C,san-francisco,2026-07-11,20260711T110614322493-0400,57,57.02,,57.02
C,san-francisco,2026-07-11,20260711T120654110172-0400,60,60.08,,60.08
C,san-francisco,2026-07-11,20260711T130555946813-0400,61,60.980000000000004,,60.980000000000004
C,san-francisco,2026-07-11,20260711T140714389317-0400,62,62.059999999999995,,62.059999999999995
C,san-francisco,2026-07-11,20260711T150403079993-0400,64,64.04,,64.04
C,san-francisco,2026-07-11,20260711T160640534741-0400,64,64.04,,64.04
C,san-francisco,2026-07-11,20260711T173046748848-0400,64,64.04,,64.04
C,san-francisco,2026-07-11,20260711T180713275845-0400,67,66.92,,66.92
C,san-francisco,2026-07-11,20260711T190824008076-0400,67,66.92,,66.92
C,san-francisco,2026-07-11,20260711T201418963500-0400,67,66.92,,66.92
C,san-francisco,2026-07-11,20260711T211253987774-0400,67,66.92,,66.92
C,san-francisco,2026-07-11,20260711T221710786194-0400,67,66.92,,66.92
C,san-francisco,2026-07-11,20260712T010901976517-0400,67,66.92,,66.92
C,san-francisco,2026-07-11,20260712T020056393593-0400,67,66.92,,66.92
C,san-francisco,2026-07-14,20260714T030110644070-0400,63,62.959999999999994,,
C,san-francisco,2026-07-14,20260714T040458368295-0400,61,60.980000000000004,,
C,san-francisco,2026-07-14,20260714T050029388205-0400,62,62.059999999999995,,
C,san-francisco,2026-07-14,20260714T060039108513-0400,61,60.980000000000004,,
C,san-francisco,2026-07-14,20260714T070651695882-0400,60,60.08,,
C,san-francisco,2026-07-14,20260714T080139920578-0400,60,60.08,,
C,san-francisco,2026-07-14,20260714T090829444874-0400,60,60.08,,
C,san-francisco,2026-07-14,20260714T100541161154-0400,62,62.059999999999995,,62.059999999999995
C,san-francisco,2026-07-14,20260714T110833328344-0400,67,66.92,,66.92
C,san-francisco,2026-07-14,20260714T120402522333-0400,68,68.0,,68.0
C,san-francisco,2026-07-14,20260714T130902001123-0400,71,71.06,,71.06
C,san-francisco,2026-07-14,20260714T140336250255-0400,71,71.06,,71.06
C,san-francisco,2026-07-14,20260714T150721896146-0400,76,75.92,,75.92
C,san-francisco,2026-07-14,20260714T160204183943-0400,79,78.98,,78.98
C,san-francisco,2026-07-14,20260714T170551743848-0400,79,78.98,,78.98
C,san-francisco,2026-07-14,20260714T180155958324-0400,79,78.98,,78.98
C,san-francisco,2026-07-14,20260714T190551803279-0400,81,80.96,,80.96
C,san-francisco,2026-07-14,20260714T200033855024-0400,81,80.96,,80.96
C,san-francisco,2026-07-14,20260714T210421740946-0400,81,80.96,,80.96
C,san-francisco,2026-07-14,20260714T225928512192-0400,81,80.96,,80.96
C,san-francisco,2026-07-14,20260714T235927811621-0400,81,80.96,,80.96
C,san-francisco,2026-07-14,20260715T000933561587-0400,81,80.96,,80.96
C,san-francisco,2026-07-14,20260715T010344757592-0400,81,80.96,,80.96
C,san-francisco,2026-07-14,20260715T020039632371-0400,81,80.96,,80.96
C,san-francisco,2026-07-15,20260715T030033906122-0400,64,64.04,,
C,san-francisco,2026-07-15,20260715T040422587320-0400,63,62.959999999999994,,
C,san-francisco,2026-07-15,20260715T050817928580-0400,61,60.980000000000004,,
C,san-francisco,2026-07-15,20260715T060258750517-0400,61,60.980000000000004,,
C,san-francisco,2026-07-15,20260715T070635569200-0400,59,59.0,,
C,san-francisco,2026-07-15,20260715T080123089620-0400,59,59.0,,
C,san-francisco,2026-07-15,20260715T090526385071-0400,60,60.08,,
C,san-francisco,2026-07-15,20260715T100015595180-0400,61,60.980000000000004,,60.980000000000004
C,san-francisco,2026-07-15,20260715T110353989947-0400,63,62.959999999999994,,62.959999999999994
C,san-francisco,2026-07-15,20260715T120738596319-0400,66,66.02,,66.02
C,san-francisco,2026-07-15,20260715T130218860492-0400,67,66.92,,66.92
C,san-francisco,2026-07-15,20260715T140046482891-0400,67,66.92,,66.92
C,san-francisco,2026-07-15,20260715T150106012075-0400,70,69.98,,69.98
C,san-francisco,2026-07-15,20260715T160457554051-0400,70,69.98,,69.98
C,san-francisco,2026-07-15,20260715T170849892844-0400,71,71.06,,71.06
C,san-francisco,2026-07-15,20260715T180323962063-0400,73,73.04,,73.04
C,san-francisco,2026-07-15,20260715T190703087361-0400,73,73.04,,73.04
C,san-francisco,2026-07-15,20260715T200201843926-0400,73,73.04,,73.04
C,san-francisco,2026-07-15,20260715T210611848929-0400,73,73.04,,73.04
C,san-francisco,2026-07-15,20260715T225946449321-0400,73,73.04,,73.04
C,san-francisco,2026-07-15,20260715T233313772014-0400,73,73.04,,73.04
C,san-francisco,2026-07-15,20260716T000129449655-0400,73,73.04,,73.04
C,san-francisco,2026-07-15,20260716T010610477203-0400,73,73.04,,73.04
C,san-francisco,2026-07-15,20260716T020119196269-0400,73,73.04,,73.04
C,san-francisco,2026-07-16,20260716T030301219022-0400,,,,
C,san-francisco,2026-07-16,20260716T040702170450-0400,59,59.0,,
C,san-francisco,2026-07-16,20260716T050144173078-0400,59,59.0,,
C,san-francisco,2026-07-16,20260716T060523647595-0400,58,57.92,,
C,san-francisco,2026-07-16,20260716T070909662368-0400,58,57.92,,
C,san-francisco,2026-07-16,20260716T080400405523-0400,58,57.92,,
C,san-francisco,2026-07-16,20260716T090754145677-0400,58,57.92,,
C,san-francisco,2026-07-16,20260716T100313048328-0400,58,57.92,,57.92
C,san-francisco,2026-07-16,20260716T110055913470-0400,61,60.980000000000004,,60.980000000000004
C,san-francisco,2026-07-16,20260716T120208932386-0400,62,62.059999999999995,,62.059999999999995
C,san-francisco,2026-07-16,20260716T130556911756-0400,65,64.94,,64.94
C,san-francisco,2026-07-16,20260716T140045391315-0400,66,66.02,,66.02
C,san-francisco,2026-07-16,20260716T150444369573-0400,68,68.0,,68.0
C,san-francisco,2026-07-16,20260716T160846284376-0400,69,69.08,,69.08
C,san-francisco,2026-07-16,20260716T170326635563-0400,69,69.08,,69.08
C,san-francisco,2026-07-16,20260716T180714338767-0400,69,69.08,,69.08
C,san-francisco,2026-07-16,20260716T190207318597-0400,69,69.08,,69.08
C,san-francisco,2026-07-16,20260716T200930127955-0400,69,69.08,,69.08
C,san-francisco,2026-07-16,20260716T210425147367-0400,69,69.08,,69.08
C,san-francisco,2026-07-16,20260716T220051388005-0400,69,69.08,,69.08
C,san-francisco,2026-07-16,20260716T230322594259-0400,69,69.08,,69.08
C,san-francisco,2026-07-16,20260717T000902297520-0400,69,69.08,,69.08
C,san-francisco,2026-07-16,20260717T010421014588-0400,69,69.08,,69.08
C,san-francisco,2026-07-16,20260717T020058893752-0400,69,69.08,,69.08
C,san-francisco,2026-07-17,20260717T030048189831-0400,58,57.92,,
C,san-francisco,2026-07-17,20260717T040045508985-0400,57,57.02,,
C,san-francisco,2026-07-17,20260717T050834915994-0400,57,57.02,,
C,san-francisco,2026-07-17,20260717T060309539607-0400,57,57.02,,
C,san-francisco,2026-07-17,20260717T070657520004-0400,57,57.02,,
C,san-francisco,2026-07-17,20260717T080136928803-0400,56,55.94,,
C,san-francisco,2026-07-17,20260717T091011726107-0400,57,57.02,,
C,san-francisco,2026-07-17,20260717T102734995391-0400,57,57.02,,57.02
C,san-francisco,2026-07-17,20260717T110426522580-0400,59,59.0,,59.0
C,san-francisco,2026-07-17,20260717T120308158857-0400,59,59.0,,59.0
C,san-francisco,2026-07-17,20260717T130123788391-0400,61,60.980000000000004,,60.980000000000004
C,san-francisco,2026-07-17,20260717T140513149880-0400,63,62.959999999999994,,62.959999999999994
C,san-francisco,2026-07-17,20260717T150002046891-0400,65,64.94,,64.94
C,san-francisco,2026-07-17,20260717T160002105969-0400,66,66.02,,66.02
C,san-francisco,2026-07-17,20260717T170023417281-0400,67,66.92,,66.92
C,san-francisco,2026-07-17,20260717T180911566341-0400,67,66.92,,66.92
C,san-francisco,2026-07-17,20260717T190144254483-0400,67,66.92,,66.92
C,san-francisco,2026-07-17,20260717T200842136768-0400,67,66.92,,66.92
C,san-francisco,2026-07-17,20260717T210328221529-0400,67,66.92,,66.92
C,san-francisco,2026-07-17,20260717T220743678511-0400,67,66.92,,66.92
C,san-francisco,2026-07-17,20260717T230257052133-0400,67,66.92,,66.92
C,san-francisco,2026-07-17,20260718T000805562649-0400,67,66.92,,66.92
C,san-francisco,2026-07-17,20260718T010323378837-0400,67,66.92,,66.92
C,san-francisco,2026-07-17,20260718T020741037127-0400,67,66.92,,66.92
C,san-francisco,2026-07-18,20260718T030255234092-0400,58,57.92,,
C,san-francisco,2026-07-18,20260718T040645043391-0400,58,57.92,,
C,san-francisco,2026-07-18,20260718T050124705625-0400,58,57.92,,
C,san-francisco,2026-07-18,20260718T060511311026-0400,58,57.92,,
C,san-francisco,2026-07-18,20260718T070856288135-0400,59,59.0,,
C,san-francisco,2026-07-18,20260718T080335980299-0400,59,59.0,,
C,san-francisco,2026-07-18,20260718T090724164877-0400,58,57.92,,
C,san-francisco,2026-07-18,20260718T100229808229-0400,59,59.0,,59.0
C,san-francisco,2026-07-18,20260718T110618805349-0400,60,60.08,,60.08
C,san-francisco,2026-07-18,20260718T120054906552-0400,60,60.08,,60.08
C,san-francisco,2026-07-18,20260718T130445684310-0400,63,62.959999999999994,,62.959999999999994
C,san-francisco,2026-07-18,20260718T140001497921-0400,66,66.02,,66.02
C,san-francisco,2026-07-18,20260718T150054903317-0400,68,68.0,,68.0
C,san-francisco,2026-07-18,20260718T160716512912-0400,68,68.0,,68.0
C,san-francisco,2026-07-18,20260718T170000509244-0400,71,71.06,,71.06
C,san-francisco,2026-07-18,20260718T180601489312-0400,71,71.06,,71.06
C,san-francisco,2026-07-18,20260718T190041513884-0400,71,71.06,,71.06
C,san-francisco,2026-07-18,20260718T200059699066-0400,71,71.06,,71.06
C,san-francisco,2026-07-18,20260718T210830303813-0400,71,71.06,,71.06
C,san-francisco,2026-07-18,20260718T220329639714-0400,71,71.06,,71.06
C,san-francisco,2026-07-18,20260718T230758262100-0400,71,71.06,,71.06
C,san-francisco,2026-07-18,20260719T000112538285-0400,71,71.06,,71.06
C,san-francisco,2026-07-18,20260719T010536560007-0400,71,71.06,,71.06
C,san-francisco,2026-07-18,20260719T020055345671-0400,71,71.06,,71.06
C,san-francisco,2026-07-19,20260719T030044752804-0400,56,55.94,,
C,san-francisco,2026-07-19,20260719T040728973507-0400,56,55.94,,
C,san-francisco,2026-07-19,20260719T050203306074-0400,56,55.94,,
C,san-francisco,2026-07-19,20260719T060542397811-0400,56,55.94,,
C,san-francisco,2026-07-19,20260719T070018574920-0400,56,55.94,,
C,san-francisco,2026-07-19,20260719T080406664721-0400,56,55.94,,
C,san-francisco,2026-07-19,20260719T090038968687-0400,55,55.04,,
C,san-francisco,2026-07-19,20260719T100231114471-0400,56,55.94,,55.94
C,san-francisco,2026-07-19,20260719T110042189136-0400,57,57.02,,57.02
C,san-francisco,2026-07-19,20260719T120103028559-0400,59,59.0,,59.0
C,san-francisco,2026-07-19,20260719T130449223372-0400,61,60.980000000000004,,60.980000000000004
C,san-francisco,2026-07-19,20260719T140839501188-0400,63,62.959999999999994,,62.959999999999994
C,san-francisco,2026-07-19,20260719T150044285454-0400,65,64.94,,64.94
C,san-francisco,2026-07-19,20260719T160719732822-0400,65,64.94,,64.94
C,san-francisco,2026-07-19,20260719T170958874407-0400,65,64.94,,64.94
C,san-francisco,2026-07-19,20260719T180241264537-0400,65,64.94,,64.94
C,san-francisco,2026-07-19,20260719T190528756127-0400,65,64.94,,64.94
C,san-francisco,2026-07-19,20260719T202633832469-0400,65,64.94,,64.94
C,san-francisco,2026-07-19,20260719T210036509908-0400,65,64.94,,64.94
C,san-francisco,2026-07-19,20260719T225933579664-0400,65,64.94,,64.94
C,san-francisco,2026-07-19,20260719T230741275181-0400,65,64.94,,64.94
C,san-francisco,2026-07-19,20260720T001448118613-0400,65,64.94,,64.94
C,san-francisco,2026-07-19,20260720T010905473165-0400,65,64.94,,64.94
C,san-francisco,2026-07-19,20260720T020415437442-0400,65,64.94,,64.94
C,san-francisco,2026-07-20,20260720T030018966580-0400,59,59.0,,
C,san-francisco,2026-07-20,20260720T040408659964-0400,60,60.08,,
C,san-francisco,2026-07-20,20260720T050041842199-0400,60,60.08,,
C,san-francisco,2026-07-20,20260720T060221047274-0400,60,60.08,,
C,san-francisco,2026-07-20,20260720T070613581158-0400,59,59.0,,
C,san-francisco,2026-07-20,20260720T080052635873-0400,59,59.0,,
C,san-francisco,2026-07-20,20260720T090505492053-0400,60,60.08,,
C,san-francisco,2026-07-20,20260720T100004874938-0400,60,60.08,,60.08
C,san-francisco,2026-07-20,20260720T110412661113-0400,61,60.980000000000004,,60.980000000000004
C,san-francisco,2026-07-20,20260720T120436782957-0400,63,62.959999999999994,,62.959999999999994
C,san-francisco,2026-07-20,20260720T130826646004-0400,64,64.04,,64.04
C,san-francisco,2026-07-20,20260720T140236560490-0400,64,64.04,,64.04
C,san-francisco,2026-07-20,20260720T150255119364-0400,66,66.02,,66.02
C,san-francisco,2026-07-20,20260720T162147959369-0400,66,66.02,,66.02
C,san-francisco,2026-07-20,20260720T170834452460-0400,69,69.08,,69.08
C,san-francisco,2026-07-20,20260720T180956309623-0400,69,69.08,,69.08
C,san-francisco,2026-07-20,20260720T190545736857-0400,70,69.98,,69.98
C,san-francisco,2026-07-20,20260720T200051733750-0400,70,69.98,,69.98
C,san-francisco,2026-07-20,20260720T210517564904-0400,70,69.98,,69.98
C,san-francisco,2026-07-20,20260720T220025086974-0400,70,69.98,,69.98
C,san-francisco,2026-07-20,20260720T230329672395-0400,70,69.98,,69.98
C,san-francisco,2026-07-20,20260721T000858915551-0400,70,69.98,,69.98
C,san-francisco,2026-07-20,20260721T010114153883-0400,70,69.98,,69.98
C,san-francisco,2026-07-20,20260721T020602358561-0400,70,69.98,,69.98
C,san-francisco,2026-07-21,20260721T030059332959-0400,62,62.059999999999995,,
C,san-francisco,2026-07-21,20260721T040452836113-0400,62,62.059999999999995,,
C,san-francisco,2026-07-21,20260721T050836163866-0400,62,62.059999999999995,,
C,san-francisco,2026-07-21,20260721T060314417321-0400,62,62.059999999999995,,
C,san-francisco,2026-07-21,20260721T070701913697-0400,62,62.059999999999995,,
C,san-francisco,2026-07-21,20260721T080151483704-0400,64,64.04,,
C,san-francisco,2026-07-21,20260721T090536910279-0400,65,64.94,,
C,san-francisco,2026-07-21,20260721T100016964361-0400,66,66.02,,66.02
C,san-francisco,2026-07-21,20260721T110412093831-0400,68,68.0,,68.0
C,san-francisco,2026-07-21,20260721T120005419002-0400,70,69.98,,69.98
C,san-francisco,2026-07-21,20260721T130503609846-0400,70,69.98,,69.98
C,san-francisco,2026-07-21,20260721T140011198171-0400,71,71.06,,71.06
C,san-francisco,2026-07-21,20260721T150107354946-0400,77,77.0,,77.0
C,san-francisco,2026-07-21,20260721T160047604000-0400,78,78.08,,78.08
C,san-francisco,2026-07-21,20260721T170019181205-0400,78,78.08,,78.08
C,san-francisco,2026-07-21,20260721T180239550754-0400,78,78.08,,78.08
C,san-francisco,2026-07-21,20260721T190235288075-0400,78,78.08,,78.08
C,san-francisco,2026-07-21,20260721T200044580199-0400,91,91.03999999999999,,91.03999999999999
C,san-francisco,2026-07-21,20260721T210047529698-0400,91,91.03999999999999,,91.03999999999999
C,san-francisco,2026-07-21,20260721T220113657032-0400,91,91.03999999999999,,91.03999999999999
C,san-francisco,2026-07-21,20260721T230055727812-0400,91,91.03999999999999,,91.03999999999999
C,san-francisco,2026-07-21,20260722T000723360476-0400,91,91.03999999999999,,91.03999999999999
C,san-francisco,2026-07-21,20260722T010241342100-0400,91,91.03999999999999,,91.03999999999999
C,san-francisco,2026-07-21,20260722T020712578578-0400,91,91.03999999999999,,91.03999999999999
C,san-francisco,2026-07-22,20260722T030207662764-0400,70,69.98,,
C,san-francisco,2026-07-22,20260722T040602458369-0400,70,69.98,,
C,san-francisco,2026-07-22,20260722T050117152279-0400,70,69.98,,
C,san-francisco,2026-07-22,20260722T060500900094-0400,68,68.0,,
C,san-francisco,2026-07-22,20260722T070850186445-0400,67,66.92,,
C,san-francisco,2026-07-22,20260722T080331681270-0400,66,66.02,,
C,san-francisco,2026-07-22,20260722T090723375091-0400,65,64.94,,
C,san-francisco,2026-07-22,20260722T100206668676-0400,66,66.02,,66.02
C,san-francisco,2026-07-22,20260722T110033461899-0400,67,66.92,,66.92
C,san-francisco,2026-07-22,20260722T120031335195-0400,68,68.0,,68.0
C,san-francisco,2026-07-22,20260722T130042279388-0400,68,68.0,,68.0
C,san-francisco,2026-07-22,20260722T140050424904-0400,68,68.0,,68.0
C,san-francisco,2026-07-22,20260722T150256436939-0400,72,71.96,,71.96
C,san-francisco,2026-07-22,20260722T160654302014-0400,73,73.04,,73.04
C,san-francisco,2026-07-22,20260722T170132415401-0400,73,73.04,,73.04
C,san-francisco,2026-07-22,20260722T180518456398-0400,73,73.04,,73.04
C,san-francisco,2026-07-22,20260722T190029075577-0400,73,73.04,,73.04
C,san-francisco,2026-07-22,20260722T200426357632-0400,73,73.04,,73.04
C,san-francisco,2026-07-22,20260722T210816898366-0400,73,73.04,,73.04
C,san-francisco,2026-07-22,20260722T220633403789-0400,73,73.04,,73.04
C,san-francisco,2026-07-22,20260722T230141323984-0400,73,73.04,,73.04
C,san-francisco,2026-07-22,20260723T000605975055-0400,73,73.04,,73.04
C,san-francisco,2026-07-22,20260723T010125923010-0400,73,73.04,,73.04
C,san-francisco,2026-07-22,20260723T020543529280-0400,73,73.04,,73.04
C,san-francisco,2026-07-23,20260723T030022054971-0400,62,62.059999999999995,,
C,san-francisco,2026-07-23,20260723T040408371137-0400,62,62.059999999999995,,
C,san-francisco,2026-07-23,20260723T050110843335-0400,61,60.980000000000004,,
C,san-francisco,2026-07-23,20260723T060458776224-0400,60,60.08,,
C,san-francisco,2026-07-23,20260723T070840609352-0400,60,60.08,,
C,san-francisco,2026-07-23,20260723T080318079273-0400,59,59.0,,
C,san-francisco,2026-07-23,20260723T090700710087-0400,,,,
C,san-francisco,2026-07-23,20260723T100133364550-0400,60,60.08,,60.08
C,san-francisco,2026-07-23,20260723T110516908334-0400,61,60.980000000000004,,60.980000000000004
C,san-francisco,2026-07-23,20260723T120903872106-0400,61,60.980000000000004,,60.980000000000004
C,san-francisco,2026-07-23,20260723T130337483596-0400,62,62.059999999999995,,62.059999999999995
C,san-francisco,2026-07-23,20260723T140132417662-0400,62,62.059999999999995,,62.059999999999995
C,san-francisco,2026-07-23,20260723T150209692434-0400,65,64.94,,64.94
C,san-francisco,2026-07-23,20260723T160603522489-0400,68,68.0,,68.0
C,san-francisco,2026-07-23,20260723T170041066673-0400,68,68.0,,68.0
C,san-francisco,2026-07-23,20260723T180424908528-0400,69,69.08,,69.08
C,san-francisco,2026-07-23,20260723T190808600649-0400,69,69.08,,69.08
C,san-francisco,2026-07-23,20260723T200100022731-0400,69,69.08,,69.08
C,san-francisco,2026-07-23,20260723T210641882697-0400,69,69.08,,69.08
C,san-francisco,2026-07-23,20260723T220144544800-0400,69,69.08,,69.08
C,san-francisco,2026-07-23,20260723T230632649124-0400,69,69.08,,69.08
C,san-francisco,2026-07-23,20260724T000145666160-0400,69,69.08,,69.08
C,san-francisco,2026-07-23,20260724T010611010434-0400,69,69.08,,69.08
C,san-francisco,2026-07-23,20260724T020123955844-0400,69,69.08,,69.08
C,san-francisco,2026-07-24,20260724T030042523202-0400,61,60.980000000000004,,
C,san-francisco,2026-07-24,20260724T040441830740-0400,61,60.980000000000004,,
C,san-francisco,2026-07-24,20260724T050652115973-0400,60,60.08,,
C,san-francisco,2026-07-24,20260724T060124549341-0400,60,60.08,,
C,san-francisco,2026-07-24,20260724T070505258252-0400,60,60.08,,
C,san-francisco,2026-07-24,20260724T080852082596-0400,60,60.08,,
C,san-francisco,2026-07-24,20260724T090333967477-0400,60,60.08,,
C,san-francisco,2026-07-24,20260724T100715156038-0400,60,60.08,,60.08
C,san-francisco,2026-07-24,20260724T110147856527-0400,61,60.980000000000004,,60.980000000000004
C,san-francisco,2026-07-24,20260724T120042886353-0400,63,62.959999999999994,,62.959999999999994
C,san-francisco,2026-07-24,20260724T130008478815-0400,64,64.04,,64.04
C,san-francisco,2026-07-24,20260724T140033919181-0400,67,66.92,,66.92
C,san-francisco,2026-07-24,20260724T150749458853-0400,67,66.92,,66.92
C,san-francisco,2026-07-24,20260724T160242580442-0400,68,68.0,,68.0
C,san-francisco,2026-07-24,20260724T170625060347-0400,69,69.08,,69.08
C,san-francisco,2026-07-24,20260724T180028312898-0400,70,69.98,,69.98
C,san-francisco,2026-07-24,20260724T190456053383-0400,70,69.98,,69.98
C,san-francisco,2026-07-24,20260724T200849630090-0400,70,69.98,,69.98
C,san-francisco,2026-07-24,20260724T210335232449-0400,70,69.98,,69.98
C,san-francisco,2026-07-24,20260724T220049187971-0400,70,69.98,,69.98
C,san-francisco,2026-07-24,20260724T230254265672-0400,70,69.98,,69.98
C,san-francisco,2026-07-24,20260725T000717741838-0400,70,69.98,,69.98
C,san-francisco,2026-07-24,20260725T010227042251-0400,70,69.98,,69.98
C,san-francisco,2026-07-24,20260725T020653753612-0400,70,69.98,,69.98
C,san-francisco,2026-07-25,20260725T030045488209-0400,61,60.980000000000004,,
C,san-francisco,2026-07-25,20260725T040447818393-0400,61,60.980000000000004,,
C,san-francisco,2026-07-25,20260725T050133817279-0400,61,60.980000000000004,,
C,san-francisco,2026-07-25,20260725T060514216414-0400,61,60.980000000000004,,
C,san-francisco,2026-07-25,20260725T070857864312-0400,60,60.08,,
C,san-francisco,2026-07-25,20260725T080336002047-0400,60,60.08,,
C,san-francisco,2026-07-25,20260725T090725447722-0400,60,60.08,,
C,san-francisco,2026-07-25,20260725T100157942297-0400,61,60.980000000000004,,60.980000000000004
C,san-francisco,2026-07-25,20260725T110543974671-0400,63,62.959999999999994,,62.959999999999994
C,san-francisco,2026-07-25,20260725T120020236946-0400,65,64.94,,64.94
C,san-francisco,2026-07-25,20260725T130403346442-0400,66,66.02,,66.02
C,san-francisco,2026-07-25,20260725T140756913251-0400,67,66.92,,66.92
C,san-francisco,2026-07-25,20260725T150245592924-0400,69,69.08,,69.08
C,san-francisco,2026-07-25,20260725T160640785836-0400,70,69.98,,69.98
C,san-francisco,2026-07-25,20260725T170117498757-0400,70,69.98,,69.98
C,san-francisco,2026-07-25,20260725T180503700982-0400,70,69.98,,69.98
C,san-francisco,2026-07-25,20260725T190859741702-0400,70,69.98,,69.98
C,san-francisco,2026-07-25,20260725T200350212523-0400,70,69.98,,69.98
C,san-francisco,2026-07-25,20260725T210745483485-0400,70,69.98,,69.98
C,san-francisco,2026-07-25,20260725T220242616820-0400,70,69.98,,69.98
C,san-francisco,2026-07-25,20260725T230050413012-0400,70,69.98,,69.98
C,san-francisco,2026-07-25,20260726T000600483365-0400,70,69.98,,69.98
C,san-francisco,2026-07-25,20260726T010130428401-0400,70,69.98,,69.98
C,san-francisco,2026-07-25,20260726T020606766701-0400,70,69.98,,69.98
C,san-francisco,2026-07-26,20260726T030046701518-0400,62,62.059999999999995,,
C,san-francisco,2026-07-26,20260726T040505844054-0400,61,60.980000000000004,,
C,san-francisco,2026-07-26,20260726T050152123542-0400,60,60.08,,
C,san-francisco,2026-07-26,20260726T060902724178-0400,60,60.08,,
C,san-francisco,2026-07-26,20260726T070345856444-0400,60,60.08,,
C,san-francisco,2026-07-26,20260726T080733166393-0400,60,60.08,,
C,san-francisco,2026-07-26,20260726T090213768157-0400,60,60.08,,
C,san-francisco,2026-07-26,20260726T100553084904-0400,60,60.08,,60.08
C,san-francisco,2026-07-26,20260726T110026017778-0400,61,60.980000000000004,,
C,san-francisco,2026-07-26,20260726T120408582044-0400,61,60.980000000000004,,60.980000000000004
C,san-francisco,2026-07-26,20260726T130800044848-0400,61,60.980000000000004,,60.980000000000004
C,san-francisco,2026-07-26,20260726T140244087873-0400,62,62.059999999999995,,62.059999999999995
C,san-francisco,2026-07-26,20260726T150632266739-0400,64,64.04,,64.04
C,san-francisco,2026-07-26,20260726T160124496763-0400,66,66.02,,66.02
C,san-francisco,2026-07-26,20260726T170519737424-0400,68,68.0,,68.0
C,san-francisco,2026-07-26,20260726T180903467408-0400,68,68.0,,68.0
C,san-francisco,2026-07-26,20260726T190343847500-0400,68,68.0,,68.0
C,san-francisco,2026-07-26,20260726T200731753323-0400,68,68.0,,68.0
C,san-francisco,2026-07-26,20260726T210038532195-0400,68,68.0,,68.0
C,san-francisco,2026-07-26,20260726T220035184511-0400,68,68.0,,68.0
C,san-francisco,2026-07-26,20260726T230139244185-0400,68,68.0,,68.0
C,san-francisco,2026-07-26,20260727T000559025819-0400,68,68.0,,68.0
C,san-francisco,2026-07-26,20260727T010113791865-0400,68,68.0,,68.0
C,san-francisco,2026-07-26,20260727T020537010001-0400,68,68.0,,68.0
C,san-francisco,2026-07-27,20260727T030038156253-0400,60,60.08,,
C,san-francisco,2026-07-27,20260727T040430163446-0400,60,60.08,,
C,san-francisco,2026-07-27,20260727T050226126104-0400,59,59.0,,
C,san-francisco,2026-07-27,20260727T060618456636-0400,59,59.0,,
C,san-francisco,2026-07-27,20260727T070051689302-0400,59,59.0,,
C,san-francisco,2026-07-27,20260727T080437951921-0400,59,59.0,,
C,san-francisco,2026-07-27,20260727T090828436584-0400,59,59.0,,
C,san-francisco,2026-07-27,20260727T100312414295-0400,58,57.92,,
C,san-francisco,2026-07-27,20260727T110701097942-0400,58,57.92,,
C,san-francisco,2026-07-27,20260727T120135265453-0400,60,60.08,,60.08
C,san-francisco,2026-07-27,20260727T130517118152-0400,61,60.980000000000004,,60.980000000000004
C,san-francisco,2026-07-27,20260727T140001394871-0400,61,60.980000000000004,,60.980000000000004
C,san-francisco,2026-07-27,20260727T150347929411-0400,65,64.94,,64.94
C,san-francisco,2026-07-27,20260727T160746569403-0400,67,66.92,,66.92
C,san-francisco,2026-07-27,20260727T170222697526-0400,68,68.0,,68.0
C,san-francisco,2026-07-27,20260727T180603789722-0400,68,68.0,,68.0
C,san-francisco,2026-07-27,20260727T190047903054-0400,69,69.08,,69.08
C,san-francisco,2026-07-27,20260727T200434235291-0400,69,69.08,,69.08
C,san-francisco,2026-07-27,20260727T210833807100-0400,69,69.08,,69.08
C,san-francisco,2026-07-27,20260727T220329197806-0400,69,69.08,,69.08
C,san-francisco,2026-07-27,20260727T230902159942-0400,69,69.08,,69.08
C,san-francisco,2026-07-27,20260728T000414791098-0400,69,69.08,,69.08
C,san-francisco,2026-07-27,20260728T010835010785-0400,69,69.08,,69.08
C,san-francisco,2026-07-27,20260728T020346115682-0400,69,69.08,,69.08
C,san-francisco,2026-07-28,20260728T030030787695-0400,60,60.08,,
C,san-francisco,2026-07-28,20260728T040415691454-0400,60,60.08,,
C,san-francisco,2026-07-28,20260728T050101244327-0400,60,60.08,,
C,san-francisco,2026-07-28,20260728T060439533212-0400,60,60.08,,
C,san-francisco,2026-07-28,20260728T070822973070-0400,59,59.0,,
C,san-francisco,2026-07-28,20260728T080306062425-0400,59,59.0,,
C,san-francisco,2026-07-28,20260728T090705305637-0400,59,59.0,,
C,san-francisco,2026-07-28,20260728T100048433775-0400,60,60.08,,
C,san-francisco,2026-07-28,20260728T110252331251-0400,59,59.0,,59.0
C,san-francisco,2026-07-28,20260728T120002795214-0400,60,60.08,,60.08
C,san-francisco,2026-07-28,20260728T130346580825-0400,62,62.059999999999995,,62.059999999999995
C,san-francisco,2026-07-28,20260728T140739857693-0400,64,64.04,,64.04
C,san-francisco,2026-07-28,20260728T150221022082-0400,67,66.92,,66.92
C,san-francisco,2026-07-28,20260728T160616159053-0400,68,68.0,,68.0
C,san-francisco,2026-07-28,20260728T170057550629-0400,68,68.0,,68.0
C,san-francisco,2026-07-28,20260728T180450004510-0400,70,69.98,,69.98
C,san-francisco,2026-07-28,20260728T190840611295-0400,70,69.98,,69.98
C,san-francisco,2026-07-28,20260728T200325232475-0400,70,69.98,,69.98
C,san-francisco,2026-07-28,20260728T210716773038-0400,70,69.98,,69.98
C,san-francisco,2026-07-28,20260728T220219108840-0400,70,69.98,,69.98
C,san-francisco,2026-07-28,20260728T230659205616-0400,70,69.98,,69.98
C,san-francisco,2026-07-28,20260729T000210823358-0400,70,69.98,,69.98
C,san-francisco,2026-07-28,20260729T010637999625-0400,70,69.98,,69.98
C,san-francisco,2026-07-28,20260729T020243382949-0400,70,69.98,,69.98
C,san-francisco,2026-07-29,20260729T030235375636-0400,61,60.980000000000004,,
C,san-francisco,2026-07-29,20260729T040621353574-0400,60,60.08,,
C,san-francisco,2026-07-29,20260729T050007498972-0400,59,59.0,,
C,san-francisco,2026-07-29,20260729T060741216168-0400,59,59.0,,
C,san-francisco,2026-07-29,20260729T070214512267-0400,59,59.0,,
C,san-francisco,2026-07-29,20260729T080608706691-0400,58,57.92,,
C,san-francisco,2026-07-29,20260729T090044932109-0400,58,57.92,,
C,san-francisco,2026-07-29,20260729T100430712113-0400,59,59.0,,59.0
C,san-francisco,2026-07-29,20260729T110039138913-0400,60,60.08,,60.08
C,san-francisco,2026-07-29,20260729T120249085066-0400,61,60.980000000000004,,60.980000000000004
C,san-francisco,2026-07-29,20260729T130631281905-0400,62,62.059999999999995,,62.059999999999995
C,san-francisco,2026-07-29,20260729T140107889472-0400,64,64.04,,64.04
C,san-francisco,2026-07-29,20260729T150036547374-0400,67,66.92,,66.92
C,san-francisco,2026-07-29,20260729T160043630581-0400,68,68.0,,68.0
C,san-francisco,2026-07-29,20260729T170341739590-0400,68,68.0,,68.0
C,san-francisco,2026-07-29,20260729T180725397874-0400,69,69.08,,69.08
C,san-francisco,2026-07-29,20260729T190206184345-0400,69,69.08,,69.08
C,san-francisco,2026-07-29,20260729T200556387679-0400,69,69.08,,69.08
C,san-francisco,2026-07-29,20260729T210039426214-0400,69,69.08,,69.08
C,san-francisco,2026-07-29,20260729T220057911020-0400,69,69.08,,69.08
C,san-francisco,2026-07-29,20260729T230732997963-0400,69,69.08,,69.08
C,san-francisco,2026-07-29,20260730T000355005409-0400,69,69.08,,69.08
C,san-francisco,2026-07-29,20260730T010823091886-0400,69,69.08,,69.08
C,san-francisco,2026-07-29,20260730T020352718888-0400,69,69.08,,69.08
C,san-francisco,2026-07-30,20260730T030127294449-0400,,,,
C,san-francisco,2026-07-30,20260730T040515009049-0400,59,59.0,,
C,san-francisco,2026-07-30,20260730T050041497164-0400,58,57.92,,
C,san-francisco,2026-07-30,20260730T060428331429-0400,58,57.92,,
C,san-francisco,2026-07-30,20260730T070908280433-0400,58,57.92,,
C,san-francisco,2026-07-30,20260730T080352584153-0400,58,57.92,,
C,san-francisco,2026-07-30,20260730T090742241633-0400,,,,
C,san-francisco,2026-07-30,20260730T100229486069-0400,59,59.0,,59.0
C,san-francisco,2026-07-30,20260730T110616032650-0400,62,62.059999999999995,,62.059999999999995
C,san-francisco,2026-07-30,20260730T120051189081-0400,64,64.04,,64.04
C,san-francisco,2026-07-30,20260730T130432677169-0400,66,66.02,,66.02
C,san-francisco,2026-07-30,20260730T140828074251-0400,69,69.08,,69.08
C,san-francisco,2026-07-30,20260730T150318605402-0400,70,69.98,,69.98
C,san-francisco,2026-07-30,20260730T160716348317-0400,71,71.06,,71.06
C,san-francisco,2026-07-30,20260730T170153531344-0400,73,73.04,,73.04
C,san-francisco,2026-07-30,20260730T180538905698-0400,73,73.04,,73.04
C,san-francisco,2026-07-30,20260730T190019818318-0400,73,73.04,,73.04
C,san-francisco,2026-07-30,20260730T200405633294-0400,73,73.04,,73.04
C,san-francisco,2026-07-30,20260730T210752991567-0400,73,73.04,,73.04
C,san-francisco,2026-07-30,20260730T220255956996-0400,73,73.04,,73.04
C,san-francisco,2026-07-30,20260730T230731793990-0400,73,73.04,,73.04
C,san-francisco,2026-07-30,20260731T000244237837-0400,73,73.04,,73.04
C,san-francisco,2026-07-30,20260731T010710090712-0400,73,73.04,,73.04
C,san-francisco,2026-07-30,20260731T020228694243-0400,73,73.04,,73.04
C,seattle,2026-07-01,20260701T030214-0400,,,,
C,seattle,2026-07-01,20260701T040541-0400,,,,
C,seattle,2026-07-01,20260701T050001-0400,,,,
C,seattle,2026-07-01,20260701T060333-0400,,,,
C,seattle,2026-07-01,20260701T070658-0400,,,,
C,seattle,2026-07-01,20260701T080125-0400,,,,
C,seattle,2026-07-01,20260701T090454-0400,,,,
C,seattle,2026-07-01,20260701T100549-0400,,,,
C,seattle,2026-07-01,20260701T110404-0400,,,,
C,seattle,2026-07-01,20260701T121041-0400,,,,
C,seattle,2026-07-01,20260701T130623-0400,,,,
C,seattle,2026-07-01,20260701T140534-0400,,,,
C,seattle,2026-07-01,20260701T150015-0400,,,,
C,seattle,2026-07-01,20260701T160714-0400,,,,
C,seattle,2026-07-01,20260701T170443-0400,,,,
C,seattle,2026-07-01,20260701T180823-0400,,,,
C,seattle,2026-07-01,20260701T190134-0400,,,,
C,seattle,2026-07-01,20260701T200525-0400,,,,
C,seattle,2026-07-01,20260701T210906-0400,,,,
C,seattle,2026-07-01,20260701T220353-0400,,,,
C,seattle,2026-07-01,20260701T230746-0400,,,,
C,seattle,2026-07-01,20260702T000234-0400,,,,
C,seattle,2026-07-01,20260702T010629-0400,,,,
C,seattle,2026-07-01,20260702T020125-0400,,,,
C,seattle,2026-07-02,20260702T030217-0400,,,,
C,seattle,2026-07-02,20260702T040553-0400,,,,
C,seattle,2026-07-02,20260702T050014-0400,,,,
C,seattle,2026-07-02,20260702T060345-0400,,,,
C,seattle,2026-07-02,20260702T070714-0400,,,,
C,seattle,2026-07-02,20260702T080148-0400,,,,
C,seattle,2026-07-02,20260702T090530-0400,,,,
C,seattle,2026-07-02,20260702T100202-0400,,,,
C,seattle,2026-07-02,20260702T110315-0400,,,,
C,seattle,2026-07-02,20260702T120019-0400,,,,
C,seattle,2026-07-02,20260702T130400-0400,,,,
C,seattle,2026-07-02,20260702T140747-0400,,,,
C,seattle,2026-07-02,20260702T150227-0400,,,,
C,seattle,2026-07-02,20260702T160608-0400,,,,
C,seattle,2026-07-02,20260702T170033-0400,,,,
C,seattle,2026-07-02,20260702T181431-0400,65,64.94,,64.94
C,seattle,2026-07-02,20260702T190010-0400,65,64.94,,64.94
C,seattle,2026-07-02,20260702T200401-0400,65,64.94,,64.94
C,seattle,2026-07-02,20260702T210753-0400,65,64.94,,64.94
C,seattle,2026-07-02,20260702T220347-0400,65,64.94,,64.94
C,seattle,2026-07-02,20260702T230749-0400,65,64.94,,64.94
C,seattle,2026-07-02,20260703T001242-0400,65,64.94,,64.94
C,seattle,2026-07-02,20260703T011458-0400,65,64.94,,64.94
C,seattle,2026-07-02,20260703T020551-0400,65,64.94,,64.94
C,seattle,2026-07-03,20260703T030052-0400,60,60.08,,
C,seattle,2026-07-03,20260703T040427-0400,60,60.08,,
C,seattle,2026-07-03,20260703T050757-0400,60,60.08,,
C,seattle,2026-07-03,20260703T060217-0400,60,60.08,,
C,seattle,2026-07-03,20260703T070547-0400,59,59.0,,
C,seattle,2026-07-03,20260703T080019-0400,59,59.0,,
C,seattle,2026-07-03,20260703T090402-0400,58,57.92,,
C,seattle,2026-07-03,20260703T100408-0400,58,57.92,,57.92
C,seattle,2026-07-03,20260703T110713-0400,59,59.0,,59.0
C,seattle,2026-07-03,20260703T120147-0400,61,60.980000000000004,,60.980000000000004
C,seattle,2026-07-03,20260703T131156-0400,62,62.059999999999995,,62.059999999999995
C,seattle,2026-07-03,20260703T140348-0400,64,64.04,,64.04
C,seattle,2026-07-03,20260703T152820-0400,66,66.02,,66.02
C,seattle,2026-07-03,20260703T160902-0400,69,69.08,,69.08
C,seattle,2026-07-03,20260703T170302-0400,70,69.98,,69.98
C,seattle,2026-07-03,20260703T182415-0400,72,71.96,,71.96
C,seattle,2026-07-03,20260703T190050-0400,72,71.96,,71.96
C,seattle,2026-07-03,20260703T205611595868-0400,72,71.96,,71.96
C,seattle,2026-07-03,20260703T211057970769-0400,72,71.96,,71.96
C,seattle,2026-07-03,20260703T222204879200-0400,72,71.96,,71.96
C,seattle,2026-07-03,20260703T231359900324-0400,72,71.96,,71.96
C,seattle,2026-07-03,20260704T000111160440-0400,72,71.96,,71.96
C,seattle,2026-07-03,20260704T010524338712-0400,72,71.96,,71.96
C,seattle,2026-07-03,20260704T020047314427-0400,72,71.96,,71.96
C,seattle,2026-07-05,20260705T030024635241-0400,60,60.08,,
C,seattle,2026-07-05,20260705T040356452761-0400,59,59.0,,
C,seattle,2026-07-05,20260705T050720630996-0400,59,59.0,,
C,seattle,2026-07-05,20260705T060139770487-0400,58,57.92,,
C,seattle,2026-07-05,20260705T070507959327-0400,56,55.94,,
C,seattle,2026-07-05,20260705T080848937299-0400,55,55.04,,
C,seattle,2026-07-05,20260705T090321806340-0400,55,55.04,,
C,seattle,2026-07-05,20260705T101113300095-0400,56,55.94,,55.94
C,seattle,2026-07-05,20260705T110607145617-0400,58,57.92,,57.92
C,seattle,2026-07-05,20260705T120424642258-0400,58,57.92,,57.92
C,seattle,2026-07-05,20260705T130753145995-0400,61,60.980000000000004,,60.980000000000004
C,seattle,2026-07-05,20260705T140227938663-0400,,,,
C,seattle,2026-07-05,20260705T150608679526-0400,67,66.92,,66.92
C,seattle,2026-07-05,20260705T160044528512-0400,70,69.98,,69.98
C,seattle,2026-07-05,20260705T170414599058-0400,72,71.96,,71.96
C,seattle,2026-07-05,20260705T180042998947-0400,74,73.94,,73.94
C,seattle,2026-07-05,20260705T190659924265-0400,75,75.02,,75.02
C,seattle,2026-07-05,20260705T202811293059-0400,76,75.92,,75.92
C,seattle,2026-07-05,20260705T210530138267-0400,76,75.92,,75.92
C,seattle,2026-07-05,20260705T220136940295-0400,76,75.92,,75.92
C,seattle,2026-07-05,20260705T233734399383-0400,76,75.92,,75.92
C,seattle,2026-07-05,20260706T000552171491-0400,76,75.92,,75.92
C,seattle,2026-07-05,20260706T014529231679-0400,76,75.92,,75.92
C,seattle,2026-07-05,20260706T020558686274-0400,76,75.92,,75.92
C,seattle,2026-07-07,20260707T030604889437-0400,,,,
C,seattle,2026-07-07,20260707T040034238436-0400,60,60.08,,
C,seattle,2026-07-07,20260707T050358674982-0400,59,59.0,,
C,seattle,2026-07-07,20260707T060724978108-0400,57,57.02,,
C,seattle,2026-07-07,20260707T070150905568-0400,55,55.04,,
C,seattle,2026-07-07,20260707T080530219110-0400,54,53.96,,
C,seattle,2026-07-07,20260707T090905099630-0400,53,53.06,,
C,seattle,2026-07-07,20260707T102050333697-0400,53,53.06,,53.06
C,seattle,2026-07-07,20260707T110655387367-0400,55,55.04,,55.04
C,seattle,2026-07-07,20260707T120739422147-0400,58,57.92,,57.92
C,seattle,2026-07-07,20260707T130211338019-0400,61,60.980000000000004,,60.980000000000004
C,seattle,2026-07-07,20260707T140224293032-0400,61,60.980000000000004,,60.980000000000004
C,seattle,2026-07-07,20260707T150441540244-0400,64,64.04,,64.04
C,seattle,2026-07-07,20260707T160016672829-0400,66,66.02,,66.02
C,seattle,2026-07-07,20260707T170541737149-0400,69,69.08,,69.08
C,seattle,2026-07-07,20260707T180420705347-0400,70,69.98,,69.98
C,seattle,2026-07-07,20260707T190755536018-0400,71,71.06,,71.06
C,seattle,2026-07-07,20260707T200225938347-0400,73,73.04,,73.04
C,seattle,2026-07-07,20260707T210600596680-0400,74,73.94,,73.94
C,seattle,2026-07-07,20260707T220048270230-0400,74,73.94,,73.94
C,seattle,2026-07-07,20260707T230443867473-0400,74,73.94,,73.94
C,seattle,2026-07-07,20260708T000840603227-0400,74,73.94,,73.94
C,seattle,2026-07-07,20260708T010339252487-0400,74,73.94,,73.94
C,seattle,2026-07-07,20260708T020737977773-0400,74,73.94,,73.94
C,seattle,2026-07-08,20260708T030123560527-0400,63,62.959999999999994,,
C,seattle,2026-07-08,20260708T040610543887-0400,62,62.059999999999995,,
C,seattle,2026-07-08,20260708T050032196759-0400,60,60.08,,
C,seattle,2026-07-08,20260708T060404396365-0400,59,59.0,,
C,seattle,2026-07-08,20260708T070730790825-0400,58,57.92,,
C,seattle,2026-07-08,20260708T080201796375-0400,58,57.92,,
C,seattle,2026-07-08,20260708T090551769004-0400,58,57.92,,
C,seattle,2026-07-08,20260708T100825798758-0400,58,57.92,,57.92
C,seattle,2026-07-08,20260708T110250599468-0400,60,60.08,,60.08
C,seattle,2026-07-08,20260708T120348077925-0400,62,62.059999999999995,,62.059999999999995
C,seattle,2026-07-08,20260708T130320752281-0400,62,62.059999999999995,,62.059999999999995
C,seattle,2026-07-08,20260708T141217874055-0400,62,62.059999999999995,,62.059999999999995
C,seattle,2026-07-08,20260708T150849518074-0400,63,62.959999999999994,,62.959999999999994
C,seattle,2026-07-08,20260708T160112881751-0400,64,64.04,,64.04
C,seattle,2026-07-08,20260708T171311279292-0400,65,64.94,,64.94
C,seattle,2026-07-08,20260708T180810571597-0400,67,66.92,,66.92
C,seattle,2026-07-08,20260708T190149341845-0400,67,66.92,,66.92
C,seattle,2026-07-08,20260708T200832833631-0400,69,69.08,,69.08
C,seattle,2026-07-08,20260708T210640696375-0400,69,69.08,,69.08
C,seattle,2026-07-08,20260708T220902281025-0400,69,69.08,,69.08
C,seattle,2026-07-08,20260708T230355139959-0400,69,69.08,,69.08
C,seattle,2026-07-08,20260709T000755448848-0400,69,69.08,,69.08
C,seattle,2026-07-08,20260709T010303573718-0400,69,69.08,,69.08
C,seattle,2026-07-08,20260709T020704251047-0400,69,69.08,,69.08
C,seattle,2026-07-09,20260709T030053134996-0400,61,60.980000000000004,,
C,seattle,2026-07-09,20260709T040445009152-0400,58,57.92,,
C,seattle,2026-07-09,20260709T050815446957-0400,55,55.04,,
C,seattle,2026-07-09,20260709T060242149822-0400,54,53.96,,
C,seattle,2026-07-09,20260709T070608124002-0400,54,53.96,,
C,seattle,2026-07-09,20260709T080043356516-0400,55,55.04,,
C,seattle,2026-07-09,20260709T090016986398-0400,55,55.04,,
C,seattle,2026-07-09,20260709T100915770422-0400,55,55.04,,55.04
C,seattle,2026-07-09,20260709T111044335562-0400,56,55.94,,55.94
C,seattle,2026-07-09,20260709T120541916785-0400,57,57.02,,57.02
C,seattle,2026-07-09,20260709T130654057926-0400,60,60.08,,60.08
C,seattle,2026-07-09,20260709T141126607741-0400,63,62.959999999999994,,62.959999999999994
C,seattle,2026-07-09,20260709T150025382017-0400,66,66.02,,66.02
C,seattle,2026-07-09,20260709T160558642716-0400,69,69.08,,69.08
C,seattle,2026-07-09,20260709T170442754431-0400,72,71.96,,71.96
C,seattle,2026-07-09,20260709T180651474148-0400,74,73.94,,73.94
C,seattle,2026-07-09,20260709T190349191520-0400,77,77.0,,77.0
C,seattle,2026-07-09,20260709T200416542896-0400,78,78.08,,78.08
C,seattle,2026-07-09,20260709T213147315900-0400,78,78.08,,78.08
C,seattle,2026-07-09,20260709T220710710125-0400,78,78.08,,78.08
C,seattle,2026-07-09,20260709T230641883627-0400,78,78.08,,78.08
C,seattle,2026-07-09,20260710T000307993869-0400,78,78.08,,78.08
C,seattle,2026-07-09,20260710T010725742633-0400,78,78.08,,78.08
C,seattle,2026-07-09,20260710T021209353841-0400,78,78.08,,78.08
C,seattle,2026-07-10,20260710T030110394224-0400,62,62.059999999999995,,
C,seattle,2026-07-10,20260710T041400819488-0400,59,59.0,,
C,seattle,2026-07-10,20260710T050147916759-0400,64,64.04,,
C,seattle,2026-07-10,20260710T060745747959-0400,59,59.0,,
C,seattle,2026-07-10,20260710T070232744500-0400,57,57.02,,
C,seattle,2026-07-10,20260710T080612771383-0400,56,55.94,,
C,seattle,2026-07-10,20260710T090054024336-0400,56,55.94,,
C,seattle,2026-07-10,20260710T100426494199-0400,57,57.02,,57.02
C,seattle,2026-07-10,20260710T110516840512-0400,57,57.02,,57.02
C,seattle,2026-07-10,20260710T120835770382-0400,61,60.980000000000004,,60.980000000000004
C,seattle,2026-07-10,20260710T130658069646-0400,64,64.04,,64.04
C,seattle,2026-07-10,20260710T140013067869-0400,67,66.92,,66.92
C,seattle,2026-07-10,20260710T150239701498-0400,67,66.92,,66.92
C,seattle,2026-07-10,20260710T161123931692-0400,71,71.06,,71.06
C,seattle,2026-07-10,20260710T170352744720-0400,74,73.94,,73.94
C,seattle,2026-07-10,20260710T180433826737-0400,75,75.02,,75.02
C,seattle,2026-07-10,20260710T190110301001-0400,76,75.92,,75.92
C,seattle,2026-07-10,20260710T200753977889-0400,76,75.92,,75.92
C,seattle,2026-07-10,20260710T220411203531-0400,76,75.92,,75.92
C,seattle,2026-07-10,20260710T222731812324-0400,76,75.92,,75.92
C,seattle,2026-07-10,20260710T230627543656-0400,76,75.92,,75.92
C,seattle,2026-07-10,20260711T000805271186-0400,76,75.92,,75.92
C,seattle,2026-07-10,20260711T010249506499-0400,76,75.92,,75.92
C,seattle,2026-07-10,20260711T020445502927-0400,76,75.92,,75.92
C,seattle,2026-07-14,20260714T030050407410-0400,63,62.959999999999994,,
C,seattle,2026-07-14,20260714T040450748276-0400,60,60.08,,
C,seattle,2026-07-14,20260714T050828667931-0400,60,60.08,,
C,seattle,2026-07-14,20260714T060301575886-0400,61,60.980000000000004,,
C,seattle,2026-07-14,20260714T070643195149-0400,57,57.02,,
C,seattle,2026-07-14,20260714T080126877995-0400,59,59.0,,
C,seattle,2026-07-14,20260714T090832546859-0400,57,57.02,,
C,seattle,2026-07-14,20260714T102048270973-0400,59,59.0,,59.0
C,seattle,2026-07-14,20260714T110758392945-0400,65,64.94,,64.94
C,seattle,2026-07-14,20260714T120336920718-0400,66,66.02,,66.02
C,seattle,2026-07-14,20260714T130012304568-0400,69,69.08,,69.08
C,seattle,2026-07-14,20260714T140405710451-0400,72,71.96,,71.96
C,seattle,2026-07-14,20260714T150753842991-0400,75,75.02,,75.02
C,seattle,2026-07-14,20260714T160237864852-0400,79,78.98,,78.98
C,seattle,2026-07-14,20260714T170614598975-0400,81,80.96,,80.96
C,seattle,2026-07-14,20260714T180754648900-0400,82,82.04,,82.04
C,seattle,2026-07-14,20260714T190232705136-0400,83,82.94,,82.94
C,seattle,2026-07-14,20260714T200621611753-0400,85,84.91999999999999,,84.91999999999999
C,seattle,2026-07-14,20260714T210108281259-0400,85,84.91999999999999,,84.91999999999999
C,seattle,2026-07-14,20260714T225644074603-0400,85,84.91999999999999,,84.91999999999999
C,seattle,2026-07-14,20260714T232631247498-0400,85,84.91999999999999,,84.91999999999999
C,seattle,2026-07-14,20260715T005627179434-0400,85,84.91999999999999,,84.91999999999999
C,seattle,2026-07-14,20260715T015639662693-0400,85,84.91999999999999,,84.91999999999999
C,seattle,2026-07-15,20260715T030251306880-0400,67,66.92,,
C,seattle,2026-07-15,20260715T040640039281-0400,67,66.92,,
C,seattle,2026-07-15,20260715T050108898977-0400,60,60.08,,
C,seattle,2026-07-15,20260715T060447847772-0400,60,60.08,,
C,seattle,2026-07-15,20260715T070827604730-0400,60,60.08,,
C,seattle,2026-07-15,20260715T080303215715-0400,58,57.92,,
C,seattle,2026-07-15,20260715T090648949615-0400,57,57.02,,
C,seattle,2026-07-15,20260715T100120241280-0400,59,59.0,,59.0
C,seattle,2026-07-15,20260715T110455123519-0400,61,60.980000000000004,,60.980000000000004
C,seattle,2026-07-15,20260715T120835036609-0400,64,64.04,,64.04
C,seattle,2026-07-15,20260715T130308263848-0400,66,66.02,,66.02
C,seattle,2026-07-15,20260715T140653531590-0400,71,71.06,,71.06
C,seattle,2026-07-15,20260715T150133661708-0400,73,73.04,,73.04
C,seattle,2026-07-15,20260715T160529931095-0400,76,75.92,,75.92
C,seattle,2026-07-15,20260715T170002520168-0400,80,80.06,,80.06
C,seattle,2026-07-15,20260715T180349132805-0400,81,80.96,,80.96
C,seattle,2026-07-15,20260715T190729636491-0400,82,82.04,,82.04
C,seattle,2026-07-15,20260715T200231324458-0400,83,82.94,,82.94
C,seattle,2026-07-15,20260715T210630563590-0400,83,82.94,,82.94
C,seattle,2026-07-15,20260715T225610115992-0400,83,82.94,,82.94
C,seattle,2026-07-15,20260715T233322061412-0400,83,82.94,,82.94
C,seattle,2026-07-15,20260716T000202437887-0400,83,82.94,,82.94
C,seattle,2026-07-15,20260716T010625033307-0400,83,82.94,,82.94
C,seattle,2026-07-15,20260716T020135014575-0400,83,82.94,,82.94
C,seattle,2026-07-16,20260716T030102662487-0400,68,68.0,,
C,seattle,2026-07-16,20260716T040653533181-0400,63,62.959999999999994,,
C,seattle,2026-07-16,20260716T050129665013-0400,60,60.08,,
C,seattle,2026-07-16,20260716T060507894638-0400,59,59.0,,
C,seattle,2026-07-16,20260716T070859224791-0400,58,57.92,,
C,seattle,2026-07-16,20260716T080337567808-0400,57,57.02,,
C,seattle,2026-07-16,20260716T090727642315-0400,57,57.02,,
C,seattle,2026-07-16,20260716T100301910167-0400,56,55.94,,55.94
C,seattle,2026-07-16,20260716T110705678867-0400,56,55.94,,55.94
C,seattle,2026-07-16,20260716T120149080537-0400,57,57.02,,57.02
C,seattle,2026-07-16,20260716T130537507624-0400,57,57.02,,57.02
C,seattle,2026-07-16,20260716T140020889077-0400,57,57.02,,57.02
C,seattle,2026-07-16,20260716T150415718546-0400,57,57.02,,57.02
C,seattle,2026-07-16,20260716T160819508681-0400,57,57.02,,57.02
C,seattle,2026-07-16,20260716T170308561146-0400,60,60.08,,60.08
C,seattle,2026-07-16,20260716T180659529786-0400,61,60.980000000000004,,60.980000000000004
C,seattle,2026-07-16,20260716T190145253650-0400,64,64.04,,64.04
C,seattle,2026-07-16,20260716T201052795296-0400,64,64.04,,64.04
C,seattle,2026-07-16,20260716T210227561195-0400,64,64.04,,64.04
C,seattle,2026-07-16,20260716T220007883103-0400,64,64.04,,64.04
C,seattle,2026-07-16,20260716T230313867509-0400,64,64.04,,64.04
C,seattle,2026-07-16,20260717T000817133576-0400,64,64.04,,64.04
C,seattle,2026-07-16,20260717T010336648816-0400,64,64.04,,64.04
C,seattle,2026-07-16,20260717T020805262770-0400,64,64.04,,64.04
C,seattle,2026-07-17,20260717T030054775027-0400,58,57.92,,
C,seattle,2026-07-17,20260717T040509324513-0400,58,57.92,,
C,seattle,2026-07-17,20260717T050902808062-0400,58,57.92,,
C,seattle,2026-07-17,20260717T060345694556-0400,58,57.92,,
C,seattle,2026-07-17,20260717T070728633650-0400,58,57.92,,
C,seattle,2026-07-17,20260717T080211443653-0400,58,57.92,,
C,seattle,2026-07-17,20260717T091036133347-0400,58,57.92,,
C,seattle,2026-07-17,20260717T102813701013-0400,59,59.0,,59.0
C,seattle,2026-07-17,20260717T110454691224-0400,60,60.08,,60.08
C,seattle,2026-07-17,20260717T120512695702-0400,60,60.08,,60.08
C,seattle,2026-07-17,20260717T130147796613-0400,64,64.04,,64.04
C,seattle,2026-07-17,20260717T140151953906-0400,64,64.04,,64.04
C,seattle,2026-07-17,20260717T150013636921-0400,66,66.02,,66.02
C,seattle,2026-07-17,20260717T160157731673-0400,66,66.02,,66.02
C,seattle,2026-07-17,20260717T170052777038-0400,66,66.02,,66.02
C,seattle,2026-07-17,20260717T180445428486-0400,69,69.08,,69.08
C,seattle,2026-07-17,20260717T190909061342-0400,69,69.08,,69.08
C,seattle,2026-07-17,20260717T200406355195-0400,71,71.06,,71.06
C,seattle,2026-07-17,20260717T210817133020-0400,71,71.06,,71.06
C,seattle,2026-07-17,20260717T220326295990-0400,71,71.06,,71.06
C,seattle,2026-07-17,20260717T230749579852-0400,71,71.06,,71.06
C,seattle,2026-07-17,20260718T000731394516-0400,71,71.06,,71.06
C,seattle,2026-07-17,20260718T010250546839-0400,71,71.06,,71.06
C,seattle,2026-07-17,20260718T020709252358-0400,71,71.06,,71.06
C,seattle,2026-07-18,20260718T030056581772-0400,62,62.059999999999995,,
C,seattle,2026-07-18,20260718T040627756879-0400,61,60.980000000000004,,
C,seattle,2026-07-18,20260718T050102081656-0400,60,60.08,,
C,seattle,2026-07-18,20260718T060446373719-0400,60,60.08,,
C,seattle,2026-07-18,20260718T070830132267-0400,59,59.0,,
C,seattle,2026-07-18,20260718T080309870284-0400,57,57.02,,
C,seattle,2026-07-18,20260718T090657550256-0400,56,55.94,,
C,seattle,2026-07-18,20260718T100134875328-0400,57,57.02,,57.02
C,seattle,2026-07-18,20260718T110535220098-0400,58,57.92,,57.92
C,seattle,2026-07-18,20260718T120013693228-0400,58,57.92,,57.92
C,seattle,2026-07-18,20260718T130401151577-0400,60,60.08,,60.08
C,seattle,2026-07-18,20260718T140754287916-0400,63,62.6,,62.6
C,seattle,2026-07-18,20260718T150236599827-0400,66,66.02,,66.02
C,seattle,2026-07-18,20260718T160632466044-0400,69,69.08,,69.08
C,seattle,2026-07-18,20260718T170117500573-0400,71,71.06,,71.06
C,seattle,2026-07-18,20260718T180509066448-0400,71,71.06,,71.06
C,seattle,2026-07-18,20260718T190857538723-0400,73,73.04,,73.04
C,seattle,2026-07-18,20260718T200353098648-0400,74,73.94,,73.94
C,seattle,2026-07-18,20260718T210746089001-0400,74,73.94,,73.94
C,seattle,2026-07-18,20260718T220245055110-0400,74,73.94,,73.94
C,seattle,2026-07-18,20260718T230708511581-0400,74,73.94,,73.94
C,seattle,2026-07-18,20260719T000857158756-0400,74,73.94,,73.94
C,seattle,2026-07-18,20260719T010142211728-0400,74,73.94,,73.94
C,seattle,2026-07-18,20260719T020837192123-0400,74,73.94,,73.94
C,seattle,2026-07-19,20260719T030052508519-0400,64,64.04,,
C,seattle,2026-07-19,20260719T040746246181-0400,62,62.059999999999995,,
C,seattle,2026-07-19,20260719T050220894368-0400,60,60.08,,
C,seattle,2026-07-19,20260719T060600891903-0400,59,59.0,,
C,seattle,2026-07-19,20260719T070035856291-0400,58,57.92,,
C,seattle,2026-07-19,20260719T080429808618-0400,57,57.02,,
C,seattle,2026-07-19,20260719T090814120705-0400,57,57.02,,
C,seattle,2026-07-19,20260719T100718919972-0400,58,57.92,,57.92
C,seattle,2026-07-19,20260719T110158501029-0400,60,60.08,,60.08
C,seattle,2026-07-19,20260719T120547618474-0400,63,62.959999999999994,,62.959999999999994
C,seattle,2026-07-19,20260719T130027976660-0400,64,64.04,,64.04
C,seattle,2026-07-19,20260719T140423140840-0400,65,64.94,,64.94
C,seattle,2026-07-19,20260719T150809527544-0400,69,69.08,,69.08
C,seattle,2026-07-19,20260719T160255248531-0400,70,69.98,,69.98
C,seattle,2026-07-19,20260719T171858589566-0400,75,75.02,,75.02
C,seattle,2026-07-19,20260719T180131615321-0400,75,75.02,,75.02
C,seattle,2026-07-19,20260719T190423301217-0400,76,75.92,,75.92
C,seattle,2026-07-19,20260719T202620521729-0400,78,78.08,,78.08
C,seattle,2026-07-19,20260719T211455734390-0400,78,78.08,,78.08
C,seattle,2026-07-19,20260719T225609359121-0400,78,78.08,,78.08
C,seattle,2026-07-19,20260719T235700699658-0400,78,78.08,,78.08
C,seattle,2026-07-19,20260720T001429222140-0400,78,78.08,,78.08
C,seattle,2026-07-19,20260720T010826382135-0400,78,78.08,,78.08
C,seattle,2026-07-19,20260720T020357768433-0400,78,78.08,,78.08
C,seattle,2026-07-20,20260720T030026834740-0400,67,66.92,,
C,seattle,2026-07-20,20260720T040417520243-0400,66,66.02,,
C,seattle,2026-07-20,20260720T050757790131-0400,64,64.04,,
C,seattle,2026-07-20,20260720T060229661464-0400,64,64.04,,
C,seattle,2026-07-20,20260720T070623018509-0400,62,62.059999999999995,,
C,seattle,2026-07-20,20260720T080102872564-0400,60,60.08,,
C,seattle,2026-07-20,20260720T090521442903-0400,61,60.980000000000004,,
C,seattle,2026-07-20,20260720T100028230833-0400,62,62.059999999999995,,62.059999999999995
C,seattle,2026-07-20,20260720T110424986064-0400,64,64.04,,64.04
C,seattle,2026-07-20,20260720T120448200225-0400,66,66.02,,66.02
C,seattle,2026-07-20,20260720T131643748085-0400,69,69.08,,69.08
C,seattle,2026-07-20,20260720T140255965690-0400,72,71.96,,71.96
C,seattle,2026-07-20,20260720T150953915664-0400,74,73.94,,73.94
C,seattle,2026-07-20,20260720T162154097369-0400,77,77.0,,77.0
C,seattle,2026-07-20,20260720T170847346224-0400,77,77.0,,77.0
C,seattle,2026-07-20,20260720T181001944636-0400,79,78.98,,78.98
C,seattle,2026-07-20,20260720T190559484416-0400,81,80.96,,80.96
C,seattle,2026-07-20,20260720T200110914174-0400,81,80.96,,80.96
C,seattle,2026-07-20,20260720T210534904994-0400,82,82.04,,82.04
C,seattle,2026-07-20,20260720T220101503382-0400,82,82.04,,82.04
C,seattle,2026-07-20,20260720T230337248337-0400,82,82.04,,82.04
C,seattle,2026-07-20,20260721T000006830862-0400,82,82.04,,82.04
C,seattle,2026-07-20,20260721T010121155138-0400,82,82.04,,82.04
C,seattle,2026-07-20,20260721T020621601684-0400,82,82.04,,82.04
C,seattle,2026-07-21,20260721T030104343184-0400,71,71.06,,
C,seattle,2026-07-21,20260721T040502309537-0400,69,69.08,,
C,seattle,2026-07-21,20260721T050849643317-0400,67,66.92,,
C,seattle,2026-07-21,20260721T060323947058-0400,70,69.98,,
C,seattle,2026-07-21,20260721T070713663790-0400,68,68.0,,
C,seattle,2026-07-21,20260721T080205890500-0400,66,66.02,,
C,seattle,2026-07-21,20260721T090554100967-0400,65,64.94,,
C,seattle,2026-07-21,20260721T100041602674-0400,,,,
C,seattle,2026-07-21,20260721T110422275800-0400,70,69.98,,69.98
C,seattle,2026-07-21,20260721T120116057588-0400,73,73.04,,73.04
C,seattle,2026-07-21,20260721T130537201201-0400,73,73.04,,73.04
C,seattle,2026-07-21,20260721T140033067059-0400,76,75.92,,75.92
C,seattle,2026-07-21,20260721T150108070097-0400,80,80.06,,80.06
C,seattle,2026-07-21,20260721T160743468538-0400,82,82.04,,82.04
C,seattle,2026-07-21,20260721T170135659979-0400,85,84.91999999999999,,84.91999999999999
C,seattle,2026-07-21,20260721T180552312573-0400,89,89.06,,89.06
C,seattle,2026-07-21,20260721T190723620607-0400,90,89.96000000000001,,89.96000000000001
C,seattle,2026-07-21,20260721T200418299980-0400,92,91.94,,91.94
C,seattle,2026-07-21,20260721T210005174832-0400,92,91.94,,91.94
C,seattle,2026-07-21,20260721T220507559604-0400,92,91.94,,91.94
C,seattle,2026-07-21,20260721T230736310962-0400,92,91.94,,91.94
C,seattle,2026-07-21,20260722T000706170592-0400,92,91.94,,91.94
C,seattle,2026-07-21,20260722T010225449666-0400,92,91.94,,91.94
C,seattle,2026-07-21,20260722T020656967037-0400,92,91.94,,91.94
C,seattle,2026-07-22,20260722T030215132317-0400,,,,
C,seattle,2026-07-22,20260722T040621096707-0400,76,75.92,,
C,seattle,2026-07-22,20260722T050148093946-0400,76,75.92,,
C,seattle,2026-07-22,20260722T060528080562-0400,74,73.94,,
C,seattle,2026-07-22,20260722T070005965495-0400,73,73.04,,
C,seattle,2026-07-22,20260722T080351396956-0400,69,69.08,,
C,seattle,2026-07-22,20260722T090747048621-0400,69,69.08,,
C,seattle,2026-07-22,20260722T100130124259-0400,69,69.08,,
C,seattle,2026-07-22,20260722T110351585765-0400,74,73.94,,73.94
C,seattle,2026-07-22,20260722T120113667012-0400,74,73.94,,73.94
C,seattle,2026-07-22,20260722T130502119915-0400,81,80.96,,80.96
C,seattle,2026-07-22,20260722T140056728026-0400,84,84.02,,84.02
C,seattle,2026-07-22,20260722T150335225117-0400,84,84.02,,84.02
C,seattle,2026-07-22,20260722T160731775923-0400,89,89.06,,89.06
C,seattle,2026-07-22,20260722T170211976948-0400,89,89.06,,89.06
C,seattle,2026-07-22,20260722T180605365198-0400,90,89.96000000000001,,89.96000000000001
C,seattle,2026-07-22,20260722T190104412302-0400,93,93.02,,93.02
C,seattle,2026-07-22,20260722T200500377498-0400,94,93.91999999999999,,93.91999999999999
C,seattle,2026-07-22,20260722T210201343750-0400,94,93.91999999999999,,93.91999999999999
C,seattle,2026-07-22,20260722T220000476885-0400,94,93.91999999999999,,93.91999999999999
C,seattle,2026-07-22,20260722T230841018841-0400,94,93.91999999999999,,93.91999999999999
C,seattle,2026-07-22,20260723T000352376756-0400,94,93.91999999999999,,93.91999999999999
C,seattle,2026-07-22,20260723T010821727131-0400,94,93.91999999999999,,93.91999999999999
C,seattle,2026-07-22,20260723T020338255569-0400,94,93.91999999999999,,93.91999999999999
C,seattle,2026-07-23,20260723T030024039404-0400,,,,
C,seattle,2026-07-23,20260723T040417056766-0400,67,66.92,,
C,seattle,2026-07-23,20260723T050111221984-0400,65,64.94,,
C,seattle,2026-07-23,20260723T060138456293-0400,62,62.059999999999995,,
C,seattle,2026-07-23,20260723T070201648990-0400,61,60.980000000000004,,
C,seattle,2026-07-23,20260723T080333855767-0400,61,60.980000000000004,,
C,seattle,2026-07-23,20260723T090720736448-0400,61,60.980000000000004,,
C,seattle,2026-07-23,20260723T100202372917-0400,61,60.980000000000004,,
C,seattle,2026-07-23,20260723T110544929321-0400,63,62.959999999999994,,62.959999999999994
C,seattle,2026-07-23,20260723T120030119281-0400,65,64.94,,64.94
C,seattle,2026-07-23,20260723T130411794570-0400,65,64.94,,64.94
C,seattle,2026-07-23,20260723T140800555596-0400,66,66.02,,66.02
C,seattle,2026-07-23,20260723T150240837151-0400,69,69.08,,69.08
C,seattle,2026-07-23,20260723T160636095280-0400,71,71.06,,71.06
C,seattle,2026-07-23,20260723T170113895523-0400,73,73.04,,73.04
C,seattle,2026-07-23,20260723T180502139429-0400,75,75.02,,75.02
C,seattle,2026-07-23,20260723T190854228702-0400,75,75.02,,75.02
C,seattle,2026-07-23,20260723T200339352202-0400,75,75.02,,75.02
C,seattle,2026-07-23,20260723T210737487244-0400,75,75.02,,75.02
C,seattle,2026-07-23,20260723T220235313427-0400,75,75.02,,75.02
C,seattle,2026-07-23,20260723T230652321900-0400,75,75.02,,75.02
C,seattle,2026-07-23,20260724T000202723491-0400,75,75.02,,75.02
C,seattle,2026-07-23,20260724T010630545822-0400,75,75.02,,75.02
C,seattle,2026-07-23,20260724T020138442258-0400,75,75.02,,75.02
C,seattle,2026-07-24,20260724T030034796595-0400,63,62.959999999999994,,
C,seattle,2026-07-24,20260724T040432928917-0400,62,62.059999999999995,,
C,seattle,2026-07-24,20260724T050438621925-0400,61,60.980000000000004,,
C,seattle,2026-07-24,20260724T060817757938-0400,60,60.08,,
C,seattle,2026-07-24,20260724T070253311726-0400,59,59.0,,
C,seattle,2026-07-24,20260724T080642182812-0400,57,57.02,,
C,seattle,2026-07-24,20260724T090121935251-0400,58,57.92,,
C,seattle,2026-07-24,20260724T100505929027-0400,58,57.92,,57.92
C,seattle,2026-07-24,20260724T110852852731-0400,59,59.0,,59.0
C,seattle,2026-07-24,20260724T120335909496-0400,60,60.08,,60.08
C,seattle,2026-07-24,20260724T130725821592-0400,61,60.980000000000004,,60.980000000000004
C,seattle,2026-07-24,20260724T140208543781-0400,65,64.94,,64.94
C,seattle,2026-07-24,20260724T150553804097-0400,68,68.0,,68.0
C,seattle,2026-07-24,20260724T160041054154-0400,72,71.96,,71.96
C,seattle,2026-07-24,20260724T170432659537-0400,75,75.02,,75.02
C,seattle,2026-07-24,20260724T180817526664-0400,78,78.08,,78.08
C,seattle,2026-07-24,20260724T190256828927-0400,79,78.98,,78.98
C,seattle,2026-07-24,20260724T200647856349-0400,79,78.98,,78.98
C,seattle,2026-07-24,20260724T210130505686-0400,82,82.04,,82.04
C,seattle,2026-07-24,20260724T220537782118-0400,82,82.04,,82.04
C,seattle,2026-07-24,20260724T230051707350-0400,82,82.04,,82.04
C,seattle,2026-07-24,20260725T000515367577-0400,82,82.04,,82.04
C,seattle,2026-07-24,20260725T010049395953-0400,82,82.04,,82.04
C,seattle,2026-07-24,20260725T020525888406-0400,82,82.04,,82.04
C,seattle,2026-07-25,20260725T030041886563-0400,63,62.959999999999994,,
C,seattle,2026-07-25,20260725T040439211073-0400,61,60.980000000000004,,
C,seattle,2026-07-25,20260725T050141398336-0400,60,60.08,,
C,seattle,2026-07-25,20260725T060522955379-0400,59,59.0,,
C,seattle,2026-07-25,20260725T070908807542-0400,58,57.92,,
C,seattle,2026-07-25,20260725T080345144552-0400,58,57.92,,
C,seattle,2026-07-25,20260725T090033852008-0400,63,62.959999999999994,,
C,seattle,2026-07-25,20260725T100210677527-0400,59,59.0,,59.0
C,seattle,2026-07-25,20260725T110553151789-0400,60,60.08,,60.08
C,seattle,2026-07-25,20260725T120031635039-0400,61,60.980000000000004,,60.980000000000004
C,seattle,2026-07-25,20260725T130414341139-0400,63,62.959999999999994,,62.959999999999994
C,seattle,2026-07-25,20260725T140807514334-0400,65,64.94,,64.94
C,seattle,2026-07-25,20260725T150256167739-0400,68,68.0,,68.0
C,seattle,2026-07-25,20260725T160654887365-0400,69,69.08,,69.08
C,seattle,2026-07-25,20260725T170131639060-0400,70,69.98,,69.98
C,seattle,2026-07-25,20260725T180516038420-0400,70,69.98,,69.98
C,seattle,2026-07-25,20260725T190005045347-0400,72,71.96,,71.96
C,seattle,2026-07-25,20260725T200403552960-0400,72,71.96,,71.96
C,seattle,2026-07-25,20260725T210800371114-0400,72,71.96,,71.96
C,seattle,2026-07-25,20260725T220259620391-0400,72,71.96,,71.96
C,seattle,2026-07-25,20260725T230056998796-0400,72,71.96,,71.96
C,seattle,2026-07-25,20260726T000713465536-0400,72,71.96,,71.96
C,seattle,2026-07-25,20260726T010231656375-0400,72,71.96,,71.96
C,seattle,2026-07-25,20260726T020701256498-0400,72,71.96,,71.96
C,seattle,2026-07-26,20260726T030056019244-0400,63,62.959999999999994,,
C,seattle,2026-07-26,20260726T040457131282-0400,63,62.959999999999994,,
C,seattle,2026-07-26,20260726T050128591348-0400,62,62.059999999999995,,
C,seattle,2026-07-26,20260726T060845094596-0400,62,62.059999999999995,,
C,seattle,2026-07-26,20260726T070323242328-0400,62,62.059999999999995,,
C,seattle,2026-07-26,20260726T080706721147-0400,61,60.980000000000004,,
C,seattle,2026-07-26,20260726T090138649339-0400,63,62.959999999999994,,
C,seattle,2026-07-26,20260726T100526800090-0400,60,60.08,,60.08
C,seattle,2026-07-26,20260726T110003934141-0400,60,60.08,,60.08
C,seattle,2026-07-26,20260726T120346296164-0400,62,62.059999999999995,,62.059999999999995
C,seattle,2026-07-26,20260726T130736831068-0400,65,64.94,,64.94
C,seattle,2026-07-26,20260726T140219434629-0400,66,66.02,,66.02
C,seattle,2026-07-26,20260726T150606164948-0400,69,69.08,,69.08
C,seattle,2026-07-26,20260726T160100810600-0400,72,71.96,,71.96
C,seattle,2026-07-26,20260726T170445477100-0400,72,71.96,,71.96
C,seattle,2026-07-26,20260726T180832612157-0400,72,71.96,,71.96
C,seattle,2026-07-26,20260726T190312802570-0400,72,71.96,,71.96
C,seattle,2026-07-26,20260726T200706785542-0400,72,71.96,,71.96
C,seattle,2026-07-26,20260726T210149905084-0400,72,71.96,,71.96
C,seattle,2026-07-26,20260726T220554145995-0400,72,71.96,,71.96
C,seattle,2026-07-26,20260726T230100070198-0400,72,71.96,,71.96
C,seattle,2026-07-26,20260727T000520537721-0400,72,71.96,,71.96
C,seattle,2026-07-26,20260727T010058808658-0400,72,71.96,,71.96
C,seattle,2026-07-26,20260727T020521024346-0400,72,71.96,,71.96
C,seattle,2026-07-27,20260727T030046554190-0400,60,60.08,,
C,seattle,2026-07-27,20260727T040438745920-0400,60,60.08,,
C,seattle,2026-07-27,20260727T050234236810-0400,59,59.0,,
C,seattle,2026-07-27,20260727T060653805894-0400,59,59.0,,
C,seattle,2026-07-27,20260727T070147529743-0400,60,60.08,,
C,seattle,2026-07-27,20260727T080532970784-0400,59,59.0,,
C,seattle,2026-07-27,20260727T090013540455-0400,60,60.08,,
C,seattle,2026-07-27,20260727T100356084860-0400,60,60.08,,
C,seattle,2026-07-27,20260727T110744234979-0400,60,60.08,,
C,seattle,2026-07-27,20260727T120220574006-0400,64,64.04,,64.04
C,seattle,2026-07-27,20260727T130620623665-0400,66,66.02,,66.02
C,seattle,2026-07-27,20260727T140101660413-0400,66,66.02,,66.02
C,seattle,2026-07-27,20260727T150454247715-0400,70,69.98,,69.98
C,seattle,2026-07-27,20260727T160847678905-0400,72,71.96,,71.96
C,seattle,2026-07-27,20260727T170322248337-0400,74,73.94,,73.94
C,seattle,2026-07-27,20260727T180714172769-0400,76,75.92,,75.92
C,seattle,2026-07-27,20260727T190201585511-0400,78,78.08,,78.08
C,seattle,2026-07-27,20260727T200552072965-0400,78,78.08,,78.08
C,seattle,2026-07-27,20260727T210041954483-0400,78,78.08,,78.08
C,seattle,2026-07-27,20260727T220503858459-0400,78,78.08,,78.08
C,seattle,2026-07-27,20260727T230022808300-0400,78,78.08,,78.08
C,seattle,2026-07-27,20260728T000444077695-0400,78,78.08,,78.08
C,seattle,2026-07-27,20260728T010600686849-0400,78,78.08,,78.08
C,seattle,2026-07-27,20260728T020407761071-0400,78,78.08,,78.08
C,seattle,2026-07-28,20260728T030038068469-0400,66,66.02,,
C,seattle,2026-07-28,20260728T040424564424-0400,63,62.959999999999994,,
C,seattle,2026-07-28,20260728T050031799635-0400,62,62.059999999999995,,
C,seattle,2026-07-28,20260728T060418556834-0400,61,60.980000000000004,,
C,seattle,2026-07-28,20260728T070810965658-0400,61,60.980000000000004,,
C,seattle,2026-07-28,20260728T080250522669-0400,61,60.980000000000004,,
C,seattle,2026-07-28,20260728T090646597380-0400,61,60.980000000000004,,
C,seattle,2026-07-28,20260728T100119775026-0400,62,62.059999999999995,,62.059999999999995
C,seattle,2026-07-28,20260728T110019114532-0400,62,62.059999999999995,,62.059999999999995
C,seattle,2026-07-28,20260728T120852412239-0400,64,64.04,,64.04
C,seattle,2026-07-28,20260728T130327980324-0400,67,66.92,,66.92
C,seattle,2026-07-28,20260728T140725577906-0400,69,69.08,,69.08
C,seattle,2026-07-28,20260728T150209537085-0400,72,71.96,,71.96
C,seattle,2026-07-28,20260728T160603950418-0400,72,71.96,,71.96
C,seattle,2026-07-28,20260728T170040494538-0400,72,71.96,,71.96
C,seattle,2026-07-28,20260728T180430136346-0400,72,71.96,,71.96
C,seattle,2026-07-28,20260728T190013493914-0400,69,69.08,,69.08
C,seattle,2026-07-28,20260728T200255035096-0400,72,71.96,,71.96
C,seattle,2026-07-28,20260728T210646860799-0400,72,71.96,,71.96
C,seattle,2026-07-28,20260728T220202793547-0400,72,71.96,,71.96
C,seattle,2026-07-28,20260728T230631101835-0400,72,71.96,,71.96
C,seattle,2026-07-28,20260729T000145122726-0400,72,71.96,,71.96
C,seattle,2026-07-28,20260729T010617772898-0400,72,71.96,,71.96
C,seattle,2026-07-28,20260729T020241583985-0400,72,71.96,,71.96
C,seattle,2026-07-29,20260729T030240437890-0400,59,59.0,,
C,seattle,2026-07-29,20260729T040630048441-0400,59,59.0,,
C,seattle,2026-07-29,20260729T050424124818-0400,59,59.0,,
C,seattle,2026-07-29,20260729T060809018950-0400,61,60.980000000000004,,
C,seattle,2026-07-29,20260729T070244861005-0400,61,60.980000000000004,,
C,seattle,2026-07-29,20260729T080630701733-0400,60,60.08,,
C,seattle,2026-07-29,20260729T090109941198-0400,60,60.08,,
C,seattle,2026-07-29,20260729T100453713152-0400,59,59.0,,59.0
C,seattle,2026-07-29,20260729T110838838693-0400,62,62.059999999999995,,62.059999999999995
C,seattle,2026-07-29,20260729T120327831456-0400,64,64.04,,64.04
C,seattle,2026-07-29,20260729T130710214039-0400,66,66.02,,66.02
C,seattle,2026-07-29,20260729T140044200205-0400,67,66.92,,66.92
C,seattle,2026-07-29,20260729T150547425607-0400,69,69.08,,69.08
C,seattle,2026-07-29,20260729T160031415514-0400,71,71.06,,71.06
C,seattle,2026-07-29,20260729T170413667783-0400,73,73.04,,73.04
C,seattle,2026-07-29,20260729T180759205225-0400,74,73.94,,73.94
C,seattle,2026-07-29,20260729T190239442668-0400,75,75.02,,75.02
C,seattle,2026-07-29,20260729T200626863400-0400,75,75.02,,75.02
C,seattle,2026-07-29,20260729T210105912232-0400,75,75.02,,75.02
C,seattle,2026-07-29,20260729T220630746270-0400,75,75.02,,75.02
C,seattle,2026-07-29,20260729T230228754078-0400,75,75.02,,75.02
C,seattle,2026-07-29,20260730T000718038660-0400,75,75.02,,75.02
C,seattle,2026-07-29,20260730T010242695106-0400,75,75.02,,75.02
C,seattle,2026-07-29,20260730T020711764574-0400,75,75.02,,75.02
C,seattle,2026-07-30,20260730T030132183220-0400,60,60.08,,
C,seattle,2026-07-30,20260730T040524080272-0400,56,55.94,,
C,seattle,2026-07-30,20260730T050100522331-0400,56,55.94,,
C,seattle,2026-07-30,20260730T060037933698-0400,56,55.94,,
C,seattle,2026-07-30,20260730T070011475624-0400,55,55.04,,
C,seattle,2026-07-30,20260730T080408394995-0400,55,55.04,,
C,seattle,2026-07-30,20260730T090757389212-0400,54,53.96,,
C,seattle,2026-07-30,20260730T100238091161-0400,56,55.94,,55.94
C,seattle,2026-07-30,20260730T110625278269-0400,58,57.92,,57.92
C,seattle,2026-07-30,20260730T120102780809-0400,60,60.08,,60.08
C,seattle,2026-07-30,20260730T130444522448-0400,64,64.04,,64.04
C,seattle,2026-07-30,20260730T140057425739-0400,66,66.02,,66.02
C,seattle,2026-07-30,20260730T150329456400-0400,69,69.08,,69.08
C,seattle,2026-07-30,20260730T160726909900-0400,70,69.98,,69.98
C,seattle,2026-07-30,20260730T170205082487-0400,73,73.04,,73.04
C,seattle,2026-07-30,20260730T180550564365-0400,73,73.04,,73.04
C,seattle,2026-07-30,20260730T190032239262-0400,75,75.02,,75.02
C,seattle,2026-07-30,20260730T200421648561-0400,77,77.0,,77.0
C,seattle,2026-07-30,20260730T210806284152-0400,78,78.08,,78.08
C,seattle,2026-07-30,20260730T220312143471-0400,78,78.08,,78.08
C,seattle,2026-07-30,20260730T230750147506-0400,78,78.08,,78.08
C,seattle,2026-07-30,20260731T000305766862-0400,78,78.08,,78.08
C,seattle,2026-07-30,20260731T010724644948-0400,78,78.08,,78.08
C,seattle,2026-07-30,20260731T020258398916-0400,78,78.08,,78.08
C,toronto,2026-07-01,20260701T000103-0400,,,,
C,toronto,2026-07-01,20260701T010100-0400,,,,
C,toronto,2026-07-01,20260701T020807-0400,,,,
C,toronto,2026-07-01,20260701T030231-0400,,,,
C,toronto,2026-07-01,20260701T040602-0400,,,,
C,toronto,2026-07-01,20260701T050025-0400,,,,
C,toronto,2026-07-01,20260701T060406-0400,,,,
C,toronto,2026-07-01,20260701T070735-0400,,,,
C,toronto,2026-07-01,20260701T080155-0400,,,,
C,toronto,2026-07-01,20260701T090157-0400,,,,
C,toronto,2026-07-01,20260701T100402-0400,,,,
C,toronto,2026-07-01,20260701T110152-0400,,,,
C,toronto,2026-07-01,20260701T120042-0400,,,,
C,toronto,2026-07-01,20260701T130712-0400,,,,
C,toronto,2026-07-01,20260701T140549-0400,,,,
C,toronto,2026-07-01,20260701T150034-0400,,,,
C,toronto,2026-07-01,20260701T160637-0400,,,,
C,toronto,2026-07-01,20260701T170459-0400,,,,
C,toronto,2026-07-01,20260701T180835-0400,,,,
C,toronto,2026-07-01,20260701T190136-0400,,,,
C,toronto,2026-07-01,20260701T200532-0400,,,,
C,toronto,2026-07-01,20260701T210011-0400,,,,
C,toronto,2026-07-01,20260701T220400-0400,,,,
C,toronto,2026-07-01,20260701T230754-0400,,,,
C,toronto,2026-07-02,20260702T000133-0400,,,,
C,toronto,2026-07-02,20260702T010500-0400,,,,
C,toronto,2026-07-02,20260702T020832-0400,,,,
C,toronto,2026-07-02,20260702T030305-0400,,,,
C,toronto,2026-07-02,20260702T040647-0400,,,,
C,toronto,2026-07-02,20260702T050109-0400,,,,
C,toronto,2026-07-02,20260702T060438-0400,,,,
C,toronto,2026-07-02,20260702T070803-0400,,,,
C,toronto,2026-07-02,20260702T080235-0400,,,,
C,toronto,2026-07-02,20260702T090607-0400,,,,
C,toronto,2026-07-02,20260702T100308-0400,,,,
C,toronto,2026-07-02,20260702T110426-0400,,,,
C,toronto,2026-07-02,20260702T120045-0400,,,,
C,toronto,2026-07-02,20260702T130430-0400,,,,
C,toronto,2026-07-02,20260702T140818-0400,,,,
C,toronto,2026-07-02,20260702T150317-0400,,,,
C,toronto,2026-07-02,20260702T160644-0400,,,,
C,toronto,2026-07-02,20260702T170112-0400,,,,
C,toronto,2026-07-02,20260702T181446-0400,34,34.0,,34.0
C,toronto,2026-07-02,20260702T190045-0400,34,34.0,,34.0
C,toronto,2026-07-02,20260702T200442-0400,34,34.0,,34.0
C,toronto,2026-07-02,20260702T210850-0400,34,34.0,,34.0
C,toronto,2026-07-02,20260702T220027-0400,34,34.0,,34.0
C,toronto,2026-07-02,20260702T230345-0400,34,34.0,,34.0
C,toronto,2026-07-03,20260703T000604-0400,27,26.8,,
C,toronto,2026-07-03,20260703T010931-0400,26,26.0,,
C,toronto,2026-07-03,20260703T021706-0400,26,25.5,,
C,toronto,2026-07-03,20260703T030308-0400,25,25.2,,
C,toronto,2026-07-03,20260703T040112-0400,24,23.8,,
C,toronto,2026-07-03,20260703T050134-0400,25,24.5,,
C,toronto,2026-07-03,20260703T060110-0400,24,24.4,,
C,toronto,2026-07-03,20260703T070207-0400,26,25.7,,25.7
C,toronto,2026-07-03,20260703T080107-0400,27,27.4,,27.4
C,toronto,2026-07-03,20260703T090108-0400,27,27.4,,27.4
C,toronto,2026-07-03,20260703T100513-0400,29,28.8,,28.8
C,toronto,2026-07-03,20260703T110050-0400,29,28.8,,28.8
C,toronto,2026-07-03,20260703T120758-0400,32,32.0,,32.0
C,toronto,2026-07-03,20260703T130334-0400,33,33.3,,33.3
C,toronto,2026-07-03,20260703T140135-0400,33,33.3,,33.3
C,toronto,2026-07-03,20260703T152005-0400,35,34.7,,34.7
C,toronto,2026-07-03,20260703T161018-0400,35,34.7,,34.7
C,toronto,2026-07-03,20260703T170349-0400,35,34.7,,34.7
C,toronto,2026-07-03,20260703T182740-0400,35,34.7,,34.7
C,toronto,2026-07-03,20260703T190507-0400,35,34.7,,34.7
C,toronto,2026-07-03,20260703T205118072791-0400,35,34.7,,34.7
C,toronto,2026-07-03,20260703T210446318703-0400,35,34.7,,34.7
C,toronto,2026-07-03,20260703T225850786996-0400,35,34.7,,34.7
C,toronto,2026-07-03,20260703T232341725603-0400,35,34.7,,34.7
C,toronto,2026-07-04,20260704T000046413171-0400,,,,
C,toronto,2026-07-04,20260704T010106981646-0400,26,25.8,,
C,toronto,2026-07-04,20260704T020800161843-0400,25,25.1,,
C,toronto,2026-07-04,20260704T030242711680-0400,23,23.2,,
C,toronto,2026-07-04,20260704T040205732012-0400,24,23.6,,
C,toronto,2026-07-04,20260704T050054040567-0400,24,23.6,,
C,toronto,2026-07-04,20260704T060427336858-0400,23,23.1,,
C,toronto,2026-07-04,20260704T070206379644-0400,24,23.5,,23.5
C,toronto,2026-07-04,20260704T080206161434-0400,24,23.5,,23.5
C,toronto,2026-07-04,20260704T090609052244-0400,24,23.5,,23.5
C,toronto,2026-07-04,20260704T100254933084-0400,24,24.1,,24.1
C,toronto,2026-07-04,20260704T110329463889-0400,24,24.1,,24.1
C,toronto,2026-07-04,20260704T120822411327-0400,24,24.1,,24.1
C,toronto,2026-07-04,20260704T131618596614-0400,24,24.1,,24.1
C,toronto,2026-07-04,20260704T140529449000-0400,24,24.1,,24.1
C,toronto,2026-07-04,20260704T152200218239-0400,24,24.1,,24.1
C,toronto,2026-07-04,20260704T160154562399-0400,25,25.1,,25.1
C,toronto,2026-07-04,20260704T170235110565-0400,27,26.5,,26.5
C,toronto,2026-07-04,20260704T180739443636-0400,27,26.7,,26.7
C,toronto,2026-07-04,20260704T190209624893-0400,27,26.7,,26.7
C,toronto,2026-07-04,20260704T200551337337-0400,27,26.7,,26.7
C,toronto,2026-07-04,20260704T210016813457-0400,27,26.7,,26.7
C,toronto,2026-07-04,20260704T220406613705-0400,27,26.7,,26.7
C,toronto,2026-07-04,20260704T230740355235-0400,27,26.7,,26.7
C,toronto,2026-07-05,20260705T000139042128-0400,23,23.1,,
C,toronto,2026-07-05,20260705T010513147419-0400,23,22.8,,
C,toronto,2026-07-05,20260705T020844771357-0400,23,22.5,,
C,toronto,2026-07-05,20260705T030140071087-0400,22,22.1,,
C,toronto,2026-07-05,20260705T040640704763-0400,22,21.5,,
C,toronto,2026-07-05,20260705T050101697501-0400,22,21.5,,
C,toronto,2026-07-05,20260705T060425702027-0400,21,21.0,,
C,toronto,2026-07-05,20260705T070805807670-0400,21,21.2,,21.2
C,toronto,2026-07-05,20260705T080243165952-0400,21,21.2,,21.2
C,toronto,2026-07-05,20260705T090612169784-0400,22,22.3,,22.3
C,toronto,2026-07-05,20260705T101205009260-0400,23,23.3,,23.3
C,toronto,2026-07-05,20260705T110456216895-0400,23,23.3,,23.3
C,toronto,2026-07-05,20260705T120023875833-0400,24,24.3,,24.3
C,toronto,2026-07-05,20260705T130354935905-0400,25,25.4,,25.4
C,toronto,2026-07-05,20260705T140732924046-0400,25,25.4,,25.4
C,toronto,2026-07-05,20260705T150210972932-0400,25,25.4,,25.4
C,toronto,2026-07-05,20260705T160324090085-0400,26,25.8,,25.8
C,toronto,2026-07-05,20260705T170021187353-0400,26,25.8,,25.8
C,toronto,2026-07-05,20260705T180811599766-0400,26,26.2,,26.2
C,toronto,2026-07-05,20260705T190630807502-0400,26,26.2,,26.2
C,toronto,2026-07-05,20260705T202739871346-0400,26,26.2,,26.2
C,toronto,2026-07-05,20260705T210415613245-0400,26,26.2,,26.2
C,toronto,2026-07-05,20260705T220011340764-0400,26,26.2,,26.2
C,toronto,2026-07-05,20260705T233536464091-0400,26,26.2,,26.2
C,toronto,2026-07-07,20260707T001657263858-0400,22,22.0,,
C,toronto,2026-07-07,20260707T010544934317-0400,22,21.7,,
C,toronto,2026-07-07,20260707T020148691410-0400,21,21.4,,
C,toronto,2026-07-07,20260707T030730785901-0400,21,21.1,,
C,toronto,2026-07-07,20260707T040203228678-0400,21,21.3,,
C,toronto,2026-07-07,20260707T050538402519-0400,21,20.6,,
C,toronto,2026-07-07,20260707T060859013497-0400,21,20.7,,
C,toronto,2026-07-07,20260707T070325479341-0400,21,20.9,,20.9
C,toronto,2026-07-07,20260707T080225122004-0400,22,21.6,,21.6
C,toronto,2026-07-07,20260707T090126496949-0400,22,21.6,,21.6
C,toronto,2026-07-07,20260707T102149181606-0400,23,23.1,,23.1
C,toronto,2026-07-07,20260707T110818256017-0400,24,23.7,,23.7
C,toronto,2026-07-07,20260707T120750100887-0400,24,24.4,,24.4
C,toronto,2026-07-07,20260707T130252547994-0400,24,24.4,,24.4
C,toronto,2026-07-07,20260707T140615137993-0400,26,25.8,,25.8
C,toronto,2026-07-07,20260707T150747000784-0400,26,25.8,,25.8
C,toronto,2026-07-07,20260707T160312980746-0400,26,25.8,,25.8
C,toronto,2026-07-07,20260707T170413247459-0400,27,26.6,,26.6
C,toronto,2026-07-07,20260707T180144820476-0400,27,26.6,,26.6
C,toronto,2026-07-07,20260707T190143680786-0400,27,26.6,,26.6
C,toronto,2026-07-07,20260707T200509551157-0400,27,26.6,,26.6
C,toronto,2026-07-07,20260707T210745702725-0400,27,26.6,,26.6
C,toronto,2026-07-07,20260707T220331596223-0400,27,26.6,,26.6
C,toronto,2026-07-07,20260707T230729634183-0400,27,26.6,,26.6
C,toronto,2026-07-08,20260708T000210096095-0400,22,21.7,,
C,toronto,2026-07-08,20260708T010548790569-0400,22,21.7,,
C,toronto,2026-07-08,20260708T020025169980-0400,22,21.7,,
C,toronto,2026-07-08,20260708T030145873725-0400,21,21.4,,
C,toronto,2026-07-08,20260708T040728748634-0400,21,20.9,,
C,toronto,2026-07-08,20260708T050153005264-0400,21,20.5,,
C,toronto,2026-07-08,20260708T060146592118-0400,20,20.2,,
C,toronto,2026-07-08,20260708T070146422319-0400,21,21.4,,21.4
C,toronto,2026-07-08,20260708T080147744695-0400,23,22.9,,22.9
C,toronto,2026-07-08,20260708T090152749318-0400,25,24.7,,24.7
C,toronto,2026-07-08,20260708T101003753387-0400,26,25.9,,25.9
C,toronto,2026-07-08,20260708T110926849770-0400,26,26.1,,26.1
C,toronto,2026-07-08,20260708T120312294768-0400,28,27.6,,27.6
C,toronto,2026-07-08,20260708T130421460746-0400,28,28.3,,28.3
C,toronto,2026-07-08,20260708T140702251623-0400,28,28.3,,28.3
C,toronto,2026-07-08,20260708T150134500568-0400,29,28.9,,28.9
C,toronto,2026-07-08,20260708T160144859085-0400,29,28.9,,28.9
C,toronto,2026-07-08,20260708T170307224207-0400,29,28.9,,28.9
C,toronto,2026-07-08,20260708T180014606079-0400,29,28.9,,28.9
C,toronto,2026-07-08,20260708T190338406193-0400,29,28.9,,28.9
C,toronto,2026-07-08,20260708T200141896155-0400,29,28.9,,28.9
C,toronto,2026-07-08,20260708T210830216510-0400,29,28.9,,28.9
C,toronto,2026-07-08,20260708T220131365023-0400,29,28.9,,28.9
C,toronto,2026-07-08,20260708T230541030792-0400,29,28.9,,28.9
C,toronto,2026-07-09,20260709T000030885822-0400,,,,
C,toronto,2026-07-09,20260709T010407327630-0400,24,23.7,,
C,toronto,2026-07-09,20260709T020738471212-0400,23,22.7,,
C,toronto,2026-07-09,20260709T030223130296-0400,23,22.7,,
C,toronto,2026-07-09,20260709T040546467847-0400,22,22.4,,
C,toronto,2026-07-09,20260709T050020214554-0400,22,22.4,,
C,toronto,2026-07-09,20260709T060340421627-0400,22,21.9,,
C,toronto,2026-07-09,20260709T070136389528-0400,23,23.3,,23.3
C,toronto,2026-07-09,20260709T080134168054-0400,24,23.6,,23.6
C,toronto,2026-07-09,20260709T090042323427-0400,24,23.6,,23.6
C,toronto,2026-07-09,20260709T100144335565-0400,26,25.6,,25.6
C,toronto,2026-07-09,20260709T110428274767-0400,26,25.6,,25.6
C,toronto,2026-07-09,20260709T120226699979-0400,28,27.6,,27.6
C,toronto,2026-07-09,20260709T130904954423-0400,28,28.1,,28.1
C,toronto,2026-07-09,20260709T141428298622-0400,29,28.8,,28.8
C,toronto,2026-07-09,20260709T150557220422-0400,29,28.8,,28.8
C,toronto,2026-07-09,20260709T160753931754-0400,29,28.8,,28.8
C,toronto,2026-07-09,20260709T170308453327-0400,29,28.8,,28.8
C,toronto,2026-07-09,20260709T180522886634-0400,29,28.8,,28.8
C,toronto,2026-07-09,20260709T193121069663-0400,29,28.8,,28.8
C,toronto,2026-07-09,20260709T200438354050-0400,29,28.8,,28.8
C,toronto,2026-07-09,20260709T211857338595-0400,29,28.8,,28.8
C,toronto,2026-07-09,20260709T220752773672-0400,29,28.8,,28.8
C,toronto,2026-07-09,20260709T230715697035-0400,29,28.8,,28.8
C,toronto,2026-07-10,20260710T000219150982-0400,21,21.0,,
C,toronto,2026-07-10,20260710T010646668822-0400,21,20.9,,
C,toronto,2026-07-10,20260710T020508021249-0400,20,20.4,,
C,toronto,2026-07-10,20260710T030901622862-0400,20,20.4,,
C,toronto,2026-07-10,20260710T040518692614-0400,20,20.1,,
C,toronto,2026-07-10,20260710T050056167059-0400,20,20.1,,
C,toronto,2026-07-10,20260710T060715916060-0400,20,19.5,,
C,toronto,2026-07-10,20260710T070153776685-0400,20,19.5,,
C,toronto,2026-07-10,20260710T080444365486-0400,21,20.8,,20.8
C,toronto,2026-07-10,20260710T090343234754-0400,22,21.7,,21.7
C,toronto,2026-07-10,20260710T103651992061-0400,23,23.4,,23.4
C,toronto,2026-07-10,20260710T110654599445-0400,24,24.0,,24.0
C,toronto,2026-07-10,20260710T120059818295-0400,24,24.0,,24.0
C,toronto,2026-07-10,20260710T130107979915-0400,25,25.2,,25.2
C,toronto,2026-07-10,20260710T140539650676-0400,25,25.3,,25.3
C,toronto,2026-07-10,20260710T150337902682-0400,26,25.7,,25.7
C,toronto,2026-07-10,20260710T160055813349-0400,26,25.7,,25.7
C,toronto,2026-07-10,20260710T170153052893-0400,26,26.0,,26.0
C,toronto,2026-07-10,20260710T181543189609-0400,26,26.3,,26.3
C,toronto,2026-07-10,20260710T190145933137-0400,26,26.3,,26.3
C,toronto,2026-07-10,20260710T200116959697-0400,26,26.3,,26.3
C,toronto,2026-07-10,20260710T212749911920-0400,26,26.3,,26.3
C,toronto,2026-07-10,20260710T223505307716-0400,26,26.3,,26.3
C,toronto,2026-07-10,20260710T230313608033-0400,26,26.3,,26.3
C,toronto,2026-07-11,20260711T000032090307-0400,,,,
C,toronto,2026-07-11,20260711T010054394141-0400,22,22.4,,
C,toronto,2026-07-11,20260711T020338015955-0400,22,21.5,,
C,toronto,2026-07-11,20260711T031850222104-0400,21,20.6,,
C,toronto,2026-07-11,20260711T040145926982-0400,20,19.9,,
C,toronto,2026-07-11,20260711T050120172031-0400,20,19.9,,
C,toronto,2026-07-11,20260711T060519303671-0400,20,19.6,,
C,toronto,2026-07-11,20260711T070856402623-0400,20,20.4,,20.4
C,toronto,2026-07-11,20260711T080346162665-0400,20,20.4,,20.4
C,toronto,2026-07-11,20260711T090200350347-0400,24,23.7,,23.7
C,toronto,2026-07-11,20260711T100209229755-0400,25,25.3,,25.3
C,toronto,2026-07-11,20260711T110429970658-0400,26,25.7,,25.7
C,toronto,2026-07-11,20260711T120408089149-0400,26,25.9,,25.9
C,toronto,2026-07-11,20260711T130254063429-0400,26,25.9,,25.9
C,toronto,2026-07-11,20260711T140618363514-0400,26,25.9,,25.9
C,toronto,2026-07-11,20260711T150624513977-0400,26,26.1,,26.1
C,toronto,2026-07-11,20260711T160357344253-0400,26,26.3,,26.3
C,toronto,2026-07-11,20260711T173053853105-0400,26,26.3,,26.3
C,toronto,2026-07-11,20260711T180731594336-0400,26,26.3,,26.3
C,toronto,2026-07-11,20260711T190848345310-0400,26,26.3,,26.3
C,toronto,2026-07-11,20260711T200216541071-0400,26,26.3,,26.3
C,toronto,2026-07-11,20260711T211308271825-0400,26,26.3,,26.3
C,toronto,2026-07-11,20260711T221721677420-0400,26,26.3,,26.3
C,toronto,2026-07-14,20260714T000044861783-0400,,,,
C,toronto,2026-07-14,20260714T010735630846-0400,24,24.1,,
C,toronto,2026-07-14,20260714T020447644988-0400,24,24.3,,
C,toronto,2026-07-14,20260714T030001410426-0400,24,24.3,,
C,toronto,2026-07-14,20260714T040329219031-0400,24,23.8,,
C,toronto,2026-07-14,20260714T050652276580-0400,24,23.9,,
C,toronto,2026-07-14,20260714T060115916527-0400,24,23.9,,
C,toronto,2026-07-14,20260714T070450452590-0400,23,23.4,,23.4
C,toronto,2026-07-14,20260714T080116189279-0400,25,24.7,,24.7
C,toronto,2026-07-14,20260714T090824015512-0400,28,28.2,,28.2
C,toronto,2026-07-14,20260714T100539466651-0400,30,30.3,,30.3
C,toronto,2026-07-14,20260714T110804557843-0400,32,32.1,,32.1
C,toronto,2026-07-14,20260714T120344511312-0400,33,33.2,,33.2
C,toronto,2026-07-14,20260714T130828301086-0400,35,34.7,,34.7
C,toronto,2026-07-14,20260714T140258751204-0400,36,35.6,,35.6
C,toronto,2026-07-14,20260714T150651830814-0400,36,35.9,,35.9
C,toronto,2026-07-14,20260714T160128021229-0400,36,36.2,,36.2
C,toronto,2026-07-14,20260714T170526590637-0400,36,36.2,,36.2
C,toronto,2026-07-14,20260714T180802009792-0400,36,36.2,,36.2
C,toronto,2026-07-14,20260714T190157502223-0400,36,36.2,,36.2
C,toronto,2026-07-14,20260714T200730584595-0400,36,36.2,,36.2
C,toronto,2026-07-14,20260714T210210151217-0400,36,36.2,,36.2
C,toronto,2026-07-14,20260714T220539796841-0400,36,36.2,,36.2
C,toronto,2026-07-14,20260714T230244706400-0400,36,36.2,,36.2
C,toronto,2026-07-15,20260715T000220787085-0400,28,27.6,,
C,toronto,2026-07-15,20260715T010807371412-0400,27,27.1,,
C,toronto,2026-07-15,20260715T020432727477-0400,27,26.5,,
C,toronto,2026-07-15,20260715T030012307417-0400,27,26.5,,
C,toronto,2026-07-15,20260715T040125153103-0400,27,27.4,,
C,toronto,2026-07-15,20260715T050225490840-0400,26,26.3,,
C,toronto,2026-07-15,20260715T060155868708-0400,26,25.7,,
C,toronto,2026-07-15,20260715T070547513356-0400,26,25.5,,25.5
C,toronto,2026-07-15,20260715T080025721938-0400,26,25.5,,25.5
C,toronto,2026-07-15,20260715T090426553503-0400,26,25.8,,25.8
C,toronto,2026-07-15,20260715T100807159761-0400,26,25.8,,25.8
C,toronto,2026-07-15,20260715T110229032657-0400,26,25.8,,25.8
C,toronto,2026-07-15,20260715T120627084558-0400,26,25.8,,25.8
C,toronto,2026-07-15,20260715T130114084492-0400,26,25.8,,25.8
C,toronto,2026-07-15,20260715T140502550363-0400,26,25.8,,25.8
C,toronto,2026-07-15,20260715T150848421459-0400,26,25.8,,25.8
C,toronto,2026-07-15,20260715T160333223974-0400,26,25.8,,25.8
C,toronto,2026-07-15,20260715T170717234894-0400,26,25.8,,25.8
C,toronto,2026-07-15,20260715T180152768156-0400,26,25.8,,25.8
C,toronto,2026-07-15,20260715T190543531898-0400,26,25.8,,25.8
C,toronto,2026-07-15,20260715T200029651233-0400,26,25.8,,25.8
C,toronto,2026-07-15,20260715T210438186859-0400,26,25.8,,25.8
C,toronto,2026-07-15,20260715T220943410359-0400,26,25.8,,25.8
C,toronto,2026-07-15,20260715T230731808740-0400,26,25.8,,25.8
C,toronto,2026-07-16,20260716T000049844944-0400,,,,
C,toronto,2026-07-16,20260716T010437251259-0400,23,22.7,,
C,toronto,2026-07-16,20260716T020239706879-0400,22,21.8,,
C,toronto,2026-07-16,20260716T030245200378-0400,20,19.7,,
C,toronto,2026-07-16,20260716T040700601977-0400,20,20.0,,
C,toronto,2026-07-16,20260716T050134931611-0400,20,20.0,,
C,toronto,2026-07-16,20260716T060513809432-0400,20,19.7,,
C,toronto,2026-07-16,20260716T070138195748-0400,21,21.0,,21.0
C,toronto,2026-07-16,20260716T080140155587-0400,23,22.9,,22.9
C,toronto,2026-07-16,20260716T090734842077-0400,23,23.1,,23.1
C,toronto,2026-07-16,20260716T100217996127-0400,25,25.3,,25.3
C,toronto,2026-07-16,20260716T110144622841-0400,27,27.1,,27.1
C,toronto,2026-07-16,20260716T120041358373-0400,27,27.1,,27.1
C,toronto,2026-07-16,20260716T130253016048-0400,30,29.6,,29.6
C,toronto,2026-07-16,20260716T140149978956-0400,30,29.6,,29.6
C,toronto,2026-07-16,20260716T150317445537-0400,30,29.6,,29.6
C,toronto,2026-07-16,20260716T160052992484-0400,30,29.6,,29.6
C,toronto,2026-07-16,20260716T170151501616-0400,30,29.6,,29.6
C,toronto,2026-07-16,20260716T180152101171-0400,30,29.6,,29.6
C,toronto,2026-07-16,20260716T190047576075-0400,30,29.6,,29.6
C,toronto,2026-07-16,20260716T201032093427-0400,30,29.6,,29.6
C,toronto,2026-07-16,20260716T210750156125-0400,30,29.6,,29.6
C,toronto,2026-07-16,20260716T220746556211-0400,30,29.6,,29.6
C,toronto,2026-07-16,20260716T230252768118-0400,30,29.6,,29.6
C,toronto,2026-07-17,20260717T000043656181-0400,,,,
C,toronto,2026-07-17,20260717T010338860065-0400,20,20.4,,
C,toronto,2026-07-17,20260717T020138773132-0400,21,20.5,,
C,toronto,2026-07-17,20260717T030237510277-0400,20,20.2,,
C,toronto,2026-07-17,20260717T040724535268-0400,20,19.6,,
C,toronto,2026-07-17,20260717T050142262479-0400,20,19.6,,
C,toronto,2026-07-17,20260717T060502450347-0400,19,18.9,,
C,toronto,2026-07-17,20260717T070824821316-0400,19,19.3,,19.3
C,toronto,2026-07-17,20260717T080155201391-0400,21,20.8,,20.8
C,toronto,2026-07-17,20260717T090146515467-0400,23,23.0,,23.0
C,toronto,2026-07-17,20260717T100058141859-0400,23,23.0,,23.0
C,toronto,2026-07-17,20260717T110722647295-0400,23,23.3,,23.3
C,toronto,2026-07-17,20260717T121400974785-0400,24,23.8,,23.8
C,toronto,2026-07-17,20260717T130851022333-0400,24,23.9,,23.9
C,toronto,2026-07-17,20260717T140037906368-0400,24,23.9,,23.9
C,toronto,2026-07-17,20260717T150129231855-0400,26,25.8,,25.8
C,toronto,2026-07-17,20260717T160222909221-0400,26,25.8,,25.8
C,toronto,2026-07-17,20260717T170139467642-0400,26,25.8,,25.8
C,toronto,2026-07-17,20260717T180203428836-0400,26,25.8,,25.8
C,toronto,2026-07-17,20260717T190405595096-0400,26,25.8,,25.8
C,toronto,2026-07-17,20260717T200036393465-0400,26,25.8,,25.8
C,toronto,2026-07-17,20260717T210442599879-0400,26,25.8,,25.8
C,toronto,2026-07-17,20260717T220913890802-0400,26,25.8,,25.8
C,toronto,2026-07-17,20260717T230435839390-0400,26,25.8,,25.8
C,toronto,2026-07-18,20260718T000008038438-0400,,,,
C,toronto,2026-07-18,20260718T010230995061-0400,23,22.8,,
C,toronto,2026-07-18,20260718T020831078949-0400,23,22.5,,
C,toronto,2026-07-18,20260718T030227612691-0400,22,22.0,,
C,toronto,2026-07-18,20260718T040632760123-0400,22,21.5,,
C,toronto,2026-07-18,20260718T050107005439-0400,22,21.5,,
C,toronto,2026-07-18,20260718T060228284522-0400,22,21.5,,
C,toronto,2026-07-18,20260718T070835946623-0400,22,22.1,,22.1
C,toronto,2026-07-18,20260718T080228803342-0400,23,22.7,,22.7
C,toronto,2026-07-18,20260718T090703985441-0400,23,22.9,,22.9
C,toronto,2026-07-18,20260718T100129509331-0400,24,23.9,,23.9
C,toronto,2026-07-18,20260718T110130163184-0400,25,24.5,,24.5
C,toronto,2026-07-18,20260718T120028887688-0400,25,24.5,,24.5
C,toronto,2026-07-18,20260718T130412730189-0400,25,24.5,,24.5
C,toronto,2026-07-18,20260718T140234187702-0400,27,26.6,,26.6
C,toronto,2026-07-18,20260718T150034193704-0400,27,26.6,,26.6
C,toronto,2026-07-18,20260718T160135551521-0400,28,27.8,,27.8
C,toronto,2026-07-18,20260718T170127261721-0400,28,27.8,,27.8
C,toronto,2026-07-18,20260718T180147074323-0400,28,27.8,,27.8
C,toronto,2026-07-18,20260718T190140617728-0400,28,27.8,,27.8
C,toronto,2026-07-18,20260718T200405650157-0400,28,27.8,,27.8
C,toronto,2026-07-18,20260718T210800533844-0400,28,27.8,,27.8
C,toronto,2026-07-18,20260718T220256463180-0400,28,27.8,,27.8
C,toronto,2026-07-18,20260718T230720613249-0400,28,27.8,,27.8
C,toronto,2026-07-19,20260719T000036630951-0400,,,,
C,toronto,2026-07-19,20260719T010451753407-0400,19,18.5,,
C,toronto,2026-07-19,20260719T020230896270-0400,18,17.5,,
C,toronto,2026-07-19,20260719T030129984996-0400,17,16.9,,
C,toronto,2026-07-19,20260719T040819499254-0400,17,17.1,,
C,toronto,2026-07-19,20260719T050253215413-0400,17,16.5,,
C,toronto,2026-07-19,20260719T060129396486-0400,16,16.2,,
C,toronto,2026-07-19,20260719T070106247459-0400,16,16.2,,
C,toronto,2026-07-19,20260719T080454221839-0400,17,17.0,,17.0
C,toronto,2026-07-19,20260719T090134406197-0400,18,18.1,,18.1
C,toronto,2026-07-19,20260719T100130511038-0400,19,19.3,,19.3
C,toronto,2026-07-19,20260719T110139460171-0400,20,20.2,,20.2
C,toronto,2026-07-19,20260719T120131511196-0400,21,20.9,,20.9
C,toronto,2026-07-19,20260719T130128270919-0400,21,20.9,,20.9
C,toronto,2026-07-19,20260719T140131991542-0400,23,23.1,,23.1
C,toronto,2026-07-19,20260719T150906977850-0400,23,23.3,,23.3
C,toronto,2026-07-19,20260719T160132700394-0400,24,23.9,,23.9
C,toronto,2026-07-19,20260719T170200134631-0400,25,24.7,,24.7
C,toronto,2026-07-19,20260719T180109240006-0400,25,24.7,,24.7
C,toronto,2026-07-19,20260719T190915161120-0400,25,24.7,,24.7
C,toronto,2026-07-19,20260719T200910415380-0400,25,24.7,,24.7
C,toronto,2026-07-19,20260719T210812727382-0400,25,24.7,,24.7
C,toronto,2026-07-19,20260719T220811427665-0400,25,24.7,,24.7
C,toronto,2026-07-19,20260719T230816016100-0400,25,24.7,,24.7
C,toronto,2026-07-20,20260720T001333502486-0400,18,17.8,,
C,toronto,2026-07-20,20260720T010123518041-0400,18,17.8,,
C,toronto,2026-07-20,20260720T020541896358-0400,17,16.7,,
C,toronto,2026-07-20,20260720T030132132163-0400,15,15.1,,
C,toronto,2026-07-20,20260720T040124383987-0400,15,15.1,,
C,toronto,2026-07-20,20260720T050133964041-0400,14,13.9,,
C,toronto,2026-07-20,20260720T060803649911-0400,14,13.5,,
C,toronto,2026-07-20,20260720T070137372548-0400,15,15.3,,15.3
C,toronto,2026-07-20,20260720T080135220900-0400,17,17.2,,17.2
C,toronto,2026-07-20,20260720T090127952292-0400,19,19.4,,19.4
C,toronto,2026-07-20,20260720T100236314493-0400,21,21.0,,21.0
C,toronto,2026-07-20,20260720T110147176597-0400,22,21.7,,21.7
C,toronto,2026-07-20,20260720T120147271144-0400,23,23.2,,23.2
C,toronto,2026-07-20,20260720T130147373734-0400,24,23.6,,23.6
C,toronto,2026-07-20,20260720T140152973204-0400,26,25.8,,25.8
C,toronto,2026-07-20,20260720T150903427333-0400,26,25.8,,25.8
C,toronto,2026-07-20,20260720T162059796824-0400,26,25.8,,25.8
C,toronto,2026-07-20,20260720T170118236692-0400,27,26.8,,26.8
C,toronto,2026-07-20,20260720T180903386502-0400,27,26.8,,26.8
C,toronto,2026-07-20,20260720T190207917014-0400,27,26.8,,26.8
C,toronto,2026-07-20,20260720T200839283894-0400,27,26.8,,26.8
C,toronto,2026-07-20,20260720T210308093742-0400,27,26.8,,26.8
C,toronto,2026-07-20,20260720T220638076445-0400,27,26.8,,26.8
C,toronto,2026-07-20,20260720T230428265082-0400,27,26.8,,26.8
C,toronto,2026-07-21,20260721T000050579265-0400,,,,
C,toronto,2026-07-21,20260721T010132978833-0400,21,21.1,,
C,toronto,2026-07-21,20260721T020702283456-0400,21,20.6,,
C,toronto,2026-07-21,20260721T030201692279-0400,20,20.3,,
C,toronto,2026-07-21,20260721T040552377668-0400,21,20.7,,
C,toronto,2026-07-21,20260721T050036407981-0400,21,20.7,,
C,toronto,2026-07-21,20260721T060420758250-0400,21,20.5,,
C,toronto,2026-07-21,20260721T070810876129-0400,20,19.9,,19.9
C,toronto,2026-07-21,20260721T080250605762-0400,21,20.7,,20.7
C,toronto,2026-07-21,20260721T090644042465-0400,23,22.8,,22.8
C,toronto,2026-07-21,20260721T100125596573-0400,23,22.8,,22.8
C,toronto,2026-07-21,20260721T110509455473-0400,24,24.3,,24.3
C,toronto,2026-07-21,20260721T120238607436-0400,24,24.3,,24.3
C,toronto,2026-07-21,20260721T130356299037-0400,24,24.3,,24.3
C,toronto,2026-07-21,20260721T140044962362-0400,24,24.3,,24.3
C,toronto,2026-07-21,20260721T150129943057-0400,24,24.3,,24.3
C,toronto,2026-07-21,20260721T160103482546-0400,24,24.3,,24.3
C,toronto,2026-07-21,20260721T170206462934-0400,24,24.3,,24.3
C,toronto,2026-07-21,20260721T180133871752-0400,24,24.3,,24.3
C,toronto,2026-07-21,20260721T190042930450-0400,24,24.3,,24.3
C,toronto,2026-07-21,20260721T200813543389-0400,24,24.3,,24.3
C,toronto,2026-07-21,20260721T210327580460-0400,24,24.3,,24.3
C,toronto,2026-07-21,20260721T220828809670-0400,24,24.3,,24.3
C,toronto,2026-07-21,20260721T230751664919-0400,24,24.3,,24.3
C,toronto,2026-07-22,20260722T000039177228-0400,,,,
C,toronto,2026-07-22,20260722T010127545962-0400,16,15.7,,
C,toronto,2026-07-22,20260722T020823976424-0400,16,15.7,,
C,toronto,2026-07-22,20260722T030259521441-0400,15,15.2,,
C,toronto,2026-07-22,20260722T040645787449-0400,15,15.1,,
C,toronto,2026-07-22,20260722T050230287879-0400,15,14.5,,
C,toronto,2026-07-22,20260722T060609804207-0400,15,14.7,,
C,toronto,2026-07-22,20260722T070057324914-0400,14,14.3,,
C,toronto,2026-07-22,20260722T080222260219-0400,16,15.9,,15.9
C,toronto,2026-07-22,20260722T090123064060-0400,17,17.1,,17.1
C,toronto,2026-07-22,20260722T100319032718-0400,17,17.2,,17.2
C,toronto,2026-07-22,20260722T110131415907-0400,20,19.8,,19.8
C,toronto,2026-07-22,20260722T120125342339-0400,20,19.8,,19.8
C,toronto,2026-07-22,20260722T130533241435-0400,20,19.8,,19.8
C,toronto,2026-07-22,20260722T140017120303-0400,20,19.8,,19.8
C,toronto,2026-07-22,20260722T150134343581-0400,22,22.2,,22.2
C,toronto,2026-07-22,20260722T160131837299-0400,22,22.2,,22.2
C,toronto,2026-07-22,20260722T170133594724-0400,22,22.2,,22.2
C,toronto,2026-07-22,20260722T180131924145-0400,22,22.2,,22.2
C,toronto,2026-07-22,20260722T190134711162-0400,22,22.2,,22.2
C,toronto,2026-07-22,20260722T200541473677-0400,22,22.2,,22.2
C,toronto,2026-07-22,20260722T210031397080-0400,22,22.2,,22.2
C,toronto,2026-07-22,20260722T220525967153-0400,22,22.2,,22.2
C,toronto,2026-07-22,20260722T230032238955-0400,22,22.2,,22.2
C,toronto,2026-07-23,20260723T000210621961-0400,14,13.7,,
C,toronto,2026-07-23,20260723T010220428001-0400,12,12.4,,
C,toronto,2026-07-23,20260723T020101576398-0400,14,14.2,,
C,toronto,2026-07-23,20260723T030218299594-0400,15,14.5,,
C,toronto,2026-07-23,20260723T040118748097-0400,13,13.3,,
C,toronto,2026-07-23,20260723T050231426259-0400,14,13.8,,
C,toronto,2026-07-23,20260723T060119905355-0400,13,13.0,,
C,toronto,2026-07-23,20260723T070125978823-0400,14,14.2,,14.2
C,toronto,2026-07-23,20260723T080122682849-0400,16,16.2,,16.2
C,toronto,2026-07-23,20260723T090120754842-0400,19,18.9,,18.9
C,toronto,2026-07-23,20260723T100120423045-0400,21,20.6,,20.6
C,toronto,2026-07-23,20260723T110044325666-0400,21,20.6,,20.6
C,toronto,2026-07-23,20260723T120119716924-0400,24,23.7,,23.7
C,toronto,2026-07-23,20260723T130028185019-0400,24,23.7,,23.7
C,toronto,2026-07-23,20260723T140228282035-0400,24,24.2,,24.2
C,toronto,2026-07-23,20260723T150140167569-0400,25,25.3,,25.3
C,toronto,2026-07-23,20260723T160136619166-0400,26,25.6,,25.6
C,toronto,2026-07-23,20260723T170144226795-0400,26,25.6,,25.6
C,toronto,2026-07-23,20260723T180002680287-0400,26,25.6,,25.6
C,toronto,2026-07-23,20260723T190353307379-0400,26,25.6,,25.6
C,toronto,2026-07-23,20260723T200037897760-0400,26,25.6,,25.6
C,toronto,2026-07-23,20260723T210225823332-0400,26,25.6,,25.6
C,toronto,2026-07-23,20260723T220637506609-0400,26,25.6,,25.6
C,toronto,2026-07-23,20260723T230144314577-0400,26,25.6,,25.6
C,toronto,2026-07-24,20260724T000029802524-0400,,,,
C,toronto,2026-07-24,20260724T010119202158-0400,17,16.9,,
C,toronto,2026-07-24,20260724T020810471318-0400,17,17.0,,
C,toronto,2026-07-24,20260724T030218830106-0400,16,16.1,,
C,toronto,2026-07-24,20260724T040218678286-0400,14,13.9,,
C,toronto,2026-07-24,20260724T050312750302-0400,16,15.5,,
C,toronto,2026-07-24,20260724T060153314216-0400,13,12.8,,
C,toronto,2026-07-24,20260724T070212913671-0400,16,15.5,,15.5
C,toronto,2026-07-24,20260724T080013232328-0400,16,15.5,,15.5
C,toronto,2026-07-24,20260724T090210529927-0400,21,20.6,,20.6
C,toronto,2026-07-24,20260724T100210608928-0400,23,22.6,,22.6
C,toronto,2026-07-24,20260724T110230681292-0400,23,23.2,,23.2
C,toronto,2026-07-24,20260724T120131325352-0400,24,23.7,,23.7
C,toronto,2026-07-24,20260724T130058201026-0400,24,23.7,,23.7
C,toronto,2026-07-24,20260724T140126093128-0400,24,24.3,,24.3
C,toronto,2026-07-24,20260724T150824516531-0400,24,24.3,,24.3
C,toronto,2026-07-24,20260724T160112091118-0400,25,24.8,,24.8
C,toronto,2026-07-24,20260724T170702132742-0400,25,24.8,,24.8
C,toronto,2026-07-24,20260724T180144130709-0400,25,24.8,,24.8
C,toronto,2026-07-24,20260724T190213226043-0400,25,24.8,,24.8
C,toronto,2026-07-24,20260724T200021127847-0400,25,24.8,,24.8
C,toronto,2026-07-24,20260724T210405838759-0400,25,24.8,,24.8
C,toronto,2026-07-24,20260724T220831980650-0400,25,24.8,,24.8
C,toronto,2026-07-24,20260724T230338333011-0400,25,24.8,,24.8
C,toronto,2026-07-25,20260725T000021127166-0400,,,,
C,toronto,2026-07-25,20260725T010417672111-0400,20,19.8,,
C,toronto,2026-07-25,20260725T020121195817-0400,19,18.9,,
C,toronto,2026-07-25,20260725T030220277736-0400,18,17.6,,
C,toronto,2026-07-25,20260725T040221349325-0400,17,17.2,,
C,toronto,2026-07-25,20260725T050147521822-0400,17,17.4,,
C,toronto,2026-07-25,20260725T060122320183-0400,18,17.9,,
C,toronto,2026-07-25,20260725T070012088250-0400,18,17.9,,
C,toronto,2026-07-25,20260725T080400106258-0400,19,19.2,,19.2
C,toronto,2026-07-25,20260725T090118954811-0400,21,20.7,,20.7
C,toronto,2026-07-25,20260725T100221472643-0400,22,22.3,,22.3
C,toronto,2026-07-25,20260725T110120215945-0400,23,23.2,,23.2
C,toronto,2026-07-25,20260725T120053859833-0400,23,23.2,,23.2
C,toronto,2026-07-25,20260725T130435371350-0400,25,25.0,,25.0
C,toronto,2026-07-25,20260725T140827337707-0400,25,25.1,,25.1
C,toronto,2026-07-25,20260725T150121080551-0400,26,26.3,,26.3
C,toronto,2026-07-25,20260725T160220530307-0400,26,26.3,,26.3
C,toronto,2026-07-25,20260725T170154037298-0400,26,26.3,,26.3
C,toronto,2026-07-25,20260725T180120939979-0400,26,26.3,,26.3
C,toronto,2026-07-25,20260725T190025095331-0400,26,26.3,,26.3
C,toronto,2026-07-25,20260725T200424472151-0400,26,26.3,,26.3
C,toronto,2026-07-25,20260725T210027746992-0400,26,26.3,,26.3
C,toronto,2026-07-25,20260725T220444696904-0400,26,26.3,,26.3
C,toronto,2026-07-25,20260725T230040649568-0400,26,26.3,,26.3
C,toronto,2026-07-26,20260726T000447030791-0400,21,20.5,,
C,toronto,2026-07-26,20260726T010844590797-0400,21,20.5,,
C,toronto,2026-07-26,20260726T020119682853-0400,20,19.9,,
C,toronto,2026-07-26,20260726T030222359662-0400,18,18.0,,
C,toronto,2026-07-26,20260726T040202160432-0400,18,17.9,,
C,toronto,2026-07-26,20260726T050900506082-0400,18,17.6,,
C,toronto,2026-07-26,20260726T060127391097-0400,19,18.5,,
C,toronto,2026-07-26,20260726T070817877037-0400,19,18.5,,18.5
C,toronto,2026-07-26,20260726T080221274368-0400,20,19.8,,19.8
C,toronto,2026-07-26,20260726T090219680177-0400,22,21.7,,21.7
C,toronto,2026-07-26,20260726T100119693160-0400,22,21.7,,21.7
C,toronto,2026-07-26,20260726T110119659408-0400,26,25.6,,25.6
C,toronto,2026-07-26,20260726T120855501886-0400,26,26.2,,26.2
C,toronto,2026-07-26,20260726T130335468209-0400,26,26.2,,26.2
C,toronto,2026-07-26,20260726T140028839730-0400,26,26.2,,26.2
C,toronto,2026-07-26,20260726T150129022136-0400,27,27.0,,27.0
C,toronto,2026-07-26,20260726T160609625057-0400,27,27.0,,27.0
C,toronto,2026-07-26,20260726T170059653743-0400,27,27.0,,27.0
C,toronto,2026-07-26,20260726T180221441640-0400,27,27.0,,27.0
C,toronto,2026-07-26,20260726T190845374755-0400,27,27.0,,27.0
C,toronto,2026-07-26,20260726T200321882685-0400,27,27.0,,27.0
C,toronto,2026-07-26,20260726T210720394980-0400,27,27.0,,27.0
C,toronto,2026-07-26,20260726T220213540173-0400,27,27.0,,27.0
C,toronto,2026-07-26,20260726T230633944792-0400,27,27.0,,27.0
C,toronto,2026-07-27,20260727T000138940560-0400,,,,
C,toronto,2026-07-27,20260727T010530991901-0400,21,21.1,,
C,toronto,2026-07-27,20260727T020013207590-0400,21,21.1,,
C,toronto,2026-07-27,20260727T030354023387-0400,20,19.7,,
C,toronto,2026-07-27,20260727T040743358346-0400,20,20.2,,
C,toronto,2026-07-27,20260727T050239836624-0400,18,18.2,,
C,toronto,2026-07-27,20260727T060635033495-0400,18,17.9,,
C,toronto,2026-07-27,20260727T070057066143-0400,18,17.9,,
C,toronto,2026-07-27,20260727T080443531641-0400,21,20.5,,20.5
C,toronto,2026-07-27,20260727T090834480063-0400,22,22.1,,22.1
C,toronto,2026-07-27,20260727T100318309214-0400,24,24.1,,24.1
C,toronto,2026-07-27,20260727T110710380227-0400,26,26.1,,26.1
C,toronto,2026-07-27,20260727T120144005595-0400,29,28.8,,28.8
C,toronto,2026-07-27,20260727T130532420989-0400,29,28.8,,28.8
C,toronto,2026-07-27,20260727T140011893196-0400,29,28.8,,28.8
C,toronto,2026-07-27,20260727T150354647899-0400,29,28.8,,28.8
C,toronto,2026-07-27,20260727T160753760565-0400,29,28.8,,28.8
C,toronto,2026-07-27,20260727T170229923064-0400,29,28.8,,28.8
C,toronto,2026-07-27,20260727T180611979504-0400,29,28.8,,28.8
C,toronto,2026-07-27,20260727T190058013643-0400,29,28.8,,28.8
C,toronto,2026-07-27,20260727T200442155597-0400,29,28.8,,28.8
C,toronto,2026-07-27,20260727T210841997002-0400,29,28.8,,28.8
C,toronto,2026-07-27,20260727T220337677458-0400,29,28.8,,28.8
C,toronto,2026-07-27,20260727T230755975204-0400,29,28.8,,28.8
C,toronto,2026-07-28,20260728T000034254326-0400,,,,
C,toronto,2026-07-28,20260728T010416913266-0400,23,23.2,,
C,toronto,2026-07-28,20260728T020901330409-0400,22,22.2,,
C,toronto,2026-07-28,20260728T030435386722-0400,21,20.7,,
C,toronto,2026-07-28,20260728T040822482369-0400,20,20.4,,
C,toronto,2026-07-28,20260728T050251474737-0400,20,20.4,,
C,toronto,2026-07-28,20260728T060127020152-0400,21,20.5,,
C,toronto,2026-07-28,20260728T070029117145-0400,21,20.5,,
C,toronto,2026-07-28,20260728T080225611280-0400,21,21.4,,21.4
C,toronto,2026-07-28,20260728T090732220202-0400,21,21.4,,21.4
C,toronto,2026-07-28,20260728T100208183366-0400,23,22.9,,22.9
C,toronto,2026-07-28,20260728T110124931129-0400,24,23.8,,23.8
C,toronto,2026-07-28,20260728T120036453082-0400,25,24.6,,24.6
C,toronto,2026-07-28,20260728T130234028253-0400,26,25.9,,25.9
C,toronto,2026-07-28,20260728T140225647378-0400,27,26.7,,26.7
C,toronto,2026-07-28,20260728T150026920584-0400,27,26.7,,26.7
C,toronto,2026-07-28,20260728T160635662665-0400,27,26.7,,26.7
C,toronto,2026-07-28,20260728T170118577206-0400,27,26.7,,26.7
C,toronto,2026-07-28,20260728T180426574780-0400,27,26.7,,26.7
C,toronto,2026-07-28,20260728T190226858594-0400,27,26.7,,26.7
C,toronto,2026-07-28,20260728T200345668010-0400,27,26.7,,26.7
C,toronto,2026-07-28,20260728T210738296361-0400,27,26.7,,26.7
C,toronto,2026-07-28,20260728T220244370439-0400,27,26.7,,26.7
C,toronto,2026-07-28,20260728T230708286960-0400,27,26.7,,26.7
C,toronto,2026-07-29,20260729T000030191354-0400,,,,
C,toronto,2026-07-29,20260729T010223185862-0400,21,20.5,,
C,toronto,2026-07-29,20260729T020758767986-0400,20,20.1,,
C,toronto,2026-07-29,20260729T030246847055-0400,19,19.1,,
C,toronto,2026-07-29,20260729T040646844016-0400,19,18.8,,
C,toronto,2026-07-29,20260729T050115152746-0400,20,19.6,,
C,toronto,2026-07-29,20260729T060215759084-0400,19,19.4,,
C,toronto,2026-07-29,20260729T070059698650-0400,20,19.5,,19.5
C,toronto,2026-07-29,20260729T080419327289-0400,20,20.2,,20.2
C,toronto,2026-07-29,20260729T090215187774-0400,21,21.2,,21.2
C,toronto,2026-07-29,20260729T100115198717-0400,23,22.9,,22.9
C,toronto,2026-07-29,20260729T110123773597-0400,25,24.9,,24.9
C,toronto,2026-07-29,20260729T120902957377-0400,25,25.2,,25.2
C,toronto,2026-07-29,20260729T130115864874-0400,26,26.1,,26.1
C,toronto,2026-07-29,20260729T140218687510-0400,27,26.6,,26.6
C,toronto,2026-07-29,20260729T150136359796-0400,27,26.6,,26.6
C,toronto,2026-07-29,20260729T160131097593-0400,27,26.6,,26.6
C,toronto,2026-07-29,20260729T170016138749-0400,27,26.6,,26.6
C,toronto,2026-07-29,20260729T180357127843-0400,27,26.6,,26.6
C,toronto,2026-07-29,20260729T190217210074-0400,27,26.6,,26.6
C,toronto,2026-07-29,20260729T200225781857-0400,27,26.6,,26.6
C,toronto,2026-07-29,20260729T210610647677-0400,27,26.6,,26.6
C,toronto,2026-07-29,20260729T220650020547-0400,27,26.6,,26.6
C,toronto,2026-07-29,20260729T230239794560-0400,27,26.6,,26.6
C,toronto,2026-07-30,20260730T000318001408-0400,20,19.6,,
C,toronto,2026-07-30,20260730T010230434473-0400,19,18.9,,
C,toronto,2026-07-30,20260730T020137350062-0400,18,18.4,,
C,toronto,2026-07-30,20260730T030454582893-0400,18,17.7,,
C,toronto,2026-07-30,20260730T040810806479-0400,18,17.6,,
C,toronto,2026-07-30,20260730T050236813242-0400,18,17.6,,
C,toronto,2026-07-30,20260730T060554251243-0400,18,17.6,,
C,toronto,2026-07-30,20260730T070017072674-0400,18,17.6,,
C,toronto,2026-07-30,20260730T080224063390-0400,20,20.4,,20.4
C,toronto,2026-07-30,20260730T090124206739-0400,22,22.4,,22.4
C,toronto,2026-07-30,20260730T100219372733-0400,24,23.9,,23.9
C,toronto,2026-07-30,20260730T110124718194-0400,25,25.0,,25.0
C,toronto,2026-07-30,20260730T120033521021-0400,25,25.0,,25.0
C,toronto,2026-07-30,20260730T130416249299-0400,27,27.3,,27.3
C,toronto,2026-07-30,20260730T140153591572-0400,28,27.5,,27.5
C,toronto,2026-07-30,20260730T150300967490-0400,28,28.0,,28.0
C,toronto,2026-07-30,20260730T160152668775-0400,28,28.0,,28.0
C,toronto,2026-07-30,20260730T170133417995-0400,28,28.3,,28.3
C,toronto,2026-07-30,20260730T180521827698-0400,28,28.3,,28.3
C,toronto,2026-07-30,20260730T190910011552-0400,28,28.3,,28.3
C,toronto,2026-07-30,20260730T200348890223-0400,28,28.3,,28.3
C,toronto,2026-07-30,20260730T210736076651-0400,28,28.3,,28.3
C,toronto,2026-07-30,20260730T220230896884-0400,28,28.3,,28.3
C,toronto,2026-07-30,20260730T230655730470-0400,28,28.3,,28.3
