cycle,station,target_date,synthetic_floor_f,synthetic_forecast_high_f,feature,v1_value,v1_state,v2_value,v2_state
20260917T01Z,KATL,2026-09-17,,85.0,nbm_prob_tmax_p10,89.0,present,89.0,present
20260917T01Z,KATL,2026-09-17,,85.0,nbm_prob_tmax_p25,90.0,present,90.0,present
20260917T01Z,KATL,2026-09-17,,85.0,nbm_prob_tmax_p50,91.0,present,91.0,present
20260917T01Z,KATL,2026-09-17,,85.0,nbm_prob_tmax_p75,92.0,present,92.0,present
20260917T01Z,KATL,2026-09-17,,85.0,nbm_prob_tmax_p90,93.0,present,93.0,present
20260917T01Z,KATL,2026-09-17,,85.0,nbm_prob_tmax_mean,91.0,present,91.0,present
20260917T01Z,KATL,2026-09-17,,85.0,nbm_prob_tmax_stddev,1.0,present,1.0,present
20260917T01Z,KATL,2026-09-17,,85.0,nbm_prob_tmax_iqr,2.0,present,2.0,present
20260917T01Z,KATL,2026-09-17,,85.0,nbm_prob_tmax_p10_p90_spread,4.0,present,4.0,present
20260917T01Z,KATL,2026-09-17,,85.0,nbm_prob_tmax_p50_vs_forecast_high,6.0,present,6.0,present
20260917T01Z,KATL,2026-09-17,,85.0,nbm_prob_tmax_p90_vs_forecast_high,8.0,present,8.0,present
20260917T01Z,KATL,2026-09-17,,85.0,nbm_prob_tmax_exceed_forecast_high,0.9,present,0.9,present
20260917T01Z,KATL,2026-09-17,,85.0,nbm_prob_tmax_physical_valid_flag,1.0,present,1.0,present
20260917T01Z,KATL,2026-09-17,,85.0,nbm_prob_tmax_impossible_flag,0.0,present,0.0,present
20260917T01Z,KATL,2026-09-17,,85.0,nbm_prob_tmax_floor_gap,,dropped,,dropped
20260917T01Z,KATL,2026-09-17,80.0,85.0,nbm_prob_tmax_p10,89.0,present,89.0,present
20260917T01Z,KATL,2026-09-17,80.0,85.0,nbm_prob_tmax_p25,90.0,present,90.0,present
20260917T01Z,KATL,2026-09-17,80.0,85.0,nbm_prob_tmax_p50,91.0,present,91.0,present
20260917T01Z,KATL,2026-09-17,80.0,85.0,nbm_prob_tmax_p75,92.0,present,92.0,present
20260917T01Z,KATL,2026-09-17,80.0,85.0,nbm_prob_tmax_p90,93.0,present,93.0,present
20260917T01Z,KATL,2026-09-17,80.0,85.0,nbm_prob_tmax_mean,91.0,present,91.0,present
20260917T01Z,KATL,2026-09-17,80.0,85.0,nbm_prob_tmax_stddev,1.0,present,1.0,present
20260917T01Z,KATL,2026-09-17,80.0,85.0,nbm_prob_tmax_iqr,2.0,present,2.0,present
20260917T01Z,KATL,2026-09-17,80.0,85.0,nbm_prob_tmax_p10_p90_spread,4.0,present,4.0,present
20260917T01Z,KATL,2026-09-17,80.0,85.0,nbm_prob_tmax_p50_vs_forecast_high,6.0,present,6.0,present
20260917T01Z,KATL,2026-09-17,80.0,85.0,nbm_prob_tmax_p90_vs_forecast_high,8.0,present,8.0,present
20260917T01Z,KATL,2026-09-17,80.0,85.0,nbm_prob_tmax_exceed_forecast_high,0.9,present,0.9,present
20260917T01Z,KATL,2026-09-17,80.0,85.0,nbm_prob_tmax_physical_valid_flag,1.0,present,1.0,present
20260917T01Z,KATL,2026-09-17,80.0,85.0,nbm_prob_tmax_impossible_flag,0.0,present,0.0,present
20260917T01Z,KATL,2026-09-17,80.0,85.0,nbm_prob_tmax_floor_gap,13.0,present,13.0,present
20260917T01Z,KAUS,2026-09-17,,85.0,nbm_prob_tmax_p10,97.0,present,97.0,present
20260917T01Z,KAUS,2026-09-17,,85.0,nbm_prob_tmax_p25,98.0,present,98.0,present
20260917T01Z,KAUS,2026-09-17,,85.0,nbm_prob_tmax_p50,99.0,present,99.0,present
20260917T01Z,KAUS,2026-09-17,,85.0,nbm_prob_tmax_p75,100.0,present,100.0,present
20260917T01Z,KAUS,2026-09-17,,85.0,nbm_prob_tmax_p90,100.0,present,100.0,present
20260917T01Z,KAUS,2026-09-17,,85.0,nbm_prob_tmax_mean,99.0,present,99.0,present
20260917T01Z,KAUS,2026-09-17,,85.0,nbm_prob_tmax_stddev,2.0,present,2.0,present
20260917T01Z,KAUS,2026-09-17,,85.0,nbm_prob_tmax_iqr,2.0,present,2.0,present
20260917T01Z,KAUS,2026-09-17,,85.0,nbm_prob_tmax_p10_p90_spread,3.0,present,3.0,present
20260917T01Z,KAUS,2026-09-17,,85.0,nbm_prob_tmax_p50_vs_forecast_high,14.0,present,14.0,present
20260917T01Z,KAUS,2026-09-17,,85.0,nbm_prob_tmax_p90_vs_forecast_high,15.0,present,15.0,present
20260917T01Z,KAUS,2026-09-17,,85.0,nbm_prob_tmax_exceed_forecast_high,0.9,present,0.9,present
20260917T01Z,KAUS,2026-09-17,,85.0,nbm_prob_tmax_physical_valid_flag,1.0,present,1.0,present
20260917T01Z,KAUS,2026-09-17,,85.0,nbm_prob_tmax_impossible_flag,0.0,present,0.0,present
20260917T01Z,KAUS,2026-09-17,,85.0,nbm_prob_tmax_floor_gap,,dropped,,dropped
20260917T01Z,KAUS,2026-09-17,80.0,85.0,nbm_prob_tmax_p10,97.0,present,97.0,present
20260917T01Z,KAUS,2026-09-17,80.0,85.0,nbm_prob_tmax_p25,98.0,present,98.0,present
20260917T01Z,KAUS,2026-09-17,80.0,85.0,nbm_prob_tmax_p50,99.0,present,99.0,present
20260917T01Z,KAUS,2026-09-17,80.0,85.0,nbm_prob_tmax_p75,100.0,present,100.0,present
20260917T01Z,KAUS,2026-09-17,80.0,85.0,nbm_prob_tmax_p90,100.0,present,100.0,present
20260917T01Z,KAUS,2026-09-17,80.0,85.0,nbm_prob_tmax_mean,99.0,present,99.0,present
20260917T01Z,KAUS,2026-09-17,80.0,85.0,nbm_prob_tmax_stddev,2.0,present,2.0,present
20260917T01Z,KAUS,2026-09-17,80.0,85.0,nbm_prob_tmax_iqr,2.0,present,2.0,present
20260917T01Z,KAUS,2026-09-17,80.0,85.0,nbm_prob_tmax_p10_p90_spread,3.0,present,3.0,present
20260917T01Z,KAUS,2026-09-17,80.0,85.0,nbm_prob_tmax_p50_vs_forecast_high,14.0,present,14.0,present
20260917T01Z,KAUS,2026-09-17,80.0,85.0,nbm_prob_tmax_p90_vs_forecast_high,15.0,present,15.0,present
20260917T01Z,KAUS,2026-09-17,80.0,85.0,nbm_prob_tmax_exceed_forecast_high,0.9,present,0.9,present
20260917T01Z,KAUS,2026-09-17,80.0,85.0,nbm_prob_tmax_physical_valid_flag,1.0,present,1.0,present
20260917T01Z,KAUS,2026-09-17,80.0,85.0,nbm_prob_tmax_impossible_flag,0.0,present,0.0,present
20260917T01Z,KAUS,2026-09-17,80.0,85.0,nbm_prob_tmax_floor_gap,20.0,present,20.0,present
20260917T01Z,KBKF,2026-09-17,,85.0,nbm_prob_tmax_p10,79.0,present,79.0,present
20260917T01Z,KBKF,2026-09-17,,85.0,nbm_prob_tmax_p25,81.0,present,81.0,present
20260917T01Z,KBKF,2026-09-17,,85.0,nbm_prob_tmax_p50,83.0,present,83.0,present
20260917T01Z,KBKF,2026-09-17,,85.0,nbm_prob_tmax_p75,85.0,present,85.0,present
20260917T01Z,KBKF,2026-09-17,,85.0,nbm_prob_tmax_p90,87.0,present,87.0,present
20260917T01Z,KBKF,2026-09-17,,85.0,nbm_prob_tmax_mean,83.0,present,83.0,present
20260917T01Z,KBKF,2026-09-17,,85.0,nbm_prob_tmax_stddev,3.0,present,3.0,present
20260917T01Z,KBKF,2026-09-17,,85.0,nbm_prob_tmax_iqr,4.0,present,4.0,present
20260917T01Z,KBKF,2026-09-17,,85.0,nbm_prob_tmax_p10_p90_spread,8.0,present,8.0,present
20260917T01Z,KBKF,2026-09-17,,85.0,nbm_prob_tmax_p50_vs_forecast_high,-2.0,present,-2.0,present
20260917T01Z,KBKF,2026-09-17,,85.0,nbm_prob_tmax_p90_vs_forecast_high,2.0,present,2.0,present
20260917T01Z,KBKF,2026-09-17,,85.0,nbm_prob_tmax_exceed_forecast_high,0.25,present,0.25,present
20260917T01Z,KBKF,2026-09-17,,85.0,nbm_prob_tmax_physical_valid_flag,1.0,present,1.0,present
20260917T01Z,KBKF,2026-09-17,,85.0,nbm_prob_tmax_impossible_flag,0.0,present,0.0,present
20260917T01Z,KBKF,2026-09-17,,85.0,nbm_prob_tmax_floor_gap,,dropped,,dropped
20260917T01Z,KBKF,2026-09-17,80.0,85.0,nbm_prob_tmax_p10,,dropped,,dropped
20260917T01Z,KBKF,2026-09-17,80.0,85.0,nbm_prob_tmax_p25,81.0,present,81.0,present
20260917T01Z,KBKF,2026-09-17,80.0,85.0,nbm_prob_tmax_p50,83.0,present,83.0,present
20260917T01Z,KBKF,2026-09-17,80.0,85.0,nbm_prob_tmax_p75,85.0,present,85.0,present
20260917T01Z,KBKF,2026-09-17,80.0,85.0,nbm_prob_tmax_p90,87.0,present,87.0,present
20260917T01Z,KBKF,2026-09-17,80.0,85.0,nbm_prob_tmax_mean,83.0,present,83.0,present
20260917T01Z,KBKF,2026-09-17,80.0,85.0,nbm_prob_tmax_stddev,3.0,present,3.0,present
20260917T01Z,KBKF,2026-09-17,80.0,85.0,nbm_prob_tmax_iqr,4.0,present,4.0,present
20260917T01Z,KBKF,2026-09-17,80.0,85.0,nbm_prob_tmax_p10_p90_spread,8.0,present,8.0,present
20260917T01Z,KBKF,2026-09-17,80.0,85.0,nbm_prob_tmax_p50_vs_forecast_high,-2.0,present,-2.0,present
20260917T01Z,KBKF,2026-09-17,80.0,85.0,nbm_prob_tmax_p90_vs_forecast_high,2.0,present,2.0,present
20260917T01Z,KBKF,2026-09-17,80.0,85.0,nbm_prob_tmax_exceed_forecast_high,0.25,present,0.25,present
20260917T01Z,KBKF,2026-09-17,80.0,85.0,nbm_prob_tmax_physical_valid_flag,0.0,present,0.0,present
20260917T01Z,KBKF,2026-09-17,80.0,85.0,nbm_prob_tmax_impossible_flag,1.0,present,1.0,present
20260917T01Z,KBKF,2026-09-17,80.0,85.0,nbm_prob_tmax_floor_gap,7.0,present,7.0,present
20260917T01Z,KDAL,2026-09-17,,85.0,nbm_prob_tmax_p10,97.0,present,97.0,present
20260917T01Z,KDAL,2026-09-17,,85.0,nbm_prob_tmax_p25,98.0,present,98.0,present
20260917T01Z,KDAL,2026-09-17,,85.0,nbm_prob_tmax_p50,99.0,present,99.0,present
20260917T01Z,KDAL,2026-09-17,,85.0,nbm_prob_tmax_p75,100.0,present,100.0,present
20260917T01Z,KDAL,2026-09-17,,85.0,nbm_prob_tmax_p90,101.0,present,101.0,present
20260917T01Z,KDAL,2026-09-17,,85.0,nbm_prob_tmax_mean,99.0,present,99.0,present
20260917T01Z,KDAL,2026-09-17,,85.0,nbm_prob_tmax_stddev,1.0,present,1.0,present
20260917T01Z,KDAL,2026-09-17,,85.0,nbm_prob_tmax_iqr,2.0,present,2.0,present
20260917T01Z,KDAL,2026-09-17,,85.0,nbm_prob_tmax_p10_p90_spread,4.0,present,4.0,present
20260917T01Z,KDAL,2026-09-17,,85.0,nbm_prob_tmax_p50_vs_forecast_high,14.0,present,14.0,present
20260917T01Z,KDAL,2026-09-17,,85.0,nbm_prob_tmax_p90_vs_forecast_high,16.0,present,16.0,present
20260917T01Z,KDAL,2026-09-17,,85.0,nbm_prob_tmax_exceed_forecast_high,0.9,present,0.9,present
20260917T01Z,KDAL,2026-09-17,,85.0,nbm_prob_tmax_physical_valid_flag,1.0,present,1.0,present
20260917T01Z,KDAL,2026-09-17,,85.0,nbm_prob_tmax_impossible_flag,0.0,present,0.0,present
20260917T01Z,KDAL,2026-09-17,,85.0,nbm_prob_tmax_floor_gap,,dropped,,dropped
20260917T01Z,KDAL,2026-09-17,80.0,85.0,nbm_prob_tmax_p10,97.0,present,97.0,present
20260917T01Z,KDAL,2026-09-17,80.0,85.0,nbm_prob_tmax_p25,98.0,present,98.0,present
20260917T01Z,KDAL,2026-09-17,80.0,85.0,nbm_prob_tmax_p50,99.0,present,99.0,present
20260917T01Z,KDAL,2026-09-17,80.0,85.0,nbm_prob_tmax_p75,100.0,present,100.0,present
20260917T01Z,KDAL,2026-09-17,80.0,85.0,nbm_prob_tmax_p90,101.0,present,101.0,present
20260917T01Z,KDAL,2026-09-17,80.0,85.0,nbm_prob_tmax_mean,99.0,present,99.0,present
20260917T01Z,KDAL,2026-09-17,80.0,85.0,nbm_prob_tmax_stddev,1.0,present,1.0,present
20260917T01Z,KDAL,2026-09-17,80.0,85.0,nbm_prob_tmax_iqr,2.0,present,2.0,present
20260917T01Z,KDAL,2026-09-17,80.0,85.0,nbm_prob_tmax_p10_p90_spread,4.0,present,4.0,present
20260917T01Z,KDAL,2026-09-17,80.0,85.0,nbm_prob_tmax_p50_vs_forecast_high,14.0,present,14.0,present
20260917T01Z,KDAL,2026-09-17,80.0,85.0,nbm_prob_tmax_p90_vs_forecast_high,16.0,present,16.0,present
20260917T01Z,KDAL,2026-09-17,80.0,85.0,nbm_prob_tmax_exceed_forecast_high,0.9,present,0.9,present
20260917T01Z,KDAL,2026-09-17,80.0,85.0,nbm_prob_tmax_physical_valid_flag,1.0,present,1.0,present
20260917T01Z,KDAL,2026-09-17,80.0,85.0,nbm_prob_tmax_impossible_flag,0.0,present,0.0,present
20260917T01Z,KDAL,2026-09-17,80.0,85.0,nbm_prob_tmax_floor_gap,21.0,present,21.0,present
20260917T01Z,KHOU,2026-09-17,,85.0,nbm_prob_tmax_p10,90.0,present,90.0,present
20260917T01Z,KHOU,2026-09-17,,85.0,nbm_prob_tmax_p25,90.0,present,90.0,present
20260917T01Z,KHOU,2026-09-17,,85.0,nbm_prob_tmax_p50,91.0,present,91.0,present
20260917T01Z,KHOU,2026-09-17,,85.0,nbm_prob_tmax_p75,93.0,present,93.0,present
20260917T01Z,KHOU,2026-09-17,,85.0,nbm_prob_tmax_p90,94.0,present,94.0,present
20260917T01Z,KHOU,2026-09-17,,85.0,nbm_prob_tmax_mean,92.0,present,92.0,present
20260917T01Z,KHOU,2026-09-17,,85.0,nbm_prob_tmax_stddev,2.0,present,2.0,present
20260917T01Z,KHOU,2026-09-17,,85.0,nbm_prob_tmax_iqr,3.0,present,3.0,present
20260917T01Z,KHOU,2026-09-17,,85.0,nbm_prob_tmax_p10_p90_spread,4.0,present,4.0,present
20260917T01Z,KHOU,2026-09-17,,85.0,nbm_prob_tmax_p50_vs_forecast_high,6.0,present,6.0,present
20260917T01Z,KHOU,2026-09-17,,85.0,nbm_prob_tmax_p90_vs_forecast_high,9.0,present,9.0,present
20260917T01Z,KHOU,2026-09-17,,85.0,nbm_prob_tmax_exceed_forecast_high,0.9,present,0.9,present
20260917T01Z,KHOU,2026-09-17,,85.0,nbm_prob_tmax_physical_valid_flag,1.0,present,1.0,present
20260917T01Z,KHOU,2026-09-17,,85.0,nbm_prob_tmax_impossible_flag,0.0,present,0.0,present
20260917T01Z,KHOU,2026-09-17,,85.0,nbm_prob_tmax_floor_gap,,dropped,,dropped
20260917T01Z,KHOU,2026-09-17,80.0,85.0,nbm_prob_tmax_p10,90.0,present,90.0,present
20260917T01Z,KHOU,2026-09-17,80.0,85.0,nbm_prob_tmax_p25,90.0,present,90.0,present
20260917T01Z,KHOU,2026-09-17,80.0,85.0,nbm_prob_tmax_p50,91.0,present,91.0,present
20260917T01Z,KHOU,2026-09-17,80.0,85.0,nbm_prob_tmax_p75,93.0,present,93.0,present
20260917T01Z,KHOU,2026-09-17,80.0,85.0,nbm_prob_tmax_p90,94.0,present,94.0,present
20260917T01Z,KHOU,2026-09-17,80.0,85.0,nbm_prob_tmax_mean,92.0,present,92.0,present
20260917T01Z,KHOU,2026-09-17,80.0,85.0,nbm_prob_tmax_stddev,2.0,present,2.0,present
20260917T01Z,KHOU,2026-09-17,80.0,85.0,nbm_prob_tmax_iqr,3.0,present,3.0,present
20260917T01Z,KHOU,2026-09-17,80.0,85.0,nbm_prob_tmax_p10_p90_spread,4.0,present,4.0,present
20260917T01Z,KHOU,2026-09-17,80.0,85.0,nbm_prob_tmax_p50_vs_forecast_high,6.0,present,6.0,present
20260917T01Z,KHOU,2026-09-17,80.0,85.0,nbm_prob_tmax_p90_vs_forecast_high,9.0,present,9.0,present
20260917T01Z,KHOU,2026-09-17,80.0,85.0,nbm_prob_tmax_exceed_forecast_high,0.9,present,0.9,present
20260917T01Z,KHOU,2026-09-17,80.0,85.0,nbm_prob_tmax_physical_valid_flag,1.0,present,1.0,present
20260917T01Z,KHOU,2026-09-17,80.0,85.0,nbm_prob_tmax_impossible_flag,0.0,present,0.0,present
20260917T01Z,KHOU,2026-09-17,80.0,85.0,nbm_prob_tmax_floor_gap,14.0,present,14.0,present
20260917T01Z,KLAX,2026-09-17,,85.0,nbm_prob_tmax_p10,71.0,present,71.0,present
20260917T01Z,KLAX,2026-09-17,,85.0,nbm_prob_tmax_p25,72.0,present,72.0,present
20260917T01Z,KLAX,2026-09-17,,85.0,nbm_prob_tmax_p50,73.0,present,73.0,present
20260917T01Z,KLAX,2026-09-17,,85.0,nbm_prob_tmax_p75,74.0,present,74.0,present
20260917T01Z,KLAX,2026-09-17,,85.0,nbm_prob_tmax_p90,74.0,present,74.0,present
20260917T01Z,KLAX,2026-09-17,,85.0,nbm_prob_tmax_mean,73.0,present,73.0,present
20260917T01Z,KLAX,2026-09-17,,85.0,nbm_prob_tmax_stddev,1.0,present,1.0,present
20260917T01Z,KLAX,2026-09-17,,85.0,nbm_prob_tmax_iqr,2.0,present,2.0,present
20260917T01Z,KLAX,2026-09-17,,85.0,nbm_prob_tmax_p10_p90_spread,3.0,present,3.0,present
20260917T01Z,KLAX,2026-09-17,,85.0,nbm_prob_tmax_p50_vs_forecast_high,-12.0,present,-12.0,present
20260917T01Z,KLAX,2026-09-17,,85.0,nbm_prob_tmax_p90_vs_forecast_high,-11.0,present,-11.0,present
20260917T01Z,KLAX,2026-09-17,,85.0,nbm_prob_tmax_exceed_forecast_high,0.09999999999999998,present,0.09999999999999998,present
20260917T01Z,KLAX,2026-09-17,,85.0,nbm_prob_tmax_physical_valid_flag,1.0,present,1.0,present
20260917T01Z,KLAX,2026-09-17,,85.0,nbm_prob_tmax_impossible_flag,0.0,present,0.0,present
20260917T01Z,KLAX,2026-09-17,,85.0,nbm_prob_tmax_floor_gap,,dropped,,dropped
20260917T01Z,KLAX,2026-09-17,80.0,85.0,nbm_prob_tmax_p10,,dropped,,dropped
20260917T01Z,KLAX,2026-09-17,80.0,85.0,nbm_prob_tmax_p25,,dropped,,dropped
20260917T01Z,KLAX,2026-09-17,80.0,85.0,nbm_prob_tmax_p50,,dropped,,dropped
20260917T01Z,KLAX,2026-09-17,80.0,85.0,nbm_prob_tmax_p75,,dropped,,dropped
20260917T01Z,KLAX,2026-09-17,80.0,85.0,nbm_prob_tmax_p90,,dropped,,dropped
20260917T01Z,KLAX,2026-09-17,80.0,85.0,nbm_prob_tmax_mean,,dropped,,dropped
20260917T01Z,KLAX,2026-09-17,80.0,85.0,nbm_prob_tmax_stddev,1.0,present,1.0,present
20260917T01Z,KLAX,2026-09-17,80.0,85.0,nbm_prob_tmax_iqr,2.0,present,2.0,present
20260917T01Z,KLAX,2026-09-17,80.0,85.0,nbm_prob_tmax_p10_p90_spread,3.0,present,3.0,present
20260917T01Z,KLAX,2026-09-17,80.0,85.0,nbm_prob_tmax_p50_vs_forecast_high,,dropped,,dropped
20260917T01Z,KLAX,2026-09-17,80.0,85.0,nbm_prob_tmax_p90_vs_forecast_high,,dropped,,dropped
20260917T01Z,KLAX,2026-09-17,80.0,85.0,nbm_prob_tmax_exceed_forecast_high,,dropped,,dropped
20260917T01Z,KLAX,2026-09-17,80.0,85.0,nbm_prob_tmax_physical_valid_flag,0.0,present,0.0,present
20260917T01Z,KLAX,2026-09-17,80.0,85.0,nbm_prob_tmax_impossible_flag,1.0,present,1.0,present
20260917T01Z,KLAX,2026-09-17,80.0,85.0,nbm_prob_tmax_floor_gap,-6.0,present,-6.0,present
20260917T01Z,KLGA,2026-09-17,,85.0,nbm_prob_tmax_p10,80.0,present,80.0,present
20260917T01Z,KLGA,2026-09-17,,85.0,nbm_prob_tmax_p25,82.0,present,82.0,present
20260917T01Z,KLGA,2026-09-17,,85.0,nbm_prob_tmax_p50,82.0,present,82.0,present
20260917T01Z,KLGA,2026-09-17,,85.0,nbm_prob_tmax_p75,83.0,present,83.0,present
20260917T01Z,KLGA,2026-09-17,,85.0,nbm_prob_tmax_p90,84.0,present,84.0,present
20260917T01Z,KLGA,2026-09-17,,85.0,nbm_prob_tmax_mean,82.0,present,82.0,present
20260917T01Z,KLGA,2026-09-17,,85.0,nbm_prob_tmax_stddev,2.0,present,2.0,present
20260917T01Z,KLGA,2026-09-17,,85.0,nbm_prob_tmax_iqr,1.0,present,1.0,present
20260917T01Z,KLGA,2026-09-17,,85.0,nbm_prob_tmax_p10_p90_spread,4.0,present,4.0,present
20260917T01Z,KLGA,2026-09-17,,85.0,nbm_prob_tmax_p50_vs_forecast_high,-3.0,present,-3.0,present
20260917T01Z,KLGA,2026-09-17,,85.0,nbm_prob_tmax_p90_vs_forecast_high,-1.0,present,-1.0,present
20260917T01Z,KLGA,2026-09-17,,85.0,nbm_prob_tmax_exceed_forecast_high,0.09999999999999998,present,0.09999999999999998,present
20260917T01Z,KLGA,2026-09-17,,85.0,nbm_prob_tmax_physical_valid_flag,1.0,present,1.0,present
20260917T01Z,KLGA,2026-09-17,,85.0,nbm_prob_tmax_impossible_flag,0.0,present,0.0,present
20260917T01Z,KLGA,2026-09-17,,85.0,nbm_prob_tmax_floor_gap,,dropped,,dropped
20260917T01Z,KLGA,2026-09-17,80.0,85.0,nbm_prob_tmax_p10,80.0,present,80.0,present
20260917T01Z,KLGA,2026-09-17,80.0,85.0,nbm_prob_tmax_p25,82.0,present,82.0,present
20260917T01Z,KLGA,2026-09-17,80.0,85.0,nbm_prob_tmax_p50,82.0,present,82.0,present
20260917T01Z,KLGA,2026-09-17,80.0,85.0,nbm_prob_tmax_p75,83.0,present,83.0,present
20260917T01Z,KLGA,2026-09-17,80.0,85.0,nbm_prob_tmax_p90,84.0,present,84.0,present
20260917T01Z,KLGA,2026-09-17,80.0,85.0,nbm_prob_tmax_mean,82.0,present,82.0,present
20260917T01Z,KLGA,2026-09-17,80.0,85.0,nbm_prob_tmax_stddev,2.0,present,2.0,present
20260917T01Z,KLGA,2026-09-17,80.0,85.0,nbm_prob_tmax_iqr,1.0,present,1.0,present
20260917T01Z,KLGA,2026-09-17,80.0,85.0,nbm_prob_tmax_p10_p90_spread,4.0,present,4.0,present
20260917T01Z,KLGA,2026-09-17,80.0,85.0,nbm_prob_tmax_p50_vs_forecast_high,-3.0,present,-3.0,present
20260917T01Z,KLGA,2026-09-17,80.0,85.0,nbm_prob_tmax_p90_vs_forecast_high,-1.0,present,-1.0,present
20260917T01Z,KLGA,2026-09-17,80.0,85.0,nbm_prob_tmax_exceed_forecast_high,0.09999999999999998,present,0.09999999999999998,present
20260917T01Z,KLGA,2026-09-17,80.0,85.0,nbm_prob_tmax_physical_valid_flag,1.0,present,1.0,present
20260917T01Z,KLGA,2026-09-17,80.0,85.0,nbm_prob_tmax_impossible_flag,0.0,present,0.0,present
20260917T01Z,KLGA,2026-09-17,80.0,85.0,nbm_prob_tmax_floor_gap,4.0,present,4.0,present
20260917T01Z,KMIA,2026-09-17,,85.0,nbm_prob_tmax_p10,87.0,present,87.0,present
20260917T01Z,KMIA,2026-09-17,,85.0,nbm_prob_tmax_p25,88.0,present,88.0,present
20260917T01Z,KMIA,2026-09-17,,85.0,nbm_prob_tmax_p50,89.0,present,89.0,present
20260917T01Z,KMIA,2026-09-17,,85.0,nbm_prob_tmax_p75,90.0,present,90.0,present
20260917T01Z,KMIA,2026-09-17,,85.0,nbm_prob_tmax_p90,91.0,present,91.0,present
20260917T01Z,KMIA,2026-09-17,,85.0,nbm_prob_tmax_mean,89.0,present,89.0,present
20260917T01Z,KMIA,2026-09-17,,85.0,nbm_prob_tmax_stddev,2.0,present,2.0,present
20260917T01Z,KMIA,2026-09-17,,85.0,nbm_prob_tmax_iqr,2.0,present,2.0,present
20260917T01Z,KMIA,2026-09-17,,85.0,nbm_prob_tmax_p10_p90_spread,4.0,present,4.0,present
20260917T01Z,KMIA,2026-09-17,,85.0,nbm_prob_tmax_p50_vs_forecast_high,4.0,present,4.0,present
20260917T01Z,KMIA,2026-09-17,,85.0,nbm_prob_tmax_p90_vs_forecast_high,6.0,present,6.0,present
20260917T01Z,KMIA,2026-09-17,,85.0,nbm_prob_tmax_exceed_forecast_high,0.9,present,0.9,present
20260917T01Z,KMIA,2026-09-17,,85.0,nbm_prob_tmax_physical_valid_flag,1.0,present,1.0,present
20260917T01Z,KMIA,2026-09-17,,85.0,nbm_prob_tmax_impossible_flag,0.0,present,0.0,present
20260917T01Z,KMIA,2026-09-17,,85.0,nbm_prob_tmax_floor_gap,,dropped,,dropped
20260917T01Z,KMIA,2026-09-17,80.0,85.0,nbm_prob_tmax_p10,87.0,present,87.0,present
20260917T01Z,KMIA,2026-09-17,80.0,85.0,nbm_prob_tmax_p25,88.0,present,88.0,present
20260917T01Z,KMIA,2026-09-17,80.0,85.0,nbm_prob_tmax_p50,89.0,present,89.0,present
20260917T01Z,KMIA,2026-09-17,80.0,85.0,nbm_prob_tmax_p75,90.0,present,90.0,present
20260917T01Z,KMIA,2026-09-17,80.0,85.0,nbm_prob_tmax_p90,91.0,present,91.0,present
20260917T01Z,KMIA,2026-09-17,80.0,85.0,nbm_prob_tmax_mean,89.0,present,89.0,present
20260917T01Z,KMIA,2026-09-17,80.0,85.0,nbm_prob_tmax_stddev,2.0,present,2.0,present
20260917T01Z,KMIA,2026-09-17,80.0,85.0,nbm_prob_tmax_iqr,2.0,present,2.0,present
20260917T01Z,KMIA,2026-09-17,80.0,85.0,nbm_prob_tmax_p10_p90_spread,4.0,present,4.0,present
20260917T01Z,KMIA,2026-09-17,80.0,85.0,nbm_prob_tmax_p50_vs_forecast_high,4.0,present,4.0,present
20260917T01Z,KMIA,2026-09-17,80.0,85.0,nbm_prob_tmax_p90_vs_forecast_high,6.0,present,6.0,present
20260917T01Z,KMIA,2026-09-17,80.0,85.0,nbm_prob_tmax_exceed_forecast_high,0.9,present,0.9,present
20260917T01Z,KMIA,2026-09-17,80.0,85.0,nbm_prob_tmax_physical_valid_flag,1.0,present,1.0,present
20260917T01Z,KMIA,2026-09-17,80.0,85.0,nbm_prob_tmax_impossible_flag,0.0,present,0.0,present
20260917T01Z,KMIA,2026-09-17,80.0,85.0,nbm_prob_tmax_floor_gap,11.0,present,11.0,present
20260917T01Z,KORD,2026-09-17,,85.0,nbm_prob_tmax_p10,75.0,present,75.0,present
20260917T01Z,KORD,2026-09-17,,85.0,nbm_prob_tmax_p25,77.0,present,77.0,present
20260917T01Z,KORD,2026-09-17,,85.0,nbm_prob_tmax_p50,78.0,present,78.0,present
20260917T01Z,KORD,2026-09-17,,85.0,nbm_prob_tmax_p75,80.0,present,80.0,present
20260917T01Z,KORD,2026-09-17,,85.0,nbm_prob_tmax_p90,82.0,present,82.0,present
20260917T01Z,KORD,2026-09-17,,85.0,nbm_prob_tmax_mean,78.0,present,78.0,present
20260917T01Z,KORD,2026-09-17,,85.0,nbm_prob_tmax_stddev,3.0,present,3.0,present
20260917T01Z,KORD,2026-09-17,,85.0,nbm_prob_tmax_iqr,3.0,present,3.0,present
20260917T01Z,KORD,2026-09-17,,85.0,nbm_prob_tmax_p10_p90_spread,7.0,present,7.0,present
20260917T01Z,KORD,2026-09-17,,85.0,nbm_prob_tmax_p50_vs_forecast_high,-7.0,present,-7.0,present
20260917T01Z,KORD,2026-09-17,,85.0,nbm_prob_tmax_p90_vs_forecast_high,-3.0,present,-3.0,present
20260917T01Z,KORD,2026-09-17,,85.0,nbm_prob_tmax_exceed_forecast_high,0.09999999999999998,present,0.09999999999999998,present
20260917T01Z,KORD,2026-09-17,,85.0,nbm_prob_tmax_physical_valid_flag,1.0,present,1.0,present
20260917T01Z,KORD,2026-09-17,,85.0,nbm_prob_tmax_impossible_flag,0.0,present,0.0,present
20260917T01Z,KORD,2026-09-17,,85.0,nbm_prob_tmax_floor_gap,,dropped,,dropped
20260917T01Z,KORD,2026-09-17,80.0,85.0,nbm_prob_tmax_p10,,dropped,,dropped
20260917T01Z,KORD,2026-09-17,80.0,85.0,nbm_prob_tmax_p25,,dropped,,dropped
20260917T01Z,KORD,2026-09-17,80.0,85.0,nbm_prob_tmax_p50,,dropped,,dropped
20260917T01Z,KORD,2026-09-17,80.0,85.0,nbm_prob_tmax_p75,80.0,present,80.0,present
20260917T01Z,KORD,2026-09-17,80.0,85.0,nbm_prob_tmax_p90,82.0,present,82.0,present
20260917T01Z,KORD,2026-09-17,80.0,85.0,nbm_prob_tmax_mean,,dropped,,dropped
20260917T01Z,KORD,2026-09-17,80.0,85.0,nbm_prob_tmax_stddev,3.0,present,3.0,present
20260917T01Z,KORD,2026-09-17,80.0,85.0,nbm_prob_tmax_iqr,3.0,present,3.0,present
20260917T01Z,KORD,2026-09-17,80.0,85.0,nbm_prob_tmax_p10_p90_spread,7.0,present,7.0,present
20260917T01Z,KORD,2026-09-17,80.0,85.0,nbm_prob_tmax_p50_vs_forecast_high,,dropped,,dropped
20260917T01Z,KORD,2026-09-17,80.0,85.0,nbm_prob_tmax_p90_vs_forecast_high,-3.0,present,-3.0,present
20260917T01Z,KORD,2026-09-17,80.0,85.0,nbm_prob_tmax_exceed_forecast_high,0.09999999999999998,present,0.09999999999999998,present
20260917T01Z,KORD,2026-09-17,80.0,85.0,nbm_prob_tmax_physical_valid_flag,0.0,present,0.0,present
20260917T01Z,KORD,2026-09-17,80.0,85.0,nbm_prob_tmax_impossible_flag,1.0,present,1.0,present
20260917T01Z,KORD,2026-09-17,80.0,85.0,nbm_prob_tmax_floor_gap,2.0,present,2.0,present
20260917T01Z,KSEA,2026-09-17,,85.0,nbm_prob_tmax_p10,72.0,present,72.0,present
20260917T01Z,KSEA,2026-09-17,,85.0,nbm_prob_tmax_p25,73.0,present,73.0,present
20260917T01Z,KSEA,2026-09-17,,85.0,nbm_prob_tmax_p50,74.0,present,74.0,present
20260917T01Z,KSEA,2026-09-17,,85.0,nbm_prob_tmax_p75,76.0,present,76.0,present
20260917T01Z,KSEA,2026-09-17,,85.0,nbm_prob_tmax_p90,77.0,present,77.0,present
20260917T01Z,KSEA,2026-09-17,,85.0,nbm_prob_tmax_mean,74.0,present,74.0,present
20260917T01Z,KSEA,2026-09-17,,85.0,nbm_prob_tmax_stddev,2.0,present,2.0,present
20260917T01Z,KSEA,2026-09-17,,85.0,nbm_prob_tmax_iqr,3.0,present,3.0,present
20260917T01Z,KSEA,2026-09-17,,85.0,nbm_prob_tmax_p10_p90_spread,5.0,present,5.0,present
20260917T01Z,KSEA,2026-09-17,,85.0,nbm_prob_tmax_p50_vs_forecast_high,-11.0,present,-11.0,present
20260917T01Z,KSEA,2026-09-17,,85.0,nbm_prob_tmax_p90_vs_forecast_high,-8.0,present,-8.0,present
20260917T01Z,KSEA,2026-09-17,,85.0,nbm_prob_tmax_exceed_forecast_high,0.09999999999999998,present,0.09999999999999998,present
20260917T01Z,KSEA,2026-09-17,,85.0,nbm_prob_tmax_physical_valid_flag,1.0,present,1.0,present
20260917T01Z,KSEA,2026-09-17,,85.0,nbm_prob_tmax_impossible_flag,0.0,present,0.0,present
20260917T01Z,KSEA,2026-09-17,,85.0,nbm_prob_tmax_floor_gap,,dropped,,dropped
20260917T01Z,KSEA,2026-09-17,80.0,85.0,nbm_prob_tmax_p10,,dropped,,dropped
20260917T01Z,KSEA,2026-09-17,80.0,85.0,nbm_prob_tmax_p25,,dropped,,dropped
20260917T01Z,KSEA,2026-09-17,80.0,85.0,nbm_prob_tmax_p50,,dropped,,dropped
20260917T01Z,KSEA,2026-09-17,80.0,85.0,nbm_prob_tmax_p75,,dropped,,dropped
20260917T01Z,KSEA,2026-09-17,80.0,85.0,nbm_prob_tmax_p90,,dropped,,dropped
20260917T01Z,KSEA,2026-09-17,80.0,85.0,nbm_prob_tmax_mean,,dropped,,dropped
20260917T01Z,KSEA,2026-09-17,80.0,85.0,nbm_prob_tmax_stddev,2.0,present,2.0,present
20260917T01Z,KSEA,2026-09-17,80.0,85.0,nbm_prob_tmax_iqr,3.0,present,3.0,present
20260917T01Z,KSEA,2026-09-17,80.0,85.0,nbm_prob_tmax_p10_p90_spread,5.0,present,5.0,present
20260917T01Z,KSEA,2026-09-17,80.0,85.0,nbm_prob_tmax_p50_vs_forecast_high,,dropped,,dropped
20260917T01Z,KSEA,2026-09-17,80.0,85.0,nbm_prob_tmax_p90_vs_forecast_high,,dropped,,dropped
20260917T01Z,KSEA,2026-09-17,80.0,85.0,nbm_prob_tmax_exceed_forecast_high,,dropped,,dropped
20260917T01Z,KSEA,2026-09-17,80.0,85.0,nbm_prob_tmax_physical_valid_flag,0.0,present,0.0,present
20260917T01Z,KSEA,2026-09-17,80.0,85.0,nbm_prob_tmax_impossible_flag,1.0,present,1.0,present
20260917T01Z,KSEA,2026-09-17,80.0,85.0,nbm_prob_tmax_floor_gap,-3.0,present,-3.0,present
20260917T01Z,KSFO,2026-09-17,,85.0,nbm_prob_tmax_p10,69.0,present,69.0,present
20260917T01Z,KSFO,2026-09-17,,85.0,nbm_prob_tmax_p25,70.0,present,70.0,present
20260917T01Z,KSFO,2026-09-17,,85.0,nbm_prob_tmax_p50,71.0,present,71.0,present
20260917T01Z,KSFO,2026-09-17,,85.0,nbm_prob_tmax_p75,73.0,present,73.0,present
20260917T01Z,KSFO,2026-09-17,,85.0,nbm_prob_tmax_p90,74.0,present,74.0,present
20260917T01Z,KSFO,2026-09-17,,85.0,nbm_prob_tmax_mean,71.0,present,71.0,present
20260917T01Z,KSFO,2026-09-17,,85.0,nbm_prob_tmax_stddev,2.0,present,2.0,present
20260917T01Z,KSFO,2026-09-17,,85.0,nbm_prob_tmax_iqr,3.0,present,3.0,present
20260917T01Z,KSFO,2026-09-17,,85.0,nbm_prob_tmax_p10_p90_spread,5.0,present,5.0,present
20260917T01Z,KSFO,2026-09-17,,85.0,nbm_prob_tmax_p50_vs_forecast_high,-14.0,present,-14.0,present
20260917T01Z,KSFO,2026-09-17,,85.0,nbm_prob_tmax_p90_vs_forecast_high,-11.0,present,-11.0,present
20260917T01Z,KSFO,2026-09-17,,85.0,nbm_prob_tmax_exceed_forecast_high,0.09999999999999998,present,0.09999999999999998,present
20260917T01Z,KSFO,2026-09-17,,85.0,nbm_prob_tmax_physical_valid_flag,1.0,present,1.0,present
20260917T01Z,KSFO,2026-09-17,,85.0,nbm_prob_tmax_impossible_flag,0.0,present,0.0,present
20260917T01Z,KSFO,2026-09-17,,85.0,nbm_prob_tmax_floor_gap,,dropped,,dropped
20260917T01Z,KSFO,2026-09-17,80.0,85.0,nbm_prob_tmax_p10,,dropped,,dropped
20260917T01Z,KSFO,2026-09-17,80.0,85.0,nbm_prob_tmax_p25,,dropped,,dropped
20260917T01Z,KSFO,2026-09-17,80.0,85.0,nbm_prob_tmax_p50,,dropped,,dropped
20260917T01Z,KSFO,2026-09-17,80.0,85.0,nbm_prob_tmax_p75,,dropped,,dropped
20260917T01Z,KSFO,2026-09-17,80.0,85.0,nbm_prob_tmax_p90,,dropped,,dropped
20260917T01Z,KSFO,2026-09-17,80.0,85.0,nbm_prob_tmax_mean,,dropped,,dropped
20260917T01Z,KSFO,2026-09-17,80.0,85.0,nbm_prob_tmax_stddev,2.0,present,2.0,present
20260917T01Z,KSFO,2026-09-17,80.0,85.0,nbm_prob_tmax_iqr,3.0,present,3.0,present
20260917T01Z,KSFO,2026-09-17,80.0,85.0,nbm_prob_tmax_p10_p90_spread,5.0,present,5.0,present
20260917T01Z,KSFO,2026-09-17,80.0,85.0,nbm_prob_tmax_p50_vs_forecast_high,,dropped,,dropped
20260917T01Z,KSFO,2026-09-17,80.0,85.0,nbm_prob_tmax_p90_vs_forecast_high,,dropped,,dropped
20260917T01Z,KSFO,2026-09-17,80.0,85.0,nbm_prob_tmax_exceed_forecast_high,,dropped,,dropped
20260917T01Z,KSFO,2026-09-17,80.0,85.0,nbm_prob_tmax_physical_valid_flag,0.0,present,0.0,present
20260917T01Z,KSFO,2026-09-17,80.0,85.0,nbm_prob_tmax_impossible_flag,1.0,present,1.0,present
20260917T01Z,KSFO,2026-09-17,80.0,85.0,nbm_prob_tmax_floor_gap,-6.0,present,-6.0,present
20260917T07Z,KATL,2026-09-17,,85.0,nbm_prob_tmax_p10,89.0,present,89.0,present
20260917T07Z,KATL,2026-09-17,,85.0,nbm_prob_tmax_p25,90.0,present,90.0,present
20260917T07Z,KATL,2026-09-17,,85.0,nbm_prob_tmax_p50,91.0,present,91.0,present
20260917T07Z,KATL,2026-09-17,,85.0,nbm_prob_tmax_p75,92.0,present,92.0,present
20260917T07Z,KATL,2026-09-17,,85.0,nbm_prob_tmax_p90,93.0,present,93.0,present
20260917T07Z,KATL,2026-09-17,,85.0,nbm_prob_tmax_mean,91.0,present,91.0,present
20260917T07Z,KATL,2026-09-17,,85.0,nbm_prob_tmax_stddev,1.0,present,1.0,present
20260917T07Z,KATL,2026-09-17,,85.0,nbm_prob_tmax_iqr,2.0,present,2.0,present
20260917T07Z,KATL,2026-09-17,,85.0,nbm_prob_tmax_p10_p90_spread,4.0,present,4.0,present
20260917T07Z,KATL,2026-09-17,,85.0,nbm_prob_tmax_p50_vs_forecast_high,6.0,present,6.0,present
20260917T07Z,KATL,2026-09-17,,85.0,nbm_prob_tmax_p90_vs_forecast_high,8.0,present,8.0,present
20260917T07Z,KATL,2026-09-17,,85.0,nbm_prob_tmax_exceed_forecast_high,0.9,present,0.9,present
20260917T07Z,KATL,2026-09-17,,85.0,nbm_prob_tmax_physical_valid_flag,1.0,present,1.0,present
20260917T07Z,KATL,2026-09-17,,85.0,nbm_prob_tmax_impossible_flag,0.0,present,0.0,present
20260917T07Z,KATL,2026-09-17,,85.0,nbm_prob_tmax_floor_gap,,dropped,,dropped
20260917T07Z,KATL,2026-09-17,80.0,85.0,nbm_prob_tmax_p10,89.0,present,89.0,present
20260917T07Z,KATL,2026-09-17,80.0,85.0,nbm_prob_tmax_p25,90.0,present,90.0,present
20260917T07Z,KATL,2026-09-17,80.0,85.0,nbm_prob_tmax_p50,91.0,present,91.0,present
20260917T07Z,KATL,2026-09-17,80.0,85.0,nbm_prob_tmax_p75,92.0,present,92.0,present
20260917T07Z,KATL,2026-09-17,80.0,85.0,nbm_prob_tmax_p90,93.0,present,93.0,present
20260917T07Z,KATL,2026-09-17,80.0,85.0,nbm_prob_tmax_mean,91.0,present,91.0,present
20260917T07Z,KATL,2026-09-17,80.0,85.0,nbm_prob_tmax_stddev,1.0,present,1.0,present
20260917T07Z,KATL,2026-09-17,80.0,85.0,nbm_prob_tmax_iqr,2.0,present,2.0,present
20260917T07Z,KATL,2026-09-17,80.0,85.0,nbm_prob_tmax_p10_p90_spread,4.0,present,4.0,present
20260917T07Z,KATL,2026-09-17,80.0,85.0,nbm_prob_tmax_p50_vs_forecast_high,6.0,present,6.0,present
20260917T07Z,KATL,2026-09-17,80.0,85.0,nbm_prob_tmax_p90_vs_forecast_high,8.0,present,8.0,present
20260917T07Z,KATL,2026-09-17,80.0,85.0,nbm_prob_tmax_exceed_forecast_high,0.9,present,0.9,present
20260917T07Z,KATL,2026-09-17,80.0,85.0,nbm_prob_tmax_physical_valid_flag,1.0,present,1.0,present
20260917T07Z,KATL,2026-09-17,80.0,85.0,nbm_prob_tmax_impossible_flag,0.0,present,0.0,present
20260917T07Z,KATL,2026-09-17,80.0,85.0,nbm_prob_tmax_floor_gap,13.0,present,13.0,present
20260917T07Z,KAUS,2026-09-17,,85.0,nbm_prob_tmax_p10,97.0,present,97.0,present
20260917T07Z,KAUS,2026-09-17,,85.0,nbm_prob_tmax_p25,98.0,present,98.0,present
20260917T07Z,KAUS,2026-09-17,,85.0,nbm_prob_tmax_p50,99.0,present,99.0,present
20260917T07Z,KAUS,2026-09-17,,85.0,nbm_prob_tmax_p75,100.0,present,100.0,present
20260917T07Z,KAUS,2026-09-17,,85.0,nbm_prob_tmax_p90,100.0,present,100.0,present
20260917T07Z,KAUS,2026-09-17,,85.0,nbm_prob_tmax_mean,99.0,present,99.0,present
20260917T07Z,KAUS,2026-09-17,,85.0,nbm_prob_tmax_stddev,2.0,present,2.0,present
20260917T07Z,KAUS,2026-09-17,,85.0,nbm_prob_tmax_iqr,2.0,present,2.0,present
20260917T07Z,KAUS,2026-09-17,,85.0,nbm_prob_tmax_p10_p90_spread,3.0,present,3.0,present
20260917T07Z,KAUS,2026-09-17,,85.0,nbm_prob_tmax_p50_vs_forecast_high,14.0,present,14.0,present
20260917T07Z,KAUS,2026-09-17,,85.0,nbm_prob_tmax_p90_vs_forecast_high,15.0,present,15.0,present
20260917T07Z,KAUS,2026-09-17,,85.0,nbm_prob_tmax_exceed_forecast_high,0.9,present,0.9,present
20260917T07Z,KAUS,2026-09-17,,85.0,nbm_prob_tmax_physical_valid_flag,1.0,present,1.0,present
20260917T07Z,KAUS,2026-09-17,,85.0,nbm_prob_tmax_impossible_flag,0.0,present,0.0,present
20260917T07Z,KAUS,2026-09-17,,85.0,nbm_prob_tmax_floor_gap,,dropped,,dropped
20260917T07Z,KAUS,2026-09-17,80.0,85.0,nbm_prob_tmax_p10,97.0,present,97.0,present
20260917T07Z,KAUS,2026-09-17,80.0,85.0,nbm_prob_tmax_p25,98.0,present,98.0,present
20260917T07Z,KAUS,2026-09-17,80.0,85.0,nbm_prob_tmax_p50,99.0,present,99.0,present
20260917T07Z,KAUS,2026-09-17,80.0,85.0,nbm_prob_tmax_p75,100.0,present,100.0,present
20260917T07Z,KAUS,2026-09-17,80.0,85.0,nbm_prob_tmax_p90,100.0,present,100.0,present
20260917T07Z,KAUS,2026-09-17,80.0,85.0,nbm_prob_tmax_mean,99.0,present,99.0,present
20260917T07Z,KAUS,2026-09-17,80.0,85.0,nbm_prob_tmax_stddev,2.0,present,2.0,present
20260917T07Z,KAUS,2026-09-17,80.0,85.0,nbm_prob_tmax_iqr,2.0,present,2.0,present
20260917T07Z,KAUS,2026-09-17,80.0,85.0,nbm_prob_tmax_p10_p90_spread,3.0,present,3.0,present
20260917T07Z,KAUS,2026-09-17,80.0,85.0,nbm_prob_tmax_p50_vs_forecast_high,14.0,present,14.0,present
20260917T07Z,KAUS,2026-09-17,80.0,85.0,nbm_prob_tmax_p90_vs_forecast_high,15.0,present,15.0,present
20260917T07Z,KAUS,2026-09-17,80.0,85.0,nbm_prob_tmax_exceed_forecast_high,0.9,present,0.9,present
20260917T07Z,KAUS,2026-09-17,80.0,85.0,nbm_prob_tmax_physical_valid_flag,1.0,present,1.0,present
20260917T07Z,KAUS,2026-09-17,80.0,85.0,nbm_prob_tmax_impossible_flag,0.0,present,0.0,present
20260917T07Z,KAUS,2026-09-17,80.0,85.0,nbm_prob_tmax_floor_gap,20.0,present,20.0,present
20260917T07Z,KBKF,2026-09-17,,85.0,nbm_prob_tmax_p10,79.0,present,79.0,present
20260917T07Z,KBKF,2026-09-17,,85.0,nbm_prob_tmax_p25,83.0,present,83.0,present
20260917T07Z,KBKF,2026-09-17,,85.0,nbm_prob_tmax_p50,85.0,present,85.0,present
20260917T07Z,KBKF,2026-09-17,,85.0,nbm_prob_tmax_p75,86.0,present,86.0,present
20260917T07Z,KBKF,2026-09-17,,85.0,nbm_prob_tmax_p90,88.0,present,88.0,present
20260917T07Z,KBKF,2026-09-17,,85.0,nbm_prob_tmax_mean,84.0,present,84.0,present
20260917T07Z,KBKF,2026-09-17,,85.0,nbm_prob_tmax_stddev,3.0,present,3.0,present
20260917T07Z,KBKF,2026-09-17,,85.0,nbm_prob_tmax_iqr,3.0,present,3.0,present
20260917T07Z,KBKF,2026-09-17,,85.0,nbm_prob_tmax_p10_p90_spread,9.0,present,9.0,present
20260917T07Z,KBKF,2026-09-17,,85.0,nbm_prob_tmax_p50_vs_forecast_high,0.0,present,0.0,present
20260917T07Z,KBKF,2026-09-17,,85.0,nbm_prob_tmax_p90_vs_forecast_high,3.0,present,3.0,present
20260917T07Z,KBKF,2026-09-17,,85.0,nbm_prob_tmax_exceed_forecast_high,0.5,present,0.5,present
20260917T07Z,KBKF,2026-09-17,,85.0,nbm_prob_tmax_physical_valid_flag,1.0,present,1.0,present
20260917T07Z,KBKF,2026-09-17,,85.0,nbm_prob_tmax_impossible_flag,0.0,present,0.0,present
20260917T07Z,KBKF,2026-09-17,,85.0,nbm_prob_tmax_floor_gap,,dropped,,dropped
20260917T07Z,KBKF,2026-09-17,80.0,85.0,nbm_prob_tmax_p10,,dropped,,dropped
20260917T07Z,KBKF,2026-09-17,80.0,85.0,nbm_prob_tmax_p25,83.0,present,83.0,present
20260917T07Z,KBKF,2026-09-17,80.0,85.0,nbm_prob_tmax_p50,85.0,present,85.0,present
20260917T07Z,KBKF,2026-09-17,80.0,85.0,nbm_prob_tmax_p75,86.0,present,86.0,present
20260917T07Z,KBKF,2026-09-17,80.0,85.0,nbm_prob_tmax_p90,88.0,present,88.0,present
20260917T07Z,KBKF,2026-09-17,80.0,85.0,nbm_prob_tmax_mean,84.0,present,84.0,present
20260917T07Z,KBKF,2026-09-17,80.0,85.0,nbm_prob_tmax_stddev,3.0,present,3.0,present
20260917T07Z,KBKF,2026-09-17,80.0,85.0,nbm_prob_tmax_iqr,3.0,present,3.0,present
20260917T07Z,KBKF,2026-09-17,80.0,85.0,nbm_prob_tmax_p10_p90_spread,9.0,present,9.0,present
20260917T07Z,KBKF,2026-09-17,80.0,85.0,nbm_prob_tmax_p50_vs_forecast_high,0.0,present,0.0,present
20260917T07Z,KBKF,2026-09-17,80.0,85.0,nbm_prob_tmax_p90_vs_forecast_high,3.0,present,3.0,present
20260917T07Z,KBKF,2026-09-17,80.0,85.0,nbm_prob_tmax_exceed_forecast_high,0.5,present,0.5,present
20260917T07Z,KBKF,2026-09-17,80.0,85.0,nbm_prob_tmax_physical_valid_flag,0.0,present,0.0,present
20260917T07Z,KBKF,2026-09-17,80.0,85.0,nbm_prob_tmax_impossible_flag,1.0,present,1.0,present
20260917T07Z,KBKF,2026-09-17,80.0,85.0,nbm_prob_tmax_floor_gap,8.0,present,8.0,present
20260917T07Z,KDAL,2026-09-17,,85.0,nbm_prob_tmax_p10,97.0,present,97.0,present
20260917T07Z,KDAL,2026-09-17,,85.0,nbm_prob_tmax_p25,98.0,present,98.0,present
20260917T07Z,KDAL,2026-09-17,,85.0,nbm_prob_tmax_p50,99.0,present,99.0,present
20260917T07Z,KDAL,2026-09-17,,85.0,nbm_prob_tmax_p75,100.0,present,100.0,present
20260917T07Z,KDAL,2026-09-17,,85.0,nbm_prob_tmax_p90,101.0,present,101.0,present
20260917T07Z,KDAL,2026-09-17,,85.0,nbm_prob_tmax_mean,99.0,present,99.0,present
20260917T07Z,KDAL,2026-09-17,,85.0,nbm_prob_tmax_stddev,1.0,present,1.0,present
20260917T07Z,KDAL,2026-09-17,,85.0,nbm_prob_tmax_iqr,2.0,present,2.0,present
20260917T07Z,KDAL,2026-09-17,,85.0,nbm_prob_tmax_p10_p90_spread,4.0,present,4.0,present
20260917T07Z,KDAL,2026-09-17,,85.0,nbm_prob_tmax_p50_vs_forecast_high,14.0,present,14.0,present
20260917T07Z,KDAL,2026-09-17,,85.0,nbm_prob_tmax_p90_vs_forecast_high,16.0,present,16.0,present
20260917T07Z,KDAL,2026-09-17,,85.0,nbm_prob_tmax_exceed_forecast_high,0.9,present,0.9,present
20260917T07Z,KDAL,2026-09-17,,85.0,nbm_prob_tmax_physical_valid_flag,1.0,present,1.0,present
20260917T07Z,KDAL,2026-09-17,,85.0,nbm_prob_tmax_impossible_flag,0.0,present,0.0,present
20260917T07Z,KDAL,2026-09-17,,85.0,nbm_prob_tmax_floor_gap,,dropped,,dropped
20260917T07Z,KDAL,2026-09-17,80.0,85.0,nbm_prob_tmax_p10,97.0,present,97.0,present
20260917T07Z,KDAL,2026-09-17,80.0,85.0,nbm_prob_tmax_p25,98.0,present,98.0,present
20260917T07Z,KDAL,2026-09-17,80.0,85.0,nbm_prob_tmax_p50,99.0,present,99.0,present
20260917T07Z,KDAL,2026-09-17,80.0,85.0,nbm_prob_tmax_p75,100.0,present,100.0,present
20260917T07Z,KDAL,2026-09-17,80.0,85.0,nbm_prob_tmax_p90,101.0,present,101.0,present
20260917T07Z,KDAL,2026-09-17,80.0,85.0,nbm_prob_tmax_mean,99.0,present,99.0,present
20260917T07Z,KDAL,2026-09-17,80.0,85.0,nbm_prob_tmax_stddev,1.0,present,1.0,present
20260917T07Z,KDAL,2026-09-17,80.0,85.0,nbm_prob_tmax_iqr,2.0,present,2.0,present
20260917T07Z,KDAL,2026-09-17,80.0,85.0,nbm_prob_tmax_p10_p90_spread,4.0,present,4.0,present
20260917T07Z,KDAL,2026-09-17,80.0,85.0,nbm_prob_tmax_p50_vs_forecast_high,14.0,present,14.0,present
20260917T07Z,KDAL,2026-09-17,80.0,85.0,nbm_prob_tmax_p90_vs_forecast_high,16.0,present,16.0,present
20260917T07Z,KDAL,2026-09-17,80.0,85.0,nbm_prob_tmax_exceed_forecast_high,0.9,present,0.9,present
20260917T07Z,KDAL,2026-09-17,80.0,85.0,nbm_prob_tmax_physical_valid_flag,1.0,present,1.0,present
20260917T07Z,KDAL,2026-09-17,80.0,85.0,nbm_prob_tmax_impossible_flag,0.0,present,0.0,present
20260917T07Z,KDAL,2026-09-17,80.0,85.0,nbm_prob_tmax_floor_gap,21.0,present,21.0,present
20260917T07Z,KHOU,2026-09-17,,85.0,nbm_prob_tmax_p10,89.0,present,89.0,present
20260917T07Z,KHOU,2026-09-17,,85.0,nbm_prob_tmax_p25,90.0,present,90.0,present
20260917T07Z,KHOU,2026-09-17,,85.0,nbm_prob_tmax_p50,91.0,present,91.0,present
20260917T07Z,KHOU,2026-09-17,,85.0,nbm_prob_tmax_p75,93.0,present,93.0,present
20260917T07Z,KHOU,2026-09-17,,85.0,nbm_prob_tmax_p90,95.0,present,95.0,present
20260917T07Z,KHOU,2026-09-17,,85.0,nbm_prob_tmax_mean,92.0,present,92.0,present
20260917T07Z,KHOU,2026-09-17,,85.0,nbm_prob_tmax_stddev,2.0,present,2.0,present
20260917T07Z,KHOU,2026-09-17,,85.0,nbm_prob_tmax_iqr,3.0,present,3.0,present
20260917T07Z,KHOU,2026-09-17,,85.0,nbm_prob_tmax_p10_p90_spread,6.0,present,6.0,present
20260917T07Z,KHOU,2026-09-17,,85.0,nbm_prob_tmax_p50_vs_forecast_high,6.0,present,6.0,present
20260917T07Z,KHOU,2026-09-17,,85.0,nbm_prob_tmax_p90_vs_forecast_high,10.0,present,10.0,present
20260917T07Z,KHOU,2026-09-17,,85.0,nbm_prob_tmax_exceed_forecast_high,0.9,present,0.9,present
20260917T07Z,KHOU,2026-09-17,,85.0,nbm_prob_tmax_physical_valid_flag,1.0,present,1.0,present
20260917T07Z,KHOU,2026-09-17,,85.0,nbm_prob_tmax_impossible_flag,0.0,present,0.0,present
20260917T07Z,KHOU,2026-09-17,,85.0,nbm_prob_tmax_floor_gap,,dropped,,dropped
20260917T07Z,KHOU,2026-09-17,80.0,85.0,nbm_prob_tmax_p10,89.0,present,89.0,present
20260917T07Z,KHOU,2026-09-17,80.0,85.0,nbm_prob_tmax_p25,90.0,present,90.0,present
20260917T07Z,KHOU,2026-09-17,80.0,85.0,nbm_prob_tmax_p50,91.0,present,91.0,present
20260917T07Z,KHOU,2026-09-17,80.0,85.0,nbm_prob_tmax_p75,93.0,present,93.0,present
20260917T07Z,KHOU,2026-09-17,80.0,85.0,nbm_prob_tmax_p90,95.0,present,95.0,present
20260917T07Z,KHOU,2026-09-17,80.0,85.0,nbm_prob_tmax_mean,92.0,present,92.0,present
20260917T07Z,KHOU,2026-09-17,80.0,85.0,nbm_prob_tmax_stddev,2.0,present,2.0,present
20260917T07Z,KHOU,2026-09-17,80.0,85.0,nbm_prob_tmax_iqr,3.0,present,3.0,present
20260917T07Z,KHOU,2026-09-17,80.0,85.0,nbm_prob_tmax_p10_p90_spread,6.0,present,6.0,present
20260917T07Z,KHOU,2026-09-17,80.0,85.0,nbm_prob_tmax_p50_vs_forecast_high,6.0,present,6.0,present
20260917T07Z,KHOU,2026-09-17,80.0,85.0,nbm_prob_tmax_p90_vs_forecast_high,10.0,present,10.0,present
20260917T07Z,KHOU,2026-09-17,80.0,85.0,nbm_prob_tmax_exceed_forecast_high,0.9,present,0.9,present
20260917T07Z,KHOU,2026-09-17,80.0,85.0,nbm_prob_tmax_physical_valid_flag,1.0,present,1.0,present
20260917T07Z,KHOU,2026-09-17,80.0,85.0,nbm_prob_tmax_impossible_flag,0.0,present,0.0,present
20260917T07Z,KHOU,2026-09-17,80.0,85.0,nbm_prob_tmax_floor_gap,15.0,present,15.0,present
20260917T07Z,KLAX,2026-09-17,,85.0,nbm_prob_tmax_p10,71.0,present,71.0,present
20260917T07Z,KLAX,2026-09-17,,85.0,nbm_prob_tmax_p25,72.0,present,72.0,present
20260917T07Z,KLAX,2026-09-17,,85.0,nbm_prob_tmax_p50,73.0,present,73.0,present
20260917T07Z,KLAX,2026-09-17,,85.0,nbm_prob_tmax_p75,74.0,present,74.0,present
20260917T07Z,KLAX,2026-09-17,,85.0,nbm_prob_tmax_p90,74.0,present,74.0,present
20260917T07Z,KLAX,2026-09-17,,85.0,nbm_prob_tmax_mean,73.0,present,73.0,present
20260917T07Z,KLAX,2026-09-17,,85.0,nbm_prob_tmax_stddev,1.0,present,1.0,present
20260917T07Z,KLAX,2026-09-17,,85.0,nbm_prob_tmax_iqr,2.0,present,2.0,present
20260917T07Z,KLAX,2026-09-17,,85.0,nbm_prob_tmax_p10_p90_spread,3.0,present,3.0,present
20260917T07Z,KLAX,2026-09-17,,85.0,nbm_prob_tmax_p50_vs_forecast_high,-12.0,present,-12.0,present
20260917T07Z,KLAX,2026-09-17,,85.0,nbm_prob_tmax_p90_vs_forecast_high,-11.0,present,-11.0,present
20260917T07Z,KLAX,2026-09-17,,85.0,nbm_prob_tmax_exceed_forecast_high,0.09999999999999998,present,0.09999999999999998,present
20260917T07Z,KLAX,2026-09-17,,85.0,nbm_prob_tmax_physical_valid_flag,1.0,present,1.0,present
20260917T07Z,KLAX,2026-09-17,,85.0,nbm_prob_tmax_impossible_flag,0.0,present,0.0,present
20260917T07Z,KLAX,2026-09-17,,85.0,nbm_prob_tmax_floor_gap,,dropped,,dropped
20260917T07Z,KLAX,2026-09-17,80.0,85.0,nbm_prob_tmax_p10,,dropped,,dropped
20260917T07Z,KLAX,2026-09-17,80.0,85.0,nbm_prob_tmax_p25,,dropped,,dropped
20260917T07Z,KLAX,2026-09-17,80.0,85.0,nbm_prob_tmax_p50,,dropped,,dropped
20260917T07Z,KLAX,2026-09-17,80.0,85.0,nbm_prob_tmax_p75,,dropped,,dropped
20260917T07Z,KLAX,2026-09-17,80.0,85.0,nbm_prob_tmax_p90,,dropped,,dropped
20260917T07Z,KLAX,2026-09-17,80.0,85.0,nbm_prob_tmax_mean,,dropped,,dropped
20260917T07Z,KLAX,2026-09-17,80.0,85.0,nbm_prob_tmax_stddev,1.0,present,1.0,present
20260917T07Z,KLAX,2026-09-17,80.0,85.0,nbm_prob_tmax_iqr,2.0,present,2.0,present
20260917T07Z,KLAX,2026-09-17,80.0,85.0,nbm_prob_tmax_p10_p90_spread,3.0,present,3.0,present
20260917T07Z,KLAX,2026-09-17,80.0,85.0,nbm_prob_tmax_p50_vs_forecast_high,,dropped,,dropped
20260917T07Z,KLAX,2026-09-17,80.0,85.0,nbm_prob_tmax_p90_vs_forecast_high,,dropped,,dropped
20260917T07Z,KLAX,2026-09-17,80.0,85.0,nbm_prob_tmax_exceed_forecast_high,,dropped,,dropped
20260917T07Z,KLAX,2026-09-17,80.0,85.0,nbm_prob_tmax_physical_valid_flag,0.0,present,0.0,present
20260917T07Z,KLAX,2026-09-17,80.0,85.0,nbm_prob_tmax_impossible_flag,1.0,present,1.0,present
20260917T07Z,KLAX,2026-09-17,80.0,85.0,nbm_prob_tmax_floor_gap,-6.0,present,-6.0,present
20260917T07Z,KLGA,2026-09-17,,85.0,nbm_prob_tmax_p10,81.0,present,81.0,present
20260917T07Z,KLGA,2026-09-17,,85.0,nbm_prob_tmax_p25,82.0,present,82.0,present
20260917T07Z,KLGA,2026-09-17,,85.0,nbm_prob_tmax_p50,83.0,present,83.0,present
20260917T07Z,KLGA,2026-09-17,,85.0,nbm_prob_tmax_p75,84.0,present,84.0,present
20260917T07Z,KLGA,2026-09-17,,85.0,nbm_prob_tmax_p90,85.0,present,85.0,present
20260917T07Z,KLGA,2026-09-17,,85.0,nbm_prob_tmax_mean,83.0,present,83.0,present
20260917T07Z,KLGA,2026-09-17,,85.0,nbm_prob_tmax_stddev,2.0,present,2.0,present
20260917T07Z,KLGA,2026-09-17,,85.0,nbm_prob_tmax_iqr,2.0,present,2.0,present
20260917T07Z,KLGA,2026-09-17,,85.0,nbm_prob_tmax_p10_p90_spread,4.0,present,4.0,present
20260917T07Z,KLGA,2026-09-17,,85.0,nbm_prob_tmax_p50_vs_forecast_high,-2.0,present,-2.0,present
20260917T07Z,KLGA,2026-09-17,,85.0,nbm_prob_tmax_p90_vs_forecast_high,0.0,present,0.0,present
20260917T07Z,KLGA,2026-09-17,,85.0,nbm_prob_tmax_exceed_forecast_high,0.09999999999999998,present,0.09999999999999998,present
20260917T07Z,KLGA,2026-09-17,,85.0,nbm_prob_tmax_physical_valid_flag,1.0,present,1.0,present
20260917T07Z,KLGA,2026-09-17,,85.0,nbm_prob_tmax_impossible_flag,0.0,present,0.0,present
20260917T07Z,KLGA,2026-09-17,,85.0,nbm_prob_tmax_floor_gap,,dropped,,dropped
20260917T07Z,KLGA,2026-09-17,80.0,85.0,nbm_prob_tmax_p10,81.0,present,81.0,present
20260917T07Z,KLGA,2026-09-17,80.0,85.0,nbm_prob_tmax_p25,82.0,present,82.0,present
20260917T07Z,KLGA,2026-09-17,80.0,85.0,nbm_prob_tmax_p50,83.0,present,83.0,present
20260917T07Z,KLGA,2026-09-17,80.0,85.0,nbm_prob_tmax_p75,84.0,present,84.0,present
20260917T07Z,KLGA,2026-09-17,80.0,85.0,nbm_prob_tmax_p90,85.0,present,85.0,present
20260917T07Z,KLGA,2026-09-17,80.0,85.0,nbm_prob_tmax_mean,83.0,present,83.0,present
20260917T07Z,KLGA,2026-09-17,80.0,85.0,nbm_prob_tmax_stddev,2.0,present,2.0,present
20260917T07Z,KLGA,2026-09-17,80.0,85.0,nbm_prob_tmax_iqr,2.0,present,2.0,present
20260917T07Z,KLGA,2026-09-17,80.0,85.0,nbm_prob_tmax_p10_p90_spread,4.0,present,4.0,present
20260917T07Z,KLGA,2026-09-17,80.0,85.0,nbm_prob_tmax_p50_vs_forecast_high,-2.0,present,-2.0,present
20260917T07Z,KLGA,2026-09-17,80.0,85.0,nbm_prob_tmax_p90_vs_forecast_high,0.0,present,0.0,present
20260917T07Z,KLGA,2026-09-17,80.0,85.0,nbm_prob_tmax_exceed_forecast_high,0.09999999999999998,present,0.09999999999999998,present
20260917T07Z,KLGA,2026-09-17,80.0,85.0,nbm_prob_tmax_physical_valid_flag,1.0,present,1.0,present
20260917T07Z,KLGA,2026-09-17,80.0,85.0,nbm_prob_tmax_impossible_flag,0.0,present,0.0,present
20260917T07Z,KLGA,2026-09-17,80.0,85.0,nbm_prob_tmax_floor_gap,5.0,present,5.0,present
20260917T07Z,KMIA,2026-09-17,,85.0,nbm_prob_tmax_p10,88.0,present,88.0,present
20260917T07Z,KMIA,2026-09-17,,85.0,nbm_prob_tmax_p25,88.0,present,88.0,present
20260917T07Z,KMIA,2026-09-17,,85.0,nbm_prob_tmax_p50,90.0,present,90.0,present
20260917T07Z,KMIA,2026-09-17,,85.0,nbm_prob_tmax_p75,91.0,present,91.0,present
20260917T07Z,KMIA,2026-09-17,,85.0,nbm_prob_tmax_p90,92.0,present,92.0,present
20260917T07Z,KMIA,2026-09-17,,85.0,nbm_prob_tmax_mean,90.0,present,90.0,present
20260917T07Z,KMIA,2026-09-17,,85.0,nbm_prob_tmax_stddev,2.0,present,2.0,present
20260917T07Z,KMIA,2026-09-17,,85.0,nbm_prob_tmax_iqr,3.0,present,3.0,present
20260917T07Z,KMIA,2026-09-17,,85.0,nbm_prob_tmax_p10_p90_spread,4.0,present,4.0,present
20260917T07Z,KMIA,2026-09-17,,85.0,nbm_prob_tmax_p50_vs_forecast_high,5.0,present,5.0,present
20260917T07Z,KMIA,2026-09-17,,85.0,nbm_prob_tmax_p90_vs_forecast_high,7.0,present,7.0,present
20260917T07Z,KMIA,2026-09-17,,85.0,nbm_prob_tmax_exceed_forecast_high,0.9,present,0.9,present
20260917T07Z,KMIA,2026-09-17,,85.0,nbm_prob_tmax_physical_valid_flag,1.0,present,1.0,present
20260917T07Z,KMIA,2026-09-17,,85.0,nbm_prob_tmax_impossible_flag,0.0,present,0.0,present
20260917T07Z,KMIA,2026-09-17,,85.0,nbm_prob_tmax_floor_gap,,dropped,,dropped
20260917T07Z,KMIA,2026-09-17,80.0,85.0,nbm_prob_tmax_p10,88.0,present,88.0,present
20260917T07Z,KMIA,2026-09-17,80.0,85.0,nbm_prob_tmax_p25,88.0,present,88.0,present
20260917T07Z,KMIA,2026-09-17,80.0,85.0,nbm_prob_tmax_p50,90.0,present,90.0,present
20260917T07Z,KMIA,2026-09-17,80.0,85.0,nbm_prob_tmax_p75,91.0,present,91.0,present
20260917T07Z,KMIA,2026-09-17,80.0,85.0,nbm_prob_tmax_p90,92.0,present,92.0,present
20260917T07Z,KMIA,2026-09-17,80.0,85.0,nbm_prob_tmax_mean,90.0,present,90.0,present
20260917T07Z,KMIA,2026-09-17,80.0,85.0,nbm_prob_tmax_stddev,2.0,present,2.0,present
20260917T07Z,KMIA,2026-09-17,80.0,85.0,nbm_prob_tmax_iqr,3.0,present,3.0,present
20260917T07Z,KMIA,2026-09-17,80.0,85.0,nbm_prob_tmax_p10_p90_spread,4.0,present,4.0,present
20260917T07Z,KMIA,2026-09-17,80.0,85.0,nbm_prob_tmax_p50_vs_forecast_high,5.0,present,5.0,present
20260917T07Z,KMIA,2026-09-17,80.0,85.0,nbm_prob_tmax_p90_vs_forecast_high,7.0,present,7.0,present
20260917T07Z,KMIA,2026-09-17,80.0,85.0,nbm_prob_tmax_exceed_forecast_high,0.9,present,0.9,present
20260917T07Z,KMIA,2026-09-17,80.0,85.0,nbm_prob_tmax_physical_valid_flag,1.0,present,1.0,present
20260917T07Z,KMIA,2026-09-17,80.0,85.0,nbm_prob_tmax_impossible_flag,0.0,present,0.0,present
20260917T07Z,KMIA,2026-09-17,80.0,85.0,nbm_prob_tmax_floor_gap,12.0,present,12.0,present
20260917T07Z,KORD,2026-09-17,,85.0,nbm_prob_tmax_p10,75.0,present,75.0,present
20260917T07Z,KORD,2026-09-17,,85.0,nbm_prob_tmax_p25,76.0,present,76.0,present
20260917T07Z,KORD,2026-09-17,,85.0,nbm_prob_tmax_p50,78.0,present,78.0,present
20260917T07Z,KORD,2026-09-17,,85.0,nbm_prob_tmax_p75,80.0,present,80.0,present
20260917T07Z,KORD,2026-09-17,,85.0,nbm_prob_tmax_p90,82.0,present,82.0,present
20260917T07Z,KORD,2026-09-17,,85.0,nbm_prob_tmax_mean,78.0,present,78.0,present
20260917T07Z,KORD,2026-09-17,,85.0,nbm_prob_tmax_stddev,3.0,present,3.0,present
20260917T07Z,KORD,2026-09-17,,85.0,nbm_prob_tmax_iqr,4.0,present,4.0,present
20260917T07Z,KORD,2026-09-17,,85.0,nbm_prob_tmax_p10_p90_spread,7.0,present,7.0,present
20260917T07Z,KORD,2026-09-17,,85.0,nbm_prob_tmax_p50_vs_forecast_high,-7.0,present,-7.0,present
20260917T07Z,KORD,2026-09-17,,85.0,nbm_prob_tmax_p90_vs_forecast_high,-3.0,present,-3.0,present
20260917T07Z,KORD,2026-09-17,,85.0,nbm_prob_tmax_exceed_forecast_high,0.09999999999999998,present,0.09999999999999998,present
20260917T07Z,KORD,2026-09-17,,85.0,nbm_prob_tmax_physical_valid_flag,1.0,present,1.0,present
20260917T07Z,KORD,2026-09-17,,85.0,nbm_prob_tmax_impossible_flag,0.0,present,0.0,present
20260917T07Z,KORD,2026-09-17,,85.0,nbm_prob_tmax_floor_gap,,dropped,,dropped
20260917T07Z,KORD,2026-09-17,80.0,85.0,nbm_prob_tmax_p10,,dropped,,dropped
20260917T07Z,KORD,2026-09-17,80.0,85.0,nbm_prob_tmax_p25,,dropped,,dropped
20260917T07Z,KORD,2026-09-17,80.0,85.0,nbm_prob_tmax_p50,,dropped,,dropped
20260917T07Z,KORD,2026-09-17,80.0,85.0,nbm_prob_tmax_p75,80.0,present,80.0,present
20260917T07Z,KORD,2026-09-17,80.0,85.0,nbm_prob_tmax_p90,82.0,present,82.0,present
20260917T07Z,KORD,2026-09-17,80.0,85.0,nbm_prob_tmax_mean,,dropped,,dropped
20260917T07Z,KORD,2026-09-17,80.0,85.0,nbm_prob_tmax_stddev,3.0,present,3.0,present
20260917T07Z,KORD,2026-09-17,80.0,85.0,nbm_prob_tmax_iqr,4.0,present,4.0,present
20260917T07Z,KORD,2026-09-17,80.0,85.0,nbm_prob_tmax_p10_p90_spread,7.0,present,7.0,present
20260917T07Z,KORD,2026-09-17,80.0,85.0,nbm_prob_tmax_p50_vs_forecast_high,,dropped,,dropped
20260917T07Z,KORD,2026-09-17,80.0,85.0,nbm_prob_tmax_p90_vs_forecast_high,-3.0,present,-3.0,present
20260917T07Z,KORD,2026-09-17,80.0,85.0,nbm_prob_tmax_exceed_forecast_high,0.09999999999999998,present,0.09999999999999998,present
20260917T07Z,KORD,2026-09-17,80.0,85.0,nbm_prob_tmax_physical_valid_flag,0.0,present,0.0,present
20260917T07Z,KORD,2026-09-17,80.0,85.0,nbm_prob_tmax_impossible_flag,1.0,present,1.0,present
20260917T07Z,KORD,2026-09-17,80.0,85.0,nbm_prob_tmax_floor_gap,2.0,present,2.0,present
20260917T07Z,KSEA,2026-09-17,,85.0,nbm_prob_tmax_p10,73.0,present,73.0,present
20260917T07Z,KSEA,2026-09-17,,85.0,nbm_prob_tmax_p25,74.0,present,74.0,present
20260917T07Z,KSEA,2026-09-17,,85.0,nbm_prob_tmax_p50,75.0,present,75.0,present
20260917T07Z,KSEA,2026-09-17,,85.0,nbm_prob_tmax_p75,77.0,present,77.0,present
20260917T07Z,KSEA,2026-09-17,,85.0,nbm_prob_tmax_p90,78.0,present,78.0,present
20260917T07Z,KSEA,2026-09-17,,85.0,nbm_prob_tmax_mean,75.0,present,75.0,present
20260917T07Z,KSEA,2026-09-17,,85.0,nbm_prob_tmax_stddev,2.0,present,2.0,present
20260917T07Z,KSEA,2026-09-17,,85.0,nbm_prob_tmax_iqr,3.0,present,3.0,present
20260917T07Z,KSEA,2026-09-17,,85.0,nbm_prob_tmax_p10_p90_spread,5.0,present,5.0,present
20260917T07Z,KSEA,2026-09-17,,85.0,nbm_prob_tmax_p50_vs_forecast_high,-10.0,present,-10.0,present
20260917T07Z,KSEA,2026-09-17,,85.0,nbm_prob_tmax_p90_vs_forecast_high,-7.0,present,-7.0,present
20260917T07Z,KSEA,2026-09-17,,85.0,nbm_prob_tmax_exceed_forecast_high,0.09999999999999998,present,0.09999999999999998,present
20260917T07Z,KSEA,2026-09-17,,85.0,nbm_prob_tmax_physical_valid_flag,1.0,present,1.0,present
20260917T07Z,KSEA,2026-09-17,,85.0,nbm_prob_tmax_impossible_flag,0.0,present,0.0,present
20260917T07Z,KSEA,2026-09-17,,85.0,nbm_prob_tmax_floor_gap,,dropped,,dropped
20260917T07Z,KSEA,2026-09-17,80.0,85.0,nbm_prob_tmax_p10,,dropped,,dropped
20260917T07Z,KSEA,2026-09-17,80.0,85.0,nbm_prob_tmax_p25,,dropped,,dropped
20260917T07Z,KSEA,2026-09-17,80.0,85.0,nbm_prob_tmax_p50,,dropped,,dropped
20260917T07Z,KSEA,2026-09-17,80.0,85.0,nbm_prob_tmax_p75,,dropped,,dropped
20260917T07Z,KSEA,2026-09-17,80.0,85.0,nbm_prob_tmax_p90,,dropped,,dropped
20260917T07Z,KSEA,2026-09-17,80.0,85.0,nbm_prob_tmax_mean,,dropped,,dropped
20260917T07Z,KSEA,2026-09-17,80.0,85.0,nbm_prob_tmax_stddev,2.0,present,2.0,present
20260917T07Z,KSEA,2026-09-17,80.0,85.0,nbm_prob_tmax_iqr,3.0,present,3.0,present
20260917T07Z,KSEA,2026-09-17,80.0,85.0,nbm_prob_tmax_p10_p90_spread,5.0,present,5.0,present
20260917T07Z,KSEA,2026-09-17,80.0,85.0,nbm_prob_tmax_p50_vs_forecast_high,,dropped,,dropped
20260917T07Z,KSEA,2026-09-17,80.0,85.0,nbm_prob_tmax_p90_vs_forecast_high,,dropped,,dropped
20260917T07Z,KSEA,2026-09-17,80.0,85.0,nbm_prob_tmax_exceed_forecast_high,,dropped,,dropped
20260917T07Z,KSEA,2026-09-17,80.0,85.0,nbm_prob_tmax_physical_valid_flag,0.0,present,0.0,present
20260917T07Z,KSEA,2026-09-17,80.0,85.0,nbm_prob_tmax_impossible_flag,1.0,present,1.0,present
20260917T07Z,KSEA,2026-09-17,80.0,85.0,nbm_prob_tmax_floor_gap,-2.0,present,-2.0,present
20260917T07Z,KSFO,2026-09-17,,85.0,nbm_prob_tmax_p10,68.0,present,68.0,present
20260917T07Z,KSFO,2026-09-17,,85.0,nbm_prob_tmax_p25,70.0,present,70.0,present
20260917T07Z,KSFO,2026-09-17,,85.0,nbm_prob_tmax_p50,71.0,present,71.0,present
20260917T07Z,KSFO,2026-09-17,,85.0,nbm_prob_tmax_p75,73.0,present,73.0,present
20260917T07Z,KSFO,2026-09-17,,85.0,nbm_prob_tmax_p90,74.0,present,74.0,present
20260917T07Z,KSFO,2026-09-17,,85.0,nbm_prob_tmax_mean,71.0,present,71.0,present
20260917T07Z,KSFO,2026-09-17,,85.0,nbm_prob_tmax_stddev,2.0,present,2.0,present
20260917T07Z,KSFO,2026-09-17,,85.0,nbm_prob_tmax_iqr,3.0,present,3.0,present
20260917T07Z,KSFO,2026-09-17,,85.0,nbm_prob_tmax_p10_p90_spread,6.0,present,6.0,present
20260917T07Z,KSFO,2026-09-17,,85.0,nbm_prob_tmax_p50_vs_forecast_high,-14.0,present,-14.0,present
20260917T07Z,KSFO,2026-09-17,,85.0,nbm_prob_tmax_p90_vs_forecast_high,-11.0,present,-11.0,present
20260917T07Z,KSFO,2026-09-17,,85.0,nbm_prob_tmax_exceed_forecast_high,0.09999999999999998,present,0.09999999999999998,present
20260917T07Z,KSFO,2026-09-17,,85.0,nbm_prob_tmax_physical_valid_flag,1.0,present,1.0,present
20260917T07Z,KSFO,2026-09-17,,85.0,nbm_prob_tmax_impossible_flag,0.0,present,0.0,present
20260917T07Z,KSFO,2026-09-17,,85.0,nbm_prob_tmax_floor_gap,,dropped,,dropped
20260917T07Z,KSFO,2026-09-17,80.0,85.0,nbm_prob_tmax_p10,,dropped,,dropped
20260917T07Z,KSFO,2026-09-17,80.0,85.0,nbm_prob_tmax_p25,,dropped,,dropped
20260917T07Z,KSFO,2026-09-17,80.0,85.0,nbm_prob_tmax_p50,,dropped,,dropped
20260917T07Z,KSFO,2026-09-17,80.0,85.0,nbm_prob_tmax_p75,,dropped,,dropped
20260917T07Z,KSFO,2026-09-17,80.0,85.0,nbm_prob_tmax_p90,,dropped,,dropped
20260917T07Z,KSFO,2026-09-17,80.0,85.0,nbm_prob_tmax_mean,,dropped,,dropped
20260917T07Z,KSFO,2026-09-17,80.0,85.0,nbm_prob_tmax_stddev,2.0,present,2.0,present
20260917T07Z,KSFO,2026-09-17,80.0,85.0,nbm_prob_tmax_iqr,3.0,present,3.0,present
20260917T07Z,KSFO,2026-09-17,80.0,85.0,nbm_prob_tmax_p10_p90_spread,6.0,present,6.0,present
20260917T07Z,KSFO,2026-09-17,80.0,85.0,nbm_prob_tmax_p50_vs_forecast_high,,dropped,,dropped
20260917T07Z,KSFO,2026-09-17,80.0,85.0,nbm_prob_tmax_p90_vs_forecast_high,,dropped,,dropped
20260917T07Z,KSFO,2026-09-17,80.0,85.0,nbm_prob_tmax_exceed_forecast_high,,dropped,,dropped
20260917T07Z,KSFO,2026-09-17,80.0,85.0,nbm_prob_tmax_physical_valid_flag,0.0,present,0.0,present
20260917T07Z,KSFO,2026-09-17,80.0,85.0,nbm_prob_tmax_impossible_flag,1.0,present,1.0,present
20260917T07Z,KSFO,2026-09-17,80.0,85.0,nbm_prob_tmax_floor_gap,-6.0,present,-6.0,present
20260917T13Z,KATL,2026-09-17,,85.0,nbm_prob_tmax_p10,70.0,present,,unavailable
20260917T13Z,KATL,2026-09-17,,85.0,nbm_prob_tmax_p25,71.0,present,,unavailable
20260917T13Z,KATL,2026-09-17,,85.0,nbm_prob_tmax_p50,72.0,present,,unavailable
20260917T13Z,KATL,2026-09-17,,85.0,nbm_prob_tmax_p75,73.0,present,,unavailable
20260917T13Z,KATL,2026-09-17,,85.0,nbm_prob_tmax_p90,73.0,present,,unavailable
20260917T13Z,KATL,2026-09-17,,85.0,nbm_prob_tmax_mean,72.0,present,,unavailable
20260917T13Z,KATL,2026-09-17,,85.0,nbm_prob_tmax_stddev,2.0,present,,unavailable
20260917T13Z,KATL,2026-09-17,,85.0,nbm_prob_tmax_iqr,2.0,present,,unavailable
20260917T13Z,KATL,2026-09-17,,85.0,nbm_prob_tmax_p10_p90_spread,3.0,present,,unavailable
20260917T13Z,KATL,2026-09-17,,85.0,nbm_prob_tmax_p50_vs_forecast_high,-13.0,present,,unavailable
20260917T13Z,KATL,2026-09-17,,85.0,nbm_prob_tmax_p90_vs_forecast_high,-12.0,present,,unavailable
20260917T13Z,KATL,2026-09-17,,85.0,nbm_prob_tmax_exceed_forecast_high,0.09999999999999998,present,,unavailable
20260917T13Z,KATL,2026-09-17,,85.0,nbm_prob_tmax_physical_valid_flag,1.0,present,0.0,unavailable
20260917T13Z,KATL,2026-09-17,,85.0,nbm_prob_tmax_impossible_flag,0.0,present,1.0,unavailable
20260917T13Z,KATL,2026-09-17,,85.0,nbm_prob_tmax_floor_gap,,dropped,,unavailable
20260917T13Z,KATL,2026-09-17,80.0,85.0,nbm_prob_tmax_p10,,dropped,,unavailable
20260917T13Z,KATL,2026-09-17,80.0,85.0,nbm_prob_tmax_p25,,dropped,,unavailable
20260917T13Z,KATL,2026-09-17,80.0,85.0,nbm_prob_tmax_p50,,dropped,,unavailable
20260917T13Z,KATL,2026-09-17,80.0,85.0,nbm_prob_tmax_p75,,dropped,,unavailable
20260917T13Z,KATL,2026-09-17,80.0,85.0,nbm_prob_tmax_p90,,dropped,,unavailable
20260917T13Z,KATL,2026-09-17,80.0,85.0,nbm_prob_tmax_mean,,dropped,,unavailable
20260917T13Z,KATL,2026-09-17,80.0,85.0,nbm_prob_tmax_stddev,2.0,present,,unavailable
20260917T13Z,KATL,2026-09-17,80.0,85.0,nbm_prob_tmax_iqr,2.0,present,,unavailable
20260917T13Z,KATL,2026-09-17,80.0,85.0,nbm_prob_tmax_p10_p90_spread,3.0,present,,unavailable
20260917T13Z,KATL,2026-09-17,80.0,85.0,nbm_prob_tmax_p50_vs_forecast_high,,dropped,,unavailable
20260917T13Z,KATL,2026-09-17,80.0,85.0,nbm_prob_tmax_p90_vs_forecast_high,,dropped,,unavailable
20260917T13Z,KATL,2026-09-17,80.0,85.0,nbm_prob_tmax_exceed_forecast_high,,dropped,,unavailable
20260917T13Z,KATL,2026-09-17,80.0,85.0,nbm_prob_tmax_physical_valid_flag,0.0,present,0.0,unavailable
20260917T13Z,KATL,2026-09-17,80.0,85.0,nbm_prob_tmax_impossible_flag,1.0,present,1.0,unavailable
20260917T13Z,KATL,2026-09-17,80.0,85.0,nbm_prob_tmax_floor_gap,-7.0,present,,unavailable
20260917T13Z,KAUS,2026-09-17,,85.0,nbm_prob_tmax_p10,71.0,present,,unavailable
20260917T13Z,KAUS,2026-09-17,,85.0,nbm_prob_tmax_p25,72.0,present,,unavailable
20260917T13Z,KAUS,2026-09-17,,85.0,nbm_prob_tmax_p50,73.0,present,,unavailable
20260917T13Z,KAUS,2026-09-17,,85.0,nbm_prob_tmax_p75,73.0,present,,unavailable
20260917T13Z,KAUS,2026-09-17,,85.0,nbm_prob_tmax_p90,75.0,present,,unavailable
20260917T13Z,KAUS,2026-09-17,,85.0,nbm_prob_tmax_mean,73.0,present,,unavailable
20260917T13Z,KAUS,2026-09-17,,85.0,nbm_prob_tmax_stddev,1.0,present,,unavailable
20260917T13Z,KAUS,2026-09-17,,85.0,nbm_prob_tmax_iqr,1.0,present,,unavailable
20260917T13Z,KAUS,2026-09-17,,85.0,nbm_prob_tmax_p10_p90_spread,4.0,present,,unavailable
20260917T13Z,KAUS,2026-09-17,,85.0,nbm_prob_tmax_p50_vs_forecast_high,-12.0,present,,unavailable
20260917T13Z,KAUS,2026-09-17,,85.0,nbm_prob_tmax_p90_vs_forecast_high,-10.0,present,,unavailable
20260917T13Z,KAUS,2026-09-17,,85.0,nbm_prob_tmax_exceed_forecast_high,0.09999999999999998,present,,unavailable
20260917T13Z,KAUS,2026-09-17,,85.0,nbm_prob_tmax_physical_valid_flag,1.0,present,0.0,unavailable
20260917T13Z,KAUS,2026-09-17,,85.0,nbm_prob_tmax_impossible_flag,0.0,present,1.0,unavailable
20260917T13Z,KAUS,2026-09-17,,85.0,nbm_prob_tmax_floor_gap,,dropped,,unavailable
20260917T13Z,KAUS,2026-09-17,80.0,85.0,nbm_prob_tmax_p10,,dropped,,unavailable
20260917T13Z,KAUS,2026-09-17,80.0,85.0,nbm_prob_tmax_p25,,dropped,,unavailable
20260917T13Z,KAUS,2026-09-17,80.0,85.0,nbm_prob_tmax_p50,,dropped,,unavailable
20260917T13Z,KAUS,2026-09-17,80.0,85.0,nbm_prob_tmax_p75,,dropped,,unavailable
20260917T13Z,KAUS,2026-09-17,80.0,85.0,nbm_prob_tmax_p90,,dropped,,unavailable
20260917T13Z,KAUS,2026-09-17,80.0,85.0,nbm_prob_tmax_mean,,dropped,,unavailable
20260917T13Z,KAUS,2026-09-17,80.0,85.0,nbm_prob_tmax_stddev,1.0,present,,unavailable
20260917T13Z,KAUS,2026-09-17,80.0,85.0,nbm_prob_tmax_iqr,1.0,present,,unavailable
20260917T13Z,KAUS,2026-09-17,80.0,85.0,nbm_prob_tmax_p10_p90_spread,4.0,present,,unavailable
20260917T13Z,KAUS,2026-09-17,80.0,85.0,nbm_prob_tmax_p50_vs_forecast_high,,dropped,,unavailable
20260917T13Z,KAUS,2026-09-17,80.0,85.0,nbm_prob_tmax_p90_vs_forecast_high,,dropped,,unavailable
20260917T13Z,KAUS,2026-09-17,80.0,85.0,nbm_prob_tmax_exceed_forecast_high,,dropped,,unavailable
20260917T13Z,KAUS,2026-09-17,80.0,85.0,nbm_prob_tmax_physical_valid_flag,0.0,present,0.0,unavailable
20260917T13Z,KAUS,2026-09-17,80.0,85.0,nbm_prob_tmax_impossible_flag,1.0,present,1.0,unavailable
20260917T13Z,KAUS,2026-09-17,80.0,85.0,nbm_prob_tmax_floor_gap,-5.0,present,,unavailable
20260917T13Z,KBKF,2026-09-17,,85.0,nbm_prob_tmax_p10,55.0,present,,unavailable
20260917T13Z,KBKF,2026-09-17,,85.0,nbm_prob_tmax_p25,56.0,present,,unavailable
20260917T13Z,KBKF,2026-09-17,,85.0,nbm_prob_tmax_p50,58.0,present,,unavailable
20260917T13Z,KBKF,2026-09-17,,85.0,nbm_prob_tmax_p75,59.0,present,,unavailable
20260917T13Z,KBKF,2026-09-17,,85.0,nbm_prob_tmax_p90,61.0,present,,unavailable
20260917T13Z,KBKF,2026-09-17,,85.0,nbm_prob_tmax_mean,58.0,present,,unavailable
20260917T13Z,KBKF,2026-09-17,,85.0,nbm_prob_tmax_stddev,3.0,present,,unavailable
20260917T13Z,KBKF,2026-09-17,,85.0,nbm_prob_tmax_iqr,3.0,present,,unavailable
20260917T13Z,KBKF,2026-09-17,,85.0,nbm_prob_tmax_p10_p90_spread,6.0,present,,unavailable
20260917T13Z,KBKF,2026-09-17,,85.0,nbm_prob_tmax_p50_vs_forecast_high,-27.0,present,,unavailable
20260917T13Z,KBKF,2026-09-17,,85.0,nbm_prob_tmax_p90_vs_forecast_high,-24.0,present,,unavailable
20260917T13Z,KBKF,2026-09-17,,85.0,nbm_prob_tmax_exceed_forecast_high,0.09999999999999998,present,,unavailable
20260917T13Z,KBKF,2026-09-17,,85.0,nbm_prob_tmax_physical_valid_flag,1.0,present,0.0,unavailable
20260917T13Z,KBKF,2026-09-17,,85.0,nbm_prob_tmax_impossible_flag,0.0,present,1.0,unavailable
20260917T13Z,KBKF,2026-09-17,,85.0,nbm_prob_tmax_floor_gap,,dropped,,unavailable
20260917T13Z,KBKF,2026-09-17,80.0,85.0,nbm_prob_tmax_p10,,dropped,,unavailable
20260917T13Z,KBKF,2026-09-17,80.0,85.0,nbm_prob_tmax_p25,,dropped,,unavailable
20260917T13Z,KBKF,2026-09-17,80.0,85.0,nbm_prob_tmax_p50,,dropped,,unavailable
20260917T13Z,KBKF,2026-09-17,80.0,85.0,nbm_prob_tmax_p75,,dropped,,unavailable
20260917T13Z,KBKF,2026-09-17,80.0,85.0,nbm_prob_tmax_p90,,dropped,,unavailable
20260917T13Z,KBKF,2026-09-17,80.0,85.0,nbm_prob_tmax_mean,,dropped,,unavailable
20260917T13Z,KBKF,2026-09-17,80.0,85.0,nbm_prob_tmax_stddev,3.0,present,,unavailable
20260917T13Z,KBKF,2026-09-17,80.0,85.0,nbm_prob_tmax_iqr,3.0,present,,unavailable
20260917T13Z,KBKF,2026-09-17,80.0,85.0,nbm_prob_tmax_p10_p90_spread,6.0,present,,unavailable
20260917T13Z,KBKF,2026-09-17,80.0,85.0,nbm_prob_tmax_p50_vs_forecast_high,,dropped,,unavailable
20260917T13Z,KBKF,2026-09-17,80.0,85.0,nbm_prob_tmax_p90_vs_forecast_high,,dropped,,unavailable
20260917T13Z,KBKF,2026-09-17,80.0,85.0,nbm_prob_tmax_exceed_forecast_high,,dropped,,unavailable
20260917T13Z,KBKF,2026-09-17,80.0,85.0,nbm_prob_tmax_physical_valid_flag,0.0,present,0.0,unavailable
20260917T13Z,KBKF,2026-09-17,80.0,85.0,nbm_prob_tmax_impossible_flag,1.0,present,1.0,unavailable
20260917T13Z,KBKF,2026-09-17,80.0,85.0,nbm_prob_tmax_floor_gap,-19.0,present,,unavailable
20260917T13Z,KDAL,2026-09-17,,85.0,nbm_prob_tmax_p10,79.0,present,,unavailable
20260917T13Z,KDAL,2026-09-17,,85.0,nbm_prob_tmax_p25,79.0,present,,unavailable
20260917T13Z,KDAL,2026-09-17,,85.0,nbm_prob_tmax_p50,80.0,present,,unavailable
20260917T13Z,KDAL,2026-09-17,,85.0,nbm_prob_tmax_p75,82.0,present,,unavailable
20260917T13Z,KDAL,2026-09-17,,85.0,nbm_prob_tmax_p90,83.0,present,,unavailable
20260917T13Z,KDAL,2026-09-17,,85.0,nbm_prob_tmax_mean,81.0,present,,unavailable
20260917T13Z,KDAL,2026-09-17,,85.0,nbm_prob_tmax_stddev,2.0,present,,unavailable
20260917T13Z,KDAL,2026-09-17,,85.0,nbm_prob_tmax_iqr,3.0,present,,unavailable
20260917T13Z,KDAL,2026-09-17,,85.0,nbm_prob_tmax_p10_p90_spread,4.0,present,,unavailable
20260917T13Z,KDAL,2026-09-17,,85.0,nbm_prob_tmax_p50_vs_forecast_high,-5.0,present,,unavailable
20260917T13Z,KDAL,2026-09-17,,85.0,nbm_prob_tmax_p90_vs_forecast_high,-2.0,present,,unavailable
20260917T13Z,KDAL,2026-09-17,,85.0,nbm_prob_tmax_exceed_forecast_high,0.09999999999999998,present,,unavailable
20260917T13Z,KDAL,2026-09-17,,85.0,nbm_prob_tmax_physical_valid_flag,1.0,present,0.0,unavailable
20260917T13Z,KDAL,2026-09-17,,85.0,nbm_prob_tmax_impossible_flag,0.0,present,1.0,unavailable
20260917T13Z,KDAL,2026-09-17,,85.0,nbm_prob_tmax_floor_gap,,dropped,,unavailable
20260917T13Z,KDAL,2026-09-17,80.0,85.0,nbm_prob_tmax_p10,,dropped,,unavailable
20260917T13Z,KDAL,2026-09-17,80.0,85.0,nbm_prob_tmax_p25,,dropped,,unavailable
20260917T13Z,KDAL,2026-09-17,80.0,85.0,nbm_prob_tmax_p50,80.0,present,,unavailable
20260917T13Z,KDAL,2026-09-17,80.0,85.0,nbm_prob_tmax_p75,82.0,present,,unavailable
20260917T13Z,KDAL,2026-09-17,80.0,85.0,nbm_prob_tmax_p90,83.0,present,,unavailable
20260917T13Z,KDAL,2026-09-17,80.0,85.0,nbm_prob_tmax_mean,81.0,present,,unavailable
20260917T13Z,KDAL,2026-09-17,80.0,85.0,nbm_prob_tmax_stddev,2.0,present,,unavailable
20260917T13Z,KDAL,2026-09-17,80.0,85.0,nbm_prob_tmax_iqr,3.0,present,,unavailable
20260917T13Z,KDAL,2026-09-17,80.0,85.0,nbm_prob_tmax_p10_p90_spread,4.0,present,,unavailable
20260917T13Z,KDAL,2026-09-17,80.0,85.0,nbm_prob_tmax_p50_vs_forecast_high,-5.0,present,,unavailable
20260917T13Z,KDAL,2026-09-17,80.0,85.0,nbm_prob_tmax_p90_vs_forecast_high,-2.0,present,,unavailable
20260917T13Z,KDAL,2026-09-17,80.0,85.0,nbm_prob_tmax_exceed_forecast_high,0.09999999999999998,present,,unavailable
20260917T13Z,KDAL,2026-09-17,80.0,85.0,nbm_prob_tmax_physical_valid_flag,0.0,present,0.0,unavailable
20260917T13Z,KDAL,2026-09-17,80.0,85.0,nbm_prob_tmax_impossible_flag,1.0,present,1.0,unavailable
20260917T13Z,KDAL,2026-09-17,80.0,85.0,nbm_prob_tmax_floor_gap,3.0,present,,unavailable
20260917T13Z,KHOU,2026-09-17,,85.0,nbm_prob_tmax_p10,76.0,present,,unavailable
20260917T13Z,KHOU,2026-09-17,,85.0,nbm_prob_tmax_p25,77.0,present,,unavailable
20260917T13Z,KHOU,2026-09-17,,85.0,nbm_prob_tmax_p50,78.0,present,,unavailable
20260917T13Z,KHOU,2026-09-17,,85.0,nbm_prob_tmax_p75,79.0,present,,unavailable
20260917T13Z,KHOU,2026-09-17,,85.0,nbm_prob_tmax_p90,80.0,present,,unavailable
20260917T13Z,KHOU,2026-09-17,,85.0,nbm_prob_tmax_mean,78.0,present,,unavailable
20260917T13Z,KHOU,2026-09-17,,85.0,nbm_prob_tmax_stddev,2.0,present,,unavailable
20260917T13Z,KHOU,2026-09-17,,85.0,nbm_prob_tmax_iqr,2.0,present,,unavailable
20260917T13Z,KHOU,2026-09-17,,85.0,nbm_prob_tmax_p10_p90_spread,4.0,present,,unavailable
20260917T13Z,KHOU,2026-09-17,,85.0,nbm_prob_tmax_p50_vs_forecast_high,-7.0,present,,unavailable
20260917T13Z,KHOU,2026-09-17,,85.0,nbm_prob_tmax_p90_vs_forecast_high,-5.0,present,,unavailable
20260917T13Z,KHOU,2026-09-17,,85.0,nbm_prob_tmax_exceed_forecast_high,0.09999999999999998,present,,unavailable
20260917T13Z,KHOU,2026-09-17,,85.0,nbm_prob_tmax_physical_valid_flag,1.0,present,0.0,unavailable
20260917T13Z,KHOU,2026-09-17,,85.0,nbm_prob_tmax_impossible_flag,0.0,present,1.0,unavailable
20260917T13Z,KHOU,2026-09-17,,85.0,nbm_prob_tmax_floor_gap,,dropped,,unavailable
20260917T13Z,KHOU,2026-09-17,80.0,85.0,nbm_prob_tmax_p10,,dropped,,unavailable
20260917T13Z,KHOU,2026-09-17,80.0,85.0,nbm_prob_tmax_p25,,dropped,,unavailable
20260917T13Z,KHOU,2026-09-17,80.0,85.0,nbm_prob_tmax_p50,,dropped,,unavailable
20260917T13Z,KHOU,2026-09-17,80.0,85.0,nbm_prob_tmax_p75,,dropped,,unavailable
20260917T13Z,KHOU,2026-09-17,80.0,85.0,nbm_prob_tmax_p90,80.0,present,,unavailable
20260917T13Z,KHOU,2026-09-17,80.0,85.0,nbm_prob_tmax_mean,,dropped,,unavailable
20260917T13Z,KHOU,2026-09-17,80.0,85.0,nbm_prob_tmax_stddev,2.0,present,,unavailable
20260917T13Z,KHOU,2026-09-17,80.0,85.0,nbm_prob_tmax_iqr,2.0,present,,unavailable
20260917T13Z,KHOU,2026-09-17,80.0,85.0,nbm_prob_tmax_p10_p90_spread,4.0,present,,unavailable
20260917T13Z,KHOU,2026-09-17,80.0,85.0,nbm_prob_tmax_p50_vs_forecast_high,,dropped,,unavailable
20260917T13Z,KHOU,2026-09-17,80.0,85.0,nbm_prob_tmax_p90_vs_forecast_high,-5.0,present,,unavailable
20260917T13Z,KHOU,2026-09-17,80.0,85.0,nbm_prob_tmax_exceed_forecast_high,0.09999999999999998,present,,unavailable
20260917T13Z,KHOU,2026-09-17,80.0,85.0,nbm_prob_tmax_physical_valid_flag,0.0,present,0.0,unavailable
20260917T13Z,KHOU,2026-09-17,80.0,85.0,nbm_prob_tmax_impossible_flag,1.0,present,1.0,unavailable
20260917T13Z,KHOU,2026-09-17,80.0,85.0,nbm_prob_tmax_floor_gap,0.0,present,,unavailable
20260917T13Z,KLAX,2026-09-17,,85.0,nbm_prob_tmax_p10,63.0,present,,unavailable
20260917T13Z,KLAX,2026-09-17,,85.0,nbm_prob_tmax_p25,64.0,present,,unavailable
20260917T13Z,KLAX,2026-09-17,,85.0,nbm_prob_tmax_p50,65.0,present,,unavailable
20260917T13Z,KLAX,2026-09-17,,85.0,nbm_prob_tmax_p75,67.0,present,,unavailable
20260917T13Z,KLAX,2026-09-17,,85.0,nbm_prob_tmax_p90,68.0,present,,unavailable
20260917T13Z,KLAX,2026-09-17,,85.0,nbm_prob_tmax_mean,65.0,present,,unavailable
20260917T13Z,KLAX,2026-09-17,,85.0,nbm_prob_tmax_stddev,2.0,present,,unavailable
20260917T13Z,KLAX,2026-09-17,,85.0,nbm_prob_tmax_iqr,3.0,present,,unavailable
20260917T13Z,KLAX,2026-09-17,,85.0,nbm_prob_tmax_p10_p90_spread,5.0,present,,unavailable
20260917T13Z,KLAX,2026-09-17,,85.0,nbm_prob_tmax_p50_vs_forecast_high,-20.0,present,,unavailable
20260917T13Z,KLAX,2026-09-17,,85.0,nbm_prob_tmax_p90_vs_forecast_high,-17.0,present,,unavailable
20260917T13Z,KLAX,2026-09-17,,85.0,nbm_prob_tmax_exceed_forecast_high,0.09999999999999998,present,,unavailable
20260917T13Z,KLAX,2026-09-17,,85.0,nbm_prob_tmax_physical_valid_flag,1.0,present,0.0,unavailable
20260917T13Z,KLAX,2026-09-17,,85.0,nbm_prob_tmax_impossible_flag,0.0,present,1.0,unavailable
20260917T13Z,KLAX,2026-09-17,,85.0,nbm_prob_tmax_floor_gap,,dropped,,unavailable
20260917T13Z,KLAX,2026-09-17,80.0,85.0,nbm_prob_tmax_p10,,dropped,,unavailable
20260917T13Z,KLAX,2026-09-17,80.0,85.0,nbm_prob_tmax_p25,,dropped,,unavailable
20260917T13Z,KLAX,2026-09-17,80.0,85.0,nbm_prob_tmax_p50,,dropped,,unavailable
20260917T13Z,KLAX,2026-09-17,80.0,85.0,nbm_prob_tmax_p75,,dropped,,unavailable
20260917T13Z,KLAX,2026-09-17,80.0,85.0,nbm_prob_tmax_p90,,dropped,,unavailable
20260917T13Z,KLAX,2026-09-17,80.0,85.0,nbm_prob_tmax_mean,,dropped,,unavailable
20260917T13Z,KLAX,2026-09-17,80.0,85.0,nbm_prob_tmax_stddev,2.0,present,,unavailable
20260917T13Z,KLAX,2026-09-17,80.0,85.0,nbm_prob_tmax_iqr,3.0,present,,unavailable
20260917T13Z,KLAX,2026-09-17,80.0,85.0,nbm_prob_tmax_p10_p90_spread,5.0,present,,unavailable
20260917T13Z,KLAX,2026-09-17,80.0,85.0,nbm_prob_tmax_p50_vs_forecast_high,,dropped,,unavailable
20260917T13Z,KLAX,2026-09-17,80.0,85.0,nbm_prob_tmax_p90_vs_forecast_high,,dropped,,unavailable
20260917T13Z,KLAX,2026-09-17,80.0,85.0,nbm_prob_tmax_exceed_forecast_high,,dropped,,unavailable
20260917T13Z,KLAX,2026-09-17,80.0,85.0,nbm_prob_tmax_physical_valid_flag,0.0,present,0.0,unavailable
20260917T13Z,KLAX,2026-09-17,80.0,85.0,nbm_prob_tmax_impossible_flag,1.0,present,1.0,unavailable
20260917T13Z,KLAX,2026-09-17,80.0,85.0,nbm_prob_tmax_floor_gap,-12.0,present,,unavailable
20260917T13Z,KLGA,2026-09-17,,85.0,nbm_prob_tmax_p10,71.0,present,,unavailable
20260917T13Z,KLGA,2026-09-17,,85.0,nbm_prob_tmax_p25,72.0,present,,unavailable
20260917T13Z,KLGA,2026-09-17,,85.0,nbm_prob_tmax_p50,72.0,present,,unavailable
20260917T13Z,KLGA,2026-09-17,,85.0,nbm_prob_tmax_p75,73.0,present,,unavailable
20260917T13Z,KLGA,2026-09-17,,85.0,nbm_prob_tmax_p90,73.0,present,,unavailable
20260917T13Z,KLGA,2026-09-17,,85.0,nbm_prob_tmax_mean,72.0,present,,unavailable
20260917T13Z,KLGA,2026-09-17,,85.0,nbm_prob_tmax_stddev,1.0,present,,unavailable
20260917T13Z,KLGA,2026-09-17,,85.0,nbm_prob_tmax_iqr,1.0,present,,unavailable
20260917T13Z,KLGA,2026-09-17,,85.0,nbm_prob_tmax_p10_p90_spread,2.0,present,,unavailable
20260917T13Z,KLGA,2026-09-17,,85.0,nbm_prob_tmax_p50_vs_forecast_high,-13.0,present,,unavailable
20260917T13Z,KLGA,2026-09-17,,85.0,nbm_prob_tmax_p90_vs_forecast_high,-12.0,present,,unavailable
20260917T13Z,KLGA,2026-09-17,,85.0,nbm_prob_tmax_exceed_forecast_high,0.09999999999999998,present,,unavailable
20260917T13Z,KLGA,2026-09-17,,85.0,nbm_prob_tmax_physical_valid_flag,1.0,present,0.0,unavailable
20260917T13Z,KLGA,2026-09-17,,85.0,nbm_prob_tmax_impossible_flag,0.0,present,1.0,unavailable
20260917T13Z,KLGA,2026-09-17,,85.0,nbm_prob_tmax_floor_gap,,dropped,,unavailable
20260917T13Z,KLGA,2026-09-17,80.0,85.0,nbm_prob_tmax_p10,,dropped,,unavailable
20260917T13Z,KLGA,2026-09-17,80.0,85.0,nbm_prob_tmax_p25,,dropped,,unavailable
20260917T13Z,KLGA,2026-09-17,80.0,85.0,nbm_prob_tmax_p50,,dropped,,unavailable
20260917T13Z,KLGA,2026-09-17,80.0,85.0,nbm_prob_tmax_p75,,dropped,,unavailable
20260917T13Z,KLGA,2026-09-17,80.0,85.0,nbm_prob_tmax_p90,,dropped,,unavailable
20260917T13Z,KLGA,2026-09-17,80.0,85.0,nbm_prob_tmax_mean,,dropped,,unavailable
20260917T13Z,KLGA,2026-09-17,80.0,85.0,nbm_prob_tmax_stddev,1.0,present,,unavailable
20260917T13Z,KLGA,2026-09-17,80.0,85.0,nbm_prob_tmax_iqr,1.0,present,,unavailable
20260917T13Z,KLGA,2026-09-17,80.0,85.0,nbm_prob_tmax_p10_p90_spread,2.0,present,,unavailable
20260917T13Z,KLGA,2026-09-17,80.0,85.0,nbm_prob_tmax_p50_vs_forecast_high,,dropped,,unavailable
20260917T13Z,KLGA,2026-09-17,80.0,85.0,nbm_prob_tmax_p90_vs_forecast_high,,dropped,,unavailable
20260917T13Z,KLGA,2026-09-17,80.0,85.0,nbm_prob_tmax_exceed_forecast_high,,dropped,,unavailable
20260917T13Z,KLGA,2026-09-17,80.0,85.0,nbm_prob_tmax_physical_valid_flag,0.0,present,0.0,unavailable
20260917T13Z,KLGA,2026-09-17,80.0,85.0,nbm_prob_tmax_impossible_flag,1.0,present,1.0,unavailable
20260917T13Z,KLGA,2026-09-17,80.0,85.0,nbm_prob_tmax_floor_gap,-7.0,present,,unavailable
20260917T13Z,KMIA,2026-09-17,,85.0,nbm_prob_tmax_p10,76.0,present,,unavailable
20260917T13Z,KMIA,2026-09-17,,85.0,nbm_prob_tmax_p25,77.0,present,,unavailable
20260917T13Z,KMIA,2026-09-17,,85.0,nbm_prob_tmax_p50,78.0,present,,unavailable
20260917T13Z,KMIA,2026-09-17,,85.0,nbm_prob_tmax_p75,79.0,present,,unavailable
20260917T13Z,KMIA,2026-09-17,,85.0,nbm_prob_tmax_p90,79.0,present,,unavailable
20260917T13Z,KMIA,2026-09-17,,85.0,nbm_prob_tmax_mean,78.0,present,,unavailable
20260917T13Z,KMIA,2026-09-17,,85.0,nbm_prob_tmax_stddev,1.0,present,,unavailable
20260917T13Z,KMIA,2026-09-17,,85.0,nbm_prob_tmax_iqr,2.0,present,,unavailable
20260917T13Z,KMIA,2026-09-17,,85.0,nbm_prob_tmax_p10_p90_spread,3.0,present,,unavailable
20260917T13Z,KMIA,2026-09-17,,85.0,nbm_prob_tmax_p50_vs_forecast_high,-7.0,present,,unavailable
20260917T13Z,KMIA,2026-09-17,,85.0,nbm_prob_tmax_p90_vs_forecast_high,-6.0,present,,unavailable
20260917T13Z,KMIA,2026-09-17,,85.0,nbm_prob_tmax_exceed_forecast_high,0.09999999999999998,present,,unavailable
20260917T13Z,KMIA,2026-09-17,,85.0,nbm_prob_tmax_physical_valid_flag,1.0,present,0.0,unavailable
20260917T13Z,KMIA,2026-09-17,,85.0,nbm_prob_tmax_impossible_flag,0.0,present,1.0,unavailable
20260917T13Z,KMIA,2026-09-17,,85.0,nbm_prob_tmax_floor_gap,,dropped,,unavailable
20260917T13Z,KMIA,2026-09-17,80.0,85.0,nbm_prob_tmax_p10,,dropped,,unavailable
20260917T13Z,KMIA,2026-09-17,80.0,85.0,nbm_prob_tmax_p25,,dropped,,unavailable
20260917T13Z,KMIA,2026-09-17,80.0,85.0,nbm_prob_tmax_p50,,dropped,,unavailable
20260917T13Z,KMIA,2026-09-17,80.0,85.0,nbm_prob_tmax_p75,,dropped,,unavailable
20260917T13Z,KMIA,2026-09-17,80.0,85.0,nbm_prob_tmax_p90,,dropped,,unavailable
20260917T13Z,KMIA,2026-09-17,80.0,85.0,nbm_prob_tmax_mean,,dropped,,unavailable
20260917T13Z,KMIA,2026-09-17,80.0,85.0,nbm_prob_tmax_stddev,1.0,present,,unavailable
20260917T13Z,KMIA,2026-09-17,80.0,85.0,nbm_prob_tmax_iqr,2.0,present,,unavailable
20260917T13Z,KMIA,2026-09-17,80.0,85.0,nbm_prob_tmax_p10_p90_spread,3.0,present,,unavailable
20260917T13Z,KMIA,2026-09-17,80.0,85.0,nbm_prob_tmax_p50_vs_forecast_high,,dropped,,unavailable
20260917T13Z,KMIA,2026-09-17,80.0,85.0,nbm_prob_tmax_p90_vs_forecast_high,,dropped,,unavailable
20260917T13Z,KMIA,2026-09-17,80.0,85.0,nbm_prob_tmax_exceed_forecast_high,,dropped,,unavailable
20260917T13Z,KMIA,2026-09-17,80.0,85.0,nbm_prob_tmax_physical_valid_flag,0.0,present,0.0,unavailable
20260917T13Z,KMIA,2026-09-17,80.0,85.0,nbm_prob_tmax_impossible_flag,1.0,present,1.0,unavailable
20260917T13Z,KMIA,2026-09-17,80.0,85.0,nbm_prob_tmax_floor_gap,-1.0,present,,unavailable
20260917T13Z,KORD,2026-09-17,,85.0,nbm_prob_tmax_p10,59.0,present,,unavailable
20260917T13Z,KORD,2026-09-17,,85.0,nbm_prob_tmax_p25,62.0,present,,unavailable
20260917T13Z,KORD,2026-09-17,,85.0,nbm_prob_tmax_p50,65.0,present,,unavailable
20260917T13Z,KORD,2026-09-17,,85.0,nbm_prob_tmax_p75,67.0,present,,unavailable
20260917T13Z,KORD,2026-09-17,,85.0,nbm_prob_tmax_p90,68.0,present,,unavailable
20260917T13Z,KORD,2026-09-17,,85.0,nbm_prob_tmax_mean,64.0,present,,unavailable
20260917T13Z,KORD,2026-09-17,,85.0,nbm_prob_tmax_stddev,3.0,present,,unavailable
20260917T13Z,KORD,2026-09-17,,85.0,nbm_prob_tmax_iqr,5.0,present,,unavailable
20260917T13Z,KORD,2026-09-17,,85.0,nbm_prob_tmax_p10_p90_spread,9.0,present,,unavailable
20260917T13Z,KORD,2026-09-17,,85.0,nbm_prob_tmax_p50_vs_forecast_high,-20.0,present,,unavailable
20260917T13Z,KORD,2026-09-17,,85.0,nbm_prob_tmax_p90_vs_forecast_high,-17.0,present,,unavailable
20260917T13Z,KORD,2026-09-17,,85.0,nbm_prob_tmax_exceed_forecast_high,0.09999999999999998,present,,unavailable
20260917T13Z,KORD,2026-09-17,,85.0,nbm_prob_tmax_physical_valid_flag,1.0,present,0.0,unavailable
20260917T13Z,KORD,2026-09-17,,85.0,nbm_prob_tmax_impossible_flag,0.0,present,1.0,unavailable
20260917T13Z,KORD,2026-09-17,,85.0,nbm_prob_tmax_floor_gap,,dropped,,unavailable
20260917T13Z,KORD,2026-09-17,80.0,85.0,nbm_prob_tmax_p10,,dropped,,unavailable
20260917T13Z,KORD,2026-09-17,80.0,85.0,nbm_prob_tmax_p25,,dropped,,unavailable
20260917T13Z,KORD,2026-09-17,80.0,85.0,nbm_prob_tmax_p50,,dropped,,unavailable
20260917T13Z,KORD,2026-09-17,80.0,85.0,nbm_prob_tmax_p75,,dropped,,unavailable
20260917T13Z,KORD,2026-09-17,80.0,85.0,nbm_prob_tmax_p90,,dropped,,unavailable
20260917T13Z,KORD,2026-09-17,80.0,85.0,nbm_prob_tmax_mean,,dropped,,unavailable
20260917T13Z,KORD,2026-09-17,80.0,85.0,nbm_prob_tmax_stddev,3.0,present,,unavailable
20260917T13Z,KORD,2026-09-17,80.0,85.0,nbm_prob_tmax_iqr,5.0,present,,unavailable
20260917T13Z,KORD,2026-09-17,80.0,85.0,nbm_prob_tmax_p10_p90_spread,9.0,present,,unavailable
20260917T13Z,KORD,2026-09-17,80.0,85.0,nbm_prob_tmax_p50_vs_forecast_high,,dropped,,unavailable
20260917T13Z,KORD,2026-09-17,80.0,85.0,nbm_prob_tmax_p90_vs_forecast_high,,dropped,,unavailable
20260917T13Z,KORD,2026-09-17,80.0,85.0,nbm_prob_tmax_exceed_forecast_high,,dropped,,unavailable
20260917T13Z,KORD,2026-09-17,80.0,85.0,nbm_prob_tmax_physical_valid_flag,0.0,present,0.0,unavailable
20260917T13Z,KORD,2026-09-17,80.0,85.0,nbm_prob_tmax_impossible_flag,1.0,present,1.0,unavailable
20260917T13Z,KORD,2026-09-17,80.0,85.0,nbm_prob_tmax_floor_gap,-12.0,present,,unavailable
20260917T13Z,KSEA,2026-09-17,,85.0,nbm_prob_tmax_p10,52.0,present,,unavailable
20260917T13Z,KSEA,2026-09-17,,85.0,nbm_prob_tmax_p25,53.0,present,,unavailable
20260917T13Z,KSEA,2026-09-17,,85.0,nbm_prob_tmax_p50,55.0,present,,unavailable
20260917T13Z,KSEA,2026-09-17,,85.0,nbm_prob_tmax_p75,56.0,present,,unavailable
20260917T13Z,KSEA,2026-09-17,,85.0,nbm_prob_tmax_p90,56.0,present,,unavailable
20260917T13Z,KSEA,2026-09-17,,85.0,nbm_prob_tmax_mean,55.0,present,,unavailable
20260917T13Z,KSEA,2026-09-17,,85.0,nbm_prob_tmax_stddev,2.0,present,,unavailable
20260917T13Z,KSEA,2026-09-17,,85.0,nbm_prob_tmax_iqr,3.0,present,,unavailable
20260917T13Z,KSEA,2026-09-17,,85.0,nbm_prob_tmax_p10_p90_spread,4.0,present,,unavailable
20260917T13Z,KSEA,2026-09-17,,85.0,nbm_prob_tmax_p50_vs_forecast_high,-30.0,present,,unavailable
20260917T13Z,KSEA,2026-09-17,,85.0,nbm_prob_tmax_p90_vs_forecast_high,-29.0,present,,unavailable
20260917T13Z,KSEA,2026-09-17,,85.0,nbm_prob_tmax_exceed_forecast_high,0.09999999999999998,present,,unavailable
20260917T13Z,KSEA,2026-09-17,,85.0,nbm_prob_tmax_physical_valid_flag,1.0,present,0.0,unavailable
20260917T13Z,KSEA,2026-09-17,,85.0,nbm_prob_tmax_impossible_flag,0.0,present,1.0,unavailable
20260917T13Z,KSEA,2026-09-17,,85.0,nbm_prob_tmax_floor_gap,,dropped,,unavailable
20260917T13Z,KSEA,2026-09-17,80.0,85.0,nbm_prob_tmax_p10,,dropped,,unavailable
20260917T13Z,KSEA,2026-09-17,80.0,85.0,nbm_prob_tmax_p25,,dropped,,unavailable
20260917T13Z,KSEA,2026-09-17,80.0,85.0,nbm_prob_tmax_p50,,dropped,,unavailable
20260917T13Z,KSEA,2026-09-17,80.0,85.0,nbm_prob_tmax_p75,,dropped,,unavailable
20260917T13Z,KSEA,2026-09-17,80.0,85.0,nbm_prob_tmax_p90,,dropped,,unavailable
20260917T13Z,KSEA,2026-09-17,80.0,85.0,nbm_prob_tmax_mean,,dropped,,unavailable
20260917T13Z,KSEA,2026-09-17,80.0,85.0,nbm_prob_tmax_stddev,2.0,present,,unavailable
20260917T13Z,KSEA,2026-09-17,80.0,85.0,nbm_prob_tmax_iqr,3.0,present,,unavailable
20260917T13Z,KSEA,2026-09-17,80.0,85.0,nbm_prob_tmax_p10_p90_spread,4.0,present,,unavailable
20260917T13Z,KSEA,2026-09-17,80.0,85.0,nbm_prob_tmax_p50_vs_forecast_high,,dropped,,unavailable
20260917T13Z,KSEA,2026-09-17,80.0,85.0,nbm_prob_tmax_p90_vs_forecast_high,,dropped,,unavailable
20260917T13Z,KSEA,2026-09-17,80.0,85.0,nbm_prob_tmax_exceed_forecast_high,,dropped,,unavailable
20260917T13Z,KSEA,2026-09-17,80.0,85.0,nbm_prob_tmax_physical_valid_flag,0.0,present,0.0,unavailable
20260917T13Z,KSEA,2026-09-17,80.0,85.0,nbm_prob_tmax_impossible_flag,1.0,present,1.0,unavailable
20260917T13Z,KSEA,2026-09-17,80.0,85.0,nbm_prob_tmax_floor_gap,-24.0,present,,unavailable
20260917T13Z,KSFO,2026-09-17,,85.0,nbm_prob_tmax_p10,57.0,present,,unavailable
20260917T13Z,KSFO,2026-09-17,,85.0,nbm_prob_tmax_p25,58.0,present,,unavailable
20260917T13Z,KSFO,2026-09-17,,85.0,nbm_prob_tmax_p50,59.0,present,,unavailable
20260917T13Z,KSFO,2026-09-17,,85.0,nbm_prob_tmax_p75,60.0,present,,unavailable
20260917T13Z,KSFO,2026-09-17,,85.0,nbm_prob_tmax_p90,60.0,present,,unavailable
20260917T13Z,KSFO,2026-09-17,,85.0,nbm_prob_tmax_mean,59.0,present,,unavailable
20260917T13Z,KSFO,2026-09-17,,85.0,nbm_prob_tmax_stddev,1.0,present,,unavailable
20260917T13Z,KSFO,2026-09-17,,85.0,nbm_prob_tmax_iqr,2.0,present,,unavailable
20260917T13Z,KSFO,2026-09-17,,85.0,nbm_prob_tmax_p10_p90_spread,3.0,present,,unavailable
20260917T13Z,KSFO,2026-09-17,,85.0,nbm_prob_tmax_p50_vs_forecast_high,-26.0,present,,unavailable
20260917T13Z,KSFO,2026-09-17,,85.0,nbm_prob_tmax_p90_vs_forecast_high,-25.0,present,,unavailable
20260917T13Z,KSFO,2026-09-17,,85.0,nbm_prob_tmax_exceed_forecast_high,0.09999999999999998,present,,unavailable
20260917T13Z,KSFO,2026-09-17,,85.0,nbm_prob_tmax_physical_valid_flag,1.0,present,0.0,unavailable
20260917T13Z,KSFO,2026-09-17,,85.0,nbm_prob_tmax_impossible_flag,0.0,present,1.0,unavailable
20260917T13Z,KSFO,2026-09-17,,85.0,nbm_prob_tmax_floor_gap,,dropped,,unavailable
20260917T13Z,KSFO,2026-09-17,80.0,85.0,nbm_prob_tmax_p10,,dropped,,unavailable
20260917T13Z,KSFO,2026-09-17,80.0,85.0,nbm_prob_tmax_p25,,dropped,,unavailable
20260917T13Z,KSFO,2026-09-17,80.0,85.0,nbm_prob_tmax_p50,,dropped,,unavailable
20260917T13Z,KSFO,2026-09-17,80.0,85.0,nbm_prob_tmax_p75,,dropped,,unavailable
20260917T13Z,KSFO,2026-09-17,80.0,85.0,nbm_prob_tmax_p90,,dropped,,unavailable
20260917T13Z,KSFO,2026-09-17,80.0,85.0,nbm_prob_tmax_mean,,dropped,,unavailable
20260917T13Z,KSFO,2026-09-17,80.0,85.0,nbm_prob_tmax_stddev,1.0,present,,unavailable
20260917T13Z,KSFO,2026-09-17,80.0,85.0,nbm_prob_tmax_iqr,2.0,present,,unavailable
20260917T13Z,KSFO,2026-09-17,80.0,85.0,nbm_prob_tmax_p10_p90_spread,3.0,present,,unavailable
20260917T13Z,KSFO,2026-09-17,80.0,85.0,nbm_prob_tmax_p50_vs_forecast_high,,dropped,,unavailable
20260917T13Z,KSFO,2026-09-17,80.0,85.0,nbm_prob_tmax_p90_vs_forecast_high,,dropped,,unavailable
20260917T13Z,KSFO,2026-09-17,80.0,85.0,nbm_prob_tmax_exceed_forecast_high,,dropped,,unavailable
20260917T13Z,KSFO,2026-09-17,80.0,85.0,nbm_prob_tmax_physical_valid_flag,0.0,present,0.0,unavailable
20260917T13Z,KSFO,2026-09-17,80.0,85.0,nbm_prob_tmax_impossible_flag,1.0,present,1.0,unavailable
20260917T13Z,KSFO,2026-09-17,80.0,85.0,nbm_prob_tmax_floor_gap,-20.0,present,,unavailable
20260917T19Z,KATL,2026-09-17,,85.0,nbm_prob_tmax_p10,70.0,present,,unavailable
20260917T19Z,KATL,2026-09-17,,85.0,nbm_prob_tmax_p25,71.0,present,,unavailable
20260917T19Z,KATL,2026-09-17,,85.0,nbm_prob_tmax_p50,72.0,present,,unavailable
20260917T19Z,KATL,2026-09-17,,85.0,nbm_prob_tmax_p75,73.0,present,,unavailable
20260917T19Z,KATL,2026-09-17,,85.0,nbm_prob_tmax_p90,73.0,present,,unavailable
20260917T19Z,KATL,2026-09-17,,85.0,nbm_prob_tmax_mean,72.0,present,,unavailable
20260917T19Z,KATL,2026-09-17,,85.0,nbm_prob_tmax_stddev,2.0,present,,unavailable
20260917T19Z,KATL,2026-09-17,,85.0,nbm_prob_tmax_iqr,2.0,present,,unavailable
20260917T19Z,KATL,2026-09-17,,85.0,nbm_prob_tmax_p10_p90_spread,3.0,present,,unavailable
20260917T19Z,KATL,2026-09-17,,85.0,nbm_prob_tmax_p50_vs_forecast_high,-13.0,present,,unavailable
20260917T19Z,KATL,2026-09-17,,85.0,nbm_prob_tmax_p90_vs_forecast_high,-12.0,present,,unavailable
20260917T19Z,KATL,2026-09-17,,85.0,nbm_prob_tmax_exceed_forecast_high,0.09999999999999998,present,,unavailable
20260917T19Z,KATL,2026-09-17,,85.0,nbm_prob_tmax_physical_valid_flag,1.0,present,0.0,unavailable
20260917T19Z,KATL,2026-09-17,,85.0,nbm_prob_tmax_impossible_flag,0.0,present,1.0,unavailable
20260917T19Z,KATL,2026-09-17,,85.0,nbm_prob_tmax_floor_gap,,dropped,,unavailable
20260917T19Z,KATL,2026-09-17,80.0,85.0,nbm_prob_tmax_p10,,dropped,,unavailable
20260917T19Z,KATL,2026-09-17,80.0,85.0,nbm_prob_tmax_p25,,dropped,,unavailable
20260917T19Z,KATL,2026-09-17,80.0,85.0,nbm_prob_tmax_p50,,dropped,,unavailable
20260917T19Z,KATL,2026-09-17,80.0,85.0,nbm_prob_tmax_p75,,dropped,,unavailable
20260917T19Z,KATL,2026-09-17,80.0,85.0,nbm_prob_tmax_p90,,dropped,,unavailable
20260917T19Z,KATL,2026-09-17,80.0,85.0,nbm_prob_tmax_mean,,dropped,,unavailable
20260917T19Z,KATL,2026-09-17,80.0,85.0,nbm_prob_tmax_stddev,2.0,present,,unavailable
20260917T19Z,KATL,2026-09-17,80.0,85.0,nbm_prob_tmax_iqr,2.0,present,,unavailable
20260917T19Z,KATL,2026-09-17,80.0,85.0,nbm_prob_tmax_p10_p90_spread,3.0,present,,unavailable
20260917T19Z,KATL,2026-09-17,80.0,85.0,nbm_prob_tmax_p50_vs_forecast_high,,dropped,,unavailable
20260917T19Z,KATL,2026-09-17,80.0,85.0,nbm_prob_tmax_p90_vs_forecast_high,,dropped,,unavailable
20260917T19Z,KATL,2026-09-17,80.0,85.0,nbm_prob_tmax_exceed_forecast_high,,dropped,,unavailable
20260917T19Z,KATL,2026-09-17,80.0,85.0,nbm_prob_tmax_physical_valid_flag,0.0,present,0.0,unavailable
20260917T19Z,KATL,2026-09-17,80.0,85.0,nbm_prob_tmax_impossible_flag,1.0,present,1.0,unavailable
20260917T19Z,KATL,2026-09-17,80.0,85.0,nbm_prob_tmax_floor_gap,-7.0,present,,unavailable
20260917T19Z,KAUS,2026-09-17,,85.0,nbm_prob_tmax_p10,71.0,present,,unavailable
20260917T19Z,KAUS,2026-09-17,,85.0,nbm_prob_tmax_p25,72.0,present,,unavailable
20260917T19Z,KAUS,2026-09-17,,85.0,nbm_prob_tmax_p50,73.0,present,,unavailable
20260917T19Z,KAUS,2026-09-17,,85.0,nbm_prob_tmax_p75,74.0,present,,unavailable
20260917T19Z,KAUS,2026-09-17,,85.0,nbm_prob_tmax_p90,75.0,present,,unavailable
20260917T19Z,KAUS,2026-09-17,,85.0,nbm_prob_tmax_mean,73.0,present,,unavailable
20260917T19Z,KAUS,2026-09-17,,85.0,nbm_prob_tmax_stddev,2.0,present,,unavailable
20260917T19Z,KAUS,2026-09-17,,85.0,nbm_prob_tmax_iqr,2.0,present,,unavailable
20260917T19Z,KAUS,2026-09-17,,85.0,nbm_prob_tmax_p10_p90_spread,4.0,present,,unavailable
20260917T19Z,KAUS,2026-09-17,,85.0,nbm_prob_tmax_p50_vs_forecast_high,-12.0,present,,unavailable
20260917T19Z,KAUS,2026-09-17,,85.0,nbm_prob_tmax_p90_vs_forecast_high,-10.0,present,,unavailable
20260917T19Z,KAUS,2026-09-17,,85.0,nbm_prob_tmax_exceed_forecast_high,0.09999999999999998,present,,unavailable
20260917T19Z,KAUS,2026-09-17,,85.0,nbm_prob_tmax_physical_valid_flag,1.0,present,0.0,unavailable
20260917T19Z,KAUS,2026-09-17,,85.0,nbm_prob_tmax_impossible_flag,0.0,present,1.0,unavailable
20260917T19Z,KAUS,2026-09-17,,85.0,nbm_prob_tmax_floor_gap,,dropped,,unavailable
20260917T19Z,KAUS,2026-09-17,80.0,85.0,nbm_prob_tmax_p10,,dropped,,unavailable
20260917T19Z,KAUS,2026-09-17,80.0,85.0,nbm_prob_tmax_p25,,dropped,,unavailable
20260917T19Z,KAUS,2026-09-17,80.0,85.0,nbm_prob_tmax_p50,,dropped,,unavailable
20260917T19Z,KAUS,2026-09-17,80.0,85.0,nbm_prob_tmax_p75,,dropped,,unavailable
20260917T19Z,KAUS,2026-09-17,80.0,85.0,nbm_prob_tmax_p90,,dropped,,unavailable
20260917T19Z,KAUS,2026-09-17,80.0,85.0,nbm_prob_tmax_mean,,dropped,,unavailable
20260917T19Z,KAUS,2026-09-17,80.0,85.0,nbm_prob_tmax_stddev,2.0,present,,unavailable
20260917T19Z,KAUS,2026-09-17,80.0,85.0,nbm_prob_tmax_iqr,2.0,present,,unavailable
20260917T19Z,KAUS,2026-09-17,80.0,85.0,nbm_prob_tmax_p10_p90_spread,4.0,present,,unavailable
20260917T19Z,KAUS,2026-09-17,80.0,85.0,nbm_prob_tmax_p50_vs_forecast_high,,dropped,,unavailable
20260917T19Z,KAUS,2026-09-17,80.0,85.0,nbm_prob_tmax_p90_vs_forecast_high,,dropped,,unavailable
20260917T19Z,KAUS,2026-09-17,80.0,85.0,nbm_prob_tmax_exceed_forecast_high,,dropped,,unavailable
20260917T19Z,KAUS,2026-09-17,80.0,85.0,nbm_prob_tmax_physical_valid_flag,0.0,present,0.0,unavailable
20260917T19Z,KAUS,2026-09-17,80.0,85.0,nbm_prob_tmax_impossible_flag,1.0,present,1.0,unavailable
20260917T19Z,KAUS,2026-09-17,80.0,85.0,nbm_prob_tmax_floor_gap,-5.0,present,,unavailable
20260917T19Z,KBKF,2026-09-17,,85.0,nbm_prob_tmax_p10,55.0,present,,unavailable
20260917T19Z,KBKF,2026-09-17,,85.0,nbm_prob_tmax_p25,57.0,present,,unavailable
20260917T19Z,KBKF,2026-09-17,,85.0,nbm_prob_tmax_p50,58.0,present,,unavailable
20260917T19Z,KBKF,2026-09-17,,85.0,nbm_prob_tmax_p75,59.0,present,,unavailable
20260917T19Z,KBKF,2026-09-17,,85.0,nbm_prob_tmax_p90,61.0,present,,unavailable
20260917T19Z,KBKF,2026-09-17,,85.0,nbm_prob_tmax_mean,58.0,present,,unavailable
20260917T19Z,KBKF,2026-09-17,,85.0,nbm_prob_tmax_stddev,2.0,present,,unavailable
20260917T19Z,KBKF,2026-09-17,,85.0,nbm_prob_tmax_iqr,2.0,present,,unavailable
20260917T19Z,KBKF,2026-09-17,,85.0,nbm_prob_tmax_p10_p90_spread,6.0,present,,unavailable
20260917T19Z,KBKF,2026-09-17,,85.0,nbm_prob_tmax_p50_vs_forecast_high,-27.0,present,,unavailable
20260917T19Z,KBKF,2026-09-17,,85.0,nbm_prob_tmax_p90_vs_forecast_high,-24.0,present,,unavailable
20260917T19Z,KBKF,2026-09-17,,85.0,nbm_prob_tmax_exceed_forecast_high,0.09999999999999998,present,,unavailable
20260917T19Z,KBKF,2026-09-17,,85.0,nbm_prob_tmax_physical_valid_flag,1.0,present,0.0,unavailable
20260917T19Z,KBKF,2026-09-17,,85.0,nbm_prob_tmax_impossible_flag,0.0,present,1.0,unavailable
20260917T19Z,KBKF,2026-09-17,,85.0,nbm_prob_tmax_floor_gap,,dropped,,unavailable
20260917T19Z,KBKF,2026-09-17,80.0,85.0,nbm_prob_tmax_p10,,dropped,,unavailable
20260917T19Z,KBKF,2026-09-17,80.0,85.0,nbm_prob_tmax_p25,,dropped,,unavailable
20260917T19Z,KBKF,2026-09-17,80.0,85.0,nbm_prob_tmax_p50,,dropped,,unavailable
20260917T19Z,KBKF,2026-09-17,80.0,85.0,nbm_prob_tmax_p75,,dropped,,unavailable
20260917T19Z,KBKF,2026-09-17,80.0,85.0,nbm_prob_tmax_p90,,dropped,,unavailable
20260917T19Z,KBKF,2026-09-17,80.0,85.0,nbm_prob_tmax_mean,,dropped,,unavailable
20260917T19Z,KBKF,2026-09-17,80.0,85.0,nbm_prob_tmax_stddev,2.0,present,,unavailable
20260917T19Z,KBKF,2026-09-17,80.0,85.0,nbm_prob_tmax_iqr,2.0,present,,unavailable
20260917T19Z,KBKF,2026-09-17,80.0,85.0,nbm_prob_tmax_p10_p90_spread,6.0,present,,unavailable
20260917T19Z,KBKF,2026-09-17,80.0,85.0,nbm_prob_tmax_p50_vs_forecast_high,,dropped,,unavailable
20260917T19Z,KBKF,2026-09-17,80.0,85.0,nbm_prob_tmax_p90_vs_forecast_high,,dropped,,unavailable
20260917T19Z,KBKF,2026-09-17,80.0,85.0,nbm_prob_tmax_exceed_forecast_high,,dropped,,unavailable
20260917T19Z,KBKF,2026-09-17,80.0,85.0,nbm_prob_tmax_physical_valid_flag,0.0,present,0.0,unavailable
20260917T19Z,KBKF,2026-09-17,80.0,85.0,nbm_prob_tmax_impossible_flag,1.0,present,1.0,unavailable
20260917T19Z,KBKF,2026-09-17,80.0,85.0,nbm_prob_tmax_floor_gap,-19.0,present,,unavailable
20260917T19Z,KDAL,2026-09-17,,85.0,nbm_prob_tmax_p10,78.0,present,,unavailable
20260917T19Z,KDAL,2026-09-17,,85.0,nbm_prob_tmax_p25,79.0,present,,unavailable
20260917T19Z,KDAL,2026-09-17,,85.0,nbm_prob_tmax_p50,81.0,present,,unavailable
20260917T19Z,KDAL,2026-09-17,,85.0,nbm_prob_tmax_p75,82.0,present,,unavailable
20260917T19Z,KDAL,2026-09-17,,85.0,nbm_prob_tmax_p90,83.0,present,,unavailable
20260917T19Z,KDAL,2026-09-17,,85.0,nbm_prob_tmax_mean,81.0,present,,unavailable
20260917T19Z,KDAL,2026-09-17,,85.0,nbm_prob_tmax_stddev,2.0,present,,unavailable
20260917T19Z,KDAL,2026-09-17,,85.0,nbm_prob_tmax_iqr,3.0,present,,unavailable
20260917T19Z,KDAL,2026-09-17,,85.0,nbm_prob_tmax_p10_p90_spread,5.0,present,,unavailable
20260917T19Z,KDAL,2026-09-17,,85.0,nbm_prob_tmax_p50_vs_forecast_high,-4.0,present,,unavailable
20260917T19Z,KDAL,2026-09-17,,85.0,nbm_prob_tmax_p90_vs_forecast_high,-2.0,present,,unavailable
20260917T19Z,KDAL,2026-09-17,,85.0,nbm_prob_tmax_exceed_forecast_high,0.09999999999999998,present,,unavailable
20260917T19Z,KDAL,2026-09-17,,85.0,nbm_prob_tmax_physical_valid_flag,1.0,present,0.0,unavailable
20260917T19Z,KDAL,2026-09-17,,85.0,nbm_prob_tmax_impossible_flag,0.0,present,1.0,unavailable
20260917T19Z,KDAL,2026-09-17,,85.0,nbm_prob_tmax_floor_gap,,dropped,,unavailable
20260917T19Z,KDAL,2026-09-17,80.0,85.0,nbm_prob_tmax_p10,,dropped,,unavailable
20260917T19Z,KDAL,2026-09-17,80.0,85.0,nbm_prob_tmax_p25,,dropped,,unavailable
20260917T19Z,KDAL,2026-09-17,80.0,85.0,nbm_prob_tmax_p50,81.0,present,,unavailable
20260917T19Z,KDAL,2026-09-17,80.0,85.0,nbm_prob_tmax_p75,82.0,present,,unavailable
20260917T19Z,KDAL,2026-09-17,80.0,85.0,nbm_prob_tmax_p90,83.0,present,,unavailable
20260917T19Z,KDAL,2026-09-17,80.0,85.0,nbm_prob_tmax_mean,81.0,present,,unavailable
20260917T19Z,KDAL,2026-09-17,80.0,85.0,nbm_prob_tmax_stddev,2.0,present,,unavailable
20260917T19Z,KDAL,2026-09-17,80.0,85.0,nbm_prob_tmax_iqr,3.0,present,,unavailable
20260917T19Z,KDAL,2026-09-17,80.0,85.0,nbm_prob_tmax_p10_p90_spread,5.0,present,,unavailable
20260917T19Z,KDAL,2026-09-17,80.0,85.0,nbm_prob_tmax_p50_vs_forecast_high,-4.0,present,,unavailable
20260917T19Z,KDAL,2026-09-17,80.0,85.0,nbm_prob_tmax_p90_vs_forecast_high,-2.0,present,,unavailable
20260917T19Z,KDAL,2026-09-17,80.0,85.0,nbm_prob_tmax_exceed_forecast_high,0.09999999999999998,present,,unavailable
20260917T19Z,KDAL,2026-09-17,80.0,85.0,nbm_prob_tmax_physical_valid_flag,0.0,present,0.0,unavailable
20260917T19Z,KDAL,2026-09-17,80.0,85.0,nbm_prob_tmax_impossible_flag,1.0,present,1.0,unavailable
20260917T19Z,KDAL,2026-09-17,80.0,85.0,nbm_prob_tmax_floor_gap,3.0,present,,unavailable
20260917T19Z,KHOU,2026-09-17,,85.0,nbm_prob_tmax_p10,76.0,present,,unavailable
20260917T19Z,KHOU,2026-09-17,,85.0,nbm_prob_tmax_p25,77.0,present,,unavailable
20260917T19Z,KHOU,2026-09-17,,85.0,nbm_prob_tmax_p50,79.0,present,,unavailable
20260917T19Z,KHOU,2026-09-17,,85.0,nbm_prob_tmax_p75,80.0,present,,unavailable
20260917T19Z,KHOU,2026-09-17,,85.0,nbm_prob_tmax_p90,80.0,present,,unavailable
20260917T19Z,KHOU,2026-09-17,,85.0,nbm_prob_tmax_mean,78.0,present,,unavailable
20260917T19Z,KHOU,2026-09-17,,85.0,nbm_prob_tmax_stddev,2.0,present,,unavailable
20260917T19Z,KHOU,2026-09-17,,85.0,nbm_prob_tmax_iqr,3.0,present,,unavailable
20260917T19Z,KHOU,2026-09-17,,85.0,nbm_prob_tmax_p10_p90_spread,4.0,present,,unavailable
20260917T19Z,KHOU,2026-09-17,,85.0,nbm_prob_tmax_p50_vs_forecast_high,-6.0,present,,unavailable
20260917T19Z,KHOU,2026-09-17,,85.0,nbm_prob_tmax_p90_vs_forecast_high,-5.0,present,,unavailable
20260917T19Z,KHOU,2026-09-17,,85.0,nbm_prob_tmax_exceed_forecast_high,0.09999999999999998,present,,unavailable
20260917T19Z,KHOU,2026-09-17,,85.0,nbm_prob_tmax_physical_valid_flag,1.0,present,0.0,unavailable
20260917T19Z,KHOU,2026-09-17,,85.0,nbm_prob_tmax_impossible_flag,0.0,present,1.0,unavailable
20260917T19Z,KHOU,2026-09-17,,85.0,nbm_prob_tmax_floor_gap,,dropped,,unavailable
20260917T19Z,KHOU,2026-09-17,80.0,85.0,nbm_prob_tmax_p10,,dropped,,unavailable
20260917T19Z,KHOU,2026-09-17,80.0,85.0,nbm_prob_tmax_p25,,dropped,,unavailable
20260917T19Z,KHOU,2026-09-17,80.0,85.0,nbm_prob_tmax_p50,,dropped,,unavailable
20260917T19Z,KHOU,2026-09-17,80.0,85.0,nbm_prob_tmax_p75,80.0,present,,unavailable
20260917T19Z,KHOU,2026-09-17,80.0,85.0,nbm_prob_tmax_p90,80.0,present,,unavailable
20260917T19Z,KHOU,2026-09-17,80.0,85.0,nbm_prob_tmax_mean,,dropped,,unavailable
20260917T19Z,KHOU,2026-09-17,80.0,85.0,nbm_prob_tmax_stddev,2.0,present,,unavailable
20260917T19Z,KHOU,2026-09-17,80.0,85.0,nbm_prob_tmax_iqr,3.0,present,,unavailable
20260917T19Z,KHOU,2026-09-17,80.0,85.0,nbm_prob_tmax_p10_p90_spread,4.0,present,,unavailable
20260917T19Z,KHOU,2026-09-17,80.0,85.0,nbm_prob_tmax_p50_vs_forecast_high,,dropped,,unavailable
20260917T19Z,KHOU,2026-09-17,80.0,85.0,nbm_prob_tmax_p90_vs_forecast_high,-5.0,present,,unavailable
20260917T19Z,KHOU,2026-09-17,80.0,85.0,nbm_prob_tmax_exceed_forecast_high,0.09999999999999998,present,,unavailable
20260917T19Z,KHOU,2026-09-17,80.0,85.0,nbm_prob_tmax_physical_valid_flag,0.0,present,0.0,unavailable
20260917T19Z,KHOU,2026-09-17,80.0,85.0,nbm_prob_tmax_impossible_flag,1.0,present,1.0,unavailable
20260917T19Z,KHOU,2026-09-17,80.0,85.0,nbm_prob_tmax_floor_gap,0.0,present,,unavailable
20260917T19Z,KLAX,2026-09-17,,85.0,nbm_prob_tmax_p10,63.0,present,,unavailable
20260917T19Z,KLAX,2026-09-17,,85.0,nbm_prob_tmax_p25,64.0,present,,unavailable
20260917T19Z,KLAX,2026-09-17,,85.0,nbm_prob_tmax_p50,65.0,present,,unavailable
20260917T19Z,KLAX,2026-09-17,,85.0,nbm_prob_tmax_p75,67.0,present,,unavailable
20260917T19Z,KLAX,2026-09-17,,85.0,nbm_prob_tmax_p90,68.0,present,,unavailable
20260917T19Z,KLAX,2026-09-17,,85.0,nbm_prob_tmax_mean,66.0,present,,unavailable
20260917T19Z,KLAX,2026-09-17,,85.0,nbm_prob_tmax_stddev,2.0,present,,unavailable
20260917T19Z,KLAX,2026-09-17,,85.0,nbm_prob_tmax_iqr,3.0,present,,unavailable
20260917T19Z,KLAX,2026-09-17,,85.0,nbm_prob_tmax_p10_p90_spread,5.0,present,,unavailable
20260917T19Z,KLAX,2026-09-17,,85.0,nbm_prob_tmax_p50_vs_forecast_high,-20.0,present,,unavailable
20260917T19Z,KLAX,2026-09-17,,85.0,nbm_prob_tmax_p90_vs_forecast_high,-17.0,present,,unavailable
20260917T19Z,KLAX,2026-09-17,,85.0,nbm_prob_tmax_exceed_forecast_high,0.09999999999999998,present,,unavailable
20260917T19Z,KLAX,2026-09-17,,85.0,nbm_prob_tmax_physical_valid_flag,1.0,present,0.0,unavailable
20260917T19Z,KLAX,2026-09-17,,85.0,nbm_prob_tmax_impossible_flag,0.0,present,1.0,unavailable
20260917T19Z,KLAX,2026-09-17,,85.0,nbm_prob_tmax_floor_gap,,dropped,,unavailable
20260917T19Z,KLAX,2026-09-17,80.0,85.0,nbm_prob_tmax_p10,,dropped,,unavailable
20260917T19Z,KLAX,2026-09-17,80.0,85.0,nbm_prob_tmax_p25,,dropped,,unavailable
20260917T19Z,KLAX,2026-09-17,80.0,85.0,nbm_prob_tmax_p50,,dropped,,unavailable
20260917T19Z,KLAX,2026-09-17,80.0,85.0,nbm_prob_tmax_p75,,dropped,,unavailable
20260917T19Z,KLAX,2026-09-17,80.0,85.0,nbm_prob_tmax_p90,,dropped,,unavailable
20260917T19Z,KLAX,2026-09-17,80.0,85.0,nbm_prob_tmax_mean,,dropped,,unavailable
20260917T19Z,KLAX,2026-09-17,80.0,85.0,nbm_prob_tmax_stddev,2.0,present,,unavailable
20260917T19Z,KLAX,2026-09-17,80.0,85.0,nbm_prob_tmax_iqr,3.0,present,,unavailable
20260917T19Z,KLAX,2026-09-17,80.0,85.0,nbm_prob_tmax_p10_p90_spread,5.0,present,,unavailable
20260917T19Z,KLAX,2026-09-17,80.0,85.0,nbm_prob_tmax_p50_vs_forecast_high,,dropped,,unavailable
20260917T19Z,KLAX,2026-09-17,80.0,85.0,nbm_prob_tmax_p90_vs_forecast_high,,dropped,,unavailable
20260917T19Z,KLAX,2026-09-17,80.0,85.0,nbm_prob_tmax_exceed_forecast_high,,dropped,,unavailable
20260917T19Z,KLAX,2026-09-17,80.0,85.0,nbm_prob_tmax_physical_valid_flag,0.0,present,0.0,unavailable
20260917T19Z,KLAX,2026-09-17,80.0,85.0,nbm_prob_tmax_impossible_flag,1.0,present,1.0,unavailable
20260917T19Z,KLAX,2026-09-17,80.0,85.0,nbm_prob_tmax_floor_gap,-12.0,present,,unavailable
20260917T19Z,KLGA,2026-09-17,,85.0,nbm_prob_tmax_p10,71.0,present,,unavailable
20260917T19Z,KLGA,2026-09-17,,85.0,nbm_prob_tmax_p25,72.0,present,,unavailable
20260917T19Z,KLGA,2026-09-17,,85.0,nbm_prob_tmax_p50,73.0,present,,unavailable
20260917T19Z,KLGA,2026-09-17,,85.0,nbm_prob_tmax_p75,73.0,present,,unavailable
20260917T19Z,KLGA,2026-09-17,,85.0,nbm_prob_tmax_p90,73.0,present,,unavailable
20260917T19Z,KLGA,2026-09-17,,85.0,nbm_prob_tmax_mean,72.0,present,,unavailable
20260917T19Z,KLGA,2026-09-17,,85.0,nbm_prob_tmax_stddev,1.0,present,,unavailable
20260917T19Z,KLGA,2026-09-17,,85.0,nbm_prob_tmax_iqr,1.0,present,,unavailable
20260917T19Z,KLGA,2026-09-17,,85.0,nbm_prob_tmax_p10_p90_spread,2.0,present,,unavailable
20260917T19Z,KLGA,2026-09-17,,85.0,nbm_prob_tmax_p50_vs_forecast_high,-12.0,present,,unavailable
20260917T19Z,KLGA,2026-09-17,,85.0,nbm_prob_tmax_p90_vs_forecast_high,-12.0,present,,unavailable
20260917T19Z,KLGA,2026-09-17,,85.0,nbm_prob_tmax_exceed_forecast_high,0.09999999999999998,present,,unavailable
20260917T19Z,KLGA,2026-09-17,,85.0,nbm_prob_tmax_physical_valid_flag,1.0,present,0.0,unavailable
20260917T19Z,KLGA,2026-09-17,,85.0,nbm_prob_tmax_impossible_flag,0.0,present,1.0,unavailable
20260917T19Z,KLGA,2026-09-17,,85.0,nbm_prob_tmax_floor_gap,,dropped,,unavailable
20260917T19Z,KLGA,2026-09-17,80.0,85.0,nbm_prob_tmax_p10,,dropped,,unavailable
20260917T19Z,KLGA,2026-09-17,80.0,85.0,nbm_prob_tmax_p25,,dropped,,unavailable
20260917T19Z,KLGA,2026-09-17,80.0,85.0,nbm_prob_tmax_p50,,dropped,,unavailable
20260917T19Z,KLGA,2026-09-17,80.0,85.0,nbm_prob_tmax_p75,,dropped,,unavailable
20260917T19Z,KLGA,2026-09-17,80.0,85.0,nbm_prob_tmax_p90,,dropped,,unavailable
20260917T19Z,KLGA,2026-09-17,80.0,85.0,nbm_prob_tmax_mean,,dropped,,unavailable
20260917T19Z,KLGA,2026-09-17,80.0,85.0,nbm_prob_tmax_stddev,1.0,present,,unavailable
20260917T19Z,KLGA,2026-09-17,80.0,85.0,nbm_prob_tmax_iqr,1.0,present,,unavailable
20260917T19Z,KLGA,2026-09-17,80.0,85.0,nbm_prob_tmax_p10_p90_spread,2.0,present,,unavailable
20260917T19Z,KLGA,2026-09-17,80.0,85.0,nbm_prob_tmax_p50_vs_forecast_high,,dropped,,unavailable
20260917T19Z,KLGA,2026-09-17,80.0,85.0,nbm_prob_tmax_p90_vs_forecast_high,,dropped,,unavailable
20260917T19Z,KLGA,2026-09-17,80.0,85.0,nbm_prob_tmax_exceed_forecast_high,,dropped,,unavailable
20260917T19Z,KLGA,2026-09-17,80.0,85.0,nbm_prob_tmax_physical_valid_flag,0.0,present,0.0,unavailable
20260917T19Z,KLGA,2026-09-17,80.0,85.0,nbm_prob_tmax_impossible_flag,1.0,present,1.0,unavailable
20260917T19Z,KLGA,2026-09-17,80.0,85.0,nbm_prob_tmax_floor_gap,-7.0,present,,unavailable
20260917T19Z,KMIA,2026-09-17,,85.0,nbm_prob_tmax_p10,76.0,present,,unavailable
20260917T19Z,KMIA,2026-09-17,,85.0,nbm_prob_tmax_p25,77.0,present,,unavailable
20260917T19Z,KMIA,2026-09-17,,85.0,nbm_prob_tmax_p50,78.0,present,,unavailable
20260917T19Z,KMIA,2026-09-17,,85.0,nbm_prob_tmax_p75,78.0,present,,unavailable
20260917T19Z,KMIA,2026-09-17,,85.0,nbm_prob_tmax_p90,80.0,present,,unavailable
20260917T19Z,KMIA,2026-09-17,,85.0,nbm_prob_tmax_mean,78.0,present,,unavailable
20260917T19Z,KMIA,2026-09-17,,85.0,nbm_prob_tmax_stddev,2.0,present,,unavailable
20260917T19Z,KMIA,2026-09-17,,85.0,nbm_prob_tmax_iqr,1.0,present,,unavailable
20260917T19Z,KMIA,2026-09-17,,85.0,nbm_prob_tmax_p10_p90_spread,4.0,present,,unavailable
20260917T19Z,KMIA,2026-09-17,,85.0,nbm_prob_tmax_p50_vs_forecast_high,-7.0,present,,unavailable
20260917T19Z,KMIA,2026-09-17,,85.0,nbm_prob_tmax_p90_vs_forecast_high,-5.0,present,,unavailable
20260917T19Z,KMIA,2026-09-17,,85.0,nbm_prob_tmax_exceed_forecast_high,0.09999999999999998,present,,unavailable
20260917T19Z,KMIA,2026-09-17,,85.0,nbm_prob_tmax_physical_valid_flag,1.0,present,0.0,unavailable
20260917T19Z,KMIA,2026-09-17,,85.0,nbm_prob_tmax_impossible_flag,0.0,present,1.0,unavailable
20260917T19Z,KMIA,2026-09-17,,85.0,nbm_prob_tmax_floor_gap,,dropped,,unavailable
20260917T19Z,KMIA,2026-09-17,80.0,85.0,nbm_prob_tmax_p10,,dropped,,unavailable
20260917T19Z,KMIA,2026-09-17,80.0,85.0,nbm_prob_tmax_p25,,dropped,,unavailable
20260917T19Z,KMIA,2026-09-17,80.0,85.0,nbm_prob_tmax_p50,,dropped,,unavailable
20260917T19Z,KMIA,2026-09-17,80.0,85.0,nbm_prob_tmax_p75,,dropped,,unavailable
20260917T19Z,KMIA,2026-09-17,80.0,85.0,nbm_prob_tmax_p90,80.0,present,,unavailable
20260917T19Z,KMIA,2026-09-17,80.0,85.0,nbm_prob_tmax_mean,,dropped,,unavailable
20260917T19Z,KMIA,2026-09-17,80.0,85.0,nbm_prob_tmax_stddev,2.0,present,,unavailable
20260917T19Z,KMIA,2026-09-17,80.0,85.0,nbm_prob_tmax_iqr,1.0,present,,unavailable
20260917T19Z,KMIA,2026-09-17,80.0,85.0,nbm_prob_tmax_p10_p90_spread,4.0,present,,unavailable
20260917T19Z,KMIA,2026-09-17,80.0,85.0,nbm_prob_tmax_p50_vs_forecast_high,,dropped,,unavailable
20260917T19Z,KMIA,2026-09-17,80.0,85.0,nbm_prob_tmax_p90_vs_forecast_high,-5.0,present,,unavailable
20260917T19Z,KMIA,2026-09-17,80.0,85.0,nbm_prob_tmax_exceed_forecast_high,0.09999999999999998,present,,unavailable
20260917T19Z,KMIA,2026-09-17,80.0,85.0,nbm_prob_tmax_physical_valid_flag,0.0,present,0.0,unavailable
20260917T19Z,KMIA,2026-09-17,80.0,85.0,nbm_prob_tmax_impossible_flag,1.0,present,1.0,unavailable
20260917T19Z,KMIA,2026-09-17,80.0,85.0,nbm_prob_tmax_floor_gap,0.0,present,,unavailable
20260917T19Z,KORD,2026-09-17,,85.0,nbm_prob_tmax_p10,60.0,present,,unavailable
20260917T19Z,KORD,2026-09-17,,85.0,nbm_prob_tmax_p25,62.0,present,,unavailable
20260917T19Z,KORD,2026-09-17,,85.0,nbm_prob_tmax_p50,65.0,present,,unavailable
20260917T19Z,KORD,2026-09-17,,85.0,nbm_prob_tmax_p75,67.0,present,,unavailable
20260917T19Z,KORD,2026-09-17,,85.0,nbm_prob_tmax_p90,68.0,present,,unavailable
20260917T19Z,KORD,2026-09-17,,85.0,nbm_prob_tmax_mean,64.0,present,,unavailable
20260917T19Z,KORD,2026-09-17,,85.0,nbm_prob_tmax_stddev,3.0,present,,unavailable
20260917T19Z,KORD,2026-09-17,,85.0,nbm_prob_tmax_iqr,5.0,present,,unavailable
20260917T19Z,KORD,2026-09-17,,85.0,nbm_prob_tmax_p10_p90_spread,8.0,present,,unavailable
20260917T19Z,KORD,2026-09-17,,85.0,nbm_prob_tmax_p50_vs_forecast_high,-20.0,present,,unavailable
20260917T19Z,KORD,2026-09-17,,85.0,nbm_prob_tmax_p90_vs_forecast_high,-17.0,present,,unavailable
20260917T19Z,KORD,2026-09-17,,85.0,nbm_prob_tmax_exceed_forecast_high,0.09999999999999998,present,,unavailable
20260917T19Z,KORD,2026-09-17,,85.0,nbm_prob_tmax_physical_valid_flag,1.0,present,0.0,unavailable
20260917T19Z,KORD,2026-09-17,,85.0,nbm_prob_tmax_impossible_flag,0.0,present,1.0,unavailable
20260917T19Z,KORD,2026-09-17,,85.0,nbm_prob_tmax_floor_gap,,dropped,,unavailable
20260917T19Z,KORD,2026-09-17,80.0,85.0,nbm_prob_tmax_p10,,dropped,,unavailable
20260917T19Z,KORD,2026-09-17,80.0,85.0,nbm_prob_tmax_p25,,dropped,,unavailable
20260917T19Z,KORD,2026-09-17,80.0,85.0,nbm_prob_tmax_p50,,dropped,,unavailable
20260917T19Z,KORD,2026-09-17,80.0,85.0,nbm_prob_tmax_p75,,dropped,,unavailable
20260917T19Z,KORD,2026-09-17,80.0,85.0,nbm_prob_tmax_p90,,dropped,,unavailable
20260917T19Z,KORD,2026-09-17,80.0,85.0,nbm_prob_tmax_mean,,dropped,,unavailable
20260917T19Z,KORD,2026-09-17,80.0,85.0,nbm_prob_tmax_stddev,3.0,present,,unavailable
20260917T19Z,KORD,2026-09-17,80.0,85.0,nbm_prob_tmax_iqr,5.0,present,,unavailable
20260917T19Z,KORD,2026-09-17,80.0,85.0,nbm_prob_tmax_p10_p90_spread,8.0,present,,unavailable
20260917T19Z,KORD,2026-09-17,80.0,85.0,nbm_prob_tmax_p50_vs_forecast_high,,dropped,,unavailable
20260917T19Z,KORD,2026-09-17,80.0,85.0,nbm_prob_tmax_p90_vs_forecast_high,,dropped,,unavailable
20260917T19Z,KORD,2026-09-17,80.0,85.0,nbm_prob_tmax_exceed_forecast_high,,dropped,,unavailable
20260917T19Z,KORD,2026-09-17,80.0,85.0,nbm_prob_tmax_physical_valid_flag,0.0,present,0.0,unavailable
20260917T19Z,KORD,2026-09-17,80.0,85.0,nbm_prob_tmax_impossible_flag,1.0,present,1.0,unavailable
20260917T19Z,KORD,2026-09-17,80.0,85.0,nbm_prob_tmax_floor_gap,-12.0,present,,unavailable
20260917T19Z,KSEA,2026-09-17,,85.0,nbm_prob_tmax_p10,52.0,present,,unavailable
20260917T19Z,KSEA,2026-09-17,,85.0,nbm_prob_tmax_p25,53.0,present,,unavailable
20260917T19Z,KSEA,2026-09-17,,85.0,nbm_prob_tmax_p50,55.0,present,,unavailable
20260917T19Z,KSEA,2026-09-17,,85.0,nbm_prob_tmax_p75,56.0,present,,unavailable
20260917T19Z,KSEA,2026-09-17,,85.0,nbm_prob_tmax_p90,56.0,present,,unavailable
20260917T19Z,KSEA,2026-09-17,,85.0,nbm_prob_tmax_mean,54.0,present,,unavailable
20260917T19Z,KSEA,2026-09-17,,85.0,nbm_prob_tmax_stddev,2.0,present,,unavailable
20260917T19Z,KSEA,2026-09-17,,85.0,nbm_prob_tmax_iqr,3.0,present,,unavailable
20260917T19Z,KSEA,2026-09-17,,85.0,nbm_prob_tmax_p10_p90_spread,4.0,present,,unavailable
20260917T19Z,KSEA,2026-09-17,,85.0,nbm_prob_tmax_p50_vs_forecast_high,-30.0,present,,unavailable
20260917T19Z,KSEA,2026-09-17,,85.0,nbm_prob_tmax_p90_vs_forecast_high,-29.0,present,,unavailable
20260917T19Z,KSEA,2026-09-17,,85.0,nbm_prob_tmax_exceed_forecast_high,0.09999999999999998,present,,unavailable
20260917T19Z,KSEA,2026-09-17,,85.0,nbm_prob_tmax_physical_valid_flag,1.0,present,0.0,unavailable
20260917T19Z,KSEA,2026-09-17,,85.0,nbm_prob_tmax_impossible_flag,0.0,present,1.0,unavailable
20260917T19Z,KSEA,2026-09-17,,85.0,nbm_prob_tmax_floor_gap,,dropped,,unavailable
20260917T19Z,KSEA,2026-09-17,80.0,85.0,nbm_prob_tmax_p10,,dropped,,unavailable
20260917T19Z,KSEA,2026-09-17,80.0,85.0,nbm_prob_tmax_p25,,dropped,,unavailable
20260917T19Z,KSEA,2026-09-17,80.0,85.0,nbm_prob_tmax_p50,,dropped,,unavailable
20260917T19Z,KSEA,2026-09-17,80.0,85.0,nbm_prob_tmax_p75,,dropped,,unavailable
20260917T19Z,KSEA,2026-09-17,80.0,85.0,nbm_prob_tmax_p90,,dropped,,unavailable
20260917T19Z,KSEA,2026-09-17,80.0,85.0,nbm_prob_tmax_mean,,dropped,,unavailable
20260917T19Z,KSEA,2026-09-17,80.0,85.0,nbm_prob_tmax_stddev,2.0,present,,unavailable
20260917T19Z,KSEA,2026-09-17,80.0,85.0,nbm_prob_tmax_iqr,3.0,present,,unavailable
20260917T19Z,KSEA,2026-09-17,80.0,85.0,nbm_prob_tmax_p10_p90_spread,4.0,present,,unavailable
20260917T19Z,KSEA,2026-09-17,80.0,85.0,nbm_prob_tmax_p50_vs_forecast_high,,dropped,,unavailable
20260917T19Z,KSEA,2026-09-17,80.0,85.0,nbm_prob_tmax_p90_vs_forecast_high,,dropped,,unavailable
20260917T19Z,KSEA,2026-09-17,80.0,85.0,nbm_prob_tmax_exceed_forecast_high,,dropped,,unavailable
20260917T19Z,KSEA,2026-09-17,80.0,85.0,nbm_prob_tmax_physical_valid_flag,0.0,present,0.0,unavailable
20260917T19Z,KSEA,2026-09-17,80.0,85.0,nbm_prob_tmax_impossible_flag,1.0,present,1.0,unavailable
20260917T19Z,KSEA,2026-09-17,80.0,85.0,nbm_prob_tmax_floor_gap,-24.0,present,,unavailable
20260917T19Z,KSFO,2026-09-17,,85.0,nbm_prob_tmax_p10,57.0,present,,unavailable
20260917T19Z,KSFO,2026-09-17,,85.0,nbm_prob_tmax_p25,58.0,present,,unavailable
20260917T19Z,KSFO,2026-09-17,,85.0,nbm_prob_tmax_p50,59.0,present,,unavailable
20260917T19Z,KSFO,2026-09-17,,85.0,nbm_prob_tmax_p75,59.0,present,,unavailable
20260917T19Z,KSFO,2026-09-17,,85.0,nbm_prob_tmax_p90,60.0,present,,unavailable
20260917T19Z,KSFO,2026-09-17,,85.0,nbm_prob_tmax_mean,59.0,present,,unavailable
20260917T19Z,KSFO,2026-09-17,,85.0,nbm_prob_tmax_stddev,1.0,present,,unavailable
20260917T19Z,KSFO,2026-09-17,,85.0,nbm_prob_tmax_iqr,1.0,present,,unavailable
20260917T19Z,KSFO,2026-09-17,,85.0,nbm_prob_tmax_p10_p90_spread,3.0,present,,unavailable
20260917T19Z,KSFO,2026-09-17,,85.0,nbm_prob_tmax_p50_vs_forecast_high,-26.0,present,,unavailable
20260917T19Z,KSFO,2026-09-17,,85.0,nbm_prob_tmax_p90_vs_forecast_high,-25.0,present,,unavailable
20260917T19Z,KSFO,2026-09-17,,85.0,nbm_prob_tmax_exceed_forecast_high,0.09999999999999998,present,,unavailable
20260917T19Z,KSFO,2026-09-17,,85.0,nbm_prob_tmax_physical_valid_flag,1.0,present,0.0,unavailable
20260917T19Z,KSFO,2026-09-17,,85.0,nbm_prob_tmax_impossible_flag,0.0,present,1.0,unavailable
20260917T19Z,KSFO,2026-09-17,,85.0,nbm_prob_tmax_floor_gap,,dropped,,unavailable
20260917T19Z,KSFO,2026-09-17,80.0,85.0,nbm_prob_tmax_p10,,dropped,,unavailable
20260917T19Z,KSFO,2026-09-17,80.0,85.0,nbm_prob_tmax_p25,,dropped,,unavailable
20260917T19Z,KSFO,2026-09-17,80.0,85.0,nbm_prob_tmax_p50,,dropped,,unavailable
20260917T19Z,KSFO,2026-09-17,80.0,85.0,nbm_prob_tmax_p75,,dropped,,unavailable
20260917T19Z,KSFO,2026-09-17,80.0,85.0,nbm_prob_tmax_p90,,dropped,,unavailable
20260917T19Z,KSFO,2026-09-17,80.0,85.0,nbm_prob_tmax_mean,,dropped,,unavailable
20260917T19Z,KSFO,2026-09-17,80.0,85.0,nbm_prob_tmax_stddev,1.0,present,,unavailable
20260917T19Z,KSFO,2026-09-17,80.0,85.0,nbm_prob_tmax_iqr,1.0,present,,unavailable
20260917T19Z,KSFO,2026-09-17,80.0,85.0,nbm_prob_tmax_p10_p90_spread,3.0,present,,unavailable
20260917T19Z,KSFO,2026-09-17,80.0,85.0,nbm_prob_tmax_p50_vs_forecast_high,,dropped,,unavailable
20260917T19Z,KSFO,2026-09-17,80.0,85.0,nbm_prob_tmax_p90_vs_forecast_high,,dropped,,unavailable
20260917T19Z,KSFO,2026-09-17,80.0,85.0,nbm_prob_tmax_exceed_forecast_high,,dropped,,unavailable
20260917T19Z,KSFO,2026-09-17,80.0,85.0,nbm_prob_tmax_physical_valid_flag,0.0,present,0.0,unavailable
20260917T19Z,KSFO,2026-09-17,80.0,85.0,nbm_prob_tmax_impossible_flag,1.0,present,1.0,unavailable
20260917T19Z,KSFO,2026-09-17,80.0,85.0,nbm_prob_tmax_floor_gap,-20.0,present,,unavailable
