{
  "aggregate_market_brier": 0.03254941110056712,
  "aggregate_replayed_brier": 0.05450354008195133,
  "daily_first_replayed_brier": 0.04944546184549879,
  "generated": "2026-06-10T11:51:47.754878",
  "replayed_versions": [
    "v0.5.6 HGBC feature-based ML model"
  ],
  "snaps_scored": 5304
}