{
  "component": {
    "disagreement_sigma_per_c": 0.2,
    "enabled": true,
    "max_sigma": 3.0,
    "min_sigma": 0.75,
    "source_weight_shrink_k": 20.0
  },
  "evaluation": {
    "artifact_replay": {
      "brier_delta_vs_cap": 0.15000190865335528,
      "cap_brier": 1.072248795650813,
      "cap_logloss": 7.419030864020099,
      "learned_brier": 0.9222468869974578,
      "learned_logloss": 2.7312889790105723,
      "logloss_delta_vs_cap": 4.687741885009527,
      "n": 1231
    },
    "leave_one_year_daily_archive": {
      "cap_brier": 1.0237185995329758,
      "cap_logloss": 4.467324085257807,
      "learned_brier": 0.9535139543327904,
      "learned_logloss": 2.8151691727833064,
      "n": 325
    }
  },
  "generated_at_utc": "2026-06-12T00:26:21.250162+00:00",
  "global_stats": {
    "bias_observed_minus_forecast": 4.8738424045491415,
    "mae": 4.965962632006495,
    "n": 1231,
    "overforecast_ge_1c_rate": 0.023558082859463852,
    "rmse": 6.165810056062472,
    "tail_abs_error_ge_2c_rate": 0.7611697806661251,
    "underforecast_ge_1c_rate": 0.875710804224208,
    "within_1c_rate": 0.1941510966693745,
    "within_rounded_bucket_rate": 0.07554833468724614
  },
  "hour_stats": {
    "open_meteo|hour=1": {
      "bias_observed_minus_forecast": 10.058333333333335,
      "mae": 10.058333333333335,
      "n": 24,
      "overforecast_ge_1c_rate": 0.0,
      "rmse": 10.096534058774823,
      "tail_abs_error_ge_2c_rate": 1.0,
      "underforecast_ge_1c_rate": 1.0,
      "within_1c_rate": 0.0,
      "within_rounded_bucket_rate": 0.0
    },
    "open_meteo|hour=10": {
      "bias_observed_minus_forecast": 5.962500000000001,
      "mae": 5.962500000000001,
      "n": 24,
      "overforecast_ge_1c_rate": 0.0,
      "rmse": 5.991139290652488,
      "tail_abs_error_ge_2c_rate": 1.0,
      "underforecast_ge_1c_rate": 1.0,
      "within_1c_rate": 0.0,
      "within_rounded_bucket_rate": 0.0
    },
    "open_meteo|hour=11": {
      "bias_observed_minus_forecast": 6.044444444444443,
      "mae": 6.044444444444443,
      "n": 18,
      "overforecast_ge_1c_rate": 0.0,
      "rmse": 6.0827625302982185,
      "tail_abs_error_ge_2c_rate": 1.0,
      "underforecast_ge_1c_rate": 1.0,
      "within_1c_rate": 0.0,
      "within_rounded_bucket_rate": 0.0
    },
    "open_meteo|hour=12": {
      "bias_observed_minus_forecast": 5.869565217391303,
      "mae": 5.869565217391303,
      "n": 23,
      "overforecast_ge_1c_rate": 0.0,
      "rmse": 5.903352032311074,
      "tail_abs_error_ge_2c_rate": 1.0,
      "underforecast_ge_1c_rate": 1.0,
      "within_1c_rate": 0.0,
      "within_rounded_bucket_rate": 0.0
    },
    "open_meteo|hour=13": {
      "bias_observed_minus_forecast": 5.826086956521739,
      "mae": 5.826086956521739,
      "n": 23,
      "overforecast_ge_1c_rate": 0.0,
      "rmse": 5.862111208949123,
      "tail_abs_error_ge_2c_rate": 1.0,
      "underforecast_ge_1c_rate": 1.0,
      "within_1c_rate": 0.0,
      "within_rounded_bucket_rate": 0.0
    },
    "open_meteo|hour=14": {
      "bias_observed_minus_forecast": 5.847619047619049,
      "mae": 5.847619047619049,
      "n": 21,
      "overforecast_ge_1c_rate": 0.0,
      "rmse": 5.865394883795732,
      "tail_abs_error_ge_2c_rate": 1.0,
      "underforecast_ge_1c_rate": 1.0,
      "within_1c_rate": 0.0,
      "within_rounded_bucket_rate": 0.0
    },
    "open_meteo|hour=15": {
      "bias_observed_minus_forecast": 5.908333333333331,
      "mae": 5.908333333333331,
      "n": 24,
      "overforecast_ge_1c_rate": 0.0,
      "rmse": 5.912980072123811,
      "tail_abs_error_ge_2c_rate": 1.0,
      "underforecast_ge_1c_rate": 1.0,
      "within_1c_rate": 0.0,
      "within_rounded_bucket_rate": 0.0
    },
    "open_meteo|hour=16": {
      "bias_observed_minus_forecast": 6.077272727272725,
      "mae": 6.077272727272725,
      "n": 22,
      "overforecast_ge_1c_rate": 0.0,
      "rmse": 6.088700413657476,
      "tail_abs_error_ge_2c_rate": 1.0,
      "underforecast_ge_1c_rate": 1.0,
      "within_1c_rate": 0.0,
      "within_rounded_bucket_rate": 0.0
    },
    "open_meteo|hour=17": {
      "bias_observed_minus_forecast": 6.086956521739131,
      "mae": 6.086956521739131,
      "n": 23,
      "overforecast_ge_1c_rate": 0.0,
      "rmse": 6.124576294129145,
      "tail_abs_error_ge_2c_rate": 1.0,
      "underforecast_ge_1c_rate": 1.0,
      "within_1c_rate": 0.0,
      "within_rounded_bucket_rate": 0.0
    },
    "open_meteo|hour=18": {
      "bias_observed_minus_forecast": 7.568181818181818,
      "mae": 7.568181818181818,
      "n": 22,
      "overforecast_ge_1c_rate": 0.0,
      "rmse": 7.603737119457655,
      "tail_abs_error_ge_2c_rate": 1.0,
      "underforecast_ge_1c_rate": 1.0,
      "within_1c_rate": 0.0,
      "within_rounded_bucket_rate": 0.0
    },
    "open_meteo|hour=19": {
      "bias_observed_minus_forecast": 8.539130434782608,
      "mae": 8.539130434782608,
      "n": 23,
      "overforecast_ge_1c_rate": 0.0,
      "rmse": 8.61631415195717,
      "tail_abs_error_ge_2c_rate": 1.0,
      "underforecast_ge_1c_rate": 1.0,
      "within_1c_rate": 0.0,
      "within_rounded_bucket_rate": 0.0
    },
    "open_meteo|hour=2": {
      "bias_observed_minus_forecast": 8.876470588235296,
      "mae": 8.876470588235296,
      "n": 17,
      "overforecast_ge_1c_rate": 0.0,
      "rmse": 8.958236433584462,
      "tail_abs_error_ge_2c_rate": 1.0,
      "underforecast_ge_1c_rate": 1.0,
      "within_1c_rate": 0.0,
      "within_rounded_bucket_rate": 0.0
    },
    "open_meteo|hour=20": {
      "bias_observed_minus_forecast": 11.26296296296296,
      "mae": 11.26296296296296,
      "n": 27,
      "overforecast_ge_1c_rate": 0.0,
      "rmse": 11.431583928358796,
      "tail_abs_error_ge_2c_rate": 1.0,
      "underforecast_ge_1c_rate": 1.0,
      "within_1c_rate": 0.0,
      "within_rounded_bucket_rate": 0.0
    },
    "open_meteo|hour=21": {
      "bias_observed_minus_forecast": 11.925000000000002,
      "mae": 11.925000000000002,
      "n": 24,
      "overforecast_ge_1c_rate": 0.0,
      "rmse": 11.944978024257725,
      "tail_abs_error_ge_2c_rate": 1.0,
      "underforecast_ge_1c_rate": 1.0,
      "within_1c_rate": 0.0,
      "within_rounded_bucket_rate": 0.0
    },
    "open_meteo|hour=22": {
      "bias_observed_minus_forecast": 12.631818181818181,
      "mae": 12.631818181818181,
      "n": 22,
      "overforecast_ge_1c_rate": 0.0,
      "rmse": 12.661771382608933,
      "tail_abs_error_ge_2c_rate": 1.0,
      "underforecast_ge_1c_rate": 1.0,
      "within_1c_rate": 0.0,
      "within_rounded_bucket_rate": 0.0
    },
    "open_meteo|hour=23": {
      "bias_observed_minus_forecast": 13.35454545454545,
      "mae": 13.35454545454545,
      "n": 22,
      "overforecast_ge_1c_rate": 0.0,
      "rmse": 13.380209265927046,
      "tail_abs_error_ge_2c_rate": 1.0,
      "underforecast_ge_1c_rate": 1.0,
      "within_1c_rate": 0.0,
      "within_rounded_bucket_rate": 0.0
    },
    "open_meteo|hour=3": {
      "bias_observed_minus_forecast": 8.700000000000003,
      "mae": 8.700000000000003,
      "n": 12,
      "overforecast_ge_1c_rate": 0.0,
      "rmse": 8.757282683572575,
      "tail_abs_error_ge_2c_rate": 1.0,
      "underforecast_ge_1c_rate": 1.0,
      "within_1c_rate": 0.0,
      "within_rounded_bucket_rate": 0.0
    },
    "open_meteo|hour=4": {
      "bias_observed_minus_forecast": 6.4416666666666655,
      "mae": 6.4416666666666655,
      "n": 12,
      "overforecast_ge_1c_rate": 0.0,
      "rmse": 6.540068806977491,
      "tail_abs_error_ge_2c_rate": 1.0,
      "underforecast_ge_1c_rate": 1.0,
      "within_1c_rate": 0.0,
      "within_rounded_bucket_rate": 0.0
    },
    "open_meteo|hour=5": {
      "bias_observed_minus_forecast": 6.0545454545454565,
      "mae": 6.0545454545454565,
      "n": 11,
      "overforecast_ge_1c_rate": 0.0,
      "rmse": 6.075883774099342,
      "tail_abs_error_ge_2c_rate": 1.0,
      "underforecast_ge_1c_rate": 1.0,
      "within_1c_rate": 0.0,