{
  "15": {
    "coef": [
      0.27192006301989585,
      -1.0032225062363078,
      0.7480130290365421,
      0.4933454272719742,
      0.25611063445977506,
      -0.3975243889053806,
      -0.21849553386241985,
      -0.48843827764763265,
      -0.2866617839251667,
      -0.32954193300687407,
      0.4943732062190113,
      -0.1533228338590278,
      -0.21317735328937382,
      0.5230046122796571,
      -0.322155941615426,
      -0.00416375669223179,
      0.0,
      -0.23071677500329651,
      0.037203235574703036,
      0.19685705284879226,
      0.0
    ],
    "empirical_prior": 0.1393939393939394,
    "feature_names": [
      "time_since_reached",
      "high_so_far",
      "current_temp",
      "rise_from_7am",
      "dewpoint_c",
      "humidity",
      "pressure",
      "pressure_trend_3h",
      "wind_speed_kmh",
      "wind_E-SE/onshore-ish",
      "wind_S-SW",
      "wind_W-NW",
      "wind_N-NE",
      "wind_SSE",
      "wind_Other/variable",
      "cloud_Precip",
      "cloud_Fog/haze",
      "cloud_Fair/clear",
      "cloud_Partly cloudy",
      "cloud_Mostly cloudy/overcast",
      "cloud_Other"
    ],
    "feature_schema_version": "toronto_feature_store_v0.2",
    "imputer_median": [
      127.0,
      88.0,
      87.0,
      7.0,
      73.0,
      65.0,
      29.99,
      -0.030000000000001137,
      12.0,
      1.0,
      0.0,
      0.0,
      0.0,
      0.0,
      0.0,
      0.0,
      0.0,
      0.0,
      0.0,
      1.0,
      0.0
    ],
    "intercept": -2.519164406089317,
    "scaler_mean": [
      140.11515151515152,
      88.0909090909091,
      85.27878787878788,
      6.375757575757576,
      73.25454545454545,
      68.15757575757576,
      29.974545454545456,
      -0.02927272727272737,
      10.50909090909091
    ],
    "scaler_scale": [
      123.65927803104329,
      2.655624521237169,
      4.750231737617145,
      4.51576566903046,
      2.368107658933081,
      12.163009752699404,
      0.0921096483970255,
      0.0174621195687897,
      3.835430017087779
    ]
  },
  "16": {
    "coef": [
      -0.41522624070539393,
      -0.8785737435653751,
      0.46718093574147,
      0.15497034697264217,
      0.12505436838364087,
      -0.10757250647909082,
      -0.3240016493758339,
      -0.3562096759900378,
      -0.6785979399086808,
      -0.4561854179141304,
      0.6225871815950715,
      -0.2056818974613719,
      0.08488611890815304,
      -0.09191874920632544,
      0.07820373729318666,
      -0.2029278814749651,
      0.0,
      -0.067393481217526,
      0.17274138055886712,
      0.09571044506475558,
      0.0
    ],
    "empirical_prior": 0.06060606060606061,
    "feature_names": [
      "time_since_reached",
      "high_so_far",
      "current_temp",
      "rise_from_7am",
      "dewpoint_c",
      "humidity",
      "pressure",
      "pressure_trend_3h",
      "wind_speed_kmh",
      "wind_E-SE/onshore-ish",
      "wind_S-SW",
      "wind_W-NW",
      "wind_N-NE",
      "wind_SSE",
      "wind_Other/variable",
      "cloud_Precip",
      "cloud_Fog/haze",
      "cloud_Fair/clear",
      "cloud_Partly cloudy",
      "cloud_Mostly cloudy/overcast",
      "cloud_Other"
    ],
    "feature_schema_version": "toronto_feature_store_v0.2",
    "imputer_median": [
      187.0,
      89.0,
      86.0,
      7.0,
      73.0,
      65.0,
      29.97,
      -0.030000000000001137,
      10.0,
      1.0,
      0.0,
      0.0,
      0.0,
      0.0,
      0.0,
      0.0,
      0.0,
      0.0,
      0.0,
      1.0,
      0.0
    ],
    "intercept": -3.451332486249731,
    "scaler_mean": [
      177.4060606060606,
      88.24848484848485,
      84.96363636363637,
      6.0606060606060606,
      72.98181818181818,
      68.24242424242425,
      29.962666666666667,
      -0.03212121212121213,
      10.442424242424243
    ],
    "scaler_scale": [
      118.3563134478513,
      2.6155851320696413,
      4.66435991788007,
      4.541654977617834,
      2.354808690093985,
      12.194460498534628,
      0.09119498479919412,
      0.021512163684984185,
      3.77608345303183
    ]
  },
  "17": {
    "coef": [
      -0.8872415696705935,
      -0.28969857138008814,
      -0.051987769875858354,
      0.023591215765496786,
      0.00679217346192636,
      0.09765606764512233,
      -0.19229748991819412,
      0.027890275342365316,
      0.10250291790186085,
      -0.03385010971691692,
      -0.13230931520400355,
      -0.04389000084472513,
      -0.03005535578134467,
      -0.08711652978395806,
      0.32940851885899486,
      0.1940971191260785,
      0.0,
      -0.03627491433622964,
      -0.10549271219961362,
      -0.05014228506218888,
      0.0
    ],
    "empirical_prior": 0.012121212121212121,
    "feature_names": [
      "time_since_reached",
      "high_so_far",
      "current_temp",
      "rise_from_7am",
      "dewpoint_c",
      "humidity",
      "pressure",
      "pressure_trend_3h",
      "wind_speed_kmh",
      "wind_E-SE/onshore-ish",
      "wind_S-SW",
      "wind_W-NW",
      "wind_N-NE",
      "wind_SSE",
      "wind_Other/variable",
      "cloud_Precip",
      "cloud_Fog/haze",
      "cloud_Fair/clear",
      "cloud_Partly cloudy",
      "cloud_Mostly cloudy/overcast",
      "cloud_Other"
    ],
    "feature_schema_version": "toronto_feature_store_v0.2",
    "imputer_median": [
      247.0,
      89.0,
      85.0,
      6.0,
      73.0,
      67.0,
      29.97,
      -0.030000000000001137,
      10.0,
      1.0,
      0.0,
      0.0,
      0.0,
      0.0,
      0.0,
      0.0,
      0.0,
      0.0,
      0.0,
      1.0,
      0.0
    ],
    "intercept": -4.816497787066948,
    "scaler_mean": [
      227.74545454545455,
      88.30909090909091,
      84.4121212121212,
      5.509090909090909,
      73.01818181818182,
      69.53333333333333,
      29.95551515151515,
      -0.028424242424242067,
      9.527272727272727
    ],
    "scaler_scale": [
      123.92840819653387,
      2.5834395250545974,
      4.44629621661824,
      4.434873072992475,
      2.492346411237574,
      12.049661548539172,
      0.0889017575625157,
      0.020028813037691655,
      4.129074496584811
    ]
  }
}