{
  "15": {
    "coef": [
      -0.0662188280151983,
      -0.5745057406608544,
      0.3224588200342833,
      0.36996347996464696,
      0.15308117806359814,
      -0.011357390864097469,
      0.2087485641629587,
      -0.11776440553387485,
      -0.8140634051606737,
      0.49603005462408184,
      -0.2740116897759059,
      0.20034273641765513,
      -0.11664155824468846,
      0.0,
      -0.30473995040392515,
      -0.3028140206192673,
      0.0,
      0.24692551026731585,
      0.6344625236950354,
      -0.577594420725866,
      0.0
    ],
    "empirical_prior": 0.703030303030303,
    "feature_names": [
      "time_since_reached",
      "high_so_far",
      "current_temp",
      "rise_from_7am",
      "dewpoint_c",
      "humidity",
      "pressure",
      "pressure_trend_3h",
      "wind_speed_kmh",
      "wind_E-SE/onshore-ish",
      "wind_S-SW",
      "wind_W-NW",
      "wind_N-NE",
      "wind_SSE",
      "wind_Other/variable",
      "cloud_Precip",
      "cloud_Fog/haze",
      "cloud_Fair/clear",
      "cloud_Partly cloudy",
      "cloud_Mostly cloudy/overcast",
      "cloud_Other"
    ],
    "feature_schema_version": "toronto_feature_store_v0.2",
    "imputer_median": [
      7.0,
      66.0,
      66.0,
      14.0,
      47.0,
      48.0,
      29.57,
      -0.019999999999999574,
      9.0,
      0.0,
      0.0,
      0.0,
      0.0,
      0.0,
      0.0,
      0.0,
      0.0,
      0.0,
      0.0,
      1.0,
      0.0
    ],
    "intercept": 1.339956009996715,
    "scaler_mean": [
      68.01212121212122,
      67.9939393939394,
      67.47878787878788,
      13.018181818181818,
      47.345454545454544,
      50.90909090909091,
      29.563575757575755,
      -0.01575757575757557,
      9.363636363636363
    ],
    "scaler_scale": [
      159.228784815065,
      7.447185329348279,
      7.904419844379263,
      5.628361866500366,
      5.317386627937091,
      16.1638647425663,
      0.12451579680799174,
      0.02772487156352494,
      4.205466729534683
    ]
  },
  "16": {
    "coef": [
      0.28939078482753766,
      -0.3992008950655289,
      0.32391057226716363,
      0.09177439885878223,
      0.3636368729031811,
      -0.2873498013946367,
      0.2872618527150979,
      -0.18839811952209715,
      -0.6154480502810334,
      0.48344143525025324,
      -0.555511378201577,
      -0.2510085428375601,
      0.023970556232753137,
      0.2643329526978891,
      -0.3978133583139258,
      -0.8773158516119961,
      0.0,
      0.7902773105459991,
      0.2573572494173815,
      -0.1553173418910239,
      0.0
    ],
    "empirical_prior": 0.43636363636363634,
    "feature_names": [
      "time_since_reached",
      "high_so_far",
      "current_temp",
      "rise_from_7am",
      "dewpoint_c",
      "humidity",
      "pressure",
      "pressure_trend_3h",
      "wind_speed_kmh",
      "wind_E-SE/onshore-ish",
      "wind_S-SW",
      "wind_W-NW",
      "wind_N-NE",
      "wind_SSE",
      "wind_Other/variable",
      "cloud_Precip",
      "cloud_Fog/haze",
      "cloud_Fair/clear",
      "cloud_Partly cloudy",
      "cloud_Mostly cloudy/overcast",
      "cloud_Other"
    ],
    "feature_schema_version": "toronto_feature_store_v0.2",
    "imputer_median": [
      7.0,
      67.0,
      67.0,
      14.0,
      47.0,
      46.0,
      29.56,
      -0.019999999999999574,
      9.0,
      0.0,
      0.0,
      0.0,
      0.0,
      0.0,
      0.0,
      0.0,
      0.0,
      0.0,
      0.0,
      1.0,
      0.0
    ],
    "intercept": -0.02239750183845703,
    "scaler_mean": [
      84.4060606060606,
      68.9030303030303,
      68.33939393939394,
      13.878787878787879,
      47.10909090909091,
      49.30909090909091,
      29.55836363636363,
      -0.01739393939393925,
      9.563636363636364
    ],
    "scaler_scale": [
      171.8099336377335,
      7.614359832956963,
      8.099006276265847,
      5.87835049919348,
      5.766169025805589,
      16.806787294826865,
      0.12439570736572578,
      0.028131659501340403,
      4.0947725864124935
    ]
  },
  "17": {
    "coef": [
      0.5102867049929927,
      -0.7880917314606924,
      0.08864536046133747,
      0.6322828392781684,
      0.34417446005562097,
      -0.12276999735019724,
      0.2135949775707391,
      -0.14110118011152267,
      -0.6313176806735225,
      0.44506685290010306,
      -0.6592110676151071,
      -0.1030631142712135,
      -0.29150528243562496,
      0.13176149501582335,
      0.47445789478853145,
      -0.5542396101014845,
      0.0,
      0.5581529851327658,
      0.034421780531024584,
      -0.040828377179793485,
      0.0
    ],
    "empirical_prior": 0.21818181818181817,
    "feature_names": [
      "time_since_reached",
      "high_so_far",
      "current_temp",
      "rise_from_7am",
      "dewpoint_c",
      "humidity",
      "pressure",
      "pressure_trend_3h",
      "wind_speed_kmh",
      "wind_E-SE/onshore-ish",
      "wind_S-SW",
      "wind_W-NW",
      "wind_N-NE",
      "wind_SSE",
      "wind_Other/variable",
      "cloud_Precip",
      "cloud_Fog/haze",
      "cloud_Fair/clear",
      "cloud_Partly cloudy",
      "cloud_Mostly cloudy/overcast",
      "cloud_Other"
    ],
    "feature_schema_version": "toronto_feature_store_v0.2",
    "imputer_median": [
      67.0,
      68.0,
      67.0,
      14.0,
      47.0,
      45.0,
      29.56,
      -0.020000000000003126,
      9.0,
      0.0,
      0.0,
      0.0,
      0.0,
      0.0,
      0.0,
      0.0,
      0.0,
      0.0,
      0.0,
      1.0,
      0.0
    ],
    "intercept": -1.345914628814065,
    "scaler_mean": [
      119.07878787878788,
      69.28484848484848,
      68.43030303030304,
      13.969696969696969,
      46.88484848484848,
      48.7939393939394,
      29.551878787878785,
      -0.01818181818181842,
      9.406060606060606
    ],
    "scaler_scale": [
      181.05251164866047,
      7.802723736254916,
      8.3862978016085,
      6.149081471120354,
      5.698916495217963,
      16.65023322056953,
      0.12395790037426989,
      0.029258984163329584,
      3.9202612307777427
    ]
  }
}