{
  "15": {
    "coef": [
      0.026746602504813397,
      -0.9330861109462147,
      0.32417166427672806,
      0.20671102714304387,
      0.6926183972495803,
      -0.6665511189124138,
      -0.021944944561781442,
      0.39055224459582955,
      -0.17145794756801466,
      -0.15990110905785504,
      0.35612196382590655,
      -0.3798926524886211,
      -0.5344648377553266,
      0.02287017121457762,
      0.4523420078683399,
      -0.3271076113474869,
      0.059353383160996434,
      0.016589581561673134,
      0.48889868242717,
      -0.23306753517885265,
      0.0
    ],
    "empirical_prior": 0.7151515151515152,
    "feature_names": [
      "time_since_reached",
      "high_so_far",
      "current_temp",
      "rise_from_7am",
      "dewpoint_c",
      "humidity",
      "pressure",
      "pressure_trend_3h",
      "wind_speed_kmh",
      "wind_E-SE/onshore-ish",
      "wind_S-SW",
      "wind_W-NW",
      "wind_N-NE",
      "wind_SSE",
      "wind_Other/variable",
      "cloud_Precip",
      "cloud_Fog/haze",
      "cloud_Fair/clear",
      "cloud_Partly cloudy",
      "cloud_Mostly cloudy/overcast",
      "cloud_Other"
    ],
    "feature_schema_version": "toronto_feature_store_v0.2",
    "imputer_median": [
      7.0,
      91.0,
      91.0,
      15.0,
      67.0,
      49.0,
      29.38,
      -0.04999999999999716,
      9.0,
      0.0,
      0.0,
      0.0,
      0.0,
      0.0,
      0.0,
      0.0,
      0.0,
      0.0,
      0.0,
      0.0,
      0.0
    ],
    "intercept": 0.9087655042709315,
    "scaler_mean": [
      62.915151515151514,
      89.4,
      88.67878787878787,
      13.787878787878787,
      67.05454545454545,
      50.806060606060605,
      29.377333333333336,
      -0.0463636363636364,
      9.478787878787879
    ],
    "scaler_scale": [
      136.0058111976194,
      5.238320341483518,
      6.2036039171650215,
      5.3357432571779295,
      6.659014892522991,
      14.775859497001004,
      0.10247916762922984,
      0.022349589084173525,
      4.397778886758948
    ]
  },
  "16": {
    "coef": [
      0.17663072100982016,
      -0.6921594373617361,
      0.3924689906937469,
      0.4345940793400681,
      0.28034574917871546,
      -0.16071269492452853,
      0.06386474970973646,
      0.12958859580313387,
      -0.301872760414961,
      -0.03804855788615996,
      0.3503471899928992,
      -0.0605427588443737,
      -0.2589908269976702,
      -0.3974106224037034,
      0.13704384032594596,
      -0.0077941369564921365,
      -0.1819803619097871,
      -0.07576104750604498,
      0.18140640264282365,
      0.07938727447885656,
      0.0
    ],
    "empirical_prior": 0.4484848484848485,
    "feature_names": [
      "time_since_reached",
      "high_so_far",
      "current_temp",
      "rise_from_7am",
      "dewpoint_c",
      "humidity",
      "pressure",
      "pressure_trend_3h",
      "wind_speed_kmh",
      "wind_E-SE/onshore-ish",
      "wind_S-SW",
      "wind_W-NW",
      "wind_N-NE",
      "wind_SSE",
      "wind_Other/variable",
      "cloud_Precip",
      "cloud_Fog/haze",
      "cloud_Fair/clear",
      "cloud_Partly cloudy",
      "cloud_Mostly cloudy/overcast",
      "cloud_Other"
    ],
    "feature_schema_version": "toronto_feature_store_v0.2",
    "imputer_median": [
      67.0,
      91.0,
      91.0,
      15.0,
      68.0,
      47.0,
      29.37,
      -0.05000000000000071,
      10.0,
      0.0,
      0.0,
      0.0,
      0.0,
      0.0,
      0.0,
      0.0,
      0.0,
      0.0,
      0.0,
      0.0,
      0.0
    ],
    "intercept": -0.34801944576550986,
    "scaler_mean": [
      80.0,
      90.12121212121212,
      89.26060606060607,
      14.36969696969697,
      66.78181818181818,
      49.448484848484846,
      29.361333333333338,
      -0.05078787878787891,
      10.381818181818181
    ],
    "scaler_scale": [
      148.16992701870132,
      5.284382798498345,
      6.330203663435271,
      5.458631466212956,
      6.25331207007375,
      14.903896606859304,
      0.10117212056588501,
      0.022428009511589995,
      4.522633621689144
    ]
  },
  "17": {
    "coef": [
      -0.07261198593786006,
      -1.029930780966239,
      0.39473797100594854,
      -0.17837466828213083,
      0.5585663337655087,
      -0.10741737771996837,
      -0.1315166142017607,
      -0.09689890986240599,
      -0.39469026868496504,
      -0.6866427905771821,
      0.5821935593185361,
      0.2433998172736154,
      -0.5544004700290193,
      0.04452131291218989,
      0.40648327775241705,
      -0.295294488227471,
      0.0,
      0.021171034530783856,
      0.026514809073792098,
      0.24906953299026596,
      0.0
    ],
    "empirical_prior": 0.15757575757575756,
    "feature_names": [
      "time_since_reached",
      "high_so_far",
      "current_temp",
      "rise_from_7am",
      "dewpoint_c",
      "humidity",
      "pressure",
      "pressure_trend_3h",
      "wind_speed_kmh",
      "wind_E-SE/onshore-ish",
      "wind_S-SW",
      "wind_W-NW",
      "wind_N-NE",
      "wind_SSE",
      "wind_Other/variable",
      "cloud_Precip",
      "cloud_Fog/haze",
      "cloud_Fair/clear",
      "cloud_Partly cloudy",
      "cloud_Mostly cloudy/overcast",
      "cloud_Other"
    ],
    "feature_schema_version": "toronto_feature_store_v0.2",
    "imputer_median": [
      67.0,
      92.0,
      91.0,
      16.0,
      67.0,
      46.0,
      29.35,
      -0.05000000000000071,
      9.0,
      0.0,
      0.0,
      0.0,
      0.0,
      0.0,
      0.0,
      0.0,
      0.0,
      0.0,
      0.0,
      0.0,
      0.0
    ],
    "intercept": -2.1025795759752004,
    "scaler_mean": [
      98.43636363636364,
      90.5878787878788,
      89.48484848484848,
      14.593939393939394,
      66.44242424242424,
      48.73939393939394,
      29.34648484848485,
      -0.04872727272727283,
      10.0
    ],
    "scaler_scale": [
      145.417030010518,
      5.359769193117316,
      6.510230699823313,
      5.69943853661837,
      6.408660348027659,
      15.310878275660233,
      0.10140112999553309,
      0.0214381036125254,
      4.835474969619653
    ]
  }
}