{
  "15": {
    "coef": [
      -0.1016640168190678,
      -1.638377264861073,
      0.9954247210170034,
      0.27017176705564505,
      0.5449694514394727,
      -0.1911751235488722,
      0.18681049303988442,
      -0.1243298807816589,
      -0.5857576539708742,
      -0.3622201439015986,
      -0.04113238326594019,
      0.4014426738831775,
      -0.2281261033183403,
      -0.37802663152130417,
      0.3559192417630346,
      -0.14466153561932718,
      0.0,
      0.14444985185359882,
      0.19932907115363188,
      -0.2064540179242584,
      0.0
    ],
    "empirical_prior": 0.3425925925925926,
    "feature_names": [
      "time_since_reached",
      "high_so_far",
      "current_temp",
      "rise_from_7am",
      "dewpoint_c",
      "humidity",
      "pressure",
      "pressure_trend_3h",
      "wind_speed_kmh",
      "wind_E-SE/onshore-ish",
      "wind_S-SW",
      "wind_W-NW",
      "wind_N-NE",
      "wind_SSE",
      "wind_Other/variable",
      "cloud_Precip",
      "cloud_Fog/haze",
      "cloud_Fair/clear",
      "cloud_Partly cloudy",
      "cloud_Mostly cloudy/overcast",
      "cloud_Other"
    ],
    "imputer_median": [
      60.0,
      21.0,
      21.0,
      8.0,
      10.0,
      53.0,
      993.66,
      -0.8799999999999955,
      17.0,
      0.0,
      0.0,
      0.0,
      0.0,
      0.0,
      0.0,
      0.0,
      0.0,
      0.0,
      0.0,
      1.0,
      0.0
    ],
    "intercept": -0.6433246025369987,
    "scaler_mean": [
      133.56327160493828,
      21.060185185185187,
      20.47685185185185,
      7.262345679012346,
      10.359567901234568,
      54.87191358024691,
      993.3039043209877,
      -0.8177314814814804,
      19.075617283950617
    ],
    "scaler_scale": [
      221.6550101567032,
      4.951096146524141,
      5.215665620698955,
      3.896302701883357,
      5.295470443756443,
      18.20291867229161,
      5.966913121082727,
      1.0338303503621398,
      8.246519538296369
    ]
  },
  "16": {
    "coef": [
      -0.1273372223760176,
      -1.4275186428083408,
      0.5711737632128624,
      0.24644793218578137,
      0.7558609453846815,
      -0.2856026810693962,
      0.20566616733093876,
      -0.3385535881412975,
      -0.4468683318788034,
      -0.08275031284682673,
      0.1633099315264797,
      0.3006678577680895,
      -0.36597820127844105,
      0.004032053453774819,
      -0.026777404980004967,
      -0.10626086449383501,
      0.0,
      0.18876973745649508,
      -0.1281929841575633,
      0.038188034837974984,
      0.0
    ],
    "empirical_prior": 0.14660493827160495,
    "feature_names": [
      "time_since_reached",
      "high_so_far",
      "current_temp",
      "rise_from_7am",
      "dewpoint_c",
      "humidity",
      "pressure",
      "pressure_trend_3h",
      "wind_speed_kmh",
      "wind_E-SE/onshore-ish",
      "wind_S-SW",
      "wind_W-NW",
      "wind_N-NE",
      "wind_SSE",
      "wind_Other/variable",
      "cloud_Precip",
      "cloud_Fog/haze",
      "cloud_Fair/clear",
      "cloud_Partly cloudy",
      "cloud_Mostly cloudy/overcast",
      "cloud_Other"
    ],
    "imputer_median": [
      120.0,
      21.0,
      21.0,
      8.0,
      10.0,
      51.0,
      993.36,
      -0.9800000000000182,
      19.0,
      0.0,
      0.0,
      0.0,
      0.0,
      0.0,
      0.0,
      0.0,
      0.0,
      0.0,
      0.0,
      1.0,
      0.0
    ],
    "intercept": -2.107238237750171,
    "scaler_mean": [
      156.83487654320987,
      21.354938271604937,
      20.526234567901234,
      7.297839506172839,
      10.262345679012345,
      54.498456790123456,
      993.0410339506172,
      -0.8458179012345676,
      19.49537037037037
    ],
    "scaler_scale": [
      224.03424193949573,
      4.954167125740699,
      5.2648311986156,
      4.047083421571059,
      5.266274193441319,
      18.504086904962495,
      5.9180683795074875,
      1.0813468728546949,
      8.208696279916332
    ]
  },
  "17": {
    "coef": [
      -0.23503332545949987,
      -1.0144606221209838,
      0.43258708425291303,
      0.23636493319745994,
      0.5323976071964622,
      0.007973803196216853,
      0.10523520480520211,
      -0.3185519908946925,
      -0.629300818674034,
      -0.34006097560565085,
      -0.15273213138967312,
      0.35870334040190227,
      0.05868739520596761,
      -0.050525237780155524,
      0.123271281340438,
      -0.22769654533682254,
      0.0,
      -0.03407758401194789,
      -0.08590496836543313,
      0.34502276988703345,
      0.0
    ],
    "empirical_prior": 0.06018518518518518,
    "feature_names": [
      "time_since_reached",
      "high_so_far",
      "current_temp",
      "rise_from_7am",
      "dewpoint_c",
      "humidity",
      "pressure",
      "pressure_trend_3h",
      "wind_speed_kmh",
      "wind_E-SE/onshore-ish",
      "wind_S-SW",
      "wind_W-NW",
      "wind_N-NE",
      "wind_SSE",
      "wind_Other/variable",
      "cloud_Precip",
      "cloud_Fog/haze",
      "cloud_Fair/clear",
      "cloud_Partly cloudy",
      "cloud_Mostly cloudy/overcast",
      "cloud_Other"
    ],
    "imputer_median": [
      120.0,
      21.0,
      20.0,
      8.0,
      10.0,
      51.0,
      993.25,
      -0.8799999999999955,
      19.0,
      0.0,
      0.0,
      0.0,
      0.0,
      0.0,
      0.0,
      0.0,
      0.0,
      0.0,
      0.0,
      1.0,
      0.0
    ],
    "intercept": -3.317086874504274,
    "scaler_mean": [
      200.48765432098764,
      21.478395061728396,
      20.375,
      7.175925925925926,
      10.13425925925926,
      54.5570987654321,
      992.8891049382717,
      -0.6857407407407387,
      19.450617283950617
    ],
    "scaler_scale": [
      228.759186219227,
      4.936588254757799,
      5.178283684154456,
      4.068082715747967,
      5.271241485360178,
      18.661039468689136,
      5.821936947112055,
      1.1369756588573106,
      8.409872556054816
    ]
  }
}