{
  "15": {
    "coef": [
      -0.1971216590326916,
      -0.7447087455979396,
      0.07238955516826164,
      0.39586172237388184,
      -0.21989358532302422,
      -0.35043790861392976,
      -0.4760548824243067,
      0.17312712193851781,
      -0.1887306306531915,
      -0.056006677544736476,
      -0.069308634689036,
      -0.20612631507291412,
      0.0,
      0.330533183013547,
      0.0,
      0.0,
      -0.029816354224770948,
      -0.6295206398926352,
      0.006450241161363794,
      0.6519783086629029,
      0.0
    ],
    "empirical_prior": 0.09146341463414634,
    "feature_names": [
      "time_since_reached",
      "high_so_far",
      "current_temp",
      "rise_from_7am",
      "dewpoint_c",
      "humidity",
      "pressure",
      "pressure_trend_3h",
      "wind_speed_kmh",
      "wind_E-SE/onshore-ish",
      "wind_S-SW",
      "wind_W-NW",
      "wind_N-NE",
      "wind_SSE",
      "wind_Other/variable",
      "cloud_Precip",
      "cloud_Fog/haze",
      "cloud_Fair/clear",
      "cloud_Partly cloudy",
      "cloud_Mostly cloudy/overcast",
      "cloud_Other"
    ],
    "feature_schema_version": "toronto_feature_store_v0.1",
    "imputer_median": [
      127.0,
      69.0,
      68.0,
      7.0,
      57.0,
      68.0,
      29.78,
      -0.029999999999997584,
      13.0,
      0.0,
      1.0,
      0.0,
      0.0,
      0.0,
      0.0,
      0.0,
      0.0,
      0.0,
      0.0,
      0.0,
      0.0
    ],
    "intercept": -2.475799264865879,
    "scaler_mean": [
      117.40243902439025,
      69.57926829268293,
      68.75,
      6.829268292682927,
      56.51829268292683,
      65.9390243902439,
      29.78426829268293,
      -0.02731707317073173,
      13.46951219512195
    ],
    "scaler_scale": [
      86.97145028561307,
      3.726936812073659,
      3.222207620750021,
      2.23500356331238,
      3.8022338764102965,
      9.72844403994953,
      0.05583142064493267,
      0.015265837876376729,
      2.538541401075277
    ]
  },
  "16": {
    "coef": [
      -0.10100180836556738,
      0.029416881532671475,
      0.11795984844680223,
      0.5337239456328926,
      0.16845481250298583,
      -0.1435905705023686,
      -0.1924914369253888,
      -0.5327272359885411,
      0.5337813075159534,
      0.0,
      -0.003084166359719729,
      0.023583322926884663,
      0.0,
      -0.01752281456850241,
      0.0,
      0.0,
      -0.020953835687365262,
      -0.5619550821884441,
      0.14470560940535032,
      0.4411796504691215,
      0.0
    ],
    "empirical_prior": 0.018292682926829267,
    "feature_names": [
      "time_since_reached",
      "high_so_far",
      "current_temp",
      "rise_from_7am",
      "dewpoint_c",
      "humidity",
      "pressure",
      "pressure_trend_3h",
      "wind_speed_kmh",
      "wind_E-SE/onshore-ish",
      "wind_S-SW",
      "wind_W-NW",
      "wind_N-NE",
      "wind_SSE",
      "wind_Other/variable",
      "cloud_Precip",
      "cloud_Fog/haze",
      "cloud_Fair/clear",
      "cloud_Partly cloudy",
      "cloud_Mostly cloudy/overcast",
      "cloud_Other"
    ],
    "feature_schema_version": "toronto_feature_store_v0.1",
    "imputer_median": [
      187.0,
      69.0,
      68.0,
      6.0,
      57.0,
      68.0,
      29.77,
      -0.030000000000001137,
      13.5,
      0.0,
      0.0,
      1.0,
      0.0,
      0.0,
      0.0,
      0.0,
      0.0,
      0.0,
      0.0,
      0.0,
      0.0
    ],
    "intercept": -4.707018631014991,
    "scaler_mean": [
      167.77439024390245,
      69.6890243902439,
      68.10975609756098,
      6.189024390243903,
      56.58536585365854,
      67.5548780487805,
      29.77237804878049,
      -0.032317073170731646,
      13.676829268292684
    ],
    "scaler_scale": [
      95.53803521848609,
      3.6652124051703843,
      3.2572848844644184,
      2.341487233110561,
      3.5731082987969436,
      9.68796905947387,
      0.05596016445605625,
      0.014716738478130001,
      2.666266174318329
    ]
  },
  "17": {
    "coef": [
      0.13677135869610232,
      0.4123076464835772,
      0.34850906340491244,
      0.6667805830877856,
      0.4360137476610656,
      0.042678735644305826,
      -0.3767388789973329,
      0.2704284135031503,
      -0.09610913636953658,
      0.0,
      -0.1087007124543735,
      0.10900158242558997,
      0.0,
      -0.00041566105793789304,
      0.0,
      0.2850990667010008,
      -0.011746396976398201,
      -0.18015838793341504,
      -0.04132793901081771,
      -0.051981133867091314,
      0.0
    ],
    "empirical_prior": 0.006097560975609756,
    "feature_names": [
      "time_since_reached",
      "high_so_far",
      "current_temp",
      "rise_from_7am",
      "dewpoint_c",
      "humidity",
      "pressure",
      "pressure_trend_3h",
      "wind_speed_kmh",
      "wind_E-SE/onshore-ish",
      "wind_S-SW",
      "wind_W-NW",
      "wind_N-NE",
      "wind_SSE",
      "wind_Other/variable",
      "cloud_Precip",
      "cloud_Fog/haze",
      "cloud_Fair/clear",
      "cloud_Partly cloudy",
      "cloud_Mostly cloudy/overcast",
      "cloud_Other"
    ],
    "feature_schema_version": "toronto_feature_store_v0.1",
    "imputer_median": [
      247.0,
      69.0,
      67.0,
      5.0,
      57.0,
      70.0,
      29.76,
      -0.030000000000001137,
      14.0,
      0.0,
      0.0,
      1.0,
      0.0,
      0.0,
      0.0,
      0.0,
      0.0,
      0.0,
      0.0,
      0.0,
      0.0
    ],
    "intercept": -6.35699083438467,
    "scaler_mean": [
      226.2439024390244,
      69.70121951219512,
      67.16463414634147,
      5.2439024390243905,
      56.47560975609756,
      69.54268292682927,
      29.762987804878055,
      -0.03164634146341447,
      13.762195121951219
    ],
    "scaler_scale": [
      97.62291326592884,
      3.6678894676552547,
      3.3152961075574003,
      2.4121692272155695,
      3.766753178301743,
      9.838544539491712,
      0.056267868468698086,
      0.014452505860213101,
      2.6934038779455824
    ]
  }
}