{
  "15": {
    "coef": [
      0.1179239561532808,
      -0.5071431472413378,
      0.3028238663944711,
      0.050424851705141514,
      0.11858113893821874,
      0.07958020123805885,
      -0.08965805068393465,
      -0.12016799906550232,
      -0.8121812656542443,
      0.07297807895422845,
      -0.6834459220374364,
      -0.1994774988835339,
      0.18326133659470525,
      0.0,
      0.6998311751290139,
      -0.0931509153087414,
      0.0,
      0.1366625901334894,
      -0.1853018311601173,
      0.14020393561172365,
      0.0
    ],
    "empirical_prior": 0.09090909090909091,
    "feature_names": [
      "time_since_reached",
      "high_so_far",
      "current_temp",
      "rise_from_7am",
      "dewpoint_c",
      "humidity",
      "pressure",
      "pressure_trend_3h",
      "wind_speed_kmh",
      "wind_E-SE/onshore-ish",
      "wind_S-SW",
      "wind_W-NW",
      "wind_N-NE",
      "wind_SSE",
      "wind_Other/variable",
      "cloud_Precip",
      "cloud_Fog/haze",
      "cloud_Fair/clear",
      "cloud_Partly cloudy",
      "cloud_Mostly cloudy/overcast",
      "cloud_Other"
    ],
    "feature_schema_version": "toronto_feature_store_v0.3",
    "imputer_median": [
      109.0,
      69.0,
      68.0,
      11.0,
      51.0,
      54.0,
      29.94,
      -0.019999999999999574,
      21.0,
      0.0,
      0.0,
      1.0,
      0.0,
      0.0,
      0.0,
      0.0,
      0.0,
      1.0,
      0.0,
      0.0,
      0.0
    ],
    "intercept": -2.5322365515141505,
    "scaler_mean": [
      111.83030303030303,
      70.35151515151514,
      69.10303030303031,
      11.824242424242424,
      50.587878787878786,
      52.8969696969697,
      29.936060606060604,
      -0.017999999999999884,
      20.133333333333333
    ],
    "scaler_scale": [
      70.89459732737893,
      6.342550926068346,
      5.899793773924586,
      4.54599592735558,
      4.255460490394385,
      10.577061654424918,
      0.09130499650901636,
      0.01779342745527299,
      5.819021404068738
    ]
  },
  "16": {
    "coef": [
      -0.14131329560737838,
      -0.24425999148180716,
      0.3438683118072993,
      -0.04697881137289881,
      0.7346086741000909,
      0.06743166257659937,
      -0.16532462342896448,
      -0.37900111161865435,
      -0.6189484144781605,
      0.0,
      0.3264930737168438,
      -0.8485183466385494,
      0.1550176098966399,
      0.0,
      0.3665034326973059,
      0.0,
      0.0,
      -0.01527875650905652,
      -0.04160603988727806,
      0.056380566068574715,
      0.0
    ],
    "empirical_prior": 0.04242424242424243,
    "feature_names": [
      "time_since_reached",
      "high_so_far",
      "current_temp",
      "rise_from_7am",
      "dewpoint_c",
      "humidity",
      "pressure",
      "pressure_trend_3h",
      "wind_speed_kmh",
      "wind_E-SE/onshore-ish",
      "wind_S-SW",
      "wind_W-NW",
      "wind_N-NE",
      "wind_SSE",
      "wind_Other/variable",
      "cloud_Precip",
      "cloud_Fog/haze",
      "cloud_Fair/clear",
      "cloud_Partly cloudy",
      "cloud_Mostly cloudy/overcast",
      "cloud_Other"
    ],
    "feature_schema_version": "toronto_feature_store_v0.3",
    "imputer_median": [
      154.0,
      69.0,
      67.0,
      10.0,
      51.0,
      55.0,
      29.93,
      -0.020000000000003126,
      21.0,
      0.0,
      0.0,
      1.0,
      0.0,
      0.0,
      0.0,
      0.0,
      0.0,
      0.0,
      0.0,
      0.0,
      0.0
    ],
    "intercept": -3.533040582528978,
    "scaler_mean": [
      164.28484848484848,
      70.41818181818182,
      68.41818181818182,
      11.139393939393939,
      50.28484848484848,
      53.68484848484849,
      29.92654545454545,
      -0.023575757575757514,
      20.73939393939394
    ],
    "scaler_scale": [
      75.174367493231,
      6.371406511645534,
      5.930989725033867,
      4.592348009324985,
      4.157222354447244,
      10.968166643632731,
      0.09221617911982731,
      0.017440861639526628,
      6.125848828947282
    ]
  },
  "17": {
    "coef": [
      0.0,
      0.0,
      0.0,
      0.0,
      0.0,
      0.0,
      0.0,
      0.0,
      0.0,
      0.0,
      0.0,
      0.0,
      0.0,
      0.0,
      0.0,
      0.0,
      0.0,
      0.0,
      0.0,
      0.0,
      0.0
    ],
    "empirical_prior": 0.0,
    "feature_names": [
      "time_since_reached",
      "high_so_far",
      "current_temp",
      "rise_from_7am",
      "dewpoint_c",
      "humidity",
      "pressure",
      "pressure_trend_3h",
      "wind_speed_kmh",
      "wind_E-SE/onshore-ish",
      "wind_S-SW",
      "wind_W-NW",
      "wind_N-NE",
      "wind_SSE",
      "wind_Other/variable",
      "cloud_Precip",
      "cloud_Fog/haze",
      "cloud_Fair/clear",
      "cloud_Partly cloudy",
      "cloud_Mostly cloudy/overcast",
      "cloud_Other"
    ],
    "feature_schema_version": "toronto_feature_store_v0.3",
    "imputer_median": [
      214.0,
      69.0,
      66.0,
      9.0,
      51.0,
      57.0,
      29.92,
      -0.019999999999999574,
      21.0,
      0.0,
      0.0,
      1.0,
      0.0,
      0.0,
      0.0,
      0.0,
      0.0,
      0.0,
      0.0,
      0.0,
      0.0
    ],
    "intercept": -10.0,
    "scaler_mean": [
      218.78181818181818,
      70.48484848484848,
      67.26060606060607,
      9.981818181818182,
      50.012121212121215,
      55.36363636363637,
      29.91963636363636,
      -0.022666666666666613,
      21.30909090909091
    ],
    "scaler_scale": [
      84.96445408110544,
      6.387113978710819,
      5.797488452766704,
      4.4659964136732295,
      4.009062278007662,
      11.326071243249467,
      0.09170367897904642,
      0.017551079853969156,
      5.61018357806715
    ]
  }
}