{
  "15": {
    "coef": [
      -0.04376798594301604,
      -1.828126836616695,
      1.1678555677716496,
      0.3503802051110096,
      0.5261045472015926,
      0.046407231210726714,
      0.2296464620709666,
      -0.17533083534687885,
      -0.34861563689108493,
      -0.2258811240439055,
      -0.13973065804213786,
      0.27622374180031534,
      -0.17583679847029776,
      -0.16839017002343734,
      0.17117434768723466,
      -0.5771505682062692,
      0.17865601369189024,
      0.18557892220451916,
      0.39475227761251225,
      -0.20434767095846687,
      0.0
    ],
    "empirical_prior": 0.3450920245398773,
    "feature_names": [
      "time_since_reached",
      "high_so_far",
      "current_temp",
      "rise_from_7am",
      "dewpoint_c",
      "humidity",
      "pressure",
      "pressure_trend_3h",
      "wind_speed_kmh",
      "wind_E-SE/onshore-ish",
      "wind_S-SW",
      "wind_W-NW",
      "wind_N-NE",
      "wind_SSE",
      "wind_Other/variable",
      "cloud_Precip",
      "cloud_Fog/haze",
      "cloud_Fair/clear",
      "cloud_Partly cloudy",
      "cloud_Mostly cloudy/overcast",
      "cloud_Other"
    ],
    "imputer_median": [
      60.0,
      21.0,
      20.0,
      8.0,
      10.0,
      53.0,
      994.05,
      -0.8799999999999955,
      19.0,
      0.0,
      0.0,
      0.0,
      0.0,
      0.0,
      0.0,
      0.0,
      0.0,
      0.0,
      0.0,
      1.0,
      0.0
    ],
    "intercept": -0.6509308022807276,
    "scaler_mean": [
      143.6073619631902,
      20.624233128834355,
      20.007668711656443,
      7.216257668711656,
      9.97239263803681,
      55.01687116564417,
      993.812300613497,
      -0.8072699386503042,
      19.288343558282207
    ],
    "scaler_scale": [
      231.08560641418967,
      5.147358771838141,
      5.389572079778827,
      3.882971252733885,
      5.513160922287488,
      18.436128109184107,
      6.204370138668949,
      1.053535925129292,
      8.246191853109332
    ]
  },
  "16": {
    "coef": [
      -0.11721958080226996,
      -1.3877425868007591,
      0.6934292559991592,
      0.27952003201485537,
      0.5672835942964629,
      -0.004489641906486456,
      0.22460361233906687,
      -0.30860853628915386,
      -0.339733510801573,
      0.09980948910678035,
      0.19865852155305644,
      0.18433356982910631,
      -0.3671197483343599,
      0.0995813898754879,
      -0.07640457970805753,
      -0.30430418769992074,
      0.0,
      0.31445237255776315,
      -0.19046245059767128,
      0.16171653389923965,
      0.0
    ],
    "empirical_prior": 0.14570552147239263,
    "feature_names": [
      "time_since_reached",
      "high_so_far",
      "current_temp",
      "rise_from_7am",
      "dewpoint_c",
      "humidity",
      "pressure",
      "pressure_trend_3h",
      "wind_speed_kmh",
      "wind_E-SE/onshore-ish",
      "wind_S-SW",
      "wind_W-NW",
      "wind_N-NE",
      "wind_SSE",
      "wind_Other/variable",
      "cloud_Precip",
      "cloud_Fog/haze",
      "cloud_Fair/clear",
      "cloud_Partly cloudy",
      "cloud_Mostly cloudy/overcast",
      "cloud_Other"
    ],
    "imputer_median": [
      120.0,
      21.0,
      20.0,
      8.0,
      10.0,
      51.0,
      993.91,
      -0.9800000000000182,
      19.0,
      0.0,
      0.0,
      0.0,
      0.0,
      0.0,
      0.0,
      0.0,
      0.0,
      0.0,
      0.0,
      1.0,
      0.0
    ],
    "intercept": -2.225462858725919,
    "scaler_mean": [
      161.76687116564418,
      20.92331288343558,
      20.073619631901842,
      7.254601226993865,
      9.866564417177914,
      54.58588957055215,
      993.543726993865,
      -0.8499539877300618,
      19.552147239263803
    ],
    "scaler_scale": [
      229.10680983664207,
      5.155580341407278,
      5.409385484086229,
      4.008376236795146,
      5.481898699369125,
      18.67711561032773,
      6.163613523061287,
      1.1033338343539107,
      8.241115963380134
    ]
  },
  "17": {
    "coef": [
      -0.0979626581484177,
      -0.9365985936789296,
      0.47213059138716396,
      0.5664949776164595,
      0.5199575887854057,
      0.09489292666490137,
      -0.10146385618143344,
      -0.310768398199125,
      -0.6380959349230962,
      -0.06732697568857851,
      -0.12968416834376847,
      0.08773057539445925,
      0.13842405485110307,
      -0.14767775189990975,
      0.0946629920913548,
      -0.18077480485054023,
      -0.14689285094804372,
      -0.11182722463686003,
      -0.17403021028889462,
      0.5896538171289996,
      0.0
    ],
    "empirical_prior": 0.05828220858895705,
    "feature_names": [
      "time_since_reached",
      "high_so_far",
      "current_temp",
      "rise_from_7am",
      "dewpoint_c",
      "humidity",
      "pressure",
      "pressure_trend_3h",
      "wind_speed_kmh",
      "wind_E-SE/onshore-ish",
      "wind_S-SW",
      "wind_W-NW",
      "wind_N-NE",
      "wind_SSE",
      "wind_Other/variable",
      "cloud_Precip",
      "cloud_Fog/haze",
      "cloud_Fair/clear",
      "cloud_Partly cloudy",
      "cloud_Mostly cloudy/overcast",
      "cloud_Other"
    ],
    "imputer_median": [
      120.0,
      21.0,
      20.0,
      8.0,
      10.0,
      51.0,
      993.66,
      -0.8799999999999955,
      19.0,
      0.0,
      0.0,
      0.0,
      0.0,
      0.0,
      0.0,
      0.0,
      0.0,
      0.0,
      0.0,
      1.0,
      0.0
    ],
    "intercept": -3.5399106478573055,
    "scaler_mean": [
      204.32361963190183,
      21.04447852760736,
      19.926380368098158,
      7.134969325153374,
      9.754601226993865,
      54.624233128834355,
      993.3598773006133,
      -0.7020245398772984,
      19.38803680981595
    ],
    "scaler_scale": [
      231.84049783413172,
      5.131059955000416,
      5.322493398588626,
      4.0522134183697816,
      5.462467615312886,
      18.769384136237033,
      6.059791927599802,
      1.1719012969122176,
      8.451306455718015
    ]
  }
}