{
  "15": {
    "coef": [
      0.04042500166209056,
      -0.2630194113389683,
      0.3422589667824566,
      -0.17150318550382643,
      0.03185442804758372,
      0.17531044824784667,
      -0.4457047670655222,
      0.05990020561507402,
      -0.8178126212409645,
      0.03677174711252887,
      -0.6605370926976032,
      -0.3007954162679243,
      0.25788608769000126,
      0.0,
      0.6866954086368321,
      -0.1157006238511756,
      0.0,
      0.11616802468673866,
      -0.23562313661596923,
      0.23529998280940378,
      0.0
    ],
    "empirical_prior": 0.08484848484848485,
    "feature_names": [
      "time_since_reached",
      "high_so_far",
      "current_temp",
      "rise_from_7am",
      "dewpoint_c",
      "humidity",
      "pressure",
      "pressure_trend_3h",
      "wind_speed_kmh",
      "wind_E-SE/onshore-ish",
      "wind_S-SW",
      "wind_W-NW",
      "wind_N-NE",
      "wind_SSE",
      "wind_Other/variable",
      "cloud_Precip",
      "cloud_Fog/haze",
      "cloud_Fair/clear",
      "cloud_Partly cloudy",
      "cloud_Mostly cloudy/overcast",
      "cloud_Other"
    ],
    "feature_schema_version": "toronto_feature_store_v0.1",
    "imputer_median": [
      64.0,
      69.0,
      68.0,
      12.0,
      51.0,
      54.0,
      29.93,
      -0.019999999999999574,
      21.0,
      0.0,
      0.0,
      1.0,
      0.0,
      0.0,
      0.0,
      0.0,
      0.0,
      1.0,
      0.0,
      0.0,
      0.0
    ],
    "intercept": -2.7007254084519974,
    "scaler_mean": [
      84.46666666666667,
      70.35757575757576,
      69.17575757575757,
      12.127272727272727,
      50.763636363636365,
      53.02424242424242,
      29.932909090909092,
      -0.018727272727272596,
      19.757575757575758
    ],
    "scaler_scale": [
      63.99777773919619,
      6.132824269208116,
      5.8142474070964205,
      4.639962952260191,
      4.142742334443065,
      10.309719753503291,
      0.08607972472228564,
      0.017621049270984766,
      5.881817401214567
    ]
  },
  "16": {
    "coef": [
      -0.21386229426469638,
      -0.1296590611391531,
      0.33559720514969854,
      -0.2772623327297783,
      0.6995155867690216,
      0.1434089552507887,
      -0.6046438740841851,
      -0.3802145538322479,
      -0.6931424691556523,
      0.0,
      0.13924611633770265,
      -0.7148241900679774,
      0.20100219506627845,
      0.0,
      0.37087696755389576,
      0.0,
      0.0,
      0.09094748986222749,
      -0.3464499588015132,
      0.251803557829185,
      0.0
    ],
    "empirical_prior": 0.03636363636363636,
    "feature_names": [
      "time_since_reached",
      "high_so_far",
      "current_temp",
      "rise_from_7am",
      "dewpoint_c",
      "humidity",
      "pressure",
      "pressure_trend_3h",
      "wind_speed_kmh",
      "wind_E-SE/onshore-ish",
      "wind_S-SW",
      "wind_W-NW",
      "wind_N-NE",
      "wind_SSE",
      "wind_Other/variable",
      "cloud_Precip",
      "cloud_Fog/haze",
      "cloud_Fair/clear",
      "cloud_Partly cloudy",
      "cloud_Mostly cloudy/overcast",
      "cloud_Other"
    ],
    "feature_schema_version": "toronto_feature_store_v0.1",
    "imputer_median": [
      124.0,
      69.0,
      67.0,
      10.0,
      51.0,
      56.0,
      29.92,
      -0.019999999999999574,
      21.0,
      0.0,
      0.0,
      1.0,
      0.0,
      0.0,
      0.0,
      0.0,
      0.0,
      0.0,
      0.0,
      0.0,
      0.0
    ],
    "intercept": -4.129083464135727,
    "scaler_mean": [
      137.1939393939394,
      70.43636363636364,
      68.47878787878788,
      11.43030303030303,
      50.515151515151516,
      53.945454545454545,
      29.924303030303033,
      -0.023030303030302905,
      20.327272727272728
    ],
    "scaler_scale": [
      70.36639151028099,
      6.166665922120423,
      5.903864044164152,
      4.702319533919588,
      4.052094199458544,
      10.58086010449832,
      0.0870960754250939,
      0.017491963260196166,
      5.862219702016527
    ]
  },
  "17": {
    "coef": [
      0.0,
      0.0,
      0.0,
      0.0,
      0.0,
      0.0,
      0.0,
      0.0,
      0.0,
      0.0,
      0.0,
      0.0,
      0.0,
      0.0,
      0.0,
      0.0,
      0.0,
      0.0,
      0.0,
      0.0,
      0.0
    ],
    "empirical_prior": 0.0,
    "feature_names": [
      "time_since_reached",
      "high_so_far",
      "current_temp",
      "rise_from_7am",
      "dewpoint_c",
      "humidity",
      "pressure",
      "pressure_trend_3h",
      "wind_speed_kmh",
      "wind_E-SE/onshore-ish",
      "wind_S-SW",
      "wind_W-NW",
      "wind_N-NE",
      "wind_SSE",
      "wind_Other/variable",
      "cloud_Precip",
      "cloud_Fog/haze",
      "cloud_Fair/clear",
      "cloud_Partly cloudy",
      "cloud_Mostly cloudy/overcast",
      "cloud_Other"
    ],
    "feature_schema_version": "toronto_feature_store_v0.1",
    "imputer_median": [
      184.0,
      69.0,
      66.0,
      9.0,
      51.0,
      58.0,
      29.92,
      -0.019999999999999574,
      21.0,
      0.0,
      0.0,
      1.0,
      0.0,
      0.0,
      0.0,
      0.0,
      0.0,
      0.0,
      0.0,
      0.0,
      0.0
    ],
    "intercept": -10.0,
    "scaler_mean": [
      192.3272727272727,
      70.4969696969697,
      67.25454545454545,
      10.206060606060607,
      50.18181818181818,
      55.654545454545456,
      29.917818181818173,
      -0.02133333333333322,
      21.01818181818182
    ],
    "scaler_scale": [
      76.50091412694984,
      6.181717170891911,
      5.670395791278777,
      4.471454200033091,
      3.9485674076812662,
      11.00008514868121,
      0.08718543614321189,
      0.016570632413576033,
      5.214749161314185
    ]
  }
}