{
  "15": {
    "coef": [
      -0.2762629899625921,
      -0.7140256614987381,
      0.32660918604637856,
      0.45222741391860266,
      0.06794582258528462,
      0.30509238755235163,
      0.09743807147601649,
      -0.05912983049466084,
      -0.3169576749960617,
      -0.7909671071255372,
      -0.7692509804631501,
      0.5823705909600443,
      0.5334222549141017,
      0.0025147331995479553,
      0.4310322132579115,
      -0.3978999311209963,
      0.09840016109696939,
      0.20235902144052806,
      0.09728027888392878,
      -0.011017825557512009,
      0.0
    ],
    "empirical_prior": 0.47878787878787876,
    "feature_names": [
      "time_since_reached",
      "high_so_far",
      "current_temp",
      "rise_from_7am",
      "dewpoint_c",
      "humidity",
      "pressure",
      "pressure_trend_3h",
      "wind_speed_kmh",
      "wind_E-SE/onshore-ish",
      "wind_S-SW",
      "wind_W-NW",
      "wind_N-NE",
      "wind_SSE",
      "wind_Other/variable",
      "cloud_Precip",
      "cloud_Fog/haze",
      "cloud_Fair/clear",
      "cloud_Partly cloudy",
      "cloud_Mostly cloudy/overcast",
      "cloud_Other"
    ],
    "feature_schema_version": "toronto_feature_store_v0.1",
    "imputer_median": [
      69.0,
      77.0,
      75.0,
      12.0,
      53.0,
      42.0,
      29.89,
      -0.030000000000001137,
      12.0,
      0.0,
      0.0,
      0.0,
      0.0,
      0.0,
      0.0,
      0.0,
      0.0,
      0.0,
      0.0,
      1.0,
      0.0
    ],
    "intercept": -0.09836362530996842,
    "scaler_mean": [
      131.24242424242425,
      76.9939393939394,
      76.0969696969697,
      10.751515151515152,
      52.64848484848485,
      46.93939393939394,
      29.88066666666667,
      -0.031212121212121097,
      11.884848484848485
    ],
    "scaler_scale": [
      235.16467863812275,
      7.777587823995513,
      8.17699970347296,
      5.319382580492705,
      9.02710132381245,
      17.683650031047588,
      0.17618906282339405,
      0.028236831283892275,
      4.2985636228241875
    ]
  },
  "16": {
    "coef": [
      -0.26060606936055014,
      -1.001241752379872,
      0.3159887487085899,
      0.46093391179644927,
      0.2077823093959162,
      0.47669832133591705,
      -0.08600144328105726,
      -0.19991655435981917,
      -0.5370670493794139,
      -0.1302204834909195,
      -0.2813742044720112,
      0.8731578959345142,
      -0.007285912785430654,
      -0.6592096503936153,
      0.2017652086265793,
      -0.2223321486239568,
      -0.021585820450566503,
      0.4201938034890212,
      0.009304487721477083,
      -0.18874746871685827,
      0.0
    ],
    "empirical_prior": 0.26666666666666666,
    "feature_names": [
      "time_since_reached",
      "high_so_far",
      "current_temp",
      "rise_from_7am",
      "dewpoint_c",
      "humidity",
      "pressure",
      "pressure_trend_3h",
      "wind_speed_kmh",
      "wind_E-SE/onshore-ish",
      "wind_S-SW",
      "wind_W-NW",
      "wind_N-NE",
      "wind_SSE",
      "wind_Other/variable",
      "cloud_Precip",
      "cloud_Fog/haze",
      "cloud_Fair/clear",
      "cloud_Partly cloudy",
      "cloud_Mostly cloudy/overcast",
      "cloud_Other"
    ],
    "feature_schema_version": "toronto_feature_store_v0.1",
    "imputer_median": [
      69.0,
      78.0,
      76.0,
      12.0,
      53.0,
      43.0,
      29.9,
      -0.030000000000001137,
      12.0,
      0.0,
      0.0,
      0.0,
      0.0,
      0.0,
      0.0,
      0.0,
      0.0,
      0.0,
      0.0,
      1.0,
      0.0
    ],
    "intercept": -1.2119683716591279,
    "scaler_mean": [
      150.1878787878788,
      77.56363636363636,
      76.2969696969697,
      10.951515151515151,
      52.86666666666667,
      46.86060606060606,
      29.87357575757576,
      -0.029454545454545514,
      12.16969696969697
    ],
    "scaler_scale": [
      233.82442488170057,
      7.7649491474,
      7.9903155339708,
      5.4924808774509515,
      9.07713299640054,
      17.525357202842855,
      0.17408445012677387,
      0.02690622425353037,
      4.636644871644624
    ]
  },
  "17": {
    "coef": [
      0.11551158218429165,
      -1.1011476788247054,
      0.26734865320758744,
      0.8827274064374895,
      0.5235262496270938,
      0.30125463951544595,
      -0.3792819246343298,
      -0.09327560883333699,
      -0.3989725930047129,
      -0.35798212423699205,
      -0.2629970920629241,
      0.2896397627794235,
      0.2654964294504361,
      -0.269120511773009,
      0.38976498249508523,
      0.0024061687954744244,
      -0.09866363997778427,
      -0.44989754646163505,
      0.6705426381944286,
      -0.12585814386243246,
      0.0
    ],
    "empirical_prior": 0.12727272727272726,
    "feature_names": [
      "time_since_reached",
      "high_so_far",
      "current_temp",
      "rise_from_7am",
      "dewpoint_c",
      "humidity",
      "pressure",
      "pressure_trend_3h",
      "wind_speed_kmh",
      "wind_E-SE/onshore-ish",
      "wind_S-SW",
      "wind_W-NW",
      "wind_N-NE",
      "wind_SSE",
      "wind_Other/variable",
      "cloud_Precip",
      "cloud_Fog/haze",
      "cloud_Fair/clear",
      "cloud_Partly cloudy",
      "cloud_Mostly cloudy/overcast",
      "cloud_Other"
    ],
    "feature_schema_version": "toronto_feature_store_v0.1",
    "imputer_median": [
      129.0,
      78.0,
      76.0,
      11.0,
      52.0,
      43.0,
      29.88,
      -0.029999999999997584,
      12.0,
      0.0,
      0.0,
      0.0,
      0.0,
      0.0,
      0.0,
      0.0,
      0.0,
      0.0,
      0.0,
      1.0,
      0.0
    ],
    "intercept": -2.3573799709467296,
    "scaler_mean": [
      189.27878787878788,
      77.89090909090909,
      75.8,
      10.454545454545455,
      52.85454545454545,
      47.76969696969697,
      29.86769696969697,
      -0.023212121212121094,
      12.315151515151515
    ],
    "scaler_scale": [
      244.48549781317297,
      7.701253878088025,
      7.730459236035076,
      5.584018912721451,
      9.019342545047481,
      18.063062676121845,
      0.1718407446037428,
      0.028454916575499742,
      3.9830033751095497
    ]
  }
}