{
  "15": {
    "coef": [
      -0.2418477699680856,
      -1.378348986253153,
      0.8701359720942913,
      0.10699396532440546,
      0.5025500364322499,
      -0.08804914315721796,
      0.189442704293812,
      0.07150134531127232,
      -0.4444435491621836,
      -0.4481768737044653,
      -0.09693584180578259,
      0.26350341833672497,
      -0.49964931461193335,
      -0.3913167498825721,
      0.10634347068726537,
      -0.1143744914152834,
      -0.17556095499999452,
      -0.06554523394229309,
      0.36549096251356405,
      -0.07844015317063636,
      0.0
    ],
    "empirical_prior": 0.3411214953271028,
    "feature_names": [
      "time_since_reached",
      "high_so_far",
      "current_temp",
      "rise_from_7am",
      "dewpoint_c",
      "humidity",
      "pressure",
      "pressure_trend_3h",
      "wind_speed_kmh",
      "wind_E-SE/onshore-ish",
      "wind_S-SW",
      "wind_W-NW",
      "wind_N-NE",
      "wind_SSE",
      "wind_Other/variable",
      "cloud_Precip",
      "cloud_Fog/haze",
      "cloud_Fair/clear",
      "cloud_Partly cloudy",
      "cloud_Mostly cloudy/overcast",
      "cloud_Other"
    ],
    "feature_schema_version": "toronto_feature_store_v0.2",
    "imputer_median": [
      60.0,
      22.0,
      22.0,
      7.0,
      12.0,
      52.0,
      992.97,
      -0.8350000000000364,
      19.0,
      0.0,
      0.0,
      0.0,
      0.0,
      0.0,
      0.0,
      0.0,
      0.0,
      0.0,
      0.0,
      1.0,
      0.0
    ],
    "intercept": -0.5977784864458865,
    "scaler_mean": [
      129.6931464174455,
      22.2398753894081,
      21.758566978193148,
      7.065420560747664,
      11.4797507788162,
      54.48598130841121,
      992.7778971962615,
      -0.7580062305295934,
      19.09657320872274
    ],
    "scaler_scale": [
      216.74431348864476,
      4.451724295782029,
      4.642277928333674,
      3.800977972294774,
      4.933551727525432,
      17.31782677903207,
      5.469220738346412,
      0.9612448509680461,
      8.243756483993321
    ]
  },
  "16": {
    "coef": [
      0.03988017653030838,
      -1.7799675343232584,
      1.0601513898546921,
      0.2252836835855728,
      0.6830251368093438,
      -0.3210591969603102,
      -0.011451934332518282,
      -0.10002364241456264,
      -0.38995781163761745,
      -0.043219780526967115,
      0.23677303204511976,
      0.012356740941347782,
      -0.5464672353210189,
      -0.19893308902272971,
      0.5288679040910047,
      -0.027360975125036883,
      -0.09503294617875784,
      -0.0034076147209834724,
      0.06953692456199743,
      0.045642183669537616,
      0.0
    ],
    "empirical_prior": 0.14174454828660435,
    "feature_names": [
      "time_since_reached",
      "high_so_far",
      "current_temp",
      "rise_from_7am",
      "dewpoint_c",
      "humidity",
      "pressure",
      "pressure_trend_3h",
      "wind_speed_kmh",
      "wind_E-SE/onshore-ish",
      "wind_S-SW",
      "wind_W-NW",
      "wind_N-NE",
      "wind_SSE",
      "wind_Other/variable",
      "cloud_Precip",
      "cloud_Fog/haze",
      "cloud_Fair/clear",
      "cloud_Partly cloudy",
      "cloud_Mostly cloudy/overcast",
      "cloud_Other"
    ],
    "feature_schema_version": "toronto_feature_store_v0.2",
    "imputer_median": [
      60.0,
      22.0,
      22.0,
      7.5,
      12.0,
      52.0,
      992.59,
      -0.8799999999999955,
      19.0,
      0.0,
      0.0,
      0.0,
      0.0,
      0.0,
      0.0,
      0.0,
      0.0,
      0.0,
      0.0,
      1.0,
      0.0
    ],
    "intercept": -2.0360707240069424,
    "scaler_mean": [
      156.8239875389408,
      22.498442367601246,
      21.80373831775701,
      7.127725856697819,
      11.383177570093459,
      54.09190031152648,
      992.5219003115263,
      -0.789672897196263,
      19.202492211838006
    ],
    "scaler_scale": [
      220.421852381184,
      4.460714365621603,
      4.672327068023794,
      3.899342240193064,
      5.012404910535506,
      17.54023314074835,
      5.405442434740737,
      1.035386537681392,
      8.389438176457707
    ]
  },
  "17": {
    "coef": [
      -0.24655182014324972,
      -1.2756679934942556,
      0.3507224067636214,
      0.2026857872394569,
      0.6814467621582925,
      -0.33403208667530926,
      -0.06967295695805521,
      -0.3832912622129386,
      -0.5216349928590847,
      -0.1615509939935677,
      0.055954341817887804,
      0.5334224930146557,
      -0.587159594264983,
      -0.0839042029647395,
      0.2355889758641004,
      0.15627578481542084,
      0.0,
      -0.33146736308935393,
      0.0907955837677052,
      0.07674701397958131,
      0.0
    ],
    "empirical_prior": 0.0529595015576324,
    "feature_names": [
      "time_since_reached",
      "high_so_far",
      "current_temp",
      "rise_from_7am",
      "dewpoint_c",
      "humidity",
      "pressure",
      "pressure_trend_3h",
      "wind_speed_kmh",
      "wind_E-SE/onshore-ish",
      "wind_S-SW",
      "wind_W-NW",
      "wind_N-NE",
      "wind_SSE",
      "wind_Other/variable",
      "cloud_Precip",
      "cloud_Fog/haze",
      "cloud_Fair/clear",
      "cloud_Partly cloudy",
      "cloud_Mostly cloudy/overcast",
      "cloud_Other"
    ],
    "feature_schema_version": "toronto_feature_store_v0.2",
    "imputer_median": [
      120.0,
      22.0,
      22.0,
      7.0,
      11.0,
      52.0,
      992.59,
      -0.6900000000000546,
      19.0,
      0.0,
      0.0,
      0.0,
      0.0,
      0.0,
      0.0,
      0.0,
      0.0,
      0.0,
      0.0,
      1.0,
      0.0
    ],
    "intercept": -3.3008715038686707,
    "scaler_mean": [
      195.60903426791276,
      22.618380062305295,
      21.638629283489095,
      6.9766355140186915,
      11.21183800623053,
      53.97352024922118,
      992.4219781931465,
      -0.6351246105918981,
      19.180685358255452
    ],
    "scaler_scale": [
      223.1696645396019,
      4.441994289016177,
      4.597873339124467,
      3.89557012025891,
      4.990206925324704,
      17.838517159826598,
      5.3220708363440075,
      1.0618715037099355,
      8.346753104096907
    ]
  }
}