{
  "15": {
    "coef": [
      0.03145214769227285,
      -0.763322680929179,
      0.3525498469856292,
      -0.5427253059096477,
      0.03315830183666593,
      -0.900091363508413,
      -0.20103173237518923,
      0.1223192843131225,
      -0.3065604020773667,
      -0.3138237366291119,
      0.22837070619555808,
      -0.16123727778222646,
      -0.0860198204964345,
      0.22219108813553068,
      0.060837109813219006,
      -0.5655904683190635,
      0.12320570927123897,
      0.9351558015964407,
      -0.3439948759273175,
      -0.1468895182286876,
      0.0
    ],
    "empirical_prior": 0.6727272727272727,
    "feature_names": [
      "time_since_reached",
      "high_so_far",
      "current_temp",
      "rise_from_7am",
      "dewpoint_c",
      "humidity",
      "pressure",
      "pressure_trend_3h",
      "wind_speed_kmh",
      "wind_E-SE/onshore-ish",
      "wind_S-SW",
      "wind_W-NW",
      "wind_N-NE",
      "wind_SSE",
      "wind_Other/variable",
      "cloud_Precip",
      "cloud_Fog/haze",
      "cloud_Fair/clear",
      "cloud_Partly cloudy",
      "cloud_Mostly cloudy/overcast",
      "cloud_Other"
    ],
    "feature_schema_version": "toronto_feature_store_v0.1",
    "imputer_median": [
      7.0,
      91.0,
      91.0,
      19.0,
      69.0,
      49.0,
      29.31,
      -0.05000000000000071,
      9.0,
      0.0,
      0.0,
      0.0,
      0.0,
      0.0,
      0.0,
      0.0,
      0.0,
      0.0,
      0.0,
      0.0,
      0.0
    ],
    "intercept": 0.7391546514968244,
    "scaler_mean": [
      38.11515151515152,
      90.50909090909092,
      90.0909090909091,
      18.036363636363635,
      68.74545454545455,
      50.78787878787879,
      29.31648484848485,
      -0.049333333333333576,
      9.460606060606061
    ],
    "scaler_scale": [
      80.62862158635998,
      4.947749022098325,
      5.673776126812732,
      5.584492499218635,
      4.590708066405899,
      12.632707849929533,
      0.09547207150312743,
      0.018128609010248535,
      4.863590106454247
    ]
  },
  "16": {
    "coef": [
      0.03212182403227548,
      -0.6590870404243935,
      0.352986423255033,
      -0.12069546008767033,
      0.156127320505489,
      -0.6547406080039999,
      -0.0025900258734170294,
      0.12753700599957715,
      -0.3971735532202617,
      -0.050289201951790145,
      0.7429068377735816,
      -0.16900846432771446,
      -0.3594868481063132,
      -0.305845076679112,
      -0.13476655217552747,
      -0.5731952977802877,
      0.17516585689311728,
      0.6863978667254187,
      -0.3551149952575163,
      0.06573867002569209,
      0.0
    ],
    "empirical_prior": 0.38181818181818183,
    "feature_names": [
      "time_since_reached",
      "high_so_far",
      "current_temp",
      "rise_from_7am",
      "dewpoint_c",
      "humidity",
      "pressure",
      "pressure_trend_3h",
      "wind_speed_kmh",
      "wind_E-SE/onshore-ish",
      "wind_S-SW",
      "wind_W-NW",
      "wind_N-NE",
      "wind_SSE",
      "wind_Other/variable",
      "cloud_Precip",
      "cloud_Fog/haze",
      "cloud_Fair/clear",
      "cloud_Partly cloudy",
      "cloud_Mostly cloudy/overcast",
      "cloud_Other"
    ],
    "feature_schema_version": "toronto_feature_store_v0.1",
    "imputer_median": [
      7.0,
      91.0,
      91.0,
      19.0,
      69.0,
      48.0,
      29.3,
      -0.05999999999999872,
      9.0,
      0.0,
      0.0,
      0.0,
      0.0,
      0.0,
      0.0,
      0.0,
      0.0,
      0.0,
      0.0,
      0.0,
      0.0
    ],
    "intercept": -0.7083544622172798,
    "scaler_mean": [
      53.46060606060606,
      91.33939393939394,
      90.65454545454546,
      18.6,
      68.33333333333333,
      49.2969696969697,
      29.29957575757576,
      -0.05339393939393941,
      9.436363636363636
    ],
    "scaler_scale": [
      89.63606531800298,
      4.894643912138036,
      5.741559861385517,
      5.509000899354701,
      4.7422451316743315,
      12.814397320828297,
      0.09493443680294712,
      0.019180070771094956,
      4.743468759016823
    ]
  },
  "17": {
    "coef": [
      0.4923974654142267,
      -0.29178036314993716,
      0.23009124064055544,
      -0.3243032242762984,
      -0.05674714010718106,
      -0.7856099025505922,
      0.1391577803814583,
      0.07729195524685581,
      -0.5356597015673259,
      -0.014763285279641991,
      0.34940463558972434,
      0.3058910764097155,
      -0.546309394977458,
      0.06776370245146654,
      -0.0893895364866393,
      -0.23278182087704458,
      0.0,
      -0.2624700512886722,
      -0.24011813622805478,
      0.7321280146627169,
      0.0
    ],
    "empirical_prior": 0.08484848484848485,
    "feature_names": [
      "time_since_reached",
      "high_so_far",
      "current_temp",
      "rise_from_7am",
      "dewpoint_c",
      "humidity",
      "pressure",
      "pressure_trend_3h",
      "wind_speed_kmh",
      "wind_E-SE/onshore-ish",
      "wind_S-SW",
      "wind_W-NW",
      "wind_N-NE",
      "wind_SSE",
      "wind_Other/variable",
      "cloud_Precip",
      "cloud_Fog/haze",
      "cloud_Fair/clear",
      "cloud_Partly cloudy",
      "cloud_Mostly cloudy/overcast",
      "cloud_Other"
    ],
    "feature_schema_version": "toronto_feature_store_v0.1",
    "imputer_median": [
      67.0,
      92.0,
      91.0,
      19.0,
      69.0,
      48.0,
      29.28,
      -0.05000000000000071,
      9.0,
      0.0,
      0.0,
      0.0,
      0.0,
      0.0,
      0.0,
      0.0,
      0.0,
      0.0,
      0.0,
      0.0,
      0.0
    ],
    "intercept": -2.8209992998247415,
    "scaler_mean": [
      88.3030303030303,
      91.73939393939393,
      90.48484848484848,
      18.43030303030303,
      68.19393939393939,
      49.57575757575758,
      29.283696969696976,
      -0.050969696969697144,
      10.10909090909091
    ],
    "scaler_scale": [
      101.41223548452514,
      4.932141915548941,
      6.139396930807851,
      5.963753386385723,
      4.815249727243733,
      13.769158120058389,
      0.09522047298593785,
      0.01727581046379294,
      4.741842349817571
    ]
  }
}