{
  "15": {
    "coef": [
      0.12893407055924433,
      -1.0961469094649552,
      0.7568406176309128,
      0.40529637533122304,
      0.43640108586582466,
      -0.2848449602631412,
      -0.14903655655410158,
      -0.6884470040488032,
      -0.36855928582399744,
      -0.35350500252678707,
      0.43765687770246237,
      -0.1529466929735956,
      -0.18423032197183617,
      0.5786242047575952,
      -0.32632356294726395,
      -0.08882596666702489,
      0.0,
      -0.1828035645018143,
      0.1872950296311158,
      0.08361000357829829,
      0.0
    ],
    "empirical_prior": 0.13333333333333333,
    "feature_names": [
      "time_since_reached",
      "high_so_far",
      "current_temp",
      "rise_from_7am",
      "dewpoint_c",
      "humidity",
      "pressure",
      "pressure_trend_3h",
      "wind_speed_kmh",
      "wind_E-SE/onshore-ish",
      "wind_S-SW",
      "wind_W-NW",
      "wind_N-NE",
      "wind_SSE",
      "wind_Other/variable",
      "cloud_Precip",
      "cloud_Fog/haze",
      "cloud_Fair/clear",
      "cloud_Partly cloudy",
      "cloud_Mostly cloudy/overcast",
      "cloud_Other"
    ],
    "feature_schema_version": "toronto_feature_store_v0.1",
    "imputer_median": [
      127.0,
      88.0,
      86.0,
      7.0,
      73.0,
      65.0,
      29.99,
      -0.030000000000001137,
      10.0,
      1.0,
      0.0,
      0.0,
      0.0,
      0.0,
      0.0,
      0.0,
      0.0,
      0.0,
      0.0,
      1.0,
      0.0
    ],
    "intercept": -2.5645070447675815,
    "scaler_mean": [
      138.43030303030304,
      88.0,
      84.98787878787878,
      6.175757575757576,
      73.06666666666666,
      68.4060606060606,
      29.969575757575754,
      -0.02896969696969717,
      10.50909090909091
    ],
    "scaler_scale": [
      120.56896551502264,
      2.6583202716502514,
      4.7456364375528,
      4.5232751812677625,
      2.5181362355937176,
      12.418899072709507,
      0.09181900189652756,
      0.01780787168214005,
      3.819595697814867
    ]
  },
  "16": {
    "coef": [
      -0.48578114417214374,
      -1.1743200755199237,
      0.4045392015944119,
      0.11400232827404294,
      0.22141718430557208,
      -0.08250290752887462,
      -0.20748747451708716,
      -0.4756762095441622,
      -0.6359897549624696,
      -0.34554243496788,
      0.5500854121978112,
      -0.2163408409802143,
      0.10810907238893168,
      -0.14337531780832372,
      0.06368838933898353,
      -0.3756533189414238,
      0.0,
      -0.055799281056262175,
      0.44169980810635684,
      -0.011000078935214713,
      0.0
    ],
    "empirical_prior": 0.06060606060606061,
    "feature_names": [
      "time_since_reached",
      "high_so_far",
      "current_temp",
      "rise_from_7am",
      "dewpoint_c",
      "humidity",
      "pressure",
      "pressure_trend_3h",
      "wind_speed_kmh",
      "wind_E-SE/onshore-ish",
      "wind_S-SW",
      "wind_W-NW",
      "wind_N-NE",
      "wind_SSE",
      "wind_Other/variable",
      "cloud_Precip",
      "cloud_Fog/haze",
      "cloud_Fair/clear",
      "cloud_Partly cloudy",
      "cloud_Mostly cloudy/overcast",
      "cloud_Other"
    ],
    "feature_schema_version": "toronto_feature_store_v0.1",
    "imputer_median": [
      187.0,
      88.0,
      86.0,
      7.0,
      73.0,
      65.0,
      29.97,
      -0.030000000000001137,
      10.0,
      1.0,
      0.0,
      0.0,
      0.0,
      0.0,
      0.0,
      0.0,
      0.0,
      0.0,
      0.0,
      1.0,
      0.0
    ],
    "intercept": -3.5312318812678414,
    "scaler_mean": [
      177.1757575757576,
      88.14545454545454,
      84.78787878787878,
      5.975757575757576,
      72.8,
      68.24848484848485,
      29.956969696969693,
      -0.032848484848484856,
      10.466666666666667
    ],
    "scaler_scale": [
      114.1626140319496,
      2.6291018064236207,
      4.6172113829674934,
      4.481546696143568,
      2.5801104040272573,
      12.418171465751337,
      0.09087736820255812,
      0.021456257421852604,
      3.7891924994620947
    ]
  },
  "17": {
    "coef": [
      -0.8881978203455554,
      -0.25502066936044765,
      -0.04761677406259754,
      0.03667672616822295,
      0.02702808494644179,
      0.10695583245493429,
      -0.18193372779879496,
      0.05430128353346464,
      0.0832497207690028,
      -0.05206422205098789,
      -0.13363620200794088,
      -0.03913219081996014,
      -0.03016269350457505,
      -0.08097025881432308,
      0.33837275835982605,
      0.20584927014204044,
      0.0,
      -0.03350627115604783,
      -0.08868036144372134,
      -0.08125544638023237,
      0.0
    ],
    "empirical_prior": 0.012121212121212121,
    "feature_names": [
      "time_since_reached",
      "high_so_far",
      "current_temp",
      "rise_from_7am",
      "dewpoint_c",
      "humidity",
      "pressure",
      "pressure_trend_3h",
      "wind_speed_kmh",
      "wind_E-SE/onshore-ish",
      "wind_S-SW",
      "wind_W-NW",
      "wind_N-NE",
      "wind_SSE",
      "wind_Other/variable",
      "cloud_Precip",
      "cloud_Fog/haze",
      "cloud_Fair/clear",
      "cloud_Partly cloudy",
      "cloud_Mostly cloudy/overcast",
      "cloud_Other"
    ],
    "feature_schema_version": "toronto_feature_store_v0.1",
    "imputer_median": [
      247.0,
      88.0,
      85.0,
      6.0,
      73.0,
      67.0,
      29.96,
      -0.030000000000001137,
      10.0,
      1.0,
      0.0,
      0.0,
      0.0,
      0.0,
      0.0,
      0.0,
      0.0,
      0.0,
      0.0,
      1.0,
      0.0
    ],
    "intercept": -4.800598116517118,
    "scaler_mean": [
      227.15151515151516,
      88.2060606060606,
      84.36363636363636,
      5.551515151515152,
      72.84848484848484,
      69.23030303030303,
      29.949333333333335,
      -0.030181818181817883,
      9.703030303030303
    ],
    "scaler_scale": [
      120.12425920362408,
      2.5713973790869797,
      4.206907608367975,
      4.231778851708869,
      2.629911994393592,
      11.968455631834999,
      0.08900890887201042,
      0.02022517864543269,
      4.1241700614852705
    ]
  }
}