{
  "15": {
    "coef": [
      -0.25528489035684304,
      -1.136471886209736,
      0.25992713146733915,
      0.1758962504519461,
      -0.010194450664087133,
      -0.3850437232898905,
      -0.3915559431751159,
      -0.039998538247071745,
      -0.4062822493072928,
      -0.2739852838915419,
      0.0030115529802230622,
      0.4686155425278314,
      -0.3333626546040116,
      -0.6610790918583574,
      0.2645887626272067,
      -0.1534703526023034,
      0.0,
      0.3212152379346616,
      0.18960275373846433,
      -0.35648522920954945,
      0.0
    ],
    "empirical_prior": 0.3696969696969697,
    "feature_names": [
      "time_since_reached",
      "high_so_far",
      "current_temp",
      "rise_from_7am",
      "dewpoint_c",
      "humidity",
      "pressure",
      "pressure_trend_3h",
      "wind_speed_kmh",
      "wind_E-SE/onshore-ish",
      "wind_S-SW",
      "wind_W-NW",
      "wind_N-NE",
      "wind_SSE",
      "wind_Other/variable",
      "cloud_Precip",
      "cloud_Fog/haze",
      "cloud_Fair/clear",
      "cloud_Partly cloudy",
      "cloud_Mostly cloudy/overcast",
      "cloud_Other"
    ],
    "feature_schema_version": "toronto_feature_store_v0.2",
    "imputer_median": [
      67.0,
      91.0,
      91.0,
      13.0,
      71.0,
      52.0,
      29.85,
      -0.03999999999999915,
      10.0,
      0.0,
      0.0,
      0.0,
      0.0,
      0.0,
      0.0,
      0.0,
      0.0,
      0.0,
      0.0,
      0.0,
      0.0
    ],
    "intercept": -0.4972167720021398,
    "scaler_mean": [
      75.98181818181818,
      90.50909090909092,
      89.55757575757576,
      12.593939393939394,
      69.94545454545455,
      53.68484848484849,
      29.845636363636366,
      -0.04248484848484824,
      10.393939393939394
    ],
    "scaler_scale": [
      104.98735697200374,
      3.851199233640098,
      5.058867420440481,
      4.783680552951936,
      4.749806433637564,
      12.784368324711693,
      0.09007936506780724,
      0.0220579418970724,
      4.415807650752931
    ]
  },
  "16": {
    "coef": [
      0.1262231013471502,
      -0.9992529946582472,
      0.46898699711018765,
      -0.006375858768684008,
      -0.38096100723983545,
      -0.4390792197870433,
      -0.5010106951684159,
      0.20135950712040646,
      -0.154293882431443,
      -0.35162148355194583,
      0.03387450942627473,
      0.19903475090088063,
      -0.07840140278152455,
      -0.1254948868961427,
      0.3228615926876905,
      -0.18851116894275122,
      0.0,
      0.27613195377880595,
      -0.09077751557371018,
      0.003409810522888361,
      0.0
    ],
    "empirical_prior": 0.16363636363636364,
    "feature_names": [
      "time_since_reached",
      "high_so_far",
      "current_temp",
      "rise_from_7am",
      "dewpoint_c",
      "humidity",
      "pressure",
      "pressure_trend_3h",
      "wind_speed_kmh",
      "wind_E-SE/onshore-ish",
      "wind_S-SW",
      "wind_W-NW",
      "wind_N-NE",
      "wind_SSE",
      "wind_Other/variable",
      "cloud_Precip",
      "cloud_Fog/haze",
      "cloud_Fair/clear",
      "cloud_Partly cloudy",
      "cloud_Mostly cloudy/overcast",
      "cloud_Other"
    ],
    "feature_schema_version": "toronto_feature_store_v0.2",
    "imputer_median": [
      67.0,
      91.0,
      91.0,
      14.0,
      71.0,
      52.0,
      29.84,
      -0.0400000000000027,
      12.0,
      0.0,
      0.0,
      0.0,
      0.0,
      0.0,
      0.0,
      0.0,
      0.0,
      0.0,
      0.0,
      0.0,
      0.0
    ],
    "intercept": -1.8739080012888556,
    "scaler_mean": [
      111.67272727272727,
      90.81818181818181,
      89.46060606060605,
      12.496969696969696,
      70.25454545454545,
      54.47878787878788,
      29.833636363636366,
      -0.04412121212121217,
      10.36969696969697
    ],
    "scaler_scale": [
      116.5451226771619,
      3.847506437307671,
      5.1410374730551425,
      5.037585090550459,
      4.751592454535057,
      13.053543756059815,
      0.08904265854814936,
      0.019384088407228425,
      4.570291738482271
    ]
  },
  "17": {
    "coef": [
      -0.14165947292052825,
      -0.6215330161121932,
      0.09390605680705608,
      0.0034979989119548636,
      0.16864080588748606,
      0.05867264376741517,
      -0.6487153719797103,
      -0.03172211836822656,
      -0.08177672635377271,
      -0.20866571134925285,
      -0.11558359524472607,
      -0.15072899588970617,
      0.2078992539327728,
      0.1208054066277288,
      0.17002748325206757,
      0.18832264319677902,
      0.0,
      -0.10618480013388655,
      -0.08797981354037641,
      0.004394316070684197,
      0.0
    ],
    "empirical_prior": 0.030303030303030304,
    "feature_names": [
      "time_since_reached",
      "high_so_far",
      "current_temp",
      "rise_from_7am",
      "dewpoint_c",
      "humidity",
      "pressure",
      "pressure_trend_3h",
      "wind_speed_kmh",
      "wind_E-SE/onshore-ish",
      "wind_S-SW",
      "wind_W-NW",
      "wind_N-NE",
      "wind_SSE",
      "wind_Other/variable",
      "cloud_Precip",
      "cloud_Fog/haze",
      "cloud_Fair/clear",
      "cloud_Partly cloudy",
      "cloud_Mostly cloudy/overcast",
      "cloud_Other"
    ],
    "feature_schema_version": "toronto_feature_store_v0.2",
    "imputer_median": [
      127.0,
      91.0,
      90.0,
      13.0,
      71.0,
      53.5,
      29.83,
      -0.03999999999999915,
      12.0,
      0.0,
      0.0,
      0.0,
      0.0,
      0.0,
      0.0,
      0.0,
      0.0,
      0.0,
      0.0,
      0.0,
      0.0
    ],
    "intercept": -3.814452595041813,
    "scaler_mean": [
      149.77575757575758,
      91.0060606060606,
      89.24242424242425,
      12.193939393939393,
      70.43030303030304,
      55.20909090909091,
      29.822545454545452,
      -0.03848484848484854,
      11.048484848484849
    ],
    "scaler_scale": [
      128.10693220498075,
      3.7795253344702773,
      5.030996666305993,
      5.136791794079341,
      4.9337725960348795,
      13.274956226290065,
      0.08958256422246584,
      0.018244336958016468,
      4.111780651805044
    ]
  }
}