{
  "15": {
    "coef": [
      -0.25968366344025895,
      -1.197675534167621,
      0.30780393381253174,
      0.018654635373046808,
      -0.09854063597840662,
      -0.4444474030177104,
      0.3898401737760719,
      0.09160003994704385,
      -0.007359745257279705,
      -0.26767530566720316,
      -0.07139046310668032,
      0.0653434662629776,
      0.1977137519878669,
      0.006660529543073873,
      0.11521985795648865,
      -0.9245293958431836,
      0.0,
      -0.007952855126902827,
      1.1892236657695652,
      -0.25625921412593916,
      0.0
    ],
    "empirical_prior": 0.6646341463414634,
    "feature_names": [
      "time_since_reached",
      "high_so_far",
      "current_temp",
      "rise_from_7am",
      "dewpoint_c",
      "humidity",
      "pressure",
      "pressure_trend_3h",
      "wind_speed_kmh",
      "wind_E-SE/onshore-ish",
      "wind_S-SW",
      "wind_W-NW",
      "wind_N-NE",
      "wind_SSE",
      "wind_Other/variable",
      "cloud_Precip",
      "cloud_Fog/haze",
      "cloud_Fair/clear",
      "cloud_Partly cloudy",
      "cloud_Mostly cloudy/overcast",
      "cloud_Other"
    ],
    "feature_schema_version": "toronto_feature_store_v0.3",
    "imputer_median": [
      53.0,
      85.0,
      85.0,
      15.0,
      66.0,
      51.0,
      28.89,
      -0.03999999999999915,
      8.0,
      0.0,
      0.0,
      0.0,
      0.0,
      0.0,
      0.0,
      0.0,
      0.0,
      0.0,
      0.0,
      1.0,
      0.0
    ],
    "intercept": 0.7945087443045811,
    "scaler_mean": [
      86.1890243902439,
      85.0,
      84.15853658536585,
      13.902439024390244,
      64.33536585365853,
      53.042682926829265,
      28.894207317073167,
      -0.04060975609756106,
      8.682926829268293
    ],
    "scaler_scale": [
      136.19120213168168,
      4.848937525061673,
      5.421208379821052,
      4.964777783688201,
      5.97584307657984,
      14.292822098298535,
      0.09687170769289902,
      0.01776180891795871,
      3.799480223695841
    ]
  },
  "16": {
    "coef": [
      -0.16231116538769882,
      -0.9032227681690367,
      0.2409357395963559,
      -0.04707443131223166,
      0.20120540428156825,
      -0.5356332375566271,
      0.22012093269652477,
      0.02377299839420012,
      0.30068416533247944,
      -0.634762999152577,
      -0.030563131834092257,
      -0.13936685611673835,
      -0.01995938371953261,
      0.396656904307814,
      0.31566242747600914,
      -0.478322116792413,
      0.0,
      0.28870306085049174,
      0.27601201581972484,
      -0.08822873196529522,
      0.0
    ],
    "empirical_prior": 0.3475609756097561,
    "feature_names": [
      "time_since_reached",
      "high_so_far",
      "current_temp",
      "rise_from_7am",
      "dewpoint_c",
      "humidity",
      "pressure",
      "pressure_trend_3h",
      "wind_speed_kmh",
      "wind_E-SE/onshore-ish",
      "wind_S-SW",
      "wind_W-NW",
      "wind_N-NE",
      "wind_SSE",
      "wind_Other/variable",
      "cloud_Precip",
      "cloud_Fog/haze",
      "cloud_Fair/clear",
      "cloud_Partly cloudy",
      "cloud_Mostly cloudy/overcast",
      "cloud_Other"
    ],
    "feature_schema_version": "toronto_feature_store_v0.3",
    "imputer_median": [
      68.0,
      86.0,
      85.0,
      15.0,
      66.0,
      51.0,
      28.875,
      -0.04499999999999993,
      8.0,
      0.0,
      0.0,
      0.0,
      0.0,
      0.0,
      0.0,
      0.0,
      0.0,
      0.0,
      0.0,
      1.0,
      0.0
    ],
    "intercept": -0.6773582406777857,
    "scaler_mean": [
      90.08536585365853,
      85.70731707317073,
      84.4939024390244,
      14.237804878048781,
      64.17682926829268,
      52.33536585365854,
      28.880243902439023,
      -0.044512195121951204,
      8.603658536585366
    ],
    "scaler_scale": [
      110.7343779897128,
      4.797071781821949,
      5.613025955821491,
      5.380478268792823,
      5.949929263373083,
      14.715297100928346,
      0.09604972809798992,
      0.01747140095352984,
      3.9948425629697764
    ]
  },
  "17": {
    "coef": [
      -0.18292521355209768,
      -0.6770482800331276,
      0.4136849092997808,
      -0.11360623138635546,
      0.2874125602136993,
      -0.30738884549131096,
      -0.2538943556288819,
      -0.0957015600257081,
      -0.16392584084167186,
      0.3895992124629525,
      -0.5588405596625234,
      -0.1245681640941941,
      -0.040881596647718864,
      -0.047635949356574836,
      0.3812711010739198,
      -0.5008454148323073,
      0.0,
      0.5681350472993184,
      -0.09362013903723775,
      0.02527455034608739,
      0.0
    ],
    "empirical_prior": 0.11585365853658537,
    "feature_names": [
      "time_since_reached",
      "high_so_far",
      "current_temp",
      "rise_from_7am",
      "dewpoint_c",
      "humidity",
      "pressure",
      "pressure_trend_3h",
      "wind_speed_kmh",
      "wind_E-SE/onshore-ish",
      "wind_S-SW",
      "wind_W-NW",
      "wind_N-NE",
      "wind_SSE",
      "wind_Other/variable",
      "cloud_Precip",
      "cloud_Fog/haze",
      "cloud_Fair/clear",
      "cloud_Partly cloudy",
      "cloud_Mostly cloudy/overcast",
      "cloud_Other"
    ],
    "feature_schema_version": "toronto_feature_store_v0.3",
    "imputer_median": [
      98.0,
      86.0,
      85.0,
      15.0,
      66.0,
      51.0,
      28.87,
      -0.040000000000000924,
      9.0,
      0.0,
      0.0,
      0.0,
      0.0,
      0.0,
      0.0,
      0.0,
      0.0,
      0.0,
      0.0,
      1.0,
      0.0
    ],
    "intercept": -2.1195404870369017,
    "scaler_mean": [
      123.28048780487805,
      86.09146341463415,
      84.1951219512195,
      13.939024390243903,
      63.98780487804878,
      52.53658536585366,
      28.867621951219512,
      -0.043475609756097294,
      9.018292682926829
    ],
    "scaler_scale": [
      122.88377161607352,
      4.732881894696858,
      5.448067512363833,
      5.387083832549602,
      6.063674130585137,
      14.652224605883205,
      0.09587760747799726,
      0.01853126929547361,
      3.5995808715629756
    ]
  }
}