{
  "15": {
    "coef": [
      -0.29023423801277015,
      -0.8299311682772686,
      0.42280110391093845,
      0.5740374323170323,
      0.16158733065384556,
      0.2992907966052194,
      -0.015432415320309254,
      -0.020924478166504543,
      -0.22385991692286694,
      -0.7830312926987025,
      -0.6848152786674364,
      0.45831330191267095,
      0.6647039095410557,
      -0.07009646715132778,
      0.4034514573139412,
      -0.3860393430751266,
      0.0,
      0.3580436060617227,
      -0.0007048411026259192,
      0.017226208366231014,
      0.0
    ],
    "empirical_prior": 0.46060606060606063,
    "feature_names": [
      "time_since_reached",
      "high_so_far",
      "current_temp",
      "rise_from_7am",
      "dewpoint_c",
      "humidity",
      "pressure",
      "pressure_trend_3h",
      "wind_speed_kmh",
      "wind_E-SE/onshore-ish",
      "wind_S-SW",
      "wind_W-NW",
      "wind_N-NE",
      "wind_SSE",
      "wind_Other/variable",
      "cloud_Precip",
      "cloud_Fog/haze",
      "cloud_Fair/clear",
      "cloud_Partly cloudy",
      "cloud_Mostly cloudy/overcast",
      "cloud_Other"
    ],
    "feature_schema_version": "toronto_feature_store_v0.2",
    "imputer_median": [
      69.0,
      77.0,
      76.0,
      11.0,
      53.0,
      43.0,
      29.89,
      -0.030000000000001137,
      12.0,
      0.0,
      0.0,
      0.0,
      0.0,
      0.0,
      0.0,
      0.0,
      0.0,
      0.0,
      0.0,
      1.0,
      0.0
    ],
    "intercept": -0.1913689609313462,
    "scaler_mean": [
      133.42424242424244,
      77.25454545454545,
      76.15757575757576,
      10.296969696969697,
      53.00606060606061,
      47.56363636363636,
      29.88272727272727,
      -0.03030303030303013,
      11.745454545454546
    ],
    "scaler_scale": [
      234.94809617690746,
      7.390128178208962,
      7.900864176095503,
      5.398343452336537,
      8.690292019849867,
      18.088097847660944,
      0.1755523357564112,
      0.027156655357595202,
      4.297503920289495
    ]
  },
  "16": {
    "coef": [
      -0.23379841180544864,
      -0.9581608465154875,
      0.43944823470348215,
      0.5234138102392871,
      0.0005087723773553402,
      0.48017183924882834,
      -0.1935773023967473,
      -0.14145087321425054,
      -0.53325322498463,
      -0.1209438242519147,
      -0.13632376630499404,
      0.7888234007679492,
      0.26759123899482296,
      -0.6985084843406494,
      0.0828015602003104,
      -0.09461900831450079,
      -0.16316408725425233,
      0.6149920179784036,
      -0.1775030334534485,
      -0.18606781015025942,
      0.0
    ],
    "empirical_prior": 0.2545454545454545,
    "feature_names": [
      "time_since_reached",
      "high_so_far",
      "current_temp",
      "rise_from_7am",
      "dewpoint_c",
      "humidity",
      "pressure",
      "pressure_trend_3h",
      "wind_speed_kmh",
      "wind_E-SE/onshore-ish",
      "wind_S-SW",
      "wind_W-NW",
      "wind_N-NE",
      "wind_SSE",
      "wind_Other/variable",
      "cloud_Precip",
      "cloud_Fog/haze",
      "cloud_Fair/clear",
      "cloud_Partly cloudy",
      "cloud_Mostly cloudy/overcast",
      "cloud_Other"
    ],
    "feature_schema_version": "toronto_feature_store_v0.2",
    "imputer_median": [
      69.0,
      77.0,
      76.0,
      11.0,
      53.0,
      43.0,
      29.89,
      -0.030000000000001137,
      13.0,
      0.0,
      0.0,
      0.0,
      0.0,
      0.0,
      0.0,
      0.0,
      0.0,
      0.0,
      0.0,
      1.0,
      0.0
    ],
    "intercept": -1.2756755760418852,
    "scaler_mean": [
      156.0060606060606,
      77.76363636363637,
      76.32727272727273,
      10.466666666666667,
      53.21818181818182,
      47.412121212121214,
      29.875515151515145,
      -0.029030303030303045,
      12.2
    ],
    "scaler_scale": [
      233.78468459492345,
      7.411613253488321,
      7.719447017691952,
      5.489972493537465,
      8.658555220843526,
      17.586147399272644,
      0.17404425094091186,
      0.026359386630658524,
      4.68808935688963
    ]
  },
  "17": {
    "coef": [
      -0.05545401080604781,
      -1.1130454419231242,
      0.40983194350045,
      0.7885134249935695,
      0.600013828418196,
      0.4474389314798557,
      -0.29476919339032026,
      0.12080014919240323,
      -0.6073666162896154,
      -0.4114114306018733,
      -0.2937179084935831,
      0.6175258625390393,
      0.28656528678703086,
      -0.2770169567624976,
      0.13878812938905236,
      0.05828394286188575,
      0.08569158725678848,
      -0.4436792646888369,
      0.5432796250145283,
      -0.24561025115876675,
      0.0
    ],
    "empirical_prior": 0.12121212121212122,
    "feature_names": [
      "time_since_reached",
      "high_so_far",
      "current_temp",
      "rise_from_7am",
      "dewpoint_c",
      "humidity",
      "pressure",
      "pressure_trend_3h",
      "wind_speed_kmh",
      "wind_E-SE/onshore-ish",
      "wind_S-SW",
      "wind_W-NW",
      "wind_N-NE",
      "wind_SSE",
      "wind_Other/variable",
      "cloud_Precip",
      "cloud_Fog/haze",
      "cloud_Fair/clear",
      "cloud_Partly cloudy",
      "cloud_Mostly cloudy/overcast",
      "cloud_Other"
    ],
    "feature_schema_version": "toronto_feature_store_v0.2",
    "imputer_median": [
      129.0,
      78.0,
      76.0,
      11.0,
      53.0,
      43.0,
      29.88,
      -0.029999999999997584,
      12.0,
      0.0,
      0.0,
      0.0,
      0.0,
      0.0,
      0.0,
      0.0,
      0.0,
      0.0,
      0.0,
      1.0,
      0.0
    ],
    "intercept": -2.4087018475453914,
    "scaler_mean": [
      195.1939393939394,
      78.07272727272728,
      75.84242424242424,
      9.981818181818182,
      53.121212121212125,
      48.17575757575757,
      29.869151515151515,
      -0.023818181818181645,
      12.272727272727273
    ],
    "scaler_scale": [
      244.80242861168298,
      7.373633318762144,
      7.541361917955809,
      5.64449071946209,
      8.621880466185228,
      18.18289289753005,
      0.17166707052828997,
      0.027600455140575988,
      4.023210893716213
    ]
  }
}