{
  "15": {
    "coef": [
      0.24824730131452014,
      -0.6705527129827479,
      0.4260449544094081,
      -0.848876612181913,
      -0.0030611641497783927,
      -0.9881909395066382,
      -0.1933381598748512,
      0.12704638406894236,
      -0.1882559028542178,
      -0.013603422039374312,
      0.07499900440298862,
      -0.207280763773424,
      -0.32668507480683007,
      0.3776026765422239,
      -0.10643688006176556,
      -0.6877491754739995,
      0.22920911131459218,
      1.0037913340561775,
      -0.4008023488531872,
      -0.14197143967621179,
      0.0
    ],
    "empirical_prior": 0.6848484848484848,
    "feature_names": [
      "time_since_reached",
      "high_so_far",
      "current_temp",
      "rise_from_7am",
      "dewpoint_c",
      "humidity",
      "pressure",
      "pressure_trend_3h",
      "wind_speed_kmh",
      "wind_E-SE/onshore-ish",
      "wind_S-SW",
      "wind_W-NW",
      "wind_N-NE",
      "wind_SSE",
      "wind_Other/variable",
      "cloud_Precip",
      "cloud_Fog/haze",
      "cloud_Fair/clear",
      "cloud_Partly cloudy",
      "cloud_Mostly cloudy/overcast",
      "cloud_Other"
    ],
    "feature_schema_version": "toronto_feature_store_v0.2",
    "imputer_median": [
      7.0,
      92.0,
      92.0,
      19.0,
      69.0,
      48.0,
      29.31,
      -0.05000000000000071,
      9.0,
      0.0,
      0.0,
      0.0,
      0.0,
      0.0,
      0.0,
      0.0,
      0.0,
      0.0,
      0.0,
      0.0,
      0.0
    ],
    "intercept": 0.8277866329164327,
    "scaler_mean": [
      33.484848484848484,
      91.32727272727273,
      90.92727272727272,
      18.33939393939394,
      68.98181818181818,
      49.84848484848485,
      29.313151515151514,
      -0.0492727272727275,
      9.751515151515152
    ],
    "scaler_scale": [
      80.53319331168387,
      4.7484142633650785,
      5.4855884315879315,
      5.500960764235665,
      4.7219317147177495,
      12.51791736991715,
      0.09524963094245584,
      0.018042496513530834,
      4.646805433264762
    ]
  },
  "16": {
    "coef": [
      0.15872173317573435,
      -0.5757047444429123,
      0.4598592963740685,
      -0.17018760336501723,
      0.15004508914305986,
      -0.6733360248190058,
      0.11169689402812677,
      0.10686834567948231,
      -0.4073536539597386,
      0.03180391805240108,
      0.6068361638611182,
      0.007861515847316257,
      -0.6236156014045888,
      -0.31062648401318166,
      0.0008021923825395007,
      -0.5852755848925271,
      0.1995227061810966,
      0.5775278409858241,
      -0.3333968218482345,
      0.13965234377218838,
      0.0
    ],
    "empirical_prior": 0.3939393939393939,
    "feature_names": [
      "time_since_reached",
      "high_so_far",
      "current_temp",
      "rise_from_7am",
      "dewpoint_c",
      "humidity",
      "pressure",
      "pressure_trend_3h",
      "wind_speed_kmh",
      "wind_E-SE/onshore-ish",
      "wind_S-SW",
      "wind_W-NW",
      "wind_N-NE",
      "wind_SSE",
      "wind_Other/variable",
      "cloud_Precip",
      "cloud_Fog/haze",
      "cloud_Fair/clear",
      "cloud_Partly cloudy",
      "cloud_Mostly cloudy/overcast",
      "cloud_Other"
    ],
    "feature_schema_version": "toronto_feature_store_v0.2",
    "imputer_median": [
      7.0,
      93.0,
      92.0,
      19.0,
      69.0,
      47.0,
      29.3,
      -0.05000000000000071,
      10.0,
      0.0,
      0.0,
      0.0,
      0.0,
      0.0,
      0.0,
      0.0,
      0.0,
      0.0,
      0.0,
      0.0,
      0.0
    ],
    "intercept": -0.6758182857275751,
    "scaler_mean": [
      50.587878787878786,
      92.14545454545454,
      91.3030303030303,
      18.715151515151515,
      68.52727272727273,
      48.63030303030303,
      29.296727272727274,
      -0.05339393939393941,
      9.76969696969697
    ],
    "scaler_scale": [
      86.14406452609614,
      4.680396959925444,
      5.781290872339574,
      5.708904326874536,
      4.856190845887386,
      12.964858910718593,
      0.09605657194473541,
      0.019053257725011884,
      4.8861266092382385
    ]
  },
  "17": {
    "coef": [
      0.5385379049371464,
      -0.35146422953663636,
      0.26742905336636413,
      -0.48979805933510423,
      -0.054808555384319634,
      -0.8776244972395484,
      0.11999163668037793,
      0.08616550346537702,
      -0.4488615483153997,
      -0.15101412854338314,
      0.4248393478112248,
      0.31016143685080144,
      -0.5366619714890168,
      0.07820099216128497,
      -0.049242481849520195,
      -0.2763558188938166,
      0.0,
      -0.09834688568807225,
      -0.26570552366201466,
      0.6404362535170797,
      0.0
    ],
    "empirical_prior": 0.08484848484848485,
    "feature_names": [
      "time_since_reached",
      "high_so_far",
      "current_temp",
      "rise_from_7am",
      "dewpoint_c",
      "humidity",
      "pressure",
      "pressure_trend_3h",
      "wind_speed_kmh",
      "wind_E-SE/onshore-ish",
      "wind_S-SW",
      "wind_W-NW",
      "wind_N-NE",
      "wind_SSE",
      "wind_Other/variable",
      "cloud_Precip",
      "cloud_Fog/haze",
      "cloud_Fair/clear",
      "cloud_Partly cloudy",
      "cloud_Mostly cloudy/overcast",
      "cloud_Other"
    ],
    "feature_schema_version": "toronto_feature_store_v0.2",
    "imputer_median": [
      67.0,
      93.0,
      92.0,
      19.0,
      69.0,
      46.0,
      29.28,
      -0.05000000000000071,
      9.0,
      0.0,
      0.0,
      0.0,
      0.0,
      0.0,
      0.0,
      0.0,
      0.0,
      0.0,
      0.0,
      0.0,
      0.0
    ],
    "intercept": -2.7971382899329553,
    "scaler_mean": [
      82.52121212121212,
      92.56363636363636,
      91.26060606060607,
      18.672727272727272,
      68.31515151515151,
      48.56969696969697,
      29.280424242424246,
      -0.05139393939393961,
      10.387878787878789
    ],
    "scaler_scale": [
      97.43682260075379,
      4.735796511152198,
      6.11198224027343,
      6.030391350046093,
      4.903685763581539,
      13.567440634206514,
      0.09498549500207745,
      0.01726432544196335,
      4.711800632181802
    ]
  }
}