{
  "15": {
    "coef": [
      0.048143370047427254,
      -1.0580685058403747,
      0.28817875959738054,
      0.23319653560824685,
      -0.416240680126516,
      0.21992332441267914,
      0.11782364457026644,
      -0.48615657568788934,
      -0.36638424719813645,
      -0.1024630285735359,
      -0.03486460184390939,
      0.33111685327805085,
      0.18484365424040503,
      -0.3026008834384372,
      -0.08030251218369747,
      -0.416393516597682,
      0.0,
      0.7776884213022532,
      -0.03276040180709134,
      -0.33280502141860374,
      0.0
    ],
    "empirical_prior": 0.37575757575757573,
    "feature_names": [
      "time_since_reached",
      "high_so_far",
      "current_temp",
      "rise_from_7am",
      "dewpoint_c",
      "humidity",
      "pressure",
      "pressure_trend_3h",
      "wind_speed_kmh",
      "wind_E-SE/onshore-ish",
      "wind_S-SW",
      "wind_W-NW",
      "wind_N-NE",
      "wind_SSE",
      "wind_Other/variable",
      "cloud_Precip",
      "cloud_Fog/haze",
      "cloud_Fair/clear",
      "cloud_Partly cloudy",
      "cloud_Mostly cloudy/overcast",
      "cloud_Other"
    ],
    "feature_schema_version": "toronto_feature_store_v0.1",
    "imputer_median": [
      2.0,
      81.0,
      79.0,
      22.0,
      43.0,
      28.0,
      24.37,
      -0.03999999999999915,
      8.0,
      0.0,
      0.0,
      0.0,
      0.0,
      0.0,
      0.0,
      0.0,
      0.0,
      0.0,
      0.0,
      0.0,
      0.0
    ],
    "intercept": -0.5686342670901695,
    "scaler_mean": [
      59.24242424242424,
      80.01212121212122,
      78.28484848484848,
      20.375757575757575,
      41.73939393939394,
      32.72121212121212,
      24.36618181818182,
      -0.0355757575757576,
      9.709090909090909
    ],
    "scaler_scale": [
      107.79442564522367,
      9.341979466309267,
      10.284914554885013,
      7.1937274993684515,
      9.438089797550665,
      20.194985239751784,
      0.10790272121304009,
      0.02521066429356909,
      5.827851812573077
    ]
  },
  "16": {
    "coef": [
      0.23612071159566056,
      -0.5285619870927495,
      0.009918906591831214,
      0.21403804365699788,
      -0.2819517945540855,
      0.3250988462454512,
      0.5918680160735347,
      -0.5091105982178369,
      -0.4203151733064807,
      -0.2545102448683976,
      -0.189099845202104,
      0.24762292454144177,
      0.18690702323865208,
      0.12752460751475722,
      -0.121656693945588,
      -0.3282424006139626,
      0.0,
      -0.21591773696837172,
      0.3408120815148689,
      0.20013582734622704,
      0.0
    ],
    "empirical_prior": 0.12727272727272726,
    "feature_names": [
      "time_since_reached",
      "high_so_far",
      "current_temp",
      "rise_from_7am",
      "dewpoint_c",
      "humidity",
      "pressure",
      "pressure_trend_3h",
      "wind_speed_kmh",
      "wind_E-SE/onshore-ish",
      "wind_S-SW",
      "wind_W-NW",
      "wind_N-NE",
      "wind_SSE",
      "wind_Other/variable",
      "cloud_Precip",
      "cloud_Fog/haze",
      "cloud_Fair/clear",
      "cloud_Partly cloudy",
      "cloud_Mostly cloudy/overcast",
      "cloud_Other"
    ],
    "feature_schema_version": "toronto_feature_store_v0.1",
    "imputer_median": [
      62.0,
      81.0,
      79.0,
      22.0,
      43.0,
      29.0,
      24.37,
      -0.029999999999997584,
      9.0,
      0.0,
      0.0,
      0.0,
      0.0,
      0.0,
      0.0,
      0.0,
      0.0,
      0.0,
      0.0,
      1.0,
      0.0
    ],
    "intercept": -2.432369669580948,
    "scaler_mean": [
      93.35151515151514,
      80.52121212121212,
      78.08484848484848,
      20.169696969696968,
      42.02424242424242,
      33.31515151515151,
      24.358424242424245,
      -0.028606060606060513,
      10.496969696969696
    ],
    "scaler_scale": [
      118.78357227815158,
      9.173471553830863,
      10.17686387402212,
      7.311778992104777,
      9.517417217222592,
      20.2121493798359,
      0.10824748028505066,
      0.02483636067852731,
      6.220809888249954
    ]
  },
  "17": {
    "coef": [
      -0.001998861283967806,
      -1.1498891669270659,
      -0.27521009814789305,
      -0.33508700117208595,
      0.08816578884432996,
      0.025718465939150892,
      0.1649573087454065,
      -0.6674468292898877,
      -0.5773064648268075,
      -0.03912719351000627,
      -0.1642156915878666,
      0.14886178332395741,
      0.17222849318186842,
      -0.146015494171718,
      0.028385798306630395,
      -0.17525116629339185,
      0.0,
      -0.152804067709199,
      0.419174399003894,
      -0.09100146945843794,
      0.0
    ],
    "empirical_prior": 0.048484848484848485,
    "feature_names": [
      "time_since_reached",
      "high_so_far",
      "current_temp",
      "rise_from_7am",
      "dewpoint_c",
      "humidity",
      "pressure",
      "pressure_trend_3h",
      "wind_speed_kmh",
      "wind_E-SE/onshore-ish",
      "wind_S-SW",
      "wind_W-NW",
      "wind_N-NE",
      "wind_SSE",
      "wind_Other/variable",
      "cloud_Precip",
      "cloud_Fog/haze",
      "cloud_Fair/clear",
      "cloud_Partly cloudy",
      "cloud_Mostly cloudy/overcast",
      "cloud_Other"
    ],
    "feature_schema_version": "toronto_feature_store_v0.1",
    "imputer_median": [
      122.0,
      81.0,
      78.0,
      20.0,
      43.0,
      30.0,
      24.35,
      -0.019999999999999574,
      10.0,
      0.0,
      0.0,
      0.0,
      0.0,
      0.0,
      0.0,
      0.0,
      0.0,
      0.0,
      0.0,
      1.0,
      0.0
    ],
    "intercept": -4.463833145217383,
    "scaler_mean": [
      137.83636363636364,
      80.66666666666667,
      76.72727272727273,
      18.812121212121212,
      42.28484848484848,
      35.193939393939395,
      24.35442424242424,
      -0.020060606060606032,
      11.272727272727273
    ],
    "scaler_scale": [
      106.22088426219922,
      9.076999459728924,
      10.216067936203977,
      8.013313073226955,
      9.421964062509737,
      20.643554124845313,
      0.11041163484558394,
      0.027600987459212436,
      5.844825358475168
    ]
  }
}