{
  "15": {
    "coef": [
      -0.1444715312797301,
      -0.8922621196294539,
      0.5714443147986551,
      -0.06669993707865075,
      0.018829457631042344,
      -0.4146867855703417,
      0.2607855922475908,
      0.1382459410863087,
      -0.06152378969829509,
      -0.2074645954163715,
      -0.13433727532057668,
      -0.09978282027789923,
      0.3257701575917565,
      0.4094130722960083,
      -0.21185943002210644,
      -1.0306385822902195,
      0.0,
      0.288156612584952,
      1.0429232025262476,
      -0.29904217196096883,
      0.0
    ],
    "empirical_prior": 0.6848484848484848,
    "feature_names": [
      "time_since_reached",
      "high_so_far",
      "current_temp",
      "rise_from_7am",
      "dewpoint_c",
      "humidity",
      "pressure",
      "pressure_trend_3h",
      "wind_speed_kmh",
      "wind_E-SE/onshore-ish",
      "wind_S-SW",
      "wind_W-NW",
      "wind_N-NE",
      "wind_SSE",
      "wind_Other/variable",
      "cloud_Precip",
      "cloud_Fog/haze",
      "cloud_Fair/clear",
      "cloud_Partly cloudy",
      "cloud_Mostly cloudy/overcast",
      "cloud_Other"
    ],
    "feature_schema_version": "toronto_feature_store_v0.1",
    "imputer_median": [
      8.0,
      84.0,
      84.0,
      15.0,
      65.0,
      51.0,
      28.89,
      -0.03999999999999915,
      8.5,
      0.0,
      0.0,
      0.0,
      0.0,
      0.0,
      0.0,
      0.0,
      0.0,
      0.0,
      0.0,
      1.0,
      0.0
    ],
    "intercept": 1.0540872378941353,
    "scaler_mean": [
      63.85454545454545,
      84.19393939393939,
      83.34545454545454,
      13.866666666666667,
      63.43636363636364,
      52.73939393939394,
      28.896181818181816,
      -0.04115151515151534,
      8.742424242424242
    ],
    "scaler_scale": [
      134.6147929439363,
      4.310518452536798,
      4.848810595117922,
      4.83864911442494,
      6.053589878181635,
      14.29638520520907,
      0.09940107143665401,
      0.01735218301194639,
      4.0521621840041036
    ]
  },
  "16": {
    "coef": [
      -0.18075005270079075,
      -0.7484499202907768,
      0.49685650593889835,
      -0.27561338881934705,
      0.15260596671663673,
      -0.6110336390140011,
      0.06298709856460169,
      0.01999160525463165,
      0.03639750391461085,
      -0.5230007879444442,
      0.12376199014471438,
      -0.013704265200315088,
      -0.18777984801330982,
      0.4430211712704501,
      0.12089923178954819,
      -0.480799280607503,
      0.0,
      0.18951885071505822,
      0.15623565839075654,
      0.13093326658813997,
      0.0
    ],
    "empirical_prior": 0.38181818181818183,
    "feature_names": [
      "time_since_reached",
      "high_so_far",
      "current_temp",
      "rise_from_7am",
      "dewpoint_c",
      "humidity",
      "pressure",
      "pressure_trend_3h",
      "wind_speed_kmh",
      "wind_E-SE/onshore-ish",
      "wind_S-SW",
      "wind_W-NW",
      "wind_N-NE",
      "wind_SSE",
      "wind_Other/variable",
      "cloud_Precip",
      "cloud_Fog/haze",
      "cloud_Fair/clear",
      "cloud_Partly cloudy",
      "cloud_Mostly cloudy/overcast",
      "cloud_Other"
    ],
    "feature_schema_version": "toronto_feature_store_v0.1",
    "imputer_median": [
      68.0,
      85.0,
      84.0,
      15.0,
      65.0,
      50.0,
      28.88,
      -0.0400000000000027,
      8.0,
      0.0,
      0.0,
      0.0,
      0.0,
      0.0,
      0.0,
      0.0,
      0.0,
      0.0,
      0.0,
      1.0,
      0.0
    ],
    "intercept": -0.6208005827124156,
    "scaler_mean": [
      67.76969696969697,
      84.86060606060606,
      83.69090909090909,
      14.212121212121213,
      63.35757575757576,
      52.18181818181818,
      28.883333333333333,
      -0.04436363636363628,
      8.83030303030303
    ],
    "scaler_scale": [
      110.44052968397911,
      4.263867883701398,
      5.051994123917721,
      5.275199698977803,
      6.040220260033183,
      14.819018381293816,
      0.09846293462491104,
      0.017556520297561277,
      3.7925353196241796
    ]
  },
  "17": {
    "coef": [
      -0.14879125034058577,
      -0.6363069606642124,
      0.32201745029246026,
      -0.01627086539149662,
      0.23857269604531126,
      -0.25698366127494826,
      -0.13532554494938054,
      -0.3262976358810594,
      -0.20162489161086786,
      0.4035251094371077,
      -0.4967365969852016,
      -0.10316157862082133,
      0.028125173394099156,
      -0.23258078659432724,
      0.39969641046304427,
      -0.44264811304619506,
      0.0,
      0.5237956199514262,
      -0.06119380103416306,
      -0.021085974777167272,
      0.0
    ],
    "empirical_prior": 0.12121212121212122,
    "feature_names": [
      "time_since_reached",
      "high_so_far",
      "current_temp",
      "rise_from_7am",
      "dewpoint_c",
      "humidity",
      "pressure",
      "pressure_trend_3h",
      "wind_speed_kmh",
      "wind_E-SE/onshore-ish",
      "wind_S-SW",
      "wind_W-NW",
      "wind_N-NE",
      "wind_SSE",
      "wind_Other/variable",
      "cloud_Precip",
      "cloud_Fog/haze",
      "cloud_Fair/clear",
      "cloud_Partly cloudy",
      "cloud_Mostly cloudy/overcast",
      "cloud_Other"
    ],
    "feature_schema_version": "toronto_feature_store_v0.1",
    "imputer_median": [
      68.0,
      85.0,
      84.0,
      15.0,
      64.0,
      51.0,
      28.87,
      -0.0400000000000027,
      9.0,
      0.0,
      0.0,
      0.0,
      0.0,
      0.0,
      0.0,
      0.0,
      0.0,
      0.0,
      0.0,
      1.0,
      0.0
    ],
    "intercept": -2.1195268723438594,
    "scaler_mean": [
      96.86060606060606,
      85.27272727272727,
      83.4,
      13.921212121212122,
      63.084848484848486,
      52.266666666666666,
      28.87145454545454,
      -0.042545454545454414,
      9.048484848484849
    ],
    "scaler_scale": [
      121.76822977053938,
      4.261687866453195,
      5.071369428348509,
      5.46280855592075,
      6.027619320595226,
      14.882624944966034,
      0.09859777209023025,
      0.020439253543107667,
      3.742962787897926
    ]
  }
}