{
  "15": {
    "coef": [
      0.04527079517341923,
      -0.9405414190201354,
      0.4257060559118399,
      0.3076727228306796,
      -0.6105871730055713,
      0.39476131599013103,
      0.31266214421031946,
      -0.48130113838069627,
      -0.2555326133757647,
      -0.38324818268241095,
      0.11698248294813497,
      0.2613335702036411,
      0.2598227430426327,
      -0.36719866167610743,
      0.10502234135766714,
      -0.49810357483494183,
      0.0,
      0.730457919186703,
      -0.11795463859629376,
      -0.12168541256190991,
      0.0
    ],
    "empirical_prior": 0.4,
    "feature_names": [
      "time_since_reached",
      "high_so_far",
      "current_temp",
      "rise_from_7am",
      "dewpoint_c",
      "humidity",
      "pressure",
      "pressure_trend_3h",
      "wind_speed_kmh",
      "wind_E-SE/onshore-ish",
      "wind_S-SW",
      "wind_W-NW",
      "wind_N-NE",
      "wind_SSE",
      "wind_Other/variable",
      "cloud_Precip",
      "cloud_Fog/haze",
      "cloud_Fair/clear",
      "cloud_Partly cloudy",
      "cloud_Mostly cloudy/overcast",
      "cloud_Other"
    ],
    "feature_schema_version": "toronto_feature_store_v0.2",
    "imputer_median": [
      2.0,
      82.0,
      80.0,
      22.0,
      42.0,
      25.0,
      24.36,
      -0.03999999999999915,
      8.0,
      0.0,
      0.0,
      0.0,
      0.0,
      0.0,
      0.0,
      0.0,
      0.0,
      0.0,
      0.0,
      0.0,
      0.0
    ],
    "intercept": -0.48273405948852016,
    "scaler_mean": [
      58.018181818181816,
      81.28484848484848,
      79.65454545454546,
      20.696969696969695,
      41.31515151515151,
      30.842424242424244,
      24.361454545454546,
      -0.035878787878787934,
      9.860606060606061
    ],
    "scaler_scale": [
      108.05298771561097,
      9.239445123445691,
      9.994334483250267,
      7.425120541761445,
      9.517324592619797,
      19.580123352182564,
      0.1088020417893003,
      0.025225957741685495,
      5.915461988871321
    ]
  },
  "16": {
    "coef": [
      0.25190795680325745,
      -0.550417477056943,
      0.10292703136008663,
      0.34963906894990326,
      -0.30166917401346655,
      0.26098504451693794,
      0.7211527040469754,
      -0.6531473234913794,
      -0.2421680813718003,
      -0.4155983945508275,
      -0.12692591309217535,
      0.3648379152578717,
      0.36587449025220997,
      0.16955412528178312,
      -0.3588891485936996,
      -0.1585539809962531,
      0.0,
      -0.4571048005535444,
      0.32499124622530956,
      0.28952060987965017,
      0.0
    ],
    "empirical_prior": 0.1393939393939394,
    "feature_names": [
      "time_since_reached",
      "high_so_far",
      "current_temp",
      "rise_from_7am",
      "dewpoint_c",
      "humidity",
      "pressure",
      "pressure_trend_3h",
      "wind_speed_kmh",
      "wind_E-SE/onshore-ish",
      "wind_S-SW",
      "wind_W-NW",
      "wind_N-NE",
      "wind_SSE",
      "wind_Other/variable",
      "cloud_Precip",
      "cloud_Fog/haze",
      "cloud_Fair/clear",
      "cloud_Partly cloudy",
      "cloud_Mostly cloudy/overcast",
      "cloud_Other"
    ],
    "feature_schema_version": "toronto_feature_store_v0.2",
    "imputer_median": [
      62.0,
      82.0,
      80.0,
      22.0,
      42.0,
      25.0,
      24.36,
      -0.029999999999997584,
      9.0,
      0.0,
      0.0,
      0.0,
      0.0,
      0.0,
      0.0,
      0.0,
      0.0,
      0.0,
      0.0,
      1.0,
      0.0
    ],
    "intercept": -2.2714623191123504,
    "scaler_mean": [
      91.03636363636363,
      81.83030303030303,
      79.53939393939395,
      20.575757575757574,
      41.527272727272724,
      31.533333333333335,
      24.353393939393943,
      -0.02957575757575744,
      10.296969696969697
    ],
    "scaler_scale": [
      119.29773758473992,
      9.129123720717812,
      10.078778767830572,
      7.64607367266999,
      9.791501346708253,
      20.22945147725729,
      0.10971863171352088,
      0.024774168246479426,
      6.2028578383450075
    ]
  },
  "17": {
    "coef": [
      -0.0760654957142165,
      -1.1583743164046059,
      -0.394673947570319,
      -0.17683935454093178,
      0.08260769936233885,
      0.11865136836384609,
      0.5656655804880617,
      -0.8028533835077872,
      -0.5044583805718909,
      -0.21126037396162567,
      -0.20736805731391433,
      0.2044210050390551,
      0.11223935392617528,
      -0.11950712859614758,
      0.2213919530849773,
      -0.08501147010163093,
      0.0,
      -0.18430820163511707,
      0.31938775411965914,
      -0.05015133020439107,
      0.0
    ],
    "empirical_prior": 0.04242424242424243,
    "feature_names": [
      "time_since_reached",
      "high_so_far",
      "current_temp",
      "rise_from_7am",
      "dewpoint_c",
      "humidity",
      "pressure",
      "pressure_trend_3h",
      "wind_speed_kmh",
      "wind_E-SE/onshore-ish",
      "wind_S-SW",
      "wind_W-NW",
      "wind_N-NE",
      "wind_SSE",
      "wind_Other/variable",
      "cloud_Precip",
      "cloud_Fog/haze",
      "cloud_Fair/clear",
      "cloud_Partly cloudy",
      "cloud_Mostly cloudy/overcast",
      "cloud_Other"
    ],
    "feature_schema_version": "toronto_feature_store_v0.2",
    "imputer_median": [
      122.0,
      82.0,
      79.0,
      21.0,
      43.0,
      27.0,
      24.35,
      -0.019999999999999574,
      10.0,
      0.0,
      0.0,
      0.0,
      0.0,
      0.0,
      0.0,
      0.0,
      0.0,
      0.0,
      0.0,
      1.0,
      0.0
    ],
    "intercept": -4.944134204385186,
    "scaler_mean": [
      133.33939393939394,
      82.01212121212122,
      78.35151515151514,
      19.387878787878787,
      42.054545454545455,
      33.472727272727276,
      24.348121212121214,
      -0.022303030303030213,
      11.32121212121212
    ],
    "scaler_scale": [
      107.7305559743464,
      9.051360439375367,
      10.32373321048571,
      8.41181555640663,
      9.569683535791903,
      20.913548931867588,
      0.11192848300420077,
      0.02777887233839822,
      5.866172030237259
    ]
  }
}