{
  "15": {
    "coef": [
      -0.19891201222165733,
      -1.0456940376993793,
      0.2376083446686315,
      0.09627865369222247,
      -0.04722613430907934,
      -0.2792023811135853,
      -0.388942906607556,
      0.025846494474250158,
      -0.5672832575792818,
      -0.6052445326798263,
      0.17655477993790383,
      0.5344643636669888,
      -0.08248361264257675,
      -0.802622953151537,
      0.2335774123823744,
      -0.33159031445113935,
      0.0,
      0.5383120821928147,
      0.12211461127236233,
      -0.3347136708606621,
      0.0
    ],
    "empirical_prior": 0.38181818181818183,
    "feature_names": [
      "time_since_reached",
      "high_so_far",
      "current_temp",
      "rise_from_7am",
      "dewpoint_c",
      "humidity",
      "pressure",
      "pressure_trend_3h",
      "wind_speed_kmh",
      "wind_E-SE/onshore-ish",
      "wind_S-SW",
      "wind_W-NW",
      "wind_N-NE",
      "wind_SSE",
      "wind_Other/variable",
      "cloud_Precip",
      "cloud_Fog/haze",
      "cloud_Fair/clear",
      "cloud_Partly cloudy",
      "cloud_Mostly cloudy/overcast",
      "cloud_Other"
    ],
    "feature_schema_version": "toronto_feature_store_v0.1",
    "imputer_median": [
      67.0,
      91.0,
      90.0,
      13.0,
      70.0,
      53.0,
      29.85,
      -0.03999999999999915,
      9.0,
      0.0,
      0.0,
      0.0,
      0.0,
      0.0,
      0.0,
      0.0,
      0.0,
      0.0,
      0.0,
      0.0,
      0.0
    ],
    "intercept": -0.38295418800179254,
    "scaler_mean": [
      74.9939393939394,
      89.83030303030303,
      88.95757575757575,
      12.533333333333333,
      69.75757575757575,
      54.29090909090909,
      29.84721212121212,
      -0.04254545454545433,
      9.909090909090908
    ],
    "scaler_scale": [
      106.12237058710397,
      3.8574983924256627,
      4.888268597430427,
      4.636526041916915,
      4.663399092158599,
      12.4807819208322,
      0.08962269652194195,
      0.02220168012901199,
      4.289265221835867
    ]
  },
  "16": {
    "coef": [
      0.056924185388397094,
      -1.146076749516679,
      0.4786186437605518,
      0.052337028138362614,
      -0.21582088055181103,
      -0.4169702493086182,
      -0.3290498016224681,
      0.31298413898267996,
      -0.4043233568361456,
      -0.6143095419679091,
      -0.11279547977342694,
      0.3650629569303996,
      0.24208244229970316,
      -0.20406138514010272,
      0.3235204687850767,
      -0.4770704050212044,
      0.0,
      0.3831972738284156,
      -0.03928088551123309,
      0.13265347783776255,
      0.0
    ],
    "empirical_prior": 0.18787878787878787,
    "feature_names": [
      "time_since_reached",
      "high_so_far",
      "current_temp",
      "rise_from_7am",
      "dewpoint_c",
      "humidity",
      "pressure",
      "pressure_trend_3h",
      "wind_speed_kmh",
      "wind_E-SE/onshore-ish",
      "wind_S-SW",
      "wind_W-NW",
      "wind_N-NE",
      "wind_SSE",
      "wind_Other/variable",
      "cloud_Precip",
      "cloud_Fog/haze",
      "cloud_Fair/clear",
      "cloud_Partly cloudy",
      "cloud_Mostly cloudy/overcast",
      "cloud_Other"
    ],
    "feature_schema_version": "toronto_feature_store_v0.1",
    "imputer_median": [
      67.0,
      91.0,
      90.0,
      13.0,
      71.0,
      53.0,
      29.84,
      -0.0400000000000027,
      10.0,
      0.0,
      0.0,
      0.0,
      0.0,
      0.0,
      0.0,
      0.0,
      0.0,
      0.0,
      0.0,
      0.0,
      0.0
    ],
    "intercept": -1.7440669993967253,
    "scaler_mean": [
      109.85454545454546,
      90.14545454545454,
      88.87878787878788,
      12.454545454545455,
      69.96363636363637,
      54.86666666666667,
      29.83478787878788,
      -0.04406060606060612,
      9.945454545454545
    ],
    "scaler_scale": [
      117.13277907522001,
      3.847477797135291,
      4.958968464079184,
      4.887156383896587,
      4.840349234947148,
      12.70052890014563,
      0.08861621630644227,
      0.020505637648955643,
      4.664832382521883
    ]
  },
  "17": {
    "coef": [
      -0.3581077790236885,
      -0.6849949965349857,
      -0.04790951885818945,
      0.08411131741584492,
      0.12711263336222986,
      -0.0404948389832582,
      -0.5426519572008839,
      -0.034608362468227266,
      -0.058741620719975796,
      -0.20731276673985535,
      -0.1297895850368773,
      -0.1894440752763765,
      0.15812369102745444,
      0.04085601620964926,
      0.3589507281959182,
      -0.17848317989071666,
      0.0,
      -0.10457492374864584,
      0.11636806574571407,
      0.1630844437373217,
      0.0
    ],
    "empirical_prior": 0.03636363636363636,
    "feature_names": [
      "time_since_reached",
      "high_so_far",
      "current_temp",
      "rise_from_7am",
      "dewpoint_c",
      "humidity",
      "pressure",
      "pressure_trend_3h",
      "wind_speed_kmh",
      "wind_E-SE/onshore-ish",
      "wind_S-SW",
      "wind_W-NW",
      "wind_N-NE",
      "wind_SSE",
      "wind_Other/variable",
      "cloud_Precip",
      "cloud_Fog/haze",
      "cloud_Fair/clear",
      "cloud_Partly cloudy",
      "cloud_Mostly cloudy/overcast",
      "cloud_Other"
    ],
    "feature_schema_version": "toronto_feature_store_v0.1",
    "imputer_median": [
      127.0,
      91.0,
      90.0,
      13.0,
      71.0,
      55.0,
      29.83,
      -0.03999999999999915,
      10.0,
      0.0,
      0.0,
      0.0,
      0.0,
      0.0,
      0.0,
      0.0,
      0.0,
      0.0,
      0.0,
      0.0,
      0.0
    ],
    "intercept": -3.711053800247473,
    "scaler_mean": [
      144.6848484848485,
      90.36363636363636,
      88.63030303030303,
      12.121212121212121,
      70.11515151515151,
      55.67272727272727,
      29.82363636363636,
      -0.03921212121212129,
      10.593939393939394
    ],
    "scaler_scale": [
      127.88881563440559,
      3.7595791335876934,
      5.003301022354526,
      5.16138092725355,
      4.984103287764387,
      13.219436395799539,
      0.0886606804251104,
      0.018223789939057083,
      4.196530991183464
    ]
  }
}