{
  "15": {
    "coef": [
      0.009320170140071634,
      -0.8953518113883895,
      0.31214067289592856,
      0.45594201926528294,
      -0.6268042628195667,
      0.48762412817148953,
      0.3006278829640411,
      -0.5832317855973359,
      -0.1845184941221044,
      -0.26621326373571313,
      0.1623718096508806,
      0.2660580878296841,
      0.27072268223787643,
      -0.4430619431750134,
      0.0015388599645945172,
      -0.5009472926550946,
      0.0,
      0.5917290097164588,
      -0.018522605267085122,
      -0.08084287902197008,
      0.0
    ],
    "empirical_prior": 0.40606060606060607,
    "feature_names": [
      "time_since_reached",
      "high_so_far",
      "current_temp",
      "rise_from_7am",
      "dewpoint_c",
      "humidity",
      "pressure",
      "pressure_trend_3h",
      "wind_speed_kmh",
      "wind_E-SE/onshore-ish",
      "wind_S-SW",
      "wind_W-NW",
      "wind_N-NE",
      "wind_SSE",
      "wind_Other/variable",
      "cloud_Precip",
      "cloud_Fog/haze",
      "cloud_Fair/clear",
      "cloud_Partly cloudy",
      "cloud_Mostly cloudy/overcast",
      "cloud_Other"
    ],
    "feature_schema_version": "toronto_feature_store_v0.3",
    "imputer_median": [
      47.0,
      83.0,
      81.0,
      22.0,
      42.0,
      26.0,
      24.36,
      -0.03999999999999915,
      9.0,
      0.0,
      0.0,
      0.0,
      0.0,
      0.0,
      0.0,
      0.0,
      0.0,
      0.0,
      0.0,
      0.0,
      0.0
    ],
    "intercept": -0.5047734532522469,
    "scaler_mean": [
      81.87272727272727,
      81.56969696969696,
      80.14545454545454,
      20.86060606060606,
      41.41818181818182,
      30.824242424242424,
      24.358666666666664,
      -0.036545454545454596,
      9.884848484848485
    ],
    "scaler_scale": [
      120.52979833427658,
      9.60190905413763,
      10.210662606020948,
      7.64587190635889,
      9.918499842136274,
      20.019369867221705,
      0.11122749460252866,
      0.026346284781029024,
      5.76131935711074
    ]
  },
  "16": {
    "coef": [
      0.21921283278975826,
      -0.5733388213138996,
      0.10939648999750341,
      0.45030326795200204,
      -0.06402494529566322,
      0.30153640165831963,
      0.6844091614614053,
      -0.6611901802655055,
      -0.32483464178868177,
      -0.3778634304746598,
      -0.08724079716977913,
      0.3644432963551366,
      0.3755886573065983,
      0.08067045554018376,
      -0.3574588850344651,
      -0.26647727720764597,
      0.0,
      -0.6662853037548506,
      0.7187273997663264,
      0.2121744777191845,
      0.0
    ],
    "empirical_prior": 0.1393939393939394,
    "feature_names": [
      "time_since_reached",
      "high_so_far",
      "current_temp",
      "rise_from_7am",
      "dewpoint_c",
      "humidity",
      "pressure",
      "pressure_trend_3h",
      "wind_speed_kmh",
      "wind_E-SE/onshore-ish",
      "wind_S-SW",
      "wind_W-NW",
      "wind_N-NE",
      "wind_SSE",
      "wind_Other/variable",
      "cloud_Precip",
      "cloud_Fog/haze",
      "cloud_Fair/clear",
      "cloud_Partly cloudy",
      "cloud_Mostly cloudy/overcast",
      "cloud_Other"
    ],
    "feature_schema_version": "toronto_feature_store_v0.3",
    "imputer_median": [
      92.0,
      83.0,
      81.0,
      22.0,
      42.0,
      26.0,
      24.35,
      -0.029999999999997584,
      9.0,
      0.0,
      0.0,
      0.0,
      0.0,
      0.0,
      0.0,
      0.0,
      0.0,
      0.0,
      0.0,
      1.0,
      0.0
    ],
    "intercept": -2.297801796752571,
    "scaler_mean": [
      115.34545454545454,
      82.14545454545454,
      79.83030303030303,
      20.53939393939394,
      41.551515151515154,
      31.866666666666667,
      24.350969696969695,
      -0.02957575757575742,
      10.593939393939394
    ],
    "scaler_scale": [
      133.34342330968147,
      9.49465849543329,
      10.479778069836266,
      8.119932056513004,
      10.476181388855133,
      21.181047369683295,
      0.11230491093946114,
      0.026408252042519512,
      6.400659975154048
    ]
  },
  "17": {
    "coef": [
      -0.06804797487049682,
      -1.1999108242360752,
      -0.392605061129261,
      -0.13945855866193135,
      0.08426824351646826,
      0.1103929610148546,
      0.5510024098661598,
      -0.8399786779539874,
      -0.4682121395402932,
      -0.2115462877047515,
      -0.21606993471418415,
      0.17554348937352532,
      0.13647161404477762,
      -0.11887604089160274,
      0.23424069084266125,
      -0.0936272596162801,
      0.0,
      -0.18978544248021798,
      0.3445474427870058,
      -0.061371209740081825,
      0.0
    ],
    "empirical_prior": 0.04242424242424243,
    "feature_names": [
      "time_since_reached",
      "high_so_far",
      "current_temp",
      "rise_from_7am",
      "dewpoint_c",
      "humidity",
      "pressure",
      "pressure_trend_3h",
      "wind_speed_kmh",
      "wind_E-SE/onshore-ish",
      "wind_S-SW",
      "wind_W-NW",
      "wind_N-NE",
      "wind_SSE",
      "wind_Other/variable",
      "cloud_Precip",
      "cloud_Fog/haze",
      "cloud_Fair/clear",
      "cloud_Partly cloudy",
      "cloud_Mostly cloudy/overcast",
      "cloud_Other"
    ],
    "feature_schema_version": "toronto_feature_store_v0.3",
    "imputer_median": [
      137.0,
      83.0,
      80.0,
      21.0,
      43.0,
      28.0,
      24.35,
      -0.019999999999999574,
      10.0,
      0.0,
      0.0,
      0.0,
      0.0,
      0.0,
      0.0,
      0.0,
      0.0,
      0.0,
      0.0,
      1.0,
      0.0
    ],
    "intercept": -4.891651302716164,
    "scaler_mean": [
      158.1030303030303,
      82.32727272727273,
      78.51515151515152,
      19.224242424242423,
      42.07878787878788,
      34.157575757575756,
      24.346303030303034,
      -0.02121212121212117,
      11.43030303030303
    ],
    "scaler_scale": [
      120.14040393424656,
      9.415759604281527,
      10.864234377691178,
      8.953991163688531,
      10.268509011470018,
      22.464504396033583,
      0.11468652528403826,
      0.030526449113849875,
      5.892187166506368
    ]
  }
}