{
  "15": {
    "coef": [
      -0.35704880512307313,
      -0.7467931198370019,
      -0.025476124787399135,
      0.3331348062801018,
      -0.289921801578767,
      -0.3792943793715596,
      -0.5243044291015788,
      0.1283515552564778,
      -0.5495664389070821,
      -0.14526121838036365,
      -0.18140672508705974,
      -0.0046401633898775696,
      0.0,
      0.33089211578731215,
      0.0,
      0.0,
      -0.014984880208610279,
      -0.5663348358990323,
      0.08740512047652604,
      0.49349860456112793,
      0.0
    ],
    "empirical_prior": 0.09146341463414634,
    "feature_names": [
      "time_since_reached",
      "high_so_far",
      "current_temp",
      "rise_from_7am",
      "dewpoint_c",
      "humidity",
      "pressure",
      "pressure_trend_3h",
      "wind_speed_kmh",
      "wind_E-SE/onshore-ish",
      "wind_S-SW",
      "wind_W-NW",
      "wind_N-NE",
      "wind_SSE",
      "wind_Other/variable",
      "cloud_Precip",
      "cloud_Fog/haze",
      "cloud_Fair/clear",
      "cloud_Partly cloudy",
      "cloud_Mostly cloudy/overcast",
      "cloud_Other"
    ],
    "feature_schema_version": "toronto_feature_store_v0.2",
    "imputer_median": [
      127.0,
      69.0,
      69.0,
      7.0,
      57.0,
      68.0,
      29.78,
      -0.029999999999997584,
      13.0,
      0.0,
      0.0,
      0.5,
      0.0,
      0.0,
      0.0,
      0.0,
      0.0,
      0.0,
      0.0,
      0.0,
      0.0
    ],
    "intercept": -2.6649459676358784,
    "scaler_mean": [
      122.79268292682927,
      70.11585365853658,
      69.23780487804878,
      6.926829268292683,
      56.8109756097561,
      65.54878048780488,
      29.78030487804879,
      -0.02701219512195126,
      13.53048780487805
    ],
    "scaler_scale": [
      91.86691564629172,
      3.8340569327997764,
      3.2682187377874485,
      2.2457574516911425,
      3.862846988046984,
      9.763861240189152,
      0.06026793610657413,
      0.014448389143429665,
      2.4480549284642508
    ]
  },
  "16": {
    "coef": [
      -0.20144247488427308,
      0.044118547206646666,
      0.2270354794003038,
      0.6316010356372462,
      0.2726376173237195,
      0.04738687519334114,
      -0.41340375827842796,
      -0.22121790087356605,
      -0.07783155759574135,
      0.0,
      0.2186510903860376,
      -0.20908534037519622,
      0.0,
      -0.010422072195385998,
      0.0,
      0.0,
      -0.02104069222161956,
      -0.23402772988385506,
      0.13072885116639973,
      0.12348324875453026,
      0.0
    ],
    "empirical_prior": 0.018292682926829267,
    "feature_names": [
      "time_since_reached",
      "high_so_far",
      "current_temp",
      "rise_from_7am",
      "dewpoint_c",
      "humidity",
      "pressure",
      "pressure_trend_3h",
      "wind_speed_kmh",
      "wind_E-SE/onshore-ish",
      "wind_S-SW",
      "wind_W-NW",
      "wind_N-NE",
      "wind_SSE",
      "wind_Other/variable",
      "cloud_Precip",
      "cloud_Fog/haze",
      "cloud_Fair/clear",
      "cloud_Partly cloudy",
      "cloud_Mostly cloudy/overcast",
      "cloud_Other"
    ],
    "feature_schema_version": "toronto_feature_store_v0.2",
    "imputer_median": [
      187.0,
      69.0,
      68.0,
      6.0,
      57.0,
      68.0,
      29.77,
      -0.030000000000001137,
      13.0,
      0.0,
      0.0,
      1.0,
      0.0,
      0.0,
      0.0,
      0.0,
      0.0,
      0.0,
      0.0,
      0.0,
      0.0
    ],
    "intercept": -4.526765334278885,
    "scaler_mean": [
      173.9451219512195,
      70.22560975609755,
      68.57926829268293,
      6.2682926829268295,
      56.8719512195122,
      67.1951219512195,
      29.76810975609756,
      -0.03237804878048775,
      13.628048780487806
    ],
    "scaler_scale": [
      100.20170225470835,
      3.7584477522304716,
      3.223361289273942,
      2.3271922813417683,
      3.6578607099273506,
      9.764219180489555,
      0.060198554819692746,
      0.013786826731147802,
      2.629929721320302
    ]
  },
  "17": {
    "coef": [
      0.09282896394552997,
      0.37314405822986657,
      0.3463848439289012,
      0.7108372391196955,
      0.4231853808207869,
      0.039493813879546584,
      -0.3421591708167864,
      0.30426512254718835,
      -0.04403744130506708,
      0.0,
      -0.11255121214137538,
      0.11518656716255617,
      0.0,
      -0.0013305051148462033,
      0.0,
      0.3085976175718531,
      -0.00529150485648143,
      -0.20030471657382154,
      -0.0509361916031145,
      -0.05076035463210119,
      0.0
    ],
    "empirical_prior": 0.006097560975609756,
    "feature_names": [
      "time_since_reached",
      "high_so_far",
      "current_temp",
      "rise_from_7am",
      "dewpoint_c",
      "humidity",
      "pressure",
      "pressure_trend_3h",
      "wind_speed_kmh",
      "wind_E-SE/onshore-ish",
      "wind_S-SW",
      "wind_W-NW",
      "wind_N-NE",
      "wind_SSE",
      "wind_Other/variable",
      "cloud_Precip",
      "cloud_Fog/haze",
      "cloud_Fair/clear",
      "cloud_Partly cloudy",
      "cloud_Mostly cloudy/overcast",
      "cloud_Other"
    ],
    "feature_schema_version": "toronto_feature_store_v0.2",
    "imputer_median": [
      247.0,
      69.0,
      67.0,
      5.0,
      57.0,
      70.0,
      29.76,
      -0.030000000000001137,
      14.0,
      0.0,
      0.0,
      1.0,
      0.0,
      0.0,
      0.0,
      0.0,
      0.0,
      0.0,
      0.0,
      0.0,
      0.0
    ],
    "intercept": -6.292423325286965,
    "scaler_mean": [
      232.41463414634146,
      70.23780487804878,
      67.6219512195122,
      5.310975609756097,
      56.77439024390244,
      69.20121951219512,
      29.758170731707317,
      -0.03249999999999977,
      13.713414634146341
    ],
    "scaler_scale": [
      102.28385314950768,
      3.757695850952933,
      3.2540415542283503,
      2.390453885749089,
      3.8656180200555235,
      9.882961364998767,
      0.06067964758608867,
      0.013984965795191496,
      2.695446123313965
    ]
  }
}