{
  "15": {
    "coef": [
      0.1656691703162754,
      -0.8804965877129304,
      0.1943855213197501,
      0.4636719887432074,
      0.6265958550551116,
      -0.5987185914710776,
      -0.22013892147039074,
      0.14568024187984244,
      -0.06643880500479477,
      -0.05310038524461188,
      0.35767272033485065,
      -0.36900472567584114,
      -0.4166867182507568,
      -0.11752782822303943,
      0.4975224428985549,
      -0.6427551084947094,
      0.0,
      0.14806625839050438,
      0.7907935473851221,
      -0.2952053028305628,
      0.0
    ],
    "empirical_prior": 0.696969696969697,
    "feature_names": [
      "time_since_reached",
      "high_so_far",
      "current_temp",
      "rise_from_7am",
      "dewpoint_c",
      "humidity",
      "pressure",
      "pressure_trend_3h",
      "wind_speed_kmh",
      "wind_E-SE/onshore-ish",
      "wind_S-SW",
      "wind_W-NW",
      "wind_N-NE",
      "wind_SSE",
      "wind_Other/variable",
      "cloud_Precip",
      "cloud_Fog/haze",
      "cloud_Fair/clear",
      "cloud_Partly cloudy",
      "cloud_Mostly cloudy/overcast",
      "cloud_Other"
    ],
    "feature_schema_version": "toronto_feature_store_v0.1",
    "imputer_median": [
      7.0,
      90.0,
      89.0,
      15.0,
      67.0,
      48.0,
      29.39,
      -0.04999999999999716,
      9.0,
      0.0,
      0.0,
      0.0,
      0.0,
      0.0,
      0.0,
      0.0,
      0.0,
      0.0,
      0.0,
      0.0,
      0.0
    ],
    "intercept": 0.7779223365465534,
    "scaler_mean": [
      58.09090909090909,
      88.55151515151515,
      87.69090909090909,
      13.545454545454545,
      66.35757575757576,
      51.27878787878788,
      29.382060606060605,
      -0.04612121212121216,
      9.272727272727273
    ],
    "scaler_scale": [
      120.4713881878217,
      5.5283358892451435,
      6.56216721575221,
      5.63587485661712,
      6.726655718360477,
      15.227800684349571,
      0.10412403425109683,
      0.021421820616622726,
      4.507722177402922
    ]
  },
  "16": {
    "coef": [
      0.19875560222989408,
      -0.7311604730017072,
      0.35168173962579635,
      0.47864257538310284,
      0.21536817350138657,
      -0.05317114989268079,
      -0.14470674229036556,
      0.005643294359099985,
      -0.14701099396060655,
      -0.2065443716418327,
      0.3274749365863191,
      -0.23266338194993072,
      -0.25189267897762024,
      -0.1528352204423603,
      0.2730308569882609,
      -0.22353411024947178,
      -0.198495321811791,
      0.14602449288284924,
      0.23757718390164076,
      0.03780194533501859,
      0.0
    ],
    "empirical_prior": 0.42424242424242425,
    "feature_names": [
      "time_since_reached",
      "high_so_far",
      "current_temp",
      "rise_from_7am",
      "dewpoint_c",
      "humidity",
      "pressure",
      "pressure_trend_3h",
      "wind_speed_kmh",
      "wind_E-SE/onshore-ish",
      "wind_S-SW",
      "wind_W-NW",
      "wind_N-NE",
      "wind_SSE",
      "wind_Other/variable",
      "cloud_Precip",
      "cloud_Fog/haze",
      "cloud_Fair/clear",
      "cloud_Partly cloudy",
      "cloud_Mostly cloudy/overcast",
      "cloud_Other"
    ],
    "feature_schema_version": "toronto_feature_store_v0.1",
    "imputer_median": [
      67.0,
      90.0,
      90.0,
      15.0,
      67.0,
      46.0,
      29.37,
      -0.05000000000000071,
      9.5,
      0.0,
      0.0,
      0.0,
      0.0,
      0.0,
      0.0,
      0.0,
      0.0,
      0.0,
      0.0,
      0.0,
      0.0
    ],
    "intercept": -0.48013812245551896,
    "scaler_mean": [
      75.53939393939395,
      89.27272727272727,
      88.35151515151514,
      14.206060606060607,
      66.22424242424242,
      50.012121212121215,
      29.366484848484845,
      -0.04939393939393949,
      10.154545454545454
    ],
    "scaler_scale": [
      133.05143671435457,
      5.59692950060216,
      6.5206488435338645,
      5.6873032110578325,
      6.317221785939262,
      15.393421609044314,
      0.103196230026313,
      0.01993008901429039,
      4.399937389987802
    ]
  },
  "17": {
    "coef": [
      -0.06831757121055966,
      -1.0677820158950622,
      0.30907388565309996,
      0.019851331856863795,
      0.7147427027774315,
      0.004844720031369105,
      -0.26055553715980057,
      -0.3516474269222917,
      -0.7036570364508438,
      -0.40133859283503737,
      0.5567100149575526,
      0.4452122914516844,
      -0.6620607619693238,
      -0.12103821558171989,
      0.21044102669175638,
      -0.32542873592760657,
      0.0,
      0.058210055850477824,
      0.15420311719414237,
      0.11276683943594921,
      0.0
    ],
    "empirical_prior": 0.15151515151515152,
    "feature_names": [
      "time_since_reached",
      "high_so_far",
      "current_temp",
      "rise_from_7am",
      "dewpoint_c",
      "humidity",
      "pressure",
      "pressure_trend_3h",
      "wind_speed_kmh",
      "wind_E-SE/onshore-ish",
      "wind_S-SW",
      "wind_W-NW",
      "wind_N-NE",
      "wind_SSE",
      "wind_Other/variable",
      "cloud_Precip",
      "cloud_Fog/haze",
      "cloud_Fair/clear",
      "cloud_Partly cloudy",
      "cloud_Mostly cloudy/overcast",
      "cloud_Other"
    ],
    "feature_schema_version": "toronto_feature_store_v0.1",
    "imputer_median": [
      67.0,
      91.0,
      90.0,
      16.0,
      67.0,
      46.0,
      29.35,
      -0.05000000000000071,
      9.0,
      0.0,
      0.0,
      0.0,
      0.0,
      0.0,
      0.0,
      0.0,
      0.0,
      0.0,
      0.0,
      0.0,
      0.0
    ],
    "intercept": -2.292152804276046,
    "scaler_mean": [
      96.49090909090908,
      89.7090909090909,
      88.4121212121212,
      14.266666666666667,
      65.89090909090909,
      49.61212121212121,
      29.35163636363636,
      -0.04812121212121213,
      9.83030303030303
    ],
    "scaler_scale": [
      128.57133938516301,
      5.6632983020852965,
      6.819746621782046,
      6.063435703069055,
      6.396986204994275,
      16.082585303548484,
      0.10297567179055585,
      0.02031831175246002,
      4.817423229781592
    ]
  }
}