{
  "15": {
    "coef": [
      0.33984754029611963,
      -1.0298813464045995,
      0.6542835156677468,
      0.485072464871648,
      0.1415069274672446,
      -0.4087685406982265,
      -0.22981488043861512,
      -0.40287607621011373,
      -0.22014113469371321,
      -0.2962302807020984,
      0.4830330149439372,
      -0.19361232673061826,
      -0.25776045977572437,
      0.5884654780195405,
      -0.3291571170723626,
      -0.03600491873404009,
      0.0,
      -0.25205305072213857,
      -0.012641645097214183,
      0.2954379232360674,
      0.0
    ],
    "empirical_prior": 0.15151515151515152,
    "feature_names": [
      "time_since_reached",
      "high_so_far",
      "current_temp",
      "rise_from_7am",
      "dewpoint_c",
      "humidity",
      "pressure",
      "pressure_trend_3h",
      "wind_speed_kmh",
      "wind_E-SE/onshore-ish",
      "wind_S-SW",
      "wind_W-NW",
      "wind_N-NE",
      "wind_SSE",
      "wind_Other/variable",
      "cloud_Precip",
      "cloud_Fog/haze",
      "cloud_Fair/clear",
      "cloud_Partly cloudy",
      "cloud_Mostly cloudy/overcast",
      "cloud_Other"
    ],
    "feature_schema_version": "toronto_feature_store_v0.3",
    "imputer_median": [
      157.0,
      89.0,
      87.0,
      7.0,
      73.0,
      65.0,
      29.99,
      -0.030000000000001137,
      10.0,
      1.0,
      0.0,
      0.0,
      0.0,
      0.0,
      0.0,
      0.0,
      0.0,
      0.0,
      0.0,
      1.0,
      0.0
    ],
    "intercept": -2.3864554143696695,
    "scaler_mean": [
      163.63030303030303,
      88.16363636363636,
      85.54545454545455,
      6.539393939393939,
      73.38181818181818,
      67.78181818181818,
      29.97854545454546,
      -0.028484848484848568,
      10.56969696969697
    ],
    "scaler_scale": [
      125.03653886533857,
      2.658983421810968,
      4.531980028112063,
      4.21612628425807,
      2.2387028908742703,
      11.69515451451828,
      0.09061576921736063,
      0.01746359193175503,
      3.8205572216536963
    ]
  },
  "16": {
    "coef": [
      -0.4240322441016268,
      -0.9364087037579558,
      0.49738563399527924,
      0.14452267124174126,
      0.14242099823056428,
      -0.1684796840891885,
      -0.35397631443303484,
      -0.3464414575553472,
      -0.8099939924507791,
      -0.49040642020075814,
      0.5405703577317226,
      -0.09310147192343174,
      0.061043922987376584,
      -0.1402573427882564,
      0.15625976445427806,
      -0.18820401019971025,
      0.0,
      0.15268263287846456,
      0.06914735295151567,
      -0.035737882957502486,
      0.0
    ],
    "empirical_prior": 0.06666666666666667,
    "feature_names": [
      "time_since_reached",
      "high_so_far",
      "current_temp",
      "rise_from_7am",
      "dewpoint_c",
      "humidity",
      "pressure",
      "pressure_trend_3h",
      "wind_speed_kmh",
      "wind_E-SE/onshore-ish",
      "wind_S-SW",
      "wind_W-NW",
      "wind_N-NE",
      "wind_SSE",
      "wind_Other/variable",
      "cloud_Precip",
      "cloud_Fog/haze",
      "cloud_Fair/clear",
      "cloud_Partly cloudy",
      "cloud_Mostly cloudy/overcast",
      "cloud_Other"
    ],
    "feature_schema_version": "toronto_feature_store_v0.3",
    "imputer_median": [
      202.0,
      89.0,
      87.0,
      7.0,
      73.0,
      65.0,
      29.98,
      -0.030000000000001137,
      10.0,
      1.0,
      0.0,
      0.0,
      0.0,
      0.0,
      0.0,
      0.0,
      0.0,
      0.0,
      0.0,
      1.0,
      0.0
    ],
    "intercept": -3.310525154387491,
    "scaler_mean": [
      197.37575757575758,
      88.33939393939394,
      85.15757575757576,
      6.151515151515151,
      73.04848484848485,
      67.92727272727272,
      29.966484848484857,
      -0.031818181818181884,
      10.521212121212121
    ],
    "scaler_scale": [
      121.03675131909574,
      2.60883573172302,
      4.579204000103492,
      4.407440074163935,
      2.231472025656065,
      11.925304715686869,
      0.08969176889099247,
      0.019330388300438497,
      3.9011853346913234
    ]
  },
  "17": {
    "coef": [
      -0.7560807379627611,
      -0.3097987732360671,
      -0.06278500008280591,
      0.02605707836907588,
      -0.007979787261148511,
      0.10725234444759964,
      -0.22846869428192887,
      0.01945001895479967,
      0.09597087727738071,
      -0.0396559570833967,
      -0.121871401167883,
      -0.043085600362678014,
      -0.03330077955618579,
      -0.09056817508440589,
      0.33031355525257744,
      0.21174970798521273,
      0.0,
      -0.035119556258175484,
      -0.11190741202755762,
      -0.06289109770145153,
      0.0
    ],
    "empirical_prior": 0.012121212121212121,
    "feature_names": [
      "time_since_reached",
      "high_so_far",
      "current_temp",
      "rise_from_7am",
      "dewpoint_c",
      "humidity",
      "pressure",
      "pressure_trend_3h",
      "wind_speed_kmh",
      "wind_E-SE/onshore-ish",
      "wind_S-SW",
      "wind_W-NW",
      "wind_N-NE",
      "wind_SSE",
      "wind_Other/variable",
      "cloud_Precip",
      "cloud_Fog/haze",
      "cloud_Fair/clear",
      "cloud_Partly cloudy",
      "cloud_Mostly cloudy/overcast",
      "cloud_Other"
    ],
    "feature_schema_version": "toronto_feature_store_v0.3",
    "imputer_median": [
      262.0,
      89.0,
      86.0,
      6.0,
      73.0,
      67.0,
      29.97,
      -0.030000000000001137,
      10.0,
      1.0,
      0.0,
      0.0,
      0.0,
      0.0,
      0.0,
      0.0,
      0.0,
      0.0,
      0.0,
      1.0,
      0.0
    ],
    "intercept": -4.739868741302388,
    "scaler_mean": [
      247.8060606060606,
      88.4060606060606,
      84.63636363636364,
      5.63030303030303,
      73.12727272727273,
      69.23030303030303,
      29.959393939393944,
      -0.02884848484848458,
      9.67878787878788
    ],
    "scaler_scale": [
      127.84682582043233,
      2.57469496798069,
      4.3416110807924175,
      4.32361274640779,
      2.394852146669542,
      11.70269290036673,
      0.08793728460599132,
      0.02046152518400889,
      4.252611146233006
    ]
  }
}