{
  "15": {
    "coef": [
      -0.008927125071316768,
      -0.48917343576468003,
      0.3029622443771976,
      0.06275612456390595,
      0.15682607837444104,
      0.1393936133533313,
      -0.12748336664662038,
      -0.03928860297511081,
      -0.7800901028887903,
      0.03863908773081718,
      -0.696714091454896,
      -0.2623864750756363,
      0.3342753429058616,
      0.0,
      0.6787184932164989,
      -0.10724624852630572,
      0.0,
      0.10499562653772915,
      -0.09508770307644722,
      0.09660838465603239,
      0.0
    ],
    "empirical_prior": 0.09696969696969697,
    "feature_names": [
      "time_since_reached",
      "high_so_far",
      "current_temp",
      "rise_from_7am",
      "dewpoint_c",
      "humidity",
      "pressure",
      "pressure_trend_3h",
      "wind_speed_kmh",
      "wind_E-SE/onshore-ish",
      "wind_S-SW",
      "wind_W-NW",
      "wind_N-NE",
      "wind_SSE",
      "wind_Other/variable",
      "cloud_Precip",
      "cloud_Fog/haze",
      "cloud_Fair/clear",
      "cloud_Partly cloudy",
      "cloud_Mostly cloudy/overcast",
      "cloud_Other"
    ],
    "feature_schema_version": "toronto_feature_store_v0.2",
    "imputer_median": [
      64.0,
      69.0,
      68.0,
      11.0,
      51.0,
      54.0,
      29.94,
      -0.019999999999999574,
      21.0,
      0.0,
      0.0,
      1.0,
      0.0,
      0.0,
      0.0,
      0.0,
      0.0,
      0.0,
      0.0,
      0.0,
      0.0
    ],
    "intercept": -2.43411903126055,
    "scaler_mean": [
      87.37575757575758,
      70.22424242424242,
      69.04848484848485,
      11.866666666666667,
      50.660606060606064,
      53.054545454545455,
      29.93751515151515,
      -0.018606060606060414,
      20.03030303030303
    ],
    "scaler_scale": [
      66.36669039603413,
      6.319140251409844,
      5.93480342081436,
      4.525394117553954,
      4.131911245632153,
      10.320473647490212,
      0.08949966013550552,
      0.01774898954689319,
      5.935434672933186
    ]
  },
  "16": {
    "coef": [
      -0.13707732940365497,
      -0.1929913820024917,
      0.33275010024944146,
      -0.11590796056247894,
      0.7101063619938467,
      0.050170362187193195,
      -0.16171954683595854,
      -0.3445784919926881,
      -0.6111567343984158,
      0.0,
      0.3023300990184727,
      -0.838507796277549,
      0.1690793576423872,
      0.0,
      0.3675072896031492,
      0.0,
      0.0,
      0.03564763485133516,
      -0.12802029608485446,
      0.09278161121997933,
      0.0
    ],
    "empirical_prior": 0.04242424242424243,
    "feature_names": [
      "time_since_reached",
      "high_so_far",
      "current_temp",
      "rise_from_7am",
      "dewpoint_c",
      "humidity",
      "pressure",
      "pressure_trend_3h",
      "wind_speed_kmh",
      "wind_E-SE/onshore-ish",
      "wind_S-SW",
      "wind_W-NW",
      "wind_N-NE",
      "wind_SSE",
      "wind_Other/variable",
      "cloud_Precip",
      "cloud_Fog/haze",
      "cloud_Fair/clear",
      "cloud_Partly cloudy",
      "cloud_Mostly cloudy/overcast",
      "cloud_Other"
    ],
    "feature_schema_version": "toronto_feature_store_v0.2",
    "imputer_median": [
      124.0,
      69.0,
      67.0,
      10.0,
      51.0,
      55.0,
      29.93,
      -0.020000000000003126,
      21.0,
      0.0,
      0.0,
      1.0,
      0.0,
      0.0,
      0.0,
      0.0,
      0.0,
      0.0,
      0.0,
      0.0,
      0.0
    ],
    "intercept": -3.507717391217378,
    "scaler_mean": [
      139.37575757575758,
      70.30909090909091,
      68.4060606060606,
      11.224242424242425,
      50.38181818181818,
      53.81818181818182,
      29.928242424242423,
      -0.023878787878787715,
      20.696969696969695
    ],
    "scaler_scale": [
      73.57126839682043,
      6.347147468882028,
      5.97965943055437,
      4.603492106824354,
      3.996168964293749,
      10.647675932090577,
      0.09027198978408311,
      0.017566768861339663,
      6.096620268316818
    ]
  },
  "17": {
    "coef": [
      0.0,
      0.0,
      0.0,
      0.0,
      0.0,
      0.0,
      0.0,
      0.0,
      0.0,
      0.0,
      0.0,
      0.0,
      0.0,
      0.0,
      0.0,
      0.0,
      0.0,
      0.0,
      0.0,
      0.0,
      0.0
    ],
    "empirical_prior": 0.0,
    "feature_names": [
      "time_since_reached",
      "high_so_far",
      "current_temp",
      "rise_from_7am",
      "dewpoint_c",
      "humidity",
      "pressure",
      "pressure_trend_3h",
      "wind_speed_kmh",
      "wind_E-SE/onshore-ish",
      "wind_S-SW",
      "wind_W-NW",
      "wind_N-NE",
      "wind_SSE",
      "wind_Other/variable",
      "cloud_Precip",
      "cloud_Fog/haze",
      "cloud_Fair/clear",
      "cloud_Partly cloudy",
      "cloud_Mostly cloudy/overcast",
      "cloud_Other"
    ],
    "feature_schema_version": "toronto_feature_store_v0.2",
    "imputer_median": [
      184.0,
      69.0,
      66.0,
      9.0,
      51.0,
      58.0,
      29.92,
      -0.019999999999999574,
      21.0,
      0.0,
      0.0,
      1.0,
      0.0,
      0.0,
      0.0,
      0.0,
      0.0,
      0.0,
      0.0,
      0.0,
      0.0
    ],
    "intercept": -10.0,
    "scaler_mean": [
      193.4181818181818,
      70.37575757575758,
      67.2,
      10.018181818181818,
      50.07878787878788,
      55.557575757575755,
      29.921575757575756,
      -0.022484848484848427,
      21.387878787878787
    ],
    "scaler_scale": [
      80.95079483595575,
      6.364057706108976,
      5.777909866399997,
      4.382434258211777,
      3.8986988953004196,
      11.048297011319049,
      0.08980079985573122,
      0.017176660013502834,
      5.593922978405935
    ]
  }
}