{
  "15": {
    "coef": [
      -0.8515448431700459,
      -0.6568099543543106,
      0.02771073605046754,
      0.6113805053860222,
      0.43177990170345076,
      0.19672761112629905,
      0.24392956443493455,
      -0.3464317984573683,
      -0.23487837557243038,
      -0.41895607367388676,
      0.4241643526753126,
      0.670630096993107,
      -0.8209093582608166,
      0.11613841087508375,
      0.027874516895791863,
      -0.4994070011349566,
      0.0,
      0.5266890797794347,
      0.20968671214280393,
      -0.23802684528269014,
      0.0
    ],
    "empirical_prior": 0.3780487804878049,
    "feature_names": [
      "time_since_reached",
      "high_so_far",
      "current_temp",
      "rise_from_7am",
      "dewpoint_c",
      "humidity",
      "pressure",
      "pressure_trend_3h",
      "wind_speed_kmh",
      "wind_E-SE/onshore-ish",
      "wind_S-SW",
      "wind_W-NW",
      "wind_N-NE",
      "wind_SSE",
      "wind_Other/variable",
      "cloud_Precip",
      "cloud_Fog/haze",
      "cloud_Fair/clear",
      "cloud_Partly cloudy",
      "cloud_Mostly cloudy/overcast",
      "cloud_Other"
    ],
    "feature_schema_version": "toronto_feature_store_v0.2",
    "imputer_median": [
      20.0,
      78.0,
      78.0,
      14.0,
      56.5,
      45.0,
      29.185000000000002,
      -0.030000000000001137,
      12.0,
      0.0,
      0.0,
      0.0,
      0.0,
      0.0,
      0.0,
      0.0,
      0.0,
      0.0,
      0.0,
      0.5,
      0.0
    ],
    "intercept": -0.7790900754226648,
    "scaler_mean": [
      107.01219512195122,
      79.01829268292683,
      77.46951219512195,
      12.99390243902439,
      55.15853658536585,
      49.1280487804878,
      29.187317073170732,
      -0.02823170731707336,
      11.634146341463415
    ],
    "scaler_scale": [
      177.75627284066752,
      7.858095531218193,
      8.967708860186686,
      7.323114883725228,
      8.988433641176433,
      18.12462127032569,
      0.14077788057690868,
      0.02806647109139461,
      4.917644179001476
    ]
  },
  "16": {
    "coef": [
      -0.32140210768058575,
      -0.8195296680319154,
      -0.11531470918097221,
      1.007818948395901,
      0.5274909086107309,
      0.0773463020224853,
      -0.12022901773260404,
      -0.21385883283031104,
      0.02777992093812957,
      -0.3509599064144564,
      0.3751277581848099,
      0.031186547234253247,
      -0.7229954598149011,
      0.306747212761152,
      0.3602390357967922,
      -0.1264961927735411,
      -0.11024256565129333,
      0.28503412959719737,
      0.22825531987708136,
      -0.27720550330179455,
      0.0
    ],
    "empirical_prior": 0.17682926829268292,
    "feature_names": [
      "time_since_reached",
      "high_so_far",
      "current_temp",
      "rise_from_7am",
      "dewpoint_c",
      "humidity",
      "pressure",
      "pressure_trend_3h",
      "wind_speed_kmh",
      "wind_E-SE/onshore-ish",
      "wind_S-SW",
      "wind_W-NW",
      "wind_N-NE",
      "wind_SSE",
      "wind_Other/variable",
      "cloud_Precip",
      "cloud_Fog/haze",
      "cloud_Fair/clear",
      "cloud_Partly cloudy",
      "cloud_Mostly cloudy/overcast",
      "cloud_Other"
    ],
    "feature_schema_version": "toronto_feature_store_v0.2",
    "imputer_median": [
      69.0,
      79.0,
      77.0,
      14.0,
      56.0,
      45.0,
      29.185000000000002,
      -0.029999999999997584,
      12.0,
      0.0,
      0.0,
      0.0,
      0.0,
      0.0,
      0.0,
      0.0,
      0.0,
      0.0,
      0.0,
      1.0,
      0.0
    ],
    "intercept": -1.741913465545764,
    "scaler_mean": [
      144.96951219512195,
      79.41463414634147,
      77.39024390243902,
      12.914634146341463,
      54.65243902439025,
      48.5609756097561,
      29.18012195121952,
      -0.02743902439024373,
      11.798780487804878
    ],
    "scaler_scale": [
      188.99162530743897,
      7.9410191941438395,
      9.012533410595324,
      7.579982012193399,
      9.233155072224521,
      18.648937431952216,
      0.13962051270112305,
      0.028211352826769544,
      4.837833467486399
    ]
  },
  "17": {
    "coef": [
      -0.22729858926299482,
      -0.7834723649537817,
      -0.20052292090431204,
      0.625524191912223,
      -0.10258984601024619,
      0.0052180071094592925,
      -0.005945675000697187,
      -0.46991804058855796,
      0.0645448480198344,
      -0.22806878730572597,
      0.4830471403246804,
      0.30763205483457984,
      -0.3800201917568438,
      -0.08709446873581132,
      -0.10375826996191936,
      0.1671153832602676,
      -0.043857310754034345,
      0.10502755808646885,
      -0.027481311073643093,
      -0.20906684212009932,
      0.0
    ],
    "empirical_prior": 0.06707317073170732,
    "feature_names": [
      "time_since_reached",
      "high_so_far",
      "current_temp",
      "rise_from_7am",
      "dewpoint_c",
      "humidity",
      "pressure",
      "pressure_trend_3h",
      "wind_speed_kmh",
      "wind_E-SE/onshore-ish",
      "wind_S-SW",
      "wind_W-NW",
      "wind_N-NE",
      "wind_SSE",
      "wind_Other/variable",
      "cloud_Precip",
      "cloud_Fog/haze",
      "cloud_Fair/clear",
      "cloud_Partly cloudy",
      "cloud_Mostly cloudy/overcast",
      "cloud_Other"
    ],
    "feature_schema_version": "toronto_feature_store_v0.2",
    "imputer_median": [
      129.0,
      79.0,
      77.5,
      14.0,
      56.0,
      45.0,
      29.18,
      -0.019999999999999574,
      12.0,
      0.0,
      0.0,
      0.0,
      0.0,
      0.0,
      0.0,
      0.0,
      0.0,
      0.0,
      0.0,
      1.0,
      0.0
    ],
    "intercept": -3.0295195121538248,
    "scaler_mean": [
      190.4878048780488,
      79.58536585365853,
      77.10975609756098,
      12.634146341463415,
      54.542682926829265,
      48.88414634146341,
      29.174146341463416,
      -0.022499999999999878,
      11.71951219512195
    ],
    "scaler_scale": [
      197.35462348841645,
      7.989247682021611,
      9.105085817574135,
      7.768780855358463,
      9.275821316443443,
      18.784528983962197,
      0.13884498479847326,
      0.02854980671413788,
      4.955347912384973
    ]
  }
}