{
  "15": {
    "coef": [
      -0.3587310604401269,
      -0.7118598425368472,
      0.43069686435776333,
      0.4576362924623206,
      0.08092987032029741,
      0.32170502283905145,
      -0.07308630475350872,
      0.006379551482038457,
      -0.18588011200881766,
      -0.7570235616097247,
      -0.759879303047251,
      0.4655581977621163,
      0.674737156006567,
      -0.03291253781783364,
      0.3918793333381538,
      -0.5336333634714416,
      0.0,
      0.2973771336501677,
      0.006367646357033382,
      0.2122478680962689,
      0.0
    ],
    "empirical_prior": 0.4695121951219512,
    "feature_names": [
      "time_since_reached",
      "high_so_far",
      "current_temp",
      "rise_from_7am",
      "dewpoint_c",
      "humidity",
      "pressure",
      "pressure_trend_3h",
      "wind_speed_kmh",
      "wind_E-SE/onshore-ish",
      "wind_S-SW",
      "wind_W-NW",
      "wind_N-NE",
      "wind_SSE",
      "wind_Other/variable",
      "cloud_Precip",
      "cloud_Fog/haze",
      "cloud_Fair/clear",
      "cloud_Partly cloudy",
      "cloud_Mostly cloudy/overcast",
      "cloud_Other"
    ],
    "feature_schema_version": "toronto_feature_store_v0.3",
    "imputer_median": [
      69.0,
      77.0,
      76.0,
      11.0,
      53.0,
      44.0,
      29.9,
      -0.030000000000001137,
      12.0,
      0.0,
      0.0,
      0.0,
      0.0,
      0.0,
      0.0,
      0.0,
      0.0,
      0.0,
      0.0,
      1.0,
      0.0
    ],
    "intercept": -0.25534224870661687,
    "scaler_mean": [
      158.32926829268294,
      77.34146341463415,
      76.28048780487805,
      10.231707317073171,
      53.15853658536585,
      47.76219512195122,
      29.88463414634146,
      -0.02914634146341447,
      11.689024390243903
    ],
    "scaler_scale": [
      243.24541230366847,
      7.271259011650951,
      7.809116608238782,
      5.495671867951212,
      8.628468920219746,
      18.538642175683336,
      0.17659858797015282,
      0.02755045126062167,
      4.4263211090453805
    ]
  },
  "16": {
    "coef": [
      -0.359737301412778,
      -0.9162977026191893,
      0.45328730330971173,
      0.3830083217318663,
      -0.08154395078215602,
      0.3850307566740368,
      -0.293690077580469,
      -0.15655009544933696,
      -0.5611849434230065,
      -0.07835998108756603,
      -0.038545939744035924,
      0.6769073850370733,
      0.27412532204319773,
      -0.698759247282737,
      0.043661310555364936,
      -0.15352334248869248,
      -0.25989747839882055,
      0.6551520780706405,
      -0.2156890351658056,
      -0.030236164574955916,
      0.0
    ],
    "empirical_prior": 0.27439024390243905,
    "feature_names": [
      "time_since_reached",
      "high_so_far",
      "current_temp",
      "rise_from_7am",
      "dewpoint_c",
      "humidity",
      "pressure",
      "pressure_trend_3h",
      "wind_speed_kmh",
      "wind_E-SE/onshore-ish",
      "wind_S-SW",
      "wind_W-NW",
      "wind_N-NE",
      "wind_SSE",
      "wind_Other/variable",
      "cloud_Precip",
      "cloud_Fog/haze",
      "cloud_Fair/clear",
      "cloud_Partly cloudy",
      "cloud_Mostly cloudy/overcast",
      "cloud_Other"
    ],
    "feature_schema_version": "toronto_feature_store_v0.3",
    "imputer_median": [
      99.0,
      77.0,
      76.0,
      11.5,
      53.0,
      43.0,
      29.9,
      -0.030000000000001137,
      13.0,
      0.0,
      0.0,
      0.0,
      0.0,
      0.0,
      0.0,
      0.0,
      0.0,
      0.0,
      0.0,
      1.0,
      0.0
    ],
    "intercept": -1.2873737157417784,
    "scaler_mean": [
      180.6829268292683,
      77.84146341463415,
      76.46951219512195,
      10.420731707317072,
      53.298780487804876,
      47.47560975609756,
      29.877621951219513,
      -0.02737804878048784,
      12.085365853658537
    ],
    "scaler_scale": [
      244.55217299844819,
      7.28173376600006,
      7.652851995464529,
      5.615727865967546,
      8.631465323729293,
      17.998797798441235,
      0.17494202107457246,
      0.026082954084108673,
      4.811574509076525
    ]
  },
  "17": {
    "coef": [
      -0.0023076059041054124,
      -0.9999540546143998,
      0.3815938441761869,
      0.7982409928754877,
      0.5998079705097729,
      0.3525817554865769,
      -0.3635425646132339,
      0.09392093694799508,
      -0.5642730985958954,
      -0.41416574375668974,
      -0.23253828542710708,
      0.5293761108632578,
      0.3419712694006004,
      -0.4158258810143831,
      0.23829392069383803,
      -0.09286148702761964,
      0.03539599903507501,
      -0.41675973238619907,
      0.551944486931943,
      -0.07754516595299808,
      0.0
    ],
    "empirical_prior": 0.11585365853658537,
    "feature_names": [
      "time_since_reached",
      "high_so_far",
      "current_temp",
      "rise_from_7am",
      "dewpoint_c",
      "humidity",
      "pressure",
      "pressure_trend_3h",
      "wind_speed_kmh",
      "wind_E-SE/onshore-ish",
      "wind_S-SW",
      "wind_W-NW",
      "wind_N-NE",
      "wind_SSE",
      "wind_Other/variable",
      "cloud_Precip",
      "cloud_Fog/haze",
      "cloud_Fair/clear",
      "cloud_Partly cloudy",
      "cloud_Mostly cloudy/overcast",
      "cloud_Other"
    ],
    "feature_schema_version": "toronto_feature_store_v0.3",
    "imputer_median": [
      144.0,
      78.0,
      76.0,
      11.0,
      53.0,
      43.0,
      29.884999999999998,
      -0.020000000000003126,
      12.0,
      0.0,
      0.0,
      0.0,
      0.0,
      0.0,
      0.0,
      0.0,
      0.0,
      0.0,
      0.0,
      1.0,
      0.0
    ],
    "intercept": -2.5358860951899707,
    "scaler_mean": [
      217.64634146341464,
      78.1890243902439,
      76.08536585365853,
      10.036585365853659,
      53.21341463414634,
      48.0,
      29.871524390243906,
      -0.0224999999999999,
      12.317073170731707
    ],
    "scaler_scale": [
      251.5642948389827,
      7.2267880072577295,
      7.404186718587807,
      5.702898539769737,
      8.62834611226025,
      18.2208671582886,
      0.17350966273857074,
      0.026786759561486424,
      4.21344551892955
    ]
  }
}