{
  "15": {
    "coef": [
      -0.22442196550156798,
      -1.0550678615389646,
      0.247933262837916,
      0.1549937395527247,
      -0.08758321047277567,
      -0.4347126732187899,
      0.3285824986571063,
      0.12080159204864564,
      -0.00897293856798833,
      -0.4182089255627654,
      0.07419041594005214,
      0.02325023826356974,
      0.1431705110024695,
      0.010124756875499324,
      0.21788952599694683,
      -0.8754481407413213,
      0.0,
      -0.18640033532548167,
      1.185102521774487,
      -0.12434237301017831,
      0.0
    ],
    "empirical_prior": 0.696969696969697,
    "feature_names": [
      "time_since_reached",
      "high_so_far",
      "current_temp",
      "rise_from_7am",
      "dewpoint_c",
      "humidity",
      "pressure",
      "pressure_trend_3h",
      "wind_speed_kmh",
      "wind_E-SE/onshore-ish",
      "wind_S-SW",
      "wind_W-NW",
      "wind_N-NE",
      "wind_SSE",
      "wind_Other/variable",
      "cloud_Precip",
      "cloud_Fog/haze",
      "cloud_Fair/clear",
      "cloud_Partly cloudy",
      "cloud_Mostly cloudy/overcast",
      "cloud_Other"
    ],
    "feature_schema_version": "toronto_feature_store_v0.2",
    "imputer_median": [
      29.0,
      85.0,
      85.0,
      15.0,
      66.0,
      51.0,
      28.89,
      -0.03999999999999915,
      8.0,
      0.0,
      0.0,
      0.0,
      0.0,
      0.0,
      0.0,
      0.0,
      0.0,
      0.0,
      0.0,
      1.0,
      0.0
    ],
    "intercept": 0.8860666582341347,
    "scaler_mean": [
      65.43636363636364,
      84.78787878787878,
      84.01212121212122,
      13.963636363636363,
      64.18787878787879,
      52.945454545454545,
      28.893272727272723,
      -0.04090909090909104,
      8.55151515151515
    ],
    "scaler_scale": [
      134.1145277606935,
      4.640778250809492,
      5.224636137874715,
      4.840349234947149,
      5.86679188446383,
      14.056705310538732,
      0.09652233929754837,
      0.01719119513246975,
      3.7146818626471263
    ]
  },
  "16": {
    "coef": [
      -0.19308880517853397,
      -0.8598617549825222,
      0.18317018874834548,
      0.13109517731503453,
      0.25559468094517485,
      -0.5607330752055447,
      0.16482752212514853,
      -0.022334816428014048,
      0.22153517726764682,
      -0.46575800669854056,
      0.24578268541621257,
      -0.01326806816976001,
      -0.2030462495477403,
      0.21583031684537,
      0.14395306744490755,
      -0.4442197765756872,
      0.0,
      0.27350327144311815,
      0.18679335703793987,
      -0.01791080280289797,
      0.0
    ],
    "empirical_prior": 0.3878787878787879,
    "feature_names": [
      "time_since_reached",
      "high_so_far",
      "current_temp",
      "rise_from_7am",
      "dewpoint_c",
      "humidity",
      "pressure",
      "pressure_trend_3h",
      "wind_speed_kmh",
      "wind_E-SE/onshore-ish",
      "wind_S-SW",
      "wind_W-NW",
      "wind_N-NE",
      "wind_SSE",
      "wind_Other/variable",
      "cloud_Precip",
      "cloud_Fog/haze",
      "cloud_Fair/clear",
      "cloud_Partly cloudy",
      "cloud_Mostly cloudy/overcast",
      "cloud_Other"
    ],
    "feature_schema_version": "toronto_feature_store_v0.2",
    "imputer_median": [
      68.0,
      86.0,
      85.0,
      15.0,
      66.0,
      51.0,
      28.87,
      -0.04999999999999716,
      8.0,
      0.0,
      0.0,
      0.0,
      0.0,
      0.0,
      0.0,
      0.0,
      0.0,
      0.0,
      0.0,
      1.0,
      0.0
    ],
    "intercept": -0.59157779983367,
    "scaler_mean": [
      66.4,
      85.52121212121212,
      84.43030303030304,
      14.381818181818181,
      64.04242424242425,
      52.127272727272725,
      28.87987878787879,
      -0.04448484848484846,
      8.636363636363637
    ],
    "scaler_scale": [
      110.78944266517729,
      4.587978862845128,
      5.367945538296008,
      5.229835998671732,
      5.89540294986106,
      14.498135151288036,
      0.09544148058738708,
      0.017352183011946274,
      3.9498230249436057
    ]
  },
  "17": {
    "coef": [
      -0.14530012433166375,
      -0.7023753989636542,
      0.296813272291808,
      -0.05596925746099616,
      0.2300546410167312,
      -0.3277792162198872,
      -0.12770014160885562,
      -0.27183379065269564,
      -0.1988966454956837,
      0.2804240115513104,
      -0.5041206858003995,
      0.032391563980898624,
      -0.029180034214263132,
      -0.10891366300788717,
      0.32711169660679806,
      -0.4812990493355375,
      0.0,
      0.5829391817366391,
      -0.07570301576216049,
      -0.02822422752248383,
      0.0
    ],
    "empirical_prior": 0.12727272727272726,
    "feature_names": [
      "time_since_reached",
      "high_so_far",
      "current_temp",
      "rise_from_7am",
      "dewpoint_c",
      "humidity",
      "pressure",
      "pressure_trend_3h",
      "wind_speed_kmh",
      "wind_E-SE/onshore-ish",
      "wind_S-SW",
      "wind_W-NW",
      "wind_N-NE",
      "wind_SSE",
      "wind_Other/variable",
      "cloud_Precip",
      "cloud_Fog/haze",
      "cloud_Fair/clear",
      "cloud_Partly cloudy",
      "cloud_Mostly cloudy/overcast",
      "cloud_Other"
    ],
    "feature_schema_version": "toronto_feature_store_v0.2",
    "imputer_median": [
      68.0,
      86.0,
      85.0,
      15.0,
      66.0,
      51.0,
      28.86,
      -0.04999999999999716,
      9.0,
      0.0,
      0.0,
      0.0,
      0.0,
      0.0,
      0.0,
      0.0,
      0.0,
      0.0,
      0.0,
      1.0,
      0.0
    ],
    "intercept": -2.016114581944842,
    "scaler_mean": [
      96.03636363636363,
      85.94545454545455,
      84.25454545454545,
      14.206060606060607,
      63.775757575757574,
      52.012121212121215,
      28.86709090909091,
      -0.043757575757575495,
      9.054545454545455
    ],
    "scaler_scale": [
      121.63546586614378,
      4.57298330507995,
      5.286523226440178,
      5.313786494150646,
      5.966930600376993,
      14.513102911042825,
      0.09528278919802546,
      0.018662927606630072,
      3.6118568135895535
    ]
  }
}