{
  "15": {
    "coef": [
      -0.143767972314411,
      -1.4180787463829045,
      0.9263239475096152,
      0.14445773570296477,
      0.4897995551003726,
      -0.12464402057779984,
      0.20742812482435494,
      0.05074693000934885,
      -0.4259630686724279,
      -0.408869510957008,
      -0.1279784986567136,
      0.25640741150008833,
      -0.4666478466961659,
      -0.3965952400408143,
      0.10477980199930255,
      -0.06106178351987216,
      -0.16651452474671466,
      -0.018612466094950365,
      0.320257449891143,
      -0.13980803516873005,
      0.0
    ],
    "empirical_prior": 0.3385093167701863,
    "feature_names": [
      "time_since_reached",
      "high_so_far",
      "current_temp",
      "rise_from_7am",
      "dewpoint_c",
      "humidity",
      "pressure",
      "pressure_trend_3h",
      "wind_speed_kmh",
      "wind_E-SE/onshore-ish",
      "wind_S-SW",
      "wind_W-NW",
      "wind_N-NE",
      "wind_SSE",
      "wind_Other/variable",
      "cloud_Precip",
      "cloud_Fog/haze",
      "cloud_Fair/clear",
      "cloud_Partly cloudy",
      "cloud_Mostly cloudy/overcast",
      "cloud_Other"
    ],
    "feature_schema_version": "toronto_feature_store_v0.2",
    "imputer_median": [
      60.0,
      22.0,
      22.0,
      7.0,
      12.0,
      52.0,
      993.17,
      -0.7900000000000773,
      17.0,
      0.0,
      0.0,
      0.0,
      0.0,
      0.0,
      0.0,
      0.0,
      0.0,
      0.0,
      0.0,
      1.0,
      0.0
    ],
    "intercept": -0.5581979991887863,
    "scaler_mean": [
      126.27018633540372,
      22.417701863354036,
      21.94254658385093,
      7.170807453416149,
      11.633540372670808,
      54.358695652173914,
      992.8347204968945,
      -0.764021739130434,
      18.821428571428573
    ],
    "scaler_scale": [
      209.21360814163663,
      4.423721733249769,
      4.61008788257849,
      3.757231367213995,
      4.918831150600882,
      17.072195135537836,
      5.5848339512910234,
      0.940970065476943,
      8.222872233766513
    ]
  },
  "16": {
    "coef": [
      0.06892968012426051,
      -1.6690236850159266,
      1.1607886448043039,
      0.19758842041957286,
      0.5332453872514645,
      -0.20528836670947284,
      -0.013533821555636533,
      -0.11505288405704549,
      -0.4681542934298558,
      -0.11430988195962154,
      0.2665531086419838,
      0.09464434425308005,
      -0.46426640160789945,
      -0.34351276831552935,
      0.5531728017900159,
      -0.04370241264829493,
      -0.09736597753737374,
      0.09648326376042453,
      -0.003127701716711213,
      0.03999403094398307,
      0.0
    ],
    "empirical_prior": 0.14130434782608695,
    "feature_names": [
      "time_since_reached",
      "high_so_far",
      "current_temp",
      "rise_from_7am",
      "dewpoint_c",
      "humidity",
      "pressure",
      "pressure_trend_3h",
      "wind_speed_kmh",
      "wind_E-SE/onshore-ish",
      "wind_S-SW",
      "wind_W-NW",
      "wind_N-NE",
      "wind_SSE",
      "wind_Other/variable",
      "cloud_Precip",
      "cloud_Fog/haze",
      "cloud_Fair/clear",
      "cloud_Partly cloudy",
      "cloud_Mostly cloudy/overcast",
      "cloud_Other"
    ],
    "feature_schema_version": "toronto_feature_store_v0.2",
    "imputer_median": [
      120.0,
      23.0,
      22.0,
      8.0,
      12.0,
      52.0,
      992.77,
      -0.8799999999999955,
      19.0,
      0.0,
      0.0,
      0.0,
      0.0,
      0.0,
      0.0,
      0.0,
      0.0,
      0.0,
      0.0,
      1.0,
      0.0
    ],
    "intercept": -2.022229344831252,
    "scaler_mean": [
      153.23447204968943,
      22.67080745341615,
      21.996894409937887,
      7.232919254658385,
      11.548136645962733,
      53.95962732919255,
      992.6035403726708,
      -0.7821428571428574,
      18.96273291925466
    ],
    "scaler_scale": [
      212.5688839566709,
      4.435565461463264,
      4.648848416279713,
      3.8599436226294426,
      4.990909090190411,
      17.38989096963091,
      5.502055901459016,
      1.0172258912126326,
      8.261177783443573
    ]
  },
  "17": {
    "coef": [
      -0.13126550786385924,
      -1.1177739333453907,
      0.5252686791273103,
      0.16395745716908508,
      0.5182930861365489,
      -0.2441058533814005,
      -0.11753161218681418,
      -0.3648577241557172,
      -0.72815572565206,
      -0.34973446095831423,
      0.08873580199425501,
      0.4460410184946768,
      -0.36258824357392183,
      -0.2739633119033529,
      0.44841787278589906,
      0.11142853105140181,
      0.0,
      -0.07425537182606136,
      -0.05364351891346542,
      0.013379036527366767,
      0.0
    ],
    "empirical_prior": 0.052795031055900624,
    "feature_names": [
      "time_since_reached",
      "high_so_far",
      "current_temp",
      "rise_from_7am",
      "dewpoint_c",
      "humidity",
      "pressure",
      "pressure_trend_3h",
      "wind_speed_kmh",
      "wind_E-SE/onshore-ish",
      "wind_S-SW",
      "wind_W-NW",
      "wind_N-NE",
      "wind_SSE",
      "wind_Other/variable",
      "cloud_Precip",
      "cloud_Fog/haze",
      "cloud_Fair/clear",
      "cloud_Partly cloudy",
      "cloud_Mostly cloudy/overcast",
      "cloud_Other"
    ],
    "feature_schema_version": "toronto_feature_store_v0.2",
    "imputer_median": [
      120.0,
      23.0,
      22.0,
      7.0,
      12.0,
      52.0,
      992.68,
      -0.6899999999999409,
      17.0,
      0.0,
      0.0,
      0.0,
      0.0,
      0.0,
      0.0,
      0.0,
      0.0,
      0.0,
      0.0,
      1.0,
      0.0
    ],
    "intercept": -3.204542314474231,
    "scaler_mean": [
      192.17857142857142,
      22.785714285714285,
      21.809006211180126,
      7.068322981366459,
      11.378881987577639,
      53.97049689440994,
      992.5007298136645,
      -0.6085403726708053,
      18.88975155279503
    ],
    "scaler_scale": [
      214.7021715308697,
      4.41982205233061,
      4.582831138980426,
      3.8583204011646424,
      4.970651880438606,
      17.84545627578584,
      5.420202197213345,
      1.0372893993768004,
      8.425520641178203
    ]
  }
}