{
  "15": {
    "coef": [
      -0.07718310229595578,
      -1.6461400508838449,
      1.0179763071462777,
      0.23803556316008198,
      0.5137895102775789,
      -0.21713471251506697,
      0.19748396426135123,
      -0.11857726679092603,
      -0.6143951162183058,
      -0.3099338314052908,
      -0.046784062545572574,
      0.45470892969914983,
      -0.3162471609669865,
      -0.4185167259795715,
      0.39148183733351,
      -0.15370494570880439,
      0.0,
      0.1029933422198118,
      0.23737736552532568,
      -0.19104480038703528,
      0.0
    ],
    "empirical_prior": 0.3415765069551777,
    "feature_names": [
      "time_since_reached",
      "high_so_far",
      "current_temp",
      "rise_from_7am",
      "dewpoint_c",
      "humidity",
      "pressure",
      "pressure_trend_3h",
      "wind_speed_kmh",
      "wind_E-SE/onshore-ish",
      "wind_S-SW",
      "wind_W-NW",
      "wind_N-NE",
      "wind_SSE",
      "wind_Other/variable",
      "cloud_Precip",
      "cloud_Fog/haze",
      "cloud_Fair/clear",
      "cloud_Partly cloudy",
      "cloud_Mostly cloudy/overcast",
      "cloud_Other"
    ],
    "feature_schema_version": "toronto_feature_store_v0.1",
    "imputer_median": [
      60.0,
      21.0,
      21.0,
      8.0,
      11.0,
      52.5,
      993.58,
      -0.8799999999999955,
      17.0,
      0.0,
      0.0,
      0.0,
      0.0,
      0.0,
      0.0,
      0.0,
      0.0,
      0.0,
      0.0,
      1.0,
      0.0
    ],
    "intercept": -0.6760758691378461,
    "scaler_mean": [
      131.8145285935085,
      21.22565687789799,
      20.658423493044822,
      7.250386398763524,
      10.520865533230294,
      54.77975270479134,
      993.1979752704791,
      -0.8118856259659958,
      18.952086553323028
    ],
    "scaler_scale": [
      221.5589480365698,
      4.973042335515537,
      5.227662657964446,
      3.8196266524547497,
      5.322296908499919,
      18.141653028075645,
      5.931003841262981,
      1.0187840886940058,
      8.329526509654874
    ]
  },
  "16": {
    "coef": [
      -0.12563964276125258,
      -1.615259278935183,
      0.7792896999670369,
      0.2284767521654059,
      0.8036663228634242,
      -0.298560074088692,
      0.2265127358872954,
      -0.30600792521108106,
      -0.48642264191331913,
      -0.1118657124903002,
      0.19200392724076823,
      0.22912374882947983,
      -0.2913897378738694,
      0.0013247014217034976,
      -0.020426287151803026,
      -0.09512443114779713,
      0.0,
      0.16821692868534505,
      -0.14874563643464517,
      0.07442377887307558,
      0.0
    ],
    "empirical_prior": 0.14992272024729522,
    "feature_names": [
      "time_since_reached",
      "high_so_far",
      "current_temp",
      "rise_from_7am",
      "dewpoint_c",
      "humidity",
      "pressure",
      "pressure_trend_3h",
      "wind_speed_kmh",
      "wind_E-SE/onshore-ish",
      "wind_S-SW",
      "wind_W-NW",
      "wind_N-NE",
      "wind_SSE",
      "wind_Other/variable",
      "cloud_Precip",
      "cloud_Fog/haze",
      "cloud_Fair/clear",
      "cloud_Partly cloudy",
      "cloud_Mostly cloudy/overcast",
      "cloud_Other"
    ],
    "feature_schema_version": "toronto_feature_store_v0.1",
    "imputer_median": [
      120.0,
      21.0,
      21.0,
      8.0,
      11.0,
      51.0,
      993.26,
      -0.9799999999999045,
      19.0,
      0.0,
      0.0,
      0.0,
      0.0,
      0.0,
      0.0,
      0.0,
      0.0,
      0.0,
      0.0,
      1.0,
      0.0
    ],
    "intercept": -2.112730721582486,
    "scaler_mean": [
      154.56568778979909,
      21.51468315301391,
      20.697063369397217,
      7.275115919629057,
      10.432766615146832,
      54.48840803709428,
      992.9361978361669,
      -0.8384698608964448,
      19.386398763523957
    ],
    "scaler_scale": [
      223.58605685413625,
      4.966597937182296,
      5.243178304543263,
      3.9426000110915496,
      5.333517322461196,
      18.525209986369113,
      5.867851960084433,
      1.072102893313914,
      8.235839827533669
    ]
  },
  "17": {
    "coef": [
      -0.25609660652206817,
      -1.0193866503586015,
      0.5182029693555249,
      0.17599472526714086,
      0.5569395409080089,
      -0.039843946834780375,
      0.1343647521890669,
      -0.28418485475055555,
      -0.6338817155433957,
      -0.19052625677587562,
      -0.06523428338697508,
      0.34886861962801496,
      -0.1666371376207393,
      -0.05927709779043297,
      0.12945545735622474,
      -0.2028403348847814,
      0.0,
      -0.10279180485492798,
      -0.0928025642021776,
      0.3950840053521039,
      0.0
    ],
    "empirical_prior": 0.061823802163833076,
    "feature_names": [
      "time_since_reached",
      "high_so_far",
      "current_temp",
      "rise_from_7am",
      "dewpoint_c",
      "humidity",
      "pressure",
      "pressure_trend_3h",
      "wind_speed_kmh",
      "wind_E-SE/onshore-ish",
      "wind_S-SW",
      "wind_W-NW",
      "wind_N-NE",
      "wind_SSE",
      "wind_Other/variable",
      "cloud_Precip",
      "cloud_Fog/haze",
      "cloud_Fair/clear",
      "cloud_Partly cloudy",
      "cloud_Mostly cloudy/overcast",
      "cloud_Other"
    ],
    "feature_schema_version": "toronto_feature_store_v0.1",
    "imputer_median": [
      120.0,
      21.0,
      20.5,
      8.0,
      10.0,
      51.0,
      993.17,
      -0.7900000000000773,
      19.0,
      0.0,
      0.0,
      0.0,
      0.0,
      0.0,
      0.0,
      0.0,
      0.0,
      0.0,
      0.0,
      1.0,
      0.0
    ],
    "intercept": -3.3406630870680702,
    "scaler_mean": [
      197.82225656877898,
      21.641421947449768,
      20.578825347758887,
      7.194744976816074,
      10.309119010819165,
      54.42967542503864,
      992.7842040185471,
      -0.6794281298299824,
      19.276661514683152
    ],
    "scaler_scale": [
      228.2174948947859,
      4.9446409708351045,
      5.179540046783632,
      3.9462114034061533,
      5.354536449029151,
      18.49802822659151,
      5.770374046666146,
      1.12622901331378,
      8.326368014354538
    ]
  }
}