{
  "15": {
    "coef": [
      -0.05981513514626195,
      -0.861426173325759,
      0.33549701284960526,
      0.28817126812171295,
      0.6188646854738993,
      -0.5253387308230825,
      0.0023635875930363474,
      0.2610826760882621,
      -0.14071615510566932,
      0.11430039700946067,
      0.22252505849273216,
      -0.347756357949954,
      -0.5514469469269919,
      -0.08304963590038199,
      0.3949514812311668,
      -0.4809224435740582,
      0.06740532844703426,
      -0.06528141492668155,
      0.6052540928817423,
      -0.12129768632608219,
      0.0
    ],
    "empirical_prior": 0.7272727272727273,
    "feature_names": [
      "time_since_reached",
      "high_so_far",
      "current_temp",
      "rise_from_7am",
      "dewpoint_c",
      "humidity",
      "pressure",
      "pressure_trend_3h",
      "wind_speed_kmh",
      "wind_E-SE/onshore-ish",
      "wind_S-SW",
      "wind_W-NW",
      "wind_N-NE",
      "wind_SSE",
      "wind_Other/variable",
      "cloud_Precip",
      "cloud_Fog/haze",
      "cloud_Fair/clear",
      "cloud_Partly cloudy",
      "cloud_Mostly cloudy/overcast",
      "cloud_Other"
    ],
    "feature_schema_version": "toronto_feature_store_v0.3",
    "imputer_median": [
      52.0,
      91.0,
      91.0,
      15.0,
      68.0,
      48.0,
      29.38,
      -0.04999999999999716,
      9.0,
      0.0,
      0.0,
      0.0,
      0.0,
      0.0,
      0.0,
      0.0,
      0.0,
      0.0,
      0.0,
      0.0,
      0.0
    ],
    "intercept": 0.9194435842683615,
    "scaler_mean": [
      83.34545454545454,
      89.73939393939393,
      89.05454545454545,
      13.872727272727273,
      67.0909090909091,
      50.2969696969697,
      29.37442424242424,
      -0.046181818181818234,
      9.751515151515152
    ],
    "scaler_scale": [
      135.70152874445174,
      5.180262038179699,
      6.111345182928517,
      5.242210540398226,
      6.764271719913863,
      14.723810542039367,
      0.10443122437482992,
      0.02186661291399697,
      4.657227762477224
    ]
  },
  "16": {
    "coef": [
      0.09356648871588374,
      -0.7568498984854845,
      0.21366693741299747,
      0.5548778838339208,
      0.3272980933414444,
      -0.19258572852448363,
      0.06402891434091787,
      0.14268515179975955,
      -0.2229275105831028,
      -0.062379173766534936,
      0.28279563508925365,
      -0.04460530340904967,
      -0.21572226270928868,
      -0.3972936365565124,
      0.20391816260898665,
      -0.20769652942882097,
      -0.1811563836667701,
      -0.09762989382235115,
      0.2050935888073125,
      0.2781828149545197,
      0.0
    ],
    "empirical_prior": 0.4484848484848485,
    "feature_names": [
      "time_since_reached",
      "high_so_far",
      "current_temp",
      "rise_from_7am",
      "dewpoint_c",
      "humidity",
      "pressure",
      "pressure_trend_3h",
      "wind_speed_kmh",
      "wind_E-SE/onshore-ish",
      "wind_S-SW",
      "wind_W-NW",
      "wind_N-NE",
      "wind_SSE",
      "wind_Other/variable",
      "cloud_Precip",
      "cloud_Fog/haze",
      "cloud_Fair/clear",
      "cloud_Partly cloudy",
      "cloud_Mostly cloudy/overcast",
      "cloud_Other"
    ],
    "feature_schema_version": "toronto_feature_store_v0.3",
    "imputer_median": [
      52.0,
      92.0,
      92.0,
      15.0,
      68.0,
      46.0,
      29.37,
      -0.05000000000000071,
      10.0,
      0.0,
      0.0,
      0.0,
      0.0,
      0.0,
      0.0,
      0.0,
      0.0,
      0.0,
      0.0,
      0.0,
      0.0
    ],
    "intercept": -0.40561347801043196,
    "scaler_mean": [
      99.01212121212122,
      90.50909090909092,
      89.7090909090909,
      14.527272727272727,
      66.81212121212121,
      48.74545454545454,
      29.358060606060604,
      -0.05115151515151527,
      10.581818181818182
    ],
    "scaler_scale": [
      147.81573245824384,
      5.227686413142987,
      6.207540069867312,
      5.336624328978961,
      6.329907729508819,
      14.474074857316673,
      0.10320850898499313,
      0.022466299626694906,
      4.73807623315461
    ]
  },
  "17": {
    "coef": [
      -0.0911545501175357,
      -1.110196215332919,
      0.21327523645293583,
      -0.05316066598492881,
      0.43546209958113985,
      -0.06585914235753847,
      -0.13317195468070397,
      -0.1470590488407217,
      -0.32520550942771187,
      -0.7818305123170178,
      0.7214700800607023,
      0.1238416209440623,
      -0.5135744385452194,
      0.06440627425782693,
      0.4125370826926246,
      -0.09675472457033123,
      0.0,
      -0.19782624459739237,
      0.04751874458136101,
      0.24915886415024657,
      0.0
    ],
    "empirical_prior": 0.15757575757575756,
    "feature_names": [
      "time_since_reached",
      "high_so_far",
      "current_temp",
      "rise_from_7am",
      "dewpoint_c",
      "humidity",
      "pressure",
      "pressure_trend_3h",
      "wind_speed_kmh",
      "wind_E-SE/onshore-ish",
      "wind_S-SW",
      "wind_W-NW",
      "wind_N-NE",
      "wind_SSE",
      "wind_Other/variable",
      "cloud_Precip",
      "cloud_Fog/haze",
      "cloud_Fair/clear",
      "cloud_Partly cloudy",
      "cloud_Mostly cloudy/overcast",
      "cloud_Other"
    ],
    "feature_schema_version": "toronto_feature_store_v0.3",
    "imputer_median": [
      82.0,
      92.0,
      92.0,
      16.0,
      67.0,
      46.0,
      29.35,
      -0.05000000000000071,
      10.0,
      0.0,
      0.0,
      0.0,
      0.0,
      0.0,
      0.0,
      0.0,
      0.0,
      0.0,
      0.0,
      0.0,
      0.0
    ],
    "intercept": -2.1432526848562206,
    "scaler_mean": [
      118.96969696969697,
      90.96969696969697,
      89.96969696969697,
      14.787878787878787,
      66.50909090909092,
      48.06666666666667,
      29.342727272727267,
      -0.04993939393939399,
      10.23030303030303
    ],
    "scaler_scale": [
      144.66602810538126,
      5.272483449604603,
      6.335493324576106,
      5.576778562649119,
      6.4906629271715985,
      14.946422834764027,
      0.10331689196491188,
      0.020874719223572508,
      4.990444496416026
    ]
  }
}