{
  "15": {
    "coef": [
      -0.15389692142166567,
      -1.516536006630936,
      1.0212570726664951,
      0.11612439050518873,
      0.4763044345908169,
      -0.13079097896522718,
      0.23064021051616054,
      0.0191326470855128,
      -0.3226025494792654,
      -0.3982124102950648,
      -0.1266173145765488,
      0.2506811983588966,
      -0.47257702884329494,
      -0.2931270543360883,
      -0.03894575942036128,
      -0.08370153021923751,
      -0.17156355209892807,
      0.039222397035646894,
      0.26195485205509345,
      -0.0635340814041086,
      0.0
    ],
    "empirical_prior": 0.34316770186335405,
    "feature_names": [
      "time_since_reached",
      "high_so_far",
      "current_temp",
      "rise_from_7am",
      "dewpoint_c",
      "humidity",
      "pressure",
      "pressure_trend_3h",
      "wind_speed_kmh",
      "wind_E-SE/onshore-ish",
      "wind_S-SW",
      "wind_W-NW",
      "wind_N-NE",
      "wind_SSE",
      "wind_Other/variable",
      "cloud_Precip",
      "cloud_Fog/haze",
      "cloud_Fair/clear",
      "cloud_Partly cloudy",
      "cloud_Mostly cloudy/overcast",
      "cloud_Other"
    ],
    "feature_schema_version": "toronto_feature_store_v0.3",
    "imputer_median": [
      90.0,
      22.0,
      22.0,
      7.0,
      12.0,
      52.0,
      993.25,
      -0.8799999999999955,
      17.0,
      0.0,
      0.0,
      0.0,
      0.0,
      0.0,
      0.0,
      0.0,
      0.0,
      0.0,
      0.0,
      1.0,
      0.0
    ],
    "intercept": -0.5698424754200294,
    "scaler_mean": [
      148.08074534161491,
      22.566770186335404,
      22.088509316770185,
      7.12888198757764,
      11.854037267080745,
      54.63975155279503,
      992.962748447205,
      -0.770667701863354,
      18.694099378881987
    ],
    "scaler_scale": [
      210.28683383987922,
      4.428193286147728,
      4.631440449256188,
      3.723415665204025,
      4.880287306846691,
      17.021014703982274,
      5.536629386329367,
      0.9498298416491571,
      8.155394661025323
    ]
  },
  "16": {
    "coef": [
      -0.02095309690359677,
      -1.6913540156732456,
      1.1729509703871017,
      0.08876156524149433,
      0.5298113207393594,
      -0.21018757490783155,
      0.018343200544391213,
      -0.21980380603772035,
      -0.3704290138358852,
      -0.0330389351857237,
      0.2893160888415361,
      0.1378070767522636,
      -0.4717894816927734,
      -0.4151493707769846,
      0.4810940973658429,
      -0.026707187170028714,
      -0.12063216901994135,
      0.03645067176058594,
      -0.006243629243889034,
      0.10537178897743386,
      0.0
    ],
    "empirical_prior": 0.14751552795031056,
    "feature_names": [
      "time_since_reached",
      "high_so_far",
      "current_temp",
      "rise_from_7am",
      "dewpoint_c",
      "humidity",
      "pressure",
      "pressure_trend_3h",
      "wind_speed_kmh",
      "wind_E-SE/onshore-ish",
      "wind_S-SW",
      "wind_W-NW",
      "wind_N-NE",
      "wind_SSE",
      "wind_Other/variable",
      "cloud_Precip",
      "cloud_Fog/haze",
      "cloud_Fair/clear",
      "cloud_Partly cloudy",
      "cloud_Mostly cloudy/overcast",
      "cloud_Other"
    ],
    "feature_schema_version": "toronto_feature_store_v0.3",
    "imputer_median": [
      120.0,
      23.0,
      22.0,
      8.0,
      12.0,
      52.0,
      992.92,
      -0.8799999999999955,
      17.0,
      0.0,
      0.0,
      0.0,
      0.0,
      0.0,
      0.0,
      0.0,
      0.0,
      0.0,
      0.0,
      1.0,
      0.0
    ],
    "intercept": -2.011630761789683,
    "scaler_mean": [
      174.20652173913044,
      22.816770186335404,
      22.13975155279503,
      7.169254658385094,
      11.740683229813664,
      54.172360248447205,
      992.7379813664596,
      -0.7842546583850923,
      18.847826086956523
    ],
    "scaler_scale": [
      213.70703059658803,
      4.4366449192754045,
      4.674734250301807,
      3.8513834011756054,
      4.946875244887071,
      17.3931461840801,
      5.439797729811991,
      1.0222792569784898,
      8.248384648606608
    ]
  },
  "17": {
    "coef": [
      -0.26711731403263106,
      -1.262303638955286,
      0.6098223448232105,
      0.023404426191384185,
      0.5814148784409326,
      -0.11154588349669847,
      -0.0018551428943046448,
      -0.38733924123277613,
      -0.5510987845039955,
      -0.4658163790405181,
      0.23181977679001697,
      0.4170654258399788,
      -0.4083890740747449,
      -0.3625283939762406,
      0.5801713191073551,
      0.07482849495203542,
      0.0,
      -0.11263130500353138,
      -0.012465291881110004,
      0.04259077657845358,
      0.0
    ],
    "empirical_prior": 0.055900621118012424,
    "feature_names": [
      "time_since_reached",
      "high_so_far",
      "current_temp",
      "rise_from_7am",
      "dewpoint_c",
      "humidity",
      "pressure",
      "pressure_trend_3h",
      "wind_speed_kmh",
      "wind_E-SE/onshore-ish",
      "wind_S-SW",
      "wind_W-NW",
      "wind_N-NE",
      "wind_SSE",
      "wind_Other/variable",
      "cloud_Precip",
      "cloud_Fog/haze",
      "cloud_Fair/clear",
      "cloud_Partly cloudy",
      "cloud_Mostly cloudy/overcast",
      "cloud_Other"
    ],
    "feature_schema_version": "toronto_feature_store_v0.3",
    "imputer_median": [
      150.0,
      23.0,
      22.0,
      7.0,
      12.0,
      52.0,
      992.77,
      -0.6899999999999409,
      17.0,
      0.0,
      0.0,
      0.0,
      0.0,
      0.0,
      0.0,
      0.0,
      0.0,
      0.0,
      0.0,
      1.0,
      0.0
    ],
    "intercept": -3.1392683074310095,
    "scaler_mean": [
      213.52329192546583,
      22.94254658385093,
      21.961180124223603,
      7.032608695652174,
      11.562111801242237,
      54.1444099378882,
      992.6269099378882,
      -0.6141770186335386,
      18.88198757763975
    ],
    "scaler_scale": [
      217.76254465587448,
      4.43252977688647,
      4.622727661204699,
      3.842455546038031,
      4.952337350154623,
      17.909259284797002,
      5.365426784697647,
      1.057586658431813,
      8.362983272567092
    ]
  }
}