{
  "15": {
    "coef": [
      -0.8826576592565714,
      -0.6828404186899035,
      0.052788769146593306,
      0.5969561888918803,
      0.334501252414486,
      0.22598546891093105,
      0.16881753714890343,
      -0.4717309441316183,
      -0.3440381779786505,
      -0.31617808243220574,
      0.5475580507215904,
      0.8790655812943247,
      -0.7964001860652619,
      0.0,
      -0.31577317374098474,
      -0.5474018610661872,
      0.0,
      0.5805991453218273,
      0.1360463672089441,
      -0.17097146168712174,
      0.0
    ],
    "empirical_prior": 0.3597560975609756,
    "feature_names": [
      "time_since_reached",
      "high_so_far",
      "current_temp",
      "rise_from_7am",
      "dewpoint_c",
      "humidity",
      "pressure",
      "pressure_trend_3h",
      "wind_speed_kmh",
      "wind_E-SE/onshore-ish",
      "wind_S-SW",
      "wind_W-NW",
      "wind_N-NE",
      "wind_SSE",
      "wind_Other/variable",
      "cloud_Precip",
      "cloud_Fog/haze",
      "cloud_Fair/clear",
      "cloud_Partly cloudy",
      "cloud_Mostly cloudy/overcast",
      "cloud_Other"
    ],
    "feature_schema_version": "toronto_feature_store_v0.1",
    "imputer_median": [
      69.0,
      78.0,
      77.0,
      14.0,
      56.0,
      45.0,
      29.2,
      -0.030000000000001137,
      12.0,
      0.0,
      0.0,
      0.0,
      0.0,
      0.0,
      0.0,
      0.0,
      0.0,
      0.0,
      0.0,
      1.0,
      0.0
    ],
    "intercept": -1.022871428024846,
    "scaler_mean": [
      118.08536585365853,
      78.16463414634147,
      76.48170731707317,
      12.707317073170731,
      54.30487804878049,
      49.13414634146341,
      29.193719512195123,
      -0.029573170731707607,
      11.682926829268293
    ],
    "scaler_scale": [
      194.3993062581413,
      7.9635430273891235,
      8.839678120847521,
      7.334329245734096,
      9.23631357197026,
      17.977806233080663,
      0.14347667222560181,
      0.02770380377502325,
      4.907381321404567
    ]
  },
  "16": {
    "coef": [
      -0.49203538215108145,
      -0.843689332317831,
      0.013251630583615403,
      0.840606845275833,
      0.5223369201127744,
      0.1260890968357333,
      0.01662798170716917,
      -0.2877035471721061,
      0.12037348947739641,
      -0.5653340890465852,
      0.39803993128777615,
      0.013351228561453437,
      -0.7417876045190605,
      0.5698581739430574,
      0.32648705665907773,
      -0.07337963899292697,
      -0.1408505506741787,
      0.2153033531417804,
      0.07170003853671682,
      -0.07215850512567323,
      0.0
    ],
    "empirical_prior": 0.18292682926829268,
    "feature_names": [
      "time_since_reached",
      "high_so_far",
      "current_temp",
      "rise_from_7am",
      "dewpoint_c",
      "humidity",
      "pressure",
      "pressure_trend_3h",
      "wind_speed_kmh",
      "wind_E-SE/onshore-ish",
      "wind_S-SW",
      "wind_W-NW",
      "wind_N-NE",
      "wind_SSE",
      "wind_Other/variable",
      "cloud_Precip",
      "cloud_Fog/haze",
      "cloud_Fair/clear",
      "cloud_Partly cloudy",
      "cloud_Mostly cloudy/overcast",
      "cloud_Other"
    ],
    "feature_schema_version": "toronto_feature_store_v0.1",
    "imputer_median": [
      69.0,
      78.0,
      76.5,
      14.0,
      55.0,
      45.0,
      29.19,
      -0.029999999999997584,
      12.0,
      0.0,
      0.0,
      0.0,
      0.0,
      0.0,
      0.0,
      0.0,
      0.0,
      0.0,
      0.0,
      1.0,
      0.0
    ],
    "intercept": -1.734142639653909,
    "scaler_mean": [
      156.6890243902439,
      78.5670731707317,
      76.32926829268293,
      12.554878048780488,
      53.81707317073171,
      48.77439024390244,
      29.18664634146342,
      -0.02798780487804865,
      12.073170731707316
    ],
    "scaler_scale": [
      205.99386002340182,
      7.994000111029137,
      8.76252396823385,
      7.624777524767596,
      9.69489185184839,
      18.754292588147813,
      0.14257337622630084,
      0.02871601656526472,
      4.778714205584548
    ]
  },
  "17": {
    "coef": [
      -0.46569623573464064,
      -0.6711801367522168,
      -0.12437630245539563,
      0.492214797061072,
      0.02668339217565606,
      0.06413687383398772,
      0.06804780587701327,
      -0.5681357596785794,
      0.0071860407599060585,
      -0.32222702750528154,
      0.5898578522122057,
      0.36177483253751913,
      -0.390231971205786,
      -0.0951688484263336,
      -0.14552750165632256,
      0.12371247346005797,
      -0.04763438453888134,
      0.18677942555596103,
      -0.10522038264750862,
      -0.15915979587362802,
      0.0
    ],
    "empirical_prior": 0.07926829268292683,
    "feature_names": [
      "time_since_reached",
      "high_so_far",
      "current_temp",
      "rise_from_7am",
      "dewpoint_c",
      "humidity",
      "pressure",
      "pressure_trend_3h",
      "wind_speed_kmh",
      "wind_E-SE/onshore-ish",
      "wind_S-SW",
      "wind_W-NW",
      "wind_N-NE",
      "wind_SSE",
      "wind_Other/variable",
      "cloud_Precip",
      "cloud_Fog/haze",
      "cloud_Fair/clear",
      "cloud_Partly cloudy",
      "cloud_Mostly cloudy/overcast",
      "cloud_Other"
    ],
    "feature_schema_version": "toronto_feature_store_v0.1",
    "imputer_median": [
      129.0,
      78.0,
      77.0,
      14.0,
      55.0,
      45.0,
      29.18,
      -0.019999999999999574,
      10.0,
      0.0,
      0.0,
      0.0,
      0.0,
      0.0,
      0.0,
      0.0,
      0.0,
      0.0,
      0.0,
      1.0,
      0.0
    ],
    "intercept": -2.94470394793579,
    "scaler_mean": [
      202.20731707317074,
      78.73780487804878,
      76.14634146341463,
      12.371951219512194,
      53.72560975609756,
      48.88414634146341,
      29.18073170731707,
      -0.02256097560975592,
      11.585365853658537
    ],
    "scaler_scale": [
      214.38287710365518,
      8.031844247164402,
      8.877378693554116,
      7.74608909016301,
      9.711902566308304,
      18.605139399535418,
      0.14225347085486453,
      0.029396821447961085,
      4.970525858012961
    ]
  }
}