{
  "15": {
    "coef": [
      0.003787233036992419,
      -0.6437246093523649,
      0.32215309458448727,
      0.5867694489824625,
      0.20395257889509938,
      -0.11646838938646704,
      0.3382287398042102,
      -0.08248225107750005,
      -0.8407726855783586,
      0.45229806590822347,
      -0.08165741078052606,
      0.1042399037026471,
      -0.27434746611660754,
      0.0,
      -0.20011311643382826,
      -0.1544918713119647,
      0.0,
      0.17308009288775286,
      0.5939325455475145,
      -0.6121007908433944,
      0.0
    ],
    "empirical_prior": 0.696969696969697,
    "feature_names": [
      "time_since_reached",
      "high_so_far",
      "current_temp",
      "rise_from_7am",
      "dewpoint_c",
      "humidity",
      "pressure",
      "pressure_trend_3h",
      "wind_speed_kmh",
      "wind_E-SE/onshore-ish",
      "wind_S-SW",
      "wind_W-NW",
      "wind_N-NE",
      "wind_SSE",
      "wind_Other/variable",
      "cloud_Precip",
      "cloud_Fog/haze",
      "cloud_Fair/clear",
      "cloud_Partly cloudy",
      "cloud_Mostly cloudy/overcast",
      "cloud_Other"
    ],
    "feature_schema_version": "toronto_feature_store_v0.1",
    "imputer_median": [
      7.0,
      66.0,
      66.0,
      14.0,
      47.0,
      48.0,
      29.57,
      -0.019999999999999574,
      9.0,
      0.0,
      0.0,
      0.0,
      0.0,
      0.0,
      0.0,
      0.0,
      0.0,
      0.0,
      0.0,
      1.0,
      0.0
    ],
    "intercept": 1.3178675699504943,
    "scaler_mean": [
      75.22424242424242,
      68.15151515151516,
      67.60606060606061,
      13.084848484848484,
      47.375757575757575,
      50.72121212121212,
      29.563515151515155,
      -0.01703030303030287,
      9.16969696969697
    ],
    "scaler_scale": [
      179.9980926335021,
      7.4935172472357,
      7.969408912872354,
      5.811593492015516,
      5.35339203162451,
      16.057316987398377,
      0.12539782058231796,
      0.028203250240895816,
      4.2062352596696
    ]
  },
  "16": {
    "coef": [
      0.3182845748305642,
      -0.5065084171388294,
      0.2317018950398334,
      0.1840416238990967,
      0.445714938904242,
      -0.29551846968987255,
      0.2331518587410929,
      -0.26111070458678926,
      -0.6028603956491908,
      0.5068006584772662,
      -0.5506505447213011,
      -0.0467082581078034,
      -0.07482672168104808,
      0.3383533602523823,
      -0.17828067747521095,
      -0.9259311282801711,
      0.0,
      0.7977234160302529,
      0.26906814394467354,
      -0.14617261495047035,
      0.0
    ],
    "empirical_prior": 0.41818181818181815,
    "feature_names": [
      "time_since_reached",
      "high_so_far",
      "current_temp",
      "rise_from_7am",
      "dewpoint_c",
      "humidity",
      "pressure",
      "pressure_trend_3h",
      "wind_speed_kmh",
      "wind_E-SE/onshore-ish",
      "wind_S-SW",
      "wind_W-NW",
      "wind_N-NE",
      "wind_SSE",
      "wind_Other/variable",
      "cloud_Precip",
      "cloud_Fog/haze",
      "cloud_Fair/clear",
      "cloud_Partly cloudy",
      "cloud_Mostly cloudy/overcast",
      "cloud_Other"
    ],
    "feature_schema_version": "toronto_feature_store_v0.1",
    "imputer_median": [
      7.0,
      67.0,
      67.0,
      14.0,
      47.0,
      46.0,
      29.56,
      -0.019999999999999574,
      9.0,
      0.0,
      0.0,
      0.0,
      0.0,
      0.0,
      0.0,
      0.0,
      0.0,
      0.0,
      0.0,
      1.0,
      0.0
    ],
    "intercept": -0.2057247941437265,
    "scaler_mean": [
      90.43636363636364,
      69.0,
      68.38787878787879,
      13.866666666666667,
      47.1030303030303,
      49.24242424242424,
      29.557636363636366,
      -0.018666666666666505,
      9.32121212121212
    ],
    "scaler_scale": [
      182.39757743304463,
      7.698091066011499,
      8.237083831424425,
      6.119549729260225,
      5.809735030127781,
      16.760759191292713,
      0.12534505542744867,
      0.028381242916668447,
      4.072059829869263
    ]
  },
  "17": {
    "coef": [
      0.48623281608283186,
      -0.8265108181079188,
      0.04524502257122387,
      0.6818133841802879,
      0.28764279373945933,
      -0.01408285171340316,
      0.17320885851120324,
      -0.14862778551501563,
      -0.5998643618579313,
      0.435765122763551,
      -0.6299084983803663,
      -0.1964773170857407,
      -0.29743847822962516,
      0.212163495171943,
      0.47453984740555577,
      -0.48470031690999965,
      0.0,
      0.5180182520693403,
      -0.07953165380299934,
      0.04485789028897636,
      0.0
    ],
    "empirical_prior": 0.19393939393939394,
    "feature_names": [
      "time_since_reached",
      "high_so_far",
      "current_temp",
      "rise_from_7am",
      "dewpoint_c",
      "humidity",
      "pressure",
      "pressure_trend_3h",
      "wind_speed_kmh",
      "wind_E-SE/onshore-ish",
      "wind_S-SW",
      "wind_W-NW",
      "wind_N-NE",
      "wind_SSE",
      "wind_Other/variable",
      "cloud_Precip",
      "cloud_Fog/haze",
      "cloud_Fair/clear",
      "cloud_Partly cloudy",
      "cloud_Mostly cloudy/overcast",
      "cloud_Other"
    ],
    "feature_schema_version": "toronto_feature_store_v0.1",
    "imputer_median": [
      67.0,
      67.0,
      67.0,
      15.0,
      47.0,
      45.0,
      29.56,
      -0.019999999999999574,
      9.0,
      0.0,
      0.0,
      0.0,
      0.0,
      0.0,
      0.0,
      0.0,
      0.0,
      0.0,
      0.0,
      1.0,
      0.0
    ],
    "intercept": -1.4811985442836046,
    "scaler_mean": [
      124.74545454545455,
      69.36969696969697,
      68.4969696969697,
      13.975757575757576,
      46.903030303030306,
      48.67878787878788,
      29.55072727272728,
      -0.01933333333333349,
      9.466666666666667
    ],
    "scaler_scale": [
      191.86550385686309,
      7.875719682304166,
      8.477152353791027,
      6.331213216257634,
      5.725248961027668,
      16.482493147243954,
      0.12503848443392002,
      0.029441947673825474,
      3.8337153959799544
    ]
  }
}