{
  "15": {
    "coef": [
      -0.16541192779727892,
      -0.36393998645598846,
      -0.08282883669433719,
      0.20297958026514118,
      -0.009954321059573302,
      0.034926317503547605,
      0.23570442343833894,
      -0.008267948415803559,
      -0.5343055380577595,
      -0.609878692157633,
      -0.6178886914795434,
      0.4619735726678454,
      0.5631136821554574,
      -0.1237003266731379,
      0.3253009643327889,
      -0.018197246374680655,
      0.0,
      -0.2386524651174058,
      0.1088648121694025,
      0.14690540816846082,
      0.0
    ],
    "empirical_prior": 0.45714285714285713,
    "feature_names": [
      "time_since_reached",
      "high_so_far",
      "current_temp",
      "rise_from_7am",
      "dewpoint_c",
      "humidity",
      "pressure",
      "pressure_trend_3h",
      "wind_speed_kmh",
      "wind_E-SE/onshore-ish",
      "wind_S-SW",
      "wind_W-NW",
      "wind_N-NE",
      "wind_SSE",
      "wind_Other/variable",
      "cloud_Precip",
      "cloud_Fog/haze",
      "cloud_Fair/clear",
      "cloud_Partly cloudy",
      "cloud_Mostly cloudy/overcast",
      "cloud_Other"
    ],
    "feature_schema_version": "toronto_feature_store_v0.1",
    "imputer_median": [
      24.0,
      78.0,
      76.0,
      12.0,
      53.0,
      40.0,
      29.89,
      -0.030000000000001137,
      12.0,
      0.0,
      0.0,
      0.0,
      0.0,
      0.0,
      0.0,
      0.0,
      0.0,
      0.0,
      0.0,
      1.0,
      0.0
    ],
    "intercept": -0.3237588485031788,
    "scaler_mean": [
      112.33333333333333,
      77.23809523809524,
      76.51428571428572,
      11.276190476190477,
      52.05714285714286,
      45.095238095238095,
      29.876761904761903,
      -0.03142857142857144,
      11.923809523809524
    ],
    "scaler_scale": [
      216.198174815725,
      7.464868588163407,
      7.587099685166464,
      4.880466874808165,
      9.234334040420457,
      16.54058432175887,
      0.17799676421935992,
      0.028399482605232184,
      4.257643520149521
    ]
  },
  "16": {
    "coef": [
      0.18276508959529056,
      -0.7287075781428417,
      0.06949718060740766,
      0.2773453091591401,
      0.2692829846248275,
      0.06689032331942023,
      0.1227163324482519,
      -0.16439977882251408,
      -0.35326427551741413,
      0.10201686065995283,
      -0.5315869240673464,
      0.5977762734965132,
      0.015484538289015571,
      -0.5676882366870027,
      0.38110926163833425,
      -0.3252645016554784,
      -0.2562070845985844,
      0.24026409925523864,
      0.43406477076320965,
      -0.09574551043491897,
      0.0
    ],
    "empirical_prior": 0.23809523809523808,
    "feature_names": [
      "time_since_reached",
      "high_so_far",
      "current_temp",
      "rise_from_7am",
      "dewpoint_c",
      "humidity",
      "pressure",
      "pressure_trend_3h",
      "wind_speed_kmh",
      "wind_E-SE/onshore-ish",
      "wind_S-SW",
      "wind_W-NW",
      "wind_N-NE",
      "wind_SSE",
      "wind_Other/variable",
      "cloud_Precip",
      "cloud_Fog/haze",
      "cloud_Fair/clear",
      "cloud_Partly cloudy",
      "cloud_Mostly cloudy/overcast",
      "cloud_Other"
    ],
    "feature_schema_version": "toronto_feature_store_v0.1",
    "imputer_median": [
      69.0,
      78.0,
      76.0,
      12.0,
      53.0,
      42.0,
      29.88,
      -0.030000000000001137,
      12.0,
      0.0,
      0.0,
      0.0,
      0.0,
      0.0,
      0.0,
      0.0,
      0.0,
      0.0,
      0.0,
      1.0,
      0.0
    ],
    "intercept": -1.348167924409266,
    "scaler_mean": [
      137.6095238095238,
      77.74285714285715,
      76.6,
      11.361904761904762,
      52.23809523809524,
      45.161904761904765,
      29.86942857142857,
      -0.029523809523809775,
      11.914285714285715
    ],
    "scaler_scale": [
      215.26512978133093,
      7.414308652134443,
      7.337574531137657,
      5.031564765649917,
      9.228861364554557,
      16.66083163163221,
      0.17601314112969,
      0.025907562873781848,
      4.3928823073224255
    ]
  },
  "17": {
    "coef": [
      0.40361277535299583,
      -0.7463132767929377,
      0.1359566552819134,
      0.6870685430526419,
      0.3775079083373134,
      0.25504716346781026,
      -0.323506581698088,
      -0.11340084730502031,
      -0.34251006232586234,
      -0.16557508111774458,
      -0.011589592050714241,
      0.26116335441943994,
      -0.060927183976824964,
      -0.2533552337842586,
      0.2301331447491189,
      -0.09830313641562631,
      0.12953659545291948,
      -0.17640275804536884,
      0.6154813756624748,
      -0.47046266841538253,
      0.0
    ],
    "empirical_prior": 0.09523809523809523,
    "feature_names": [
      "time_since_reached",
      "high_so_far",
      "current_temp",
      "rise_from_7am",
      "dewpoint_c",
      "humidity",
      "pressure",
      "pressure_trend_3h",
      "wind_speed_kmh",
      "wind_E-SE/onshore-ish",
      "wind_S-SW",
      "wind_W-NW",
      "wind_N-NE",
      "wind_SSE",
      "wind_Other/variable",
      "cloud_Precip",
      "cloud_Fog/haze",
      "cloud_Fair/clear",
      "cloud_Partly cloudy",
      "cloud_Mostly cloudy/overcast",
      "cloud_Other"
    ],
    "feature_schema_version": "toronto_feature_store_v0.1",
    "imputer_median": [
      129.0,
      78.0,
      76.0,
      11.0,
      52.0,
      43.0,
      29.88,
      -0.029999999999997584,
      12.0,
      0.0,
      0.0,
      0.0,
      0.0,
      0.0,
      0.0,
      0.0,
      0.0,
      0.0,
      0.0,
      1.0,
      0.0
    ],
    "intercept": -2.3467590637512363,
    "scaler_mean": [
      175.67619047619047,
      78.01904761904763,
      75.77142857142857,
      10.533333333333333,
      52.34285714285714,
      46.857142857142854,
      29.864857142857147,
      -0.02190476190476181,
      12.161904761904761
    ],
    "scaler_scale": [
      224.94729521286263,
      7.262402793226617,
      7.002390262457177,
      5.1622561820282495,
      9.276522923543089,
      17.93874687529155,
      0.1732277019841051,
      0.02708347723666656,
      3.8399499240877
    ]
  }
}