{
  "15": {
    "coef": [
      -0.027432617514925723,
      -1.6130740577906257,
      0.9841087582598341,
      0.3414988091199339,
      0.488893658780685,
      -0.02157592668947926,
      0.16496397030140642,
      -0.15049384778105718,
      -0.5032999305413752,
      -0.3704977075983085,
      0.06404287136509665,
      0.30000679531397834,
      -0.2513209236389345,
      -0.23572098536086164,
      0.1924152004813873,
      -0.31907006973186364,
      0.1647341407428596,
      0.19520397190674066,
      0.2036631902423404,
      -0.33826629700324456,
      0.0
    ],
    "empirical_prior": 0.3436055469953775,
    "feature_names": [
      "time_since_reached",
      "high_so_far",
      "current_temp",
      "rise_from_7am",
      "dewpoint_c",
      "humidity",
      "pressure",
      "pressure_trend_3h",
      "wind_speed_kmh",
      "wind_E-SE/onshore-ish",
      "wind_S-SW",
      "wind_W-NW",
      "wind_N-NE",
      "wind_SSE",
      "wind_Other/variable",
      "cloud_Precip",
      "cloud_Fog/haze",
      "cloud_Fair/clear",
      "cloud_Partly cloudy",
      "cloud_Mostly cloudy/overcast",
      "cloud_Other"
    ],
    "imputer_median": [
      60.0,
      21.0,
      20.0,
      8.0,
      10.0,
      53.0,
      993.66,
      -0.8799999999999955,
      17.0,
      0.0,
      0.0,
      0.0,
      0.0,
      0.0,
      0.0,
      0.0,
      0.0,
      0.0,
      0.0,
      1.0,
      0.0
    ],
    "intercept": -0.5370000417531083,
    "scaler_mean": [
      136.32049306625578,
      20.83513097072419,
      20.248073959938367,
      7.206471494607088,
      10.218798151001542,
      55.07395993836672,
      993.466440677966,
      -0.827134052388288,
      18.983050847457626
    ],
    "scaler_scale": [
      220.43961308278898,
      4.974412031576021,
      5.2274993052917536,
      3.903759955086612,
      5.357041168498028,
      18.263119265476547,
      6.006314047785523,
      1.050474886621698,
      8.203574473593422
    ]
  },
  "16": {
    "coef": [
      -0.12509495825018174,
      -1.4088914747802777,
      0.6551156883774117,
      0.1943631559059319,
      0.676517351140991,
      -0.18643301190398887,
      0.17326389000835007,
      -0.368218603827061,
      -0.3840687486658741,
      -0.045456718380610515,
      0.22630487525539608,
      0.2655257484787245,
      -0.3567014076385724,
      -0.0071358814397867055,
      -0.0858988418005703,
      -0.21860204283787185,
      0.0,
      0.27913293175214665,
      -0.06784746693168181,
      0.0039543524919875206,
      0.0
    ],
    "empirical_prior": 0.14946070878274267,
    "feature_names": [
      "time_since_reached",
      "high_so_far",
      "current_temp",
      "rise_from_7am",
      "dewpoint_c",
      "humidity",
      "pressure",
      "pressure_trend_3h",
      "wind_speed_kmh",
      "wind_E-SE/onshore-ish",
      "wind_S-SW",
      "wind_W-NW",
      "wind_N-NE",
      "wind_SSE",
      "wind_Other/variable",
      "cloud_Precip",
      "cloud_Fog/haze",
      "cloud_Fair/clear",
      "cloud_Partly cloudy",
      "cloud_Mostly cloudy/overcast",
      "cloud_Other"
    ],
    "imputer_median": [
      120.0,
      21.0,
      20.0,
      8.0,
      10.0,
      52.0,
      993.46,
      -0.9800000000000182,
      19.0,
      0.0,
      0.0,
      0.0,
      0.0,
      0.0,
      0.0,
      0.0,
      0.0,
      0.0,
      0.0,
      1.0,
      0.0
    ],
    "intercept": -2.067705072802534,
    "scaler_mean": [
      156.22804314329738,
      21.13251155624037,
      20.29275808936826,
      7.238828967642527,
      10.137134052388289,
      54.7442218798151,
      993.2024807395993,
      -0.8559938366718027,
      19.412942989214176
    ],
    "scaler_scale": [
      218.81680797861924,
      4.980177038790276,
      5.2585502995338285,
      4.042909582105916,
      5.313702244180715,
      18.49463924462929,
      5.96526002181827,
      1.0965248256817675,
      8.113156892323829
    ]
  },
  "17": {
    "coef": [
      -0.15593692363203163,
      -1.0543990542940995,
      0.44614453231765216,
      0.39226974211859666,
      0.5601834526560072,
      0.060914103762891164,
      0.06075068561118513,
      -0.3778617870284428,
      -0.5975909519928173,
      -0.2884150291593825,
      -0.0016873968711857079,
      0.3258937063067141,
      0.05681052274977557,
      -0.16812340742149404,
      0.051806832657719355,
      -0.20874445813797846,
      -0.17520879838843392,
      -0.0011470636443900559,
      -0.08818869749890279,
      0.44957424593185186,
      0.0
    ],
    "empirical_prior": 0.06317411402157165,
    "feature_names": [
      "time_since_reached",
      "high_so_far",
      "current_temp",
      "rise_from_7am",
      "dewpoint_c",
      "humidity",
      "pressure",
      "pressure_trend_3h",
      "wind_speed_kmh",
      "wind_E-SE/onshore-ish",
      "wind_S-SW",
      "wind_W-NW",
      "wind_N-NE",
      "wind_SSE",
      "wind_Other/variable",
      "cloud_Precip",
      "cloud_Fog/haze",
      "cloud_Fair/clear",
      "cloud_Partly cloudy",
      "cloud_Mostly cloudy/overcast",
      "cloud_Other"
    ],
    "imputer_median": [
      120.0,
      21.0,
      20.0,
      8.0,
      10.0,
      51.0,
      993.25,
      -0.8799999999999955,
      19.0,
      0.0,
      0.0,
      0.0,
      0.0,
      0.0,
      0.0,
      0.0,
      0.0,
      0.0,
      0.0,
      1.0,
      0.0
    ],
    "intercept": -3.3684457510565,
    "scaler_mean": [
      199.8135593220339,
      21.2557781201849,
      20.166409861325114,
      7.1248073959938365,
      9.984591679506934,
      54.708782742681045,
      993.0271802773497,
      -0.7031432973805843,
      19.345146379044685
    ],
    "scaler_scale": [
      223.62187585309826,
      4.964207922309029,
      5.182944016922524,
      4.0757259179161,
      5.3505534349052795,
      18.685045062721752,
      5.870181489873084,
      1.1526607443147994,
      8.450771722046557
    ]
  }
}